Out Time,Out Airline,Out Cities,Out Duration,Out Stops,Out Stop Cities,Return Time,Return Airline,Return Cities,Return Duration,Return Stops,Return Stop Cities,Price,timestamp,sort
12:00 pm – 12:35 am +2,"United Airlines, ANA",EWR‐SIN,24h35m,1,NRT,8:45 am – 6:58 am +1,United Airlines,SIN‐EWR,34h13m,2,"SFO, SLC",1074,20220403-2213,cheap
12:00 pm – 12:35 am +2,"United Airlines, ANA",EWR‐SIN,24h35m,1,NRT,8:45 am – 6:58 am +1,United Airlines,SIN‐EWR,34h13m,2,"SFO, SLC",1074,20220403-2213,cheap
12:00 pm – 12:35 am +2,"United Airlines, ANA",EWR‐SIN,24h35m,1,NRT,8:45 am – 6:58 am +1,United Airlines,SIN‐EWR,34h13m,2,"SFO, SLC",1074,20220403-2213,cheap
12:00 pm – 12:35 am +2,United Airlines,EWR‐SIN,24h35m,1,NRT,8:45 am – 7:05 am +1,United Airlines,SIN‐EWR,34h20m,1,SFO,1076,20220403-2213,cheap
10:55 am – 12:35 am +2,United Airlines,EWR‐SIN,25h40m,1,HND-NRT,8:45 am – 7:05 am +1,United Airlines,SIN‐EWR,34h20m,1,SFO,1085,20220403-2213,cheap
8:40 am – 11:40 pm +1,Korean Air,EWR‐SIN,27h00m,2,"BOS, ICN",1:10 am – 2:00 pm,Korean Air,SIN‐EWR,24h50m,2,"ICN, BOS",1158,20220403-2213,cheap
12:00 pm – 12:35 am +2,United Airlines,EWR‐SIN,24h35m,1,NRT,8:45 am – 11:54 pm,United Airlines,SIN‐EWR,27h09m,2,"SFO, IAD",1176,20220403-2213,cheap
12:00 pm – 12:35 am +2,"United Airlines, ANA",EWR‐SIN,24h35m,1,NRT,8:45 am – 1:07 am +1,United Airlines,SIN‐EWR,28h22m,1,SFO,1177,20220403-2213,cheap
12:00 pm – 12:35 am +2,"United Airlines, ANA",EWR‐SIN,24h35m,1,NRT,8:45 am – 5:16 am +1,United Airlines,SIN‐EWR,32h31m,1,SFO,1177,20220403-2213,cheap
12:00 pm – 12:35 am +2,"United Airlines, ANA",EWR‐SIN,24h35m,1,NRT,8:45 am – 10:29 pm,United Airlines,SIN‐EWR,25h44m,2,"SFO, LAS",1181,20220403-2213,cheap
12:00 pm – 12:35 am +2,"United Airlines, ANA",EWR‐SIN,24h35m,1,NRT,8:45 am – 11:29 pm,United Airlines,SIN‐EWR,26h44m,2,"SFO, LAS",1181,20220403-2213,cheap
12:00 pm – 12:35 am +2,"United Airlines, ANA",EWR‐SIN,24h35m,1,NRT,8:45 am – 11:29 pm,United Airlines,SIN‐EWR,26h44m,2,"SFO, LAS",1181,20220403-2213,cheap
6:20 am – 12:35 am +2,United Airlines,EWR‐SIN,30h15m,2,"LAX, NRT",8:45 am – 11:54 pm,United Airlines,SIN‐EWR,27h09m,2,"SFO, IAD",1181,20220403-2213,cheap
10:55 am – 12:35 am +2,United Airlines,EWR‐SIN,25h40m,1,HND-NRT,8:45 am – 11:54 pm,United Airlines,SIN‐EWR,27h09m,2,"SFO, IAD",1185,20220403-2213,cheap
12:00 pm – 12:35 am +2,United Airlines,EWR‐SIN,24h35m,1,NRT,8:45 am – 8:20 am +1,United Airlines,SIN‐EWR,35h35m,1,SFO,1185,20220403-2213,cheap
8:40 am – 11:40 pm +1,Korean Air,EWR‐SIN,27h00m,2,"BOS, ICN",1:10 am – 2:00 pm,Korean Air,SIN‐EWR,24h50m,2,"ICN, BOS",1187,20220403-2210,best
12:00 pm – 12:35 am +2,"United Airlines, ANA",EWR‐SIN,24h35m,1,NRT,8:45 am – 7:21 pm,United Airlines,SIN‐EWR,22h36m,1,SFO,1315,20220403-2210,best
12:00 pm – 12:35 am +2,"United Airlines, ANA",EWR‐SIN,24h35m,1,NRT,8:45 am – 6:58 am +1,United Airlines,SIN‐EWR,34h13m,2,"SFO, SLC",1074,20220403-2210,best
12:00 pm – 12:35 am +2,"United Airlines, ANA",EWR‐SIN,24h35m,1,NRT,8:45 am – 10:29 pm,United Airlines,SIN‐EWR,25h44m,2,"SFO, LAS",1181,20220403-2210,best
12:00 pm – 12:35 am +2,"United Airlines, ANA",EWR‐SIN,24h35m,1,NRT,8:45 am – 11:29 pm,United Airlines,SIN‐EWR,26h44m,2,"SFO, LAS",1181,20220403-2210,best
12:00 pm – 12:35 am +2,"United Airlines, ANA",EWR‐SIN,24h35m,1,NRT,8:45 am – 11:29 pm,United Airlines,SIN‐EWR,26h44m,2,"SFO, LAS",1181,20220403-2210,best
12:00 pm – 12:35 am +2,"United Airlines, ANA",EWR‐SIN,24h35m,1,NRT,8:45 am – 1:07 am +1,United Airlines,SIN‐EWR,28h22m,1,SFO,1177,20220403-2210,best
12:00 pm – 12:35 am +2,United Airlines,EWR‐SIN,24h35m,1,NRT,8:45 am – 11:54 pm,United Airlines,SIN‐EWR,27h09m,2,"SFO, IAD",1176,20220403-2210,best
10:55 am – 12:35 am +2,United Airlines,EWR‐SIN,25h40m,1,HND-NRT,8:45 am – 11:54 pm,United Airlines,SIN‐EWR,27h09m,2,"SFO, IAD",1185,20220403-2210,best
8:40 am – 11:40 pm +1,Korean Air,EWR‐SIN,27h00m,2,"BOS, ICN",1:10 am – 2:00 pm,Korean Air,SIN‐EWR,24h50m,2,"ICN, BOS",1158,20220403-2210,best
12:00 pm – 12:35 am +2,United Airlines,EWR‐SIN,24h35m,1,NRT,8:45 am – 7:05 am +1,United Airlines,SIN‐EWR,34h20m,1,SFO,1076,20220403-2210,best
12:00 pm – 12:35 am +2,"United Airlines, ANA",EWR‐SIN,24h35m,1,NRT,8:45 am – 6:58 am +1,United Airlines,SIN‐EWR,34h13m,2,"SFO, SLC",1074,20220403-2210,best
12:00 pm – 12:35 am +2,"United Airlines, ANA",EWR‐SIN,24h35m,1,NRT,8:45 am – 6:58 am +1,United Airlines,SIN‐EWR,34h13m,2,"SFO, SLC",1074,20220403-2210,best
12:00 pm – 12:35 am +2,"United Airlines, ANA",EWR‐SIN,24h35m,1,NRT,8:45 am – 5:16 am +1,United Airlines,SIN‐EWR,32h31m,1,SFO,1177,20220403-2210,best
10:55 am – 12:35 am +2,United Airlines,EWR‐SIN,25h40m,1,HND-NRT,8:45 am – 7:05 am +1,United Airlines,SIN‐EWR,34h20m,1,SFO,1085,20220403-2210,best
6:20 am – 12:35 am +2,United Airlines,EWR‐SIN,30h15m,2,"LAX, NRT",8:45 am – 11:54 pm,United Airlines,SIN‐EWR,27h09m,2,"SFO, IAD",1181,20220403-2210,best
10:25 am – 5:10 pm +1,Singapore Airlines,EWR‐SIN,18h45m,0,,11:35 pm – 6:00 am +1,Singapore Airlines,SIN‐EWR,18h25m,0,,2099,20220403-2215,fast
12:00 pm – 12:35 am +2,ANA,EWR‐SIN,24h35m,1,NRT,11:35 pm – 6:00 am +1,Singapore Airlines,SIN‐EWR,18h25m,0,,2353,20220403-2215,fast
10:25 am – 5:10 pm +1,Singapore Airlines,EWR‐SIN,18h45m,0,,6:40 pm – 6:59 am +1,"Singapore Airlines, Alaska Airlines",SIN‐EWR,24h19m,1,SFO,2297,20220403-2215,fast
10:25 am – 5:10 pm +1,Singapore Airlines,EWR‐SIN,18h45m,0,,6:40 pm – 6:59 am +1,Singapore Airlines,SIN‐EWR,24h19m,1,SFO,2445,20220403-2215,fast
10:25 am – 5:10 pm +1,Singapore Airlines,EWR‐SIN,18h45m,0,,6:40 pm – 7:10 am +1,Singapore Airlines,SIN‐EWR,24h30m,1,LAX,2754,20220403-2215,fast
4:15 pm – 5:30 am +2,Singapore Airlines,EWR‐SIN,25h15m,1,LAX,11:35 pm – 6:00 am +1,Singapore Airlines,SIN‐EWR,18h25m,0,,3018,20220403-2215,fast
10:55 am – 12:35 am +2,ANA,EWR‐SIN,25h40m,1,HND-NRT,11:35 pm – 6:00 am +1,Singapore Airlines,SIN‐EWR,18h25m,0,,2362,20220403-2215,fast
10:25 am – 5:10 pm +1,Singapore Airlines,EWR‐SIN,18h45m,0,,9:25 am – 10:50 pm,"Singapore Airlines, JetBlue",SIN‐EWR,25h25m,1,SFO,2630,20220403-2215,fast
3:59 pm – 5:45 am +2,Singapore Airlines,EWR‐SIN,25h46m,1,SFO,11:35 pm – 6:00 am +1,Singapore Airlines,SIN‐EWR,18h25m,0,,3342,20220403-2215,fast
4:15 pm – 7:50 am +2,Singapore Airlines,EWR‐SIN,27h35m,1,LAX,11:35 pm – 6:00 am +1,Singapore Airlines,SIN‐EWR,18h25m,0,,2748,20220403-2215,fast
8:45 pm – 7:00 am +2,Lufthansa,EWR‐SIN,22h15m,1,MUC,12:30 am – 12:25 pm,Lufthansa,SIN‐EWR,23h55m,1,MUC,2302,20220403-2215,fast
6:40 pm – 6:15 am +2,United Airlines,EWR‐SIN,23h35m,1,SFO,8:45 am – 7:21 pm,United Airlines,SIN‐EWR,22h36m,1,SFO,1713,20220403-2215,fast
7:30 pm – 6:50 am +2,Lufthansa,EWR‐SIN,23h20m,1,FRA,1:25 am – 1:10 pm,SWISS,SIN‐EWR,23h45m,1,ZRH,2492,20220403-2215,fast
12:00 pm – 12:35 am +2,"United Airlines, ANA",EWR‐SIN,24h35m,1,NRT,8:45 am – 7:21 pm,United Airlines,SIN‐EWR,22h36m,1,SFO,1315,20220403-2215,fast
7:30 pm – 6:50 am +2,Lufthansa,EWR‐SIN,23h20m,1,FRA,12:30 am – 12:25 pm,Lufthansa,SIN‐EWR,23h55m,1,MUC,2319,20220403-2215,fast
