Out Time,Out Airline,Out Cities,Out Duration,Out Stops,Out Stop Cities,Return Time,Return Airline,Return Cities,Return Duration,Return Stops,Return Stop Cities,Price,timestamp,sort
6:59 am – 12:20 am +2,American Airlines,EWR‐SIN,29h21m,2,"DFW, NRT",9:50 pm – 4:48 pm +1,American Airlines,SIN‐EWR,30h58m,2,"HND, ORD",1322,20220407-0906,cheap
6:59 am – 12:20 am +2,American Airlines,EWR‐SIN,29h21m,2,"DFW, NRT",9:50 pm – 7:11 pm +1,American Airlines,SIN‐EWR,33h21m,2,"HND, ORD",1322,20220407-0906,cheap
6:54 am – 12:20 am +2,Japan Airlines,EWR‐SIN,29h26m,2,"ORD, NRT",9:50 pm – 4:48 pm +1,Japan Airlines,SIN‐EWR,30h58m,2,"HND, ORD",1344,20220407-0906,cheap
6:50 am – 6:15 am +2,United Airlines,EWR‐SIN,35h25m,2,"IAH, SFO",8:45 am – 10:08 pm,United Airlines,SIN‐EWR,25h23m,1,SFO,1368,20220407-0906,cheap
6:50 am – 6:15 am +2,United Airlines,EWR‐SIN,35h25m,2,"IAH, SFO",8:45 am – 10:08 pm,United Airlines,SIN‐EWR,25h23m,1,SFO,1368,20220407-0906,cheap
6:50 am – 6:15 am +2,United Airlines,EWR‐SIN,35h25m,2,"IAH, SFO",8:45 am – 10:08 pm,United Airlines,SIN‐EWR,25h23m,1,SFO,1368,20220407-0906,cheap
6:00 am – 12:20 am +2,"American Airlines, Japan Airlines",EWR‐SIN,30h20m,2,"ORD, NRT",9:50 pm – 4:48 pm +1,Japan Airlines,SIN‐EWR,30h58m,2,"HND, ORD",1373,20220407-0906,cheap
6:54 am – 12:20 am +2,American Airlines,EWR‐SIN,29h26m,2,"ORD, NRT",9:50 pm – 4:48 pm +1,American Airlines,SIN‐EWR,30h58m,2,"HND, ORD",1399,20220407-0906,cheap
6:00 am – 12:20 am +2,American Airlines,EWR‐SIN,30h20m,2,"ORD, NRT",9:50 pm – 4:48 pm +1,American Airlines,SIN‐EWR,30h58m,2,"HND, ORD",1399,20220407-0906,cheap
6:54 am – 12:20 am +2,American Airlines,EWR‐SIN,29h26m,2,"ORD, NRT",9:50 pm – 7:11 pm +1,American Airlines,SIN‐EWR,33h21m,2,"HND, ORD",1399,20220407-0906,cheap
8:25 am – 12:20 am +2,Japan Airlines,EWR‐SIN,27h55m,2,"SFO, NRT",11:30 pm – 10:20 pm +1,Turkish Airlines,SIN‐EWR,34h50m,1,IST,1400,20220407-0906,cheap
8:15 am – 12:20 am +2,American Airlines,EWR‐SIN,28h05m,2,"DFW, NRT",9:50 pm – 4:48 pm +1,American Airlines,SIN‐EWR,30h58m,2,"HND, ORD",1492,20220407-0906,cheap
8:15 am – 12:20 am +2,American Airlines,EWR‐SIN,28h05m,2,"DFW, NRT",9:50 pm – 7:11 pm +1,American Airlines,SIN‐EWR,33h21m,2,"HND, ORD",1492,20220407-0906,cheap
7:20 am – 12:20 am +2,Japan Airlines,EWR‐SIN,29h00m,2,"SEA, NRT",9:50 pm – 4:48 pm +1,Japan Airlines,SIN‐EWR,30h58m,2,"HND, ORD",1497,20220407-0906,cheap
12:15 pm – 6:15 am +2,United Airlines,EWR‐SIN,30h00m,2,"IAH, SFO",8:45 am – 1:23 am +1,United Airlines,SIN‐EWR,28h38m,2,"SFO, LAX",1498,20220407-0906,cheap
6:54 am – 12:20 am +2,Japan Airlines,EWR‐SIN,29h26m,2,"ORD, NRT",12:30 am – 12:25 pm,Lufthansa,SIN‐EWR,23h55m,1,MUC,1559,20220407-0904,best
10:25 am – 5:10 pm +1,Singapore Airlines,EWR‐SIN,18h45m,0,,11:35 pm – 6:00 am +1,Singapore Airlines,SIN‐EWR,18h25m,0,,1880,20220407-0904,best
6:59 am – 12:20 am +2,American Airlines,EWR‐SIN,29h21m,2,"DFW, NRT",9:50 pm – 4:48 pm +1,American Airlines,SIN‐EWR,30h58m,2,"HND, ORD",1322,20220407-0904,best
6:00 pm – 6:15 am +2,United Airlines,EWR‐SIN,24h15m,1,SFO,8:45 am – 10:08 pm,United Airlines,SIN‐EWR,25h23m,1,SFO,1547,20220407-0904,best
10:25 am – 5:10 pm +1,Singapore Airlines,EWR‐SIN,18h45m,0,,6:40 pm – 7:10 am +1,Singapore Airlines,SIN‐EWR,24h30m,1,LAX,1937,20220407-0904,best
6:00 pm – 6:15 am +2,United Airlines,EWR‐SIN,24h15m,1,SFO,8:45 am – 11:58 pm,United Airlines,SIN‐EWR,27h13m,1,SFO,1547,20220407-0904,best
6:00 pm – 6:15 am +2,United Airlines,EWR‐SIN,24h15m,1,SFO,8:45 am – 12:53 am +1,United Airlines,SIN‐EWR,28h08m,1,SFO,1547,20220407-0904,best
6:00 pm – 6:15 am +2,United Airlines,EWR‐SIN,24h15m,1,SFO,8:45 am – 9:08 pm,United Airlines,SIN‐EWR,24h23m,1,SFO,1803,20220407-0904,best
5:00 pm – 6:15 am +2,United Airlines,EWR‐SIN,25h15m,1,SFO,8:45 am – 10:08 pm,United Airlines,SIN‐EWR,25h23m,1,SFO,1687,20220407-0904,best
4:00 pm – 6:15 am +2,United Airlines,EWR‐SIN,26h15m,1,SFO,8:45 am – 10:08 pm,United Airlines,SIN‐EWR,25h23m,1,SFO,1687,20220407-0904,best
5:00 pm – 6:15 am +2,United Airlines,EWR‐SIN,25h15m,1,SFO,8:45 am – 11:58 pm,United Airlines,SIN‐EWR,27h13m,1,SFO,1687,20220407-0904,best
10:25 am – 5:10 pm +1,Singapore Airlines,EWR‐SIN,18h45m,0,,6:40 pm – 6:59 am +1,Singapore Airlines,SIN‐EWR,24h19m,1,SFO,2188,20220407-0904,best
10:25 am – 5:10 pm +1,Singapore Airlines,EWR‐SIN,18h45m,0,,8:45 pm – 2:55 pm +1,Singapore Airlines,SIN‐EWR,30h10m,1,LAX,1937,20220407-0904,best
6:54 am – 12:20 am +2,Japan Airlines,EWR‐SIN,29h26m,2,"ORD, NRT",12:30 am – 12:25 pm,Lufthansa,SIN‐EWR,23h55m,1,MUC,1521,20220407-0904,best
5:00 pm – 6:15 am +2,United Airlines,EWR‐SIN,25h15m,1,SFO,8:45 am – 12:53 am +1,United Airlines,SIN‐EWR,28h08m,1,SFO,1687,20220407-0904,best
4:00 pm – 6:15 am +2,United Airlines,EWR‐SIN,26h15m,1,SFO,8:45 am – 11:58 pm,United Airlines,SIN‐EWR,27h13m,1,SFO,1687,20220407-0904,best
6:00 pm – 6:15 am +2,United Airlines,EWR‐SIN,24h15m,1,SFO,8:45 am – 5:44 am +1,United Airlines,SIN‐EWR,32h59m,1,SFO,1564,20220407-0904,best
10:25 am – 5:10 pm +1,Singapore Airlines,EWR‐SIN,18h45m,0,,11:35 pm – 6:00 am +1,Singapore Airlines,SIN‐EWR,18h25m,0,,1880,20220407-0908,fast
7:55 am – 5:45 pm +1,British Airways,EWR‐SIN,21h50m,1,LHR,11:35 pm – 6:00 am +1,Singapore Airlines,SIN‐EWR,18h25m,0,,6701,20220407-0908,fast
6:00 pm – 6:15 am +2,United Airlines,EWR‐SIN,24h15m,1,SFO,11:35 pm – 6:00 am +1,Singapore Airlines,SIN‐EWR,18h25m,0,,1660,20220407-0908,fast
10:25 am – 5:10 pm +1,Singapore Airlines,EWR‐SIN,18h45m,0,,6:40 pm – 6:59 am +1,Singapore Airlines,SIN‐EWR,24h19m,1,SFO,2188,20220407-0908,fast
10:25 am – 5:10 pm +1,Singapore Airlines,EWR‐SIN,18h45m,0,,6:40 pm – 7:10 am +1,Singapore Airlines,SIN‐EWR,24h30m,1,LAX,1937,20220407-0908,fast
4:00 pm – 5:30 am +2,Singapore Airlines,EWR‐SIN,25h30m,1,LAX,11:35 pm – 6:00 am +1,Singapore Airlines,SIN‐EWR,18h25m,0,,11302,20220407-0908,fast
3:59 pm – 5:45 am +2,Singapore Airlines,EWR‐SIN,25h46m,1,SFO,11:35 pm – 6:00 am +1,Singapore Airlines,SIN‐EWR,18h25m,0,,2216,20220407-0908,fast
10:25 am – 5:10 pm +1,Singapore Airlines,EWR‐SIN,18h45m,0,,10:35 pm – 1:50 pm +1,British Airways,SIN‐EWR,27h15m,1,LHR,6701,20220407-0908,fast
4:00 pm – 7:50 am +2,Singapore Airlines,EWR‐SIN,27h50m,1,LAX,11:35 pm – 6:00 am +1,Singapore Airlines,SIN‐EWR,18h25m,0,,5553,20220407-0908,fast
8:25 am – 12:20 am +2,Japan Airlines,EWR‐SIN,27h55m,2,"SFO, NRT",11:35 pm – 6:00 am +1,Singapore Airlines,SIN‐EWR,18h25m,0,,1747,20220407-0908,fast
8:55 pm – 7:00 am +2,Lufthansa,EWR‐SIN,22h05m,1,MUC,6:40 pm – 6:59 am +1,Singapore Airlines,SIN‐EWR,24h19m,1,SFO,3373,20220407-0908,fast
9:00 am – 1:15 am +2,Singapore Airlines,EWR‐SIN,28h15m,2,"LAX, NRT",11:35 pm – 6:00 am +1,Singapore Airlines,SIN‐EWR,18h25m,0,,5475,20220407-0908,fast
6:15 pm – 5:55 am +2,SWISS,EWR‐SIN,23h40m,1,ZRH,1:25 am – 1:10 pm,SWISS,SIN‐EWR,23h45m,1,ZRH,2466,20220407-0908,fast
6:54 am – 12:20 am +2,Japan Airlines,EWR‐SIN,29h26m,2,"ORD, NRT",11:35 pm – 6:00 am +1,Singapore Airlines,SIN‐EWR,18h25m,0,,1596,20220407-0908,fast
11:50 pm – 5:30 pm +2,Turkish Airlines,EWR‐SIN,29h40m,1,IST,11:35 pm – 6:00 am +1,Singapore Airlines,SIN‐EWR,18h25m,0,,2094,20220407-0908,fast
