Out Time,Out Airline,Out Cities,Out Duration,Out Stops,Out Stop Cities,Return Time,Return Airline,Return Cities,Return Duration,Return Stops,Return Stop Cities,Price,timestamp,sort
8:15 pm – 6:45 am +3,United Airlines,EWR‐SIN,46h30m,1,SFO,9:00 am – 9:44 pm,United Airlines,SIN‐EWR,24h44m,1,SFO,916,20220403-1523,cheap
11:25 am – 12:35 am +2,ANA,EWR‐SIN,25h10m,1,NRT,6:10 am – 4:40 pm,ANA,SIN‐EWR,22h30m,1,NRT,992,20220403-1523,cheap
6:30 am – 12:35 am +2,ANA,EWR‐SIN,30h05m,2,"LAX, NRT",6:10 am – 9:44 pm,ANA,SIN‐EWR,27h34m,2,"NRT, SFO",994,20220403-1523,cheap
6:30 am – 12:35 am +2,ANA,EWR‐SIN,30h05m,2,"LAX, NRT",6:10 am – 12:17 am +1,ANA,SIN‐EWR,30h07m,2,"NRT, LAX",994,20220403-1523,cheap
6:30 am – 12:35 am +2,ANA,EWR‐SIN,30h05m,2,"LAX, NRT",6:10 am – 4:40 pm,ANA,SIN‐EWR,22h30m,1,NRT,995,20220403-1523,cheap
11:25 am – 12:35 am +2,ANA,EWR‐SIN,25h10m,1,NRT,6:10 am – 9:44 pm,ANA,SIN‐EWR,27h34m,2,"NRT, SFO",1001,20220403-1523,cheap
11:25 am – 12:35 am +2,ANA,EWR‐SIN,25h10m,1,NRT,6:10 am – 12:17 am +1,ANA,SIN‐EWR,30h07m,2,"NRT, LAX",1001,20220403-1523,cheap
11:25 am – 12:35 am +2,ANA,EWR‐SIN,25h10m,1,NRT,6:10 am – 7:00 am +1,ANA,SIN‐EWR,36h50m,2,"NRT, LAX",1001,20220403-1523,cheap
11:25 am – 12:35 am +2,United Airlines,EWR‐SIN,25h10m,1,NRT,9:00 am – 9:44 pm,United Airlines,SIN‐EWR,24h44m,1,SFO,1012,20220403-1523,cheap
6:30 am – 12:35 am +2,United Airlines,EWR‐SIN,30h05m,2,"SFO, NRT",9:00 am – 9:44 pm,United Airlines,SIN‐EWR,24h44m,1,SFO,1016,20220403-1523,cheap
6:30 am – 12:35 am +2,United Airlines,EWR‐SIN,30h05m,2,"SFO, NRT",9:00 am – 11:09 pm,United Airlines,SIN‐EWR,26h09m,1,SFO,1016,20220403-1523,cheap
8:15 pm – 5:15 pm +2,"United Airlines, ANA",EWR‐SIN,33h00m,2,"SFO, HND",9:00 am – 9:44 pm,United Airlines,SIN‐EWR,24h44m,1,SFO,1020,20220403-1523,cheap
8:15 pm – 5:15 pm +2,"United Airlines, ANA",EWR‐SIN,33h00m,2,"SFO, HND",9:00 am – 11:09 pm,United Airlines,SIN‐EWR,26h09m,1,SFO,1020,20220403-1523,cheap
6:30 am – 12:35 am +2,United Airlines,EWR‐SIN,30h05m,2,"SFO, NRT",6:10 am – 4:40 pm,"ANA, United Airlines",SIN‐EWR,22h30m,1,NRT,1024,20220403-1523,cheap
5:44 am – 12:35 am +2,United Airlines,EWR‐SIN,30h51m,2,"IAH, NRT",6:10 am – 4:40 pm,"ANA, United Airlines",SIN‐EWR,22h30m,1,NRT,1024,20220403-1523,cheap
6:30 am – 12:35 am +2,ANA,EWR‐SIN,30h05m,2,"LAX, NRT",6:10 am – 4:40 pm,ANA,SIN‐EWR,22h30m,1,NRT,1026,20220403-1520,best
11:25 am – 12:35 am +2,ANA,EWR‐SIN,25h10m,1,NRT,6:10 am – 4:40 pm,ANA,SIN‐EWR,22h30m,1,NRT,992,20220403-1520,best
8:15 pm – 6:45 am +3,United Airlines,EWR‐SIN,46h30m,1,SFO,9:00 am – 9:44 pm,United Airlines,SIN‐EWR,24h44m,1,SFO,916,20220403-1520,best
11:25 am – 12:35 am +2,United Airlines,EWR‐SIN,25h10m,1,NRT,9:00 am – 7:33 pm,United Airlines,SIN‐EWR,22h33m,1,SFO,1077,20220403-1520,best
11:25 am – 12:35 am +2,United Airlines,EWR‐SIN,25h10m,1,NRT,9:00 am – 9:44 pm,United Airlines,SIN‐EWR,24h44m,1,SFO,1012,20220403-1520,best
11:25 am – 12:35 am +2,ANA,EWR‐SIN,25h10m,1,NRT,6:10 am – 9:44 pm,ANA,SIN‐EWR,27h34m,2,"NRT, SFO",1001,20220403-1520,best
6:30 am – 12:35 am +2,ANA,EWR‐SIN,30h05m,2,"LAX, NRT",6:10 am – 4:40 pm,ANA,SIN‐EWR,22h30m,1,NRT,995,20220403-1520,best
6:30 am – 12:35 am +2,United Airlines,EWR‐SIN,30h05m,2,"SFO, NRT",6:10 am – 4:40 pm,"ANA, United Airlines",SIN‐EWR,22h30m,1,NRT,1024,20220403-1520,best
6:30 am – 12:35 am +2,ANA,EWR‐SIN,30h05m,2,"LAX, NRT",6:10 am – 4:40 pm,ANA,SIN‐EWR,22h30m,1,NRT,1063,20220403-1520,best
11:25 am – 12:35 am +2,ANA,EWR‐SIN,25h10m,1,NRT,6:10 am – 12:17 am +1,ANA,SIN‐EWR,30h07m,2,"NRT, LAX",1001,20220403-1520,best
6:30 am – 12:35 am +2,ANA,EWR‐SIN,30h05m,2,"SFO, NRT",6:10 am – 4:40 pm,ANA,SIN‐EWR,22h30m,1,NRT,1091,20220403-1520,best
6:30 am – 12:35 am +2,United Airlines,EWR‐SIN,30h05m,2,"SFO, NRT",9:00 am – 9:44 pm,United Airlines,SIN‐EWR,24h44m,1,SFO,1016,20220403-1520,best
8:15 pm – 5:15 pm +2,"United Airlines, ANA",EWR‐SIN,33h00m,2,"SFO, HND",6:10 am – 4:40 pm,"ANA, United Airlines",SIN‐EWR,22h30m,1,NRT,1028,20220403-1520,best
5:44 am – 12:35 am +2,United Airlines,EWR‐SIN,30h51m,2,"IAH, NRT",6:10 am – 4:40 pm,"ANA, United Airlines",SIN‐EWR,22h30m,1,NRT,1024,20220403-1520,best
6:30 am – 12:35 am +2,United Airlines,EWR‐SIN,30h05m,2,"SFO, NRT",9:00 am – 11:09 pm,United Airlines,SIN‐EWR,26h09m,1,SFO,1016,20220403-1520,best
6:30 pm – 5:15 pm +2,"United Airlines, ANA",EWR‐SIN,34h45m,2,"SFO, HND",6:10 am – 4:40 pm,"ANA, United Airlines",SIN‐EWR,22h30m,1,NRT,1028,20220403-1520,best
8:15 pm – 5:15 pm +2,"United Airlines, ANA",EWR‐SIN,33h00m,2,"SFO, HND",9:00 am – 9:44 pm,United Airlines,SIN‐EWR,24h44m,1,SFO,1020,20220403-1520,best
10:25 am – 5:10 pm +1,Singapore Airlines,EWR‐SIN,18h45m,0,,6:10 am – 4:40 pm,ANA,SIN‐EWR,22h30m,1,NRT,1990,20220403-1525,fast
10:25 am – 5:10 pm +1,Singapore Airlines,EWR‐SIN,18h45m,0,,8:45 pm – 8:20 am +1,Singapore Airlines,SIN‐EWR,23h35m,1,LAX,3014,20220403-1525,fast
10:25 am – 5:10 pm +1,Singapore Airlines,EWR‐SIN,18h45m,0,,6:40 pm – 7:05 am +1,Singapore Airlines,SIN‐EWR,24h25m,1,SFO,2131,20220403-1525,fast
8:45 pm – 7:00 am +2,Lufthansa,EWR‐SIN,22h15m,1,MUC,12:30 am – 12:45 pm,Lufthansa,SIN‐EWR,24h15m,1,MUC,3002,20220403-1525,fast
11:00 pm – 11:15 am +2,"Lufthansa, Thai Airways",EWR‐SIN,24h15m,2,"LHR, BKK",6:10 am – 4:40 pm,ANA,SIN‐EWR,22h30m,1,NRT,4877,20220403-1525,fast
6:20 pm – 5:55 am +2,SWISS,EWR‐SIN,23h35m,1,ZRH,1:25 am – 1:10 pm,SWISS,SIN‐EWR,23h45m,1,ZRH,3149,20220403-1525,fast
7:35 pm – 6:50 am +2,Lufthansa,EWR‐SIN,23h15m,1,FRA,12:30 am – 12:45 pm,Lufthansa,SIN‐EWR,24h15m,1,MUC,3169,20220403-1525,fast
11:25 am – 12:35 am +2,ANA,EWR‐SIN,25h10m,1,NRT,6:10 am – 4:40 pm,ANA,SIN‐EWR,22h30m,1,NRT,992,20220403-1525,fast
11:25 am – 12:35 am +2,United Airlines,EWR‐SIN,25h10m,1,NRT,9:00 am – 7:33 pm,United Airlines,SIN‐EWR,22h33m,1,SFO,1077,20220403-1525,fast
5:45 pm – 5:55 am +2,SWISS,EWR‐SIN,24h10m,2,"GVA, ZRH",1:25 am – 1:10 pm,SWISS,SIN‐EWR,23h45m,1,ZRH,6805,20220403-1525,fast
11:25 am – 1:15 am +2,ANA,EWR‐SIN,25h50m,1,NRT,6:10 am – 4:40 pm,ANA,SIN‐EWR,22h30m,1,NRT,3839,20220403-1525,fast
8:45 pm – 7:00 am +2,Lufthansa,EWR‐SIN,22h15m,1,MUC,11:40 pm – 1:55 pm +1,Lufthansa,SIN‐EWR,26h15m,1,FRA,2719,20220403-1525,fast
6:05 pm – 6:50 am +2,Lufthansa,EWR‐SIN,24h45m,1,FRA,12:30 am – 12:45 pm,Lufthansa,SIN‐EWR,24h15m,1,MUC,3169,20220403-1525,fast
5:45 pm – 5:55 am +2,SWISS,EWR‐SIN,24h10m,2,"GVA, ZRH",1:25 am – 2:20 pm,SWISS,SIN‐EWR,24h55m,2,"ZRH, MXP",6835,20220403-1525,fast
7:35 pm – 6:50 am +2,Lufthansa,EWR‐SIN,23h15m,1,FRA,11:40 pm – 1:55 pm +1,Lufthansa,SIN‐EWR,26h15m,1,FRA,2886,20220403-1525,fast
