Out Time,Out Airline,Out Cities,Out Duration,Out Stops,Out Stop Cities,Return Time,Return Airline,Return Cities,Return Duration,Return Stops,Return Stop Cities,Price,timestamp,sort
11:15 am – 12:35 am +2,ANA,EWR‐SIN,25h20m,1,NRT,6:10 am – 4:50 pm,ANA,SIN‐EWR,22h40m,1,NRT,976,20220403-1901,cheap
8:30 pm – 5:15 pm +2,ANA,EWR‐SIN,32h45m,2,"LAX, HND",6:10 am – 4:50 pm,ANA,SIN‐EWR,22h40m,1,NRT,984,20220403-1901,cheap
6:30 am – 12:35 am +2,ANA,EWR‐SIN,30h05m,2,"LAX, NRT",6:10 am – 4:50 pm,ANA,SIN‐EWR,22h40m,1,NRT,986,20220403-1901,cheap
6:30 am – 12:35 am +2,ANA,EWR‐SIN,30h05m,2,"LAX, NRT",6:10 am – 12:48 am +1,ANA,SIN‐EWR,30h38m,2,"NRT, LAX",987,20220403-1901,cheap
11:15 am – 12:35 am +2,ANA,EWR‐SIN,25h20m,1,NRT,6:10 am – 12:48 am +1,ANA,SIN‐EWR,30h38m,2,"NRT, LAX",991,20220403-1901,cheap
11:15 am – 12:35 am +2,ANA,EWR‐SIN,25h20m,1,NRT,6:10 am – 6:45 am +1,ANA,SIN‐EWR,36h35m,2,"NRT, LAX",991,20220403-1901,cheap
11:25 am – 12:35 am +2,United Airlines,EWR‐SIN,25h10m,1,NRT,6:10 am – 4:40 pm,United Airlines,SIN‐EWR,22h30m,1,NRT,1008,20220403-1901,cheap
11:25 am – 12:35 am +2,United Airlines,EWR‐SIN,25h10m,1,NRT,9:00 am – 11:33 pm,United Airlines,SIN‐EWR,26h33m,2,"SFO, DEN",1009,20220403-1901,cheap
11:25 am – 12:35 am +2,United Airlines,EWR‐SIN,25h10m,1,NRT,9:00 am – 6:30 am +1,United Airlines,SIN‐EWR,33h30m,2,"SFO, SLC",1009,20220403-1901,cheap
11:25 am – 12:35 am +2,United Airlines,EWR‐SIN,25h10m,1,NRT,9:00 am – 6:45 am +1,United Airlines,SIN‐EWR,33h45m,2,"SFO, LAX",1009,20220403-1901,cheap
11:25 am – 12:35 am +2,United Airlines,EWR‐SIN,25h10m,1,NRT,9:00 am – 7:20 am +1,United Airlines,SIN‐EWR,34h20m,2,"SFO, IAD",1009,20220403-1901,cheap
11:25 am – 12:35 am +2,United Airlines,EWR‐SIN,25h10m,1,NRT,9:00 am – 7:51 am +1,United Airlines,SIN‐EWR,34h51m,2,"SFO, LAX",1009,20220403-1901,cheap
11:25 am – 12:35 am +2,United Airlines,EWR‐SIN,25h10m,1,NRT,9:00 am – 9:52 am +1,United Airlines,SIN‐EWR,36h52m,2,"SFO, IAD",1009,20220403-1901,cheap
5:00 am – 12:35 am +2,United Airlines,EWR‐SIN,31h35m,2,"ORD, NRT",6:10 am – 4:40 pm,United Airlines,SIN‐EWR,22h30m,1,NRT,1012,20220403-1901,cheap
5:00 am – 12:35 am +2,United Airlines,EWR‐SIN,31h35m,2,"ORD, NRT",9:00 am – 11:33 pm,United Airlines,SIN‐EWR,26h33m,2,"SFO, DEN",1014,20220403-1901,cheap
11:15 am – 12:35 am +2,ANA,EWR‐SIN,25h20m,1,NRT,6:10 am – 4:50 pm,ANA,SIN‐EWR,22h40m,1,NRT,976,20220403-1859,best
11:15 am – 12:35 am +2,ANA,EWR‐SIN,25h20m,1,NRT,6:10 am – 4:50 pm,ANA,SIN‐EWR,22h40m,1,NRT,976,20220403-1859,best
11:25 am – 12:35 am +2,United Airlines,EWR‐SIN,25h10m,1,NRT,6:10 am – 4:40 pm,United Airlines,SIN‐EWR,22h30m,1,NRT,1008,20220403-1859,best
11:25 am – 12:35 am +2,United Airlines,EWR‐SIN,25h10m,1,NRT,9:00 am – 7:13 pm,United Airlines,SIN‐EWR,22h13m,1,SFO,1073,20220403-1859,best
10:25 am – 5:10 pm +1,Singapore Airlines,EWR‐SIN,18h45m,0,,11:35 pm – 6:00 am +1,Singapore Airlines,SIN‐EWR,18h25m,0,,1533,20220403-1859,best
11:25 am – 12:35 am +2,United Airlines,EWR‐SIN,25h10m,1,NRT,9:00 am – 11:33 pm,United Airlines,SIN‐EWR,26h33m,2,"SFO, DEN",1009,20220403-1859,best
6:30 am – 12:35 am +2,ANA,EWR‐SIN,30h05m,2,"LAX, NRT",6:10 am – 4:50 pm,ANA,SIN‐EWR,22h40m,1,NRT,986,20220403-1859,best
11:25 am – 12:35 am +2,United Airlines,EWR‐SIN,25h10m,1,NRT,9:00 am – 9:49 pm,United Airlines,SIN‐EWR,24h49m,1,SFO,1241,20220403-1859,best
6:35 pm – 7:50 am +2,Singapore Airlines,EWR‐SIN,25h15m,1,LAX,11:35 pm – 6:00 am +1,Singapore Airlines,SIN‐EWR,18h25m,0,,1498,20220403-1859,best
8:30 pm – 5:15 pm +2,ANA,EWR‐SIN,32h45m,2,"LAX, HND",6:10 am – 4:50 pm,ANA,SIN‐EWR,22h40m,1,NRT,984,20220403-1859,best
6:29 am – 12:35 am +2,ANA,EWR‐SIN,30h06m,2,"SFO, NRT",6:10 am – 4:50 pm,ANA,SIN‐EWR,22h40m,1,NRT,1087,20220403-1859,best
8:30 pm – 5:15 pm +2,"United Airlines, ANA",EWR‐SIN,32h45m,2,"LAX, HND",6:10 am – 4:40 pm,"ANA, United Airlines",SIN‐EWR,22h30m,1,NRT,1020,20220403-1859,best
11:25 am – 12:35 am +2,United Airlines,EWR‐SIN,25h10m,1,NRT,9:00 am – 8:59 pm,United Airlines,SIN‐EWR,23h59m,2,"SFO, LAS",1266,20220403-1859,best
11:15 am – 12:35 am +2,ANA,EWR‐SIN,25h20m,1,NRT,6:10 am – 12:48 am +1,ANA,SIN‐EWR,30h38m,2,"NRT, LAX",991,20220403-1859,best
11:25 am – 12:35 am +2,United Airlines,EWR‐SIN,25h10m,1,NRT,9:00 am – 9:13 pm,United Airlines,SIN‐EWR,24h13m,2,"SFO, ORD",1266,20220403-1859,best
11:25 am – 12:35 am +2,United Airlines,EWR‐SIN,25h10m,1,NRT,9:00 am – 5:12 am +1,United Airlines,SIN‐EWR,32h12m,1,SFO,1015,20220403-1859,best
10:25 am – 5:10 pm +1,Singapore Airlines,EWR‐SIN,18h45m,0,,11:35 pm – 6:00 am +1,Singapore Airlines,SIN‐EWR,18h25m,0,,1533,20220403-1903,fast
10:25 am – 5:10 pm +1,Singapore Airlines,EWR‐SIN,18h45m,0,,6:10 am – 4:50 pm,ANA,SIN‐EWR,22h40m,1,NRT,1903,20220403-1903,fast
6:20 pm – 5:55 am +2,SWISS,EWR‐SIN,23h35m,1,ZRH,11:35 pm – 6:00 am +1,Singapore Airlines,SIN‐EWR,18h25m,0,,3555,20220403-1903,fast
10:25 am – 5:10 pm +1,Singapore Airlines,EWR‐SIN,18h45m,0,,8:45 pm – 8:14 am +1,Singapore Airlines,SIN‐EWR,23h29m,1,LAX,1863,20220403-1903,fast
10:25 am – 5:10 pm +1,Singapore Airlines,EWR‐SIN,18h45m,0,,1:25 am – 1:10 pm,SWISS,SIN‐EWR,23h45m,1,ZRH,1976,20220403-1903,fast
10:25 am – 5:10 pm +1,Singapore Airlines,EWR‐SIN,18h45m,0,,12:30 am – 12:45 pm,Lufthansa,SIN‐EWR,24h15m,1,MUC,1967,20220403-1903,fast
10:25 am – 5:10 pm +1,Singapore Airlines,EWR‐SIN,18h45m,0,,6:40 pm – 7:00 am +1,Singapore Airlines,SIN‐EWR,24h20m,1,SFO,1902,20220403-1903,fast
10:25 am – 5:10 pm +1,Singapore Airlines,EWR‐SIN,18h45m,0,,9:00 am – 9:20 pm,"Singapore Airlines, Lufthansa",SIN‐EWR,24h20m,1,LHR,4730,20220403-1903,fast
6:35 pm – 7:50 am +2,Singapore Airlines,EWR‐SIN,25h15m,1,LAX,11:35 pm – 6:00 am +1,Singapore Airlines,SIN‐EWR,18h25m,0,,1498,20220403-1903,fast
11:15 am – 12:35 am +2,ANA,EWR‐SIN,25h20m,1,NRT,11:35 pm – 6:00 am +1,Singapore Airlines,SIN‐EWR,18h25m,0,,1562,20220403-1903,fast
6:24 pm – 7:50 am +2,"JetBlue, Singapore Airlines",EWR‐SIN,25h26m,1,LAX,11:35 pm – 6:00 am +1,Singapore Airlines,SIN‐EWR,18h25m,0,,2400,20220403-1903,fast
4:00 pm – 5:45 am +2,Singapore Airlines,EWR‐SIN,25h45m,1,SFO,11:35 pm – 6:00 am +1,Singapore Airlines,SIN‐EWR,18h25m,0,,1896,20220403-1903,fast
10:25 am – 5:10 pm +1,Singapore Airlines,EWR‐SIN,18h45m,0,,11:55 pm – 1:55 pm +1,Lufthansa,SIN‐EWR,26h00m,1,FRA,1992,20220403-1903,fast
8:45 pm – 7:00 am +2,Lufthansa,EWR‐SIN,22h15m,1,MUC,12:30 am – 12:45 pm,Lufthansa,SIN‐EWR,24h15m,1,MUC,2066,20220403-1903,fast
8:45 pm – 7:00 am +2,Lufthansa,EWR‐SIN,22h15m,1,MUC,1:25 am – 2:20 pm,SWISS,SIN‐EWR,24h55m,2,"ZRH, MXP",2120,20220403-1903,fast
