Out Time,Out Airline,Out Cities,Out Duration,Out Stops,Out Stop Cities,Return Time,Return Airline,Return Cities,Return Duration,Return Stops,Return Stop Cities,Price,timestamp,sort
6:40 pm – 6:15 am +2,United Airlines,EWR‐SIN,23h35m,1,SFO,8:45 am – 7:20 pm,United Airlines,SIN‐EWR,22h35m,1,SFO,915,20220407-1604,cheap
6:40 pm – 6:15 am +2,United Airlines,EWR‐SIN,23h35m,1,SFO,8:45 am – 8:06 pm,United Airlines,SIN‐EWR,23h21m,1,SFO,915,20220407-1604,cheap
4:45 pm – 6:15 am +2,United Airlines,EWR‐SIN,25h30m,2,"DEN, SFO",8:45 am – 7:20 pm,United Airlines,SIN‐EWR,22h35m,1,SFO,915,20220407-1604,cheap
4:40 pm – 6:15 am +2,United Airlines,EWR‐SIN,25h35m,1,SFO,8:45 am – 7:20 pm,United Airlines,SIN‐EWR,22h35m,1,SFO,915,20220407-1604,cheap
6:40 pm – 6:15 am +2,United Airlines,EWR‐SIN,23h35m,1,SFO,8:45 am – 10:00 pm,United Airlines,SIN‐EWR,25h15m,1,SFO,915,20220407-1604,cheap
4:45 pm – 6:15 am +2,United Airlines,EWR‐SIN,25h30m,2,"DEN, SFO",8:45 am – 8:06 pm,United Airlines,SIN‐EWR,23h21m,1,SFO,915,20220407-1604,cheap
4:40 pm – 6:15 am +2,United Airlines,EWR‐SIN,25h35m,1,SFO,8:45 am – 8:06 pm,United Airlines,SIN‐EWR,23h21m,1,SFO,915,20220407-1604,cheap
3:20 pm – 6:15 am +2,United Airlines,EWR‐SIN,26h55m,1,SFO,8:45 am – 7:20 pm,United Airlines,SIN‐EWR,22h35m,1,SFO,915,20220407-1604,cheap
3:00 pm – 6:15 am +2,United Airlines,EWR‐SIN,27h15m,2,"DCA, SFO",8:45 am – 7:20 pm,United Airlines,SIN‐EWR,22h35m,1,SFO,915,20220407-1604,cheap
3:20 pm – 6:15 am +2,United Airlines,EWR‐SIN,26h55m,1,SFO,8:45 am – 8:06 pm,United Airlines,SIN‐EWR,23h21m,1,SFO,915,20220407-1604,cheap
2:30 pm – 6:15 am +2,United Airlines,EWR‐SIN,27h45m,2,"DCA, SFO",8:45 am – 7:20 pm,United Airlines,SIN‐EWR,22h35m,1,SFO,915,20220407-1604,cheap
3:00 pm – 6:15 am +2,United Airlines,EWR‐SIN,27h15m,2,"DCA, SFO",8:45 am – 8:06 pm,United Airlines,SIN‐EWR,23h21m,1,SFO,915,20220407-1604,cheap
2:10 pm – 6:15 am +2,United Airlines,EWR‐SIN,28h05m,1,SFO,8:45 am – 7:20 pm,United Airlines,SIN‐EWR,22h35m,1,SFO,915,20220407-1604,cheap
4:45 pm – 6:15 am +2,United Airlines,EWR‐SIN,25h30m,2,"DEN, SFO",8:45 am – 10:00 pm,United Airlines,SIN‐EWR,25h15m,1,SFO,915,20220407-1604,cheap
4:40 pm – 6:15 am +2,United Airlines,EWR‐SIN,25h35m,1,SFO,8:45 am – 10:00 pm,United Airlines,SIN‐EWR,25h15m,1,SFO,915,20220407-1604,cheap
11:35 am – 12:35 am +2,ANA,EWR‐SIN,25h00m,1,NRT,6:10 am – 10:00 pm,ANA,SIN‐EWR,27h50m,2,"NRT, SFO",1038,20220407-1602,best
6:40 pm – 6:15 am +2,United Airlines,EWR‐SIN,23h35m,1,SFO,8:45 am – 7:20 pm,United Airlines,SIN‐EWR,22h35m,1,SFO,915,20220407-1602,best
6:40 pm – 6:15 am +2,United Airlines,EWR‐SIN,23h35m,1,SFO,8:45 am – 8:06 pm,United Airlines,SIN‐EWR,23h21m,1,SFO,915,20220407-1602,best
4:40 pm – 6:15 am +2,United Airlines,EWR‐SIN,25h35m,1,SFO,8:45 am – 7:20 pm,United Airlines,SIN‐EWR,22h35m,1,SFO,915,20220407-1602,best
6:40 pm – 6:15 am +2,United Airlines,EWR‐SIN,23h35m,1,SFO,8:45 am – 10:00 pm,United Airlines,SIN‐EWR,25h15m,1,SFO,915,20220407-1602,best
4:40 pm – 6:15 am +2,United Airlines,EWR‐SIN,25h35m,1,SFO,8:45 am – 8:06 pm,United Airlines,SIN‐EWR,23h21m,1,SFO,915,20220407-1602,best
4:45 pm – 6:15 am +2,United Airlines,EWR‐SIN,25h30m,2,"DEN, SFO",8:45 am – 8:06 pm,United Airlines,SIN‐EWR,23h21m,1,SFO,915,20220407-1602,best
4:45 pm – 6:15 am +2,United Airlines,EWR‐SIN,25h30m,2,"DEN, SFO",8:45 am – 7:20 pm,United Airlines,SIN‐EWR,22h35m,1,SFO,915,20220407-1602,best
6:40 pm – 6:15 am +2,United Airlines,EWR‐SIN,23h35m,1,SFO,8:45 am – 9:25 pm,United Airlines,SIN‐EWR,24h40m,2,"SFO, DEN",919,20220407-1602,best
3:20 pm – 6:15 am +2,United Airlines,EWR‐SIN,26h55m,1,SFO,8:45 am – 7:20 pm,United Airlines,SIN‐EWR,22h35m,1,SFO,915,20220407-1602,best
3:00 pm – 6:15 am +2,United Airlines,EWR‐SIN,27h15m,2,"DCA, SFO",8:45 am – 7:20 pm,United Airlines,SIN‐EWR,22h35m,1,SFO,915,20220407-1602,best
3:20 pm – 6:15 am +2,United Airlines,EWR‐SIN,26h55m,1,SFO,8:45 am – 8:06 pm,United Airlines,SIN‐EWR,23h21m,1,SFO,915,20220407-1602,best
11:35 am – 12:35 am +2,"United Airlines, ANA",EWR‐SIN,25h00m,1,NRT,8:45 am – 7:20 pm,United Airlines,SIN‐EWR,22h35m,1,SFO,1024,20220407-1602,best
6:40 pm – 6:15 am +2,United Airlines,EWR‐SIN,23h35m,1,SFO,8:45 am – 11:31 pm,United Airlines,SIN‐EWR,26h46m,2,"SFO, LAS",919,20220407-1602,best
4:40 pm – 6:15 am +2,United Airlines,EWR‐SIN,25h35m,1,SFO,8:45 am – 9:25 pm,United Airlines,SIN‐EWR,24h40m,2,"SFO, DEN",919,20220407-1602,best
6:40 pm – 6:15 am +2,United Airlines,EWR‐SIN,23h35m,1,SFO,6:10 am – 4:40 pm,"ANA, United Airlines",SIN‐EWR,22h30m,1,NRT,1087,20220407-1602,best
10:25 am – 5:10 pm +1,Singapore Airlines,EWR‐SIN,18h45m,0,,11:35 pm – 6:00 am +1,Singapore Airlines,SIN‐EWR,18h25m,0,,1506,20220407-1607,fast
6:40 pm – 6:15 am +2,United Airlines,EWR‐SIN,23h35m,1,SFO,11:35 pm – 6:00 am +1,Singapore Airlines,SIN‐EWR,18h25m,0,,1537,20220407-1607,fast
10:25 am – 5:10 pm +1,Singapore Airlines,EWR‐SIN,18h45m,0,,6:40 pm – 6:59 am +1,Singapore Airlines,SIN‐EWR,24h19m,1,SFO,1805,20220407-1607,fast
4:40 pm – 6:15 am +2,United Airlines,EWR‐SIN,25h35m,1,SFO,11:35 pm – 6:00 am +1,Singapore Airlines,SIN‐EWR,18h25m,0,,1537,20220407-1607,fast
10:25 am – 5:10 pm +1,Singapore Airlines,EWR‐SIN,18h45m,0,,9:25 am – 10:50 pm,"Singapore Airlines, JetBlue",SIN‐EWR,25h25m,1,SFO,1352,20220407-1607,fast
3:59 pm – 5:45 am +2,Singapore Airlines,EWR‐SIN,25h46m,1,SFO,11:35 pm – 6:00 am +1,Singapore Airlines,SIN‐EWR,18h25m,0,,2168,20220407-1607,fast
9:35 pm – 7:30 am +2,"British Airways, Singapore Airlines",EWR‐SIN,21h55m,1,LHR,6:10 am – 4:40 pm,ANA,SIN‐EWR,22h30m,1,NRT,4803,20220407-1607,fast
6:45 pm – 8:55 am +2,"JetBlue, Qatar Airways",EWR‐SIN,26h10m,2,"BOS, DOH",11:35 pm – 6:00 am +1,Singapore Airlines,SIN‐EWR,18h25m,0,,1776,20220407-1607,fast
7:55 am – 6:10 pm +1,"British Airways, Singapore Airlines",EWR‐SIN,22h15m,1,LHR,6:10 am – 4:40 pm,ANA,SIN‐EWR,22h30m,1,NRT,4803,20220407-1607,fast
9:26 am – 12:20 am +2,"JetBlue, Japan Airlines",EWR‐SIN,26h54m,2,"BOS, NRT",11:35 pm – 6:00 am +1,Singapore Airlines,SIN‐EWR,18h25m,0,,1493,20220407-1607,fast
9:00 am – 12:20 am +2,Japan Airlines,EWR‐SIN,27h20m,2,"LAX, NRT",11:35 pm – 6:00 am +1,Singapore Airlines,SIN‐EWR,18h25m,0,,1532,20220407-1607,fast
8:55 pm – 7:00 am +2,Lufthansa,EWR‐SIN,22h05m,1,MUC,11:25 pm – 11:15 am +1,Lufthansa,SIN‐EWR,23h50m,2,"MUC, AMS",1853,20220407-1607,fast
6:05 pm – 5:30 am +2,"British Airways, Singapore Airlines",EWR‐SIN,23h25m,1,LHR,6:10 am – 4:40 pm,ANA,SIN‐EWR,22h30m,1,NRT,4803,20220407-1607,fast
6:40 pm – 6:15 am +2,United Airlines,EWR‐SIN,23h35m,1,SFO,6:10 am – 4:40 pm,"ANA, United Airlines",SIN‐EWR,22h30m,1,NRT,1087,20220407-1607,fast
7:55 am – 5:45 pm +1,British Airways,EWR‐SIN,21h50m,1,LHR,6:40 pm – 6:59 am +1,Singapore Airlines,SIN‐EWR,24h19m,1,SFO,6715,20220407-1607,fast
