Out Time,Out Airline,Out Cities,Out Duration,Out Stops,Out Stop Cities,Return Time,Return Airline,Return Cities,Return Duration,Return Stops,Return Stop Cities,Price,timestamp,sort
11:15 am – 12:35 am +2,ANA,EWR‐SIN,25h20m,1,NRT,6:10 am – 4:45 pm,ANA,SIN‐EWR,22h35m,1,NRT,983,20220403-1940,cheap
11:15 am – 12:35 am +2,ANA,EWR‐SIN,25h20m,1,NRT,10:10 pm – 4:45 pm +1,ANA,SIN‐EWR,30h35m,1,HND-NRT,989,20220403-1940,cheap
11:15 am – 12:35 am +2,ANA,EWR‐SIN,25h20m,1,NRT,10:10 pm – 9:13 pm +1,ANA,SIN‐EWR,35h03m,2,"HND, ORD",989,20220403-1940,cheap
6:30 am – 12:35 am +2,ANA,EWR‐SIN,30h05m,2,"LAX, NRT",6:10 am – 4:45 pm,ANA,SIN‐EWR,22h35m,1,NRT,992,20220403-1940,cheap
6:30 am – 12:35 am +2,ANA,EWR‐SIN,30h05m,2,"LAX, NRT",6:10 am – 12:34 am +1,ANA,SIN‐EWR,30h24m,2,"NRT, LAX",995,20220403-1940,cheap
11:15 am – 12:35 am +2,ANA,EWR‐SIN,25h20m,1,NRT,6:10 am – 12:34 am +1,ANA,SIN‐EWR,30h24m,2,"NRT, LAX",998,20220403-1940,cheap
6:30 am – 12:35 am +2,ANA,EWR‐SIN,30h05m,2,"LAX, NRT",10:10 pm – 4:45 pm +1,ANA,SIN‐EWR,30h35m,1,HND-NRT,998,20220403-1940,cheap
11:15 am – 12:35 am +2,ANA,EWR‐SIN,25h20m,1,NRT,6:10 am – 6:45 am +1,ANA,SIN‐EWR,36h35m,2,"NRT, LAX",998,20220403-1940,cheap
11:25 am – 12:35 am +2,United Airlines,EWR‐SIN,25h10m,1,NRT,8:45 am – 7:28 pm,United Airlines,SIN‐EWR,22h43m,1,SFO,1012,20220403-1940,cheap
11:25 am – 12:35 am +2,United Airlines,EWR‐SIN,25h10m,1,NRT,8:45 am – 5:12 am +1,United Airlines,SIN‐EWR,32h27m,1,SFO,1012,20220403-1940,cheap
11:25 am – 12:35 am +2,United Airlines,EWR‐SIN,25h10m,1,NRT,6:10 am – 4:45 pm,United Airlines,SIN‐EWR,22h35m,1,NRT,1015,20220403-1940,cheap
10:19 am – 12:35 am +2,United Airlines,EWR‐SIN,26h16m,2,"IAD, NRT",8:45 am – 7:28 pm,United Airlines,SIN‐EWR,22h43m,1,SFO,1016,20220403-1940,cheap
11:25 am – 12:35 am +2,United Airlines,EWR‐SIN,25h10m,1,NRT,8:45 am – 11:42 pm,United Airlines,SIN‐EWR,26h57m,2,"SFO, IAD",1016,20220403-1940,cheap
6:29 am – 12:35 am +2,United Airlines,EWR‐SIN,30h06m,2,"SFO, NRT",8:45 am – 7:28 pm,United Airlines,SIN‐EWR,22h43m,1,SFO,1016,20220403-1940,cheap
11:25 am – 12:35 am +2,United Airlines,EWR‐SIN,25h10m,1,NRT,8:45 am – 12:34 am +1,United Airlines,SIN‐EWR,27h49m,2,"SFO, LAX",1016,20220403-1940,cheap
11:15 am – 12:35 am +2,ANA,EWR‐SIN,25h20m,1,NRT,6:10 am – 4:45 pm,ANA,SIN‐EWR,22h35m,1,NRT,983,20220403-1937,best
11:15 am – 12:35 am +2,ANA,EWR‐SIN,25h20m,1,NRT,6:10 am – 4:45 pm,ANA,SIN‐EWR,22h35m,1,NRT,983,20220403-1937,best
11:25 am – 12:35 am +2,United Airlines,EWR‐SIN,25h10m,1,NRT,8:45 am – 7:28 pm,United Airlines,SIN‐EWR,22h43m,1,SFO,1012,20220403-1937,best
11:25 am – 12:35 am +2,United Airlines,EWR‐SIN,25h10m,1,NRT,6:10 am – 4:45 pm,United Airlines,SIN‐EWR,22h35m,1,NRT,1015,20220403-1937,best
10:19 am – 12:35 am +2,United Airlines,EWR‐SIN,26h16m,2,"IAD, NRT",8:45 am – 7:28 pm,United Airlines,SIN‐EWR,22h43m,1,SFO,1016,20220403-1937,best
10:19 am – 12:35 am +2,United Airlines,EWR‐SIN,26h16m,2,"IAD, NRT",6:10 am – 4:45 pm,United Airlines,SIN‐EWR,22h35m,1,NRT,1019,20220403-1937,best
11:25 am – 12:35 am +2,United Airlines,EWR‐SIN,25h10m,1,NRT,8:45 am – 11:42 pm,United Airlines,SIN‐EWR,26h57m,2,"SFO, IAD",1016,20220403-1937,best
10:25 am – 5:10 pm +1,Singapore Airlines,EWR‐SIN,18h45m,0,,11:35 pm – 6:00 am +1,Singapore Airlines,SIN‐EWR,18h25m,0,,1624,20220403-1937,best
6:30 am – 12:35 am +2,ANA,EWR‐SIN,30h05m,2,"LAX, NRT",6:10 am – 4:45 pm,ANA,SIN‐EWR,22h35m,1,NRT,992,20220403-1937,best
11:25 am – 12:35 am +2,United Airlines,EWR‐SIN,25h10m,1,NRT,8:45 am – 12:34 am +1,United Airlines,SIN‐EWR,27h49m,2,"SFO, LAX",1016,20220403-1937,best
6:29 am – 12:35 am +2,United Airlines,EWR‐SIN,30h06m,2,"SFO, NRT",8:45 am – 7:28 pm,United Airlines,SIN‐EWR,22h43m,1,SFO,1016,20220403-1937,best
6:30 am – 12:35 am +2,"United Airlines, ANA",EWR‐SIN,30h05m,2,"LAX, NRT",8:45 am – 7:28 pm,United Airlines,SIN‐EWR,22h43m,1,SFO,1021,20220403-1937,best
6:00 am – 12:35 am +2,United Airlines,EWR‐SIN,30h35m,2,"IAD, NRT",8:45 am – 7:28 pm,United Airlines,SIN‐EWR,22h43m,1,SFO,1016,20220403-1937,best
6:29 am – 12:35 am +2,United Airlines,EWR‐SIN,30h06m,2,"SFO, NRT",6:10 am – 4:45 pm,United Airlines,SIN‐EWR,22h35m,1,NRT,1019,20220403-1937,best
6:00 am – 12:35 am +2,United Airlines,EWR‐SIN,30h35m,2,"IAD, NRT",6:10 am – 4:45 pm,United Airlines,SIN‐EWR,22h35m,1,NRT,1019,20220403-1937,best
10:19 am – 12:35 am +2,United Airlines,EWR‐SIN,26h16m,2,"IAD, NRT",8:45 am – 8:53 pm,United Airlines,SIN‐EWR,24h08m,2,"SFO, LAX",1123,20220403-1937,best
10:25 am – 5:10 pm +1,Singapore Airlines,EWR‐SIN,18h45m,0,,11:35 pm – 6:00 am +1,Singapore Airlines,SIN‐EWR,18h25m,0,,1624,20220403-1942,fast
8:45 pm – 7:00 am +2,Lufthansa,EWR‐SIN,22h15m,1,MUC,11:35 pm – 6:00 am +1,Singapore Airlines,SIN‐EWR,18h25m,0,,2332,20220403-1942,fast
10:25 am – 5:10 pm +1,Singapore Airlines,EWR‐SIN,18h45m,0,,6:10 am – 4:45 pm,ANA,SIN‐EWR,22h35m,1,NRT,1992,20220403-1942,fast
6:20 pm – 5:55 am +2,SWISS,EWR‐SIN,23h35m,1,ZRH,11:35 pm – 6:00 am +1,Singapore Airlines,SIN‐EWR,18h25m,0,,2268,20220403-1942,fast
10:25 am – 5:10 pm +1,Singapore Airlines,EWR‐SIN,18h45m,0,,8:45 pm – 8:14 am +1,"Singapore Airlines, JetBlue",SIN‐EWR,23h29m,1,LAX,1757,20220403-1942,fast
10:25 am – 5:10 pm +1,Singapore Airlines,EWR‐SIN,18h45m,0,,6:40 pm – 7:00 am +1,Singapore Airlines,SIN‐EWR,24h20m,1,LAX,1757,20220403-1942,fast
10:25 am – 5:10 pm +1,Singapore Airlines,EWR‐SIN,18h45m,0,,6:40 pm – 7:00 am +1,Singapore Airlines,SIN‐EWR,24h20m,1,SFO,2062,20220403-1942,fast
4:15 pm – 5:30 am +2,"Alaska Airlines, Singapore Airlines",EWR‐SIN,25h15m,1,LAX,11:35 pm – 6:00 am +1,Singapore Airlines,SIN‐EWR,18h25m,0,,2401,20220403-1942,fast
11:15 am – 12:35 am +2,ANA,EWR‐SIN,25h20m,1,NRT,11:35 pm – 6:00 am +1,Singapore Airlines,SIN‐EWR,18h25m,0,,1618,20220403-1942,fast
10:25 am – 5:10 pm +1,Singapore Airlines,EWR‐SIN,18h45m,0,,6:40 pm – 8:14 am +1,"Singapore Airlines, JetBlue",SIN‐EWR,25h34m,1,LAX,1757,20220403-1942,fast
8:45 pm – 7:00 am +2,Lufthansa,EWR‐SIN,22h15m,1,MUC,6:10 am – 4:45 pm,ANA,SIN‐EWR,22h35m,1,NRT,2213,20220403-1942,fast
10:25 am – 5:10 pm +1,Singapore Airlines,EWR‐SIN,18h45m,0,,11:40 pm – 1:50 pm +1,Lufthansa,SIN‐EWR,26h10m,1,FRA,7581,20220403-1942,fast
8:40 am – 11:40 pm +1,Korean Air,EWR‐SIN,27h00m,2,"BOS, ICN",11:35 pm – 6:00 am +1,Singapore Airlines,SIN‐EWR,18h25m,0,,1622,20220403-1942,fast
10:00 pm – 7:30 am +2,"Lufthansa, Singapore Airlines",EWR‐SIN,21h30m,1,LHR,6:40 pm – 7:00 am +1,Singapore Airlines,SIN‐EWR,24h20m,1,LAX,4525,20220403-1942,fast
4:15 pm – 7:50 am +2,"Alaska Airlines, Singapore Airlines",EWR‐SIN,27h35m,1,LAX,11:35 pm – 6:00 am +1,Singapore Airlines,SIN‐EWR,18h25m,0,,2732,20220403-1942,fast
