Out Time,Out Airline,Out Cities,Out Duration,Out Stops,Out Stop Cities,Return Time,Return Airline,Return Cities,Return Duration,Return Stops,Return Stop Cities,Price,timestamp,sort
12:00 pm – 12:35 am +2,ANA,EWR‐SIN,24h35m,1,NRT,6:10 am – 4:45 pm,ANA,SIN‐EWR,22h35m,1,NRT,1028,20220403-2244,cheap
6:00 am – 12:35 am +2,ANA,EWR‐SIN,30h35m,2,"LAX, NRT",6:10 am – 4:45 pm,ANA,SIN‐EWR,22h35m,1,NRT,1038,20220403-2244,cheap
6:00 am – 12:35 am +2,ANA,EWR‐SIN,30h35m,2,"LAX, NRT",6:10 am – 12:25 am +1,ANA,SIN‐EWR,30h15m,2,"NRT, LAX",1039,20220403-2244,cheap
12:00 pm – 12:35 am +2,ANA,EWR‐SIN,24h35m,1,NRT,6:10 am – 12:25 am +1,ANA,SIN‐EWR,30h15m,2,"NRT, LAX",1044,20220403-2244,cheap
12:00 pm – 12:35 am +2,ANA,EWR‐SIN,24h35m,1,NRT,6:10 am – 5:39 am +1,ANA,SIN‐EWR,35h29m,2,"NRT, LAX",1044,20220403-2244,cheap
10:55 am – 12:35 am +2,ANA,EWR‐SIN,25h40m,1,HND-NRT,6:10 am – 4:45 pm,ANA,SIN‐EWR,22h35m,1,NRT,1047,20220403-2244,cheap
10:55 am – 12:35 am +2,ANA,EWR‐SIN,25h40m,1,HND-NRT,6:10 am – 12:25 am +1,ANA,SIN‐EWR,30h15m,2,"NRT, LAX",1053,20220403-2244,cheap
10:55 am – 12:35 am +2,ANA,EWR‐SIN,25h40m,1,HND-NRT,6:10 am – 5:39 am +1,ANA,SIN‐EWR,35h29m,2,"NRT, LAX",1053,20220403-2244,cheap
12:00 pm – 12:35 am +2,United Airlines,EWR‐SIN,24h35m,1,NRT,8:45 am – 5:16 am +1,United Airlines,SIN‐EWR,32h31m,1,SFO,1057,20220403-2244,cheap
12:00 pm – 12:35 am +2,United Airlines,EWR‐SIN,24h35m,1,NRT,8:45 am – 8:21 am +1,United Airlines,SIN‐EWR,35h36m,2,"SFO, LAX",1061,20220403-2244,cheap
12:00 pm – 12:35 am +2,United Airlines,EWR‐SIN,24h35m,1,NRT,8:45 am – 9:13 am +1,United Airlines,SIN‐EWR,36h28m,2,"SFO, ORD",1061,20220403-2244,cheap
6:29 am – 12:35 am +2,United Airlines,EWR‐SIN,30h06m,2,"SFO, NRT",8:45 am – 5:16 am +1,United Airlines,SIN‐EWR,32h31m,1,SFO,1061,20220403-2244,cheap
6:20 am – 12:35 am +2,United Airlines,EWR‐SIN,30h15m,2,"LAX, NRT",8:45 am – 5:16 am +1,United Airlines,SIN‐EWR,32h31m,1,SFO,1061,20220403-2244,cheap
6:29 am – 12:35 am +2,United Airlines,EWR‐SIN,30h06m,2,"SFO, NRT",6:10 am – 4:45 pm,United Airlines,SIN‐EWR,22h35m,1,NRT,1064,20220403-2244,cheap
6:20 am – 12:35 am +2,United Airlines,EWR‐SIN,30h15m,2,"LAX, NRT",6:10 am – 4:45 pm,United Airlines,SIN‐EWR,22h35m,1,NRT,1064,20220403-2244,cheap
12:00 pm – 12:35 am +2,ANA,EWR‐SIN,24h35m,1,NRT,6:10 am – 4:45 pm,ANA,SIN‐EWR,22h35m,1,NRT,1028,20220403-2242,best
12:00 pm – 12:35 am +2,ANA,EWR‐SIN,24h35m,1,NRT,6:10 am – 4:45 pm,ANA,SIN‐EWR,22h35m,1,NRT,1028,20220403-2242,best
10:55 am – 12:35 am +2,ANA,EWR‐SIN,25h40m,1,HND-NRT,6:10 am – 4:45 pm,ANA,SIN‐EWR,22h35m,1,NRT,1047,20220403-2242,best
10:25 am – 5:10 pm +1,Singapore Airlines,EWR‐SIN,18h45m,0,,11:35 pm – 6:00 am +1,Singapore Airlines,SIN‐EWR,18h25m,0,,1555,20220403-2242,best
8:15 am – 12:35 am +2,ANA,EWR‐SIN,28h20m,2,"SFO, NRT",6:10 am – 4:45 pm,ANA,SIN‐EWR,22h35m,1,NRT,1071,20220403-2242,best
12:00 pm – 12:35 am +2,"United Airlines, ANA",EWR‐SIN,24h35m,1,NRT,8:45 am – 7:21 pm,United Airlines,SIN‐EWR,22h36m,1,SFO,1312,20220403-2242,best
6:00 am – 12:35 am +2,ANA,EWR‐SIN,30h35m,2,"LAX, NRT",6:10 am – 4:45 pm,ANA,SIN‐EWR,22h35m,1,NRT,1038,20220403-2242,best
6:29 am – 12:35 am +2,United Airlines,EWR‐SIN,30h06m,2,"SFO, NRT",6:10 am – 4:45 pm,United Airlines,SIN‐EWR,22h35m,1,NRT,1064,20220403-2242,best
6:20 am – 12:35 am +2,United Airlines,EWR‐SIN,30h15m,2,"LAX, NRT",6:10 am – 4:45 pm,United Airlines,SIN‐EWR,22h35m,1,NRT,1064,20220403-2242,best
12:00 pm – 12:35 am +2,ANA,EWR‐SIN,24h35m,1,NRT,6:10 am – 12:25 am +1,ANA,SIN‐EWR,30h15m,2,"NRT, LAX",1044,20220403-2242,best
10:40 am – 12:35 am +2,Air Canada,EWR‐SIN,25h55m,2,"YUL, NRT",6:10 am – 8:27 pm,Air Canada,SIN‐EWR,26h17m,2,"NRT, YUL",1120,20220403-2242,best
12:00 pm – 12:35 am +2,ANA,EWR‐SIN,24h35m,1,NRT,6:10 am – 12:25 am +1,ANA,SIN‐EWR,30h15m,2,"NRT-HND, LAX",1088,20220403-2242,best
12:00 pm – 12:35 am +2,"United Airlines, ANA",EWR‐SIN,24h35m,1,NRT,8:45 am – 9:10 pm,United Airlines,SIN‐EWR,24h25m,2,"SFO, ORD",1316,20220403-2242,best
10:55 am – 12:35 am +2,ANA,EWR‐SIN,25h40m,1,HND-NRT,6:10 am – 12:25 am +1,ANA,SIN‐EWR,30h15m,2,"NRT, LAX",1053,20220403-2242,best
12:00 pm – 12:35 am +2,United Airlines,EWR‐SIN,24h35m,1,NRT,8:45 am – 1:07 am +1,United Airlines,SIN‐EWR,28h22m,1,SFO,1233,20220403-2242,best
12:00 pm – 12:35 am +2,ANA,EWR‐SIN,24h35m,1,NRT,6:10 am – 9:00 pm,"ANA, United Airlines",SIN‐EWR,26h50m,2,"NRT, IAD",1253,20220403-2242,best
10:25 am – 5:10 pm +1,Singapore Airlines,EWR‐SIN,18h45m,0,,11:35 pm – 6:00 am +1,Singapore Airlines,SIN‐EWR,18h25m,0,,1555,20220403-2247,fast
10:25 am – 5:10 pm +1,Singapore Airlines,EWR‐SIN,18h45m,0,,7:00 am – 4:49 pm,"Singapore Airlines, Air Canada",SIN‐EWR,21h49m,1,YVR,7106,20220403-2247,fast
10:25 am – 5:10 pm +1,Singapore Airlines,EWR‐SIN,18h45m,0,,6:10 am – 4:45 pm,ANA,SIN‐EWR,22h35m,1,NRT,2118,20220403-2247,fast
10:25 am – 5:10 pm +1,Singapore Airlines,EWR‐SIN,18h45m,0,,12:30 am – 12:25 pm,Lufthansa,SIN‐EWR,23h55m,1,MUC,2073,20220403-2247,fast
12:00 pm – 12:35 am +2,ANA,EWR‐SIN,24h35m,1,NRT,11:35 pm – 6:00 am +1,Singapore Airlines,SIN‐EWR,18h25m,0,,1593,20220403-2247,fast
10:25 am – 5:10 pm +1,Singapore Airlines,EWR‐SIN,18h45m,0,,6:40 pm – 6:59 am +1,Singapore Airlines,SIN‐EWR,24h19m,1,SFO,2042,20220403-2247,fast
10:55 am – 12:35 am +2,ANA,EWR‐SIN,25h40m,1,HND-NRT,11:35 pm – 6:00 am +1,Singapore Airlines,SIN‐EWR,18h25m,0,,1962,20220403-2247,fast
3:59 pm – 5:45 am +2,Singapore Airlines,EWR‐SIN,25h46m,1,SFO,11:35 pm – 6:00 am +1,Singapore Airlines,SIN‐EWR,18h25m,0,,2294,20220403-2247,fast
6:45 pm – 8:55 am +2,"JetBlue, Qatar Airways",EWR‐SIN,26h10m,2,"BOS, DOH",11:35 pm – 6:00 am +1,Singapore Airlines,SIN‐EWR,18h25m,0,,2166,20220403-2247,fast
4:15 pm – 7:50 am +2,Singapore Airlines,EWR‐SIN,27h35m,1,LAX,11:35 pm – 6:00 am +1,Singapore Airlines,SIN‐EWR,18h25m,0,,2736,20220403-2247,fast
10:25 am – 5:10 pm +1,Singapore Airlines,EWR‐SIN,18h45m,0,,6:10 am – 9:30 pm,ANA,SIN‐EWR,27h20m,2,"NRT, SFO",2217,20220403-2247,fast
6:40 pm – 6:15 am +2,United Airlines,EWR‐SIN,23h35m,1,SFO,6:10 am – 4:45 pm,United Airlines,SIN‐EWR,22h35m,1,NRT,10006,20220403-2247,fast
6:40 pm – 6:15 am +2,United Airlines,EWR‐SIN,23h35m,1,SFO,8:45 am – 7:21 pm,United Airlines,SIN‐EWR,22h36m,1,SFO,2011,20220403-2247,fast
8:15 am – 12:35 am +2,ANA,EWR‐SIN,28h20m,2,"SFO, NRT",11:35 pm – 6:00 am +1,Singapore Airlines,SIN‐EWR,18h25m,0,,1616,20220403-2247,fast
4:26 pm – 8:55 am +2,"JetBlue, Qatar Airways",EWR‐SIN,28h29m,2,"BOS, DOH",11:35 pm – 6:00 am +1,Singapore Airlines,SIN‐EWR,18h25m,0,,2166,20220403-2247,fast
