Out Time,Out Airline,Out Cities,Out Duration,Out Stops,Out Stop Cities,Return Time,Return Airline,Return Cities,Return Duration,Return Stops,Return Stop Cities,Price,timestamp,sort
9:00 am – 6:15 am +2,United Airlines,EWR‐SIN,33h15m,1,SFO,8:45 am – 10:08 pm,United Airlines,SIN‐EWR,25h23m,1,SFO,1082,20220407-1022,cheap
8:00 am – 6:15 am +2,United Airlines,EWR‐SIN,34h15m,1,SFO,8:45 am – 10:08 pm,United Airlines,SIN‐EWR,25h23m,1,SFO,1082,20220407-1022,cheap
9:00 am – 6:15 am +2,United Airlines,EWR‐SIN,33h15m,1,SFO,8:45 am – 11:58 pm,United Airlines,SIN‐EWR,27h13m,1,SFO,1082,20220407-1022,cheap
9:00 am – 6:15 am +2,United Airlines,EWR‐SIN,33h15m,1,SFO,8:45 am – 12:53 am +1,United Airlines,SIN‐EWR,28h08m,1,SFO,1082,20220407-1022,cheap
8:00 am – 6:15 am +2,United Airlines,EWR‐SIN,34h15m,1,SFO,8:45 am – 11:58 pm,United Airlines,SIN‐EWR,27h13m,1,SFO,1082,20220407-1022,cheap
8:00 am – 6:15 am +2,United Airlines,EWR‐SIN,34h15m,1,SFO,8:45 am – 12:53 am +1,United Airlines,SIN‐EWR,28h08m,1,SFO,1082,20220407-1022,cheap
9:00 am – 6:15 am +2,United Airlines,EWR‐SIN,33h15m,1,SFO,8:45 am – 1:58 am +1,United Airlines,SIN‐EWR,29h13m,1,SFO,1082,20220407-1022,cheap
11:35 am – 12:35 am +2,ANA,EWR‐SIN,25h00m,1,NRT,6:10 am – 4:40 pm,ANA,SIN‐EWR,22h30m,1,NRT,1159,20220407-1022,cheap
7:00 am – 12:35 am +2,ANA,EWR‐SIN,29h35m,2,"LAX, NRT",6:10 am – 10:08 pm,ANA,SIN‐EWR,27h58m,2,"NRT, SFO",1161,20220407-1022,cheap
7:00 am – 12:35 am +2,ANA,EWR‐SIN,29h35m,2,"LAX, NRT",6:10 am – 4:40 pm,ANA,SIN‐EWR,22h30m,1,NRT,1162,20220407-1022,cheap
8:00 pm – 12:35 am +3,ANA,EWR‐SIN,40h35m,2,"LAX, NRT",6:10 am – 4:40 pm,ANA,SIN‐EWR,22h30m,1,NRT,1162,20220407-1022,cheap
11:35 am – 12:35 am +2,ANA,EWR‐SIN,25h00m,1,NRT,6:10 am – 10:08 pm,ANA,SIN‐EWR,27h58m,2,"NRT, SFO",1168,20220407-1022,cheap
10:55 am – 12:35 am +2,ANA,EWR‐SIN,25h40m,1,HND-NRT,6:10 am – 4:40 pm,ANA,SIN‐EWR,22h30m,1,NRT,1171,20220407-1022,cheap
10:55 am – 12:35 am +2,ANA,EWR‐SIN,25h40m,1,HND-NRT,6:10 am – 10:08 pm,ANA,SIN‐EWR,27h58m,2,"NRT, SFO",1177,20220407-1022,cheap
7:00 am – 12:35 am +2,ANA,EWR‐SIN,29h35m,2,"LAX, NRT",6:10 am – 10:38 pm,ANA,SIN‐EWR,28h28m,2,"NRT, LAX",1182,20220407-1022,cheap
11:35 am – 12:35 am +2,ANA,EWR‐SIN,25h00m,1,NRT,6:10 am – 4:40 pm,ANA,SIN‐EWR,22h30m,1,NRT,1159,20220407-1019,best
11:35 am – 12:35 am +2,ANA,EWR‐SIN,25h00m,1,NRT,6:10 am – 4:40 pm,ANA,SIN‐EWR,22h30m,1,NRT,1159,20220407-1019,best
9:00 am – 6:15 am +2,United Airlines,EWR‐SIN,33h15m,1,SFO,8:45 am – 10:08 pm,United Airlines,SIN‐EWR,25h23m,1,SFO,1082,20220407-1019,best
10:55 am – 12:35 am +2,ANA,EWR‐SIN,25h40m,1,HND-NRT,6:10 am – 4:40 pm,ANA,SIN‐EWR,22h30m,1,NRT,1171,20220407-1019,best
6:00 pm – 6:15 am +2,United Airlines,EWR‐SIN,24h15m,1,SFO,6:10 am – 4:40 pm,"ANA, United Airlines",SIN‐EWR,22h30m,1,NRT,1297,20220407-1019,best
6:00 pm – 6:15 am +2,United Airlines,EWR‐SIN,24h15m,1,SFO,8:45 am – 10:08 pm,United Airlines,SIN‐EWR,25h23m,1,SFO,1191,20220407-1019,best
5:00 pm – 6:15 am +2,United Airlines,EWR‐SIN,25h15m,1,SFO,8:45 am – 10:08 pm,United Airlines,SIN‐EWR,25h23m,1,SFO,1191,20220407-1019,best
6:00 pm – 6:15 am +2,United Airlines,EWR‐SIN,24h15m,1,SFO,8:45 am – 11:58 pm,United Airlines,SIN‐EWR,27h13m,1,SFO,1191,20220407-1019,best
4:00 pm – 6:15 am +2,United Airlines,EWR‐SIN,26h15m,2,"LAX, SFO",6:10 am – 4:40 pm,"ANA, United Airlines",SIN‐EWR,22h30m,1,NRT,1297,20220407-1019,best
8:00 am – 12:35 am +2,ANA,EWR‐SIN,28h35m,2,"SFO, NRT",6:10 am – 4:40 pm,ANA,SIN‐EWR,22h30m,1,NRT,1203,20220407-1019,best
7:00 am – 12:35 am +2,ANA,EWR‐SIN,29h35m,2,"LAX, NRT",6:10 am – 4:40 pm,ANA,SIN‐EWR,22h30m,1,NRT,1162,20220407-1019,best
3:00 pm – 6:15 am +2,United Airlines,EWR‐SIN,27h15m,1,SFO,8:45 am – 10:08 pm,United Airlines,SIN‐EWR,25h23m,1,SFO,1191,20220407-1019,best
4:00 pm – 6:15 am +2,United Airlines,EWR‐SIN,26h15m,2,"LAX, SFO",8:45 am – 10:08 pm,United Airlines,SIN‐EWR,25h23m,1,SFO,1191,20220407-1019,best
11:35 am – 12:35 am +2,ANA,EWR‐SIN,25h00m,1,NRT,6:10 am – 10:08 pm,ANA,SIN‐EWR,27h58m,2,"NRT, SFO",1168,20220407-1019,best
2:59 pm – 6:15 am +2,United Airlines,EWR‐SIN,27h16m,2,"ORD, SFO",6:10 am – 4:40 pm,"ANA, United Airlines",SIN‐EWR,22h30m,1,NRT,1297,20220407-1019,best
2:59 pm – 6:15 am +2,United Airlines,EWR‐SIN,27h16m,2,"ORD, SFO",8:45 am – 10:08 pm,United Airlines,SIN‐EWR,25h23m,1,SFO,1191,20220407-1019,best
10:55 am – 12:35 am +2,ANA,EWR‐SIN,25h40m,1,HND-NRT,6:10 am – 10:08 pm,ANA,SIN‐EWR,27h58m,2,"NRT, SFO",1177,20220407-1019,best
10:25 am – 5:10 pm +1,Singapore Airlines,EWR‐SIN,18h45m,0,,11:35 pm – 6:00 am +1,Singapore Airlines,SIN‐EWR,18h25m,0,,2160,20220407-1024,fast
8:55 pm – 7:00 am +2,Lufthansa,EWR‐SIN,22h05m,1,MUC,11:35 pm – 6:00 am +1,Singapore Airlines,SIN‐EWR,18h25m,0,,3627,20220407-1024,fast
10:25 am – 5:10 pm +1,Singapore Airlines,EWR‐SIN,18h45m,0,,7:00 am – 4:49 pm,"Singapore Airlines, Air Canada",SIN‐EWR,21h49m,1,YVR,7249,20220407-1024,fast
10:25 am – 5:10 pm +1,Singapore Airlines,EWR‐SIN,18h45m,0,,6:40 pm – 6:59 am +1,Singapore Airlines,SIN‐EWR,24h19m,1,SFO,3407,20220407-1024,fast
11:35 am – 12:35 am +2,ANA,EWR‐SIN,25h00m,1,NRT,11:35 pm – 6:00 am +1,Singapore Airlines,SIN‐EWR,18h25m,0,,1683,20220407-1024,fast
5:30 pm – 7:00 am +2,Lufthansa,EWR‐SIN,25h30m,1,MUC,11:35 pm – 6:00 am +1,Singapore Airlines,SIN‐EWR,18h25m,0,,3633,20220407-1024,fast
10:55 am – 12:35 am +2,ANA,EWR‐SIN,25h40m,1,HND-NRT,11:35 pm – 6:00 am +1,Singapore Airlines,SIN‐EWR,18h25m,0,,2000,20220407-1024,fast
4:00 pm – 7:50 am +2,"Alaska Airlines, Singapore Airlines",EWR‐SIN,27h50m,1,LAX,11:35 pm – 6:00 am +1,Singapore Airlines,SIN‐EWR,18h25m,0,,2693,20220407-1024,fast
8:25 am – 12:20 am +2,Japan Airlines,EWR‐SIN,27h55m,2,"SFO, NRT",11:35 pm – 6:00 am +1,Singapore Airlines,SIN‐EWR,18h25m,0,,2024,20220407-1024,fast
9:00 am – 1:15 am +2,Singapore Airlines,EWR‐SIN,28h15m,2,"LAX, NRT",11:35 pm – 6:00 am +1,Singapore Airlines,SIN‐EWR,18h25m,0,,6865,20220407-1024,fast
6:00 pm – 6:15 am +2,United Airlines,EWR‐SIN,24h15m,1,SFO,6:10 am – 4:40 pm,"ANA, United Airlines",SIN‐EWR,22h30m,1,NRT,1297,20220407-1024,fast
7:20 am – 12:20 am +2,Japan Airlines,EWR‐SIN,29h00m,2,"SEA, NRT",11:35 pm – 6:00 am +1,Singapore Airlines,SIN‐EWR,18h25m,0,,1997,20220407-1024,fast
6:15 pm – 5:55 am +2,SWISS,EWR‐SIN,23h40m,1,ZRH,1:25 am – 1:10 pm,SWISS,SIN‐EWR,23h45m,1,ZRH,2487,20220407-1024,fast
11:35 am – 12:35 am +2,ANA,EWR‐SIN,25h00m,1,NRT,6:10 am – 4:40 pm,ANA,SIN‐EWR,22h30m,1,NRT,1159,20220407-1024,fast
5:00 pm – 6:15 am +2,United Airlines,EWR‐SIN,25h15m,1,SFO,6:10 am – 4:40 pm,United Airlines,SIN‐EWR,22h30m,1,NRT,2307,20220407-1024,fast
