Out Time,Out Airline,Out Cities,Out Duration,Out Stops,Out Stop Cities,Return Time,Return Airline,Return Cities,Return Duration,Return Stops,Return Stop Cities,Price,timestamp,sort
6:30 pm – 6:45 am +2,United Airlines,EWR‐SIN,24h15m,1,SFO,9:00 am – 7:33 pm,United Airlines,SIN‐EWR,22h33m,1,SFO,906,20220403-1625,cheap
5:30 pm – 6:45 am +2,United Airlines,EWR‐SIN,25h15m,1,SFO,9:00 am – 7:33 pm,United Airlines,SIN‐EWR,22h33m,1,SFO,906,20220403-1625,cheap
6:30 pm – 6:45 am +2,United Airlines,EWR‐SIN,24h15m,1,SFO,9:00 am – 9:44 pm,United Airlines,SIN‐EWR,24h44m,1,SFO,906,20220403-1625,cheap
4:00 pm – 6:45 am +2,United Airlines,EWR‐SIN,26h45m,2,"DCA, SFO",9:00 am – 7:33 pm,United Airlines,SIN‐EWR,22h33m,1,SFO,906,20220403-1625,cheap
3:45 pm – 6:45 am +2,United Airlines,EWR‐SIN,27h00m,1,SFO,9:00 am – 7:33 pm,United Airlines,SIN‐EWR,22h33m,1,SFO,906,20220403-1625,cheap
3:33 pm – 6:45 am +2,United Airlines,EWR‐SIN,27h12m,2,"DEN, SFO",9:00 am – 7:33 pm,United Airlines,SIN‐EWR,22h33m,1,SFO,906,20220403-1625,cheap
5:30 pm – 6:45 am +2,United Airlines,EWR‐SIN,25h15m,1,SFO,9:00 am – 9:44 pm,United Airlines,SIN‐EWR,24h44m,1,SFO,906,20220403-1625,cheap
3:17 pm – 6:45 am +2,United Airlines,EWR‐SIN,27h28m,2,"ORD, SFO",9:00 am – 7:33 pm,United Airlines,SIN‐EWR,22h33m,1,SFO,906,20220403-1625,cheap
3:00 pm – 6:45 am +2,United Airlines,EWR‐SIN,27h45m,2,"DCA, SFO",9:00 am – 7:33 pm,United Airlines,SIN‐EWR,22h33m,1,SFO,906,20220403-1625,cheap
6:30 pm – 6:45 am +2,United Airlines,EWR‐SIN,24h15m,1,SFO,9:00 am – 11:09 pm,United Airlines,SIN‐EWR,26h09m,1,SFO,906,20220403-1625,cheap
2:44 pm – 6:45 am +2,United Airlines,EWR‐SIN,28h01m,2,"IAD, SFO",9:00 am – 7:33 pm,United Airlines,SIN‐EWR,22h33m,1,SFO,906,20220403-1625,cheap
2:35 pm – 6:45 am +2,United Airlines,EWR‐SIN,28h10m,2,"DCA, SFO",9:00 am – 7:33 pm,United Airlines,SIN‐EWR,22h33m,1,SFO,906,20220403-1625,cheap
2:15 pm – 6:45 am +2,United Airlines,EWR‐SIN,28h30m,1,SFO,9:00 am – 7:33 pm,United Airlines,SIN‐EWR,22h33m,1,SFO,906,20220403-1625,cheap
2:08 pm – 6:45 am +2,United Airlines,EWR‐SIN,28h37m,2,"DEN, SFO",9:00 am – 7:33 pm,United Airlines,SIN‐EWR,22h33m,1,SFO,906,20220403-1625,cheap
2:08 pm – 6:45 am +2,United Airlines,EWR‐SIN,28h37m,2,"DEN, SFO",9:00 am – 7:33 pm,United Airlines,SIN‐EWR,22h33m,1,SFO,906,20220403-1625,cheap
8:15 am – 12:20 am +2,Japan Airlines,EWR‐SIN,28h05m,2,"LAX, NRT",11:30 pm – 10:20 pm +1,Turkish Airlines,SIN‐EWR,34h50m,1,IST,1042,20220403-1622,best
6:30 pm – 6:45 am +2,United Airlines,EWR‐SIN,24h15m,1,SFO,9:00 am – 7:33 pm,United Airlines,SIN‐EWR,22h33m,1,SFO,906,20220403-1622,best
5:30 pm – 6:45 am +2,United Airlines,EWR‐SIN,25h15m,1,SFO,9:00 am – 7:33 pm,United Airlines,SIN‐EWR,22h33m,1,SFO,906,20220403-1622,best
6:30 pm – 6:45 am +2,United Airlines,EWR‐SIN,24h15m,1,SFO,9:00 am – 9:44 pm,United Airlines,SIN‐EWR,24h44m,1,SFO,906,20220403-1622,best
3:45 pm – 6:45 am +2,United Airlines,EWR‐SIN,27h00m,1,SFO,9:00 am – 7:33 pm,United Airlines,SIN‐EWR,22h33m,1,SFO,906,20220403-1622,best
5:30 pm – 6:45 am +2,United Airlines,EWR‐SIN,25h15m,1,SFO,9:00 am – 9:44 pm,United Airlines,SIN‐EWR,24h44m,1,SFO,906,20220403-1622,best
6:30 pm – 6:45 am +2,United Airlines,EWR‐SIN,24h15m,1,SFO,9:00 am – 11:09 pm,United Airlines,SIN‐EWR,26h09m,1,SFO,906,20220403-1622,best
4:00 pm – 6:45 am +2,United Airlines,EWR‐SIN,26h45m,2,"DCA, SFO",9:00 am – 7:33 pm,United Airlines,SIN‐EWR,22h33m,1,SFO,906,20220403-1622,best
3:33 pm – 6:45 am +2,United Airlines,EWR‐SIN,27h12m,2,"DEN, SFO",9:00 am – 7:33 pm,United Airlines,SIN‐EWR,22h33m,1,SFO,906,20220403-1622,best
2:15 pm – 6:45 am +2,United Airlines,EWR‐SIN,28h30m,1,SFO,9:00 am – 7:33 pm,United Airlines,SIN‐EWR,22h33m,1,SFO,906,20220403-1622,best
3:17 pm – 6:45 am +2,United Airlines,EWR‐SIN,27h28m,2,"ORD, SFO",9:00 am – 7:33 pm,United Airlines,SIN‐EWR,22h33m,1,SFO,906,20220403-1622,best
5:30 pm – 6:45 am +2,United Airlines,EWR‐SIN,25h15m,1,SFO,9:00 am – 11:09 pm,United Airlines,SIN‐EWR,26h09m,1,SFO,906,20220403-1622,best
3:00 pm – 6:45 am +2,United Airlines,EWR‐SIN,27h45m,2,"DCA, SFO",9:00 am – 7:33 pm,United Airlines,SIN‐EWR,22h33m,1,SFO,906,20220403-1622,best
3:45 pm – 6:45 am +2,United Airlines,EWR‐SIN,27h00m,1,SFO,9:00 am – 9:44 pm,United Airlines,SIN‐EWR,24h44m,1,SFO,906,20220403-1622,best
2:44 pm – 6:45 am +2,United Airlines,EWR‐SIN,28h01m,2,"IAD, SFO",9:00 am – 7:33 pm,United Airlines,SIN‐EWR,22h33m,1,SFO,906,20220403-1622,best
6:30 pm – 6:45 am +2,United Airlines,EWR‐SIN,24h15m,1,SFO,9:00 am – 12:44 am +1,United Airlines,SIN‐EWR,27h44m,1,SFO,906,20220403-1622,best
6:35 pm – 7:50 am +2,Singapore Airlines,EWR‐SIN,25h15m,1,LAX,11:35 pm – 6:00 am +1,Singapore Airlines,SIN‐EWR,18h25m,0,,1498,20220403-1627,fast
8:15 am – 12:20 am +2,Japan Airlines,EWR‐SIN,28h05m,2,"LAX, NRT",11:35 pm – 6:00 am +1,Singapore Airlines,SIN‐EWR,18h25m,0,,1480,20220403-1627,fast
6:30 pm – 6:45 am +2,United Airlines,EWR‐SIN,24h15m,1,SFO,9:00 am – 7:33 pm,United Airlines,SIN‐EWR,22h33m,1,SFO,906,20220403-1627,fast
7:45 am – 12:20 am +2,Japan Airlines,EWR‐SIN,28h35m,2,"ORD, NRT",11:35 pm – 6:00 am +1,Singapore Airlines,SIN‐EWR,18h25m,0,,1480,20220403-1627,fast
6:20 pm – 5:55 am +2,SWISS,EWR‐SIN,23h35m,1,ZRH,1:25 am – 1:10 pm,SWISS,SIN‐EWR,23h45m,1,ZRH,2866,20220403-1627,fast
8:15 am – 1:15 am +2,"Alaska Airlines, Singapore Airlines",EWR‐SIN,29h00m,2,"LAX, NRT",11:35 pm – 6:00 am +1,Singapore Airlines,SIN‐EWR,18h25m,0,,1297,20220403-1627,fast
8:00 am – 1:15 am +2,"JetBlue, Singapore Airlines",EWR‐SIN,29h15m,2,"LAX, NRT",11:35 pm – 6:00 am +1,Singapore Airlines,SIN‐EWR,18h25m,0,,1329,20220403-1627,fast
5:30 pm – 6:45 am +2,United Airlines,EWR‐SIN,25h15m,1,SFO,9:00 am – 7:33 pm,United Airlines,SIN‐EWR,22h33m,1,SFO,906,20220403-1627,fast
11:50 pm – 5:30 pm +2,Turkish Airlines,EWR‐SIN,29h40m,1,IST,11:35 pm – 6:00 am +1,Singapore Airlines,SIN‐EWR,18h25m,0,,1793,20220403-1627,fast
6:30 pm – 6:45 am +2,United Airlines,EWR‐SIN,24h15m,1,SFO,6:40 pm – 7:00 am +1,Singapore Airlines,SIN‐EWR,24h20m,1,LAX,1758,20220403-1627,fast
6:30 pm – 6:45 am +2,United Airlines,EWR‐SIN,24h15m,1,SFO,9:00 am – 9:20 pm,"Singapore Airlines, Lufthansa",SIN‐EWR,24h20m,1,LHR,3943,20220403-1627,fast
6:30 pm – 6:45 am +2,United Airlines,EWR‐SIN,24h15m,1,SFO,9:00 am – 9:27 pm,United Airlines,SIN‐EWR,24h27m,2,"SFO, ORD",1236,20220403-1627,fast
5:45 pm – 5:55 am +2,SWISS,EWR‐SIN,24h10m,2,"GVA, ZRH",11:30 pm – 12:10 pm +1,SWISS,SIN‐EWR,24h40m,2,"ZRH, GVA",6307,20220403-1627,fast
6:30 pm – 6:45 am +2,United Airlines,EWR‐SIN,24h15m,1,SFO,9:00 am – 9:44 pm,United Airlines,SIN‐EWR,24h44m,1,SFO,906,20220403-1627,fast
6:20 pm – 5:55 am +2,SWISS,EWR‐SIN,23h35m,1,ZRH,11:30 pm – 1:10 pm +1,SWISS,SIN‐EWR,25h40m,1,ZRH,2341,20220403-1627,fast
