Out Time,Out Airline,Out Cities,Out Duration,Out Stops,Out Stop Cities,Return Time,Return Airline,Return Cities,Return Duration,Return Stops,Return Stop Cities,Price,timestamp,sort
8:40 am – 11:40 pm +1,Korean Air,EWR‐SIN,27h00m,2,"BOS, ICN",1:10 am – 3:14 pm,Korean Air,SIN‐EWR,26h04m,2,"ICN, ATL",1096,20220403-1925,cheap
8:40 am – 11:40 pm +1,Korean Air,EWR‐SIN,27h00m,2,"BOS, ICN",1:10 am – 10:59 pm,Korean Air,SIN‐EWR,33h49m,2,"ICN, ATL",1096,20220403-1925,cheap
8:40 am – 11:40 pm +1,Korean Air,EWR‐SIN,27h00m,2,"BOS, ICN",1:10 am – 2:49 pm,Korean Air,SIN‐EWR,25h39m,2,"ICN, BOS",1146,20220403-1925,cheap
8:40 am – 11:40 pm +1,Korean Air,EWR‐SIN,27h00m,2,"BOS, ICN",1:10 am – 10:59 pm,Korean Air,SIN‐EWR,33h49m,2,"ICN, ATL",1263,20220403-1925,cheap
8:40 am – 11:40 pm +1,Korean Air,EWR‐SIN,27h00m,2,"BOS, ICN",12:30 am – 9:00 pm,Multiple Airlines,SIN‐EWR,32h30m,3,"BER, GLA, ...",1264,20220403-1925,cheap
8:40 am – 11:40 pm +1,Korean Air,EWR‐SIN,27h00m,2,"BOS, ICN",12:30 am – 9:30 pm,"Scoot, TAP AIR PORTUGAL",SIN‐EWR,33h00m,3,"BER, MUC, ...",1278,20220403-1925,cheap
7:10 am – 12:20 am +2,Japan Airlines,EWR‐SIN,29h10m,2,"BOS, NRT",9:50 pm – 4:57 pm +1,Japan Airlines,SIN‐EWR,31h07m,2,"HND, ORD",1295,20220403-1925,cheap
8:40 am – 11:40 pm +1,Delta,EWR‐SIN,27h00m,2,"BOS, ICN",1:10 am – 3:14 pm,Delta,SIN‐EWR,26h04m,2,"ICN, ATL",1299,20220403-1925,cheap
8:40 am – 11:40 pm +1,Delta,EWR‐SIN,27h00m,2,"BOS, ICN",1:10 am – 4:43 pm,Delta,SIN‐EWR,27h33m,2,"ICN, ATL",1299,20220403-1925,cheap
8:40 am – 11:40 pm +1,Delta,EWR‐SIN,27h00m,2,"BOS, ICN",1:10 am – 6:22 pm,Delta,SIN‐EWR,29h12m,2,"ICN, ATL",1299,20220403-1925,cheap
8:40 am – 11:40 pm +1,Delta,EWR‐SIN,27h00m,2,"BOS, ICN",1:10 am – 8:55 pm,Delta,SIN‐EWR,31h45m,2,"ICN, ATL",1299,20220403-1925,cheap
8:40 am – 11:40 pm +1,Delta,EWR‐SIN,27h00m,2,"BOS, ICN",1:10 am – 10:59 pm,Delta,SIN‐EWR,33h49m,2,"ICN, ATL",1299,20220403-1925,cheap
8:40 am – 11:40 pm +1,Korean Air,EWR‐SIN,27h00m,2,"BOS, ICN",11:30 pm – 6:26 pm +1,"Turkish Airlines, Amtrak",SIN‐EWR,30h56m,2,"IST, BOS-BOS",1313,20220403-1925,cheap
8:40 am – 11:40 pm +1,Delta,EWR‐SIN,27h00m,2,"BOS, ICN",1:10 am – 2:49 pm,Delta,SIN‐EWR,25h39m,2,"ICN, BOS",1341,20220403-1925,cheap
8:40 am – 11:40 pm +1,Delta,EWR‐SIN,27h00m,2,"BOS, ICN",1:10 am – 4:58 pm,Delta,SIN‐EWR,27h48m,2,"ICN, BOS",1341,20220403-1925,cheap
7:10 am – 12:20 am +2,Japan Airlines,EWR‐SIN,29h10m,2,"BOS, NRT",9:50 pm – 4:57 pm +1,Japan Airlines,SIN‐EWR,31h07m,2,"HND, ORD",1295,20220403-1922,best
10:25 am – 5:10 pm +1,Singapore Airlines,EWR‐SIN,18h45m,0,,11:35 pm – 6:00 am +1,Singapore Airlines,SIN‐EWR,18h25m,0,,1624,20220403-1922,best
8:40 am – 11:40 pm +1,Korean Air,EWR‐SIN,27h00m,2,"BOS, ICN",1:10 am – 3:14 pm,Korean Air,SIN‐EWR,26h04m,2,"ICN, ATL",1096,20220403-1922,best
10:25 am – 5:10 pm +1,Singapore Airlines,EWR‐SIN,18h45m,0,,6:40 pm – 7:00 am +1,Singapore Airlines,SIN‐EWR,24h20m,1,LAX,1757,20220403-1922,best
8:40 am – 11:40 pm +1,Korean Air,EWR‐SIN,27h00m,2,"BOS, ICN",1:10 am – 2:49 pm,Korean Air,SIN‐EWR,25h39m,2,"ICN, BOS",1146,20220403-1922,best
8:40 am – 11:40 pm +1,Delta,EWR‐SIN,27h00m,2,"BOS, ICN",1:10 am – 3:14 pm,Delta,SIN‐EWR,26h04m,2,"ICN, ATL",1299,20220403-1922,best
8:15 am – 1:15 am +2,Singapore Airlines,EWR‐SIN,29h00m,2,"LAX, NRT",11:35 pm – 6:00 am +1,Singapore Airlines,SIN‐EWR,18h25m,0,,1680,20220403-1922,best
10:25 am – 5:10 pm +1,Singapore Airlines,EWR‐SIN,18h45m,0,,6:40 pm – 7:00 am +1,Singapore Airlines,SIN‐EWR,24h20m,1,SFO,2002,20220403-1922,best
8:40 am – 11:40 pm +1,Delta,EWR‐SIN,27h00m,2,"BOS, ICN",1:10 am – 2:49 pm,Delta,SIN‐EWR,25h39m,2,"ICN, BOS",1341,20220403-1922,best
10:25 am – 5:10 pm +1,Singapore Airlines,EWR‐SIN,18h45m,0,,8:45 pm – 3:10 pm +1,Singapore Airlines,SIN‐EWR,30h25m,1,LAX,1757,20220403-1922,best
10:25 am – 5:10 pm +1,Singapore Airlines,EWR‐SIN,18h45m,0,,9:25 am – 7:00 am +1,Singapore Airlines,SIN‐EWR,33h35m,1,SFO,1639,20220403-1922,best
8:40 am – 11:40 pm +1,Delta,EWR‐SIN,27h00m,2,"BOS, ICN",1:10 am – 4:43 pm,Delta,SIN‐EWR,27h33m,2,"ICN, ATL",1299,20220403-1922,best
8:40 am – 11:40 pm +1,Delta,EWR‐SIN,27h00m,2,"BOS, ICN",1:10 am – 4:58 pm,Delta,SIN‐EWR,27h48m,2,"ICN, BOS",1341,20220403-1922,best
10:25 am – 5:10 pm +1,Singapore Airlines,EWR‐SIN,18h45m,0,,6:40 pm – 3:10 pm +1,Singapore Airlines,SIN‐EWR,32h30m,1,LAX,1757,20220403-1922,best
8:40 am – 11:40 pm +1,Delta,EWR‐SIN,27h00m,2,"BOS, ICN",1:10 am – 6:22 pm,Delta,SIN‐EWR,29h12m,2,"ICN, ATL",1299,20220403-1922,best
10:25 am – 5:10 pm +1,Singapore Airlines,EWR‐SIN,18h45m,0,,9:25 am – 7:00 am +1,Singapore Airlines,SIN‐EWR,33h35m,2,"NRT, LAX",1686,20220403-1922,best
10:25 am – 5:10 pm +1,Singapore Airlines,EWR‐SIN,18h45m,0,,11:35 pm – 6:00 am +1,Singapore Airlines,SIN‐EWR,18h25m,0,,1624,20220403-1927,fast
10:25 am – 5:10 pm +1,Singapore Airlines,EWR‐SIN,18h45m,0,,6:40 pm – 7:00 am +1,Singapore Airlines,SIN‐EWR,24h20m,1,LAX,1757,20220403-1927,fast
10:25 am – 5:10 pm +1,Singapore Airlines,EWR‐SIN,18h45m,0,,6:40 pm – 7:00 am +1,Singapore Airlines,SIN‐EWR,24h20m,1,SFO,2002,20220403-1927,fast
11:15 am – 12:35 am +2,ANA,EWR‐SIN,25h20m,1,NRT,11:35 pm – 6:00 am +1,Singapore Airlines,SIN‐EWR,18h25m,0,,1938,20220403-1927,fast
8:40 am – 11:40 pm +1,Korean Air,EWR‐SIN,27h00m,2,"BOS, ICN",11:35 pm – 6:00 am +1,Singapore Airlines,SIN‐EWR,18h25m,0,,1956,20220403-1927,fast
8:15 am – 12:20 am +2,"American Airlines, Japan Airlines",EWR‐SIN,28h05m,2,"DFW, NRT",11:35 pm – 6:00 am +1,Singapore Airlines,SIN‐EWR,18h25m,0,,2046,20220403-1927,fast
6:40 pm – 6:45 am +2,United Airlines,EWR‐SIN,24h05m,1,SFO,8:45 am – 7:28 pm,United Airlines,SIN‐EWR,22h43m,1,SFO,4597,20220403-1927,fast
6:20 pm – 5:55 am +2,SWISS,EWR‐SIN,23h35m,1,ZRH,1:25 am – 1:10 pm,SWISS,SIN‐EWR,23h45m,1,ZRH,2849,20220403-1927,fast
8:15 am – 1:15 am +2,Singapore Airlines,EWR‐SIN,29h00m,2,"LAX, NRT",11:35 pm – 6:00 am +1,Singapore Airlines,SIN‐EWR,18h25m,0,,1680,20220403-1927,fast
11:25 am – 12:35 am +2,United Airlines,EWR‐SIN,25h10m,1,NRT,8:45 am – 7:28 pm,United Airlines,SIN‐EWR,22h43m,1,SFO,1954,20220403-1927,fast
5:45 pm – 5:55 am +2,SWISS,EWR‐SIN,24h10m,2,"GVA, ZRH",1:25 am – 1:10 pm,SWISS,SIN‐EWR,23h45m,1,ZRH,6805,20220403-1927,fast
5:40 pm – 5:55 am +2,SWISS,EWR‐SIN,24h15m,2,"BER, ZRH",1:25 am – 1:10 pm,SWISS,SIN‐EWR,23h45m,1,ZRH,3586,20220403-1927,fast
11:50 pm – 5:30 pm +2,Turkish Airlines,EWR‐SIN,29h40m,1,IST,11:35 pm – 6:00 am +1,Singapore Airlines,SIN‐EWR,18h25m,0,,2508,20220403-1927,fast
6:39 am – 12:20 am +2,"American Airlines, Japan Airlines",EWR‐SIN,29h41m,2,"DFW, NRT",11:35 pm – 6:00 am +1,Singapore Airlines,SIN‐EWR,18h25m,0,,2046,20220403-1927,fast
5:15 pm – 6:45 am +2,United Airlines,EWR‐SIN,25h30m,1,SFO,8:45 am – 7:28 pm,United Airlines,SIN‐EWR,22h43m,1,SFO,4597,20220403-1927,fast
