Out Time,Out Airline,Out Cities,Out Duration,Out Stops,Out Stop Cities,Return Time,Return Airline,Return Cities,Return Duration,Return Stops,Return Stop Cities,Price,timestamp,sort
6:34 am – 12:20 am +2,American Airlines,EWR‐SIN,29h46m,2,"DFW, NRT",8:10 am – 11:28 pm,American Airlines,SIN‐EWR,27h18m,2,"NRT, DFW",996,20220403-1422,cheap
7:45 am – 12:20 am +2,American Airlines,EWR‐SIN,28h35m,2,"ORD, NRT",8:10 am – 11:28 pm,American Airlines,SIN‐EWR,27h18m,2,"NRT, DFW",1032,20220403-1422,cheap
6:34 am – 12:20 am +2,American Airlines,EWR‐SIN,29h46m,2,"DFW, NRT",8:10 am – 11:28 pm,American Airlines,SIN‐EWR,27h18m,2,"NRT, DFW",1032,20220403-1422,cheap
6:00 am – 12:20 am +2,American Airlines,EWR‐SIN,30h20m,2,"ORD, NRT",8:10 am – 11:28 pm,American Airlines,SIN‐EWR,27h18m,2,"NRT, DFW",1032,20220403-1422,cheap
6:30 pm – 6:45 am +2,United Airlines,EWR‐SIN,24h15m,1,SFO,6:10 am – 4:40 pm,United Airlines,SIN‐EWR,22h30m,1,NRT,1071,20220403-1422,cheap
5:30 pm – 6:45 am +2,United Airlines,EWR‐SIN,25h15m,1,SFO,6:10 am – 4:40 pm,United Airlines,SIN‐EWR,22h30m,1,NRT,1071,20220403-1422,cheap
4:59 pm – 6:45 am +2,United Airlines,EWR‐SIN,25h46m,2,"DEN, SFO",6:10 am – 4:40 pm,United Airlines,SIN‐EWR,22h30m,1,NRT,1076,20220403-1422,cheap
2:08 pm – 6:45 am +2,United Airlines,EWR‐SIN,28h37m,2,"DEN, SFO",6:10 am – 4:40 pm,United Airlines,SIN‐EWR,22h30m,1,NRT,1076,20220403-1422,cheap
2:08 pm – 6:45 am +2,United Airlines,EWR‐SIN,28h37m,2,"DEN, SFO",6:10 am – 4:40 pm,United Airlines,SIN‐EWR,22h30m,1,NRT,1076,20220403-1422,cheap
2:08 pm – 6:45 am +2,United Airlines,EWR‐SIN,28h37m,2,"DEN, SFO",6:10 am – 4:40 pm,United Airlines,SIN‐EWR,22h30m,1,NRT,1076,20220403-1422,cheap
11:59 am – 6:45 am +2,United Airlines,EWR‐SIN,30h46m,2,"DCA, SFO",6:10 am – 4:40 pm,United Airlines,SIN‐EWR,22h30m,1,NRT,1077,20220403-1422,cheap
11:30 am – 6:45 am +2,United Airlines,EWR‐SIN,31h15m,2,"DCA, SFO",6:10 am – 4:40 pm,United Airlines,SIN‐EWR,22h30m,1,NRT,1077,20220403-1422,cheap
11:00 am – 6:45 am +2,United Airlines,EWR‐SIN,31h45m,2,"DCA, SFO",6:10 am – 4:40 pm,United Airlines,SIN‐EWR,22h30m,1,NRT,1077,20220403-1422,cheap
9:59 am – 6:45 am +2,United Airlines,EWR‐SIN,32h46m,2,"DCA, SFO",6:10 am – 4:40 pm,United Airlines,SIN‐EWR,22h30m,1,NRT,1077,20220403-1422,cheap
6:30 pm – 6:45 am +2,United Airlines,EWR‐SIN,24h15m,1,SFO,6:10 am – 11:09 pm,United Airlines,SIN‐EWR,28h59m,2,"NRT, SFO",1081,20220403-1422,cheap
11:55 pm – 3:00 pm +2,Emirates,EWR‐SIN,27h05m,2,"ATH, DXB",12:50 am – 9:20 pm,Emirates,SIN‐EWR,32h30m,2,"DXB, ATH",1275,20220403-1420,best
6:30 pm – 6:45 am +2,United Airlines,EWR‐SIN,24h15m,1,SFO,6:10 am – 4:40 pm,United Airlines,SIN‐EWR,22h30m,1,NRT,1071,20220403-1420,best
6:34 am – 12:20 am +2,American Airlines,EWR‐SIN,29h46m,2,"DFW, NRT",8:10 am – 11:28 pm,American Airlines,SIN‐EWR,27h18m,2,"NRT, DFW",996,20220403-1420,best
5:30 pm – 6:45 am +2,United Airlines,EWR‐SIN,25h15m,1,SFO,6:10 am – 4:40 pm,United Airlines,SIN‐EWR,22h30m,1,NRT,1071,20220403-1420,best
4:59 pm – 6:45 am +2,United Airlines,EWR‐SIN,25h46m,2,"DEN, SFO",6:10 am – 4:40 pm,United Airlines,SIN‐EWR,22h30m,1,NRT,1076,20220403-1420,best
2:08 pm – 6:45 am +2,United Airlines,EWR‐SIN,28h37m,2,"DEN, SFO",6:10 am – 4:40 pm,United Airlines,SIN‐EWR,22h30m,1,NRT,1076,20220403-1420,best
2:08 pm – 6:45 am +2,United Airlines,EWR‐SIN,28h37m,2,"DEN, SFO",6:10 am – 4:40 pm,United Airlines,SIN‐EWR,22h30m,1,NRT,1076,20220403-1420,best
2:08 pm – 6:45 am +2,United Airlines,EWR‐SIN,28h37m,2,"DEN, SFO",6:10 am – 4:40 pm,United Airlines,SIN‐EWR,22h30m,1,NRT,1076,20220403-1420,best
6:30 pm – 6:45 am +2,United Airlines,EWR‐SIN,24h15m,1,SFO,6:10 am – 8:54 pm,United Airlines,SIN‐EWR,26h44m,2,"NRT, LAX",1145,20220403-1420,best
6:30 pm – 6:45 am +2,United Airlines,EWR‐SIN,24h15m,1,SFO,6:10 am – 11:09 pm,United Airlines,SIN‐EWR,28h59m,2,"NRT, SFO",1081,20220403-1420,best
3:45 pm – 6:45 am +2,United Airlines,EWR‐SIN,27h00m,1,SFO,6:10 am – 4:40 pm,United Airlines,SIN‐EWR,22h30m,1,NRT,1238,20220403-1420,best
5:30 pm – 6:45 am +2,United Airlines,EWR‐SIN,25h15m,1,SFO,6:10 am – 8:54 pm,United Airlines,SIN‐EWR,26h44m,2,"NRT, LAX",1145,20220403-1420,best
5:30 pm – 6:45 am +2,United Airlines,EWR‐SIN,25h15m,1,SFO,6:10 am – 11:09 pm,United Airlines,SIN‐EWR,28h59m,2,"NRT, SFO",1081,20220403-1420,best
11:59 am – 6:45 am +2,United Airlines,EWR‐SIN,30h46m,2,"DCA, SFO",6:10 am – 4:40 pm,United Airlines,SIN‐EWR,22h30m,1,NRT,1077,20220403-1420,best
11:30 am – 6:45 am +2,United Airlines,EWR‐SIN,31h15m,2,"DCA, SFO",6:10 am – 4:40 pm,United Airlines,SIN‐EWR,22h30m,1,NRT,1077,20220403-1420,best
2:15 pm – 6:45 am +2,United Airlines,EWR‐SIN,28h30m,1,SFO,6:10 am – 4:40 pm,United Airlines,SIN‐EWR,22h30m,1,NRT,1238,20220403-1420,best
11:00 am – 6:45 am +2,United Airlines,EWR‐SIN,31h45m,2,"DCA, SFO",6:10 am – 4:40 pm,United Airlines,SIN‐EWR,22h30m,1,NRT,1077,20220403-1420,best
10:00 pm – 7:30 am +2,"Austrian Airlines, Singapore Airlines",EWR‐SIN,21h30m,1,LHR,11:35 pm – 6:00 am +1,Singapore Airlines,SIN‐EWR,18h25m,0,,6869,20220403-1425,fast
9:35 pm – 7:30 am +2,"British Airways, Singapore Airlines",EWR‐SIN,21h55m,1,LHR,11:35 pm – 6:00 am +1,Singapore Airlines,SIN‐EWR,18h25m,0,,7296,20220403-1425,fast
8:45 pm – 7:00 am +2,"Lufthansa, Singapore Airlines",EWR‐SIN,22h15m,1,MUC,11:35 pm – 6:00 am +1,Singapore Airlines,SIN‐EWR,18h25m,0,,6833,20220403-1425,fast
5:30 pm – 6:45 am +2,United Airlines,EWR‐SIN,25h15m,1,SFO,11:35 pm – 6:00 am +1,Singapore Airlines,SIN‐EWR,18h25m,0,,1514,20220403-1425,fast
11:55 pm – 3:00 pm +2,Emirates,EWR‐SIN,27h05m,2,"ATH, DXB",11:35 pm – 6:00 am +1,Singapore Airlines,SIN‐EWR,18h25m,0,,2085,20220403-1425,fast
7:00 pm – 6:50 am +2,Lufthansa,EWR‐SIN,23h50m,2,"LHR, FRA",6:10 am – 4:40 pm,ANA,SIN‐EWR,22h30m,1,NRT,3178,20220403-1425,fast
6:30 pm – 6:45 am +2,United Airlines,EWR‐SIN,24h15m,1,SFO,6:10 am – 4:40 pm,United Airlines,SIN‐EWR,22h30m,1,NRT,1071,20220403-1425,fast
8:30 am – 8:55 pm +1,"Lufthansa, Emirates",EWR‐SIN,24h25m,2,"LHR, DXB",6:10 am – 4:40 pm,ANA,SIN‐EWR,22h30m,1,NRT,5002,20220403-1425,fast
7:45 am – 12:20 am +2,"American Airlines, Japan Airlines",EWR‐SIN,28h35m,2,"ORD, NRT",11:35 pm – 6:00 am +1,Singapore Airlines,SIN‐EWR,18h25m,0,,1480,20220403-1425,fast
12:15 pm – 5:10 am +2,"Air India, IndiGo",EWR‐SIN,28h55m,2,"DEL, MAA",11:35 pm – 6:00 am +1,Singapore Airlines,SIN‐EWR,18h25m,0,,1606,20220403-1425,fast
6:20 pm – 5:55 am +2,SWISS,EWR‐SIN,23h35m,1,ZRH,1:25 am – 1:10 pm,SWISS,SIN‐EWR,23h45m,1,ZRH,3566,20220403-1425,fast
8:15 am – 1:15 am +2,Singapore Airlines,EWR‐SIN,29h00m,2,"LAX, NRT",11:35 pm – 6:00 am +1,Singapore Airlines,SIN‐EWR,18h25m,0,,9287,20220403-1425,fast
5:30 pm – 6:45 am +2,United Airlines,EWR‐SIN,25h15m,1,SFO,6:10 am – 4:40 pm,United Airlines,SIN‐EWR,22h30m,1,NRT,1071,20220403-1425,fast
5:25 pm – 6:50 am +2,Lufthansa,EWR‐SIN,25h25m,2,"MUC, FRA",6:10 am – 4:40 pm,ANA,SIN‐EWR,22h30m,1,NRT,3116,20220403-1425,fast
5:45 pm – 5:55 am +2,SWISS,EWR‐SIN,24h10m,2,"GVA, ZRH",1:25 am – 1:10 pm,SWISS,SIN‐EWR,23h45m,1,ZRH,7505,20220403-1425,fast
