Out Time,Out Airline,Out Cities,Out Duration,Out Stops,Out Stop Cities,Return Time,Return Airline,Return Cities,Return Duration,Return Stops,Return Stop Cities,Price,timestamp,sort
8:30 pm – 12:35 am +3,ANA,EWR‐SIN,40h05m,2,"LAX, NRT",6:10 am – 4:50 pm,ANA,SIN‐EWR,22h40m,1,NRT,978,20220403-1853,cheap
8:30 pm – 12:35 am +3,ANA,EWR‐SIN,40h05m,2,"LAX, NRT",6:10 am – 4:50 pm,ANA,SIN‐EWR,22h40m,1,NRT,993,20220403-1853,cheap
8:30 pm – 12:35 am +3,United Airlines,EWR‐SIN,40h05m,2,"LAX, NRT",6:10 am – 4:40 pm,United Airlines,SIN‐EWR,22h30m,1,NRT,1012,20220403-1853,cheap
6:39 am – 12:20 am +2,American Airlines,EWR‐SIN,29h41m,2,"DFW, NRT",8:10 am – 11:28 pm,American Airlines,SIN‐EWR,27h18m,2,"NRT, DFW",1064,20220403-1853,cheap
8:30 pm – 12:35 am +3,United Airlines,EWR‐SIN,40h05m,2,"LAX, HND-NRT",6:10 am – 4:40 pm,United Airlines,SIN‐EWR,22h30m,1,NRT,1089,20220403-1853,cheap
8:30 pm – 12:35 am +3,ANA,EWR‐SIN,40h05m,2,"LAX, HND-NRT",6:10 am – 4:50 pm,ANA,SIN‐EWR,22h40m,1,NRT,1096,20220403-1853,cheap
11:55 pm – 3:00 pm +2,Emirates,EWR‐SIN,27h05m,2,"ATH, DXB",12:50 am – 9:20 pm,Emirates,SIN‐EWR,32h30m,2,"DXB, ATH",1116,20220403-1853,cheap
8:15 am – 12:20 am +2,American Airlines,EWR‐SIN,28h05m,2,"DFW, NRT",8:10 am – 11:28 pm,American Airlines,SIN‐EWR,27h18m,2,"NRT, DFW",1176,20220403-1853,cheap
11:55 pm – 3:00 pm +2,Emirates,EWR‐SIN,27h05m,2,"ATH, DXB",9:15 pm – 9:20 pm +1,"Malaysia Airlines, Emirates",SIN‐EWR,36h05m,3,"KUL, DXB, ...",1204,20220403-1853,cheap
6:39 am – 12:20 am +2,American Airlines,EWR‐SIN,29h41m,2,"DFW, NRT",8:10 am – 11:28 pm,American Airlines,SIN‐EWR,27h18m,2,"NRT, DFW",1369,20220403-1853,cheap
7:45 am – 12:20 am +2,American Airlines,EWR‐SIN,28h35m,2,"ORD, NRT",8:10 am – 11:28 pm,American Airlines,SIN‐EWR,27h18m,2,"NRT, DFW",1412,20220403-1853,cheap
6:00 am – 12:20 am +2,American Airlines,EWR‐SIN,30h20m,2,"ORD, NRT",8:10 am – 11:28 pm,American Airlines,SIN‐EWR,27h18m,2,"NRT, DFW",1412,20220403-1853,cheap
10:25 am – 5:10 pm +1,Singapore Airlines,EWR‐SIN,18h45m,0,,9:25 am – 8:14 am +1,"Singapore Airlines, JetBlue",SIN‐EWR,34h49m,2,"NRT, LAX",1463,20220403-1853,cheap
7:45 am – 12:20 am +2,Japan Airlines,EWR‐SIN,28h35m,2,"ORD, NRT",12:50 am – 9:20 pm,Emirates,SIN‐EWR,32h30m,2,"DXB, ATH",1488,20220403-1853,cheap
8:29 pm – 1:15 am +3,"Alaska Airlines, Singapore Airlines",EWR‐SIN,40h46m,2,"LAX, NRT",11:35 pm – 6:00 am +1,Singapore Airlines,SIN‐EWR,18h25m,0,,1497,20220403-1853,cheap
8:30 pm – 12:35 am +3,ANA,EWR‐SIN,40h05m,2,"LAX, NRT",6:10 am – 4:50 pm,ANA,SIN‐EWR,22h40m,1,NRT,1035,20220403-1851,best
10:25 am – 5:10 pm +1,Singapore Airlines,EWR‐SIN,18h45m,0,,11:35 pm – 6:00 am +1,Singapore Airlines,SIN‐EWR,18h25m,0,,1533,20220403-1851,best
8:30 pm – 12:35 am +3,ANA,EWR‐SIN,40h05m,2,"LAX, NRT",6:10 am – 4:50 pm,ANA,SIN‐EWR,22h40m,1,NRT,978,20220403-1851,best
10:25 am – 5:10 pm +1,Singapore Airlines,EWR‐SIN,18h45m,0,,8:45 pm – 8:14 am +1,Singapore Airlines,SIN‐EWR,23h29m,1,LAX,1544,20220403-1851,best
10:25 am – 5:10 pm +1,Singapore Airlines,EWR‐SIN,18h45m,0,,8:45 pm – 1:48 pm +1,Singapore Airlines,SIN‐EWR,29h03m,1,LAX,1544,20220403-1851,best
6:39 am – 12:20 am +2,American Airlines,EWR‐SIN,29h41m,2,"DFW, NRT",8:10 am – 11:28 pm,American Airlines,SIN‐EWR,27h18m,2,"NRT, DFW",1064,20220403-1851,best
8:15 am – 12:20 am +2,American Airlines,EWR‐SIN,28h05m,2,"DFW, NRT",8:10 am – 11:28 pm,American Airlines,SIN‐EWR,27h18m,2,"NRT, DFW",1176,20220403-1851,best
8:30 pm – 12:35 am +3,ANA,EWR‐SIN,40h05m,2,"LAX, NRT",6:10 am – 4:50 pm,ANA,SIN‐EWR,22h40m,1,NRT,993,20220403-1851,best
8:30 pm – 12:35 am +3,United Airlines,EWR‐SIN,40h05m,2,"LAX, NRT",6:10 am – 4:40 pm,United Airlines,SIN‐EWR,22h30m,1,NRT,1012,20220403-1851,best
10:25 am – 5:10 pm +1,Singapore Airlines,EWR‐SIN,18h45m,0,,6:10 am – 4:50 pm,ANA,SIN‐EWR,22h40m,1,NRT,1909,20220403-1851,best
8:15 am – 1:15 am +2,Singapore Airlines,EWR‐SIN,29h00m,2,"LAX, NRT",11:35 pm – 6:00 am +1,Singapore Airlines,SIN‐EWR,18h25m,0,,1583,20220403-1851,best
8:30 pm – 12:35 am +3,ANA,EWR‐SIN,40h05m,2,"LAX, HND-NRT",6:10 am – 4:50 pm,ANA,SIN‐EWR,22h40m,1,NRT,1096,20220403-1851,best
7:00 am – 1:15 am +2,"JetBlue, Singapore Airlines",EWR‐SIN,30h15m,2,"LAX, NRT",11:35 pm – 6:00 am +1,Singapore Airlines,SIN‐EWR,18h25m,0,,1522,20220403-1851,best
8:30 pm – 12:35 am +3,United Airlines,EWR‐SIN,40h05m,2,"LAX, HND-NRT",6:10 am – 4:40 pm,United Airlines,SIN‐EWR,22h30m,1,NRT,1089,20220403-1851,best
10:25 am – 5:10 pm +1,Singapore Airlines,EWR‐SIN,18h45m,0,,6:40 pm – 7:00 am +1,Singapore Airlines,SIN‐EWR,24h20m,1,SFO,1902,20220403-1851,best
10:25 am – 5:10 pm +1,Singapore Airlines,EWR‐SIN,18h45m,0,,9:25 am – 8:14 am +1,"Singapore Airlines, JetBlue",SIN‐EWR,34h49m,2,"NRT, LAX",1463,20220403-1851,best
10:25 am – 5:10 pm +1,Singapore Airlines,EWR‐SIN,18h45m,0,,11:35 pm – 6:00 am +1,Singapore Airlines,SIN‐EWR,18h25m,0,,1533,20220403-1856,fast
10:25 am – 5:10 pm +1,Singapore Airlines,EWR‐SIN,18h45m,0,,6:10 am – 4:50 pm,ANA,SIN‐EWR,22h40m,1,NRT,1909,20220403-1856,fast
10:25 am – 5:10 pm +1,Singapore Airlines,EWR‐SIN,18h45m,0,,8:45 pm – 8:14 am +1,Singapore Airlines,SIN‐EWR,23h29m,1,LAX,1544,20220403-1856,fast
10:25 am – 5:10 pm +1,Singapore Airlines,EWR‐SIN,18h45m,0,,12:30 am – 12:45 pm,Lufthansa,SIN‐EWR,24h15m,1,MUC,1967,20220403-1856,fast
10:25 am – 5:10 pm +1,Singapore Airlines,EWR‐SIN,18h45m,0,,6:40 pm – 7:00 am +1,Singapore Airlines,SIN‐EWR,24h20m,1,SFO,1902,20220403-1856,fast
10:25 am – 5:10 pm +1,Singapore Airlines,EWR‐SIN,18h45m,0,,9:00 am – 9:20 pm,"Singapore Airlines, Lufthansa",SIN‐EWR,24h20m,1,LHR,4716,20220403-1856,fast
6:35 pm – 7:50 am +2,Singapore Airlines,EWR‐SIN,25h15m,1,LAX,11:35 pm – 6:00 am +1,Singapore Airlines,SIN‐EWR,18h25m,0,,2706,20220403-1856,fast
4:00 pm – 5:45 am +2,Singapore Airlines,EWR‐SIN,25h45m,1,SFO,11:35 pm – 6:00 am +1,Singapore Airlines,SIN‐EWR,18h25m,0,,2091,20220403-1856,fast
10:25 am – 5:10 pm +1,Singapore Airlines,EWR‐SIN,18h45m,0,,11:30 pm – 1:10 pm +1,SWISS,SIN‐EWR,25h40m,1,ZRH,1982,20220403-1856,fast
10:25 am – 5:10 pm +1,Singapore Airlines,EWR‐SIN,18h45m,0,,6:10 am – 9:49 pm,ANA,SIN‐EWR,27h39m,2,"NRT, SFO",1928,20220403-1856,fast
8:45 pm – 7:00 am +2,Lufthansa,EWR‐SIN,22h15m,1,MUC,12:30 am – 12:45 pm,Lufthansa,SIN‐EWR,24h15m,1,MUC,2052,20220403-1856,fast
6:40 pm – 6:45 am +2,United Airlines,EWR‐SIN,24h05m,1,SFO,6:10 am – 4:40 pm,United Airlines,SIN‐EWR,22h30m,1,NRT,3667,20220403-1856,fast
7:45 am – 12:20 am +2,Japan Airlines,EWR‐SIN,28h35m,2,"ORD, NRT",11:35 pm – 6:00 am +1,Singapore Airlines,SIN‐EWR,18h25m,0,,1736,20220403-1856,fast
10:25 am – 5:10 pm +1,Singapore Airlines,EWR‐SIN,18h45m,0,,6:10 am – 10:44 pm,"ANA, United Airlines",SIN‐EWR,28h34m,2,"NRT, IAH",2212,20220403-1856,fast
6:20 pm – 5:55 am +2,SWISS,EWR‐SIN,23h35m,1,ZRH,1:25 am – 1:10 pm,SWISS,SIN‐EWR,23h45m,1,ZRH,2266,20220403-1856,fast
