Out Time,Out Airline,Out Cities,Out Duration,Out Stops,Out Stop Cities,Return Time,Return Airline,Return Cities,Return Duration,Return Stops,Return Stop Cities,Price,timestamp,sort
7:51 am – 12:35 am +2,ANA,EWR‐SIN,28h44m,2,"ORD, NRT",6:10 am – 4:50 pm,ANA,SIN‐EWR,22h40m,1,NRT,1048,20220403-1711,cheap
7:51 am – 12:35 am +2,ANA,EWR‐SIN,28h44m,2,"ORD, NRT",6:10 am – 9:49 pm,ANA,SIN‐EWR,27h39m,2,"NRT, SFO",1056,20220403-1711,cheap
7:51 am – 12:35 am +2,ANA,EWR‐SIN,28h44m,2,"ORD, NRT",6:10 am – 12:48 am +1,ANA,SIN‐EWR,30h38m,2,"NRT, LAX",1056,20220403-1711,cheap
6:30 am – 12:35 am +2,"United Airlines, ANA",EWR‐SIN,30h05m,2,"ORD, NRT",6:10 am – 4:50 pm,ANA,SIN‐EWR,22h40m,1,NRT,1087,20220403-1711,cheap
6:30 am – 12:35 am +2,"United Airlines, ANA",EWR‐SIN,30h05m,2,"LAX, NRT",6:10 am – 4:50 pm,ANA,SIN‐EWR,22h40m,1,NRT,1087,20220403-1711,cheap
6:30 am – 12:35 am +2,"United Airlines, ANA",EWR‐SIN,30h05m,2,"LAX, NRT",6:10 am – 9:49 pm,ANA,SIN‐EWR,27h39m,2,"NRT, SFO",1097,20220403-1711,cheap
7:51 am – 12:35 am +2,ANA,EWR‐SIN,28h44m,2,"ORD, NRT",6:10 am – 9:13 pm,ANA,SIN‐EWR,27h03m,2,"NRT, ORD",1122,20220403-1711,cheap
7:51 am – 12:35 am +2,ANA,EWR‐SIN,28h44m,2,"ORD, NRT",6:10 am – 8:59 pm,"ANA, United Airlines",SIN‐EWR,26h49m,2,"NRT, IAH",1165,20220403-1711,cheap
6:30 am – 12:35 am +2,"United Airlines, ANA",EWR‐SIN,30h05m,2,"LAX, NRT",6:10 am – 8:59 pm,"ANA, United Airlines",SIN‐EWR,26h49m,2,"NRT, IAH",1165,20220403-1711,cheap
8:15 am – 1:15 am +2,Singapore Airlines,EWR‐SIN,29h00m,2,"LAX, NRT",9:25 am – 7:00 am +1,Singapore Airlines,SIN‐EWR,33h35m,2,"NRT, LAX",1196,20220403-1711,cheap
6:30 am – 12:35 am +2,ANA,EWR‐SIN,30h05m,2,"LAX, NRT",6:10 am – 4:50 pm,ANA,SIN‐EWR,22h40m,1,NRT,1244,20220403-1711,cheap
6:30 am – 12:35 am +2,ANA,EWR‐SIN,30h05m,2,"LAX, NRT",6:10 am – 9:49 pm,ANA,SIN‐EWR,27h39m,2,"NRT, SFO",1244,20220403-1711,cheap
6:30 am – 12:35 am +2,ANA,EWR‐SIN,30h05m,2,"LAX, NRT",6:10 am – 12:48 am +1,ANA,SIN‐EWR,30h38m,2,"NRT, LAX",1244,20220403-1711,cheap
11:25 am – 12:35 am +2,ANA,EWR‐SIN,25h10m,1,NRT,6:10 am – 4:50 pm,ANA,SIN‐EWR,22h40m,1,NRT,1247,20220403-1711,cheap
11:25 am – 12:35 am +2,ANA,EWR‐SIN,25h10m,1,NRT,6:10 am – 9:49 pm,ANA,SIN‐EWR,27h39m,2,"NRT, SFO",1250,20220403-1711,cheap
7:51 am – 12:35 am +2,ANA,EWR‐SIN,28h44m,2,"ORD, NRT",6:10 am – 4:50 pm,ANA,SIN‐EWR,22h40m,1,NRT,1048,20220403-1708,best
7:51 am – 12:35 am +2,ANA,EWR‐SIN,28h44m,2,"ORD, NRT",6:10 am – 4:50 pm,ANA,SIN‐EWR,22h40m,1,NRT,1048,20220403-1708,best
11:25 am – 12:35 am +2,ANA,EWR‐SIN,25h10m,1,NRT,6:10 am – 4:50 pm,ANA,SIN‐EWR,22h40m,1,NRT,1247,20220403-1708,best
10:25 am – 5:10 pm +1,Singapore Airlines,EWR‐SIN,18h45m,0,,11:35 pm – 6:00 am +1,Singapore Airlines,SIN‐EWR,18h25m,0,,1572,20220403-1708,best
6:30 am – 12:35 am +2,"United Airlines, ANA",EWR‐SIN,30h05m,2,"ORD, NRT",6:10 am – 4:50 pm,ANA,SIN‐EWR,22h40m,1,NRT,1087,20220403-1708,best
6:30 am – 12:35 am +2,"United Airlines, ANA",EWR‐SIN,30h05m,2,"LAX, NRT",6:10 am – 4:50 pm,ANA,SIN‐EWR,22h40m,1,NRT,1087,20220403-1708,best
7:51 am – 12:35 am +2,ANA,EWR‐SIN,28h44m,2,"ORD, NRT",6:10 am – 9:49 pm,ANA,SIN‐EWR,27h39m,2,"NRT, SFO",1056,20220403-1708,best
8:15 am – 1:15 am +2,Singapore Airlines,EWR‐SIN,29h00m,2,"LAX, NRT",11:35 pm – 6:00 am +1,Singapore Airlines,SIN‐EWR,18h25m,0,,1340,20220403-1708,best
7:51 am – 12:35 am +2,"United Airlines, ANA",EWR‐SIN,28h44m,2,"ORD, NRT",9:00 am – 7:13 pm,United Airlines,SIN‐EWR,22h13m,1,SFO,1271,20220403-1708,best
11:25 am – 12:35 am +2,United Airlines,EWR‐SIN,25h10m,1,NRT,9:00 am – 7:13 pm,United Airlines,SIN‐EWR,22h13m,1,SFO,1437,20220403-1708,best
11:25 am – 12:35 am +2,ANA,EWR‐SIN,25h10m,1,NRT,6:10 am – 9:49 pm,ANA,SIN‐EWR,27h39m,2,"NRT, SFO",1250,20220403-1708,best
7:51 am – 12:35 am +2,ANA,EWR‐SIN,28h44m,2,"ORD, NRT",6:10 am – 9:13 pm,ANA,SIN‐EWR,27h03m,2,"NRT, ORD",1122,20220403-1708,best
6:30 am – 12:35 am +2,ANA,EWR‐SIN,30h05m,2,"LAX, NRT",6:10 am – 4:50 pm,ANA,SIN‐EWR,22h40m,1,NRT,1244,20220403-1708,best
11:25 am – 12:35 am +2,United Airlines,EWR‐SIN,25h10m,1,NRT,6:10 am – 4:40 pm,"ANA, United Airlines",SIN‐EWR,22h30m,1,NRT,1445,20220403-1708,best
6:30 am – 12:35 am +2,ANA,EWR‐SIN,30h05m,2,"SFO, NRT",6:10 am – 4:50 pm,ANA,SIN‐EWR,22h40m,1,NRT,1255,20220403-1708,best
6:30 am – 12:35 am +2,"United Airlines, ANA",EWR‐SIN,30h05m,2,"LAX, NRT",9:00 am – 7:13 pm,United Airlines,SIN‐EWR,22h13m,1,SFO,1271,20220403-1708,best
10:25 am – 5:10 pm +1,Singapore Airlines,EWR‐SIN,18h45m,0,,11:35 pm – 6:00 am +1,Singapore Airlines,SIN‐EWR,18h25m,0,,1572,20220403-1714,fast
8:45 pm – 7:00 am +2,Lufthansa,EWR‐SIN,22h15m,1,MUC,11:35 pm – 6:00 am +1,Singapore Airlines,SIN‐EWR,18h25m,0,,2324,20220403-1714,fast
10:25 am – 5:10 pm +1,Singapore Airlines,EWR‐SIN,18h45m,0,,6:10 am – 4:50 pm,ANA,SIN‐EWR,22h40m,1,NRT,1894,20220403-1714,fast
7:35 pm – 6:50 am +2,Lufthansa,EWR‐SIN,23h15m,1,FRA,11:35 pm – 6:00 am +1,Singapore Airlines,SIN‐EWR,18h25m,0,,3587,20220403-1714,fast
10:25 am – 5:10 pm +1,Singapore Airlines,EWR‐SIN,18h45m,0,,12:30 am – 12:45 pm,Lufthansa,SIN‐EWR,24h15m,1,MUC,1969,20220403-1714,fast
10:25 am – 5:10 pm +1,Singapore Airlines,EWR‐SIN,18h45m,0,,6:40 pm – 7:05 am +1,"Singapore Airlines, Alaska Airlines",SIN‐EWR,24h25m,1,SFO,1911,20220403-1714,fast
6:05 pm – 6:50 am +2,Lufthansa,EWR‐SIN,24h45m,1,FRA,11:35 pm – 6:00 am +1,Singapore Airlines,SIN‐EWR,18h25m,0,,7581,20220403-1714,fast
6:35 pm – 7:50 am +2,Singapore Airlines,EWR‐SIN,25h15m,1,LAX,11:35 pm – 6:00 am +1,Singapore Airlines,SIN‐EWR,18h25m,0,,2680,20220403-1714,fast
5:25 pm – 7:00 am +2,Lufthansa,EWR‐SIN,25h35m,1,MUC,11:35 pm – 6:00 am +1,Singapore Airlines,SIN‐EWR,18h25m,0,,7564,20220403-1714,fast
8:00 pm – 5:30 am +2,"Austrian Airlines, Singapore Airlines",EWR‐SIN,21h30m,1,LHR,11:30 pm – 11:00 am +1,"Singapore Airlines, Austrian Airlines",SIN‐EWR,23h30m,1,LHR,6636,20220403-1714,fast
10:25 am – 5:10 pm +1,Singapore Airlines,EWR‐SIN,18h45m,0,,8:10 am – 11:00 pm,"Japan Airlines, JetBlue",SIN‐EWR,26h50m,2,"NRT, SFO",1910,20220403-1714,fast
10:25 am – 5:10 pm +1,Singapore Airlines,EWR‐SIN,18h45m,0,,6:10 am – 9:13 pm,ANA,SIN‐EWR,27h03m,2,"NRT, ORD",1896,20220403-1714,fast
10:25 am – 5:10 pm +1,Singapore Airlines,EWR‐SIN,18h45m,0,,8:10 am – 11:28 pm,"Japan Airlines, American Airlines",SIN‐EWR,27h18m,2,"NRT, DFW",1918,20220403-1714,fast
8:45 pm – 7:00 am +2,Lufthansa,EWR‐SIN,22h15m,1,MUC,12:30 am – 12:45 pm,Lufthansa,SIN‐EWR,24h15m,1,MUC,2264,20220403-1714,fast
10:25 am – 5:10 pm +1,Singapore Airlines,EWR‐SIN,18h45m,0,,11:40 pm – 3:35 pm +1,Lufthansa,SIN‐EWR,27h55m,2,"FRA, CDG",2020,20220403-1714,fast
