Out Time,Out Airline,Out Cities,Out Duration,Out Stops,Out Stop Cities,Return Time,Return Airline,Return Cities,Return Duration,Return Stops,Return Stop Cities,Price,timestamp,sort
8:00 am – 11:40 pm +1,Korean Air,EWR‐SIN,27h40m,2,"ATL, ICN",1:10 am – 3:35 pm,Korean Air,SIN‐EWR,26h25m,2,"ICN, BOS",951,20220403-1414,cheap
9:00 am – 11:40 pm +1,Korean Air,EWR‐SIN,26h40m,2,"BOS, ICN",1:10 am – 3:35 pm,Korean Air,SIN‐EWR,26h25m,2,"ICN, BOS",979,20220403-1414,cheap
11:25 am – 12:35 am +2,ANA,EWR‐SIN,25h10m,1,NRT,6:10 am – 4:40 pm,ANA,SIN‐EWR,22h30m,1,NRT,994,20220403-1414,cheap
6:30 am – 12:35 am +2,ANA,EWR‐SIN,30h05m,2,"LAX, NRT",6:10 am – 4:40 pm,ANA,SIN‐EWR,22h30m,1,NRT,994,20220403-1414,cheap
11:25 am – 12:35 am +2,ANA,EWR‐SIN,25h10m,1,NRT,10:10 pm – 9:27 pm +1,ANA,SIN‐EWR,35h17m,2,"HND, ORD",998,20220403-1414,cheap
11:25 am – 12:35 am +2,United Airlines,EWR‐SIN,25h10m,1,NRT,9:00 am – 5:14 am +1,United Airlines,SIN‐EWR,32h14m,1,SFO,1022,20220403-1414,cheap
11:25 am – 12:35 am +2,United Airlines,EWR‐SIN,25h10m,1,NRT,9:00 am – 7:07 am +1,United Airlines,SIN‐EWR,34h07m,1,SFO,1022,20220403-1414,cheap
11:25 am – 12:35 am +2,United Airlines,EWR‐SIN,25h10m,1,NRT,9:00 am – 8:29 am +1,United Airlines,SIN‐EWR,35h29m,1,SFO,1022,20220403-1414,cheap
10:20 am – 12:35 am +2,United Airlines,EWR‐SIN,26h15m,2,"IAD, NRT",6:10 am – 4:40 pm,"ANA, United Airlines",SIN‐EWR,22h30m,1,NRT,1024,20220403-1414,cheap
6:00 am – 12:35 am +2,United Airlines,EWR‐SIN,30h35m,2,"IAD, NRT",6:10 am – 4:40 pm,"ANA, United Airlines",SIN‐EWR,22h30m,1,NRT,1024,20220403-1414,cheap
5:44 am – 12:35 am +2,United Airlines,EWR‐SIN,30h51m,2,"IAH, NRT",6:10 am – 4:40 pm,"ANA, United Airlines",SIN‐EWR,22h30m,1,NRT,1024,20220403-1414,cheap
10:20 am – 12:35 am +2,United Airlines,EWR‐SIN,26h15m,2,"IAD, NRT",9:00 am – 5:14 am +1,United Airlines,SIN‐EWR,32h14m,1,SFO,1027,20220403-1414,cheap
5:44 am – 12:35 am +2,United Airlines,EWR‐SIN,30h51m,2,"IAH, NRT",9:00 am – 5:14 am +1,United Airlines,SIN‐EWR,32h14m,1,SFO,1027,20220403-1414,cheap
9:00 am – 11:40 pm +1,Korean Air,EWR‐SIN,26h40m,2,"BOS, ICN",1:10 am – 3:04 pm,Korean Air,SIN‐EWR,25h54m,2,"ICN, ATL",1028,20220403-1414,cheap
8:00 am – 11:40 pm +1,Korean Air,EWR‐SIN,27h40m,2,"ATL, ICN",1:10 am – 3:04 pm,Korean Air,SIN‐EWR,25h54m,2,"ICN, ATL",1029,20220403-1414,cheap
11:25 am – 12:35 am +2,ANA,EWR‐SIN,25h10m,1,NRT,6:10 am – 4:40 pm,ANA,SIN‐EWR,22h30m,1,NRT,994,20220403-1412,best
11:25 am – 12:35 am +2,ANA,EWR‐SIN,25h10m,1,NRT,6:10 am – 4:40 pm,ANA,SIN‐EWR,22h30m,1,NRT,994,20220403-1412,best
8:00 am – 11:40 pm +1,Korean Air,EWR‐SIN,27h40m,2,"ATL, ICN",1:10 am – 3:35 pm,Korean Air,SIN‐EWR,26h25m,2,"ICN, BOS",951,20220403-1412,best
10:20 am – 12:35 am +2,United Airlines,EWR‐SIN,26h15m,2,"IAD, NRT",6:10 am – 4:40 pm,"ANA, United Airlines",SIN‐EWR,22h30m,1,NRT,1024,20220403-1412,best
6:30 am – 12:35 am +2,ANA,EWR‐SIN,30h05m,2,"LAX, NRT",6:10 am – 4:40 pm,ANA,SIN‐EWR,22h30m,1,NRT,994,20220403-1412,best
11:25 am – 12:35 am +2,United Airlines,EWR‐SIN,25h10m,1,NRT,9:00 am – 7:32 pm,United Airlines,SIN‐EWR,22h32m,1,SFO,1180,20220403-1412,best
6:00 am – 12:35 am +2,United Airlines,EWR‐SIN,30h35m,2,"IAD, NRT",6:10 am – 4:40 pm,"ANA, United Airlines",SIN‐EWR,22h30m,1,NRT,1024,20220403-1412,best
11:25 am – 12:35 am +2,United Airlines,EWR‐SIN,25h10m,1,NRT,9:00 am – 9:44 pm,United Airlines,SIN‐EWR,24h44m,1,SFO,1180,20220403-1412,best
9:00 am – 11:40 pm +1,Korean Air,EWR‐SIN,26h40m,2,"BOS, ICN",1:10 am – 3:35 pm,Korean Air,SIN‐EWR,26h25m,2,"ICN, BOS",979,20220403-1412,best
11:25 am – 12:35 am +2,ANA,EWR‐SIN,25h10m,1,NRT,6:10 am – 12:30 am +1,ANA,SIN‐EWR,30h20m,2,"NRT, LAX",1032,20220403-1412,best
5:44 am – 12:35 am +2,United Airlines,EWR‐SIN,30h51m,2,"IAH, NRT",6:10 am – 4:40 pm,"ANA, United Airlines",SIN‐EWR,22h30m,1,NRT,1024,20220403-1412,best
9:00 am – 11:40 pm +1,Korean Air,EWR‐SIN,26h40m,2,"BOS, ICN",1:10 am – 3:04 pm,Korean Air,SIN‐EWR,25h54m,2,"ICN, ATL",1028,20220403-1412,best
11:25 am – 12:35 am +2,United Airlines,EWR‐SIN,25h10m,1,NRT,9:00 am – 5:14 am +1,United Airlines,SIN‐EWR,32h14m,1,SFO,1022,20220403-1412,best
11:25 am – 12:35 am +2,ANA,EWR‐SIN,25h10m,1,NRT,10:10 pm – 4:40 pm +1,ANA,SIN‐EWR,30h30m,1,HND-NRT,1030,20220403-1412,best
8:00 am – 11:40 pm +1,Korean Air,EWR‐SIN,27h40m,2,"ATL, ICN",1:10 am – 3:04 pm,Korean Air,SIN‐EWR,25h54m,2,"ICN, ATL",1029,20220403-1412,best
11:25 am – 12:35 am +2,United Airlines,EWR‐SIN,25h10m,1,NRT,9:00 am – 7:07 am +1,United Airlines,SIN‐EWR,34h07m,1,SFO,1022,20220403-1412,best
10:25 am – 5:10 pm +1,Singapore Airlines,EWR‐SIN,18h45m,0,,8:45 pm – 8:20 am +1,"Singapore Airlines, JetBlue",SIN‐EWR,23h35m,1,LAX,2557,20220403-1417,fast
10:25 am – 5:10 pm +1,Singapore Airlines,EWR‐SIN,18h45m,0,,6:40 pm – 7:00 am +1,"Singapore Airlines, Alaska Airlines",SIN‐EWR,24h20m,1,LAX,2141,20220403-1417,fast
10:25 am – 5:10 pm +1,Singapore Airlines,EWR‐SIN,18h45m,0,,6:40 pm – 7:05 am +1,Singapore Airlines,SIN‐EWR,24h25m,1,SFO,3108,20220403-1417,fast
10:25 am – 5:10 pm +1,Singapore Airlines,EWR‐SIN,18h45m,0,,6:40 pm – 8:20 am +1,"Singapore Airlines, JetBlue",SIN‐EWR,25h40m,1,LAX,2557,20220403-1417,fast
10:25 am – 5:10 pm +1,Singapore Airlines,EWR‐SIN,18h45m,0,,6:40 pm – 8:34 am +1,Singapore Airlines,SIN‐EWR,25h54m,1,SFO,3108,20220403-1417,fast
10:25 am – 5:10 pm +1,Singapore Airlines,EWR‐SIN,18h45m,0,,11:40 pm – 3:55 pm +1,Lufthansa,SIN‐EWR,28h15m,1,FRA,2118,20220403-1417,fast
6:20 pm – 5:55 am +2,SWISS,EWR‐SIN,23h35m,1,ZRH,1:25 am – 1:10 pm,SWISS,SIN‐EWR,23h45m,1,ZRH,4266,20220403-1417,fast
11:25 am – 12:35 am +2,ANA,EWR‐SIN,25h10m,1,NRT,6:10 am – 4:40 pm,ANA,SIN‐EWR,22h30m,1,NRT,994,20220403-1417,fast
11:25 am – 12:35 am +2,United Airlines,EWR‐SIN,25h10m,1,NRT,9:00 am – 7:32 pm,United Airlines,SIN‐EWR,22h32m,1,SFO,1180,20220403-1417,fast
5:45 pm – 5:55 am +2,SWISS,EWR‐SIN,24h10m,2,"GVA, ZRH",1:25 am – 1:10 pm,SWISS,SIN‐EWR,23h45m,1,ZRH,7505,20220403-1417,fast
5:40 pm – 5:55 am +2,SWISS,EWR‐SIN,24h15m,2,"BER, ZRH",1:25 am – 1:10 pm,SWISS,SIN‐EWR,23h45m,1,ZRH,7497,20220403-1417,fast
8:45 pm – 7:00 am +2,Lufthansa,EWR‐SIN,22h15m,1,MUC,11:55 pm – 1:55 pm +1,Lufthansa,SIN‐EWR,26h00m,1,FRA,4287,20220403-1417,fast
11:25 am – 1:15 am +2,ANA,EWR‐SIN,25h50m,1,NRT,6:10 am – 4:40 pm,ANA,SIN‐EWR,22h30m,1,NRT,4093,20220403-1417,fast
10:20 am – 12:35 am +2,United Airlines,EWR‐SIN,26h15m,2,"IAD, NRT",6:10 am – 4:40 pm,"ANA, United Airlines",SIN‐EWR,22h30m,1,NRT,1024,20220403-1417,fast
10:25 am – 5:10 pm +1,Singapore Airlines,EWR‐SIN,18h45m,0,,6:10 am – 12:30 am +1,ANA,SIN‐EWR,30h20m,2,"NRT, LAX",2091,20220403-1417,fast
