Out Time,Out Airline,Out Cities,Out Duration,Out Stops,Out Stop Cities,Return Time,Return Airline,Return Cities,Return Duration,Return Stops,Return Stop Cities,Price,timestamp,sort
9:00 am – 11:40 pm +1,Korean Air,EWR‐SIN,26h40m,2,"BOS, ICN",1:10 am – 3:35 pm,Korean Air,SIN‐EWR,26h25m,2,"ICN, BOS",1017,20220403-1452,cheap
9:00 am – 11:40 pm +1,Korean Air,EWR‐SIN,26h40m,2,"BOS, ICN",1:10 am – 3:04 pm,Korean Air,SIN‐EWR,25h54m,2,"ICN, ATL",1028,20220403-1452,cheap
9:00 am – 11:40 pm +1,Korean Air,EWR‐SIN,26h40m,2,"BOS, ICN",1:10 am – 4:24 pm,Korean Air,SIN‐EWR,27h14m,2,"ICN, DTW",1079,20220403-1452,cheap
7:00 am – 6:45 am +2,United Airlines,EWR‐SIN,35h45m,2,"SEA, SFO",9:00 am – 9:44 pm,United Airlines,SIN‐EWR,24h44m,1,SFO,1109,20220403-1452,cheap
7:00 am – 6:45 am +2,United Airlines,EWR‐SIN,35h45m,2,"SEA, SFO",9:00 am – 11:09 pm,United Airlines,SIN‐EWR,26h09m,1,SFO,1109,20220403-1452,cheap
11:25 am – 12:35 am +2,"United Airlines, ANA",EWR‐SIN,25h10m,1,NRT,9:00 am – 9:44 pm,United Airlines,SIN‐EWR,24h44m,1,SFO,1119,20220403-1452,cheap
11:25 am – 12:35 am +2,"United Airlines, ANA",EWR‐SIN,25h10m,1,NRT,9:00 am – 11:09 pm,United Airlines,SIN‐EWR,26h09m,1,SFO,1119,20220403-1452,cheap
11:25 am – 12:35 am +2,"United Airlines, ANA",EWR‐SIN,25h10m,1,NRT,9:00 am – 12:44 am +1,United Airlines,SIN‐EWR,27h44m,1,SFO,1119,20220403-1452,cheap
6:30 pm – 6:45 am +2,United Airlines,EWR‐SIN,24h15m,1,SFO,9:00 am – 9:44 pm,United Airlines,SIN‐EWR,24h44m,1,SFO,1175,20220403-1452,cheap
5:30 pm – 6:45 am +2,United Airlines,EWR‐SIN,25h15m,1,SFO,9:00 am – 9:44 pm,United Airlines,SIN‐EWR,24h44m,1,SFO,1175,20220403-1452,cheap
6:30 pm – 6:45 am +2,United Airlines,EWR‐SIN,24h15m,1,SFO,9:00 am – 11:09 pm,United Airlines,SIN‐EWR,26h09m,1,SFO,1175,20220403-1452,cheap
4:59 pm – 6:45 am +2,United Airlines,EWR‐SIN,25h46m,2,"DEN, SFO",9:00 am – 9:44 pm,United Airlines,SIN‐EWR,24h44m,1,SFO,1175,20220403-1452,cheap
5:30 pm – 6:45 am +2,United Airlines,EWR‐SIN,25h15m,1,SFO,9:00 am – 11:09 pm,United Airlines,SIN‐EWR,26h09m,1,SFO,1175,20220403-1452,cheap
4:59 pm – 6:45 am +2,United Airlines,EWR‐SIN,25h46m,2,"DEN, SFO",9:00 am – 11:09 pm,United Airlines,SIN‐EWR,26h09m,1,SFO,1175,20220403-1452,cheap
3:33 pm – 6:45 am +2,United Airlines,EWR‐SIN,27h12m,2,"DEN, SFO",9:00 am – 9:44 pm,United Airlines,SIN‐EWR,24h44m,1,SFO,1175,20220403-1452,cheap
7:15 am – 12:20 am +2,Japan Airlines,EWR‐SIN,29h05m,2,"SEA, NRT",9:50 pm – 4:57 pm +1,Japan Airlines,SIN‐EWR,31h07m,2,"HND, ORD",1545,20220403-1450,best
11:25 am – 12:35 am +2,"United Airlines, ANA",EWR‐SIN,25h10m,1,NRT,9:00 am – 7:33 pm,United Airlines,SIN‐EWR,22h33m,1,SFO,1185,20220403-1450,best
9:00 am – 11:40 pm +1,Korean Air,EWR‐SIN,26h40m,2,"BOS, ICN",1:10 am – 3:35 pm,Korean Air,SIN‐EWR,26h25m,2,"ICN, BOS",1017,20220403-1450,best
11:25 am – 12:35 am +2,"United Airlines, ANA",EWR‐SIN,25h10m,1,NRT,9:00 am – 9:44 pm,United Airlines,SIN‐EWR,24h44m,1,SFO,1119,20220403-1450,best
11:25 am – 12:35 am +2,"United Airlines, ANA",EWR‐SIN,25h10m,1,NRT,9:00 am – 11:09 pm,United Airlines,SIN‐EWR,26h09m,1,SFO,1119,20220403-1450,best
6:30 pm – 6:45 am +2,United Airlines,EWR‐SIN,24h15m,1,SFO,9:00 am – 7:33 pm,United Airlines,SIN‐EWR,22h33m,1,SFO,1241,20220403-1450,best
6:30 pm – 6:45 am +2,United Airlines,EWR‐SIN,24h15m,1,SFO,9:00 am – 9:44 pm,United Airlines,SIN‐EWR,24h44m,1,SFO,1175,20220403-1450,best
5:30 pm – 6:45 am +2,United Airlines,EWR‐SIN,25h15m,1,SFO,9:00 am – 7:33 pm,United Airlines,SIN‐EWR,22h33m,1,SFO,1241,20220403-1450,best
5:30 pm – 6:45 am +2,United Airlines,EWR‐SIN,25h15m,1,SFO,9:00 am – 9:44 pm,United Airlines,SIN‐EWR,24h44m,1,SFO,1175,20220403-1450,best
11:25 am – 12:35 am +2,"United Airlines, ANA",EWR‐SIN,25h10m,1,NRT,9:00 am – 12:44 am +1,United Airlines,SIN‐EWR,27h44m,1,SFO,1119,20220403-1450,best
6:30 pm – 6:45 am +2,United Airlines,EWR‐SIN,24h15m,1,SFO,9:00 am – 11:09 pm,United Airlines,SIN‐EWR,26h09m,1,SFO,1175,20220403-1450,best
4:59 pm – 6:45 am +2,United Airlines,EWR‐SIN,25h46m,2,"DEN, SFO",9:00 am – 7:33 pm,United Airlines,SIN‐EWR,22h33m,1,SFO,1241,20220403-1450,best
4:59 pm – 6:45 am +2,United Airlines,EWR‐SIN,25h46m,2,"DEN, SFO",9:00 am – 9:44 pm,United Airlines,SIN‐EWR,24h44m,1,SFO,1175,20220403-1450,best
5:30 pm – 6:45 am +2,United Airlines,EWR‐SIN,25h15m,1,SFO,9:00 am – 11:09 pm,United Airlines,SIN‐EWR,26h09m,1,SFO,1175,20220403-1450,best
9:00 am – 11:40 pm +1,Korean Air,EWR‐SIN,26h40m,2,"BOS, ICN",1:10 am – 3:04 pm,Korean Air,SIN‐EWR,25h54m,2,"ICN, ATL",1028,20220403-1450,best
6:30 pm – 6:45 am +2,United Airlines,EWR‐SIN,24h15m,1,SFO,9:00 am – 12:44 am +1,United Airlines,SIN‐EWR,27h44m,1,SFO,1175,20220403-1450,best
10:25 am – 5:10 pm +1,Singapore Airlines,EWR‐SIN,18h45m,0,,11:35 pm – 6:00 am +1,Singapore Airlines,SIN‐EWR,18h25m,0,,1813,20220403-1455,fast
10:25 am – 5:10 pm +1,Singapore Airlines,EWR‐SIN,18h45m,0,,6:40 pm – 7:05 am +1,Singapore Airlines,SIN‐EWR,24h25m,1,SFO,3169,20220403-1455,fast
11:25 am – 12:35 am +2,ANA,EWR‐SIN,25h10m,1,NRT,11:35 pm – 6:00 am +1,Singapore Airlines,SIN‐EWR,18h25m,0,,1630,20220403-1455,fast
9:00 am – 11:40 pm +1,Korean Air,EWR‐SIN,26h40m,2,"BOS, ICN",11:35 pm – 6:00 am +1,Singapore Airlines,SIN‐EWR,18h25m,0,,1580,20220403-1455,fast
8:00 am – 11:40 pm +1,Korean Air,EWR‐SIN,27h40m,2,"ATL, ICN",11:35 pm – 6:00 am +1,Singapore Airlines,SIN‐EWR,18h25m,0,,1575,20220403-1455,fast
8:45 pm – 7:00 am +2,Lufthansa,EWR‐SIN,22h15m,1,MUC,12:30 am – 12:45 pm,Lufthansa,SIN‐EWR,24h15m,1,MUC,3452,20220403-1455,fast
6:30 pm – 6:45 am +2,United Airlines,EWR‐SIN,24h15m,1,SFO,9:00 am – 7:33 pm,United Airlines,SIN‐EWR,22h33m,1,SFO,1241,20220403-1455,fast
8:45 pm – 7:00 am +2,Lufthansa,EWR‐SIN,22h15m,1,MUC,1:25 am – 2:20 pm,SWISS,SIN‐EWR,24h55m,2,"ZRH, MXP",3220,20220403-1455,fast
6:20 pm – 5:55 am +2,SWISS,EWR‐SIN,23h35m,1,ZRH,1:25 am – 1:10 pm,SWISS,SIN‐EWR,23h45m,1,ZRH,3149,20220403-1455,fast
7:15 am – 12:20 am +2,Japan Airlines,EWR‐SIN,29h05m,2,"SEA, NRT",11:35 pm – 6:00 am +1,Singapore Airlines,SIN‐EWR,18h25m,0,,1703,20220403-1455,fast
7:35 pm – 6:50 am +2,Lufthansa,EWR‐SIN,23h15m,1,FRA,12:30 am – 12:45 pm,Lufthansa,SIN‐EWR,24h15m,1,MUC,3469,20220403-1455,fast
11:25 am – 12:35 am +2,"United Airlines, ANA",EWR‐SIN,25h10m,1,NRT,9:00 am – 7:33 pm,United Airlines,SIN‐EWR,22h33m,1,SFO,1185,20220403-1455,fast
5:30 pm – 6:45 am +2,United Airlines,EWR‐SIN,25h15m,1,SFO,9:00 am – 7:33 pm,United Airlines,SIN‐EWR,22h33m,1,SFO,1241,20220403-1455,fast
5:40 pm – 5:55 am +2,SWISS,EWR‐SIN,24h15m,2,"BER, ZRH",1:25 am – 1:10 pm,SWISS,SIN‐EWR,23h45m,1,ZRH,6797,20220403-1455,fast
11:50 pm – 5:30 pm +2,Turkish Airlines,EWR‐SIN,29h40m,1,IST,11:35 pm – 6:00 am +1,Singapore Airlines,SIN‐EWR,18h25m,0,,2050,20220403-1455,fast
