Out Time,Out Airline,Out Cities,Out Duration,Out Stops,Out Stop Cities,Return Time,Return Airline,Return Cities,Return Duration,Return Stops,Return Stop Cities,Price,timestamp,sort
11:15 am – 12:35 am +2,ANA,EWR‐SIN,25h20m,1,NRT,6:10 am – 4:45 pm,ANA,SIN‐EWR,22h35m,1,NRT,976,20220403-1917,cheap
6:30 am – 12:35 am +2,ANA,EWR‐SIN,30h05m,2,"LAX, NRT",6:10 am – 4:45 pm,ANA,SIN‐EWR,22h35m,1,NRT,987,20220403-1917,cheap
11:15 am – 12:35 am +2,ANA,EWR‐SIN,25h20m,1,NRT,10:10 pm – 9:13 pm +1,ANA,SIN‐EWR,35h03m,2,"HND, ORD",989,20220403-1917,cheap
6:30 am – 12:35 am +2,ANA,EWR‐SIN,30h05m,2,"LAX, NRT",6:10 am – 12:34 am +1,ANA,SIN‐EWR,30h24m,2,"NRT, LAX",989,20220403-1917,cheap
8:30 pm – 12:35 am +3,ANA,EWR‐SIN,40h05m,2,"LAX, NRT",6:10 am – 4:45 pm,ANA,SIN‐EWR,22h35m,1,NRT,992,20220403-1917,cheap
11:15 am – 12:35 am +2,ANA,EWR‐SIN,25h20m,1,NRT,6:10 am – 12:34 am +1,ANA,SIN‐EWR,30h24m,2,"NRT, LAX",993,20220403-1917,cheap
11:15 am – 12:35 am +2,ANA,EWR‐SIN,25h20m,1,NRT,6:10 am – 6:45 am +1,ANA,SIN‐EWR,36h35m,2,"NRT, LAX",993,20220403-1917,cheap
11:15 am – 12:35 am +2,ANA,EWR‐SIN,25h20m,1,NRT,10:10 pm – 4:45 pm +1,ANA,SIN‐EWR,30h35m,1,HND-NRT,999,20220403-1917,cheap
6:30 am – 12:35 am +2,ANA,EWR‐SIN,30h05m,2,"LAX, NRT",10:10 pm – 4:45 pm +1,ANA,SIN‐EWR,30h35m,1,HND-NRT,1000,20220403-1917,cheap
11:25 am – 12:35 am +2,United Airlines,EWR‐SIN,25h10m,1,NRT,6:10 am – 4:40 pm,United Airlines,SIN‐EWR,22h30m,1,NRT,1008,20220403-1917,cheap
7:00 am – 12:35 am +2,United Airlines,EWR‐SIN,29h35m,2,"SEA, NRT",6:10 am – 4:40 pm,United Airlines,SIN‐EWR,22h30m,1,NRT,1012,20220403-1917,cheap
8:30 pm – 12:35 am +3,United Airlines,EWR‐SIN,40h05m,2,"LAX, NRT",6:10 am – 4:40 pm,United Airlines,SIN‐EWR,22h30m,1,NRT,1016,20220403-1917,cheap
6:30 am – 12:35 am +2,"United Airlines, ANA",EWR‐SIN,30h05m,2,"LAX, NRT",6:10 am – 4:40 pm,United Airlines,SIN‐EWR,22h30m,1,NRT,1017,20220403-1917,cheap
11:25 am – 12:35 am +2,United Airlines,EWR‐SIN,25h10m,1,NRT,6:10 am – 10:44 pm,United Airlines,SIN‐EWR,28h34m,2,"NRT, IAH",1018,20220403-1917,cheap
11:25 am – 12:35 am +2,United Airlines,EWR‐SIN,25h10m,1,NRT,6:10 am – 11:08 pm,United Airlines,SIN‐EWR,28h58m,2,"NRT, SEA",1018,20220403-1917,cheap
11:15 am – 12:35 am +2,ANA,EWR‐SIN,25h20m,1,NRT,6:10 am – 4:45 pm,ANA,SIN‐EWR,22h35m,1,NRT,976,20220403-1914,best
11:15 am – 12:35 am +2,ANA,EWR‐SIN,25h20m,1,NRT,6:10 am – 4:45 pm,ANA,SIN‐EWR,22h35m,1,NRT,976,20220403-1914,best
11:25 am – 12:35 am +2,United Airlines,EWR‐SIN,25h10m,1,NRT,6:10 am – 4:40 pm,United Airlines,SIN‐EWR,22h30m,1,NRT,1008,20220403-1914,best
10:25 am – 5:10 pm +1,Singapore Airlines,EWR‐SIN,18h45m,0,,11:35 pm – 6:00 am +1,Singapore Airlines,SIN‐EWR,18h25m,0,,1533,20220403-1914,best
11:25 am – 12:35 am +2,United Airlines,EWR‐SIN,25h10m,1,NRT,6:10 am – 8:53 pm,"ANA, United Airlines",SIN‐EWR,26h43m,2,"NRT, LAX",1023,20220403-1914,best
7:00 am – 12:35 am +2,United Airlines,EWR‐SIN,29h35m,2,"SEA, NRT",6:10 am – 4:40 pm,United Airlines,SIN‐EWR,22h30m,1,NRT,1012,20220403-1914,best
6:30 am – 12:35 am +2,ANA,EWR‐SIN,30h05m,2,"LAX, NRT",6:10 am – 4:45 pm,ANA,SIN‐EWR,22h35m,1,NRT,987,20220403-1914,best
6:30 am – 12:35 am +2,"United Airlines, ANA",EWR‐SIN,30h05m,2,"LAX, NRT",6:10 am – 4:40 pm,United Airlines,SIN‐EWR,22h30m,1,NRT,1017,20220403-1914,best
11:25 am – 12:35 am +2,United Airlines,EWR‐SIN,25h10m,1,NRT,6:10 am – 10:44 pm,United Airlines,SIN‐EWR,28h34m,2,"NRT, IAH",1018,20220403-1914,best
11:25 am – 12:35 am +2,United Airlines,EWR‐SIN,25h10m,1,NRT,6:10 am – 11:08 pm,United Airlines,SIN‐EWR,28h58m,2,"NRT, SEA",1018,20220403-1914,best
11:25 am – 12:35 am +2,United Airlines,EWR‐SIN,25h10m,1,NRT,6:10 am – 11:28 pm,United Airlines,SIN‐EWR,29h18m,2,"NRT, IAH",1018,20220403-1914,best
11:25 am – 12:35 am +2,United Airlines,EWR‐SIN,25h10m,1,NRT,6:10 am – 11:42 pm,United Airlines,SIN‐EWR,29h32m,2,"NRT, IAD",1018,20220403-1914,best
11:15 am – 12:35 am +2,ANA,EWR‐SIN,25h20m,1,NRT,6:10 am – 12:34 am +1,ANA,SIN‐EWR,30h24m,2,"NRT, LAX",993,20220403-1914,best
11:25 am – 12:35 am +2,United Airlines,EWR‐SIN,25h10m,1,NRT,6:10 am – 12:34 am +1,United Airlines,SIN‐EWR,30h24m,2,"NRT, LAX",1018,20220403-1914,best
11:15 am – 12:35 am +2,ANA,EWR‐SIN,25h20m,1,NRT,10:10 pm – 4:45 pm +1,ANA,SIN‐EWR,30h35m,1,HND-NRT,999,20220403-1914,best
5:48 am – 12:35 am +2,"United Airlines, ANA",EWR‐SIN,30h47m,2,"IAH, NRT",6:10 am – 4:40 pm,United Airlines,SIN‐EWR,22h30m,1,NRT,1085,20220403-1914,best
10:25 am – 5:10 pm +1,Singapore Airlines,EWR‐SIN,18h45m,0,,11:35 pm – 6:00 am +1,Singapore Airlines,SIN‐EWR,18h25m,0,,1533,20220403-1920,fast
10:25 am – 5:10 pm +1,Singapore Airlines,EWR‐SIN,18h45m,0,,6:10 am – 4:45 pm,ANA,SIN‐EWR,22h35m,1,NRT,1889,20220403-1920,fast
10:25 am – 5:10 pm +1,Singapore Airlines,EWR‐SIN,18h45m,0,,6:40 pm – 7:00 am +1,Singapore Airlines,SIN‐EWR,24h20m,1,SFO,2097,20220403-1920,fast
11:15 am – 12:35 am +2,ANA,EWR‐SIN,25h20m,1,NRT,11:35 pm – 6:00 am +1,Singapore Airlines,SIN‐EWR,18h25m,0,,1549,20220403-1920,fast
6:24 pm – 7:50 am +2,"JetBlue, Singapore Airlines",EWR‐SIN,25h26m,1,LAX,11:35 pm – 6:00 am +1,Singapore Airlines,SIN‐EWR,18h25m,0,,2731,20220403-1920,fast
10:25 am – 5:10 pm +1,Singapore Airlines,EWR‐SIN,18h45m,0,,9:25 am – 11:00 pm,"Singapore Airlines, JetBlue",SIN‐EWR,25h35m,1,SFO,2136,20220403-1920,fast
8:45 pm – 7:00 am +2,Lufthansa,EWR‐SIN,22h15m,1,MUC,6:10 am – 4:45 pm,ANA,SIN‐EWR,22h35m,1,NRT,3145,20220403-1920,fast
10:25 am – 5:10 pm +1,Singapore Airlines,EWR‐SIN,18h45m,0,,6:10 am – 9:06 pm,ANA,SIN‐EWR,26h56m,2,"NRT, ORD",2419,20220403-1920,fast
10:25 am – 5:10 pm +1,Singapore Airlines,EWR‐SIN,18h45m,0,,8:10 am – 11:28 pm,"Japan Airlines, American Airlines",SIN‐EWR,27h18m,2,"NRT, DFW",2209,20220403-1920,fast
8:45 pm – 7:00 am +2,Lufthansa,EWR‐SIN,22h15m,1,MUC,12:30 am – 12:45 pm,Lufthansa,SIN‐EWR,24h15m,1,MUC,2252,20220403-1920,fast
8:45 pm – 7:00 am +2,Lufthansa,EWR‐SIN,22h15m,1,MUC,12:30 am – 1:10 pm,Lufthansa,SIN‐EWR,24h40m,2,"MUC, ZRH",2307,20220403-1920,fast
6:20 pm – 5:55 am +2,SWISS,EWR‐SIN,23h35m,1,ZRH,1:25 am – 1:10 pm,SWISS,SIN‐EWR,23h45m,1,ZRH,2848,20220403-1920,fast
8:15 am – 1:15 am +2,"Alaska Airlines, Singapore Airlines",EWR‐SIN,29h00m,2,"LAX, NRT",11:35 pm – 6:00 am +1,Singapore Airlines,SIN‐EWR,18h25m,0,,1862,20220403-1920,fast
8:45 pm – 7:00 am +2,Lufthansa,EWR‐SIN,22h15m,1,MUC,12:30 am – 1:50 pm,Lufthansa,SIN‐EWR,25h20m,2,"MUC, FRA",2326,20220403-1920,fast
11:25 am – 12:35 am +2,United Airlines,EWR‐SIN,25h10m,1,NRT,6:10 am – 4:40 pm,United Airlines,SIN‐EWR,22h30m,1,NRT,1008,20220403-1920,fast
