Out Time,Out Airline,Out Cities,Out Duration,Out Stops,Out Stop Cities,Return Time,Return Airline,Return Cities,Return Duration,Return Stops,Return Stop Cities,Price,timestamp,sort
11:15 am – 12:35 am +2,ANA,EWR‐SIN,25h20m,1,NRT,6:10 am – 4:50 pm,ANA,SIN‐EWR,22h40m,1,NRT,976,20220403-1805,cheap
11:15 am – 12:35 am +2,ANA,EWR‐SIN,25h20m,1,NRT,6:10 am – 9:49 pm,ANA,SIN‐EWR,27h39m,2,"NRT, SFO",993,20220403-1805,cheap
11:15 am – 12:35 am +2,ANA,EWR‐SIN,25h20m,1,NRT,6:10 am – 12:48 am +1,ANA,SIN‐EWR,30h38m,2,"NRT, LAX",993,20220403-1805,cheap
11:15 am – 12:35 am +2,ANA,EWR‐SIN,25h20m,1,NRT,6:10 am – 6:45 am +1,ANA,SIN‐EWR,36h35m,2,"NRT, LAX",993,20220403-1805,cheap
11:25 am – 12:35 am +2,United Airlines,EWR‐SIN,25h10m,1,NRT,6:10 am – 4:40 pm,United Airlines,SIN‐EWR,22h30m,1,NRT,1008,20220403-1805,cheap
11:25 am – 12:35 am +2,United Airlines,EWR‐SIN,25h10m,1,NRT,9:00 am – 11:08 pm,United Airlines,SIN‐EWR,26h08m,2,"SFO, SEA",1009,20220403-1805,cheap
11:25 am – 12:35 am +2,United Airlines,EWR‐SIN,25h10m,1,NRT,9:00 am – 11:33 pm,United Airlines,SIN‐EWR,26h33m,2,"SFO, DEN",1009,20220403-1805,cheap
11:25 am – 12:35 am +2,United Airlines,EWR‐SIN,25h10m,1,NRT,9:00 am – 12:30 am +1,United Airlines,SIN‐EWR,27h30m,2,"SFO, ORD",1009,20220403-1805,cheap
11:25 am – 12:35 am +2,United Airlines,EWR‐SIN,25h10m,1,NRT,9:00 am – 5:38 am +1,United Airlines,SIN‐EWR,32h38m,2,"SFO, DEN",1009,20220403-1805,cheap
11:25 am – 12:35 am +2,United Airlines,EWR‐SIN,25h10m,1,NRT,9:00 am – 6:30 am +1,United Airlines,SIN‐EWR,33h30m,2,"SFO, SLC",1009,20220403-1805,cheap
11:25 am – 12:35 am +2,United Airlines,EWR‐SIN,25h10m,1,NRT,9:00 am – 7:00 am +1,United Airlines,SIN‐EWR,34h00m,2,"SFO, LAS",1009,20220403-1805,cheap
11:25 am – 12:35 am +2,United Airlines,EWR‐SIN,25h10m,1,NRT,9:00 am – 7:20 am +1,United Airlines,SIN‐EWR,34h20m,2,"SFO, IAD",1009,20220403-1805,cheap
11:25 am – 12:35 am +2,United Airlines,EWR‐SIN,25h10m,1,NRT,9:00 am – 7:49 am +1,United Airlines,SIN‐EWR,34h49m,2,"SFO, LAS",1009,20220403-1805,cheap
11:25 am – 12:35 am +2,United Airlines,EWR‐SIN,25h10m,1,NRT,9:00 am – 7:51 am +1,United Airlines,SIN‐EWR,34h51m,2,"SFO, LAX",1009,20220403-1805,cheap
11:25 am – 12:35 am +2,United Airlines,EWR‐SIN,25h10m,1,NRT,9:00 am – 9:06 am +1,United Airlines,SIN‐EWR,36h06m,2,"SFO, ORD",1009,20220403-1805,cheap
11:15 am – 12:35 am +2,ANA,EWR‐SIN,25h20m,1,NRT,6:10 am – 4:50 pm,ANA,SIN‐EWR,22h40m,1,NRT,976,20220403-1802,best
11:15 am – 12:35 am +2,ANA,EWR‐SIN,25h20m,1,NRT,6:10 am – 4:50 pm,ANA,SIN‐EWR,22h40m,1,NRT,976,20220403-1802,best
11:25 am – 12:35 am +2,United Airlines,EWR‐SIN,25h10m,1,NRT,6:10 am – 4:40 pm,United Airlines,SIN‐EWR,22h30m,1,NRT,1008,20220403-1802,best
11:25 am – 12:35 am +2,United Airlines,EWR‐SIN,25h10m,1,NRT,9:00 am – 7:13 pm,United Airlines,SIN‐EWR,22h13m,1,SFO,1073,20220403-1802,best
10:25 am – 5:10 pm +1,Singapore Airlines,EWR‐SIN,18h45m,0,,11:35 pm – 6:00 am +1,Singapore Airlines,SIN‐EWR,18h25m,0,,1533,20220403-1802,best
11:25 am – 12:35 am +2,United Airlines,EWR‐SIN,25h10m,1,NRT,9:00 am – 11:08 pm,United Airlines,SIN‐EWR,26h08m,2,"SFO, SEA",1009,20220403-1802,best
11:25 am – 12:35 am +2,United Airlines,EWR‐SIN,25h10m,1,NRT,9:00 am – 11:33 pm,United Airlines,SIN‐EWR,26h33m,2,"SFO, DEN",1009,20220403-1802,best
11:15 am – 12:35 am +2,ANA,EWR‐SIN,25h20m,1,NRT,6:10 am – 9:49 pm,ANA,SIN‐EWR,27h39m,2,"NRT, SFO",993,20220403-1802,best
11:25 am – 12:35 am +2,United Airlines,EWR‐SIN,25h10m,1,NRT,9:00 am – 12:30 am +1,United Airlines,SIN‐EWR,27h30m,2,"SFO, ORD",1009,20220403-1802,best
7:45 am – 12:35 am +2,ANA,EWR‐SIN,28h50m,2,"ORD, NRT",6:10 am – 4:50 pm,ANA,SIN‐EWR,22h40m,1,NRT,1048,20220403-1802,best
6:15 am – 12:35 am +2,United Airlines,EWR‐SIN,30h20m,2,"ORD, NRT",6:10 am – 4:40 pm,United Airlines,SIN‐EWR,22h30m,1,NRT,1012,20220403-1802,best
11:15 am – 12:35 am +2,ANA,EWR‐SIN,25h20m,1,NRT,6:10 am – 8:59 pm,"ANA, United Airlines",SIN‐EWR,26h49m,2,"NRT, IAH",1093,20220403-1802,best
8:30 pm – 5:15 pm +2,"United Airlines, ANA",EWR‐SIN,32h45m,2,"LAX, HND",6:10 am – 4:40 pm,"ANA, United Airlines",SIN‐EWR,22h30m,1,NRT,1020,20220403-1802,best
8:30 pm – 5:15 pm +2,ANA,EWR‐SIN,32h45m,2,"LAX, HND",6:10 am – 4:50 pm,ANA,SIN‐EWR,22h40m,1,NRT,1018,20220403-1802,best
11:15 am – 12:35 am +2,ANA,EWR‐SIN,25h20m,1,NRT,6:10 am – 12:48 am +1,ANA,SIN‐EWR,30h38m,2,"NRT, LAX",993,20220403-1802,best
11:25 am – 12:35 am +2,United Airlines,EWR‐SIN,25h10m,1,NRT,9:00 am – 9:49 pm,United Airlines,SIN‐EWR,24h49m,1,SFO,1241,20220403-1802,best
10:25 am – 5:10 pm +1,Singapore Airlines,EWR‐SIN,18h45m,0,,11:35 pm – 6:00 am +1,Singapore Airlines,SIN‐EWR,18h25m,0,,1533,20220403-1807,fast
10:25 am – 5:10 pm +1,Singapore Airlines,EWR‐SIN,18h45m,0,,6:10 am – 4:50 pm,ANA,SIN‐EWR,22h40m,1,NRT,1889,20220403-1807,fast
6:20 pm – 5:55 am +2,SWISS,EWR‐SIN,23h35m,1,ZRH,11:35 pm – 6:00 am +1,Singapore Airlines,SIN‐EWR,18h25m,0,,3597,20220403-1807,fast
10:25 am – 5:10 pm +1,Singapore Airlines,EWR‐SIN,18h45m,0,,12:30 am – 12:45 pm,Lufthansa,SIN‐EWR,24h15m,1,MUC,1969,20220403-1807,fast
10:25 am – 5:10 pm +1,Singapore Airlines,EWR‐SIN,18h45m,0,,6:40 pm – 7:05 am +1,Singapore Airlines,SIN‐EWR,24h25m,1,SFO,1902,20220403-1807,fast
10:25 am – 5:10 pm +1,Singapore Airlines,EWR‐SIN,18h45m,0,,7:15 pm – 7:55 am +1,Air India,SIN‐EWR,24h40m,1,BOM,10486,20220403-1807,fast
6:35 pm – 7:50 am +2,"Alaska Airlines, Singapore Airlines",EWR‐SIN,25h15m,1,LAX,11:35 pm – 6:00 am +1,Singapore Airlines,SIN‐EWR,18h25m,0,,2632,20220403-1807,fast
11:15 am – 12:35 am +2,ANA,EWR‐SIN,25h20m,1,NRT,11:35 pm – 6:00 am +1,Singapore Airlines,SIN‐EWR,18h25m,0,,1549,20220403-1807,fast
4:00 pm – 5:45 am +2,Singapore Airlines,EWR‐SIN,25h45m,1,SFO,11:35 pm – 6:00 am +1,Singapore Airlines,SIN‐EWR,18h25m,0,,1896,20220403-1807,fast
8:00 pm – 5:30 am +2,"Austrian Airlines, Singapore Airlines",EWR‐SIN,21h30m,1,LHR,1:10 am – 12:50 pm,"Singapore Airlines, Austrian Airlines",SIN‐EWR,23h40m,1,LHR,6636,20220403-1807,fast
10:00 pm – 7:30 am +2,"Austrian Airlines, Singapore Airlines",EWR‐SIN,21h30m,1,LHR,1:10 am – 12:50 pm,"Singapore Airlines, Austrian Airlines",SIN‐EWR,23h40m,1,LHR,6636,20220403-1807,fast
8:00 pm – 5:30 am +2,"Austrian Airlines, Singapore Airlines",EWR‐SIN,21h30m,1,LHR,1:10 am – 1:20 pm,"Singapore Airlines, Austrian Airlines",SIN‐EWR,24h10m,1,LHR,6636,20220403-1807,fast
10:00 pm – 7:30 am +2,"Austrian Airlines, Singapore Airlines",EWR‐SIN,21h30m,1,LHR,1:10 am – 1:20 pm,"Singapore Airlines, Austrian Airlines",SIN‐EWR,24h10m,1,LHR,6636,20220403-1807,fast
8:00 pm – 5:30 am +2,"Austrian Airlines, Singapore Airlines",EWR‐SIN,21h30m,1,LHR,9:00 am – 9:20 pm,"Singapore Airlines, Austrian Airlines",SIN‐EWR,24h20m,1,LHR,6636,20220403-1807,fast
10:00 pm – 7:30 am +2,"Austrian Airlines, Singapore Airlines",EWR‐SIN,21h30m,1,LHR,9:00 am – 9:20 pm,"Singapore Airlines, Austrian Airlines",SIN‐EWR,24h20m,1,LHR,6636,20220403-1807,fast
