Out Time,Out Airline,Out Cities,Out Duration,Out Stops,Out Stop Cities,Return Time,Return Airline,Return Cities,Return Duration,Return Stops,Return Stop Cities,Price,timestamp,sort
8:00 am – 11:40 pm +1,Korean Air,EWR‐SIN,27h40m,2,"ATL, ICN",1:10 am – 2:49 pm,Korean Air,SIN‐EWR,25h39m,2,"ICN, BOS",990,20220403-1656,cheap
9:00 am – 11:40 pm +1,Korean Air,EWR‐SIN,26h40m,2,"BOS, ICN",1:10 am – 2:49 pm,Korean Air,SIN‐EWR,25h39m,2,"ICN, BOS",1009,20220403-1656,cheap
9:00 am – 11:40 pm +1,Korean Air,EWR‐SIN,26h40m,2,"BOS, ICN",1:10 am – 3:14 pm,Korean Air,SIN‐EWR,26h04m,2,"ICN, ATL",1009,20220403-1656,cheap
8:00 am – 11:40 pm +1,Korean Air,EWR‐SIN,27h40m,2,"ATL, ICN",1:10 am – 3:14 pm,Korean Air,SIN‐EWR,26h04m,2,"ICN, ATL",1009,20220403-1656,cheap
8:00 am – 11:40 pm +1,Korean Air,EWR‐SIN,27h40m,2,"ATL, ICN",11:30 pm – 10:20 pm +1,Turkish Airlines,SIN‐EWR,34h50m,1,IST,1049,20220403-1656,cheap
9:00 am – 11:40 pm +1,Korean Air,EWR‐SIN,26h40m,2,"BOS, ICN",1:10 am – 4:58 pm,"Korean Air, Delta",SIN‐EWR,27h48m,2,"ICN, BOS",1079,20220403-1656,cheap
8:00 am – 11:40 pm +1,Korean Air,EWR‐SIN,27h40m,2,"ATL, ICN",1:10 am – 4:58 pm,"Korean Air, Delta",SIN‐EWR,27h48m,2,"ICN, BOS",1079,20220403-1656,cheap
9:00 am – 11:40 pm +1,Korean Air,EWR‐SIN,26h40m,2,"BOS, ICN",11:30 pm – 10:20 pm +1,Turkish Airlines,SIN‐EWR,34h50m,1,IST,1082,20220403-1656,cheap
6:00 am – 11:40 pm +1,"Delta, Korean Air",EWR‐SIN,29h40m,2,"ATL, ICN",1:10 am – 2:49 pm,Korean Air,SIN‐EWR,25h39m,2,"ICN, BOS",1145,20220403-1656,cheap
6:00 am – 11:40 pm +1,"Delta, Korean Air",EWR‐SIN,29h40m,2,"ATL, ICN",1:10 am – 2:49 pm,Korean Air,SIN‐EWR,25h39m,2,"ICN, BOS",1187,20220403-1656,cheap
9:00 am – 11:40 pm +1,Korean Air,EWR‐SIN,26h40m,2,"BOS, ICN",9:20 pm – 9:20 pm +1,"AirAsia, Emirates",SIN‐EWR,36h00m,3,"KUL, DXB, ...",1302,20220403-1656,cheap
7:51 am – 12:35 am +2,ANA,EWR‐SIN,28h44m,2,"ORD, NRT",10:10 pm – 4:50 pm +1,ANA,SIN‐EWR,30h40m,1,HND-NRT,1321,20220403-1656,cheap
9:00 am – 11:40 pm +1,Korean Air,EWR‐SIN,26h40m,2,"BOS, ICN",8:40 pm – 9:00 pm +1,Multiple Airlines,SIN‐EWR,36h20m,3,"BKK, ARN, ...",1332,20220403-1656,cheap
9:00 am – 11:40 pm +1,Delta,EWR‐SIN,26h40m,2,"BOS, ICN",1:10 am – 2:49 pm,Delta,SIN‐EWR,25h39m,2,"ICN, BOS",1341,20220403-1656,cheap
9:00 am – 11:40 pm +1,Delta,EWR‐SIN,26h40m,2,"BOS, ICN",1:10 am – 3:14 pm,Delta,SIN‐EWR,26h04m,2,"ICN, ATL",1341,20220403-1656,cheap
6:00 am – 11:40 pm +1,Delta,EWR‐SIN,29h40m,2,"ATL, ICN",1:10 am – 4:43 pm,Delta,SIN‐EWR,27h33m,2,"ICN, ATL",1341,20220403-1653,best
7:00 am – 11:40 pm +1,Delta,EWR‐SIN,28h40m,2,"ATL, ICN",1:10 am – 4:58 pm,Delta,SIN‐EWR,27h48m,2,"ICN, BOS",9744,20220403-1653,best
10:25 am – 5:10 pm +1,Singapore Airlines,EWR‐SIN,18h45m,0,,11:35 pm – 6:00 am +1,Singapore Airlines,SIN‐EWR,18h25m,0,,1672,20220403-1658,fast
10:25 am – 5:10 pm +1,Singapore Airlines,EWR‐SIN,18h45m,0,,6:10 am – 4:50 pm,ANA,SIN‐EWR,22h40m,1,NRT,2738,20220403-1658,fast
10:25 am – 5:10 pm +1,Singapore Airlines,EWR‐SIN,18h45m,0,,8:45 pm – 8:14 am +1,Singapore Airlines,SIN‐EWR,23h29m,1,LAX,1643,20220403-1658,fast
10:25 am – 5:10 pm +1,Singapore Airlines,EWR‐SIN,18h45m,0,,6:40 pm – 7:00 am +1,Singapore Airlines,SIN‐EWR,24h20m,1,LAX,1757,20220403-1658,fast
10:25 am – 5:10 pm +1,Singapore Airlines,EWR‐SIN,18h45m,0,,6:40 pm – 7:05 am +1,Singapore Airlines,SIN‐EWR,24h25m,1,SFO,2053,20220403-1658,fast
11:25 am – 12:35 am +2,ANA,EWR‐SIN,25h10m,1,NRT,11:35 pm – 6:00 am +1,Singapore Airlines,SIN‐EWR,18h25m,0,,2494,20220403-1658,fast
6:35 pm – 7:50 am +2,Singapore Airlines,EWR‐SIN,25h15m,1,LAX,11:35 pm – 6:00 am +1,Singapore Airlines,SIN‐EWR,18h25m,0,,2799,20220403-1658,fast
10:25 am – 5:10 pm +1,Singapore Airlines,EWR‐SIN,18h45m,0,,6:40 pm – 8:14 am +1,"Singapore Airlines, JetBlue",SIN‐EWR,25h34m,1,LAX,1603,20220403-1658,fast
10:25 am – 5:10 pm +1,Singapore Airlines,EWR‐SIN,18h45m,0,,9:25 am – 11:00 pm,"Singapore Airlines, JetBlue",SIN‐EWR,25h35m,1,SFO,2088,20220403-1658,fast
9:00 am – 11:40 pm +1,Korean Air,EWR‐SIN,26h40m,2,"BOS, ICN",11:35 pm – 6:00 am +1,Singapore Airlines,SIN‐EWR,18h25m,0,,1575,20220403-1658,fast
5:40 pm – 4:40 am +2,"Lufthansa, Scoot",EWR‐SIN,23h00m,1,BER,6:10 am – 4:50 pm,ANA,SIN‐EWR,22h40m,1,NRT,5573,20220403-1658,fast
8:00 am – 11:40 pm +1,Korean Air,EWR‐SIN,27h40m,2,"ATL, ICN",11:35 pm – 6:00 am +1,Singapore Airlines,SIN‐EWR,18h25m,0,,1575,20220403-1658,fast
8:45 pm – 7:00 am +2,Lufthansa,EWR‐SIN,22h15m,1,MUC,12:30 am – 12:45 pm,Lufthansa,SIN‐EWR,24h15m,1,MUC,3578,20220403-1658,fast
8:45 pm – 7:00 am +2,Lufthansa,EWR‐SIN,22h15m,1,MUC,6:40 pm – 7:00 am +1,Singapore Airlines,SIN‐EWR,24h20m,1,LAX,2567,20220403-1658,fast
7:45 am – 12:20 am +2,"American Airlines, Japan Airlines",EWR‐SIN,28h35m,2,"ORD, NRT",11:35 pm – 6:00 am +1,Singapore Airlines,SIN‐EWR,18h25m,0,,1535,20220403-1658,fast
