Out Time,Out Airline,Out Cities,Out Duration,Out Stops,Out Stop Cities,Return Time,Return Airline,Return Cities,Return Duration,Return Stops,Return Stop Cities,Price,timestamp,sort
8:30 pm – 12:35 am +3,United Airlines,EWR‐SIN,40h05m,2,"LAX, NRT",6:10 am – 4:45 pm,United Airlines,SIN‐EWR,22h35m,1,NRT,1064,20220403-2236,cheap
9:05 am – 1:15 am +2,Air Canada,EWR‐SIN,28h10m,2,"YYZ, NRT",6:10 am – 8:11 pm,Air Canada,SIN‐EWR,26h01m,2,"NRT, YYZ",1400,20220403-2236,cheap
7:20 am – 12:20 am +2,Japan Airlines,EWR‐SIN,29h00m,2,"SEA, NRT",8:10 am – 11:26 pm,"Japan Airlines, American Airlines",SIN‐EWR,27h16m,2,"NRT, DFW",1400,20220403-2236,cheap
6:54 am – 12:20 am +2,Japan Airlines,EWR‐SIN,29h26m,2,"ORD, NRT",8:10 am – 11:26 pm,"Japan Airlines, American Airlines",SIN‐EWR,27h16m,2,"NRT, DFW",1400,20220403-2236,cheap
6:25 am – 1:15 am +2,Air Canada,EWR‐SIN,30h50m,2,"YYZ, NRT",6:10 am – 8:11 pm,Air Canada,SIN‐EWR,26h01m,2,"NRT, YYZ",1400,20220403-2236,cheap
6:59 am – 12:20 am +2,"American Airlines, Japan Airlines",EWR‐SIN,29h21m,2,"DFW, NRT",8:10 am – 11:26 pm,"Japan Airlines, American Airlines",SIN‐EWR,27h16m,2,"NRT, DFW",1408,20220403-2236,cheap
8:20 am – 12:20 am +2,Japan Airlines,EWR‐SIN,28h00m,2,"SFO, NRT",11:30 pm – 10:20 pm +1,Turkish Airlines,SIN‐EWR,34h50m,1,IST,1408,20220403-2236,cheap
7:20 am – 12:20 am +2,Japan Airlines,EWR‐SIN,29h00m,2,"SEA, NRT",1:10 pm – 6:59 am +1,"EVA Air, Alaska Airlines",SIN‐EWR,29h49m,2,"TPE, SFO",1424,20220403-2236,cheap
6:59 am – 12:20 am +2,American Airlines,EWR‐SIN,29h21m,2,"DFW, NRT",8:10 am – 11:26 pm,American Airlines,SIN‐EWR,27h16m,2,"NRT, DFW",1441,20220403-2236,cheap
8:20 am – 12:20 am +2,Japan Airlines,EWR‐SIN,28h00m,2,"SFO, NRT",8:10 am – 7:10 am +1,Japan Airlines,SIN‐EWR,35h00m,2,"NRT, LAX",1460,20220403-2236,cheap
7:20 am – 12:20 am +2,Japan Airlines,EWR‐SIN,29h00m,2,"SEA, NRT",12:50 am – 9:20 pm,Emirates,SIN‐EWR,32h30m,2,"DXB, ATH",1490,20220403-2236,cheap
6:54 am – 12:20 am +2,Japan Airlines,EWR‐SIN,29h26m,2,"ORD, NRT",12:50 am – 9:20 pm,Emirates,SIN‐EWR,32h30m,2,"DXB, ATH",1490,20220403-2236,cheap
7:20 am – 12:20 am +2,Japan Airlines,EWR‐SIN,29h00m,2,"SEA, NRT",6:10 am – 4:45 pm,ANA,SIN‐EWR,22h35m,1,NRT,1546,20220403-2236,cheap
6:54 am – 12:20 am +2,Japan Airlines,EWR‐SIN,29h26m,2,"ORD, NRT",6:10 am – 4:45 pm,ANA,SIN‐EWR,22h35m,1,NRT,1546,20220403-2236,cheap
8:20 am – 12:20 am +2,Japan Airlines,EWR‐SIN,28h00m,2,"SFO, NRT",8:10 am – 11:26 pm,"Japan Airlines, American Airlines",SIN‐EWR,27h16m,2,"NRT, DFW",1552,20220403-2236,cheap
8:20 am – 12:20 am +2,Japan Airlines,EWR‐SIN,28h00m,2,"SFO, NRT",11:30 pm – 10:20 pm +1,Turkish Airlines,SIN‐EWR,34h50m,1,IST,1442,20220403-2234,best
10:25 am – 5:10 pm +1,Singapore Airlines,EWR‐SIN,18h45m,0,,11:35 pm – 6:00 am +1,Singapore Airlines,SIN‐EWR,18h25m,0,,1711,20220403-2234,best
8:30 pm – 12:35 am +3,United Airlines,EWR‐SIN,40h05m,2,"LAX, NRT",6:10 am – 4:45 pm,United Airlines,SIN‐EWR,22h35m,1,NRT,1064,20220403-2234,best
5:15 pm – 6:15 am +2,United Airlines,EWR‐SIN,25h00m,1,SFO,6:10 am – 4:45 pm,United Airlines,SIN‐EWR,22h35m,1,NRT,1727,20220403-2234,best
9:05 am – 1:15 am +2,Air Canada,EWR‐SIN,28h10m,2,"YYZ, NRT",6:10 am – 8:11 pm,Air Canada,SIN‐EWR,26h01m,2,"NRT, YYZ",1400,20220403-2234,best
10:25 am – 5:10 pm +1,Singapore Airlines,EWR‐SIN,18h45m,0,,6:10 am – 4:45 pm,ANA,SIN‐EWR,22h35m,1,NRT,2161,20220403-2234,best
8:15 am – 1:15 am +2,Singapore Airlines,EWR‐SIN,29h00m,2,"LAX, NRT",11:35 pm – 6:00 am +1,Singapore Airlines,SIN‐EWR,18h25m,0,,1782,20220403-2234,best
6:40 pm – 6:15 am +2,United Airlines,EWR‐SIN,23h35m,1,SFO,6:10 am – 4:45 pm,United Airlines,SIN‐EWR,22h35m,1,NRT,1959,20220403-2234,best
10:25 am – 5:10 pm +1,Singapore Airlines,EWR‐SIN,18h45m,0,,6:40 pm – 6:59 am +1,Singapore Airlines,SIN‐EWR,24h19m,1,SFO,2151,20220403-2234,best
6:25 am – 1:15 am +2,Air Canada,EWR‐SIN,30h50m,2,"YYZ, NRT",6:10 am – 8:11 pm,Air Canada,SIN‐EWR,26h01m,2,"NRT, YYZ",1400,20220403-2234,best
6:59 am – 12:20 am +2,American Airlines,EWR‐SIN,29h21m,2,"DFW, NRT",8:10 am – 11:26 pm,American Airlines,SIN‐EWR,27h16m,2,"NRT, DFW",1441,20220403-2234,best
10:25 am – 5:10 pm +1,Singapore Airlines,EWR‐SIN,18h45m,0,,9:25 am – 6:59 am +1,Singapore Airlines,SIN‐EWR,33h34m,1,SFO,1799,20220403-2234,best
5:15 pm – 6:15 am +2,United Airlines,EWR‐SIN,25h00m,1,SFO,8:45 am – 7:21 pm,United Airlines,SIN‐EWR,22h36m,1,SFO,2011,20220403-2234,best
12:20 pm – 6:15 am +2,United Airlines,EWR‐SIN,29h55m,2,"LAX, SFO",6:10 am – 4:45 pm,"ANA, United Airlines",SIN‐EWR,22h35m,1,NRT,1738,20220403-2234,best
3:45 pm – 6:15 am +2,United Airlines,EWR‐SIN,26h30m,1,SFO,6:10 am – 4:45 pm,United Airlines,SIN‐EWR,22h35m,1,NRT,1959,20220403-2234,best
5:35 pm – 5:30 pm +2,Singapore Airlines,EWR‐SIN,35h55m,1,SEA,11:35 pm – 6:00 am +1,Singapore Airlines,SIN‐EWR,18h25m,0,,1764,20220403-2234,best
10:25 am – 5:10 pm +1,Singapore Airlines,EWR‐SIN,18h45m,0,,11:35 pm – 6:00 am +1,Singapore Airlines,SIN‐EWR,18h25m,0,,1711,20220403-2239,fast
8:55 pm – 7:00 am +2,Lufthansa,EWR‐SIN,22h05m,1,MUC,11:35 pm – 6:00 am +1,Singapore Airlines,SIN‐EWR,18h25m,0,,2377,20220403-2239,fast
10:25 am – 5:10 pm +1,Singapore Airlines,EWR‐SIN,18h45m,0,,6:10 am – 4:45 pm,ANA,SIN‐EWR,22h35m,1,NRT,2161,20220403-2239,fast
10:25 am – 5:10 pm +1,Singapore Airlines,EWR‐SIN,18h45m,0,,6:40 pm – 6:59 am +1,Singapore Airlines,SIN‐EWR,24h19m,1,SFO,2151,20220403-2239,fast
12:00 pm – 1:15 am +2,ANA,EWR‐SIN,25h15m,1,NRT,11:35 pm – 6:00 am +1,Singapore Airlines,SIN‐EWR,18h25m,0,,5320,20220403-2239,fast
5:40 pm – 7:00 am +2,Lufthansa,EWR‐SIN,25h20m,1,MUC,11:35 pm – 6:00 am +1,Singapore Airlines,SIN‐EWR,18h25m,0,,2154,20220403-2239,fast
3:59 pm – 5:45 am +2,Singapore Airlines,EWR‐SIN,25h46m,1,SFO,11:35 pm – 6:00 am +1,Singapore Airlines,SIN‐EWR,18h25m,0,,2041,20220403-2239,fast
8:55 pm – 7:00 am +2,Lufthansa,EWR‐SIN,22h05m,1,MUC,6:10 am – 4:45 pm,ANA,SIN‐EWR,22h35m,1,NRT,2351,20220403-2239,fast
10:25 am – 5:10 pm +1,Singapore Airlines,EWR‐SIN,18h45m,0,,8:10 am – 11:26 pm,"Japan Airlines, American Airlines",SIN‐EWR,27h16m,2,"NRT, DFW",2255,20220403-2239,fast
6:40 pm – 6:15 am +2,United Airlines,EWR‐SIN,23h35m,1,SFO,6:10 am – 4:45 pm,United Airlines,SIN‐EWR,22h35m,1,NRT,1959,20220403-2239,fast
6:40 pm – 6:15 am +2,United Airlines,EWR‐SIN,23h35m,1,SFO,8:45 am – 7:21 pm,United Airlines,SIN‐EWR,22h36m,1,SFO,2243,20220403-2239,fast
8:55 pm – 7:00 am +2,Lufthansa,EWR‐SIN,22h05m,1,MUC,6:40 pm – 6:59 am +1,Singapore Airlines,SIN‐EWR,24h19m,1,SFO,2543,20220403-2239,fast
8:20 am – 12:20 am +2,Japan Airlines,EWR‐SIN,28h00m,2,"SFO, NRT",11:35 pm – 6:00 am +1,Singapore Airlines,SIN‐EWR,18h25m,0,,1724,20220403-2239,fast
9:05 am – 1:15 am +2,Air Canada,EWR‐SIN,28h10m,2,"YYZ, NRT",11:35 pm – 6:00 am +1,Singapore Airlines,SIN‐EWR,18h25m,0,,1977,20220403-2239,fast
7:20 am – 12:20 am +2,Japan Airlines,EWR‐SIN,29h00m,2,"SEA, NRT",11:35 pm – 6:00 am +1,Singapore Airlines,SIN‐EWR,18h25m,0,,1572,20220403-2239,fast
