Out Time,Out Airline,Out Cities,Out Duration,Out Stops,Out Stop Cities,Return Time,Return Airline,Return Cities,Return Duration,Return Stops,Return Stop Cities,Price,timestamp,sort
11:15 am – 12:35 am +2,ANA,EWR‐SIN,25h20m,1,NRT,6:10 am – 4:50 pm,ANA,SIN‐EWR,22h40m,1,NRT,983,20220403-1837,cheap
6:30 am – 12:35 am +2,ANA,EWR‐SIN,30h05m,2,"LAX, NRT",6:10 am – 4:50 pm,ANA,SIN‐EWR,22h40m,1,NRT,987,20220403-1837,cheap
8:30 pm – 12:35 am +3,ANA,EWR‐SIN,40h05m,2,"LAX, NRT",6:10 am – 4:50 pm,ANA,SIN‐EWR,22h40m,1,NRT,987,20220403-1837,cheap
11:25 am – 12:35 am +2,United Airlines,EWR‐SIN,25h10m,1,NRT,6:10 am – 4:40 pm,United Airlines,SIN‐EWR,22h30m,1,NRT,1015,20220403-1837,cheap
6:30 am – 12:35 am +2,United Airlines,EWR‐SIN,30h05m,2,"LAX, NRT",6:10 am – 4:40 pm,United Airlines,SIN‐EWR,22h30m,1,NRT,1019,20220403-1837,cheap
5:48 am – 12:35 am +2,United Airlines,EWR‐SIN,30h47m,2,"IAH, NRT",6:10 am – 4:40 pm,United Airlines,SIN‐EWR,22h30m,1,NRT,1019,20220403-1837,cheap
8:30 pm – 12:35 am +3,United Airlines,EWR‐SIN,40h05m,2,"LAX, NRT",6:10 am – 4:40 pm,United Airlines,SIN‐EWR,22h30m,1,NRT,1019,20220403-1837,cheap
11:25 am – 12:35 am +2,United Airlines,EWR‐SIN,25h10m,1,NRT,6:10 am – 10:44 pm,United Airlines,SIN‐EWR,28h34m,2,"NRT, IAH",1025,20220403-1837,cheap
11:25 am – 12:35 am +2,United Airlines,EWR‐SIN,25h10m,1,NRT,6:10 am – 11:42 pm,United Airlines,SIN‐EWR,29h32m,2,"NRT, IAD",1025,20220403-1837,cheap
6:30 am – 12:35 am +2,United Airlines,EWR‐SIN,30h05m,2,"LAX, NRT",6:10 am – 10:44 pm,United Airlines,SIN‐EWR,28h34m,2,"NRT, IAH",1029,20220403-1837,cheap
5:48 am – 12:35 am +2,United Airlines,EWR‐SIN,30h47m,2,"IAH, NRT",6:10 am – 10:44 pm,United Airlines,SIN‐EWR,28h34m,2,"NRT, IAH",1029,20220403-1837,cheap
6:30 am – 12:35 am +2,United Airlines,EWR‐SIN,30h05m,2,"LAX, NRT",6:10 am – 11:42 pm,United Airlines,SIN‐EWR,29h32m,2,"NRT, IAD",1029,20220403-1837,cheap
11:25 am – 12:35 am +2,United Airlines,EWR‐SIN,25h10m,1,NRT,6:10 am – 7:20 am +1,United Airlines,SIN‐EWR,37h10m,2,"NRT, IAD",1030,20220403-1837,cheap
11:15 am – 12:35 am +2,ANA,EWR‐SIN,25h20m,1,NRT,11:30 pm – 10:20 pm +1,Turkish Airlines,SIN‐EWR,34h50m,1,IST,1099,20220403-1837,cheap
11:25 am – 12:35 am +2,United Airlines,EWR‐SIN,25h10m,1,NRT,6:10 am – 10:59 pm,"ANA, United Airlines",SIN‐EWR,28h49m,2,"NRT, ORD",1130,20220403-1837,cheap
11:15 am – 12:35 am +2,ANA,EWR‐SIN,25h20m,1,NRT,11:30 pm – 10:20 pm +1,Turkish Airlines,SIN‐EWR,34h50m,1,IST,1140,20220403-1835,best
11:15 am – 12:35 am +2,ANA,EWR‐SIN,25h20m,1,NRT,6:10 am – 4:50 pm,ANA,SIN‐EWR,22h40m,1,NRT,983,20220403-1835,best
11:25 am – 12:35 am +2,United Airlines,EWR‐SIN,25h10m,1,NRT,6:10 am – 4:40 pm,United Airlines,SIN‐EWR,22h30m,1,NRT,1015,20220403-1835,best
10:25 am – 5:10 pm +1,Singapore Airlines,EWR‐SIN,18h45m,0,,11:35 pm – 6:00 am +1,Singapore Airlines,SIN‐EWR,18h25m,0,,1753,20220403-1835,best
6:30 am – 12:35 am +2,ANA,EWR‐SIN,30h05m,2,"LAX, NRT",6:10 am – 4:50 pm,ANA,SIN‐EWR,22h40m,1,NRT,987,20220403-1835,best
6:30 am – 12:35 am +2,United Airlines,EWR‐SIN,30h05m,2,"LAX, NRT",6:10 am – 4:40 pm,United Airlines,SIN‐EWR,22h30m,1,NRT,1019,20220403-1835,best
11:25 am – 12:35 am +2,United Airlines,EWR‐SIN,25h10m,1,NRT,6:10 am – 10:44 pm,United Airlines,SIN‐EWR,28h34m,2,"NRT, IAH",1025,20220403-1835,best
11:25 am – 12:35 am +2,United Airlines,EWR‐SIN,25h10m,1,NRT,6:10 am – 11:42 pm,United Airlines,SIN‐EWR,29h32m,2,"NRT, IAD",1025,20220403-1835,best
5:48 am – 12:35 am +2,United Airlines,EWR‐SIN,30h47m,2,"IAH, NRT",6:10 am – 4:40 pm,United Airlines,SIN‐EWR,22h30m,1,NRT,1019,20220403-1835,best
11:15 am – 12:35 am +2,ANA,EWR‐SIN,25h20m,1,NRT,6:10 am – 9:13 pm,ANA,SIN‐EWR,27h03m,2,"NRT, ORD",1161,20220403-1835,best
11:15 am – 12:35 am +2,ANA,EWR‐SIN,25h20m,1,NRT,6:10 am – 9:49 pm,ANA,SIN‐EWR,27h39m,2,"NRT, SFO",1167,20220403-1835,best
11:25 am – 12:35 am +2,United Airlines,EWR‐SIN,25h10m,1,NRT,6:10 am – 10:59 pm,"ANA, United Airlines",SIN‐EWR,28h49m,2,"NRT, ORD",1130,20220403-1835,best
11:15 am – 12:35 am +2,ANA,EWR‐SIN,25h20m,1,NRT,6:10 am – 9:20 pm,"ANA, United Airlines",SIN‐EWR,27h10m,2,"NRT, IAD-DCA",1200,20220403-1835,best
11:25 am – 12:35 am +2,United Airlines,EWR‐SIN,25h10m,1,NRT,6:10 am – 12:49 am +1,"ANA, United Airlines",SIN‐EWR,30h39m,2,"NRT, SFO",1132,20220403-1835,best
6:30 am – 12:35 am +2,United Airlines,EWR‐SIN,30h05m,2,"LAX, NRT",6:10 am – 10:44 pm,United Airlines,SIN‐EWR,28h34m,2,"NRT, IAH",1029,20220403-1835,best
7:00 am – 12:35 am +2,"United Airlines, ANA",EWR‐SIN,29h35m,2,"SEA, NRT",6:10 am – 4:50 pm,ANA,SIN‐EWR,22h40m,1,NRT,1348,20220403-1835,best
10:25 am – 5:10 pm +1,Singapore Airlines,EWR‐SIN,18h45m,0,,11:35 pm – 6:00 am +1,Singapore Airlines,SIN‐EWR,18h25m,0,,1753,20220403-1840,fast
10:25 am – 5:10 pm +1,Singapore Airlines,EWR‐SIN,18h45m,0,,6:10 am – 4:50 pm,ANA,SIN‐EWR,22h40m,1,NRT,2094,20220403-1840,fast
10:25 am – 5:10 pm +1,Singapore Airlines,EWR‐SIN,18h45m,0,,8:45 pm – 8:14 am +1,Singapore Airlines,SIN‐EWR,23h29m,1,LAX,1962,20220403-1840,fast
10:25 am – 5:10 pm +1,Singapore Airlines,EWR‐SIN,18h45m,0,,6:40 pm – 7:00 am +1,Singapore Airlines,SIN‐EWR,24h20m,1,SFO,2043,20220403-1840,fast
6:35 pm – 7:50 am +2,Singapore Airlines,EWR‐SIN,25h15m,1,LAX,11:35 pm – 6:00 am +1,Singapore Airlines,SIN‐EWR,18h25m,0,,2799,20220403-1840,fast
11:15 am – 12:35 am +2,ANA,EWR‐SIN,25h20m,1,NRT,11:35 pm – 6:00 am +1,Singapore Airlines,SIN‐EWR,18h25m,0,,1604,20220403-1840,fast
6:24 pm – 7:50 am +2,"JetBlue, Singapore Airlines",EWR‐SIN,25h26m,1,LAX,11:35 pm – 6:00 am +1,Singapore Airlines,SIN‐EWR,18h25m,0,,2872,20220403-1840,fast
6:40 pm – 6:45 am +2,United Airlines,EWR‐SIN,24h05m,1,SFO,6:10 am – 4:40 pm,United Airlines,SIN‐EWR,22h30m,1,NRT,4406,20220403-1840,fast
8:15 am – 1:15 am +2,Singapore Airlines,EWR‐SIN,29h00m,2,"LAX, NRT",11:35 pm – 6:00 am +1,Singapore Airlines,SIN‐EWR,18h25m,0,,1733,20220403-1840,fast
11:25 am – 12:35 am +2,United Airlines,EWR‐SIN,25h10m,1,NRT,6:10 am – 4:40 pm,United Airlines,SIN‐EWR,22h30m,1,NRT,1015,20220403-1840,fast
5:45 pm – 5:55 am +2,SWISS,EWR‐SIN,24h10m,2,"GVA, ZRH",1:25 am – 1:10 pm,SWISS,SIN‐EWR,23h45m,1,ZRH,2915,20220403-1840,fast
11:15 am – 12:35 am +2,ANA,EWR‐SIN,25h20m,1,NRT,6:10 am – 4:50 pm,ANA,SIN‐EWR,22h40m,1,NRT,983,20220403-1840,fast
5:15 pm – 6:45 am +2,United Airlines,EWR‐SIN,25h30m,1,SFO,6:10 am – 4:40 pm,United Airlines,SIN‐EWR,22h30m,1,NRT,3671,20220403-1840,fast
6:20 pm – 6:40 am +2,SWISS,EWR‐SIN,24h20m,1,ZRH,1:25 am – 1:10 pm,SWISS,SIN‐EWR,23h45m,1,ZRH,2341,20220403-1840,fast
8:45 pm – 7:00 am +2,Lufthansa,EWR‐SIN,22h15m,1,MUC,11:55 pm – 1:55 pm +1,Lufthansa,SIN‐EWR,26h00m,1,FRA,2885,20220403-1840,fast
