Out Time,Out Airline,Out Cities,Out Duration,Out Stops,Out Stop Cities,Return Time,Return Airline,Return Cities,Return Duration,Return Stops,Return Stop Cities,Price,timestamp,sort
11:25 am – 12:35 am +2,ANA,EWR‐SIN,25h10m,1,NRT,6:10 am – 4:40 pm,ANA,SIN‐EWR,22h30m,1,NRT,983,20220403-1507,cheap
8:00 am – 11:40 pm +1,Korean Air,EWR‐SIN,27h40m,2,"ATL, ICN",1:10 am – 3:35 pm,Korean Air,SIN‐EWR,26h25m,2,"ICN, BOS",990,20220403-1507,cheap
11:25 am – 12:35 am +2,ANA,EWR‐SIN,25h10m,1,NRT,10:10 pm – 9:27 pm +1,ANA,SIN‐EWR,35h17m,2,"HND, ORD",992,20220403-1507,cheap
6:30 am – 12:35 am +2,ANA,EWR‐SIN,30h05m,2,"LAX, NRT",10:10 pm – 9:27 pm +1,ANA,SIN‐EWR,35h17m,2,"HND, ORD",995,20220403-1507,cheap
6:30 am – 12:35 am +2,ANA,EWR‐SIN,30h05m,2,"LAX, NRT",6:10 am – 4:40 pm,ANA,SIN‐EWR,22h30m,1,NRT,997,20220403-1507,cheap
11:25 am – 12:35 am +2,ANA,EWR‐SIN,25h10m,1,NRT,10:10 pm – 4:40 pm +1,ANA,SIN‐EWR,30h30m,1,HND-NRT,1004,20220403-1507,cheap
6:30 am – 12:35 am +2,ANA,EWR‐SIN,30h05m,2,"LAX, NRT",10:10 pm – 4:40 pm +1,ANA,SIN‐EWR,30h30m,1,HND-NRT,1007,20220403-1507,cheap
9:00 am – 11:40 pm +1,Korean Air,EWR‐SIN,26h40m,2,"BOS, ICN",1:10 am – 3:35 pm,Korean Air,SIN‐EWR,26h25m,2,"ICN, BOS",1009,20220403-1507,cheap
10:20 am – 12:35 am +2,United Airlines,EWR‐SIN,26h15m,2,"IAD, NRT",6:10 am – 4:40 pm,"ANA, United Airlines",SIN‐EWR,22h30m,1,NRT,1024,20220403-1507,cheap
6:00 am – 12:35 am +2,United Airlines,EWR‐SIN,30h35m,2,"IAD, NRT",6:10 am – 4:40 pm,"ANA, United Airlines",SIN‐EWR,22h30m,1,NRT,1024,20220403-1507,cheap
5:44 am – 12:35 am +2,United Airlines,EWR‐SIN,30h51m,2,"IAH, NRT",6:10 am – 4:40 pm,"ANA, United Airlines",SIN‐EWR,22h30m,1,NRT,1024,20220403-1507,cheap
6:30 am – 12:35 am +2,"United Airlines, ANA",EWR‐SIN,30h05m,2,"SFO, NRT",6:10 am – 4:40 pm,"ANA, United Airlines",SIN‐EWR,22h30m,1,NRT,1029,20220403-1507,cheap
6:30 am – 12:35 am +2,ANA,EWR‐SIN,30h05m,2,"LAX, NRT",6:10 am – 12:17 am +1,ANA,SIN‐EWR,30h07m,2,"NRT, LAX",1096,20220403-1507,cheap
11:25 am – 12:35 am +2,ANA,EWR‐SIN,25h10m,1,NRT,6:10 am – 12:17 am +1,ANA,SIN‐EWR,30h07m,2,"NRT, LAX",1105,20220403-1507,cheap
11:25 am – 12:35 am +2,ANA,EWR‐SIN,25h10m,1,NRT,6:10 am – 7:00 am +1,ANA,SIN‐EWR,36h50m,2,"NRT, LAX",1105,20220403-1507,cheap
11:25 am – 12:35 am +2,ANA,EWR‐SIN,25h10m,1,NRT,6:10 am – 4:40 pm,ANA,SIN‐EWR,22h30m,1,NRT,983,20220403-1505,best
11:25 am – 12:35 am +2,ANA,EWR‐SIN,25h10m,1,NRT,6:10 am – 4:40 pm,ANA,SIN‐EWR,22h30m,1,NRT,983,20220403-1505,best
10:20 am – 12:35 am +2,United Airlines,EWR‐SIN,26h15m,2,"IAD, NRT",6:10 am – 4:40 pm,"ANA, United Airlines",SIN‐EWR,22h30m,1,NRT,1024,20220403-1505,best
6:30 am – 12:35 am +2,ANA,EWR‐SIN,30h05m,2,"LAX, NRT",6:10 am – 4:40 pm,ANA,SIN‐EWR,22h30m,1,NRT,997,20220403-1505,best
6:30 am – 12:35 am +2,"United Airlines, ANA",EWR‐SIN,30h05m,2,"SFO, NRT",6:10 am – 4:40 pm,"ANA, United Airlines",SIN‐EWR,22h30m,1,NRT,1029,20220403-1505,best
6:00 am – 12:35 am +2,United Airlines,EWR‐SIN,30h35m,2,"IAD, NRT",6:10 am – 4:40 pm,"ANA, United Airlines",SIN‐EWR,22h30m,1,NRT,1024,20220403-1505,best
9:00 am – 11:40 pm +1,Korean Air,EWR‐SIN,26h40m,2,"BOS, ICN",1:10 am – 3:35 pm,Korean Air,SIN‐EWR,26h25m,2,"ICN, BOS",1009,20220403-1505,best
11:25 am – 12:35 am +2,ANA,EWR‐SIN,25h10m,1,NRT,10:10 pm – 4:40 pm +1,ANA,SIN‐EWR,30h30m,1,HND-NRT,1004,20220403-1505,best
5:44 am – 12:35 am +2,United Airlines,EWR‐SIN,30h51m,2,"IAH, NRT",6:10 am – 4:40 pm,"ANA, United Airlines",SIN‐EWR,22h30m,1,NRT,1024,20220403-1505,best
8:00 am – 11:40 pm +1,Korean Air,EWR‐SIN,27h40m,2,"ATL, ICN",1:10 am – 3:35 pm,Korean Air,SIN‐EWR,26h25m,2,"ICN, BOS",990,20220403-1505,best
11:25 am – 12:35 am +2,ANA,EWR‐SIN,25h10m,1,NRT,6:10 am – 12:17 am +1,ANA,SIN‐EWR,30h07m,2,"NRT, LAX",1105,20220403-1505,best
6:30 am – 12:35 am +2,"United Airlines, ANA",EWR‐SIN,30h05m,2,"LAX, NRT",6:10 am – 4:40 pm,"ANA, United Airlines",SIN‐EWR,22h30m,1,NRT,1197,20220403-1505,best
9:00 am – 11:40 pm +1,Korean Air,EWR‐SIN,26h40m,2,"BOS, ICN",1:10 am – 3:04 pm,Korean Air,SIN‐EWR,25h54m,2,"ICN, ATL",1160,20220403-1505,best
11:25 am – 12:35 am +2,ANA,EWR‐SIN,25h10m,1,NRT,10:10 pm – 9:27 pm +1,ANA,SIN‐EWR,35h17m,2,"HND, ORD",992,20220403-1505,best
8:00 am – 11:40 pm +1,Korean Air,EWR‐SIN,27h40m,2,"ATL, ICN",1:10 am – 3:04 pm,Korean Air,SIN‐EWR,25h54m,2,"ICN, ATL",1160,20220403-1505,best
6:30 am – 12:35 am +2,ANA,EWR‐SIN,30h05m,2,"LAX, NRT",10:10 pm – 4:40 pm +1,ANA,SIN‐EWR,30h30m,1,HND-NRT,1007,20220403-1505,best
10:25 am – 5:10 pm +1,Singapore Airlines,EWR‐SIN,18h45m,0,,6:10 am – 4:40 pm,ANA,SIN‐EWR,22h30m,1,NRT,2054,20220403-1510,fast
10:25 am – 5:10 pm +1,Singapore Airlines,EWR‐SIN,18h45m,0,,6:40 pm – 7:05 am +1,Singapore Airlines,SIN‐EWR,24h25m,1,SFO,3108,20220403-1510,fast
10:25 am – 5:10 pm +1,Singapore Airlines,EWR‐SIN,18h45m,0,,6:40 pm – 8:34 am +1,Singapore Airlines,SIN‐EWR,25h54m,1,SFO,3108,20220403-1510,fast
6:20 pm – 5:55 am +2,SWISS,EWR‐SIN,23h35m,1,ZRH,1:25 am – 1:10 pm,SWISS,SIN‐EWR,23h45m,1,ZRH,4249,20220403-1510,fast
7:35 pm – 6:50 am +2,Lufthansa,EWR‐SIN,23h15m,1,FRA,12:30 am – 12:45 pm,Lufthansa,SIN‐EWR,24h15m,1,MUC,3169,20220403-1510,fast
7:35 pm – 6:50 am +2,"Brussels Airlines, Singapore Airlines",EWR‐SIN,23h15m,1,FRA,6:40 pm – 7:00 am +1,"Singapore Airlines, Alaska Airlines",SIN‐EWR,24h20m,1,LAX,7413,20220403-1510,fast
11:25 am – 12:35 am +2,ANA,EWR‐SIN,25h10m,1,NRT,6:10 am – 4:40 pm,ANA,SIN‐EWR,22h30m,1,NRT,983,20220403-1510,fast
5:25 pm – 6:50 am +2,Lufthansa,EWR‐SIN,25h25m,2,"MUC, FRA",6:10 am – 4:40 pm,ANA,SIN‐EWR,22h30m,1,NRT,3174,20220403-1510,fast
7:35 pm – 6:50 am +2,Lufthansa,EWR‐SIN,23h15m,1,FRA,12:30 am – 1:10 pm,Lufthansa,SIN‐EWR,24h40m,2,"MUC, ZRH",3224,20220403-1510,fast
5:40 pm – 5:55 am +2,SWISS,EWR‐SIN,24h15m,2,"BER, ZRH",1:25 am – 1:10 pm,SWISS,SIN‐EWR,23h45m,1,ZRH,7497,20220403-1510,fast
5:25 pm – 7:00 am +2,Lufthansa,EWR‐SIN,25h35m,1,MUC,6:10 am – 4:40 pm,ANA,SIN‐EWR,22h30m,1,NRT,2227,20220403-1510,fast
8:45 pm – 7:00 am +2,Lufthansa,EWR‐SIN,22h15m,1,MUC,11:55 pm – 1:55 pm +1,Lufthansa,SIN‐EWR,26h00m,1,FRA,4308,20220403-1510,fast
11:25 am – 1:15 am +2,ANA,EWR‐SIN,25h50m,1,NRT,6:10 am – 4:40 pm,ANA,SIN‐EWR,22h30m,1,NRT,4061,20220403-1510,fast
11:25 am – 1:15 am +2,"United Airlines, Singapore Airlines",EWR‐SIN,25h50m,1,NRT,9:00 am – 7:33 pm,United Airlines,SIN‐EWR,22h33m,1,SFO,11291,20220403-1510,fast
6:20 pm – 5:55 am +2,SWISS,EWR‐SIN,23h35m,1,ZRH,1:25 am – 2:20 pm,SWISS,SIN‐EWR,24h55m,2,"ZRH, MXP",4297,20220403-1510,fast
