Out Time,Out Airline,Out Cities,Out Duration,Out Stops,Out Stop Cities,Return Time,Return Airline,Return Cities,Return Duration,Return Stops,Return Stop Cities,Price,timestamp,sort
7:45 am – 12:20 am +2,American Airlines,EWR‐SIN,28h35m,2,"ORD, NRT",8:10 am – 11:28 pm,American Airlines,SIN‐EWR,27h18m,2,"NRT, DFW",996,20220403-1703,cheap
6:34 am – 12:20 am +2,American Airlines,EWR‐SIN,29h46m,2,"DFW, NRT",8:10 am – 11:28 pm,American Airlines,SIN‐EWR,27h18m,2,"NRT, DFW",996,20220403-1703,cheap
6:34 am – 12:20 am +2,American Airlines,EWR‐SIN,29h46m,2,"DFW, NRT",8:10 am – 11:28 pm,American Airlines,SIN‐EWR,27h18m,2,"NRT, DFW",996,20220403-1703,cheap
6:00 am – 12:20 am +2,American Airlines,EWR‐SIN,30h20m,2,"ORD, NRT",8:10 am – 11:28 pm,American Airlines,SIN‐EWR,27h18m,2,"NRT, DFW",996,20220403-1703,cheap
6:30 pm – 6:45 am +2,United Airlines,EWR‐SIN,24h15m,1,SFO,6:10 am – 4:40 pm,United Airlines,SIN‐EWR,22h30m,1,NRT,1006,20220403-1703,cheap
5:30 pm – 6:45 am +2,United Airlines,EWR‐SIN,25h15m,1,SFO,6:10 am – 4:40 pm,United Airlines,SIN‐EWR,22h30m,1,NRT,1006,20220403-1703,cheap
3:55 pm – 6:45 am +2,United Airlines,EWR‐SIN,26h50m,1,SFO,6:10 am – 4:40 pm,United Airlines,SIN‐EWR,22h30m,1,NRT,1006,20220403-1703,cheap
6:30 am – 6:45 am +2,United Airlines,EWR‐SIN,36h15m,2,"LAX, SFO",6:10 am – 4:40 pm,United Airlines,SIN‐EWR,22h30m,1,NRT,1006,20220403-1703,cheap
6:12 am – 6:45 am +2,United Airlines,EWR‐SIN,36h33m,2,"DEN, SFO",6:10 am – 4:40 pm,United Airlines,SIN‐EWR,22h30m,1,NRT,1006,20220403-1703,cheap
3:00 pm – 6:45 am +2,United Airlines,EWR‐SIN,27h45m,2,"DCA, SFO",6:10 am – 4:40 pm,United Airlines,SIN‐EWR,22h30m,1,NRT,1011,20220403-1703,cheap
2:35 pm – 6:45 am +2,United Airlines,EWR‐SIN,28h10m,2,"DCA, SFO",6:10 am – 4:40 pm,United Airlines,SIN‐EWR,22h30m,1,NRT,1011,20220403-1703,cheap
1:59 pm – 6:45 am +2,United Airlines,EWR‐SIN,28h46m,2,"DCA, SFO",6:10 am – 4:40 pm,United Airlines,SIN‐EWR,22h30m,1,NRT,1011,20220403-1703,cheap
6:12 am – 6:45 am +2,United Airlines,EWR‐SIN,36h33m,2,"DEN, SFO",6:10 am – 4:40 pm,United Airlines,SIN‐EWR,22h30m,1,NRT,1012,20220403-1703,cheap
6:12 am – 6:45 am +2,United Airlines,EWR‐SIN,36h33m,2,"DEN, SFO",6:10 am – 4:40 pm,United Airlines,SIN‐EWR,22h30m,1,NRT,1012,20220403-1703,cheap
6:30 pm – 6:45 am +2,United Airlines,EWR‐SIN,24h15m,1,SFO,6:10 am – 8:53 pm,United Airlines,SIN‐EWR,26h43m,2,"NRT, LAX",1016,20220403-1703,cheap
11:55 pm – 3:00 pm +2,Emirates,EWR‐SIN,27h05m,2,"ATH, DXB",12:50 am – 9:20 pm,Emirates,SIN‐EWR,32h30m,2,"DXB, ATH",1116,20220403-1701,best
6:30 pm – 6:45 am +2,United Airlines,EWR‐SIN,24h15m,1,SFO,6:10 am – 4:40 pm,United Airlines,SIN‐EWR,22h30m,1,NRT,1006,20220403-1701,best
7:45 am – 12:20 am +2,American Airlines,EWR‐SIN,28h35m,2,"ORD, NRT",8:10 am – 11:28 pm,American Airlines,SIN‐EWR,27h18m,2,"NRT, DFW",996,20220403-1701,best
5:30 pm – 6:45 am +2,United Airlines,EWR‐SIN,25h15m,1,SFO,6:10 am – 4:40 pm,United Airlines,SIN‐EWR,22h30m,1,NRT,1006,20220403-1701,best
3:55 pm – 6:45 am +2,United Airlines,EWR‐SIN,26h50m,1,SFO,6:10 am – 4:40 pm,United Airlines,SIN‐EWR,22h30m,1,NRT,1006,20220403-1701,best
6:30 pm – 6:45 am +2,United Airlines,EWR‐SIN,24h15m,1,SFO,6:10 am – 8:53 pm,United Airlines,SIN‐EWR,26h43m,2,"NRT, LAX",1016,20220403-1701,best
3:00 pm – 6:45 am +2,United Airlines,EWR‐SIN,27h45m,2,"DCA, SFO",6:10 am – 4:40 pm,United Airlines,SIN‐EWR,22h30m,1,NRT,1011,20220403-1701,best
2:35 pm – 6:45 am +2,United Airlines,EWR‐SIN,28h10m,2,"DCA, SFO",6:10 am – 4:40 pm,United Airlines,SIN‐EWR,22h30m,1,NRT,1011,20220403-1701,best
6:30 pm – 6:45 am +2,United Airlines,EWR‐SIN,24h15m,1,SFO,6:10 am – 9:49 pm,United Airlines,SIN‐EWR,27h39m,2,"NRT, SFO",1016,20220403-1701,best
5:30 pm – 6:45 am +2,United Airlines,EWR‐SIN,25h15m,1,SFO,6:10 am – 8:53 pm,United Airlines,SIN‐EWR,26h43m,2,"NRT, LAX",1016,20220403-1701,best
1:59 pm – 6:45 am +2,United Airlines,EWR‐SIN,28h46m,2,"DCA, SFO",6:10 am – 4:40 pm,United Airlines,SIN‐EWR,22h30m,1,NRT,1011,20220403-1701,best
6:30 pm – 6:45 am +2,United Airlines,EWR‐SIN,24h15m,1,SFO,6:10 am – 10:44 pm,United Airlines,SIN‐EWR,28h34m,2,"NRT, IAH",1016,20220403-1701,best
5:30 pm – 6:45 am +2,United Airlines,EWR‐SIN,25h15m,1,SFO,6:10 am – 9:49 pm,United Airlines,SIN‐EWR,27h39m,2,"NRT, SFO",1016,20220403-1701,best
6:30 pm – 6:45 am +2,United Airlines,EWR‐SIN,24h15m,1,SFO,6:10 am – 11:28 pm,United Airlines,SIN‐EWR,29h18m,2,"NRT, IAH",1016,20220403-1701,best
3:55 pm – 6:45 am +2,United Airlines,EWR‐SIN,26h50m,1,SFO,6:10 am – 8:53 pm,United Airlines,SIN‐EWR,26h43m,2,"NRT, LAX",1016,20220403-1701,best
6:30 pm – 6:45 am +2,United Airlines,EWR‐SIN,24h15m,1,SFO,6:10 am – 11:42 pm,United Airlines,SIN‐EWR,29h32m,2,"NRT, IAD",1016,20220403-1701,best
5:30 pm – 6:45 am +2,United Airlines,EWR‐SIN,25h15m,1,SFO,6:10 am – 10:44 pm,United Airlines,SIN‐EWR,28h34m,2,"NRT, IAH",1016,20220403-1701,best
10:25 am – 5:10 pm +1,Singapore Airlines,EWR‐SIN,18h45m,0,,11:35 pm – 6:00 am +1,Singapore Airlines,SIN‐EWR,18h25m,0,,1563,20220403-1706,fast
10:25 am – 5:10 pm +1,Singapore Airlines,EWR‐SIN,18h45m,0,,6:10 am – 4:50 pm,ANA,SIN‐EWR,22h40m,1,NRT,1910,20220403-1706,fast
6:30 pm – 6:45 am +2,United Airlines,EWR‐SIN,24h15m,1,SFO,11:35 pm – 6:00 am +1,Singapore Airlines,SIN‐EWR,18h25m,0,,1514,20220403-1706,fast
10:25 am – 5:10 pm +1,Singapore Airlines,EWR‐SIN,18h45m,0,,9:00 am – 9:20 pm,"Singapore Airlines, Lufthansa",SIN‐EWR,24h20m,1,LHR,4769,20220403-1706,fast
10:25 am – 5:10 pm +1,Singapore Airlines,EWR‐SIN,18h45m,0,,6:40 pm – 7:05 am +1,Singapore Airlines,SIN‐EWR,24h25m,1,SFO,1902,20220403-1706,fast
6:35 pm – 7:50 am +2,Singapore Airlines,EWR‐SIN,25h15m,1,LAX,11:35 pm – 6:00 am +1,Singapore Airlines,SIN‐EWR,18h25m,0,,1379,20220403-1706,fast
5:30 pm – 6:45 am +2,United Airlines,EWR‐SIN,25h15m,1,SFO,11:35 pm – 6:00 am +1,Singapore Airlines,SIN‐EWR,18h25m,0,,1514,20220403-1706,fast
8:45 pm – 7:00 am +2,Lufthansa,EWR‐SIN,22h15m,1,MUC,6:40 pm – 7:05 am +1,Singapore Airlines,SIN‐EWR,24h25m,1,SFO,2848,20220403-1706,fast
6:30 pm – 6:45 am +2,United Airlines,EWR‐SIN,24h15m,1,SFO,6:10 am – 4:40 pm,United Airlines,SIN‐EWR,22h30m,1,NRT,1006,20220403-1706,fast
6:30 pm – 6:45 am +2,United Airlines,EWR‐SIN,24h15m,1,SFO,6:10 am – 4:50 pm,ANA,SIN‐EWR,22h40m,1,NRT,1422,20220403-1706,fast
7:45 am – 12:20 am +2,"American Airlines, Japan Airlines",EWR‐SIN,28h35m,2,"ORD, NRT",11:35 pm – 6:00 am +1,Singapore Airlines,SIN‐EWR,18h25m,0,,1480,20220403-1706,fast
6:20 pm – 5:55 am +2,SWISS,EWR‐SIN,23h35m,1,ZRH,1:25 am – 1:10 pm,SWISS,SIN‐EWR,23h45m,1,ZRH,2449,20220403-1706,fast
8:15 am – 1:15 am +2,Singapore Airlines,EWR‐SIN,29h00m,2,"LAX, NRT",11:35 pm – 6:00 am +1,Singapore Airlines,SIN‐EWR,18h25m,0,,1340,20220403-1706,fast
5:45 pm – 6:40 am +2,SWISS,EWR‐SIN,24h55m,2,"GVA, ZRH",6:10 am – 4:50 pm,ANA,SIN‐EWR,22h40m,1,NRT,2015,20220403-1706,fast
8:00 am – 1:15 am +2,"JetBlue, Singapore Airlines",EWR‐SIN,29h15m,2,"LAX, NRT",11:35 pm – 6:00 am +1,Singapore Airlines,SIN‐EWR,18h25m,0,,1457,20220403-1706,fast
