Out Time,Out Airline,Out Cities,Out Duration,Out Stops,Out Stop Cities,Return Time,Return Airline,Return Cities,Return Duration,Return Stops,Return Stop Cities,Price,timestamp,sort
7:45 am – 12:20 am +2,Japan Airlines,EWR‐SIN,28h35m,2,"ORD, NRT",8:10 am – 5:07 am +1,"Japan Airlines, JetBlue",SIN‐EWR,32h57m,2,"NRT, SFO",1083,20220403-2100,cheap
8:20 am – 12:20 am +2,Japan Airlines,EWR‐SIN,28h00m,2,"SFO, NRT",11:30 pm – 10:20 pm +1,Turkish Airlines,SIN‐EWR,34h50m,1,IST,1223,20220403-2100,cheap
7:20 am – 12:20 am +2,American Airlines,EWR‐SIN,29h00m,2,"SEA, NRT",8:10 am – 11:26 pm,American Airlines,SIN‐EWR,27h16m,2,"NRT, DFW",1234,20220403-2100,cheap
7:45 am – 12:20 am +2,Japan Airlines,EWR‐SIN,28h35m,2,"ORD, NRT",12:50 am – 9:20 pm,Emirates,SIN‐EWR,32h30m,2,"DXB, ATH",1256,20220403-2100,cheap
8:20 am – 12:20 am +2,Japan Airlines,EWR‐SIN,28h00m,2,"SFO, NRT",12:50 am – 9:20 pm,Emirates,SIN‐EWR,32h30m,2,"DXB, ATH",1287,20220403-2100,cheap
7:45 am – 12:20 am +2,Japan Airlines,EWR‐SIN,28h35m,2,"ORD, NRT",2:40 am – 7:54 pm,"Qatar Airways, JetBlue",SIN‐EWR,29h14m,2,"DOH, BOS",1395,20220403-2100,cheap
7:45 am – 12:20 am +2,Japan Airlines,EWR‐SIN,28h35m,2,"ORD, NRT",2:40 am – 11:45 pm,Qatar Airways,SIN‐EWR,33h05m,2,"DOH, ORD",1396,20220403-2100,cheap
8:20 am – 12:20 am +2,Japan Airlines,EWR‐SIN,28h00m,2,"SFO, NRT",8:10 am – 7:00 am +1,Japan Airlines,SIN‐EWR,34h50m,2,"NRT, LAX",1425,20220403-2100,cheap
7:45 am – 12:20 am +2,Japan Airlines,EWR‐SIN,28h35m,2,"ORD, NRT",12:30 am – 12:25 pm,Lufthansa,SIN‐EWR,23h55m,1,MUC,1468,20220403-2100,cheap
8:20 am – 12:20 am +2,Japan Airlines,EWR‐SIN,28h00m,2,"SFO, NRT",12:30 am – 12:25 pm,Lufthansa,SIN‐EWR,23h55m,1,MUC,1494,20220403-2100,cheap
10:25 am – 5:10 pm +1,Singapore Airlines,EWR‐SIN,18h45m,0,,9:25 am – 5:07 am +1,"Singapore Airlines, JetBlue",SIN‐EWR,31h42m,1,SFO,1511,20220403-2100,cheap
10:25 am – 5:10 pm +1,Singapore Airlines,EWR‐SIN,18h45m,0,,9:25 am – 2:27 pm +1,"Singapore Airlines, JetBlue",SIN‐EWR,41h02m,2,"NRT, LAX",1568,20220403-2100,cheap
10:25 am – 5:10 pm +1,Singapore Airlines,EWR‐SIN,18h45m,0,,9:25 am – 11:00 pm,"Singapore Airlines, JetBlue",SIN‐EWR,25h35m,1,SFO,1613,20220403-2100,cheap
10:25 am – 5:10 pm +1,Singapore Airlines,EWR‐SIN,18h45m,0,,9:25 am – 7:00 am +1,Singapore Airlines,SIN‐EWR,33h35m,1,SFO,1628,20220403-2100,cheap
8:40 am – 11:40 pm +1,"Delta, Korean Air",EWR‐SIN,27h00m,2,"BOS, ICN",2:40 am – 7:54 pm,"Qatar Airways, JetBlue",SIN‐EWR,29h14m,2,"DOH, BOS",1649,20220403-2100,cheap
7:45 am – 12:20 am +2,Japan Airlines,EWR‐SIN,28h35m,2,"ORD, NRT",8:10 am – 5:07 am +1,"Japan Airlines, JetBlue",SIN‐EWR,32h57m,2,"NRT, SFO",1083,20220403-2057,best
10:25 am – 5:10 pm +1,Singapore Airlines,EWR‐SIN,18h45m,0,,11:35 pm – 6:00 am +1,Singapore Airlines,SIN‐EWR,18h25m,0,,1763,20220403-2057,best
7:45 am – 12:20 am +2,Japan Airlines,EWR‐SIN,28h35m,2,"ORD, NRT",8:10 am – 5:07 am +1,"Japan Airlines, JetBlue",SIN‐EWR,32h57m,2,"NRT, SFO",1083,20220403-2057,best
10:25 am – 5:10 pm +1,Singapore Airlines,EWR‐SIN,18h45m,0,,9:25 am – 11:00 pm,"Singapore Airlines, JetBlue",SIN‐EWR,25h35m,1,SFO,1613,20220403-2057,best
7:20 am – 12:20 am +2,American Airlines,EWR‐SIN,29h00m,2,"SEA, NRT",8:10 am – 11:26 pm,American Airlines,SIN‐EWR,27h16m,2,"NRT, DFW",1234,20220403-2057,best
10:25 am – 5:10 pm +1,Singapore Airlines,EWR‐SIN,18h45m,0,,6:40 pm – 7:00 am +1,Singapore Airlines,SIN‐EWR,24h20m,1,LAX,1745,20220403-2057,best
10:25 am – 5:10 pm +1,Singapore Airlines,EWR‐SIN,18h45m,0,,9:25 am – 5:07 am +1,"Singapore Airlines, JetBlue",SIN‐EWR,31h42m,1,SFO,1511,20220403-2057,best
10:25 am – 5:10 pm +1,Singapore Airlines,EWR‐SIN,18h45m,0,,9:25 am – 7:00 am +1,Singapore Airlines,SIN‐EWR,33h35m,1,SFO,1628,20220403-2057,best
7:45 am – 12:20 am +2,Japan Airlines,EWR‐SIN,28h35m,2,"ORD, NRT",12:30 am – 12:25 pm,Lufthansa,SIN‐EWR,23h55m,1,MUC,1468,20220403-2057,best
8:20 am – 12:20 am +2,Japan Airlines,EWR‐SIN,28h00m,2,"SFO, NRT",12:30 am – 12:25 pm,Lufthansa,SIN‐EWR,23h55m,1,MUC,1494,20220403-2057,best
10:25 am – 5:10 pm +1,Singapore Airlines,EWR‐SIN,18h45m,0,,8:45 pm – 3:10 pm +1,Singapore Airlines,SIN‐EWR,30h25m,1,LAX,1745,20220403-2057,best
8:20 am – 12:20 am +2,Japan Airlines,EWR‐SIN,28h00m,2,"SFO, NRT",11:30 pm – 10:20 pm +1,Turkish Airlines,SIN‐EWR,34h50m,1,IST,1223,20220403-2057,best
10:25 am – 5:10 pm +1,Singapore Airlines,EWR‐SIN,18h45m,0,,8:45 pm – 2:27 pm +1,"Singapore Airlines, JetBlue",SIN‐EWR,29h42m,1,LAX,1745,20220403-2057,best
8:20 am – 12:20 am +2,Japan Airlines,EWR‐SIN,28h00m,2,"SFO, NRT",12:50 am – 9:20 pm,Emirates,SIN‐EWR,32h30m,2,"DXB, ATH",1287,20220403-2057,best
10:25 am – 5:10 pm +1,Singapore Airlines,EWR‐SIN,18h45m,0,,9:25 am – 7:00 am +1,Singapore Airlines,SIN‐EWR,33h35m,2,"NRT, LAX",1674,20220403-2057,best
7:45 am – 12:20 am +2,Japan Airlines,EWR‐SIN,28h35m,2,"ORD, NRT",12:50 am – 9:20 pm,Emirates,SIN‐EWR,32h30m,2,"DXB, ATH",1256,20220403-2057,best
10:25 am – 5:10 pm +1,Singapore Airlines,EWR‐SIN,18h45m,0,,11:35 pm – 6:00 am +1,Singapore Airlines,SIN‐EWR,18h25m,0,,1763,20220403-2102,fast
10:25 am – 5:10 pm +1,Singapore Airlines,EWR‐SIN,18h45m,0,,6:40 pm – 7:00 am +1,Singapore Airlines,SIN‐EWR,24h20m,1,LAX,1745,20220403-2102,fast
10:25 am – 5:10 pm +1,Singapore Airlines,EWR‐SIN,18h45m,0,,6:40 pm – 7:00 am +1,Singapore Airlines,SIN‐EWR,24h20m,1,SFO,1991,20220403-2102,fast
6:24 pm – 7:50 am +2,"JetBlue, Singapore Airlines",EWR‐SIN,25h26m,1,LAX,11:35 pm – 6:00 am +1,Singapore Airlines,SIN‐EWR,18h25m,0,,2979,20220403-2102,fast
10:25 am – 5:10 pm +1,Singapore Airlines,EWR‐SIN,18h45m,0,,9:25 am – 11:00 pm,"Singapore Airlines, JetBlue",SIN‐EWR,25h35m,1,SFO,1613,20220403-2102,fast
8:45 pm – 7:00 am +2,Lufthansa,EWR‐SIN,22h15m,1,MUC,12:30 am – 12:25 pm,Lufthansa,SIN‐EWR,23h55m,1,MUC,1820,20220403-2102,fast
7:45 am – 12:20 am +2,Japan Airlines,EWR‐SIN,28h35m,2,"ORD, NRT",11:35 pm – 6:00 am +1,Singapore Airlines,SIN‐EWR,18h25m,0,,1843,20220403-2102,fast
8:15 am – 1:15 am +2,Singapore Airlines,EWR‐SIN,29h00m,2,"LAX, NRT",11:35 pm – 6:00 am +1,Singapore Airlines,SIN‐EWR,18h25m,0,,1951,20220403-2102,fast
7:30 pm – 7:00 am +2,Lufthansa,EWR‐SIN,23h30m,2,"FRA, MUC",12:30 am – 12:25 pm,Lufthansa,SIN‐EWR,23h55m,1,MUC,2000,20220403-2102,fast
6:15 pm – 5:55 am +2,SWISS,EWR‐SIN,23h40m,1,ZRH,1:25 am – 1:10 pm,SWISS,SIN‐EWR,23h45m,1,ZRH,2135,20220403-2102,fast
5:30 pm – 5:55 am +2,SWISS,EWR‐SIN,24h25m,2,"GVA, ZRH",1:25 am – 1:10 pm,SWISS,SIN‐EWR,23h45m,1,ZRH,2390,20220403-2102,fast
10:25 am – 5:10 pm +1,Singapore Airlines,EWR‐SIN,18h45m,0,,8:45 pm – 2:27 pm +1,"Singapore Airlines, JetBlue",SIN‐EWR,29h42m,1,LAX,1745,20220403-2102,fast
5:30 pm – 5:55 am +2,SWISS,EWR‐SIN,24h25m,2,"GVA, ZRH",1:25 am – 2:00 pm,SWISS,SIN‐EWR,24h35m,2,"ZRH, MXP",4940,20220403-2102,fast
5:30 pm – 5:55 am +2,SWISS,EWR‐SIN,24h25m,2,"GVA, ZRH",11:30 pm – 12:10 pm +1,SWISS,SIN‐EWR,24h40m,2,"ZRH, GVA",4412,20220403-2102,fast
10:25 am – 5:10 pm +1,Singapore Airlines,EWR‐SIN,18h45m,0,,8:45 pm – 3:10 pm +1,Singapore Airlines,SIN‐EWR,30h25m,1,LAX,1745,20220403-2102,fast
