Out Time,Out Airline,Out Cities,Out Duration,Out Stops,Out Stop Cities,Return Time,Return Airline,Return Cities,Return Duration,Return Stops,Return Stop Cities,Price,timestamp,sort
8:30 pm – 12:35 am +3,ANA,EWR‐SIN,40h05m,2,"LAX, NRT",6:10 am – 4:50 pm,ANA,SIN‐EWR,22h40m,1,NRT,995,20220403-1757,cheap
8:15 am – 12:20 am +2,American Airlines,EWR‐SIN,28h05m,2,"DFW, NRT",8:10 am – 11:28 pm,American Airlines,SIN‐EWR,27h18m,2,"NRT, DFW",996,20220403-1757,cheap
6:39 am – 12:20 am +2,American Airlines,EWR‐SIN,29h41m,2,"DFW, NRT",8:10 am – 11:28 pm,American Airlines,SIN‐EWR,27h18m,2,"NRT, DFW",996,20220403-1757,cheap
8:30 pm – 12:35 am +3,United Airlines,EWR‐SIN,40h05m,2,"LAX, HND-NRT",6:10 am – 4:40 pm,United Airlines,SIN‐EWR,22h30m,1,NRT,1021,20220403-1757,cheap
8:30 pm – 12:35 am +3,United Airlines,EWR‐SIN,40h05m,2,"LAX, NRT",6:10 am – 4:40 pm,United Airlines,SIN‐EWR,22h30m,1,NRT,1028,20220403-1757,cheap
8:30 pm – 12:35 am +3,ANA,EWR‐SIN,40h05m,2,"LAX, HND-NRT",6:10 am – 4:50 pm,ANA,SIN‐EWR,22h40m,1,NRT,1028,20220403-1757,cheap
8:00 pm – 12:35 am +3,United Airlines,EWR‐SIN,40h35m,2,"ORD, NRT",6:10 am – 4:40 pm,United Airlines,SIN‐EWR,22h30m,1,NRT,1093,20220403-1757,cheap
11:55 pm – 3:00 pm +2,Emirates,EWR‐SIN,27h05m,2,"ATH, DXB",12:50 am – 9:20 pm,Emirates,SIN‐EWR,32h30m,2,"DXB, ATH",1116,20220403-1757,cheap
6:39 am – 12:20 am +2,American Airlines,EWR‐SIN,29h41m,2,"DFW, NRT",8:10 am – 11:28 pm,American Airlines,SIN‐EWR,27h18m,2,"NRT, DFW",1369,20220403-1757,cheap
7:45 am – 12:20 am +2,American Airlines,EWR‐SIN,28h35m,2,"ORD, NRT",8:10 am – 11:28 pm,American Airlines,SIN‐EWR,27h18m,2,"NRT, DFW",1412,20220403-1757,cheap
6:00 am – 12:20 am +2,American Airlines,EWR‐SIN,30h20m,2,"ORD, NRT",8:10 am – 11:28 pm,American Airlines,SIN‐EWR,27h18m,2,"NRT, DFW",1412,20220403-1757,cheap
8:15 am – 1:15 am +2,Singapore Airlines,EWR‐SIN,29h00m,2,"LAX, NRT",11:35 pm – 6:00 am +1,Singapore Airlines,SIN‐EWR,18h25m,0,,1460,20220403-1757,cheap
8:15 am – 1:15 am +2,Singapore Airlines,EWR‐SIN,29h00m,2,"LAX, NRT",9:25 am – 7:00 am +1,Singapore Airlines,SIN‐EWR,33h35m,2,"NRT, LAX",1503,20220403-1757,cheap
10:25 am – 5:10 pm +1,Singapore Airlines,EWR‐SIN,18h45m,0,,11:30 pm – 10:20 pm +1,Turkish Airlines,SIN‐EWR,34h50m,1,IST,1545,20220403-1757,cheap
8:29 pm – 1:15 am +3,"Alaska Airlines, Singapore Airlines",EWR‐SIN,40h46m,2,"LAX, NRT",11:35 pm – 6:00 am +1,Singapore Airlines,SIN‐EWR,18h25m,0,,1546,20220403-1757,cheap
8:30 pm – 12:35 am +3,ANA,EWR‐SIN,40h05m,2,"LAX, HND-NRT",6:10 am – 4:50 pm,ANA,SIN‐EWR,22h40m,1,NRT,1028,20220403-1754,best
10:25 am – 5:10 pm +1,Singapore Airlines,EWR‐SIN,18h45m,0,,11:35 pm – 6:00 am +1,Singapore Airlines,SIN‐EWR,18h25m,0,,1610,20220403-1754,best
8:30 pm – 12:35 am +3,ANA,EWR‐SIN,40h05m,2,"LAX, NRT",6:10 am – 4:50 pm,ANA,SIN‐EWR,22h40m,1,NRT,995,20220403-1754,best
8:15 am – 12:20 am +2,American Airlines,EWR‐SIN,28h05m,2,"DFW, NRT",8:10 am – 11:28 pm,American Airlines,SIN‐EWR,27h18m,2,"NRT, DFW",996,20220403-1754,best
6:39 am – 12:20 am +2,American Airlines,EWR‐SIN,29h41m,2,"DFW, NRT",8:10 am – 11:28 pm,American Airlines,SIN‐EWR,27h18m,2,"NRT, DFW",996,20220403-1754,best
8:15 am – 1:15 am +2,Singapore Airlines,EWR‐SIN,29h00m,2,"LAX, NRT",11:35 pm – 6:00 am +1,Singapore Airlines,SIN‐EWR,18h25m,0,,1460,20220403-1754,best
8:30 pm – 12:35 am +3,United Airlines,EWR‐SIN,40h05m,2,"LAX, NRT",6:10 am – 4:40 pm,United Airlines,SIN‐EWR,22h30m,1,NRT,1028,20220403-1754,best
8:30 pm – 12:35 am +3,ANA,EWR‐SIN,40h05m,2,"LAX, HND-NRT",6:10 am – 4:50 pm,ANA,SIN‐EWR,22h40m,1,NRT,1028,20220403-1754,best
8:30 pm – 12:35 am +3,United Airlines,EWR‐SIN,40h05m,2,"LAX, HND-NRT",6:10 am – 4:40 pm,United Airlines,SIN‐EWR,22h30m,1,NRT,1021,20220403-1754,best
8:00 pm – 12:35 am +3,United Airlines,EWR‐SIN,40h35m,2,"ORD, NRT",6:10 am – 4:40 pm,United Airlines,SIN‐EWR,22h30m,1,NRT,1093,20220403-1754,best
10:25 am – 5:10 pm +1,Singapore Airlines,EWR‐SIN,18h45m,0,,8:45 pm – 8:14 am +1,Singapore Airlines,SIN‐EWR,23h29m,1,LAX,1863,20220403-1754,best
10:25 am – 5:10 pm +1,Singapore Airlines,EWR‐SIN,18h45m,0,,6:10 am – 4:50 pm,ANA,SIN‐EWR,22h40m,1,NRT,1963,20220403-1754,best
11:55 pm – 3:00 pm +2,Emirates,EWR‐SIN,27h05m,2,"ATH, DXB",12:50 am – 9:20 pm,Emirates,SIN‐EWR,32h30m,2,"DXB, ATH",1116,20220403-1754,best
7:00 am – 1:15 am +2,"JetBlue, Singapore Airlines",EWR‐SIN,30h15m,2,"LAX, NRT",11:35 pm – 6:00 am +1,Singapore Airlines,SIN‐EWR,18h25m,0,,1563,20220403-1754,best
10:25 am – 5:10 pm +1,Singapore Airlines,EWR‐SIN,18h45m,0,,6:40 pm – 7:05 am +1,Singapore Airlines,SIN‐EWR,24h25m,1,SFO,1902,20220403-1754,best
6:39 am – 12:20 am +2,American Airlines,EWR‐SIN,29h41m,2,"DFW, NRT",8:10 am – 11:28 pm,American Airlines,SIN‐EWR,27h18m,2,"NRT, DFW",1369,20220403-1754,best
10:25 am – 5:10 pm +1,Singapore Airlines,EWR‐SIN,18h45m,0,,11:35 pm – 6:00 am +1,Singapore Airlines,SIN‐EWR,18h25m,0,,1610,20220403-1759,fast
10:25 am – 5:10 pm +1,Singapore Airlines,EWR‐SIN,18h45m,0,,6:10 am – 4:50 pm,ANA,SIN‐EWR,22h40m,1,NRT,1963,20220403-1759,fast
10:25 am – 5:10 pm +1,Singapore Airlines,EWR‐SIN,18h45m,0,,8:45 pm – 8:14 am +1,Singapore Airlines,SIN‐EWR,23h29m,1,LAX,1863,20220403-1759,fast
10:25 am – 5:10 pm +1,Singapore Airlines,EWR‐SIN,18h45m,0,,6:40 pm – 7:05 am +1,Singapore Airlines,SIN‐EWR,24h25m,1,SFO,1902,20220403-1759,fast
6:35 pm – 7:50 am +2,"Alaska Airlines, Singapore Airlines",EWR‐SIN,25h15m,1,LAX,11:35 pm – 6:00 am +1,Singapore Airlines,SIN‐EWR,18h25m,0,,2673,20220403-1759,fast
6:24 pm – 7:50 am +2,"JetBlue, Singapore Airlines",EWR‐SIN,25h26m,1,LAX,11:35 pm – 6:00 am +1,Singapore Airlines,SIN‐EWR,18h25m,0,,2772,20220403-1759,fast
4:00 pm – 5:45 am +2,Singapore Airlines,EWR‐SIN,25h45m,1,SFO,11:35 pm – 6:00 am +1,Singapore Airlines,SIN‐EWR,18h25m,0,,1937,20220403-1759,fast
8:45 pm – 7:00 am +2,Lufthansa,EWR‐SIN,22h15m,1,MUC,6:10 am – 4:50 pm,ANA,SIN‐EWR,22h40m,1,NRT,3145,20220403-1759,fast
6:40 pm – 6:45 am +2,United Airlines,EWR‐SIN,24h05m,1,SFO,6:10 am – 4:40 pm,United Airlines,SIN‐EWR,22h30m,1,NRT,4403,20220403-1759,fast
6:30 pm – 6:40 am +2,SWISS,EWR‐SIN,24h10m,2,"CDG, ZRH",6:10 am – 4:50 pm,ANA,SIN‐EWR,22h40m,1,NRT,1974,20220403-1759,fast
10:25 am – 5:10 pm +1,Singapore Airlines,EWR‐SIN,18h45m,0,,11:40 pm – 3:55 pm +1,Lufthansa,SIN‐EWR,28h15m,1,FRA,1990,20220403-1759,fast
6:20 pm – 5:55 am +2,SWISS,EWR‐SIN,23h35m,1,ZRH,1:25 am – 1:10 pm,SWISS,SIN‐EWR,23h45m,1,ZRH,2466,20220403-1759,fast
8:15 am – 1:15 am +2,Singapore Airlines,EWR‐SIN,29h00m,2,"LAX, NRT",11:35 pm – 6:00 am +1,Singapore Airlines,SIN‐EWR,18h25m,0,,1460,20220403-1759,fast
7:35 pm – 6:50 am +2,Lufthansa,EWR‐SIN,23h15m,1,FRA,12:30 am – 12:45 pm,Lufthansa,SIN‐EWR,24h15m,1,MUC,2086,20220403-1759,fast
7:35 pm – 6:50 am +2,"Brussels Airlines, Singapore Airlines",EWR‐SIN,23h15m,1,FRA,9:00 am – 9:20 pm,"Singapore Airlines, Austrian Airlines",SIN‐EWR,24h20m,1,LHR,6696,20220403-1759,fast
