Out Time,Out Airline,Out Cities,Out Duration,Out Stops,Out Stop Cities,Return Time,Return Airline,Return Cities,Return Duration,Return Stops,Return Stop Cities,Price,timestamp,sort
8:40 am – 11:40 pm +1,Korean Air,EWR‐SIN,27h00m,2,"BOS, ICN",11:30 pm – 10:20 pm +1,Turkish Airlines,SIN‐EWR,34h50m,1,IST,1069,20220403-1909,cheap
8:30 pm – 12:35 am +3,United Airlines,EWR‐SIN,40h05m,2,"LAX, NRT",9:00 am – 7:13 pm,United Airlines,SIN‐EWR,22h13m,1,SFO,1077,20220403-1909,cheap
8:40 am – 11:40 pm +1,Korean Air,EWR‐SIN,27h00m,2,"BOS, ICN",12:30 am – 12:56 pm +1,Multiple Airlines,SIN‐EWR,48h26m,3,"BER, KEF, ...",1100,20220403-1909,cheap
8:40 am – 11:40 pm +1,Korean Air,EWR‐SIN,27h00m,2,"BOS, ICN",9:20 pm – 9:20 pm +1,"AirAsia, Emirates",SIN‐EWR,36h00m,3,"KUL, DXB, ...",1258,20220403-1909,cheap
8:40 am – 11:40 pm +1,Korean Air,EWR‐SIN,27h00m,2,"BOS, ICN",9:10 pm – 9:20 pm +1,Emirates,SIN‐EWR,36h10m,2,"DXB, ATH",1278,20220403-1909,cheap
7:20 am – 12:20 am +2,Japan Airlines,EWR‐SIN,29h00m,2,"SEA, NRT",12:50 am – 9:20 pm,Emirates,SIN‐EWR,32h30m,2,"DXB, ATH",1336,20220403-1909,cheap
7:20 am – 12:20 am +2,Japan Airlines,EWR‐SIN,29h00m,2,"SEA, NRT",9:50 pm – 4:57 pm +1,Japan Airlines,SIN‐EWR,31h07m,2,"HND, ORD",1339,20220403-1909,cheap
7:45 am – 12:20 am +2,Japan Airlines,EWR‐SIN,28h35m,2,"ORD, NRT",9:50 pm – 4:57 pm +1,Japan Airlines,SIN‐EWR,31h07m,2,"HND, ORD",1494,20220403-1909,cheap
8:40 am – 11:40 pm +1,"Delta, Korean Air",EWR‐SIN,27h00m,2,"BOS, ICN",12:30 am – 6:55 pm,Lufthansa,SIN‐EWR,30h25m,1,MUC,1502,20220403-1909,cheap
7:00 am – 1:15 am +2,"JetBlue, Singapore Airlines",EWR‐SIN,30h15m,2,"LAX, NRT",11:35 pm – 6:00 am +1,Singapore Airlines,SIN‐EWR,18h25m,0,,1522,20220403-1909,cheap
8:40 am – 11:40 pm +1,"Delta, Korean Air",EWR‐SIN,27h00m,2,"BOS, ICN",11:35 pm – 6:00 am +1,Singapore Airlines,SIN‐EWR,18h25m,0,,1524,20220403-1909,cheap
8:40 am – 11:40 pm +1,"Delta, Korean Air",EWR‐SIN,27h00m,2,"BOS, ICN",12:30 am – 3:55 pm,Lufthansa,SIN‐EWR,27h25m,2,"MUC, FRA",1529,20220403-1909,cheap
10:25 am – 5:10 pm +1,Singapore Airlines,EWR‐SIN,18h45m,0,,11:35 pm – 6:00 am +1,Singapore Airlines,SIN‐EWR,18h25m,0,,1533,20220403-1909,cheap
10:25 am – 5:10 pm +1,Singapore Airlines,EWR‐SIN,18h45m,0,,11:30 pm – 10:20 pm +1,Turkish Airlines,SIN‐EWR,34h50m,1,IST,1545,20220403-1909,cheap
8:30 pm – 12:35 am +3,ANA,EWR‐SIN,40h05m,2,"LAX, NRT",11:35 pm – 6:00 am +1,Singapore Airlines,SIN‐EWR,18h25m,0,,1553,20220403-1909,cheap
8:40 am – 11:40 pm +1,Korean Air,EWR‐SIN,27h00m,2,"BOS, ICN",11:30 pm – 10:20 pm +1,Turkish Airlines,SIN‐EWR,34h50m,1,IST,1090,20220403-1906,best
10:25 am – 5:10 pm +1,Singapore Airlines,EWR‐SIN,18h45m,0,,11:35 pm – 6:00 am +1,Singapore Airlines,SIN‐EWR,18h25m,0,,1533,20220403-1906,best
10:25 am – 5:10 pm +1,Singapore Airlines,EWR‐SIN,18h45m,0,,8:45 pm – 8:14 am +1,"Singapore Airlines, JetBlue",SIN‐EWR,23h29m,1,LAX,1657,20220403-1906,best
10:25 am – 5:10 pm +1,Singapore Airlines,EWR‐SIN,18h45m,0,,6:40 pm – 7:00 am +1,Singapore Airlines,SIN‐EWR,24h20m,1,LAX,1657,20220403-1906,best
8:15 am – 1:15 am +2,Singapore Airlines,EWR‐SIN,29h00m,2,"LAX, NRT",11:35 pm – 6:00 am +1,Singapore Airlines,SIN‐EWR,18h25m,0,,1583,20220403-1906,best
10:25 am – 5:10 pm +1,Singapore Airlines,EWR‐SIN,18h45m,0,,6:40 pm – 7:00 am +1,Singapore Airlines,SIN‐EWR,24h20m,1,SFO,1902,20220403-1906,best
7:00 am – 1:15 am +2,"JetBlue, Singapore Airlines",EWR‐SIN,30h15m,2,"LAX, NRT",11:35 pm – 6:00 am +1,Singapore Airlines,SIN‐EWR,18h25m,0,,1522,20220403-1906,best
8:30 pm – 12:35 am +3,United Airlines,EWR‐SIN,40h05m,2,"LAX, NRT",9:00 am – 7:13 pm,United Airlines,SIN‐EWR,22h13m,1,SFO,1077,20220403-1906,best
10:25 am – 5:10 pm +1,Singapore Airlines,EWR‐SIN,18h45m,0,,9:25 am – 7:00 am +1,Singapore Airlines,SIN‐EWR,33h35m,2,"NRT, LAX",1588,20220403-1906,best
10:25 am – 5:10 pm +1,Singapore Airlines,EWR‐SIN,18h45m,0,,11:30 pm – 10:20 pm +1,Turkish Airlines,SIN‐EWR,34h50m,1,IST,1545,20220403-1906,best
10:25 am – 5:10 pm +1,Singapore Airlines,EWR‐SIN,18h45m,0,,9:25 am – 8:14 am +1,"Singapore Airlines, JetBlue",SIN‐EWR,34h49m,2,"NRT, LAX",1598,20220403-1906,best
8:15 am – 1:15 am +2,Singapore Airlines,EWR‐SIN,29h00m,2,"LAX, NRT",6:40 pm – 7:00 am +1,Singapore Airlines,SIN‐EWR,24h20m,1,LAX,1677,20220403-1906,best
10:25 am – 5:10 pm +1,Singapore Airlines,EWR‐SIN,18h45m,0,,12:50 am – 9:20 pm,Emirates,SIN‐EWR,32h30m,2,"DXB, ATH",1769,20220403-1906,best
7:20 am – 12:20 am +2,Japan Airlines,EWR‐SIN,29h00m,2,"SEA, NRT",9:50 pm – 4:57 pm +1,Japan Airlines,SIN‐EWR,31h07m,2,"HND, ORD",1339,20220403-1906,best
7:20 am – 12:20 am +2,Japan Airlines,EWR‐SIN,29h00m,2,"SEA, NRT",12:50 am – 9:20 pm,Emirates,SIN‐EWR,32h30m,2,"DXB, ATH",1336,20220403-1906,best
8:40 am – 11:40 pm +1,Korean Air,EWR‐SIN,27h00m,2,"BOS, ICN",9:10 pm – 9:20 pm +1,Emirates,SIN‐EWR,36h10m,2,"DXB, ATH",1278,20220403-1906,best
10:25 am – 5:10 pm +1,Singapore Airlines,EWR‐SIN,18h45m,0,,11:35 pm – 6:00 am +1,Singapore Airlines,SIN‐EWR,18h25m,0,,1533,20220403-1911,fast
6:20 pm – 5:55 am +2,SWISS,EWR‐SIN,23h35m,1,ZRH,11:35 pm – 6:00 am +1,Singapore Airlines,SIN‐EWR,18h25m,0,,3559,20220403-1911,fast
10:25 am – 5:10 pm +1,Singapore Airlines,EWR‐SIN,18h45m,0,,8:45 pm – 8:14 am +1,"Singapore Airlines, JetBlue",SIN‐EWR,23h29m,1,LAX,1657,20220403-1911,fast
10:25 am – 5:10 pm +1,Singapore Airlines,EWR‐SIN,18h45m,0,,6:40 pm – 7:00 am +1,Singapore Airlines,SIN‐EWR,24h20m,1,LAX,1657,20220403-1911,fast
10:25 am – 5:10 pm +1,Singapore Airlines,EWR‐SIN,18h45m,0,,6:40 pm – 7:00 am +1,Singapore Airlines,SIN‐EWR,24h20m,1,SFO,1902,20220403-1911,fast
6:35 pm – 7:50 am +2,Singapore Airlines,EWR‐SIN,25h15m,1,LAX,11:35 pm – 6:00 am +1,Singapore Airlines,SIN‐EWR,18h25m,0,,2708,20220403-1911,fast
6:24 pm – 7:50 am +2,"JetBlue, Singapore Airlines",EWR‐SIN,25h26m,1,LAX,11:35 pm – 6:00 am +1,Singapore Airlines,SIN‐EWR,18h25m,0,,2731,20220403-1911,fast
10:25 am – 5:10 pm +1,Singapore Airlines,EWR‐SIN,18h45m,0,,6:40 pm – 8:14 am +1,"Singapore Airlines, JetBlue",SIN‐EWR,25h34m,1,LAX,2249,20220403-1911,fast
9:30 am – 11:40 pm +1,"Delta, Korean Air",EWR‐SIN,26h10m,2,"DTW, ICN",11:35 pm – 6:00 am +1,Singapore Airlines,SIN‐EWR,18h25m,0,,1948,20220403-1911,fast
8:40 am – 11:40 pm +1,"Delta, Korean Air",EWR‐SIN,27h00m,2,"BOS, ICN",11:35 pm – 6:00 am +1,Singapore Airlines,SIN‐EWR,18h25m,0,,1524,20220403-1911,fast
6:40 pm – 6:45 am +2,United Airlines,EWR‐SIN,24h05m,1,SFO,9:00 am – 7:13 pm,United Airlines,SIN‐EWR,22h13m,1,SFO,4455,20220403-1911,fast
8:45 pm – 7:00 am +2,Lufthansa,EWR‐SIN,22h15m,1,MUC,12:30 am – 12:45 pm,Lufthansa,SIN‐EWR,24h15m,1,MUC,2470,20220403-1911,fast
7:45 am – 12:20 am +2,"American Airlines, Japan Airlines",EWR‐SIN,28h35m,2,"ORD, NRT",11:35 pm – 6:00 am +1,Singapore Airlines,SIN‐EWR,18h25m,0,,1736,20220403-1911,fast
6:20 pm – 5:55 am +2,SWISS,EWR‐SIN,23h35m,1,ZRH,1:25 am – 1:10 pm,SWISS,SIN‐EWR,23h45m,1,ZRH,2666,20220403-1911,fast
7:20 am – 12:20 am +2,Japan Airlines,EWR‐SIN,29h00m,2,"SEA, NRT",11:35 pm – 6:00 am +1,Singapore Airlines,SIN‐EWR,18h25m,0,,1581,20220403-1911,fast
