Out Time,Out Airline,Out Cities,Out Duration,Out Stops,Out Stop Cities,Return Time,Return Airline,Return Cities,Return Duration,Return Stops,Return Stop Cities,Price,timestamp,sort
6:34 am – 12:20 am +2,American Airlines,EWR‐SIN,29h46m,2,"DFW, NRT",8:10 am – 11:28 pm,American Airlines,SIN‐EWR,27h18m,2,"NRT, DFW",873,20220403-1609,cheap
7:45 am – 12:20 am +2,American Airlines,EWR‐SIN,28h35m,2,"ORD, NRT",8:10 am – 11:28 pm,American Airlines,SIN‐EWR,27h18m,2,"NRT, DFW",909,20220403-1609,cheap
6:34 am – 12:20 am +2,American Airlines,EWR‐SIN,29h46m,2,"DFW, NRT",8:10 am – 11:28 pm,American Airlines,SIN‐EWR,27h18m,2,"NRT, DFW",909,20220403-1609,cheap
6:00 am – 12:20 am +2,American Airlines,EWR‐SIN,30h20m,2,"ORD, NRT",8:10 am – 11:28 pm,American Airlines,SIN‐EWR,27h18m,2,"NRT, DFW",909,20220403-1609,cheap
6:30 pm – 6:45 am +2,United Airlines,EWR‐SIN,24h15m,1,SFO,6:10 am – 4:40 pm,United Airlines,SIN‐EWR,22h30m,1,NRT,1006,20220403-1609,cheap
5:30 pm – 6:45 am +2,United Airlines,EWR‐SIN,25h15m,1,SFO,6:10 am – 4:40 pm,United Airlines,SIN‐EWR,22h30m,1,NRT,1006,20220403-1609,cheap
3:45 pm – 6:45 am +2,United Airlines,EWR‐SIN,27h00m,1,SFO,6:10 am – 4:40 pm,United Airlines,SIN‐EWR,22h30m,1,NRT,1006,20220403-1609,cheap
10:15 am – 6:45 am +2,United Airlines,EWR‐SIN,32h30m,1,SFO,6:10 am – 4:40 pm,United Airlines,SIN‐EWR,22h30m,1,NRT,1006,20220403-1609,cheap
6:30 pm – 6:45 am +2,United Airlines,EWR‐SIN,24h15m,1,SFO,6:10 am – 8:54 pm,United Airlines,SIN‐EWR,26h44m,2,"NRT, LAX",1016,20220403-1609,cheap
6:30 pm – 6:45 am +2,United Airlines,EWR‐SIN,24h15m,1,SFO,6:10 am – 9:44 pm,United Airlines,SIN‐EWR,27h34m,2,"NRT, SFO",1016,20220403-1609,cheap
5:30 pm – 6:45 am +2,United Airlines,EWR‐SIN,25h15m,1,SFO,6:10 am – 8:54 pm,United Airlines,SIN‐EWR,26h44m,2,"NRT, LAX",1016,20220403-1609,cheap
5:30 pm – 6:45 am +2,United Airlines,EWR‐SIN,25h15m,1,SFO,6:10 am – 9:44 pm,United Airlines,SIN‐EWR,27h34m,2,"NRT, SFO",1016,20220403-1609,cheap
6:30 pm – 6:45 am +2,United Airlines,EWR‐SIN,24h15m,1,SFO,6:10 am – 10:53 pm,United Airlines,SIN‐EWR,28h43m,2,"NRT, IAH",1016,20220403-1609,cheap
6:30 pm – 6:45 am +2,United Airlines,EWR‐SIN,24h15m,1,SFO,6:10 am – 11:28 pm,United Airlines,SIN‐EWR,29h18m,2,"NRT, IAD",1016,20220403-1609,cheap
3:45 pm – 6:45 am +2,United Airlines,EWR‐SIN,27h00m,1,SFO,6:10 am – 8:54 pm,United Airlines,SIN‐EWR,26h44m,2,"NRT, LAX",1016,20220403-1609,cheap
11:55 pm – 3:00 pm +2,Emirates,EWR‐SIN,27h05m,2,"ATH, DXB",12:50 am – 9:20 pm,Emirates,SIN‐EWR,32h30m,2,"DXB, ATH",1306,20220403-1606,best
6:30 pm – 6:45 am +2,United Airlines,EWR‐SIN,24h15m,1,SFO,6:10 am – 4:40 pm,United Airlines,SIN‐EWR,22h30m,1,NRT,1006,20220403-1606,best
6:34 am – 12:20 am +2,American Airlines,EWR‐SIN,29h46m,2,"DFW, NRT",8:10 am – 11:28 pm,American Airlines,SIN‐EWR,27h18m,2,"NRT, DFW",873,20220403-1606,best
5:30 pm – 6:45 am +2,United Airlines,EWR‐SIN,25h15m,1,SFO,6:10 am – 4:40 pm,United Airlines,SIN‐EWR,22h30m,1,NRT,1006,20220403-1606,best
3:45 pm – 6:45 am +2,United Airlines,EWR‐SIN,27h00m,1,SFO,6:10 am – 4:40 pm,United Airlines,SIN‐EWR,22h30m,1,NRT,1006,20220403-1606,best
6:30 pm – 6:45 am +2,United Airlines,EWR‐SIN,24h15m,1,SFO,6:10 am – 8:54 pm,United Airlines,SIN‐EWR,26h44m,2,"NRT, LAX",1016,20220403-1606,best
6:30 pm – 6:45 am +2,United Airlines,EWR‐SIN,24h15m,1,SFO,6:10 am – 9:44 pm,United Airlines,SIN‐EWR,27h34m,2,"NRT, SFO",1016,20220403-1606,best
2:15 pm – 6:45 am +2,United Airlines,EWR‐SIN,28h30m,1,SFO,6:10 am – 4:40 pm,United Airlines,SIN‐EWR,22h30m,1,NRT,1071,20220403-1606,best
5:30 pm – 6:45 am +2,United Airlines,EWR‐SIN,25h15m,1,SFO,6:10 am – 8:54 pm,United Airlines,SIN‐EWR,26h44m,2,"NRT, LAX",1016,20220403-1606,best
5:30 pm – 6:45 am +2,United Airlines,EWR‐SIN,25h15m,1,SFO,6:10 am – 9:44 pm,United Airlines,SIN‐EWR,27h34m,2,"NRT, SFO",1016,20220403-1606,best
6:30 pm – 6:45 am +2,United Airlines,EWR‐SIN,24h15m,1,SFO,6:10 am – 10:53 pm,United Airlines,SIN‐EWR,28h43m,2,"NRT, IAH",1016,20220403-1606,best
6:30 pm – 6:45 am +2,United Airlines,EWR‐SIN,24h15m,1,SFO,6:10 am – 11:28 pm,United Airlines,SIN‐EWR,29h18m,2,"NRT, IAD",1016,20220403-1606,best
3:45 pm – 6:45 am +2,United Airlines,EWR‐SIN,27h00m,1,SFO,6:10 am – 8:54 pm,United Airlines,SIN‐EWR,26h44m,2,"NRT, LAX",1016,20220403-1606,best
10:15 am – 6:45 am +2,United Airlines,EWR‐SIN,32h30m,1,SFO,6:10 am – 4:40 pm,United Airlines,SIN‐EWR,22h30m,1,NRT,1006,20220403-1606,best
6:30 pm – 6:45 am +2,United Airlines,EWR‐SIN,24h15m,1,SFO,6:10 am – 11:55 pm,United Airlines,SIN‐EWR,29h45m,2,"NRT, IAH",1016,20220403-1606,best
5:30 pm – 6:45 am +2,United Airlines,EWR‐SIN,25h15m,1,SFO,6:10 am – 10:53 pm,United Airlines,SIN‐EWR,28h43m,2,"NRT, IAH",1016,20220403-1606,best
7:45 am – 12:20 am +2,American Airlines,EWR‐SIN,28h35m,2,"ORD, NRT",8:10 am – 11:28 pm,American Airlines,SIN‐EWR,27h18m,2,"NRT, DFW",909,20220403-1606,best
8:45 pm – 7:00 am +2,Lufthansa,EWR‐SIN,22h15m,1,MUC,11:35 pm – 6:00 am +1,Singapore Airlines,SIN‐EWR,18h25m,0,,2296,20220403-1612,fast
6:30 pm – 6:45 am +2,United Airlines,EWR‐SIN,24h15m,1,SFO,11:35 pm – 6:00 am +1,Singapore Airlines,SIN‐EWR,18h25m,0,,1514,20220403-1612,fast
6:35 pm – 7:50 am +2,Singapore Airlines,EWR‐SIN,25h15m,1,LAX,11:35 pm – 6:00 am +1,Singapore Airlines,SIN‐EWR,18h25m,0,,1498,20220403-1612,fast
5:30 pm – 6:45 am +2,United Airlines,EWR‐SIN,25h15m,1,SFO,11:35 pm – 6:00 am +1,Singapore Airlines,SIN‐EWR,18h25m,0,,1514,20220403-1612,fast
8:45 pm – 7:00 am +2,Lufthansa,EWR‐SIN,22h15m,1,MUC,6:10 am – 4:40 pm,ANA,SIN‐EWR,22h30m,1,NRT,2203,20220403-1612,fast
3:45 pm – 6:45 am +2,United Airlines,EWR‐SIN,27h00m,1,SFO,11:35 pm – 6:00 am +1,Singapore Airlines,SIN‐EWR,18h25m,0,,1514,20220403-1612,fast
8:00 pm – 5:30 am +2,"Austrian Airlines, Singapore Airlines",EWR‐SIN,21h30m,1,LHR,9:00 am – 9:20 pm,"Singapore Airlines, Lufthansa",SIN‐EWR,24h20m,1,LHR,6715,20220403-1612,fast
6:30 pm – 6:45 am +2,United Airlines,EWR‐SIN,24h15m,1,SFO,6:10 am – 4:40 pm,United Airlines,SIN‐EWR,22h30m,1,NRT,1006,20220403-1612,fast
7:45 am – 12:20 am +2,"American Airlines, Japan Airlines",EWR‐SIN,28h35m,2,"ORD, NRT",11:35 pm – 6:00 am +1,Singapore Airlines,SIN‐EWR,18h25m,0,,1480,20220403-1612,fast
6:20 pm – 5:55 am +2,SWISS,EWR‐SIN,23h35m,1,ZRH,1:25 am – 1:10 pm,SWISS,SIN‐EWR,23h45m,1,ZRH,2766,20220403-1612,fast
6:00 pm – 6:50 am +2,Lufthansa,EWR‐SIN,24h50m,2,"LHR, FRA",6:10 am – 4:40 pm,ANA,SIN‐EWR,22h30m,1,NRT,3144,20220403-1612,fast
8:15 am – 1:15 am +2,Singapore Airlines,EWR‐SIN,29h00m,2,"LAX, NRT",11:35 pm – 6:00 am +1,Singapore Airlines,SIN‐EWR,18h25m,0,,1454,20220403-1612,fast
5:30 pm – 6:45 am +2,United Airlines,EWR‐SIN,25h15m,1,SFO,6:10 am – 4:40 pm,United Airlines,SIN‐EWR,22h30m,1,NRT,1006,20220403-1612,fast
7:47 am – 1:15 am +2,"JetBlue, Singapore Airlines",EWR‐SIN,29h28m,2,"LAX, NRT",11:35 pm – 6:00 am +1,Singapore Airlines,SIN‐EWR,18h25m,0,,1498,20220403-1612,fast
5:45 pm – 5:55 am +2,SWISS,EWR‐SIN,24h10m,2,"GVA, ZRH",1:25 am – 1:10 pm,SWISS,SIN‐EWR,23h45m,1,ZRH,7105,20220403-1612,fast
