Out Time,Out Airline,Out Cities,Out Duration,Out Stops,Out Stop Cities,Return Time,Return Airline,Return Cities,Return Duration,Return Stops,Return Stop Cities,Price,timestamp,sort
8:00 am – 11:40 pm +1,Korean Air,EWR‐SIN,27h40m,2,"ATL, ICN",11:30 pm – 10:20 pm +1,Turkish Airlines,SIN‐EWR,34h50m,1,IST,1053,20220403-1813,cheap
8:40 am – 11:40 pm +1,Korean Air,EWR‐SIN,27h00m,2,"BOS, ICN",11:30 pm – 10:20 pm +1,Turkish Airlines,SIN‐EWR,34h50m,1,IST,1067,20220403-1813,cheap
8:15 am – 12:20 am +2,American Airlines,EWR‐SIN,28h05m,2,"DFW, NRT",9:50 pm – 4:57 pm +1,American Airlines,SIN‐EWR,31h07m,2,"HND, ORD",1241,20220403-1813,cheap
6:39 am – 12:20 am +2,American Airlines,EWR‐SIN,29h41m,2,"DFW, NRT",9:50 pm – 4:57 pm +1,American Airlines,SIN‐EWR,31h07m,2,"HND, ORD",1241,20220403-1813,cheap
8:15 am – 12:20 am +2,American Airlines,EWR‐SIN,28h05m,2,"DFW, NRT",9:50 pm – 7:19 pm +1,American Airlines,SIN‐EWR,33h29m,2,"HND, ORD",1241,20220403-1813,cheap
6:39 am – 12:20 am +2,American Airlines,EWR‐SIN,29h41m,2,"DFW, NRT",9:50 pm – 7:19 pm +1,American Airlines,SIN‐EWR,33h29m,2,"HND, ORD",1241,20220403-1813,cheap
7:10 am – 12:20 am +2,Japan Airlines,EWR‐SIN,29h10m,2,"BOS, NRT",12:50 am – 9:20 pm,Emirates,SIN‐EWR,32h30m,2,"DXB, ATH",1258,20220403-1813,cheap
8:00 am – 11:40 pm +1,Korean Air,EWR‐SIN,27h40m,2,"ATL, ICN",12:50 am – 9:20 pm,Emirates,SIN‐EWR,32h30m,2,"DXB, ATH",1266,20220403-1813,cheap
8:40 am – 11:40 pm +1,Korean Air,EWR‐SIN,27h00m,2,"BOS, ICN",12:30 am – 9:30 pm,"Scoot, TAP AIR PORTUGAL",SIN‐EWR,33h00m,3,"BER, MUC, ...",1272,20220403-1813,cheap
8:15 am – 12:20 am +2,American Airlines,EWR‐SIN,28h05m,2,"DFW, NRT",9:50 pm – 2:59 pm +1,American Airlines,SIN‐EWR,29h09m,2,"HND, DFW",1285,20220403-1813,cheap
6:39 am – 12:20 am +2,American Airlines,EWR‐SIN,29h41m,2,"DFW, NRT",9:50 pm – 2:59 pm +1,American Airlines,SIN‐EWR,29h09m,2,"HND, DFW",1285,20220403-1813,cheap
8:15 am – 12:20 am +2,American Airlines,EWR‐SIN,28h05m,2,"DFW, NRT",9:50 pm – 6:52 pm +1,American Airlines,SIN‐EWR,33h02m,2,"HND, DFW",1285,20220403-1813,cheap
6:39 am – 12:20 am +2,American Airlines,EWR‐SIN,29h41m,2,"DFW, NRT",9:50 pm – 6:52 pm +1,American Airlines,SIN‐EWR,33h02m,2,"HND, DFW",1285,20220403-1813,cheap
7:20 am – 12:20 am +2,Japan Airlines,EWR‐SIN,29h00m,2,"SEA, NRT",9:50 pm – 4:57 pm +1,Japan Airlines,SIN‐EWR,31h07m,2,"HND, ORD",1339,20220403-1813,cheap
6:05 pm – 12:40 pm +2,"Lufthansa, Gulf Air",EWR‐SIN,30h35m,2,"FRA, BAH",9:20 pm – 3:55 pm +1,"Gulf Air, Lufthansa",SIN‐EWR,30h35m,2,"BAH, FRA",1394,20220403-1813,cheap
8:00 am – 11:40 pm +1,Korean Air,EWR‐SIN,27h40m,2,"ATL, ICN",11:30 pm – 10:20 pm +1,Turkish Airlines,SIN‐EWR,34h50m,1,IST,1053,20220403-1810,best
10:25 am – 5:10 pm +1,Singapore Airlines,EWR‐SIN,18h45m,0,,11:35 pm – 6:00 am +1,Singapore Airlines,SIN‐EWR,18h25m,0,,1533,20220403-1810,best
8:00 am – 11:40 pm +1,Korean Air,EWR‐SIN,27h40m,2,"ATL, ICN",11:30 pm – 10:20 pm +1,Turkish Airlines,SIN‐EWR,34h50m,1,IST,1053,20220403-1810,best
10:25 am – 5:10 pm +1,Singapore Airlines,EWR‐SIN,18h45m,0,,8:45 pm – 8:14 am +1,"Singapore Airlines, JetBlue",SIN‐EWR,23h29m,1,LAX,1657,20220403-1810,best
8:15 am – 1:15 am +2,Singapore Airlines,EWR‐SIN,29h00m,2,"LAX, NRT",11:35 pm – 6:00 am +1,Singapore Airlines,SIN‐EWR,18h25m,0,,1413,20220403-1810,best
10:25 am – 5:10 pm +1,Singapore Airlines,EWR‐SIN,18h45m,0,,6:40 pm – 7:00 am +1,Singapore Airlines,SIN‐EWR,24h20m,1,LAX,1657,20220403-1810,best
7:00 am – 1:15 am +2,"JetBlue, Singapore Airlines",EWR‐SIN,30h15m,2,"LAX, NRT",11:35 pm – 6:00 am +1,Singapore Airlines,SIN‐EWR,18h25m,0,,1457,20220403-1810,best
10:25 am – 5:10 pm +1,Singapore Airlines,EWR‐SIN,18h45m,0,,8:45 pm – 8:14 am +1,Singapore Airlines,SIN‐EWR,23h29m,1,LAX,1863,20220403-1810,best
10:25 am – 5:10 pm +1,Singapore Airlines,EWR‐SIN,18h45m,0,,8:45 pm – 3:10 pm +1,Singapore Airlines,SIN‐EWR,30h25m,1,LAX,1657,20220403-1810,best
10:25 am – 5:10 pm +1,Singapore Airlines,EWR‐SIN,18h45m,0,,6:40 pm – 7:05 am +1,Singapore Airlines,SIN‐EWR,24h25m,1,SFO,1902,20220403-1810,best
8:15 am – 12:20 am +2,American Airlines,EWR‐SIN,28h05m,2,"DFW, NRT",9:50 pm – 2:59 pm +1,American Airlines,SIN‐EWR,29h09m,2,"HND, DFW",1285,20220403-1810,best
8:40 am – 11:40 pm +1,Korean Air,EWR‐SIN,27h00m,2,"BOS, ICN",12:30 am – 12:45 pm,Lufthansa,SIN‐EWR,24h15m,1,MUC,1498,20220403-1810,best
10:25 am – 5:10 pm +1,Singapore Airlines,EWR‐SIN,18h45m,0,,11:30 pm – 10:20 pm +1,Turkish Airlines,SIN‐EWR,34h50m,1,IST,1545,20220403-1810,best
8:15 am – 1:15 am +2,"Alaska Airlines, Singapore Airlines",EWR‐SIN,29h00m,2,"LAX, NRT",8:45 pm – 8:14 am +1,"Singapore Airlines, JetBlue",SIN‐EWR,23h29m,1,LAX,1504,20220403-1810,best
8:15 am – 12:20 am +2,American Airlines,EWR‐SIN,28h05m,2,"DFW, NRT",9:50 pm – 4:57 pm +1,American Airlines,SIN‐EWR,31h07m,2,"HND, ORD",1241,20220403-1810,best
10:25 am – 5:10 pm +1,Singapore Airlines,EWR‐SIN,18h45m,0,,9:25 am – 7:00 am +1,Singapore Airlines,SIN‐EWR,33h35m,2,"NRT, LAX",1598,20220403-1810,best
10:25 am – 5:10 pm +1,Singapore Airlines,EWR‐SIN,18h45m,0,,11:35 pm – 6:00 am +1,Singapore Airlines,SIN‐EWR,18h25m,0,,1533,20220403-1815,fast
10:25 am – 5:10 pm +1,Singapore Airlines,EWR‐SIN,18h45m,0,,8:45 pm – 8:14 am +1,"Singapore Airlines, JetBlue",SIN‐EWR,23h29m,1,LAX,1657,20220403-1815,fast
10:25 am – 5:10 pm +1,Singapore Airlines,EWR‐SIN,18h45m,0,,8:45 pm – 8:14 am +1,Singapore Airlines,SIN‐EWR,23h29m,1,LAX,1863,20220403-1815,fast
10:25 am – 5:10 pm +1,Singapore Airlines,EWR‐SIN,18h45m,0,,6:40 pm – 7:00 am +1,Singapore Airlines,SIN‐EWR,24h20m,1,LAX,1657,20220403-1815,fast
10:25 am – 5:10 pm +1,Singapore Airlines,EWR‐SIN,18h45m,0,,6:40 pm – 7:05 am +1,Singapore Airlines,SIN‐EWR,24h25m,1,SFO,1902,20220403-1815,fast
6:35 pm – 7:50 am +2,"Alaska Airlines, Singapore Airlines",EWR‐SIN,25h15m,1,LAX,11:35 pm – 6:00 am +1,Singapore Airlines,SIN‐EWR,18h25m,0,,2632,20220403-1815,fast
6:24 pm – 7:50 am +2,"JetBlue, Singapore Airlines",EWR‐SIN,25h26m,1,LAX,11:35 pm – 6:00 am +1,Singapore Airlines,SIN‐EWR,18h25m,0,,2731,20220403-1815,fast
8:00 pm – 5:30 am +2,"Brussels Airlines, Singapore Airlines",EWR‐SIN,21h30m,1,LHR,6:40 pm – 7:00 am +1,"Singapore Airlines, Alaska Airlines",SIN‐EWR,24h20m,1,LAX,4895,20220403-1815,fast
8:00 pm – 5:30 am +2,"Brussels Airlines, Singapore Airlines",EWR‐SIN,21h30m,1,LHR,9:00 am – 9:20 pm,"Singapore Airlines, Lufthansa",SIN‐EWR,24h20m,1,LHR,6926,20220403-1815,fast
8:00 am – 11:40 pm +1,Korean Air,EWR‐SIN,27h40m,2,"ATL, ICN",11:35 pm – 6:00 am +1,Singapore Airlines,SIN‐EWR,18h25m,0,,1500,20220403-1815,fast
6:40 pm – 6:45 am +2,United Airlines,EWR‐SIN,24h05m,1,SFO,9:00 am – 7:13 pm,United Airlines,SIN‐EWR,22h13m,1,SFO,4455,20220403-1815,fast
8:00 pm – 5:30 am +2,"Brussels Airlines, Singapore Airlines",EWR‐SIN,21h30m,1,LHR,6:40 pm – 8:14 am +1,"Singapore Airlines, JetBlue",SIN‐EWR,25h34m,1,LAX,4737,20220403-1815,fast
7:00 am – 11:40 pm +1,"Delta, Korean Air",EWR‐SIN,28h40m,2,"ATL, ICN",11:35 pm – 6:00 am +1,Singapore Airlines,SIN‐EWR,18h25m,0,,1524,20220403-1815,fast
6:20 pm – 5:55 am +2,SWISS,EWR‐SIN,23h35m,1,ZRH,1:25 am – 1:10 pm,SWISS,SIN‐EWR,23h45m,1,ZRH,2448,20220403-1815,fast
8:15 am – 1:15 am +2,Singapore Airlines,EWR‐SIN,29h00m,2,"LAX, NRT",11:35 pm – 6:00 am +1,Singapore Airlines,SIN‐EWR,18h25m,0,,1413,20220403-1815,fast
