Out Time,Out Airline,Out Cities,Out Duration,Out Stops,Out Stop Cities,Return Time,Return Airline,Return Cities,Return Duration,Return Stops,Return Stop Cities,Price,timestamp,sort
9:30 am – 11:40 pm +1,Korean Air,EWR‐SIN,26h10m,2,"DTW, ICN",12:30 am – 10:20 pm,"Scoot, Turkish Airlines",SIN‐EWR,33h50m,2,"ATH, IST",1349,20220403-1459,cheap
11:25 am – 12:35 am +2,ANA,EWR‐SIN,25h10m,1,NRT,12:30 am – 10:20 pm,"Scoot, Turkish Airlines",SIN‐EWR,33h50m,2,"ATH, IST",1365,20220403-1459,cheap
9:30 am – 11:40 pm +1,Korean Air,EWR‐SIN,26h10m,2,"DTW, ICN",11:30 pm – 8:20 pm +1,"Turkish Airlines, Amtrak",SIN‐EWR,32h50m,2,"IST, IAD-WAS",1397,20220403-1459,cheap
11:25 am – 12:35 am +2,ANA,EWR‐SIN,25h10m,1,NRT,6:10 am – 9:44 pm,ANA,SIN‐EWR,27h34m,2,"NRT, SFO",1486,20220403-1459,cheap
11:25 am – 12:35 am +2,United Airlines,EWR‐SIN,25h10m,1,NRT,6:10 am – 4:40 pm,United Airlines,SIN‐EWR,22h30m,1,NRT,1496,20220403-1459,cheap
7:00 am – 12:35 am +2,"United Airlines, ANA",EWR‐SIN,29h35m,2,"SEA, NRT",6:10 am – 4:40 pm,United Airlines,SIN‐EWR,22h30m,1,NRT,1505,20220403-1459,cheap
5:40 am – 12:35 am +2,"United Airlines, ANA",EWR‐SIN,30h55m,2,"IAH, NRT",6:10 am – 4:40 pm,United Airlines,SIN‐EWR,22h30m,1,NRT,1505,20220403-1459,cheap
8:30 pm – 12:35 am +3,"United Airlines, ANA",EWR‐SIN,40h05m,2,"LAX, NRT",6:10 am – 4:40 pm,United Airlines,SIN‐EWR,22h30m,1,NRT,1505,20220403-1459,cheap
11:25 am – 12:35 am +2,United Airlines,EWR‐SIN,25h10m,1,NRT,6:10 am – 8:54 pm,United Airlines,SIN‐EWR,26h44m,2,"NRT, LAX",1506,20220403-1459,cheap
11:25 am – 12:35 am +2,United Airlines,EWR‐SIN,25h10m,1,NRT,6:10 am – 9:44 pm,United Airlines,SIN‐EWR,27h34m,2,"NRT, SFO",1506,20220403-1459,cheap
11:25 am – 12:35 am +2,United Airlines,EWR‐SIN,25h10m,1,NRT,6:10 am – 10:44 pm,United Airlines,SIN‐EWR,28h34m,2,"NRT, IAH",1506,20220403-1459,cheap
11:25 am – 12:35 am +2,United Airlines,EWR‐SIN,25h10m,1,NRT,6:10 am – 11:09 pm,United Airlines,SIN‐EWR,28h59m,2,"NRT, SFO",1506,20220403-1459,cheap
11:25 am – 12:35 am +2,United Airlines,EWR‐SIN,25h10m,1,NRT,6:10 am – 11:30 pm,United Airlines,SIN‐EWR,29h20m,2,"NRT, IAD",1506,20220403-1459,cheap
11:25 am – 12:35 am +2,United Airlines,EWR‐SIN,25h10m,1,NRT,6:10 am – 12:17 am +1,United Airlines,SIN‐EWR,30h07m,2,"NRT, LAX",1506,20220403-1459,cheap
11:25 am – 12:35 am +2,United Airlines,EWR‐SIN,25h10m,1,NRT,6:10 am – 12:44 am +1,United Airlines,SIN‐EWR,30h34m,2,"NRT, SFO",1506,20220403-1459,cheap
11:55 pm – 3:00 pm +2,Emirates,EWR‐SIN,27h05m,2,"ATH, DXB",12:50 am – 9:20 pm,Emirates,SIN‐EWR,32h30m,2,"DXB, ATH",1564,20220403-1457,best
11:25 am – 12:35 am +2,United Airlines,EWR‐SIN,25h10m,1,NRT,6:10 am – 4:40 pm,United Airlines,SIN‐EWR,22h30m,1,NRT,1496,20220403-1457,best
9:30 am – 11:40 pm +1,Korean Air,EWR‐SIN,26h10m,2,"DTW, ICN",12:30 am – 10:20 pm,"Scoot, Turkish Airlines",SIN‐EWR,33h50m,2,"ATH, IST",1349,20220403-1457,best
10:25 am – 5:10 pm +1,Singapore Airlines,EWR‐SIN,18h45m,0,,11:35 pm – 6:00 am +1,Singapore Airlines,SIN‐EWR,18h25m,0,,1971,20220403-1457,best
2:35 pm – 6:45 am +2,United Airlines,EWR‐SIN,28h10m,1,SFO,6:10 am – 4:40 pm,United Airlines,SIN‐EWR,22h30m,1,NRT,1589,20220403-1457,best
3:45 pm – 6:45 am +2,United Airlines,EWR‐SIN,27h00m,1,SFO,6:10 am – 4:40 pm,United Airlines,SIN‐EWR,22h30m,1,NRT,1655,20220403-1457,best
11:25 am – 12:35 am +2,United Airlines,EWR‐SIN,25h10m,1,NRT,6:10 am – 8:54 pm,United Airlines,SIN‐EWR,26h44m,2,"NRT, LAX",1506,20220403-1457,best
11:25 am – 12:35 am +2,ANA,EWR‐SIN,25h10m,1,NRT,6:10 am – 9:44 pm,ANA,SIN‐EWR,27h34m,2,"NRT, SFO",1486,20220403-1457,best
7:00 am – 12:35 am +2,"United Airlines, ANA",EWR‐SIN,29h35m,2,"SEA, NRT",6:10 am – 4:40 pm,United Airlines,SIN‐EWR,22h30m,1,NRT,1505,20220403-1457,best
11:25 am – 12:35 am +2,United Airlines,EWR‐SIN,25h10m,1,NRT,6:10 am – 9:44 pm,United Airlines,SIN‐EWR,27h34m,2,"NRT, SFO",1506,20220403-1457,best
2:05 pm – 6:45 am +2,United Airlines,EWR‐SIN,28h40m,2,"DEN, SFO",6:10 am – 4:40 pm,United Airlines,SIN‐EWR,22h30m,1,NRT,1594,20220403-1457,best
11:25 am – 12:35 am +2,United Airlines,EWR‐SIN,25h10m,1,NRT,6:10 am – 10:44 pm,United Airlines,SIN‐EWR,28h34m,2,"NRT, IAH",1506,20220403-1457,best
11:25 am – 12:35 am +2,United Airlines,EWR‐SIN,25h10m,1,NRT,6:10 am – 11:09 pm,United Airlines,SIN‐EWR,28h59m,2,"NRT, SFO",1506,20220403-1457,best
11:25 am – 12:35 am +2,United Airlines,EWR‐SIN,25h10m,1,NRT,6:10 am – 9:25 pm,"ANA, United Airlines",SIN‐EWR,27h15m,2,"NRT, ORD",1595,20220403-1457,best
11:25 am – 12:35 am +2,United Airlines,EWR‐SIN,25h10m,1,NRT,6:10 am – 11:30 pm,United Airlines,SIN‐EWR,29h20m,2,"NRT, IAD",1506,20220403-1457,best
12:38 pm – 6:45 am +2,United Airlines,EWR‐SIN,30h07m,2,"DEN, SFO",6:10 am – 4:40 pm,United Airlines,SIN‐EWR,22h30m,1,NRT,1594,20220403-1457,best
2:05 pm – 6:45 am +2,United Airlines,EWR‐SIN,28h40m,2,"DEN, SFO",6:10 am – 4:40 pm,United Airlines,SIN‐EWR,22h30m,1,NRT,1660,20220403-1457,best
10:25 am – 5:10 pm +1,Singapore Airlines,EWR‐SIN,18h45m,0,,11:35 pm – 6:00 am +1,Singapore Airlines,SIN‐EWR,18h25m,0,,1971,20220403-1502,fast
11:25 am – 12:35 am +2,ANA,EWR‐SIN,25h10m,1,NRT,11:35 pm – 6:00 am +1,Singapore Airlines,SIN‐EWR,18h25m,0,,1952,20220403-1502,fast
9:30 am – 11:40 pm +1,Korean Air,EWR‐SIN,26h10m,2,"DTW, ICN",11:35 pm – 6:00 am +1,Singapore Airlines,SIN‐EWR,18h25m,0,,1964,20220403-1502,fast
10:25 am – 5:10 pm +1,Singapore Airlines,EWR‐SIN,18h45m,0,,8:10 am – 10:42 pm,"Japan Airlines, JetBlue",SIN‐EWR,26h32m,2,"NRT, LAX",4731,20220403-1502,fast
10:25 am – 5:10 pm +1,Singapore Airlines,EWR‐SIN,18h45m,0,,8:10 am – 11:28 pm,"Japan Airlines, American Airlines",SIN‐EWR,27h18m,2,"NRT, DFW",2394,20220403-1502,fast
10:25 am – 5:10 pm +1,Singapore Airlines,EWR‐SIN,18h45m,0,,6:10 am – 9:44 pm,ANA,SIN‐EWR,27h34m,2,"NRT, SFO",2513,20220403-1502,fast
8:45 pm – 7:00 am +2,Lufthansa,EWR‐SIN,22h15m,1,MUC,12:30 am – 12:45 pm,Lufthansa,SIN‐EWR,24h15m,1,MUC,4270,20220403-1502,fast
2:35 pm – 6:45 am +2,United Airlines,EWR‐SIN,28h10m,1,SFO,11:35 pm – 6:00 am +1,Singapore Airlines,SIN‐EWR,18h25m,0,,1903,20220403-1502,fast
6:30 pm – 6:45 am +2,United Airlines,EWR‐SIN,24h15m,1,SFO,6:10 am – 4:40 pm,United Airlines,SIN‐EWR,22h30m,1,NRT,10810,20220403-1502,fast
8:45 pm – 7:00 am +2,Lufthansa,EWR‐SIN,22h15m,1,MUC,11:20 pm – 12:10 pm +1,SWISS,SIN‐EWR,24h50m,2,"ZRH, GVA",5816,20220403-1502,fast
7:15 pm – 6:40 am +2,SWISS,EWR‐SIN,23h25m,2,"DUB, ZRH",1:25 am – 1:10 pm,SWISS,SIN‐EWR,23h45m,1,ZRH,6583,20220403-1502,fast
9:00 pm – 7:30 am +2,"Lufthansa, Singapore Airlines",EWR‐SIN,22h30m,1,LHR,11:20 pm – 12:10 pm +1,SWISS,SIN‐EWR,24h50m,2,"ZRH, GVA",6282,20220403-1502,fast
7:35 pm – 6:50 am +2,Lufthansa,EWR‐SIN,23h15m,1,FRA,12:30 am – 12:45 pm,Lufthansa,SIN‐EWR,24h15m,1,MUC,4287,20220403-1502,fast
5:40 pm – 6:45 am +2,United Airlines,EWR‐SIN,25h05m,1,SFO,6:10 am – 4:40 pm,United Airlines,SIN‐EWR,22h30m,1,NRT,4152,20220403-1502,fast
11:25 am – 12:35 am +2,United Airlines,EWR‐SIN,25h10m,1,NRT,6:10 am – 4:40 pm,United Airlines,SIN‐EWR,22h30m,1,NRT,1496,20220403-1502,fast
