Out Time,Out Airline,Out Cities,Out Duration,Out Stops,Out Stop Cities,Return Time,Return Airline,Return Cities,Return Duration,Return Stops,Return Stop Cities,Price,timestamp,sort
6:10 am – 6:15 am +2,United Airlines,EWR‐SIN,36h05m,1,SFO,8:45 am – 12:45 am +1,United Airlines,SIN‐EWR,28h00m,1,SFO,928,20220407-1403,cheap
12:00 pm – 6:15 am +2,United Airlines,EWR‐SIN,30h15m,1,SFO,8:45 am – 12:45 am +1,United Airlines,SIN‐EWR,28h00m,1,SFO,1022,20220407-1403,cheap
10:10 am – 6:15 am +2,United Airlines,EWR‐SIN,32h05m,2,"IAD-DCA, SFO",8:45 am – 12:45 am +1,United Airlines,SIN‐EWR,28h00m,1,SFO,1026,20220407-1403,cheap
6:10 am – 6:15 am +2,United Airlines,EWR‐SIN,36h05m,1,SFO,8:45 am – 7:20 pm,United Airlines,SIN‐EWR,22h35m,1,SFO,1032,20220407-1403,cheap
6:10 am – 6:15 am +2,United Airlines,EWR‐SIN,36h05m,1,SFO,8:45 am – 8:06 pm,United Airlines,SIN‐EWR,23h21m,1,SFO,1032,20220407-1403,cheap
6:10 am – 6:15 am +2,United Airlines,EWR‐SIN,36h05m,1,SFO,8:45 am – 10:00 pm,United Airlines,SIN‐EWR,25h15m,1,SFO,1032,20220407-1403,cheap
8:45 am – 11:40 pm +1,Korean Air,EWR‐SIN,26h55m,2,"ATL, ICN",1:10 am – 2:00 pm,Korean Air,SIN‐EWR,24h50m,2,"ICN, BOS",1064,20220407-1403,cheap
7:00 am – 11:40 pm +1,Korean Air,EWR‐SIN,28h40m,2,"ATL, ICN",1:10 am – 2:00 pm,Korean Air,SIN‐EWR,24h50m,2,"ICN, BOS",1064,20220407-1403,cheap
8:40 am – 11:40 pm +1,Korean Air,EWR‐SIN,27h00m,2,"BOS, ICN",1:10 am – 2:00 pm,Korean Air,SIN‐EWR,24h50m,2,"ICN, BOS",1072,20220407-1403,cheap
8:45 am – 11:40 pm +1,Korean Air,EWR‐SIN,26h55m,2,"ATL, ICN",1:10 am – 11:23 pm,Korean Air,SIN‐EWR,34h13m,2,"ICN, ATL",1072,20220407-1403,cheap
8:40 am – 11:40 pm +1,Korean Air,EWR‐SIN,27h00m,2,"BOS, ICN",1:10 am – 11:23 pm,Korean Air,SIN‐EWR,34h13m,2,"ICN, ATL",1072,20220407-1403,cheap
7:00 am – 11:40 pm +1,Korean Air,EWR‐SIN,28h40m,2,"ATL, ICN",1:10 am – 11:23 pm,Korean Air,SIN‐EWR,34h13m,2,"ICN, ATL",1072,20220407-1403,cheap
6:40 pm – 6:15 am +2,United Airlines,EWR‐SIN,23h35m,1,SFO,8:45 am – 12:45 am +1,United Airlines,SIN‐EWR,28h00m,1,SFO,1089,20220407-1403,cheap
4:40 pm – 6:15 am +2,United Airlines,EWR‐SIN,25h35m,1,SFO,8:45 am – 12:45 am +1,United Airlines,SIN‐EWR,28h00m,1,SFO,1089,20220407-1403,cheap
10:10 am – 6:15 am +2,United Airlines,EWR‐SIN,32h05m,2,"IAD, SFO",8:45 am – 12:45 am +1,United Airlines,SIN‐EWR,28h00m,1,SFO,1089,20220407-1403,cheap
8:40 am – 11:40 pm +1,Korean Air,EWR‐SIN,27h00m,2,"BOS, ICN",1:10 am – 2:00 pm,Korean Air,SIN‐EWR,24h50m,2,"ICN, BOS",1096,20220407-1401,best
6:40 pm – 6:15 am +2,United Airlines,EWR‐SIN,23h35m,1,SFO,8:45 am – 7:20 pm,United Airlines,SIN‐EWR,22h35m,1,SFO,1193,20220407-1401,best
6:10 am – 6:15 am +2,United Airlines,EWR‐SIN,36h05m,1,SFO,8:45 am – 12:45 am +1,United Airlines,SIN‐EWR,28h00m,1,SFO,928,20220407-1401,best
6:40 pm – 6:15 am +2,United Airlines,EWR‐SIN,23h35m,1,SFO,8:45 am – 8:06 pm,United Airlines,SIN‐EWR,23h21m,1,SFO,1193,20220407-1401,best
4:40 pm – 6:15 am +2,United Airlines,EWR‐SIN,25h35m,1,SFO,8:45 am – 7:20 pm,United Airlines,SIN‐EWR,22h35m,1,SFO,1193,20220407-1401,best
6:40 pm – 6:15 am +2,United Airlines,EWR‐SIN,23h35m,1,SFO,8:45 am – 12:45 am +1,United Airlines,SIN‐EWR,28h00m,1,SFO,1089,20220407-1401,best
10:25 am – 5:10 pm +1,Singapore Airlines,EWR‐SIN,18h45m,0,,11:35 pm – 6:00 am +1,Singapore Airlines,SIN‐EWR,18h25m,0,,1604,20220407-1401,best
6:40 pm – 6:15 am +2,United Airlines,EWR‐SIN,23h35m,1,SFO,8:45 am – 10:00 pm,United Airlines,SIN‐EWR,25h15m,1,SFO,1193,20220407-1401,best
4:40 pm – 6:15 am +2,United Airlines,EWR‐SIN,25h35m,1,SFO,8:45 am – 8:06 pm,United Airlines,SIN‐EWR,23h21m,1,SFO,1193,20220407-1401,best
11:35 am – 12:35 am +2,ANA,EWR‐SIN,25h00m,1,NRT,6:10 am – 4:40 pm,ANA,SIN‐EWR,22h30m,1,NRT,1300,20220407-1401,best
4:40 pm – 6:15 am +2,United Airlines,EWR‐SIN,25h35m,1,SFO,8:45 am – 12:45 am +1,United Airlines,SIN‐EWR,28h00m,1,SFO,1089,20220407-1401,best
4:40 pm – 6:15 am +2,United Airlines,EWR‐SIN,25h35m,1,SFO,8:45 am – 10:00 pm,United Airlines,SIN‐EWR,25h15m,1,SFO,1193,20220407-1401,best
12:00 pm – 6:15 am +2,United Airlines,EWR‐SIN,30h15m,1,SFO,8:45 am – 7:20 pm,United Airlines,SIN‐EWR,22h35m,1,SFO,1125,20220407-1401,best
10:55 am – 12:35 am +2,ANA,EWR‐SIN,25h40m,1,HND-NRT,6:10 am – 4:40 pm,ANA,SIN‐EWR,22h30m,1,NRT,1309,20220407-1401,best
8:45 am – 11:40 pm +1,Korean Air,EWR‐SIN,26h55m,2,"ATL, ICN",6:10 am – 4:40 pm,ANA,SIN‐EWR,22h30m,1,NRT,1234,20220407-1401,best
12:00 pm – 6:15 am +2,United Airlines,EWR‐SIN,30h15m,1,SFO,8:45 am – 8:06 pm,United Airlines,SIN‐EWR,23h21m,1,SFO,1125,20220407-1401,best
8:45 am – 11:40 pm +1,Korean Air,EWR‐SIN,26h55m,2,"ATL, ICN",1:10 am – 2:00 pm,Korean Air,SIN‐EWR,24h50m,2,"ICN, BOS",1064,20220407-1401,best
10:25 am – 5:10 pm +1,Singapore Airlines,EWR‐SIN,18h45m,0,,11:35 pm – 6:00 am +1,Singapore Airlines,SIN‐EWR,18h25m,0,,1604,20220407-1406,fast
10:25 am – 5:10 pm +1,Singapore Airlines,EWR‐SIN,18h45m,0,,6:10 am – 4:40 pm,ANA,SIN‐EWR,22h30m,1,NRT,1786,20220407-1406,fast
10:25 am – 5:10 pm +1,Singapore Airlines,EWR‐SIN,18h45m,0,,6:40 pm – 6:59 am +1,Singapore Airlines,SIN‐EWR,24h19m,1,SFO,1905,20220407-1406,fast
10:25 am – 5:10 pm +1,Singapore Airlines,EWR‐SIN,18h45m,0,,6:40 pm – 7:10 am +1,Singapore Airlines,SIN‐EWR,24h30m,1,LAX,1752,20220407-1406,fast
11:35 am – 12:35 am +2,ANA,EWR‐SIN,25h00m,1,NRT,11:35 pm – 6:00 am +1,Singapore Airlines,SIN‐EWR,18h25m,0,,1942,20220407-1406,fast
10:55 am – 12:35 am +2,ANA,EWR‐SIN,25h40m,1,HND-NRT,11:35 pm – 6:00 am +1,Singapore Airlines,SIN‐EWR,18h25m,0,,1950,20220407-1406,fast
6:45 pm – 8:55 am +2,"JetBlue, Qatar Airways",EWR‐SIN,26h10m,2,"BOS, DOH",11:35 pm – 6:00 am +1,Singapore Airlines,SIN‐EWR,18h25m,0,,2170,20220407-1406,fast
9:26 am – 12:20 am +2,"JetBlue, Japan Airlines",EWR‐SIN,26h54m,2,"BOS, NRT",11:35 pm – 6:00 am +1,Singapore Airlines,SIN‐EWR,18h25m,0,,1887,20220407-1406,fast
8:55 pm – 7:00 am +2,Lufthansa,EWR‐SIN,22h05m,1,MUC,12:30 am – 12:25 pm,Lufthansa,SIN‐EWR,23h55m,1,MUC,2455,20220407-1406,fast
10:25 am – 5:10 pm +1,Singapore Airlines,EWR‐SIN,18h45m,0,,6:10 am – 9:33 pm,ANA,SIN‐EWR,27h23m,2,"NRT, ORD",2844,20220407-1406,fast
6:40 pm – 6:15 am +2,United Airlines,EWR‐SIN,23h35m,1,SFO,8:45 am – 7:20 pm,United Airlines,SIN‐EWR,22h35m,1,SFO,1193,20220407-1406,fast
9:00 am – 1:15 am +2,Singapore Airlines,EWR‐SIN,28h15m,2,"LAX, NRT",11:35 pm – 6:00 am +1,Singapore Airlines,SIN‐EWR,18h25m,0,,2621,20220407-1406,fast
7:55 am – 5:45 pm +1,British Airways,EWR‐SIN,21h50m,1,LHR,1:10 am – 2:00 pm,Korean Air,SIN‐EWR,24h50m,2,"ICN, BOS",6806,20220407-1406,fast
4:26 pm – 8:55 am +2,"JetBlue, Qatar Airways",EWR‐SIN,28h29m,2,"BOS, DOH",11:35 pm – 6:00 am +1,Singapore Airlines,SIN‐EWR,18h25m,0,,2170,20220407-1406,fast
6:40 pm – 6:15 am +2,United Airlines,EWR‐SIN,23h35m,1,SFO,8:45 am – 8:06 pm,United Airlines,SIN‐EWR,23h21m,1,SFO,1193,20220407-1406,fast
