Out Time,Out Airline,Out Cities,Out Duration,Out Stops,Out Stop Cities,Return Time,Return Airline,Return Cities,Return Duration,Return Stops,Return Stop Cities,Price,timestamp,sort
12:00 pm – 12:35 am +2,"United Airlines, ANA",EWR‐SIN,24h35m,1,NRT,8:45 am – 6:34 am +1,United Airlines,SIN‐EWR,33h49m,2,"SFO, LAS",1074,20220403-2116,cheap
12:00 pm – 12:35 am +2,"United Airlines, ANA",EWR‐SIN,24h35m,1,NRT,8:45 am – 6:58 am +1,United Airlines,SIN‐EWR,34h13m,2,"SFO, SLC",1074,20220403-2116,cheap
12:00 pm – 12:35 am +2,"United Airlines, ANA",EWR‐SIN,24h35m,1,NRT,8:45 am – 6:58 am +1,United Airlines,SIN‐EWR,34h13m,2,"SFO, SLC",1074,20220403-2116,cheap
12:00 pm – 12:35 am +2,"United Airlines, ANA",EWR‐SIN,24h35m,1,NRT,8:45 am – 6:58 am +1,United Airlines,SIN‐EWR,34h13m,2,"SFO, SLC",1074,20220403-2116,cheap
12:00 pm – 12:35 am +2,United Airlines,EWR‐SIN,24h35m,1,NRT,8:45 am – 7:05 am +1,United Airlines,SIN‐EWR,34h20m,1,SFO,1076,20220403-2116,cheap
12:00 pm – 12:35 am +2,United Airlines,EWR‐SIN,24h35m,1,NRT,8:45 am – 8:20 am +1,United Airlines,SIN‐EWR,35h35m,1,SFO,1076,20220403-2116,cheap
10:55 am – 12:35 am +2,United Airlines,EWR‐SIN,25h40m,1,HND-NRT,8:45 am – 7:05 am +1,United Airlines,SIN‐EWR,34h20m,1,SFO,1085,20220403-2116,cheap
10:55 am – 12:35 am +2,United Airlines,EWR‐SIN,25h40m,1,HND-NRT,8:45 am – 8:20 am +1,United Airlines,SIN‐EWR,35h35m,1,SFO,1085,20220403-2116,cheap
12:00 pm – 12:35 am +2,United Airlines,EWR‐SIN,24h35m,1,NRT,8:45 am – 12:45 am +1,United Airlines,SIN‐EWR,28h00m,2,"SFO, DEN",1176,20220403-2116,cheap
12:00 pm – 12:35 am +2,"United Airlines, ANA",EWR‐SIN,24h35m,1,NRT,8:45 am – 1:07 am +1,United Airlines,SIN‐EWR,28h22m,1,SFO,1177,20220403-2116,cheap
6:29 am – 12:35 am +2,United Airlines,EWR‐SIN,30h06m,2,"SFO, NRT",8:45 am – 12:45 am +1,United Airlines,SIN‐EWR,28h00m,2,"SFO, DEN",1181,20220403-2116,cheap
6:20 am – 12:35 am +2,United Airlines,EWR‐SIN,30h15m,2,"LAX, NRT",8:45 am – 12:45 am +1,United Airlines,SIN‐EWR,28h00m,2,"SFO, DEN",1181,20220403-2116,cheap
8:40 am – 11:40 pm +1,"Delta, Korean Air",EWR‐SIN,27h00m,2,"BOS, ICN",1:10 am – 2:00 pm,Korean Air,SIN‐EWR,24h50m,2,"ICN, BOS",1186,20220403-2116,cheap
8:40 am – 11:40 pm +1,"Delta, Korean Air",EWR‐SIN,27h00m,2,"BOS, ICN",1:10 am – 3:35 pm,Korean Air,SIN‐EWR,26h25m,2,"ICN, ATL",1186,20220403-2116,cheap
6:54 am – 12:20 am +2,Japan Airlines,EWR‐SIN,29h26m,2,"ORD, NRT",12:30 am – 1:39 pm +1,Multiple Airlines,SIN‐EWR,49h09m,3,"BER, KEF, ...",1191,20220403-2116,cheap
10:55 am – 12:35 am +2,ANA,EWR‐SIN,25h40m,1,HND-NRT,11:30 pm – 10:20 pm +1,Turkish Airlines,SIN‐EWR,34h50m,1,IST,1470,20220403-2113,best
12:00 pm – 12:35 am +2,"United Airlines, ANA",EWR‐SIN,24h35m,1,NRT,8:45 am – 1:07 am +1,United Airlines,SIN‐EWR,28h22m,1,SFO,1177,20220403-2113,best
12:00 pm – 12:35 am +2,"United Airlines, ANA",EWR‐SIN,24h35m,1,NRT,8:45 am – 6:34 am +1,United Airlines,SIN‐EWR,33h49m,2,"SFO, LAS",1074,20220403-2113,best
12:00 pm – 12:35 am +2,United Airlines,EWR‐SIN,24h35m,1,NRT,8:45 am – 7:21 pm,United Airlines,SIN‐EWR,22h36m,1,SFO,1310,20220403-2113,best
10:55 am – 12:35 am +2,United Airlines,EWR‐SIN,25h40m,1,HND-NRT,8:45 am – 7:21 pm,United Airlines,SIN‐EWR,22h36m,1,SFO,1319,20220403-2113,best
12:00 pm – 12:35 am +2,United Airlines,EWR‐SIN,24h35m,1,NRT,8:45 am – 12:45 am +1,United Airlines,SIN‐EWR,28h00m,2,"SFO, DEN",1176,20220403-2113,best
12:00 pm – 12:35 am +2,"United Airlines, ANA",EWR‐SIN,24h35m,1,NRT,8:45 am – 6:58 am +1,United Airlines,SIN‐EWR,34h13m,2,"SFO, SLC",1074,20220403-2113,best
12:00 pm – 12:35 am +2,"United Airlines, ANA",EWR‐SIN,24h35m,1,NRT,8:45 am – 6:58 am +1,United Airlines,SIN‐EWR,34h13m,2,"SFO, SLC",1074,20220403-2113,best
12:00 pm – 12:35 am +2,"United Airlines, ANA",EWR‐SIN,24h35m,1,NRT,8:45 am – 6:58 am +1,United Airlines,SIN‐EWR,34h13m,2,"SFO, SLC",1074,20220403-2113,best
12:00 pm – 12:35 am +2,United Airlines,EWR‐SIN,24h35m,1,NRT,8:45 am – 7:05 am +1,United Airlines,SIN‐EWR,34h20m,1,SFO,1076,20220403-2113,best
8:40 am – 11:40 pm +1,"Delta, Korean Air",EWR‐SIN,27h00m,2,"BOS, ICN",1:10 am – 2:00 pm,Korean Air,SIN‐EWR,24h50m,2,"ICN, BOS",1186,20220403-2113,best
12:00 pm – 12:35 am +2,United Airlines,EWR‐SIN,24h35m,1,NRT,8:45 am – 8:20 am +1,United Airlines,SIN‐EWR,35h35m,1,SFO,1076,20220403-2113,best
10:55 am – 12:35 am +2,United Airlines,EWR‐SIN,25h40m,1,HND-NRT,8:45 am – 7:05 am +1,United Airlines,SIN‐EWR,34h20m,1,SFO,1085,20220403-2113,best
8:40 am – 11:40 pm +1,"Delta, Korean Air",EWR‐SIN,27h00m,2,"BOS, ICN",1:10 am – 3:35 pm,Korean Air,SIN‐EWR,26h25m,2,"ICN, ATL",1186,20220403-2113,best
10:55 am – 12:35 am +2,United Airlines,EWR‐SIN,25h40m,1,HND-NRT,8:45 am – 8:20 am +1,United Airlines,SIN‐EWR,35h35m,1,SFO,1085,20220403-2113,best
6:29 am – 12:35 am +2,United Airlines,EWR‐SIN,30h06m,2,"SFO, NRT",8:45 am – 12:45 am +1,United Airlines,SIN‐EWR,28h00m,2,"SFO, DEN",1181,20220403-2113,best
10:25 am – 5:10 pm +1,Singapore Airlines,EWR‐SIN,18h45m,0,,11:35 pm – 6:00 am +1,Singapore Airlines,SIN‐EWR,18h25m,0,,1961,20220403-2118,fast
12:00 pm – 12:35 am +2,ANA,EWR‐SIN,24h35m,1,NRT,11:35 pm – 6:00 am +1,Singapore Airlines,SIN‐EWR,18h25m,0,,2370,20220403-2118,fast
10:25 am – 5:10 pm +1,Singapore Airlines,EWR‐SIN,18h45m,0,,6:40 pm – 7:00 am +1,Singapore Airlines,SIN‐EWR,24h20m,1,LAX,1845,20220403-2118,fast
10:25 am – 5:10 pm +1,Singapore Airlines,EWR‐SIN,18h45m,0,,6:40 pm – 7:00 am +1,Singapore Airlines,SIN‐EWR,24h20m,1,SFO,2136,20220403-2118,fast
10:25 am – 5:10 pm +1,Singapore Airlines,EWR‐SIN,18h45m,0,,11:55 pm – 1:50 pm +1,Lufthansa,SIN‐EWR,25h55m,1,FRA,2133,20220403-2118,fast
10:00 pm – 7:30 am +2,"Austrian Airlines, Singapore Airlines",EWR‐SIN,21h30m,1,LHR,6:40 pm – 7:00 am +1,"Singapore Airlines, Alaska Airlines",SIN‐EWR,24h20m,1,LAX,4604,20220403-2118,fast
8:30 am – 6:10 pm +1,"Austrian Airlines, Singapore Airlines",EWR‐SIN,21h40m,1,LHR,6:40 pm – 7:00 am +1,"Singapore Airlines, Alaska Airlines",SIN‐EWR,24h20m,1,LAX,4604,20220403-2118,fast
10:25 am – 5:10 pm +1,Singapore Airlines,EWR‐SIN,18h45m,0,,8:10 am – 11:26 pm,"Japan Airlines, American Airlines",SIN‐EWR,27h16m,2,"NRT, DFW",2153,20220403-2118,fast
6:40 pm – 6:15 am +2,United Airlines,EWR‐SIN,23h35m,1,SFO,8:45 am – 7:21 pm,United Airlines,SIN‐EWR,22h36m,1,SFO,3926,20220403-2118,fast
10:25 am – 5:10 pm +1,Singapore Airlines,EWR‐SIN,18h45m,0,,11:55 pm – 3:55 pm +1,Lufthansa,SIN‐EWR,28h00m,1,FRA,2133,20220403-2118,fast
12:00 pm – 12:35 am +2,United Airlines,EWR‐SIN,24h35m,1,NRT,8:45 am – 7:21 pm,United Airlines,SIN‐EWR,22h36m,1,SFO,1310,20220403-2118,fast
8:15 am – 1:15 am +2,Singapore Airlines,EWR‐SIN,29h00m,2,"LAX, NRT",11:35 pm – 6:00 am +1,Singapore Airlines,SIN‐EWR,18h25m,0,,2115,20220403-2118,fast
6:15 pm – 5:55 am +2,SWISS,EWR‐SIN,23h40m,1,ZRH,1:25 am – 1:10 pm,SWISS,SIN‐EWR,23h45m,1,ZRH,2666,20220403-2118,fast
5:15 pm – 6:15 am +2,United Airlines,EWR‐SIN,25h00m,1,SFO,8:45 am – 7:21 pm,United Airlines,SIN‐EWR,22h36m,1,SFO,3926,20220403-2118,fast
6:54 am – 12:20 am +2,Japan Airlines,EWR‐SIN,29h26m,2,"ORD, NRT",11:35 pm – 6:00 am +1,Singapore Airlines,SIN‐EWR,18h25m,0,,2357,20220403-2118,fast
