Out Time,Out Airline,Out Cities,Out Duration,Out Stops,Out Stop Cities,Return Time,Return Airline,Return Cities,Return Duration,Return Stops,Return Stop Cities,Price,timestamp,sort
8:40 am – 11:40 pm +1,Korean Air,EWR‐SIN,27h00m,2,"BOS, ICN",1:10 am – 2:00 pm,Korean Air,SIN‐EWR,24h50m,2,"ICN, BOS",1158,20220403-2323,cheap
7:00 am – 11:40 pm +1,Korean Air,EWR‐SIN,28h40m,2,"ATL, ICN",1:10 am – 2:00 pm,Korean Air,SIN‐EWR,24h50m,2,"ICN, BOS",1158,20220403-2323,cheap
8:45 am – 11:40 pm +1,Korean Air,EWR‐SIN,26h55m,2,"ATL, ICN",1:10 am – 2:00 pm,Korean Air,SIN‐EWR,24h50m,2,"ICN, BOS",1173,20220403-2323,cheap
6:00 am – 11:40 pm +1,Delta,EWR‐SIN,29h40m,2,"ATL, ICN",1:10 am – 2:00 pm,Delta,SIN‐EWR,24h50m,2,"ICN, BOS",1324,20220403-2323,cheap
8:45 am – 11:40 pm +1,Delta,EWR‐SIN,26h55m,2,"ATL, ICN",1:10 am – 5:19 pm,Delta,SIN‐EWR,28h09m,2,"ICN, BOS",1324,20220403-2323,cheap
8:40 am – 11:40 pm +1,Delta,EWR‐SIN,27h00m,2,"BOS, ICN",1:10 am – 5:19 pm,Delta,SIN‐EWR,28h09m,2,"ICN, BOS",1324,20220403-2323,cheap
8:45 am – 11:40 pm +1,Korean Air,EWR‐SIN,26h55m,2,"ATL, ICN",1:10 am – 3:35 pm,Korean Air,SIN‐EWR,26h25m,2,"ICN, ATL",1330,20220403-2323,cheap
8:40 am – 11:40 pm +1,Korean Air,EWR‐SIN,27h00m,2,"BOS, ICN",1:10 am – 3:35 pm,Korean Air,SIN‐EWR,26h25m,2,"ICN, ATL",1330,20220403-2323,cheap
7:00 am – 11:40 pm +1,Korean Air,EWR‐SIN,28h40m,2,"ATL, ICN",1:10 am – 3:35 pm,Korean Air,SIN‐EWR,26h25m,2,"ICN, ATL",1330,20220403-2323,cheap
8:25 am – 12:20 am +2,Japan Airlines,EWR‐SIN,27h55m,2,"SFO, NRT",8:10 am – 7:10 am +1,Japan Airlines,SIN‐EWR,35h00m,2,"NRT, LAX",1462,20220403-2323,cheap
6:59 am – 12:20 am +2,American Airlines,EWR‐SIN,29h21m,2,"DFW, NRT",8:10 am – 11:26 pm,American Airlines,SIN‐EWR,27h16m,2,"NRT, DFW",1469,20220403-2323,cheap
12:25 pm – 6:15 am +2,United Airlines,EWR‐SIN,29h50m,2,"IAH, SFO",8:45 am – 5:44 am +1,United Airlines,SIN‐EWR,32h59m,1,SFO,1478,20220403-2323,cheap
8:15 am – 12:20 am +2,American Airlines,EWR‐SIN,28h05m,2,"DFW, NRT",8:10 am – 11:26 pm,American Airlines,SIN‐EWR,27h16m,2,"NRT, DFW",1495,20220403-2323,cheap
12:00 pm – 12:35 am +2,ANA,EWR‐SIN,24h35m,1,NRT,10:10 pm – 5:10 pm +1,ANA,SIN‐EWR,31h00m,1,HND,1521,20220403-2323,cheap
12:00 pm – 12:35 am +2,ANA,EWR‐SIN,24h35m,1,NRT,6:10 am – 4:40 pm,ANA,SIN‐EWR,22h30m,1,NRT,1526,20220403-2323,cheap
8:40 am – 11:40 pm +1,Korean Air,EWR‐SIN,27h00m,2,"BOS, ICN",1:10 am – 2:00 pm,Korean Air,SIN‐EWR,24h50m,2,"ICN, BOS",1187,20220403-2321,best
10:25 am – 5:10 pm +1,Singapore Airlines,EWR‐SIN,18h45m,0,,11:35 pm – 6:00 am +1,Singapore Airlines,SIN‐EWR,18h25m,0,,1651,20220403-2321,best
8:40 am – 11:40 pm +1,Korean Air,EWR‐SIN,27h00m,2,"BOS, ICN",1:10 am – 2:00 pm,Korean Air,SIN‐EWR,24h50m,2,"ICN, BOS",1158,20220403-2321,best
12:00 pm – 12:35 am +2,ANA,EWR‐SIN,24h35m,1,NRT,6:10 am – 4:40 pm,ANA,SIN‐EWR,22h30m,1,NRT,1526,20220403-2321,best
8:45 am – 11:40 pm +1,Korean Air,EWR‐SIN,26h55m,2,"ATL, ICN",1:10 am – 2:00 pm,Korean Air,SIN‐EWR,24h50m,2,"ICN, BOS",1173,20220403-2321,best
7:00 am – 11:40 pm +1,Korean Air,EWR‐SIN,28h40m,2,"ATL, ICN",1:10 am – 2:00 pm,Korean Air,SIN‐EWR,24h50m,2,"ICN, BOS",1158,20220403-2321,best
6:40 pm – 6:15 am +2,United Airlines,EWR‐SIN,23h35m,1,SFO,6:10 am – 4:40 pm,"ANA, United Airlines",SIN‐EWR,22h30m,1,NRT,1678,20220403-2321,best
8:45 am – 11:40 pm +1,Korean Air,EWR‐SIN,26h55m,2,"ATL, ICN",1:10 am – 3:35 pm,Korean Air,SIN‐EWR,26h25m,2,"ICN, ATL",1330,20220403-2321,best
8:40 am – 11:40 pm +1,Korean Air,EWR‐SIN,27h00m,2,"BOS, ICN",1:10 am – 3:35 pm,Korean Air,SIN‐EWR,26h25m,2,"ICN, ATL",1330,20220403-2321,best
6:00 am – 11:40 pm +1,Delta,EWR‐SIN,29h40m,2,"ATL, ICN",1:10 am – 2:00 pm,Delta,SIN‐EWR,24h50m,2,"ICN, BOS",1324,20220403-2321,best
8:45 am – 11:40 pm +1,Delta,EWR‐SIN,26h55m,2,"ATL, ICN",1:10 am – 5:19 pm,Delta,SIN‐EWR,28h09m,2,"ICN, BOS",1324,20220403-2321,best
8:40 am – 11:40 pm +1,Delta,EWR‐SIN,27h00m,2,"BOS, ICN",1:10 am – 5:19 pm,Delta,SIN‐EWR,28h09m,2,"ICN, BOS",1324,20220403-2321,best
10:25 am – 5:10 pm +1,Singapore Airlines,EWR‐SIN,18h45m,0,,6:40 pm – 6:59 am +1,Singapore Airlines,SIN‐EWR,24h19m,1,SFO,2070,20220403-2321,best
6:00 am – 12:35 am +2,ANA,EWR‐SIN,30h35m,2,"LAX, NRT",6:10 am – 4:40 pm,ANA,SIN‐EWR,22h30m,1,NRT,1531,20220403-2321,best
7:00 am – 11:40 pm +1,Korean Air,EWR‐SIN,28h40m,2,"ATL, ICN",1:10 am – 3:35 pm,Korean Air,SIN‐EWR,26h25m,2,"ICN, ATL",1330,20220403-2321,best
6:00 am – 12:35 am +2,ANA,EWR‐SIN,30h35m,2,"LAX, NRT",6:10 am – 4:40 pm,ANA,SIN‐EWR,22h30m,1,NRT,1547,20220403-2321,best
10:25 am – 5:10 pm +1,Singapore Airlines,EWR‐SIN,18h45m,0,,11:35 pm – 6:00 am +1,Singapore Airlines,SIN‐EWR,18h25m,0,,1651,20220403-2326,fast
10:25 am – 5:10 pm +1,Singapore Airlines,EWR‐SIN,18h45m,0,,6:10 am – 4:40 pm,ANA,SIN‐EWR,22h30m,1,NRT,2218,20220403-2326,fast
12:00 pm – 12:35 am +2,ANA,EWR‐SIN,24h35m,1,NRT,11:35 pm – 6:00 am +1,Singapore Airlines,SIN‐EWR,18h25m,0,,2208,20220403-2326,fast
10:25 am – 5:10 pm +1,Singapore Airlines,EWR‐SIN,18h45m,0,,6:40 pm – 6:59 am +1,Singapore Airlines,SIN‐EWR,24h19m,1,SFO,2070,20220403-2326,fast
10:25 am – 5:10 pm +1,Singapore Airlines,EWR‐SIN,18h45m,0,,6:40 pm – 6:59 am +1,"Singapore Airlines, Alaska Airlines",SIN‐EWR,24h19m,1,SFO,2079,20220403-2326,fast
10:25 am – 5:10 pm +1,Singapore Airlines,EWR‐SIN,18h45m,0,,6:40 pm – 7:10 am +1,Singapore Airlines,SIN‐EWR,24h30m,1,LAX,6674,20220403-2326,fast
6:45 pm – 8:55 am +2,"JetBlue, Qatar Airways",EWR‐SIN,26h10m,2,"BOS, DOH",11:35 pm – 6:00 am +1,Singapore Airlines,SIN‐EWR,18h25m,0,,2221,20220403-2326,fast
8:45 am – 11:40 pm +1,Korean Air,EWR‐SIN,26h55m,2,"ATL, ICN",11:35 pm – 6:00 am +1,Singapore Airlines,SIN‐EWR,18h25m,0,,1787,20220403-2326,fast
10:25 am – 5:10 pm +1,Singapore Airlines,EWR‐SIN,18h45m,0,,8:10 am – 11:26 pm,"Japan Airlines, American Airlines",SIN‐EWR,27h16m,2,"NRT, DFW",2069,20220403-2326,fast
6:40 pm – 6:15 am +2,United Airlines,EWR‐SIN,23h35m,1,SFO,6:10 am – 4:40 pm,"ANA, United Airlines",SIN‐EWR,22h30m,1,NRT,1678,20220403-2326,fast
8:25 am – 12:20 am +2,Japan Airlines,EWR‐SIN,27h55m,2,"SFO, NRT",11:35 pm – 6:00 am +1,Singapore Airlines,SIN‐EWR,18h25m,0,,1779,20220403-2326,fast
8:25 am – 12:20 am +2,"Alaska Airlines, Japan Airlines",EWR‐SIN,27h55m,2,"SFO, NRT",11:35 pm – 6:00 am +1,Singapore Airlines,SIN‐EWR,18h25m,0,,1782,20220403-2326,fast
9:00 am – 1:15 am +2,"Alaska Airlines, Singapore Airlines",EWR‐SIN,28h15m,2,"LAX, NRT",11:35 pm – 6:00 am +1,Singapore Airlines,SIN‐EWR,18h25m,0,,2152,20220403-2326,fast
9:00 am – 1:15 am +2,Singapore Airlines,EWR‐SIN,28h15m,2,"LAX, NRT",11:35 pm – 6:00 am +1,Singapore Airlines,SIN‐EWR,18h25m,0,,6394,20220403-2326,fast
4:26 pm – 8:55 am +2,"JetBlue, Qatar Airways",EWR‐SIN,28h29m,2,"BOS, DOH",11:35 pm – 6:00 am +1,Singapore Airlines,SIN‐EWR,18h25m,0,,2221,20220403-2326,fast
