Out Time,Out Airline,Out Cities,Out Duration,Out Stops,Out Stop Cities,Return Time,Return Airline,Return Cities,Return Duration,Return Stops,Return Stop Cities,Price,timestamp,sort
8:15 am – 12:20 am +2,Japan Airlines,EWR‐SIN,28h05m,2,"LAX, NRT",8:10 am – 11:00 pm,"Japan Airlines, JetBlue",SIN‐EWR,26h50m,2,"NRT, SFO",1187,20220403-2044,cheap
8:15 am – 12:20 am +2,Japan Airlines,EWR‐SIN,28h05m,2,"LAX, NRT",8:10 am – 5:30 am +1,"Japan Airlines, JetBlue",SIN‐EWR,33h20m,2,"NRT, SFO",1187,20220403-2044,cheap
8:15 am – 12:20 am +2,Japan Airlines,EWR‐SIN,28h05m,2,"LAX, NRT",8:10 am – 7:00 am +1,Japan Airlines,SIN‐EWR,34h50m,2,"NRT, LAX",1239,20220403-2044,cheap
7:10 am – 1:55 pm +2,"Japan Airlines, VietJet Air",EWR‐SIN,42h45m,3,"BOS, NRT, ...",11:30 pm – 6:46 pm +1,"Turkish Airlines, Amtrak",SIN‐EWR,31h16m,2,"IST, BOS-BOS",1279,20220403-2044,cheap
6:39 am – 12:20 am +2,American Airlines,EWR‐SIN,29h41m,2,"DFW, NRT",8:10 am – 11:26 pm,American Airlines,SIN‐EWR,27h16m,2,"NRT, DFW",1336,20220403-2044,cheap
8:30 pm – 12:35 am +3,United Airlines,EWR‐SIN,40h05m,2,"LAX, HND-NRT",6:10 am – 4:45 pm,United Airlines,SIN‐EWR,22h35m,1,NRT,1386,20220403-2044,cheap
7:45 am – 12:20 am +2,American Airlines,EWR‐SIN,28h35m,2,"ORD, NRT",8:10 am – 11:26 pm,American Airlines,SIN‐EWR,27h16m,2,"NRT, DFW",1403,20220403-2044,cheap
6:00 am – 12:20 am +2,American Airlines,EWR‐SIN,30h20m,2,"ORD, NRT",8:10 am – 11:26 pm,American Airlines,SIN‐EWR,27h16m,2,"NRT, DFW",1403,20220403-2044,cheap
8:30 pm – 12:35 am +3,ANA,EWR‐SIN,40h05m,2,"LAX, NRT",6:10 am – 4:45 pm,ANA,SIN‐EWR,22h35m,1,NRT,1405,20220403-2044,cheap
10:25 am – 5:10 pm +1,Singapore Airlines,EWR‐SIN,18h45m,0,,9:25 am – 11:00 pm,"Singapore Airlines, JetBlue",SIN‐EWR,25h35m,1,SFO,1511,20220403-2044,cheap
10:25 am – 5:10 pm +1,Singapore Airlines,EWR‐SIN,18h45m,0,,9:25 am – 5:30 am +1,"Singapore Airlines, JetBlue",SIN‐EWR,32h05m,1,SFO,1511,20220403-2044,cheap
11:29 am – 6:15 am +2,"Air Canada, SWISS",EWR‐SIN,30h46m,2,"YYZ, ZRH",6:10 am – 9:12 pm,Air Canada,SIN‐EWR,27h02m,2,"NRT, YYZ",1536,20220403-2044,cheap
7:10 am – 12:20 am +2,Japan Airlines,EWR‐SIN,29h10m,2,"BOS, NRT",6:10 am – 4:45 pm,ANA,SIN‐EWR,22h35m,1,NRT,1596,20220403-2044,cheap
11:29 am – 6:15 am +2,"Air Canada, SWISS",EWR‐SIN,30h46m,2,"YYZ, ZRH",6:10 am – 8:11 pm,Air Canada,SIN‐EWR,26h01m,2,"NRT, YYZ",1613,20220403-2044,cheap
11:29 am – 6:15 am +2,"Air Canada, SWISS",EWR‐SIN,30h46m,2,"YYZ, ZRH",6:10 am – 10:01 pm,Air Canada,SIN‐EWR,27h51m,2,"NRT, YYZ",1613,20220403-2044,cheap
8:15 am – 12:20 am +2,Japan Airlines,EWR‐SIN,28h05m,2,"LAX, NRT",8:10 am – 11:00 pm,"Japan Airlines, JetBlue",SIN‐EWR,26h50m,2,"NRT, SFO",1187,20220403-2042,best
10:25 am – 5:10 pm +1,Singapore Airlines,EWR‐SIN,18h45m,0,,11:35 pm – 6:00 am +1,Singapore Airlines,SIN‐EWR,18h25m,0,,1689,20220403-2042,best
8:15 am – 12:20 am +2,Japan Airlines,EWR‐SIN,28h05m,2,"LAX, NRT",8:10 am – 11:00 pm,"Japan Airlines, JetBlue",SIN‐EWR,26h50m,2,"NRT, SFO",1187,20220403-2042,best
10:25 am – 5:10 pm +1,Singapore Airlines,EWR‐SIN,18h45m,0,,9:25 am – 11:00 pm,"Singapore Airlines, JetBlue",SIN‐EWR,25h35m,1,SFO,1511,20220403-2042,best
10:25 am – 5:10 pm +1,Singapore Airlines,EWR‐SIN,18h45m,0,,9:25 am – 5:30 am +1,"Singapore Airlines, JetBlue",SIN‐EWR,32h05m,1,SFO,1511,20220403-2042,best
10:25 am – 5:10 pm +1,Singapore Airlines,EWR‐SIN,18h45m,0,,9:25 am – 7:00 am +1,Singapore Airlines,SIN‐EWR,33h35m,1,SFO,1628,20220403-2042,best
10:25 am – 5:10 pm +1,Singapore Airlines,EWR‐SIN,18h45m,0,,6:40 pm – 7:00 am +1,Singapore Airlines,SIN‐EWR,24h20m,1,SFO,1991,20220403-2042,best
10:25 am – 5:10 pm +1,Singapore Airlines,EWR‐SIN,18h45m,0,,9:25 am – 7:00 am +1,"Singapore Airlines, Alaska Airlines",SIN‐EWR,33h35m,1,SFO,1655,20220403-2042,best
7:10 am – 12:20 am +2,Japan Airlines,EWR‐SIN,29h10m,2,"BOS, NRT",6:10 am – 4:45 pm,ANA,SIN‐EWR,22h35m,1,NRT,1596,20220403-2042,best
6:39 am – 12:20 am +2,American Airlines,EWR‐SIN,29h41m,2,"DFW, NRT",8:10 am – 11:26 pm,American Airlines,SIN‐EWR,27h16m,2,"NRT, DFW",1336,20220403-2042,best
7:45 am – 12:20 am +2,American Airlines,EWR‐SIN,28h35m,2,"ORD, NRT",8:10 am – 11:26 pm,American Airlines,SIN‐EWR,27h16m,2,"NRT, DFW",1403,20220403-2042,best
10:25 am – 5:10 pm +1,Singapore Airlines,EWR‐SIN,18h45m,0,,9:25 am – 7:00 am +1,Singapore Airlines,SIN‐EWR,33h35m,2,"NRT, LAX",1674,20220403-2042,best
8:15 am – 1:15 am +2,Singapore Airlines,EWR‐SIN,29h00m,2,"LAX, NRT",11:35 pm – 6:00 am +1,Singapore Airlines,SIN‐EWR,18h25m,0,,1781,20220403-2042,best
8:15 am – 12:20 am +2,Japan Airlines,EWR‐SIN,28h05m,2,"LAX, NRT",8:10 am – 5:30 am +1,"Japan Airlines, JetBlue",SIN‐EWR,33h20m,2,"NRT, SFO",1187,20220403-2042,best
10:25 am – 5:10 pm +1,Singapore Airlines,EWR‐SIN,18h45m,0,,6:40 pm – 7:00 am +1,"Singapore Airlines, Alaska Airlines",SIN‐EWR,24h20m,1,SFO,2000,20220403-2042,best
6:00 am – 12:20 am +2,American Airlines,EWR‐SIN,30h20m,2,"ORD, NRT",8:10 am – 11:26 pm,American Airlines,SIN‐EWR,27h16m,2,"NRT, DFW",1403,20220403-2042,best
10:25 am – 5:10 pm +1,Singapore Airlines,EWR‐SIN,18h45m,0,,11:35 pm – 6:00 am +1,Singapore Airlines,SIN‐EWR,18h25m,0,,1689,20220403-2047,fast
10:25 am – 5:10 pm +1,Singapore Airlines,EWR‐SIN,18h45m,0,,8:45 pm – 8:14 am +1,"Singapore Airlines, JetBlue",SIN‐EWR,23h29m,1,LAX,2494,20220403-2047,fast
10:25 am – 5:10 pm +1,Singapore Airlines,EWR‐SIN,18h45m,0,,6:40 pm – 7:00 am +1,Singapore Airlines,SIN‐EWR,24h20m,1,SFO,1991,20220403-2047,fast
10:25 am – 5:10 pm +1,Singapore Airlines,EWR‐SIN,18h45m,0,,6:40 pm – 7:00 am +1,"Singapore Airlines, Alaska Airlines",SIN‐EWR,24h20m,1,SFO,2000,20220403-2047,fast
4:00 pm – 5:45 am +2,Singapore Airlines,EWR‐SIN,25h45m,1,SFO,11:35 pm – 6:00 am +1,Singapore Airlines,SIN‐EWR,18h25m,0,,2179,20220403-2047,fast
10:25 am – 5:10 pm +1,Singapore Airlines,EWR‐SIN,18h45m,0,,9:25 am – 11:00 pm,"Singapore Airlines, JetBlue",SIN‐EWR,25h35m,1,SFO,1511,20220403-2047,fast
8:45 pm – 7:00 am +2,Lufthansa,EWR‐SIN,22h15m,1,MUC,6:10 am – 4:45 pm,ANA,SIN‐EWR,22h35m,1,NRT,3199,20220403-2047,fast
8:00 pm – 5:30 am +2,"Brussels Airlines, Singapore Airlines",EWR‐SIN,21h30m,1,LHR,9:00 am – 9:20 pm,"Singapore Airlines, Lufthansa",SIN‐EWR,24h20m,1,LHR,6694,20220403-2047,fast
10:00 pm – 7:30 am +2,"Austrian Airlines, Singapore Airlines",EWR‐SIN,21h30m,1,LHR,9:00 am – 9:20 pm,"Singapore Airlines, Lufthansa",SIN‐EWR,24h20m,1,LHR,6699,20220403-2047,fast
10:25 am – 5:10 pm +1,Singapore Airlines,EWR‐SIN,18h45m,0,,8:10 am – 11:26 pm,"Japan Airlines, American Airlines",SIN‐EWR,27h16m,2,"NRT, DFW",2103,20220403-2047,fast
6:45 pm – 6:15 am +2,United Airlines,EWR‐SIN,23h30m,1,SFO,6:10 am – 4:45 pm,United Airlines,SIN‐EWR,22h35m,1,NRT,4429,20220403-2047,fast
6:45 pm – 6:15 am +2,United Airlines,EWR‐SIN,23h30m,1,SFO,8:45 am – 7:21 pm,United Airlines,SIN‐EWR,22h36m,1,SFO,4713,20220403-2047,fast
8:45 pm – 7:00 am +2,"Lufthansa, Singapore Airlines",EWR‐SIN,22h15m,1,MUC,9:00 am – 9:20 pm,"Singapore Airlines, Lufthansa",SIN‐EWR,24h20m,1,LHR,6655,20220403-2047,fast
8:15 am – 1:15 am +2,Singapore Airlines,EWR‐SIN,29h00m,2,"LAX, NRT",11:35 pm – 6:00 am +1,Singapore Airlines,SIN‐EWR,18h25m,0,,1781,20220403-2047,fast
6:15 pm – 5:55 am +2,SWISS,EWR‐SIN,23h40m,1,ZRH,1:25 am – 1:10 pm,SWISS,SIN‐EWR,23h45m,1,ZRH,2466,20220403-2047,fast
