Out Time,Out Airline,Out Cities,Out Duration,Out Stops,Out Stop Cities,Return Time,Return Airline,Return Cities,Return Duration,Return Stops,Return Stop Cities,Price,timestamp,sort
6:30 pm – 6:45 am +2,United Airlines,EWR‐SIN,24h15m,1,SFO,6:10 am – 4:40 pm,United Airlines,SIN‐EWR,22h30m,1,NRT,1006,20220403-1515,cheap
6:30 pm – 6:45 am +2,United Airlines,EWR‐SIN,24h15m,1,SFO,6:10 am – 10:53 pm,United Airlines,SIN‐EWR,28h43m,2,"NRT, IAH",1016,20220403-1515,cheap
6:30 pm – 6:45 am +2,United Airlines,EWR‐SIN,24h15m,1,SFO,6:10 am – 11:09 pm,United Airlines,SIN‐EWR,28h59m,2,"NRT, SFO",1016,20220403-1515,cheap
6:30 pm – 6:45 am +2,United Airlines,EWR‐SIN,24h15m,1,SFO,6:10 am – 11:28 pm,United Airlines,SIN‐EWR,29h18m,2,"NRT, IAD",1016,20220403-1515,cheap
6:30 pm – 6:45 am +2,United Airlines,EWR‐SIN,24h15m,1,SFO,6:10 am – 11:55 pm,United Airlines,SIN‐EWR,29h45m,2,"NRT, IAH",1016,20220403-1515,cheap
6:30 pm – 6:45 am +2,United Airlines,EWR‐SIN,24h15m,1,SFO,6:10 am – 12:44 am +1,United Airlines,SIN‐EWR,30h34m,2,"NRT, SFO",1016,20220403-1515,cheap
6:30 pm – 6:45 am +2,United Airlines,EWR‐SIN,24h15m,1,SFO,6:10 am – 5:14 am +1,United Airlines,SIN‐EWR,35h04m,2,"NRT, SFO",1016,20220403-1515,cheap
8:30 pm – 12:35 am +3,United Airlines,EWR‐SIN,40h05m,2,"LAX, NRT",6:10 am – 4:40 pm,United Airlines,SIN‐EWR,22h30m,1,NRT,1019,20220403-1515,cheap
6:30 pm – 6:45 am +2,United Airlines,EWR‐SIN,24h15m,1,SFO,6:10 am – 7:20 am +1,United Airlines,SIN‐EWR,37h10m,2,"NRT, IAD",1021,20220403-1515,cheap
5:30 pm – 6:45 am +2,United Airlines,EWR‐SIN,25h15m,1,SFO,6:10 am – 4:40 pm,United Airlines,SIN‐EWR,22h30m,1,NRT,1071,20220403-1515,cheap
3:45 pm – 6:45 am +2,United Airlines,EWR‐SIN,27h00m,1,SFO,6:10 am – 4:40 pm,United Airlines,SIN‐EWR,22h30m,1,NRT,1071,20220403-1515,cheap
2:15 pm – 6:45 am +2,United Airlines,EWR‐SIN,28h30m,1,SFO,6:10 am – 4:40 pm,United Airlines,SIN‐EWR,22h30m,1,NRT,1071,20220403-1515,cheap
10:15 am – 6:45 am +2,United Airlines,EWR‐SIN,32h30m,1,SFO,6:10 am – 4:40 pm,United Airlines,SIN‐EWR,22h30m,1,NRT,1071,20220403-1515,cheap
8:30 am – 6:45 am +2,United Airlines,EWR‐SIN,34h15m,1,SFO,6:10 am – 4:40 pm,United Airlines,SIN‐EWR,22h30m,1,NRT,1071,20220403-1515,cheap
6:30 pm – 6:45 am +2,United Airlines,EWR‐SIN,24h15m,1,SFO,6:10 am – 8:54 pm,"ANA, United Airlines",SIN‐EWR,26h44m,2,"NRT, LAX",1086,20220403-1515,cheap
11:55 pm – 3:00 pm +2,Emirates,EWR‐SIN,27h05m,2,"ATH, DXB",9:10 pm – 9:20 pm +1,Emirates,SIN‐EWR,36h10m,2,"DXB, ATH",1348,20220403-1513,best
6:30 pm – 6:45 am +2,United Airlines,EWR‐SIN,24h15m,1,SFO,6:10 am – 4:40 pm,United Airlines,SIN‐EWR,22h30m,1,NRT,1006,20220403-1513,best
5:30 pm – 6:45 am +2,United Airlines,EWR‐SIN,25h15m,1,SFO,6:10 am – 4:40 pm,United Airlines,SIN‐EWR,22h30m,1,NRT,1071,20220403-1513,best
3:45 pm – 6:45 am +2,United Airlines,EWR‐SIN,27h00m,1,SFO,6:10 am – 4:40 pm,United Airlines,SIN‐EWR,22h30m,1,NRT,1071,20220403-1513,best
2:15 pm – 6:45 am +2,United Airlines,EWR‐SIN,28h30m,1,SFO,6:10 am – 4:40 pm,United Airlines,SIN‐EWR,22h30m,1,NRT,1071,20220403-1513,best
6:30 pm – 6:45 am +2,United Airlines,EWR‐SIN,24h15m,1,SFO,6:10 am – 10:53 pm,United Airlines,SIN‐EWR,28h43m,2,"NRT, IAH",1016,20220403-1513,best
6:30 pm – 6:45 am +2,United Airlines,EWR‐SIN,24h15m,1,SFO,6:10 am – 11:09 pm,United Airlines,SIN‐EWR,28h59m,2,"NRT, SFO",1016,20220403-1513,best
6:30 pm – 6:45 am +2,United Airlines,EWR‐SIN,24h15m,1,SFO,6:10 am – 8:54 pm,"ANA, United Airlines",SIN‐EWR,26h44m,2,"NRT, LAX",1086,20220403-1513,best
6:30 pm – 6:45 am +2,United Airlines,EWR‐SIN,24h15m,1,SFO,6:10 am – 11:28 pm,United Airlines,SIN‐EWR,29h18m,2,"NRT, IAD",1016,20220403-1513,best
6:30 pm – 6:45 am +2,United Airlines,EWR‐SIN,24h15m,1,SFO,6:10 am – 11:55 pm,United Airlines,SIN‐EWR,29h45m,2,"NRT, IAH",1016,20220403-1513,best
6:30 pm – 6:45 am +2,United Airlines,EWR‐SIN,24h15m,1,SFO,6:10 am – 9:44 pm,"ANA, United Airlines",SIN‐EWR,27h34m,2,"NRT, SFO",1086,20220403-1513,best
6:30 pm – 6:45 am +2,United Airlines,EWR‐SIN,24h15m,1,SFO,6:10 am – 9:44 pm,"ANA, United Airlines",SIN‐EWR,27h34m,2,"NRT, SFO",1086,20220403-1513,best
6:30 pm – 6:45 am +2,United Airlines,EWR‐SIN,24h15m,1,SFO,6:10 am – 12:44 am +1,United Airlines,SIN‐EWR,30h34m,2,"NRT, SFO",1016,20220403-1513,best
10:15 am – 6:45 am +2,United Airlines,EWR‐SIN,32h30m,1,SFO,6:10 am – 4:40 pm,United Airlines,SIN‐EWR,22h30m,1,NRT,1071,20220403-1513,best
5:30 pm – 6:45 am +2,United Airlines,EWR‐SIN,25h15m,1,SFO,6:10 am – 8:54 pm,"ANA, United Airlines",SIN‐EWR,26h44m,2,"NRT, LAX",1150,20220403-1513,best
6:30 pm – 6:45 am +2,United Airlines,EWR‐SIN,24h15m,1,SFO,6:10 am – 12:17 am +1,"ANA, United Airlines",SIN‐EWR,30h07m,2,"NRT, LAX",1086,20220403-1513,best
8:45 pm – 7:00 am +2,Lufthansa,EWR‐SIN,22h15m,1,MUC,11:35 pm – 6:00 am +1,Singapore Airlines,SIN‐EWR,18h25m,0,,2488,20220403-1518,fast
9:00 pm – 7:30 am +2,"Austrian Airlines, Singapore Airlines",EWR‐SIN,22h30m,1,LHR,11:35 pm – 6:00 am +1,Singapore Airlines,SIN‐EWR,18h25m,0,,7257,20220403-1518,fast
6:30 pm – 6:45 am +2,United Airlines,EWR‐SIN,24h15m,1,SFO,11:35 pm – 6:00 am +1,Singapore Airlines,SIN‐EWR,18h25m,0,,1514,20220403-1518,fast
5:30 pm – 6:45 am +2,United Airlines,EWR‐SIN,25h15m,1,SFO,11:35 pm – 6:00 am +1,Singapore Airlines,SIN‐EWR,18h25m,0,,1514,20220403-1518,fast
6:00 pm – 7:50 am +2,Singapore Airlines,EWR‐SIN,25h50m,1,LAX,11:35 pm – 6:00 am +1,Singapore Airlines,SIN‐EWR,18h25m,0,,2633,20220403-1518,fast
11:25 am – 1:15 am +2,ANA,EWR‐SIN,25h50m,1,NRT,11:35 pm – 6:00 am +1,Singapore Airlines,SIN‐EWR,18h25m,0,,5291,20220403-1518,fast
3:45 pm – 6:45 am +2,United Airlines,EWR‐SIN,27h00m,1,SFO,11:35 pm – 6:00 am +1,Singapore Airlines,SIN‐EWR,18h25m,0,,1514,20220403-1518,fast
8:15 am – 12:20 am +2,Japan Airlines,EWR‐SIN,28h05m,2,"LAX, NRT",11:35 pm – 6:00 am +1,Singapore Airlines,SIN‐EWR,18h25m,0,,5003,20220403-1518,fast
6:30 pm – 6:45 am +2,United Airlines,EWR‐SIN,24h15m,1,SFO,6:10 am – 4:40 pm,United Airlines,SIN‐EWR,22h30m,1,NRT,1006,20220403-1518,fast
6:00 pm – 6:50 am +2,Lufthansa,EWR‐SIN,24h50m,2,"LHR, FRA",6:10 am – 4:40 pm,ANA,SIN‐EWR,22h30m,1,NRT,3132,20220403-1518,fast
6:20 pm – 5:55 am +2,SWISS,EWR‐SIN,23h35m,1,ZRH,1:25 am – 1:10 pm,SWISS,SIN‐EWR,23h45m,1,ZRH,3349,20220403-1518,fast
8:15 am – 1:15 am +2,Singapore Airlines,EWR‐SIN,29h00m,2,"LAX, NRT",11:35 pm – 6:00 am +1,Singapore Airlines,SIN‐EWR,18h25m,0,,2227,20220403-1518,fast
7:15 am – 12:20 am +2,Japan Airlines,EWR‐SIN,29h05m,2,"BOS, NRT",11:35 pm – 6:00 am +1,Singapore Airlines,SIN‐EWR,18h25m,0,,1472,20220403-1518,fast
5:30 pm – 6:45 am +2,United Airlines,EWR‐SIN,25h15m,1,SFO,6:10 am – 4:40 pm,United Airlines,SIN‐EWR,22h30m,1,NRT,1071,20220403-1518,fast
5:45 pm – 5:55 am +2,SWISS,EWR‐SIN,24h10m,2,"GVA, ZRH",1:25 am – 1:10 pm,SWISS,SIN‐EWR,23h45m,1,ZRH,7505,20220403-1518,fast
