Out Time,Out Airline,Out Cities,Out Duration,Out Stops,Out Stop Cities,Return Time,Return Airline,Return Cities,Return Duration,Return Stops,Return Stop Cities,Price,timestamp,sort
12:00 pm – 12:35 am +2,ANA,EWR‐SIN,24h35m,1,NRT,6:10 am – 4:45 pm,ANA,SIN‐EWR,22h35m,1,NRT,1036,20220403-2220,cheap
6:00 am – 12:35 am +2,ANA,EWR‐SIN,30h35m,2,"LAX, NRT",6:10 am – 4:45 pm,ANA,SIN‐EWR,22h35m,1,NRT,1047,20220403-2220,cheap
10:55 am – 12:35 am +2,ANA,EWR‐SIN,25h40m,1,HND-NRT,6:10 am – 4:45 pm,ANA,SIN‐EWR,22h35m,1,NRT,1055,20220403-2220,cheap
8:15 am – 12:35 am +2,ANA,EWR‐SIN,28h20m,2,"SFO, NRT",6:10 am – 4:45 pm,ANA,SIN‐EWR,22h35m,1,NRT,1079,20220403-2220,cheap
10:40 am – 12:35 am +2,Air Canada,EWR‐SIN,25h55m,2,"YUL, NRT",6:10 am – 8:27 pm,Air Canada,SIN‐EWR,26h17m,2,"NRT, YUL",1214,20220403-2220,cheap
6:00 am – 12:35 am +2,Air Canada,EWR‐SIN,30h35m,2,"YUL, NRT",6:10 am – 8:27 pm,Air Canada,SIN‐EWR,26h17m,2,"NRT, YUL",1214,20220403-2220,cheap
8:15 am – 12:20 am +2,Japan Airlines,EWR‐SIN,28h05m,2,"LAX, NRT",8:10 am – 6:59 am +1,"Japan Airlines, Alaska Airlines",SIN‐EWR,34h49m,2,"NRT, SFO",1266,20220403-2220,cheap
8:20 am – 12:20 am +2,Japan Airlines,EWR‐SIN,28h00m,2,"SFO, NRT",8:10 am – 6:59 am +1,"Japan Airlines, Alaska Airlines",SIN‐EWR,34h49m,2,"NRT, SFO",1289,20220403-2220,cheap
12:00 pm – 12:35 am +2,United Airlines,EWR‐SIN,24h35m,1,NRT,8:45 am – 1:07 am +1,United Airlines,SIN‐EWR,28h22m,1,SFO,1310,20220403-2220,cheap
12:00 pm – 12:35 am +2,United Airlines,EWR‐SIN,24h35m,1,NRT,8:45 am – 5:16 am +1,United Airlines,SIN‐EWR,32h31m,1,SFO,1310,20220403-2220,cheap
12:00 pm – 12:35 am +2,United Airlines,EWR‐SIN,24h35m,1,NRT,8:45 am – 9:13 am +1,United Airlines,SIN‐EWR,36h28m,2,"SFO, ORD",1314,20220403-2220,cheap
6:29 am – 12:35 am +2,United Airlines,EWR‐SIN,30h06m,2,"SFO, NRT",6:10 am – 4:45 pm,United Airlines,SIN‐EWR,22h35m,1,NRT,1317,20220403-2220,cheap
8:30 pm – 12:35 am +3,United Airlines,EWR‐SIN,40h05m,2,"LAX, NRT",6:10 am – 4:45 pm,United Airlines,SIN‐EWR,22h35m,1,NRT,1317,20220403-2220,cheap
10:55 am – 12:35 am +2,United Airlines,EWR‐SIN,25h40m,1,HND-NRT,8:45 am – 1:07 am +1,United Airlines,SIN‐EWR,28h22m,1,SFO,1319,20220403-2220,cheap
10:55 am – 12:35 am +2,United Airlines,EWR‐SIN,25h40m,1,HND-NRT,8:45 am – 5:16 am +1,United Airlines,SIN‐EWR,32h31m,1,SFO,1319,20220403-2220,cheap
12:00 pm – 12:35 am +2,ANA,EWR‐SIN,24h35m,1,NRT,6:10 am – 4:45 pm,ANA,SIN‐EWR,22h35m,1,NRT,1036,20220403-2218,best
12:00 pm – 12:35 am +2,ANA,EWR‐SIN,24h35m,1,NRT,6:10 am – 4:45 pm,ANA,SIN‐EWR,22h35m,1,NRT,1036,20220403-2218,best
10:55 am – 12:35 am +2,ANA,EWR‐SIN,25h40m,1,HND-NRT,6:10 am – 4:45 pm,ANA,SIN‐EWR,22h35m,1,NRT,1055,20220403-2218,best
8:15 am – 12:35 am +2,ANA,EWR‐SIN,28h20m,2,"SFO, NRT",6:10 am – 4:45 pm,ANA,SIN‐EWR,22h35m,1,NRT,1079,20220403-2218,best
6:00 am – 12:35 am +2,ANA,EWR‐SIN,30h35m,2,"LAX, NRT",6:10 am – 4:45 pm,ANA,SIN‐EWR,22h35m,1,NRT,1047,20220403-2218,best
10:40 am – 12:35 am +2,Air Canada,EWR‐SIN,25h55m,2,"YUL, NRT",6:10 am – 8:27 pm,Air Canada,SIN‐EWR,26h17m,2,"NRT, YUL",1214,20220403-2218,best
12:00 pm – 12:35 am +2,United Airlines,EWR‐SIN,24h35m,1,NRT,8:45 am – 1:07 am +1,United Airlines,SIN‐EWR,28h22m,1,SFO,1310,20220403-2218,best
12:00 pm – 12:35 am +2,ANA,EWR‐SIN,24h35m,1,NRT,6:10 am – 9:05 pm,"ANA, United Airlines",SIN‐EWR,26h55m,2,"NRT, IAH",1330,20220403-2218,best
10:55 am – 12:35 am +2,United Airlines,EWR‐SIN,25h40m,1,HND-NRT,8:45 am – 1:07 am +1,United Airlines,SIN‐EWR,28h22m,1,SFO,1319,20220403-2218,best
6:29 am – 12:35 am +2,United Airlines,EWR‐SIN,30h06m,2,"SFO, NRT",6:10 am – 4:45 pm,United Airlines,SIN‐EWR,22h35m,1,NRT,1317,20220403-2218,best
10:55 am – 12:35 am +2,ANA,EWR‐SIN,25h40m,1,HND-NRT,6:10 am – 9:05 pm,"ANA, United Airlines",SIN‐EWR,26h55m,2,"NRT, IAH",1338,20220403-2218,best
10:25 am – 5:10 pm +1,Singapore Airlines,EWR‐SIN,18h45m,0,,11:35 pm – 6:00 am +1,Singapore Airlines,SIN‐EWR,18h25m,0,,1961,20220403-2218,best
5:15 pm – 6:15 am +2,United Airlines,EWR‐SIN,25h00m,1,SFO,6:10 am – 4:45 pm,United Airlines,SIN‐EWR,22h35m,1,NRT,1618,20220403-2218,best
6:00 am – 12:35 am +2,Air Canada,EWR‐SIN,30h35m,2,"YUL, NRT",6:10 am – 8:27 pm,Air Canada,SIN‐EWR,26h17m,2,"NRT, YUL",1214,20220403-2218,best
12:00 pm – 12:35 am +2,ANA,EWR‐SIN,24h35m,1,NRT,6:10 am – 9:10 pm,"ANA, United Airlines",SIN‐EWR,27h00m,2,"NRT, ORD",1435,20220403-2218,best
12:00 pm – 12:35 am +2,"United Airlines, ANA",EWR‐SIN,24h35m,1,NRT,8:45 am – 9:10 pm,United Airlines,SIN‐EWR,24h25m,2,"SFO, ORD",1570,20220403-2218,best
10:25 am – 5:10 pm +1,Singapore Airlines,EWR‐SIN,18h45m,0,,11:35 pm – 6:00 am +1,Singapore Airlines,SIN‐EWR,18h25m,0,,1961,20220403-2223,fast
12:00 pm – 12:35 am +2,ANA,EWR‐SIN,24h35m,1,NRT,11:35 pm – 6:00 am +1,Singapore Airlines,SIN‐EWR,18h25m,0,,1654,20220403-2223,fast
10:25 am – 5:10 pm +1,Singapore Airlines,EWR‐SIN,18h45m,0,,6:40 pm – 6:59 am +1,Singapore Airlines,SIN‐EWR,24h19m,1,SFO,2251,20220403-2223,fast
10:25 am – 5:10 pm +1,Singapore Airlines,EWR‐SIN,18h45m,0,,6:40 pm – 6:59 am +1,"Singapore Airlines, Alaska Airlines",SIN‐EWR,24h19m,1,SFO,2260,20220403-2223,fast
10:55 am – 12:35 am +2,ANA,EWR‐SIN,25h40m,1,HND-NRT,11:35 pm – 6:00 am +1,Singapore Airlines,SIN‐EWR,18h25m,0,,2011,20220403-2223,fast
4:15 pm – 7:50 am +2,Singapore Airlines,EWR‐SIN,27h35m,1,LAX,11:35 pm – 6:00 am +1,Singapore Airlines,SIN‐EWR,18h25m,0,,2286,20220403-2223,fast
6:40 pm – 6:15 am +2,United Airlines,EWR‐SIN,23h35m,1,SFO,6:10 am – 4:45 pm,United Airlines,SIN‐EWR,22h35m,1,NRT,10531,20220403-2223,fast
8:15 am – 12:20 am +2,"American Airlines, Japan Airlines",EWR‐SIN,28h05m,2,"DFW, NRT",11:35 pm – 6:00 am +1,Singapore Airlines,SIN‐EWR,18h25m,0,,1635,20220403-2223,fast
12:00 pm – 12:35 am +2,ANA,EWR‐SIN,24h35m,1,NRT,6:10 am – 4:45 pm,ANA,SIN‐EWR,22h35m,1,NRT,1036,20220403-2223,fast
8:15 am – 1:15 am +2,Singapore Airlines,EWR‐SIN,29h00m,2,"LAX, NRT",11:35 pm – 6:00 am +1,Singapore Airlines,SIN‐EWR,18h25m,0,,1881,20220403-2223,fast
6:15 pm – 5:55 am +2,SWISS,EWR‐SIN,23h40m,1,ZRH,1:25 am – 1:10 pm,SWISS,SIN‐EWR,23h45m,1,ZRH,2466,20220403-2223,fast
5:15 pm – 6:15 am +2,United Airlines,EWR‐SIN,25h00m,1,SFO,6:10 am – 4:45 pm,United Airlines,SIN‐EWR,22h35m,1,NRT,1618,20220403-2223,fast
6:59 am – 12:20 am +2,"American Airlines, Japan Airlines",EWR‐SIN,29h21m,2,"DFW, NRT",11:35 pm – 6:00 am +1,Singapore Airlines,SIN‐EWR,18h25m,0,,1635,20220403-2223,fast
12:00 pm – 1:15 am +2,ANA,EWR‐SIN,25h15m,1,NRT,6:10 am – 4:45 pm,ANA,SIN‐EWR,22h35m,1,NRT,4417,20220403-2223,fast
6:40 pm – 6:15 am +2,United Airlines,EWR‐SIN,23h35m,1,SFO,8:45 am – 9:10 pm,United Airlines,SIN‐EWR,24h25m,2,"SFO, ORD",2207,20220403-2223,fast
