Out Time,Out Airline,Out Cities,Out Duration,Out Stops,Out Stop Cities,Return Time,Return Airline,Return Cities,Return Duration,Return Stops,Return Stop Cities,Price,timestamp,sort
5:40 pm – 9:00 am +2,"Austrian Airlines, Scoot",EWR‐SIN,27h20m,2,"VIE, ATH",12:30 am – 8:10 pm,"Scoot, SWISS",SIN‐EWR,31h40m,2,"ATH, ZRH",1262,20220403-1648,cheap
11:55 pm – 6:00 pm +2,"French Bee, Finnair",EWR‐SIN,30h05m,2,"ORY-CDG, HEL",12:30 am – 9:30 pm,Multiple Airlines,SIN‐EWR,33h00m,3,"ATH, MXP, ...",1376,20220403-1648,cheap
8:15 am – 1:15 am +2,"Alaska Airlines, Singapore Airlines",EWR‐SIN,29h00m,2,"LAX, NRT",11:35 pm – 6:00 am +1,Singapore Airlines,SIN‐EWR,18h25m,0,,1395,20220403-1648,cheap
8:29 pm – 1:15 am +3,"Alaska Airlines, Singapore Airlines",EWR‐SIN,40h46m,2,"LAX, NRT",11:35 pm – 6:00 am +1,Singapore Airlines,SIN‐EWR,18h25m,0,,1412,20220403-1648,cheap
6:35 pm – 1:15 am +3,"Alaska Airlines, Singapore Airlines",EWR‐SIN,42h40m,2,"LAX, NRT",11:35 pm – 6:00 am +1,Singapore Airlines,SIN‐EWR,18h25m,0,,1412,20220403-1648,cheap
8:15 am – 1:15 am +2,Singapore Airlines,EWR‐SIN,29h00m,2,"LAX, NRT",12:30 am – 9:30 pm,Multiple Airlines,SIN‐EWR,33h00m,3,"ATH, MXP, ...",1421,20220403-1648,cheap
8:15 am – 1:15 am +2,"Alaska Airlines, Singapore Airlines",EWR‐SIN,29h00m,2,"LAX, NRT",9:25 am – 7:00 am +1,Singapore Airlines,SIN‐EWR,33h35m,2,"NRT, LAX",1426,20220403-1648,cheap
8:15 am – 1:15 am +2,Singapore Airlines,EWR‐SIN,29h00m,2,"LAX, NRT",12:30 am – 10:00 pm,Multiple Airlines,SIN‐EWR,33h30m,3,"ATH, SAW, ...",1434,20220403-1648,cheap
6:30 pm – 6:45 am +2,United Airlines,EWR‐SIN,24h15m,1,SFO,12:50 am – 9:20 pm,Emirates,SIN‐EWR,32h30m,2,"DXB, ATH",1443,20220403-1648,cheap
5:25 pm – 6:45 am +2,United Airlines,EWR‐SIN,25h20m,1,SFO,12:50 am – 9:20 pm,Emirates,SIN‐EWR,32h30m,2,"DXB, ATH",1443,20220403-1648,cheap
8:59 pm – 1:15 am +3,"JetBlue, Singapore Airlines",EWR‐SIN,40h16m,2,"LAX, NRT",11:35 pm – 6:00 am +1,Singapore Airlines,SIN‐EWR,18h25m,0,,1447,20220403-1648,cheap
6:30 pm – 6:45 am +2,United Airlines,EWR‐SIN,24h15m,1,SFO,6:10 am – 4:40 pm,United Airlines,SIN‐EWR,22h30m,1,NRT,1487,20220403-1648,cheap
5:25 pm – 6:45 am +2,United Airlines,EWR‐SIN,25h20m,1,SFO,6:10 am – 4:40 pm,United Airlines,SIN‐EWR,22h30m,1,NRT,1487,20220403-1648,cheap
3:45 pm – 6:45 am +2,United Airlines,EWR‐SIN,27h00m,1,SFO,6:10 am – 4:40 pm,United Airlines,SIN‐EWR,22h30m,1,NRT,1487,20220403-1648,cheap
2:15 pm – 6:45 am +2,United Airlines,EWR‐SIN,28h30m,1,SFO,6:10 am – 4:40 pm,United Airlines,SIN‐EWR,22h30m,1,NRT,1487,20220403-1648,cheap
8:15 am – 1:15 am +2,"Alaska Airlines, Singapore Airlines",EWR‐SIN,29h00m,2,"LAX, NRT",12:50 am – 9:20 pm,Emirates,SIN‐EWR,32h30m,2,"DXB, ATH",1607,20220403-1645,best
10:25 am – 5:10 pm +1,Singapore Airlines,EWR‐SIN,18h45m,0,,11:35 pm – 6:00 am +1,Singapore Airlines,SIN‐EWR,18h25m,0,,1672,20220403-1645,best
5:40 pm – 9:00 am +2,"Austrian Airlines, Scoot",EWR‐SIN,27h20m,2,"VIE, ATH",12:30 am – 8:10 pm,"Scoot, SWISS",SIN‐EWR,31h40m,2,"ATH, ZRH",1262,20220403-1645,best
6:30 pm – 6:45 am +2,United Airlines,EWR‐SIN,24h15m,1,SFO,6:10 am – 4:40 pm,United Airlines,SIN‐EWR,22h30m,1,NRT,1487,20220403-1645,best
6:35 pm – 7:50 am +2,Singapore Airlines,EWR‐SIN,25h15m,1,LAX,11:35 pm – 6:00 am +1,Singapore Airlines,SIN‐EWR,18h25m,0,,1598,20220403-1645,best
5:25 pm – 6:45 am +2,United Airlines,EWR‐SIN,25h20m,1,SFO,6:10 am – 4:40 pm,United Airlines,SIN‐EWR,22h30m,1,NRT,1487,20220403-1645,best
8:15 am – 1:15 am +2,"Alaska Airlines, Singapore Airlines",EWR‐SIN,29h00m,2,"LAX, NRT",11:35 pm – 6:00 am +1,Singapore Airlines,SIN‐EWR,18h25m,0,,1395,20220403-1645,best
3:45 pm – 6:45 am +2,United Airlines,EWR‐SIN,27h00m,1,SFO,6:10 am – 4:40 pm,United Airlines,SIN‐EWR,22h30m,1,NRT,1487,20220403-1645,best
2:15 pm – 6:45 am +2,United Airlines,EWR‐SIN,28h30m,1,SFO,6:10 am – 4:40 pm,United Airlines,SIN‐EWR,22h30m,1,NRT,1487,20220403-1645,best
6:30 pm – 6:45 am +2,United Airlines,EWR‐SIN,24h15m,1,SFO,6:10 am – 8:53 pm,United Airlines,SIN‐EWR,26h43m,2,"NRT, LAX",1497,20220403-1645,best
2:00 pm – 6:45 am +2,United Airlines,EWR‐SIN,28h45m,2,"LAX, SFO",6:10 am – 4:40 pm,United Airlines,SIN‐EWR,22h30m,1,NRT,1492,20220403-1645,best
6:30 pm – 6:45 am +2,United Airlines,EWR‐SIN,24h15m,1,SFO,6:10 am – 9:13 pm,"ANA, United Airlines",SIN‐EWR,27h03m,2,"NRT, ORD",1501,20220403-1645,best
2:35 pm – 6:45 am +2,United Airlines,EWR‐SIN,28h10m,2,"DCA, SFO",6:10 am – 4:40 pm,United Airlines,SIN‐EWR,22h30m,1,NRT,1492,20220403-1645,best
6:30 pm – 6:45 am +2,United Airlines,EWR‐SIN,24h15m,1,SFO,6:10 am – 9:49 pm,United Airlines,SIN‐EWR,27h39m,2,"NRT, SFO",1497,20220403-1645,best
6:30 pm – 6:45 am +2,United Airlines,EWR‐SIN,24h15m,1,SFO,6:10 am – 9:49 pm,United Airlines,SIN‐EWR,27h39m,2,"NRT, SFO",1497,20220403-1645,best
2:10 pm – 6:45 am +2,United Airlines,EWR‐SIN,28h35m,2,"DEN, SFO",6:10 am – 4:40 pm,United Airlines,SIN‐EWR,22h30m,1,NRT,1492,20220403-1645,best
12:00 pm – 6:45 am +2,United Airlines,EWR‐SIN,30h45m,1,SFO,6:10 am – 4:40 pm,United Airlines,SIN‐EWR,22h30m,1,NRT,1487,20220403-1645,best
10:25 am – 5:10 pm +1,Singapore Airlines,EWR‐SIN,18h45m,0,,11:35 pm – 6:00 am +1,Singapore Airlines,SIN‐EWR,18h25m,0,,1672,20220403-1650,fast
6:30 pm – 6:45 am +2,United Airlines,EWR‐SIN,24h15m,1,SFO,11:35 pm – 6:00 am +1,Singapore Airlines,SIN‐EWR,18h25m,0,,1903,20220403-1650,fast
10:25 am – 5:10 pm +1,Singapore Airlines,EWR‐SIN,18h45m,0,,6:40 pm – 7:05 am +1,Singapore Airlines,SIN‐EWR,24h25m,1,SFO,2062,20220403-1650,fast
6:35 pm – 7:50 am +2,Singapore Airlines,EWR‐SIN,25h15m,1,LAX,11:35 pm – 6:00 am +1,Singapore Airlines,SIN‐EWR,18h25m,0,,1598,20220403-1650,fast
5:25 pm – 6:45 am +2,United Airlines,EWR‐SIN,25h20m,1,SFO,11:35 pm – 6:00 am +1,Singapore Airlines,SIN‐EWR,18h25m,0,,1903,20220403-1650,fast
6:30 pm – 6:45 am +2,United Airlines,EWR‐SIN,24h15m,1,SFO,6:10 am – 4:40 pm,United Airlines,SIN‐EWR,22h30m,1,NRT,1487,20220403-1650,fast
6:30 pm – 6:45 am +2,United Airlines,EWR‐SIN,24h15m,1,SFO,6:10 am – 4:50 pm,ANA,SIN‐EWR,22h40m,1,NRT,2147,20220403-1650,fast
7:51 am – 12:35 am +2,ANA,EWR‐SIN,28h44m,2,"ORD, NRT",11:35 pm – 6:00 am +1,Singapore Airlines,SIN‐EWR,18h25m,0,,2405,20220403-1650,fast
7:15 pm – 6:40 am +2,SWISS,EWR‐SIN,23h25m,2,"DUB, ZRH",1:25 am – 1:10 pm,SWISS,SIN‐EWR,23h45m,1,ZRH,2342,20220403-1650,fast
6:20 pm – 5:55 am +2,SWISS,EWR‐SIN,23h35m,1,ZRH,1:25 am – 1:10 pm,SWISS,SIN‐EWR,23h45m,1,ZRH,3566,20220403-1650,fast
8:15 am – 1:15 am +2,"Alaska Airlines, Singapore Airlines",EWR‐SIN,29h00m,2,"LAX, NRT",11:35 pm – 6:00 am +1,Singapore Airlines,SIN‐EWR,18h25m,0,,1395,20220403-1650,fast
7:35 pm – 6:50 am +2,Lufthansa,EWR‐SIN,23h15m,1,FRA,12:30 am – 12:45 pm,Lufthansa,SIN‐EWR,24h15m,1,MUC,2886,20220403-1650,fast
11:25 am – 12:35 am +2,United Airlines,EWR‐SIN,25h10m,1,NRT,6:10 am – 4:40 pm,United Airlines,SIN‐EWR,22h30m,1,NRT,1977,20220403-1650,fast
5:25 pm – 6:45 am +2,United Airlines,EWR‐SIN,25h20m,1,SFO,6:10 am – 4:40 pm,United Airlines,SIN‐EWR,22h30m,1,NRT,1487,20220403-1650,fast
11:25 am – 12:35 am +2,ANA,EWR‐SIN,25h10m,1,NRT,6:10 am – 4:50 pm,ANA,SIN‐EWR,22h40m,1,NRT,2094,20220403-1650,fast
