Out Time,Out Airline,Out Cities,Out Duration,Out Stops,Out Stop Cities,Return Time,Return Airline,Return Cities,Return Duration,Return Stops,Return Stop Cities,Price,timestamp,sort
11:35 am – 12:35 am +2,ANA,EWR‐SIN,25h00m,1,NRT,6:10 am – 4:40 pm,ANA,SIN‐EWR,22h30m,1,NRT,1036,20220404-0011,cheap
7:00 am – 12:35 am +2,ANA,EWR‐SIN,29h35m,2,"LAX, NRT",6:10 am – 4:40 pm,ANA,SIN‐EWR,22h30m,1,NRT,1046,20220404-0011,cheap
8:00 pm – 12:35 am +3,ANA,EWR‐SIN,40h35m,2,"LAX, NRT",6:10 am – 4:40 pm,ANA,SIN‐EWR,22h30m,1,NRT,1046,20220404-0011,cheap
7:00 am – 12:35 am +2,ANA,EWR‐SIN,29h35m,2,"LAX, NRT",6:10 am – 10:08 pm,ANA,SIN‐EWR,27h58m,2,"NRT, SFO",1047,20220404-0011,cheap
8:00 pm – 12:35 am +3,ANA,EWR‐SIN,40h35m,2,"LAX, NRT",6:10 am – 10:08 pm,ANA,SIN‐EWR,27h58m,2,"NRT, SFO",1047,20220404-0011,cheap
11:35 am – 12:35 am +2,ANA,EWR‐SIN,25h00m,1,NRT,6:10 am – 10:08 pm,ANA,SIN‐EWR,27h58m,2,"NRT, SFO",1052,20220404-0011,cheap
8:00 am – 12:35 am +2,ANA,EWR‐SIN,28h35m,2,"SFO, NRT",6:10 am – 4:40 pm,ANA,SIN‐EWR,22h30m,1,NRT,1079,20220404-0011,cheap
11:35 am – 12:35 am +2,"United Airlines, ANA",EWR‐SIN,25h00m,1,NRT,8:45 am – 5:44 am +1,United Airlines,SIN‐EWR,32h59m,1,SFO,1081,20220404-0011,cheap
7:00 am – 12:35 am +2,ANA,EWR‐SIN,29h35m,2,"LAX, NRT",6:10 am – 10:38 pm,ANA,SIN‐EWR,28h28m,2,"NRT, LAX",1153,20220404-0011,cheap
7:00 am – 12:35 am +2,ANA,EWR‐SIN,29h35m,2,"LAX, NRT",6:10 am – 11:23 pm,ANA,SIN‐EWR,29h13m,2,"NRT, LAX",1153,20220404-0011,cheap
11:35 am – 12:35 am +2,ANA,EWR‐SIN,25h00m,1,NRT,6:10 am – 10:38 pm,ANA,SIN‐EWR,28h28m,2,"NRT, LAX",1154,20220404-0011,cheap
11:35 am – 12:35 am +2,ANA,EWR‐SIN,25h00m,1,NRT,6:10 am – 11:23 pm,ANA,SIN‐EWR,29h13m,2,"NRT, LAX",1154,20220404-0011,cheap
11:35 am – 12:35 am +2,United Airlines,EWR‐SIN,25h00m,1,NRT,8:45 am – 12:53 am +1,United Airlines,SIN‐EWR,28h08m,1,SFO,1172,20220404-0011,cheap
11:35 am – 12:35 am +2,United Airlines,EWR‐SIN,25h00m,1,NRT,8:45 am – 1:58 am +1,United Airlines,SIN‐EWR,29h13m,1,SFO,1172,20220404-0011,cheap
11:35 am – 12:35 am +2,"United Airlines, ANA",EWR‐SIN,25h00m,1,NRT,8:45 am – 10:08 pm,United Airlines,SIN‐EWR,25h23m,1,SFO,1177,20220404-0011,cheap
11:35 am – 12:35 am +2,ANA,EWR‐SIN,25h00m,1,NRT,6:10 am – 4:40 pm,ANA,SIN‐EWR,22h30m,1,NRT,1036,20220404-0008,best
11:35 am – 12:35 am +2,ANA,EWR‐SIN,25h00m,1,NRT,6:10 am – 4:40 pm,ANA,SIN‐EWR,22h30m,1,NRT,1036,20220404-0008,best
8:00 am – 12:35 am +2,ANA,EWR‐SIN,28h35m,2,"SFO, NRT",6:10 am – 4:40 pm,ANA,SIN‐EWR,22h30m,1,NRT,1079,20220404-0008,best
7:00 am – 12:35 am +2,ANA,EWR‐SIN,29h35m,2,"LAX, NRT",6:10 am – 4:40 pm,ANA,SIN‐EWR,22h30m,1,NRT,1046,20220404-0008,best
11:35 am – 12:35 am +2,"United Airlines, ANA",EWR‐SIN,25h00m,1,NRT,8:45 am – 10:08 pm,United Airlines,SIN‐EWR,25h23m,1,SFO,1177,20220404-0008,best
11:35 am – 12:35 am +2,ANA,EWR‐SIN,25h00m,1,NRT,6:10 am – 10:08 pm,ANA,SIN‐EWR,27h58m,2,"NRT, SFO",1052,20220404-0008,best
11:35 am – 12:35 am +2,United Airlines,EWR‐SIN,25h00m,1,NRT,8:45 am – 7:23 pm,United Airlines,SIN‐EWR,22h38m,1,SFO,1310,20220404-0008,best
11:35 am – 12:35 am +2,United Airlines,EWR‐SIN,25h00m,1,NRT,8:45 am – 8:08 pm,United Airlines,SIN‐EWR,23h23m,1,SFO,1310,20220404-0008,best
11:35 am – 12:35 am +2,United Airlines,EWR‐SIN,25h00m,1,NRT,8:45 am – 12:53 am +1,United Airlines,SIN‐EWR,28h08m,1,SFO,1172,20220404-0008,best
11:35 am – 12:35 am +2,United Airlines,EWR‐SIN,25h00m,1,NRT,8:45 am – 9:08 pm,United Airlines,SIN‐EWR,24h23m,1,SFO,1310,20220404-0008,best
11:35 am – 12:35 am +2,ANA,EWR‐SIN,25h00m,1,NRT,6:10 am – 10:38 pm,ANA,SIN‐EWR,28h28m,2,"NRT, LAX",1154,20220404-0008,best
11:35 am – 12:35 am +2,United Airlines,EWR‐SIN,25h00m,1,NRT,8:45 am – 1:58 am +1,United Airlines,SIN‐EWR,29h13m,1,SFO,1172,20220404-0008,best
11:35 am – 12:35 am +2,ANA,EWR‐SIN,25h00m,1,NRT,6:10 am – 11:23 pm,ANA,SIN‐EWR,29h13m,2,"NRT, LAX",1154,20220404-0008,best
11:35 am – 12:35 am +2,"United Airlines, ANA",EWR‐SIN,25h00m,1,NRT,8:45 am – 5:44 am +1,United Airlines,SIN‐EWR,32h59m,1,SFO,1081,20220404-0008,best
7:00 am – 12:35 am +2,ANA,EWR‐SIN,29h35m,2,"LAX, NRT",6:10 am – 10:08 pm,ANA,SIN‐EWR,27h58m,2,"NRT, SFO",1047,20220404-0008,best
6:30 am – 12:35 am +2,United Airlines,EWR‐SIN,30h05m,2,"ORD, NRT",6:10 am – 4:40 pm,United Airlines,SIN‐EWR,22h30m,1,NRT,1317,20220404-0008,best
10:25 am – 5:10 pm +1,Singapore Airlines,EWR‐SIN,18h45m,0,,11:35 pm – 6:00 am +1,Singapore Airlines,SIN‐EWR,18h25m,0,,1943,20220404-0013,fast
6:15 pm – 5:55 am +2,SWISS,EWR‐SIN,23h40m,1,ZRH,11:35 pm – 6:00 am +1,Singapore Airlines,SIN‐EWR,18h25m,0,,3651,20220404-0013,fast
10:25 am – 5:10 pm +1,Singapore Airlines,EWR‐SIN,18h45m,0,,6:40 pm – 6:59 am +1,Singapore Airlines,SIN‐EWR,24h19m,1,SFO,2227,20220404-0013,fast
11:35 am – 12:35 am +2,ANA,EWR‐SIN,25h00m,1,NRT,11:35 pm – 6:00 am +1,Singapore Airlines,SIN‐EWR,18h25m,0,,1657,20220404-0013,fast
4:00 pm – 7:50 am +2,Singapore Airlines,EWR‐SIN,27h50m,1,LAX,11:35 pm – 6:00 am +1,Singapore Airlines,SIN‐EWR,18h25m,0,,11596,20220404-0013,fast
8:15 am – 12:20 am +2,"American Airlines, Japan Airlines",EWR‐SIN,28h05m,2,"DFW, NRT",11:35 pm – 6:00 am +1,Singapore Airlines,SIN‐EWR,18h25m,0,,1677,20220404-0013,fast
9:00 am – 1:15 am +2,Singapore Airlines,EWR‐SIN,28h15m,2,"LAX, NRT",11:35 pm – 6:00 am +1,Singapore Airlines,SIN‐EWR,18h25m,0,,6576,20220404-0013,fast
6:00 pm – 6:15 am +2,United Airlines,EWR‐SIN,24h15m,1,SFO,6:10 am – 4:40 pm,United Airlines,SIN‐EWR,22h30m,1,NRT,12503,20220404-0013,fast
7:30 pm – 6:50 am +2,Lufthansa,EWR‐SIN,23h20m,1,FRA,12:30 am – 12:25 pm,Lufthansa,SIN‐EWR,23h55m,1,MUC,2486,20220404-0013,fast
7:30 pm – 7:00 am +2,Lufthansa,EWR‐SIN,23h30m,2,"FRA, MUC",12:30 am – 12:25 pm,Lufthansa,SIN‐EWR,23h55m,1,MUC,2327,20220404-0013,fast
6:15 pm – 5:55 am +2,SWISS,EWR‐SIN,23h40m,1,ZRH,1:25 am – 1:10 pm,SWISS,SIN‐EWR,23h45m,1,ZRH,2466,20220404-0013,fast
11:35 am – 12:35 am +2,ANA,EWR‐SIN,25h00m,1,NRT,6:10 am – 4:40 pm,ANA,SIN‐EWR,22h30m,1,NRT,1036,20220404-0013,fast
11:35 am – 12:35 am +2,United Airlines,EWR‐SIN,25h00m,1,NRT,8:45 am – 7:23 pm,United Airlines,SIN‐EWR,22h38m,1,SFO,1310,20220404-0013,fast
5:00 pm – 6:15 am +2,United Airlines,EWR‐SIN,25h15m,1,SFO,6:10 am – 4:40 pm,United Airlines,SIN‐EWR,22h30m,1,NRT,12503,20220404-0013,fast
6:59 am – 12:20 am +2,"American Airlines, Japan Airlines",EWR‐SIN,29h21m,2,"DFW, NRT",11:35 pm – 6:00 am +1,Singapore Airlines,SIN‐EWR,18h25m,0,,1677,20220404-0013,fast
