Out Time,Out Airline,Out Cities,Out Duration,Out Stops,Out Stop Cities,Return Time,Return Airline,Return Cities,Return Duration,Return Stops,Return Stop Cities,Price,timestamp,sort
6:40 pm – 6:15 am +2,United Airlines,EWR‐SIN,23h35m,1,SFO,8:45 am – 12:45 am +1,United Airlines,SIN‐EWR,28h00m,1,SFO,915,20220407-1649,cheap
4:40 pm – 6:15 am +2,United Airlines,EWR‐SIN,25h35m,1,SFO,8:45 am – 12:45 am +1,United Airlines,SIN‐EWR,28h00m,1,SFO,915,20220407-1649,cheap
3:20 pm – 6:15 am +2,United Airlines,EWR‐SIN,26h55m,1,SFO,8:45 am – 12:45 am +1,United Airlines,SIN‐EWR,28h00m,1,SFO,915,20220407-1649,cheap
2:10 pm – 6:15 am +2,United Airlines,EWR‐SIN,28h05m,1,SFO,8:45 am – 12:45 am +1,United Airlines,SIN‐EWR,28h00m,1,SFO,915,20220407-1649,cheap
12:00 pm – 6:15 am +2,United Airlines,EWR‐SIN,30h15m,1,SFO,8:45 am – 12:45 am +1,United Airlines,SIN‐EWR,28h00m,1,SFO,915,20220407-1649,cheap
10:00 am – 6:15 am +2,United Airlines,EWR‐SIN,32h15m,1,SFO,8:45 am – 12:45 am +1,United Airlines,SIN‐EWR,28h00m,1,SFO,915,20220407-1649,cheap
10:00 am – 6:15 am +2,United Airlines,EWR‐SIN,32h15m,2,"LAX, SFO",8:45 am – 12:45 am +1,United Airlines,SIN‐EWR,28h00m,1,SFO,915,20220407-1649,cheap
8:35 am – 6:15 am +2,United Airlines,EWR‐SIN,33h40m,1,SFO,8:45 am – 12:45 am +1,United Airlines,SIN‐EWR,28h00m,1,SFO,915,20220407-1649,cheap
6:40 pm – 6:15 am +2,United Airlines,EWR‐SIN,23h35m,1,SFO,8:45 am – 8:15 am +1,United Airlines,SIN‐EWR,35h30m,1,SFO,925,20220407-1649,cheap
6:40 pm – 6:15 am +2,United Airlines,EWR‐SIN,23h35m,1,SFO,8:45 am – 8:34 am +1,United Airlines,SIN‐EWR,35h49m,1,SFO,925,20220407-1649,cheap
4:40 pm – 6:15 am +2,United Airlines,EWR‐SIN,25h35m,1,SFO,8:45 am – 8:15 am +1,United Airlines,SIN‐EWR,35h30m,1,SFO,925,20220407-1649,cheap
4:40 pm – 6:15 am +2,United Airlines,EWR‐SIN,25h35m,1,SFO,8:45 am – 8:34 am +1,United Airlines,SIN‐EWR,35h49m,1,SFO,925,20220407-1649,cheap
3:20 pm – 6:15 am +2,United Airlines,EWR‐SIN,26h55m,1,SFO,8:45 am – 8:15 am +1,United Airlines,SIN‐EWR,35h30m,1,SFO,925,20220407-1649,cheap
3:20 pm – 6:15 am +2,United Airlines,EWR‐SIN,26h55m,1,SFO,8:45 am – 8:34 am +1,United Airlines,SIN‐EWR,35h49m,1,SFO,925,20220407-1649,cheap
6:40 pm – 6:15 am +2,United Airlines,EWR‐SIN,23h35m,1,SFO,8:45 am – 8:47 am +1,United Airlines,SIN‐EWR,36h02m,2,"SFO, IAD",934,20220407-1649,cheap
6:59 am – 12:20 am +2,"JetBlue, Japan Airlines",EWR‐SIN,29h21m,2,"SFO, NRT",6:10 am – 4:40 pm,ANA,SIN‐EWR,22h30m,1,NRT,1178,20220407-1647,best
6:40 pm – 6:15 am +2,United Airlines,EWR‐SIN,23h35m,1,SFO,8:45 am – 8:06 pm,United Airlines,SIN‐EWR,23h21m,1,SFO,985,20220407-1647,best
6:40 pm – 6:15 am +2,United Airlines,EWR‐SIN,23h35m,1,SFO,8:45 am – 12:45 am +1,United Airlines,SIN‐EWR,28h00m,1,SFO,915,20220407-1647,best
6:40 pm – 6:15 am +2,United Airlines,EWR‐SIN,23h35m,1,SFO,8:45 am – 7:20 pm,United Airlines,SIN‐EWR,22h35m,1,SFO,985,20220407-1647,best
6:40 pm – 6:15 am +2,United Airlines,EWR‐SIN,23h35m,1,SFO,6:10 am – 4:40 pm,"ANA, United Airlines",SIN‐EWR,22h30m,1,NRT,1018,20220407-1647,best
10:25 am – 5:10 pm +1,Singapore Airlines,EWR‐SIN,18h45m,0,,11:35 pm – 6:00 am +1,Singapore Airlines,SIN‐EWR,18h25m,0,,1340,20220407-1647,best
4:40 pm – 6:15 am +2,United Airlines,EWR‐SIN,25h35m,1,SFO,8:45 am – 7:20 pm,United Airlines,SIN‐EWR,22h35m,1,SFO,985,20220407-1647,best
4:40 pm – 6:15 am +2,United Airlines,EWR‐SIN,25h35m,1,SFO,6:10 am – 4:40 pm,"ANA, United Airlines",SIN‐EWR,22h30m,1,NRT,1018,20220407-1647,best
6:40 pm – 6:15 am +2,United Airlines,EWR‐SIN,23h35m,1,SFO,8:45 am – 10:00 pm,United Airlines,SIN‐EWR,25h15m,1,SFO,985,20220407-1647,best
4:40 pm – 6:15 am +2,United Airlines,EWR‐SIN,25h35m,1,SFO,8:45 am – 8:06 pm,United Airlines,SIN‐EWR,23h21m,1,SFO,985,20220407-1647,best
3:20 pm – 6:15 am +2,United Airlines,EWR‐SIN,26h55m,1,SFO,8:45 am – 7:20 pm,United Airlines,SIN‐EWR,22h35m,1,SFO,985,20220407-1647,best
3:20 pm – 6:15 am +2,United Airlines,EWR‐SIN,26h55m,1,SFO,8:45 am – 8:06 pm,United Airlines,SIN‐EWR,23h21m,1,SFO,985,20220407-1647,best
3:20 pm – 6:15 am +2,United Airlines,EWR‐SIN,26h55m,1,SFO,6:10 am – 4:40 pm,United Airlines,SIN‐EWR,22h30m,1,NRT,1013,20220407-1647,best
4:45 pm – 6:15 am +2,United Airlines,EWR‐SIN,25h30m,2,"DEN, SFO",8:45 am – 7:20 pm,United Airlines,SIN‐EWR,22h35m,1,SFO,1054,20220407-1647,best
4:40 pm – 6:15 am +2,United Airlines,EWR‐SIN,25h35m,1,SFO,8:45 am – 12:45 am +1,United Airlines,SIN‐EWR,28h00m,1,SFO,915,20220407-1647,best
4:40 pm – 6:15 am +2,United Airlines,EWR‐SIN,25h35m,1,SFO,8:45 am – 10:00 pm,United Airlines,SIN‐EWR,25h15m,1,SFO,985,20220407-1647,best
10:25 am – 5:10 pm +1,Singapore Airlines,EWR‐SIN,18h45m,0,,11:35 pm – 6:00 am +1,Singapore Airlines,SIN‐EWR,18h25m,0,,1340,20220407-1651,fast
7:55 am – 5:45 pm +1,British Airways,EWR‐SIN,21h50m,1,LHR,11:35 pm – 6:00 am +1,Singapore Airlines,SIN‐EWR,18h25m,0,,6552,20220407-1651,fast
10:25 am – 5:10 pm +1,Singapore Airlines,EWR‐SIN,18h45m,0,,6:10 am – 4:40 pm,ANA,SIN‐EWR,22h30m,1,NRT,1700,20220407-1651,fast
6:40 pm – 6:15 am +2,United Airlines,EWR‐SIN,23h35m,1,SFO,11:35 pm – 6:00 am +1,Singapore Airlines,SIN‐EWR,18h25m,0,,1537,20220407-1651,fast
10:25 am – 5:10 pm +1,Singapore Airlines,EWR‐SIN,18h45m,0,,6:40 pm – 6:59 am +1,Singapore Airlines,SIN‐EWR,24h19m,1,SFO,2057,20220407-1651,fast
4:40 pm – 6:15 am +2,United Airlines,EWR‐SIN,25h35m,1,SFO,11:35 pm – 6:00 am +1,Singapore Airlines,SIN‐EWR,18h25m,0,,1537,20220407-1651,fast
3:59 pm – 5:45 am +2,Singapore Airlines,EWR‐SIN,25h46m,1,SFO,11:35 pm – 6:00 am +1,Singapore Airlines,SIN‐EWR,18h25m,0,,1916,20220407-1651,fast
9:26 am – 12:20 am +2,"JetBlue, Japan Airlines",EWR‐SIN,26h54m,2,"BOS, NRT",11:35 pm – 6:00 am +1,Singapore Airlines,SIN‐EWR,18h25m,0,,1493,20220407-1651,fast
9:00 am – 12:20 am +2,Japan Airlines,EWR‐SIN,27h20m,2,"LAX, NRT",11:35 pm – 6:00 am +1,Singapore Airlines,SIN‐EWR,18h25m,0,,1519,20220407-1651,fast
8:55 pm – 7:00 am +2,Lufthansa,EWR‐SIN,22h05m,1,MUC,12:30 am – 12:25 pm,Lufthansa,SIN‐EWR,23h55m,1,MUC,1819,20220407-1651,fast
6:40 pm – 6:15 am +2,United Airlines,EWR‐SIN,23h35m,1,SFO,6:10 am – 4:40 pm,"ANA, United Airlines",SIN‐EWR,22h30m,1,NRT,1018,20220407-1651,fast
6:40 pm – 6:15 am +2,United Airlines,EWR‐SIN,23h35m,1,SFO,8:45 am – 7:20 pm,United Airlines,SIN‐EWR,22h35m,1,SFO,985,20220407-1651,fast
4:00 pm – 7:50 am +2,Singapore Airlines,EWR‐SIN,27h50m,1,LAX,11:35 pm – 6:00 am +1,Singapore Airlines,SIN‐EWR,18h25m,0,,1549,20220407-1651,fast
10:25 am – 5:10 pm +1,Singapore Airlines,EWR‐SIN,18h45m,0,,6:10 am – 10:00 pm,ANA,SIN‐EWR,27h50m,2,"NRT, SFO",1736,20220407-1651,fast
9:00 am – 1:15 am +2,Singapore Airlines,EWR‐SIN,28h15m,2,"LAX, NRT",11:35 pm – 6:00 am +1,Singapore Airlines,SIN‐EWR,18h25m,0,,1482,20220407-1651,fast
