Out Time,Out Airline,Out Cities,Out Duration,Out Stops,Out Stop Cities,Return Time,Return Airline,Return Cities,Return Duration,Return Stops,Return Stop Cities,Price,timestamp,sort
11:25 am – 12:35 am +2,ANA,EWR‐SIN,25h10m,1,NRT,6:10 am – 4:40 pm,ANA,SIN‐EWR,22h30m,1,NRT,983,20220403-1444,cheap
11:25 am – 12:35 am +2,ANA,EWR‐SIN,25h10m,1,NRT,6:10 am – 9:44 pm,ANA,SIN‐EWR,27h34m,2,"NRT, SFO",1001,20220403-1444,cheap
7:00 am – 12:35 am +2,"United Airlines, ANA",EWR‐SIN,29h35m,2,"SEA, NRT",6:10 am – 4:40 pm,United Airlines,SIN‐EWR,22h30m,1,NRT,1024,20220403-1444,cheap
6:30 am – 12:35 am +2,"United Airlines, ANA",EWR‐SIN,30h05m,2,"SFO, NRT",6:10 am – 4:40 pm,United Airlines,SIN‐EWR,22h30m,1,NRT,1024,20220403-1444,cheap
5:44 am – 12:35 am +2,"United Airlines, ANA",EWR‐SIN,30h51m,2,"IAH, NRT",6:10 am – 4:40 pm,United Airlines,SIN‐EWR,22h30m,1,NRT,1024,20220403-1444,cheap
11:25 am – 12:35 am +2,United Airlines,EWR‐SIN,25h10m,1,NRT,6:10 am – 11:09 pm,United Airlines,SIN‐EWR,28h59m,2,"NRT, SFO",1025,20220403-1444,cheap
11:25 am – 12:35 am +2,United Airlines,EWR‐SIN,25h10m,1,NRT,6:10 am – 11:28 pm,United Airlines,SIN‐EWR,29h18m,2,"NRT, IAD",1025,20220403-1444,cheap
11:25 am – 12:35 am +2,United Airlines,EWR‐SIN,25h10m,1,NRT,6:10 am – 11:55 pm,United Airlines,SIN‐EWR,29h45m,2,"NRT, IAH",1025,20220403-1444,cheap
11:25 am – 12:35 am +2,United Airlines,EWR‐SIN,25h10m,1,NRT,6:10 am – 12:44 am +1,United Airlines,SIN‐EWR,30h34m,2,"NRT, SFO",1025,20220403-1444,cheap
11:25 am – 12:35 am +2,United Airlines,EWR‐SIN,25h10m,1,NRT,6:10 am – 7:07 am +1,United Airlines,SIN‐EWR,36h57m,2,"NRT, SEA",1025,20220403-1444,cheap
11:25 am – 12:35 am +2,United Airlines,EWR‐SIN,25h10m,1,NRT,6:10 am – 10:53 pm,"ANA, United Airlines",SIN‐EWR,28h43m,2,"NRT, IAH",1030,20220403-1444,cheap
11:25 am – 12:35 am +2,United Airlines,EWR‐SIN,25h10m,1,NRT,6:10 am – 7:20 am +1,United Airlines,SIN‐EWR,37h10m,2,"NRT, IAD",1030,20220403-1444,cheap
7:00 am – 12:35 am +2,"United Airlines, ANA",EWR‐SIN,29h35m,2,"SEA, NRT",6:10 am – 9:44 pm,United Airlines,SIN‐EWR,27h34m,2,"NRT, SFO",1034,20220403-1444,cheap
6:30 am – 12:35 am +2,"United Airlines, ANA",EWR‐SIN,30h05m,2,"SFO, NRT",6:10 am – 9:44 pm,United Airlines,SIN‐EWR,27h34m,2,"NRT, SFO",1034,20220403-1444,cheap
5:44 am – 12:35 am +2,"United Airlines, ANA",EWR‐SIN,30h51m,2,"IAH, NRT",6:10 am – 9:44 pm,United Airlines,SIN‐EWR,27h34m,2,"NRT, SFO",1034,20220403-1444,cheap
11:25 am – 12:35 am +2,ANA,EWR‐SIN,25h10m,1,NRT,6:10 am – 4:40 pm,ANA,SIN‐EWR,22h30m,1,NRT,983,20220403-1442,best
11:25 am – 12:35 am +2,ANA,EWR‐SIN,25h10m,1,NRT,6:10 am – 4:40 pm,ANA,SIN‐EWR,22h30m,1,NRT,983,20220403-1442,best
11:25 am – 12:35 am +2,ANA,EWR‐SIN,25h10m,1,NRT,6:10 am – 9:44 pm,ANA,SIN‐EWR,27h34m,2,"NRT, SFO",1001,20220403-1442,best
7:00 am – 12:35 am +2,"United Airlines, ANA",EWR‐SIN,29h35m,2,"SEA, NRT",6:10 am – 4:40 pm,United Airlines,SIN‐EWR,22h30m,1,NRT,1024,20220403-1442,best
6:30 am – 12:35 am +2,"United Airlines, ANA",EWR‐SIN,30h05m,2,"SFO, NRT",6:10 am – 4:40 pm,United Airlines,SIN‐EWR,22h30m,1,NRT,1024,20220403-1442,best
11:25 am – 12:35 am +2,United Airlines,EWR‐SIN,25h10m,1,NRT,6:10 am – 8:54 pm,United Airlines,SIN‐EWR,26h44m,2,"NRT, LAX",1090,20220403-1442,best
11:25 am – 12:35 am +2,United Airlines,EWR‐SIN,25h10m,1,NRT,6:10 am – 10:53 pm,"ANA, United Airlines",SIN‐EWR,28h43m,2,"NRT, IAH",1030,20220403-1442,best
11:25 am – 12:35 am +2,United Airlines,EWR‐SIN,25h10m,1,NRT,6:10 am – 11:09 pm,United Airlines,SIN‐EWR,28h59m,2,"NRT, SFO",1025,20220403-1442,best
6:30 am – 12:35 am +2,ANA,EWR‐SIN,30h05m,2,"LAX, NRT",6:10 am – 4:40 pm,ANA,SIN‐EWR,22h30m,1,NRT,1063,20220403-1442,best
11:25 am – 12:35 am +2,United Airlines,EWR‐SIN,25h10m,1,NRT,6:10 am – 11:28 pm,United Airlines,SIN‐EWR,29h18m,2,"NRT, IAD",1025,20220403-1442,best
11:25 am – 12:35 am +2,United Airlines,EWR‐SIN,25h10m,1,NRT,6:10 am – 11:55 pm,United Airlines,SIN‐EWR,29h45m,2,"NRT, IAH",1025,20220403-1442,best
11:25 am – 12:35 am +2,United Airlines,EWR‐SIN,25h10m,1,NRT,6:10 am – 9:44 pm,"ANA, United Airlines",SIN‐EWR,27h34m,2,"NRT, SFO",1095,20220403-1442,best
11:25 am – 12:35 am +2,United Airlines,EWR‐SIN,25h10m,1,NRT,6:10 am – 12:44 am +1,United Airlines,SIN‐EWR,30h34m,2,"NRT, SFO",1025,20220403-1442,best
5:44 am – 12:35 am +2,"United Airlines, ANA",EWR‐SIN,30h51m,2,"IAH, NRT",6:10 am – 4:40 pm,United Airlines,SIN‐EWR,22h30m,1,NRT,1024,20220403-1442,best
10:25 am – 5:10 pm +1,Singapore Airlines,EWR‐SIN,18h45m,0,,11:35 pm – 6:00 am +1,Singapore Airlines,SIN‐EWR,18h25m,0,,1662,20220403-1442,best
7:00 am – 12:35 am +2,"United Airlines, ANA",EWR‐SIN,29h35m,2,"SEA, NRT",6:10 am – 9:44 pm,United Airlines,SIN‐EWR,27h34m,2,"NRT, SFO",1034,20220403-1442,best
10:25 am – 5:10 pm +1,Singapore Airlines,EWR‐SIN,18h45m,0,,11:35 pm – 6:00 am +1,Singapore Airlines,SIN‐EWR,18h25m,0,,1662,20220403-1447,fast
10:25 am – 5:10 pm +1,Singapore Airlines,EWR‐SIN,18h45m,0,,6:10 am – 4:40 pm,ANA,SIN‐EWR,22h30m,1,NRT,1976,20220403-1447,fast
10:25 am – 5:10 pm +1,Singapore Airlines,EWR‐SIN,18h45m,0,,6:40 pm – 7:05 am +1,Singapore Airlines,SIN‐EWR,24h25m,1,SFO,3010,20220403-1447,fast
11:25 am – 12:35 am +2,ANA,EWR‐SIN,25h10m,1,NRT,11:35 pm – 6:00 am +1,Singapore Airlines,SIN‐EWR,18h25m,0,,1575,20220403-1447,fast
10:25 am – 5:10 pm +1,Singapore Airlines,EWR‐SIN,18h45m,0,,6:40 pm – 8:34 am +1,Singapore Airlines,SIN‐EWR,25h54m,1,SFO,3010,20220403-1447,fast
7:35 pm – 6:50 am +2,Lufthansa,EWR‐SIN,23h15m,1,FRA,1:25 am – 1:10 pm,SWISS,SIN‐EWR,23h45m,1,ZRH,3506,20220403-1447,fast
7:51 am – 12:35 am +2,ANA,EWR‐SIN,28h44m,2,"ORD, NRT",11:35 pm – 6:00 am +1,Singapore Airlines,SIN‐EWR,18h25m,0,,1781,20220403-1447,fast
7:15 pm – 6:40 am +2,SWISS,EWR‐SIN,23h25m,2,"DUB, ZRH",1:25 am – 1:10 pm,SWISS,SIN‐EWR,23h45m,1,ZRH,5183,20220403-1447,fast
5:55 pm – 6:40 am +2,SWISS,EWR‐SIN,24h45m,2,"AMS, ZRH",6:10 am – 4:40 pm,ANA,SIN‐EWR,22h30m,1,NRT,3144,20220403-1447,fast
6:20 pm – 5:55 am +2,SWISS,EWR‐SIN,23h35m,1,ZRH,1:25 am – 1:10 pm,SWISS,SIN‐EWR,23h45m,1,ZRH,3466,20220403-1447,fast
8:15 am – 1:15 am +2,Singapore Airlines,EWR‐SIN,29h00m,2,"LAX, NRT",11:35 pm – 6:00 am +1,Singapore Airlines,SIN‐EWR,18h25m,0,,17741,20220403-1447,fast
11:25 am – 12:35 am +2,ANA,EWR‐SIN,25h10m,1,NRT,6:10 am – 4:40 pm,ANA,SIN‐EWR,22h30m,1,NRT,983,20220403-1447,fast
7:35 pm – 6:50 am +2,Lufthansa,EWR‐SIN,23h15m,1,FRA,12:30 am – 1:10 pm,Lufthansa,SIN‐EWR,24h40m,2,"MUC, ZRH",3524,20220403-1447,fast
5:40 pm – 5:55 am +2,SWISS,EWR‐SIN,24h15m,2,"BER, ZRH",1:25 am – 1:10 pm,SWISS,SIN‐EWR,23h45m,1,ZRH,7097,20220403-1447,fast
11:50 pm – 5:30 pm +2,Turkish Airlines,EWR‐SIN,29h40m,1,IST,11:35 pm – 6:00 am +1,Singapore Airlines,SIN‐EWR,18h25m,0,,2010,20220403-1447,fast
