Out Time,Out Airline,Out Cities,Out Duration,Out Stops,Out Stop Cities,Return Time,Return Airline,Return Cities,Return Duration,Return Stops,Return Stop Cities,Price,timestamp,sort
8:40 am – 11:40 pm +1,Korean Air,EWR‐SIN,27h00m,2,"BOS, ICN",1:10 am – 2:49 pm,Korean Air,SIN‐EWR,25h39m,2,"ICN, BOS",1009,20220403-1733,cheap
8:40 am – 11:40 pm +1,Korean Air,EWR‐SIN,27h00m,2,"BOS, ICN",1:10 am – 3:14 pm,Korean Air,SIN‐EWR,26h04m,2,"ICN, ATL",1009,20220403-1733,cheap
8:40 am – 11:40 pm +1,Korean Air,EWR‐SIN,27h00m,2,"BOS, ICN",1:10 am – 10:59 pm,Korean Air,SIN‐EWR,33h49m,2,"ICN, ATL",1009,20220403-1733,cheap
8:40 am – 11:40 pm +1,Korean Air,EWR‐SIN,27h00m,2,"BOS, ICN",1:10 am – 10:59 pm,Korean Air,SIN‐EWR,33h49m,2,"ICN, ATL",1120,20220403-1733,cheap
8:40 am – 11:40 pm +1,Korean Air,EWR‐SIN,27h00m,2,"BOS, ICN",12:30 am – 1:39 pm +1,Multiple Airlines,SIN‐EWR,49h09m,3,"BER, KEF, ...",1125,20220403-1733,cheap
8:40 am – 11:40 pm +1,Korean Air,EWR‐SIN,27h00m,2,"BOS, ICN",1:10 am – 12:48 am +1,"Korean Air, Delta",SIN‐EWR,35h38m,2,"ICN, ATL",1145,20220403-1733,cheap
8:40 am – 11:40 pm +1,Korean Air,EWR‐SIN,27h00m,2,"BOS, ICN",1:10 am – 4:43 pm,"Korean Air, Delta",SIN‐EWR,27h33m,2,"ICN, ATL",1187,20220403-1733,cheap
8:40 am – 11:40 pm +1,Korean Air,EWR‐SIN,27h00m,2,"BOS, ICN",11:30 pm – 10:20 pm +1,Turkish Airlines,SIN‐EWR,34h50m,1,IST,1218,20220403-1733,cheap
11:15 am – 12:35 am +2,ANA,EWR‐SIN,25h20m,1,NRT,11:30 pm – 10:20 pm +1,Turkish Airlines,SIN‐EWR,34h50m,1,IST,1249,20220403-1733,cheap
11:15 am – 12:35 am +2,ANA,EWR‐SIN,25h20m,1,NRT,12:30 am – 9:00 pm,Multiple Airlines,SIN‐EWR,32h30m,3,"BER, GLA, ...",1266,20220403-1733,cheap
5:10 pm – 9:40 am +2,"Alaska Airlines, Philippine Airlines",EWR‐SIN,28h30m,2,"SFO, MNL",12:30 am – 9:00 pm,Multiple Airlines,SIN‐EWR,32h30m,3,"BER, GLA, ...",1281,20220403-1733,cheap
8:40 am – 11:40 pm +1,Korean Air,EWR‐SIN,27h00m,2,"BOS, ICN",1:10 am – 3:45 pm,Korean Air,SIN‐EWR,26h35m,2,"ICN, DTW",1296,20220403-1733,cheap
5:10 pm – 9:40 am +2,"Alaska Airlines, Philippine Airlines",EWR‐SIN,28h30m,2,"SFO, MNL",12:30 am – 9:00 pm,Multiple Airlines,SIN‐EWR,32h30m,3,"BER, LHR, ...",1325,20220403-1733,cheap
8:40 am – 11:40 pm +1,Delta,EWR‐SIN,27h00m,2,"BOS, ICN",1:10 am – 2:49 pm,Delta,SIN‐EWR,25h39m,2,"ICN, BOS",1341,20220403-1733,cheap
8:40 am – 11:40 pm +1,Delta,EWR‐SIN,27h00m,2,"BOS, ICN",1:10 am – 3:14 pm,Delta,SIN‐EWR,26h04m,2,"ICN, ATL",1341,20220403-1733,cheap
8:40 am – 11:40 pm +1,Korean Air,EWR‐SIN,27h00m,2,"BOS, ICN",1:10 am – 2:49 pm,Korean Air,SIN‐EWR,25h39m,2,"ICN, BOS",1029,20220403-1731,best
10:25 am – 5:10 pm +1,Singapore Airlines,EWR‐SIN,18h45m,0,,11:35 pm – 6:00 am +1,Singapore Airlines,SIN‐EWR,18h25m,0,,1672,20220403-1731,best
8:40 am – 11:40 pm +1,Korean Air,EWR‐SIN,27h00m,2,"BOS, ICN",1:10 am – 2:49 pm,Korean Air,SIN‐EWR,25h39m,2,"ICN, BOS",1009,20220403-1731,best
8:40 am – 11:40 pm +1,Korean Air,EWR‐SIN,27h00m,2,"BOS, ICN",1:10 am – 3:14 pm,Korean Air,SIN‐EWR,26h04m,2,"ICN, ATL",1009,20220403-1731,best
10:25 am – 5:10 pm +1,Singapore Airlines,EWR‐SIN,18h45m,0,,8:45 pm – 8:14 am +1,"Singapore Airlines, JetBlue",SIN‐EWR,23h29m,1,LAX,1677,20220403-1731,best
10:25 am – 5:10 pm +1,Singapore Airlines,EWR‐SIN,18h45m,0,,6:40 pm – 8:14 am +1,"Singapore Airlines, JetBlue",SIN‐EWR,25h34m,1,LAX,1603,20220403-1731,best
10:25 am – 5:10 pm +1,Singapore Airlines,EWR‐SIN,18h45m,0,,6:40 pm – 7:00 am +1,Singapore Airlines,SIN‐EWR,24h20m,1,LAX,1757,20220403-1731,best
8:15 am – 1:15 am +2,Singapore Airlines,EWR‐SIN,29h00m,2,"LAX, NRT",11:35 pm – 6:00 am +1,Singapore Airlines,SIN‐EWR,18h25m,0,,1519,20220403-1731,best
8:40 am – 11:40 pm +1,Korean Air,EWR‐SIN,27h00m,2,"BOS, ICN",1:10 am – 4:43 pm,"Korean Air, Delta",SIN‐EWR,27h33m,2,"ICN, ATL",1187,20220403-1731,best
8:40 am – 11:40 pm +1,Korean Air,EWR‐SIN,27h00m,2,"BOS, ICN",1:10 am – 3:45 pm,Korean Air,SIN‐EWR,26h35m,2,"ICN, DTW",1296,20220403-1731,best
7:00 am – 1:15 am +2,"JetBlue, Singapore Airlines",EWR‐SIN,30h15m,2,"LAX, NRT",11:35 pm – 6:00 am +1,Singapore Airlines,SIN‐EWR,18h25m,0,,1557,20220403-1731,best
8:40 am – 11:40 pm +1,Delta,EWR‐SIN,27h00m,2,"BOS, ICN",1:10 am – 2:49 pm,Delta,SIN‐EWR,25h39m,2,"ICN, BOS",1341,20220403-1731,best
8:40 am – 11:40 pm +1,Korean Air,EWR‐SIN,27h00m,2,"BOS, ICN",1:10 am – 10:59 pm,Korean Air,SIN‐EWR,33h49m,2,"ICN, ATL",1009,20220403-1731,best
8:40 am – 11:40 pm +1,Delta,EWR‐SIN,27h00m,2,"BOS, ICN",1:10 am – 3:14 pm,Delta,SIN‐EWR,26h04m,2,"ICN, ATL",1341,20220403-1731,best
8:40 am – 11:40 pm +1,Delta,EWR‐SIN,27h00m,2,"BOS, ICN",1:10 am – 4:43 pm,Delta,SIN‐EWR,27h33m,2,"ICN, ATL",1341,20220403-1731,best
10:25 am – 5:10 pm +1,Singapore Airlines,EWR‐SIN,18h45m,0,,9:25 am – 7:05 am +1,Singapore Airlines,SIN‐EWR,33h40m,1,SFO,1650,20220403-1731,best
10:25 am – 5:10 pm +1,Singapore Airlines,EWR‐SIN,18h45m,0,,11:35 pm – 6:00 am +1,Singapore Airlines,SIN‐EWR,18h25m,0,,1672,20220403-1736,fast
6:20 pm – 5:55 am +2,SWISS,EWR‐SIN,23h35m,1,ZRH,11:35 pm – 6:00 am +1,Singapore Airlines,SIN‐EWR,18h25m,0,,3675,20220403-1736,fast
10:25 am – 5:10 pm +1,Singapore Airlines,EWR‐SIN,18h45m,0,,8:45 pm – 8:14 am +1,"Singapore Airlines, JetBlue",SIN‐EWR,23h29m,1,LAX,1677,20220403-1736,fast
10:25 am – 5:10 pm +1,Singapore Airlines,EWR‐SIN,18h45m,0,,9:00 am – 8:53 pm,United Airlines,SIN‐EWR,23h53m,2,"SFO, LAX",2477,20220403-1736,fast
10:25 am – 5:10 pm +1,Singapore Airlines,EWR‐SIN,18h45m,0,,6:40 pm – 7:00 am +1,Singapore Airlines,SIN‐EWR,24h20m,1,LAX,1757,20220403-1736,fast
10:25 am – 5:10 pm +1,Singapore Airlines,EWR‐SIN,18h45m,0,,9:00 am – 9:49 pm,United Airlines,SIN‐EWR,24h49m,1,SFO,2488,20220403-1736,fast
6:35 pm – 7:50 am +2,"Alaska Airlines, Singapore Airlines",EWR‐SIN,25h15m,1,LAX,11:35 pm – 6:00 am +1,Singapore Airlines,SIN‐EWR,18h25m,0,,2732,20220403-1736,fast
11:15 am – 12:35 am +2,ANA,EWR‐SIN,25h20m,1,NRT,11:35 pm – 6:00 am +1,Singapore Airlines,SIN‐EWR,18h25m,0,,1972,20220403-1736,fast
6:24 pm – 7:50 am +2,"JetBlue, Singapore Airlines",EWR‐SIN,25h26m,1,LAX,11:35 pm – 6:00 am +1,Singapore Airlines,SIN‐EWR,18h25m,0,,2831,20220403-1736,fast
10:25 am – 5:10 pm +1,Singapore Airlines,EWR‐SIN,18h45m,0,,6:40 pm – 8:14 am +1,"Singapore Airlines, JetBlue",SIN‐EWR,25h34m,1,LAX,1603,20220403-1736,fast
8:40 am – 11:40 pm +1,Korean Air,EWR‐SIN,27h00m,2,"BOS, ICN",11:35 pm – 6:00 am +1,Singapore Airlines,SIN‐EWR,18h25m,0,,2302,20220403-1736,fast
8:45 pm – 7:00 am +2,Lufthansa,EWR‐SIN,22h15m,1,MUC,9:00 am – 8:53 pm,United Airlines,SIN‐EWR,23h53m,2,"SFO, LAX",3626,20220403-1736,fast
9:00 pm – 7:30 am +2,"Lufthansa, Singapore Airlines",EWR‐SIN,22h30m,1,LHR,9:00 am – 8:53 pm,United Airlines,SIN‐EWR,23h53m,2,"SFO, LAX",4673,20220403-1736,fast
8:15 am – 12:20 am +2,"American Airlines, Japan Airlines",EWR‐SIN,28h05m,2,"DFW, NRT",11:35 pm – 6:00 am +1,Singapore Airlines,SIN‐EWR,18h25m,0,,2434,20220403-1736,fast
6:30 pm – 6:50 am +2,"Brussels Airlines, Singapore Airlines",EWR‐SIN,24h20m,1,CDG,9:00 am – 7:13 pm,United Airlines,SIN‐EWR,22h13m,1,SFO,4907,20220403-1736,fast
