Out Time,Out Airline,Out Cities,Out Duration,Out Stops,Out Stop Cities,Return Time,Return Airline,Return Cities,Return Duration,Return Stops,Return Stop Cities,Price,timestamp,sort
12:00 pm – 12:35 am +2,ANA,EWR‐SIN,24h35m,1,NRT,6:10 am – 4:45 pm,ANA,SIN‐EWR,22h35m,1,NRT,1143,20220403-2028,cheap
12:00 pm – 12:35 am +2,United Airlines,EWR‐SIN,24h35m,1,NRT,6:10 am – 8:59 pm,United Airlines,SIN‐EWR,26h49m,2,"NRT, LAX",1185,20220403-2028,cheap
12:00 pm – 12:35 am +2,United Airlines,EWR‐SIN,24h35m,1,NRT,6:10 am – 9:00 pm,United Airlines,SIN‐EWR,26h50m,2,"NRT, IAD",1185,20220403-2028,cheap
12:00 pm – 12:35 am +2,United Airlines,EWR‐SIN,24h35m,1,NRT,6:10 am – 9:05 pm,United Airlines,SIN‐EWR,26h55m,2,"NRT, IAH",1185,20220403-2028,cheap
12:00 pm – 12:35 am +2,United Airlines,EWR‐SIN,24h35m,1,NRT,6:10 am – 11:01 pm,United Airlines,SIN‐EWR,28h51m,2,"NRT, IAH",1185,20220403-2028,cheap
12:00 pm – 12:35 am +2,United Airlines,EWR‐SIN,24h35m,1,NRT,6:10 am – 11:57 pm,United Airlines,SIN‐EWR,29h47m,2,"NRT, IAD",1185,20220403-2028,cheap
12:00 pm – 12:35 am +2,United Airlines,EWR‐SIN,24h35m,1,NRT,6:10 am – 12:37 am +1,United Airlines,SIN‐EWR,30h27m,2,"NRT, IAH",1185,20220403-2028,cheap
12:00 pm – 12:35 am +2,United Airlines,EWR‐SIN,24h35m,1,NRT,6:10 am – 12:40 am +1,United Airlines,SIN‐EWR,30h30m,2,"NRT, LAX",1185,20220403-2028,cheap
12:00 pm – 12:35 am +2,United Airlines,EWR‐SIN,24h35m,1,NRT,6:10 am – 11:01 pm,"ANA, United Airlines",SIN‐EWR,28h51m,2,"NRT, IAH",1190,20220403-2028,cheap
12:00 pm – 12:35 am +2,United Airlines,EWR‐SIN,24h35m,1,NRT,6:10 am – 12:37 am +1,"ANA, United Airlines",SIN‐EWR,30h27m,2,"NRT, IAH",1190,20220403-2028,cheap
12:00 pm – 12:35 am +2,United Airlines,EWR‐SIN,24h35m,1,NRT,6:10 am – 6:49 am +1,"ANA, United Airlines",SIN‐EWR,36h39m,2,"NRT, LAX",1190,20220403-2028,cheap
12:00 pm – 12:35 am +2,United Airlines,EWR‐SIN,24h35m,1,NRT,6:10 am – 12:40 am +1,United Airlines,SIN‐EWR,30h30m,2,"NRT-HND, LAX",1196,20220403-2028,cheap
12:00 pm – 12:35 am +2,United Airlines,EWR‐SIN,24h35m,1,NRT,6:10 am – 8:21 am +1,United Airlines,SIN‐EWR,38h11m,2,"NRT-HND, LAX",1196,20220403-2028,cheap
12:00 pm – 12:35 am +2,United Airlines,EWR‐SIN,24h35m,1,NRT,6:10 am – 8:21 am +1,United Airlines,SIN‐EWR,38h11m,2,"NRT, LAX",1197,20220403-2028,cheap
6:30 am – 12:35 am +2,ANA,EWR‐SIN,30h05m,2,"LAX, NRT",6:10 am – 4:45 pm,ANA,SIN‐EWR,22h35m,1,NRT,1293,20220403-2028,cheap
12:00 pm – 12:35 am +2,ANA,EWR‐SIN,24h35m,1,NRT,6:10 am – 4:45 pm,ANA,SIN‐EWR,22h35m,1,NRT,1143,20220403-2025,best
12:00 pm – 12:35 am +2,ANA,EWR‐SIN,24h35m,1,NRT,6:10 am – 4:45 pm,ANA,SIN‐EWR,22h35m,1,NRT,1143,20220403-2025,best
10:25 am – 5:10 pm +1,Singapore Airlines,EWR‐SIN,18h45m,0,,11:35 pm – 6:00 am +1,Singapore Airlines,SIN‐EWR,18h25m,0,,1786,20220403-2025,best
12:00 pm – 12:35 am +2,United Airlines,EWR‐SIN,24h35m,1,NRT,6:10 am – 8:59 pm,United Airlines,SIN‐EWR,26h49m,2,"NRT, LAX",1185,20220403-2025,best
12:00 pm – 12:35 am +2,United Airlines,EWR‐SIN,24h35m,1,NRT,6:10 am – 9:00 pm,United Airlines,SIN‐EWR,26h50m,2,"NRT, IAD",1185,20220403-2025,best
12:00 pm – 12:35 am +2,United Airlines,EWR‐SIN,24h35m,1,NRT,6:10 am – 9:05 pm,United Airlines,SIN‐EWR,26h55m,2,"NRT, IAH",1185,20220403-2025,best
12:00 pm – 12:35 am +2,United Airlines,EWR‐SIN,24h35m,1,NRT,6:10 am – 11:01 pm,United Airlines,SIN‐EWR,28h51m,2,"NRT, IAH",1185,20220403-2025,best
12:00 pm – 12:35 am +2,United Airlines,EWR‐SIN,24h35m,1,NRT,6:10 am – 11:01 pm,"ANA, United Airlines",SIN‐EWR,28h51m,2,"NRT, IAH",1190,20220403-2025,best
12:00 pm – 12:35 am +2,United Airlines,EWR‐SIN,24h35m,1,NRT,6:10 am – 11:57 pm,United Airlines,SIN‐EWR,29h47m,2,"NRT, IAD",1185,20220403-2025,best
12:00 pm – 12:35 am +2,United Airlines,EWR‐SIN,24h35m,1,NRT,6:10 am – 12:37 am +1,United Airlines,SIN‐EWR,30h27m,2,"NRT, IAH",1185,20220403-2025,best
12:00 pm – 12:35 am +2,United Airlines,EWR‐SIN,24h35m,1,NRT,6:10 am – 12:40 am +1,United Airlines,SIN‐EWR,30h30m,2,"NRT, LAX",1185,20220403-2025,best
12:00 pm – 12:35 am +2,United Airlines,EWR‐SIN,24h35m,1,NRT,6:10 am – 12:37 am +1,"ANA, United Airlines",SIN‐EWR,30h27m,2,"NRT, IAH",1190,20220403-2025,best
6:30 am – 12:35 am +2,ANA,EWR‐SIN,30h05m,2,"LAX, NRT",6:10 am – 4:45 pm,ANA,SIN‐EWR,22h35m,1,NRT,1293,20220403-2025,best
12:00 pm – 12:35 am +2,United Airlines,EWR‐SIN,24h35m,1,NRT,6:10 am – 12:40 am +1,United Airlines,SIN‐EWR,30h30m,2,"NRT-HND, LAX",1196,20220403-2025,best
12:00 pm – 12:35 am +2,ANA,EWR‐SIN,24h35m,1,NRT,6:10 am – 12:25 am +1,ANA,SIN‐EWR,30h15m,2,"NRT, LAX",1295,20220403-2025,best
12:00 pm – 12:35 am +2,ANA,EWR‐SIN,24h35m,1,NRT,11:25 pm – 12:25 pm +1,Lufthansa,SIN‐EWR,25h00m,1,MUC,1551,20220403-2025,best
10:25 am – 5:10 pm +1,Singapore Airlines,EWR‐SIN,18h45m,0,,11:35 pm – 6:00 am +1,Singapore Airlines,SIN‐EWR,18h25m,0,,1786,20220403-2030,fast
10:25 am – 5:10 pm +1,Singapore Airlines,EWR‐SIN,18h45m,0,,6:10 am – 4:45 pm,ANA,SIN‐EWR,22h35m,1,NRT,2218,20220403-2030,fast
12:00 pm – 12:35 am +2,ANA,EWR‐SIN,24h35m,1,NRT,11:35 pm – 6:00 am +1,Singapore Airlines,SIN‐EWR,18h25m,0,,1662,20220403-2030,fast
10:25 am – 5:10 pm +1,Singapore Airlines,EWR‐SIN,18h45m,0,,6:40 pm – 7:00 am +1,Singapore Airlines,SIN‐EWR,24h20m,1,SFO,2091,20220403-2030,fast
6:24 pm – 7:50 am +2,"JetBlue, Singapore Airlines",EWR‐SIN,25h26m,1,LAX,11:35 pm – 6:00 am +1,Singapore Airlines,SIN‐EWR,18h25m,0,,2192,20220403-2030,fast
10:25 am – 5:10 pm +1,Singapore Airlines,EWR‐SIN,18h45m,0,,9:25 am – 11:00 pm,Singapore Airlines,SIN‐EWR,25h35m,1,SFO,2285,20220403-2030,fast
4:15 pm – 7:50 am +2,Singapore Airlines,EWR‐SIN,27h35m,1,LAX,11:35 pm – 6:00 am +1,Singapore Airlines,SIN‐EWR,18h25m,0,,2192,20220403-2030,fast
10:25 am – 5:10 pm +1,Singapore Airlines,EWR‐SIN,18h45m,0,,8:10 am – 11:26 pm,"Japan Airlines, American Airlines",SIN‐EWR,27h16m,2,"NRT, DFW",2509,20220403-2030,fast
8:45 pm – 7:00 am +2,Lufthansa,EWR‐SIN,22h15m,1,MUC,12:30 am – 12:25 pm,Lufthansa,SIN‐EWR,23h55m,1,MUC,2133,20220403-2030,fast
6:40 pm – 6:15 am +2,United Airlines,EWR‐SIN,23h35m,1,SFO,6:10 am – 4:45 pm,United Airlines,SIN‐EWR,22h35m,1,NRT,3804,20220403-2030,fast
12:00 pm – 12:35 am +2,ANA,EWR‐SIN,24h35m,1,NRT,6:10 am – 4:45 pm,ANA,SIN‐EWR,22h35m,1,NRT,1143,20220403-2030,fast
8:45 pm – 7:00 am +2,Lufthansa,EWR‐SIN,22h15m,1,MUC,11:25 pm – 12:25 pm +1,Lufthansa,SIN‐EWR,25h00m,1,MUC,1802,20220403-2030,fast
7:30 pm – 6:50 am +2,Lufthansa,EWR‐SIN,23h20m,1,FRA,12:30 am – 12:25 pm,Lufthansa,SIN‐EWR,23h55m,1,MUC,2151,20220403-2030,fast
8:15 am – 1:15 am +2,Singapore Airlines,EWR‐SIN,29h00m,2,"LAX, NRT",11:35 pm – 6:00 am +1,Singapore Airlines,SIN‐EWR,18h25m,0,,1865,20220403-2030,fast
6:15 pm – 5:55 am +2,SWISS,EWR‐SIN,23h40m,1,ZRH,1:25 am – 1:10 pm,SWISS,SIN‐EWR,23h45m,1,ZRH,2341,20220403-2030,fast
