Out Time,Out Airline,Out Cities,Out Duration,Out Stops,Out Stop Cities,Return Time,Return Airline,Return Cities,Return Duration,Return Stops,Return Stop Cities,Price,timestamp,sort
6:30 pm – 6:45 am +2,United Airlines,EWR‐SIN,24h15m,1,SFO,9:00 am – 7:13 pm,United Airlines,SIN‐EWR,22h13m,1,SFO,903,20220403-1719,cheap
5:30 pm – 6:45 am +2,United Airlines,EWR‐SIN,25h15m,1,SFO,9:00 am – 7:13 pm,United Airlines,SIN‐EWR,22h13m,1,SFO,903,20220403-1719,cheap
3:55 pm – 6:45 am +2,United Airlines,EWR‐SIN,26h50m,1,SFO,9:00 am – 7:13 pm,United Airlines,SIN‐EWR,22h13m,1,SFO,903,20220403-1719,cheap
3:17 pm – 6:45 am +2,United Airlines,EWR‐SIN,27h28m,2,"ORD, SFO",9:00 am – 7:13 pm,United Airlines,SIN‐EWR,22h13m,1,SFO,903,20220403-1719,cheap
3:00 pm – 6:45 am +2,United Airlines,EWR‐SIN,27h45m,2,"DCA, SFO",9:00 am – 7:13 pm,United Airlines,SIN‐EWR,22h13m,1,SFO,903,20220403-1719,cheap
2:44 pm – 6:45 am +2,United Airlines,EWR‐SIN,28h01m,2,"IAD, SFO",9:00 am – 7:13 pm,United Airlines,SIN‐EWR,22h13m,1,SFO,903,20220403-1719,cheap
2:35 pm – 6:45 am +2,United Airlines,EWR‐SIN,28h10m,2,"DCA, SFO",9:00 am – 7:13 pm,United Airlines,SIN‐EWR,22h13m,1,SFO,903,20220403-1719,cheap
2:15 pm – 6:45 am +2,United Airlines,EWR‐SIN,28h30m,1,SFO,9:00 am – 7:13 pm,United Airlines,SIN‐EWR,22h13m,1,SFO,903,20220403-1719,cheap
1:05 pm – 6:45 am +2,United Airlines,EWR‐SIN,29h40m,2,"ORD, SFO",9:00 am – 7:13 pm,United Airlines,SIN‐EWR,22h13m,1,SFO,903,20220403-1719,cheap
1:05 pm – 6:45 am +2,United Airlines,EWR‐SIN,29h40m,2,"ORD, SFO",9:00 am – 7:13 pm,United Airlines,SIN‐EWR,22h13m,1,SFO,903,20220403-1719,cheap
6:30 pm – 6:45 am +2,United Airlines,EWR‐SIN,24h15m,1,SFO,9:00 am – 12:49 am +1,United Airlines,SIN‐EWR,27h49m,1,SFO,903,20220403-1719,cheap
12:00 pm – 6:45 am +2,United Airlines,EWR‐SIN,30h45m,1,SFO,9:00 am – 7:13 pm,United Airlines,SIN‐EWR,22h13m,1,SFO,903,20220403-1719,cheap
11:59 am – 6:45 am +2,United Airlines,EWR‐SIN,30h46m,2,"LAX, SFO",9:00 am – 7:13 pm,United Airlines,SIN‐EWR,22h13m,1,SFO,903,20220403-1719,cheap
5:30 pm – 6:45 am +2,United Airlines,EWR‐SIN,25h15m,1,SFO,9:00 am – 12:49 am +1,United Airlines,SIN‐EWR,27h49m,1,SFO,903,20220403-1719,cheap
11:45 am – 6:45 am +2,United Airlines,EWR‐SIN,31h00m,2,"ORD, SFO",9:00 am – 7:13 pm,United Airlines,SIN‐EWR,22h13m,1,SFO,903,20220403-1719,cheap
9:00 am – 11:40 pm +1,Korean Air,EWR‐SIN,26h40m,2,"BOS, ICN",11:30 pm – 10:20 pm +1,Turkish Airlines,SIN‐EWR,34h50m,1,IST,1090,20220403-1717,best
6:30 pm – 6:45 am +2,United Airlines,EWR‐SIN,24h15m,1,SFO,9:00 am – 7:13 pm,United Airlines,SIN‐EWR,22h13m,1,SFO,903,20220403-1717,best
5:30 pm – 6:45 am +2,United Airlines,EWR‐SIN,25h15m,1,SFO,9:00 am – 7:13 pm,United Airlines,SIN‐EWR,22h13m,1,SFO,903,20220403-1717,best
3:55 pm – 6:45 am +2,United Airlines,EWR‐SIN,26h50m,1,SFO,9:00 am – 7:13 pm,United Airlines,SIN‐EWR,22h13m,1,SFO,903,20220403-1717,best
2:44 pm – 6:45 am +2,United Airlines,EWR‐SIN,28h01m,2,"IAD, SFO",9:00 am – 7:13 pm,United Airlines,SIN‐EWR,22h13m,1,SFO,903,20220403-1717,best
2:15 pm – 6:45 am +2,United Airlines,EWR‐SIN,28h30m,1,SFO,9:00 am – 7:13 pm,United Airlines,SIN‐EWR,22h13m,1,SFO,903,20220403-1717,best
3:17 pm – 6:45 am +2,United Airlines,EWR‐SIN,27h28m,2,"ORD, SFO",9:00 am – 7:13 pm,United Airlines,SIN‐EWR,22h13m,1,SFO,903,20220403-1717,best
6:30 pm – 6:45 am +2,United Airlines,EWR‐SIN,24h15m,1,SFO,9:00 am – 11:33 pm,United Airlines,SIN‐EWR,26h33m,2,"SFO, DEN",907,20220403-1717,best
3:00 pm – 6:45 am +2,United Airlines,EWR‐SIN,27h45m,2,"DCA, SFO",9:00 am – 7:13 pm,United Airlines,SIN‐EWR,22h13m,1,SFO,903,20220403-1717,best
6:30 pm – 6:45 am +2,United Airlines,EWR‐SIN,24h15m,1,SFO,9:00 am – 11:08 pm,United Airlines,SIN‐EWR,26h08m,2,"SFO, SEA",907,20220403-1717,best
2:35 pm – 6:45 am +2,United Airlines,EWR‐SIN,28h10m,2,"DCA, SFO",9:00 am – 7:13 pm,United Airlines,SIN‐EWR,22h13m,1,SFO,903,20220403-1717,best
6:30 pm – 6:45 am +2,United Airlines,EWR‐SIN,24h15m,1,SFO,9:00 am – 12:49 am +1,United Airlines,SIN‐EWR,27h49m,1,SFO,903,20220403-1717,best
5:30 pm – 6:45 am +2,United Airlines,EWR‐SIN,25h15m,1,SFO,9:00 am – 11:33 pm,United Airlines,SIN‐EWR,26h33m,2,"SFO, DEN",907,20220403-1717,best
1:05 pm – 6:45 am +2,United Airlines,EWR‐SIN,29h40m,2,"ORD, SFO",9:00 am – 7:13 pm,United Airlines,SIN‐EWR,22h13m,1,SFO,903,20220403-1717,best
1:59 pm – 6:45 am +2,United Airlines,EWR‐SIN,28h46m,2,"DCA, SFO",9:00 am – 7:13 pm,United Airlines,SIN‐EWR,22h13m,1,SFO,907,20220403-1717,best
5:30 pm – 6:45 am +2,United Airlines,EWR‐SIN,25h15m,1,SFO,9:00 am – 11:08 pm,United Airlines,SIN‐EWR,26h08m,2,"SFO, SEA",907,20220403-1717,best
10:25 am – 5:10 pm +1,Singapore Airlines,EWR‐SIN,18h45m,0,,11:35 pm – 6:00 am +1,Singapore Airlines,SIN‐EWR,18h25m,0,,1572,20220403-1721,fast
10:25 am – 5:10 pm +1,Singapore Airlines,EWR‐SIN,18h45m,0,,8:45 pm – 8:14 am +1,"Singapore Airlines, JetBlue",SIN‐EWR,23h29m,1,LAX,1657,20220403-1721,fast
6:30 pm – 6:45 am +2,United Airlines,EWR‐SIN,24h15m,1,SFO,11:35 pm – 6:00 am +1,Singapore Airlines,SIN‐EWR,18h25m,0,,1514,20220403-1721,fast
10:25 am – 5:10 pm +1,Singapore Airlines,EWR‐SIN,18h45m,0,,12:30 am – 12:45 pm,Lufthansa,SIN‐EWR,24h15m,1,MUC,3361,20220403-1721,fast
10:25 am – 5:10 pm +1,Singapore Airlines,EWR‐SIN,18h45m,0,,6:40 pm – 7:00 am +1,Singapore Airlines,SIN‐EWR,24h20m,1,LAX,1657,20220403-1721,fast
10:25 am – 5:10 pm +1,Singapore Airlines,EWR‐SIN,18h45m,0,,9:00 am – 9:20 pm,"Singapore Airlines, Lufthansa",SIN‐EWR,24h20m,1,LHR,4412,20220403-1721,fast
10:25 am – 5:10 pm +1,Singapore Airlines,EWR‐SIN,18h45m,0,,6:40 pm – 7:05 am +1,Singapore Airlines,SIN‐EWR,24h25m,1,SFO,1902,20220403-1721,fast
6:35 pm – 7:50 am +2,Singapore Airlines,EWR‐SIN,25h15m,1,LAX,11:35 pm – 6:00 am +1,Singapore Airlines,SIN‐EWR,18h25m,0,,1379,20220403-1721,fast
5:30 pm – 6:45 am +2,United Airlines,EWR‐SIN,25h15m,1,SFO,11:35 pm – 6:00 am +1,Singapore Airlines,SIN‐EWR,18h25m,0,,1514,20220403-1721,fast
10:25 am – 5:10 pm +1,Singapore Airlines,EWR‐SIN,18h45m,0,,6:40 pm – 8:14 am +1,"Singapore Airlines, JetBlue",SIN‐EWR,25h34m,1,LAX,2249,20220403-1721,fast
9:00 am – 11:40 pm +1,"Delta, Korean Air",EWR‐SIN,26h40m,2,"BOS, ICN",11:35 pm – 6:00 am +1,Singapore Airlines,SIN‐EWR,18h25m,0,,1524,20220403-1721,fast
8:00 pm – 5:30 am +2,"Brussels Airlines, Singapore Airlines",EWR‐SIN,21h30m,1,LHR,6:40 pm – 7:00 am +1,Singapore Airlines,SIN‐EWR,24h20m,1,LAX,4737,20220403-1721,fast
8:00 pm – 5:30 am +2,"Brussels Airlines, Singapore Airlines",EWR‐SIN,21h30m,1,LHR,9:00 am – 9:20 pm,"Singapore Airlines, Lufthansa",SIN‐EWR,24h20m,1,LHR,6900,20220403-1721,fast
8:00 am – 11:40 pm +1,"Delta, Korean Air",EWR‐SIN,27h40m,2,"ATL, ICN",11:35 pm – 6:00 am +1,Singapore Airlines,SIN‐EWR,18h25m,0,,1524,20220403-1721,fast
6:30 pm – 6:45 am +2,United Airlines,EWR‐SIN,24h15m,1,SFO,9:00 am – 7:13 pm,United Airlines,SIN‐EWR,22h13m,1,SFO,903,20220403-1721,fast
