Out Time,Out Airline,Out Cities,Out Duration,Out Stops,Out Stop Cities,Return Time,Return Airline,Return Cities,Return Duration,Return Stops,Return Stop Cities,Price,timestamp,sort
12:00 pm – 12:35 am +2,United Airlines,EWR‐SIN,24h35m,1,NRT,8:45 am – 9:08 pm,United Airlines,SIN‐EWR,24h23m,1,SFO,1065,20220403-2307,cheap
12:00 pm – 12:35 am +2,United Airlines,EWR‐SIN,24h35m,1,NRT,8:45 am – 10:08 pm,United Airlines,SIN‐EWR,25h23m,1,SFO,1065,20220403-2307,cheap
12:00 pm – 12:35 am +2,United Airlines,EWR‐SIN,24h35m,1,NRT,8:45 am – 11:58 pm,United Airlines,SIN‐EWR,27h13m,1,SFO,1065,20220403-2307,cheap
12:00 pm – 12:35 am +2,United Airlines,EWR‐SIN,24h35m,1,NRT,8:45 am – 12:53 am +1,United Airlines,SIN‐EWR,28h08m,1,SFO,1065,20220403-2307,cheap
12:00 pm – 12:35 am +2,United Airlines,EWR‐SIN,24h35m,1,NRT,8:45 am – 10:38 pm,United Airlines,SIN‐EWR,25h53m,2,"SFO, LAX",1069,20220403-2307,cheap
6:29 am – 12:35 am +2,United Airlines,EWR‐SIN,30h06m,2,"SFO, NRT",8:45 am – 9:08 pm,United Airlines,SIN‐EWR,24h23m,1,SFO,1069,20220403-2307,cheap
6:29 am – 12:35 am +2,United Airlines,EWR‐SIN,30h06m,2,"SFO, NRT",8:45 am – 10:08 pm,United Airlines,SIN‐EWR,25h23m,1,SFO,1069,20220403-2307,cheap
6:29 am – 12:35 am +2,United Airlines,EWR‐SIN,30h06m,2,"SFO, NRT",8:45 am – 11:58 pm,United Airlines,SIN‐EWR,27h13m,1,SFO,1069,20220403-2307,cheap
6:29 am – 12:35 am +2,United Airlines,EWR‐SIN,30h06m,2,"SFO, NRT",8:45 am – 12:53 am +1,United Airlines,SIN‐EWR,28h08m,1,SFO,1069,20220403-2307,cheap
10:55 am – 12:35 am +2,United Airlines,EWR‐SIN,25h40m,1,HND-NRT,8:45 am – 9:08 pm,United Airlines,SIN‐EWR,24h23m,1,SFO,1074,20220403-2307,cheap
10:55 am – 12:35 am +2,United Airlines,EWR‐SIN,25h40m,1,HND-NRT,8:45 am – 10:08 pm,United Airlines,SIN‐EWR,25h23m,1,SFO,1074,20220403-2307,cheap
10:55 am – 12:35 am +2,United Airlines,EWR‐SIN,25h40m,1,HND-NRT,8:45 am – 11:58 pm,United Airlines,SIN‐EWR,27h13m,1,SFO,1074,20220403-2307,cheap
10:55 am – 12:35 am +2,United Airlines,EWR‐SIN,25h40m,1,HND-NRT,8:45 am – 12:53 am +1,United Airlines,SIN‐EWR,28h08m,1,SFO,1074,20220403-2307,cheap
6:29 am – 12:35 am +2,United Airlines,EWR‐SIN,30h06m,2,"SFO, NRT",8:45 am – 10:38 pm,United Airlines,SIN‐EWR,25h53m,2,"SFO, LAX",1074,20220403-2307,cheap
10:55 am – 12:35 am +2,United Airlines,EWR‐SIN,25h40m,1,HND-NRT,8:45 am – 10:38 pm,United Airlines,SIN‐EWR,25h53m,2,"SFO, LAX",1078,20220403-2307,cheap
6:54 am – 12:20 am +2,Japan Airlines,EWR‐SIN,29h26m,2,"ORD, NRT",9:50 pm – 4:48 pm +1,Japan Airlines,SIN‐EWR,30h58m,2,"HND, ORD",1307,20220403-2305,best
12:00 pm – 12:35 am +2,United Airlines,EWR‐SIN,24h35m,1,NRT,8:45 am – 9:08 pm,United Airlines,SIN‐EWR,24h23m,1,SFO,1065,20220403-2305,best
10:55 am – 12:35 am +2,United Airlines,EWR‐SIN,25h40m,1,HND-NRT,8:45 am – 9:08 pm,United Airlines,SIN‐EWR,24h23m,1,SFO,1074,20220403-2305,best
12:00 pm – 12:35 am +2,United Airlines,EWR‐SIN,24h35m,1,NRT,8:45 am – 10:08 pm,United Airlines,SIN‐EWR,25h23m,1,SFO,1065,20220403-2305,best
10:55 am – 12:35 am +2,United Airlines,EWR‐SIN,25h40m,1,HND-NRT,8:45 am – 10:08 pm,United Airlines,SIN‐EWR,25h23m,1,SFO,1074,20220403-2305,best
12:00 pm – 12:35 am +2,United Airlines,EWR‐SIN,24h35m,1,NRT,8:45 am – 10:38 pm,United Airlines,SIN‐EWR,25h53m,2,"SFO, LAX",1069,20220403-2305,best
12:00 pm – 12:35 am +2,United Airlines,EWR‐SIN,24h35m,1,NRT,8:45 am – 11:58 pm,United Airlines,SIN‐EWR,27h13m,1,SFO,1065,20220403-2305,best
12:00 pm – 12:35 am +2,United Airlines,EWR‐SIN,24h35m,1,NRT,8:45 am – 12:53 am +1,United Airlines,SIN‐EWR,28h08m,1,SFO,1065,20220403-2305,best
10:55 am – 12:35 am +2,United Airlines,EWR‐SIN,25h40m,1,HND-NRT,8:45 am – 11:58 pm,United Airlines,SIN‐EWR,27h13m,1,SFO,1074,20220403-2305,best
10:55 am – 12:35 am +2,United Airlines,EWR‐SIN,25h40m,1,HND-NRT,8:45 am – 10:38 pm,United Airlines,SIN‐EWR,25h53m,2,"SFO, LAX",1078,20220403-2305,best
10:55 am – 12:35 am +2,United Airlines,EWR‐SIN,25h40m,1,HND-NRT,8:45 am – 12:53 am +1,United Airlines,SIN‐EWR,28h08m,1,SFO,1074,20220403-2305,best
12:00 pm – 12:35 am +2,"United Airlines, ANA",EWR‐SIN,24h35m,1,NRT,8:45 am – 10:15 pm,United Airlines,SIN‐EWR,25h30m,2,"SFO, LAS",1181,20220403-2305,best
12:00 pm – 12:35 am +2,"United Airlines, ANA",EWR‐SIN,24h35m,1,NRT,8:45 am – 11:23 pm,United Airlines,SIN‐EWR,26h38m,2,"SFO, LAX",1181,20220403-2305,best
6:29 am – 12:35 am +2,United Airlines,EWR‐SIN,30h06m,2,"SFO, NRT",8:45 am – 9:08 pm,United Airlines,SIN‐EWR,24h23m,1,SFO,1069,20220403-2305,best
6:29 am – 12:35 am +2,United Airlines,EWR‐SIN,30h06m,2,"SFO, NRT",8:45 am – 10:08 pm,United Airlines,SIN‐EWR,25h23m,1,SFO,1069,20220403-2305,best
6:29 am – 12:35 am +2,United Airlines,EWR‐SIN,30h06m,2,"SFO, NRT",8:45 am – 10:38 pm,United Airlines,SIN‐EWR,25h53m,2,"SFO, LAX",1074,20220403-2305,best
10:25 am – 5:10 pm +1,Singapore Airlines,EWR‐SIN,18h45m,0,,11:35 pm – 6:00 am +1,Singapore Airlines,SIN‐EWR,18h25m,0,,1809,20220403-2310,fast
12:00 pm – 12:35 am +2,ANA,EWR‐SIN,24h35m,1,NRT,11:35 pm – 6:00 am +1,Singapore Airlines,SIN‐EWR,18h25m,0,,1982,20220403-2310,fast
10:25 am – 5:10 pm +1,Singapore Airlines,EWR‐SIN,18h45m,0,,6:40 pm – 6:59 am +1,Singapore Airlines,SIN‐EWR,24h19m,1,SFO,2445,20220403-2310,fast
10:25 am – 5:10 pm +1,Singapore Airlines,EWR‐SIN,18h45m,0,,6:40 pm – 7:10 am +1,Singapore Airlines,SIN‐EWR,24h30m,1,LAX,2814,20220403-2310,fast
4:00 pm – 5:30 am +2,Singapore Airlines,EWR‐SIN,25h30m,1,LAX,11:35 pm – 6:00 am +1,Singapore Airlines,SIN‐EWR,18h25m,0,,8665,20220403-2310,fast
10:55 am – 12:35 am +2,ANA,EWR‐SIN,25h40m,1,HND-NRT,11:35 pm – 6:00 am +1,Singapore Airlines,SIN‐EWR,18h25m,0,,2011,20220403-2310,fast
10:25 am – 5:10 pm +1,Singapore Airlines,EWR‐SIN,18h45m,0,,9:25 am – 10:50 pm,"Singapore Airlines, JetBlue",SIN‐EWR,25h25m,1,SFO,2366,20220403-2310,fast
3:59 pm – 5:45 am +2,Singapore Airlines,EWR‐SIN,25h46m,1,SFO,11:35 pm – 6:00 am +1,Singapore Airlines,SIN‐EWR,18h25m,0,,2119,20220403-2310,fast
10:25 am – 5:10 pm +1,Singapore Airlines,EWR‐SIN,18h45m,0,,8:10 am – 11:26 pm,"Japan Airlines, American Airlines",SIN‐EWR,27h16m,2,"NRT, DFW",2389,20220403-2310,fast
8:30 am – 6:10 pm +1,"Lufthansa, Singapore Airlines",EWR‐SIN,21h40m,1,LHR,6:40 pm – 7:10 am +1,Singapore Airlines,SIN‐EWR,24h30m,1,LAX,4982,20220403-2310,fast
6:40 pm – 6:15 am +2,United Airlines,EWR‐SIN,23h35m,1,SFO,8:45 am – 7:23 pm,United Airlines,SIN‐EWR,22h38m,1,SFO,1902,20220403-2310,fast
4:00 pm – 7:50 am +2,Singapore Airlines,EWR‐SIN,27h50m,1,LAX,11:35 pm – 6:00 am +1,Singapore Airlines,SIN‐EWR,18h25m,0,,8665,20220403-2310,fast
8:15 am – 12:20 am +2,"American Airlines, Japan Airlines",EWR‐SIN,28h05m,2,"DFW, NRT",11:35 pm – 6:00 am +1,Singapore Airlines,SIN‐EWR,18h25m,0,,1969,20220403-2310,fast
9:00 am – 1:15 am +2,Singapore Airlines,EWR‐SIN,28h15m,2,"LAX, NRT",11:35 pm – 6:00 am +1,Singapore Airlines,SIN‐EWR,18h25m,0,,6394,20220403-2310,fast
6:40 pm – 6:15 am +2,United Airlines,EWR‐SIN,23h35m,1,SFO,8:45 am – 8:08 pm,United Airlines,SIN‐EWR,23h23m,1,SFO,1902,20220403-2310,fast
