Out Time,Out Airline,Out Cities,Out Duration,Out Stops,Out Stop Cities,Return Time,Return Airline,Return Cities,Return Duration,Return Stops,Return Stop Cities,Price,timestamp,sort
6:30 pm – 6:45 am +2,United Airlines,EWR‐SIN,24h15m,1,SFO,9:00 am – 9:44 pm,United Airlines,SIN‐EWR,24h44m,1,SFO,973,20220403-1436,cheap
5:30 pm – 6:45 am +2,United Airlines,EWR‐SIN,25h15m,1,SFO,9:00 am – 9:44 pm,United Airlines,SIN‐EWR,24h44m,1,SFO,973,20220403-1436,cheap
6:30 pm – 6:45 am +2,United Airlines,EWR‐SIN,24h15m,1,SFO,9:00 am – 11:09 pm,United Airlines,SIN‐EWR,26h09m,1,SFO,973,20220403-1436,cheap
5:30 pm – 6:45 am +2,United Airlines,EWR‐SIN,25h15m,1,SFO,9:00 am – 11:09 pm,United Airlines,SIN‐EWR,26h09m,1,SFO,973,20220403-1436,cheap
3:45 pm – 6:45 am +2,United Airlines,EWR‐SIN,27h00m,1,SFO,9:00 am – 9:44 pm,United Airlines,SIN‐EWR,24h44m,1,SFO,973,20220403-1436,cheap
6:30 pm – 6:45 am +2,United Airlines,EWR‐SIN,24h15m,1,SFO,9:00 am – 12:44 am +1,United Airlines,SIN‐EWR,27h44m,1,SFO,973,20220403-1436,cheap
5:30 pm – 6:45 am +2,United Airlines,EWR‐SIN,25h15m,1,SFO,9:00 am – 12:44 am +1,United Airlines,SIN‐EWR,27h44m,1,SFO,973,20220403-1436,cheap
2:15 pm – 6:45 am +2,United Airlines,EWR‐SIN,28h30m,1,SFO,9:00 am – 11:09 pm,United Airlines,SIN‐EWR,26h09m,1,SFO,973,20220403-1436,cheap
12:00 pm – 6:45 am +2,United Airlines,EWR‐SIN,30h45m,1,SFO,9:00 am – 9:44 pm,United Airlines,SIN‐EWR,24h44m,1,SFO,973,20220403-1436,cheap
2:15 pm – 6:45 am +2,United Airlines,EWR‐SIN,28h30m,1,SFO,9:00 am – 12:44 am +1,United Airlines,SIN‐EWR,27h44m,1,SFO,973,20220403-1436,cheap
12:00 pm – 6:45 am +2,United Airlines,EWR‐SIN,30h45m,1,SFO,9:00 am – 11:09 pm,United Airlines,SIN‐EWR,26h09m,1,SFO,973,20220403-1436,cheap
10:15 am – 6:45 am +2,United Airlines,EWR‐SIN,32h30m,1,SFO,9:00 am – 9:44 pm,United Airlines,SIN‐EWR,24h44m,1,SFO,973,20220403-1436,cheap
12:00 pm – 6:45 am +2,United Airlines,EWR‐SIN,30h45m,1,SFO,9:00 am – 12:44 am +1,United Airlines,SIN‐EWR,27h44m,1,SFO,973,20220403-1436,cheap
10:15 am – 6:45 am +2,United Airlines,EWR‐SIN,32h30m,1,SFO,9:00 am – 11:09 pm,United Airlines,SIN‐EWR,26h09m,1,SFO,973,20220403-1436,cheap
8:30 am – 6:45 am +2,United Airlines,EWR‐SIN,34h15m,1,SFO,9:00 am – 9:44 pm,United Airlines,SIN‐EWR,24h44m,1,SFO,973,20220403-1436,cheap
9:00 am – 11:40 pm +1,Korean Air,EWR‐SIN,26h40m,2,"BOS, ICN",11:30 pm – 10:20 pm +1,Turkish Airlines,SIN‐EWR,34h50m,1,IST,1090,20220403-1434,best
6:30 pm – 6:45 am +2,United Airlines,EWR‐SIN,24h15m,1,SFO,9:00 am – 7:33 pm,United Airlines,SIN‐EWR,22h33m,1,SFO,1039,20220403-1434,best
6:30 pm – 6:45 am +2,United Airlines,EWR‐SIN,24h15m,1,SFO,9:00 am – 9:44 pm,United Airlines,SIN‐EWR,24h44m,1,SFO,973,20220403-1434,best
5:30 pm – 6:45 am +2,United Airlines,EWR‐SIN,25h15m,1,SFO,9:00 am – 9:44 pm,United Airlines,SIN‐EWR,24h44m,1,SFO,973,20220403-1434,best
5:30 pm – 6:45 am +2,United Airlines,EWR‐SIN,25h15m,1,SFO,9:00 am – 7:33 pm,United Airlines,SIN‐EWR,22h33m,1,SFO,1039,20220403-1434,best
6:30 pm – 6:45 am +2,United Airlines,EWR‐SIN,24h15m,1,SFO,9:00 am – 11:09 pm,United Airlines,SIN‐EWR,26h09m,1,SFO,973,20220403-1434,best
5:30 pm – 6:45 am +2,United Airlines,EWR‐SIN,25h15m,1,SFO,9:00 am – 11:09 pm,United Airlines,SIN‐EWR,26h09m,1,SFO,973,20220403-1434,best
3:45 pm – 6:45 am +2,United Airlines,EWR‐SIN,27h00m,1,SFO,9:00 am – 7:33 pm,United Airlines,SIN‐EWR,22h33m,1,SFO,1039,20220403-1434,best
3:45 pm – 6:45 am +2,United Airlines,EWR‐SIN,27h00m,1,SFO,9:00 am – 9:44 pm,United Airlines,SIN‐EWR,24h44m,1,SFO,973,20220403-1434,best
6:30 pm – 6:45 am +2,United Airlines,EWR‐SIN,24h15m,1,SFO,9:00 am – 12:44 am +1,United Airlines,SIN‐EWR,27h44m,1,SFO,973,20220403-1434,best
2:15 pm – 6:45 am +2,United Airlines,EWR‐SIN,28h30m,1,SFO,9:00 am – 7:33 pm,United Airlines,SIN‐EWR,22h33m,1,SFO,1039,20220403-1434,best
5:30 pm – 6:45 am +2,United Airlines,EWR‐SIN,25h15m,1,SFO,9:00 am – 12:44 am +1,United Airlines,SIN‐EWR,27h44m,1,SFO,973,20220403-1434,best
6:30 pm – 6:45 am +2,United Airlines,EWR‐SIN,24h15m,1,SFO,9:00 am – 11:28 pm,United Airlines,SIN‐EWR,26h28m,2,"SFO, IAD",1043,20220403-1434,best
2:15 pm – 6:45 am +2,United Airlines,EWR‐SIN,28h30m,1,SFO,9:00 am – 11:09 pm,United Airlines,SIN‐EWR,26h09m,1,SFO,973,20220403-1434,best
5:30 pm – 6:45 am +2,United Airlines,EWR‐SIN,25h15m,1,SFO,9:00 am – 11:28 pm,United Airlines,SIN‐EWR,26h28m,2,"SFO, IAD",1043,20220403-1434,best
6:30 pm – 6:45 am +2,United Airlines,EWR‐SIN,24h15m,1,SFO,9:00 am – 12:55 am +1,United Airlines,SIN‐EWR,27h55m,2,"SFO, ORD",1043,20220403-1434,best
10:00 pm – 7:30 am +2,"Austrian Airlines, Singapore Airlines",EWR‐SIN,21h30m,1,LHR,11:35 pm – 6:00 am +1,Singapore Airlines,SIN‐EWR,18h25m,0,,7257,20220403-1439,fast
8:45 pm – 7:00 am +2,Lufthansa,EWR‐SIN,22h15m,1,MUC,11:35 pm – 6:00 am +1,Singapore Airlines,SIN‐EWR,18h25m,0,,3773,20220403-1439,fast
6:30 pm – 6:45 am +2,United Airlines,EWR‐SIN,24h15m,1,SFO,11:35 pm – 6:00 am +1,Singapore Airlines,SIN‐EWR,18h25m,0,,1514,20220403-1439,fast
5:30 pm – 6:45 am +2,United Airlines,EWR‐SIN,25h15m,1,SFO,11:35 pm – 6:00 am +1,Singapore Airlines,SIN‐EWR,18h25m,0,,1514,20220403-1439,fast
9:00 am – 11:40 pm +1,Korean Air,EWR‐SIN,26h40m,2,"BOS, ICN",11:35 pm – 6:00 am +1,Singapore Airlines,SIN‐EWR,18h25m,0,,1521,20220403-1439,fast
3:45 pm – 6:45 am +2,United Airlines,EWR‐SIN,27h00m,1,SFO,11:35 pm – 6:00 am +1,Singapore Airlines,SIN‐EWR,18h25m,0,,1514,20220403-1439,fast
8:00 am – 11:40 pm +1,Korean Air,EWR‐SIN,27h40m,2,"ATL, ICN",11:35 pm – 6:00 am +1,Singapore Airlines,SIN‐EWR,18h25m,0,,1521,20220403-1439,fast
6:30 pm – 6:45 am +2,United Airlines,EWR‐SIN,24h15m,1,SFO,9:00 am – 7:33 pm,United Airlines,SIN‐EWR,22h33m,1,SFO,1039,20220403-1439,fast
7:45 am – 12:20 am +2,"American Airlines, Japan Airlines",EWR‐SIN,28h35m,2,"ORD, NRT",11:35 pm – 6:00 am +1,Singapore Airlines,SIN‐EWR,18h25m,0,,1657,20220403-1439,fast
6:20 pm – 5:55 am +2,SWISS,EWR‐SIN,23h35m,1,ZRH,1:25 am – 1:10 pm,SWISS,SIN‐EWR,23h45m,1,ZRH,3566,20220403-1439,fast
7:15 am – 12:20 am +2,Japan Airlines,EWR‐SIN,29h05m,2,"SEA, NRT",11:35 pm – 6:00 am +1,Singapore Airlines,SIN‐EWR,18h25m,0,,1648,20220403-1439,fast
5:30 pm – 6:45 am +2,United Airlines,EWR‐SIN,25h15m,1,SFO,9:00 am – 7:33 pm,United Airlines,SIN‐EWR,22h33m,1,SFO,1039,20220403-1439,fast
6:00 am – 11:40 pm +1,"Delta, Korean Air",EWR‐SIN,29h40m,2,"DTW, ICN",11:35 pm – 6:00 am +1,Singapore Airlines,SIN‐EWR,18h25m,0,,1590,20220403-1439,fast
11:50 pm – 5:30 pm +2,Turkish Airlines,EWR‐SIN,29h40m,1,IST,11:35 pm – 6:00 am +1,Singapore Airlines,SIN‐EWR,18h25m,0,,1894,20220403-1439,fast
6:34 am – 12:20 am +2,"American Airlines, Japan Airlines",EWR‐SIN,29h46m,2,"DFW, NRT",11:35 pm – 6:00 am +1,Singapore Airlines,SIN‐EWR,18h25m,0,,1670,20220403-1439,fast
