Out Time,Out Airline,Out Cities,Out Duration,Out Stops,Out Stop Cities,Return Time,Return Airline,Return Cities,Return Duration,Return Stops,Return Stop Cities,Price,timestamp,sort
11:15 am – 12:35 am +2,ANA,EWR‐SIN,25h20m,1,NRT,6:10 am – 4:45 pm,ANA,SIN‐EWR,22h35m,1,NRT,1028,20220403-1956,cheap
11:15 am – 12:35 am +2,ANA,EWR‐SIN,25h20m,1,NRT,6:10 am – 12:34 am +1,ANA,SIN‐EWR,30h24m,2,"NRT, LAX",1047,20220403-1956,cheap
11:15 am – 12:35 am +2,ANA,EWR‐SIN,25h20m,1,NRT,6:10 am – 6:45 am +1,ANA,SIN‐EWR,36h35m,2,"NRT, LAX",1047,20220403-1956,cheap
11:25 am – 12:35 am +2,United Airlines,EWR‐SIN,25h10m,1,NRT,8:45 am – 5:12 am +1,United Airlines,SIN‐EWR,32h27m,1,SFO,1057,20220403-1956,cheap
11:25 am – 12:35 am +2,United Airlines,EWR‐SIN,25h10m,1,NRT,6:10 am – 4:45 pm,United Airlines,SIN‐EWR,22h35m,1,NRT,1060,20220403-1956,cheap
11:25 am – 12:35 am +2,United Airlines,EWR‐SIN,25h10m,1,NRT,8:45 am – 7:00 am +1,United Airlines,SIN‐EWR,34h15m,1,SFO,1068,20220403-1956,cheap
11:25 am – 12:35 am +2,United Airlines,EWR‐SIN,25h10m,1,NRT,8:45 am – 8:19 am +1,United Airlines,SIN‐EWR,35h34m,1,SFO,1068,20220403-1956,cheap
8:30 pm – 5:15 pm +2,"United Airlines, ANA",EWR‐SIN,32h45m,2,"LAX, HND",6:10 am – 4:45 pm,"ANA, United Airlines",SIN‐EWR,22h35m,1,NRT,1073,20220403-1956,cheap
6:15 pm – 5:15 pm +2,"United Airlines, ANA",EWR‐SIN,35h00m,2,"LAX, HND",6:10 am – 4:45 pm,"ANA, United Airlines",SIN‐EWR,22h35m,1,NRT,1073,20220403-1956,cheap
11:15 am – 12:35 am +2,ANA,EWR‐SIN,25h20m,1,NRT,11:30 pm – 10:20 pm +1,Turkish Airlines,SIN‐EWR,34h50m,1,IST,1144,20220403-1956,cheap
8:30 pm – 5:15 pm +2,ANA,EWR‐SIN,32h45m,2,"LAX, HND",6:10 am – 12:34 am +1,ANA,SIN‐EWR,30h24m,2,"NRT, LAX",1207,20220403-1956,cheap
6:29 am – 12:35 am +2,ANA,EWR‐SIN,30h06m,2,"SFO, NRT",6:10 am – 4:45 pm,ANA,SIN‐EWR,22h35m,1,NRT,1208,20220403-1956,cheap
11:15 am – 12:35 am +2,ANA,EWR‐SIN,25h20m,1,NRT,6:10 am – 12:34 am +1,ANA,SIN‐EWR,30h24m,2,"NRT, LAX",1218,20220403-1956,cheap
11:25 am – 12:35 am +2,United Airlines,EWR‐SIN,25h10m,1,NRT,8:45 am – 12:34 am +1,United Airlines,SIN‐EWR,27h49m,2,"SFO, LAX",1237,20220403-1956,cheap
11:25 am – 12:35 am +2,United Airlines,EWR‐SIN,25h10m,1,NRT,8:45 am – 12:34 am +1,United Airlines,SIN‐EWR,27h49m,2,"SFO, LAX",1237,20220403-1956,cheap
11:15 am – 12:35 am +2,ANA,EWR‐SIN,25h20m,1,NRT,6:10 am – 4:45 pm,ANA,SIN‐EWR,22h35m,1,NRT,1028,20220403-1954,best
11:15 am – 12:35 am +2,ANA,EWR‐SIN,25h20m,1,NRT,6:10 am – 4:45 pm,ANA,SIN‐EWR,22h35m,1,NRT,1028,20220403-1954,best
11:25 am – 12:35 am +2,United Airlines,EWR‐SIN,25h10m,1,NRT,6:10 am – 4:45 pm,United Airlines,SIN‐EWR,22h35m,1,NRT,1060,20220403-1954,best
10:25 am – 5:10 pm +1,Singapore Airlines,EWR‐SIN,18h45m,0,,11:35 pm – 6:00 am +1,Singapore Airlines,SIN‐EWR,18h25m,0,,1650,20220403-1954,best
11:25 am – 12:35 am +2,United Airlines,EWR‐SIN,25h10m,1,NRT,8:45 am – 7:28 pm,United Airlines,SIN‐EWR,22h43m,1,SFO,1307,20220403-1954,best
11:25 am – 12:35 am +2,United Airlines,EWR‐SIN,25h10m,1,NRT,8:45 am – 9:49 pm,United Airlines,SIN‐EWR,25h04m,1,SFO,1307,20220403-1954,best
11:25 am – 12:35 am +2,United Airlines,EWR‐SIN,25h10m,1,NRT,8:45 am – 8:53 pm,United Airlines,SIN‐EWR,24h08m,2,"SFO, LAX",1311,20220403-1954,best
11:25 am – 12:35 am +2,United Airlines,EWR‐SIN,25h10m,1,NRT,8:45 am – 9:00 pm,United Airlines,SIN‐EWR,24h15m,2,"SFO, LAS",1311,20220403-1954,best
11:15 am – 12:35 am +2,ANA,EWR‐SIN,25h20m,1,NRT,6:10 am – 12:34 am +1,ANA,SIN‐EWR,30h24m,2,"NRT, LAX",1047,20220403-1954,best
8:30 pm – 5:15 pm +2,"United Airlines, ANA",EWR‐SIN,32h45m,2,"LAX, HND",6:10 am – 4:45 pm,"ANA, United Airlines",SIN‐EWR,22h35m,1,NRT,1073,20220403-1954,best
11:25 am – 12:35 am +2,United Airlines,EWR‐SIN,25h10m,1,NRT,8:45 am – 5:12 am +1,United Airlines,SIN‐EWR,32h27m,1,SFO,1057,20220403-1954,best
11:25 am – 12:35 am +2,United Airlines,EWR‐SIN,25h10m,1,NRT,8:45 am – 9:59 pm,United Airlines,SIN‐EWR,25h14m,2,"SFO, DEN",1311,20220403-1954,best
6:29 am – 12:35 am +2,ANA,EWR‐SIN,30h06m,2,"SFO, NRT",6:10 am – 4:45 pm,ANA,SIN‐EWR,22h35m,1,NRT,1208,20220403-1954,best
11:25 am – 12:35 am +2,United Airlines,EWR‐SIN,25h10m,1,NRT,8:45 am – 10:44 pm,United Airlines,SIN‐EWR,25h59m,2,"SFO, IAH",1311,20220403-1954,best
11:25 am – 12:35 am +2,United Airlines,EWR‐SIN,25h10m,1,NRT,8:45 am – 12:34 am +1,United Airlines,SIN‐EWR,27h49m,2,"SFO, LAX",1237,20220403-1954,best
11:25 am – 12:35 am +2,United Airlines,EWR‐SIN,25h10m,1,NRT,8:45 am – 12:34 am +1,United Airlines,SIN‐EWR,27h49m,2,"SFO, LAX",1237,20220403-1954,best
10:25 am – 5:10 pm +1,Singapore Airlines,EWR‐SIN,18h45m,0,,11:35 pm – 6:00 am +1,Singapore Airlines,SIN‐EWR,18h25m,0,,1650,20220403-1959,fast
10:25 am – 5:10 pm +1,Singapore Airlines,EWR‐SIN,18h45m,0,,6:10 am – 4:45 pm,ANA,SIN‐EWR,22h35m,1,NRT,1962,20220403-1959,fast
10:25 am – 5:10 pm +1,Singapore Airlines,EWR‐SIN,18h45m,0,,6:40 pm – 7:00 am +1,Singapore Airlines,SIN‐EWR,24h20m,1,SFO,1951,20220403-1959,fast
11:15 am – 12:35 am +2,ANA,EWR‐SIN,25h20m,1,NRT,11:35 pm – 6:00 am +1,Singapore Airlines,SIN‐EWR,18h25m,0,,1927,20220403-1959,fast
4:00 pm – 5:45 am +2,Singapore Airlines,EWR‐SIN,25h45m,1,SFO,11:35 pm – 6:00 am +1,Singapore Airlines,SIN‐EWR,18h25m,0,,1985,20220403-1959,fast
8:45 pm – 7:00 am +2,Lufthansa,EWR‐SIN,22h15m,1,MUC,6:10 am – 4:45 pm,ANA,SIN‐EWR,22h35m,1,NRT,2180,20220403-1959,fast
10:25 am – 5:10 pm +1,Singapore Airlines,EWR‐SIN,18h45m,0,,6:10 am – 9:13 pm,ANA,SIN‐EWR,27h03m,2,"NRT, ORD",2493,20220403-1959,fast
8:45 pm – 7:00 am +2,Lufthansa,EWR‐SIN,22h15m,1,MUC,12:30 am – 12:25 pm,Lufthansa,SIN‐EWR,23h55m,1,MUC,2263,20220403-1959,fast
10:25 am – 5:10 pm +1,Singapore Airlines,EWR‐SIN,18h45m,0,,11:40 pm – 3:55 pm +1,Lufthansa,SIN‐EWR,28h15m,1,FRA,2028,20220403-1959,fast
7:35 pm – 6:50 am +2,Lufthansa,EWR‐SIN,23h15m,1,FRA,12:30 am – 12:25 pm,Lufthansa,SIN‐EWR,23h55m,1,MUC,2487,20220403-1959,fast
6:20 pm – 5:55 am +2,SWISS,EWR‐SIN,23h35m,1,ZRH,1:25 am – 1:10 pm,SWISS,SIN‐EWR,23h45m,1,ZRH,2449,20220403-1959,fast
6:20 pm – 5:55 am +2,SWISS,EWR‐SIN,23h35m,1,ZRH,12:30 am – 12:25 pm,Lufthansa,SIN‐EWR,23h55m,1,MUC,2267,20220403-1959,fast
11:25 am – 12:35 am +2,United Airlines,EWR‐SIN,25h10m,1,NRT,6:10 am – 4:45 pm,United Airlines,SIN‐EWR,22h35m,1,NRT,1060,20220403-1959,fast
11:25 am – 12:35 am +2,United Airlines,EWR‐SIN,25h10m,1,NRT,8:45 am – 7:28 pm,United Airlines,SIN‐EWR,22h43m,1,SFO,1307,20220403-1959,fast
11:15 am – 12:35 am +2,ANA,EWR‐SIN,25h20m,1,NRT,6:10 am – 4:45 pm,ANA,SIN‐EWR,22h35m,1,NRT,1028,20220403-1959,fast
