Out Time,Out Airline,Out Cities,Out Duration,Out Stops,Out Stop Cities,Return Time,Return Airline,Return Cities,Return Duration,Return Stops,Return Stop Cities,Price,timestamp,sort
7:45 am – 12:20 am +2,Japan Airlines,EWR‐SIN,28h35m,2,"ORD, NRT",9:50 pm – 4:57 pm +1,Japan Airlines,SIN‐EWR,31h07m,2,"HND, ORD",1205,20220403-1546,cheap
6:30 pm – 6:45 am +2,United Airlines,EWR‐SIN,24h15m,1,SFO,9:00 am – 11:09 pm,United Airlines,SIN‐EWR,26h09m,1,SFO,1228,20220403-1546,cheap
3:45 pm – 6:45 am +2,United Airlines,EWR‐SIN,27h00m,1,SFO,9:00 am – 11:09 pm,United Airlines,SIN‐EWR,26h09m,1,SFO,1228,20220403-1546,cheap
2:15 pm – 6:45 am +2,United Airlines,EWR‐SIN,28h30m,1,SFO,9:00 am – 11:09 pm,United Airlines,SIN‐EWR,26h09m,1,SFO,1228,20220403-1546,cheap
12:00 pm – 6:45 am +2,United Airlines,EWR‐SIN,30h45m,1,SFO,9:00 am – 11:09 pm,United Airlines,SIN‐EWR,26h09m,1,SFO,1228,20220403-1546,cheap
10:15 am – 6:45 am +2,United Airlines,EWR‐SIN,32h30m,1,SFO,9:00 am – 11:09 pm,United Airlines,SIN‐EWR,26h09m,1,SFO,1228,20220403-1546,cheap
8:30 am – 6:45 am +2,United Airlines,EWR‐SIN,34h15m,1,SFO,9:00 am – 11:09 pm,United Airlines,SIN‐EWR,26h09m,1,SFO,1228,20220403-1546,cheap
6:30 am – 6:45 am +2,United Airlines,EWR‐SIN,36h15m,1,SFO,9:00 am – 11:09 pm,United Airlines,SIN‐EWR,26h09m,1,SFO,1238,20220403-1546,cheap
9:00 am – 11:40 pm +1,Korean Air,EWR‐SIN,26h40m,2,"BOS, ICN",12:30 am – 12:22 pm +1,Multiple Airlines,SIN‐EWR,47h52m,3,"BER, KEF, ...",1245,20220403-1546,cheap
6:30 pm – 6:45 am +2,United Airlines,EWR‐SIN,24h15m,1,SFO,9:00 am – 7:00 am +1,United Airlines,SIN‐EWR,34h00m,2,"SFO, LAS",1288,20220403-1546,cheap
6:30 pm – 6:45 am +2,United Airlines,EWR‐SIN,24h15m,1,SFO,9:00 am – 7:00 am +1,United Airlines,SIN‐EWR,34h00m,2,"SFO, LAS",1288,20220403-1546,cheap
6:30 pm – 6:45 am +2,United Airlines,EWR‐SIN,24h15m,1,SFO,9:00 am – 7:49 am +1,United Airlines,SIN‐EWR,34h49m,2,"SFO, LAS",1288,20220403-1546,cheap
6:30 pm – 6:45 am +2,United Airlines,EWR‐SIN,24h15m,1,SFO,9:00 am – 7:49 am +1,United Airlines,SIN‐EWR,34h49m,2,"SFO, LAS",1288,20220403-1546,cheap
3:45 pm – 6:45 am +2,United Airlines,EWR‐SIN,27h00m,1,SFO,9:00 am – 7:00 am +1,United Airlines,SIN‐EWR,34h00m,2,"SFO, LAS",1288,20220403-1546,cheap
3:45 pm – 6:45 am +2,United Airlines,EWR‐SIN,27h00m,1,SFO,9:00 am – 7:00 am +1,United Airlines,SIN‐EWR,34h00m,2,"SFO, LAS",1288,20220403-1546,cheap
7:45 am – 12:20 am +2,Japan Airlines,EWR‐SIN,28h35m,2,"ORD, NRT",9:50 pm – 4:57 pm +1,Japan Airlines,SIN‐EWR,31h07m,2,"HND, ORD",1205,20220403-1543,best
6:30 pm – 6:45 am +2,United Airlines,EWR‐SIN,24h15m,1,SFO,9:00 am – 11:09 pm,United Airlines,SIN‐EWR,26h09m,1,SFO,1228,20220403-1543,best
7:45 am – 12:20 am +2,Japan Airlines,EWR‐SIN,28h35m,2,"ORD, NRT",9:50 pm – 4:57 pm +1,Japan Airlines,SIN‐EWR,31h07m,2,"HND, ORD",1205,20220403-1543,best
3:45 pm – 6:45 am +2,United Airlines,EWR‐SIN,27h00m,1,SFO,9:00 am – 11:09 pm,United Airlines,SIN‐EWR,26h09m,1,SFO,1228,20220403-1543,best
5:30 pm – 6:45 am +2,United Airlines,EWR‐SIN,25h15m,1,SFO,9:00 am – 11:09 pm,United Airlines,SIN‐EWR,26h09m,1,SFO,1330,20220403-1543,best
2:15 pm – 6:45 am +2,United Airlines,EWR‐SIN,28h30m,1,SFO,9:00 am – 11:09 pm,United Airlines,SIN‐EWR,26h09m,1,SFO,1228,20220403-1543,best
4:59 pm – 6:45 am +2,United Airlines,EWR‐SIN,25h46m,2,"DEN, SFO",9:00 am – 11:09 pm,United Airlines,SIN‐EWR,26h09m,1,SFO,1330,20220403-1543,best
4:00 pm – 6:45 am +2,United Airlines,EWR‐SIN,26h45m,2,"DCA, SFO",9:00 am – 11:09 pm,United Airlines,SIN‐EWR,26h09m,1,SFO,1330,20220403-1543,best
12:00 pm – 6:45 am +2,United Airlines,EWR‐SIN,30h45m,1,SFO,9:00 am – 11:09 pm,United Airlines,SIN‐EWR,26h09m,1,SFO,1228,20220403-1543,best
3:33 pm – 6:45 am +2,United Airlines,EWR‐SIN,27h12m,2,"DEN, SFO",9:00 am – 11:09 pm,United Airlines,SIN‐EWR,26h09m,1,SFO,1330,20220403-1543,best
6:30 pm – 6:45 am +2,United Airlines,EWR‐SIN,24h15m,1,SFO,9:00 am – 9:44 pm,United Airlines,SIN‐EWR,24h44m,1,SFO,1615,20220403-1543,best
10:25 am – 5:10 pm +1,Singapore Airlines,EWR‐SIN,18h45m,0,,11:35 pm – 6:00 am +1,Singapore Airlines,SIN‐EWR,18h25m,0,,2118,20220403-1543,best
10:15 am – 6:45 am +2,United Airlines,EWR‐SIN,32h30m,1,SFO,9:00 am – 11:09 pm,United Airlines,SIN‐EWR,26h09m,1,SFO,1228,20220403-1543,best
6:30 pm – 6:45 am +2,United Airlines,EWR‐SIN,24h15m,1,SFO,9:00 am – 7:00 am +1,United Airlines,SIN‐EWR,34h00m,2,"SFO, LAS",1288,20220403-1543,best
6:30 pm – 6:45 am +2,United Airlines,EWR‐SIN,24h15m,1,SFO,9:00 am – 7:00 am +1,United Airlines,SIN‐EWR,34h00m,2,"SFO, LAS",1288,20220403-1543,best
8:30 am – 6:45 am +2,United Airlines,EWR‐SIN,34h15m,1,SFO,9:00 am – 11:09 pm,United Airlines,SIN‐EWR,26h09m,1,SFO,1228,20220403-1543,best
6:30 pm – 6:45 am +2,United Airlines,EWR‐SIN,24h15m,1,SFO,9:00 am – 7:49 am +1,United Airlines,SIN‐EWR,34h49m,2,"SFO, LAS",1288,20220403-1543,best
10:25 am – 5:10 pm +1,Singapore Airlines,EWR‐SIN,18h45m,0,,11:35 pm – 6:00 am +1,Singapore Airlines,SIN‐EWR,18h25m,0,,2118,20220403-1548,fast
10:25 am – 5:10 pm +1,Singapore Airlines,EWR‐SIN,18h45m,0,,8:45 pm – 8:20 am +1,"Singapore Airlines, JetBlue",SIN‐EWR,23h35m,1,LAX,2888,20220403-1548,fast
10:25 am – 5:10 pm +1,Singapore Airlines,EWR‐SIN,18h45m,0,,9:00 am – 8:54 pm,United Airlines,SIN‐EWR,23h54m,2,"SFO, LAX",2549,20220403-1548,fast
6:30 pm – 6:45 am +2,United Airlines,EWR‐SIN,24h15m,1,SFO,11:35 pm – 6:00 am +1,Singapore Airlines,SIN‐EWR,18h25m,0,,2951,20220403-1548,fast
10:25 am – 5:10 pm +1,Singapore Airlines,EWR‐SIN,18h45m,0,,6:40 pm – 7:00 am +1,Singapore Airlines,SIN‐EWR,24h20m,1,LAX,2888,20220403-1548,fast
10:25 am – 5:10 pm +1,Singapore Airlines,EWR‐SIN,18h45m,0,,9:00 am – 9:44 pm,United Airlines,SIN‐EWR,24h44m,1,SFO,2443,20220403-1548,fast
5:30 pm – 6:45 am +2,United Airlines,EWR‐SIN,25h15m,1,SFO,11:35 pm – 6:00 am +1,Singapore Airlines,SIN‐EWR,18h25m,0,,2951,20220403-1548,fast
6:35 pm – 7:50 am +2,Singapore Airlines,EWR‐SIN,25h15m,1,LAX,11:35 pm – 6:00 am +1,Singapore Airlines,SIN‐EWR,18h25m,0,,3248,20220403-1548,fast
10:25 am – 5:10 pm +1,Singapore Airlines,EWR‐SIN,18h45m,0,,6:40 pm – 8:20 am +1,"Singapore Airlines, JetBlue",SIN‐EWR,25h40m,1,LAX,2864,20220403-1548,fast
8:45 pm – 7:00 am +2,Lufthansa,EWR‐SIN,22h15m,1,MUC,9:00 am – 8:54 pm,United Airlines,SIN‐EWR,23h54m,2,"SFO, LAX",3535,20220403-1548,fast
6:30 pm – 6:45 am +2,United Airlines,EWR‐SIN,24h15m,1,SFO,9:00 am – 7:33 pm,United Airlines,SIN‐EWR,22h33m,1,SFO,3655,20220403-1548,fast
8:45 pm – 7:00 am +2,Lufthansa,EWR‐SIN,22h15m,1,MUC,9:00 am – 9:44 pm,United Airlines,SIN‐EWR,24h44m,1,SFO,3430,20220403-1548,fast
6:20 pm – 5:55 am +2,SWISS,EWR‐SIN,23h35m,1,ZRH,1:25 am – 1:10 pm,SWISS,SIN‐EWR,23h45m,1,ZRH,8012,20220403-1548,fast
8:15 am – 1:15 am +2,Singapore Airlines,EWR‐SIN,29h00m,2,"LAX, NRT",11:35 pm – 6:00 am +1,Singapore Airlines,SIN‐EWR,18h25m,0,,2088,20220403-1548,fast
7:20 am – 12:20 am +2,Japan Airlines,EWR‐SIN,29h00m,2,"SEA, NRT",11:35 pm – 6:00 am +1,Singapore Airlines,SIN‐EWR,18h25m,0,,2937,20220403-1548,fast
