Out Time,Out Airline,Out Cities,Out Duration,Out Stops,Out Stop Cities,Return Time,Return Airline,Return Cities,Return Duration,Return Stops,Return Stop Cities,Price,timestamp,sort
8:30 pm – 12:35 am +3,United Airlines,EWR‐SIN,40h05m,2,"LAX, NRT",6:10 am – 4:45 pm,United Airlines,SIN‐EWR,22h35m,1,NRT,1064,20220403-2139,cheap
7:20 am – 12:20 am +2,Japan Airlines,EWR‐SIN,29h00m,2,"SEA, NRT",12:30 am – 12:56 pm +1,Multiple Airlines,SIN‐EWR,48h26m,3,"BER, KEF, ...",1159,20220403-2139,cheap
8:20 am – 12:20 am +2,"Alaska Airlines, Japan Airlines",EWR‐SIN,28h00m,2,"SFO, NRT",11:30 pm – 10:20 pm +1,Turkish Airlines,SIN‐EWR,34h50m,1,IST,1294,20220403-2139,cheap
12:20 pm – 6:15 am +2,United Airlines,EWR‐SIN,29h55m,2,"LAX, SFO",8:45 am – 5:16 am +1,United Airlines,SIN‐EWR,32h31m,1,SFO,1309,20220403-2139,cheap
11:59 am – 6:15 am +2,United Airlines,EWR‐SIN,30h16m,2,"DCA, SFO",8:45 am – 5:16 am +1,United Airlines,SIN‐EWR,32h31m,1,SFO,1309,20220403-2139,cheap
12:49 pm – 6:15 am +2,United Airlines,EWR‐SIN,29h26m,2,"DEN, SFO",8:45 am – 5:16 am +1,United Airlines,SIN‐EWR,32h31m,1,SFO,1313,20220403-2139,cheap
7:20 am – 12:20 am +2,Japan Airlines,EWR‐SIN,29h00m,2,"SEA, NRT",12:50 am – 9:20 pm,Emirates,SIN‐EWR,32h30m,2,"DXB, ATH",1331,20220403-2139,cheap
8:20 am – 12:20 am +2,"Alaska Airlines, Japan Airlines",EWR‐SIN,28h00m,2,"SFO, NRT",12:50 am – 9:20 pm,Emirates,SIN‐EWR,32h30m,2,"DXB, ATH",1358,20220403-2139,cheap
6:40 pm – 6:15 am +2,United Airlines,EWR‐SIN,23h35m,1,SFO,8:45 am – 5:16 am +1,United Airlines,SIN‐EWR,32h31m,1,SFO,1361,20220403-2139,cheap
5:15 pm – 6:15 am +2,United Airlines,EWR‐SIN,25h00m,1,SFO,8:45 am – 5:16 am +1,United Airlines,SIN‐EWR,32h31m,1,SFO,1361,20220403-2139,cheap
6:40 pm – 6:15 am +2,United Airlines,EWR‐SIN,23h35m,1,SFO,8:45 am – 7:05 am +1,United Airlines,SIN‐EWR,34h20m,1,SFO,1371,20220403-2139,cheap
7:20 am – 12:20 am +2,Japan Airlines,EWR‐SIN,29h00m,2,"SEA, NRT",1:10 pm – 7:00 am +1,"EVA Air, Alaska Airlines",SIN‐EWR,29h50m,2,"TPE, LAX",1371,20220403-2139,cheap
5:15 pm – 6:15 am +2,United Airlines,EWR‐SIN,25h00m,1,SFO,8:45 am – 7:05 am +1,United Airlines,SIN‐EWR,34h20m,1,SFO,1371,20220403-2139,cheap
9:05 am – 1:15 am +2,Air Canada,EWR‐SIN,28h10m,2,"YYZ, NRT",6:10 am – 8:11 pm,Air Canada,SIN‐EWR,26h01m,2,"NRT, YYZ",1400,20220403-2139,cheap
6:25 am – 1:15 am +2,Air Canada,EWR‐SIN,30h50m,2,"YYZ, NRT",6:10 am – 8:11 pm,Air Canada,SIN‐EWR,26h01m,2,"NRT, YYZ",1400,20220403-2139,cheap
8:20 am – 12:20 am +2,"Alaska Airlines, Japan Airlines",EWR‐SIN,28h00m,2,"SFO, NRT",11:30 pm – 10:20 pm +1,Turkish Airlines,SIN‐EWR,34h50m,1,IST,1294,20220403-2137,best
10:25 am – 5:10 pm +1,Singapore Airlines,EWR‐SIN,18h45m,0,,11:35 pm – 6:00 am +1,Singapore Airlines,SIN‐EWR,18h25m,0,,1555,20220403-2137,best
8:30 pm – 12:35 am +3,United Airlines,EWR‐SIN,40h05m,2,"LAX, NRT",6:10 am – 4:45 pm,United Airlines,SIN‐EWR,22h35m,1,NRT,1064,20220403-2137,best
6:40 pm – 6:15 am +2,United Airlines,EWR‐SIN,23h35m,1,SFO,6:10 am – 4:45 pm,United Airlines,SIN‐EWR,22h35m,1,NRT,1457,20220403-2137,best
5:15 pm – 6:15 am +2,United Airlines,EWR‐SIN,25h00m,1,SFO,6:10 am – 4:45 pm,United Airlines,SIN‐EWR,22h35m,1,NRT,1457,20220403-2137,best
8:15 am – 1:15 am +2,Singapore Airlines,EWR‐SIN,29h00m,2,"LAX, NRT",11:35 pm – 6:00 am +1,Singapore Airlines,SIN‐EWR,18h25m,0,,1535,20220403-2137,best
12:20 pm – 6:15 am +2,United Airlines,EWR‐SIN,29h55m,2,"LAX, SFO",6:10 am – 4:45 pm,"ANA, United Airlines",SIN‐EWR,22h35m,1,NRT,1416,20220403-2137,best
6:40 pm – 6:15 am +2,United Airlines,EWR‐SIN,23h35m,1,SFO,8:45 am – 5:16 am +1,United Airlines,SIN‐EWR,32h31m,1,SFO,1361,20220403-2137,best
6:40 pm – 6:15 am +2,United Airlines,EWR‐SIN,23h35m,1,SFO,8:45 am – 12:57 am +1,United Airlines,SIN‐EWR,28h12m,1,SFO,1537,20220403-2137,best
5:15 pm – 6:15 am +2,United Airlines,EWR‐SIN,25h00m,1,SFO,8:45 am – 5:16 am +1,United Airlines,SIN‐EWR,32h31m,1,SFO,1361,20220403-2137,best
6:40 pm – 6:15 am +2,United Airlines,EWR‐SIN,23h35m,1,SFO,8:45 am – 7:05 am +1,United Airlines,SIN‐EWR,34h20m,1,SFO,1371,20220403-2137,best
9:05 am – 1:15 am +2,Air Canada,EWR‐SIN,28h10m,2,"YYZ, NRT",6:10 am – 8:11 pm,Air Canada,SIN‐EWR,26h01m,2,"NRT, YYZ",1400,20220403-2137,best
5:00 pm – 6:15 am +2,United Airlines,EWR‐SIN,25h15m,1,SFO,8:45 am – 12:57 am +1,United Airlines,SIN‐EWR,28h12m,1,SFO,1537,20220403-2137,best
7:20 am – 12:20 am +2,Japan Airlines,EWR‐SIN,29h00m,2,"SEA, NRT",6:10 am – 4:45 pm,ANA,SIN‐EWR,22h35m,1,NRT,1562,20220403-2137,best
5:15 pm – 6:15 am +2,United Airlines,EWR‐SIN,25h00m,1,SFO,8:45 am – 7:05 am +1,United Airlines,SIN‐EWR,34h20m,1,SFO,1371,20220403-2137,best
10:25 am – 5:10 pm +1,Singapore Airlines,EWR‐SIN,18h45m,0,,9:25 am – 7:00 am +1,Singapore Airlines,SIN‐EWR,33h35m,1,SFO,1639,20220403-2137,best
10:25 am – 5:10 pm +1,Singapore Airlines,EWR‐SIN,18h45m,0,,11:35 pm – 6:00 am +1,Singapore Airlines,SIN‐EWR,18h25m,0,,1555,20220403-2142,fast
7:55 am – 5:45 pm +1,British Airways,EWR‐SIN,21h50m,1,LHR,11:35 pm – 6:00 am +1,Singapore Airlines,SIN‐EWR,18h25m,0,,6631,20220403-2142,fast
10:25 am – 5:10 pm +1,Singapore Airlines,EWR‐SIN,18h45m,0,,6:40 pm – 7:00 am +1,Singapore Airlines,SIN‐EWR,24h20m,1,SFO,1991,20220403-2142,fast
4:00 pm – 5:45 am +2,Singapore Airlines,EWR‐SIN,25h45m,1,SFO,11:35 pm – 6:00 am +1,Singapore Airlines,SIN‐EWR,18h25m,0,,2041,20220403-2142,fast
10:25 am – 5:10 pm +1,Singapore Airlines,EWR‐SIN,18h45m,0,,10:35 pm – 1:50 pm +1,British Airways,SIN‐EWR,27h15m,1,LHR,6631,20220403-2142,fast
6:40 pm – 6:15 am +2,United Airlines,EWR‐SIN,23h35m,1,SFO,6:10 am – 4:45 pm,United Airlines,SIN‐EWR,22h35m,1,NRT,1457,20220403-2142,fast
8:45 pm – 7:00 am +2,Lufthansa,EWR‐SIN,22h15m,1,MUC,12:30 am – 12:25 pm,Lufthansa,SIN‐EWR,23h55m,1,MUC,2064,20220403-2142,fast
8:20 am – 12:20 am +2,Japan Airlines,EWR‐SIN,28h00m,2,"SFO, NRT",11:35 pm – 6:00 am +1,Singapore Airlines,SIN‐EWR,18h25m,0,,7006,20220403-2142,fast
8:15 am – 12:20 am +2,"American Airlines, Japan Airlines",EWR‐SIN,28h05m,2,"DFW, NRT",11:35 pm – 6:00 am +1,Singapore Airlines,SIN‐EWR,18h25m,0,,1694,20220403-2142,fast
8:15 am – 12:20 am +2,Japan Airlines,EWR‐SIN,28h05m,2,"LAX, NRT",11:35 pm – 6:00 am +1,Singapore Airlines,SIN‐EWR,18h25m,0,,7006,20220403-2142,fast
8:15 am – 1:15 am +2,Singapore Airlines,EWR‐SIN,29h00m,2,"LAX, NRT",11:35 pm – 6:00 am +1,Singapore Airlines,SIN‐EWR,18h25m,0,,1535,20220403-2142,fast
7:20 am – 12:20 am +2,Japan Airlines,EWR‐SIN,29h00m,2,"SEA, NRT",11:35 pm – 6:00 am +1,Singapore Airlines,SIN‐EWR,18h25m,0,,1580,20220403-2142,fast
6:15 pm – 5:55 am +2,SWISS,EWR‐SIN,23h40m,1,ZRH,1:25 am – 1:10 pm,SWISS,SIN‐EWR,23h45m,1,ZRH,2249,20220403-2142,fast
5:15 pm – 6:15 am +2,United Airlines,EWR‐SIN,25h00m,1,SFO,6:10 am – 4:45 pm,United Airlines,SIN‐EWR,22h35m,1,NRT,1457,20220403-2142,fast
6:59 am – 12:20 am +2,"American Airlines, Japan Airlines",EWR‐SIN,29h21m,2,"DFW, NRT",11:35 pm – 6:00 am +1,Singapore Airlines,SIN‐EWR,18h25m,0,,1694,20220403-2142,fast
