Out Time,Out Airline,Out Cities,Out Duration,Out Stops,Out Stop Cities,Return Time,Return Airline,Return Cities,Return Duration,Return Stops,Return Stop Cities,Price,timestamp,sort
11:50 pm – 5:30 pm +2,Turkish Airlines,EWR‐SIN,29h40m,1,IST,11:30 pm – 10:20 pm +1,Turkish Airlines,SIN‐EWR,34h50m,1,IST,1045,20220403-1553,cheap
8:00 am – 11:40 pm +1,Korean Air,EWR‐SIN,27h40m,2,"ATL, ICN",11:30 pm – 10:20 pm +1,Turkish Airlines,SIN‐EWR,34h50m,1,IST,1198,20220403-1553,cheap
11:25 am – 12:35 am +2,ANA,EWR‐SIN,25h10m,1,NRT,11:30 pm – 10:20 pm +1,Turkish Airlines,SIN‐EWR,34h50m,1,IST,1256,20220403-1553,cheap
11:25 am – 12:35 am +2,ANA,EWR‐SIN,25h10m,1,NRT,6:10 am – 9:05 pm,"ANA, United Airlines",SIN‐EWR,26h55m,2,"NRT, IAD-DCA",1408,20220403-1553,cheap
7:00 am – 12:35 am +2,"United Airlines, ANA",EWR‐SIN,29h35m,2,"SEA, NRT",6:10 am – 9:05 pm,"ANA, United Airlines",SIN‐EWR,26h55m,2,"NRT, IAD-DCA",1412,20220403-1553,cheap
6:55 am – 12:35 am +2,ANA,EWR‐SIN,29h40m,2,"LAX, NRT",6:10 am – 9:05 pm,"ANA, United Airlines",SIN‐EWR,26h55m,2,"NRT, IAD-DCA",1412,20220403-1553,cheap
6:55 am – 12:35 am +2,ANA,EWR‐SIN,29h40m,2,"LAX, NRT",6:10 am – 9:44 pm,ANA,SIN‐EWR,27h34m,2,"NRT, SFO",1475,20220403-1553,cheap
11:25 am – 12:35 am +2,ANA,EWR‐SIN,25h10m,1,NRT,6:10 am – 9:44 pm,ANA,SIN‐EWR,27h34m,2,"NRT, SFO",1485,20220403-1553,cheap
8:00 am – 11:40 pm +1,Korean Air,EWR‐SIN,27h40m,2,"ATL, ICN",12:30 am – 7:10 pm,"Scoot, Icelandair",SIN‐EWR,30h40m,3,"ATH, BER, ...",1487,20220403-1553,cheap
8:00 am – 11:40 pm +1,Korean Air,EWR‐SIN,27h40m,2,"ATL, ICN",12:30 am – 10:20 pm,"Scoot, Turkish Airlines",SIN‐EWR,33h50m,2,"ATH, IST",1489,20220403-1553,cheap
6:30 am – 12:35 am +2,ANA,EWR‐SIN,30h05m,2,"SFO, NRT",6:10 am – 9:44 pm,ANA,SIN‐EWR,27h34m,2,"NRT, SFO",1517,20220403-1553,cheap
6:30 am – 12:35 am +2,ANA,EWR‐SIN,30h05m,2,"SFO, NRT",6:10 am – 9:44 pm,ANA,SIN‐EWR,27h34m,2,"NRT, SFO",1517,20220403-1553,cheap
8:00 am – 11:40 pm +1,Korean Air,EWR‐SIN,27h40m,2,"ATL, ICN",8:10 am – 10:28 pm,Japan Airlines,SIN‐EWR,26h18m,2,"NRT, BOS",1545,20220403-1553,cheap
6:30 pm – 6:45 am +2,United Airlines,EWR‐SIN,24h15m,1,SFO,8:10 am – 10:28 pm,Japan Airlines,SIN‐EWR,26h18m,2,"NRT, BOS",1547,20220403-1553,cheap
6:30 pm – 6:45 am +2,United Airlines,EWR‐SIN,24h15m,1,SFO,8:10 am – 11:28 pm,"Japan Airlines, American Airlines",SIN‐EWR,27h18m,2,"NRT, DFW",1547,20220403-1553,cheap
11:50 pm – 5:30 pm +2,Turkish Airlines,EWR‐SIN,29h40m,1,IST,11:30 pm – 10:20 pm +1,Turkish Airlines,SIN‐EWR,34h50m,1,IST,1072,20220403-1551,best
10:25 am – 5:10 pm +1,Singapore Airlines,EWR‐SIN,18h45m,0,,11:35 pm – 6:00 am +1,Singapore Airlines,SIN‐EWR,18h25m,0,,1823,20220403-1551,best
11:50 pm – 5:30 pm +2,Turkish Airlines,EWR‐SIN,29h40m,1,IST,11:30 pm – 10:20 pm +1,Turkish Airlines,SIN‐EWR,34h50m,1,IST,1045,20220403-1551,best
11:25 am – 12:35 am +2,ANA,EWR‐SIN,25h10m,1,NRT,6:10 am – 9:05 pm,"ANA, United Airlines",SIN‐EWR,26h55m,2,"NRT, IAD-DCA",1408,20220403-1551,best
8:15 am – 1:15 am +2,Singapore Airlines,EWR‐SIN,29h00m,2,"LAX, NRT",11:35 pm – 6:00 am +1,Singapore Airlines,SIN‐EWR,18h25m,0,,1624,20220403-1551,best
11:25 am – 12:35 am +2,ANA,EWR‐SIN,25h10m,1,NRT,6:10 am – 9:44 pm,ANA,SIN‐EWR,27h34m,2,"NRT, SFO",1485,20220403-1551,best
11:25 am – 12:35 am +2,ANA,EWR‐SIN,25h10m,1,NRT,6:10 am – 8:54 pm,"ANA, United Airlines",SIN‐EWR,26h44m,2,"NRT, LAX",1597,20220403-1551,best
11:25 am – 12:35 am +2,ANA,EWR‐SIN,25h10m,1,NRT,11:30 pm – 10:20 pm +1,Turkish Airlines,SIN‐EWR,34h50m,1,IST,1256,20220403-1551,best
11:25 am – 12:35 am +2,ANA,EWR‐SIN,25h10m,1,NRT,6:10 am – 9:25 pm,ANA,SIN‐EWR,27h15m,2,"NRT, ORD",1618,20220403-1551,best
8:00 am – 11:40 pm +1,Korean Air,EWR‐SIN,27h40m,2,"ATL, ICN",8:10 am – 10:28 pm,Japan Airlines,SIN‐EWR,26h18m,2,"NRT, BOS",1545,20220403-1551,best
7:00 am – 12:35 am +2,"United Airlines, ANA",EWR‐SIN,29h35m,2,"SEA, NRT",6:10 am – 9:05 pm,"ANA, United Airlines",SIN‐EWR,26h55m,2,"NRT, IAD-DCA",1412,20220403-1551,best
11:25 am – 12:35 am +2,ANA,EWR‐SIN,25h10m,1,NRT,6:10 am – 12:17 am +1,ANA,SIN‐EWR,30h07m,2,"NRT, LAX",1559,20220403-1551,best
6:55 am – 12:35 am +2,ANA,EWR‐SIN,29h40m,2,"LAX, NRT",6:10 am – 9:05 pm,"ANA, United Airlines",SIN‐EWR,26h55m,2,"NRT, IAD-DCA",1412,20220403-1551,best
8:00 am – 11:40 pm +1,Korean Air,EWR‐SIN,27h40m,2,"ATL, ICN",11:30 pm – 10:20 pm +1,Turkish Airlines,SIN‐EWR,34h50m,1,IST,1198,20220403-1551,best
6:55 am – 12:35 am +2,ANA,EWR‐SIN,29h40m,2,"LAX, NRT",6:10 am – 9:44 pm,ANA,SIN‐EWR,27h34m,2,"NRT, SFO",1475,20220403-1551,best
6:30 am – 12:35 am +2,ANA,EWR‐SIN,30h05m,2,"SFO, NRT",6:10 am – 9:44 pm,ANA,SIN‐EWR,27h34m,2,"NRT, SFO",1517,20220403-1551,best
10:25 am – 5:10 pm +1,Singapore Airlines,EWR‐SIN,18h45m,0,,11:35 pm – 6:00 am +1,Singapore Airlines,SIN‐EWR,18h25m,0,,1823,20220403-1556,fast
10:25 am – 5:10 pm +1,Singapore Airlines,EWR‐SIN,18h45m,0,,6:10 am – 4:40 pm,ANA,SIN‐EWR,22h30m,1,NRT,3242,20220403-1556,fast
6:30 pm – 6:45 am +2,United Airlines,EWR‐SIN,24h15m,1,SFO,11:35 pm – 6:00 am +1,Singapore Airlines,SIN‐EWR,18h25m,0,,1903,20220403-1556,fast
10:25 am – 5:10 pm +1,Singapore Airlines,EWR‐SIN,18h45m,0,,6:40 pm – 7:05 am +1,Singapore Airlines,SIN‐EWR,24h25m,1,SFO,3152,20220403-1556,fast
11:25 am – 12:35 am +2,ANA,EWR‐SIN,25h10m,1,NRT,11:35 pm – 6:00 am +1,Singapore Airlines,SIN‐EWR,18h25m,0,,1949,20220403-1556,fast
6:35 pm – 7:50 am +2,Singapore Airlines,EWR‐SIN,25h15m,1,LAX,11:35 pm – 6:00 am +1,Singapore Airlines,SIN‐EWR,18h25m,0,,2270,20220403-1556,fast
5:25 pm – 6:45 am +2,United Airlines,EWR‐SIN,25h20m,1,SFO,11:35 pm – 6:00 am +1,Singapore Airlines,SIN‐EWR,18h25m,0,,1903,20220403-1556,fast
9:30 am – 11:40 pm +1,"Delta, Korean Air",EWR‐SIN,26h10m,2,"DTW, ICN",11:35 pm – 6:00 am +1,Singapore Airlines,SIN‐EWR,18h25m,0,,2034,20220403-1556,fast
10:25 am – 5:10 pm +1,Singapore Airlines,EWR‐SIN,18h45m,0,,8:10 am – 10:28 pm,Japan Airlines,SIN‐EWR,26h18m,2,"NRT, BOS",2157,20220403-1556,fast
10:25 am – 5:10 pm +1,Singapore Airlines,EWR‐SIN,18h45m,0,,6:10 am – 9:00 pm,"ANA, Air Canada",SIN‐EWR,26h50m,2,"NRT, YYZ",4887,20220403-1556,fast
10:25 am – 5:10 pm +1,Singapore Airlines,EWR‐SIN,18h45m,0,,6:10 am – 9:05 pm,"ANA, United Airlines",SIN‐EWR,26h55m,2,"NRT, IAD-DCA",2317,20220403-1556,fast
8:00 am – 11:40 pm +1,Korean Air,EWR‐SIN,27h40m,2,"ATL, ICN",11:35 pm – 6:00 am +1,Singapore Airlines,SIN‐EWR,18h25m,0,,1904,20220403-1556,fast
6:30 pm – 6:40 am +2,SWISS,EWR‐SIN,24h10m,2,"CDG, ZRH",6:10 am – 4:40 pm,ANA,SIN‐EWR,22h30m,1,NRT,3561,20220403-1556,fast
6:30 pm – 6:45 am +2,United Airlines,EWR‐SIN,24h15m,1,SFO,6:10 am – 4:40 pm,United Airlines,SIN‐EWR,22h30m,1,NRT,2185,20220403-1556,fast
8:15 am – 1:15 am +2,Singapore Airlines,EWR‐SIN,29h00m,2,"LAX, NRT",11:35 pm – 6:00 am +1,Singapore Airlines,SIN‐EWR,18h25m,0,,1624,20220403-1556,fast
