Out Time,Out Airline,Out Cities,Out Duration,Out Stops,Out Stop Cities,Return Time,Return Airline,Return Cities,Return Duration,Return Stops,Return Stop Cities,Price,timestamp,sort
8:00 am – 11:40 pm +1,Korean Air,EWR‐SIN,27h40m,2,"ATL, ICN",11:30 pm – 10:20 pm +1,Turkish Airlines,SIN‐EWR,34h50m,1,IST,1219,20220403-1829,cheap
8:40 am – 11:40 pm +1,Korean Air,EWR‐SIN,27h00m,2,"BOS, ICN",1:10 am – 3:14 pm,Korean Air,SIN‐EWR,26h04m,2,"ICN, ATL",1250,20220403-1829,cheap
11:15 am – 12:35 am +2,ANA,EWR‐SIN,25h20m,1,NRT,11:30 pm – 10:20 pm +1,Turkish Airlines,SIN‐EWR,34h50m,1,IST,1252,20220403-1829,cheap
7:20 am – 12:20 am +2,Japan Airlines,EWR‐SIN,29h00m,2,"SEA, NRT",12:30 am – 9:00 pm,Multiple Airlines,SIN‐EWR,32h30m,3,"BER, GLA, ...",1253,20220403-1829,cheap
8:40 am – 11:40 pm +1,Korean Air,EWR‐SIN,27h00m,2,"BOS, ICN",1:10 am – 2:49 pm,Korean Air,SIN‐EWR,25h39m,2,"ICN, BOS",1256,20220403-1829,cheap
8:00 am – 11:40 pm +1,Delta,EWR‐SIN,27h40m,2,"ATL, ICN",1:10 am – 3:14 pm,Delta,SIN‐EWR,26h04m,2,"ICN, ATL",1299,20220403-1829,cheap
7:00 am – 11:40 pm +1,Delta,EWR‐SIN,28h40m,2,"ATL, ICN",1:10 am – 3:14 pm,Delta,SIN‐EWR,26h04m,2,"ICN, ATL",1299,20220403-1829,cheap
8:00 am – 11:40 pm +1,Delta,EWR‐SIN,27h40m,2,"ATL, ICN",1:10 am – 4:43 pm,Delta,SIN‐EWR,27h33m,2,"ICN, ATL",1299,20220403-1829,cheap
6:00 am – 11:40 pm +1,Delta,EWR‐SIN,29h40m,2,"ATL, ICN",1:10 am – 3:14 pm,Delta,SIN‐EWR,26h04m,2,"ICN, ATL",1299,20220403-1829,cheap
7:00 am – 11:40 pm +1,Delta,EWR‐SIN,28h40m,2,"ATL, ICN",1:10 am – 4:43 pm,Delta,SIN‐EWR,27h33m,2,"ICN, ATL",1299,20220403-1829,cheap
8:00 am – 11:40 pm +1,Delta,EWR‐SIN,27h40m,2,"ATL, ICN",1:10 am – 6:22 pm,Delta,SIN‐EWR,29h12m,2,"ICN, ATL",1299,20220403-1829,cheap
7:20 am – 12:20 am +2,Japan Airlines,EWR‐SIN,29h00m,2,"SEA, NRT",12:30 am – 9:30 pm,"Scoot, TAP AIR PORTUGAL",SIN‐EWR,33h00m,3,"BER, FRA, ...",1302,20220403-1829,cheap
7:00 am – 11:40 pm +1,"Delta, Korean Air",EWR‐SIN,28h40m,2,"ATL, ICN",1:10 am – 3:14 pm,Korean Air,SIN‐EWR,26h04m,2,"ICN, ATL",1304,20220403-1829,cheap
8:00 am – 11:40 pm +1,Delta,EWR‐SIN,27h40m,2,"ATL, ICN",1:10 am – 2:49 pm,Delta,SIN‐EWR,25h39m,2,"ICN, BOS",1341,20220403-1829,cheap
7:00 am – 11:40 pm +1,Delta,EWR‐SIN,28h40m,2,"ATL, ICN",1:10 am – 2:49 pm,Delta,SIN‐EWR,25h39m,2,"ICN, BOS",1341,20220403-1829,cheap
11:15 am – 12:35 am +2,ANA,EWR‐SIN,25h20m,1,NRT,11:30 pm – 10:20 pm +1,Turkish Airlines,SIN‐EWR,34h50m,1,IST,1290,20220403-1827,best
10:25 am – 5:10 pm +1,Singapore Airlines,EWR‐SIN,18h45m,0,,11:35 pm – 6:00 am +1,Singapore Airlines,SIN‐EWR,18h25m,0,,1624,20220403-1827,best
8:00 am – 11:40 pm +1,Korean Air,EWR‐SIN,27h40m,2,"ATL, ICN",11:30 pm – 10:20 pm +1,Turkish Airlines,SIN‐EWR,34h50m,1,IST,1219,20220403-1827,best
10:25 am – 5:10 pm +1,Singapore Airlines,EWR‐SIN,18h45m,0,,6:40 pm – 7:00 am +1,Singapore Airlines,SIN‐EWR,24h20m,1,LAX,1757,20220403-1827,best
10:25 am – 5:10 pm +1,Singapore Airlines,EWR‐SIN,18h45m,0,,8:45 pm – 8:14 am +1,"Singapore Airlines, JetBlue",SIN‐EWR,23h29m,1,LAX,1757,20220403-1827,best
8:40 am – 11:40 pm +1,Korean Air,EWR‐SIN,27h00m,2,"BOS, ICN",1:10 am – 2:49 pm,Korean Air,SIN‐EWR,25h39m,2,"ICN, BOS",1256,20220403-1827,best
11:25 am – 12:35 am +2,United Airlines,EWR‐SIN,25h10m,1,NRT,9:00 am – 7:13 pm,United Airlines,SIN‐EWR,22h13m,1,SFO,1637,20220403-1827,best
10:25 am – 5:10 pm +1,Singapore Airlines,EWR‐SIN,18h45m,0,,6:40 pm – 8:14 am +1,"Singapore Airlines, JetBlue",SIN‐EWR,25h34m,1,LAX,1757,20220403-1827,best
8:00 am – 11:40 pm +1,Delta,EWR‐SIN,27h40m,2,"ATL, ICN",1:10 am – 3:14 pm,Delta,SIN‐EWR,26h04m,2,"ICN, ATL",1299,20220403-1827,best
8:00 am – 11:40 pm +1,Delta,EWR‐SIN,27h40m,2,"ATL, ICN",1:10 am – 2:49 pm,Delta,SIN‐EWR,25h39m,2,"ICN, BOS",1341,20220403-1827,best
7:00 am – 11:40 pm +1,Delta,EWR‐SIN,28h40m,2,"ATL, ICN",1:10 am – 3:14 pm,Delta,SIN‐EWR,26h04m,2,"ICN, ATL",1299,20220403-1827,best
7:00 am – 11:40 pm +1,"Delta, Korean Air",EWR‐SIN,28h40m,2,"ATL, ICN",1:10 am – 3:14 pm,Korean Air,SIN‐EWR,26h04m,2,"ICN, ATL",1304,20220403-1827,best
8:00 am – 11:40 pm +1,Delta,EWR‐SIN,27h40m,2,"ATL, ICN",1:10 am – 4:43 pm,Delta,SIN‐EWR,27h33m,2,"ICN, ATL",1299,20220403-1827,best
7:00 am – 11:40 pm +1,Delta,EWR‐SIN,28h40m,2,"ATL, ICN",1:10 am – 2:49 pm,Delta,SIN‐EWR,25h39m,2,"ICN, BOS",1341,20220403-1827,best
11:25 am – 12:35 am +2,United Airlines,EWR‐SIN,25h10m,1,NRT,9:00 am – 9:49 pm,United Airlines,SIN‐EWR,24h49m,1,SFO,1637,20220403-1827,best
6:00 am – 11:40 pm +1,Delta,EWR‐SIN,29h40m,2,"ATL, ICN",1:10 am – 3:14 pm,Delta,SIN‐EWR,26h04m,2,"ICN, ATL",1299,20220403-1827,best
11:15 am – 12:35 am +2,ANA,EWR‐SIN,25h20m,1,NRT,11:30 pm – 10:20 pm +1,Turkish Airlines,SIN‐EWR,34h50m,1,IST,1252,20220403-1827,best
10:25 am – 5:10 pm +1,Singapore Airlines,EWR‐SIN,18h45m,0,,11:35 pm – 6:00 am +1,Singapore Airlines,SIN‐EWR,18h25m,0,,1624,20220403-1832,fast
10:25 am – 5:10 pm +1,Singapore Airlines,EWR‐SIN,18h45m,0,,8:45 pm – 8:14 am +1,"Singapore Airlines, JetBlue",SIN‐EWR,23h29m,1,LAX,1757,20220403-1832,fast
10:25 am – 5:10 pm +1,Singapore Airlines,EWR‐SIN,18h45m,0,,6:40 pm – 7:00 am +1,Singapore Airlines,SIN‐EWR,24h20m,1,LAX,1757,20220403-1832,fast
10:25 am – 5:10 pm +1,Singapore Airlines,EWR‐SIN,18h45m,0,,6:40 pm – 7:00 am +1,Singapore Airlines,SIN‐EWR,24h20m,1,SFO,2002,20220403-1832,fast
6:35 pm – 7:50 am +2,Singapore Airlines,EWR‐SIN,25h15m,1,LAX,11:35 pm – 6:00 am +1,Singapore Airlines,SIN‐EWR,18h25m,0,,2240,20220403-1832,fast
10:00 pm – 7:30 am +2,"Austrian Airlines, Singapore Airlines",EWR‐SIN,21h30m,1,LHR,9:00 am – 7:13 pm,United Airlines,SIN‐EWR,22h13m,1,SFO,4628,20220403-1832,fast
11:15 am – 12:35 am +2,ANA,EWR‐SIN,25h20m,1,NRT,11:35 pm – 6:00 am +1,Singapore Airlines,SIN‐EWR,18h25m,0,,1930,20220403-1832,fast
10:25 am – 5:10 pm +1,Singapore Airlines,EWR‐SIN,18h45m,0,,6:40 pm – 8:14 am +1,"Singapore Airlines, JetBlue",SIN‐EWR,25h34m,1,LAX,1757,20220403-1832,fast
8:20 pm – 7:30 am +2,"Brussels Airlines, Singapore Airlines",EWR‐SIN,23h10m,1,LHR,9:00 am – 7:13 pm,United Airlines,SIN‐EWR,22h13m,1,SFO,4623,20220403-1832,fast
7:35 pm – 6:50 am +2,"Brussels Airlines, Singapore Airlines",EWR‐SIN,23h15m,1,FRA,9:00 am – 7:13 pm,United Airlines,SIN‐EWR,22h13m,1,SFO,4603,20220403-1832,fast
10:00 pm – 7:30 am +2,"Austrian Airlines, Singapore Airlines",EWR‐SIN,21h30m,1,LHR,6:40 pm – 7:00 am +1,Singapore Airlines,SIN‐EWR,24h20m,1,LAX,4536,20220403-1832,fast
8:00 am – 11:40 pm +1,"Delta, Korean Air",EWR‐SIN,27h40m,2,"ATL, ICN",11:35 pm – 6:00 am +1,Singapore Airlines,SIN‐EWR,18h25m,0,,2034,20220403-1832,fast
6:40 pm – 6:45 am +2,United Airlines,EWR‐SIN,24h05m,1,SFO,9:00 am – 7:13 pm,United Airlines,SIN‐EWR,22h13m,1,SFO,2240,20220403-1832,fast
8:45 pm – 7:00 am +2,Lufthansa,EWR‐SIN,22h15m,1,MUC,12:30 am – 12:45 pm,Lufthansa,SIN‐EWR,24h15m,1,MUC,2452,20220403-1832,fast
6:30 pm – 6:50 am +2,"Brussels Airlines, Singapore Airlines",EWR‐SIN,24h20m,1,CDG,9:00 am – 7:13 pm,United Airlines,SIN‐EWR,22h13m,1,SFO,4595,20220403-1832,fast
