Out Time,Out Airline,Out Cities,Out Duration,Out Stops,Out Stop Cities,Return Time,Return Airline,Return Cities,Return Duration,Return Stops,Return Stop Cities,Price,timestamp,sort
11:25 am – 12:35 am +2,ANA,EWR‐SIN,25h10m,1,NRT,6:10 am – 4:40 pm,ANA,SIN‐EWR,22h30m,1,NRT,983,20220403-1429,cheap
11:25 am – 12:35 am +2,ANA,EWR‐SIN,25h10m,1,NRT,6:10 am – 9:44 pm,ANA,SIN‐EWR,27h34m,2,"NRT, SFO",1003,20220403-1429,cheap
11:25 am – 12:35 am +2,ANA,EWR‐SIN,25h10m,1,NRT,6:10 am – 7:00 am +1,ANA,SIN‐EWR,36h50m,2,"NRT, LAX",1003,20220403-1429,cheap
11:25 am – 12:35 am +2,United Airlines,EWR‐SIN,25h10m,1,NRT,9:00 am – 11:09 pm,United Airlines,SIN‐EWR,26h09m,1,SFO,1012,20220403-1429,cheap
5:44 am – 12:35 am +2,United Airlines,EWR‐SIN,30h51m,2,"IAH, NRT",9:00 am – 11:09 pm,United Airlines,SIN‐EWR,26h09m,1,SFO,1016,20220403-1429,cheap
5:00 am – 12:35 am +2,United Airlines,EWR‐SIN,31h35m,2,"ORD, NRT",9:00 am – 11:09 pm,United Airlines,SIN‐EWR,26h09m,1,SFO,1016,20220403-1429,cheap
8:15 pm – 5:15 pm +2,"United Airlines, ANA",EWR‐SIN,33h00m,2,"SFO, HND",9:00 am – 11:09 pm,United Airlines,SIN‐EWR,26h09m,1,SFO,1020,20220403-1429,cheap
6:30 pm – 5:15 pm +2,"United Airlines, ANA",EWR‐SIN,34h45m,2,"SFO, HND",9:00 am – 11:09 pm,United Airlines,SIN‐EWR,26h09m,1,SFO,1020,20220403-1429,cheap
6:30 am – 12:35 am +2,"United Airlines, ANA",EWR‐SIN,30h05m,2,"LAX, NRT",9:00 am – 11:09 pm,United Airlines,SIN‐EWR,26h09m,1,SFO,1021,20220403-1429,cheap
11:25 am – 12:35 am +2,United Airlines,EWR‐SIN,25h10m,1,NRT,9:00 am – 7:07 am +1,United Airlines,SIN‐EWR,34h07m,1,SFO,1022,20220403-1429,cheap
11:25 am – 12:35 am +2,United Airlines,EWR‐SIN,25h10m,1,NRT,9:00 am – 8:29 am +1,United Airlines,SIN‐EWR,35h29m,1,SFO,1022,20220403-1429,cheap
5:44 am – 12:35 am +2,United Airlines,EWR‐SIN,30h51m,2,"IAH, NRT",6:10 am – 4:40 pm,"ANA, United Airlines",SIN‐EWR,22h30m,1,NRT,1024,20220403-1429,cheap
5:00 am – 12:35 am +2,United Airlines,EWR‐SIN,31h35m,2,"ORD, NRT",6:10 am – 4:40 pm,"ANA, United Airlines",SIN‐EWR,22h30m,1,NRT,1024,20220403-1429,cheap
8:15 pm – 5:15 pm +2,"United Airlines, ANA",EWR‐SIN,33h00m,2,"SFO, HND",6:10 am – 4:40 pm,"ANA, United Airlines",SIN‐EWR,22h30m,1,NRT,1028,20220403-1429,cheap
6:30 pm – 5:15 pm +2,"United Airlines, ANA",EWR‐SIN,34h45m,2,"SFO, HND",6:10 am – 4:40 pm,"ANA, United Airlines",SIN‐EWR,22h30m,1,NRT,1028,20220403-1429,cheap
6:30 am – 12:35 am +2,ANA,EWR‐SIN,30h05m,2,"LAX, NRT",6:10 am – 9:44 pm,ANA,SIN‐EWR,27h34m,2,"NRT, SFO",1036,20220403-1427,best
11:25 am – 12:35 am +2,ANA,EWR‐SIN,25h10m,1,NRT,6:10 am – 4:40 pm,ANA,SIN‐EWR,22h30m,1,NRT,983,20220403-1427,best
11:25 am – 12:35 am +2,United Airlines,EWR‐SIN,25h10m,1,NRT,9:00 am – 7:33 pm,United Airlines,SIN‐EWR,22h33m,1,SFO,1077,20220403-1427,best
11:25 am – 12:35 am +2,United Airlines,EWR‐SIN,25h10m,1,NRT,9:00 am – 9:44 pm,United Airlines,SIN‐EWR,24h44m,1,SFO,1077,20220403-1427,best
11:25 am – 12:35 am +2,United Airlines,EWR‐SIN,25h10m,1,NRT,9:00 am – 11:09 pm,United Airlines,SIN‐EWR,26h09m,1,SFO,1012,20220403-1427,best
11:25 am – 12:35 am +2,ANA,EWR‐SIN,25h10m,1,NRT,6:10 am – 9:44 pm,ANA,SIN‐EWR,27h34m,2,"NRT, SFO",1003,20220403-1427,best
7:51 am – 12:35 am +2,ANA,EWR‐SIN,28h44m,2,"ORD, NRT",6:10 am – 4:40 pm,ANA,SIN‐EWR,22h30m,1,NRT,1065,20220403-1427,best
6:30 am – 12:35 am +2,"United Airlines, ANA",EWR‐SIN,30h05m,2,"LAX, NRT",6:10 am – 4:40 pm,"ANA, United Airlines",SIN‐EWR,22h30m,1,NRT,1029,20220403-1427,best
8:15 pm – 5:15 pm +2,"United Airlines, ANA",EWR‐SIN,33h00m,2,"SFO, HND",6:10 am – 4:40 pm,"ANA, United Airlines",SIN‐EWR,22h30m,1,NRT,1028,20220403-1427,best
5:44 am – 12:35 am +2,United Airlines,EWR‐SIN,30h51m,2,"IAH, NRT",6:10 am – 4:40 pm,"ANA, United Airlines",SIN‐EWR,22h30m,1,NRT,1024,20220403-1427,best
6:30 am – 12:35 am +2,"United Airlines, ANA",EWR‐SIN,30h05m,2,"ORD, NRT",6:10 am – 4:40 pm,ANA,SIN‐EWR,22h30m,1,NRT,1091,20220403-1427,best
6:30 am – 12:35 am +2,"United Airlines, ANA",EWR‐SIN,30h05m,2,"LAX, NRT",9:00 am – 11:09 pm,United Airlines,SIN‐EWR,26h09m,1,SFO,1021,20220403-1427,best
5:00 am – 12:35 am +2,United Airlines,EWR‐SIN,31h35m,2,"ORD, NRT",6:10 am – 4:40 pm,"ANA, United Airlines",SIN‐EWR,22h30m,1,NRT,1024,20220403-1427,best
6:30 pm – 5:15 pm +2,"United Airlines, ANA",EWR‐SIN,34h45m,2,"SFO, HND",6:10 am – 4:40 pm,"ANA, United Airlines",SIN‐EWR,22h30m,1,NRT,1028,20220403-1427,best
11:25 am – 12:35 am +2,ANA,EWR‐SIN,25h10m,1,NRT,6:10 am – 12:30 am +1,ANA,SIN‐EWR,30h20m,2,"NRT, LAX",1071,20220403-1427,best
6:00 pm – 5:15 pm +2,"United Airlines, ANA",EWR‐SIN,35h15m,2,"LAX, HND",6:10 am – 4:40 pm,"ANA, United Airlines",SIN‐EWR,22h30m,1,NRT,1028,20220403-1427,best
10:25 am – 5:10 pm +1,Singapore Airlines,EWR‐SIN,18h45m,0,,6:10 am – 4:40 pm,ANA,SIN‐EWR,22h30m,1,NRT,2035,20220403-1432,fast
10:25 am – 5:10 pm +1,Singapore Airlines,EWR‐SIN,18h45m,0,,8:45 pm – 8:20 am +1,Singapore Airlines,SIN‐EWR,23h35m,1,LAX,3014,20220403-1432,fast
10:25 am – 5:10 pm +1,Singapore Airlines,EWR‐SIN,18h45m,0,,6:40 pm – 7:05 am +1,Singapore Airlines,SIN‐EWR,24h25m,1,SFO,2385,20220403-1432,fast
8:45 pm – 7:00 am +2,Lufthansa,EWR‐SIN,22h15m,1,MUC,6:10 am – 4:40 pm,ANA,SIN‐EWR,22h30m,1,NRT,3131,20220403-1432,fast
10:25 am – 5:10 pm +1,Singapore Airlines,EWR‐SIN,18h45m,0,,11:30 pm – 1:50 pm +1,"Singapore Airlines, Finnair",SIN‐EWR,26h20m,1,LHR,6303,20220403-1432,fast
8:45 pm – 7:00 am +2,Lufthansa,EWR‐SIN,22h15m,1,MUC,8:45 pm – 8:20 am +1,"Singapore Airlines, JetBlue",SIN‐EWR,23h35m,1,LAX,4008,20220403-1432,fast
7:35 pm – 7:00 am +2,Lufthansa,EWR‐SIN,23h25m,2,"FRA, MUC",6:10 am – 4:40 pm,ANA,SIN‐EWR,22h30m,1,NRT,3152,20220403-1432,fast
8:45 pm – 7:00 am +2,Lufthansa,EWR‐SIN,22h15m,1,MUC,12:30 am – 12:45 pm,Lufthansa,SIN‐EWR,24h15m,1,MUC,3491,20220403-1432,fast
7:35 pm – 7:00 am +2,Lufthansa,EWR‐SIN,23h25m,2,"FRA, MUC",8:45 pm – 8:20 am +1,"Singapore Airlines, JetBlue",SIN‐EWR,23h35m,1,LAX,3985,20220403-1432,fast
10:25 am – 5:10 pm +1,Singapore Airlines,EWR‐SIN,18h45m,0,,11:40 pm – 4:05 pm +1,Lufthansa,SIN‐EWR,28h25m,1,FRA,2054,20220403-1432,fast
6:20 pm – 5:55 am +2,SWISS,EWR‐SIN,23h35m,1,ZRH,8:45 pm – 8:20 am +1,"Singapore Airlines, JetBlue",SIN‐EWR,23h35m,1,LAX,3941,20220403-1432,fast
6:20 pm – 5:55 am +2,SWISS,EWR‐SIN,23h35m,1,ZRH,1:25 am – 1:10 pm,SWISS,SIN‐EWR,23h45m,1,ZRH,3449,20220403-1432,fast
7:35 pm – 6:50 am +2,Lufthansa,EWR‐SIN,23h15m,1,FRA,12:30 am – 12:45 pm,Lufthansa,SIN‐EWR,24h15m,1,MUC,3508,20220403-1432,fast
11:25 am – 12:35 am +2,ANA,EWR‐SIN,25h10m,1,NRT,6:10 am – 4:40 pm,ANA,SIN‐EWR,22h30m,1,NRT,983,20220403-1432,fast
11:25 am – 12:35 am +2,United Airlines,EWR‐SIN,25h10m,1,NRT,9:00 am – 7:33 pm,United Airlines,SIN‐EWR,22h33m,1,SFO,1077,20220403-1432,fast
