Out Time,Out Airline,Out Cities,Out Duration,Out Stops,Out Stop Cities,Return Time,Return Airline,Return Cities,Return Duration,Return Stops,Return Stop Cities,Price,timestamp,sort
12:00 pm – 12:35 am +2,ANA,EWR‐SIN,24h35m,1,NRT,6:10 am – 4:40 pm,ANA,SIN‐EWR,22h30m,1,NRT,1028,20220403-2339,cheap
10:55 am – 12:35 am +2,ANA,EWR‐SIN,25h40m,1,HND-NRT,6:10 am – 4:40 pm,ANA,SIN‐EWR,22h30m,1,NRT,1037,20220403-2339,cheap
6:00 am – 12:35 am +2,ANA,EWR‐SIN,30h35m,2,"LAX, NRT",6:10 am – 4:40 pm,ANA,SIN‐EWR,22h30m,1,NRT,1038,20220403-2339,cheap
6:00 am – 12:35 am +2,ANA,EWR‐SIN,30h35m,2,"LAX, NRT",6:10 am – 9:08 pm,ANA,SIN‐EWR,26h58m,2,"NRT, SFO",1040,20220403-2339,cheap
12:00 pm – 12:35 am +2,ANA,EWR‐SIN,24h35m,1,NRT,6:10 am – 9:08 pm,ANA,SIN‐EWR,26h58m,2,"NRT, SFO",1044,20220403-2339,cheap
10:55 am – 12:35 am +2,ANA,EWR‐SIN,25h40m,1,HND-NRT,6:10 am – 9:08 pm,ANA,SIN‐EWR,26h58m,2,"NRT, SFO",1053,20220403-2339,cheap
12:00 pm – 12:35 am +2,United Airlines,EWR‐SIN,24h35m,1,NRT,8:45 am – 9:08 pm,United Airlines,SIN‐EWR,24h23m,1,SFO,1057,20220403-2339,cheap
12:00 pm – 12:35 am +2,United Airlines,EWR‐SIN,24h35m,1,NRT,8:45 am – 10:08 pm,United Airlines,SIN‐EWR,25h23m,1,SFO,1057,20220403-2339,cheap
12:00 pm – 12:35 am +2,United Airlines,EWR‐SIN,24h35m,1,NRT,8:45 am – 12:53 am +1,United Airlines,SIN‐EWR,28h08m,1,SFO,1057,20220403-2339,cheap
6:29 am – 12:35 am +2,United Airlines,EWR‐SIN,30h06m,2,"SFO, NRT",8:45 am – 9:08 pm,United Airlines,SIN‐EWR,24h23m,1,SFO,1061,20220403-2339,cheap
6:20 am – 12:35 am +2,United Airlines,EWR‐SIN,30h15m,2,"LAX, NRT",8:45 am – 9:08 pm,United Airlines,SIN‐EWR,24h23m,1,SFO,1061,20220403-2339,cheap
6:29 am – 12:35 am +2,United Airlines,EWR‐SIN,30h06m,2,"SFO, NRT",8:45 am – 10:08 pm,United Airlines,SIN‐EWR,25h23m,1,SFO,1061,20220403-2339,cheap
6:20 am – 12:35 am +2,United Airlines,EWR‐SIN,30h15m,2,"LAX, NRT",8:45 am – 10:08 pm,United Airlines,SIN‐EWR,25h23m,1,SFO,1061,20220403-2339,cheap
6:29 am – 12:35 am +2,United Airlines,EWR‐SIN,30h06m,2,"SFO, NRT",8:45 am – 12:53 am +1,United Airlines,SIN‐EWR,28h08m,1,SFO,1061,20220403-2339,cheap
6:20 am – 12:35 am +2,United Airlines,EWR‐SIN,30h15m,2,"LAX, NRT",8:45 am – 12:53 am +1,United Airlines,SIN‐EWR,28h08m,1,SFO,1061,20220403-2339,cheap
12:00 pm – 12:35 am +2,ANA,EWR‐SIN,24h35m,1,NRT,6:10 am – 4:40 pm,ANA,SIN‐EWR,22h30m,1,NRT,1028,20220403-2336,best
12:00 pm – 12:35 am +2,ANA,EWR‐SIN,24h35m,1,NRT,6:10 am – 4:40 pm,ANA,SIN‐EWR,22h30m,1,NRT,1028,20220403-2336,best
10:55 am – 12:35 am +2,ANA,EWR‐SIN,25h40m,1,HND-NRT,6:10 am – 4:40 pm,ANA,SIN‐EWR,22h30m,1,NRT,1037,20220403-2336,best
10:25 am – 5:10 pm +1,Singapore Airlines,EWR‐SIN,18h45m,0,,11:35 pm – 6:00 am +1,Singapore Airlines,SIN‐EWR,18h25m,0,,1555,20220403-2336,best
12:00 pm – 12:35 am +2,United Airlines,EWR‐SIN,24h35m,1,NRT,8:45 am – 9:08 pm,United Airlines,SIN‐EWR,24h23m,1,SFO,1057,20220403-2336,best
10:55 am – 12:35 am +2,United Airlines,EWR‐SIN,25h40m,1,HND-NRT,8:45 am – 9:08 pm,United Airlines,SIN‐EWR,24h23m,1,SFO,1066,20220403-2336,best
12:00 pm – 12:35 am +2,United Airlines,EWR‐SIN,24h35m,1,NRT,8:45 am – 10:08 pm,United Airlines,SIN‐EWR,25h23m,1,SFO,1057,20220403-2336,best
10:55 am – 12:35 am +2,United Airlines,EWR‐SIN,25h40m,1,HND-NRT,8:45 am – 10:08 pm,United Airlines,SIN‐EWR,25h23m,1,SFO,1066,20220403-2336,best
12:00 pm – 12:35 am +2,United Airlines,EWR‐SIN,24h35m,1,NRT,8:45 am – 7:23 pm,United Airlines,SIN‐EWR,22h38m,1,SFO,1233,20220403-2336,best
12:00 pm – 12:35 am +2,ANA,EWR‐SIN,24h35m,1,NRT,6:10 am – 9:08 pm,ANA,SIN‐EWR,26h58m,2,"NRT, SFO",1044,20220403-2336,best
8:15 am – 12:35 am +2,ANA,EWR‐SIN,28h20m,2,"SFO, NRT",6:10 am – 4:40 pm,ANA,SIN‐EWR,22h30m,1,NRT,1071,20220403-2336,best
12:00 pm – 12:35 am +2,United Airlines,EWR‐SIN,24h35m,1,NRT,8:45 am – 12:53 am +1,United Airlines,SIN‐EWR,28h08m,1,SFO,1057,20220403-2336,best
10:55 am – 12:35 am +2,ANA,EWR‐SIN,25h40m,1,HND-NRT,6:10 am – 9:08 pm,ANA,SIN‐EWR,26h58m,2,"NRT, SFO",1053,20220403-2336,best
10:55 am – 12:35 am +2,United Airlines,EWR‐SIN,25h40m,1,HND-NRT,8:45 am – 12:53 am +1,United Airlines,SIN‐EWR,28h08m,1,SFO,1066,20220403-2336,best
6:29 am – 12:35 am +2,United Airlines,EWR‐SIN,30h06m,2,"SFO, NRT",6:10 am – 4:40 pm,United Airlines,SIN‐EWR,22h30m,1,NRT,1064,20220403-2336,best
6:20 am – 12:35 am +2,United Airlines,EWR‐SIN,30h15m,2,"LAX, NRT",6:10 am – 4:40 pm,United Airlines,SIN‐EWR,22h30m,1,NRT,1064,20220403-2336,best
10:25 am – 5:10 pm +1,Singapore Airlines,EWR‐SIN,18h45m,0,,11:35 pm – 6:00 am +1,Singapore Airlines,SIN‐EWR,18h25m,0,,1555,20220403-2342,fast
10:25 am – 5:10 pm +1,Singapore Airlines,EWR‐SIN,18h45m,0,,7:00 am – 4:49 pm,"Singapore Airlines, Air Canada",SIN‐EWR,21h49m,1,YVR,7106,20220403-2342,fast
10:25 am – 5:10 pm +1,Singapore Airlines,EWR‐SIN,18h45m,0,,6:10 am – 4:40 pm,ANA,SIN‐EWR,22h30m,1,NRT,2116,20220403-2342,fast
6:15 pm – 5:55 am +2,SWISS,EWR‐SIN,23h40m,1,ZRH,11:35 pm – 6:00 am +1,Singapore Airlines,SIN‐EWR,18h25m,0,,3547,20220403-2342,fast
12:00 pm – 12:35 am +2,ANA,EWR‐SIN,24h35m,1,NRT,11:35 pm – 6:00 am +1,Singapore Airlines,SIN‐EWR,18h25m,0,,1593,20220403-2342,fast
10:25 am – 5:10 pm +1,Singapore Airlines,EWR‐SIN,18h45m,0,,6:40 pm – 6:59 am +1,Singapore Airlines,SIN‐EWR,24h19m,1,SFO,1991,20220403-2342,fast
10:55 am – 12:35 am +2,ANA,EWR‐SIN,25h40m,1,HND-NRT,11:35 pm – 6:00 am +1,Singapore Airlines,SIN‐EWR,18h25m,0,,1925,20220403-2342,fast
3:59 pm – 5:45 am +2,Singapore Airlines,EWR‐SIN,25h46m,1,SFO,11:35 pm – 6:00 am +1,Singapore Airlines,SIN‐EWR,18h25m,0,,2041,20220403-2342,fast
6:45 pm – 8:55 am +2,"JetBlue, Qatar Airways",EWR‐SIN,26h10m,2,"BOS, DOH",11:35 pm – 6:00 am +1,Singapore Airlines,SIN‐EWR,18h25m,0,,2166,20220403-2342,fast
10:00 pm – 7:30 am +2,"Austrian Airlines, Singapore Airlines",EWR‐SIN,21h30m,1,LHR,11:30 pm – 10:50 am +1,"Singapore Airlines, Austrian Airlines",SIN‐EWR,23h20m,1,LHR,6636,20220403-2342,fast
10:25 am – 5:10 pm +1,Singapore Airlines,EWR‐SIN,18h45m,0,,6:10 am – 9:08 pm,ANA,SIN‐EWR,26h58m,2,"NRT, SFO",2217,20220403-2342,fast
6:40 pm – 6:15 am +2,United Airlines,EWR‐SIN,23h35m,1,SFO,6:10 am – 4:40 pm,United Airlines,SIN‐EWR,22h30m,1,NRT,7417,20220403-2342,fast
10:25 am – 5:10 pm +1,Singapore Airlines,EWR‐SIN,18h45m,0,,12:30 am – 3:55 pm,Lufthansa,SIN‐EWR,27h25m,2,"MUC, FRA",2538,20220403-2342,fast
4:00 pm – 7:50 am +2,Singapore Airlines,EWR‐SIN,27h50m,1,LAX,11:35 pm – 6:00 am +1,Singapore Airlines,SIN‐EWR,18h25m,0,,2390,20220403-2342,fast
8:25 am – 12:20 am +2,Japan Airlines,EWR‐SIN,27h55m,2,"SFO, NRT",11:35 pm – 6:00 am +1,Singapore Airlines,SIN‐EWR,18h25m,0,,1622,20220403-2342,fast
