Out Time,Out Airline,Out Cities,Out Duration,Out Stops,Out Stop Cities,Return Time,Return Airline,Return Cities,Return Duration,Return Stops,Return Stop Cities,Price,timestamp,sort
11:25 am – 12:35 am +2,ANA,EWR‐SIN,25h10m,1,NRT,6:10 am – 4:40 pm,ANA,SIN‐EWR,22h30m,1,NRT,983,20220403-1617,cheap
7:51 am – 12:35 am +2,ANA,EWR‐SIN,28h44m,2,"ORD, NRT",6:10 am – 4:40 pm,ANA,SIN‐EWR,22h30m,1,NRT,991,20220403-1617,cheap
7:51 am – 12:35 am +2,ANA,EWR‐SIN,28h44m,2,"ORD, NRT",6:10 am – 9:44 pm,ANA,SIN‐EWR,27h34m,2,"NRT, SFO",994,20220403-1617,cheap
6:30 am – 12:35 am +2,ANA,EWR‐SIN,30h05m,2,"LAX, NRT",6:10 am – 9:44 pm,ANA,SIN‐EWR,27h34m,2,"NRT, SFO",994,20220403-1617,cheap
7:51 am – 12:35 am +2,ANA,EWR‐SIN,28h44m,2,"ORD, NRT",6:10 am – 12:17 am +1,ANA,SIN‐EWR,30h07m,2,"NRT, LAX",994,20220403-1617,cheap
7:51 am – 12:35 am +2,ANA,EWR‐SIN,28h44m,2,"ORD, NRT",6:10 am – 12:17 am +1,ANA,SIN‐EWR,30h07m,2,"NRT, LAX",994,20220403-1617,cheap
6:30 am – 12:35 am +2,ANA,EWR‐SIN,30h05m,2,"LAX, NRT",6:10 am – 12:17 am +1,ANA,SIN‐EWR,30h07m,2,"NRT, LAX",994,20220403-1617,cheap
6:30 am – 12:35 am +2,ANA,EWR‐SIN,30h05m,2,"LAX, NRT",6:10 am – 12:17 am +1,ANA,SIN‐EWR,30h07m,2,"NRT, LAX",994,20220403-1617,cheap
6:30 am – 12:35 am +2,ANA,EWR‐SIN,30h05m,2,"LAX, NRT",6:10 am – 4:40 pm,ANA,SIN‐EWR,22h30m,1,NRT,995,20220403-1617,cheap
11:25 am – 12:35 am +2,ANA,EWR‐SIN,25h10m,1,NRT,6:10 am – 9:44 pm,ANA,SIN‐EWR,27h34m,2,"NRT, SFO",1001,20220403-1617,cheap
11:25 am – 12:35 am +2,ANA,EWR‐SIN,25h10m,1,NRT,6:10 am – 12:17 am +1,ANA,SIN‐EWR,30h07m,2,"NRT, LAX",1001,20220403-1617,cheap
11:25 am – 12:35 am +2,ANA,EWR‐SIN,25h10m,1,NRT,6:10 am – 12:17 am +1,ANA,SIN‐EWR,30h07m,2,"NRT, LAX",1001,20220403-1617,cheap
11:25 am – 12:35 am +2,ANA,EWR‐SIN,25h10m,1,NRT,6:10 am – 6:50 am +1,ANA,SIN‐EWR,36h40m,2,"NRT, LAX",1001,20220403-1617,cheap
11:25 am – 12:35 am +2,United Airlines,EWR‐SIN,25h10m,1,NRT,9:00 am – 7:33 pm,United Airlines,SIN‐EWR,22h33m,1,SFO,1012,20220403-1617,cheap
11:25 am – 12:35 am +2,United Airlines,EWR‐SIN,25h10m,1,NRT,9:00 am – 9:44 pm,United Airlines,SIN‐EWR,24h44m,1,SFO,1012,20220403-1617,cheap
11:25 am – 12:35 am +2,ANA,EWR‐SIN,25h10m,1,NRT,6:10 am – 4:40 pm,ANA,SIN‐EWR,22h30m,1,NRT,983,20220403-1614,best
11:25 am – 12:35 am +2,ANA,EWR‐SIN,25h10m,1,NRT,6:10 am – 4:40 pm,ANA,SIN‐EWR,22h30m,1,NRT,983,20220403-1614,best
11:25 am – 12:35 am +2,United Airlines,EWR‐SIN,25h10m,1,NRT,9:00 am – 7:33 pm,United Airlines,SIN‐EWR,22h33m,1,SFO,1012,20220403-1614,best
11:25 am – 12:35 am +2,United Airlines,EWR‐SIN,25h10m,1,NRT,9:00 am – 9:44 pm,United Airlines,SIN‐EWR,24h44m,1,SFO,1012,20220403-1614,best
7:51 am – 12:35 am +2,ANA,EWR‐SIN,28h44m,2,"ORD, NRT",6:10 am – 4:40 pm,ANA,SIN‐EWR,22h30m,1,NRT,991,20220403-1614,best
7:51 am – 12:35 am +2,"United Airlines, ANA",EWR‐SIN,28h44m,2,"ORD, NRT",9:00 am – 7:33 pm,United Airlines,SIN‐EWR,22h33m,1,SFO,1020,20220403-1614,best
11:25 am – 12:35 am +2,ANA,EWR‐SIN,25h10m,1,NRT,6:10 am – 9:44 pm,ANA,SIN‐EWR,27h34m,2,"NRT, SFO",1001,20220403-1614,best
6:30 am – 12:35 am +2,ANA,EWR‐SIN,30h05m,2,"LAX, NRT",6:10 am – 4:40 pm,ANA,SIN‐EWR,22h30m,1,NRT,995,20220403-1614,best
6:30 am – 12:35 am +2,United Airlines,EWR‐SIN,30h05m,2,"LAX, NRT",9:00 am – 7:33 pm,United Airlines,SIN‐EWR,22h33m,1,SFO,1016,20220403-1614,best
6:30 am – 12:35 am +2,United Airlines,EWR‐SIN,30h05m,2,"ORD, NRT",9:00 am – 7:33 pm,United Airlines,SIN‐EWR,22h33m,1,SFO,1016,20220403-1614,best
6:30 am – 12:35 am +2,"United Airlines, ANA",EWR‐SIN,30h05m,2,"SFO, NRT",9:00 am – 7:33 pm,United Airlines,SIN‐EWR,22h33m,1,SFO,1020,20220403-1614,best
6:30 am – 12:35 am +2,United Airlines,EWR‐SIN,30h05m,2,"ORD, NRT",6:10 am – 4:40 pm,"ANA, United Airlines",SIN‐EWR,22h30m,1,NRT,1024,20220403-1614,best
6:30 am – 12:35 am +2,United Airlines,EWR‐SIN,30h05m,2,"SFO, NRT",6:10 am – 4:40 pm,"ANA, United Airlines",SIN‐EWR,22h30m,1,NRT,1024,20220403-1614,best
6:30 am – 12:35 am +2,ANA,EWR‐SIN,30h05m,2,"SFO, NRT",6:10 am – 4:40 pm,ANA,SIN‐EWR,22h30m,1,NRT,1026,20220403-1614,best
7:51 am – 12:35 am +2,"United Airlines, ANA",EWR‐SIN,28h44m,2,"ORD, NRT",9:00 am – 8:54 pm,United Airlines,SIN‐EWR,23h54m,2,"SFO, LAX",1024,20220403-1614,best
10:25 am – 5:10 pm +1,Singapore Airlines,EWR‐SIN,18h45m,0,,11:35 pm – 6:00 am +1,Singapore Airlines,SIN‐EWR,18h25m,0,,1563,20220403-1614,best
10:25 am – 5:10 pm +1,Singapore Airlines,EWR‐SIN,18h45m,0,,11:35 pm – 6:00 am +1,Singapore Airlines,SIN‐EWR,18h25m,0,,1563,20220403-1620,fast
8:45 pm – 7:00 am +2,Lufthansa,EWR‐SIN,22h15m,1,MUC,11:35 pm – 6:00 am +1,Singapore Airlines,SIN‐EWR,18h25m,0,,2380,20220403-1620,fast
10:25 am – 5:10 pm +1,Singapore Airlines,EWR‐SIN,18h45m,0,,6:10 am – 4:40 pm,ANA,SIN‐EWR,22h30m,1,NRT,1963,20220403-1620,fast
10:25 am – 5:10 pm +1,Singapore Airlines,EWR‐SIN,18h45m,0,,6:40 pm – 7:05 am +1,Singapore Airlines,SIN‐EWR,24h25m,1,SFO,1902,20220403-1620,fast
11:25 am – 12:35 am +2,ANA,EWR‐SIN,25h10m,1,NRT,11:35 pm – 6:00 am +1,Singapore Airlines,SIN‐EWR,18h25m,0,,1554,20220403-1620,fast
11:55 pm – 3:00 pm +2,Emirates,EWR‐SIN,27h05m,2,"ATH, DXB",11:35 pm – 6:00 am +1,Singapore Airlines,SIN‐EWR,18h25m,0,,2085,20220403-1620,fast
10:25 am – 5:10 pm +1,Singapore Airlines,EWR‐SIN,18h45m,0,,8:10 am – 11:28 pm,"Japan Airlines, American Airlines",SIN‐EWR,27h18m,2,"NRT, DFW",2357,20220403-1620,fast
7:51 am – 12:35 am +2,ANA,EWR‐SIN,28h44m,2,"ORD, NRT",11:35 pm – 6:00 am +1,Singapore Airlines,SIN‐EWR,18h25m,0,,1563,20220403-1620,fast
6:20 pm – 5:55 am +2,SWISS,EWR‐SIN,23h35m,1,ZRH,1:25 am – 1:10 pm,SWISS,SIN‐EWR,23h45m,1,ZRH,2449,20220403-1620,fast
8:15 am – 1:15 am +2,Singapore Airlines,EWR‐SIN,29h00m,2,"LAX, NRT",11:35 pm – 6:00 am +1,Singapore Airlines,SIN‐EWR,18h25m,0,,1413,20220403-1620,fast
6:05 pm – 7:00 am +2,Lufthansa,EWR‐SIN,24h55m,2,"FRA, MUC",6:10 am – 4:40 pm,ANA,SIN‐EWR,22h30m,1,NRT,3138,20220403-1620,fast
11:25 am – 12:35 am +2,ANA,EWR‐SIN,25h10m,1,NRT,6:10 am – 4:40 pm,ANA,SIN‐EWR,22h30m,1,NRT,983,20220403-1620,fast
8:00 am – 1:15 am +2,"JetBlue, Singapore Airlines",EWR‐SIN,29h15m,2,"LAX, NRT",11:35 pm – 6:00 am +1,Singapore Airlines,SIN‐EWR,18h25m,0,,1329,20220403-1620,fast
11:25 am – 12:35 am +2,United Airlines,EWR‐SIN,25h10m,1,NRT,9:00 am – 7:33 pm,United Airlines,SIN‐EWR,22h33m,1,SFO,1012,20220403-1620,fast
10:25 am – 5:10 pm +1,Singapore Airlines,EWR‐SIN,18h45m,0,,6:10 am – 11:09 pm,"ANA, United Airlines",SIN‐EWR,28h59m,2,"NRT, SFO",2367,20220403-1620,fast
