Out Time,Out Airline,Out Cities,Out Duration,Out Stops,Out Stop Cities,Return Time,Return Airline,Return Cities,Return Duration,Return Stops,Return Stop Cities,Price,timestamp,sort
11:15 am – 12:35 am +2,ANA,EWR‐SIN,25h20m,1,NRT,11:30 pm – 10:20 pm +1,Turkish Airlines,SIN‐EWR,34h50m,1,IST,1106,20220403-1932,cheap
11:15 am – 12:35 am +2,ANA,EWR‐SIN,25h20m,1,NRT,6:10 am – 9:13 pm,ANA,SIN‐EWR,27h03m,2,"NRT, ORD",1161,20220403-1932,cheap
6:30 am – 12:35 am +2,ANA,EWR‐SIN,30h05m,2,"LAX, NRT",6:10 am – 9:13 pm,ANA,SIN‐EWR,27h03m,2,"NRT, ORD",1161,20220403-1932,cheap
6:30 am – 12:35 am +2,ANA,EWR‐SIN,30h05m,2,"LAX, NRT",6:10 am – 12:34 am +1,ANA,SIN‐EWR,30h24m,2,"NRT, LAX",1161,20220403-1932,cheap
11:15 am – 12:35 am +2,ANA,EWR‐SIN,25h20m,1,NRT,6:10 am – 12:34 am +1,ANA,SIN‐EWR,30h24m,2,"NRT, LAX",1165,20220403-1932,cheap
11:15 am – 12:35 am +2,ANA,EWR‐SIN,25h20m,1,NRT,6:10 am – 6:45 am +1,ANA,SIN‐EWR,36h35m,2,"NRT, LAX",1165,20220403-1932,cheap
11:15 am – 12:35 am +2,ANA,EWR‐SIN,25h20m,1,NRT,6:10 am – 9:20 pm,"ANA, United Airlines",SIN‐EWR,27h10m,2,"NRT, IAD-DCA",1200,20220403-1932,cheap
6:30 am – 12:35 am +2,ANA,EWR‐SIN,30h05m,2,"LAX, NRT",6:10 am – 9:20 pm,"ANA, United Airlines",SIN‐EWR,27h10m,2,"NRT, IAD-DCA",1204,20220403-1932,cheap
11:15 am – 12:35 am +2,ANA,EWR‐SIN,25h20m,1,NRT,6:10 am – 6:45 am +1,ANA,SIN‐EWR,36h35m,2,"NRT-HND, LAX",1211,20220403-1932,cheap
6:30 am – 12:35 am +2,ANA,EWR‐SIN,30h05m,2,"LAX, NRT",6:10 am – 9:49 pm,ANA,SIN‐EWR,27h39m,2,"NRT, SFO",1315,20220403-1932,cheap
11:15 am – 12:35 am +2,ANA,EWR‐SIN,25h20m,1,NRT,6:10 am – 9:49 pm,ANA,SIN‐EWR,27h39m,2,"NRT, SFO",1321,20220403-1932,cheap
5:40 pm – 9:00 am +2,"Brussels Airlines, Scoot",EWR‐SIN,27h20m,1,ATH,12:30 am – 4:00 pm,"Scoot, Brussels Airlines",SIN‐EWR,27h30m,1,ATH,1391,20220403-1932,cheap
11:15 am – 12:35 am +2,ANA,EWR‐SIN,25h20m,1,NRT,8:00 pm – 4:45 pm +1,"Jetstar Asia, ANA",SIN‐EWR,32h45m,2,"CGK, NRT",1410,20220403-1932,cheap
6:30 am – 12:35 am +2,ANA,EWR‐SIN,30h05m,2,"LAX, NRT",8:00 pm – 4:45 pm +1,"Jetstar Asia, ANA",SIN‐EWR,32h45m,2,"CGK, NRT",1410,20220403-1932,cheap
11:15 am – 12:35 am +2,ANA,EWR‐SIN,25h20m,1,NRT,6:25 pm – 4:45 pm +1,"Scoot, ANA",SIN‐EWR,34h20m,2,"CGK, NRT",1417,20220403-1932,cheap
11:15 am – 12:35 am +2,ANA,EWR‐SIN,25h20m,1,NRT,11:30 pm – 10:20 pm +1,Turkish Airlines,SIN‐EWR,34h50m,1,IST,1106,20220403-1930,best
10:25 am – 5:10 pm +1,Singapore Airlines,EWR‐SIN,18h45m,0,,11:35 pm – 6:00 am +1,Singapore Airlines,SIN‐EWR,18h25m,0,,1624,20220403-1930,best
11:15 am – 12:35 am +2,ANA,EWR‐SIN,25h20m,1,NRT,11:30 pm – 10:20 pm +1,Turkish Airlines,SIN‐EWR,34h50m,1,IST,1106,20220403-1930,best
11:15 am – 12:35 am +2,ANA,EWR‐SIN,25h20m,1,NRT,6:10 am – 9:13 pm,ANA,SIN‐EWR,27h03m,2,"NRT, ORD",1161,20220403-1930,best
11:15 am – 12:35 am +2,ANA,EWR‐SIN,25h20m,1,NRT,6:10 am – 9:20 pm,"ANA, United Airlines",SIN‐EWR,27h10m,2,"NRT, IAD-DCA",1200,20220403-1930,best
11:15 am – 12:35 am +2,ANA,EWR‐SIN,25h20m,1,NRT,6:10 am – 4:45 pm,ANA,SIN‐EWR,22h35m,1,NRT,1487,20220403-1930,best
11:25 am – 12:35 am +2,United Airlines,EWR‐SIN,25h10m,1,NRT,6:10 am – 4:45 pm,United Airlines,SIN‐EWR,22h35m,1,NRT,1496,20220403-1930,best
11:15 am – 12:35 am +2,ANA,EWR‐SIN,25h20m,1,NRT,6:10 am – 12:34 am +1,ANA,SIN‐EWR,30h24m,2,"NRT, LAX",1165,20220403-1930,best
10:25 am – 5:10 pm +1,Singapore Airlines,EWR‐SIN,18h45m,0,,8:45 pm – 3:10 pm +1,Singapore Airlines,SIN‐EWR,30h25m,1,LAX,1603,20220403-1930,best
11:15 am – 12:35 am +2,ANA,EWR‐SIN,25h20m,1,NRT,6:10 am – 9:49 pm,ANA,SIN‐EWR,27h39m,2,"NRT, SFO",1321,20220403-1930,best
6:30 am – 12:35 am +2,ANA,EWR‐SIN,30h05m,2,"LAX, NRT",6:10 am – 9:13 pm,ANA,SIN‐EWR,27h03m,2,"NRT, ORD",1161,20220403-1930,best
10:25 am – 5:10 pm +1,Singapore Airlines,EWR‐SIN,18h45m,0,,9:25 am – 7:00 am +1,"Singapore Airlines, Alaska Airlines",SIN‐EWR,33h35m,1,SFO,1534,20220403-1930,best
10:25 am – 5:10 pm +1,Singapore Airlines,EWR‐SIN,18h45m,0,,6:40 pm – 7:00 am +1,Singapore Airlines,SIN‐EWR,24h20m,1,SFO,2002,20220403-1930,best
6:30 am – 12:35 am +2,ANA,EWR‐SIN,30h05m,2,"LAX, NRT",6:10 am – 9:20 pm,"ANA, United Airlines",SIN‐EWR,27h10m,2,"NRT, IAD-DCA",1204,20220403-1930,best
8:15 am – 1:15 am +2,Singapore Airlines,EWR‐SIN,29h00m,2,"LAX, NRT",11:35 pm – 6:00 am +1,Singapore Airlines,SIN‐EWR,18h25m,0,,1692,20220403-1930,best
11:25 am – 12:35 am +2,United Airlines,EWR‐SIN,25h10m,1,NRT,6:10 am – 9:49 pm,United Airlines,SIN‐EWR,27h39m,2,"NRT, SFO",1506,20220403-1930,best
10:25 am – 5:10 pm +1,Singapore Airlines,EWR‐SIN,18h45m,0,,11:35 pm – 6:00 am +1,Singapore Airlines,SIN‐EWR,18h25m,0,,1624,20220403-1935,fast
10:25 am – 5:10 pm +1,Singapore Airlines,EWR‐SIN,18h45m,0,,8:45 pm – 8:14 am +1,"Singapore Airlines, JetBlue",SIN‐EWR,23h29m,1,LAX,2506,20220403-1935,fast
10:25 am – 5:10 pm +1,Singapore Airlines,EWR‐SIN,18h45m,0,,6:40 pm – 7:00 am +1,Singapore Airlines,SIN‐EWR,24h20m,1,SFO,2002,20220403-1935,fast
11:15 am – 12:35 am +2,ANA,EWR‐SIN,25h20m,1,NRT,11:35 pm – 6:00 am +1,Singapore Airlines,SIN‐EWR,18h25m,0,,1610,20220403-1935,fast
6:24 pm – 7:50 am +2,"JetBlue, Singapore Airlines",EWR‐SIN,25h26m,1,LAX,11:35 pm – 6:00 am +1,Singapore Airlines,SIN‐EWR,18h25m,0,,2872,20220403-1935,fast
4:15 pm – 7:50 am +2,Singapore Airlines,EWR‐SIN,27h35m,1,LAX,11:35 pm – 6:00 am +1,Singapore Airlines,SIN‐EWR,18h25m,0,,2831,20220403-1935,fast
8:45 pm – 7:00 am +2,Lufthansa,EWR‐SIN,22h15m,1,MUC,12:30 am – 12:25 pm,Lufthansa,SIN‐EWR,23h55m,1,MUC,2868,20220403-1935,fast
8:45 pm – 7:00 am +2,Lufthansa,EWR‐SIN,22h15m,1,MUC,6:40 pm – 7:00 am +1,Singapore Airlines,SIN‐EWR,24h20m,1,SFO,2864,20220403-1935,fast
6:40 pm – 6:45 am +2,United Airlines,EWR‐SIN,24h05m,1,SFO,6:10 am – 4:45 pm,United Airlines,SIN‐EWR,22h35m,1,NRT,1968,20220403-1935,fast
7:35 pm – 6:50 am +2,Lufthansa,EWR‐SIN,23h15m,1,FRA,12:30 am – 12:25 pm,Lufthansa,SIN‐EWR,23h55m,1,MUC,2885,20220403-1935,fast
5:55 pm – 6:40 am +2,SWISS,EWR‐SIN,24h45m,2,"AMS, ZRH",6:10 am – 4:45 pm,ANA,SIN‐EWR,22h35m,1,NRT,2746,20220403-1935,fast
8:15 am – 1:15 am +2,Singapore Airlines,EWR‐SIN,29h00m,2,"LAX, NRT",11:35 pm – 6:00 am +1,Singapore Airlines,SIN‐EWR,18h25m,0,,1692,20220403-1935,fast
10:25 am – 5:10 pm +1,Singapore Airlines,EWR‐SIN,18h45m,0,,6:10 am – 10:59 pm,"ANA, United Airlines",SIN‐EWR,28h49m,2,"NRT, ORD",2331,20220403-1935,fast
11:25 am – 12:35 am +2,United Airlines,EWR‐SIN,25h10m,1,NRT,6:10 am – 4:45 pm,United Airlines,SIN‐EWR,22h35m,1,NRT,1496,20220403-1935,fast
11:15 am – 12:35 am +2,ANA,EWR‐SIN,25h20m,1,NRT,6:10 am – 4:45 pm,ANA,SIN‐EWR,22h35m,1,NRT,1487,20220403-1935,fast
