Out Time,Out Airline,Out Cities,Out Duration,Out Stops,Out Stop Cities,Return Time,Return Airline,Return Cities,Return Duration,Return Stops,Return Stop Cities,Price,timestamp,sort
6:14 am – 6:15 am +2,United Airlines,EWR‐SIN,36h01m,2,"DEN, SFO",8:45 am – 10:00 pm,United Airlines,SIN‐EWR,25h15m,1,SFO,918,20220407-1549,cheap
6:14 am – 6:15 am +2,United Airlines,EWR‐SIN,36h01m,2,"DEN, SFO",8:45 am – 12:45 am +1,United Airlines,SIN‐EWR,28h00m,1,SFO,918,20220407-1549,cheap
6:10 am – 6:15 am +2,United Airlines,EWR‐SIN,36h05m,1,SFO,8:45 am – 10:00 pm,United Airlines,SIN‐EWR,25h15m,1,SFO,928,20220407-1549,cheap
11:35 am – 12:35 am +2,ANA,EWR‐SIN,25h00m,1,NRT,6:10 am – 4:40 pm,ANA,SIN‐EWR,22h30m,1,NRT,996,20220407-1549,cheap
10:55 am – 12:35 am +2,ANA,EWR‐SIN,25h40m,1,HND-NRT,6:10 am – 4:40 pm,ANA,SIN‐EWR,22h30m,1,NRT,1005,20220407-1549,cheap
11:35 am – 12:35 am +2,ANA,EWR‐SIN,25h00m,1,NRT,6:10 am – 10:00 pm,ANA,SIN‐EWR,27h50m,2,"NRT, SFO",1006,20220407-1549,cheap
11:35 am – 12:35 am +2,ANA,EWR‐SIN,25h00m,1,NRT,6:10 am – 10:44 pm,ANA,SIN‐EWR,28h34m,2,"NRT, LAX",1006,20220407-1549,cheap
11:35 am – 12:35 am +2,ANA,EWR‐SIN,25h00m,1,NRT,6:10 am – 5:41 am +1,ANA,SIN‐EWR,35h31m,2,"NRT, LAX",1006,20220407-1549,cheap
10:55 am – 12:35 am +2,ANA,EWR‐SIN,25h40m,1,HND-NRT,6:10 am – 10:00 pm,ANA,SIN‐EWR,27h50m,2,"NRT, SFO",1013,20220407-1549,cheap
10:55 am – 12:35 am +2,ANA,EWR‐SIN,25h40m,1,HND-NRT,6:10 am – 10:44 pm,ANA,SIN‐EWR,28h34m,2,"NRT, LAX",1013,20220407-1549,cheap
10:55 am – 12:35 am +2,ANA,EWR‐SIN,25h40m,1,HND-NRT,6:10 am – 5:41 am +1,ANA,SIN‐EWR,35h31m,2,"NRT, LAX",1013,20220407-1549,cheap
6:40 pm – 6:15 am +2,United Airlines,EWR‐SIN,23h35m,1,SFO,8:45 am – 10:00 pm,United Airlines,SIN‐EWR,25h15m,1,SFO,1022,20220407-1549,cheap
4:40 pm – 6:15 am +2,United Airlines,EWR‐SIN,25h35m,1,SFO,8:45 am – 10:00 pm,United Airlines,SIN‐EWR,25h15m,1,SFO,1022,20220407-1549,cheap
6:40 pm – 6:15 am +2,United Airlines,EWR‐SIN,23h35m,1,SFO,8:45 am – 12:45 am +1,United Airlines,SIN‐EWR,28h00m,1,SFO,1022,20220407-1549,cheap
4:40 pm – 6:15 am +2,United Airlines,EWR‐SIN,25h35m,1,SFO,8:45 am – 12:45 am +1,United Airlines,SIN‐EWR,28h00m,1,SFO,1022,20220407-1549,cheap
6:00 am – 12:20 am +2,Japan Airlines,EWR‐SIN,30h20m,2,"BOS, NRT",1:50 am – 2:52 pm,Japan Airlines,SIN‐EWR,25h02m,2,"HND, ORD",1205,20220407-1547,best
11:35 am – 12:35 am +2,ANA,EWR‐SIN,25h00m,1,NRT,6:10 am – 4:40 pm,ANA,SIN‐EWR,22h30m,1,NRT,996,20220407-1547,best
6:14 am – 6:15 am +2,United Airlines,EWR‐SIN,36h01m,2,"DEN, SFO",8:45 am – 10:00 pm,United Airlines,SIN‐EWR,25h15m,1,SFO,918,20220407-1547,best
10:55 am – 12:35 am +2,ANA,EWR‐SIN,25h40m,1,HND-NRT,6:10 am – 4:40 pm,ANA,SIN‐EWR,22h30m,1,NRT,1005,20220407-1547,best
6:40 pm – 6:15 am +2,United Airlines,EWR‐SIN,23h35m,1,SFO,8:45 am – 7:20 pm,United Airlines,SIN‐EWR,22h35m,1,SFO,1125,20220407-1547,best
6:40 pm – 6:15 am +2,United Airlines,EWR‐SIN,23h35m,1,SFO,6:10 am – 4:40 pm,"ANA, United Airlines",SIN‐EWR,22h30m,1,NRT,1129,20220407-1547,best
6:40 pm – 6:15 am +2,United Airlines,EWR‐SIN,23h35m,1,SFO,8:45 am – 10:00 pm,United Airlines,SIN‐EWR,25h15m,1,SFO,1022,20220407-1547,best
6:40 pm – 6:15 am +2,United Airlines,EWR‐SIN,23h35m,1,SFO,8:45 am – 8:06 pm,United Airlines,SIN‐EWR,23h21m,1,SFO,1125,20220407-1547,best
10:25 am – 5:10 pm +1,Singapore Airlines,EWR‐SIN,18h45m,0,,11:35 pm – 6:00 am +1,Singapore Airlines,SIN‐EWR,18h25m,0,,1468,20220407-1547,best
4:40 pm – 6:15 am +2,United Airlines,EWR‐SIN,25h35m,1,SFO,8:45 am – 10:00 pm,United Airlines,SIN‐EWR,25h15m,1,SFO,1022,20220407-1547,best
4:40 pm – 6:15 am +2,United Airlines,EWR‐SIN,25h35m,1,SFO,8:45 am – 7:20 pm,United Airlines,SIN‐EWR,22h35m,1,SFO,1125,20220407-1547,best
6:40 pm – 6:15 am +2,United Airlines,EWR‐SIN,23h35m,1,SFO,8:45 am – 12:45 am +1,United Airlines,SIN‐EWR,28h00m,1,SFO,1022,20220407-1547,best
4:40 pm – 6:15 am +2,United Airlines,EWR‐SIN,25h35m,1,SFO,8:45 am – 8:06 pm,United Airlines,SIN‐EWR,23h21m,1,SFO,1125,20220407-1547,best
11:35 am – 12:35 am +2,ANA,EWR‐SIN,25h00m,1,NRT,6:10 am – 10:00 pm,ANA,SIN‐EWR,27h50m,2,"NRT, SFO",1006,20220407-1547,best
11:35 am – 12:35 am +2,ANA,EWR‐SIN,25h00m,1,NRT,6:10 am – 10:44 pm,ANA,SIN‐EWR,28h34m,2,"NRT, LAX",1006,20220407-1547,best
4:40 pm – 6:15 am +2,United Airlines,EWR‐SIN,25h35m,1,SFO,8:45 am – 12:45 am +1,United Airlines,SIN‐EWR,28h00m,1,SFO,1022,20220407-1547,best
10:55 am – 12:35 am +2,ANA,EWR‐SIN,25h40m,1,HND-NRT,6:10 am – 10:00 pm,ANA,SIN‐EWR,27h50m,2,"NRT, SFO",1013,20220407-1547,best
10:25 am – 5:10 pm +1,Singapore Airlines,EWR‐SIN,18h45m,0,,11:35 pm – 6:00 am +1,Singapore Airlines,SIN‐EWR,18h25m,0,,1468,20220407-1552,fast
10:25 am – 5:10 pm +1,Singapore Airlines,EWR‐SIN,18h45m,0,,6:10 am – 4:40 pm,ANA,SIN‐EWR,22h30m,1,NRT,1796,20220407-1552,fast
6:40 pm – 6:15 am +2,United Airlines,EWR‐SIN,23h35m,1,SFO,11:35 pm – 6:00 am +1,Singapore Airlines,SIN‐EWR,18h25m,0,,1592,20220407-1552,fast
10:25 am – 5:10 pm +1,Singapore Airlines,EWR‐SIN,18h45m,0,,6:40 pm – 6:59 am +1,Singapore Airlines,SIN‐EWR,24h19m,1,SFO,1905,20220407-1552,fast
10:25 am – 5:10 pm +1,Singapore Airlines,EWR‐SIN,18h45m,0,,6:40 pm – 7:05 am +1,Singapore Airlines,SIN‐EWR,24h25m,1,LAX,1655,20220407-1552,fast
4:40 pm – 6:15 am +2,United Airlines,EWR‐SIN,25h35m,1,SFO,11:35 pm – 6:00 am +1,Singapore Airlines,SIN‐EWR,18h25m,0,,1592,20220407-1552,fast
3:59 pm – 5:45 am +2,Singapore Airlines,EWR‐SIN,25h46m,1,SFO,11:35 pm – 6:00 am +1,Singapore Airlines,SIN‐EWR,18h25m,0,,2347,20220407-1552,fast
6:45 pm – 8:55 am +2,"JetBlue, Qatar Airways",EWR‐SIN,26h10m,2,"BOS, DOH",11:35 pm – 6:00 am +1,Singapore Airlines,SIN‐EWR,18h25m,0,,1831,20220407-1552,fast
9:26 am – 12:20 am +2,"JetBlue, Japan Airlines",EWR‐SIN,26h54m,2,"BOS, NRT",11:35 pm – 6:00 am +1,Singapore Airlines,SIN‐EWR,18h25m,0,,1548,20220407-1552,fast
8:40 am – 11:40 pm +1,Korean Air,EWR‐SIN,27h00m,2,"BOS, ICN",11:35 pm – 6:00 am +1,Singapore Airlines,SIN‐EWR,18h25m,0,,1594,20220407-1552,fast
8:55 pm – 7:00 am +2,Lufthansa,EWR‐SIN,22h05m,1,MUC,12:30 am – 12:25 pm,Lufthansa,SIN‐EWR,23h55m,1,MUC,2121,20220407-1552,fast
6:40 pm – 6:15 am +2,United Airlines,EWR‐SIN,23h35m,1,SFO,6:10 am – 4:40 pm,"ANA, United Airlines",SIN‐EWR,22h30m,1,NRT,1129,20220407-1552,fast
6:40 pm – 6:15 am +2,United Airlines,EWR‐SIN,23h35m,1,SFO,8:45 am – 7:20 pm,United Airlines,SIN‐EWR,22h35m,1,SFO,1125,20220407-1552,fast
9:00 am – 1:15 am +2,Singapore Airlines,EWR‐SIN,28h15m,2,"LAX, NRT",11:35 pm – 6:00 am +1,Singapore Airlines,SIN‐EWR,18h25m,0,,2377,20220407-1552,fast
4:26 pm – 8:55 am +2,"JetBlue, Qatar Airways",EWR‐SIN,28h29m,2,"BOS, DOH",11:35 pm – 6:00 am +1,Singapore Airlines,SIN‐EWR,18h25m,0,,1831,20220407-1552,fast
