Out Time,Out Airline,Out Cities,Out Duration,Out Stops,Out Stop Cities,Return Time,Return Airline,Return Cities,Return Duration,Return Stops,Return Stop Cities,Price,timestamp,sort
8:30 pm – 12:35 am +3,ANA,EWR‐SIN,40h05m,2,"LAX, NRT",6:10 am – 4:45 pm,ANA,SIN‐EWR,22h35m,1,NRT,1044,20220403-2108,cheap
7:00 am – 12:35 am +2,United Airlines,EWR‐SIN,29h35m,2,"SEA, NRT",8:45 am – 1:07 am +1,United Airlines,SIN‐EWR,28h22m,1,SFO,1061,20220403-2108,cheap
6:29 am – 12:35 am +2,"United Airlines, ANA",EWR‐SIN,30h06m,2,"SFO, NRT",8:45 am – 1:07 am +1,United Airlines,SIN‐EWR,28h22m,1,SFO,1065,20220403-2108,cheap
6:30 am – 12:35 am +2,"United Airlines, ANA",EWR‐SIN,30h05m,2,"LAX, NRT",8:45 am – 1:07 am +1,United Airlines,SIN‐EWR,28h22m,1,SFO,1066,20220403-2108,cheap
5:48 am – 12:35 am +2,"United Airlines, ANA",EWR‐SIN,30h47m,2,"IAH, NRT",8:45 am – 1:07 am +1,United Airlines,SIN‐EWR,28h22m,1,SFO,1066,20220403-2108,cheap
7:00 am – 12:35 am +2,United Airlines,EWR‐SIN,29h35m,2,"SEA, NRT",6:10 am – 4:45 pm,"ANA, United Airlines",SIN‐EWR,22h35m,1,NRT,1069,20220403-2108,cheap
6:29 am – 12:35 am +2,"United Airlines, ANA",EWR‐SIN,30h06m,2,"SFO, NRT",6:10 am – 4:45 pm,"ANA, United Airlines",SIN‐EWR,22h35m,1,NRT,1073,20220403-2108,cheap
6:30 am – 12:35 am +2,"United Airlines, ANA",EWR‐SIN,30h05m,2,"LAX, NRT",6:10 am – 4:45 pm,"ANA, United Airlines",SIN‐EWR,22h35m,1,NRT,1074,20220403-2108,cheap
5:48 am – 12:35 am +2,"United Airlines, ANA",EWR‐SIN,30h47m,2,"IAH, NRT",6:10 am – 4:45 pm,"ANA, United Airlines",SIN‐EWR,22h35m,1,NRT,1074,20220403-2108,cheap
7:00 am – 12:35 am +2,United Airlines,EWR‐SIN,29h35m,2,"SEA, NRT",8:45 am – 7:21 pm,United Airlines,SIN‐EWR,22h36m,1,SFO,1237,20220403-2108,cheap
5:48 am – 12:35 am +2,"United Airlines, ANA",EWR‐SIN,30h47m,2,"IAH, NRT",8:45 am – 7:21 pm,United Airlines,SIN‐EWR,22h36m,1,SFO,1242,20220403-2108,cheap
7:00 am – 12:35 am +2,United Airlines,EWR‐SIN,29h35m,2,"SEA, NRT",8:45 am – 10:29 pm,United Airlines,SIN‐EWR,25h44m,2,"SFO, LAS",1242,20220403-2108,cheap
7:00 am – 12:35 am +2,United Airlines,EWR‐SIN,29h35m,2,"SEA, NRT",8:45 am – 11:29 pm,United Airlines,SIN‐EWR,26h44m,2,"SFO, LAS",1242,20220403-2108,cheap
7:00 am – 12:35 am +2,United Airlines,EWR‐SIN,29h35m,2,"SEA, NRT",8:45 am – 11:29 pm,United Airlines,SIN‐EWR,26h44m,2,"SFO, LAS",1242,20220403-2108,cheap
7:00 am – 12:35 am +2,United Airlines,EWR‐SIN,29h35m,2,"SEA, NRT",8:45 am – 11:31 pm,United Airlines,SIN‐EWR,26h46m,2,"SFO, DEN",1242,20220403-2108,cheap
8:30 pm – 12:35 am +3,ANA,EWR‐SIN,40h05m,2,"LAX, NRT",6:10 am – 4:45 pm,ANA,SIN‐EWR,22h35m,1,NRT,1075,20220403-2105,best
10:25 am – 5:10 pm +1,Singapore Airlines,EWR‐SIN,18h45m,0,,11:35 pm – 6:00 am +1,Singapore Airlines,SIN‐EWR,18h25m,0,,1555,20220403-2105,best
8:30 pm – 12:35 am +3,ANA,EWR‐SIN,40h05m,2,"LAX, NRT",6:10 am – 4:45 pm,ANA,SIN‐EWR,22h35m,1,NRT,1044,20220403-2105,best
7:00 am – 12:35 am +2,United Airlines,EWR‐SIN,29h35m,2,"SEA, NRT",6:10 am – 4:45 pm,"ANA, United Airlines",SIN‐EWR,22h35m,1,NRT,1069,20220403-2105,best
6:29 am – 12:35 am +2,"United Airlines, ANA",EWR‐SIN,30h06m,2,"SFO, NRT",6:10 am – 4:45 pm,"ANA, United Airlines",SIN‐EWR,22h35m,1,NRT,1073,20220403-2105,best
6:30 am – 12:35 am +2,"United Airlines, ANA",EWR‐SIN,30h05m,2,"LAX, NRT",6:10 am – 4:45 pm,"ANA, United Airlines",SIN‐EWR,22h35m,1,NRT,1074,20220403-2105,best
5:48 am – 12:35 am +2,"United Airlines, ANA",EWR‐SIN,30h47m,2,"IAH, NRT",6:10 am – 4:45 pm,"ANA, United Airlines",SIN‐EWR,22h35m,1,NRT,1074,20220403-2105,best
7:00 am – 12:35 am +2,United Airlines,EWR‐SIN,29h35m,2,"SEA, NRT",8:45 am – 7:21 pm,United Airlines,SIN‐EWR,22h36m,1,SFO,1237,20220403-2105,best
7:00 am – 12:35 am +2,United Airlines,EWR‐SIN,29h35m,2,"SEA, NRT",8:45 am – 1:07 am +1,United Airlines,SIN‐EWR,28h22m,1,SFO,1061,20220403-2105,best
6:29 am – 12:35 am +2,"United Airlines, ANA",EWR‐SIN,30h06m,2,"SFO, NRT",8:45 am – 1:07 am +1,United Airlines,SIN‐EWR,28h22m,1,SFO,1065,20220403-2105,best
6:30 am – 12:35 am +2,"United Airlines, ANA",EWR‐SIN,30h05m,2,"LAX, NRT",8:45 am – 1:07 am +1,United Airlines,SIN‐EWR,28h22m,1,SFO,1066,20220403-2105,best
5:48 am – 12:35 am +2,"United Airlines, ANA",EWR‐SIN,30h47m,2,"IAH, NRT",8:45 am – 7:21 pm,United Airlines,SIN‐EWR,22h36m,1,SFO,1242,20220403-2105,best
7:45 am – 12:35 am +2,ANA,EWR‐SIN,28h50m,2,"ORD, NRT",6:10 am – 4:45 pm,ANA,SIN‐EWR,22h35m,1,NRT,1438,20220403-2105,best
7:00 am – 12:35 am +2,United Airlines,EWR‐SIN,29h35m,2,"SEA, NRT",8:45 am – 10:29 pm,United Airlines,SIN‐EWR,25h44m,2,"SFO, LAS",1242,20220403-2105,best
5:48 am – 12:35 am +2,"United Airlines, ANA",EWR‐SIN,30h47m,2,"IAH, NRT",8:45 am – 1:07 am +1,United Airlines,SIN‐EWR,28h22m,1,SFO,1066,20220403-2105,best
7:00 am – 12:35 am +2,United Airlines,EWR‐SIN,29h35m,2,"SEA, NRT",8:45 am – 9:10 pm,United Airlines,SIN‐EWR,24h25m,2,"SFO, ORD",1316,20220403-2105,best
10:25 am – 5:10 pm +1,Singapore Airlines,EWR‐SIN,18h45m,0,,11:35 pm – 6:00 am +1,Singapore Airlines,SIN‐EWR,18h25m,0,,1555,20220403-2110,fast
10:25 am – 5:10 pm +1,Singapore Airlines,EWR‐SIN,18h45m,0,,6:10 am – 4:45 pm,ANA,SIN‐EWR,22h35m,1,NRT,2116,20220403-2110,fast
10:25 am – 5:10 pm +1,Singapore Airlines,EWR‐SIN,18h45m,0,,6:40 pm – 7:00 am +1,Singapore Airlines,SIN‐EWR,24h20m,1,SFO,1991,20220403-2110,fast
4:00 pm – 5:45 am +2,Singapore Airlines,EWR‐SIN,25h45m,1,SFO,11:35 pm – 6:00 am +1,Singapore Airlines,SIN‐EWR,18h25m,0,,2041,20220403-2110,fast
10:25 am – 5:10 pm +1,Singapore Airlines,EWR‐SIN,18h45m,0,,6:10 am – 8:11 pm,"ANA, Air Canada",SIN‐EWR,26h01m,2,"NRT, YYZ",4954,20220403-2110,fast
8:45 pm – 7:00 am +2,Lufthansa,EWR‐SIN,22h15m,1,MUC,6:10 am – 4:45 pm,ANA,SIN‐EWR,22h35m,1,NRT,3236,20220403-2110,fast
10:25 am – 5:10 pm +1,Singapore Airlines,EWR‐SIN,18h45m,0,,6:10 am – 9:30 pm,ANA,SIN‐EWR,27h20m,2,"NRT, SFO",2217,20220403-2110,fast
8:45 pm – 7:00 am +2,Lufthansa,EWR‐SIN,22h15m,1,MUC,12:30 am – 12:25 pm,Lufthansa,SIN‐EWR,23h55m,1,MUC,2052,20220403-2110,fast
12:00 pm – 12:35 am +2,United Airlines,EWR‐SIN,24h35m,1,NRT,6:10 am – 4:45 pm,United Airlines,SIN‐EWR,22h35m,1,NRT,2949,20220403-2110,fast
12:00 pm – 12:35 am +2,United Airlines,EWR‐SIN,24h35m,1,NRT,8:45 am – 7:21 pm,United Airlines,SIN‐EWR,22h36m,1,SFO,3875,20220403-2110,fast
7:30 pm – 6:50 am +2,Lufthansa,EWR‐SIN,23h20m,1,FRA,12:30 am – 12:25 pm,Lufthansa,SIN‐EWR,23h55m,1,MUC,2069,20220403-2110,fast
7:20 am – 12:20 am +2,Japan Airlines,EWR‐SIN,29h00m,2,"SEA, NRT",11:35 pm – 6:00 am +1,Singapore Airlines,SIN‐EWR,18h25m,0,,1580,20220403-2110,fast
8:15 am – 1:15 am +2,Singapore Airlines,EWR‐SIN,29h00m,2,"LAX, NRT",11:35 pm – 6:00 am +1,Singapore Airlines,SIN‐EWR,18h25m,0,,1782,20220403-2110,fast
6:15 pm – 5:55 am +2,SWISS,EWR‐SIN,23h40m,1,ZRH,1:25 am – 1:10 pm,SWISS,SIN‐EWR,23h45m,1,ZRH,2449,20220403-2110,fast
6:30 pm – 6:15 am +2,SWISS,EWR‐SIN,23h45m,2,"CDG, ZRH",12:30 am – 12:25 pm,Lufthansa,SIN‐EWR,23h55m,1,MUC,1982,20220403-2110,fast
