Out Time,Out Airline,Out Cities,Out Duration,Out Stops,Out Stop Cities,Return Time,Return Airline,Return Cities,Return Duration,Return Stops,Return Stop Cities,Price,timestamp,sort
11:50 pm – 5:30 pm +2,Turkish Airlines,EWR‐SIN,29h40m,1,IST,11:30 pm – 10:20 pm +1,Turkish Airlines,SIN‐EWR,34h50m,1,IST,889,20220403-1640,cheap
6:30 pm – 6:45 am +2,United Airlines,EWR‐SIN,24h15m,1,SFO,9:00 am – 12:49 am +1,United Airlines,SIN‐EWR,27h49m,1,SFO,906,20220403-1640,cheap
5:30 pm – 6:45 am +2,United Airlines,EWR‐SIN,25h15m,1,SFO,9:00 am – 12:49 am +1,United Airlines,SIN‐EWR,27h49m,1,SFO,906,20220403-1640,cheap
3:45 pm – 6:45 am +2,United Airlines,EWR‐SIN,27h00m,1,SFO,9:00 am – 12:49 am +1,United Airlines,SIN‐EWR,27h49m,1,SFO,906,20220403-1640,cheap
3:00 pm – 6:45 am +2,United Airlines,EWR‐SIN,27h45m,2,"DCA, SFO",9:00 am – 12:49 am +1,United Airlines,SIN‐EWR,27h49m,1,SFO,906,20220403-1640,cheap
2:35 pm – 6:45 am +2,United Airlines,EWR‐SIN,28h10m,2,"DCA, SFO",9:00 am – 12:49 am +1,United Airlines,SIN‐EWR,27h49m,1,SFO,906,20220403-1640,cheap
2:15 pm – 6:45 am +2,United Airlines,EWR‐SIN,28h30m,1,SFO,9:00 am – 12:49 am +1,United Airlines,SIN‐EWR,27h49m,1,SFO,906,20220403-1640,cheap
1:59 pm – 6:45 am +2,United Airlines,EWR‐SIN,28h46m,2,"DCA, SFO",9:00 am – 12:49 am +1,United Airlines,SIN‐EWR,27h49m,1,SFO,906,20220403-1640,cheap
12:00 pm – 6:45 am +2,United Airlines,EWR‐SIN,30h45m,1,SFO,9:00 am – 12:49 am +1,United Airlines,SIN‐EWR,27h49m,1,SFO,906,20220403-1640,cheap
11:59 am – 6:45 am +2,United Airlines,EWR‐SIN,30h46m,2,"LAX, SFO",9:00 am – 12:49 am +1,United Airlines,SIN‐EWR,27h49m,1,SFO,906,20220403-1640,cheap
10:15 am – 6:45 am +2,United Airlines,EWR‐SIN,32h30m,1,SFO,9:00 am – 12:49 am +1,United Airlines,SIN‐EWR,27h49m,1,SFO,906,20220403-1640,cheap
8:30 am – 6:45 am +2,United Airlines,EWR‐SIN,34h15m,1,SFO,9:00 am – 12:49 am +1,United Airlines,SIN‐EWR,27h49m,1,SFO,906,20220403-1640,cheap
6:30 pm – 6:45 am +2,United Airlines,EWR‐SIN,24h15m,1,SFO,9:00 am – 11:21 pm,United Airlines,SIN‐EWR,26h21m,2,"SFO, SEA",910,20220403-1640,cheap
5:30 pm – 6:45 am +2,United Airlines,EWR‐SIN,25h15m,1,SFO,9:00 am – 11:21 pm,United Airlines,SIN‐EWR,26h21m,2,"SFO, SEA",910,20220403-1640,cheap
3:45 pm – 6:45 am +2,United Airlines,EWR‐SIN,27h00m,1,SFO,9:00 am – 11:21 pm,United Airlines,SIN‐EWR,26h21m,2,"SFO, SEA",910,20220403-1640,cheap
11:50 pm – 5:30 pm +2,Turkish Airlines,EWR‐SIN,29h40m,1,IST,11:30 pm – 10:20 pm +1,Turkish Airlines,SIN‐EWR,34h50m,1,IST,891,20220403-1638,best
6:30 pm – 6:45 am +2,United Airlines,EWR‐SIN,24h15m,1,SFO,9:00 am – 7:13 pm,United Airlines,SIN‐EWR,22h13m,1,SFO,1008,20220403-1638,best
11:50 pm – 5:30 pm +2,Turkish Airlines,EWR‐SIN,29h40m,1,IST,11:30 pm – 10:20 pm +1,Turkish Airlines,SIN‐EWR,34h50m,1,IST,889,20220403-1638,best
5:30 pm – 6:45 am +2,United Airlines,EWR‐SIN,25h15m,1,SFO,9:00 am – 7:13 pm,United Airlines,SIN‐EWR,22h13m,1,SFO,1008,20220403-1638,best
3:45 pm – 6:45 am +2,United Airlines,EWR‐SIN,27h00m,1,SFO,9:00 am – 7:13 pm,United Airlines,SIN‐EWR,22h13m,1,SFO,1008,20220403-1638,best
6:30 pm – 6:45 am +2,United Airlines,EWR‐SIN,24h15m,1,SFO,9:00 am – 11:21 pm,United Airlines,SIN‐EWR,26h21m,2,"SFO, SEA",910,20220403-1638,best
5:30 pm – 6:45 am +2,United Airlines,EWR‐SIN,25h15m,1,SFO,9:00 am – 11:21 pm,United Airlines,SIN‐EWR,26h21m,2,"SFO, SEA",910,20220403-1638,best
6:30 pm – 6:45 am +2,United Airlines,EWR‐SIN,24h15m,1,SFO,9:00 am – 12:49 am +1,United Airlines,SIN‐EWR,27h49m,1,SFO,906,20220403-1638,best
5:30 pm – 6:45 am +2,United Airlines,EWR‐SIN,25h15m,1,SFO,9:00 am – 12:49 am +1,United Airlines,SIN‐EWR,27h49m,1,SFO,906,20220403-1638,best
3:45 pm – 6:45 am +2,United Airlines,EWR‐SIN,27h00m,1,SFO,9:00 am – 11:21 pm,United Airlines,SIN‐EWR,26h21m,2,"SFO, SEA",910,20220403-1638,best
3:45 pm – 6:45 am +2,United Airlines,EWR‐SIN,27h00m,1,SFO,9:00 am – 12:49 am +1,United Airlines,SIN‐EWR,27h49m,1,SFO,906,20220403-1638,best
2:15 pm – 6:45 am +2,United Airlines,EWR‐SIN,28h30m,1,SFO,9:00 am – 7:13 pm,United Airlines,SIN‐EWR,22h13m,1,SFO,1008,20220403-1638,best
2:15 pm – 6:45 am +2,United Airlines,EWR‐SIN,28h30m,1,SFO,9:00 am – 11:21 pm,United Airlines,SIN‐EWR,26h21m,2,"SFO, SEA",910,20220403-1638,best
12:00 pm – 6:45 am +2,United Airlines,EWR‐SIN,30h45m,1,SFO,9:00 am – 7:13 pm,United Airlines,SIN‐EWR,22h13m,1,SFO,1008,20220403-1638,best
2:35 pm – 6:45 am +2,United Airlines,EWR‐SIN,28h10m,2,"DCA, SFO",9:00 am – 12:49 am +1,United Airlines,SIN‐EWR,27h49m,1,SFO,906,20220403-1638,best
2:15 pm – 6:45 am +2,United Airlines,EWR‐SIN,28h30m,1,SFO,9:00 am – 12:49 am +1,United Airlines,SIN‐EWR,27h49m,1,SFO,906,20220403-1638,best
3:00 pm – 6:45 am +2,United Airlines,EWR‐SIN,27h45m,2,"DCA, SFO",9:00 am – 11:21 pm,United Airlines,SIN‐EWR,26h21m,2,"SFO, SEA",910,20220403-1638,best
10:25 am – 5:10 pm +1,Singapore Airlines,EWR‐SIN,18h45m,0,,11:35 pm – 6:00 am +1,Singapore Airlines,SIN‐EWR,18h25m,0,,2025,20220403-1643,fast
10:25 am – 5:10 pm +1,Singapore Airlines,EWR‐SIN,18h45m,0,,8:45 pm – 8:14 am +1,"Singapore Airlines, JetBlue",SIN‐EWR,23h29m,1,LAX,2506,20220403-1643,fast
6:30 pm – 6:45 am +2,United Airlines,EWR‐SIN,24h15m,1,SFO,11:35 pm – 6:00 am +1,Singapore Airlines,SIN‐EWR,18h25m,0,,2951,20220403-1643,fast
10:25 am – 5:10 pm +1,Singapore Airlines,EWR‐SIN,18h45m,0,,6:40 pm – 7:00 am +1,Singapore Airlines,SIN‐EWR,24h20m,1,LAX,1565,20220403-1643,fast
10:25 am – 5:10 pm +1,Singapore Airlines,EWR‐SIN,18h45m,0,,6:40 pm – 7:05 am +1,Singapore Airlines,SIN‐EWR,24h25m,1,SFO,2053,20220403-1643,fast
5:30 pm – 6:45 am +2,United Airlines,EWR‐SIN,25h15m,1,SFO,11:35 pm – 6:00 am +1,Singapore Airlines,SIN‐EWR,18h25m,0,,2951,20220403-1643,fast
6:35 pm – 7:50 am +2,Singapore Airlines,EWR‐SIN,25h15m,1,LAX,11:35 pm – 6:00 am +1,Singapore Airlines,SIN‐EWR,18h25m,0,,3184,20220403-1643,fast
10:25 am – 5:10 pm +1,Singapore Airlines,EWR‐SIN,18h45m,0,,6:40 pm – 8:14 am +1,"Singapore Airlines, JetBlue",SIN‐EWR,25h34m,1,LAX,1603,20220403-1643,fast
10:25 am – 5:10 pm +1,Singapore Airlines,EWR‐SIN,18h45m,0,,9:25 am – 11:00 pm,"Singapore Airlines, JetBlue",SIN‐EWR,25h35m,1,SFO,1521,20220403-1643,fast
9:00 am – 11:40 pm +1,Korean Air,EWR‐SIN,26h40m,2,"BOS, ICN",11:35 pm – 6:00 am +1,Singapore Airlines,SIN‐EWR,18h25m,0,,2956,20220403-1643,fast
6:30 pm – 6:45 am +2,United Airlines,EWR‐SIN,24h15m,1,SFO,9:00 am – 7:13 pm,United Airlines,SIN‐EWR,22h13m,1,SFO,1008,20220403-1643,fast
8:45 pm – 7:00 am +2,Lufthansa,EWR‐SIN,22h15m,1,MUC,12:30 am – 12:45 pm,Lufthansa,SIN‐EWR,24h15m,1,MUC,2652,20220403-1643,fast
8:45 pm – 7:00 am +2,Lufthansa,EWR‐SIN,22h15m,1,MUC,6:40 pm – 7:00 am +1,Singapore Airlines,SIN‐EWR,24h20m,1,LAX,3255,20220403-1643,fast
9:00 pm – 7:30 am +2,"Lufthansa, Singapore Airlines",EWR‐SIN,22h30m,1,LHR,6:40 pm – 7:00 am +1,Singapore Airlines,SIN‐EWR,24h20m,1,LAX,4208,20220403-1643,fast
9:00 pm – 7:30 am +2,"Brussels Airlines, Singapore Airlines",EWR‐SIN,22h30m,1,LHR,9:00 am – 9:20 pm,"Singapore Airlines, Lufthansa",SIN‐EWR,24h20m,1,LHR,6720,20220403-1643,fast
