Out Time,Out Airline,Out Cities,Out Duration,Out Stops,Out Stop Cities,Return Time,Return Airline,Return Cities,Return Duration,Return Stops,Return Stop Cities,Price,timestamp,sort
12:00 pm – 12:35 am +2,ANA,EWR‐SIN,24h35m,1,NRT,12:30 am – 1:39 pm +1,Multiple Airlines,SIN‐EWR,49h09m,3,"BER, KEF, ...",1198,20220403-2020,cheap
8:20 am – 12:20 am +2,"Alaska Airlines, Japan Airlines",EWR‐SIN,28h00m,2,"SFO, NRT",8:10 am – 7:00 am +1,Japan Airlines,SIN‐EWR,34h50m,2,"NRT, LAX",1287,20220403-2020,cheap
8:15 am – 12:20 am +2,Japan Airlines,EWR‐SIN,28h05m,2,"LAX, NRT",8:10 am – 7:00 am +1,Japan Airlines,SIN‐EWR,34h50m,2,"NRT, LAX",1287,20220403-2020,cheap
12:00 pm – 12:35 am +2,ANA,EWR‐SIN,24h35m,1,NRT,12:30 am – 9:00 pm,Multiple Airlines,SIN‐EWR,32h30m,3,"BER, GLA, ...",1324,20220403-2020,cheap
6:39 am – 12:20 am +2,"American Airlines, Japan Airlines",EWR‐SIN,29h41m,2,"DFW, NRT",9:50 pm – 7:00 am +2,Japan Airlines,SIN‐EWR,45h10m,2,"HND, LAX",1391,20220403-2020,cheap
6:39 am – 12:20 am +2,"American Airlines, Japan Airlines",EWR‐SIN,29h41m,2,"DFW, NRT",8:10 am – 7:00 am +1,Japan Airlines,SIN‐EWR,34h50m,2,"NRT, LAX",1392,20220403-2020,cheap
7:20 am – 12:20 am +2,Japan Airlines,EWR‐SIN,29h00m,2,"SEA, NRT",12:30 am – 9:00 pm,Multiple Airlines,SIN‐EWR,32h30m,3,"BER, GLA, ...",1415,20220403-2020,cheap
12:00 pm – 12:35 am +2,ANA,EWR‐SIN,24h35m,1,NRT,11:30 pm – 10:20 pm +1,Turkish Airlines,SIN‐EWR,34h50m,1,IST,1418,20220403-2020,cheap
12:00 pm – 12:35 am +2,ANA,EWR‐SIN,24h35m,1,NRT,1:10 pm – 7:00 am +1,"EVA Air, Alaska Airlines",SIN‐EWR,29h50m,2,"TPE, LAX",1426,20220403-2020,cheap
7:20 am – 12:20 am +2,Japan Airlines,EWR‐SIN,29h00m,2,"SEA, NRT",12:30 am – 9:00 pm,Multiple Airlines,SIN‐EWR,32h30m,3,"BER, FRA, ...",1437,20220403-2020,cheap
6:39 am – 12:20 am +2,"American Airlines, Japan Airlines",EWR‐SIN,29h41m,2,"DFW, NRT",9:50 pm – 3:29 pm +1,"Japan Airlines, American Airlines",SIN‐EWR,29h39m,2,"HND, DFW",1487,20220403-2020,cheap
8:15 am – 12:20 am +2,"American Airlines, Japan Airlines",EWR‐SIN,28h05m,2,"DFW, NRT",9:50 pm – 7:00 am +2,Japan Airlines,SIN‐EWR,45h10m,2,"HND, LAX",1491,20220403-2020,cheap
8:15 am – 12:20 am +2,"American Airlines, Japan Airlines",EWR‐SIN,28h05m,2,"DFW, NRT",8:10 am – 7:00 am +1,Japan Airlines,SIN‐EWR,34h50m,2,"NRT, LAX",1492,20220403-2020,cheap
6:39 am – 12:20 am +2,American Airlines,EWR‐SIN,29h41m,2,"DFW, NRT",8:10 am – 11:26 pm,American Airlines,SIN‐EWR,27h16m,2,"NRT, DFW",1498,20220403-2020,cheap
12:00 pm – 12:35 am +2,ANA,EWR‐SIN,24h35m,1,NRT,8:10 am – 7:00 am +1,Japan Airlines,SIN‐EWR,34h50m,2,"NRT, LAX",1513,20220403-2020,cheap
8:20 am – 12:20 am +2,"Alaska Airlines, Japan Airlines",EWR‐SIN,28h00m,2,"SFO, NRT",8:10 am – 7:00 am +1,Japan Airlines,SIN‐EWR,34h50m,2,"NRT, LAX",1287,20220403-2017,best
10:25 am – 5:10 pm +1,Singapore Airlines,EWR‐SIN,18h45m,0,,11:35 pm – 6:00 am +1,Singapore Airlines,SIN‐EWR,18h25m,0,,1961,20220403-2017,best
10:25 am – 5:10 pm +1,Singapore Airlines,EWR‐SIN,18h45m,0,,9:25 am – 11:00 pm,"Singapore Airlines, JetBlue",SIN‐EWR,25h35m,1,SFO,1771,20220403-2017,best
10:25 am – 5:10 pm +1,Singapore Airlines,EWR‐SIN,18h45m,0,,6:40 pm – 7:00 am +1,Singapore Airlines,SIN‐EWR,24h20m,1,LAX,1909,20220403-2017,best
12:00 pm – 12:35 am +2,ANA,EWR‐SIN,24h35m,1,NRT,1:10 pm – 7:00 am +1,"EVA Air, Alaska Airlines",SIN‐EWR,29h50m,2,"TPE, LAX",1426,20220403-2017,best
12:00 pm – 12:35 am +2,United Airlines,EWR‐SIN,24h35m,1,NRT,8:45 am – 12:45 am +1,United Airlines,SIN‐EWR,28h00m,2,"SFO, DEN",1524,20220403-2017,best
8:15 am – 1:15 am +2,Singapore Airlines,EWR‐SIN,29h00m,2,"LAX, NRT",11:35 pm – 6:00 am +1,Singapore Airlines,SIN‐EWR,18h25m,0,,1767,20220403-2017,best
12:00 pm – 12:35 am +2,ANA,EWR‐SIN,24h35m,1,NRT,6:40 pm – 7:00 am +1,Singapore Airlines,SIN‐EWR,24h20m,1,LAX,1819,20220403-2017,best
10:25 am – 5:10 pm +1,Singapore Airlines,EWR‐SIN,18h45m,0,,9:25 am – 5:24 am +1,"Singapore Airlines, JetBlue",SIN‐EWR,31h59m,1,SFO,1771,20220403-2017,best
10:25 am – 5:10 pm +1,Singapore Airlines,EWR‐SIN,18h45m,0,,9:25 am – 7:00 am +1,Singapore Airlines,SIN‐EWR,33h35m,1,SFO,1776,20220403-2017,best
10:25 am – 5:10 pm +1,Singapore Airlines,EWR‐SIN,18h45m,0,,8:45 pm – 3:10 pm +1,Singapore Airlines,SIN‐EWR,30h25m,1,LAX,1909,20220403-2017,best
12:00 pm – 12:35 am +2,ANA,EWR‐SIN,24h35m,1,NRT,11:30 pm – 10:20 pm +1,Turkish Airlines,SIN‐EWR,34h50m,1,IST,1418,20220403-2017,best
10:25 am – 5:10 pm +1,Singapore Airlines,EWR‐SIN,18h45m,0,,6:40 pm – 7:00 am +1,Singapore Airlines,SIN‐EWR,24h20m,1,SFO,2245,20220403-2017,best
10:25 am – 5:10 pm +1,Singapore Airlines,EWR‐SIN,18h45m,0,,6:40 pm – 3:10 pm +1,Singapore Airlines,SIN‐EWR,32h30m,1,LAX,1909,20220403-2017,best
12:00 pm – 12:35 am +2,United Airlines,EWR‐SIN,24h35m,1,NRT,8:45 am – 5:37 am +1,United Airlines,SIN‐EWR,32h52m,2,"SFO, DEN",1524,20220403-2017,best
6:39 am – 12:20 am +2,American Airlines,EWR‐SIN,29h41m,2,"DFW, NRT",8:10 am – 11:26 pm,American Airlines,SIN‐EWR,27h16m,2,"NRT, DFW",1498,20220403-2017,best
10:25 am – 5:10 pm +1,Singapore Airlines,EWR‐SIN,18h45m,0,,11:35 pm – 6:00 am +1,Singapore Airlines,SIN‐EWR,18h25m,0,,1961,20220403-2022,fast
6:15 pm – 5:55 am +2,SWISS,EWR‐SIN,23h40m,1,ZRH,11:35 pm – 6:00 am +1,Singapore Airlines,SIN‐EWR,18h25m,0,,3665,20220403-2022,fast
10:25 am – 5:10 pm +1,Singapore Airlines,EWR‐SIN,18h45m,0,,8:45 pm – 8:14 am +1,"Singapore Airlines, JetBlue",SIN‐EWR,23h29m,1,LAX,2754,20220403-2022,fast
12:00 pm – 12:35 am +2,ANA,EWR‐SIN,24h35m,1,NRT,11:35 pm – 6:00 am +1,Singapore Airlines,SIN‐EWR,18h25m,0,,1990,20220403-2022,fast
10:25 am – 5:10 pm +1,Singapore Airlines,EWR‐SIN,18h45m,0,,6:40 pm – 7:00 am +1,Singapore Airlines,SIN‐EWR,24h20m,1,LAX,1909,20220403-2022,fast
10:25 am – 5:10 pm +1,Singapore Airlines,EWR‐SIN,18h45m,0,,6:40 pm – 7:00 am +1,Singapore Airlines,SIN‐EWR,24h20m,1,SFO,2245,20220403-2022,fast
4:15 pm – 5:30 am +2,Singapore Airlines,EWR‐SIN,25h15m,1,LAX,11:35 pm – 6:00 am +1,Singapore Airlines,SIN‐EWR,18h25m,0,,2588,20220403-2022,fast
6:24 pm – 7:50 am +2,"JetBlue, Singapore Airlines",EWR‐SIN,25h26m,1,LAX,11:35 pm – 6:00 am +1,Singapore Airlines,SIN‐EWR,18h25m,0,,2588,20220403-2022,fast
10:25 am – 5:10 pm +1,Singapore Airlines,EWR‐SIN,18h45m,0,,9:25 am – 11:00 pm,"Singapore Airlines, JetBlue",SIN‐EWR,25h35m,1,SFO,1771,20220403-2022,fast
10:25 am – 5:10 pm +1,Singapore Airlines,EWR‐SIN,18h45m,0,,11:55 pm – 1:50 pm +1,Lufthansa,SIN‐EWR,25h55m,1,FRA,2184,20220403-2022,fast
6:40 pm – 6:15 am +2,United Airlines,EWR‐SIN,23h35m,1,SFO,8:45 am – 7:21 pm,United Airlines,SIN‐EWR,22h36m,1,SFO,4879,20220403-2022,fast
8:15 am – 12:20 am +2,"American Airlines, Japan Airlines",EWR‐SIN,28h05m,2,"DFW, NRT",11:35 pm – 6:00 am +1,Singapore Airlines,SIN‐EWR,18h25m,0,,1969,20220403-2022,fast
12:00 pm – 12:35 am +2,United Airlines,EWR‐SIN,24h35m,1,NRT,8:45 am – 7:21 pm,United Airlines,SIN‐EWR,22h36m,1,SFO,2213,20220403-2022,fast
8:15 am – 1:15 am +2,Singapore Airlines,EWR‐SIN,29h00m,2,"LAX, NRT",11:35 pm – 6:00 am +1,Singapore Airlines,SIN‐EWR,18h25m,0,,1767,20220403-2022,fast
6:15 pm – 5:55 am +2,SWISS,EWR‐SIN,23h40m,1,ZRH,1:25 am – 1:10 pm,SWISS,SIN‐EWR,23h45m,1,ZRH,2866,20220403-2022,fast
