Out Time,Out Airline,Out Cities,Out Duration,Out Stops,Out Stop Cities,Return Time,Return Airline,Return Cities,Return Duration,Return Stops,Return Stop Cities,Price,timestamp,sort
12:15 pm – 6:15 am +2,"Air India, Scoot",EWR‐SIN,30h00m,2,"DEL, TRV",12:30 am – 9:00 pm,Multiple Airlines,SIN‐EWR,32h30m,3,"ATH, BGY-MXP, ...",1283,20220403-1633,cheap
12:15 pm – 5:10 am +2,"Air India, IndiGo",EWR‐SIN,28h55m,2,"DEL, MAA",12:30 am – 9:00 pm,Multiple Airlines,SIN‐EWR,32h30m,3,"ATH, BGY-MXP, ...",1318,20220403-1633,cheap
12:15 pm – 6:15 am +2,"Air India, Scoot",EWR‐SIN,30h00m,2,"DEL, TRV",12:30 am – 9:00 pm,Multiple Airlines,SIN‐EWR,32h30m,3,"ATH, SAW, ...",1366,20220403-1633,cheap
12:15 pm – 5:10 am +2,"Air India, IndiGo",EWR‐SIN,28h55m,2,"DEL, MAA",12:30 am – 9:00 pm,Multiple Airlines,SIN‐EWR,32h30m,3,"ATH, SAW, ...",1401,20220403-1633,cheap
8:15 am – 1:15 am +2,"Alaska Airlines, Singapore Airlines",EWR‐SIN,29h00m,2,"LAX, NRT",11:35 pm – 6:00 am +1,Singapore Airlines,SIN‐EWR,18h25m,0,,1413,20220403-1633,cheap
11:25 am – 12:35 am +2,ANA,EWR‐SIN,25h10m,1,NRT,11:30 pm – 10:20 pm +1,Turkish Airlines,SIN‐EWR,34h50m,1,IST,1425,20220403-1633,cheap
12:15 pm – 5:10 am +2,"Air India, IndiGo",EWR‐SIN,28h55m,2,"DEL, MAA",2:40 am – 9:00 pm,"Qatar Airways, French Bee",SIN‐EWR,30h20m,2,"DOH, CDG-ORY",1440,20220403-1633,cheap
7:20 am – 12:35 am +2,"Alaska Airlines, ANA",EWR‐SIN,29h15m,2,"SEA, NRT",12:30 am – 9:00 pm,Multiple Airlines,SIN‐EWR,32h30m,3,"ATH, BGY-MXP, ...",1440,20220403-1633,cheap
10:55 pm – 5:30 pm +2,"French Bee, Turkish Airlines",EWR‐SIN,30h35m,2,"ORY-CDG, IST",12:30 am – 9:00 pm,Multiple Airlines,SIN‐EWR,32h30m,3,"ATH, BGY-MXP, ...",1440,20220403-1633,cheap
12:15 pm – 6:15 am +2,"Air India, Scoot",EWR‐SIN,30h00m,2,"DEL, TRV",2:40 am – 9:00 pm,"Qatar Airways, French Bee",SIN‐EWR,30h20m,2,"DOH, CDG-ORY",1451,20220403-1633,cheap
8:00 am – 1:15 am +2,"JetBlue, Singapore Airlines",EWR‐SIN,29h15m,2,"LAX, NRT",11:35 pm – 6:00 am +1,Singapore Airlines,SIN‐EWR,18h25m,0,,1457,20220403-1633,cheap
10:25 am – 5:10 pm +1,Singapore Airlines,EWR‐SIN,18h45m,0,,9:25 am – 8:14 am +1,"Singapore Airlines, JetBlue",SIN‐EWR,34h49m,2,"NRT, LAX",1463,20220403-1633,cheap
10:25 am – 5:10 pm +1,Singapore Airlines,EWR‐SIN,18h45m,0,,9:25 am – 1:48 pm +1,"Singapore Airlines, JetBlue",SIN‐EWR,40h23m,2,"NRT, LAX",1477,20220403-1633,cheap
10:25 am – 5:10 pm +1,Singapore Airlines,EWR‐SIN,18h45m,0,,9:25 am – 5:11 pm +1,"Singapore Airlines, JetBlue",SIN‐EWR,43h46m,2,"NRT, LAX",1477,20220403-1633,cheap
8:29 pm – 1:15 am +3,"Alaska Airlines, Singapore Airlines",EWR‐SIN,40h46m,2,"LAX, NRT",11:35 pm – 6:00 am +1,Singapore Airlines,SIN‐EWR,18h25m,0,,1482,20220403-1633,cheap
8:00 am – 1:15 am +2,"JetBlue, Singapore Airlines",EWR‐SIN,29h15m,2,"LAX, NRT",6:10 am – 9:44 pm,ANA,SIN‐EWR,27h34m,2,"NRT, SFO",1863,20220403-1630,best
10:25 am – 5:10 pm +1,Singapore Airlines,EWR‐SIN,18h45m,0,,11:35 pm – 6:00 am +1,Singapore Airlines,SIN‐EWR,18h25m,0,,1563,20220403-1630,best
8:15 am – 1:15 am +2,"Alaska Airlines, Singapore Airlines",EWR‐SIN,29h00m,2,"LAX, NRT",11:35 pm – 6:00 am +1,Singapore Airlines,SIN‐EWR,18h25m,0,,1413,20220403-1630,best
8:00 am – 1:15 am +2,"JetBlue, Singapore Airlines",EWR‐SIN,29h15m,2,"LAX, NRT",11:35 pm – 6:00 am +1,Singapore Airlines,SIN‐EWR,18h25m,0,,1457,20220403-1630,best
11:25 am – 12:35 am +2,ANA,EWR‐SIN,25h10m,1,NRT,6:10 am – 4:40 pm,ANA,SIN‐EWR,22h30m,1,NRT,1612,20220403-1630,best
6:19 am – 7:10 pm +1,Singapore Airlines,EWR‐SIN,24h51m,1,SFO,11:35 pm – 6:00 am +1,Singapore Airlines,SIN‐EWR,18h25m,0,,1735,20220403-1630,best
10:25 am – 5:10 pm +1,Singapore Airlines,EWR‐SIN,18h45m,0,,9:25 am – 7:00 am +1,Singapore Airlines,SIN‐EWR,33h35m,2,"NRT, LAX",1530,20220403-1630,best
10:25 am – 5:10 pm +1,Singapore Airlines,EWR‐SIN,18h45m,0,,9:25 am – 8:14 am +1,"Singapore Airlines, JetBlue",SIN‐EWR,34h49m,2,"NRT, LAX",1463,20220403-1630,best
10:25 am – 5:10 pm +1,Singapore Airlines,EWR‐SIN,18h45m,0,,6:40 pm – 7:05 am +1,Singapore Airlines,SIN‐EWR,24h25m,1,SFO,1953,20220403-1630,best
10:25 am – 5:10 pm +1,Singapore Airlines,EWR‐SIN,18h45m,0,,11:30 pm – 10:20 pm +1,Turkish Airlines,SIN‐EWR,34h50m,1,IST,1545,20220403-1630,best
11:25 am – 12:35 am +2,ANA,EWR‐SIN,25h10m,1,NRT,6:10 am – 9:44 pm,ANA,SIN‐EWR,27h34m,2,"NRT, SFO",1630,20220403-1630,best
11:25 am – 12:35 am +2,ANA,EWR‐SIN,25h10m,1,NRT,6:10 am – 8:54 pm,"ANA, United Airlines",SIN‐EWR,26h44m,2,"NRT, LAX",1661,20220403-1630,best
11:25 am – 12:35 am +2,ANA,EWR‐SIN,25h10m,1,NRT,6:10 am – 9:44 pm,ANA,SIN‐EWR,27h34m,2,"NRT, SFO",1639,20220403-1630,best
11:25 am – 12:35 am +2,ANA,EWR‐SIN,25h10m,1,NRT,11:30 pm – 10:20 pm +1,Turkish Airlines,SIN‐EWR,34h50m,1,IST,1425,20220403-1630,best
7:00 am – 12:35 am +2,"United Airlines, ANA",EWR‐SIN,29h35m,2,"SEA, NRT",6:10 am – 4:40 pm,ANA,SIN‐EWR,22h30m,1,NRT,1664,20220403-1630,best
10:25 am – 5:10 pm +1,Singapore Airlines,EWR‐SIN,18h45m,0,,9:25 am – 1:48 pm +1,"Singapore Airlines, JetBlue",SIN‐EWR,40h23m,2,"NRT, LAX",1477,20220403-1630,best
10:25 am – 5:10 pm +1,Singapore Airlines,EWR‐SIN,18h45m,0,,11:35 pm – 6:00 am +1,Singapore Airlines,SIN‐EWR,18h25m,0,,1563,20220403-1635,fast
10:25 am – 5:10 pm +1,Singapore Airlines,EWR‐SIN,18h45m,0,,6:40 pm – 7:05 am +1,Singapore Airlines,SIN‐EWR,24h25m,1,SFO,1953,20220403-1635,fast
6:19 am – 7:10 pm +1,Singapore Airlines,EWR‐SIN,24h51m,1,SFO,11:35 pm – 6:00 am +1,Singapore Airlines,SIN‐EWR,18h25m,0,,1735,20220403-1635,fast
6:35 pm – 7:50 am +2,"Alaska Airlines, Singapore Airlines",EWR‐SIN,25h15m,1,LAX,11:35 pm – 6:00 am +1,Singapore Airlines,SIN‐EWR,18h25m,0,,2632,20220403-1635,fast
10:25 am – 5:10 pm +1,Singapore Airlines,EWR‐SIN,18h45m,0,,9:25 am – 11:00 pm,"Singapore Airlines, JetBlue",SIN‐EWR,25h35m,1,SFO,2897,20220403-1635,fast
8:45 pm – 7:00 am +2,Lufthansa,EWR‐SIN,22h15m,1,MUC,12:30 am – 12:45 pm,Lufthansa,SIN‐EWR,24h15m,1,MUC,2652,20220403-1635,fast
6:20 pm – 5:55 am +2,SWISS,EWR‐SIN,23h35m,1,ZRH,1:25 am – 1:10 pm,SWISS,SIN‐EWR,23h45m,1,ZRH,2866,20220403-1635,fast
8:15 am – 1:15 am +2,"Alaska Airlines, Singapore Airlines",EWR‐SIN,29h00m,2,"LAX, NRT",11:35 pm – 6:00 am +1,Singapore Airlines,SIN‐EWR,18h25m,0,,1413,20220403-1635,fast
7:35 pm – 6:50 am +2,Lufthansa,EWR‐SIN,23h15m,1,FRA,12:30 am – 12:45 pm,Lufthansa,SIN‐EWR,24h15m,1,MUC,2687,20220403-1635,fast
8:00 am – 1:15 am +2,"JetBlue, Singapore Airlines",EWR‐SIN,29h15m,2,"LAX, NRT",11:35 pm – 6:00 am +1,Singapore Airlines,SIN‐EWR,18h25m,0,,1457,20220403-1635,fast
11:25 am – 12:35 am +2,ANA,EWR‐SIN,25h10m,1,NRT,6:10 am – 4:40 pm,ANA,SIN‐EWR,22h30m,1,NRT,1612,20220403-1635,fast
7:15 pm – 6:40 am +2,SWISS,EWR‐SIN,23h25m,2,"DUB, ZRH",12:30 am – 12:45 pm,Lufthansa,SIN‐EWR,24h15m,1,MUC,2143,20220403-1635,fast
5:45 pm – 5:55 am +2,SWISS,EWR‐SIN,24h10m,2,"GVA, ZRH",1:25 am – 1:10 pm,SWISS,SIN‐EWR,23h45m,1,ZRH,6805,20220403-1635,fast
6:20 pm – 6:40 am +2,SWISS,EWR‐SIN,24h20m,1,ZRH,1:25 am – 1:10 pm,SWISS,SIN‐EWR,23h45m,1,ZRH,2448,20220403-1635,fast
8:45 pm – 7:00 am +2,Lufthansa,EWR‐SIN,22h15m,1,MUC,11:55 pm – 1:55 pm +1,Lufthansa,SIN‐EWR,26h00m,1,FRA,2886,20220403-1635,fast
