Out Time,Out Airline,Out Cities,Out Duration,Out Stops,Out Stop Cities,Return Time,Return Airline,Return Cities,Return Duration,Return Stops,Return Stop Cities,Price,timestamp,sort
8:45 am – 11:40 pm +1,Korean Air,EWR‐SIN,26h55m,2,"ATL, ICN",1:10 am – 2:00 pm,Korean Air,SIN‐EWR,24h50m,2,"ICN, BOS",1158,20220404-0003,cheap
8:40 am – 11:40 pm +1,Korean Air,EWR‐SIN,27h00m,2,"BOS, ICN",1:10 am – 2:00 pm,Korean Air,SIN‐EWR,24h50m,2,"ICN, BOS",1158,20220404-0003,cheap
6:54 am – 12:20 am +2,Japan Airlines,EWR‐SIN,29h26m,2,"ORD, NRT",11:30 pm – 6:26 pm +1,"Turkish Airlines, Amtrak",SIN‐EWR,30h56m,2,"IST, BOS-BOS",1259,20220404-0003,cheap
11:35 am – 12:35 am +2,United Airlines,EWR‐SIN,25h00m,1,NRT,8:45 am – 9:08 pm,United Airlines,SIN‐EWR,24h23m,1,SFO,1310,20220404-0003,cheap
11:35 am – 12:35 am +2,"United Airlines, ANA",EWR‐SIN,25h00m,1,NRT,8:45 am – 10:08 pm,United Airlines,SIN‐EWR,25h23m,1,SFO,1315,20220404-0003,cheap
11:35 am – 12:35 am +2,"United Airlines, ANA",EWR‐SIN,25h00m,1,NRT,8:45 am – 11:58 pm,United Airlines,SIN‐EWR,27h13m,1,SFO,1315,20220404-0003,cheap
11:35 am – 12:35 am +2,"United Airlines, ANA",EWR‐SIN,25h00m,1,NRT,8:45 am – 6:52 am +1,United Airlines,SIN‐EWR,34h07m,2,"SFO, LAS",1319,20220404-0003,cheap
7:00 am – 11:40 pm +1,Delta,EWR‐SIN,28h40m,2,"ATL, ICN",1:10 am – 2:00 pm,Delta,SIN‐EWR,24h50m,2,"ICN, BOS",1324,20220404-0003,cheap
6:00 am – 11:40 pm +1,Delta,EWR‐SIN,29h40m,2,"ATL, ICN",1:10 am – 2:00 pm,Delta,SIN‐EWR,24h50m,2,"ICN, BOS",1324,20220404-0003,cheap
8:45 am – 11:40 pm +1,Delta,EWR‐SIN,26h55m,2,"ATL, ICN",1:10 am – 5:19 pm,Delta,SIN‐EWR,28h09m,2,"ICN, BOS",1324,20220404-0003,cheap
8:40 am – 11:40 pm +1,Delta,EWR‐SIN,27h00m,2,"BOS, ICN",1:10 am – 5:19 pm,Delta,SIN‐EWR,28h09m,2,"ICN, BOS",1324,20220404-0003,cheap
6:00 am – 11:40 pm +1,Delta,EWR‐SIN,29h40m,2,"ATL, ICN",1:10 am – 5:19 pm,Delta,SIN‐EWR,28h09m,2,"ICN, BOS",1324,20220404-0003,cheap
6:59 am – 12:20 am +2,"American Airlines, Japan Airlines",EWR‐SIN,29h21m,2,"DFW, NRT",9:50 pm – 3:29 pm +1,"Japan Airlines, American Airlines",SIN‐EWR,29h39m,2,"HND, DFW",1347,20220404-0003,cheap
6:54 am – 12:20 am +2,"American Airlines, Japan Airlines",EWR‐SIN,29h26m,2,"ORD, NRT",9:50 pm – 3:29 pm +1,"Japan Airlines, American Airlines",SIN‐EWR,29h39m,2,"HND, DFW",1347,20220404-0003,cheap
6:54 am – 12:20 am +2,Japan Airlines,EWR‐SIN,29h26m,2,"ORD, NRT",9:50 pm – 4:48 pm +1,Japan Airlines,SIN‐EWR,30h58m,2,"HND, ORD",1358,20220404-0003,cheap
8:40 am – 11:40 pm +1,Korean Air,EWR‐SIN,27h00m,2,"BOS, ICN",1:10 am – 2:00 pm,Korean Air,SIN‐EWR,24h50m,2,"ICN, BOS",1187,20220404-0000,best
11:35 am – 12:35 am +2,United Airlines,EWR‐SIN,25h00m,1,NRT,8:45 am – 9:08 pm,United Airlines,SIN‐EWR,24h23m,1,SFO,1310,20220404-0000,best
8:45 am – 11:40 pm +1,Korean Air,EWR‐SIN,26h55m,2,"ATL, ICN",1:10 am – 2:00 pm,Korean Air,SIN‐EWR,24h50m,2,"ICN, BOS",1158,20220404-0000,best
10:25 am – 5:10 pm +1,Singapore Airlines,EWR‐SIN,18h45m,0,,11:35 pm – 6:00 am +1,Singapore Airlines,SIN‐EWR,18h25m,0,,2099,20220404-0000,best
11:35 am – 12:35 am +2,"United Airlines, ANA",EWR‐SIN,25h00m,1,NRT,8:45 am – 10:08 pm,United Airlines,SIN‐EWR,25h23m,1,SFO,1315,20220404-0000,best
11:35 am – 12:35 am +2,United Airlines,EWR‐SIN,25h00m,1,NRT,8:45 am – 7:23 pm,United Airlines,SIN‐EWR,22h38m,1,SFO,1467,20220404-0000,best
11:35 am – 12:35 am +2,United Airlines,EWR‐SIN,25h00m,1,NRT,8:45 am – 8:08 pm,United Airlines,SIN‐EWR,23h23m,1,SFO,1467,20220404-0000,best
11:35 am – 12:35 am +2,"United Airlines, ANA",EWR‐SIN,25h00m,1,NRT,8:45 am – 11:58 pm,United Airlines,SIN‐EWR,27h13m,1,SFO,1315,20220404-0000,best
8:40 am – 11:40 pm +1,Korean Air,EWR‐SIN,27h00m,2,"BOS, ICN",1:10 am – 2:00 pm,Korean Air,SIN‐EWR,24h50m,2,"ICN, BOS",1158,20220404-0000,best
11:35 am – 12:35 am +2,"United Airlines, ANA",EWR‐SIN,25h00m,1,NRT,8:45 am – 9:33 pm,United Airlines,SIN‐EWR,24h48m,2,"SFO, ORD",1570,20220404-0000,best
7:00 am – 11:40 pm +1,Delta,EWR‐SIN,28h40m,2,"ATL, ICN",1:10 am – 2:00 pm,Delta,SIN‐EWR,24h50m,2,"ICN, BOS",1324,20220404-0000,best
6:00 am – 11:40 pm +1,Delta,EWR‐SIN,29h40m,2,"ATL, ICN",1:10 am – 2:00 pm,Delta,SIN‐EWR,24h50m,2,"ICN, BOS",1324,20220404-0000,best
8:45 am – 11:40 pm +1,Delta,EWR‐SIN,26h55m,2,"ATL, ICN",1:10 am – 5:19 pm,Delta,SIN‐EWR,28h09m,2,"ICN, BOS",1324,20220404-0000,best
8:40 am – 11:40 pm +1,Delta,EWR‐SIN,27h00m,2,"BOS, ICN",1:10 am – 5:19 pm,Delta,SIN‐EWR,28h09m,2,"ICN, BOS",1324,20220404-0000,best
11:35 am – 12:35 am +2,"United Airlines, ANA",EWR‐SIN,25h00m,1,NRT,8:45 am – 6:52 am +1,United Airlines,SIN‐EWR,34h07m,2,"SFO, LAS",1319,20220404-0000,best
11:35 am – 12:35 am +2,ANA,EWR‐SIN,25h00m,1,NRT,11:35 pm – 6:00 am +1,Singapore Airlines,SIN‐EWR,18h25m,0,,2350,20220404-0000,best
10:25 am – 5:10 pm +1,Singapore Airlines,EWR‐SIN,18h45m,0,,11:35 pm – 6:00 am +1,Singapore Airlines,SIN‐EWR,18h25m,0,,2099,20220404-0006,fast
7:30 pm – 6:50 am +2,Lufthansa,EWR‐SIN,23h20m,1,FRA,11:35 pm – 6:00 am +1,Singapore Airlines,SIN‐EWR,18h25m,0,,4020,20220404-0006,fast
10:25 am – 5:10 pm +1,Singapore Airlines,EWR‐SIN,18h45m,0,,6:40 pm – 6:59 am +1,Singapore Airlines,SIN‐EWR,24h19m,1,SFO,6074,20220404-0006,fast
6:05 pm – 6:50 am +2,Lufthansa,EWR‐SIN,24h45m,1,FRA,11:35 pm – 6:00 am +1,Singapore Airlines,SIN‐EWR,18h25m,0,,4125,20220404-0006,fast
11:35 am – 12:35 am +2,ANA,EWR‐SIN,25h00m,1,NRT,11:35 pm – 6:00 am +1,Singapore Airlines,SIN‐EWR,18h25m,0,,2350,20220404-0006,fast
3:59 pm – 5:45 am +2,Singapore Airlines,EWR‐SIN,25h46m,1,SFO,11:35 pm – 6:00 am +1,Singapore Airlines,SIN‐EWR,18h25m,0,,2411,20220404-0006,fast
8:25 am – 12:20 am +2,"Alaska Airlines, Japan Airlines",EWR‐SIN,27h55m,2,"SFO, NRT",11:35 pm – 6:00 am +1,Singapore Airlines,SIN‐EWR,18h25m,0,,6939,20220404-0006,fast
9:00 am – 1:15 am +2,Singapore Airlines,EWR‐SIN,28h15m,2,"LAX, NRT",11:35 pm – 6:00 am +1,Singapore Airlines,SIN‐EWR,18h25m,0,,6752,20220404-0006,fast
8:55 pm – 7:00 am +2,Lufthansa,EWR‐SIN,22h05m,1,MUC,12:30 am – 1:10 pm,Lufthansa,SIN‐EWR,24h40m,2,"MUC, ZRH",2307,20220404-0006,fast
8:55 pm – 7:00 am +2,Lufthansa,EWR‐SIN,22h05m,1,MUC,12:30 am – 1:50 pm,Lufthansa,SIN‐EWR,25h20m,2,"MUC, FRA",2105,20220404-0006,fast
8:55 pm – 7:00 am +2,Lufthansa,EWR‐SIN,22h05m,1,MUC,12:30 am – 1:50 pm,Lufthansa,SIN‐EWR,25h20m,2,"MUC, FRA",2105,20220404-0006,fast
7:30 pm – 7:00 am +2,Lufthansa,EWR‐SIN,23h30m,2,"FRA, MUC",12:30 am – 12:25 pm,Lufthansa,SIN‐EWR,23h55m,1,MUC,2327,20220404-0006,fast
6:15 pm – 5:55 am +2,SWISS,EWR‐SIN,23h40m,1,ZRH,1:25 am – 1:10 pm,SWISS,SIN‐EWR,23h45m,1,ZRH,2666,20220404-0006,fast
11:35 am – 12:35 am +2,United Airlines,EWR‐SIN,25h00m,1,NRT,8:45 am – 7:23 pm,United Airlines,SIN‐EWR,22h38m,1,SFO,1467,20220404-0006,fast
6:54 am – 12:20 am +2,Japan Airlines,EWR‐SIN,29h26m,2,"ORD, NRT",11:35 pm – 6:00 am +1,Singapore Airlines,SIN‐EWR,18h25m,0,,1635,20220404-0006,fast
