Out Time,Out Airline,Out Cities,Out Duration,Out Stops,Out Stop Cities,Return Time,Return Airline,Return Cities,Return Duration,Return Stops,Return Stop Cities,Price,timestamp,sort
12:00 pm – 12:35 am +2,ANA,EWR‐SIN,24h35m,1,NRT,6:10 am – 4:45 pm,ANA,SIN‐EWR,22h35m,1,NRT,1028,20220403-2052,cheap
12:00 pm – 12:35 am +2,ANA,EWR‐SIN,24h35m,1,NRT,6:10 am – 12:25 am +1,ANA,SIN‐EWR,30h15m,2,"NRT, LAX",1044,20220403-2052,cheap
12:00 pm – 12:35 am +2,ANA,EWR‐SIN,24h35m,1,NRT,6:10 am – 5:39 am +1,ANA,SIN‐EWR,35h29m,2,"NRT, LAX",1044,20220403-2052,cheap
12:00 pm – 12:35 am +2,United Airlines,EWR‐SIN,24h35m,1,NRT,8:45 am – 5:16 am +1,United Airlines,SIN‐EWR,32h31m,1,SFO,1057,20220403-2052,cheap
12:00 pm – 12:35 am +2,United Airlines,EWR‐SIN,24h35m,1,NRT,8:45 am – 10:29 pm,United Airlines,SIN‐EWR,25h44m,2,"SFO, LAS",1061,20220403-2052,cheap
12:00 pm – 12:35 am +2,United Airlines,EWR‐SIN,24h35m,1,NRT,8:45 am – 5:37 am +1,United Airlines,SIN‐EWR,32h52m,2,"SFO, DEN",1061,20220403-2052,cheap
12:00 pm – 12:35 am +2,United Airlines,EWR‐SIN,24h35m,1,NRT,8:45 am – 6:34 am +1,United Airlines,SIN‐EWR,33h49m,2,"SFO, LAS",1061,20220403-2052,cheap
12:00 pm – 12:35 am +2,United Airlines,EWR‐SIN,24h35m,1,NRT,8:45 am – 6:49 am +1,United Airlines,SIN‐EWR,34h04m,2,"SFO, SEA",1061,20220403-2052,cheap
12:00 pm – 12:35 am +2,United Airlines,EWR‐SIN,24h35m,1,NRT,8:45 am – 8:21 am +1,United Airlines,SIN‐EWR,35h36m,2,"SFO, LAX",1061,20220403-2052,cheap
12:00 pm – 12:35 am +2,United Airlines,EWR‐SIN,24h35m,1,NRT,8:45 am – 8:34 am +1,United Airlines,SIN‐EWR,35h49m,2,"SFO, LAS",1061,20220403-2052,cheap
12:00 pm – 12:35 am +2,United Airlines,EWR‐SIN,24h35m,1,NRT,8:45 am – 9:13 am +1,United Airlines,SIN‐EWR,36h28m,2,"SFO, ORD",1061,20220403-2052,cheap
12:00 pm – 12:35 am +2,United Airlines,EWR‐SIN,24h35m,1,NRT,8:45 am – 9:13 am +1,United Airlines,SIN‐EWR,36h28m,2,"SFO, ORD",1061,20220403-2052,cheap
12:00 pm – 12:35 am +2,United Airlines,EWR‐SIN,24h35m,1,NRT,8:45 am – 9:13 am +1,United Airlines,SIN‐EWR,36h28m,2,"SFO, ORD",1061,20220403-2052,cheap
12:00 pm – 12:35 am +2,United Airlines,EWR‐SIN,24h35m,1,NRT,8:45 am – 7:05 am +1,United Airlines,SIN‐EWR,34h20m,1,SFO,1068,20220403-2052,cheap
12:00 pm – 12:35 am +2,United Airlines,EWR‐SIN,24h35m,1,NRT,8:45 am – 8:20 am +1,United Airlines,SIN‐EWR,35h35m,1,SFO,1068,20220403-2052,cheap
12:00 pm – 12:35 am +2,ANA,EWR‐SIN,24h35m,1,NRT,6:10 am – 4:45 pm,ANA,SIN‐EWR,22h35m,1,NRT,1028,20220403-2050,best
12:00 pm – 12:35 am +2,ANA,EWR‐SIN,24h35m,1,NRT,6:10 am – 4:45 pm,ANA,SIN‐EWR,22h35m,1,NRT,1028,20220403-2050,best
12:00 pm – 12:35 am +2,United Airlines,EWR‐SIN,24h35m,1,NRT,8:45 am – 7:21 pm,United Airlines,SIN‐EWR,22h36m,1,SFO,1233,20220403-2050,best
12:00 pm – 12:35 am +2,United Airlines,EWR‐SIN,24h35m,1,NRT,8:45 am – 10:29 pm,United Airlines,SIN‐EWR,25h44m,2,"SFO, LAS",1061,20220403-2050,best
10:25 am – 5:10 pm +1,Singapore Airlines,EWR‐SIN,18h45m,0,,11:35 pm – 6:00 am +1,Singapore Airlines,SIN‐EWR,18h25m,0,,1689,20220403-2050,best
12:00 pm – 12:35 am +2,ANA,EWR‐SIN,24h35m,1,NRT,6:10 am – 9:00 pm,"ANA, United Airlines",SIN‐EWR,26h50m,2,"NRT, IAD",1077,20220403-2050,best
12:00 pm – 12:35 am +2,United Airlines,EWR‐SIN,24h35m,1,NRT,8:45 am – 10:00 pm,United Airlines,SIN‐EWR,25h15m,2,"SFO, DEN",1237,20220403-2050,best
10:25 am – 5:10 pm +1,Singapore Airlines,EWR‐SIN,18h45m,0,,9:25 am – 11:00 pm,"Singapore Airlines, JetBlue",SIN‐EWR,25h35m,1,SFO,1511,20220403-2050,best
12:00 pm – 12:35 am +2,ANA,EWR‐SIN,24h35m,1,NRT,6:10 am – 12:25 am +1,ANA,SIN‐EWR,30h15m,2,"NRT, LAX",1044,20220403-2050,best
12:00 pm – 12:35 am +2,United Airlines,EWR‐SIN,24h35m,1,NRT,8:45 am – 9:10 pm,United Airlines,SIN‐EWR,24h25m,2,"SFO, ORD",1311,20220403-2050,best
12:00 pm – 12:35 am +2,United Airlines,EWR‐SIN,24h35m,1,NRT,8:45 am – 11:01 pm,United Airlines,SIN‐EWR,26h16m,2,"SFO, IAH",1237,20220403-2050,best
8:30 pm – 5:15 pm +2,"United Airlines, ANA",EWR‐SIN,32h45m,2,"LAX, HND",6:10 am – 4:45 pm,"ANA, United Airlines",SIN‐EWR,22h35m,1,NRT,1073,20220403-2050,best
12:00 pm – 12:35 am +2,United Airlines,EWR‐SIN,24h35m,1,NRT,8:45 am – 11:31 pm,United Airlines,SIN‐EWR,26h46m,2,"SFO, DEN",1237,20220403-2050,best
12:00 pm – 12:35 am +2,United Airlines,EWR‐SIN,24h35m,1,NRT,8:45 am – 5:16 am +1,United Airlines,SIN‐EWR,32h31m,1,SFO,1057,20220403-2050,best
12:00 pm – 12:35 am +2,United Airlines,EWR‐SIN,24h35m,1,NRT,8:45 am – 1:07 am +1,United Airlines,SIN‐EWR,28h22m,1,SFO,1233,20220403-2050,best
12:00 pm – 12:35 am +2,United Airlines,EWR‐SIN,24h35m,1,NRT,8:45 am – 10:50 pm,United Airlines,SIN‐EWR,26h05m,2,"SFO, ORD",1311,20220403-2050,best
10:25 am – 5:10 pm +1,Singapore Airlines,EWR‐SIN,18h45m,0,,11:35 pm – 6:00 am +1,Singapore Airlines,SIN‐EWR,18h25m,0,,1689,20220403-2054,fast
10:25 am – 5:10 pm +1,Singapore Airlines,EWR‐SIN,18h45m,0,,8:45 pm – 8:14 am +1,"Singapore Airlines, JetBlue",SIN‐EWR,23h29m,1,LAX,2494,20220403-2054,fast
12:00 pm – 12:35 am +2,ANA,EWR‐SIN,24h35m,1,NRT,11:35 pm – 6:00 am +1,Singapore Airlines,SIN‐EWR,18h25m,0,,1593,20220403-2054,fast
10:25 am – 5:10 pm +1,Singapore Airlines,EWR‐SIN,18h45m,0,,6:40 pm – 7:00 am +1,Singapore Airlines,SIN‐EWR,24h20m,1,SFO,1991,20220403-2054,fast
10:25 am – 5:10 pm +1,Singapore Airlines,EWR‐SIN,18h45m,0,,9:00 am – 9:20 pm,"Singapore Airlines, Lufthansa",SIN‐EWR,24h20m,1,LHR,4832,20220403-2054,fast
6:24 pm – 7:50 am +2,"JetBlue, Singapore Airlines",EWR‐SIN,25h26m,1,LAX,11:35 pm – 6:00 am +1,Singapore Airlines,SIN‐EWR,18h25m,0,,2819,20220403-2054,fast
4:00 pm – 5:45 am +2,Singapore Airlines,EWR‐SIN,25h45m,1,SFO,11:35 pm – 6:00 am +1,Singapore Airlines,SIN‐EWR,18h25m,0,,2179,20220403-2054,fast
10:25 am – 5:10 pm +1,Singapore Airlines,EWR‐SIN,18h45m,0,,9:25 am – 11:00 pm,"Singapore Airlines, JetBlue",SIN‐EWR,25h35m,1,SFO,1511,20220403-2054,fast
4:15 pm – 7:50 am +2,Singapore Airlines,EWR‐SIN,27h35m,1,LAX,11:35 pm – 6:00 am +1,Singapore Airlines,SIN‐EWR,18h25m,0,,2730,20220403-2054,fast
12:00 pm – 12:35 am +2,ANA,EWR‐SIN,24h35m,1,NRT,6:10 am – 4:45 pm,ANA,SIN‐EWR,22h35m,1,NRT,1028,20220403-2054,fast
12:00 pm – 12:35 am +2,United Airlines,EWR‐SIN,24h35m,1,NRT,8:45 am – 7:21 pm,United Airlines,SIN‐EWR,22h36m,1,SFO,1233,20220403-2054,fast
6:15 pm – 5:55 am +2,SWISS,EWR‐SIN,23h40m,1,ZRH,1:25 am – 1:10 pm,SWISS,SIN‐EWR,23h45m,1,ZRH,2264,20220403-2054,fast
8:15 am – 1:15 am +2,Singapore Airlines,EWR‐SIN,29h00m,2,"LAX, NRT",11:35 pm – 6:00 am +1,Singapore Airlines,SIN‐EWR,18h25m,0,,8583,20220403-2054,fast
10:25 am – 5:10 pm +1,Singapore Airlines,EWR‐SIN,18h45m,0,,8:45 pm – 1:48 pm +1,"Singapore Airlines, JetBlue",SIN‐EWR,29h03m,1,LAX,1745,20220403-2054,fast
12:00 pm – 1:15 am +2,ANA,EWR‐SIN,25h15m,1,NRT,6:10 am – 4:45 pm,ANA,SIN‐EWR,22h35m,1,NRT,3899,20220403-2054,fast
