Out Time,Out Airline,Out Cities,Out Duration,Out Stops,Out Stop Cities,Return Time,Return Airline,Return Cities,Return Duration,Return Stops,Return Stop Cities,Price,timestamp,sort
6:54 am – 12:20 am +2,Japan Airlines,EWR‐SIN,29h26m,2,"ORD, NRT",11:30 pm – 6:46 pm +1,"Turkish Airlines, Amtrak",SIN‐EWR,31h16m,2,"IST, BOS-BOS",1259,20220403-2347,cheap
6:59 am – 12:20 am +2,"American Airlines, Japan Airlines",EWR‐SIN,29h21m,2,"DFW, NRT",9:50 pm – 3:29 pm +1,"Japan Airlines, American Airlines",SIN‐EWR,29h39m,2,"HND, DFW",1304,20220403-2347,cheap
6:59 am – 12:20 am +2,"American Airlines, Japan Airlines",EWR‐SIN,29h21m,2,"DFW, NRT",9:50 pm – 4:48 pm +1,Japan Airlines,SIN‐EWR,30h58m,2,"HND, ORD",1304,20220403-2347,cheap
6:59 am – 12:20 am +2,"American Airlines, Japan Airlines",EWR‐SIN,29h21m,2,"DFW, NRT",9:50 pm – 6:55 pm +1,"Japan Airlines, American Airlines",SIN‐EWR,33h05m,2,"HND, DFW",1304,20220403-2347,cheap
12:49 pm – 6:15 am +2,United Airlines,EWR‐SIN,29h26m,2,"DEN, SFO",8:45 am – 9:08 pm,United Airlines,SIN‐EWR,24h23m,1,SFO,1361,20220403-2347,cheap
12:27 pm – 6:15 am +2,United Airlines,EWR‐SIN,29h48m,2,"LAS, SFO",8:45 am – 9:08 pm,United Airlines,SIN‐EWR,24h23m,1,SFO,1361,20220403-2347,cheap
9:30 am – 6:15 am +2,United Airlines,EWR‐SIN,32h45m,2,"LAS, SFO",8:45 am – 9:08 pm,United Airlines,SIN‐EWR,24h23m,1,SFO,1365,20220403-2347,cheap
9:30 am – 6:15 am +2,United Airlines,EWR‐SIN,32h45m,2,"LAS, SFO",8:45 am – 9:08 pm,United Airlines,SIN‐EWR,24h23m,1,SFO,1365,20220403-2347,cheap
7:59 am – 6:15 am +2,United Airlines,EWR‐SIN,34h16m,2,"DEN, SFO",8:45 am – 9:08 pm,United Airlines,SIN‐EWR,24h23m,1,SFO,1365,20220403-2347,cheap
7:12 am – 6:15 am +2,United Airlines,EWR‐SIN,35h03m,2,"SEA, SFO",8:45 am – 9:08 pm,United Airlines,SIN‐EWR,24h23m,1,SFO,1365,20220403-2347,cheap
6:54 am – 12:20 am +2,Japan Airlines,EWR‐SIN,29h26m,2,"ORD, NRT",9:50 pm – 4:48 pm +1,Japan Airlines,SIN‐EWR,30h58m,2,"HND, ORD",1403,20220403-2347,cheap
6:00 am – 12:20 am +2,"American Airlines, Japan Airlines",EWR‐SIN,30h20m,2,"ORD, NRT",9:50 pm – 4:48 pm +1,Japan Airlines,SIN‐EWR,30h58m,2,"HND, ORD",1431,20220403-2347,cheap
6:59 am – 12:20 am +2,American Airlines,EWR‐SIN,29h21m,2,"DFW, NRT",9:50 pm – 3:29 pm +1,American Airlines,SIN‐EWR,29h39m,2,"HND, DFW",1457,20220403-2347,cheap
6:59 am – 12:20 am +2,American Airlines,EWR‐SIN,29h21m,2,"DFW, NRT",9:50 pm – 4:48 pm +1,American Airlines,SIN‐EWR,30h58m,2,"HND, ORD",1457,20220403-2347,cheap
6:59 am – 12:20 am +2,American Airlines,EWR‐SIN,29h21m,2,"DFW, NRT",9:50 pm – 6:55 pm +1,American Airlines,SIN‐EWR,33h05m,2,"HND, DFW",1457,20220403-2347,cheap
6:54 am – 12:20 am +2,Japan Airlines,EWR‐SIN,29h26m,2,"ORD, NRT",9:50 pm – 4:48 pm +1,Japan Airlines,SIN‐EWR,30h58m,2,"HND, ORD",1466,20220403-2344,best
10:25 am – 5:10 pm +1,Singapore Airlines,EWR‐SIN,18h45m,0,,11:35 pm – 6:00 am +1,Singapore Airlines,SIN‐EWR,18h25m,0,,1555,20220403-2344,best
6:54 am – 12:20 am +2,Japan Airlines,EWR‐SIN,29h26m,2,"ORD, NRT",11:30 pm – 6:46 pm +1,"Turkish Airlines, Amtrak",SIN‐EWR,31h16m,2,"IST, BOS-BOS",1259,20220403-2344,best
12:49 pm – 6:15 am +2,United Airlines,EWR‐SIN,29h26m,2,"DEN, SFO",8:45 am – 9:08 pm,United Airlines,SIN‐EWR,24h23m,1,SFO,1361,20220403-2344,best
12:27 pm – 6:15 am +2,United Airlines,EWR‐SIN,29h48m,2,"LAS, SFO",8:45 am – 9:08 pm,United Airlines,SIN‐EWR,24h23m,1,SFO,1361,20220403-2344,best
9:30 am – 6:15 am +2,United Airlines,EWR‐SIN,32h45m,2,"LAS, SFO",8:45 am – 9:08 pm,United Airlines,SIN‐EWR,24h23m,1,SFO,1365,20220403-2344,best
9:30 am – 6:15 am +2,United Airlines,EWR‐SIN,32h45m,2,"LAS, SFO",8:45 am – 9:08 pm,United Airlines,SIN‐EWR,24h23m,1,SFO,1365,20220403-2344,best
10:25 am – 5:10 pm +1,Singapore Airlines,EWR‐SIN,18h45m,0,,9:25 am – 6:59 am +1,Singapore Airlines,SIN‐EWR,33h34m,1,SFO,1628,20220403-2344,best
7:59 am – 6:15 am +2,United Airlines,EWR‐SIN,34h16m,2,"DEN, SFO",8:45 am – 9:08 pm,United Airlines,SIN‐EWR,24h23m,1,SFO,1365,20220403-2344,best
10:25 am – 5:10 pm +1,Singapore Airlines,EWR‐SIN,18h45m,0,,9:25 am – 6:59 am +1,"Singapore Airlines, Alaska Airlines",SIN‐EWR,33h34m,1,SFO,1655,20220403-2344,best
7:00 am – 1:15 am +2,"JetBlue, Singapore Airlines",EWR‐SIN,30h15m,2,"LAX, NRT",11:35 pm – 6:00 am +1,Singapore Airlines,SIN‐EWR,18h25m,0,,1643,20220403-2344,best
7:12 am – 6:15 am +2,United Airlines,EWR‐SIN,35h03m,2,"SEA, SFO",8:45 am – 9:08 pm,United Airlines,SIN‐EWR,24h23m,1,SFO,1365,20220403-2344,best
6:59 am – 12:20 am +2,"American Airlines, Japan Airlines",EWR‐SIN,29h21m,2,"DFW, NRT",9:50 pm – 3:29 pm +1,"Japan Airlines, American Airlines",SIN‐EWR,29h39m,2,"HND, DFW",1304,20220403-2344,best
6:59 am – 12:20 am +2,"American Airlines, Japan Airlines",EWR‐SIN,29h21m,2,"DFW, NRT",9:50 pm – 4:48 pm +1,Japan Airlines,SIN‐EWR,30h58m,2,"HND, ORD",1304,20220403-2344,best
6:59 am – 12:20 am +2,"American Airlines, Japan Airlines",EWR‐SIN,29h21m,2,"DFW, NRT",9:50 pm – 6:55 pm +1,"Japan Airlines, American Airlines",SIN‐EWR,33h05m,2,"HND, DFW",1304,20220403-2344,best
6:40 pm – 6:15 am +2,United Airlines,EWR‐SIN,23h35m,1,SFO,8:45 am – 9:08 pm,United Airlines,SIN‐EWR,24h23m,1,SFO,1943,20220403-2344,best
6:54 am – 12:20 am +2,Japan Airlines,EWR‐SIN,29h26m,2,"ORD, NRT",9:50 pm – 4:48 pm +1,Japan Airlines,SIN‐EWR,30h58m,2,"HND, ORD",1403,20220403-2344,best
10:25 am – 5:10 pm +1,Singapore Airlines,EWR‐SIN,18h45m,0,,11:35 pm – 6:00 am +1,Singapore Airlines,SIN‐EWR,18h25m,0,,1555,20220403-2349,fast
6:15 pm – 5:55 am +2,SWISS,EWR‐SIN,23h40m,1,ZRH,11:35 pm – 6:00 am +1,Singapore Airlines,SIN‐EWR,18h25m,0,,3552,20220403-2349,fast
10:25 am – 5:10 pm +1,Singapore Airlines,EWR‐SIN,18h45m,0,,6:40 pm – 6:59 am +1,Singapore Airlines,SIN‐EWR,24h19m,1,SFO,3088,20220403-2349,fast
10:25 am – 5:10 pm +1,Singapore Airlines,EWR‐SIN,18h45m,0,,6:40 pm – 7:10 am +1,Singapore Airlines,SIN‐EWR,24h30m,1,LAX,2494,20220403-2349,fast
12:00 pm – 1:15 am +2,ANA,EWR‐SIN,25h15m,1,NRT,11:35 pm – 6:00 am +1,Singapore Airlines,SIN‐EWR,18h25m,0,,5335,20220403-2349,fast
3:59 pm – 5:45 am +2,Singapore Airlines,EWR‐SIN,25h46m,1,SFO,11:35 pm – 6:00 am +1,Singapore Airlines,SIN‐EWR,18h25m,0,,2041,20220403-2349,fast
10:25 am – 5:10 pm +1,Singapore Airlines,EWR‐SIN,18h45m,0,,8:10 am – 11:26 pm,"Japan Airlines, American Airlines",SIN‐EWR,27h16m,2,"NRT, DFW",2678,20220403-2349,fast
8:25 am – 12:20 am +2,"Alaska Airlines, Japan Airlines",EWR‐SIN,27h55m,2,"SFO, NRT",11:35 pm – 6:00 am +1,Singapore Airlines,SIN‐EWR,18h25m,0,,1628,20220403-2349,fast
9:00 am – 1:15 am +2,"Alaska Airlines, Singapore Airlines",EWR‐SIN,28h15m,2,"LAX, NRT",11:35 pm – 6:00 am +1,Singapore Airlines,SIN‐EWR,18h25m,0,,2052,20220403-2349,fast
9:00 am – 1:15 am +2,Singapore Airlines,EWR‐SIN,28h15m,2,"LAX, NRT",11:35 pm – 6:00 am +1,Singapore Airlines,SIN‐EWR,18h25m,0,,2151,20220403-2349,fast
6:15 pm – 5:55 am +2,SWISS,EWR‐SIN,23h40m,1,ZRH,1:25 am – 1:10 pm,SWISS,SIN‐EWR,23h45m,1,ZRH,2124,20220403-2349,fast
6:54 am – 12:20 am +2,"American Airlines, Japan Airlines",EWR‐SIN,29h26m,2,"ORD, NRT",11:35 pm – 6:00 am +1,Singapore Airlines,SIN‐EWR,18h25m,0,,1580,20220403-2349,fast
6:40 pm – 6:15 am +2,United Airlines,EWR‐SIN,23h35m,1,SFO,8:45 am – 9:08 pm,United Airlines,SIN‐EWR,24h23m,1,SFO,1943,20220403-2349,fast
11:50 pm – 5:30 pm +2,Turkish Airlines,EWR‐SIN,29h40m,1,IST,11:35 pm – 6:00 am +1,Singapore Airlines,SIN‐EWR,18h25m,0,,2112,20220403-2349,fast
5:30 pm – 5:55 am +2,SWISS,EWR‐SIN,24h25m,2,"GVA, ZRH",1:25 am – 1:10 pm,SWISS,SIN‐EWR,23h45m,1,ZRH,2162,20220403-2349,fast
