Out Time,Out Airline,Out Cities,Out Duration,Out Stops,Out Stop Cities,Return Time,Return Airline,Return Cities,Return Duration,Return Stops,Return Stop Cities,Price,timestamp,sort
11:25 am – 12:35 am +2,ANA,EWR‐SIN,25h10m,1,NRT,6:10 am – 4:40 pm,ANA,SIN‐EWR,22h30m,1,NRT,983,20220403-1538,cheap
6:30 am – 12:35 am +2,ANA,EWR‐SIN,30h05m,2,"LAX, NRT",6:10 am – 9:44 pm,ANA,SIN‐EWR,27h34m,2,"NRT, SFO",994,20220403-1538,cheap
6:30 am – 12:35 am +2,ANA,EWR‐SIN,30h05m,2,"LAX, NRT",6:10 am – 12:17 am +1,ANA,SIN‐EWR,30h07m,2,"NRT, LAX",994,20220403-1538,cheap
6:30 am – 12:35 am +2,ANA,EWR‐SIN,30h05m,2,"LAX, NRT",6:10 am – 4:40 pm,ANA,SIN‐EWR,22h30m,1,NRT,995,20220403-1538,cheap
11:25 am – 12:35 am +2,ANA,EWR‐SIN,25h10m,1,NRT,6:10 am – 12:17 am +1,ANA,SIN‐EWR,30h07m,2,"NRT, LAX",999,20220403-1538,cheap
11:25 am – 12:35 am +2,ANA,EWR‐SIN,25h10m,1,NRT,6:10 am – 7:00 am +1,ANA,SIN‐EWR,36h50m,2,"NRT, LAX",999,20220403-1538,cheap
11:25 am – 12:35 am +2,ANA,EWR‐SIN,25h10m,1,NRT,6:10 am – 9:44 pm,ANA,SIN‐EWR,27h34m,2,"NRT, SFO",1001,20220403-1538,cheap
7:00 am – 12:35 am +2,United Airlines,EWR‐SIN,29h35m,2,"SEA, NRT",6:10 am – 4:40 pm,United Airlines,SIN‐EWR,22h30m,1,NRT,1019,20220403-1538,cheap
6:30 am – 12:35 am +2,United Airlines,EWR‐SIN,30h05m,2,"SFO, NRT",6:10 am – 4:40 pm,United Airlines,SIN‐EWR,22h30m,1,NRT,1019,20220403-1538,cheap
6:30 am – 12:35 am +2,United Airlines,EWR‐SIN,30h05m,2,"ORD, NRT",6:10 am – 4:40 pm,United Airlines,SIN‐EWR,22h30m,1,NRT,1019,20220403-1538,cheap
5:44 am – 12:35 am +2,United Airlines,EWR‐SIN,30h51m,2,"IAH, NRT",6:10 am – 4:40 pm,United Airlines,SIN‐EWR,22h30m,1,NRT,1019,20220403-1538,cheap
5:00 am – 12:35 am +2,United Airlines,EWR‐SIN,31h35m,2,"ORD, NRT",6:10 am – 4:40 pm,United Airlines,SIN‐EWR,22h30m,1,NRT,1019,20220403-1538,cheap
8:30 pm – 12:35 am +3,United Airlines,EWR‐SIN,40h05m,2,"LAX, NRT",6:10 am – 4:40 pm,United Airlines,SIN‐EWR,22h30m,1,NRT,1019,20220403-1538,cheap
11:25 am – 12:35 am +2,United Airlines,EWR‐SIN,25h10m,1,NRT,6:10 am – 8:54 pm,United Airlines,SIN‐EWR,26h44m,2,"NRT, LAX",1025,20220403-1538,cheap
11:25 am – 12:35 am +2,United Airlines,EWR‐SIN,25h10m,1,NRT,6:10 am – 10:53 pm,United Airlines,SIN‐EWR,28h43m,2,"NRT, IAH",1025,20220403-1538,cheap
11:25 am – 12:35 am +2,ANA,EWR‐SIN,25h10m,1,NRT,6:10 am – 4:40 pm,ANA,SIN‐EWR,22h30m,1,NRT,983,20220403-1535,best
11:25 am – 12:35 am +2,ANA,EWR‐SIN,25h10m,1,NRT,6:10 am – 4:40 pm,ANA,SIN‐EWR,22h30m,1,NRT,983,20220403-1535,best
11:25 am – 12:35 am +2,United Airlines,EWR‐SIN,25h10m,1,NRT,6:10 am – 8:54 pm,United Airlines,SIN‐EWR,26h44m,2,"NRT, LAX",1025,20220403-1535,best
11:25 am – 12:35 am +2,ANA,EWR‐SIN,25h10m,1,NRT,6:10 am – 9:44 pm,ANA,SIN‐EWR,27h34m,2,"NRT, SFO",1001,20220403-1535,best
6:30 am – 12:35 am +2,ANA,EWR‐SIN,30h05m,2,"LAX, NRT",6:10 am – 4:40 pm,ANA,SIN‐EWR,22h30m,1,NRT,995,20220403-1535,best
7:00 am – 12:35 am +2,United Airlines,EWR‐SIN,29h35m,2,"SEA, NRT",6:10 am – 4:40 pm,United Airlines,SIN‐EWR,22h30m,1,NRT,1019,20220403-1535,best
7:51 am – 12:35 am +2,ANA,EWR‐SIN,28h44m,2,"ORD, NRT",6:10 am – 4:40 pm,ANA,SIN‐EWR,22h30m,1,NRT,1052,20220403-1535,best
6:30 am – 12:35 am +2,United Airlines,EWR‐SIN,30h05m,2,"SFO, NRT",6:10 am – 4:40 pm,United Airlines,SIN‐EWR,22h30m,1,NRT,1019,20220403-1535,best
10:25 am – 5:10 pm +1,Singapore Airlines,EWR‐SIN,18h45m,0,,11:35 pm – 6:00 am +1,Singapore Airlines,SIN‐EWR,18h25m,0,,1725,20220403-1535,best
6:30 am – 12:35 am +2,United Airlines,EWR‐SIN,30h05m,2,"ORD, NRT",6:10 am – 4:40 pm,United Airlines,SIN‐EWR,22h30m,1,NRT,1019,20220403-1535,best
11:25 am – 12:35 am +2,United Airlines,EWR‐SIN,25h10m,1,NRT,6:10 am – 10:53 pm,United Airlines,SIN‐EWR,28h43m,2,"NRT, IAH",1025,20220403-1535,best
11:25 am – 12:35 am +2,ANA,EWR‐SIN,25h10m,1,NRT,6:10 am – 9:44 pm,ANA,SIN‐EWR,27h34m,2,"NRT, SFO",1069,20220403-1535,best
6:30 am – 12:35 am +2,ANA,EWR‐SIN,30h05m,2,"LAX, NRT",6:10 am – 4:40 pm,ANA,SIN‐EWR,22h30m,1,NRT,1063,20220403-1535,best
11:25 am – 12:35 am +2,United Airlines,EWR‐SIN,25h10m,1,NRT,6:10 am – 11:09 pm,United Airlines,SIN‐EWR,28h59m,2,"NRT, SFO",1025,20220403-1535,best
11:25 am – 12:35 am +2,United Airlines,EWR‐SIN,25h10m,1,NRT,6:10 am – 11:28 pm,United Airlines,SIN‐EWR,29h18m,2,"NRT, IAD",1025,20220403-1535,best
11:25 am – 12:35 am +2,ANA,EWR‐SIN,25h10m,1,NRT,6:10 am – 12:17 am +1,ANA,SIN‐EWR,30h07m,2,"NRT, LAX",999,20220403-1535,best
10:25 am – 5:10 pm +1,Singapore Airlines,EWR‐SIN,18h45m,0,,11:35 pm – 6:00 am +1,Singapore Airlines,SIN‐EWR,18h25m,0,,1725,20220403-1540,fast
10:25 am – 5:10 pm +1,Singapore Airlines,EWR‐SIN,18h45m,0,,6:10 am – 4:40 pm,ANA,SIN‐EWR,22h30m,1,NRT,2035,20220403-1540,fast
10:25 am – 5:10 pm +1,Singapore Airlines,EWR‐SIN,18h45m,0,,8:45 pm – 8:20 am +1,"Singapore Airlines, JetBlue",SIN‐EWR,23h35m,1,LAX,3289,20220403-1540,fast
10:25 am – 5:10 pm +1,Singapore Airlines,EWR‐SIN,18h45m,0,,6:40 pm – 7:05 am +1,Singapore Airlines,SIN‐EWR,24h25m,1,SFO,3052,20220403-1540,fast
11:25 am – 12:35 am +2,ANA,EWR‐SIN,25h10m,1,NRT,11:35 pm – 6:00 am +1,Singapore Airlines,SIN‐EWR,18h25m,0,,1562,20220403-1540,fast
6:35 pm – 7:50 am +2,Singapore Airlines,EWR‐SIN,25h15m,1,LAX,11:35 pm – 6:00 am +1,Singapore Airlines,SIN‐EWR,18h25m,0,,2845,20220403-1540,fast
10:25 am – 5:10 pm +1,Singapore Airlines,EWR‐SIN,18h45m,0,,6:40 pm – 8:34 am +1,"Singapore Airlines, JetBlue",SIN‐EWR,25h54m,1,SFO,3095,20220403-1540,fast
8:00 pm – 5:30 am +2,"Austrian Airlines, Singapore Airlines",EWR‐SIN,21h30m,1,LHR,11:30 pm – 11:00 am +1,"Singapore Airlines, Austrian Airlines",SIN‐EWR,23h30m,1,LHR,6636,20220403-1540,fast
10:25 am – 5:10 pm +1,Singapore Airlines,EWR‐SIN,18h45m,0,,8:10 am – 10:28 pm,Japan Airlines,SIN‐EWR,26h18m,2,"NRT, BOS",2431,20220403-1540,fast
8:45 pm – 7:00 am +2,Lufthansa,EWR‐SIN,22h15m,1,MUC,12:30 am – 12:45 pm,Lufthansa,SIN‐EWR,24h15m,1,MUC,2870,20220403-1540,fast
8:45 pm – 7:00 am +2,Lufthansa,EWR‐SIN,22h15m,1,MUC,12:30 am – 1:10 pm,Lufthansa,SIN‐EWR,24h40m,2,"MUC, ZRH",2907,20220403-1540,fast
7:51 am – 12:35 am +2,ANA,EWR‐SIN,28h44m,2,"ORD, NRT",11:35 pm – 6:00 am +1,Singapore Airlines,SIN‐EWR,18h25m,0,,1570,20220403-1540,fast
5:55 pm – 6:40 am +2,SWISS,EWR‐SIN,24h45m,2,"AMS, ZRH",6:10 am – 4:40 pm,ANA,SIN‐EWR,22h30m,1,NRT,2320,20220403-1540,fast
6:20 pm – 5:55 am +2,SWISS,EWR‐SIN,23h35m,1,ZRH,1:25 am – 1:10 pm,SWISS,SIN‐EWR,23h45m,1,ZRH,3149,20220403-1540,fast
8:15 am – 1:15 am +2,Singapore Airlines,EWR‐SIN,29h00m,2,"LAX, NRT",11:35 pm – 6:00 am +1,Singapore Airlines,SIN‐EWR,18h25m,0,,2315,20220403-1540,fast
