Out Time,Out Airline,Out Cities,Out Duration,Out Stops,Out Stop Cities,Return Time,Return Airline,Return Cities,Return Duration,Return Stops,Return Stop Cities,Price,timestamp,sort
6:00 am – 12:20 am +2,Japan Airlines,EWR‐SIN,30h20m,2,"BOS, NRT",9:50 pm – 2:52 pm +1,Japan Airlines,SIN‐EWR,29h02m,2,"HND, ORD",908,20220407-1656,cheap
6:40 pm – 6:15 am +2,United Airlines,EWR‐SIN,23h35m,1,SFO,8:45 am – 9:08 pm,United Airlines,SIN‐EWR,24h23m,1,SFO,915,20220407-1656,cheap
6:40 pm – 6:15 am +2,United Airlines,EWR‐SIN,23h35m,1,SFO,8:45 am – 10:08 pm,United Airlines,SIN‐EWR,25h23m,1,SFO,915,20220407-1656,cheap
4:45 pm – 6:15 am +2,United Airlines,EWR‐SIN,25h30m,2,"DEN, SFO",8:45 am – 9:08 pm,United Airlines,SIN‐EWR,24h23m,1,SFO,915,20220407-1656,cheap
4:40 pm – 6:15 am +2,United Airlines,EWR‐SIN,25h35m,1,SFO,8:45 am – 9:08 pm,United Airlines,SIN‐EWR,24h23m,1,SFO,915,20220407-1656,cheap
6:40 pm – 6:15 am +2,United Airlines,EWR‐SIN,23h35m,1,SFO,8:45 am – 11:58 pm,United Airlines,SIN‐EWR,27h13m,1,SFO,915,20220407-1656,cheap
4:45 pm – 6:15 am +2,United Airlines,EWR‐SIN,25h30m,2,"DEN, SFO",8:45 am – 10:08 pm,United Airlines,SIN‐EWR,25h23m,1,SFO,915,20220407-1656,cheap
4:40 pm – 6:15 am +2,United Airlines,EWR‐SIN,25h35m,1,SFO,8:45 am – 10:08 pm,United Airlines,SIN‐EWR,25h23m,1,SFO,915,20220407-1656,cheap
3:36 pm – 6:15 am +2,United Airlines,EWR‐SIN,26h39m,2,"DEN, SFO",8:45 am – 9:08 pm,United Airlines,SIN‐EWR,24h23m,1,SFO,915,20220407-1656,cheap
3:20 pm – 6:15 am +2,United Airlines,EWR‐SIN,26h55m,1,SFO,8:45 am – 9:08 pm,United Airlines,SIN‐EWR,24h23m,1,SFO,915,20220407-1656,cheap
3:00 pm – 6:15 am +2,United Airlines,EWR‐SIN,27h15m,2,"DCA, SFO",8:45 am – 9:08 pm,United Airlines,SIN‐EWR,24h23m,1,SFO,915,20220407-1656,cheap
6:40 pm – 6:15 am +2,United Airlines,EWR‐SIN,23h35m,1,SFO,8:45 am – 12:53 am +1,United Airlines,SIN‐EWR,28h08m,1,SFO,915,20220407-1656,cheap
2:47 pm – 6:15 am +2,United Airlines,EWR‐SIN,27h28m,2,"MCO, SFO",8:45 am – 9:08 pm,United Airlines,SIN‐EWR,24h23m,1,SFO,915,20220407-1656,cheap
2:30 pm – 6:15 am +2,United Airlines,EWR‐SIN,27h45m,2,"DCA, SFO",8:45 am – 9:08 pm,United Airlines,SIN‐EWR,24h23m,1,SFO,915,20220407-1656,cheap
3:20 pm – 6:15 am +2,United Airlines,EWR‐SIN,26h55m,1,SFO,8:45 am – 10:08 pm,United Airlines,SIN‐EWR,25h23m,1,SFO,915,20220407-1656,cheap
6:00 am – 12:20 am +2,Japan Airlines,EWR‐SIN,30h20m,2,"BOS, NRT",9:50 pm – 2:52 pm +1,Japan Airlines,SIN‐EWR,29h02m,2,"HND, ORD",958,20220407-1654,best
6:40 pm – 6:15 am +2,United Airlines,EWR‐SIN,23h35m,1,SFO,8:45 am – 9:08 pm,United Airlines,SIN‐EWR,24h23m,1,SFO,915,20220407-1654,best
6:00 am – 12:20 am +2,Japan Airlines,EWR‐SIN,30h20m,2,"BOS, NRT",9:50 pm – 2:52 pm +1,Japan Airlines,SIN‐EWR,29h02m,2,"HND, ORD",908,20220407-1654,best
6:40 pm – 6:15 am +2,United Airlines,EWR‐SIN,23h35m,1,SFO,6:10 am – 4:40 pm,"ANA, United Airlines",SIN‐EWR,22h30m,1,NRT,1018,20220407-1654,best
6:40 pm – 6:15 am +2,United Airlines,EWR‐SIN,23h35m,1,SFO,8:45 am – 10:08 pm,United Airlines,SIN‐EWR,25h23m,1,SFO,915,20220407-1654,best
11:35 am – 12:35 am +2,ANA,EWR‐SIN,25h00m,1,NRT,6:10 am – 4:40 pm,ANA,SIN‐EWR,22h30m,1,NRT,989,20220407-1654,best
4:40 pm – 6:15 am +2,United Airlines,EWR‐SIN,25h35m,1,SFO,8:45 am – 9:08 pm,United Airlines,SIN‐EWR,24h23m,1,SFO,915,20220407-1654,best
4:45 pm – 6:15 am +2,United Airlines,EWR‐SIN,25h30m,2,"DEN, SFO",8:45 am – 9:08 pm,United Airlines,SIN‐EWR,24h23m,1,SFO,915,20220407-1654,best
10:55 am – 12:35 am +2,ANA,EWR‐SIN,25h40m,1,HND-NRT,6:10 am – 4:40 pm,ANA,SIN‐EWR,22h30m,1,NRT,998,20220407-1654,best
10:25 am – 5:10 pm +1,Singapore Airlines,EWR‐SIN,18h45m,0,,11:35 pm – 6:00 am +1,Singapore Airlines,SIN‐EWR,18h25m,0,,1340,20220407-1654,best
6:40 pm – 6:15 am +2,United Airlines,EWR‐SIN,23h35m,1,SFO,8:45 am – 11:58 pm,United Airlines,SIN‐EWR,27h13m,1,SFO,915,20220407-1654,best
4:40 pm – 6:15 am +2,United Airlines,EWR‐SIN,25h35m,1,SFO,8:45 am – 10:08 pm,United Airlines,SIN‐EWR,25h23m,1,SFO,915,20220407-1654,best
4:45 pm – 6:15 am +2,United Airlines,EWR‐SIN,25h30m,2,"DEN, SFO",8:45 am – 10:08 pm,United Airlines,SIN‐EWR,25h23m,1,SFO,915,20220407-1654,best
3:20 pm – 6:15 am +2,United Airlines,EWR‐SIN,26h55m,1,SFO,8:45 am – 9:08 pm,United Airlines,SIN‐EWR,24h23m,1,SFO,915,20220407-1654,best
6:40 pm – 6:15 am +2,United Airlines,EWR‐SIN,23h35m,1,SFO,8:45 am – 11:29 pm,United Airlines,SIN‐EWR,26h44m,2,"SFO, IAD",919,20220407-1654,best
4:45 pm – 6:15 am +2,United Airlines,EWR‐SIN,25h30m,2,"DEN, SFO",6:10 am – 4:40 pm,"ANA, United Airlines",SIN‐EWR,22h30m,1,NRT,1018,20220407-1654,best
6:40 pm – 6:15 am +2,United Airlines,EWR‐SIN,23h35m,1,SFO,8:45 am – 12:53 am +1,United Airlines,SIN‐EWR,28h08m,1,SFO,915,20220407-1654,best
10:25 am – 5:10 pm +1,Singapore Airlines,EWR‐SIN,18h45m,0,,11:35 pm – 6:00 am +1,Singapore Airlines,SIN‐EWR,18h25m,0,,1340,20220407-1659,fast
10:25 am – 5:10 pm +1,Singapore Airlines,EWR‐SIN,18h45m,0,,6:10 am – 4:40 pm,ANA,SIN‐EWR,22h30m,1,NRT,1702,20220407-1659,fast
6:40 pm – 6:15 am +2,United Airlines,EWR‐SIN,23h35m,1,SFO,11:35 pm – 6:00 am +1,Singapore Airlines,SIN‐EWR,18h25m,0,,1537,20220407-1659,fast
10:25 am – 5:10 pm +1,Singapore Airlines,EWR‐SIN,18h45m,0,,6:40 pm – 6:59 am +1,Singapore Airlines,SIN‐EWR,24h19m,1,SFO,2003,20220407-1659,fast
11:35 am – 12:35 am +2,ANA,EWR‐SIN,25h00m,1,NRT,11:35 pm – 6:00 am +1,Singapore Airlines,SIN‐EWR,18h25m,0,,1572,20220407-1659,fast
4:40 pm – 6:15 am +2,United Airlines,EWR‐SIN,25h35m,1,SFO,11:35 pm – 6:00 am +1,Singapore Airlines,SIN‐EWR,18h25m,0,,1537,20220407-1659,fast
3:59 pm – 5:45 am +2,Singapore Airlines,EWR‐SIN,25h46m,1,SFO,11:35 pm – 6:00 am +1,Singapore Airlines,SIN‐EWR,18h25m,0,,1799,20220407-1659,fast
6:45 pm – 8:55 am +2,"JetBlue, Qatar Airways",EWR‐SIN,26h10m,2,"BOS, DOH",11:35 pm – 6:00 am +1,Singapore Airlines,SIN‐EWR,18h25m,0,,1776,20220407-1659,fast
9:26 am – 12:20 am +2,"JetBlue, Japan Airlines",EWR‐SIN,26h54m,2,"BOS, NRT",11:35 pm – 6:00 am +1,Singapore Airlines,SIN‐EWR,18h25m,0,,1493,20220407-1659,fast
10:25 am – 5:10 pm +1,Singapore Airlines,EWR‐SIN,18h45m,0,,6:10 am – 9:08 pm,ANA,SIN‐EWR,26h58m,2,"NRT, SFO",1705,20220407-1659,fast
9:00 am – 12:20 am +2,Japan Airlines,EWR‐SIN,27h20m,2,"LAX, NRT",11:35 pm – 6:00 am +1,Singapore Airlines,SIN‐EWR,18h25m,0,,1522,20220407-1659,fast
8:55 pm – 7:00 am +2,Lufthansa,EWR‐SIN,22h05m,1,MUC,12:30 am – 12:25 pm,Lufthansa,SIN‐EWR,23h55m,1,MUC,1802,20220407-1659,fast
6:40 pm – 6:15 am +2,United Airlines,EWR‐SIN,23h35m,1,SFO,6:10 am – 4:40 pm,"ANA, United Airlines",SIN‐EWR,22h30m,1,NRT,1018,20220407-1659,fast
4:00 pm – 7:50 am +2,Singapore Airlines,EWR‐SIN,27h50m,1,LAX,11:35 pm – 6:00 am +1,Singapore Airlines,SIN‐EWR,18h25m,0,,1549,20220407-1659,fast
8:25 am – 12:20 am +2,Japan Airlines,EWR‐SIN,27h55m,2,"SFO, NRT",11:35 pm – 6:00 am +1,Singapore Airlines,SIN‐EWR,18h25m,0,,1522,20220407-1659,fast
