Out Time,Out Airline,Out Cities,Out Duration,Out Stops,Out Stop Cities,Return Time,Return Airline,Return Cities,Return Duration,Return Stops,Return Stop Cities,Price,timestamp,sort
12:00 pm – 12:35 am +2,ANA,EWR‐SIN,24h35m,1,NRT,6:10 am – 4:40 pm,ANA,SIN‐EWR,22h30m,1,NRT,1036,20220403-2315,cheap
8:15 am – 12:35 am +2,ANA,EWR‐SIN,28h20m,2,"SFO, NRT",6:10 am – 4:40 pm,ANA,SIN‐EWR,22h30m,1,NRT,1040,20220403-2315,cheap
6:00 am – 12:35 am +2,ANA,EWR‐SIN,30h35m,2,"LAX, NRT",6:10 am – 4:40 pm,ANA,SIN‐EWR,22h30m,1,NRT,1040,20220403-2315,cheap
12:00 pm – 12:35 am +2,United Airlines,EWR‐SIN,24h35m,1,NRT,8:45 am – 11:58 pm,United Airlines,SIN‐EWR,27h13m,1,SFO,1172,20220403-2315,cheap
12:00 pm – 12:35 am +2,United Airlines,EWR‐SIN,24h35m,1,NRT,8:45 am – 12:53 am +1,United Airlines,SIN‐EWR,28h08m,1,SFO,1172,20220403-2315,cheap
12:00 pm – 12:35 am +2,"United Airlines, ANA",EWR‐SIN,24h35m,1,NRT,8:45 am – 6:52 am +1,United Airlines,SIN‐EWR,34h07m,2,"SFO, LAS",1181,20220403-2315,cheap
10:40 am – 12:35 am +2,Air Canada,EWR‐SIN,25h55m,2,"YUL, NRT",6:10 am – 8:24 pm,Air Canada,SIN‐EWR,26h14m,2,"NRT, YUL",1214,20220403-2315,cheap
6:00 am – 12:35 am +2,Air Canada,EWR‐SIN,30h35m,2,"YUL, NRT",6:10 am – 8:24 pm,Air Canada,SIN‐EWR,26h14m,2,"NRT, YUL",1214,20220403-2315,cheap
6:29 am – 12:35 am +2,United Airlines,EWR‐SIN,30h06m,2,"SFO, NRT",8:45 am – 11:58 pm,United Airlines,SIN‐EWR,27h13m,1,SFO,1283,20220403-2315,cheap
6:29 am – 12:35 am +2,United Airlines,EWR‐SIN,30h06m,2,"SFO, NRT",8:45 am – 12:53 am +1,United Airlines,SIN‐EWR,28h08m,1,SFO,1283,20220403-2315,cheap
12:00 pm – 12:35 am +2,United Airlines,EWR‐SIN,24h35m,1,NRT,8:45 am – 7:23 pm,United Airlines,SIN‐EWR,22h38m,1,SFO,1310,20220403-2315,cheap
12:00 pm – 12:35 am +2,United Airlines,EWR‐SIN,24h35m,1,NRT,8:45 am – 8:08 pm,United Airlines,SIN‐EWR,23h23m,1,SFO,1310,20220403-2315,cheap
12:00 pm – 12:35 am +2,ANA,EWR‐SIN,24h35m,1,NRT,6:10 am – 8:58 pm,"ANA, United Airlines",SIN‐EWR,26h48m,2,"NRT, IAH",1330,20220403-2315,cheap
12:00 pm – 12:35 am +2,ANA,EWR‐SIN,24h35m,1,NRT,6:10 am – 8:58 pm,"ANA, United Airlines",SIN‐EWR,26h48m,2,"NRT, IAH",1330,20220403-2315,cheap
8:15 am – 12:35 am +2,ANA,EWR‐SIN,28h20m,2,"SFO, NRT",6:10 am – 8:58 pm,"ANA, United Airlines",SIN‐EWR,26h48m,2,"NRT, IAH",1334,20220403-2315,cheap
12:00 pm – 12:35 am +2,ANA,EWR‐SIN,24h35m,1,NRT,6:10 am – 4:40 pm,ANA,SIN‐EWR,22h30m,1,NRT,1036,20220403-2313,best
12:00 pm – 12:35 am +2,ANA,EWR‐SIN,24h35m,1,NRT,6:10 am – 4:40 pm,ANA,SIN‐EWR,22h30m,1,NRT,1036,20220403-2313,best
8:15 am – 12:35 am +2,ANA,EWR‐SIN,28h20m,2,"SFO, NRT",6:10 am – 4:40 pm,ANA,SIN‐EWR,22h30m,1,NRT,1040,20220403-2313,best
6:00 am – 12:35 am +2,ANA,EWR‐SIN,30h35m,2,"LAX, NRT",6:10 am – 4:40 pm,ANA,SIN‐EWR,22h30m,1,NRT,1040,20220403-2313,best
12:00 pm – 12:35 am +2,United Airlines,EWR‐SIN,24h35m,1,NRT,8:45 am – 7:23 pm,United Airlines,SIN‐EWR,22h38m,1,SFO,1310,20220403-2313,best
12:00 pm – 12:35 am +2,United Airlines,EWR‐SIN,24h35m,1,NRT,8:45 am – 11:58 pm,United Airlines,SIN‐EWR,27h13m,1,SFO,1172,20220403-2313,best
12:00 pm – 12:35 am +2,United Airlines,EWR‐SIN,24h35m,1,NRT,8:45 am – 8:08 pm,United Airlines,SIN‐EWR,23h23m,1,SFO,1310,20220403-2313,best
12:00 pm – 12:35 am +2,United Airlines,EWR‐SIN,24h35m,1,NRT,8:45 am – 12:53 am +1,United Airlines,SIN‐EWR,28h08m,1,SFO,1172,20220403-2313,best
10:25 am – 5:10 pm +1,Singapore Airlines,EWR‐SIN,18h45m,0,,11:35 pm – 6:00 am +1,Singapore Airlines,SIN‐EWR,18h25m,0,,1765,20220403-2313,best
10:40 am – 12:35 am +2,Air Canada,EWR‐SIN,25h55m,2,"YUL, NRT",6:10 am – 8:24 pm,Air Canada,SIN‐EWR,26h14m,2,"NRT, YUL",1214,20220403-2313,best
12:00 pm – 12:35 am +2,ANA,EWR‐SIN,24h35m,1,NRT,6:10 am – 8:58 pm,"ANA, United Airlines",SIN‐EWR,26h48m,2,"NRT, IAH",1330,20220403-2313,best
12:00 pm – 12:35 am +2,ANA,EWR‐SIN,24h35m,1,NRT,6:10 am – 8:58 pm,"ANA, United Airlines",SIN‐EWR,26h48m,2,"NRT, IAH",1330,20220403-2313,best
12:00 pm – 12:35 am +2,ANA,EWR‐SIN,24h35m,1,NRT,6:10 am – 9:08 pm,ANA,SIN‐EWR,26h58m,2,"NRT, SFO",1399,20220403-2313,best
12:00 pm – 12:35 am +2,ANA,EWR‐SIN,24h35m,1,NRT,6:10 am – 9:33 pm,ANA,SIN‐EWR,27h23m,2,"NRT, ORD",1396,20220403-2313,best
12:00 pm – 12:35 am +2,"United Airlines, ANA",EWR‐SIN,24h35m,1,NRT,8:45 am – 6:52 am +1,United Airlines,SIN‐EWR,34h07m,2,"SFO, LAS",1181,20220403-2313,best
12:00 pm – 12:35 am +2,ANA,EWR‐SIN,24h35m,1,NRT,6:10 am – 9:00 pm,"ANA, United Airlines",SIN‐EWR,26h50m,2,"NRT, IAD",1435,20220403-2313,best
10:25 am – 5:10 pm +1,Singapore Airlines,EWR‐SIN,18h45m,0,,11:35 pm – 6:00 am +1,Singapore Airlines,SIN‐EWR,18h25m,0,,1765,20220403-2318,fast
10:25 am – 5:10 pm +1,Singapore Airlines,EWR‐SIN,18h45m,0,,7:00 am – 4:49 pm,"Singapore Airlines, Air Canada",SIN‐EWR,21h49m,1,YVR,7106,20220403-2318,fast
12:00 pm – 12:35 am +2,ANA,EWR‐SIN,24h35m,1,NRT,11:35 pm – 6:00 am +1,Singapore Airlines,SIN‐EWR,18h25m,0,,1648,20220403-2318,fast
10:25 am – 5:10 pm +1,Singapore Airlines,EWR‐SIN,18h45m,0,,6:40 pm – 6:59 am +1,Singapore Airlines,SIN‐EWR,24h19m,1,SFO,2251,20220403-2318,fast
10:25 am – 5:10 pm +1,Singapore Airlines,EWR‐SIN,18h45m,0,,6:40 pm – 6:59 am +1,"Singapore Airlines, Alaska Airlines",SIN‐EWR,24h19m,1,SFO,2260,20220403-2318,fast
8:55 pm – 7:00 am +2,Lufthansa,EWR‐SIN,22h05m,1,MUC,6:10 am – 4:40 pm,ANA,SIN‐EWR,22h30m,1,NRT,3300,20220403-2318,fast
6:40 pm – 6:15 am +2,United Airlines,EWR‐SIN,23h35m,1,SFO,6:10 am – 4:40 pm,United Airlines,SIN‐EWR,22h30m,1,NRT,15092,20220403-2318,fast
6:40 pm – 6:15 am +2,United Airlines,EWR‐SIN,23h35m,1,SFO,8:45 am – 7:23 pm,United Airlines,SIN‐EWR,22h38m,1,SFO,2203,20220403-2318,fast
4:00 pm – 7:50 am +2,Singapore Airlines,EWR‐SIN,27h50m,1,LAX,11:35 pm – 6:00 am +1,Singapore Airlines,SIN‐EWR,18h25m,0,,6486,20220403-2318,fast
8:15 am – 12:20 am +2,"American Airlines, Japan Airlines",EWR‐SIN,28h05m,2,"DFW, NRT",11:35 pm – 6:00 am +1,Singapore Airlines,SIN‐EWR,18h25m,0,,1635,20220403-2318,fast
9:00 am – 1:15 am +2,"Alaska Airlines, Singapore Airlines",EWR‐SIN,28h15m,2,"LAX, NRT",11:35 pm – 6:00 am +1,Singapore Airlines,SIN‐EWR,18h25m,0,,2130,20220403-2318,fast
9:00 am – 1:15 am +2,Singapore Airlines,EWR‐SIN,28h15m,2,"LAX, NRT",11:35 pm – 6:00 am +1,Singapore Airlines,SIN‐EWR,18h25m,0,,2251,20220403-2318,fast
6:40 pm – 6:15 am +2,United Airlines,EWR‐SIN,23h35m,1,SFO,8:45 am – 8:08 pm,United Airlines,SIN‐EWR,23h23m,1,SFO,2203,20220403-2318,fast
12:00 pm – 12:35 am +2,ANA,EWR‐SIN,24h35m,1,NRT,6:10 am – 4:40 pm,ANA,SIN‐EWR,22h30m,1,NRT,1036,20220403-2318,fast
12:00 pm – 12:35 am +2,United Airlines,EWR‐SIN,24h35m,1,NRT,8:45 am – 7:23 pm,United Airlines,SIN‐EWR,22h38m,1,SFO,1310,20220403-2318,fast
