Out Time,Out Airline,Out Cities,Out Duration,Out Stops,Out Stop Cities,Return Time,Return Airline,Return Cities,Return Duration,Return Stops,Return Stop Cities,Price,timestamp,sort
6:30 pm – 6:45 am +2,United Airlines,EWR‐SIN,24h15m,1,SFO,9:00 am – 9:44 pm,United Airlines,SIN‐EWR,24h44m,1,SFO,906,20220403-1531,cheap
5:30 pm – 6:45 am +2,United Airlines,EWR‐SIN,25h15m,1,SFO,9:00 am – 9:44 pm,United Airlines,SIN‐EWR,24h44m,1,SFO,906,20220403-1531,cheap
6:30 pm – 6:45 am +2,United Airlines,EWR‐SIN,24h15m,1,SFO,9:00 am – 11:09 pm,United Airlines,SIN‐EWR,26h09m,1,SFO,906,20220403-1531,cheap
5:30 pm – 6:45 am +2,United Airlines,EWR‐SIN,25h15m,1,SFO,9:00 am – 11:09 pm,United Airlines,SIN‐EWR,26h09m,1,SFO,906,20220403-1531,cheap
4:00 pm – 6:45 am +2,United Airlines,EWR‐SIN,26h45m,2,"DCA, SFO",9:00 am – 9:44 pm,United Airlines,SIN‐EWR,24h44m,1,SFO,906,20220403-1531,cheap
3:45 pm – 6:45 am +2,United Airlines,EWR‐SIN,27h00m,1,SFO,9:00 am – 9:44 pm,United Airlines,SIN‐EWR,24h44m,1,SFO,906,20220403-1531,cheap
6:30 pm – 6:45 am +2,United Airlines,EWR‐SIN,24h15m,1,SFO,9:00 am – 12:44 am +1,United Airlines,SIN‐EWR,27h44m,1,SFO,906,20220403-1531,cheap
3:00 pm – 6:45 am +2,United Airlines,EWR‐SIN,27h45m,2,"DCA, SFO",9:00 am – 9:44 pm,United Airlines,SIN‐EWR,24h44m,1,SFO,906,20220403-1531,cheap
4:00 pm – 6:45 am +2,United Airlines,EWR‐SIN,26h45m,2,"DCA, SFO",9:00 am – 11:09 pm,United Airlines,SIN‐EWR,26h09m,1,SFO,906,20220403-1531,cheap
2:35 pm – 6:45 am +2,United Airlines,EWR‐SIN,28h10m,2,"DCA, SFO",9:00 am – 9:44 pm,United Airlines,SIN‐EWR,24h44m,1,SFO,906,20220403-1531,cheap
5:30 pm – 6:45 am +2,United Airlines,EWR‐SIN,25h15m,1,SFO,9:00 am – 12:44 am +1,United Airlines,SIN‐EWR,27h44m,1,SFO,906,20220403-1531,cheap
3:45 pm – 6:45 am +2,United Airlines,EWR‐SIN,27h00m,1,SFO,9:00 am – 11:09 pm,United Airlines,SIN‐EWR,26h09m,1,SFO,906,20220403-1531,cheap
2:15 pm – 6:45 am +2,United Airlines,EWR‐SIN,28h30m,1,SFO,9:00 am – 9:44 pm,United Airlines,SIN‐EWR,24h44m,1,SFO,906,20220403-1531,cheap
2:15 pm – 6:45 am +2,United Airlines,EWR‐SIN,28h30m,1,SFO,9:00 am – 11:09 pm,United Airlines,SIN‐EWR,26h09m,1,SFO,906,20220403-1531,cheap
3:45 pm – 6:45 am +2,United Airlines,EWR‐SIN,27h00m,1,SFO,9:00 am – 12:44 am +1,United Airlines,SIN‐EWR,27h44m,1,SFO,906,20220403-1531,cheap
6:30 pm – 6:45 am +2,United Airlines,EWR‐SIN,24h15m,1,SFO,9:00 am – 9:44 pm,United Airlines,SIN‐EWR,24h44m,1,SFO,906,20220403-1528,best
5:30 pm – 6:45 am +2,United Airlines,EWR‐SIN,25h15m,1,SFO,9:00 am – 9:44 pm,United Airlines,SIN‐EWR,24h44m,1,SFO,906,20220403-1528,best
6:30 pm – 6:45 am +2,United Airlines,EWR‐SIN,24h15m,1,SFO,9:00 am – 11:09 pm,United Airlines,SIN‐EWR,26h09m,1,SFO,906,20220403-1528,best
6:30 pm – 6:45 am +2,United Airlines,EWR‐SIN,24h15m,1,SFO,9:00 am – 11:28 pm,United Airlines,SIN‐EWR,26h28m,2,"SFO, IAD",910,20220403-1528,best
5:30 pm – 6:45 am +2,United Airlines,EWR‐SIN,25h15m,1,SFO,9:00 am – 11:09 pm,United Airlines,SIN‐EWR,26h09m,1,SFO,906,20220403-1528,best
3:45 pm – 6:45 am +2,United Airlines,EWR‐SIN,27h00m,1,SFO,9:00 am – 9:44 pm,United Airlines,SIN‐EWR,24h44m,1,SFO,906,20220403-1528,best
6:30 pm – 6:45 am +2,United Airlines,EWR‐SIN,24h15m,1,SFO,9:00 am – 12:44 am +1,United Airlines,SIN‐EWR,27h44m,1,SFO,906,20220403-1528,best
4:00 pm – 6:45 am +2,United Airlines,EWR‐SIN,26h45m,2,"DCA, SFO",9:00 am – 9:44 pm,United Airlines,SIN‐EWR,24h44m,1,SFO,906,20220403-1528,best
5:30 pm – 6:45 am +2,United Airlines,EWR‐SIN,25h15m,1,SFO,9:00 am – 12:44 am +1,United Airlines,SIN‐EWR,27h44m,1,SFO,906,20220403-1528,best
3:00 pm – 6:45 am +2,United Airlines,EWR‐SIN,27h45m,2,"DCA, SFO",9:00 am – 9:44 pm,United Airlines,SIN‐EWR,24h44m,1,SFO,906,20220403-1528,best
5:30 pm – 6:45 am +2,United Airlines,EWR‐SIN,25h15m,1,SFO,9:00 am – 11:28 pm,United Airlines,SIN‐EWR,26h28m,2,"SFO, IAD",910,20220403-1528,best
3:45 pm – 6:45 am +2,United Airlines,EWR‐SIN,27h00m,1,SFO,9:00 am – 11:09 pm,United Airlines,SIN‐EWR,26h09m,1,SFO,906,20220403-1528,best
4:00 pm – 6:45 am +2,United Airlines,EWR‐SIN,26h45m,2,"DCA, SFO",9:00 am – 11:09 pm,United Airlines,SIN‐EWR,26h09m,1,SFO,906,20220403-1528,best
2:15 pm – 6:45 am +2,United Airlines,EWR‐SIN,28h30m,1,SFO,9:00 am – 9:44 pm,United Airlines,SIN‐EWR,24h44m,1,SFO,906,20220403-1528,best
2:35 pm – 6:45 am +2,United Airlines,EWR‐SIN,28h10m,2,"DCA, SFO",9:00 am – 9:44 pm,United Airlines,SIN‐EWR,24h44m,1,SFO,906,20220403-1528,best
8:45 pm – 7:00 am +2,Lufthansa,EWR‐SIN,22h15m,1,MUC,11:35 pm – 6:00 am +1,Singapore Airlines,SIN‐EWR,18h25m,0,,2380,20220403-1533,fast
7:35 pm – 6:50 am +2,Lufthansa,EWR‐SIN,23h15m,1,FRA,11:35 pm – 6:00 am +1,Singapore Airlines,SIN‐EWR,18h25m,0,,2315,20220403-1533,fast
6:30 pm – 6:45 am +2,United Airlines,EWR‐SIN,24h15m,1,SFO,11:35 pm – 6:00 am +1,Singapore Airlines,SIN‐EWR,18h25m,0,,1514,20220403-1533,fast
6:05 pm – 6:50 am +2,Lufthansa,EWR‐SIN,24h45m,1,FRA,11:35 pm – 6:00 am +1,Singapore Airlines,SIN‐EWR,18h25m,0,,2315,20220403-1533,fast
5:30 pm – 6:45 am +2,United Airlines,EWR‐SIN,25h15m,1,SFO,11:35 pm – 6:00 am +1,Singapore Airlines,SIN‐EWR,18h25m,0,,1514,20220403-1533,fast
6:35 pm – 7:50 am +2,"Alaska Airlines, Singapore Airlines",EWR‐SIN,25h15m,1,LAX,11:35 pm – 6:00 am +1,Singapore Airlines,SIN‐EWR,18h25m,0,,2683,20220403-1533,fast
9:30 am – 11:40 pm +1,"Delta, Korean Air",EWR‐SIN,26h10m,2,"DTW, ICN",11:35 pm – 6:00 am +1,Singapore Airlines,SIN‐EWR,18h25m,0,,1524,20220403-1533,fast
9:00 am – 11:40 pm +1,Korean Air,EWR‐SIN,26h40m,2,"BOS, ICN",11:35 pm – 6:00 am +1,Singapore Airlines,SIN‐EWR,18h25m,0,,1525,20220403-1533,fast
3:45 pm – 6:45 am +2,United Airlines,EWR‐SIN,27h00m,1,SFO,11:35 pm – 6:00 am +1,Singapore Airlines,SIN‐EWR,18h25m,0,,1514,20220403-1533,fast
8:00 am – 11:40 pm +1,Korean Air,EWR‐SIN,27h40m,2,"ATL, ICN",11:35 pm – 6:00 am +1,Singapore Airlines,SIN‐EWR,18h25m,0,,1500,20220403-1533,fast
8:45 pm – 7:00 am +2,Lufthansa,EWR‐SIN,22h15m,1,MUC,12:30 am – 12:45 pm,Lufthansa,SIN‐EWR,24h15m,1,MUC,3559,20220403-1533,fast
1:00 pm – 5:30 am +2,"JetBlue, Singapore Airlines",EWR‐SIN,28h30m,1,LAX,11:35 pm – 6:00 am +1,Singapore Airlines,SIN‐EWR,18h25m,0,,2451,20220403-1533,fast
8:00 pm – 5:30 am +2,"Austrian Airlines, Singapore Airlines",EWR‐SIN,21h30m,1,LHR,6:40 pm – 8:20 am +1,"Singapore Airlines, JetBlue",SIN‐EWR,25h40m,1,LAX,5033,20220403-1533,fast
6:20 pm – 5:55 am +2,SWISS,EWR‐SIN,23h35m,1,ZRH,1:25 am – 1:10 pm,SWISS,SIN‐EWR,23h45m,1,ZRH,3549,20220403-1533,fast
7:20 am – 12:20 am +2,Japan Airlines,EWR‐SIN,29h00m,2,"SEA, NRT",11:35 pm – 6:00 am +1,Singapore Airlines,SIN‐EWR,18h25m,0,,1509,20220403-1533,fast
