Out Time,Out Airline,Out Cities,Out Duration,Out Stops,Out Stop Cities,Return Time,Return Airline,Return Cities,Return Duration,Return Stops,Return Stop Cities,Price,timestamp,sort
9:00 pm – 7:10 pm +2,"Alaska Airlines, Singapore Airlines",SAN‐SIN,31h10m,1,SFO,6:40 pm – 11:49 pm,Singapore Airlines,SIN‐SAN,20h09m,1,SFO,1186,20220408-1547,cheap
7:40 pm – 7:10 pm +2,"Alaska Airlines, Singapore Airlines",SAN‐SIN,32h30m,1,SFO,6:40 pm – 11:49 pm,Singapore Airlines,SIN‐SAN,20h09m,1,SFO,1186,20220408-1547,cheap
5:15 pm – 7:10 pm +2,Singapore Airlines,SAN‐SIN,34h55m,1,SFO,6:40 pm – 11:49 pm,Singapore Airlines,SIN‐SAN,20h09m,1,SFO,1186,20220408-1547,cheap
3:10 pm – 7:10 pm +2,Singapore Airlines,SAN‐SIN,37h00m,1,SFO,6:40 pm – 11:49 pm,Singapore Airlines,SIN‐SAN,20h09m,1,SFO,1186,20220408-1547,cheap
9:00 pm – 7:10 pm +2,"Alaska Airlines, Singapore Airlines",SAN‐SIN,31h10m,1,SFO,6:40 pm – 7:34 am +1,"Singapore Airlines, Alaska Airlines",SIN‐SAN,27h54m,1,SFO,1186,20220408-1547,cheap
7:40 pm – 7:10 pm +2,"Alaska Airlines, Singapore Airlines",SAN‐SIN,32h30m,1,SFO,6:40 pm – 7:34 am +1,"Singapore Airlines, Alaska Airlines",SIN‐SAN,27h54m,1,SFO,1186,20220408-1547,cheap
5:15 pm – 7:10 pm +2,"Alaska Airlines, Singapore Airlines",SAN‐SIN,34h55m,1,SFO,6:40 pm – 7:34 am +1,"Singapore Airlines, Alaska Airlines",SIN‐SAN,27h54m,1,SFO,1186,20220408-1547,cheap
3:10 pm – 7:10 pm +2,"Alaska Airlines, Singapore Airlines",SAN‐SIN,37h00m,1,SFO,6:40 pm – 7:34 am +1,"Singapore Airlines, Alaska Airlines",SIN‐SAN,27h54m,1,SFO,1186,20220408-1547,cheap
1:30 pm – 12:20 am +2,Japan Airlines,SAN‐SIN,19h50m,1,NRT,8:10 am – 4:43 pm,Japan Airlines,SIN‐SAN,23h33m,2,"NRT, SEA",1216,20220408-1547,cheap
6:25 am – 12:20 am +2,"Alaska Airlines, Japan Airlines",SAN‐SIN,26h55m,2,"SFO, NRT",8:10 am – 4:43 pm,Japan Airlines,SIN‐SAN,23h33m,2,"NRT, SEA",1225,20220408-1547,cheap
1:30 pm – 5:40 pm +2,Japan Airlines,SAN‐SIN,37h10m,1,NRT-HND,8:10 am – 4:43 pm,Japan Airlines,SIN‐SAN,23h33m,2,"NRT, SEA",1227,20220408-1547,cheap
1:30 pm – 12:20 am +2,"Japan Airlines, Qantas Airways",SAN‐SIN,19h50m,1,NRT,8:10 am – 4:43 pm,Japan Airlines,SIN‐SAN,23h33m,2,"NRT, SEA",1251,20220408-1547,cheap
9:00 pm – 12:20 am +3,"Alaska Airlines, Japan Airlines",SAN‐SIN,36h20m,2,"SFO, NRT",8:10 am – 4:43 pm,Japan Airlines,SIN‐SAN,23h33m,2,"NRT, SEA",1252,20220408-1547,cheap
1:30 pm – 12:20 am +2,Japan Airlines,SAN‐SIN,19h50m,1,NRT,8:10 am – 7:58 pm,"Japan Airlines, Alaska Airlines",SIN‐SAN,26h48m,2,"NRT, SEA",1267,20220408-1547,cheap
6:25 am – 12:20 am +2,"Alaska Airlines, Japan Airlines",SAN‐SIN,26h55m,2,"SFO, NRT",8:10 am – 7:58 pm,"Japan Airlines, Alaska Airlines",SIN‐SAN,26h48m,2,"NRT, SEA",1272,20220408-1547,cheap
7:20 am – 11:40 pm +1,Korean Air,SAN‐SIN,25h20m,2,"SEA, ICN",1:10 pm – 11:49 pm,"EVA Air, Alaska Airlines",SIN‐SAN,25h39m,2,"TPE, SFO",1420,20220408-1545,best
8:12 pm – 6:15 am +2,United Airlines,SAN‐SIN,19h03m,1,SFO,8:45 am – 12:23 pm,United Airlines,SIN‐SAN,18h38m,1,SFO,1505,20220408-1545,best
9:00 pm – 7:10 pm +2,"Alaska Airlines, Singapore Airlines",SAN‐SIN,31h10m,1,SFO,6:40 pm – 11:49 pm,Singapore Airlines,SIN‐SAN,20h09m,1,SFO,1186,20220408-1545,best
6:35 am – 7:10 pm +1,Singapore Airlines,SAN‐SIN,21h35m,1,SFO,6:40 pm – 11:49 pm,Singapore Airlines,SIN‐SAN,20h09m,1,SFO,1299,20220408-1545,best
6:53 pm – 6:15 am +2,United Airlines,SAN‐SIN,20h22m,1,SFO,8:45 am – 12:23 pm,United Airlines,SIN‐SAN,18h38m,1,SFO,1505,20220408-1545,best
8:12 pm – 6:15 am +2,United Airlines,SAN‐SIN,19h03m,1,SFO,8:45 am – 2:35 pm,United Airlines,SIN‐SAN,20h50m,1,SFO,1505,20220408-1545,best
1:30 pm – 12:20 am +2,Japan Airlines,SAN‐SIN,19h50m,1,NRT,8:10 am – 4:43 pm,Japan Airlines,SIN‐SAN,23h33m,2,"NRT, SEA",1216,20220408-1545,best
1:30 pm – 12:20 am +2,"Japan Airlines, Qantas Airways",SAN‐SIN,19h50m,1,NRT,8:10 am – 4:43 pm,Japan Airlines,SIN‐SAN,23h33m,2,"NRT, SEA",1251,20220408-1545,best
6:53 pm – 6:15 am +2,United Airlines,SAN‐SIN,20h22m,1,SFO,8:45 am – 2:35 pm,United Airlines,SIN‐SAN,20h50m,1,SFO,1505,20220408-1545,best
3:59 pm – 6:15 am +2,United Airlines,SAN‐SIN,23h16m,1,SFO,8:45 am – 12:23 pm,United Airlines,SIN‐SAN,18h38m,1,SFO,1505,20220408-1545,best
8:12 pm – 6:15 am +2,United Airlines,SAN‐SIN,19h03m,1,SFO,8:45 am – 6:09 pm,United Airlines,SIN‐SAN,24h24m,1,SFO,1505,20220408-1545,best
6:35 am – 7:10 pm +1,Singapore Airlines,SAN‐SIN,21h35m,1,SFO,9:25 am – 1:32 pm,Singapore Airlines,SIN‐SAN,19h07m,1,SFO,1655,20220408-1545,best
3:59 pm – 6:15 am +2,United Airlines,SAN‐SIN,23h16m,1,SFO,8:45 am – 2:35 pm,United Airlines,SIN‐SAN,20h50m,1,SFO,1505,20220408-1545,best
8:12 pm – 6:15 am +2,United Airlines,SAN‐SIN,19h03m,1,SFO,8:45 am – 5:11 pm,United Airlines,SIN‐SAN,23h26m,2,"SFO, DEN",1509,20220408-1545,best
1:29 pm – 6:15 am +2,United Airlines,SAN‐SIN,25h46m,1,SFO,8:45 am – 12:23 pm,United Airlines,SIN‐SAN,18h38m,1,SFO,1505,20220408-1545,best
6:53 pm – 6:15 am +2,United Airlines,SAN‐SIN,20h22m,1,SFO,8:45 am – 6:09 pm,United Airlines,SIN‐SAN,24h24m,1,SFO,1505,20220408-1545,best
1:30 pm – 12:20 am +2,Japan Airlines,SAN‐SIN,19h50m,1,NRT,8:10 am – 7:58 pm,"Japan Airlines, Alaska Airlines",SIN‐SAN,26h48m,2,"NRT, SEA",1267,20220408-1545,best
8:12 pm – 6:15 am +2,United Airlines,SAN‐SIN,19h03m,1,SFO,8:45 am – 12:23 pm,United Airlines,SIN‐SAN,18h38m,1,SFO,1505,20220408-1550,fast
1:30 pm – 12:20 am +2,Japan Airlines,SAN‐SIN,19h50m,1,NRT,9:25 am – 1:32 pm,Singapore Airlines,SIN‐SAN,19h07m,1,SFO,1808,20220408-1550,fast
6:53 pm – 6:15 am +2,United Airlines,SAN‐SIN,20h22m,1,SFO,8:45 am – 12:23 pm,United Airlines,SIN‐SAN,18h38m,1,SFO,1505,20220408-1550,fast
8:12 pm – 6:15 am +2,United Airlines,SAN‐SIN,19h03m,1,SFO,8:45 am – 2:35 pm,United Airlines,SIN‐SAN,20h50m,1,SFO,1505,20220408-1550,fast
1:30 pm – 12:20 am +2,Japan Airlines,SAN‐SIN,19h50m,1,NRT,6:40 pm – 11:49 pm,Singapore Airlines,SIN‐SAN,20h09m,1,SFO,1551,20220408-1550,fast
1:30 pm – 12:20 am +2,Japan Airlines,SAN‐SIN,19h50m,1,NRT,9:25 am – 3:02 pm,Singapore Airlines,SIN‐SAN,20h37m,1,SFO,2086,20220408-1550,fast
5:15 pm – 5:45 am +2,Singapore Airlines,SAN‐SIN,21h30m,1,SFO,9:25 am – 1:32 pm,Singapore Airlines,SIN‐SAN,19h07m,1,SFO,2063,20220408-1550,fast
6:35 am – 7:10 pm +1,Singapore Airlines,SAN‐SIN,21h35m,1,SFO,9:25 am – 1:32 pm,Singapore Airlines,SIN‐SAN,19h07m,1,SFO,1655,20220408-1550,fast
6:53 pm – 6:15 am +2,United Airlines,SAN‐SIN,20h22m,1,SFO,8:45 am – 2:35 pm,United Airlines,SIN‐SAN,20h50m,1,SFO,1505,20220408-1550,fast
5:15 pm – 5:45 am +2,Singapore Airlines,SAN‐SIN,21h30m,1,SFO,6:40 pm – 11:49 pm,Singapore Airlines,SIN‐SAN,20h09m,1,SFO,1694,20220408-1550,fast
6:35 am – 7:10 pm +1,Singapore Airlines,SAN‐SIN,21h35m,1,SFO,6:40 pm – 11:49 pm,Singapore Airlines,SIN‐SAN,20h09m,1,SFO,1299,20220408-1550,fast
6:25 am – 7:10 pm +1,"Alaska Airlines, Singapore Airlines",SAN‐SIN,21h45m,1,SFO,6:40 pm – 11:49 pm,"Singapore Airlines, Alaska Airlines",SIN‐SAN,20h09m,1,SFO,1294,20220408-1550,fast
3:59 pm – 6:15 am +2,United Airlines,SAN‐SIN,23h16m,1,SFO,8:45 am – 12:23 pm,United Airlines,SIN‐SAN,18h38m,1,SFO,1505,20220408-1550,fast
1:30 pm – 12:20 am +2,Japan Airlines,SAN‐SIN,19h50m,1,NRT,9:25 am – 4:35 pm,"Singapore Airlines, Alaska Airlines",SIN‐SAN,22h10m,1,SFO,1749,20220408-1550,fast
10:20 am – 12:20 am +2,Japan Airlines,SAN‐SIN,23h00m,2,"SFO, NRT",9:25 am – 1:32 pm,Singapore Airlines,SIN‐SAN,19h07m,1,SFO,1812,20220408-1550,fast
