Out Time,Out Airline,Out Cities,Out Duration,Out Stops,Out Stop Cities,Return Time,Return Airline,Return Cities,Return Duration,Return Stops,Return Stop Cities,Price,timestamp,sort
8:00 am – 12:35 am +2,ANA,SAN‐SIN,25h35m,2,"SFO, NRT",6:10 am – 11:28 pm,ANA,SIN‐SAN,32h18m,2,"NRT-HND, LAX",1092,20220408-1838,cheap
8:00 am – 12:35 am +2,ANA,SAN‐SIN,25h35m,2,"SFO, HND-NRT",6:10 am – 11:28 pm,ANA,SIN‐SAN,32h18m,2,"NRT-HND, LAX",1101,20220408-1838,cheap
9:56 am – 12:35 am +2,ANA,SAN‐SIN,23h39m,2,"SFO, NRT",6:10 am – 11:28 pm,ANA,SIN‐SAN,32h18m,2,"NRT-HND, LAX",1118,20220408-1838,cheap
8:00 am – 12:35 am +2,ANA,SAN‐SIN,25h35m,2,"SFO, NRT",6:10 am – 11:28 pm,ANA,SIN‐SAN,32h18m,2,"NRT-HND, LAX",1118,20220408-1838,cheap
8:25 am – 12:20 am +2,Japan Airlines,SAN‐SIN,24h55m,2,"SFO, NRT",2:40 am – 9:54 pm,Qatar Airways,SIN‐SAN,34h14m,2,"DOH, JFK",1275,20220408-1838,cheap
7:35 am – 12:20 am +2,Japan Airlines,SAN‐SIN,25h45m,2,"SEA, NRT",2:40 am – 9:54 pm,Qatar Airways,SIN‐SAN,34h14m,2,"DOH, JFK",1310,20220408-1838,cheap
8:00 am – 12:35 am +2,ANA,SAN‐SIN,25h35m,2,"SFO, NRT",6:10 am – 11:28 pm,ANA,SIN‐SAN,32h18m,2,"NRT, LAX",1311,20220408-1838,cheap
8:15 pm – 6:15 am +3,United Airlines,SAN‐SIN,43h00m,2,"LAX, SFO",8:45 am – 12:23 pm,United Airlines,SIN‐SAN,18h38m,1,SFO,1312,20220408-1838,cheap
8:15 pm – 6:15 am +3,United Airlines,SAN‐SIN,43h00m,2,"LAX, SFO",8:45 am – 2:35 pm,United Airlines,SIN‐SAN,20h50m,1,SFO,1312,20220408-1838,cheap
8:00 am – 12:35 am +2,ANA,SAN‐SIN,25h35m,2,"SFO, HND-NRT",6:10 am – 11:28 pm,ANA,SIN‐SAN,32h18m,2,"NRT, LAX",1317,20220408-1838,cheap
9:56 am – 12:35 am +2,ANA,SAN‐SIN,23h39m,2,"SFO, NRT",6:10 am – 11:28 pm,ANA,SIN‐SAN,32h18m,2,"NRT, LAX",1323,20220408-1838,cheap
8:00 am – 12:35 am +2,ANA,SAN‐SIN,25h35m,2,"SFO, NRT",6:10 am – 11:28 pm,ANA,SIN‐SAN,32h18m,2,"NRT, LAX",1337,20220408-1838,cheap
8:00 am – 12:35 am +2,ANA,SAN‐SIN,25h35m,2,"SFO, NRT",10:10 pm – 2:35 pm +1,ANA,SIN‐SAN,31h25m,2,"HND, SFO",1347,20220408-1838,cheap
10:20 am – 12:20 am +2,"Alaska Airlines, Japan Airlines",SAN‐SIN,23h00m,2,"SFO, NRT",2:40 am – 9:54 pm,Qatar Airways,SIN‐SAN,34h14m,2,"DOH, JFK",1349,20220408-1838,cheap
10:20 am – 12:20 am +2,"Alaska Airlines, Japan Airlines",SAN‐SIN,23h00m,2,"SFO, NRT",9:25 pm – 9:54 pm +1,Qatar Airways,SIN‐SAN,39h29m,2,"DOH, JFK",1349,20220408-1838,cheap
9:56 am – 12:35 am +2,ANA,SAN‐SIN,23h39m,2,"SFO, NRT",10:10 pm – 2:35 pm +1,ANA,SIN‐SAN,31h25m,2,"HND, SFO",1452,20220408-1835,best
9:56 am – 12:35 am +2,"United Airlines, ANA",SAN‐SIN,23h39m,2,"SFO, NRT",8:45 am – 12:23 pm,United Airlines,SIN‐SAN,18h38m,1,SFO,1360,20220408-1835,best
8:00 am – 12:35 am +2,ANA,SAN‐SIN,25h35m,2,"SFO, NRT",6:10 am – 11:28 pm,ANA,SIN‐SAN,32h18m,2,"NRT-HND, LAX",1092,20220408-1835,best
8:00 am – 12:35 am +2,"United Airlines, ANA",SAN‐SIN,25h35m,2,"SFO, NRT",8:45 am – 12:23 pm,United Airlines,SIN‐SAN,18h38m,1,SFO,1360,20220408-1835,best
8:00 am – 12:35 am +2,"United Airlines, ANA",SAN‐SIN,25h35m,2,"SFO, NRT",8:45 am – 12:23 pm,United Airlines,SIN‐SAN,18h38m,1,SFO,1360,20220408-1835,best
9:56 am – 12:35 am +2,"United Airlines, ANA",SAN‐SIN,23h39m,2,"SFO, NRT",8:45 am – 2:35 pm,United Airlines,SIN‐SAN,20h50m,1,SFO,1360,20220408-1835,best
6:29 am – 12:35 am +2,"United Airlines, ANA",SAN‐SIN,27h06m,2,"LAX, NRT",8:45 am – 12:23 pm,United Airlines,SIN‐SAN,18h38m,1,SFO,1360,20220408-1835,best
6:29 am – 12:35 am +2,"United Airlines, ANA",SAN‐SIN,27h06m,2,"LAX, NRT",8:45 am – 12:23 pm,United Airlines,SIN‐SAN,18h38m,1,SFO,1360,20220408-1835,best
6:15 am – 12:35 am +2,"United Airlines, ANA",SAN‐SIN,27h20m,2,"SFO, NRT",8:45 am – 12:23 pm,United Airlines,SIN‐SAN,18h38m,1,SFO,1358,20220408-1835,best
6:15 am – 12:35 am +2,"United Airlines, ANA",SAN‐SIN,27h20m,2,"SFO, NRT",8:45 am – 12:23 pm,United Airlines,SIN‐SAN,18h38m,1,SFO,1360,20220408-1835,best
6:15 am – 12:35 am +2,United Airlines,SAN‐SIN,27h20m,2,"SFO, HND-NRT",8:45 am – 12:23 pm,United Airlines,SIN‐SAN,18h38m,1,SFO,1364,20220408-1835,best
8:00 am – 12:35 am +2,"United Airlines, ANA",SAN‐SIN,25h35m,2,"SFO, NRT",8:45 am – 2:35 pm,United Airlines,SIN‐SAN,20h50m,1,SFO,1360,20220408-1835,best
6:35 am – 7:10 pm +1,Singapore Airlines,SAN‐SIN,21h35m,1,SFO,6:40 pm – 11:49 pm,Singapore Airlines,SIN‐SAN,20h09m,1,SFO,1645,20220408-1835,best
6:29 am – 12:35 am +2,"United Airlines, ANA",SAN‐SIN,27h06m,2,"LAX, NRT",8:45 am – 2:35 pm,United Airlines,SIN‐SAN,20h50m,1,SFO,1360,20220408-1835,best
6:29 am – 12:35 am +2,"United Airlines, ANA",SAN‐SIN,27h06m,2,"LAX, NRT",8:45 am – 2:35 pm,United Airlines,SIN‐SAN,20h50m,1,SFO,1360,20220408-1835,best
6:15 am – 12:35 am +2,"United Airlines, ANA",SAN‐SIN,27h20m,2,"SFO, NRT",8:45 am – 2:35 pm,United Airlines,SIN‐SAN,20h50m,1,SFO,1358,20220408-1835,best
6:15 am – 12:35 am +2,United Airlines,SAN‐SIN,27h20m,2,"SFO, HND-NRT",8:45 am – 2:35 pm,United Airlines,SIN‐SAN,20h50m,1,SFO,1364,20220408-1835,best
8:12 pm – 6:15 am +2,United Airlines,SAN‐SIN,19h03m,1,SFO,8:45 am – 12:23 pm,United Airlines,SIN‐SAN,18h38m,1,SFO,1995,20220408-1840,fast
6:53 pm – 6:15 am +2,United Airlines,SAN‐SIN,20h22m,1,SFO,8:45 am – 12:23 pm,United Airlines,SIN‐SAN,18h38m,1,SFO,1995,20220408-1840,fast
8:12 pm – 6:15 am +2,United Airlines,SAN‐SIN,19h03m,1,SFO,8:45 am – 2:35 pm,United Airlines,SIN‐SAN,20h50m,1,SFO,1995,20220408-1840,fast
6:35 am – 7:10 pm +1,Singapore Airlines,SAN‐SIN,21h35m,1,SFO,8:10 am – 11:30 am,Japan Airlines,SIN‐SAN,18h20m,1,NRT,2074,20220408-1840,fast
5:15 pm – 5:45 am +2,Singapore Airlines,SAN‐SIN,21h30m,1,SFO,9:25 am – 1:32 pm,Singapore Airlines,SIN‐SAN,19h07m,1,SFO,2077,20220408-1840,fast
6:35 am – 7:10 pm +1,Singapore Airlines,SAN‐SIN,21h35m,1,SFO,9:25 am – 1:32 pm,Singapore Airlines,SIN‐SAN,19h07m,1,SFO,1718,20220408-1840,fast
6:53 pm – 6:15 am +2,United Airlines,SAN‐SIN,20h22m,1,SFO,8:45 am – 2:35 pm,United Airlines,SIN‐SAN,20h50m,1,SFO,1995,20220408-1840,fast
5:15 pm – 5:45 am +2,Singapore Airlines,SAN‐SIN,21h30m,1,SFO,6:40 pm – 11:49 pm,Singapore Airlines,SIN‐SAN,20h09m,1,SFO,2008,20220408-1840,fast
6:35 am – 7:10 pm +1,Singapore Airlines,SAN‐SIN,21h35m,1,SFO,6:40 pm – 11:49 pm,Singapore Airlines,SIN‐SAN,20h09m,1,SFO,1645,20220408-1840,fast
6:25 am – 7:10 pm +1,"Alaska Airlines, Singapore Airlines",SAN‐SIN,21h45m,1,SFO,6:40 pm – 11:49 pm,"Singapore Airlines, Alaska Airlines",SIN‐SAN,20h09m,1,SFO,1645,20220408-1840,fast
3:59 pm – 6:15 am +2,United Airlines,SAN‐SIN,23h16m,1,SFO,8:45 am – 12:23 pm,United Airlines,SIN‐SAN,18h38m,1,SFO,1995,20220408-1840,fast
9:56 am – 12:35 am +2,ANA,SAN‐SIN,23h39m,2,"SFO, NRT",8:10 am – 11:30 am,Japan Airlines,SIN‐SAN,18h20m,1,NRT,1917,20220408-1840,fast
5:15 pm – 5:45 am +2,Singapore Airlines,SAN‐SIN,21h30m,1,SFO,9:25 am – 3:02 pm,Singapore Airlines,SIN‐SAN,20h37m,1,SFO,2077,20220408-1840,fast
6:35 am – 7:10 pm +1,Singapore Airlines,SAN‐SIN,21h35m,1,SFO,9:25 am – 3:02 pm,Singapore Airlines,SIN‐SAN,20h37m,1,SFO,1718,20220408-1840,fast
9:56 am – 12:35 am +2,"United Airlines, ANA",SAN‐SIN,23h39m,2,"SFO, NRT",8:45 am – 12:23 pm,United Airlines,SIN‐SAN,18h38m,1,SFO,1360,20220408-1840,fast
