Out Time,Out Airline,Out Cities,Out Duration,Out Stops,Out Stop Cities,Return Time,Return Airline,Return Cities,Return Duration,Return Stops,Return Stop Cities,Price,timestamp,sort
1:30 pm – 12:20 am +2,Japan Airlines,SAN‐SIN,19h50m,1,NRT,8:10 am – 10:14 am +1,Japan Airlines,SIN‐SAN,41h04m,2,"NRT, SEA",990,20220408-2141,cheap
1:30 pm – 12:20 am +2,Japan Airlines,SAN‐SIN,19h50m,1,NRT,8:10 am – 11:20 am +1,Japan Airlines,SIN‐SAN,42h10m,2,"NRT, DFW",996,20220408-2141,cheap
1:30 pm – 12:20 am +2,American Airlines,SAN‐SIN,19h50m,1,NRT,8:10 am – 9:25 pm,American Airlines,SIN‐SAN,28h15m,2,"NRT, DFW",1023,20220408-2141,cheap
1:30 pm – 12:20 am +2,Japan Airlines,SAN‐SIN,19h50m,1,NRT,1:50 am – 6:56 pm,Japan Airlines,SIN‐SAN,32h06m,2,"HND, SFO",1036,20220408-2141,cheap
1:30 pm – 12:20 am +2,Japan Airlines,SAN‐SIN,19h50m,1,NRT,1:50 am – 6:56 pm,Japan Airlines,SIN‐SAN,32h06m,2,"HND-NRT, SFO",1046,20220408-2141,cheap
1:30 pm – 12:20 am +2,Japan Airlines,SAN‐SIN,19h50m,1,NRT,9:50 pm – 4:40 pm +1,Japan Airlines,SIN‐SAN,33h50m,2,"HND-NRT, SEA",1046,20220408-2141,cheap
1:30 pm – 12:20 am +2,Japan Airlines,SAN‐SIN,19h50m,1,NRT,8:10 am – 4:40 pm,"Japan Airlines, Alaska Airlines",SIN‐SAN,23h30m,2,"NRT, SEA",1079,20220408-2141,cheap
1:30 pm – 5:40 pm +2,Japan Airlines,SAN‐SIN,37h10m,1,NRT-HND,8:10 am – 4:40 pm,"Japan Airlines, Alaska Airlines",SIN‐SAN,23h30m,2,"NRT, SEA",1090,20220408-2141,cheap
1:30 pm – 12:20 am +2,American Airlines,SAN‐SIN,19h50m,1,NRT,8:10 am – 7:25 pm,American Airlines,SIN‐SAN,26h15m,2,"NRT, DFW",1113,20220408-2141,cheap
1:30 pm – 12:20 am +2,American Airlines,SAN‐SIN,19h50m,1,NRT,8:10 am – 11:15 pm,American Airlines,SIN‐SAN,30h05m,2,"NRT, DFW",1113,20220408-2141,cheap
1:30 pm – 12:20 am +2,Japan Airlines,SAN‐SIN,19h50m,1,NRT,1:50 am – 4:40 pm,Japan Airlines,SIN‐SAN,29h50m,2,"HND-NRT, SEA",1128,20220408-2141,cheap
8:00 am – 12:35 am +2,ANA,SAN‐SIN,25h35m,2,"SFO, NRT",10:10 pm – 6:09 pm +1,ANA,SIN‐SAN,34h59m,2,"HND-NRT, SFO",1154,20220408-2141,cheap
8:00 am – 12:35 am +2,ANA,SAN‐SIN,25h35m,2,"SFO, HND-NRT",10:10 pm – 6:09 pm +1,ANA,SIN‐SAN,34h59m,2,"HND-NRT, SFO",1163,20220408-2141,cheap
1:30 pm – 6:15 am +2,Japan Airlines,SAN‐SIN,25h45m,1,NRT-HND,1:50 am – 6:56 pm,Japan Airlines,SIN‐SAN,32h06m,2,"HND, SFO",1170,20220408-2141,cheap
1:30 pm – 6:15 am +2,Japan Airlines,SAN‐SIN,25h45m,1,NRT-HND,1:50 am – 6:56 pm,Japan Airlines,SIN‐SAN,32h06m,2,"HND-NRT, SFO",1180,20220408-2141,cheap
8:25 am – 11:40 pm +1,"Alaska Airlines, Korean Air",SAN‐SIN,24h15m,2,"SFO, ICN",1:10 am – 2:45 pm,Korean Air,SIN‐SAN,28h35m,2,"ICN, LAX",1330,20220408-2138,best
1:30 pm – 12:20 am +2,Japan Airlines,SAN‐SIN,19h50m,1,NRT,8:10 am – 4:40 pm,"Japan Airlines, Alaska Airlines",SIN‐SAN,23h30m,2,"NRT, SEA",1079,20220408-2138,best
1:30 pm – 12:20 am +2,Japan Airlines,SAN‐SIN,19h50m,1,NRT,8:10 am – 10:14 am +1,Japan Airlines,SIN‐SAN,41h04m,2,"NRT, SEA",990,20220408-2138,best
8:12 pm – 6:15 am +2,United Airlines,SAN‐SIN,19h03m,1,SFO,8:45 am – 12:23 pm,United Airlines,SIN‐SAN,18h38m,1,SFO,1302,20220408-2138,best
1:30 pm – 12:20 am +2,American Airlines,SAN‐SIN,19h50m,1,NRT,8:10 am – 9:25 pm,American Airlines,SIN‐SAN,28h15m,2,"NRT, DFW",1023,20220408-2138,best
8:12 pm – 6:15 am +2,United Airlines,SAN‐SIN,19h03m,1,SFO,8:45 am – 2:35 pm,United Airlines,SIN‐SAN,20h50m,1,SFO,1302,20220408-2138,best
1:30 pm – 12:20 am +2,American Airlines,SAN‐SIN,19h50m,1,NRT,8:10 am – 7:25 pm,American Airlines,SIN‐SAN,26h15m,2,"NRT, DFW",1113,20220408-2138,best
6:53 pm – 6:15 am +2,United Airlines,SAN‐SIN,20h22m,1,SFO,8:45 am – 12:23 pm,United Airlines,SIN‐SAN,18h38m,1,SFO,1302,20220408-2138,best
3:59 pm – 6:15 am +2,United Airlines,SAN‐SIN,23h16m,1,SFO,8:45 am – 12:23 pm,United Airlines,SIN‐SAN,18h38m,1,SFO,1302,20220408-2138,best
6:53 pm – 6:15 am +2,United Airlines,SAN‐SIN,20h22m,1,SFO,8:45 am – 2:35 pm,United Airlines,SIN‐SAN,20h50m,1,SFO,1302,20220408-2138,best
1:30 pm – 12:20 am +2,Japan Airlines,SAN‐SIN,19h50m,1,NRT,1:10 pm – 9:40 pm,"EVA Air, Alaska Airlines",SIN‐SAN,23h30m,2,"TPE, SFO",1216,20220408-2138,best
8:12 pm – 6:15 am +2,United Airlines,SAN‐SIN,19h03m,1,SFO,8:45 am – 6:09 pm,United Airlines,SIN‐SAN,24h24m,1,SFO,1302,20220408-2138,best
6:25 am – 7:10 pm +1,Singapore Airlines,SAN‐SIN,21h45m,1,SFO,9:25 am – 2:56 pm,Singapore Airlines,SIN‐SAN,20h31m,1,SFO,1316,20220408-2138,best
1:30 pm – 12:20 am +2,American Airlines,SAN‐SIN,19h50m,1,NRT,8:10 am – 11:15 pm,American Airlines,SIN‐SAN,30h05m,2,"NRT, DFW",1113,20220408-2138,best
1:30 pm – 12:20 am +2,Japan Airlines,SAN‐SIN,19h50m,1,NRT,8:10 am – 11:30 am,Japan Airlines,SIN‐SAN,18h20m,1,NRT,1452,20220408-2138,best
1:30 pm – 12:20 am +2,Japan Airlines,SAN‐SIN,19h50m,1,NRT,1:10 pm – 11:47 pm,"EVA Air, Alaska Airlines",SIN‐SAN,25h37m,2,"TPE, SFO",1216,20220408-2138,best
8:12 pm – 6:15 am +2,United Airlines,SAN‐SIN,19h03m,1,SFO,8:45 am – 5:11 pm,United Airlines,SIN‐SAN,23h26m,2,"SFO, DEN",1306,20220408-2138,best
8:12 pm – 6:15 am +2,United Airlines,SAN‐SIN,19h03m,1,SFO,8:10 am – 11:30 am,Japan Airlines,SIN‐SAN,18h20m,1,NRT,1541,20220408-2143,fast
8:12 pm – 6:15 am +2,United Airlines,SAN‐SIN,19h03m,1,SFO,8:45 am – 12:23 pm,United Airlines,SIN‐SAN,18h38m,1,SFO,1302,20220408-2143,fast
1:30 pm – 12:20 am +2,Japan Airlines,SAN‐SIN,19h50m,1,NRT,8:10 am – 11:30 am,Japan Airlines,SIN‐SAN,18h20m,1,NRT,1452,20220408-2143,fast
1:30 pm – 12:20 am +2,American Airlines,SAN‐SIN,19h50m,1,NRT,8:10 am – 11:30 am,American Airlines,SIN‐SAN,18h20m,1,NRT,2989,20220408-2143,fast
1:30 pm – 12:20 am +2,"Japan Airlines, Qantas Airways",SAN‐SIN,19h50m,1,NRT,8:10 am – 11:30 am,Japan Airlines,SIN‐SAN,18h20m,1,NRT,3408,20220408-2143,fast
6:53 pm – 6:15 am +2,United Airlines,SAN‐SIN,20h22m,1,SFO,8:45 am – 12:23 pm,United Airlines,SIN‐SAN,18h38m,1,SFO,1302,20220408-2143,fast
8:12 pm – 6:15 am +2,United Airlines,SAN‐SIN,19h03m,1,SFO,6:40 pm – 11:47 pm,"Singapore Airlines, Alaska Airlines",SIN‐SAN,20h07m,1,SFO,1589,20220408-2143,fast
1:30 pm – 12:20 am +2,Japan Airlines,SAN‐SIN,19h50m,1,NRT,9:25 am – 1:46 pm,Singapore Airlines,SIN‐SAN,19h21m,1,SFO,1589,20220408-2143,fast
8:12 pm – 6:15 am +2,United Airlines,SAN‐SIN,19h03m,1,SFO,8:45 am – 2:35 pm,United Airlines,SIN‐SAN,20h50m,1,SFO,1302,20220408-2143,fast
1:30 pm – 12:20 am +2,Japan Airlines,SAN‐SIN,19h50m,1,NRT,6:40 pm – 11:47 pm,"Singapore Airlines, Alaska Airlines",SIN‐SAN,20h07m,1,SFO,1538,20220408-2143,fast
6:25 am – 7:10 pm +1,Singapore Airlines,SAN‐SIN,21h45m,1,SFO,8:10 am – 11:30 am,Japan Airlines,SIN‐SAN,18h20m,1,NRT,1756,20220408-2143,fast
1:30 pm – 12:20 am +2,Japan Airlines,SAN‐SIN,19h50m,1,NRT,9:25 am – 2:56 pm,Singapore Airlines,SIN‐SAN,20h31m,1,SFO,1663,20220408-2143,fast
5:15 pm – 5:45 am +2,"Alaska Airlines, Singapore Airlines",SAN‐SIN,21h30m,1,SFO,9:25 am – 1:46 pm,"Singapore Airlines, Alaska Airlines",SIN‐SAN,19h21m,1,SFO,1919,20220408-2143,fast
6:25 am – 7:10 pm +1,"Alaska Airlines, Singapore Airlines",SAN‐SIN,21h45m,1,SFO,9:25 am – 1:46 pm,"Singapore Airlines, Alaska Airlines",SIN‐SAN,19h21m,1,SFO,1266,20220408-2143,fast
6:53 pm – 6:15 am +2,United Airlines,SAN‐SIN,20h22m,1,SFO,8:45 am – 2:35 pm,United Airlines,SIN‐SAN,20h50m,1,SFO,1302,20220408-2143,fast
