Out Time,Out Airline,Out Cities,Out Duration,Out Stops,Out Stop Cities,Return Time,Return Airline,Return Cities,Return Duration,Return Stops,Return Stop Cities,Price,timestamp,sort
12:55 pm – 12:35 am +3,Air Canada,SAN‐SIN,44h40m,2,"YVR, NRT",8:10 am – 12:12 pm +1,Air Canada,SIN‐SAN,43h02m,2,"ICN, YVR",1025,20220408-1722,cheap
10:20 am – 12:20 am +2,Japan Airlines,SAN‐SIN,23h00m,2,"SFO, NRT",8:10 am – 4:35 pm,Japan Airlines,SIN‐SAN,23h25m,2,"NRT, SFO",1105,20220408-1722,cheap
7:35 am – 12:20 am +2,Japan Airlines,SAN‐SIN,25h45m,2,"SEA, NRT",8:10 am – 4:35 pm,Japan Airlines,SIN‐SAN,23h25m,2,"NRT, SFO",1105,20220408-1722,cheap
8:15 pm – 12:35 am +3,ANA,SAN‐SIN,37h20m,2,"LAX, HND-NRT",6:10 am – 2:35 pm,ANA,SIN‐SAN,23h25m,2,"NRT, SFO",1115,20220408-1722,cheap
8:12 pm – 6:15 am +2,United Airlines,SAN‐SIN,19h03m,1,SFO,6:10 am – 7:39 pm,"ANA, United Airlines",SIN‐SAN,28h29m,2,"NRT, LAX",1129,20220408-1722,cheap
6:53 pm – 6:15 am +2,United Airlines,SAN‐SIN,20h22m,1,SFO,6:10 am – 7:39 pm,ANA,SIN‐SAN,28h29m,2,"NRT, LAX",1129,20220408-1722,cheap
3:59 pm – 6:15 am +2,United Airlines,SAN‐SIN,23h16m,1,SFO,6:10 am – 7:39 pm,"ANA, United Airlines",SIN‐SAN,28h29m,2,"NRT, LAX",1129,20220408-1722,cheap
1:29 pm – 6:15 am +2,United Airlines,SAN‐SIN,25h46m,1,SFO,6:10 am – 7:39 pm,"ANA, United Airlines",SIN‐SAN,28h29m,2,"NRT, LAX",1129,20220408-1722,cheap
10:55 am – 6:15 am +2,United Airlines,SAN‐SIN,28h20m,2,"LAX, SFO",6:10 am – 7:39 pm,"ANA, United Airlines",SIN‐SAN,28h29m,2,"NRT, LAX",1129,20220408-1722,cheap
9:56 am – 6:15 am +2,United Airlines,SAN‐SIN,29h19m,1,SFO,6:10 am – 7:39 pm,"ANA, United Airlines",SIN‐SAN,28h29m,2,"NRT, LAX",1129,20220408-1722,cheap
8:12 pm – 6:15 am +2,United Airlines,SAN‐SIN,19h03m,1,SFO,6:10 am – 9:56 am +1,"ANA, United Airlines",SIN‐SAN,42h46m,2,"NRT, LAX",1134,20220408-1722,cheap
6:53 pm – 6:15 am +2,United Airlines,SAN‐SIN,20h22m,1,SFO,6:10 am – 9:56 am +1,"ANA, United Airlines",SIN‐SAN,42h46m,2,"NRT, LAX",1134,20220408-1722,cheap
8:00 am – 6:15 am +2,United Airlines,SAN‐SIN,31h15m,1,SFO,6:10 am – 7:39 pm,ANA,SIN‐SAN,28h29m,2,"NRT, LAX",1135,20220408-1722,cheap
6:15 am – 6:15 am +2,United Airlines,SAN‐SIN,33h00m,1,SFO,6:10 am – 7:39 pm,ANA,SIN‐SAN,28h29m,2,"NRT, LAX",1135,20220408-1722,cheap
6:29 am – 6:15 am +2,United Airlines,SAN‐SIN,32h46m,2,"LAX, SFO",6:10 am – 7:39 pm,"ANA, United Airlines",SIN‐SAN,28h29m,2,"NRT, LAX",1140,20220408-1722,cheap
10:20 am – 12:20 am +2,Japan Airlines,SAN‐SIN,23h00m,2,"SFO, NRT",1:10 am – 2:45 pm,Korean Air,SIN‐SAN,28h35m,2,"ICN, LAX",1447,20220408-1719,best
8:12 pm – 6:15 am +2,United Airlines,SAN‐SIN,19h03m,1,SFO,8:45 am – 12:23 pm,United Airlines,SIN‐SAN,18h38m,1,SFO,1354,20220408-1719,best
12:55 pm – 12:35 am +3,Air Canada,SAN‐SIN,44h40m,2,"YVR, NRT",8:10 am – 12:12 pm +1,Air Canada,SIN‐SAN,43h02m,2,"ICN, YVR",1025,20220408-1719,best
6:53 pm – 6:15 am +2,United Airlines,SAN‐SIN,20h22m,1,SFO,8:45 am – 12:23 pm,United Airlines,SIN‐SAN,18h38m,1,SFO,1354,20220408-1719,best
3:59 pm – 6:15 am +2,United Airlines,SAN‐SIN,23h16m,1,SFO,8:45 am – 12:23 pm,United Airlines,SIN‐SAN,18h38m,1,SFO,1354,20220408-1719,best
10:20 am – 12:20 am +2,Japan Airlines,SAN‐SIN,23h00m,2,"SFO, NRT",8:10 am – 4:35 pm,Japan Airlines,SIN‐SAN,23h25m,2,"NRT, SFO",1105,20220408-1719,best
8:12 pm – 6:15 am +2,United Airlines,SAN‐SIN,19h03m,1,SFO,6:10 am – 7:39 pm,"ANA, United Airlines",SIN‐SAN,28h29m,2,"NRT, LAX",1129,20220408-1719,best
6:53 pm – 6:15 am +2,United Airlines,SAN‐SIN,20h22m,1,SFO,6:10 am – 7:39 pm,"ANA, United Airlines",SIN‐SAN,28h29m,2,"NRT, LAX",1129,20220408-1719,best
1:29 pm – 6:15 am +2,United Airlines,SAN‐SIN,25h46m,1,SFO,8:45 am – 12:23 pm,United Airlines,SIN‐SAN,18h38m,1,SFO,1354,20220408-1719,best
7:35 am – 12:20 am +2,Japan Airlines,SAN‐SIN,25h45m,2,"SEA, NRT",8:10 am – 4:35 pm,Japan Airlines,SIN‐SAN,23h25m,2,"NRT, SFO",1105,20220408-1719,best
3:59 pm – 6:15 am +2,United Airlines,SAN‐SIN,23h16m,1,SFO,6:10 am – 7:39 pm,"ANA, United Airlines",SIN‐SAN,28h29m,2,"NRT, LAX",1129,20220408-1719,best
8:12 pm – 6:15 am +2,United Airlines,SAN‐SIN,19h03m,1,SFO,8:45 am – 11:54 pm,United Airlines,SIN‐SAN,30h09m,1,SFO,1255,20220408-1719,best
6:53 pm – 6:15 am +2,United Airlines,SAN‐SIN,20h22m,1,SFO,8:45 am – 11:54 pm,United Airlines,SIN‐SAN,30h09m,1,SFO,1255,20220408-1719,best
6:35 am – 7:10 pm +1,Singapore Airlines,SAN‐SIN,21h35m,1,SFO,6:40 pm – 11:49 pm,Singapore Airlines,SIN‐SAN,20h09m,1,SFO,1584,20220408-1719,best
6:25 am – 7:10 pm +1,"Alaska Airlines, Singapore Airlines",SAN‐SIN,21h45m,1,SFO,6:40 pm – 11:49 pm,Singapore Airlines,SIN‐SAN,20h09m,1,SFO,1584,20220408-1719,best
1:29 pm – 6:15 am +2,United Airlines,SAN‐SIN,25h46m,1,SFO,6:10 am – 7:39 pm,"ANA, United Airlines",SIN‐SAN,28h29m,2,"NRT, LAX",1129,20220408-1719,best
10:20 am – 12:20 am +2,Japan Airlines,SAN‐SIN,23h00m,2,"SFO, NRT",6:10 am – 2:35 pm,ANA,SIN‐SAN,23h25m,2,"NRT, SFO",1394,20220408-1719,best
8:12 pm – 6:15 am +2,United Airlines,SAN‐SIN,19h03m,1,SFO,8:10 am – 11:30 am,Japan Airlines,SIN‐SAN,18h20m,1,NRT,1839,20220408-1724,fast
8:12 pm – 6:15 am +2,United Airlines,SAN‐SIN,19h03m,1,SFO,8:45 am – 12:23 pm,United Airlines,SIN‐SAN,18h38m,1,SFO,1354,20220408-1724,fast
8:12 pm – 6:15 am +2,United Airlines,SAN‐SIN,19h03m,1,SFO,9:25 am – 1:32 pm,Singapore Airlines,SIN‐SAN,19h07m,1,SFO,1782,20220408-1724,fast
6:53 pm – 6:15 am +2,United Airlines,SAN‐SIN,20h22m,1,SFO,8:10 am – 11:30 am,Japan Airlines,SIN‐SAN,18h20m,1,NRT,1839,20220408-1724,fast
6:53 pm – 6:15 am +2,United Airlines,SAN‐SIN,20h22m,1,SFO,8:45 am – 12:23 pm,United Airlines,SIN‐SAN,18h38m,1,SFO,1354,20220408-1724,fast
8:12 pm – 6:15 am +2,United Airlines,SAN‐SIN,19h03m,1,SFO,6:40 pm – 11:49 pm,"Singapore Airlines, Alaska Airlines",SIN‐SAN,20h09m,1,SFO,1553,20220408-1724,fast
6:53 pm – 6:15 am +2,United Airlines,SAN‐SIN,20h22m,1,SFO,9:25 am – 1:32 pm,Singapore Airlines,SIN‐SAN,19h07m,1,SFO,1782,20220408-1724,fast
6:35 am – 7:10 pm +1,Singapore Airlines,SAN‐SIN,21h35m,1,SFO,8:10 am – 11:30 am,Japan Airlines,SIN‐SAN,18h20m,1,NRT,2024,20220408-1724,fast
6:53 pm – 6:15 am +2,United Airlines,SAN‐SIN,20h22m,1,SFO,6:40 pm – 11:49 pm,"Singapore Airlines, Alaska Airlines",SIN‐SAN,20h09m,1,SFO,1553,20220408-1724,fast
5:15 pm – 5:45 am +2,Singapore Airlines,SAN‐SIN,21h30m,1,SFO,9:25 am – 1:32 pm,Singapore Airlines,SIN‐SAN,19h07m,1,SFO,2077,20220408-1724,fast
6:35 am – 7:10 pm +1,Singapore Airlines,SAN‐SIN,21h35m,1,SFO,9:25 am – 1:32 pm,Singapore Airlines,SIN‐SAN,19h07m,1,SFO,1743,20220408-1724,fast
10:20 am – 12:20 am +2,Japan Airlines,SAN‐SIN,23h00m,2,"SFO, NRT",8:10 am – 11:30 am,Japan Airlines,SIN‐SAN,18h20m,1,NRT,1790,20220408-1724,fast
10:20 am – 12:20 am +2,Japan Airlines,SAN‐SIN,23h00m,2,"SFO, NRT",8:45 am – 12:23 pm,United Airlines,SIN‐SAN,18h38m,1,SFO,1773,20220408-1724,fast
5:15 pm – 5:45 am +2,Singapore Airlines,SAN‐SIN,21h30m,1,SFO,6:40 pm – 11:49 pm,Singapore Airlines,SIN‐SAN,20h09m,1,SFO,1946,20220408-1724,fast
6:35 am – 7:10 pm +1,Singapore Airlines,SAN‐SIN,21h35m,1,SFO,6:40 pm – 11:49 pm,Singapore Airlines,SIN‐SAN,20h09m,1,SFO,1584,20220408-1724,fast
