Out Time,Out Airline,Out Cities,Out Duration,Out Stops,Out Stop Cities,Return Time,Return Airline,Return Cities,Return Duration,Return Stops,Return Stop Cities,Price,timestamp,sort
8:00 am – 12:35 am +2,Air Canada,SAN‐SIN,25h35m,2,"YVR, NRT",8:10 am – 12:12 pm +1,Air Canada,SIN‐SAN,43h02m,2,"ICN, YVR",1119,20220408-1602,cheap
8:00 am – 12:35 am +2,ANA,SAN‐SIN,25h35m,2,"SFO, HND-NRT",1:10 pm – 7:34 am +1,"EVA Air, Alaska Airlines",SIN‐SAN,33h24m,2,"TPE, SFO",1310,20220408-1602,cheap
8:00 am – 12:35 am +2,ANA,SAN‐SIN,25h35m,2,"SFO, NRT",1:10 pm – 7:34 am +1,"EVA Air, Alaska Airlines",SIN‐SAN,33h24m,2,"TPE, SFO",1317,20220408-1602,cheap
7:20 am – 11:40 pm +1,Korean Air,SAN‐SIN,25h20m,2,"SEA, ICN",1:10 am – 2:45 pm,Korean Air,SIN‐SAN,28h35m,2,"ICN, LAX",1334,20220408-1602,cheap
7:20 am – 11:40 pm +1,Korean Air,SAN‐SIN,25h20m,2,"SEA, ICN",1:10 am – 6:11 pm,Korean Air,SIN‐SAN,32h01m,2,"ICN, SEA",1344,20220408-1602,cheap
7:20 am – 11:40 pm +1,Korean Air,SAN‐SIN,25h20m,2,"SEA, ICN",1:10 am – 6:11 pm,Korean Air,SIN‐SAN,32h01m,2,"ICN, SEA",1344,20220408-1602,cheap
7:20 am – 11:40 pm +1,Korean Air,SAN‐SIN,25h20m,2,"SEA, ICN",1:10 am – 11:41 pm,Korean Air,SIN‐SAN,37h31m,2,"ICN, LAX",1344,20220408-1602,cheap
7:20 am – 11:40 pm +1,Korean Air,SAN‐SIN,25h20m,2,"SEA, ICN",1:10 am – 11:41 pm,Korean Air,SIN‐SAN,37h31m,2,"ICN, LAX",1349,20220408-1602,cheap
7:20 am – 11:40 pm +1,Korean Air,SAN‐SIN,25h20m,2,"SEA, ICN",1:10 am – 2:35 pm,"Korean Air, Delta",SIN‐SAN,28h25m,2,"ICN, LAX",1382,20220408-1602,cheap
3:59 pm – 6:15 am +2,United Airlines,SAN‐SIN,23h16m,1,SFO,8:45 am – 11:28 pm,United Airlines,SIN‐SAN,29h43m,2,"SFO, LAX",1386,20220408-1602,cheap
1:29 pm – 6:15 am +2,United Airlines,SAN‐SIN,25h46m,1,SFO,8:45 am – 11:28 pm,United Airlines,SIN‐SAN,29h43m,2,"SFO, LAX",1386,20220408-1602,cheap
7:05 am – 11:40 pm +1,Korean Air,SAN‐SIN,25h35m,2,"SEA, ICN",1:10 am – 2:45 pm,Korean Air,SIN‐SAN,28h35m,2,"ICN, LAX",1397,20220408-1602,cheap
7:20 am – 11:40 pm +1,Korean Air,SAN‐SIN,25h20m,2,"SEA, ICN",10:35 pm – 2:35 pm +1,Korean Air,SIN‐SAN,31h00m,2,"ICN, LAX",1397,20220408-1602,cheap
10:20 am – 12:20 am +2,Japan Airlines,SAN‐SIN,23h00m,2,"SFO, NRT",1:10 pm – 7:34 am +1,"EVA Air, Alaska Airlines",SIN‐SAN,33h24m,2,"TPE, SFO",1400,20220408-1602,cheap
7:35 am – 12:20 am +2,Japan Airlines,SAN‐SIN,25h45m,2,"SEA, NRT",1:10 pm – 7:34 am +1,"EVA Air, Alaska Airlines",SIN‐SAN,33h24m,2,"TPE, SFO",1400,20220408-1602,cheap
7:20 am – 11:40 pm +1,Korean Air,SAN‐SIN,25h20m,2,"SEA, ICN",1:10 am – 2:45 pm,Korean Air,SIN‐SAN,28h35m,2,"ICN, LAX",1344,20220408-1600,best
8:12 pm – 6:15 am +2,United Airlines,SAN‐SIN,19h03m,1,SFO,8:45 am – 12:23 pm,United Airlines,SIN‐SAN,18h38m,1,SFO,1407,20220408-1600,best
8:00 am – 12:35 am +2,Air Canada,SAN‐SIN,25h35m,2,"YVR, NRT",8:10 am – 12:12 pm +1,Air Canada,SIN‐SAN,43h02m,2,"ICN, YVR",1119,20220408-1600,best
6:53 pm – 6:15 am +2,United Airlines,SAN‐SIN,20h22m,1,SFO,8:45 am – 12:23 pm,United Airlines,SIN‐SAN,18h38m,1,SFO,1407,20220408-1600,best
8:12 pm – 6:15 am +2,United Airlines,SAN‐SIN,19h03m,1,SFO,8:45 am – 2:35 pm,United Airlines,SIN‐SAN,20h50m,1,SFO,1407,20220408-1600,best
6:53 pm – 6:15 am +2,United Airlines,SAN‐SIN,20h22m,1,SFO,8:45 am – 2:35 pm,United Airlines,SIN‐SAN,20h50m,1,SFO,1407,20220408-1600,best
3:59 pm – 6:15 am +2,United Airlines,SAN‐SIN,23h16m,1,SFO,8:45 am – 12:23 pm,United Airlines,SIN‐SAN,18h38m,1,SFO,1407,20220408-1600,best
3:59 pm – 6:15 am +2,United Airlines,SAN‐SIN,23h16m,1,SFO,8:45 am – 2:35 pm,United Airlines,SIN‐SAN,20h50m,1,SFO,1407,20220408-1600,best
1:29 pm – 6:15 am +2,United Airlines,SAN‐SIN,25h46m,1,SFO,8:45 am – 12:23 pm,United Airlines,SIN‐SAN,18h38m,1,SFO,1407,20220408-1600,best
8:12 pm – 6:15 am +2,United Airlines,SAN‐SIN,19h03m,1,SFO,8:45 am – 7:39 pm,United Airlines,SIN‐SAN,25h54m,2,"SFO, LAX",1411,20220408-1600,best
12:37 pm – 6:15 am +2,United Airlines,SAN‐SIN,26h38m,2,"DEN, SFO",8:45 am – 12:23 pm,United Airlines,SIN‐SAN,18h38m,1,SFO,1411,20220408-1600,best
1:29 pm – 6:15 am +2,United Airlines,SAN‐SIN,25h46m,1,SFO,8:45 am – 2:35 pm,United Airlines,SIN‐SAN,20h50m,1,SFO,1407,20220408-1600,best
6:53 pm – 6:15 am +2,United Airlines,SAN‐SIN,20h22m,1,SFO,8:45 am – 7:39 pm,United Airlines,SIN‐SAN,25h54m,2,"SFO, LAX",1411,20220408-1600,best
10:55 am – 6:15 am +2,United Airlines,SAN‐SIN,28h20m,2,"LAX, SFO",8:45 am – 12:23 pm,United Airlines,SIN‐SAN,18h38m,1,SFO,1407,20220408-1600,best
9:56 am – 6:15 am +2,United Airlines,SAN‐SIN,29h19m,1,SFO,8:45 am – 12:23 pm,United Airlines,SIN‐SAN,18h38m,1,SFO,1407,20220408-1600,best
10:55 am – 6:15 am +2,United Airlines,SAN‐SIN,28h20m,2,"LAX, SFO",8:45 am – 12:23 pm,United Airlines,SIN‐SAN,18h38m,1,SFO,1407,20220408-1600,best
10:55 am – 6:15 am +2,United Airlines,SAN‐SIN,28h20m,2,"LAX, SFO",8:45 am – 12:23 pm,United Airlines,SIN‐SAN,18h38m,1,SFO,1407,20220408-1600,best
8:12 pm – 6:15 am +2,United Airlines,SAN‐SIN,19h03m,1,SFO,8:45 am – 12:23 pm,United Airlines,SIN‐SAN,18h38m,1,SFO,1407,20220408-1605,fast
1:30 pm – 12:20 am +2,Japan Airlines,SAN‐SIN,19h50m,1,NRT,9:25 am – 1:32 pm,Singapore Airlines,SIN‐SAN,19h07m,1,SFO,2168,20220408-1605,fast
6:53 pm – 6:15 am +2,United Airlines,SAN‐SIN,20h22m,1,SFO,8:45 am – 12:23 pm,United Airlines,SIN‐SAN,18h38m,1,SFO,1407,20220408-1605,fast
8:12 pm – 6:15 am +2,United Airlines,SAN‐SIN,19h03m,1,SFO,6:40 pm – 11:49 pm,"Singapore Airlines, Alaska Airlines",SIN‐SAN,20h09m,1,SFO,1589,20220408-1605,fast
8:12 pm – 6:15 am +2,United Airlines,SAN‐SIN,19h03m,1,SFO,8:45 am – 2:35 pm,United Airlines,SIN‐SAN,20h50m,1,SFO,1407,20220408-1605,fast
1:30 pm – 12:20 am +2,Japan Airlines,SAN‐SIN,19h50m,1,NRT,9:25 am – 3:02 pm,Singapore Airlines,SIN‐SAN,20h37m,1,SFO,2168,20220408-1605,fast
6:53 pm – 6:15 am +2,United Airlines,SAN‐SIN,20h22m,1,SFO,6:40 pm – 11:49 pm,Singapore Airlines,SIN‐SAN,20h09m,1,SFO,1589,20220408-1605,fast
5:15 pm – 5:45 am +2,Singapore Airlines,SAN‐SIN,21h30m,1,SFO,9:25 am – 1:32 pm,Singapore Airlines,SIN‐SAN,19h07m,1,SFO,2434,20220408-1605,fast
6:35 am – 7:10 pm +1,Singapore Airlines,SAN‐SIN,21h35m,1,SFO,9:25 am – 1:32 pm,Singapore Airlines,SIN‐SAN,19h07m,1,SFO,1975,20220408-1605,fast
6:53 pm – 6:15 am +2,United Airlines,SAN‐SIN,20h22m,1,SFO,8:45 am – 2:35 pm,United Airlines,SIN‐SAN,20h50m,1,SFO,1407,20220408-1605,fast
5:15 pm – 5:45 am +2,Singapore Airlines,SAN‐SIN,21h30m,1,SFO,6:40 pm – 11:49 pm,Singapore Airlines,SIN‐SAN,20h09m,1,SFO,2362,20220408-1605,fast
6:35 am – 7:10 pm +1,Singapore Airlines,SAN‐SIN,21h35m,1,SFO,6:40 pm – 11:49 pm,Singapore Airlines,SIN‐SAN,20h09m,1,SFO,1984,20220408-1605,fast
3:59 pm – 6:15 am +2,United Airlines,SAN‐SIN,23h16m,1,SFO,8:45 am – 12:23 pm,United Airlines,SIN‐SAN,18h38m,1,SFO,1407,20220408-1605,fast
1:30 pm – 12:20 am +2,Japan Airlines,SAN‐SIN,19h50m,1,NRT,9:25 am – 4:35 pm,"Singapore Airlines, Alaska Airlines",SIN‐SAN,22h10m,1,SFO,2333,20220408-1605,fast
5:15 pm – 5:45 am +2,Singapore Airlines,SAN‐SIN,21h30m,1,SFO,9:25 am – 3:02 pm,Singapore Airlines,SIN‐SAN,20h37m,1,SFO,2434,20220408-1605,fast
