Out Time,Out Airline,Out Cities,Out Duration,Out Stops,Out Stop Cities,Return Time,Return Airline,Return Cities,Return Duration,Return Stops,Return Stop Cities,Price,timestamp,sort
12:48 pm – 12:20 am +3,Japan Airlines,SAN‐SIN,44h32m,2,"DFW, NRT",8:10 am – 11:15 am,Japan Airlines,SIN‐SAN,18h05m,1,NRT,1118,20220404-1747,cheap
12:48 pm – 12:20 am +3,Japan Airlines,SAN‐SIN,44h32m,2,"DFW, NRT",8:10 am – 11:15 am,Japan Airlines,SIN‐SAN,18h05m,1,NRT,1118,20220404-1747,cheap
12:48 pm – 5:40 pm +3,Japan Airlines,SAN‐SIN,61h52m,2,"DFW, NRT-HND",8:10 am – 11:15 am,Japan Airlines,SIN‐SAN,18h05m,1,NRT,1158,20220404-1747,cheap
1:27 pm – 12:20 am +3,Japan Airlines,SAN‐SIN,43h53m,2,"ORD, NRT",8:10 am – 11:15 am,Japan Airlines,SIN‐SAN,18h05m,1,NRT,1181,20220404-1747,cheap
1:15 pm – 12:20 am +3,Japan Airlines,SAN‐SIN,44h05m,2,"JFK, NRT",8:10 am – 11:15 am,Japan Airlines,SIN‐SAN,18h05m,1,NRT,1194,20220404-1747,cheap
7:30 am – 12:35 am +2,Air Canada,SAN‐SIN,26h05m,2,"YVR, NRT",6:10 am – 6:33 pm,Air Canada,SIN‐SAN,27h23m,2,"NRT, YVR",1245,20220404-1747,cheap
7:30 am – 1:15 am +2,"Air Canada, Singapore Airlines",SAN‐SIN,26h45m,2,"YVR, NRT",6:10 am – 6:33 pm,Air Canada,SIN‐SAN,27h23m,2,"NRT, YVR",1317,20220404-1747,cheap
7:47 am – 12:35 am +2,ANA,SAN‐SIN,25h48m,2,"SFO, NRT",6:10 am – 11:34 pm,ANA,SIN‐SAN,32h24m,2,"NRT, LAX",1323,20220404-1747,cheap
7:47 am – 12:35 am +2,ANA,SAN‐SIN,25h48m,2,"SFO, NRT",6:10 am – 11:34 pm,ANA,SIN‐SAN,32h24m,2,"NRT, LAX",1323,20220404-1747,cheap
7:47 am – 12:35 am +2,ANA,SAN‐SIN,25h48m,2,"SFO, NRT",6:10 am – 11:34 pm,ANA,SIN‐SAN,32h24m,2,"NRT, LAX",1323,20220404-1747,cheap
7:47 am – 12:35 am +2,ANA,SAN‐SIN,25h48m,2,"SFO, NRT",6:10 am – 11:34 pm,ANA,SIN‐SAN,32h24m,2,"NRT, LAX",1323,20220404-1747,cheap
6:15 am – 12:35 am +2,ANA,SAN‐SIN,27h20m,2,"SFO, NRT",6:10 am – 11:34 pm,ANA,SIN‐SAN,32h24m,2,"NRT, LAX",1323,20220404-1747,cheap
6:15 am – 12:35 am +2,ANA,SAN‐SIN,27h20m,2,"SFO, NRT",6:10 am – 11:34 pm,ANA,SIN‐SAN,32h24m,2,"NRT, LAX",1323,20220404-1747,cheap
6:15 am – 12:35 am +2,ANA,SAN‐SIN,27h20m,2,"SFO, NRT",6:10 am – 11:34 pm,ANA,SIN‐SAN,32h24m,2,"NRT, LAX",1323,20220404-1747,cheap
6:15 am – 12:35 am +2,ANA,SAN‐SIN,27h20m,2,"SFO, NRT",6:10 am – 11:34 pm,ANA,SIN‐SAN,32h24m,2,"NRT, LAX",1323,20220404-1747,cheap
12:48 pm – 12:20 am +3,Japan Airlines,SAN‐SIN,44h32m,2,"DFW, NRT",8:10 am – 11:15 am,Japan Airlines,SIN‐SAN,18h05m,1,NRT,1191,20220404-1744,best
6:15 am – 9:40 pm +1,Singapore Airlines,SAN‐SIN,24h25m,2,"SEA, YVR",9:25 am – 1:23 pm,Singapore Airlines,SIN‐SAN,18h58m,1,SFO,1370,20220404-1744,best
12:48 pm – 12:20 am +3,Japan Airlines,SAN‐SIN,44h32m,2,"DFW, NRT",8:10 am – 11:15 am,Japan Airlines,SIN‐SAN,18h05m,1,NRT,1118,20220404-1744,best
7:47 am – 12:35 am +2,United Airlines,SAN‐SIN,25h48m,2,"SFO, NRT",8:45 am – 12:35 pm,United Airlines,SIN‐SAN,18h50m,1,SFO,1355,20220404-1744,best
6:15 am – 9:40 pm +1,Singapore Airlines,SAN‐SIN,24h25m,2,"SEA, YVR",8:10 am – 11:15 am,Japan Airlines,SIN‐SAN,18h05m,1,NRT,1482,20220404-1744,best
7:30 am – 12:35 am +2,Air Canada,SAN‐SIN,26h05m,2,"YVR, NRT",8:10 am – 11:15 am,Japan Airlines,SIN‐SAN,18h05m,1,NRT,1430,20220404-1744,best
6:30 am – 12:35 am +2,"United Airlines, ANA",SAN‐SIN,27h05m,2,"LAX, NRT",8:45 am – 12:35 pm,United Airlines,SIN‐SAN,18h50m,1,SFO,1360,20220404-1744,best
6:15 am – 12:35 am +2,United Airlines,SAN‐SIN,27h20m,2,"SFO, NRT",8:45 am – 12:35 pm,United Airlines,SIN‐SAN,18h50m,1,SFO,1355,20220404-1744,best
7:47 am – 12:35 am +2,United Airlines,SAN‐SIN,25h48m,2,"SFO, NRT",8:45 am – 2:56 pm,United Airlines,SIN‐SAN,21h11m,1,SFO,1355,20220404-1744,best
6:15 am – 9:40 pm +1,Singapore Airlines,SAN‐SIN,24h25m,2,"SEA, YVR",9:25 am – 4:02 pm,Singapore Airlines,SIN‐SAN,21h37m,1,SFO,1370,20220404-1744,best
7:30 am – 1:15 am +2,"Air Canada, Singapore Airlines",SAN‐SIN,26h45m,2,"YVR, NRT",8:10 am – 11:15 am,Japan Airlines,SIN‐SAN,18h05m,1,NRT,1511,20220404-1744,best
6:05 pm – 5:45 am +2,Singapore Airlines,SAN‐SIN,20h40m,1,SFO,9:25 am – 1:23 pm,Singapore Airlines,SIN‐SAN,18h58m,1,SFO,1881,20220404-1744,best
6:30 am – 12:35 am +2,"United Airlines, ANA",SAN‐SIN,27h05m,2,"LAX, NRT",8:45 am – 2:56 pm,United Airlines,SIN‐SAN,21h11m,1,SFO,1360,20220404-1744,best
6:15 am – 12:35 am +2,United Airlines,SAN‐SIN,27h20m,2,"SFO, NRT",8:45 am – 2:56 pm,United Airlines,SIN‐SAN,21h11m,1,SFO,1355,20220404-1744,best
6:15 am – 9:40 pm +1,Singapore Airlines,SAN‐SIN,24h25m,2,"SEA, YVR",9:25 am – 5:42 pm,"Singapore Airlines, Alaska Airlines",SIN‐SAN,23h17m,1,SFO,1370,20220404-1744,best
6:15 am – 9:40 pm +1,Singapore Airlines,SAN‐SIN,24h25m,2,"SEA, YVR",6:40 pm – 11:58 pm,Singapore Airlines,SIN‐SAN,20h18m,1,SFO,1548,20220404-1744,best
7:47 am – 12:35 am +2,United Airlines,SAN‐SIN,25h48m,2,"SFO, NRT",8:45 am – 12:35 pm,United Airlines,SIN‐SAN,18h50m,1,SFO,1605,20220404-1744,best
6:05 pm – 5:45 am +2,Singapore Airlines,SAN‐SIN,20h40m,1,SFO,9:25 am – 1:23 pm,Singapore Airlines,SIN‐SAN,18h58m,1,SFO,1881,20220404-1749,fast
6:05 pm – 5:45 am +2,Singapore Airlines,SAN‐SIN,20h40m,1,SFO,6:40 pm – 11:58 pm,Singapore Airlines,SIN‐SAN,20h18m,1,SFO,1965,20220404-1749,fast
7:30 am – 9:40 pm +1,"Air Canada, Singapore Airlines",SAN‐SIN,23h10m,1,YVR,8:10 am – 11:15 am,Japan Airlines,SIN‐SAN,18h05m,1,NRT,2280,20220404-1749,fast
4:15 pm – 5:45 am +2,Singapore Airlines,SAN‐SIN,22h30m,1,SFO,9:25 am – 1:23 pm,Singapore Airlines,SIN‐SAN,18h58m,1,SFO,1881,20220404-1749,fast
6:05 pm – 5:45 am +2,Singapore Airlines,SAN‐SIN,20h40m,1,SFO,9:25 am – 4:02 pm,Singapore Airlines,SIN‐SAN,21h37m,1,SFO,1881,20220404-1749,fast
6:15 am – 9:40 pm +1,Singapore Airlines,SAN‐SIN,24h25m,2,"SEA, YVR",8:10 am – 11:15 am,Japan Airlines,SIN‐SAN,18h05m,1,NRT,1482,20220404-1749,fast
6:05 pm – 9:40 am +2,"Alaska Airlines, Philippine Airlines",SAN‐SIN,24h35m,2,"SFO, MNL",8:10 am – 11:15 am,Japan Airlines,SIN‐SAN,18h05m,1,NRT,1460,20220404-1749,fast
4:15 pm – 5:45 am +2,Singapore Airlines,SAN‐SIN,22h30m,1,SFO,6:40 pm – 11:58 pm,Singapore Airlines,SIN‐SAN,20h18m,1,SFO,1965,20220404-1749,fast
2:35 pm – 5:45 am +2,"Alaska Airlines, Singapore Airlines",SAN‐SIN,24h10m,1,SFO,9:25 am – 1:23 pm,Singapore Airlines,SIN‐SAN,18h58m,1,SFO,1881,20220404-1749,fast
6:15 am – 9:40 pm +1,Singapore Airlines,SAN‐SIN,24h25m,2,"SEA, YVR",9:25 am – 1:23 pm,Singapore Airlines,SIN‐SAN,18h58m,1,SFO,1370,20220404-1749,fast
8:15 am – 12:35 am +2,"Alaska Airlines, ANA",SAN‐SIN,25h20m,2,"SFO, NRT",8:10 am – 11:15 am,Japan Airlines,SIN‐SAN,18h05m,1,NRT,1517,20220404-1749,fast
6:05 pm – 5:45 am +2,"Alaska Airlines, Singapore Airlines",SAN‐SIN,20h40m,1,SFO,9:25 am – 5:42 pm,"Singapore Airlines, Alaska Airlines",SIN‐SAN,23h17m,1,SFO,1881,20220404-1749,fast
4:15 pm – 5:45 am +2,Singapore Airlines,SAN‐SIN,22h30m,1,SFO,9:25 am – 4:02 pm,Singapore Airlines,SIN‐SAN,21h37m,1,SFO,1881,20220404-1749,fast
7:30 am – 12:35 am +2,Air Canada,SAN‐SIN,26h05m,2,"YVR, NRT",8:10 am – 11:15 am,Japan Airlines,SIN‐SAN,18h05m,1,NRT,1430,20220404-1749,fast
1:15 pm – 5:45 am +2,"Alaska Airlines, Singapore Airlines",SAN‐SIN,25h30m,1,SFO,9:25 am – 1:23 pm,"Singapore Airlines, Alaska Airlines",SIN‐SAN,18h58m,1,SFO,1881,20220404-1749,fast
