Out Time,Out Airline,Out Cities,Out Duration,Out Stops,Out Stop Cities,Return Time,Return Airline,Return Cities,Return Duration,Return Stops,Return Stop Cities,Price,timestamp,sort
1:30 pm – 12:20 am +2,Japan Airlines,SAN‐SIN,19h50m,1,NRT,9:50 pm – 3:02 pm +1,Japan Airlines,SIN‐SAN,32h12m,2,"HND, SFO",1158,20220408-1642,cheap
1:30 pm – 12:20 am +2,Japan Airlines,SAN‐SIN,19h50m,1,NRT,8:10 am – 11:47 am +1,Japan Airlines,SIN‐SAN,42h37m,2,"NRT-HND, DFW",1160,20220408-1642,cheap
1:30 pm – 5:40 pm +2,Japan Airlines,SAN‐SIN,37h10m,1,NRT-HND,8:10 am – 11:47 am +1,Japan Airlines,SIN‐SAN,42h37m,2,"NRT-HND, DFW",1171,20220408-1642,cheap
10:20 am – 12:20 am +2,Japan Airlines,SAN‐SIN,23h00m,2,"SFO, NRT",9:50 pm – 3:02 pm +1,Japan Airlines,SIN‐SAN,32h12m,2,"HND, SFO",1202,20220408-1642,cheap
8:12 pm – 6:15 am +2,United Airlines,SAN‐SIN,19h03m,1,SFO,8:45 am – 12:23 pm,United Airlines,SIN‐SAN,18h38m,1,SFO,1249,20220408-1642,cheap
6:53 pm – 6:15 am +2,United Airlines,SAN‐SIN,20h22m,1,SFO,8:45 am – 12:23 pm,United Airlines,SIN‐SAN,18h38m,1,SFO,1249,20220408-1642,cheap
8:12 pm – 6:15 am +2,United Airlines,SAN‐SIN,19h03m,1,SFO,8:45 am – 2:35 pm,United Airlines,SIN‐SAN,20h50m,1,SFO,1249,20220408-1642,cheap
6:53 pm – 6:15 am +2,United Airlines,SAN‐SIN,20h22m,1,SFO,8:45 am – 2:35 pm,United Airlines,SIN‐SAN,20h50m,1,SFO,1249,20220408-1642,cheap
3:59 pm – 6:15 am +2,United Airlines,SAN‐SIN,23h16m,1,SFO,8:45 am – 12:23 pm,United Airlines,SIN‐SAN,18h38m,1,SFO,1249,20220408-1642,cheap
8:12 pm – 6:15 am +2,United Airlines,SAN‐SIN,19h03m,1,SFO,8:45 am – 6:09 pm,United Airlines,SIN‐SAN,24h24m,1,SFO,1249,20220408-1642,cheap
3:59 pm – 6:15 am +2,United Airlines,SAN‐SIN,23h16m,1,SFO,8:45 am – 2:35 pm,United Airlines,SIN‐SAN,20h50m,1,SFO,1249,20220408-1642,cheap
1:29 pm – 6:15 am +2,United Airlines,SAN‐SIN,25h46m,1,SFO,8:45 am – 12:23 pm,United Airlines,SIN‐SAN,18h38m,1,SFO,1249,20220408-1642,cheap
6:53 pm – 6:15 am +2,United Airlines,SAN‐SIN,20h22m,1,SFO,8:45 am – 6:09 pm,United Airlines,SIN‐SAN,24h24m,1,SFO,1249,20220408-1642,cheap
8:12 pm – 6:15 am +2,United Airlines,SAN‐SIN,19h03m,1,SFO,8:45 am – 8:24 pm,United Airlines,SIN‐SAN,26h39m,1,SFO,1249,20220408-1642,cheap
1:29 pm – 6:15 am +2,United Airlines,SAN‐SIN,25h46m,1,SFO,8:45 am – 2:35 pm,United Airlines,SIN‐SAN,20h50m,1,SFO,1249,20220408-1642,cheap
1:30 pm – 12:20 am +2,Japan Airlines,SAN‐SIN,19h50m,1,NRT,8:10 am – 4:43 pm,Japan Airlines,SIN‐SAN,23h33m,2,"NRT, SEA",1267,20220408-1640,best
8:12 pm – 6:15 am +2,United Airlines,SAN‐SIN,19h03m,1,SFO,8:45 am – 12:23 pm,United Airlines,SIN‐SAN,18h38m,1,SFO,1249,20220408-1640,best
1:30 pm – 12:20 am +2,Japan Airlines,SAN‐SIN,19h50m,1,NRT,9:50 pm – 3:02 pm +1,Japan Airlines,SIN‐SAN,32h12m,2,"HND, SFO",1158,20220408-1640,best
6:53 pm – 6:15 am +2,United Airlines,SAN‐SIN,20h22m,1,SFO,8:45 am – 12:23 pm,United Airlines,SIN‐SAN,18h38m,1,SFO,1249,20220408-1640,best
8:12 pm – 6:15 am +2,United Airlines,SAN‐SIN,19h03m,1,SFO,8:45 am – 2:35 pm,United Airlines,SIN‐SAN,20h50m,1,SFO,1249,20220408-1640,best
3:59 pm – 6:15 am +2,United Airlines,SAN‐SIN,23h16m,1,SFO,8:45 am – 12:23 pm,United Airlines,SIN‐SAN,18h38m,1,SFO,1249,20220408-1640,best
6:53 pm – 6:15 am +2,United Airlines,SAN‐SIN,20h22m,1,SFO,8:45 am – 2:35 pm,United Airlines,SIN‐SAN,20h50m,1,SFO,1249,20220408-1640,best
8:12 pm – 6:15 am +2,United Airlines,SAN‐SIN,19h03m,1,SFO,8:45 am – 6:09 pm,United Airlines,SIN‐SAN,24h24m,1,SFO,1249,20220408-1640,best
8:12 pm – 6:15 am +2,United Airlines,SAN‐SIN,19h03m,1,SFO,8:45 am – 5:11 pm,United Airlines,SIN‐SAN,23h26m,2,"SFO, DEN",1253,20220408-1640,best
6:53 pm – 6:15 am +2,United Airlines,SAN‐SIN,20h22m,1,SFO,8:45 am – 6:09 pm,United Airlines,SIN‐SAN,24h24m,1,SFO,1249,20220408-1640,best
1:30 pm – 12:20 am +2,Japan Airlines,SAN‐SIN,19h50m,1,NRT,8:10 am – 4:43 pm,Japan Airlines,SIN‐SAN,23h33m,2,"NRT, SEA",1267,20220408-1640,best
3:59 pm – 6:15 am +2,United Airlines,SAN‐SIN,23h16m,1,SFO,8:45 am – 2:35 pm,United Airlines,SIN‐SAN,20h50m,1,SFO,1249,20220408-1640,best
1:29 pm – 6:15 am +2,United Airlines,SAN‐SIN,25h46m,1,SFO,8:45 am – 12:23 pm,United Airlines,SIN‐SAN,18h38m,1,SFO,1249,20220408-1640,best
6:53 pm – 6:15 am +2,United Airlines,SAN‐SIN,20h22m,1,SFO,8:45 am – 5:11 pm,United Airlines,SIN‐SAN,23h26m,2,"SFO, DEN",1253,20220408-1640,best
8:12 pm – 6:15 am +2,United Airlines,SAN‐SIN,19h03m,1,SFO,8:45 am – 7:39 pm,United Airlines,SIN‐SAN,25h54m,2,"SFO, LAX",1253,20220408-1640,best
8:12 pm – 6:15 am +2,United Airlines,SAN‐SIN,19h03m,1,SFO,8:45 am – 7:39 pm,United Airlines,SIN‐SAN,25h54m,2,"SFO, LAX",1253,20220408-1640,best
8:12 pm – 6:15 am +2,United Airlines,SAN‐SIN,19h03m,1,SFO,8:45 am – 8:24 pm,United Airlines,SIN‐SAN,26h39m,1,SFO,1249,20220408-1640,best
8:12 pm – 6:15 am +2,United Airlines,SAN‐SIN,19h03m,1,SFO,8:45 am – 12:23 pm,United Airlines,SIN‐SAN,18h38m,1,SFO,1249,20220408-1645,fast
8:12 pm – 6:15 am +2,United Airlines,SAN‐SIN,19h03m,1,SFO,9:25 am – 1:32 pm,Singapore Airlines,SIN‐SAN,19h07m,1,SFO,1640,20220408-1645,fast
1:30 pm – 12:20 am +2,Japan Airlines,SAN‐SIN,19h50m,1,NRT,9:25 am – 1:32 pm,Singapore Airlines,SIN‐SAN,19h07m,1,SFO,1808,20220408-1645,fast
6:53 pm – 6:15 am +2,United Airlines,SAN‐SIN,20h22m,1,SFO,8:45 am – 12:23 pm,United Airlines,SIN‐SAN,18h38m,1,SFO,1249,20220408-1645,fast
8:12 pm – 6:15 am +2,United Airlines,SAN‐SIN,19h03m,1,SFO,6:40 pm – 11:49 pm,"Singapore Airlines, Alaska Airlines",SIN‐SAN,20h09m,1,SFO,1553,20220408-1645,fast
6:53 pm – 6:15 am +2,United Airlines,SAN‐SIN,20h22m,1,SFO,9:25 am – 1:32 pm,"Singapore Airlines, Alaska Airlines",SIN‐SAN,19h07m,1,SFO,1640,20220408-1645,fast
8:12 pm – 6:15 am +2,United Airlines,SAN‐SIN,19h03m,1,SFO,8:45 am – 2:35 pm,United Airlines,SIN‐SAN,20h50m,1,SFO,1249,20220408-1645,fast
1:30 pm – 12:20 am +2,Japan Airlines,SAN‐SIN,19h50m,1,NRT,6:40 pm – 11:49 pm,Singapore Airlines,SIN‐SAN,20h09m,1,SFO,1721,20220408-1645,fast
6:53 pm – 6:15 am +2,United Airlines,SAN‐SIN,20h22m,1,SFO,6:40 pm – 11:49 pm,Singapore Airlines,SIN‐SAN,20h09m,1,SFO,1553,20220408-1645,fast
5:15 pm – 5:45 am +2,"Alaska Airlines, Singapore Airlines",SAN‐SIN,21h30m,1,SFO,9:25 am – 1:32 pm,"Singapore Airlines, Alaska Airlines",SIN‐SAN,19h07m,1,SFO,1534,20220408-1645,fast
6:35 am – 7:10 pm +1,Singapore Airlines,SAN‐SIN,21h35m,1,SFO,9:25 am – 1:32 pm,Singapore Airlines,SIN‐SAN,19h07m,1,SFO,1643,20220408-1645,fast
6:53 pm – 6:15 am +2,United Airlines,SAN‐SIN,20h22m,1,SFO,8:45 am – 2:35 pm,United Airlines,SIN‐SAN,20h50m,1,SFO,1249,20220408-1645,fast
10:20 am – 11:40 pm +1,"Alaska Airlines, Korean Air",SAN‐SIN,22h20m,2,"SFO, ICN",9:25 am – 1:32 pm,Singapore Airlines,SIN‐SAN,19h07m,1,SFO,1754,20220408-1645,fast
5:15 pm – 5:45 am +2,Singapore Airlines,SAN‐SIN,21h30m,1,SFO,6:40 pm – 11:49 pm,Singapore Airlines,SIN‐SAN,20h09m,1,SFO,1533,20220408-1645,fast
6:35 am – 7:10 pm +1,Singapore Airlines,SAN‐SIN,21h35m,1,SFO,6:40 pm – 11:49 pm,Singapore Airlines,SIN‐SAN,20h09m,1,SFO,1570,20220408-1645,fast
