Out Time,Out Airline,Out Cities,Out Duration,Out Stops,Out Stop Cities,Return Time,Return Airline,Return Cities,Return Duration,Return Stops,Return Stop Cities,Price,timestamp,sort
8:00 am – 12:35 am +2,Air Canada,SAN‐SIN,25h35m,2,"YVR, NRT",6:10 am – 6:33 pm,Air Canada,SIN‐SAN,27h23m,2,"NRT, YVR",1129,20220404-1911,cheap
8:00 am – 12:20 am +2,Japan Airlines,SAN‐SIN,25h20m,2,"SEA, NRT",9:50 pm – 11:47 am +1,Japan Airlines,SIN‐SAN,28h57m,2,"HND-NRT, DFW",1140,20220404-1911,cheap
8:00 am – 1:15 am +2,"Air Canada, Singapore Airlines",SAN‐SIN,26h15m,2,"YVR, NRT",6:10 am – 6:33 pm,Air Canada,SIN‐SAN,27h23m,2,"NRT, YVR",1170,20220404-1911,cheap
11:00 pm – 12:20 am +3,"Alaska Airlines, Japan Airlines",SAN‐SIN,34h20m,2,"JFK, NRT",8:10 am – 4:02 pm,Japan Airlines,SIN‐SAN,22h52m,2,"NRT, SFO",1180,20220404-1911,cheap
8:00 am – 12:35 am +2,Air Canada,SAN‐SIN,25h35m,2,"YVR, NRT",11:55 pm – 6:33 pm +1,"Singapore Airlines, Air Canada",SIN‐SAN,33h38m,2,"NRT, YVR",1215,20220404-1911,cheap
8:00 am – 12:20 am +2,"Air Canada, Japan Airlines",SAN‐SIN,25h20m,2,"YVR, NRT",6:10 am – 6:33 pm,Air Canada,SIN‐SAN,27h23m,2,"NRT, YVR",1233,20220404-1911,cheap
8:00 am – 12:20 am +2,Japan Airlines,SAN‐SIN,25h20m,2,"SEA, NRT",8:10 am – 4:02 pm,Japan Airlines,SIN‐SAN,22h52m,2,"NRT, SFO",1265,20220404-1911,cheap
8:00 am – 12:35 am +2,"United Airlines, ANA",SAN‐SIN,25h35m,2,"SFO, NRT",1:10 pm – 10:17 am +1,"EVA Air, United Airlines",SIN‐SAN,36h07m,2,"TPE, SFO",1273,20220404-1911,cheap
6:05 am – 12:35 am +2,"United Airlines, ANA",SAN‐SIN,27h30m,2,"SFO, NRT",1:10 pm – 10:17 am +1,"EVA Air, United Airlines",SIN‐SAN,36h07m,2,"TPE, SFO",1273,20220404-1911,cheap
6:05 am – 6:15 am +2,United Airlines,SAN‐SIN,33h10m,1,SFO,8:45 am – 12:26 pm,United Airlines,SIN‐SAN,18h41m,1,SFO,1309,20220404-1911,cheap
6:05 am – 6:15 am +2,United Airlines,SAN‐SIN,33h10m,1,SFO,8:45 am – 2:35 pm,United Airlines,SIN‐SAN,20h50m,1,SFO,1309,20220404-1911,cheap
6:05 am – 6:15 am +2,United Airlines,SAN‐SIN,33h10m,1,SFO,8:45 am – 8:24 pm,United Airlines,SIN‐SAN,26h39m,1,SFO,1309,20220404-1911,cheap
6:05 am – 6:15 am +2,United Airlines,SAN‐SIN,33h10m,1,SFO,8:45 am – 7:55 pm,United Airlines,SIN‐SAN,26h10m,2,"SFO, LAX",1313,20220404-1911,cheap
6:05 am – 6:15 am +2,United Airlines,SAN‐SIN,33h10m,1,SFO,8:45 am – 7:55 pm,United Airlines,SIN‐SAN,26h10m,2,"SFO, LAX",1313,20220404-1911,cheap
6:05 am – 6:15 am +2,United Airlines,SAN‐SIN,33h10m,1,SFO,8:45 am – 11:33 pm,United Airlines,SIN‐SAN,29h48m,2,"SFO, LAX",1313,20220404-1911,cheap
11:00 pm – 12:20 am +3,"Alaska Airlines, Japan Airlines",SAN‐SIN,34h20m,2,"JFK, NRT",8:10 am – 4:02 pm,Japan Airlines,SIN‐SAN,22h52m,2,"NRT, SFO",1225,20220404-1908,best
6:53 pm – 6:15 am +2,United Airlines,SAN‐SIN,20h22m,1,SFO,8:45 am – 12:26 pm,United Airlines,SIN‐SAN,18h41m,1,SFO,1407,20220404-1908,best
8:00 am – 12:35 am +2,Air Canada,SAN‐SIN,25h35m,2,"YVR, NRT",6:10 am – 6:33 pm,Air Canada,SIN‐SAN,27h23m,2,"NRT, YVR",1129,20220404-1908,best
6:53 pm – 6:15 am +2,United Airlines,SAN‐SIN,20h22m,1,SFO,8:45 am – 2:35 pm,United Airlines,SIN‐SAN,20h50m,1,SFO,1407,20220404-1908,best
3:59 pm – 6:15 am +2,United Airlines,SAN‐SIN,23h16m,1,SFO,8:45 am – 12:26 pm,United Airlines,SIN‐SAN,18h41m,1,SFO,1407,20220404-1908,best
3:59 pm – 6:15 am +2,United Airlines,SAN‐SIN,23h16m,1,SFO,8:45 am – 2:35 pm,United Airlines,SIN‐SAN,20h50m,1,SFO,1407,20220404-1908,best
1:29 pm – 6:15 am +2,United Airlines,SAN‐SIN,25h46m,1,SFO,8:45 am – 12:26 pm,United Airlines,SIN‐SAN,18h41m,1,SFO,1407,20220404-1908,best
8:00 am – 12:35 am +2,"United Airlines, ANA",SAN‐SIN,25h35m,2,"SFO, NRT",8:45 am – 12:26 pm,United Airlines,SIN‐SAN,18h41m,1,SFO,1413,20220404-1908,best
1:29 pm – 6:15 am +2,United Airlines,SAN‐SIN,25h46m,1,SFO,8:45 am – 2:35 pm,United Airlines,SIN‐SAN,20h50m,1,SFO,1407,20220404-1908,best
6:53 pm – 6:15 am +2,United Airlines,SAN‐SIN,20h22m,1,SFO,8:45 am – 8:24 pm,United Airlines,SIN‐SAN,26h39m,1,SFO,1407,20220404-1908,best
8:00 am – 12:20 am +2,"Alaska Airlines, Japan Airlines",SAN‐SIN,25h20m,2,"SEA, NRT",8:10 am – 11:15 am,Japan Airlines,SIN‐SAN,18h05m,1,NRT,1474,20220404-1908,best
6:15 am – 12:35 am +2,"United Airlines, ANA",SAN‐SIN,27h20m,2,"LAX, NRT",8:45 am – 12:26 pm,United Airlines,SIN‐SAN,18h41m,1,SFO,1412,20220404-1908,best
6:15 am – 12:35 am +2,"United Airlines, ANA",SAN‐SIN,27h20m,2,"LAX, NRT",8:45 am – 12:26 pm,United Airlines,SIN‐SAN,18h41m,1,SFO,1413,20220404-1908,best
6:05 pm – 5:45 am +2,"Alaska Airlines, Singapore Airlines",SAN‐SIN,20h40m,1,SFO,9:25 am – 1:23 pm,"Singapore Airlines, Alaska Airlines",SIN‐SAN,18h58m,1,SFO,1886,20220404-1908,best
8:00 am – 12:20 am +2,Japan Airlines,SAN‐SIN,25h20m,2,"SEA, NRT",8:10 am – 4:02 pm,Japan Airlines,SIN‐SAN,22h52m,2,"NRT, SFO",1265,20220404-1908,best
3:59 pm – 6:15 am +2,United Airlines,SAN‐SIN,23h16m,1,SFO,8:45 am – 8:24 pm,United Airlines,SIN‐SAN,26h39m,1,SFO,1407,20220404-1908,best
6:53 pm – 6:15 am +2,United Airlines,SAN‐SIN,20h22m,1,SFO,8:45 am – 12:26 pm,United Airlines,SIN‐SAN,18h41m,1,SFO,1407,20220404-1913,fast
6:05 pm – 5:45 am +2,"Alaska Airlines, Singapore Airlines",SAN‐SIN,20h40m,1,SFO,9:25 am – 1:23 pm,"Singapore Airlines, Alaska Airlines",SIN‐SAN,18h58m,1,SFO,1886,20220404-1913,fast
6:20 am – 7:10 pm +1,Singapore Airlines,SAN‐SIN,21h50m,1,SFO,9:25 am – 1:23 pm,Singapore Airlines,SIN‐SAN,18h58m,1,SFO,2128,20220404-1913,fast
6:05 pm – 5:45 am +2,Singapore Airlines,SAN‐SIN,20h40m,1,SFO,6:40 pm – 11:58 pm,Singapore Airlines,SIN‐SAN,20h18m,1,SFO,2258,20220404-1913,fast
6:53 pm – 6:15 am +2,United Airlines,SAN‐SIN,20h22m,1,SFO,8:45 am – 2:35 pm,United Airlines,SIN‐SAN,20h50m,1,SFO,1407,20220404-1913,fast
6:05 pm – 5:45 am +2,Singapore Airlines,SAN‐SIN,20h40m,1,SFO,9:00 am – 2:45 pm,Singapore Airlines,SIN‐SAN,20h45m,1,SEA,1990,20220404-1913,fast
3:59 pm – 6:15 am +2,United Airlines,SAN‐SIN,23h16m,1,SFO,8:45 am – 12:26 pm,United Airlines,SIN‐SAN,18h41m,1,SFO,1407,20220404-1913,fast
6:20 am – 7:10 pm +1,Singapore Airlines,SAN‐SIN,21h50m,1,SFO,6:40 pm – 11:58 pm,Singapore Airlines,SIN‐SAN,20h18m,1,SFO,2590,20220404-1913,fast
6:05 pm – 5:45 am +2,"Alaska Airlines, Singapore Airlines",SAN‐SIN,20h40m,1,SFO,9:25 am – 4:02 pm,"Singapore Airlines, Alaska Airlines",SIN‐SAN,21h37m,1,SFO,1886,20220404-1913,fast
7:38 am – 11:40 pm +1,"Delta, Korean Air",SAN‐SIN,25h02m,2,"SEA, ICN",8:10 am – 11:15 am,Japan Airlines,SIN‐SAN,18h05m,1,NRT,1659,20220404-1913,fast
2:35 pm – 5:45 am +2,"Alaska Airlines, Singapore Airlines",SAN‐SIN,24h10m,1,SFO,9:25 am – 1:23 pm,"Singapore Airlines, Alaska Airlines",SIN‐SAN,18h58m,1,SFO,1886,20220404-1913,fast
8:15 am – 12:20 am +2,Japan Airlines,SAN‐SIN,25h05m,2,"SFO, NRT",8:10 am – 11:15 am,Japan Airlines,SIN‐SAN,18h05m,1,NRT,3035,20220404-1913,fast
8:15 am – 12:20 am +2,Japan Airlines,SAN‐SIN,25h05m,2,"SFO, NRT",8:10 am – 11:15 am,"Qantas Airways, Japan Airlines",SIN‐SAN,18h05m,1,NRT,3558,20220404-1913,fast
8:00 am – 12:20 am +2,"Alaska Airlines, Japan Airlines",SAN‐SIN,25h20m,2,"SEA, NRT",8:10 am – 11:15 am,Japan Airlines,SIN‐SAN,18h05m,1,NRT,1474,20220404-1913,fast
8:00 am – 12:20 am +2,"Alaska Airlines, Japan Airlines",SAN‐SIN,25h20m,2,"SEA, NRT",8:10 am – 11:15 am,"Qantas Airways, Japan Airlines",SIN‐SAN,18h05m,1,NRT,3683,20220404-1913,fast
