Out Time,Out Airline,Out Cities,Out Duration,Out Stops,Out Stop Cities,Return Time,Return Airline,Return Cities,Return Duration,Return Stops,Return Stop Cities,Price,timestamp,sort
8:00 am – 12:35 am +2,Air Canada,SAN‐SIN,25h35m,2,"YVR, NRT",12:10 am – 6:37 pm,Air Canada,SIN‐SAN,33h27m,2,"ICN, YVR",1119,20220408-1752,cheap
8:00 am – 12:35 am +2,Air Canada,SAN‐SIN,25h35m,2,"YVR, NRT",8:10 am – 12:12 pm +1,Air Canada,SIN‐SAN,43h02m,2,"ICN, YVR",1119,20220408-1752,cheap
8:00 am – 12:35 am +2,Air Canada,SAN‐SIN,25h35m,2,"YVR, NRT",8:10 am – 6:37 pm,Air Canada,SIN‐SAN,25h27m,2,"ICN, YVR",1164,20220408-1752,cheap
8:00 am – 1:15 am +2,"Air Canada, Singapore Airlines",SAN‐SIN,26h15m,2,"YVR, NRT",12:10 am – 6:37 pm,"Singapore Airlines, Air Canada",SIN‐SAN,33h27m,2,"ICN, YVR",1205,20220408-1752,cheap
7:20 am – 11:40 pm +1,Korean Air,SAN‐SIN,25h20m,2,"SEA, ICN",1:10 am – 2:45 pm,Korean Air,SIN‐SAN,28h35m,2,"ICN, LAX",1253,20220408-1752,cheap
7:20 am – 11:40 pm +1,Korean Air,SAN‐SIN,25h20m,2,"SEA, ICN",1:10 am – 2:45 pm,Korean Air,SIN‐SAN,28h35m,2,"ICN, LAX",1284,20220408-1752,cheap
6:35 am – 11:40 pm +1,Korean Air,SAN‐SIN,26h05m,2,"LAX, ICN",1:10 am – 2:45 pm,Korean Air,SIN‐SAN,28h35m,2,"ICN, LAX",1284,20220408-1752,cheap
7:20 am – 11:40 pm +1,Korean Air,SAN‐SIN,25h20m,2,"SEA, ICN",1:10 am – 6:11 pm,Korean Air,SIN‐SAN,32h01m,2,"ICN, SEA",1284,20220408-1752,cheap
7:20 am – 11:40 pm +1,Korean Air,SAN‐SIN,25h20m,2,"SEA, ICN",1:10 am – 6:11 pm,Korean Air,SIN‐SAN,32h01m,2,"ICN, SEA",1284,20220408-1752,cheap
7:20 am – 11:40 pm +1,Korean Air,SAN‐SIN,25h20m,2,"SEA, ICN",1:10 am – 11:41 pm,Korean Air,SIN‐SAN,37h31m,2,"ICN, LAX",1284,20220408-1752,cheap
8:00 am – 12:20 am +2,"Air Canada, Japan Airlines",SAN‐SIN,25h20m,2,"YVR, NRT",12:10 am – 6:37 pm,"Singapore Airlines, Air Canada",SIN‐SAN,33h27m,2,"ICN, YVR",1289,20220408-1752,cheap
7:20 am – 11:40 pm +1,Korean Air,SAN‐SIN,25h20m,2,"SEA, ICN",1:10 am – 11:41 pm,Korean Air,SIN‐SAN,37h31m,2,"ICN, LAX",1289,20220408-1752,cheap
7:05 am – 11:40 pm +1,Delta,SAN‐SIN,25h35m,2,"SEA, ICN",1:10 am – 2:35 pm,Delta,SIN‐SAN,28h25m,2,"ICN, LAX",1292,20220408-1752,cheap
6:15 am – 11:40 pm +1,Delta,SAN‐SIN,26h25m,2,"LAX, ICN",1:10 am – 2:35 pm,Delta,SIN‐SAN,28h25m,2,"ICN, LAX",1292,20220408-1752,cheap
7:05 am – 11:40 pm +1,Delta,SAN‐SIN,25h35m,2,"SEA, ICN",1:10 am – 6:11 pm,Delta,SIN‐SAN,32h01m,2,"ICN, SEA",1292,20220408-1752,cheap
8:00 am – 12:35 am +2,Air Canada,SAN‐SIN,25h35m,2,"YVR, NRT",8:10 am – 6:37 pm,Air Canada,SIN‐SAN,25h27m,2,"ICN, YVR",1210,20220408-1750,best
8:12 pm – 6:15 am +2,United Airlines,SAN‐SIN,19h03m,1,SFO,8:45 am – 12:23 pm,United Airlines,SIN‐SAN,18h38m,1,SFO,1302,20220408-1750,best
8:00 am – 12:35 am +2,Air Canada,SAN‐SIN,25h35m,2,"YVR, NRT",12:10 am – 6:37 pm,Air Canada,SIN‐SAN,33h27m,2,"ICN, YVR",1119,20220408-1750,best
6:53 pm – 6:15 am +2,United Airlines,SAN‐SIN,20h22m,1,SFO,8:45 am – 12:23 pm,United Airlines,SIN‐SAN,18h38m,1,SFO,1302,20220408-1750,best
8:12 pm – 6:15 am +2,United Airlines,SAN‐SIN,19h03m,1,SFO,8:45 am – 2:35 pm,United Airlines,SIN‐SAN,20h50m,1,SFO,1302,20220408-1750,best
6:53 pm – 6:15 am +2,United Airlines,SAN‐SIN,20h22m,1,SFO,8:45 am – 2:35 pm,United Airlines,SIN‐SAN,20h50m,1,SFO,1302,20220408-1750,best
3:59 pm – 6:15 am +2,United Airlines,SAN‐SIN,23h16m,1,SFO,8:45 am – 12:23 pm,United Airlines,SIN‐SAN,18h38m,1,SFO,1302,20220408-1750,best
8:12 pm – 6:15 am +2,United Airlines,SAN‐SIN,19h03m,1,SFO,8:45 am – 6:09 pm,United Airlines,SIN‐SAN,24h24m,1,SFO,1302,20220408-1750,best
8:12 pm – 6:15 am +2,United Airlines,SAN‐SIN,19h03m,1,SFO,8:45 am – 5:11 pm,United Airlines,SIN‐SAN,23h26m,2,"SFO, DEN",1306,20220408-1750,best
3:59 pm – 6:15 am +2,United Airlines,SAN‐SIN,23h16m,1,SFO,8:45 am – 2:35 pm,United Airlines,SIN‐SAN,20h50m,1,SFO,1302,20220408-1750,best
6:53 pm – 6:15 am +2,United Airlines,SAN‐SIN,20h22m,1,SFO,8:45 am – 5:11 pm,United Airlines,SIN‐SAN,23h26m,2,"SFO, DEN",1306,20220408-1750,best
1:29 pm – 6:15 am +2,United Airlines,SAN‐SIN,25h46m,1,SFO,8:45 am – 12:23 pm,United Airlines,SIN‐SAN,18h38m,1,SFO,1302,20220408-1750,best
6:53 pm – 6:15 am +2,United Airlines,SAN‐SIN,20h22m,1,SFO,8:45 am – 6:09 pm,United Airlines,SIN‐SAN,24h24m,1,SFO,1302,20220408-1750,best
8:12 pm – 6:15 am +2,United Airlines,SAN‐SIN,19h03m,1,SFO,8:45 am – 8:24 pm,United Airlines,SIN‐SAN,26h39m,1,SFO,1302,20220408-1750,best
8:12 pm – 6:15 am +2,United Airlines,SAN‐SIN,19h03m,1,SFO,8:45 am – 7:39 pm,United Airlines,SIN‐SAN,25h54m,2,"SFO, LAX",1306,20220408-1750,best
8:12 pm – 6:15 am +2,United Airlines,SAN‐SIN,19h03m,1,SFO,8:45 am – 7:39 pm,United Airlines,SIN‐SAN,25h54m,2,"SFO, LAX",1306,20220408-1750,best
8:12 pm – 6:15 am +2,United Airlines,SAN‐SIN,19h03m,1,SFO,8:45 am – 7:39 pm,United Airlines,SIN‐SAN,25h54m,2,"SFO, LAX",1306,20220408-1750,best
8:12 pm – 6:15 am +2,United Airlines,SAN‐SIN,19h03m,1,SFO,8:45 am – 12:23 pm,United Airlines,SIN‐SAN,18h38m,1,SFO,1302,20220408-1754,fast
1:30 pm – 12:20 am +2,Japan Airlines,SAN‐SIN,19h50m,1,NRT,9:25 am – 1:32 pm,Singapore Airlines,SIN‐SAN,19h07m,1,SFO,2036,20220408-1754,fast
6:53 pm – 6:15 am +2,United Airlines,SAN‐SIN,20h22m,1,SFO,8:45 am – 12:23 pm,United Airlines,SIN‐SAN,18h38m,1,SFO,1302,20220408-1754,fast
8:12 pm – 6:15 am +2,United Airlines,SAN‐SIN,19h03m,1,SFO,6:40 pm – 11:49 pm,Singapore Airlines,SIN‐SAN,20h09m,1,SFO,1589,20220408-1754,fast
8:12 pm – 6:15 am +2,United Airlines,SAN‐SIN,19h03m,1,SFO,9:25 am – 3:02 pm,Singapore Airlines,SIN‐SAN,20h37m,1,SFO,1933,20220408-1754,fast
8:12 pm – 6:15 am +2,United Airlines,SAN‐SIN,19h03m,1,SFO,8:45 am – 2:35 pm,United Airlines,SIN‐SAN,20h50m,1,SFO,1302,20220408-1754,fast
1:30 pm – 12:20 am +2,Japan Airlines,SAN‐SIN,19h50m,1,NRT,6:40 pm – 11:49 pm,Singapore Airlines,SIN‐SAN,20h09m,1,SFO,1538,20220408-1754,fast
1:30 pm – 12:20 am +2,Japan Airlines,SAN‐SIN,19h50m,1,NRT,9:25 am – 3:02 pm,Singapore Airlines,SIN‐SAN,20h37m,1,SFO,1882,20220408-1754,fast
6:53 pm – 6:15 am +2,United Airlines,SAN‐SIN,20h22m,1,SFO,6:40 pm – 11:49 pm,Singapore Airlines,SIN‐SAN,20h09m,1,SFO,1589,20220408-1754,fast
5:15 pm – 5:45 am +2,Singapore Airlines,SAN‐SIN,21h30m,1,SFO,9:25 am – 1:32 pm,Singapore Airlines,SIN‐SAN,19h07m,1,SFO,2175,20220408-1754,fast
6:35 am – 7:10 pm +1,Singapore Airlines,SAN‐SIN,21h35m,1,SFO,9:25 am – 1:32 pm,Singapore Airlines,SIN‐SAN,19h07m,1,SFO,1818,20220408-1754,fast
6:53 pm – 6:15 am +2,United Airlines,SAN‐SIN,20h22m,1,SFO,9:25 am – 3:02 pm,Singapore Airlines,SIN‐SAN,20h37m,1,SFO,1933,20220408-1754,fast
6:53 pm – 6:15 am +2,United Airlines,SAN‐SIN,20h22m,1,SFO,8:45 am – 2:35 pm,United Airlines,SIN‐SAN,20h50m,1,SFO,1302,20220408-1754,fast
5:15 pm – 5:45 am +2,Singapore Airlines,SAN‐SIN,21h30m,1,SFO,6:40 pm – 11:49 pm,Singapore Airlines,SIN‐SAN,20h09m,1,SFO,2041,20220408-1754,fast
6:35 am – 7:10 pm +1,Singapore Airlines,SAN‐SIN,21h35m,1,SFO,6:40 pm – 11:49 pm,Singapore Airlines,SIN‐SAN,20h09m,1,SFO,1684,20220408-1754,fast
