Out Time,Out Airline,Out Cities,Out Duration,Out Stops,Out Stop Cities,Return Time,Return Airline,Return Cities,Return Duration,Return Stops,Return Stop Cities,Price,timestamp,sort
8:25 am – 11:40 pm +1,"Alaska Airlines, Korean Air",SAN‐SIN,24h15m,2,"SFO, ICN",1:10 am – 6:11 pm,Korean Air,SIN‐SAN,32h01m,2,"ICN, SEA",1334,20220404-2332,cheap
6:25 am – 11:40 pm +1,"Alaska Airlines, Korean Air",SAN‐SIN,26h15m,2,"SFO, ICN",1:10 am – 6:11 pm,Korean Air,SIN‐SAN,32h01m,2,"ICN, SEA",1334,20220404-2332,cheap
6:15 am – 11:40 pm +1,Korean Air,SAN‐SIN,26h25m,2,"LAX, ICN",1:10 am – 6:11 pm,Korean Air,SIN‐SAN,32h01m,2,"ICN, SEA",1335,20220404-2332,cheap
6:15 am – 11:40 pm +1,"Delta, Korean Air",SAN‐SIN,26h25m,2,"LAX, ICN",1:10 am – 6:11 pm,Korean Air,SIN‐SAN,32h01m,2,"ICN, SEA",1382,20220404-2332,cheap
6:15 am – 11:40 pm +1,Korean Air,SAN‐SIN,26h25m,2,"LAX, ICN",1:10 pm – 11:49 pm,"EVA Air, Alaska Airlines",SIN‐SAN,25h39m,2,"TPE, SFO",1429,20220404-2332,cheap
8:00 am – 12:00 pm +2,"United Airlines, EVA Air",SAN‐SIN,37h00m,2,"SFO, TPE",8:45 am – 12:23 pm,United Airlines,SIN‐SAN,18h38m,1,SFO,1443,20220404-2332,cheap
6:15 am – 12:00 pm +2,"United Airlines, EVA Air",SAN‐SIN,38h45m,2,"SFO, TPE",8:45 am – 12:23 pm,United Airlines,SIN‐SAN,18h38m,1,SFO,1443,20220404-2332,cheap
8:00 am – 1:50 pm +2,"United Airlines, EVA Air",SAN‐SIN,38h50m,2,"SFO, TPE",8:45 am – 12:23 pm,United Airlines,SIN‐SAN,18h38m,1,SFO,1443,20220404-2332,cheap
8:00 am – 12:00 pm +2,"United Airlines, EVA Air",SAN‐SIN,37h00m,2,"SFO, TPE",8:45 am – 2:35 pm,United Airlines,SIN‐SAN,20h50m,1,SFO,1443,20220404-2332,cheap
6:15 am – 1:50 pm +2,"United Airlines, EVA Air",SAN‐SIN,40h35m,2,"SFO, TPE",8:45 am – 12:23 pm,United Airlines,SIN‐SAN,18h38m,1,SFO,1443,20220404-2332,cheap
6:15 am – 12:00 pm +2,"United Airlines, EVA Air",SAN‐SIN,38h45m,2,"SFO, TPE",8:45 am – 2:35 pm,United Airlines,SIN‐SAN,20h50m,1,SFO,1443,20220404-2332,cheap
8:00 am – 1:50 pm +2,"United Airlines, EVA Air",SAN‐SIN,38h50m,2,"SFO, TPE",8:45 am – 2:35 pm,United Airlines,SIN‐SAN,20h50m,1,SFO,1443,20220404-2332,cheap
6:15 am – 11:40 pm +1,Delta,SAN‐SIN,26h25m,2,"LAX, ICN",1:10 am – 2:35 pm,Delta,SIN‐SAN,28h25m,2,"ICN, LAX",1446,20220404-2332,cheap
6:15 am – 11:40 pm +1,Delta,SAN‐SIN,26h25m,2,"LAX, ICN",1:10 am – 11:42 pm,Delta,SIN‐SAN,37h32m,2,"ICN, LAX",1446,20220404-2332,cheap
6:15 am – 11:40 pm +1,Delta,SAN‐SIN,26h25m,2,"LAX, ICN",1:10 am – 11:42 pm,Delta,SIN‐SAN,37h32m,2,"ICN, LAX",1451,20220404-2332,cheap
8:25 am – 11:40 pm +1,"Alaska Airlines, Korean Air",SAN‐SIN,24h15m,2,"SFO, ICN",1:10 am – 6:11 pm,Korean Air,SIN‐SAN,32h01m,2,"ICN, SEA",1382,20220404-2330,best
8:12 pm – 6:15 am +2,United Airlines,SAN‐SIN,19h03m,1,SFO,8:45 am – 12:23 pm,United Airlines,SIN‐SAN,18h38m,1,SFO,1610,20220404-2330,best
8:25 am – 11:40 pm +1,"Alaska Airlines, Korean Air",SAN‐SIN,24h15m,2,"SFO, ICN",1:10 am – 6:11 pm,Korean Air,SIN‐SAN,32h01m,2,"ICN, SEA",1334,20220404-2330,best
6:53 pm – 6:15 am +2,United Airlines,SAN‐SIN,20h22m,1,SFO,8:45 am – 12:23 pm,United Airlines,SIN‐SAN,18h38m,1,SFO,1610,20220404-2330,best
8:12 pm – 6:15 am +2,United Airlines,SAN‐SIN,19h03m,1,SFO,8:45 am – 2:35 pm,United Airlines,SIN‐SAN,20h50m,1,SFO,1610,20220404-2330,best
6:53 pm – 6:15 am +2,United Airlines,SAN‐SIN,20h22m,1,SFO,8:45 am – 2:35 pm,United Airlines,SIN‐SAN,20h50m,1,SFO,1610,20220404-2330,best
3:59 pm – 6:15 am +2,United Airlines,SAN‐SIN,23h16m,1,SFO,8:45 am – 12:23 pm,United Airlines,SIN‐SAN,18h38m,1,SFO,1610,20220404-2330,best
8:12 pm – 6:15 am +2,United Airlines,SAN‐SIN,19h03m,1,SFO,8:45 am – 6:09 pm,United Airlines,SIN‐SAN,24h24m,1,SFO,1610,20220404-2330,best
3:59 pm – 6:15 am +2,United Airlines,SAN‐SIN,23h16m,1,SFO,8:45 am – 2:35 pm,United Airlines,SIN‐SAN,20h50m,1,SFO,1610,20220404-2330,best
1:29 pm – 6:15 am +2,United Airlines,SAN‐SIN,25h46m,1,SFO,8:45 am – 12:23 pm,United Airlines,SIN‐SAN,18h38m,1,SFO,1610,20220404-2330,best
6:53 pm – 6:15 am +2,United Airlines,SAN‐SIN,20h22m,1,SFO,8:45 am – 6:09 pm,United Airlines,SIN‐SAN,24h24m,1,SFO,1610,20220404-2330,best
8:12 pm – 6:15 am +2,United Airlines,SAN‐SIN,19h03m,1,SFO,8:45 am – 8:24 pm,United Airlines,SIN‐SAN,26h39m,1,SFO,1610,20220404-2330,best
8:12 pm – 6:15 am +2,United Airlines,SAN‐SIN,19h03m,1,SFO,8:45 am – 7:39 pm,United Airlines,SIN‐SAN,25h54m,2,"SFO, LAX",1614,20220404-2330,best
8:12 pm – 6:15 am +2,United Airlines,SAN‐SIN,19h03m,1,SFO,8:45 am – 7:39 pm,United Airlines,SIN‐SAN,25h54m,2,"SFO, LAX",1614,20220404-2330,best
8:12 pm – 6:15 am +2,United Airlines,SAN‐SIN,19h03m,1,SFO,8:45 am – 7:39 pm,United Airlines,SIN‐SAN,25h54m,2,"SFO, LAX",1614,20220404-2330,best
8:12 pm – 6:15 am +2,United Airlines,SAN‐SIN,19h03m,1,SFO,8:45 am – 7:39 pm,United Airlines,SIN‐SAN,25h54m,2,"SFO, LAX",1614,20220404-2330,best
1:29 pm – 6:15 am +2,United Airlines,SAN‐SIN,25h46m,1,SFO,8:45 am – 2:35 pm,United Airlines,SIN‐SAN,20h50m,1,SFO,1610,20220404-2330,best
8:12 pm – 6:15 am +2,United Airlines,SAN‐SIN,19h03m,1,SFO,8:45 am – 12:23 pm,United Airlines,SIN‐SAN,18h38m,1,SFO,1610,20220404-2335,fast
1:30 pm – 12:20 am +2,Japan Airlines,SAN‐SIN,19h50m,1,NRT,9:25 am – 1:32 pm,Singapore Airlines,SIN‐SAN,19h07m,1,SFO,2454,20220404-2335,fast
6:53 pm – 6:15 am +2,United Airlines,SAN‐SIN,20h22m,1,SFO,8:45 am – 12:23 pm,United Airlines,SIN‐SAN,18h38m,1,SFO,1610,20220404-2335,fast
8:12 pm – 6:15 am +2,United Airlines,SAN‐SIN,19h03m,1,SFO,8:45 am – 2:35 pm,United Airlines,SIN‐SAN,20h50m,1,SFO,1610,20220404-2335,fast
1:30 pm – 12:20 am +2,Japan Airlines,SAN‐SIN,19h50m,1,NRT,6:40 pm – 11:49 pm,Singapore Airlines,SIN‐SAN,20h09m,1,SFO,1802,20220404-2335,fast
1:30 pm – 12:20 am +2,Japan Airlines,SAN‐SIN,19h50m,1,NRT,6:40 pm – 11:49 pm,"Singapore Airlines, Alaska Airlines",SIN‐SAN,20h09m,1,SFO,1802,20220404-2335,fast
1:30 pm – 12:20 am +2,Japan Airlines,SAN‐SIN,19h50m,1,NRT,9:25 am – 3:02 pm,Singapore Airlines,SIN‐SAN,20h37m,1,SFO,2454,20220404-2335,fast
5:15 pm – 5:45 am +2,Singapore Airlines,SAN‐SIN,21h30m,1,SFO,9:25 am – 1:32 pm,Singapore Airlines,SIN‐SAN,19h07m,1,SFO,2394,20220404-2335,fast
5:15 pm – 5:45 am +2,"Alaska Airlines, Singapore Airlines",SAN‐SIN,21h30m,1,SFO,9:25 am – 1:32 pm,"Singapore Airlines, Alaska Airlines",SIN‐SAN,19h07m,1,SFO,2459,20220404-2335,fast
5:15 pm – 5:45 am +2,"Alaska Airlines, Singapore Airlines",SAN‐SIN,21h30m,1,SFO,9:25 am – 1:32 pm,Singapore Airlines,SIN‐SAN,19h07m,1,SFO,2459,20220404-2335,fast
6:25 am – 7:10 pm +1,"Alaska Airlines, Singapore Airlines",SAN‐SIN,21h45m,1,SFO,9:25 am – 1:32 pm,"Singapore Airlines, Alaska Airlines",SIN‐SAN,19h07m,1,SFO,1756,20220404-2335,fast
6:25 am – 7:10 pm +1,Singapore Airlines,SAN‐SIN,21h45m,1,SFO,9:25 am – 1:32 pm,Singapore Airlines,SIN‐SAN,19h07m,1,SFO,2092,20220404-2335,fast
6:25 am – 7:10 pm +1,"Alaska Airlines, Singapore Airlines",SAN‐SIN,21h45m,1,SFO,9:25 am – 1:32 pm,Singapore Airlines,SIN‐SAN,19h07m,1,SFO,2092,20220404-2335,fast
6:25 am – 7:10 pm +1,Singapore Airlines,SAN‐SIN,21h45m,1,SFO,9:25 am – 1:32 pm,"Singapore Airlines, Alaska Airlines",SIN‐SAN,19h07m,1,SFO,2113,20220404-2335,fast
6:53 pm – 6:15 am +2,United Airlines,SAN‐SIN,20h22m,1,SFO,8:45 am – 2:35 pm,United Airlines,SIN‐SAN,20h50m,1,SFO,1610,20220404-2335,fast
