Out Time,Out Airline,Out Cities,Out Duration,Out Stops,Out Stop Cities,Return Time,Return Airline,Return Cities,Return Duration,Return Stops,Return Stop Cities,Price,timestamp,sort
8:22 pm – 12:20 am +3,"JetBlue, Japan Airlines",SAN‐SIN,36h58m,2,"JFK, NRT",8:10 am – 11:15 am,Japan Airlines,SIN‐SAN,18h05m,1,NRT,1009,20220404-1840,cheap
7:30 am – 12:35 am +2,Air Canada,SAN‐SIN,26h05m,2,"YVR, NRT",6:10 am – 6:33 pm,Air Canada,SIN‐SAN,27h23m,2,"NRT, YVR",1035,20220404-1840,cheap
7:30 am – 1:15 am +2,"Air Canada, Singapore Airlines",SAN‐SIN,26h45m,2,"YVR, NRT",6:10 am – 6:33 pm,Air Canada,SIN‐SAN,27h23m,2,"NRT, YVR",1071,20220404-1840,cheap
11:00 pm – 12:20 am +3,"Alaska Airlines, Japan Airlines",SAN‐SIN,34h20m,2,"JFK, NRT",8:10 am – 11:15 am,Japan Airlines,SIN‐SAN,18h05m,1,NRT,1092,20220404-1840,cheap
11:00 pm – 12:20 am +3,"Alaska Airlines, Japan Airlines",SAN‐SIN,34h20m,2,"JFK, NRT",8:10 am – 5:42 pm,"Japan Airlines, Alaska Airlines",SIN‐SAN,24h32m,2,"NRT, SFO",1102,20220404-1840,cheap
11:00 pm – 12:20 am +3,"Alaska Airlines, Japan Airlines",SAN‐SIN,34h20m,2,"JFK, NRT",8:10 am – 6:57 pm,"Japan Airlines, Alaska Airlines",SIN‐SAN,25h47m,2,"NRT, SFO",1102,20220404-1840,cheap
7:30 am – 12:20 am +2,"Air Canada, Japan Airlines",SAN‐SIN,25h50m,2,"YVR, NRT",6:10 am – 6:33 pm,Air Canada,SIN‐SAN,27h23m,2,"NRT, YVR",1136,20220404-1840,cheap
1:15 pm – 12:20 am +2,Japan Airlines,SAN‐SIN,20h05m,1,NRT,8:10 am – 11:15 am,Japan Airlines,SIN‐SAN,18h05m,1,NRT,1189,20220404-1840,cheap
1:15 pm – 5:40 pm +2,Japan Airlines,SAN‐SIN,37h25m,1,NRT-HND,8:10 am – 11:15 am,Japan Airlines,SIN‐SAN,18h05m,1,NRT,1200,20220404-1840,cheap
1:15 pm – 12:20 am +2,Japan Airlines,SAN‐SIN,20h05m,1,NRT,8:10 am – 5:42 pm,"Japan Airlines, Alaska Airlines",SIN‐SAN,24h32m,2,"NRT, SFO",1205,20220404-1840,cheap
1:15 pm – 5:40 pm +2,Japan Airlines,SAN‐SIN,37h25m,1,NRT-HND,8:10 am – 5:42 pm,"Japan Airlines, Alaska Airlines",SIN‐SAN,24h32m,2,"NRT, SFO",1217,20220404-1840,cheap
7:47 am – 12:35 am +2,"United Airlines, ANA",SAN‐SIN,25h48m,2,"SFO, NRT",1:10 pm – 10:17 am +1,"EVA Air, United Airlines",SIN‐SAN,36h07m,2,"TPE, SFO",1223,20220404-1840,cheap
6:30 am – 12:35 am +2,"United Airlines, ANA",SAN‐SIN,27h05m,2,"LAX, NRT",1:10 pm – 10:17 am +1,"EVA Air, United Airlines",SIN‐SAN,36h07m,2,"TPE, SFO",1223,20220404-1840,cheap
1:15 pm – 12:20 am +2,Japan Airlines,SAN‐SIN,20h05m,1,NRT,8:10 am – 6:57 pm,"Japan Airlines, Alaska Airlines",SIN‐SAN,25h47m,2,"NRT, SFO",1225,20220404-1840,cheap
1:15 pm – 12:20 am +2,Japan Airlines,SAN‐SIN,20h05m,1,NRT,8:10 am – 9:45 pm,"Japan Airlines, Alaska Airlines",SIN‐SAN,28h35m,2,"NRT, SFO",1234,20220404-1840,cheap
8:22 pm – 12:20 am +3,"JetBlue, Japan Airlines",SAN‐SIN,36h58m,2,"JFK, NRT",8:10 am – 11:15 am,Japan Airlines,SIN‐SAN,18h05m,1,NRT,1009,20220404-1837,best
1:15 pm – 12:20 am +2,Japan Airlines,SAN‐SIN,20h05m,1,NRT,8:10 am – 11:15 am,Japan Airlines,SIN‐SAN,18h05m,1,NRT,1189,20220404-1837,best
8:22 pm – 12:20 am +3,"JetBlue, Japan Airlines",SAN‐SIN,36h58m,2,"JFK, NRT",8:10 am – 11:15 am,Japan Airlines,SIN‐SAN,18h05m,1,NRT,1009,20220404-1837,best
1:15 pm – 12:20 am +2,American Airlines,SAN‐SIN,20h05m,1,NRT,8:10 am – 11:15 am,American Airlines,SIN‐SAN,18h05m,1,NRT,1249,20220404-1837,best
6:05 pm – 5:45 am +2,Singapore Airlines,SAN‐SIN,20h40m,1,SFO,9:25 am – 1:23 pm,"Singapore Airlines, Alaska Airlines",SIN‐SAN,18h58m,1,SFO,1499,20220404-1837,best
1:15 pm – 12:20 am +2,Japan Airlines,SAN‐SIN,20h05m,1,NRT,8:10 am – 5:42 pm,"Japan Airlines, Alaska Airlines",SIN‐SAN,24h32m,2,"NRT, SFO",1205,20220404-1837,best
4:15 pm – 5:45 am +2,Singapore Airlines,SAN‐SIN,22h30m,1,SFO,9:25 am – 1:23 pm,"Singapore Airlines, Alaska Airlines",SIN‐SAN,18h58m,1,SFO,1499,20220404-1837,best
1:15 pm – 12:20 am +2,Japan Airlines,SAN‐SIN,20h05m,1,NRT,8:10 am – 6:57 pm,"Japan Airlines, Alaska Airlines",SIN‐SAN,25h47m,2,"NRT, SFO",1225,20220404-1837,best
7:47 am – 12:35 am +2,United Airlines,SAN‐SIN,25h48m,2,"SFO, NRT",8:45 am – 12:23 pm,United Airlines,SIN‐SAN,18h38m,1,SFO,1355,20220404-1837,best
6:30 am – 12:35 am +2,"United Airlines, ANA",SAN‐SIN,27h05m,2,"LAX, NRT",8:45 am – 12:23 pm,United Airlines,SIN‐SAN,18h38m,1,SFO,1360,20220404-1837,best
1:15 pm – 12:20 am +2,Japan Airlines,SAN‐SIN,20h05m,1,NRT,8:10 am – 9:45 pm,"Japan Airlines, Alaska Airlines",SIN‐SAN,28h35m,2,"NRT, SFO",1234,20220404-1837,best
7:47 am – 12:35 am +2,United Airlines,SAN‐SIN,25h48m,2,"SFO, NRT",8:45 am – 2:35 pm,United Airlines,SIN‐SAN,20h50m,1,SFO,1355,20220404-1837,best
1:15 pm – 12:20 am +2,Japan Airlines,SAN‐SIN,20h05m,1,NRT,1:10 pm – 11:58 pm,"EVA Air, Alaska Airlines",SIN‐SAN,25h48m,2,"TPE, SFO",1442,20220404-1837,best
7:30 am – 12:35 am +2,Air Canada,SAN‐SIN,26h05m,2,"YVR, NRT",6:10 am – 6:33 pm,Air Canada,SIN‐SAN,27h23m,2,"NRT, YVR",1035,20220404-1837,best
1:15 pm – 12:20 am +2,Japan Airlines,SAN‐SIN,20h05m,1,NRT,8:10 am – 11:58 pm,"Japan Airlines, Alaska Airlines",SIN‐SAN,30h48m,2,"NRT, SFO",1234,20220404-1837,best
1:15 pm – 12:20 am +2,American Airlines,SAN‐SIN,20h05m,1,NRT,8:10 am – 8:02 pm,American Airlines,SIN‐SAN,26h52m,2,"NRT, DFW",1445,20220404-1837,best
1:15 pm – 12:20 am +2,Japan Airlines,SAN‐SIN,20h05m,1,NRT,8:10 am – 11:15 am,Japan Airlines,SIN‐SAN,18h05m,1,NRT,1189,20220404-1842,fast
1:15 pm – 12:20 am +2,American Airlines,SAN‐SIN,20h05m,1,NRT,8:10 am – 11:15 am,American Airlines,SIN‐SAN,18h05m,1,NRT,1249,20220404-1842,fast
1:15 pm – 12:20 am +2,Japan Airlines,SAN‐SIN,20h05m,1,NRT,9:25 am – 1:23 pm,"Singapore Airlines, Alaska Airlines",SIN‐SAN,18h58m,1,SFO,1548,20220404-1842,fast
6:05 pm – 5:45 am +2,Singapore Airlines,SAN‐SIN,20h40m,1,SFO,9:25 am – 1:23 pm,"Singapore Airlines, Alaska Airlines",SIN‐SAN,18h58m,1,SFO,1499,20220404-1842,fast
1:15 pm – 12:20 am +2,Japan Airlines,SAN‐SIN,20h05m,1,NRT,6:40 pm – 11:58 pm,"Singapore Airlines, Alaska Airlines",SIN‐SAN,20h18m,1,SFO,1718,20220404-1842,fast
6:05 pm – 5:45 am +2,Singapore Airlines,SAN‐SIN,20h40m,1,SFO,6:40 pm – 11:58 pm,Singapore Airlines,SIN‐SAN,20h18m,1,SFO,2158,20220404-1842,fast
6:05 pm – 5:45 am +2,Singapore Airlines,SAN‐SIN,20h40m,1,SFO,9:00 am – 2:45 pm,Singapore Airlines,SIN‐SAN,20h45m,1,SEA,1890,20220404-1842,fast
4:15 pm – 5:45 am +2,Singapore Airlines,SAN‐SIN,22h30m,1,SFO,9:25 am – 1:23 pm,"Singapore Airlines, Alaska Airlines",SIN‐SAN,18h58m,1,SFO,1499,20220404-1842,fast
1:15 pm – 12:20 am +2,Japan Airlines,SAN‐SIN,20h05m,1,NRT,9:25 am – 4:02 pm,Singapore Airlines,SIN‐SAN,21h37m,1,SFO,1918,20220404-1842,fast
6:05 pm – 5:45 am +2,Singapore Airlines,SAN‐SIN,20h40m,1,SFO,9:25 am – 4:02 pm,Singapore Airlines,SIN‐SAN,21h37m,1,SFO,1802,20220404-1842,fast
4:15 pm – 5:45 am +2,"Alaska Airlines, Singapore Airlines",SAN‐SIN,22h30m,1,SFO,6:40 pm – 11:58 pm,Singapore Airlines,SIN‐SAN,20h18m,1,SFO,2123,20220404-1842,fast
8:15 am – 12:20 am +2,Japan Airlines,SAN‐SIN,25h05m,2,"SFO, NRT",8:10 am – 11:15 am,Japan Airlines,SIN‐SAN,18h05m,1,NRT,2857,20220404-1842,fast
4:15 pm – 5:45 am +2,Singapore Airlines,SAN‐SIN,22h30m,1,SFO,9:00 am – 2:45 pm,Singapore Airlines,SIN‐SAN,20h45m,1,SEA,1890,20220404-1842,fast
1:15 pm – 12:20 am +2,Japan Airlines,SAN‐SIN,20h05m,1,NRT,9:25 am – 5:42 pm,"Singapore Airlines, Alaska Airlines",SIN‐SAN,23h17m,1,SFO,1664,20220404-1842,fast
6:15 am – 9:40 pm +1,Singapore Airlines,SAN‐SIN,24h25m,2,"SEA, YVR",9:25 am – 1:23 pm,Singapore Airlines,SIN‐SAN,18h58m,1,SFO,4134,20220404-1842,fast
