Out Time,Out Airline,Out Cities,Out Duration,Out Stops,Out Stop Cities,Return Time,Return Airline,Return Cities,Return Duration,Return Stops,Return Stop Cities,Price,timestamp,sort
6:25 am – 7:10 pm +1,Singapore Airlines,SAN‐SIN,21h45m,1,SFO,9:25 am – 1:46 pm,Singapore Airlines,SIN‐SAN,19h21m,1,SFO,933,20220408-2156,cheap
6:25 am – 7:10 pm +1,Singapore Airlines,SAN‐SIN,21h45m,1,SFO,9:25 am – 2:56 pm,Singapore Airlines,SIN‐SAN,20h31m,1,SFO,933,20220408-2156,cheap
6:25 am – 7:10 pm +1,Singapore Airlines,SAN‐SIN,21h45m,1,SFO,9:25 am – 11:47 pm,Singapore Airlines,SIN‐SAN,29h22m,1,SFO,937,20220408-2156,cheap
5:15 pm – 7:10 pm +2,Singapore Airlines,SAN‐SIN,34h55m,1,SFO,9:25 am – 1:46 pm,Singapore Airlines,SIN‐SAN,19h21m,1,SFO,937,20220408-2156,cheap
5:15 pm – 7:10 pm +2,Singapore Airlines,SAN‐SIN,34h55m,1,SFO,9:25 am – 2:56 pm,Singapore Airlines,SIN‐SAN,20h31m,1,SFO,937,20220408-2156,cheap
3:10 pm – 7:10 pm +2,Singapore Airlines,SAN‐SIN,37h00m,1,SFO,9:25 am – 1:46 pm,Singapore Airlines,SIN‐SAN,19h21m,1,SFO,937,20220408-2156,cheap
3:10 pm – 7:10 pm +2,Singapore Airlines,SAN‐SIN,37h00m,1,SFO,9:25 am – 2:56 pm,Singapore Airlines,SIN‐SAN,20h31m,1,SFO,937,20220408-2156,cheap
6:25 am – 7:10 pm +1,"Alaska Airlines, Singapore Airlines",SAN‐SIN,21h45m,1,SFO,9:25 am – 6:56 pm,"Singapore Airlines, Alaska Airlines",SIN‐SAN,24h31m,1,SFO,938,20220408-2156,cheap
9:00 pm – 7:10 pm +2,"Alaska Airlines, Singapore Airlines",SAN‐SIN,31h10m,1,SFO,9:25 am – 1:46 pm,"Singapore Airlines, Alaska Airlines",SIN‐SAN,19h21m,1,SFO,942,20220408-2156,cheap
9:00 pm – 7:10 pm +2,"Alaska Airlines, Singapore Airlines",SAN‐SIN,31h10m,1,SFO,9:25 am – 2:56 pm,"Singapore Airlines, Alaska Airlines",SIN‐SAN,20h31m,1,SFO,942,20220408-2156,cheap
9:00 pm – 7:10 pm +2,"Alaska Airlines, Singapore Airlines",SAN‐SIN,31h10m,1,SFO,9:25 am – 6:56 pm,"Singapore Airlines, Alaska Airlines",SIN‐SAN,24h31m,1,SFO,942,20220408-2156,cheap
5:15 pm – 7:10 pm +2,Singapore Airlines,SAN‐SIN,34h55m,1,SFO,9:25 am – 11:47 pm,Singapore Airlines,SIN‐SAN,29h22m,1,SFO,943,20220408-2156,cheap
9:00 pm – 7:10 pm +2,"Alaska Airlines, Singapore Airlines",SAN‐SIN,31h10m,1,SFO,9:25 am – 11:47 pm,"Singapore Airlines, Alaska Airlines",SIN‐SAN,29h22m,1,SFO,948,20220408-2156,cheap
7:45 pm – 7:10 pm +2,"Alaska Airlines, Singapore Airlines",SAN‐SIN,32h25m,1,SFO,9:25 am – 1:46 pm,"Singapore Airlines, Alaska Airlines",SIN‐SAN,19h21m,1,SFO,960,20220408-2156,cheap
6:25 am – 7:10 pm +1,Singapore Airlines,SAN‐SIN,21h45m,1,SFO,9:25 am – 7:32 am +1,Singapore Airlines,SIN‐SAN,37h07m,1,SFO,960,20220408-2156,cheap
6:25 am – 7:10 pm +1,Singapore Airlines,SAN‐SIN,21h45m,1,SFO,9:25 am – 1:46 pm,Singapore Airlines,SIN‐SAN,19h21m,1,SFO,959,20220408-2153,best
8:12 pm – 6:15 am +2,United Airlines,SAN‐SIN,19h03m,1,SFO,8:45 am – 12:23 pm,United Airlines,SIN‐SAN,18h38m,1,SFO,1020,20220408-2153,best
6:25 am – 7:10 pm +1,Singapore Airlines,SAN‐SIN,21h45m,1,SFO,9:25 am – 1:46 pm,Singapore Airlines,SIN‐SAN,19h21m,1,SFO,933,20220408-2153,best
8:12 pm – 6:15 am +2,United Airlines,SAN‐SIN,19h03m,1,SFO,8:45 am – 2:35 pm,United Airlines,SIN‐SAN,20h50m,1,SFO,1020,20220408-2153,best
6:53 pm – 6:15 am +2,United Airlines,SAN‐SIN,20h22m,1,SFO,8:45 am – 12:23 pm,United Airlines,SIN‐SAN,18h38m,1,SFO,1020,20220408-2153,best
6:25 am – 7:10 pm +1,Singapore Airlines,SAN‐SIN,21h45m,1,SFO,9:25 am – 2:56 pm,Singapore Airlines,SIN‐SAN,20h31m,1,SFO,933,20220408-2153,best
3:59 pm – 6:15 am +2,United Airlines,SAN‐SIN,23h16m,1,SFO,8:45 am – 12:23 pm,United Airlines,SIN‐SAN,18h38m,1,SFO,1020,20220408-2153,best
1:30 pm – 12:20 am +2,Japan Airlines,SAN‐SIN,19h50m,1,NRT,8:10 am – 11:30 am,"Qantas Airways, Japan Airlines",SIN‐SAN,18h20m,1,NRT,1110,20220408-2153,best
6:53 pm – 6:15 am +2,United Airlines,SAN‐SIN,20h22m,1,SFO,8:45 am – 2:35 pm,United Airlines,SIN‐SAN,20h50m,1,SFO,1020,20220408-2153,best
1:30 pm – 12:20 am +2,Japan Airlines,SAN‐SIN,19h50m,1,NRT,8:10 am – 4:40 pm,Japan Airlines,SIN‐SAN,23h30m,2,"NRT, SEA",990,20220408-2153,best
8:12 pm – 6:15 am +2,United Airlines,SAN‐SIN,19h03m,1,SFO,8:45 am – 5:11 pm,United Airlines,SIN‐SAN,23h26m,2,"SFO, DEN",1024,20220408-2153,best
8:12 pm – 6:15 am +2,United Airlines,SAN‐SIN,19h03m,1,SFO,8:45 am – 6:09 pm,United Airlines,SIN‐SAN,24h24m,1,SFO,1020,20220408-2153,best
4:11 pm – 6:15 am +2,United Airlines,SAN‐SIN,23h04m,2,"DEN, SFO",8:45 am – 12:23 pm,United Airlines,SIN‐SAN,18h38m,1,SFO,1024,20220408-2153,best
3:59 pm – 6:15 am +2,United Airlines,SAN‐SIN,23h16m,1,SFO,8:45 am – 2:35 pm,United Airlines,SIN‐SAN,20h50m,1,SFO,1020,20220408-2153,best
6:53 pm – 6:15 am +2,United Airlines,SAN‐SIN,20h22m,1,SFO,8:45 am – 5:11 pm,United Airlines,SIN‐SAN,23h26m,2,"SFO, DEN",1024,20220408-2153,best
4:11 pm – 6:15 am +2,United Airlines,SAN‐SIN,23h04m,2,"DEN, SFO",8:45 am – 2:35 pm,United Airlines,SIN‐SAN,20h50m,1,SFO,1024,20220408-2153,best
8:12 pm – 6:15 am +2,United Airlines,SAN‐SIN,19h03m,1,SFO,8:10 am – 11:30 am,Japan Airlines,SIN‐SAN,18h20m,1,NRT,1541,20220408-2158,fast
8:12 pm – 6:15 am +2,United Airlines,SAN‐SIN,19h03m,1,SFO,8:45 am – 12:23 pm,United Airlines,SIN‐SAN,18h38m,1,SFO,1020,20220408-2158,fast
1:30 pm – 12:20 am +2,Japan Airlines,SAN‐SIN,19h50m,1,NRT,8:10 am – 11:30 am,"Qantas Airways, Japan Airlines",SIN‐SAN,18h20m,1,NRT,1110,20220408-2158,fast
1:30 pm – 12:20 am +2,Japan Airlines,SAN‐SIN,19h50m,1,NRT,8:10 am – 11:30 am,Japan Airlines,SIN‐SAN,18h20m,1,NRT,1449,20220408-2158,fast
1:30 pm – 12:20 am +2,American Airlines,SAN‐SIN,19h50m,1,NRT,8:10 am – 11:30 am,American Airlines,SIN‐SAN,18h20m,1,NRT,2989,20220408-2158,fast
1:30 pm – 12:20 am +2,"Japan Airlines, Qantas Airways",SAN‐SIN,19h50m,1,NRT,8:10 am – 11:30 am,Japan Airlines,SIN‐SAN,18h20m,1,NRT,3408,20220408-2158,fast
8:12 pm – 6:15 am +2,United Airlines,SAN‐SIN,19h03m,1,SFO,9:25 am – 1:46 pm,Singapore Airlines,SIN‐SAN,19h21m,1,SFO,1383,20220408-2158,fast
6:53 pm – 6:15 am +2,United Airlines,SAN‐SIN,20h22m,1,SFO,8:45 am – 12:23 pm,United Airlines,SIN‐SAN,18h38m,1,SFO,1020,20220408-2158,fast
1:30 pm – 12:20 am +2,Japan Airlines,SAN‐SIN,19h50m,1,NRT,9:25 am – 1:46 pm,Singapore Airlines,SIN‐SAN,19h21m,1,SFO,1319,20220408-2158,fast
8:12 pm – 6:15 am +2,United Airlines,SAN‐SIN,19h03m,1,SFO,8:45 am – 2:35 pm,United Airlines,SIN‐SAN,20h50m,1,SFO,1020,20220408-2158,fast
1:30 pm – 12:20 am +2,Japan Airlines,SAN‐SIN,19h50m,1,NRT,6:40 pm – 11:47 pm,"Singapore Airlines, Alaska Airlines",SIN‐SAN,20h07m,1,SFO,1489,20220408-2158,fast
6:25 am – 7:10 pm +1,"Alaska Airlines, Singapore Airlines",SAN‐SIN,21h45m,1,SFO,8:10 am – 11:30 am,Japan Airlines,SIN‐SAN,18h20m,1,NRT,1483,20220408-2158,fast
1:30 pm – 12:20 am +2,Japan Airlines,SAN‐SIN,19h50m,1,NRT,9:25 am – 2:56 pm,Singapore Airlines,SIN‐SAN,20h31m,1,SFO,1387,20220408-2158,fast
5:15 pm – 5:45 am +2,Singapore Airlines,SAN‐SIN,21h30m,1,SFO,9:25 am – 1:46 pm,Singapore Airlines,SIN‐SAN,19h21m,1,SFO,1453,20220408-2158,fast
6:25 am – 7:10 pm +1,Singapore Airlines,SAN‐SIN,21h45m,1,SFO,9:25 am – 1:46 pm,Singapore Airlines,SIN‐SAN,19h21m,1,SFO,933,20220408-2158,fast
