Out Time,Out Airline,Out Cities,Out Duration,Out Stops,Out Stop Cities,Return Time,Return Airline,Return Cities,Return Duration,Return Stops,Return Stop Cities,Price,timestamp,sort
1:30 pm – 12:20 am +2,Japan Airlines,SAN‐SIN,19h50m,1,NRT,9:50 pm – 11:30 am +1,Japan Airlines,SIN‐SAN,28h40m,1,HND-NRT,864,20220408-2111,cheap
8:25 am – 6:15 am +2,Japan Airlines,SAN‐SIN,30h50m,2,"SFO, HND",9:50 pm – 11:30 am +1,Japan Airlines,SIN‐SAN,28h40m,1,HND-NRT,867,20220408-2111,cheap
8:25 am – 5:40 pm +2,Japan Airlines,SAN‐SIN,42h15m,2,"SFO, HND",9:50 pm – 11:30 am +1,Japan Airlines,SIN‐SAN,28h40m,1,HND-NRT,867,20220408-2111,cheap
10:20 am – 12:20 am +2,"Alaska Airlines, Japan Airlines",SAN‐SIN,23h00m,2,"SFO, NRT",9:50 pm – 11:30 am +1,Japan Airlines,SIN‐SAN,28h40m,1,HND-NRT,868,20220408-2111,cheap
8:25 am – 12:20 am +2,Japan Airlines,SAN‐SIN,24h55m,2,"SFO, NRT",9:50 pm – 11:30 am +1,Japan Airlines,SIN‐SAN,28h40m,1,HND-NRT,868,20220408-2111,cheap
6:25 am – 12:20 am +2,"Alaska Airlines, Japan Airlines",SAN‐SIN,26h55m,2,"SFO, NRT",9:50 pm – 11:30 am +1,Japan Airlines,SIN‐SAN,28h40m,1,HND-NRT,868,20220408-2111,cheap
1:30 pm – 6:15 am +2,Japan Airlines,SAN‐SIN,25h45m,1,NRT-HND,9:50 pm – 11:30 am +1,Japan Airlines,SIN‐SAN,28h40m,1,HND-NRT,875,20220408-2111,cheap
8:25 am – 6:15 am +2,Japan Airlines,SAN‐SIN,30h50m,2,"SFO, NRT-HND",9:50 pm – 11:30 am +1,Japan Airlines,SIN‐SAN,28h40m,1,HND-NRT,879,20220408-2111,cheap
1:30 pm – 12:20 am +2,Japan Airlines,SAN‐SIN,19h50m,1,NRT,8:10 am – 11:30 am,Japan Airlines,SIN‐SAN,18h20m,1,NRT,906,20220408-2111,cheap
8:25 am – 6:15 am +2,Japan Airlines,SAN‐SIN,30h50m,2,"SFO, HND",8:10 am – 11:30 am,Japan Airlines,SIN‐SAN,18h20m,1,NRT,910,20220408-2111,cheap
8:25 am – 5:40 pm +2,Japan Airlines,SAN‐SIN,42h15m,2,"SFO, HND",8:10 am – 11:30 am,Japan Airlines,SIN‐SAN,18h20m,1,NRT,910,20220408-2111,cheap
6:25 am – 5:40 pm +2,"Alaska Airlines, Japan Airlines",SAN‐SIN,44h15m,2,"SFO, HND",8:10 am – 11:30 am,Japan Airlines,SIN‐SAN,18h20m,1,NRT,910,20220408-2111,cheap
10:20 am – 12:20 am +2,"Alaska Airlines, Japan Airlines",SAN‐SIN,23h00m,2,"SFO, NRT",8:10 am – 11:30 am,Japan Airlines,SIN‐SAN,18h20m,1,NRT,911,20220408-2111,cheap
8:25 am – 12:20 am +2,Japan Airlines,SAN‐SIN,24h55m,2,"SFO, NRT",8:10 am – 11:30 am,Japan Airlines,SIN‐SAN,18h20m,1,NRT,911,20220408-2111,cheap
6:25 am – 12:20 am +2,"Alaska Airlines, Japan Airlines",SAN‐SIN,26h55m,2,"SFO, NRT",8:10 am – 11:30 am,Japan Airlines,SIN‐SAN,18h20m,1,NRT,911,20220408-2111,cheap
6:25 am – 7:10 pm +1,Singapore Airlines,SAN‐SIN,21h45m,1,SFO,9:25 am – 1:46 pm,Singapore Airlines,SIN‐SAN,19h21m,1,SFO,984,20220408-2109,best
1:30 pm – 12:20 am +2,Japan Airlines,SAN‐SIN,19h50m,1,NRT,8:10 am – 11:30 am,Japan Airlines,SIN‐SAN,18h20m,1,NRT,906,20220408-2109,best
1:30 pm – 12:20 am +2,Japan Airlines,SAN‐SIN,19h50m,1,NRT,9:50 pm – 11:30 am +1,Japan Airlines,SIN‐SAN,28h40m,1,HND-NRT,864,20220408-2109,best
6:25 am – 7:10 pm +1,Singapore Airlines,SAN‐SIN,21h45m,1,SFO,9:25 am – 1:46 pm,Singapore Airlines,SIN‐SAN,19h21m,1,SFO,933,20220408-2109,best
8:12 pm – 6:15 am +2,United Airlines,SAN‐SIN,19h03m,1,SFO,8:45 am – 12:23 pm,United Airlines,SIN‐SAN,18h38m,1,SFO,1020,20220408-2109,best
10:20 am – 12:20 am +2,"Alaska Airlines, Japan Airlines",SAN‐SIN,23h00m,2,"SFO, NRT",8:10 am – 11:30 am,Japan Airlines,SIN‐SAN,18h20m,1,NRT,911,20220408-2109,best
6:25 am – 7:10 pm +1,Singapore Airlines,SAN‐SIN,21h45m,1,SFO,9:25 am – 2:56 pm,Singapore Airlines,SIN‐SAN,20h31m,1,SFO,933,20220408-2109,best
1:30 pm – 6:15 am +2,Japan Airlines,SAN‐SIN,25h45m,1,NRT-HND,8:10 am – 11:30 am,Japan Airlines,SIN‐SAN,18h20m,1,NRT,917,20220408-2109,best
8:25 am – 12:20 am +2,Japan Airlines,SAN‐SIN,24h55m,2,"SFO, NRT",8:10 am – 11:30 am,Japan Airlines,SIN‐SAN,18h20m,1,NRT,911,20220408-2109,best
6:53 pm – 6:15 am +2,United Airlines,SAN‐SIN,20h22m,1,SFO,8:45 am – 12:23 pm,United Airlines,SIN‐SAN,18h38m,1,SFO,1020,20220408-2109,best
8:12 pm – 6:15 am +2,United Airlines,SAN‐SIN,19h03m,1,SFO,8:45 am – 2:35 pm,United Airlines,SIN‐SAN,20h50m,1,SFO,1020,20220408-2109,best
3:59 pm – 6:15 am +2,United Airlines,SAN‐SIN,23h16m,1,SFO,8:45 am – 12:23 pm,United Airlines,SIN‐SAN,18h38m,1,SFO,1020,20220408-2109,best
1:30 pm – 12:20 am +2,Japan Airlines,SAN‐SIN,19h50m,1,NRT,8:10 am – 6:56 pm,Japan Airlines,SIN‐SAN,25h46m,2,"NRT, SFO",916,20220408-2109,best
1:30 pm – 12:20 am +2,Japan Airlines,SAN‐SIN,19h50m,1,NRT,8:10 am – 11:30 am,"Qantas Airways, Japan Airlines",SIN‐SAN,18h20m,1,NRT,1110,20220408-2109,best
6:53 pm – 6:15 am +2,United Airlines,SAN‐SIN,20h22m,1,SFO,8:45 am – 2:35 pm,United Airlines,SIN‐SAN,20h50m,1,SFO,1020,20220408-2109,best
6:25 am – 12:20 am +2,"Alaska Airlines, Japan Airlines",SAN‐SIN,26h55m,2,"SFO, NRT",8:10 am – 11:30 am,Japan Airlines,SIN‐SAN,18h20m,1,NRT,911,20220408-2109,best
1:30 pm – 12:20 am +2,Japan Airlines,SAN‐SIN,19h50m,1,NRT,8:10 am – 4:40 pm,Japan Airlines,SIN‐SAN,23h30m,2,"NRT, SEA",1002,20220408-2109,best
8:12 pm – 6:15 am +2,United Airlines,SAN‐SIN,19h03m,1,SFO,8:10 am – 11:30 am,Japan Airlines,SIN‐SAN,18h20m,1,NRT,1541,20220408-2114,fast
8:12 pm – 6:15 am +2,United Airlines,SAN‐SIN,19h03m,1,SFO,8:45 am – 12:23 pm,United Airlines,SIN‐SAN,18h38m,1,SFO,1020,20220408-2114,fast
1:30 pm – 12:20 am +2,Japan Airlines,SAN‐SIN,19h50m,1,NRT,8:10 am – 11:30 am,Japan Airlines,SIN‐SAN,18h20m,1,NRT,906,20220408-2114,fast
1:30 pm – 12:20 am +2,Japan Airlines,SAN‐SIN,19h50m,1,NRT,8:10 am – 11:30 am,"Qantas Airways, Japan Airlines",SIN‐SAN,18h20m,1,NRT,1110,20220408-2114,fast
1:30 pm – 12:20 am +2,American Airlines,SAN‐SIN,19h50m,1,NRT,8:10 am – 11:30 am,American Airlines,SIN‐SAN,18h20m,1,NRT,2989,20220408-2114,fast
6:53 pm – 6:15 am +2,United Airlines,SAN‐SIN,20h22m,1,SFO,8:10 am – 11:30 am,Japan Airlines,SIN‐SAN,18h20m,1,NRT,1541,20220408-2114,fast
6:53 pm – 6:15 am +2,United Airlines,SAN‐SIN,20h22m,1,SFO,8:45 am – 12:23 pm,United Airlines,SIN‐SAN,18h38m,1,SFO,1020,20220408-2114,fast
8:12 pm – 6:15 am +2,United Airlines,SAN‐SIN,19h03m,1,SFO,6:40 pm – 11:47 pm,Singapore Airlines,SIN‐SAN,20h07m,1,SFO,1553,20220408-2114,fast
1:30 pm – 12:20 am +2,Japan Airlines,SAN‐SIN,19h50m,1,NRT,9:25 am – 1:46 pm,Singapore Airlines,SIN‐SAN,19h21m,1,SFO,1387,20220408-2114,fast
8:12 pm – 6:15 am +2,United Airlines,SAN‐SIN,19h03m,1,SFO,8:45 am – 2:35 pm,United Airlines,SIN‐SAN,20h50m,1,SFO,1020,20220408-2114,fast
1:30 pm – 12:20 am +2,Japan Airlines,SAN‐SIN,19h50m,1,NRT,6:40 pm – 11:47 pm,Singapore Airlines,SIN‐SAN,20h07m,1,SFO,1498,20220408-2114,fast
6:25 am – 7:10 pm +1,Singapore Airlines,SAN‐SIN,21h45m,1,SFO,8:10 am – 11:30 am,Japan Airlines,SIN‐SAN,18h20m,1,NRT,1507,20220408-2114,fast
1:30 pm – 12:20 am +2,Japan Airlines,SAN‐SIN,19h50m,1,NRT,9:25 am – 2:56 pm,Singapore Airlines,SIN‐SAN,20h31m,1,SFO,1387,20220408-2114,fast
6:53 pm – 6:15 am +2,United Airlines,SAN‐SIN,20h22m,1,SFO,6:40 pm – 11:47 pm,"Singapore Airlines, Alaska Airlines",SIN‐SAN,20h07m,1,SFO,1553,20220408-2114,fast
5:15 pm – 5:45 am +2,Singapore Airlines,SAN‐SIN,21h30m,1,SFO,9:25 am – 1:46 pm,Singapore Airlines,SIN‐SAN,19h21m,1,SFO,1453,20220408-2114,fast
