Out Time,Out Airline,Out Cities,Out Duration,Out Stops,Out Stop Cities,Return Time,Return Airline,Return Cities,Return Duration,Return Stops,Return Stop Cities,Price,timestamp,sort
1:30 pm – 12:20 am +2,Japan Airlines,SAN‐SIN,19h50m,1,NRT,1:50 am – 11:20 am,Japan Airlines,SIN‐SAN,24h30m,2,"HND, DFW",974,20220408-2126,cheap
1:30 pm – 12:20 am +2,Japan Airlines,SAN‐SIN,19h50m,1,NRT,9:50 pm – 6:56 pm +1,Japan Airlines,SIN‐SAN,36h06m,2,"HND, SFO",981,20220408-2126,cheap
1:30 pm – 12:20 am +2,Japan Airlines,SAN‐SIN,19h50m,1,NRT,8:10 am – 11:19 am +1,Japan Airlines,SIN‐SAN,42h09m,2,"NRT, SEA",990,20220408-2126,cheap
1:30 pm – 12:20 am +2,Japan Airlines,SAN‐SIN,19h50m,1,NRT,9:50 pm – 6:56 pm +1,Japan Airlines,SIN‐SAN,36h06m,2,"HND-NRT, SFO",991,20220408-2126,cheap
1:30 pm – 12:20 am +2,Japan Airlines,SAN‐SIN,19h50m,1,NRT,1:50 am – 11:19 am +1,Japan Airlines,SIN‐SAN,48h29m,2,"HND-NRT, SEA",999,20220408-2126,cheap
1:30 pm – 12:20 am +2,Japan Airlines,SAN‐SIN,19h50m,1,NRT,8:10 am – 4:40 pm,Japan Airlines,SIN‐SAN,23h30m,2,"NRT, SEA",1002,20220408-2126,cheap
1:30 pm – 12:20 am +2,Japan Airlines,SAN‐SIN,19h50m,1,NRT,1:50 am – 4:40 pm,Japan Airlines,SIN‐SAN,29h50m,2,"HND-NRT, SEA",1011,20220408-2126,cheap
1:30 pm – 12:20 am +2,Japan Airlines,SAN‐SIN,19h50m,1,NRT,9:50 pm – 11:20 am +1,Japan Airlines,SIN‐SAN,28h30m,2,"HND, DFW",1021,20220408-2126,cheap
1:30 pm – 12:20 am +2,Japan Airlines,SAN‐SIN,19h50m,1,NRT,8:10 am – 11:20 am +1,Japan Airlines,SIN‐SAN,42h10m,2,"NRT, DFW",1030,20220408-2126,cheap
1:30 pm – 12:20 am +2,Japan Airlines,SAN‐SIN,19h50m,1,NRT,8:10 am – 11:20 am +1,Japan Airlines,SIN‐SAN,42h10m,2,"NRT-HND, DFW",1033,20220408-2126,cheap
1:30 pm – 12:20 am +2,Japan Airlines,SAN‐SIN,19h50m,1,NRT,1:50 am – 4:31 pm,Japan Airlines,SIN‐SAN,29h41m,2,"HND, SFO",1044,20220408-2126,cheap
1:30 pm – 12:20 am +2,Japan Airlines,SAN‐SIN,19h50m,1,NRT,8:10 am – 4:31 pm,Japan Airlines,SIN‐SAN,23h21m,2,"NRT, SFO",1045,20220408-2126,cheap
1:30 pm – 12:20 am +2,Japan Airlines,SAN‐SIN,19h50m,1,NRT,1:50 am – 4:31 pm,Japan Airlines,SIN‐SAN,29h41m,2,"HND-NRT, SFO",1052,20220408-2126,cheap
1:30 pm – 5:40 pm +2,Japan Airlines,SAN‐SIN,37h10m,1,NRT-HND,1:50 am – 11:20 am,Japan Airlines,SIN‐SAN,24h30m,2,"HND, DFW",1077,20220408-2126,cheap
1:30 pm – 12:20 am +2,Japan Airlines,SAN‐SIN,19h50m,1,NRT,9:50 pm – 4:40 pm +1,Japan Airlines,SIN‐SAN,33h50m,2,"HND-NRT, SEA",1086,20220408-2126,cheap
7:20 am – 11:40 pm +1,Korean Air,SAN‐SIN,25h20m,2,"SEA, ICN",1:10 am – 2:45 pm,Korean Air,SIN‐SAN,28h35m,2,"ICN, LAX",1143,20220408-2124,best
1:30 pm – 12:20 am +2,Japan Airlines,SAN‐SIN,19h50m,1,NRT,8:10 am – 4:40 pm,Japan Airlines,SIN‐SAN,23h30m,2,"NRT, SEA",1002,20220408-2124,best
1:30 pm – 12:20 am +2,Japan Airlines,SAN‐SIN,19h50m,1,NRT,1:50 am – 11:20 am,Japan Airlines,SIN‐SAN,24h30m,2,"HND, DFW",974,20220408-2124,best
1:30 pm – 12:20 am +2,Japan Airlines,SAN‐SIN,19h50m,1,NRT,8:10 am – 4:31 pm,Japan Airlines,SIN‐SAN,23h21m,2,"NRT, SFO",1045,20220408-2124,best
6:25 am – 7:10 pm +1,"Alaska Airlines, Singapore Airlines",SAN‐SIN,21h45m,1,SFO,9:25 am – 1:46 pm,Singapore Airlines,SIN‐SAN,19h21m,1,SFO,1169,20220408-2124,best
8:12 pm – 6:15 am +2,United Airlines,SAN‐SIN,19h03m,1,SFO,8:45 am – 12:23 pm,United Airlines,SIN‐SAN,18h38m,1,SFO,1302,20220408-2124,best
6:25 am – 7:10 pm +1,"Alaska Airlines, Singapore Airlines",SAN‐SIN,21h45m,1,SFO,9:25 am – 2:56 pm,"Singapore Airlines, Alaska Airlines",SIN‐SAN,20h31m,1,SFO,1179,20220408-2124,best
6:53 pm – 6:15 am +2,United Airlines,SAN‐SIN,20h22m,1,SFO,8:45 am – 12:23 pm,United Airlines,SIN‐SAN,18h38m,1,SFO,1302,20220408-2124,best
8:12 pm – 6:15 am +2,United Airlines,SAN‐SIN,19h03m,1,SFO,8:45 am – 2:35 pm,United Airlines,SIN‐SAN,20h50m,1,SFO,1302,20220408-2124,best
6:53 pm – 6:15 am +2,United Airlines,SAN‐SIN,20h22m,1,SFO,8:45 am – 2:35 pm,United Airlines,SIN‐SAN,20h50m,1,SFO,1302,20220408-2124,best
1:30 pm – 12:20 am +2,Japan Airlines,SAN‐SIN,19h50m,1,NRT,9:50 pm – 11:20 am +1,Japan Airlines,SIN‐SAN,28h30m,2,"HND, DFW",1021,20220408-2124,best
3:59 pm – 6:15 am +2,United Airlines,SAN‐SIN,23h16m,1,SFO,8:45 am – 12:23 pm,United Airlines,SIN‐SAN,18h38m,1,SFO,1302,20220408-2124,best
1:30 pm – 12:20 am +2,Japan Airlines,SAN‐SIN,19h50m,1,NRT,1:50 am – 4:40 pm,Japan Airlines,SIN‐SAN,29h50m,2,"HND-NRT, SEA",1011,20220408-2124,best
8:12 pm – 6:15 am +2,United Airlines,SAN‐SIN,19h03m,1,SFO,8:45 am – 5:11 pm,United Airlines,SIN‐SAN,23h26m,2,"SFO, DEN",1306,20220408-2124,best
1:30 pm – 12:20 am +2,Japan Airlines,SAN‐SIN,19h50m,1,NRT,1:50 am – 4:31 pm,Japan Airlines,SIN‐SAN,29h41m,2,"HND, SFO",1044,20220408-2124,best
1:30 pm – 12:20 am +2,Japan Airlines,SAN‐SIN,19h50m,1,NRT,8:10 am – 11:30 am,Japan Airlines,SIN‐SAN,18h20m,1,NRT,1452,20220408-2124,best
8:12 pm – 6:15 am +2,United Airlines,SAN‐SIN,19h03m,1,SFO,8:10 am – 11:30 am,Japan Airlines,SIN‐SAN,18h20m,1,NRT,1541,20220408-2128,fast
8:12 pm – 6:15 am +2,United Airlines,SAN‐SIN,19h03m,1,SFO,8:45 am – 12:23 pm,United Airlines,SIN‐SAN,18h38m,1,SFO,1302,20220408-2128,fast
1:30 pm – 12:20 am +2,Japan Airlines,SAN‐SIN,19h50m,1,NRT,8:10 am – 11:30 am,Japan Airlines,SIN‐SAN,18h20m,1,NRT,1452,20220408-2128,fast
1:30 pm – 12:20 am +2,American Airlines,SAN‐SIN,19h50m,1,NRT,8:10 am – 11:30 am,American Airlines,SIN‐SAN,18h20m,1,NRT,2989,20220408-2128,fast
1:30 pm – 12:20 am +2,"Japan Airlines, Qantas Airways",SAN‐SIN,19h50m,1,NRT,8:10 am – 11:30 am,Japan Airlines,SIN‐SAN,18h20m,1,NRT,3408,20220408-2128,fast
8:12 pm – 6:15 am +2,United Airlines,SAN‐SIN,19h03m,1,SFO,9:25 am – 1:46 pm,Singapore Airlines,SIN‐SAN,19h21m,1,SFO,1722,20220408-2128,fast
6:53 pm – 6:15 am +2,United Airlines,SAN‐SIN,20h22m,1,SFO,8:45 am – 12:23 pm,United Airlines,SIN‐SAN,18h38m,1,SFO,1302,20220408-2128,fast
8:12 pm – 6:15 am +2,United Airlines,SAN‐SIN,19h03m,1,SFO,6:40 pm – 11:47 pm,"Singapore Airlines, Alaska Airlines",SIN‐SAN,20h07m,1,SFO,1589,20220408-2128,fast
1:30 pm – 12:20 am +2,Japan Airlines,SAN‐SIN,19h50m,1,NRT,9:25 am – 1:46 pm,Singapore Airlines,SIN‐SAN,19h21m,1,SFO,1663,20220408-2128,fast
8:12 pm – 6:15 am +2,United Airlines,SAN‐SIN,19h03m,1,SFO,8:45 am – 2:35 pm,United Airlines,SIN‐SAN,20h50m,1,SFO,1302,20220408-2128,fast
1:30 pm – 12:20 am +2,Japan Airlines,SAN‐SIN,19h50m,1,NRT,6:40 pm – 11:47 pm,"Singapore Airlines, Alaska Airlines",SIN‐SAN,20h07m,1,SFO,1538,20220408-2128,fast
6:25 am – 7:10 pm +1,"Alaska Airlines, Singapore Airlines",SAN‐SIN,21h45m,1,SFO,8:10 am – 11:30 am,Japan Airlines,SIN‐SAN,18h20m,1,NRT,1576,20220408-2128,fast
1:30 pm – 12:20 am +2,Japan Airlines,SAN‐SIN,19h50m,1,NRT,9:25 am – 2:56 pm,Singapore Airlines,SIN‐SAN,20h31m,1,SFO,1663,20220408-2128,fast
10:20 am – 11:40 pm +1,"Alaska Airlines, Korean Air",SAN‐SIN,22h20m,2,"SFO, ICN",8:10 am – 11:30 am,Japan Airlines,SIN‐SAN,18h20m,1,NRT,1585,20220408-2128,fast
5:15 pm – 5:45 am +2,Singapore Airlines,SAN‐SIN,21h30m,1,SFO,9:25 am – 1:46 pm,Singapore Airlines,SIN‐SAN,19h21m,1,SFO,1678,20220408-2128,fast
