Out Time,Out Airline,Out Cities,Out Duration,Out Stops,Out Stop Cities,Return Time,Return Airline,Return Cities,Return Duration,Return Stops,Return Stop Cities,Price,timestamp,sort
1:30 pm – 12:20 am +2,Japan Airlines,SAN‐SIN,19h50m,1,NRT,8:10 am – 11:30 am,Japan Airlines,SIN‐SAN,18h20m,1,NRT,855,20220408-2041,cheap
1:30 pm – 12:20 am +2,Japan Airlines,SAN‐SIN,19h50m,1,NRT,1:50 am – 11:30 am,Japan Airlines,SIN‐SAN,24h40m,1,HND-NRT,864,20220408-2041,cheap
1:30 pm – 12:20 am +2,Japan Airlines,SAN‐SIN,19h50m,1,NRT,9:50 pm – 11:30 am +1,Japan Airlines,SIN‐SAN,28h40m,1,HND-NRT,864,20220408-2041,cheap
8:25 am – 12:20 am +2,Japan Airlines,SAN‐SIN,24h55m,2,"SFO, NRT",8:10 am – 11:30 am,Japan Airlines,SIN‐SAN,18h20m,1,NRT,952,20220408-2041,cheap
8:25 am – 12:20 am +2,Japan Airlines,SAN‐SIN,24h55m,2,"SFO, NRT",1:50 am – 11:30 am,Japan Airlines,SIN‐SAN,24h40m,1,HND-NRT,960,20220408-2041,cheap
8:25 am – 12:20 am +2,Japan Airlines,SAN‐SIN,24h55m,2,"SFO, NRT",9:50 pm – 11:30 am +1,Japan Airlines,SIN‐SAN,28h40m,1,HND-NRT,960,20220408-2041,cheap
9:00 pm – 12:20 am +3,"Alaska Airlines, Japan Airlines",SAN‐SIN,36h20m,2,"SFO, NRT",8:10 am – 11:30 am,Japan Airlines,SIN‐SAN,18h20m,1,NRT,963,20220408-2041,cheap
9:00 pm – 12:20 am +3,"Alaska Airlines, Japan Airlines",SAN‐SIN,36h20m,2,"SFO, NRT",1:50 am – 11:30 am,Japan Airlines,SIN‐SAN,24h40m,1,HND-NRT,972,20220408-2041,cheap
1:30 pm – 12:20 am +2,Japan Airlines,SAN‐SIN,19h50m,1,NRT,1:50 am – 6:56 pm,Japan Airlines,SIN‐SAN,32h06m,2,"HND, SFO",981,20220408-2041,cheap
1:30 pm – 12:20 am +2,Japan Airlines,SAN‐SIN,19h50m,1,NRT,8:10 am – 6:56 pm,Japan Airlines,SIN‐SAN,25h46m,2,"NRT, SFO",982,20220408-2041,cheap
1:30 pm – 5:40 pm +2,Japan Airlines,SAN‐SIN,37h10m,1,NRT-HND,8:10 am – 11:30 am,Japan Airlines,SIN‐SAN,18h20m,1,NRT,983,20220408-2041,cheap
10:20 am – 12:20 am +2,"Alaska Airlines, Japan Airlines",SAN‐SIN,23h00m,2,"SFO, NRT",1:50 am – 11:30 am,Japan Airlines,SIN‐SAN,24h40m,1,HND-NRT,985,20220408-2041,cheap
10:20 am – 12:20 am +2,"Alaska Airlines, Japan Airlines",SAN‐SIN,23h00m,2,"SFO, NRT",9:50 pm – 11:30 am +1,Japan Airlines,SIN‐SAN,28h40m,1,HND-NRT,985,20220408-2041,cheap
8:25 pm – 12:20 am +3,"Alaska Airlines, Japan Airlines",SAN‐SIN,36h55m,2,"SEA, NRT",8:10 am – 11:30 am,Japan Airlines,SIN‐SAN,18h20m,1,NRT,990,20220408-2041,cheap
7:36 pm – 12:20 am +3,"Alaska Airlines, Japan Airlines",SAN‐SIN,37h44m,2,"SEA, NRT",8:10 am – 11:30 am,Japan Airlines,SIN‐SAN,18h20m,1,NRT,990,20220408-2041,cheap
1:30 pm – 12:20 am +2,Japan Airlines,SAN‐SIN,19h50m,1,NRT,8:10 am – 11:30 am,Japan Airlines,SIN‐SAN,18h20m,1,NRT,855,20220408-2038,best
1:30 pm – 12:20 am +2,Japan Airlines,SAN‐SIN,19h50m,1,NRT,1:50 am – 11:30 am,Japan Airlines,SIN‐SAN,24h40m,1,HND-NRT,864,20220408-2038,best
8:25 am – 12:20 am +2,Japan Airlines,SAN‐SIN,24h55m,2,"SFO, NRT",8:10 am – 11:30 am,Japan Airlines,SIN‐SAN,18h20m,1,NRT,952,20220408-2038,best
1:30 pm – 12:20 am +2,Japan Airlines,SAN‐SIN,19h50m,1,NRT,9:50 pm – 11:30 am +1,Japan Airlines,SIN‐SAN,28h40m,1,HND-NRT,864,20220408-2038,best
1:30 pm – 12:20 am +2,Japan Airlines,SAN‐SIN,19h50m,1,NRT,8:10 am – 6:56 pm,Japan Airlines,SIN‐SAN,25h46m,2,"NRT, SFO",982,20220408-2038,best
1:30 pm – 6:15 am +2,Japan Airlines,SAN‐SIN,25h45m,1,NRT-HND,8:10 am – 11:30 am,Japan Airlines,SIN‐SAN,18h20m,1,NRT,1050,20220408-2038,best
1:30 pm – 12:20 am +2,Japan Airlines,SAN‐SIN,19h50m,1,NRT,8:10 am – 4:40 pm,Japan Airlines,SIN‐SAN,23h30m,2,"NRT, SEA",1049,20220408-2038,best
8:12 pm – 6:15 am +2,United Airlines,SAN‐SIN,19h03m,1,SFO,8:45 am – 12:23 pm,United Airlines,SIN‐SAN,18h38m,1,SFO,1302,20220408-2038,best
8:25 am – 12:20 am +2,Japan Airlines,SAN‐SIN,24h55m,2,"SFO, NRT",1:50 am – 11:30 am,Japan Airlines,SIN‐SAN,24h40m,1,HND-NRT,960,20220408-2038,best
10:20 am – 12:20 am +2,"Alaska Airlines, Japan Airlines",SAN‐SIN,23h00m,2,"SFO, NRT",1:50 am – 11:30 am,Japan Airlines,SIN‐SAN,24h40m,1,HND-NRT,985,20220408-2038,best
8:12 pm – 6:15 am +2,United Airlines,SAN‐SIN,19h03m,1,SFO,8:45 am – 2:35 pm,United Airlines,SIN‐SAN,20h50m,1,SFO,1302,20220408-2038,best
6:53 pm – 6:15 am +2,United Airlines,SAN‐SIN,20h22m,1,SFO,8:45 am – 12:23 pm,United Airlines,SIN‐SAN,18h38m,1,SFO,1302,20220408-2038,best
6:35 am – 7:10 pm +1,Singapore Airlines,SAN‐SIN,21h35m,1,SFO,9:25 am – 1:46 pm,Singapore Airlines,SIN‐SAN,19h21m,1,SFO,1316,20220408-2038,best
6:53 pm – 6:15 am +2,United Airlines,SAN‐SIN,20h22m,1,SFO,8:45 am – 2:35 pm,United Airlines,SIN‐SAN,20h50m,1,SFO,1302,20220408-2038,best
1:30 pm – 12:20 am +2,Japan Airlines,SAN‐SIN,19h50m,1,NRT,1:50 am – 6:56 pm,Japan Airlines,SIN‐SAN,32h06m,2,"HND, SFO",981,20220408-2038,best
8:12 pm – 6:15 am +2,United Airlines,SAN‐SIN,19h03m,1,SFO,8:10 am – 11:30 am,Japan Airlines,SIN‐SAN,18h20m,1,NRT,1541,20220408-2043,fast
8:12 pm – 6:15 am +2,United Airlines,SAN‐SIN,19h03m,1,SFO,8:45 am – 12:23 pm,United Airlines,SIN‐SAN,18h38m,1,SFO,1302,20220408-2043,fast
1:30 pm – 12:20 am +2,Japan Airlines,SAN‐SIN,19h50m,1,NRT,8:10 am – 11:30 am,Japan Airlines,SIN‐SAN,18h20m,1,NRT,855,20220408-2043,fast
1:30 pm – 12:20 am +2,American Airlines,SAN‐SIN,19h50m,1,NRT,8:10 am – 11:30 am,American Airlines,SIN‐SAN,18h20m,1,NRT,2989,20220408-2043,fast
6:53 pm – 6:15 am +2,United Airlines,SAN‐SIN,20h22m,1,SFO,8:10 am – 11:30 am,Japan Airlines,SIN‐SAN,18h20m,1,NRT,1541,20220408-2043,fast
6:53 pm – 6:15 am +2,United Airlines,SAN‐SIN,20h22m,1,SFO,8:45 am – 12:23 pm,United Airlines,SIN‐SAN,18h38m,1,SFO,1302,20220408-2043,fast
1:30 pm – 12:20 am +2,Japan Airlines,SAN‐SIN,19h50m,1,NRT,9:25 am – 1:46 pm,Singapore Airlines,SIN‐SAN,19h21m,1,SFO,1663,20220408-2043,fast
8:12 pm – 6:15 am +2,United Airlines,SAN‐SIN,19h03m,1,SFO,8:45 am – 2:35 pm,United Airlines,SIN‐SAN,20h50m,1,SFO,1302,20220408-2043,fast
6:35 am – 7:10 pm +1,Singapore Airlines,SAN‐SIN,21h35m,1,SFO,8:10 am – 11:30 am,Japan Airlines,SIN‐SAN,18h20m,1,NRT,1756,20220408-2043,fast
1:30 pm – 12:20 am +2,Japan Airlines,SAN‐SIN,19h50m,1,NRT,9:00 am – 2:19 pm,Singapore Airlines,SIN‐SAN,20h19m,1,SEA,2000,20220408-2043,fast
1:30 pm – 12:20 am +2,Japan Airlines,SAN‐SIN,19h50m,1,NRT,9:25 am – 2:56 pm,Singapore Airlines,SIN‐SAN,20h31m,1,SFO,1663,20220408-2043,fast
10:20 am – 11:40 pm +1,"Alaska Airlines, Korean Air",SAN‐SIN,22h20m,2,"SFO, ICN",8:10 am – 11:30 am,Japan Airlines,SIN‐SAN,18h20m,1,NRT,1585,20220408-2043,fast
5:15 pm – 5:45 am +2,Singapore Airlines,SAN‐SIN,21h30m,1,SFO,9:25 am – 1:46 pm,Singapore Airlines,SIN‐SAN,19h21m,1,SFO,1678,20220408-2043,fast
6:35 am – 7:10 pm +1,Singapore Airlines,SAN‐SIN,21h35m,1,SFO,9:25 am – 1:46 pm,Singapore Airlines,SIN‐SAN,19h21m,1,SFO,1316,20220408-2043,fast
6:25 am – 7:10 pm +1,"Alaska Airlines, Singapore Airlines",SAN‐SIN,21h45m,1,SFO,9:25 am – 1:46 pm,"Singapore Airlines, Alaska Airlines",SIN‐SAN,19h21m,1,SFO,1299,20220408-2043,fast
