Out Time,Out Airline,Out Cities,Out Duration,Out Stops,Out Stop Cities,Return Time,Return Airline,Return Cities,Return Duration,Return Stops,Return Stop Cities,Price,timestamp,sort
7:30 am – 12:35 am +2,Air Canada,SAN‐SIN,26h05m,2,"YVR, NRT",6:10 am – 6:33 pm,Air Canada,SIN‐SAN,27h23m,2,"NRT, YVR",1035,20220404-1652,cheap
7:30 am – 12:35 am +2,Air Canada,SAN‐SIN,26h05m,2,"YVR, NRT",6:10 am – 11:23 am +1,Air Canada,SIN‐SAN,44h13m,2,"NRT, YVR",1035,20220404-1652,cheap
12:48 pm – 12:20 am +3,Japan Airlines,SAN‐SIN,44h32m,2,"DFW, NRT",8:10 am – 11:15 am,Japan Airlines,SIN‐SAN,18h05m,1,NRT,1042,20220404-1652,cheap
7:30 am – 1:15 am +2,"Air Canada, Singapore Airlines",SAN‐SIN,26h45m,2,"YVR, NRT",6:10 am – 6:33 pm,Air Canada,SIN‐SAN,27h23m,2,"NRT, YVR",1047,20220404-1652,cheap
8:35 pm – 5:15 pm +2,ANA,SAN‐SIN,29h40m,2,"LAX, HND",6:10 am – 2:56 pm,ANA,SIN‐SAN,23h46m,2,"NRT, SFO",1070,20220404-1652,cheap
8:35 pm – 5:15 pm +2,ANA,SAN‐SIN,29h40m,2,"LAX, HND",6:10 am – 11:34 pm,ANA,SIN‐SAN,32h24m,2,"NRT, LAX",1070,20220404-1652,cheap
8:35 pm – 5:15 pm +2,ANA,SAN‐SIN,29h40m,2,"LAX, HND",6:10 am – 11:34 pm,ANA,SIN‐SAN,32h24m,2,"NRT, LAX",1070,20220404-1652,cheap
7:47 am – 5:15 pm +2,ANA,SAN‐SIN,42h28m,2,"SFO, HND",6:10 am – 2:56 pm,ANA,SIN‐SAN,23h46m,2,"NRT, SFO",1070,20220404-1652,cheap
7:47 am – 12:35 am +2,ANA,SAN‐SIN,25h48m,2,"SFO, NRT",6:10 am – 2:56 pm,ANA,SIN‐SAN,23h46m,2,"NRT, SFO",1071,20220404-1652,cheap
7:47 am – 12:35 am +2,ANA,SAN‐SIN,25h48m,2,"SFO, NRT",6:10 am – 2:56 pm,ANA,SIN‐SAN,23h46m,2,"NRT, SFO",1071,20220404-1652,cheap
6:15 am – 12:35 am +2,ANA,SAN‐SIN,27h20m,2,"SFO, NRT",6:10 am – 2:56 pm,ANA,SIN‐SAN,23h46m,2,"NRT, SFO",1071,20220404-1652,cheap
6:15 am – 12:35 am +2,ANA,SAN‐SIN,27h20m,2,"SFO, NRT",6:10 am – 2:56 pm,ANA,SIN‐SAN,23h46m,2,"NRT, SFO",1071,20220404-1652,cheap
7:47 am – 12:35 am +2,ANA,SAN‐SIN,25h48m,2,"SFO, NRT",6:10 am – 11:34 pm,ANA,SIN‐SAN,32h24m,2,"NRT, LAX",1071,20220404-1652,cheap
7:47 am – 12:35 am +2,ANA,SAN‐SIN,25h48m,2,"SFO, NRT",6:10 am – 11:34 pm,ANA,SIN‐SAN,32h24m,2,"NRT, LAX",1071,20220404-1652,cheap
7:47 am – 12:35 am +2,ANA,SAN‐SIN,25h48m,2,"SFO, NRT",6:10 am – 11:34 pm,ANA,SIN‐SAN,32h24m,2,"NRT, LAX",1071,20220404-1652,cheap
7:30 am – 12:35 am +2,Air Canada,SAN‐SIN,26h05m,2,"YVR, NRT",6:10 am – 6:33 pm,Air Canada,SIN‐SAN,27h23m,2,"NRT, YVR",1102,20220404-1649,best
7:47 am – 12:35 am +2,United Airlines,SAN‐SIN,25h48m,2,"SFO, NRT",9:00 am – 12:35 pm,United Airlines,SIN‐SAN,18h35m,1,SFO,1099,20220404-1649,best
7:30 am – 12:35 am +2,Air Canada,SAN‐SIN,26h05m,2,"YVR, NRT",6:10 am – 6:33 pm,Air Canada,SIN‐SAN,27h23m,2,"NRT, YVR",1035,20220404-1649,best
6:30 am – 12:35 am +2,"United Airlines, ANA",SAN‐SIN,27h05m,2,"LAX, NRT",9:00 am – 12:35 pm,United Airlines,SIN‐SAN,18h35m,1,SFO,1104,20220404-1649,best
6:15 am – 12:35 am +2,United Airlines,SAN‐SIN,27h20m,2,"SFO, NRT",9:00 am – 12:35 pm,United Airlines,SIN‐SAN,18h35m,1,SFO,1099,20220404-1649,best
7:47 am – 12:35 am +2,United Airlines,SAN‐SIN,25h48m,2,"SFO, NRT",9:00 am – 2:56 pm,United Airlines,SIN‐SAN,20h56m,1,SFO,1099,20220404-1649,best
6:30 am – 12:35 am +2,"United Airlines, ANA",SAN‐SIN,27h05m,2,"LAX, NRT",9:00 am – 2:56 pm,United Airlines,SIN‐SAN,20h56m,1,SFO,1104,20220404-1649,best
6:15 am – 12:35 am +2,United Airlines,SAN‐SIN,27h20m,2,"SFO, NRT",9:00 am – 2:56 pm,United Airlines,SIN‐SAN,20h56m,1,SFO,1099,20220404-1649,best
7:47 am – 12:35 am +2,United Airlines,SAN‐SIN,25h48m,2,"SFO, NRT",9:00 am – 12:35 pm,United Airlines,SIN‐SAN,18h35m,1,SFO,1349,20220404-1649,best
7:47 am – 12:35 am +2,ANA,SAN‐SIN,25h48m,2,"SFO, NRT",8:10 am – 11:15 am,Japan Airlines,SIN‐SAN,18h05m,1,NRT,1374,20220404-1649,best
7:47 am – 12:35 am +2,ANA,SAN‐SIN,25h48m,2,"SFO, NRT",8:10 am – 11:15 am,Japan Airlines,SIN‐SAN,18h05m,1,NRT,1377,20220404-1649,best
7:47 am – 12:35 am +2,ANA,SAN‐SIN,25h48m,2,"SFO, NRT",6:10 am – 2:56 pm,ANA,SIN‐SAN,23h46m,2,"NRT, SFO",1071,20220404-1649,best
7:47 am – 12:35 am +2,ANA,SAN‐SIN,25h48m,2,"SFO, NRT",6:10 am – 2:56 pm,ANA,SIN‐SAN,23h46m,2,"NRT, SFO",1071,20220404-1649,best
7:47 am – 12:35 am +2,"United Airlines, ANA",SAN‐SIN,25h48m,2,"SFO, NRT",9:00 am – 5:24 pm,United Airlines,SIN‐SAN,23h24m,2,"SFO, DEN",1109,20220404-1649,best
7:47 am – 12:35 am +2,"United Airlines, ANA",SAN‐SIN,25h48m,2,"SFO, NRT",9:00 am – 6:59 pm,United Airlines,SIN‐SAN,24h59m,1,SFO,1104,20220404-1649,best
6:30 am – 12:35 am +2,United Airlines,SAN‐SIN,27h05m,2,"LAX, NRT",9:00 am – 12:35 pm,United Airlines,SIN‐SAN,18h35m,1,SFO,1349,20220404-1649,best
6:15 am – 12:35 am +2,United Airlines,SAN‐SIN,27h20m,2,"SFO, NRT",9:00 am – 12:35 pm,United Airlines,SIN‐SAN,18h35m,1,SFO,1349,20220404-1649,best
6:25 am – 7:10 pm +1,Singapore Airlines,SAN‐SIN,21h45m,1,SFO,8:10 am – 11:15 am,Japan Airlines,SIN‐SAN,18h05m,1,NRT,1879,20220404-1654,fast
6:25 am – 7:10 pm +1,Singapore Airlines,SAN‐SIN,21h45m,1,SFO,9:25 am – 1:23 pm,Singapore Airlines,SIN‐SAN,18h58m,1,SFO,1736,20220404-1654,fast
7:30 am – 9:40 pm +1,"Air Canada, Singapore Airlines",SAN‐SIN,23h10m,1,YVR,8:10 am – 11:15 am,Japan Airlines,SIN‐SAN,18h05m,1,NRT,2214,20220404-1654,fast
4:25 pm – 5:45 am +2,Singapore Airlines,SAN‐SIN,22h20m,1,SFO,9:25 am – 1:23 pm,Singapore Airlines,SIN‐SAN,18h58m,1,SFO,1813,20220404-1654,fast
7:25 pm – 9:40 am +2,"Alaska Airlines, Philippine Airlines",SAN‐SIN,23h15m,2,"SFO, MNL",8:10 am – 11:15 am,Japan Airlines,SIN‐SAN,18h05m,1,NRT,1336,20220404-1654,fast
6:25 am – 7:10 pm +1,Singapore Airlines,SAN‐SIN,21h45m,1,SFO,6:40 pm – 11:58 pm,Singapore Airlines,SIN‐SAN,20h18m,1,SFO,1813,20220404-1654,fast
4:25 pm – 5:45 am +2,Singapore Airlines,SAN‐SIN,22h20m,1,SFO,6:40 pm – 11:58 pm,Singapore Airlines,SIN‐SAN,20h18m,1,SFO,1933,20220404-1654,fast
6:25 am – 7:10 pm +1,Singapore Airlines,SAN‐SIN,21h45m,1,SFO,9:25 am – 4:02 pm,Singapore Airlines,SIN‐SAN,21h37m,1,SFO,1736,20220404-1654,fast
6:15 am – 9:40 pm +1,Singapore Airlines,SAN‐SIN,24h25m,2,"SEA, YVR",9:25 am – 1:23 pm,Singapore Airlines,SIN‐SAN,18h58m,1,SFO,1501,20220404-1654,fast
7:47 am – 12:35 am +2,ANA,SAN‐SIN,25h48m,2,"SFO, NRT",8:10 am – 11:15 am,Japan Airlines,SIN‐SAN,18h05m,1,NRT,1374,20220404-1654,fast
7:47 am – 12:35 am +2,ANA,SAN‐SIN,25h48m,2,"SFO, NRT",8:10 am – 11:15 am,Japan Airlines,SIN‐SAN,18h05m,1,NRT,1377,20220404-1654,fast
4:25 pm – 5:45 am +2,Singapore Airlines,SAN‐SIN,22h20m,1,SFO,9:25 am – 4:02 pm,Singapore Airlines,SIN‐SAN,21h37m,1,SFO,1834,20220404-1654,fast
4:25 pm – 9:40 am +2,"Alaska Airlines, Philippine Airlines",SAN‐SIN,26h15m,2,"SFO, MNL",8:10 am – 11:15 am,Japan Airlines,SIN‐SAN,18h05m,1,NRT,1327,20220404-1654,fast
7:47 am – 12:35 am +2,United Airlines,SAN‐SIN,25h48m,2,"SFO, NRT",9:00 am – 12:35 pm,United Airlines,SIN‐SAN,18h35m,1,SFO,1099,20220404-1654,fast
7:47 am – 12:35 am +2,United Airlines,SAN‐SIN,25h48m,2,"SFO, NRT",9:00 am – 12:35 pm,United Airlines,SIN‐SAN,18h35m,1,SFO,1349,20220404-1654,fast
