Out Time,Out Airline,Out Cities,Out Duration,Out Stops,Out Stop Cities,Return Time,Return Airline,Return Cities,Return Duration,Return Stops,Return Stop Cities,Price,timestamp,sort
8:36 pm – 6:45 am +3,United Airlines,SAN‐SIN,43h09m,2,"LAX, SFO",9:00 am – 12:29 pm,United Airlines,SIN‐SAN,18h29m,1,SFO,1056,20220404-1411,cheap
8:36 pm – 6:45 am +3,United Airlines,SAN‐SIN,43h09m,2,"LAX, SFO",9:00 am – 2:58 pm,United Airlines,SIN‐SAN,20h58m,1,SFO,1056,20220404-1411,cheap
8:36 pm – 6:45 am +3,United Airlines,SAN‐SIN,43h09m,2,"LAX, SFO",9:00 am – 6:38 pm,United Airlines,SIN‐SAN,24h38m,1,SFO,1056,20220404-1411,cheap
6:26 pm – 6:45 am +3,United Airlines,SAN‐SIN,45h19m,2,"DEN, SFO",9:00 am – 12:29 pm,United Airlines,SIN‐SAN,18h29m,1,SFO,1060,20220404-1411,cheap
6:26 pm – 6:45 am +3,United Airlines,SAN‐SIN,45h19m,2,"DEN, SFO",9:00 am – 12:29 pm,United Airlines,SIN‐SAN,18h29m,1,SFO,1060,20220404-1411,cheap
6:26 pm – 6:45 am +3,United Airlines,SAN‐SIN,45h19m,2,"DEN, SFO",9:00 am – 12:29 pm,United Airlines,SIN‐SAN,18h29m,1,SFO,1060,20220404-1411,cheap
6:26 pm – 6:45 am +3,United Airlines,SAN‐SIN,45h19m,2,"DEN, SFO",9:00 am – 12:29 pm,United Airlines,SIN‐SAN,18h29m,1,SFO,1060,20220404-1411,cheap
6:26 pm – 6:45 am +3,United Airlines,SAN‐SIN,45h19m,2,"DEN, SFO",9:00 am – 12:29 pm,United Airlines,SIN‐SAN,18h29m,1,SFO,1060,20220404-1411,cheap
6:26 pm – 6:45 am +3,United Airlines,SAN‐SIN,45h19m,2,"DEN, SFO",9:00 am – 12:29 pm,United Airlines,SIN‐SAN,18h29m,1,SFO,1060,20220404-1411,cheap
12:52 pm – 12:20 am +3,Japan Airlines,SAN‐SIN,44h28m,2,"DFW, NRT",8:10 am – 5:04 pm,"Japan Airlines, Alaska Airlines",SIN‐SAN,23h54m,2,"NRT, SEA",1063,20220404-1411,cheap
12:52 pm – 12:20 am +3,Japan Airlines,SAN‐SIN,44h28m,2,"DFW, NRT",8:10 am – 11:15 am,Japan Airlines,SIN‐SAN,18h05m,1,NRT,1093,20220404-1411,cheap
7:46 am – 12:35 am +2,ANA,SAN‐SIN,25h49m,2,"SFO, NRT",6:10 am – 2:58 pm,ANA,SIN‐SAN,23h48m,2,"NRT, SFO",1121,20220404-1411,cheap
7:46 am – 12:35 am +2,ANA,SAN‐SIN,25h49m,2,"SFO, NRT",6:10 am – 2:58 pm,ANA,SIN‐SAN,23h48m,2,"NRT, SFO",1121,20220404-1411,cheap
7:46 am – 12:35 am +2,ANA,SAN‐SIN,25h49m,2,"SFO, NRT",6:10 am – 2:58 pm,ANA,SIN‐SAN,23h48m,2,"NRT, SFO",1121,20220404-1411,cheap
7:46 am – 12:35 am +2,ANA,SAN‐SIN,25h49m,2,"SFO, NRT",6:10 am – 2:58 pm,ANA,SIN‐SAN,23h48m,2,"NRT, SFO",1121,20220404-1411,cheap
12:52 pm – 12:20 am +3,Japan Airlines,SAN‐SIN,44h28m,2,"DFW, NRT",8:10 am – 5:04 pm,"Japan Airlines, Alaska Airlines",SIN‐SAN,23h54m,2,"NRT, SEA",1063,20220404-1408,best
7:46 am – 12:35 am +2,"United Airlines, ANA",SAN‐SIN,25h49m,2,"SFO, NRT",9:00 am – 12:29 pm,United Airlines,SIN‐SAN,18h29m,1,SFO,1157,20220404-1408,best
8:36 pm – 6:45 am +3,United Airlines,SAN‐SIN,43h09m,2,"LAX, SFO",9:00 am – 12:29 pm,United Airlines,SIN‐SAN,18h29m,1,SFO,1056,20220404-1408,best
6:20 am – 12:35 am +2,"United Airlines, ANA",SAN‐SIN,27h15m,2,"LAX, NRT",9:00 am – 12:29 pm,United Airlines,SIN‐SAN,18h29m,1,SFO,1157,20220404-1408,best
6:15 am – 12:35 am +2,"United Airlines, ANA",SAN‐SIN,27h20m,2,"SFO, NRT",9:00 am – 12:29 pm,United Airlines,SIN‐SAN,18h29m,1,SFO,1157,20220404-1408,best
7:46 am – 12:35 am +2,"United Airlines, ANA",SAN‐SIN,25h49m,2,"SFO, NRT",9:00 am – 2:58 pm,United Airlines,SIN‐SAN,20h58m,1,SFO,1157,20220404-1408,best
6:20 am – 12:35 am +2,"United Airlines, ANA",SAN‐SIN,27h15m,2,"LAX, NRT",9:00 am – 2:58 pm,United Airlines,SIN‐SAN,20h58m,1,SFO,1157,20220404-1408,best
6:15 am – 12:35 am +2,"United Airlines, ANA",SAN‐SIN,27h20m,2,"SFO, NRT",9:00 am – 2:58 pm,United Airlines,SIN‐SAN,20h58m,1,SFO,1157,20220404-1408,best
7:46 am – 12:35 am +2,ANA,SAN‐SIN,25h49m,2,"SFO, NRT",6:10 am – 2:58 pm,ANA,SIN‐SAN,23h48m,2,"NRT, SFO",1121,20220404-1408,best
7:46 am – 12:35 am +2,ANA,SAN‐SIN,25h49m,2,"SFO, NRT",6:10 am – 2:58 pm,ANA,SIN‐SAN,23h48m,2,"NRT, SFO",1121,20220404-1408,best
7:46 am – 12:35 am +2,ANA,SAN‐SIN,25h49m,2,"SFO, NRT",6:10 am – 2:58 pm,ANA,SIN‐SAN,23h48m,2,"NRT, SFO",1121,20220404-1408,best
7:46 am – 12:35 am +2,ANA,SAN‐SIN,25h49m,2,"SFO, NRT",6:10 am – 2:58 pm,ANA,SIN‐SAN,23h48m,2,"NRT, SFO",1121,20220404-1408,best
7:46 am – 12:35 am +2,United Airlines,SAN‐SIN,25h49m,2,"SFO, NRT",9:00 am – 12:29 pm,United Airlines,SIN‐SAN,18h29m,1,SFO,1402,20220404-1408,best
7:46 am – 12:35 am +2,"United Airlines, ANA",SAN‐SIN,25h49m,2,"SFO, NRT",9:00 am – 6:38 pm,United Airlines,SIN‐SAN,24h38m,1,SFO,1157,20220404-1408,best
7:46 am – 12:35 am +2,"United Airlines, ANA",SAN‐SIN,25h49m,2,"SFO, NRT",9:00 am – 5:25 pm,United Airlines,SIN‐SAN,23h25m,2,"SFO, DEN",1162,20220404-1408,best
6:15 am – 12:35 am +2,ANA,SAN‐SIN,27h20m,2,"SFO, NRT",6:10 am – 2:58 pm,ANA,SIN‐SAN,23h48m,2,"NRT, SFO",1121,20220404-1408,best
6:15 am – 12:35 am +2,ANA,SAN‐SIN,27h20m,2,"SFO, NRT",6:10 am – 2:58 pm,ANA,SIN‐SAN,23h48m,2,"NRT, SFO",1121,20220404-1408,best
8:10 am – 7:10 pm +1,"Alaska Airlines, Singapore Airlines",SAN‐SIN,20h00m,1,SFO,8:10 am – 11:15 am,Japan Airlines,SIN‐SAN,18h05m,1,NRT,2596,20220404-1413,fast
8:10 am – 7:10 pm +1,Singapore Airlines,SAN‐SIN,20h00m,1,SFO,6:40 pm – 11:05 pm,Singapore Airlines,SIN‐SAN,19h25m,1,SFO,2026,20220404-1413,fast
8:10 am – 7:10 pm +1,Singapore Airlines,SAN‐SIN,20h00m,1,SFO,9:25 am – 2:28 pm,Singapore Airlines,SIN‐SAN,20h03m,1,SFO,2792,20220404-1413,fast
6:25 am – 7:10 pm +1,Singapore Airlines,SAN‐SIN,21h45m,1,SFO,6:40 pm – 11:05 pm,Singapore Airlines,SIN‐SAN,19h25m,1,SFO,2026,20220404-1413,fast
4:25 pm – 5:45 am +2,Singapore Airlines,SAN‐SIN,22h20m,1,SFO,6:40 pm – 11:05 pm,Singapore Airlines,SIN‐SAN,19h25m,1,SFO,1897,20220404-1413,fast
6:25 am – 7:10 pm +1,Singapore Airlines,SAN‐SIN,21h45m,1,SFO,9:25 am – 2:28 pm,Singapore Airlines,SIN‐SAN,20h03m,1,SFO,2792,20220404-1413,fast
4:25 pm – 5:45 am +2,Singapore Airlines,SAN‐SIN,22h20m,1,SFO,9:25 am – 2:28 pm,Singapore Airlines,SIN‐SAN,20h03m,1,SFO,2632,20220404-1413,fast
8:10 am – 7:10 pm +1,Singapore Airlines,SAN‐SIN,20h00m,1,SFO,9:00 am – 5:04 pm,Singapore Airlines,SIN‐SAN,23h04m,2,"YVR, SEA",7717,20220404-1413,fast
8:10 am – 12:35 am +2,"Alaska Airlines, ANA",SAN‐SIN,25h25m,2,"SFO, NRT",8:10 am – 11:15 am,Japan Airlines,SIN‐SAN,18h05m,1,NRT,2006,20220404-1413,fast
8:10 am – 7:10 pm +1,Singapore Airlines,SAN‐SIN,20h00m,1,SFO,9:25 am – 5:58 pm,Singapore Airlines,SIN‐SAN,23h33m,1,SFO,2792,20220404-1413,fast
6:15 am – 9:40 pm +1,Singapore Airlines,SAN‐SIN,24h25m,2,"SEA, YVR",6:40 pm – 11:05 pm,Singapore Airlines,SIN‐SAN,19h25m,1,SFO,1894,20220404-1413,fast
7:46 am – 12:35 am +2,ANA,SAN‐SIN,25h49m,2,"SFO, NRT",8:10 am – 11:15 am,Japan Airlines,SIN‐SAN,18h05m,1,NRT,1808,20220404-1413,fast
7:46 am – 12:35 am +2,ANA,SAN‐SIN,25h49m,2,"SFO, NRT",8:10 am – 11:15 am,Japan Airlines,SIN‐SAN,18h05m,1,NRT,1808,20220404-1413,fast
2:15 pm – 5:45 am +2,Singapore Airlines,SAN‐SIN,24h30m,1,SFO,6:40 pm – 11:05 pm,Singapore Airlines,SIN‐SAN,19h25m,1,SFO,1897,20220404-1413,fast
7:46 am – 12:35 am +2,"United Airlines, ANA",SAN‐SIN,25h49m,2,"SFO, NRT",9:00 am – 12:29 pm,United Airlines,SIN‐SAN,18h29m,1,SFO,1157,20220404-1413,fast
