Out Time,Out Airline,Out Cities,Out Duration,Out Stops,Out Stop Cities,Return Time,Return Airline,Return Cities,Return Duration,Return Stops,Return Stop Cities,Price,timestamp,sort
1:30 pm – 12:20 am +2,Japan Airlines,SAN‐SIN,19h50m,1,NRT,8:10 am – 11:30 am,Japan Airlines,SIN‐SAN,18h20m,1,NRT,845,20220408-2227,cheap
1:30 pm – 12:20 am +2,Japan Airlines,SAN‐SIN,19h50m,1,NRT,9:50 pm – 11:30 am +1,Japan Airlines,SIN‐SAN,28h40m,1,HND-NRT,853,20220408-2227,cheap
1:30 pm – 12:20 am +2,American Airlines,SAN‐SIN,19h50m,1,NRT,8:10 am – 11:30 am,American Airlines,SIN‐SAN,18h20m,1,NRT,869,20220408-2227,cheap
8:50 pm – 12:20 am +3,"Alaska Airlines, Japan Airlines",SAN‐SIN,36h30m,2,"SEA, NRT",8:10 am – 11:30 am,Japan Airlines,SIN‐SAN,18h20m,1,NRT,872,20220408-2227,cheap
1:50 pm – 12:20 am +3,Japan Airlines,SAN‐SIN,43h30m,2,"DFW, NRT",8:10 am – 11:30 am,Japan Airlines,SIN‐SAN,18h20m,1,NRT,875,20220408-2227,cheap
1:50 pm – 12:20 am +3,Japan Airlines,SAN‐SIN,43h30m,2,"DFW, NRT",9:50 pm – 11:30 am +1,Japan Airlines,SIN‐SAN,28h40m,1,HND-NRT,883,20220408-2227,cheap
5:50 pm – 12:20 am +3,American Airlines,SAN‐SIN,39h30m,2,"DFW, NRT",8:10 am – 11:30 am,American Airlines,SIN‐SAN,18h20m,1,NRT,886,20220408-2227,cheap
1:30 pm – 12:20 am +2,"Japan Airlines, Qantas Airways",SAN‐SIN,19h50m,1,NRT,8:10 am – 11:30 am,Japan Airlines,SIN‐SAN,18h20m,1,NRT,914,20220408-2227,cheap
1:30 pm – 12:20 am +2,Japan Airlines,SAN‐SIN,19h50m,1,NRT,8:10 am – 11:30 am,"Qantas Airways, Japan Airlines",SIN‐SAN,18h20m,1,NRT,914,20220408-2227,cheap
1:30 pm – 12:20 am +2,"Japan Airlines, Qantas Airways",SAN‐SIN,19h50m,1,NRT,9:50 pm – 11:30 am +1,Japan Airlines,SIN‐SAN,28h40m,1,HND-NRT,923,20220408-2227,cheap
1:30 pm – 12:20 am +2,Japan Airlines,SAN‐SIN,19h50m,1,NRT,9:50 pm – 9:49 pm +1,"Japan Airlines, Alaska Airlines",SIN‐SAN,38h59m,2,"HND-NRT, JFK",927,20220408-2227,cheap
3:11 pm – 12:20 am +3,Japan Airlines,SAN‐SIN,42h09m,2,"ORD, NRT",8:10 am – 11:30 am,Japan Airlines,SIN‐SAN,18h20m,1,NRT,934,20220408-2227,cheap
8:25 am – 12:20 am +2,Japan Airlines,SAN‐SIN,24h55m,2,"SFO, NRT",8:10 am – 11:30 am,Japan Airlines,SIN‐SAN,18h20m,1,NRT,938,20220408-2227,cheap
6:25 am – 12:20 am +2,"Alaska Airlines, Japan Airlines",SAN‐SIN,26h55m,2,"SFO, NRT",8:10 am – 11:30 am,Japan Airlines,SIN‐SAN,18h20m,1,NRT,942,20220408-2227,cheap
1:30 pm – 12:20 am +2,Japan Airlines,SAN‐SIN,19h50m,1,NRT,9:50 pm – 6:56 pm +1,Japan Airlines,SIN‐SAN,36h06m,2,"HND, SFO",943,20220408-2227,cheap
1:30 pm – 12:20 am +2,Japan Airlines,SAN‐SIN,19h50m,1,NRT,8:10 am – 11:30 am,Japan Airlines,SIN‐SAN,18h20m,1,NRT,883,20220408-2224,best
1:30 pm – 12:20 am +2,Japan Airlines,SAN‐SIN,19h50m,1,NRT,8:10 am – 11:30 am,Japan Airlines,SIN‐SAN,18h20m,1,NRT,845,20220408-2224,best
1:30 pm – 12:20 am +2,American Airlines,SAN‐SIN,19h50m,1,NRT,8:10 am – 11:30 am,American Airlines,SIN‐SAN,18h20m,1,NRT,869,20220408-2224,best
1:30 pm – 12:20 am +2,"Japan Airlines, Qantas Airways",SAN‐SIN,19h50m,1,NRT,8:10 am – 11:30 am,Japan Airlines,SIN‐SAN,18h20m,1,NRT,914,20220408-2224,best
1:30 pm – 12:20 am +2,Japan Airlines,SAN‐SIN,19h50m,1,NRT,8:10 am – 11:30 am,"Qantas Airways, Japan Airlines",SIN‐SAN,18h20m,1,NRT,914,20220408-2224,best
8:12 pm – 6:15 am +2,United Airlines,SAN‐SIN,19h03m,1,SFO,8:45 am – 12:23 pm,United Airlines,SIN‐SAN,18h38m,1,SFO,993,20220408-2224,best
8:12 pm – 6:15 am +2,United Airlines,SAN‐SIN,19h03m,1,SFO,8:45 am – 2:35 pm,United Airlines,SIN‐SAN,20h50m,1,SFO,993,20220408-2224,best
6:53 pm – 6:15 am +2,United Airlines,SAN‐SIN,20h22m,1,SFO,8:45 am – 12:23 pm,United Airlines,SIN‐SAN,18h38m,1,SFO,993,20220408-2224,best
3:59 pm – 6:15 am +2,United Airlines,SAN‐SIN,23h16m,1,SFO,8:45 am – 12:23 pm,United Airlines,SIN‐SAN,18h38m,1,SFO,993,20220408-2224,best
6:53 pm – 6:15 am +2,United Airlines,SAN‐SIN,20h22m,1,SFO,8:45 am – 2:35 pm,United Airlines,SIN‐SAN,20h50m,1,SFO,993,20220408-2224,best
8:25 am – 12:20 am +2,Japan Airlines,SAN‐SIN,24h55m,2,"SFO, NRT",8:10 am – 11:30 am,Japan Airlines,SIN‐SAN,18h20m,1,NRT,938,20220408-2224,best
4:11 pm – 6:15 am +2,United Airlines,SAN‐SIN,23h04m,2,"DEN, SFO",8:45 am – 12:23 pm,United Airlines,SIN‐SAN,18h38m,1,SFO,997,20220408-2224,best
3:59 pm – 6:15 am +2,United Airlines,SAN‐SIN,23h16m,1,SFO,8:45 am – 2:35 pm,United Airlines,SIN‐SAN,20h50m,1,SFO,993,20220408-2224,best
1:30 pm – 12:20 am +2,Japan Airlines,SAN‐SIN,19h50m,1,NRT,8:10 am – 4:40 pm,Japan Airlines,SIN‐SAN,23h30m,2,"NRT, SEA",993,20220408-2224,best
1:29 pm – 6:15 am +2,United Airlines,SAN‐SIN,25h46m,1,SFO,8:45 am – 12:23 pm,United Airlines,SIN‐SAN,18h38m,1,SFO,993,20220408-2224,best
7:30 am – 12:20 am +2,Japan Airlines,SAN‐SIN,25h50m,2,"SEA, NRT",8:10 am – 11:30 am,Japan Airlines,SIN‐SAN,18h20m,1,NRT,963,20220408-2224,best
8:12 pm – 6:15 am +2,United Airlines,SAN‐SIN,19h03m,1,SFO,8:10 am – 11:30 am,Japan Airlines,SIN‐SAN,18h20m,1,NRT,1398,20220408-2230,fast
8:12 pm – 6:15 am +2,United Airlines,SAN‐SIN,19h03m,1,SFO,8:45 am – 12:23 pm,United Airlines,SIN‐SAN,18h38m,1,SFO,993,20220408-2230,fast
1:30 pm – 12:20 am +2,Japan Airlines,SAN‐SIN,19h50m,1,NRT,8:10 am – 11:30 am,Japan Airlines,SIN‐SAN,18h20m,1,NRT,845,20220408-2230,fast
1:30 pm – 12:20 am +2,American Airlines,SAN‐SIN,19h50m,1,NRT,8:10 am – 11:30 am,American Airlines,SIN‐SAN,18h20m,1,NRT,869,20220408-2230,fast
1:30 pm – 12:20 am +2,"Japan Airlines, Qantas Airways",SAN‐SIN,19h50m,1,NRT,8:10 am – 11:30 am,Japan Airlines,SIN‐SAN,18h20m,1,NRT,914,20220408-2230,fast
1:30 pm – 12:20 am +2,Japan Airlines,SAN‐SIN,19h50m,1,NRT,8:10 am – 11:30 am,"Qantas Airways, Japan Airlines",SIN‐SAN,18h20m,1,NRT,914,20220408-2230,fast
6:53 pm – 6:15 am +2,United Airlines,SAN‐SIN,20h22m,1,SFO,8:45 am – 12:23 pm,United Airlines,SIN‐SAN,18h38m,1,SFO,993,20220408-2230,fast
8:12 pm – 6:15 am +2,United Airlines,SAN‐SIN,19h03m,1,SFO,8:45 am – 2:35 pm,United Airlines,SIN‐SAN,20h50m,1,SFO,993,20220408-2230,fast
6:25 am – 7:10 pm +1,"Alaska Airlines, Singapore Airlines",SAN‐SIN,21h45m,1,SFO,8:10 am – 11:30 am,Japan Airlines,SIN‐SAN,18h20m,1,NRT,1402,20220408-2230,fast
10:20 am – 11:40 pm +1,"Alaska Airlines, Korean Air",SAN‐SIN,22h20m,2,"SFO, ICN",8:10 am – 11:30 am,Japan Airlines,SIN‐SAN,18h20m,1,NRT,1441,20220408-2230,fast
5:15 pm – 5:45 am +2,Singapore Airlines,SAN‐SIN,21h30m,1,SFO,9:25 am – 1:46 pm,Singapore Airlines,SIN‐SAN,19h21m,1,SFO,1678,20220408-2230,fast
6:25 am – 7:10 pm +1,Singapore Airlines,SAN‐SIN,21h45m,1,SFO,9:25 am – 1:46 pm,Singapore Airlines,SIN‐SAN,19h21m,1,SFO,1164,20220408-2230,fast
6:53 pm – 6:15 am +2,United Airlines,SAN‐SIN,20h22m,1,SFO,8:45 am – 2:35 pm,United Airlines,SIN‐SAN,20h50m,1,SFO,993,20220408-2230,fast
10:20 am – 12:20 am +2,"Alaska Airlines, Japan Airlines",SAN‐SIN,23h00m,2,"SFO, NRT",8:10 am – 11:30 am,Japan Airlines,SIN‐SAN,18h20m,1,NRT,1011,20220408-2230,fast
4:11 pm – 6:15 am +2,United Airlines,SAN‐SIN,23h04m,2,"DEN, SFO",8:45 am – 12:23 pm,United Airlines,SIN‐SAN,18h38m,1,SFO,997,20220408-2230,fast
