Out Time,Out Airline,Out Cities,Out Duration,Out Stops,Out Stop Cities,Return Time,Return Airline,Return Cities,Return Duration,Return Stops,Return Stop Cities,Price,timestamp,sort
7:38 pm – 6:45 am +2,United Airlines,SAN‐SIN,20h07m,1,SFO,9:00 am – 12:29 pm,United Airlines,SIN‐SAN,18h29m,1,SFO,1046,20220404-1223,cheap
7:38 pm – 6:45 am +2,United Airlines,SAN‐SIN,20h07m,1,SFO,9:00 am – 2:58 pm,United Airlines,SIN‐SAN,20h58m,1,SFO,1046,20220404-1223,cheap
4:05 pm – 6:45 am +2,United Airlines,SAN‐SIN,23h40m,1,SFO,9:00 am – 12:29 pm,United Airlines,SIN‐SAN,18h29m,1,SFO,1046,20220404-1223,cheap
4:05 pm – 6:45 am +2,United Airlines,SAN‐SIN,23h40m,1,SFO,9:00 am – 2:58 pm,United Airlines,SIN‐SAN,20h58m,1,SFO,1046,20220404-1223,cheap
7:38 pm – 6:45 am +2,United Airlines,SAN‐SIN,20h07m,1,SFO,9:00 am – 6:45 pm,United Airlines,SIN‐SAN,24h45m,1,SFO,1046,20220404-1223,cheap
1:10 pm – 6:45 am +2,United Airlines,SAN‐SIN,26h35m,1,SFO,9:00 am – 12:29 pm,United Airlines,SIN‐SAN,18h29m,1,SFO,1046,20220404-1223,cheap
7:38 pm – 6:45 am +2,United Airlines,SAN‐SIN,20h07m,1,SFO,9:00 am – 8:33 pm,United Airlines,SIN‐SAN,26h33m,1,SFO,1046,20220404-1223,cheap
1:10 pm – 6:45 am +2,United Airlines,SAN‐SIN,26h35m,1,SFO,9:00 am – 2:58 pm,United Airlines,SIN‐SAN,20h58m,1,SFO,1046,20220404-1223,cheap
10:33 am – 6:45 am +2,United Airlines,SAN‐SIN,29h12m,1,SFO,9:00 am – 12:29 pm,United Airlines,SIN‐SAN,18h29m,1,SFO,1046,20220404-1223,cheap
10:25 am – 6:45 am +2,United Airlines,SAN‐SIN,29h20m,2,"DEN, SFO",9:00 am – 12:29 pm,United Airlines,SIN‐SAN,18h29m,1,SFO,1046,20220404-1223,cheap
10:25 am – 6:45 am +2,United Airlines,SAN‐SIN,29h20m,2,"DEN, SFO",9:00 am – 12:29 pm,United Airlines,SIN‐SAN,18h29m,1,SFO,1046,20220404-1223,cheap
10:25 am – 6:45 am +2,United Airlines,SAN‐SIN,29h20m,2,"DEN, SFO",9:00 am – 12:29 pm,United Airlines,SIN‐SAN,18h29m,1,SFO,1046,20220404-1223,cheap
10:25 am – 6:45 am +2,United Airlines,SAN‐SIN,29h20m,2,"DEN, SFO",9:00 am – 12:29 pm,United Airlines,SIN‐SAN,18h29m,1,SFO,1046,20220404-1223,cheap
4:05 pm – 6:45 am +2,United Airlines,SAN‐SIN,23h40m,1,SFO,9:00 am – 6:45 pm,United Airlines,SIN‐SAN,24h45m,1,SFO,1046,20220404-1223,cheap
8:38 am – 6:45 am +2,United Airlines,SAN‐SIN,31h07m,2,"DEN, SFO",9:00 am – 12:29 pm,United Airlines,SIN‐SAN,18h29m,1,SFO,1046,20220404-1223,cheap
8:10 am – 12:20 am +2,Japan Airlines,SAN‐SIN,25h10m,2,"SFO, NRT",9:50 pm – 11:15 am +1,Japan Airlines,SIN‐SAN,28h25m,1,HND-NRT,1348,20220404-1220,best
7:38 pm – 6:45 am +2,United Airlines,SAN‐SIN,20h07m,1,SFO,9:00 am – 12:29 pm,United Airlines,SIN‐SAN,18h29m,1,SFO,1046,20220404-1220,best
7:38 pm – 6:45 am +2,United Airlines,SAN‐SIN,20h07m,1,SFO,9:00 am – 2:58 pm,United Airlines,SIN‐SAN,20h58m,1,SFO,1046,20220404-1220,best
4:05 pm – 6:45 am +2,United Airlines,SAN‐SIN,23h40m,1,SFO,9:00 am – 12:29 pm,United Airlines,SIN‐SAN,18h29m,1,SFO,1046,20220404-1220,best
4:05 pm – 6:45 am +2,United Airlines,SAN‐SIN,23h40m,1,SFO,9:00 am – 2:58 pm,United Airlines,SIN‐SAN,20h58m,1,SFO,1046,20220404-1220,best
7:38 pm – 6:45 am +2,United Airlines,SAN‐SIN,20h07m,1,SFO,9:00 am – 6:45 pm,United Airlines,SIN‐SAN,24h45m,1,SFO,1046,20220404-1220,best
1:10 pm – 6:45 am +2,United Airlines,SAN‐SIN,26h35m,1,SFO,9:00 am – 12:29 pm,United Airlines,SIN‐SAN,18h29m,1,SFO,1046,20220404-1220,best
7:38 pm – 6:45 am +2,United Airlines,SAN‐SIN,20h07m,1,SFO,9:00 am – 8:33 pm,United Airlines,SIN‐SAN,26h33m,1,SFO,1046,20220404-1220,best
7:38 pm – 6:45 am +2,United Airlines,SAN‐SIN,20h07m,1,SFO,9:00 am – 7:55 pm,United Airlines,SIN‐SAN,25h55m,2,"SFO, LAX",1050,20220404-1220,best
7:38 pm – 6:45 am +2,United Airlines,SAN‐SIN,20h07m,1,SFO,9:00 am – 7:55 pm,United Airlines,SIN‐SAN,25h55m,2,"SFO, LAX",1050,20220404-1220,best
1:10 pm – 6:45 am +2,United Airlines,SAN‐SIN,26h35m,1,SFO,9:00 am – 2:58 pm,United Airlines,SIN‐SAN,20h58m,1,SFO,1046,20220404-1220,best
10:33 am – 6:45 am +2,United Airlines,SAN‐SIN,29h12m,1,SFO,9:00 am – 12:29 pm,United Airlines,SIN‐SAN,18h29m,1,SFO,1046,20220404-1220,best
4:05 pm – 6:45 am +2,United Airlines,SAN‐SIN,23h40m,1,SFO,9:00 am – 6:45 pm,United Airlines,SIN‐SAN,24h45m,1,SFO,1046,20220404-1220,best
10:25 am – 6:45 am +2,United Airlines,SAN‐SIN,29h20m,2,"DEN, SFO",9:00 am – 12:29 pm,United Airlines,SIN‐SAN,18h29m,1,SFO,1046,20220404-1220,best
10:25 am – 6:45 am +2,United Airlines,SAN‐SIN,29h20m,2,"DEN, SFO",9:00 am – 12:29 pm,United Airlines,SIN‐SAN,18h29m,1,SFO,1046,20220404-1220,best
10:25 am – 6:45 am +2,United Airlines,SAN‐SIN,29h20m,2,"DEN, SFO",9:00 am – 12:29 pm,United Airlines,SIN‐SAN,18h29m,1,SFO,1046,20220404-1220,best
7:38 pm – 6:45 am +2,United Airlines,SAN‐SIN,20h07m,1,SFO,9:00 am – 12:29 pm,United Airlines,SIN‐SAN,18h29m,1,SFO,1046,20220404-1225,fast
7:38 pm – 6:45 am +2,United Airlines,SAN‐SIN,20h07m,1,SFO,6:40 pm – 11:05 pm,"Singapore Airlines, Alaska Airlines",SIN‐SAN,19h25m,1,SFO,2832,20220404-1225,fast
7:38 pm – 6:45 am +2,United Airlines,SAN‐SIN,20h07m,1,SFO,9:00 am – 2:58 pm,United Airlines,SIN‐SAN,20h58m,1,SFO,1046,20220404-1225,fast
6:15 am – 7:10 pm +1,Singapore Airlines,SAN‐SIN,21h55m,1,SFO,6:40 pm – 11:05 pm,Singapore Airlines,SIN‐SAN,19h25m,1,SFO,2604,20220404-1225,fast
7:46 am – 10:10 pm +1,"United Airlines, Singapore Airlines",SAN‐SIN,23h24m,2,"SFO, ICN",9:00 am – 12:29 pm,United Airlines,SIN‐SAN,18h29m,1,SFO,4942,20220404-1225,fast
4:05 pm – 6:45 am +2,United Airlines,SAN‐SIN,23h40m,1,SFO,9:00 am – 12:29 pm,United Airlines,SIN‐SAN,18h29m,1,SFO,1046,20220404-1225,fast
4:05 pm – 6:45 am +2,United Airlines,SAN‐SIN,23h40m,1,SFO,6:40 pm – 11:05 pm,"Singapore Airlines, Alaska Airlines",SIN‐SAN,19h25m,1,SFO,2832,20220404-1225,fast
7:46 am – 11:40 pm +1,"United Airlines, Korean Air",SAN‐SIN,24h54m,2,"SFO, ICN",9:00 am – 12:29 pm,United Airlines,SIN‐SAN,18h29m,1,SFO,7226,20220404-1225,fast
8:10 am – 12:20 am +2,"Alaska Airlines, Japan Airlines",SAN‐SIN,25h10m,2,"SFO, NRT",6:40 pm – 11:05 pm,"Singapore Airlines, Alaska Airlines",SIN‐SAN,19h25m,1,SFO,2904,20220404-1225,fast
4:05 pm – 6:45 am +2,United Airlines,SAN‐SIN,23h40m,1,SFO,9:00 am – 2:58 pm,United Airlines,SIN‐SAN,20h58m,1,SFO,1046,20220404-1225,fast
7:38 pm – 6:45 am +2,United Airlines,SAN‐SIN,20h07m,1,SFO,9:00 am – 6:45 pm,United Airlines,SIN‐SAN,24h45m,1,SFO,1046,20220404-1225,fast
1:10 pm – 6:45 am +2,United Airlines,SAN‐SIN,26h35m,1,SFO,9:00 am – 12:29 pm,United Airlines,SIN‐SAN,18h29m,1,SFO,1046,20220404-1225,fast
7:00 am – 1:15 am +2,"Air Canada, Singapore Airlines",SAN‐SIN,27h15m,2,"YVR, NRT",9:00 am – 12:29 pm,United Airlines,SIN‐SAN,18h29m,1,SFO,4106,20220404-1225,fast
11:59 am – 5:20 am +2,Singapore Airlines,SAN‐SIN,26h21m,1,JFK,6:40 pm – 11:05 pm,Singapore Airlines,SIN‐SAN,19h25m,1,SFO,3517,20220404-1225,fast
6:15 am – 11:40 pm +1,"Alaska Airlines, Korean Air",SAN‐SIN,26h25m,2,"SFO, ICN",6:40 pm – 11:05 pm,Singapore Airlines,SIN‐SAN,19h25m,1,SFO,3421,20220404-1225,fast
