Out Time,Out Airline,Out Cities,Out Duration,Out Stops,Out Stop Cities,Return Time,Return Airline,Return Cities,Return Duration,Return Stops,Return Stop Cities,Price,timestamp,sort
8:00 am – 12:35 am +2,Air Canada,SAN‐SIN,25h35m,2,"YVR, NRT",6:10 am – 6:37 pm,Air Canada,SIN‐SAN,27h27m,2,"NRT, YVR",1075,20220408-1651,cheap
8:00 am – 1:15 am +2,"Air Canada, Singapore Airlines",SAN‐SIN,26h15m,2,"YVR, NRT",6:10 am – 6:37 pm,Air Canada,SIN‐SAN,27h27m,2,"NRT, YVR",1088,20220408-1651,cheap
8:00 am – 12:20 am +2,"Air Canada, Japan Airlines",SAN‐SIN,25h20m,2,"YVR, NRT",6:10 am – 6:37 pm,Air Canada,SIN‐SAN,27h27m,2,"NRT, YVR",1176,20220408-1651,cheap
6:29 am – 6:15 am +2,United Airlines,SAN‐SIN,32h46m,2,"LAX, SFO",8:45 am – 12:23 pm,United Airlines,SIN‐SAN,18h38m,1,SFO,1276,20220408-1651,cheap
6:29 am – 6:15 am +2,United Airlines,SAN‐SIN,32h46m,2,"LAX, SFO",8:45 am – 12:23 pm,United Airlines,SIN‐SAN,18h38m,1,SFO,1276,20220408-1651,cheap
6:29 am – 6:15 am +2,United Airlines,SAN‐SIN,32h46m,2,"LAX, SFO",8:45 am – 2:35 pm,United Airlines,SIN‐SAN,20h50m,1,SFO,1276,20220408-1651,cheap
6:29 am – 6:15 am +2,United Airlines,SAN‐SIN,32h46m,2,"LAX, SFO",8:45 am – 2:35 pm,United Airlines,SIN‐SAN,20h50m,1,SFO,1276,20220408-1651,cheap
6:29 am – 6:15 am +2,United Airlines,SAN‐SIN,32h46m,2,"LAX, SFO",8:45 am – 7:39 pm,United Airlines,SIN‐SAN,25h54m,2,"SFO, LAX",1280,20220408-1651,cheap
6:29 am – 6:15 am +2,United Airlines,SAN‐SIN,32h46m,2,"LAX, SFO",8:45 am – 7:39 pm,United Airlines,SIN‐SAN,25h54m,2,"SFO, LAX",1280,20220408-1651,cheap
8:15 pm – 6:15 am +3,United Airlines,SAN‐SIN,43h00m,2,"LAX, SFO",8:45 am – 12:23 pm,United Airlines,SIN‐SAN,18h38m,1,SFO,1312,20220408-1651,cheap
8:15 pm – 6:15 am +3,United Airlines,SAN‐SIN,43h00m,2,"LAX, SFO",8:45 am – 2:35 pm,United Airlines,SIN‐SAN,20h50m,1,SFO,1312,20220408-1651,cheap
8:00 am – 12:35 am +2,ANA,SAN‐SIN,25h35m,2,"SFO, NRT",6:10 am – 2:35 pm,ANA,SIN‐SAN,23h25m,2,"NRT, SFO",1313,20220408-1651,cheap
8:00 am – 12:35 am +2,ANA,SAN‐SIN,25h35m,2,"SFO, NRT",6:10 am – 2:35 pm,ANA,SIN‐SAN,23h25m,2,"NRT, SFO",1313,20220408-1651,cheap
8:00 am – 12:35 am +2,ANA,SAN‐SIN,25h35m,2,"SFO, NRT",6:10 am – 6:09 pm,ANA,SIN‐SAN,26h59m,2,"NRT, SFO",1313,20220408-1651,cheap
8:00 am – 12:35 am +2,ANA,SAN‐SIN,25h35m,2,"SFO, NRT",6:10 am – 7:39 pm,ANA,SIN‐SAN,28h29m,2,"NRT, LAX",1313,20220408-1651,cheap
8:00 am – 12:35 am +2,Air Canada,SAN‐SIN,25h35m,2,"YVR, NRT",6:10 am – 6:37 pm,Air Canada,SIN‐SAN,27h27m,2,"NRT, YVR",1109,20220408-1648,best
8:12 pm – 6:15 am +2,United Airlines,SAN‐SIN,19h03m,1,SFO,8:45 am – 12:23 pm,United Airlines,SIN‐SAN,18h38m,1,SFO,1433,20220408-1648,best
8:00 am – 12:35 am +2,Air Canada,SAN‐SIN,25h35m,2,"YVR, NRT",6:10 am – 6:37 pm,Air Canada,SIN‐SAN,27h27m,2,"NRT, YVR",1075,20220408-1648,best
6:53 pm – 6:15 am +2,United Airlines,SAN‐SIN,20h22m,1,SFO,8:45 am – 12:23 pm,United Airlines,SIN‐SAN,18h38m,1,SFO,1433,20220408-1648,best
8:12 pm – 6:15 am +2,United Airlines,SAN‐SIN,19h03m,1,SFO,8:45 am – 2:35 pm,United Airlines,SIN‐SAN,20h50m,1,SFO,1433,20220408-1648,best
6:53 pm – 6:15 am +2,United Airlines,SAN‐SIN,20h22m,1,SFO,8:45 am – 2:35 pm,United Airlines,SIN‐SAN,20h50m,1,SFO,1433,20220408-1648,best
9:56 am – 12:35 am +2,"United Airlines, ANA",SAN‐SIN,23h39m,2,"SFO, NRT",8:45 am – 12:23 pm,United Airlines,SIN‐SAN,18h38m,1,SFO,1360,20220408-1648,best
3:59 pm – 6:15 am +2,United Airlines,SAN‐SIN,23h16m,1,SFO,8:45 am – 12:23 pm,United Airlines,SIN‐SAN,18h38m,1,SFO,1433,20220408-1648,best
8:00 am – 12:35 am +2,"United Airlines, ANA",SAN‐SIN,25h35m,2,"SFO, NRT",8:45 am – 12:23 pm,United Airlines,SIN‐SAN,18h38m,1,SFO,1360,20220408-1648,best
8:00 am – 12:35 am +2,"United Airlines, ANA",SAN‐SIN,25h35m,2,"SFO, NRT",8:45 am – 12:23 pm,United Airlines,SIN‐SAN,18h38m,1,SFO,1360,20220408-1648,best
8:00 am – 12:35 am +2,United Airlines,SAN‐SIN,25h35m,2,"SFO, HND-NRT",8:45 am – 12:23 pm,United Airlines,SIN‐SAN,18h38m,1,SFO,1364,20220408-1648,best
6:35 am – 7:10 pm +1,Singapore Airlines,SAN‐SIN,21h35m,1,SFO,9:25 am – 1:32 pm,Singapore Airlines,SIN‐SAN,19h07m,1,SFO,1537,20220408-1648,best
9:56 am – 12:35 am +2,"United Airlines, ANA",SAN‐SIN,23h39m,2,"SFO, NRT",8:45 am – 2:35 pm,United Airlines,SIN‐SAN,20h50m,1,SFO,1360,20220408-1648,best
3:59 pm – 6:15 am +2,United Airlines,SAN‐SIN,23h16m,1,SFO,8:45 am – 2:35 pm,United Airlines,SIN‐SAN,20h50m,1,SFO,1433,20220408-1648,best
6:25 am – 7:10 pm +1,"Alaska Airlines, Singapore Airlines",SAN‐SIN,21h45m,1,SFO,9:25 am – 1:32 pm,Singapore Airlines,SIN‐SAN,19h07m,1,SFO,1537,20220408-1648,best
1:29 pm – 6:15 am +2,United Airlines,SAN‐SIN,25h46m,1,SFO,8:45 am – 12:23 pm,United Airlines,SIN‐SAN,18h38m,1,SFO,1433,20220408-1648,best
6:15 am – 12:35 am +2,"United Airlines, ANA",SAN‐SIN,27h20m,2,"SFO, NRT",8:45 am – 12:23 pm,United Airlines,SIN‐SAN,18h38m,1,SFO,1360,20220408-1648,best
8:12 pm – 6:15 am +2,United Airlines,SAN‐SIN,19h03m,1,SFO,8:10 am – 11:30 am,Japan Airlines,SIN‐SAN,18h20m,1,NRT,1898,20220408-1653,fast
8:12 pm – 6:15 am +2,United Airlines,SAN‐SIN,19h03m,1,SFO,8:45 am – 12:23 pm,United Airlines,SIN‐SAN,18h38m,1,SFO,1433,20220408-1653,fast
6:53 pm – 6:15 am +2,United Airlines,SAN‐SIN,20h22m,1,SFO,8:10 am – 11:30 am,Japan Airlines,SIN‐SAN,18h20m,1,NRT,1898,20220408-1653,fast
6:53 pm – 6:15 am +2,United Airlines,SAN‐SIN,20h22m,1,SFO,8:45 am – 12:23 pm,United Airlines,SIN‐SAN,18h38m,1,SFO,1433,20220408-1653,fast
8:12 pm – 6:15 am +2,United Airlines,SAN‐SIN,19h03m,1,SFO,6:40 pm – 11:49 pm,Singapore Airlines,SIN‐SAN,20h09m,1,SFO,1612,20220408-1653,fast
8:12 pm – 6:15 am +2,United Airlines,SAN‐SIN,19h03m,1,SFO,8:45 am – 2:35 pm,United Airlines,SIN‐SAN,20h50m,1,SFO,1433,20220408-1653,fast
6:35 am – 7:10 pm +1,Singapore Airlines,SAN‐SIN,21h35m,1,SFO,8:10 am – 11:30 am,Japan Airlines,SIN‐SAN,18h20m,1,NRT,2078,20220408-1653,fast
6:53 pm – 6:15 am +2,United Airlines,SAN‐SIN,20h22m,1,SFO,6:40 pm – 11:49 pm,Singapore Airlines,SIN‐SAN,20h09m,1,SFO,1612,20220408-1653,fast
5:15 pm – 5:45 am +2,Singapore Airlines,SAN‐SIN,21h30m,1,SFO,9:25 am – 1:32 pm,Singapore Airlines,SIN‐SAN,19h07m,1,SFO,1914,20220408-1653,fast
6:35 am – 7:10 pm +1,Singapore Airlines,SAN‐SIN,21h35m,1,SFO,9:25 am – 1:32 pm,Singapore Airlines,SIN‐SAN,19h07m,1,SFO,1537,20220408-1653,fast
6:25 am – 7:10 pm +1,"Alaska Airlines, Singapore Airlines",SAN‐SIN,21h45m,1,SFO,9:25 am – 1:32 pm,Singapore Airlines,SIN‐SAN,19h07m,1,SFO,1537,20220408-1653,fast
6:53 pm – 6:15 am +2,United Airlines,SAN‐SIN,20h22m,1,SFO,8:45 am – 2:35 pm,United Airlines,SIN‐SAN,20h50m,1,SFO,1433,20220408-1653,fast
3:59 pm – 6:15 am +2,United Airlines,SAN‐SIN,23h16m,1,SFO,8:10 am – 11:30 am,Japan Airlines,SIN‐SAN,18h20m,1,NRT,1898,20220408-1653,fast
5:15 pm – 5:45 am +2,"Alaska Airlines, Singapore Airlines",SAN‐SIN,21h30m,1,SFO,6:40 pm – 11:49 pm,"Singapore Airlines, Alaska Airlines",SIN‐SAN,20h09m,1,SFO,2031,20220408-1653,fast
6:35 am – 7:10 pm +1,Singapore Airlines,SAN‐SIN,21h35m,1,SFO,6:40 pm – 11:49 pm,"Singapore Airlines, Alaska Airlines",SIN‐SAN,20h09m,1,SFO,1673,20220408-1653,fast
