Out Time,Out Airline,Out Cities,Out Duration,Out Stops,Out Stop Cities,Return Time,Return Airline,Return Cities,Return Duration,Return Stops,Return Stop Cities,Price,timestamp,sort
12:35 pm – 7:20 am +2,"Alaska Airlines, Qatar Airways",SAN‐HKT,28h45m,2,"SFO, DOH",6:45 pm – 3:50 pm +1,Multiple Airlines,HKT‐SAN,35h05m,3,"BKK, MNL, ...",1269,20220406-1026,cheap
11:50 am – 8:00 pm +2,"Alaska Airlines, Emirates",SAN‐HKT,42h10m,2,"SEA, DXB",9:45 pm – 9:37 pm +1,"Emirates, Alaska Airlines",HKT‐SAN,37h52m,2,"DXB, SEA",1433,20220406-1026,cheap
11:50 am – 8:00 pm +2,"Alaska Airlines, Emirates",SAN‐HKT,42h10m,2,"SEA, DXB",9:45 pm – 11:37 pm +1,"Emirates, Alaska Airlines",HKT‐SAN,39h52m,2,"DXB, SEA",1433,20220406-1026,cheap
7:50 am – 8:00 pm +2,"Alaska Airlines, Emirates",SAN‐HKT,46h10m,2,"SEA, DXB",9:45 pm – 9:37 pm +1,"Emirates, Alaska Airlines",HKT‐SAN,37h52m,2,"DXB, SEA",1433,20220406-1026,cheap
7:50 am – 8:00 pm +2,"Alaska Airlines, Emirates",SAN‐HKT,46h10m,2,"SEA, DXB",9:45 pm – 11:37 pm +1,"Emirates, Alaska Airlines",HKT‐SAN,39h52m,2,"DXB, SEA",1433,20220406-1026,cheap
7:50 am – 12:30 pm +2,"Alaska Airlines, Emirates",SAN‐HKT,38h40m,2,"SEA, DXB",9:45 pm – 9:37 pm +1,"Emirates, Alaska Airlines",HKT‐SAN,37h52m,2,"DXB, SEA",1486,20220406-1026,cheap
12:35 pm – 7:20 am +2,"Alaska Airlines, Qatar Airways",SAN‐HKT,28h45m,2,"SFO, DOH",12:45 pm – 1:39 pm +1,"Thai AirAsia, Korean Air",HKT‐SAN,38h54m,3,"BKK, ICN, ...",1492,20220406-1026,cheap
12:35 pm – 7:20 am +2,"Alaska Airlines, Qatar Airways",SAN‐HKT,28h45m,2,"SFO, DOH",8:00 pm – 1:39 pm +1,"Thai Vietjet Air, Korean Air",HKT‐SAN,31h39m,3,"BKK, ICN, ...",1496,20220406-1026,cheap
12:35 pm – 7:20 am +2,"Alaska Airlines, Qatar Airways",SAN‐HKT,28h45m,2,"SFO, DOH",8:00 pm – 9:43 pm +1,Multiple Airlines,HKT‐SAN,39h43m,3,"BKK, RUH, ...",1496,20220406-1026,cheap
10:00 pm – 7:20 am +3,"Alaska Airlines, Qatar Airways",SAN‐HKT,43h20m,2,"SFO, DOH",11:55 pm – 5:04 pm +1,"Qatar Airways, Alaska Airlines",HKT‐SAN,31h09m,2,"DOH, SEA",1539,20220406-1026,cheap
10:00 pm – 7:20 am +3,"Alaska Airlines, Qatar Airways",SAN‐HKT,43h20m,2,"SFO, DOH",11:55 pm – 6:45 pm +1,"Qatar Airways, Alaska Airlines",HKT‐SAN,32h50m,2,"DOH, SEA",1539,20220406-1026,cheap
7:25 pm – 7:20 am +3,"Alaska Airlines, Qatar Airways",SAN‐HKT,45h55m,2,"SFO, DOH",11:55 pm – 5:04 pm +1,"Qatar Airways, Alaska Airlines",HKT‐SAN,31h09m,2,"DOH, SEA",1539,20220406-1026,cheap
7:25 pm – 7:20 am +3,"Alaska Airlines, Qatar Airways",SAN‐HKT,45h55m,2,"SFO, DOH",11:55 pm – 6:45 pm +1,"Qatar Airways, Alaska Airlines",HKT‐SAN,32h50m,2,"DOH, SEA",1539,20220406-1026,cheap
10:46 am – 7:20 am +2,"American Airlines, Qatar Airways",SAN‐HKT,30h34m,2,"DFW, DOH",11:55 pm – 9:12 pm +1,"Qatar Airways, American Airlines",HKT‐SAN,35h17m,3,"DOH, JFK, ...",1546,20220406-1026,cheap
10:46 am – 7:20 am +2,"American Airlines, Qatar Airways",SAN‐HKT,30h34m,2,"DFW, DOH",11:55 pm – 9:35 pm +1,"Qatar Airways, American Airlines",HKT‐SAN,35h40m,3,"DOH, BOS, ...",1546,20220406-1026,cheap
11:50 am – 7:20 am +2,"Alaska Airlines, Qatar Airways",SAN‐HKT,29h30m,2,"SEA, DOH",11:55 pm – 5:04 pm +1,"Qatar Airways, Alaska Airlines",HKT‐SAN,31h09m,2,"DOH, SEA",1558,20220406-1023,best
12:35 pm – 7:20 am +2,"Alaska Airlines, Qatar Airways",SAN‐HKT,28h45m,2,"SFO, DOH",6:45 pm – 3:50 pm +1,Multiple Airlines,HKT‐SAN,35h05m,3,"BKK, MNL, ...",1269,20220406-1023,best
10:45 am – 7:20 am +2,"Alaska Airlines, Qatar Airways",SAN‐HKT,30h35m,2,"SFO, DOH",11:55 pm – 5:04 pm +1,"Qatar Airways, Alaska Airlines",HKT‐SAN,31h09m,2,"DOH, SEA",1560,20220406-1023,best
11:50 am – 7:20 am +2,"Alaska Airlines, Qatar Airways",SAN‐HKT,29h30m,2,"SEA, DOH",11:55 pm – 6:45 pm +1,"Qatar Airways, Alaska Airlines",HKT‐SAN,32h50m,2,"DOH, SEA",1558,20220406-1023,best
12:35 pm – 7:20 am +2,"Alaska Airlines, Qatar Airways",SAN‐HKT,28h45m,2,"SFO, DOH",11:55 pm – 5:04 pm +1,"Qatar Airways, Alaska Airlines",HKT‐SAN,31h09m,2,"DOH, SEA",1644,20220406-1023,best
11:50 am – 7:20 am +2,"Alaska Airlines, Qatar Airways",SAN‐HKT,29h30m,2,"SEA, DOH",11:55 pm – 5:58 pm +1,"Qatar Airways, Alaska Airlines",HKT‐SAN,32h03m,2,"DOH, SFO",1610,20220406-1023,best
10:45 am – 7:20 am +2,"Alaska Airlines, Qatar Airways",SAN‐HKT,30h35m,2,"SFO, DOH",11:55 pm – 6:45 pm +1,"Qatar Airways, Alaska Airlines",HKT‐SAN,32h50m,2,"DOH, SEA",1560,20220406-1023,best
12:35 pm – 7:20 am +2,"Alaska Airlines, Qatar Airways",SAN‐HKT,28h45m,2,"SFO, DOH",11:55 pm – 6:45 pm +1,"Qatar Airways, Alaska Airlines",HKT‐SAN,32h50m,2,"DOH, SEA",1644,20220406-1023,best
10:45 am – 7:20 am +2,"Alaska Airlines, Qatar Airways",SAN‐HKT,30h35m,2,"SFO, DOH",11:55 pm – 5:58 pm +1,"Qatar Airways, Alaska Airlines",HKT‐SAN,32h03m,2,"DOH, SFO",1589,20220406-1023,best
10:46 am – 7:20 am +2,"American Airlines, Qatar Airways",SAN‐HKT,30h34m,2,"DFW, DOH",11:55 pm – 9:12 pm +1,"Qatar Airways, American Airlines",HKT‐SAN,35h17m,3,"DOH, JFK, ...",1546,20220406-1023,best
12:35 pm – 7:20 am +2,"Alaska Airlines, Qatar Airways",SAN‐HKT,28h45m,2,"SFO, DOH",11:55 pm – 5:58 pm +1,"Qatar Airways, Alaska Airlines",HKT‐SAN,32h03m,2,"DOH, SFO",1708,20220406-1023,best
7:50 am – 7:20 am +2,Qatar Airways,SAN‐HKT,33h30m,2,"SEA, DOH",11:55 pm – 5:04 pm +1,Qatar Airways,HKT‐SAN,31h09m,2,"DOH, SEA",1617,20220406-1023,best
10:46 am – 7:20 am +2,"American Airlines, Qatar Airways",SAN‐HKT,30h34m,2,"DFW, DOH",11:55 pm – 9:35 pm +1,"Qatar Airways, American Airlines",HKT‐SAN,35h40m,3,"DOH, BOS, ...",1546,20220406-1023,best
10:46 am – 7:20 am +2,"American Airlines, Qatar Airways",SAN‐HKT,30h34m,2,"DFW, DOH",11:55 pm – 9:35 pm +1,"Qatar Airways, American Airlines",HKT‐SAN,35h40m,3,"DOH, ORD, ...",1546,20220406-1023,best
10:46 am – 7:20 am +2,"American Airlines, Qatar Airways",SAN‐HKT,30h34m,2,"DFW, DOH",11:55 pm – 10:21 pm +1,"Qatar Airways, American Airlines",HKT‐SAN,36h26m,3,"DOH, JFK, ...",1546,20220406-1023,best
10:46 am – 7:20 am +2,"American Airlines, Qatar Airways",SAN‐HKT,30h34m,2,"DFW, DOH",11:55 pm – 10:21 pm +1,"Qatar Airways, American Airlines",HKT‐SAN,36h26m,3,"DOH, ORD, ...",1546,20220406-1023,best
5:40 pm – 9:35 am +2,Singapore Airlines,SAN‐HKT,25h55m,2,"SFO, SIN",11:40 am – 11:05 pm,Singapore Airlines,HKT‐SAN,25h25m,2,"SIN, SFO",4126,20220406-1028,fast
5:40 pm – 9:35 am +2,Singapore Airlines,SAN‐HKT,25h55m,2,"SFO, SIN",10:25 am – 11:05 pm,Singapore Airlines,HKT‐SAN,26h40m,2,"SIN, SFO",3654,20220406-1028,fast
4:25 pm – 9:35 am +2,Singapore Airlines,SAN‐HKT,27h10m,2,"SFO, SIN",11:40 am – 11:05 pm,Singapore Airlines,HKT‐SAN,25h25m,2,"SIN, SFO",4126,20220406-1028,fast
5:40 pm – 10:50 am +2,Singapore Airlines,SAN‐HKT,27h10m,2,"SFO, SIN",11:40 am – 11:05 pm,Singapore Airlines,HKT‐SAN,25h25m,2,"SIN, SFO",4126,20220406-1028,fast
4:25 pm – 9:35 am +2,Singapore Airlines,SAN‐HKT,27h10m,2,"SFO, SIN",10:25 am – 11:05 pm,Singapore Airlines,HKT‐SAN,26h40m,2,"SIN, SFO",3654,20220406-1028,fast
4:25 pm – 10:50 am +2,Singapore Airlines,SAN‐HKT,28h25m,2,"SFO, SIN",11:40 am – 11:05 pm,Singapore Airlines,HKT‐SAN,25h25m,2,"SIN, SFO",4126,20220406-1028,fast
12:35 pm – 7:20 am +2,Qatar Airways,SAN‐HKT,28h45m,2,"SFO, DOH",10:25 am – 11:05 pm,Singapore Airlines,HKT‐SAN,26h40m,2,"SIN, SFO",3493,20220406-1028,fast
11:50 am – 7:20 am +2,Qatar Airways,SAN‐HKT,29h30m,2,"SEA, DOH",10:25 am – 11:05 pm,Singapore Airlines,HKT‐SAN,26h40m,2,"SIN, SFO",3491,20220406-1028,fast
5:40 pm – 9:35 am +2,Singapore Airlines,SAN‐HKT,25h55m,2,"SFO, SIN",8:10 pm – 1:28 pm +1,Singapore Airlines,HKT‐SAN,31h18m,2,"SIN, SFO",2760,20220406-1028,fast
10:46 am – 7:20 am +2,Qatar Airways,SAN‐HKT,30h34m,2,"DFW, DOH",10:25 am – 11:05 pm,Singapore Airlines,HKT‐SAN,26h40m,2,"SIN, SFO",3649,20220406-1028,fast
5:40 pm – 9:35 am +2,Singapore Airlines,SAN‐HKT,25h55m,2,"SFO, SIN",11:55 pm – 5:58 pm +1,Qatar Airways,HKT‐SAN,32h03m,2,"DOH, SFO",3919,20220406-1028,fast
4:25 pm – 9:35 am +2,Singapore Airlines,SAN‐HKT,27h10m,2,"SFO, SIN",8:10 pm – 1:28 pm +1,Singapore Airlines,HKT‐SAN,31h18m,2,"SIN, SFO",2797,20220406-1028,fast
5:40 pm – 10:50 am +2,Singapore Airlines,SAN‐HKT,27h10m,2,"SFO, SIN",8:10 pm – 1:28 pm +1,Singapore Airlines,HKT‐SAN,31h18m,2,"SIN, SFO",2797,20220406-1028,fast
5:40 pm – 9:35 am +2,Singapore Airlines,SAN‐HKT,25h55m,2,"SFO, SIN",6:10 pm – 1:28 pm +1,Singapore Airlines,HKT‐SAN,33h18m,2,"SIN, SFO",2797,20220406-1028,fast
4:25 pm – 9:35 am +2,Singapore Airlines,SAN‐HKT,27h10m,2,"SFO, SIN",11:55 pm – 5:58 pm +1,Qatar Airways,HKT‐SAN,32h03m,2,"DOH, SFO",4251,20220406-1028,fast
