Out Time,Out Airline,Out Cities,Out Duration,Out Stops,Out Stop Cities,Return Time,Return Airline,Return Cities,Return Duration,Return Stops,Return Stop Cities,Price,timestamp,sort
12:35 pm – 7:20 am +2,Qatar Airways,SAN‐HKT,28h45m,2,"SFO, DOH",10:00 pm – 1:50 am +2,Multiple Airlines,HKT‐SAN,41h50m,3,"DMK-BKK, MNL, ...",1321,20220406-1010,cheap
11:50 am – 7:20 am +2,"Alaska Airlines, Qatar Airways",SAN‐HKT,29h30m,2,"SEA, DOH",11:55 pm – 5:04 pm +1,"Qatar Airways, Alaska Airlines",HKT‐SAN,31h09m,2,"DOH, SEA",1426,20220406-1010,cheap
11:50 am – 7:20 am +2,"Alaska Airlines, Qatar Airways",SAN‐HKT,29h30m,2,"SEA, DOH",11:55 pm – 6:45 pm +1,"Qatar Airways, Alaska Airlines",HKT‐SAN,32h50m,2,"DOH, SEA",1426,20220406-1010,cheap
7:50 am – 7:20 am +2,"Alaska Airlines, Qatar Airways",SAN‐HKT,33h30m,2,"SEA, DOH",11:55 pm – 5:04 pm +1,"Qatar Airways, Alaska Airlines",HKT‐SAN,31h09m,2,"DOH, SEA",1426,20220406-1010,cheap
11:50 am – 7:20 am +2,"Alaska Airlines, Qatar Airways",SAN‐HKT,29h30m,2,"SEA, DOH",11:55 pm – 9:37 pm +1,"Qatar Airways, Alaska Airlines",HKT‐SAN,35h42m,2,"DOH, SEA",1426,20220406-1010,cheap
6:15 am – 7:20 am +2,"Alaska Airlines, Qatar Airways",SAN‐HKT,35h05m,2,"SEA, DOH",11:55 pm – 5:04 pm +1,"Qatar Airways, Alaska Airlines",HKT‐SAN,31h09m,2,"DOH, SEA",1426,20220406-1010,cheap
7:50 am – 7:20 am +2,"Alaska Airlines, Qatar Airways",SAN‐HKT,33h30m,2,"SEA, DOH",11:55 pm – 6:45 pm +1,"Qatar Airways, Alaska Airlines",HKT‐SAN,32h50m,2,"DOH, SEA",1426,20220406-1010,cheap
11:50 am – 1:15 pm +2,"Alaska Airlines, Qatar Airways",SAN‐HKT,35h25m,2,"SEA, DOH",11:55 pm – 5:04 pm +1,"Qatar Airways, Alaska Airlines",HKT‐SAN,31h09m,2,"DOH, SEA",1426,20220406-1010,cheap
6:15 am – 7:20 am +2,"Alaska Airlines, Qatar Airways",SAN‐HKT,35h05m,2,"SEA, DOH",11:55 pm – 6:45 pm +1,"Qatar Airways, Alaska Airlines",HKT‐SAN,32h50m,2,"DOH, SEA",1426,20220406-1010,cheap
11:50 am – 1:15 pm +2,"Alaska Airlines, Qatar Airways",SAN‐HKT,35h25m,2,"SEA, DOH",11:55 pm – 6:45 pm +1,"Qatar Airways, Alaska Airlines",HKT‐SAN,32h50m,2,"DOH, SEA",1426,20220406-1010,cheap
7:50 am – 7:20 am +2,"Alaska Airlines, Qatar Airways",SAN‐HKT,33h30m,2,"SEA, DOH",11:55 pm – 9:37 pm +1,"Qatar Airways, Alaska Airlines",HKT‐SAN,35h42m,2,"DOH, SEA",1426,20220406-1010,cheap
7:50 am – 1:15 pm +2,"Alaska Airlines, Qatar Airways",SAN‐HKT,39h25m,2,"SEA, DOH",11:55 pm – 5:04 pm +1,"Qatar Airways, Alaska Airlines",HKT‐SAN,31h09m,2,"DOH, SEA",1426,20220406-1010,cheap
6:15 am – 7:20 am +2,"Alaska Airlines, Qatar Airways",SAN‐HKT,35h05m,2,"SEA, DOH",11:55 pm – 9:37 pm +1,"Qatar Airways, Alaska Airlines",HKT‐SAN,35h42m,2,"DOH, SEA",1426,20220406-1010,cheap
11:50 am – 1:15 pm +2,"Alaska Airlines, Qatar Airways",SAN‐HKT,35h25m,2,"SEA, DOH",11:55 pm – 9:37 pm +1,"Qatar Airways, Alaska Airlines",HKT‐SAN,35h42m,2,"DOH, SEA",1426,20220406-1010,cheap
6:15 am – 1:15 pm +2,"Alaska Airlines, Qatar Airways",SAN‐HKT,41h00m,2,"SEA, DOH",11:55 pm – 5:04 pm +1,"Qatar Airways, Alaska Airlines",HKT‐SAN,31h09m,2,"DOH, SEA",1426,20220406-1010,cheap
12:35 pm – 7:20 am +2,"Alaska Airlines, Qatar Airways",SAN‐HKT,28h45m,2,"SFO, DOH",11:55 pm – 5:04 pm +1,"Qatar Airways, Alaska Airlines",HKT‐SAN,31h09m,2,"DOH, SEA",1447,20220406-1007,best
12:35 pm – 7:20 am +2,Qatar Airways,SAN‐HKT,28h45m,2,"SFO, DOH",10:00 pm – 1:50 am +2,Multiple Airlines,HKT‐SAN,41h50m,3,"DMK-BKK, MNL, ...",1321,20220406-1007,best
11:50 am – 7:20 am +2,"Alaska Airlines, Qatar Airways",SAN‐HKT,29h30m,2,"SEA, DOH",11:55 pm – 5:04 pm +1,"Qatar Airways, Alaska Airlines",HKT‐SAN,31h09m,2,"DOH, SEA",1426,20220406-1007,best
12:35 pm – 7:20 am +2,"Alaska Airlines, Qatar Airways",SAN‐HKT,28h45m,2,"SFO, DOH",11:55 pm – 6:45 pm +1,"Qatar Airways, Alaska Airlines",HKT‐SAN,32h50m,2,"DOH, SEA",1447,20220406-1007,best
11:50 am – 7:20 am +2,"Alaska Airlines, Qatar Airways",SAN‐HKT,29h30m,2,"SEA, DOH",11:55 pm – 6:45 pm +1,"Qatar Airways, Alaska Airlines",HKT‐SAN,32h50m,2,"DOH, SEA",1426,20220406-1007,best
10:45 am – 7:20 am +2,"Alaska Airlines, Qatar Airways",SAN‐HKT,30h35m,2,"SFO, DOH",11:55 pm – 5:04 pm +1,"Qatar Airways, Alaska Airlines",HKT‐SAN,31h09m,2,"DOH, SEA",1447,20220406-1007,best
12:35 pm – 7:20 am +2,"Alaska Airlines, Qatar Airways",SAN‐HKT,28h45m,2,"SFO, DOH",9:05 pm – 5:04 pm +1,"Qatar Airways, Alaska Airlines",HKT‐SAN,33h59m,2,"DOH, SEA",1447,20220406-1007,best
10:45 am – 7:20 am +2,"Alaska Airlines, Qatar Airways",SAN‐HKT,30h35m,2,"SFO, DOH",11:55 pm – 6:45 pm +1,"Qatar Airways, Alaska Airlines",HKT‐SAN,32h50m,2,"DOH, SEA",1447,20220406-1007,best
11:50 am – 7:20 am +2,"Alaska Airlines, Qatar Airways",SAN‐HKT,29h30m,2,"SEA, DOH",9:05 pm – 5:04 pm +1,Qatar Airways,HKT‐SAN,33h59m,2,"DOH, SEA",1437,20220406-1007,best
12:35 pm – 7:20 am +2,"Alaska Airlines, Qatar Airways",SAN‐HKT,28h45m,2,"SFO, DOH",9:05 pm – 6:45 pm +1,"Qatar Airways, Alaska Airlines",HKT‐SAN,35h40m,2,"DOH, SEA",1447,20220406-1007,best
11:50 am – 7:20 am +2,"Alaska Airlines, Qatar Airways",SAN‐HKT,29h30m,2,"SEA, DOH",11:55 pm – 9:37 pm +1,"Qatar Airways, Alaska Airlines",HKT‐SAN,35h42m,2,"DOH, SEA",1426,20220406-1007,best
7:50 am – 7:20 am +2,"Alaska Airlines, Qatar Airways",SAN‐HKT,33h30m,2,"SEA, DOH",11:55 pm – 5:04 pm +1,"Qatar Airways, Alaska Airlines",HKT‐SAN,31h09m,2,"DOH, SEA",1426,20220406-1007,best
11:50 am – 7:20 am +2,"Alaska Airlines, Qatar Airways",SAN‐HKT,29h30m,2,"SEA, DOH",9:05 pm – 6:45 pm +1,Qatar Airways,HKT‐SAN,35h40m,2,"DOH, SEA",1437,20220406-1007,best
11:50 am – 1:15 pm +2,"Alaska Airlines, Qatar Airways",SAN‐HKT,35h25m,2,"SEA, DOH",11:55 pm – 5:04 pm +1,"Qatar Airways, Alaska Airlines",HKT‐SAN,31h09m,2,"DOH, SEA",1426,20220406-1007,best
11:50 am – 7:20 am +2,"Alaska Airlines, Qatar Airways",SAN‐HKT,29h30m,2,"SEA, DOH",11:55 pm – 9:43 pm +1,Qatar Airways,HKT‐SAN,35h48m,2,"DOH, JFK",1489,20220406-1007,best
11:50 am – 7:20 am +2,"Alaska Airlines, Qatar Airways",SAN‐HKT,29h30m,2,"SEA, DOH",11:55 pm – 5:58 pm +1,"Qatar Airways, Alaska Airlines",HKT‐SAN,32h03m,2,"DOH, SFO",1561,20220406-1007,best
7:00 pm – 1:15 pm +2,"British Airways, Qatar Airways",SAN‐HKT,28h15m,2,"LHR, DOH",9:05 pm – 1:45 pm +1,Qatar Airways,HKT‐SAN,30h40m,2,"DOH, DFW",3120,20220406-1013,fast
7:00 pm – 1:15 pm +2,"British Airways, Qatar Airways",SAN‐HKT,28h15m,2,"LHR, DOH",9:05 pm – 1:45 pm +1,Qatar Airways,HKT‐SAN,30h40m,2,"DOH, DFW",3120,20220406-1013,fast
4:25 pm – 9:35 am +2,Singapore Airlines,SAN‐HKT,27h10m,2,"SFO, SIN",11:55 pm – 5:58 pm +1,Qatar Airways,HKT‐SAN,32h03m,2,"DOH, SFO",3919,20220406-1013,fast
12:35 pm – 7:20 am +2,Qatar Airways,SAN‐HKT,28h45m,2,"SFO, DOH",9:05 pm – 1:45 pm +1,Qatar Airways,HKT‐SAN,30h40m,2,"DOH, DFW",2108,20220406-1013,fast
7:00 pm – 1:15 pm +2,"British Airways, Qatar Airways",SAN‐HKT,28h15m,2,"LHR, DOH",11:55 pm – 5:05 pm +1,"Qatar Airways, British Airways",HKT‐SAN,31h10m,2,"DOH, LHR",4055,20220406-1013,fast
7:00 pm – 1:15 pm +2,"British Airways, Qatar Airways",SAN‐HKT,28h15m,2,"LHR, DOH",11:55 pm – 5:05 pm +1,"Qatar Airways, British Airways",HKT‐SAN,31h10m,2,"DOH, LHR",4055,20220406-1013,fast
12:35 pm – 7:20 am +2,"Alaska Airlines, Qatar Airways",SAN‐HKT,28h45m,2,"SFO, DOH",11:55 pm – 5:04 pm +1,"Qatar Airways, Alaska Airlines",HKT‐SAN,31h09m,2,"DOH, SEA",1447,20220406-1013,fast
11:50 am – 7:20 am +2,Qatar Airways,SAN‐HKT,29h30m,2,"SEA, DOH",9:05 pm – 1:45 pm +1,Qatar Airways,HKT‐SAN,30h40m,2,"DOH, DFW",2190,20220406-1013,fast
4:25 pm – 10:50 am +2,Singapore Airlines,SAN‐HKT,28h25m,2,"SFO, SIN",11:55 pm – 5:58 pm +1,Qatar Airways,HKT‐SAN,32h03m,2,"DOH, SFO",4251,20220406-1013,fast
12:35 pm – 7:20 am +2,Qatar Airways,SAN‐HKT,28h45m,2,"SFO, DOH",12:10 am – 5:58 pm,"Emirates, Alaska Airlines",HKT‐SAN,31h48m,2,"DXB, SFO",1874,20220406-1013,fast
11:50 am – 7:20 am +2,"Alaska Airlines, Qatar Airways",SAN‐HKT,29h30m,2,"SEA, DOH",11:55 pm – 5:04 pm +1,"Qatar Airways, Alaska Airlines",HKT‐SAN,31h09m,2,"DOH, SEA",1426,20220406-1013,fast
12:35 pm – 7:20 am +2,"Alaska Airlines, Qatar Airways",SAN‐HKT,28h45m,2,"SFO, DOH",11:55 pm – 5:58 pm +1,"Qatar Airways, Alaska Airlines",HKT‐SAN,32h03m,2,"DOH, SFO",1589,20220406-1013,fast
10:46 am – 7:20 am +2,"American Airlines, Qatar Airways",SAN‐HKT,30h34m,2,"DFW, DOH",9:05 pm – 1:45 pm +1,"Qatar Airways, American Airlines",HKT‐SAN,30h40m,2,"DOH, DFW",1840,20220406-1013,fast
2:15 pm – 9:35 am +2,Singapore Airlines,SAN‐HKT,29h20m,2,"SFO, SIN",11:55 pm – 5:58 pm +1,Qatar Airways,HKT‐SAN,32h03m,2,"DOH, SFO",4251,20220406-1013,fast
11:50 am – 7:20 am +2,"Alaska Airlines, Qatar Airways",SAN‐HKT,29h30m,2,"SEA, DOH",11:55 pm – 5:58 pm +1,"Qatar Airways, Alaska Airlines",HKT‐SAN,32h03m,2,"DOH, SFO",1561,20220406-1013,fast
