Out Time,Out Airline,Out Cities,Out Duration,Out Stops,Out Stop Cities,Return Time,Return Airline,Return Cities,Return Duration,Return Stops,Return Stop Cities,Price,timestamp,sort
8:45 pm – 9:35 am +3,"JetBlue, Singapore Airlines",SAN‐HKT,46h50m,3,"JFK, FRA, ...",11:40 am – 2:35 pm +1,"Singapore Airlines, Delta",HKT‐SAN,40h55m,2,"SIN, LAX",2092,20220406-1736,cheap
10:20 am – 6:55 am +2,"Alaska Airlines, Qatar Airways",SAN‐HKT,30h35m,2,"SFO, DOH",12:10 am – 6:52 pm,"Emirates, Alaska Airlines",HKT‐SAN,32h42m,2,"DXB, SFO",2142,20220406-1736,cheap
8:25 am – 6:55 am +2,"Alaska Airlines, Qatar Airways",SAN‐HKT,32h30m,2,"SFO, DOH",12:10 am – 6:52 pm,"Emirates, Alaska Airlines",HKT‐SAN,32h42m,2,"DXB, SFO",2142,20220406-1736,cheap
10:20 am – 6:55 am +2,"Alaska Airlines, Qatar Airways",SAN‐HKT,30h35m,2,"SFO, DOH",12:10 am – 9:42 pm,"Emirates, Alaska Airlines",HKT‐SAN,35h32m,2,"DXB, SFO",2142,20220406-1736,cheap
6:25 am – 6:55 am +2,"Alaska Airlines, Qatar Airways",SAN‐HKT,34h30m,2,"SFO, DOH",12:10 am – 6:52 pm,"Emirates, Alaska Airlines",HKT‐SAN,32h42m,2,"DXB, SFO",2142,20220406-1736,cheap
8:25 am – 6:55 am +2,"Alaska Airlines, Qatar Airways",SAN‐HKT,32h30m,2,"SFO, DOH",12:10 am – 9:42 pm,"Emirates, Alaska Airlines",HKT‐SAN,35h32m,2,"DXB, SFO",2142,20220406-1736,cheap
10:20 am – 6:55 am +2,"Alaska Airlines, Qatar Airways",SAN‐HKT,30h35m,2,"SFO, DOH",12:10 am – 11:49 pm,"Emirates, Alaska Airlines",HKT‐SAN,37h39m,2,"DXB, SFO",2142,20220406-1736,cheap
10:20 am – 1:15 pm +2,"Alaska Airlines, Qatar Airways",SAN‐HKT,36h55m,2,"SFO, DOH",12:10 am – 6:52 pm,"Emirates, Alaska Airlines",HKT‐SAN,32h42m,2,"DXB, SFO",2142,20220406-1736,cheap
6:25 am – 6:55 am +2,"Alaska Airlines, Qatar Airways",SAN‐HKT,34h30m,2,"SFO, DOH",12:10 am – 9:42 pm,"Emirates, Alaska Airlines",HKT‐SAN,35h32m,2,"DXB, SFO",2142,20220406-1736,cheap
8:25 am – 6:55 am +2,"Alaska Airlines, Qatar Airways",SAN‐HKT,32h30m,2,"SFO, DOH",12:10 am – 11:49 pm,"Emirates, Alaska Airlines",HKT‐SAN,37h39m,2,"DXB, SFO",2142,20220406-1736,cheap
8:25 am – 1:15 pm +2,"Alaska Airlines, Qatar Airways",SAN‐HKT,38h50m,2,"SFO, DOH",12:10 am – 6:52 pm,"Emirates, Alaska Airlines",HKT‐SAN,32h42m,2,"DXB, SFO",2142,20220406-1736,cheap
6:25 am – 6:55 am +2,"Alaska Airlines, Qatar Airways",SAN‐HKT,34h30m,2,"SFO, DOH",12:10 am – 11:49 pm,"Emirates, Alaska Airlines",HKT‐SAN,37h39m,2,"DXB, SFO",2142,20220406-1736,cheap
10:20 am – 1:15 pm +2,"Alaska Airlines, Qatar Airways",SAN‐HKT,36h55m,2,"SFO, DOH",12:10 am – 9:42 pm,"Emirates, Alaska Airlines",HKT‐SAN,35h32m,2,"DXB, SFO",2142,20220406-1736,cheap
8:25 am – 1:15 pm +2,"Alaska Airlines, Qatar Airways",SAN‐HKT,38h50m,2,"SFO, DOH",12:10 am – 9:42 pm,"Emirates, Alaska Airlines",HKT‐SAN,35h32m,2,"DXB, SFO",2142,20220406-1736,cheap
10:20 am – 1:15 pm +2,"Alaska Airlines, Qatar Airways",SAN‐HKT,36h55m,2,"SFO, DOH",12:10 am – 11:49 pm,"Emirates, Alaska Airlines",HKT‐SAN,37h39m,2,"DXB, SFO",2142,20220406-1736,cheap
1:00 pm – 6:55 am +2,Qatar Airways,SAN‐HKT,27h55m,2,"SEA, DOH",11:55 pm – 7:58 pm +1,Qatar Airways,HKT‐SAN,34h03m,2,"DOH, SEA",2249,20220406-1734,best
8:45 pm – 9:35 am +3,"JetBlue, Singapore Airlines",SAN‐HKT,46h50m,3,"JFK, FRA, ...",11:40 am – 2:35 pm +1,"Singapore Airlines, Delta",HKT‐SAN,40h55m,2,"SIN, LAX",2092,20220406-1734,best
1:00 pm – 6:55 am +2,Qatar Airways,SAN‐HKT,27h55m,2,"SEA, DOH",12:10 am – 6:52 pm,"Emirates, Alaska Airlines",HKT‐SAN,32h42m,2,"DXB, SFO",2323,20220406-1734,best
12:40 pm – 6:55 am +2,"American Airlines, Qatar Airways",SAN‐HKT,28h15m,2,"DFW, DOH",11:55 pm – 7:35 pm +1,"Qatar Airways, American Airlines",HKT‐SAN,33h40m,2,"DOH, ORD",2278,20220406-1734,best
10:20 am – 6:55 am +2,"Alaska Airlines, Qatar Airways",SAN‐HKT,30h35m,2,"SFO, DOH",12:10 am – 6:52 pm,"Emirates, Alaska Airlines",HKT‐SAN,32h42m,2,"DXB, SFO",2142,20220406-1734,best
1:00 pm – 6:55 am +2,Qatar Airways,SAN‐HKT,27h55m,2,"SEA, DOH",11:55 pm – 6:52 pm +1,Qatar Airways,HKT‐SAN,32h57m,2,"DOH, SFO",2416,20220406-1734,best
10:20 am – 6:55 am +2,Qatar Airways,SAN‐HKT,30h35m,2,"SFO, DOH",11:55 pm – 7:58 pm +1,Qatar Airways,HKT‐SAN,34h03m,2,"DOH, SEA",2175,20220406-1734,best
1:00 pm – 6:55 am +2,Qatar Airways,SAN‐HKT,27h55m,2,"SEA, DOH",11:55 pm – 9:54 pm +1,Qatar Airways,HKT‐SAN,35h59m,2,"DOH, JFK",2240,20220406-1734,best
4:00 pm – 1:15 pm +2,"American Airlines, Qatar Airways",SAN‐HKT,31h15m,2,"DFW, DOH",11:55 pm – 7:35 pm +1,"Qatar Airways, American Airlines",HKT‐SAN,33h40m,2,"DOH, ORD",2189,20220406-1734,best
10:20 am – 6:55 am +2,Qatar Airways,SAN‐HKT,30h35m,2,"SFO, DOH",11:55 pm – 6:52 pm +1,Qatar Airways,HKT‐SAN,32h57m,2,"DOH, SFO",2292,20220406-1734,best
8:25 am – 6:55 am +2,"Alaska Airlines, Qatar Airways",SAN‐HKT,32h30m,2,"SFO, DOH",12:10 am – 6:52 pm,"Emirates, Alaska Airlines",HKT‐SAN,32h42m,2,"DXB, SFO",2142,20220406-1734,best
10:40 am – 6:55 am +2,"American Airlines, Qatar Airways",SAN‐HKT,30h15m,2,"DFW, DOH",11:55 pm – 7:35 pm +1,"Qatar Airways, American Airlines",HKT‐SAN,33h40m,2,"DOH, ORD",2278,20220406-1734,best
1:00 pm – 6:55 am +2,Qatar Airways,SAN‐HKT,27h55m,2,"SEA, DOH",12:10 am – 9:42 pm,"Emirates, Alaska Airlines",HKT‐SAN,35h32m,2,"DXB, SFO",2323,20220406-1734,best
10:20 am – 6:55 am +2,"Alaska Airlines, Qatar Airways",SAN‐HKT,30h35m,2,"SFO, DOH",12:10 am – 9:42 pm,"Emirates, Alaska Airlines",HKT‐SAN,35h32m,2,"DXB, SFO",2142,20220406-1734,best
12:40 pm – 6:55 am +2,"American Airlines, Qatar Airways",SAN‐HKT,28h15m,2,"DFW, DOH",11:55 pm – 9:23 pm +1,"Qatar Airways, American Airlines",HKT‐SAN,35h28m,2,"DOH, PHL",2356,20220406-1734,best
10:20 am – 6:55 am +2,Qatar Airways,SAN‐HKT,30h35m,2,"SFO, DOH",11:55 pm – 9:54 pm +1,Qatar Airways,HKT‐SAN,35h59m,2,"DOH, JFK",2167,20220406-1734,best
5:15 pm – 9:35 am +2,Singapore Airlines,SAN‐HKT,26h20m,2,"SFO, SIN",11:40 am – 11:49 pm,Singapore Airlines,HKT‐SAN,26h09m,2,"SIN, SFO",4105,20220406-1739,fast
5:15 pm – 10:50 am +2,Singapore Airlines,SAN‐HKT,27h35m,2,"SFO, SIN",11:40 am – 11:49 pm,Singapore Airlines,HKT‐SAN,26h09m,2,"SIN, SFO",4172,20220406-1739,fast
5:15 pm – 9:35 am +2,Singapore Airlines,SAN‐HKT,26h20m,2,"SFO, SIN",10:25 am – 11:49 pm,Singapore Airlines,HKT‐SAN,27h24m,2,"SIN, SFO",4172,20220406-1739,fast
1:00 pm – 6:55 am +2,Qatar Airways,SAN‐HKT,27h55m,2,"SEA, DOH",11:40 am – 11:49 pm,Singapore Airlines,HKT‐SAN,26h09m,2,"SIN, SFO",4739,20220406-1739,fast
12:40 pm – 6:55 am +2,Qatar Airways,SAN‐HKT,28h15m,2,"DFW, DOH",11:40 am – 11:49 pm,Singapore Airlines,HKT‐SAN,26h09m,2,"SIN, SFO",5037,20220406-1739,fast
3:10 pm – 9:35 am +2,Singapore Airlines,SAN‐HKT,28h25m,2,"SFO, SIN",11:40 am – 11:49 pm,Singapore Airlines,HKT‐SAN,26h09m,2,"SIN, SFO",4172,20220406-1739,fast
5:15 pm – 10:50 am +2,Singapore Airlines,SAN‐HKT,27h35m,2,"SFO, SIN",10:25 am – 11:49 pm,Singapore Airlines,HKT‐SAN,27h24m,2,"SIN, SFO",4172,20220406-1739,fast
1:00 pm – 6:55 am +2,Qatar Airways,SAN‐HKT,27h55m,2,"SEA, DOH",10:25 am – 11:49 pm,Singapore Airlines,HKT‐SAN,27h24m,2,"SIN, SFO",4739,20220406-1739,fast
12:40 pm – 6:55 am +2,Qatar Airways,SAN‐HKT,28h15m,2,"DFW, DOH",10:25 am – 11:49 pm,Singapore Airlines,HKT‐SAN,27h24m,2,"SIN, SFO",5037,20220406-1739,fast
3:10 pm – 9:35 am +2,Singapore Airlines,SAN‐HKT,28h25m,2,"SFO, SIN",10:25 am – 11:49 pm,Singapore Airlines,HKT‐SAN,27h24m,2,"SIN, SFO",4172,20220406-1739,fast
3:10 pm – 10:50 am +2,Singapore Airlines,SAN‐HKT,29h40m,2,"SFO, SIN",11:40 am – 11:49 pm,Singapore Airlines,HKT‐SAN,26h09m,2,"SIN, SFO",4172,20220406-1739,fast
7:00 pm – 3:05 pm +2,"British Airways, Thai Airways",SAN‐HKT,30h05m,1,LHR,11:55 am – 11:49 pm,Multiple Airlines,HKT‐SAN,25h54m,2,"SGN, SFO",3329,20220406-1739,fast
7:00 pm – 3:05 pm +2,"Iberia, Thai Airways",SAN‐HKT,30h05m,1,LHR,11:15 pm – 11:15 am +1,"Thai Vietjet Air, Japan Airlines",HKT‐SAN,26h00m,2,"BKK, NRT",4831,20220406-1739,fast
10:40 am – 6:55 am +2,Qatar Airways,SAN‐HKT,30h15m,2,"DFW, DOH",11:40 am – 11:49 pm,Singapore Airlines,HKT‐SAN,26h09m,2,"SIN, SFO",4831,20220406-1739,fast
10:20 am – 6:55 am +2,Qatar Airways,SAN‐HKT,30h35m,2,"SFO, DOH",11:40 am – 11:49 pm,"Singapore Airlines, Alaska Airlines",HKT‐SAN,26h09m,2,"SIN, SFO",4602,20220406-1739,fast
