Out Time,Out Airline,Out Cities,Out Duration,Out Stops,Out Stop Cities,Return Time,Return Airline,Return Cities,Return Duration,Return Stops,Return Stop Cities,Price,timestamp,sort
5:25 pm – 7:05 pm +2,"Lufthansa, Bangkok Airways",SAN‐HKT,35h40m,2,"MUC, BKK",8:10 pm – 3:35 pm +1,"Singapore Airlines, Lufthansa",HKT‐SAN,33h25m,2,"SIN, MUC",1875,20220406-1507,cheap
5:25 pm – 7:05 pm +2,"Lufthansa, Bangkok Airways",SAN‐HKT,35h40m,2,"MUC, BKK",2:40 pm – 3:35 pm +1,"Bangkok Airways, Lufthansa",HKT‐SAN,38h55m,2,"BKK, MUC",1875,20220406-1507,cheap
5:25 pm – 7:05 pm +2,"Lufthansa, Bangkok Airways",SAN‐HKT,35h40m,2,"MUC, BKK",10:20 am – 3:35 pm +1,"Bangkok Airways, Lufthansa",HKT‐SAN,43h15m,2,"BKK, MUC",1875,20220406-1507,cheap
5:25 pm – 7:05 pm +2,"Lufthansa, Bangkok Airways",SAN‐HKT,35h40m,2,"MUC, BKK",7:40 pm – 3:35 pm +1,"THAI Smile, Lufthansa",HKT‐SAN,33h55m,2,"BKK, MUC",1880,20220406-1507,cheap
5:25 pm – 7:05 pm +2,"Lufthansa, Bangkok Airways",SAN‐HKT,35h40m,2,"MUC, BKK",5:05 pm – 3:35 pm +1,"THAI Smile, Lufthansa",HKT‐SAN,36h30m,2,"BKK, MUC",1880,20220406-1507,cheap
5:25 pm – 7:05 pm +2,"Lufthansa, Bangkok Airways",SAN‐HKT,35h40m,2,"MUC, BKK",4:05 pm – 3:35 pm +1,"THAI Smile, Lufthansa",HKT‐SAN,37h30m,2,"BKK, MUC",1880,20220406-1507,cheap
5:25 pm – 7:05 pm +2,"Lufthansa, Bangkok Airways",SAN‐HKT,35h40m,2,"MUC, BKK",1:00 pm – 3:35 pm +1,"THAI Smile, Lufthansa",HKT‐SAN,40h35m,2,"BKK, MUC",1880,20220406-1507,cheap
5:25 pm – 7:05 pm +2,"Lufthansa, Bangkok Airways",SAN‐HKT,35h40m,2,"MUC, BKK",11:40 am – 3:35 pm +1,"THAI Smile, Lufthansa",HKT‐SAN,41h55m,2,"BKK, MUC",1880,20220406-1507,cheap
5:25 pm – 7:05 pm +2,"Lufthansa, Bangkok Airways",SAN‐HKT,35h40m,2,"MUC, BKK",11:25 am – 3:35 pm +1,"THAI Smile, Lufthansa",HKT‐SAN,42h10m,2,"BKK, MUC",1880,20220406-1507,cheap
5:25 pm – 7:05 pm +2,"Lufthansa, Bangkok Airways",SAN‐HKT,35h40m,2,"MUC, BKK",10:15 am – 3:35 pm +1,"THAI Smile, Lufthansa",HKT‐SAN,43h20m,2,"BKK, MUC",1880,20220406-1507,cheap
8:22 pm – 9:35 am +3,"JetBlue, Singapore Airlines",SAN‐HKT,47h13m,3,"JFK, FRA, ...",8:10 pm – 11:58 pm +1,Singapore Airlines,HKT‐SAN,41h48m,2,"SIN, SFO",1918,20220406-1507,cheap
5:25 pm – 7:05 pm +2,"Lufthansa, Bangkok Airways",SAN‐HKT,35h40m,2,"MUC, BKK",8:15 am – 3:35 pm +1,"THAI Smile, Lufthansa",HKT‐SAN,45h20m,2,"BKK, MUC",1971,20220406-1507,cheap
6:15 am – 12:30 pm +2,"Alaska Airlines, Emirates",SAN‐HKT,40h15m,2,"SEA, DXB",12:10 am – 11:38 pm,"Emirates, Alaska Airlines",HKT‐SAN,37h28m,2,"DXB, SEA",1992,20220406-1507,cheap
5:25 pm – 7:05 pm +2,"Lufthansa, Bangkok Airways",SAN‐HKT,35h40m,2,"MUC, BKK",7:50 pm – 3:35 pm +1,"Scoot, Lufthansa",HKT‐SAN,33h45m,2,"SIN, MUC",2013,20220406-1507,cheap
8:22 pm – 9:35 am +3,"JetBlue, Singapore Airlines",SAN‐HKT,47h13m,3,"JFK, FRA, ...",11:40 am – 1:23 pm +1,Singapore Airlines,HKT‐SAN,39h43m,2,"SIN, SFO",2031,20220406-1507,cheap
5:25 pm – 7:05 pm +2,"Lufthansa, Bangkok Airways",SAN‐HKT,35h40m,2,"MUC, BKK",8:10 pm – 3:35 pm +1,"Singapore Airlines, Lufthansa",HKT‐SAN,33h25m,2,"SIN, MUC",1875,20220406-1505,best
6:05 pm – 9:35 am +2,Singapore Airlines,SAN‐HKT,25h30m,2,"SFO, SIN",11:40 am – 11:58 pm,Singapore Airlines,HKT‐SAN,26h18m,2,"SIN, SFO",3108,20220406-1505,best
5:25 pm – 7:05 pm +2,"Lufthansa, Bangkok Airways",SAN‐HKT,35h40m,2,"MUC, BKK",7:40 pm – 3:35 pm +1,"THAI Smile, Lufthansa",HKT‐SAN,33h55m,2,"BKK, MUC",1880,20220406-1505,best
6:05 pm – 9:35 am +2,Singapore Airlines,SAN‐HKT,25h30m,2,"SFO, SIN",8:10 pm – 1:23 pm +1,Singapore Airlines,HKT‐SAN,31h13m,2,"SIN, SFO",2894,20220406-1505,best
6:05 pm – 10:50 am +2,Singapore Airlines,SAN‐HKT,26h45m,2,"SFO, SIN",11:40 am – 11:58 pm,Singapore Airlines,HKT‐SAN,26h18m,2,"SIN, SFO",3152,20220406-1505,best
6:05 pm – 9:35 am +2,Singapore Airlines,SAN‐HKT,25h30m,2,"SFO, SIN",10:25 am – 11:58 pm,Singapore Airlines,HKT‐SAN,27h33m,2,"SIN, SFO",3152,20220406-1505,best
5:25 pm – 7:05 pm +2,"Lufthansa, Bangkok Airways",SAN‐HKT,35h40m,2,"MUC, BKK",5:05 pm – 3:35 pm +1,"THAI Smile, Lufthansa",HKT‐SAN,36h30m,2,"BKK, MUC",1880,20220406-1505,best
6:05 pm – 10:50 am +2,Singapore Airlines,SAN‐HKT,26h45m,2,"SFO, SIN",8:10 pm – 1:23 pm +1,Singapore Airlines,HKT‐SAN,31h13m,2,"SIN, SFO",2894,20220406-1505,best
6:05 pm – 10:50 am +2,Singapore Airlines,SAN‐HKT,26h45m,2,"SFO, SIN",10:25 am – 11:58 pm,Singapore Airlines,HKT‐SAN,27h33m,2,"SIN, SFO",3152,20220406-1505,best
1:00 pm – 1:15 pm +2,Qatar Airways,SAN‐HKT,34h15m,2,"SEA, DOH",11:55 pm – 5:06 pm +1,Qatar Airways,HKT‐SAN,31h11m,2,"DOH, SEA",2249,20220406-1505,best
5:25 pm – 7:05 pm +2,"Lufthansa, Bangkok Airways",SAN‐HKT,35h40m,2,"MUC, BKK",4:05 pm – 3:35 pm +1,"THAI Smile, Lufthansa",HKT‐SAN,37h30m,2,"BKK, MUC",1880,20220406-1505,best
1:00 pm – 1:15 pm +2,Qatar Airways,SAN‐HKT,34h15m,2,"SEA, DOH",11:55 pm – 5:42 pm +1,Qatar Airways,HKT‐SAN,31h47m,2,"DOH, SFO",2221,20220406-1505,best
6:05 pm – 9:35 am +2,Singapore Airlines,SAN‐HKT,25h30m,2,"SFO, SIN",6:10 pm – 1:23 pm +1,Singapore Airlines,HKT‐SAN,33h13m,2,"SIN, SFO",2894,20220406-1505,best
1:00 pm – 1:15 pm +2,"Alaska Airlines, Qatar Airways",SAN‐HKT,34h15m,2,"SEA, DOH",12:10 am – 5:42 pm,"Emirates, Alaska Airlines",HKT‐SAN,31h32m,2,"DXB, SFO",2282,20220406-1505,best
5:25 pm – 7:05 pm +2,"Lufthansa, Bangkok Airways",SAN‐HKT,35h40m,2,"MUC, BKK",2:40 pm – 3:35 pm +1,"Bangkok Airways, Lufthansa",HKT‐SAN,38h55m,2,"BKK, MUC",1875,20220406-1505,best
7:45 pm – 10:55 am +2,Multiple Airlines,SAN‐HKT,25h10m,2,"SFO, SGN",11:55 am – 11:58 pm,Multiple Airlines,HKT‐SAN,26h03m,2,"SGN, SFO",2305,20220406-1509,fast
6:05 pm – 9:35 am +2,Singapore Airlines,SAN‐HKT,25h30m,2,"SFO, SIN",11:40 am – 11:58 pm,Singapore Airlines,HKT‐SAN,26h18m,2,"SIN, SFO",3108,20220406-1509,fast
6:05 pm – 10:50 am +2,Singapore Airlines,SAN‐HKT,26h45m,2,"SFO, SIN",11:40 am – 11:58 pm,Singapore Airlines,HKT‐SAN,26h18m,2,"SIN, SFO",3152,20220406-1509,fast
6:05 pm – 9:35 am +2,Singapore Airlines,SAN‐HKT,25h30m,2,"SFO, SIN",10:25 am – 11:58 pm,Singapore Airlines,HKT‐SAN,27h33m,2,"SIN, SFO",3152,20220406-1509,fast
6:05 pm – 10:50 am +2,Singapore Airlines,SAN‐HKT,26h45m,2,"SFO, SIN",10:25 am – 11:58 pm,Singapore Airlines,HKT‐SAN,27h33m,2,"SIN, SFO",3152,20220406-1509,fast
6:05 pm – 9:35 am +2,Singapore Airlines,SAN‐HKT,25h30m,2,"SFO, SIN",8:10 pm – 1:23 pm +1,Singapore Airlines,HKT‐SAN,31h13m,2,"SIN, SFO",2894,20220406-1509,fast
6:05 pm – 10:50 am +2,Singapore Airlines,SAN‐HKT,26h45m,2,"SFO, SIN",8:10 pm – 1:23 pm +1,Singapore Airlines,HKT‐SAN,31h13m,2,"SIN, SFO",2894,20220406-1509,fast
6:05 pm – 9:35 am +2,Singapore Airlines,SAN‐HKT,25h30m,2,"SFO, SIN",6:10 pm – 1:23 pm +1,Singapore Airlines,HKT‐SAN,33h13m,2,"SIN, SFO",2894,20220406-1509,fast
7:45 pm – 10:55 am +2,Multiple Airlines,SAN‐HKT,25h10m,2,"SFO, SGN",11:55 am – 7:32 am +1,Multiple Airlines,HKT‐SAN,33h37m,2,"SGN, SFO",2305,20220406-1509,fast
10:55 am – 9:35 am +2,"Alaska Airlines, Singapore Airlines",SAN‐HKT,32h40m,2,"SFO, SIN",11:40 am – 11:58 pm,Singapore Airlines,HKT‐SAN,26h18m,2,"SIN, SFO",3152,20220406-1509,fast
6:05 pm – 9:35 am +2,Singapore Airlines,SAN‐HKT,25h30m,2,"SFO, SIN",11:40 am – 7:32 am +1,"Singapore Airlines, Alaska Airlines",HKT‐SAN,33h52m,2,"SIN, SFO",3152,20220406-1509,fast
6:05 pm – 5:10 pm +2,"Alaska Airlines, Singapore Airlines",SAN‐HKT,33h05m,2,"SFO, SIN",11:40 am – 11:58 pm,"Singapore Airlines, Alaska Airlines",HKT‐SAN,26h18m,2,"SIN, SFO",3152,20220406-1509,fast
2:00 pm – 1:15 pm +2,Qatar Airways,SAN‐HKT,33h15m,2,"DFW, DOH",11:40 am – 11:58 pm,Singapore Airlines,HKT‐SAN,26h18m,2,"SIN, SFO",3383,20220406-1509,fast
6:05 pm – 10:50 am +2,Singapore Airlines,SAN‐HKT,26h45m,2,"SFO, SIN",6:10 pm – 1:23 pm +1,Singapore Airlines,HKT‐SAN,33h13m,2,"SIN, SFO",2894,20220406-1509,fast
7:00 pm – 1:15 pm +2,"British Airways, Qatar Airways",SAN‐HKT,28h15m,2,"LHR, DOH",11:55 pm – 5:42 pm +1,"Qatar Airways, Alaska Airlines",HKT‐SAN,31h47m,2,"DOH, SFO",2795,20220406-1509,fast
