Out Time,Out Airline,Out Cities,Out Duration,Out Stops,Out Stop Cities,Return Time,Return Airline,Return Cities,Return Duration,Return Stops,Return Stop Cities,Price,timestamp,sort
9:15 am – 7:20 am +2,"Alaska Airlines, Qatar Airways",SAN‐HKT,32h05m,2,"EWR-JFK, DOH",11:55 pm – 9:58 pm +1,"Qatar Airways, Alaska Airlines",HKT‐SAN,36h03m,2,"DOH, JFK",1217,20220406-0916,cheap
9:15 am – 7:20 am +2,"Alaska Airlines, Qatar Airways",SAN‐HKT,32h05m,2,"EWR-JFK, DOH",11:55 pm – 9:03 pm +2,"Qatar Airways, Alaska Airlines",HKT‐SAN,59h08m,2,"DOH, JFK-EWR",1221,20220406-0916,cheap
9:15 am – 7:20 am +2,"Alaska Airlines, Qatar Airways",SAN‐HKT,32h05m,2,"EWR-JFK, DOH",11:55 pm – 12:04 pm +2,"Qatar Airways, Alaska Airlines",HKT‐SAN,50h09m,2,"DOH, JFK",1228,20220406-0916,cheap
3:39 pm – 12:30 pm +3,Multiple Airlines,SAN‐HKT,54h51m,3,"DEN, BWI-IAD, ...",8:50 am – 1:50 am +1,Multiple Airlines,HKT‐SAN,31h00m,3,"BKK, MNL, ...",1239,20220406-0916,cheap
6:15 am – 7:20 am +2,"Alaska Airlines, Qatar Airways",SAN‐HKT,35h05m,2,"SEA, DOH",11:55 pm – 9:58 pm +1,"Qatar Airways, Alaska Airlines",HKT‐SAN,36h03m,2,"DOH, JFK",1252,20220406-0916,cheap
8:45 pm – 7:20 am +3,"Alaska Airlines, Qatar Airways",SAN‐HKT,44h35m,2,"SEA, DOH",11:55 pm – 9:58 pm +1,"Qatar Airways, Alaska Airlines",HKT‐SAN,36h03m,2,"DOH, JFK",1267,20220406-0916,cheap
3:21 pm – 7:20 am +3,"Alaska Airlines, Qatar Airways",SAN‐HKT,49h59m,2,"SEA, DOH",11:55 pm – 9:58 pm +1,"Qatar Airways, Alaska Airlines",HKT‐SAN,36h03m,2,"DOH, JFK",1267,20220406-0916,cheap
6:15 am – 7:20 am +2,"Alaska Airlines, Qatar Airways",SAN‐HKT,35h05m,2,"SEA, DOH",11:55 pm – 12:04 pm +2,"Qatar Airways, Alaska Airlines",HKT‐SAN,50h09m,2,"DOH, JFK",1272,20220406-0916,cheap
12:35 pm – 7:20 am +2,"Alaska Airlines, Qatar Airways",SAN‐HKT,28h45m,2,"SFO, DOH",11:55 pm – 9:58 pm +1,"Qatar Airways, Alaska Airlines",HKT‐SAN,36h03m,2,"DOH, JFK",1284,20220406-0916,cheap
10:45 am – 7:20 am +2,"Alaska Airlines, Qatar Airways",SAN‐HKT,30h35m,2,"SFO, DOH",11:55 pm – 9:58 pm +1,"Qatar Airways, Alaska Airlines",HKT‐SAN,36h03m,2,"DOH, JFK",1284,20220406-0916,cheap
8:10 am – 7:20 am +2,"Alaska Airlines, Qatar Airways",SAN‐HKT,33h10m,2,"SFO, DOH",11:55 pm – 9:58 pm +1,"Qatar Airways, Alaska Airlines",HKT‐SAN,36h03m,2,"DOH, JFK",1284,20220406-0916,cheap
12:35 pm – 1:15 pm +2,"Alaska Airlines, Qatar Airways",SAN‐HKT,34h40m,2,"SFO, DOH",11:55 pm – 9:58 pm +1,"Qatar Airways, Alaska Airlines",HKT‐SAN,36h03m,2,"DOH, JFK",1285,20220406-0916,cheap
10:45 am – 1:15 pm +2,"Alaska Airlines, Qatar Airways",SAN‐HKT,36h30m,2,"SFO, DOH",11:55 pm – 9:58 pm +1,"Qatar Airways, Alaska Airlines",HKT‐SAN,36h03m,2,"DOH, JFK",1285,20220406-0916,cheap
8:10 am – 1:15 pm +2,"Alaska Airlines, Qatar Airways",SAN‐HKT,39h05m,2,"SFO, DOH",11:55 pm – 9:58 pm +1,"Qatar Airways, Alaska Airlines",HKT‐SAN,36h03m,2,"DOH, JFK",1285,20220406-0916,cheap
11:00 pm – 7:20 am +3,"Alaska Airlines, Qatar Airways",SAN‐HKT,42h20m,2,"JFK, DOH",11:55 pm – 9:58 pm +1,"Qatar Airways, Alaska Airlines",HKT‐SAN,36h03m,2,"DOH, JFK",1287,20220406-0916,cheap
12:35 pm – 7:20 am +2,"Alaska Airlines, Qatar Airways",SAN‐HKT,28h45m,2,"SFO, DOH",11:55 pm – 5:58 pm +1,"Qatar Airways, Alaska Airlines",HKT‐SAN,32h03m,2,"DOH, SFO",1363,20220406-0914,best
9:15 am – 7:20 am +2,"Alaska Airlines, Qatar Airways",SAN‐HKT,32h05m,2,"EWR-JFK, DOH",11:55 pm – 9:58 pm +1,"Qatar Airways, Alaska Airlines",HKT‐SAN,36h03m,2,"DOH, JFK",1217,20220406-0914,best
12:35 pm – 7:20 am +2,"Alaska Airlines, Qatar Airways",SAN‐HKT,28h45m,2,"SFO, DOH",11:55 pm – 9:58 pm +1,"Qatar Airways, Alaska Airlines",HKT‐SAN,36h03m,2,"DOH, JFK",1284,20220406-0914,best
12:35 pm – 7:20 am +2,"Alaska Airlines, Qatar Airways",SAN‐HKT,28h45m,2,"SFO, DOH",11:55 pm – 5:04 pm +1,"Qatar Airways, Alaska Airlines",HKT‐SAN,31h09m,2,"DOH, SEA",1447,20220406-0914,best
10:45 am – 7:20 am +2,"Alaska Airlines, Qatar Airways",SAN‐HKT,30h35m,2,"SFO, DOH",11:55 pm – 5:58 pm +1,"Qatar Airways, Alaska Airlines",HKT‐SAN,32h03m,2,"DOH, SFO",1363,20220406-0914,best
10:45 am – 7:20 am +2,"Alaska Airlines, Qatar Airways",SAN‐HKT,30h35m,2,"SFO, DOH",11:55 pm – 9:58 pm +1,"Qatar Airways, Alaska Airlines",HKT‐SAN,36h03m,2,"DOH, JFK",1284,20220406-0914,best
12:35 pm – 7:20 am +2,"Alaska Airlines, Qatar Airways",SAN‐HKT,28h45m,2,"SFO, DOH",11:55 pm – 9:20 pm +1,"Qatar Airways, Alaska Airlines",HKT‐SAN,35h25m,2,"DOH, SFO",1363,20220406-0914,best
12:35 pm – 7:20 am +2,"Alaska Airlines, Qatar Airways",SAN‐HKT,28h45m,2,"SFO, DOH",11:55 pm – 7:10 pm +1,"Qatar Airways, Alaska Airlines",HKT‐SAN,33h15m,2,"DOH, SEA",1447,20220406-0914,best
10:45 am – 7:20 am +2,"Alaska Airlines, Qatar Airways",SAN‐HKT,30h35m,2,"SFO, DOH",11:55 pm – 5:04 pm +1,"Qatar Airways, Alaska Airlines",HKT‐SAN,31h09m,2,"DOH, SEA",1447,20220406-0914,best
8:10 am – 7:20 am +2,"Alaska Airlines, Qatar Airways",SAN‐HKT,33h10m,2,"SFO, DOH",11:55 pm – 5:58 pm +1,"Qatar Airways, Alaska Airlines",HKT‐SAN,32h03m,2,"DOH, SFO",1363,20220406-0914,best
12:35 pm – 7:20 am +2,"Alaska Airlines, Qatar Airways",SAN‐HKT,28h45m,2,"SFO, DOH",11:55 pm – 11:05 pm +1,"Qatar Airways, Alaska Airlines",HKT‐SAN,37h10m,2,"DOH, SFO",1363,20220406-0914,best
10:45 am – 7:20 am +2,"Alaska Airlines, Qatar Airways",SAN‐HKT,30h35m,2,"SFO, DOH",11:55 pm – 9:20 pm +1,"Qatar Airways, Alaska Airlines",HKT‐SAN,35h25m,2,"DOH, SFO",1363,20220406-0914,best
8:10 am – 7:20 am +2,"Alaska Airlines, Qatar Airways",SAN‐HKT,33h10m,2,"SFO, DOH",11:55 pm – 9:58 pm +1,"Qatar Airways, Alaska Airlines",HKT‐SAN,36h03m,2,"DOH, JFK",1284,20220406-0914,best
6:15 am – 7:20 am +2,"Alaska Airlines, Qatar Airways",SAN‐HKT,35h05m,2,"SEA, DOH",11:55 pm – 5:58 pm +1,"Qatar Airways, Alaska Airlines",HKT‐SAN,32h03m,2,"DOH, SFO",1331,20220406-0914,best
12:35 pm – 1:15 pm +2,"Alaska Airlines, Qatar Airways",SAN‐HKT,34h40m,2,"SFO, DOH",11:55 pm – 5:58 pm +1,"Qatar Airways, Alaska Airlines",HKT‐SAN,32h03m,2,"DOH, SFO",1364,20220406-0914,best
4:25 pm – 9:35 am +2,"Alaska Airlines, Singapore Airlines",SAN‐HKT,27h10m,2,"SFO, SIN",11:40 am – 11:05 pm,"Singapore Airlines, Alaska Airlines",HKT‐SAN,25h25m,2,"SIN, SFO",3108,20220406-0919,fast
4:25 pm – 9:35 am +2,"Alaska Airlines, Singapore Airlines",SAN‐HKT,27h10m,2,"SFO, SIN",10:25 am – 11:05 pm,Singapore Airlines,HKT‐SAN,26h40m,2,"SIN, SFO",3108,20220406-0919,fast
4:25 pm – 10:50 am +2,Singapore Airlines,SAN‐HKT,28h25m,2,"SFO, SIN",11:40 am – 11:05 pm,Singapore Airlines,HKT‐SAN,25h25m,2,"SIN, SFO",3654,20220406-0919,fast
2:15 pm – 9:35 am +2,"Alaska Airlines, Singapore Airlines",SAN‐HKT,29h20m,2,"SFO, SIN",11:40 am – 11:05 pm,Singapore Airlines,HKT‐SAN,25h25m,2,"SIN, SFO",3108,20220406-0919,fast
4:25 pm – 10:50 am +2,Singapore Airlines,SAN‐HKT,28h25m,2,"SFO, SIN",10:25 am – 11:05 pm,Singapore Airlines,HKT‐SAN,26h40m,2,"SIN, SFO",3654,20220406-0919,fast
2:15 pm – 9:35 am +2,"Alaska Airlines, Singapore Airlines",SAN‐HKT,29h20m,2,"SFO, SIN",10:25 am – 11:05 pm,Singapore Airlines,HKT‐SAN,26h40m,2,"SIN, SFO",3108,20220406-0919,fast
2:15 pm – 10:50 am +2,Singapore Airlines,SAN‐HKT,30h35m,2,"SFO, SIN",11:40 am – 11:05 pm,Singapore Airlines,HKT‐SAN,25h25m,2,"SIN, SFO",3654,20220406-0919,fast
12:35 pm – 9:35 am +2,"Alaska Airlines, Singapore Airlines",SAN‐HKT,31h00m,2,"SFO, SIN",11:40 am – 11:05 pm,Singapore Airlines,HKT‐SAN,25h25m,2,"SIN, SFO",3108,20220406-0919,fast
2:15 pm – 10:50 am +2,Singapore Airlines,SAN‐HKT,30h35m,2,"SFO, SIN",10:25 am – 11:05 pm,Singapore Airlines,HKT‐SAN,26h40m,2,"SIN, SFO",3654,20220406-0919,fast
12:35 pm – 9:35 am +2,"Alaska Airlines, Singapore Airlines",SAN‐HKT,31h00m,2,"SFO, SIN",10:25 am – 11:05 pm,Singapore Airlines,HKT‐SAN,26h40m,2,"SIN, SFO",3108,20220406-0919,fast
12:35 pm – 10:50 am +2,"Alaska Airlines, Singapore Airlines",SAN‐HKT,32h15m,2,"SFO, SIN",11:40 am – 11:05 pm,Singapore Airlines,HKT‐SAN,25h25m,2,"SIN, SFO",3108,20220406-0919,fast
10:45 am – 9:35 am +2,"Alaska Airlines, Singapore Airlines",SAN‐HKT,32h50m,2,"SFO, SIN",11:40 am – 11:05 pm,Singapore Airlines,HKT‐SAN,25h25m,2,"SIN, SFO",3108,20220406-0919,fast
12:35 pm – 10:50 am +2,"Alaska Airlines, Singapore Airlines",SAN‐HKT,32h15m,2,"SFO, SIN",10:25 am – 11:05 pm,"Singapore Airlines, Alaska Airlines",HKT‐SAN,26h40m,2,"SIN, SFO",3108,20220406-0919,fast
7:00 pm – 1:15 pm +2,"British Airways, Qatar Airways",SAN‐HKT,28h15m,2,"LHR, DOH",11:55 pm – 5:05 pm +1,"Qatar Airways, British Airways",HKT‐SAN,31h10m,2,"DOH, LHR",17914,20220406-0919,fast
7:00 pm – 1:15 pm +2,"British Airways, Qatar Airways",SAN‐HKT,28h15m,2,"LHR, DOH",11:55 pm – 5:05 pm +1,"Qatar Airways, British Airways",HKT‐SAN,31h10m,2,"DOH, LHR",18431,20220406-0919,fast
