Out Time,Out Airline,Out Cities,Out Duration,Out Stops,Out Stop Cities,Return Time,Return Airline,Return Cities,Return Duration,Return Stops,Return Stop Cities,Price,timestamp,sort
6:15 am – 6:55 am +2,"Alaska Airlines, Qatar Airways",SAN‐HKT,34h40m,2,"SEA, DOH",11:55 pm – 9:49 pm +1,"Qatar Airways, Alaska Airlines",HKT‐SAN,35h54m,2,"DOH, JFK",1116,20220406-1237,cheap
6:15 am – 6:55 am +2,"Alaska Airlines, Qatar Airways",SAN‐HKT,34h40m,2,"SEA, DOH",9:05 pm – 9:49 pm +1,"Qatar Airways, Alaska Airlines",HKT‐SAN,38h44m,2,"DOH, JFK",1116,20220406-1237,cheap
6:15 am – 1:15 pm +2,"Alaska Airlines, Qatar Airways",SAN‐HKT,41h00m,2,"SEA, DOH",11:55 pm – 9:49 pm +1,"Qatar Airways, Alaska Airlines",HKT‐SAN,35h54m,2,"DOH, JFK",1118,20220406-1237,cheap
6:15 am – 1:15 pm +2,"Alaska Airlines, Qatar Airways",SAN‐HKT,41h00m,2,"SEA, DOH",9:05 pm – 9:49 pm +1,"Qatar Airways, Alaska Airlines",HKT‐SAN,38h44m,2,"DOH, JFK",1118,20220406-1237,cheap
6:15 am – 6:55 am +2,"Alaska Airlines, Qatar Airways",SAN‐HKT,34h40m,2,"SEA, DOH",11:55 pm – 11:58 am +2,"Qatar Airways, Alaska Airlines",HKT‐SAN,50h03m,2,"DOH, JFK",1119,20220406-1237,cheap
6:15 am – 1:15 pm +2,"Alaska Airlines, Qatar Airways",SAN‐HKT,41h00m,2,"SEA, DOH",11:55 pm – 11:58 am +2,"Qatar Airways, Alaska Airlines",HKT‐SAN,50h03m,2,"DOH, JFK",1119,20220406-1237,cheap
6:15 am – 6:55 am +2,"Alaska Airlines, Qatar Airways",SAN‐HKT,34h40m,2,"SEA, DOH",9:05 pm – 11:58 am +2,"Qatar Airways, Alaska Airlines",HKT‐SAN,52h53m,2,"DOH, JFK",1122,20220406-1237,cheap
6:15 am – 6:55 am +2,"Alaska Airlines, Qatar Airways",SAN‐HKT,34h40m,2,"SEA, DOH",11:55 pm – 11:58 am +2,"Qatar Airways, Alaska Airlines",HKT‐SAN,50h03m,2,"DOH, JFK",1124,20220406-1237,cheap
6:15 am – 6:55 am +2,"Alaska Airlines, Qatar Airways",SAN‐HKT,34h40m,2,"SEA, DOH",9:05 pm – 11:58 am +2,"Qatar Airways, Alaska Airlines",HKT‐SAN,52h53m,2,"DOH, JFK",1127,20220406-1237,cheap
6:15 am – 6:55 am +2,"Alaska Airlines, Qatar Airways",SAN‐HKT,34h40m,2,"SEA, DOH",9:05 pm – 9:49 pm +1,"Qatar Airways, Alaska Airlines",HKT‐SAN,38h44m,2,"DOH, JFK",1200,20220406-1237,cheap
6:15 am – 1:15 pm +2,"Alaska Airlines, Qatar Airways",SAN‐HKT,41h00m,2,"SEA, DOH",9:05 pm – 9:49 pm +1,"Qatar Airways, Alaska Airlines",HKT‐SAN,38h44m,2,"DOH, JFK",1200,20220406-1237,cheap
6:25 am – 6:55 am +2,"Alaska Airlines, Qatar Airways",SAN‐HKT,34h30m,2,"SFO, DOH",11:55 pm – 9:49 pm +1,"Qatar Airways, Alaska Airlines",HKT‐SAN,35h54m,2,"DOH, JFK",1256,20220406-1237,cheap
6:25 am – 1:15 pm +2,"Alaska Airlines, Qatar Airways",SAN‐HKT,40h50m,2,"SFO, DOH",11:55 pm – 9:49 pm +1,"Qatar Airways, Alaska Airlines",HKT‐SAN,35h54m,2,"DOH, JFK",1256,20220406-1237,cheap
11:00 pm – 1:15 pm +3,"Alaska Airlines, Qatar Airways",SAN‐HKT,48h15m,2,"JFK, DOH",11:55 pm – 9:49 pm +1,"Qatar Airways, Alaska Airlines",HKT‐SAN,35h54m,2,"DOH, JFK",1287,20220406-1237,cheap
11:00 pm – 1:15 pm +3,"Alaska Airlines, Qatar Airways",SAN‐HKT,48h15m,2,"JFK, DOH",9:05 pm – 9:49 pm +1,"Qatar Airways, Alaska Airlines",HKT‐SAN,38h44m,2,"DOH, JFK",1287,20220406-1237,cheap
6:15 am – 6:55 am +2,"Alaska Airlines, Qatar Airways",SAN‐HKT,34h40m,2,"SEA, DOH",11:55 pm – 9:49 pm +1,"Qatar Airways, Alaska Airlines",HKT‐SAN,35h54m,2,"DOH, JFK",1116,20220406-1234,best
6:15 am – 6:55 am +2,"Alaska Airlines, Qatar Airways",SAN‐HKT,34h40m,2,"SEA, DOH",11:55 pm – 5:06 pm +1,Qatar Airways,HKT‐SAN,31h11m,2,"DOH, SEA",1332,20220406-1234,best
11:50 am – 6:55 am +2,"Alaska Airlines, Qatar Airways",SAN‐HKT,29h05m,2,"SEA, DOH",11:55 pm – 5:06 pm +1,"Qatar Airways, Alaska Airlines",HKT‐SAN,31h11m,2,"DOH, SEA",1651,20220406-1234,best
11:50 am – 6:55 am +2,"Alaska Airlines, Qatar Airways",SAN‐HKT,29h05m,2,"SEA, DOH",11:55 pm – 9:49 pm +1,"Qatar Airways, Alaska Airlines",HKT‐SAN,35h54m,2,"DOH, JFK",1446,20220406-1234,best
11:50 am – 6:55 am +2,Qatar Airways,SAN‐HKT,29h05m,2,"SEA, DOH",11:55 pm – 5:42 pm +1,Qatar Airways,HKT‐SAN,31h47m,2,"DOH, SFO",1658,20220406-1234,best
6:15 am – 6:55 am +2,"Alaska Airlines, Qatar Airways",SAN‐HKT,34h40m,2,"SEA, DOH",11:55 pm – 6:59 pm +1,Qatar Airways,HKT‐SAN,33h04m,2,"DOH, SEA",1332,20220406-1234,best
6:15 am – 6:55 am +2,"Alaska Airlines, Qatar Airways",SAN‐HKT,34h40m,2,"SEA, DOH",9:05 pm – 9:49 pm +1,"Qatar Airways, Alaska Airlines",HKT‐SAN,38h44m,2,"DOH, JFK",1116,20220406-1234,best
6:15 am – 6:55 am +2,"Alaska Airlines, Qatar Airways",SAN‐HKT,34h40m,2,"SEA, DOH",9:05 pm – 5:06 pm +1,"Qatar Airways, Alaska Airlines",HKT‐SAN,34h01m,2,"DOH, SEA",1321,20220406-1234,best
11:50 am – 6:55 am +2,"Alaska Airlines, Qatar Airways",SAN‐HKT,29h05m,2,"SEA, DOH",11:55 pm – 6:59 pm +1,"Qatar Airways, Alaska Airlines",HKT‐SAN,33h04m,2,"DOH, SEA",1651,20220406-1234,best
6:25 am – 6:55 am +2,"Alaska Airlines, Qatar Airways",SAN‐HKT,34h30m,2,"SFO, DOH",11:55 pm – 9:49 pm +1,"Qatar Airways, Alaska Airlines",HKT‐SAN,35h54m,2,"DOH, JFK",1256,20220406-1234,best
11:50 am – 6:55 am +2,"Alaska Airlines, Qatar Airways",SAN‐HKT,29h05m,2,"SEA, DOH",11:55 pm – 6:57 pm +1,"Qatar Airways, Alaska Airlines",HKT‐SAN,33h02m,2,"DOH, SFO",1675,20220406-1234,best
9:15 am – 6:55 am +2,"Alaska Airlines, Qatar Airways",SAN‐HKT,31h40m,2,"EWR-JFK, DOH",11:55 pm – 9:49 pm +1,"Qatar Airways, Alaska Airlines",HKT‐SAN,35h54m,2,"DOH, JFK",1440,20220406-1234,best
11:50 am – 6:55 am +2,Qatar Airways,SAN‐HKT,29h05m,2,"SEA, DOH",9:05 pm – 5:06 pm +1,"Qatar Airways, Alaska Airlines",HKT‐SAN,34h01m,2,"DOH, SEA",1652,20220406-1234,best
11:50 am – 6:55 am +2,Qatar Airways,SAN‐HKT,29h05m,2,"SEA, DOH",9:05 pm – 5:42 pm +1,Qatar Airways,HKT‐SAN,34h37m,2,"DOH, SFO",1658,20220406-1234,best
6:15 am – 6:55 am +2,"Alaska Airlines, Qatar Airways",SAN‐HKT,34h40m,2,"SEA, DOH",9:05 pm – 9:49 pm +1,"Qatar Airways, Alaska Airlines",HKT‐SAN,38h44m,2,"DOH, JFK",1200,20220406-1234,best
5:40 pm – 9:35 am +2,Singapore Airlines,SAN‐HKT,25h55m,2,"SFO, SIN",11:40 am – 11:58 pm,Singapore Airlines,HKT‐SAN,26h18m,2,"SIN, SFO",7082,20220406-1239,fast
4:25 pm – 9:35 am +2,Singapore Airlines,SAN‐HKT,27h10m,2,"SFO, SIN",11:40 am – 11:58 pm,Singapore Airlines,HKT‐SAN,26h18m,2,"SIN, SFO",7082,20220406-1239,fast
5:40 pm – 9:35 am +2,Singapore Airlines,SAN‐HKT,25h55m,2,"SFO, SIN",10:25 am – 11:58 pm,Singapore Airlines,HKT‐SAN,27h33m,2,"SIN, SFO",7082,20220406-1239,fast
4:25 pm – 9:35 am +2,Singapore Airlines,SAN‐HKT,27h10m,2,"SFO, SIN",10:25 am – 11:58 pm,Singapore Airlines,HKT‐SAN,27h33m,2,"SIN, SFO",7082,20220406-1239,fast
11:50 am – 6:55 am +2,Qatar Airways,SAN‐HKT,29h05m,2,"SEA, DOH",11:40 am – 11:58 pm,Singapore Airlines,HKT‐SAN,26h18m,2,"SIN, SFO",2465,20220406-1239,fast
11:50 am – 6:55 am +2,Qatar Airways,SAN‐HKT,29h05m,2,"SEA, DOH",10:25 am – 11:58 pm,Singapore Airlines,HKT‐SAN,27h33m,2,"SIN, SFO",2456,20220406-1239,fast
9:15 am – 6:55 am +2,"Alaska Airlines, Qatar Airways",SAN‐HKT,31h40m,2,"EWR-JFK, DOH",11:40 am – 11:58 pm,Singapore Airlines,HKT‐SAN,26h18m,2,"SIN, SFO",2022,20220406-1239,fast
7:00 pm – 1:15 pm +2,"British Airways, Qatar Airways",SAN‐HKT,28h15m,2,"LHR, DOH",9:05 pm – 1:48 pm +1,"Qatar Airways, American Airlines",HKT‐SAN,30h43m,2,"DOH, DFW",2596,20220406-1239,fast
7:00 pm – 1:15 pm +2,"British Airways, Qatar Airways",SAN‐HKT,28h15m,2,"LHR, DOH",9:05 pm – 1:48 pm +1,"Qatar Airways, American Airlines",HKT‐SAN,30h43m,2,"DOH, DFW",2596,20220406-1239,fast
7:00 pm – 1:15 pm +2,"British Airways, Qatar Airways",SAN‐HKT,28h15m,2,"LHR, DOH",11:55 pm – 5:05 pm +1,"Qatar Airways, British Airways",HKT‐SAN,31h10m,2,"DOH, LHR",2874,20220406-1239,fast
7:00 pm – 1:15 pm +2,"British Airways, Qatar Airways",SAN‐HKT,28h15m,2,"LHR, DOH",11:55 pm – 5:06 pm +1,"Qatar Airways, Alaska Airlines",HKT‐SAN,31h11m,2,"DOH, SEA",2203,20220406-1239,fast
7:00 pm – 1:15 pm +2,"British Airways, Qatar Airways",SAN‐HKT,28h15m,2,"LHR, DOH",11:55 pm – 5:06 pm +1,"Qatar Airways, Alaska Airlines",HKT‐SAN,31h11m,2,"DOH, SEA",2203,20220406-1239,fast
12:35 pm – 6:55 am +2,"Alaska Airlines, Qatar Airways",SAN‐HKT,28h20m,2,"SFO, DOH",11:55 pm – 5:06 pm +1,"Qatar Airways, Alaska Airlines",HKT‐SAN,31h11m,2,"DOH, SEA",2135,20220406-1239,fast
8:01 pm – 6:00 pm +2,"Asiana Airlines, Thai Airways",SAN‐HKT,31h59m,3,"SFO, ICN, ...",10:25 am – 11:58 pm,Singapore Airlines,HKT‐SAN,27h33m,2,"SIN, SFO",4151,20220406-1239,fast
12:35 pm – 6:55 am +2,"Alaska Airlines, Qatar Airways",SAN‐HKT,28h20m,2,"SFO, DOH",11:55 pm – 5:42 pm +1,"Qatar Airways, Alaska Airlines",HKT‐SAN,31h47m,2,"DOH, SFO",2160,20220406-1239,fast
