Out Time,Out Airline,Out Cities,Out Duration,Out Stops,Out Stop Cities,Return Time,Return Airline,Return Cities,Return Duration,Return Stops,Return Stop Cities,Price,timestamp,sort
10:00 pm – 9:35 am +3,Singapore Airlines,SAN‐HKT,45h35m,2,"SFO, SIN",8:10 pm – 7:32 am +2,Singapore Airlines,HKT‐SAN,49h22m,2,"SIN, SFO",969,20220406-1230,cheap
10:00 pm – 9:35 am +3,Singapore Airlines,SAN‐HKT,45h35m,2,"SFO, SIN",8:10 pm – 11:58 pm +1,Singapore Airlines,HKT‐SAN,41h48m,2,"SIN, SFO",1123,20220406-1230,cheap
10:00 pm – 10:50 am +3,Singapore Airlines,SAN‐HKT,46h50m,2,"SFO, SIN",8:10 pm – 11:58 pm +1,Singapore Airlines,HKT‐SAN,41h48m,2,"SIN, SFO",1123,20220406-1230,cheap
8:45 pm – 6:55 am +3,"Alaska Airlines, Qatar Airways",SAN‐HKT,44h10m,2,"SEA, DOH",11:55 pm – 5:06 pm +1,Qatar Airways,HKT‐SAN,31h11m,2,"DOH, SEA",1443,20220406-1230,cheap
6:40 pm – 6:55 am +3,"Alaska Airlines, Qatar Airways",SAN‐HKT,46h15m,2,"SEA, DOH",11:55 pm – 5:06 pm +1,Qatar Airways,HKT‐SAN,31h11m,2,"DOH, SEA",1443,20220406-1230,cheap
4:50 pm – 6:55 am +3,"Alaska Airlines, Qatar Airways",SAN‐HKT,48h05m,2,"SEA, DOH",11:55 pm – 5:06 pm +1,Qatar Airways,HKT‐SAN,31h11m,2,"DOH, SEA",1443,20220406-1230,cheap
3:21 pm – 6:55 am +3,"Alaska Airlines, Qatar Airways",SAN‐HKT,49h34m,2,"SEA, DOH",11:55 pm – 5:06 pm +1,Qatar Airways,HKT‐SAN,31h11m,2,"DOH, SEA",1443,20220406-1230,cheap
8:45 pm – 1:15 pm +3,"Alaska Airlines, Qatar Airways",SAN‐HKT,50h30m,2,"SEA, DOH",11:55 pm – 5:06 pm +1,Qatar Airways,HKT‐SAN,31h11m,2,"DOH, SEA",1443,20220406-1230,cheap
6:40 pm – 1:15 pm +3,"Alaska Airlines, Qatar Airways",SAN‐HKT,52h35m,2,"SEA, DOH",11:55 pm – 5:06 pm +1,Qatar Airways,HKT‐SAN,31h11m,2,"DOH, SEA",1443,20220406-1230,cheap
4:50 pm – 1:15 pm +3,"Alaska Airlines, Qatar Airways",SAN‐HKT,54h25m,2,"SEA, DOH",11:55 pm – 5:06 pm +1,Qatar Airways,HKT‐SAN,31h11m,2,"DOH, SEA",1443,20220406-1230,cheap
6:25 am – 6:55 am +2,Multiple Airlines,SAN‐HKT,34h30m,3,"SFO, MUC, ...",6:45 pm – 3:50 pm +1,Multiple Airlines,HKT‐SAN,35h05m,3,"BKK, MNL, ...",1528,20220406-1230,cheap
10:00 pm – 9:35 am +3,Singapore Airlines,SAN‐HKT,45h35m,2,"SFO, SIN",8:10 pm – 11:58 pm +1,Singapore Airlines,HKT‐SAN,41h48m,2,"SIN, SFO",1535,20220406-1230,cheap
10:00 pm – 10:50 am +3,Singapore Airlines,SAN‐HKT,46h50m,2,"SFO, SIN",8:10 pm – 11:58 pm +1,Singapore Airlines,HKT‐SAN,41h48m,2,"SIN, SFO",1535,20220406-1230,cheap
12:35 pm – 1:15 pm +2,"Alaska Airlines, Qatar Airways",SAN‐HKT,34h40m,2,"SFO, DOH",11:55 pm – 11:58 am +2,"Qatar Airways, Alaska Airlines",HKT‐SAN,50h03m,2,"DOH, JFK",1542,20220406-1230,cheap
10:45 am – 1:15 pm +2,"Alaska Airlines, Qatar Airways",SAN‐HKT,36h30m,2,"SFO, DOH",11:55 pm – 11:58 am +2,"Qatar Airways, Alaska Airlines",HKT‐SAN,50h03m,2,"DOH, JFK",1542,20220406-1230,cheap
12:35 pm – 1:15 pm +2,Qatar Airways,SAN‐HKT,34h40m,2,"SFO, DOH",11:55 pm – 5:06 pm +1,Qatar Airways,HKT‐SAN,31h11m,2,"DOH, SEA",1634,20220406-1227,best
10:00 pm – 9:35 am +3,Singapore Airlines,SAN‐HKT,45h35m,2,"SFO, SIN",8:10 pm – 7:32 am +2,Singapore Airlines,HKT‐SAN,49h22m,2,"SIN, SFO",969,20220406-1227,best
12:35 pm – 1:15 pm +2,"Alaska Airlines, Qatar Airways",SAN‐HKT,34h40m,2,"SFO, DOH",11:55 pm – 5:42 pm +1,"Qatar Airways, Alaska Airlines",HKT‐SAN,31h47m,2,"DOH, SFO",1624,20220406-1227,best
12:35 pm – 1:15 pm +2,Qatar Airways,SAN‐HKT,34h40m,2,"SFO, DOH",11:55 pm – 6:59 pm +1,Qatar Airways,HKT‐SAN,33h04m,2,"DOH, SEA",1634,20220406-1227,best
10:00 pm – 9:35 am +3,Singapore Airlines,SAN‐HKT,45h35m,2,"SFO, SIN",8:10 pm – 11:58 pm +1,Singapore Airlines,HKT‐SAN,41h48m,2,"SIN, SFO",1123,20220406-1227,best
10:45 am – 1:15 pm +2,"Alaska Airlines, Qatar Airways",SAN‐HKT,36h30m,2,"SFO, DOH",11:55 pm – 5:42 pm +1,"Qatar Airways, Alaska Airlines",HKT‐SAN,31h47m,2,"DOH, SFO",1624,20220406-1227,best
12:35 pm – 1:15 pm +2,"Alaska Airlines, Qatar Airways",SAN‐HKT,34h40m,2,"SFO, DOH",11:55 pm – 6:57 pm +1,"Qatar Airways, Alaska Airlines",HKT‐SAN,33h02m,2,"DOH, SFO",1624,20220406-1227,best
8:45 pm – 6:55 am +3,"Alaska Airlines, Qatar Airways",SAN‐HKT,44h10m,2,"SEA, DOH",11:55 pm – 5:06 pm +1,Qatar Airways,HKT‐SAN,31h11m,2,"DOH, SEA",1443,20220406-1227,best
10:00 pm – 10:50 am +3,Singapore Airlines,SAN‐HKT,46h50m,2,"SFO, SIN",8:10 pm – 11:58 pm +1,Singapore Airlines,HKT‐SAN,41h48m,2,"SIN, SFO",1123,20220406-1227,best
12:35 pm – 1:15 pm +2,Qatar Airways,SAN‐HKT,34h40m,2,"SFO, DOH",9:05 pm – 5:06 pm +1,Qatar Airways,HKT‐SAN,34h01m,2,"DOH, SEA",1658,20220406-1227,best
8:00 am – 1:15 pm +2,Qatar Airways,SAN‐HKT,39h15m,2,"SEA, DOH",11:55 pm – 5:06 pm +1,Qatar Airways,HKT‐SAN,31h11m,2,"DOH, SEA",1611,20220406-1227,best
10:45 am – 1:15 pm +2,"Alaska Airlines, Qatar Airways",SAN‐HKT,36h30m,2,"SFO, DOH",11:55 pm – 5:06 pm +1,"Qatar Airways, Alaska Airlines",HKT‐SAN,31h11m,2,"DOH, SEA",1665,20220406-1227,best
6:40 pm – 6:55 am +3,"Alaska Airlines, Qatar Airways",SAN‐HKT,46h15m,2,"SEA, DOH",11:55 pm – 5:06 pm +1,Qatar Airways,HKT‐SAN,31h11m,2,"DOH, SEA",1443,20220406-1227,best
12:35 pm – 1:15 pm +2,"Alaska Airlines, Qatar Airways",SAN‐HKT,34h40m,2,"SFO, DOH",11:55 pm – 9:45 pm +1,"Qatar Airways, Alaska Airlines",HKT‐SAN,35h50m,2,"DOH, SFO",1624,20220406-1227,best
8:00 am – 1:15 pm +2,Qatar Airways,SAN‐HKT,39h15m,2,"SEA, DOH",11:55 pm – 6:59 pm +1,Qatar Airways,HKT‐SAN,33h04m,2,"DOH, SEA",1611,20220406-1227,best
4:25 pm – 9:35 am +2,Singapore Airlines,SAN‐HKT,27h10m,2,"SFO, SIN",11:40 am – 11:58 pm,Singapore Airlines,HKT‐SAN,26h18m,2,"SIN, SFO",3580,20220406-1232,fast
4:25 pm – 9:35 am +2,Singapore Airlines,SAN‐HKT,27h10m,2,"SFO, SIN",10:25 am – 11:58 pm,Singapore Airlines,HKT‐SAN,27h33m,2,"SIN, SFO",3580,20220406-1232,fast
4:25 pm – 10:50 am +2,Singapore Airlines,SAN‐HKT,28h25m,2,"SFO, SIN",11:40 am – 11:58 pm,Singapore Airlines,HKT‐SAN,26h18m,2,"SIN, SFO",3580,20220406-1232,fast
4:25 pm – 10:50 am +2,Singapore Airlines,SAN‐HKT,28h25m,2,"SFO, SIN",10:25 am – 11:58 pm,Singapore Airlines,HKT‐SAN,27h33m,2,"SIN, SFO",3580,20220406-1232,fast
12:35 pm – 1:15 pm +2,"Alaska Airlines, Qatar Airways",SAN‐HKT,34h40m,2,"SFO, DOH",11:40 am – 11:58 pm,Singapore Airlines,HKT‐SAN,26h18m,2,"SIN, SFO",1875,20220406-1232,fast
7:00 pm – 1:15 pm +2,"British Airways, Qatar Airways",SAN‐HKT,28h15m,2,"LHR, DOH",11:55 pm – 7:46 pm +1,Qatar Airways,HKT‐SAN,33h51m,2,"DOH, DFW",2929,20220406-1232,fast
7:00 pm – 1:15 pm +2,"British Airways, Qatar Airways",SAN‐HKT,28h15m,2,"LHR, DOH",11:55 pm – 7:46 pm +1,Qatar Airways,HKT‐SAN,33h51m,2,"DOH, DFW",3533,20220406-1232,fast
12:35 pm – 1:15 pm +2,"Alaska Airlines, Qatar Airways",SAN‐HKT,34h40m,2,"SFO, DOH",10:25 am – 11:58 pm,Singapore Airlines,HKT‐SAN,27h33m,2,"SIN, SFO",1875,20220406-1232,fast
10:45 am – 1:15 pm +2,"Alaska Airlines, Qatar Airways",SAN‐HKT,36h30m,2,"SFO, DOH",11:40 am – 11:58 pm,Singapore Airlines,HKT‐SAN,26h18m,2,"SIN, SFO",1875,20220406-1232,fast
2:35 pm – 5:10 pm +2,"Delta, Singapore Airlines",SAN‐HKT,36h35m,2,"LAX, SIN",11:40 am – 11:58 pm,Singapore Airlines,HKT‐SAN,26h18m,2,"SIN, SFO",3265,20220406-1232,fast
2:38 pm – 1:15 pm +2,"American Airlines, Qatar Airways",SAN‐HKT,32h37m,3,"DFW, ORD, ...",9:05 pm – 1:48 pm +1,"Qatar Airways, American Airlines",HKT‐SAN,30h43m,2,"DOH, DFW",2156,20220406-1232,fast
2:38 pm – 1:15 pm +2,"American Airlines, Qatar Airways",SAN‐HKT,32h37m,2,"DFW, DOH",9:05 pm – 1:48 pm +1,"Qatar Airways, American Airlines",HKT‐SAN,30h43m,2,"DOH, DFW",2694,20220406-1232,fast
2:38 pm – 1:15 pm +2,"American Airlines, Qatar Airways",SAN‐HKT,32h37m,2,"DFW, DOH",9:05 pm – 1:48 pm +1,"Qatar Airways, American Airlines",HKT‐SAN,30h43m,2,"DOH, DFW",2834,20220406-1232,fast
6:15 am – 9:35 am +2,Singapore Airlines,SAN‐HKT,37h20m,3,"SEA, YVR, ...",11:40 am – 11:58 pm,Singapore Airlines,HKT‐SAN,26h18m,2,"SIN, SFO",2692,20220406-1232,fast
10:45 am – 1:15 pm +2,"Alaska Airlines, Qatar Airways",SAN‐HKT,36h30m,2,"SFO, DOH",10:25 am – 11:58 pm,Singapore Airlines,HKT‐SAN,27h33m,2,"SIN, SFO",1875,20220406-1232,fast
