Out Time,Out Airline,Out Cities,Out Duration,Out Stops,Out Stop Cities,Return Time,Return Airline,Return Cities,Return Duration,Return Stops,Return Stop Cities,Price,timestamp,sort
8:45 pm – 9:35 am +3,"JetBlue, Singapore Airlines",SAN‐HKT,46h50m,3,"JFK, FRA, ...",11:40 am – 3:02 pm +1,Singapore Airlines,HKT‐SAN,41h22m,2,"SIN, SFO",1782,20220406-1644,cheap
8:45 pm – 7:20 pm +2,Singapore Airlines,SAN‐HKT,32h35m,2,"SEA, SIN",8:10 pm – 3:02 pm +1,Singapore Airlines,HKT‐SAN,32h52m,2,"SIN, SFO",1833,20220406-1644,cheap
8:45 pm – 7:20 pm +2,Singapore Airlines,SAN‐HKT,32h35m,2,"SEA, SIN",8:10 pm – 4:35 pm +1,"Singapore Airlines, Alaska Airlines",HKT‐SAN,34h25m,2,"SIN, SFO",1849,20220406-1644,cheap
8:45 pm – 7:20 pm +2,Singapore Airlines,SAN‐HKT,32h35m,2,"SEA, SIN",6:10 pm – 3:02 pm +1,Singapore Airlines,HKT‐SAN,34h52m,2,"SIN, SFO",1849,20220406-1644,cheap
8:45 pm – 7:20 pm +2,Singapore Airlines,SAN‐HKT,32h35m,2,"SEA, SIN",6:10 pm – 4:35 pm +1,"Singapore Airlines, Alaska Airlines",HKT‐SAN,36h25m,2,"SIN, SFO",1849,20220406-1644,cheap
8:45 pm – 7:20 pm +2,Singapore Airlines,SAN‐HKT,32h35m,2,"SEA, SIN",11:40 am – 3:02 pm +1,Singapore Airlines,HKT‐SAN,41h22m,2,"SIN, SFO",1849,20220406-1644,cheap
8:45 pm – 7:20 pm +2,Singapore Airlines,SAN‐HKT,32h35m,2,"SEA, SIN",10:25 am – 3:02 pm +1,Singapore Airlines,HKT‐SAN,42h37m,2,"SIN, SFO",1849,20220406-1644,cheap
8:45 pm – 9:35 am +3,Singapore Airlines,SAN‐HKT,46h50m,2,"SEA, SIN",8:10 pm – 3:02 pm +1,Singapore Airlines,HKT‐SAN,32h52m,2,"SIN, SFO",1849,20220406-1644,cheap
8:45 pm – 10:50 am +3,Singapore Airlines,SAN‐HKT,48h05m,2,"SEA, SIN",8:10 pm – 3:02 pm +1,Singapore Airlines,HKT‐SAN,32h52m,2,"SIN, SFO",1849,20220406-1644,cheap
8:45 pm – 9:35 am +3,Singapore Airlines,SAN‐HKT,46h50m,2,"SEA, SIN",6:10 pm – 3:02 pm +1,Singapore Airlines,HKT‐SAN,34h52m,2,"SIN, SFO",1849,20220406-1644,cheap
8:45 pm – 10:50 am +3,"Alaska Airlines, Singapore Airlines",SAN‐HKT,48h05m,2,"SEA, SIN",8:10 pm – 4:35 pm +1,"Singapore Airlines, Alaska Airlines",HKT‐SAN,34h25m,2,"SIN, SFO",1849,20220406-1644,cheap
8:45 pm – 10:50 am +3,Singapore Airlines,SAN‐HKT,48h05m,2,"SEA, SIN",6:10 pm – 3:02 pm +1,Singapore Airlines,HKT‐SAN,34h52m,2,"SIN, SFO",1849,20220406-1644,cheap
8:45 pm – 10:50 am +3,"Alaska Airlines, Singapore Airlines",SAN‐HKT,48h05m,2,"SEA, SIN",6:10 pm – 4:35 pm +1,"Singapore Airlines, Alaska Airlines",HKT‐SAN,36h25m,2,"SIN, SFO",1849,20220406-1644,cheap
8:45 pm – 5:10 pm +3,Singapore Airlines,SAN‐HKT,54h25m,2,"SEA, SIN",8:10 pm – 3:02 pm +1,Singapore Airlines,HKT‐SAN,32h52m,2,"SIN, SFO",1849,20220406-1644,cheap
8:45 pm – 7:20 pm +2,Singapore Airlines,SAN‐HKT,32h35m,2,"SEA, SIN",8:10 pm – 7:34 am +2,Singapore Airlines,HKT‐SAN,49h24m,2,"SIN, SFO",1855,20220406-1644,cheap
8:45 pm – 7:20 pm +2,Singapore Airlines,SAN‐HKT,32h35m,2,"SEA, SIN",8:10 pm – 3:02 pm +1,Singapore Airlines,HKT‐SAN,32h52m,2,"SIN, SFO",1833,20220406-1641,best
8:45 pm – 9:35 am +3,"JetBlue, Singapore Airlines",SAN‐HKT,46h50m,3,"JFK, FRA, ...",11:40 am – 3:02 pm +1,Singapore Airlines,HKT‐SAN,41h22m,2,"SIN, SFO",1782,20220406-1641,best
8:45 pm – 7:20 pm +2,Singapore Airlines,SAN‐HKT,32h35m,2,"SEA, SIN",11:40 am – 11:49 pm,Singapore Airlines,HKT‐SAN,26h09m,2,"SIN, SFO",2257,20220406-1641,best
8:45 pm – 7:20 pm +2,Singapore Airlines,SAN‐HKT,32h35m,2,"SEA, SIN",10:25 am – 11:49 pm,Singapore Airlines,HKT‐SAN,27h24m,2,"SIN, SFO",2257,20220406-1641,best
8:45 pm – 7:20 pm +2,Singapore Airlines,SAN‐HKT,32h35m,2,"SEA, SIN",8:10 pm – 4:35 pm +1,"Singapore Airlines, Alaska Airlines",HKT‐SAN,34h25m,2,"SIN, SFO",1849,20220406-1641,best
8:45 pm – 7:20 pm +2,Singapore Airlines,SAN‐HKT,32h35m,2,"SEA, SIN",6:10 pm – 3:02 pm +1,Singapore Airlines,HKT‐SAN,34h52m,2,"SIN, SFO",1849,20220406-1641,best
6:05 pm – 9:35 am +2,Singapore Airlines,SAN‐HKT,25h30m,2,"SFO, SIN",8:10 pm – 3:02 pm +1,Singapore Airlines,HKT‐SAN,32h52m,2,"SIN, SFO",2472,20220406-1641,best
6:05 pm – 9:35 am +2,Singapore Airlines,SAN‐HKT,25h30m,2,"SFO, SIN",11:40 am – 11:49 pm,Singapore Airlines,HKT‐SAN,26h09m,2,"SIN, SFO",2911,20220406-1641,best
1:00 pm – 6:55 am +2,Qatar Airways,SAN‐HKT,27h55m,2,"SEA, DOH",11:55 pm – 7:58 pm +1,Qatar Airways,HKT‐SAN,34h03m,2,"DOH, SEA",2148,20220406-1641,best
8:45 pm – 7:20 pm +2,Singapore Airlines,SAN‐HKT,32h35m,2,"SEA, SIN",6:10 pm – 4:35 pm +1,"Singapore Airlines, Alaska Airlines",HKT‐SAN,36h25m,2,"SIN, SFO",1849,20220406-1641,best
1:00 pm – 6:55 am +2,Qatar Airways,SAN‐HKT,27h55m,2,"SEA, DOH",11:55 pm – 6:23 pm +1,"Qatar Airways, Alaska Airlines",HKT‐SAN,32h28m,2,"DOH, SEA",2279,20220406-1641,best
6:05 pm – 10:50 am +2,Singapore Airlines,SAN‐HKT,26h45m,2,"SFO, SIN",8:10 pm – 3:02 pm +1,Singapore Airlines,HKT‐SAN,32h52m,2,"SIN, SFO",2472,20220406-1641,best
1:00 pm – 6:55 am +2,Qatar Airways,SAN‐HKT,27h55m,2,"SEA, DOH",11:55 pm – 6:52 pm +1,"Qatar Airways, Alaska Airlines",HKT‐SAN,32h57m,2,"DOH, SFO",2249,20220406-1641,best
6:05 pm – 10:50 am +2,Singapore Airlines,SAN‐HKT,26h45m,2,"SFO, SIN",11:40 am – 11:49 pm,Singapore Airlines,HKT‐SAN,26h09m,2,"SIN, SFO",2911,20220406-1641,best
11:55 am – 6:55 am +2,Qatar Airways,SAN‐HKT,29h00m,2,"SEA, DOH",11:55 pm – 7:58 pm +1,Qatar Airways,HKT‐SAN,34h03m,2,"DOH, SEA",2148,20220406-1641,best
6:05 pm – 9:35 am +2,Singapore Airlines,SAN‐HKT,25h30m,2,"SFO, SIN",6:10 pm – 3:02 pm +1,Singapore Airlines,HKT‐SAN,34h52m,2,"SIN, SFO",2472,20220406-1641,best
6:05 pm – 9:35 am +2,Singapore Airlines,SAN‐HKT,25h30m,2,"SFO, SIN",11:40 am – 11:49 pm,Singapore Airlines,HKT‐SAN,26h09m,2,"SIN, SFO",2911,20220406-1647,fast
6:05 pm – 10:50 am +2,Singapore Airlines,SAN‐HKT,26h45m,2,"SFO, SIN",11:40 am – 11:49 pm,Singapore Airlines,HKT‐SAN,26h09m,2,"SIN, SFO",2911,20220406-1647,fast
6:05 pm – 9:35 am +2,Singapore Airlines,SAN‐HKT,25h30m,2,"SFO, SIN",10:25 am – 11:49 pm,Singapore Airlines,HKT‐SAN,27h24m,2,"SIN, SFO",3094,20220406-1647,fast
4:15 pm – 9:35 am +2,Singapore Airlines,SAN‐HKT,27h20m,2,"SFO, SIN",11:40 am – 11:49 pm,Singapore Airlines,HKT‐SAN,26h09m,2,"SIN, SFO",2911,20220406-1647,fast
1:00 pm – 6:55 am +2,Qatar Airways,SAN‐HKT,27h55m,2,"SEA, DOH",11:40 am – 11:49 pm,Singapore Airlines,HKT‐SAN,26h09m,2,"SIN, SFO",2850,20220406-1647,fast
6:05 pm – 10:50 am +2,Singapore Airlines,SAN‐HKT,26h45m,2,"SFO, SIN",10:25 am – 11:49 pm,Singapore Airlines,HKT‐SAN,27h24m,2,"SIN, SFO",3094,20220406-1647,fast
12:40 pm – 6:55 am +2,Qatar Airways,SAN‐HKT,28h15m,2,"DFW, DOH",11:40 am – 11:49 pm,Singapore Airlines,HKT‐SAN,26h09m,2,"SIN, SFO",3181,20220406-1647,fast
4:15 pm – 10:50 am +2,Singapore Airlines,SAN‐HKT,28h35m,2,"SFO, SIN",11:40 am – 11:49 pm,Singapore Airlines,HKT‐SAN,26h09m,2,"SIN, SFO",3094,20220406-1647,fast
4:15 pm – 9:35 am +2,Singapore Airlines,SAN‐HKT,27h20m,2,"SFO, SIN",10:25 am – 11:49 pm,Singapore Airlines,HKT‐SAN,27h24m,2,"SIN, SFO",3094,20220406-1647,fast
5:15 pm – 10:40 am +2,"Lufthansa, Thai Airways",SAN‐HKT,27h25m,2,"MUC, BKK",10:25 am – 11:49 pm,Singapore Airlines,HKT‐SAN,27h24m,2,"SIN, SFO",5449,20220406-1647,fast
11:55 am – 6:55 am +2,Qatar Airways,SAN‐HKT,29h00m,2,"SEA, DOH",11:40 am – 11:49 pm,Singapore Airlines,HKT‐SAN,26h09m,2,"SIN, SFO",2850,20220406-1647,fast
2:35 pm – 9:35 am +2,"Alaska Airlines, Singapore Airlines",SAN‐HKT,29h00m,2,"SFO, SIN",11:40 am – 11:49 pm,Singapore Airlines,HKT‐SAN,26h09m,2,"SIN, SFO",3094,20220406-1647,fast
1:00 pm – 6:55 am +2,Qatar Airways,SAN‐HKT,27h55m,2,"SEA, DOH",10:25 am – 11:49 pm,Singapore Airlines,HKT‐SAN,27h24m,2,"SIN, SFO",2850,20220406-1647,fast
12:40 pm – 6:55 am +2,Qatar Airways,SAN‐HKT,28h15m,2,"DFW, DOH",10:25 am – 11:49 pm,"Singapore Airlines, Alaska Airlines",HKT‐SAN,27h24m,2,"SIN, SFO",3181,20220406-1647,fast
7:00 pm – 3:05 pm +2,"British Airways, Thai Airways",SAN‐HKT,30h05m,1,LHR,11:55 am – 11:49 pm,Multiple Airlines,HKT‐SAN,25h54m,2,"SGN, SFO",3040,20220406-1647,fast
