Out Time,Out Airline,Out Cities,Out Duration,Out Stops,Out Stop Cities,Return Time,Return Airline,Return Cities,Return Duration,Return Stops,Return Stop Cities,Price,timestamp,sort
8:45 pm – 1:15 pm +3,"Alaska Airlines, Qatar Airways",SAN‐HKT,50h30m,2,"SEA, DOH",11:55 pm – 5:04 pm +1,"Qatar Airways, Alaska Airlines",HKT‐SAN,31h09m,2,"DOH, SEA",1432,20220406-1056,cheap
8:45 pm – 1:15 pm +3,"Alaska Airlines, Qatar Airways",SAN‐HKT,50h30m,2,"SEA, DOH",11:55 pm – 6:45 pm +1,"Qatar Airways, Alaska Airlines",HKT‐SAN,32h50m,2,"DOH, SEA",1432,20220406-1056,cheap
6:15 am – 1:15 pm +2,"Alaska Airlines, Qatar Airways",SAN‐HKT,41h00m,2,"SEA, DOH",11:55 pm – 5:04 pm +1,"Qatar Airways, Alaska Airlines",HKT‐SAN,31h09m,2,"DOH, SEA",1442,20220406-1056,cheap
6:15 am – 1:15 pm +2,"Alaska Airlines, Qatar Airways",SAN‐HKT,41h00m,2,"SEA, DOH",11:55 pm – 6:45 pm +1,"Qatar Airways, Alaska Airlines",HKT‐SAN,32h50m,2,"DOH, SEA",1442,20220406-1056,cheap
6:15 am – 1:15 pm +2,"Alaska Airlines, Qatar Airways",SAN‐HKT,41h00m,2,"SEA, DOH",11:55 pm – 11:37 pm +1,"Qatar Airways, Alaska Airlines",HKT‐SAN,37h42m,2,"DOH, SEA",1442,20220406-1056,cheap
6:40 pm – 1:15 pm +3,"Alaska Airlines, Qatar Airways",SAN‐HKT,52h35m,2,"SEA, DOH",11:55 pm – 5:04 pm +1,"Qatar Airways, Alaska Airlines",HKT‐SAN,31h09m,2,"DOH, SEA",1442,20220406-1056,cheap
6:40 pm – 1:15 pm +3,"Alaska Airlines, Qatar Airways",SAN‐HKT,52h35m,2,"SEA, DOH",11:55 pm – 6:45 pm +1,"Qatar Airways, Alaska Airlines",HKT‐SAN,32h50m,2,"DOH, SEA",1442,20220406-1056,cheap
3:21 pm – 1:15 pm +3,"Alaska Airlines, Qatar Airways",SAN‐HKT,55h54m,2,"SEA, DOH",11:55 pm – 5:04 pm +1,"Qatar Airways, Alaska Airlines",HKT‐SAN,31h09m,2,"DOH, SEA",1442,20220406-1056,cheap
8:45 pm – 1:15 pm +3,"Alaska Airlines, Qatar Airways",SAN‐HKT,50h30m,2,"SEA, DOH",11:55 pm – 11:37 pm +1,"Qatar Airways, Alaska Airlines",HKT‐SAN,37h42m,2,"DOH, SEA",1442,20220406-1056,cheap
11:00 pm – 6:55 am +3,Multiple Airlines,SAN‐HKT,41h55m,3,"JFK, DEL, ...",9:00 am – 1:50 am +1,Multiple Airlines,HKT‐SAN,30h50m,3,"BKK, MNL, ...",1444,20220406-1056,cheap
5:40 pm – 1:15 pm +3,"Alaska Airlines, Qatar Airways",SAN‐HKT,53h35m,2,"SFO, DOH",11:55 pm – 5:04 pm +1,"Qatar Airways, Alaska Airlines",HKT‐SAN,31h09m,2,"DOH, SEA",1474,20220406-1056,cheap
5:40 pm – 1:15 pm +3,"Alaska Airlines, Qatar Airways",SAN‐HKT,53h35m,2,"SFO, DOH",11:55 pm – 6:45 pm +1,"Qatar Airways, Alaska Airlines",HKT‐SAN,32h50m,2,"DOH, SEA",1474,20220406-1056,cheap
10:00 pm – 1:15 pm +3,"Alaska Airlines, Qatar Airways",SAN‐HKT,49h15m,2,"SFO, DOH",11:55 pm – 5:04 pm +1,Qatar Airways,HKT‐SAN,31h09m,2,"DOH, SEA",1485,20220406-1056,cheap
8:00 am – 1:15 pm +2,"Alaska Airlines, Qatar Airways",SAN‐HKT,39h15m,2,"SEA, DOH",11:55 pm – 5:04 pm +1,"Qatar Airways, Alaska Airlines",HKT‐SAN,31h09m,2,"DOH, SEA",1560,20220406-1056,cheap
8:00 am – 1:15 pm +2,"Alaska Airlines, Qatar Airways",SAN‐HKT,39h15m,2,"SEA, DOH",11:55 pm – 6:45 pm +1,"Qatar Airways, Alaska Airlines",HKT‐SAN,32h50m,2,"DOH, SEA",1560,20220406-1056,cheap
5:40 pm – 9:35 am +2,Singapore Airlines,SAN‐HKT,25h55m,2,"SFO, SIN",11:40 am – 11:05 pm,Singapore Airlines,HKT‐SAN,25h25m,2,"SIN, SFO",2401,20220406-1054,best
4:25 pm – 9:35 am +2,"Alaska Airlines, Singapore Airlines",SAN‐HKT,27h10m,2,"SFO, SIN",8:10 pm – 2:28 pm +1,"Singapore Airlines, Alaska Airlines",HKT‐SAN,32h18m,2,"SIN, SFO",1871,20220406-1054,best
5:40 pm – 9:35 am +2,Singapore Airlines,SAN‐HKT,25h55m,2,"SFO, SIN",10:25 am – 11:05 pm,Singapore Airlines,HKT‐SAN,26h40m,2,"SIN, SFO",2401,20220406-1054,best
4:25 pm – 9:35 am +2,Singapore Airlines,SAN‐HKT,27h10m,2,"SFO, SIN",11:40 am – 11:05 pm,Singapore Airlines,HKT‐SAN,25h25m,2,"SIN, SFO",2401,20220406-1054,best
4:25 pm – 10:50 am +2,Singapore Airlines,SAN‐HKT,28h25m,2,"SFO, SIN",8:10 pm – 2:28 pm +1,Singapore Airlines,HKT‐SAN,32h18m,2,"SIN, SFO",1871,20220406-1054,best
4:25 pm – 9:35 am +2,Singapore Airlines,SAN‐HKT,27h10m,2,"SFO, SIN",10:25 am – 11:05 pm,Singapore Airlines,HKT‐SAN,26h40m,2,"SIN, SFO",2401,20220406-1054,best
4:25 pm – 9:35 am +2,"Alaska Airlines, Singapore Airlines",SAN‐HKT,27h10m,2,"SFO, SIN",6:10 pm – 2:28 pm +1,Singapore Airlines,HKT‐SAN,34h18m,2,"SIN, SFO",1871,20220406-1054,best
4:25 pm – 10:50 am +2,Singapore Airlines,SAN‐HKT,28h25m,2,"SFO, SIN",6:10 pm – 2:28 pm +1,Singapore Airlines,HKT‐SAN,34h18m,2,"SIN, SFO",1871,20220406-1054,best
4:25 pm – 9:35 am +2,"Alaska Airlines, Singapore Airlines",SAN‐HKT,27h10m,2,"SFO, SIN",8:10 pm – 5:58 pm +1,Singapore Airlines,HKT‐SAN,35h48m,2,"SIN, SFO",1871,20220406-1054,best
5:40 pm – 5:10 pm +2,"Alaska Airlines, Singapore Airlines",SAN‐HKT,33h30m,2,"SFO, SIN",11:40 am – 11:05 pm,"Singapore Airlines, Alaska Airlines",HKT‐SAN,25h25m,2,"SIN, SFO",2178,20220406-1054,best
5:40 pm – 9:35 am +2,Singapore Airlines,SAN‐HKT,25h55m,2,"SFO, SIN",8:10 pm – 7:12 pm +1,"Singapore Airlines, JetBlue",HKT‐SAN,37h02m,3,"SIN, FRA, ...",1864,20220406-1054,best
4:25 pm – 10:50 am +2,Singapore Airlines,SAN‐HKT,28h25m,2,"SFO, SIN",8:10 pm – 5:58 pm +1,Singapore Airlines,HKT‐SAN,35h48m,2,"SIN, SFO",1871,20220406-1054,best
12:35 pm – 1:15 pm +2,Qatar Airways,SAN‐HKT,34h40m,2,"SFO, DOH",11:55 pm – 5:04 pm +1,Qatar Airways,HKT‐SAN,31h09m,2,"DOH, SEA",1684,20220406-1054,best
4:25 pm – 9:35 am +2,"Alaska Airlines, Singapore Airlines",SAN‐HKT,27h10m,2,"SFO, SIN",6:10 pm – 5:58 pm +1,"Singapore Airlines, Alaska Airlines",HKT‐SAN,37h48m,2,"SIN, SFO",1871,20220406-1054,best
4:25 pm – 9:35 am +2,Singapore Airlines,SAN‐HKT,27h10m,2,"SFO, SIN",8:10 pm – 7:12 pm +1,"Singapore Airlines, JetBlue",HKT‐SAN,37h02m,3,"SIN, FRA, ...",1864,20220406-1054,best
5:40 pm – 9:35 am +2,Singapore Airlines,SAN‐HKT,25h55m,2,"SFO, SIN",11:40 am – 11:05 pm,Singapore Airlines,HKT‐SAN,25h25m,2,"SIN, SFO",2401,20220406-1059,fast
4:25 pm – 9:35 am +2,Singapore Airlines,SAN‐HKT,27h10m,2,"SFO, SIN",11:40 am – 11:05 pm,Singapore Airlines,HKT‐SAN,25h25m,2,"SIN, SFO",2401,20220406-1059,fast
5:40 pm – 9:35 am +2,Singapore Airlines,SAN‐HKT,25h55m,2,"SFO, SIN",10:25 am – 11:05 pm,Singapore Airlines,HKT‐SAN,26h40m,2,"SIN, SFO",2401,20220406-1059,fast
4:25 pm – 9:35 am +2,Singapore Airlines,SAN‐HKT,27h10m,2,"SFO, SIN",10:25 am – 11:05 pm,Singapore Airlines,HKT‐SAN,26h40m,2,"SIN, SFO",2401,20220406-1059,fast
2:15 pm – 9:35 am +2,"Alaska Airlines, Singapore Airlines",SAN‐HKT,29h20m,2,"SFO, SIN",11:40 am – 11:05 pm,"Singapore Airlines, Alaska Airlines",HKT‐SAN,25h25m,2,"SIN, SFO",2924,20220406-1059,fast
11:59 am – 9:35 am +2,Singapore Airlines,SAN‐HKT,31h36m,2,"JFK, SIN",11:40 am – 11:05 pm,Singapore Airlines,HKT‐SAN,25h25m,2,"SIN, SFO",3019,20220406-1059,fast
5:40 pm – 9:35 am +2,Singapore Airlines,SAN‐HKT,25h55m,2,"SFO, SIN",11:55 pm – 5:04 pm +1,Qatar Airways,HKT‐SAN,31h09m,2,"DOH, SEA",2686,20220406-1059,fast
5:40 pm – 9:35 am +2,Singapore Airlines,SAN‐HKT,25h55m,2,"SFO, SIN",11:55 pm – 5:58 pm +1,Qatar Airways,HKT‐SAN,32h03m,2,"DOH, SFO",2435,20220406-1059,fast
11:59 am – 10:50 am +2,Singapore Airlines,SAN‐HKT,32h51m,2,"JFK, SIN",11:40 am – 11:05 pm,Singapore Airlines,HKT‐SAN,25h25m,2,"SIN, SFO",3019,20220406-1059,fast
4:25 pm – 9:35 am +2,Singapore Airlines,SAN‐HKT,27h10m,2,"SFO, SIN",11:55 pm – 5:04 pm +1,Qatar Airways,HKT‐SAN,31h09m,2,"DOH, SEA",2686,20220406-1059,fast
5:40 pm – 10:50 am +2,Singapore Airlines,SAN‐HKT,27h10m,2,"SFO, SIN",11:55 pm – 5:04 pm +1,Qatar Airways,HKT‐SAN,31h09m,2,"DOH, SEA",2686,20220406-1059,fast
5:40 pm – 9:35 am +2,Singapore Airlines,SAN‐HKT,25h55m,2,"SFO, SIN",11:55 pm – 6:45 pm +1,Qatar Airways,HKT‐SAN,32h50m,2,"DOH, SEA",2686,20220406-1059,fast
5:40 pm – 5:10 pm +2,"Alaska Airlines, Singapore Airlines",SAN‐HKT,33h30m,2,"SFO, SIN",11:40 am – 11:05 pm,Singapore Airlines,HKT‐SAN,25h25m,2,"SIN, SFO",2178,20220406-1059,fast
5:40 pm – 10:50 am +2,Singapore Airlines,SAN‐HKT,27h10m,2,"SFO, SIN",11:55 pm – 5:58 pm +1,Qatar Airways,HKT‐SAN,32h03m,2,"DOH, SFO",2435,20220406-1059,fast
4:25 pm – 9:35 am +2,Singapore Airlines,SAN‐HKT,27h10m,2,"SFO, SIN",11:55 pm – 5:58 pm +1,Qatar Airways,HKT‐SAN,32h03m,2,"DOH, SFO",2435,20220406-1059,fast
