Out Time,Out Airline,Out Cities,Out Duration,Out Stops,Out Stop Cities,Return Time,Return Airline,Return Cities,Return Duration,Return Stops,Return Stop Cities,Price,timestamp,sort
8:45 pm – 9:35 am +3,Singapore Airlines,SAN‐HKT,46h50m,2,"SEA, SIN",8:10 pm – 3:02 pm +1,Singapore Airlines,HKT‐SAN,32h52m,2,"SIN, SFO",1357,20220406-1628,cheap
8:45 pm – 10:50 am +3,Singapore Airlines,SAN‐HKT,48h05m,2,"SEA, SIN",8:10 pm – 3:02 pm +1,Singapore Airlines,HKT‐SAN,32h52m,2,"SIN, SFO",1357,20220406-1628,cheap
8:45 pm – 9:35 am +3,Singapore Airlines,SAN‐HKT,46h50m,2,"SEA, SIN",6:10 pm – 3:02 pm +1,Singapore Airlines,HKT‐SAN,34h52m,2,"SIN, SFO",1357,20220406-1628,cheap
8:45 pm – 10:50 am +3,"Alaska Airlines, Singapore Airlines",SAN‐HKT,48h05m,2,"SEA, SIN",8:10 pm – 4:35 pm +1,"Singapore Airlines, Alaska Airlines",HKT‐SAN,34h25m,2,"SIN, SFO",1357,20220406-1628,cheap
8:45 pm – 10:50 am +3,Singapore Airlines,SAN‐HKT,48h05m,2,"SEA, SIN",6:10 pm – 3:02 pm +1,Singapore Airlines,HKT‐SAN,34h52m,2,"SIN, SFO",1357,20220406-1628,cheap
8:45 pm – 9:35 am +3,Singapore Airlines,SAN‐HKT,46h50m,2,"SEA, SIN",8:10 pm – 7:34 am +2,Singapore Airlines,HKT‐SAN,49h24m,2,"SIN, SFO",1363,20220406-1628,cheap
6:30 pm – 9:35 am +3,"Alaska Airlines, Singapore Airlines",SAN‐HKT,49h05m,2,"SEA, SIN",8:10 pm – 3:02 pm +1,"Singapore Airlines, Alaska Airlines",HKT‐SAN,32h52m,2,"SIN, SFO",1368,20220406-1628,cheap
8:45 pm – 9:35 am +3,"Alaska Airlines, Singapore Airlines",SAN‐HKT,46h50m,2,"SEA, SIN",8:10 pm – 1:32 pm +1,"Singapore Airlines, Alaska Airlines",HKT‐SAN,31h22m,2,"SIN, SFO",1616,20220406-1628,cheap
8:45 pm – 5:10 pm +3,Singapore Airlines,SAN‐HKT,54h25m,2,"SEA, SIN",6:10 pm – 1:32 pm +1,"Singapore Airlines, Alaska Airlines",HKT‐SAN,33h22m,2,"SIN, SFO",1616,20220406-1628,cheap
6:30 pm – 9:35 am +3,"Alaska Airlines, Singapore Airlines",SAN‐HKT,49h05m,2,"SEA, SIN",8:10 pm – 1:32 pm +1,"Singapore Airlines, Alaska Airlines",HKT‐SAN,31h22m,2,"SIN, SFO",1627,20220406-1628,cheap
8:45 pm – 7:20 pm +2,Singapore Airlines,SAN‐HKT,32h35m,2,"SEA, SIN",8:10 pm – 3:02 pm +1,Singapore Airlines,HKT‐SAN,32h52m,2,"SIN, SFO",1702,20220406-1628,cheap
8:45 pm – 7:20 pm +2,Singapore Airlines,SAN‐HKT,32h35m,2,"SEA, SIN",10:25 am – 3:02 pm +1,Singapore Airlines,HKT‐SAN,42h37m,2,"SIN, SFO",1715,20220406-1628,cheap
8:45 pm – 5:10 pm +3,Singapore Airlines,SAN‐HKT,54h25m,2,"SEA, SIN",8:10 pm – 3:02 pm +1,Singapore Airlines,HKT‐SAN,32h52m,2,"SIN, SFO",1715,20220406-1628,cheap
8:45 pm – 7:20 pm +2,Singapore Airlines,SAN‐HKT,32h35m,2,"SEA, SIN",8:10 pm – 7:34 am +2,Singapore Airlines,HKT‐SAN,49h24m,2,"SIN, SFO",1721,20220406-1628,cheap
8:45 pm – 7:20 pm +2,Singapore Airlines,SAN‐HKT,32h35m,2,"SEA, SIN",6:10 pm – 7:34 am +2,Singapore Airlines,HKT‐SAN,51h24m,2,"SIN, SFO",1721,20220406-1628,cheap
8:45 pm – 7:20 pm +2,Singapore Airlines,SAN‐HKT,32h35m,2,"SEA, SIN",8:10 pm – 3:02 pm +1,Singapore Airlines,HKT‐SAN,32h52m,2,"SIN, SFO",1702,20220406-1625,best
8:45 pm – 9:35 am +3,Singapore Airlines,SAN‐HKT,46h50m,2,"SEA, SIN",8:10 pm – 3:02 pm +1,Singapore Airlines,HKT‐SAN,32h52m,2,"SIN, SFO",1357,20220406-1625,best
8:45 pm – 7:20 pm +2,Singapore Airlines,SAN‐HKT,32h35m,2,"SEA, SIN",8:10 pm – 1:32 pm +1,Singapore Airlines,HKT‐SAN,31h22m,2,"SIN, SFO",1958,20220406-1625,best
8:45 pm – 7:20 pm +2,"Alaska Airlines, Singapore Airlines",SAN‐HKT,32h35m,2,"SEA, SIN",8:10 pm – 4:35 pm +1,"Singapore Airlines, Alaska Airlines",HKT‐SAN,34h25m,2,"SIN, SFO",1896,20220406-1625,best
8:45 pm – 7:20 pm +2,"Alaska Airlines, Singapore Airlines",SAN‐HKT,32h35m,2,"SEA, SIN",8:10 pm – 6:52 pm +1,"Singapore Airlines, Alaska Airlines",HKT‐SAN,36h42m,2,"SIN, SFO",1896,20220406-1625,best
8:45 pm – 10:50 am +3,Singapore Airlines,SAN‐HKT,48h05m,2,"SEA, SIN",8:10 pm – 3:02 pm +1,Singapore Airlines,HKT‐SAN,32h52m,2,"SIN, SFO",1357,20220406-1625,best
8:45 pm – 9:35 am +3,Singapore Airlines,SAN‐HKT,46h50m,2,"SEA, SIN",6:10 pm – 3:02 pm +1,Singapore Airlines,HKT‐SAN,34h52m,2,"SIN, SFO",1357,20220406-1625,best
6:05 pm – 9:35 am +2,Singapore Airlines,SAN‐HKT,25h30m,2,"SFO, SIN",8:10 pm – 3:02 pm +1,Singapore Airlines,HKT‐SAN,32h52m,2,"SIN, SFO",2521,20220406-1625,best
8:45 pm – 7:20 pm +2,Singapore Airlines,SAN‐HKT,32h35m,2,"SEA, SIN",6:10 pm – 1:32 pm +1,Singapore Airlines,HKT‐SAN,33h22m,2,"SIN, SFO",2160,20220406-1625,best
8:45 pm – 7:20 pm +2,Singapore Airlines,SAN‐HKT,32h35m,2,"SEA, SIN",10:25 am – 3:02 pm +1,Singapore Airlines,HKT‐SAN,42h37m,2,"SIN, SFO",1715,20220406-1625,best
8:45 pm – 10:50 am +3,"Alaska Airlines, Singapore Airlines",SAN‐HKT,48h05m,2,"SEA, SIN",8:10 pm – 4:35 pm +1,"Singapore Airlines, Alaska Airlines",HKT‐SAN,34h25m,2,"SIN, SFO",1357,20220406-1625,best
6:30 pm – 7:20 pm +2,"Alaska Airlines, Singapore Airlines",SAN‐HKT,34h50m,2,"SEA, SIN",8:10 pm – 3:02 pm +1,"Singapore Airlines, Alaska Airlines",HKT‐SAN,32h52m,2,"SIN, SFO",2073,20220406-1625,best
6:30 pm – 9:35 am +3,"Alaska Airlines, Singapore Airlines",SAN‐HKT,49h05m,2,"SEA, SIN",8:10 pm – 3:02 pm +1,"Singapore Airlines, Alaska Airlines",HKT‐SAN,32h52m,2,"SIN, SFO",1368,20220406-1625,best
8:45 pm – 10:50 am +3,Singapore Airlines,SAN‐HKT,48h05m,2,"SEA, SIN",6:10 pm – 3:02 pm +1,Singapore Airlines,HKT‐SAN,34h52m,2,"SIN, SFO",1357,20220406-1625,best
6:05 pm – 10:50 am +2,Singapore Airlines,SAN‐HKT,26h45m,2,"SFO, SIN",8:10 pm – 3:02 pm +1,Singapore Airlines,HKT‐SAN,32h52m,2,"SIN, SFO",2521,20220406-1625,best
6:05 pm – 9:35 am +2,Singapore Airlines,SAN‐HKT,25h30m,2,"SFO, SIN",11:40 am – 11:49 pm,Singapore Airlines,HKT‐SAN,26h09m,2,"SIN, SFO",3052,20220406-1631,fast
6:05 pm – 9:35 am +2,Singapore Airlines,SAN‐HKT,25h30m,2,"SFO, SIN",10:25 am – 11:49 pm,Singapore Airlines,HKT‐SAN,27h24m,2,"SIN, SFO",3052,20220406-1631,fast
6:05 pm – 10:50 am +2,Singapore Airlines,SAN‐HKT,26h45m,2,"SFO, SIN",11:40 am – 11:49 pm,Singapore Airlines,HKT‐SAN,26h09m,2,"SIN, SFO",3052,20220406-1631,fast
4:15 pm – 9:35 am +2,Singapore Airlines,SAN‐HKT,27h20m,2,"SFO, SIN",11:40 am – 11:49 pm,Singapore Airlines,HKT‐SAN,26h09m,2,"SIN, SFO",3052,20220406-1631,fast
6:05 pm – 10:50 am +2,Singapore Airlines,SAN‐HKT,26h45m,2,"SFO, SIN",10:25 am – 11:49 pm,Singapore Airlines,HKT‐SAN,27h24m,2,"SIN, SFO",3052,20220406-1631,fast
4:15 pm – 10:50 am +2,Singapore Airlines,SAN‐HKT,28h35m,2,"SFO, SIN",11:40 am – 11:49 pm,Singapore Airlines,HKT‐SAN,26h09m,2,"SIN, SFO",3052,20220406-1631,fast
4:15 pm – 9:35 am +2,Singapore Airlines,SAN‐HKT,27h20m,2,"SFO, SIN",10:25 am – 11:49 pm,Singapore Airlines,HKT‐SAN,27h24m,2,"SIN, SFO",3052,20220406-1631,fast
2:35 pm – 9:35 am +2,"Alaska Airlines, Singapore Airlines",SAN‐HKT,29h00m,2,"SFO, SIN",11:40 am – 11:49 pm,Singapore Airlines,HKT‐SAN,26h09m,2,"SIN, SFO",3052,20220406-1631,fast
4:15 pm – 10:50 am +2,Singapore Airlines,SAN‐HKT,28h35m,2,"SFO, SIN",10:25 am – 11:49 pm,Singapore Airlines,HKT‐SAN,27h24m,2,"SIN, SFO",3052,20220406-1631,fast
2:35 pm – 9:35 am +2,"Alaska Airlines, Singapore Airlines",SAN‐HKT,29h00m,2,"SFO, SIN",10:25 am – 11:49 pm,Singapore Airlines,HKT‐SAN,27h24m,2,"SIN, SFO",3052,20220406-1631,fast
2:35 pm – 10:50 am +2,"Alaska Airlines, Singapore Airlines",SAN‐HKT,30h15m,2,"SFO, SIN",11:40 am – 11:49 pm,Singapore Airlines,HKT‐SAN,26h09m,2,"SIN, SFO",3052,20220406-1631,fast
1:15 pm – 9:35 am +2,"Alaska Airlines, Singapore Airlines",SAN‐HKT,30h20m,2,"SFO, SIN",11:40 am – 11:49 pm,Singapore Airlines,HKT‐SAN,26h09m,2,"SIN, SFO",3052,20220406-1631,fast
6:05 pm – 9:35 am +2,Singapore Airlines,SAN‐HKT,25h30m,2,"SFO, SIN",8:10 pm – 1:32 pm +1,Singapore Airlines,HKT‐SAN,31h22m,2,"SIN, SFO",2794,20220406-1631,fast
2:35 pm – 10:50 am +2,"Alaska Airlines, Singapore Airlines",SAN‐HKT,30h15m,2,"SFO, SIN",10:25 am – 11:49 pm,Singapore Airlines,HKT‐SAN,27h24m,2,"SIN, SFO",3052,20220406-1631,fast
1:15 pm – 10:50 am +2,"Alaska Airlines, Singapore Airlines",SAN‐HKT,31h35m,2,"SFO, SIN",11:40 am – 11:49 pm,Singapore Airlines,HKT‐SAN,26h09m,2,"SIN, SFO",3052,20220406-1631,fast
