Out Time,Out Airline,Out Cities,Out Duration,Out Stops,Out Stop Cities,Return Time,Return Airline,Return Cities,Return Duration,Return Stops,Return Stop Cities,Price,timestamp,sort
8:00 am – 6:55 am +2,"Alaska Airlines, Qatar Airways",SAN‐HKT,32h55m,2,"SEA, DOH",9:15 pm – 2:50 pm +1,Multiple Airlines,HKT‐SAN,31h35m,3,"BKK, NRT, ...",1404,20220406-1351,cheap
8:00 am – 6:55 am +2,"Alaska Airlines, Qatar Airways",SAN‐HKT,32h55m,2,"SEA, DOH",11:40 am – 1:50 am +1,"Singapore Airlines, Greyhound",HKT‐SAN,28h10m,2,"SIN, LAX-LAX",1493,20220406-1351,cheap
8:00 am – 12:30 pm +2,"Alaska Airlines, Emirates",SAN‐HKT,38h30m,2,"SEA, DXB",12:10 am – 6:59 pm,"Emirates, Alaska Airlines",HKT‐SAN,32h49m,2,"DXB, SEA",1516,20220406-1351,cheap
6:15 am – 12:30 pm +2,"Alaska Airlines, Emirates",SAN‐HKT,40h15m,2,"SEA, DXB",12:10 am – 6:59 pm,"Emirates, Alaska Airlines",HKT‐SAN,32h49m,2,"DXB, SEA",1516,20220406-1351,cheap
8:00 am – 12:30 pm +2,"Alaska Airlines, Emirates",SAN‐HKT,38h30m,2,"SEA, DXB",12:10 am – 10:18 pm,"Emirates, Alaska Airlines",HKT‐SAN,36h08m,2,"DXB, SEA",1516,20220406-1351,cheap
8:00 am – 12:30 pm +2,"Alaska Airlines, Emirates",SAN‐HKT,38h30m,2,"SEA, DXB",12:10 am – 11:38 pm,"Emirates, Alaska Airlines",HKT‐SAN,37h28m,2,"DXB, SEA",1516,20220406-1351,cheap
6:15 am – 12:30 pm +2,"Alaska Airlines, Emirates",SAN‐HKT,40h15m,2,"SEA, DXB",12:10 am – 10:18 pm,"Emirates, Alaska Airlines",HKT‐SAN,36h08m,2,"DXB, SEA",1516,20220406-1351,cheap
6:15 am – 12:30 pm +2,"Alaska Airlines, Emirates",SAN‐HKT,40h15m,2,"SEA, DXB",12:10 am – 11:38 pm,"Emirates, Alaska Airlines",HKT‐SAN,37h28m,2,"DXB, SEA",1516,20220406-1351,cheap
8:00 am – 6:55 am +2,"Alaska Airlines, Qatar Airways",SAN‐HKT,32h55m,2,"SEA, DOH",9:00 am – 11:58 pm,Multiple Airlines,HKT‐SAN,28h58m,3,"BKK, MNL, ...",1583,20220406-1351,cheap
8:00 am – 12:30 pm +2,"Alaska Airlines, Emirates",SAN‐HKT,38h30m,2,"SEA, DXB",12:10 am – 5:42 pm,"Emirates, Alaska Airlines",HKT‐SAN,31h32m,2,"DXB, SFO",1605,20220406-1351,cheap
8:00 am – 12:30 pm +2,"Alaska Airlines, Emirates",SAN‐HKT,38h30m,2,"SEA, DXB",12:10 am – 6:57 pm,"Emirates, Alaska Airlines",HKT‐SAN,32h47m,2,"DXB, SFO",1605,20220406-1351,cheap
1:15 pm – 10:55 am +2,"Japan Airlines, VietJet Air",SAN‐HKT,31h40m,2,"NRT-HND, SGN",9:00 am – 11:58 pm,Multiple Airlines,HKT‐SAN,28h58m,3,"BKK, MNL, ...",1650,20220406-1351,cheap
10:25 pm – 9:35 am +3,Singapore Airlines,SAN‐HKT,45h10m,2,"SFO, SIN",8:10 pm – 1:23 pm +1,Singapore Airlines,HKT‐SAN,31h13m,2,"SIN, SFO",1682,20220406-1351,cheap
10:25 pm – 9:35 am +3,Singapore Airlines,SAN‐HKT,45h10m,2,"SFO, SIN",6:10 pm – 1:23 pm +1,Singapore Airlines,HKT‐SAN,33h13m,2,"SIN, SFO",1694,20220406-1351,cheap
10:25 pm – 9:35 am +3,Singapore Airlines,SAN‐HKT,45h10m,2,"SFO, SIN",11:40 am – 1:23 pm +1,Singapore Airlines,HKT‐SAN,39h43m,2,"SIN, SFO",1694,20220406-1351,cheap
1:00 pm – 6:55 am +2,"Alaska Airlines, Qatar Airways",SAN‐HKT,27h55m,2,"SEA, DOH",11:55 pm – 5:06 pm +1,"Qatar Airways, Alaska Airlines",HKT‐SAN,31h11m,2,"DOH, SEA",1846,20220406-1349,best
8:00 am – 6:55 am +2,"Alaska Airlines, Qatar Airways",SAN‐HKT,32h55m,2,"SEA, DOH",9:15 pm – 2:50 pm +1,Multiple Airlines,HKT‐SAN,31h35m,3,"BKK, NRT, ...",1404,20220406-1349,best
1:00 pm – 6:55 am +2,"Alaska Airlines, Qatar Airways",SAN‐HKT,27h55m,2,"SEA, DOH",11:55 pm – 5:42 pm +1,"Qatar Airways, Alaska Airlines",HKT‐SAN,31h47m,2,"DOH, SFO",1820,20220406-1349,best
11:53 am – 6:55 am +2,"Alaska Airlines, Qatar Airways",SAN‐HKT,29h02m,2,"SEA, DOH",11:55 pm – 5:06 pm +1,"Qatar Airways, Alaska Airlines",HKT‐SAN,31h11m,2,"DOH, SEA",1850,20220406-1349,best
1:00 pm – 6:55 am +2,"Alaska Airlines, Qatar Airways",SAN‐HKT,27h55m,2,"SEA, DOH",12:10 am – 5:42 pm,"Emirates, Alaska Airlines",HKT‐SAN,31h32m,2,"DXB, SFO",1871,20220406-1349,best
11:53 am – 6:55 am +2,"Alaska Airlines, Qatar Airways",SAN‐HKT,29h02m,2,"SEA, DOH",11:55 pm – 5:42 pm +1,"Qatar Airways, Alaska Airlines",HKT‐SAN,31h47m,2,"DOH, SFO",1820,20220406-1349,best
1:00 pm – 6:55 am +2,"Alaska Airlines, Qatar Airways",SAN‐HKT,27h55m,2,"SEA, DOH",11:55 pm – 6:57 pm +1,"Qatar Airways, Alaska Airlines",HKT‐SAN,33h02m,2,"DOH, SFO",1820,20220406-1349,best
1:00 pm – 6:55 am +2,"Alaska Airlines, Qatar Airways",SAN‐HKT,27h55m,2,"SEA, DOH",11:55 pm – 6:59 pm +1,"Qatar Airways, Alaska Airlines",HKT‐SAN,33h04m,2,"DOH, SEA",1850,20220406-1349,best
10:55 am – 6:55 am +2,Qatar Airways,SAN‐HKT,30h00m,2,"SFO, DOH",11:55 pm – 5:42 pm +1,Qatar Airways,HKT‐SAN,31h47m,2,"DOH, SFO",1825,20220406-1349,best
1:00 pm – 6:55 am +2,"Alaska Airlines, Qatar Airways",SAN‐HKT,27h55m,2,"SEA, DOH",12:10 am – 6:57 pm,"Emirates, Alaska Airlines",HKT‐SAN,32h47m,2,"DXB, SFO",1871,20220406-1349,best
11:53 am – 6:55 am +2,"Alaska Airlines, Qatar Airways",SAN‐HKT,29h02m,2,"SEA, DOH",11:55 pm – 6:57 pm +1,"Qatar Airways, Alaska Airlines",HKT‐SAN,33h02m,2,"DOH, SFO",1820,20220406-1349,best
11:53 am – 6:55 am +2,"Alaska Airlines, Qatar Airways",SAN‐HKT,29h02m,2,"SEA, DOH",11:55 pm – 6:59 pm +1,"Qatar Airways, Alaska Airlines",HKT‐SAN,33h04m,2,"DOH, SEA",1850,20220406-1349,best
10:55 am – 6:55 am +2,Qatar Airways,SAN‐HKT,30h00m,2,"SFO, DOH",11:55 pm – 5:06 pm +1,Qatar Airways,HKT‐SAN,31h11m,2,"DOH, SEA",1886,20220406-1349,best
6:05 pm – 9:35 am +2,Singapore Airlines,SAN‐HKT,25h30m,2,"SFO, SIN",8:10 pm – 1:23 pm +1,Singapore Airlines,HKT‐SAN,31h13m,2,"SIN, SFO",2191,20220406-1349,best
1:00 pm – 6:55 am +2,Qatar Airways,SAN‐HKT,27h55m,2,"SEA, DOH",11:55 pm – 9:49 pm +1,Qatar Airways,HKT‐SAN,35h54m,2,"DOH, JFK",1821,20220406-1349,best
10:55 am – 6:55 am +2,Qatar Airways,SAN‐HKT,30h00m,2,"SFO, DOH",11:55 pm – 6:59 pm +1,Qatar Airways,HKT‐SAN,33h04m,2,"DOH, SEA",1886,20220406-1349,best
6:05 pm – 9:35 am +2,Singapore Airlines,SAN‐HKT,25h30m,2,"SFO, SIN",11:40 am – 11:58 pm,Singapore Airlines,HKT‐SAN,26h18m,2,"SIN, SFO",2590,20220406-1354,fast
6:05 pm – 9:35 am +2,Singapore Airlines,SAN‐HKT,25h30m,2,"SFO, SIN",10:25 am – 11:58 pm,Singapore Airlines,HKT‐SAN,27h33m,2,"SIN, SFO",2623,20220406-1354,fast
6:05 pm – 10:50 am +2,Singapore Airlines,SAN‐HKT,26h45m,2,"SFO, SIN",11:40 am – 11:58 pm,Singapore Airlines,HKT‐SAN,26h18m,2,"SIN, SFO",2623,20220406-1354,fast
1:00 pm – 6:55 am +2,Qatar Airways,SAN‐HKT,27h55m,2,"SEA, DOH",11:40 am – 11:58 pm,Singapore Airlines,HKT‐SAN,26h18m,2,"SIN, SFO",2563,20220406-1354,fast
6:05 pm – 10:50 am +2,Singapore Airlines,SAN‐HKT,26h45m,2,"SFO, SIN",10:25 am – 11:58 pm,Singapore Airlines,HKT‐SAN,27h33m,2,"SIN, SFO",2623,20220406-1354,fast
11:53 am – 6:55 am +2,Qatar Airways,SAN‐HKT,29h02m,2,"SEA, DOH",11:40 am – 11:58 pm,Singapore Airlines,HKT‐SAN,26h18m,2,"SIN, SFO",2563,20220406-1354,fast
1:00 pm – 6:55 am +2,Qatar Airways,SAN‐HKT,27h55m,2,"SEA, DOH",10:25 am – 11:58 pm,Singapore Airlines,HKT‐SAN,27h33m,2,"SIN, SFO",2563,20220406-1354,fast
10:55 am – 6:55 am +2,Qatar Airways,SAN‐HKT,30h00m,2,"SFO, DOH",11:40 am – 11:58 pm,Singapore Airlines,HKT‐SAN,26h18m,2,"SIN, SFO",2504,20220406-1354,fast
11:53 am – 6:55 am +2,Qatar Airways,SAN‐HKT,29h02m,2,"SEA, DOH",10:25 am – 11:58 pm,Singapore Airlines,HKT‐SAN,27h33m,2,"SIN, SFO",2563,20220406-1354,fast
6:05 pm – 9:35 am +2,Singapore Airlines,SAN‐HKT,25h30m,2,"SFO, SIN",8:10 pm – 1:23 pm +1,Singapore Airlines,HKT‐SAN,31h13m,2,"SIN, SFO",2191,20220406-1354,fast
10:55 am – 6:55 am +2,Qatar Airways,SAN‐HKT,30h00m,2,"SFO, DOH",10:25 am – 11:58 pm,Singapore Airlines,HKT‐SAN,27h33m,2,"SIN, SFO",2504,20220406-1354,fast
6:05 pm – 10:50 am +2,Singapore Airlines,SAN‐HKT,26h45m,2,"SFO, SIN",8:10 pm – 1:23 pm +1,Singapore Airlines,HKT‐SAN,31h13m,2,"SIN, SFO",2215,20220406-1354,fast
4:15 pm – 9:35 am +2,Singapore Airlines,SAN‐HKT,27h20m,2,"SFO, SIN",8:10 pm – 1:23 pm +1,Singapore Airlines,HKT‐SAN,31h13m,2,"SIN, SFO",2191,20220406-1354,fast
6:05 pm – 9:35 am +2,Singapore Airlines,SAN‐HKT,25h30m,2,"SFO, SIN",6:10 pm – 1:23 pm +1,Singapore Airlines,HKT‐SAN,33h13m,2,"SIN, SFO",2191,20220406-1354,fast
8:15 am – 6:55 am +2,Qatar Airways,SAN‐HKT,32h40m,2,"SFO, DOH",11:40 am – 11:58 pm,Singapore Airlines,HKT‐SAN,26h18m,2,"SIN, SFO",2504,20220406-1354,fast
