Out Time,Out Airline,Out Cities,Out Duration,Out Stops,Out Stop Cities,Return Time,Return Airline,Return Cities,Return Duration,Return Stops,Return Stop Cities,Price,timestamp,sort
8:45 pm – 9:35 am +3,"JetBlue, Singapore Airlines",SAN‐HKT,46h50m,3,"JFK, FRA, ...",8:10 pm – 11:42 pm +1,"Singapore Airlines, Delta",HKT‐SAN,41h32m,3,"SIN, NRT, ...",1879,20220406-1651,cheap
12:30 pm – 6:55 am +2,"Alaska Airlines, Qatar Airways",SAN‐HKT,28h25m,2,"SFO, DOH",11:55 pm – 9:33 pm +2,"Qatar Airways, Alaska Airlines",HKT‐SAN,59h38m,2,"DOH, JFK-EWR",2092,20220406-1651,cheap
8:45 pm – 9:35 am +3,"JetBlue, Singapore Airlines",SAN‐HKT,46h50m,3,"JFK, FRA, ...",11:40 am – 2:35 pm +1,"Singapore Airlines, Delta",HKT‐SAN,40h55m,2,"SIN, LAX",2142,20220406-1651,cheap
11:00 pm – 6:55 am +3,Qatar Airways,SAN‐HKT,41h55m,2,"JFK, DOH",12:10 am – 11:49 pm,"Emirates, Alaska Airlines",HKT‐SAN,37h39m,2,"DXB, SFO",2144,20220406-1651,cheap
11:00 pm – 6:55 am +3,Qatar Airways,SAN‐HKT,41h55m,2,"JFK, DOH",11:55 pm – 7:58 pm +1,Qatar Airways,HKT‐SAN,34h03m,2,"DOH, SEA",2151,20220406-1651,cheap
8:45 pm – 9:35 am +3,"JetBlue, Singapore Airlines",SAN‐HKT,46h50m,3,"JFK, FRA, ...",8:10 pm – 1:32 pm +1,"Singapore Airlines, Alaska Airlines",HKT‐SAN,31h22m,2,"SIN, SFO",2164,20220406-1651,cheap
8:45 pm – 9:35 am +3,"JetBlue, Singapore Airlines",SAN‐HKT,46h50m,3,"JFK, FRA, ...",8:10 pm – 3:02 pm +1,"Singapore Airlines, Alaska Airlines",HKT‐SAN,32h52m,2,"SIN, SFO",2164,20220406-1651,cheap
8:45 pm – 9:35 am +3,"JetBlue, Singapore Airlines",SAN‐HKT,46h50m,3,"JFK, FRA, ...",6:10 pm – 1:32 pm +1,"Singapore Airlines, Alaska Airlines",HKT‐SAN,33h22m,2,"SIN, SFO",2164,20220406-1651,cheap
8:45 pm – 9:35 am +3,"JetBlue, Singapore Airlines",SAN‐HKT,46h50m,3,"JFK, FRA, ...",6:10 pm – 3:02 pm +1,"Singapore Airlines, Alaska Airlines",HKT‐SAN,34h52m,2,"SIN, SFO",2164,20220406-1651,cheap
8:45 pm – 9:35 am +3,"JetBlue, Singapore Airlines",SAN‐HKT,46h50m,2,"JFK, SIN",8:10 pm – 11:42 pm +1,"Singapore Airlines, Delta",HKT‐SAN,41h32m,3,"SIN, NRT, ...",2167,20220406-1651,cheap
11:00 pm – 6:55 am +3,Qatar Airways,SAN‐HKT,41h55m,2,"JFK, DOH",11:55 pm – 6:23 pm +1,"Qatar Airways, Alaska Airlines",HKT‐SAN,32h28m,2,"DOH, SEA",2173,20220406-1651,cheap
11:00 pm – 6:55 am +3,Qatar Airways,SAN‐HKT,41h55m,2,"JFK, DOH",11:55 pm – 10:41 pm +1,"Qatar Airways, Alaska Airlines",HKT‐SAN,36h46m,2,"DOH, SEA",2173,20220406-1651,cheap
11:00 pm – 6:55 am +3,Qatar Airways,SAN‐HKT,41h55m,2,"JFK, DOH",11:55 pm – 11:59 pm +1,"Qatar Airways, Alaska Airlines",HKT‐SAN,38h04m,2,"DOH, SEA",2173,20220406-1651,cheap
11:00 pm – 1:15 pm +3,Qatar Airways,SAN‐HKT,48h15m,2,"JFK, DOH",11:55 pm – 6:23 pm +1,"Qatar Airways, Alaska Airlines",HKT‐SAN,32h28m,2,"DOH, SEA",2173,20220406-1651,cheap
11:00 pm – 1:15 pm +3,Qatar Airways,SAN‐HKT,48h15m,2,"JFK, DOH",11:55 pm – 7:58 pm +1,"Qatar Airways, Alaska Airlines",HKT‐SAN,34h03m,2,"DOH, SEA",2173,20220406-1651,cheap
1:00 pm – 6:55 am +2,"Alaska Airlines, Qatar Airways",SAN‐HKT,27h55m,2,"SEA, DOH",11:55 pm – 6:23 pm +1,"Qatar Airways, Alaska Airlines",HKT‐SAN,32h28m,2,"DOH, SEA",2268,20220406-1649,best
8:45 pm – 9:35 am +3,"JetBlue, Singapore Airlines",SAN‐HKT,46h50m,3,"JFK, FRA, ...",8:10 pm – 11:42 pm +1,"Singapore Airlines, Delta",HKT‐SAN,41h32m,3,"SIN, NRT, ...",1879,20220406-1649,best
12:30 pm – 6:55 am +2,"Alaska Airlines, Qatar Airways",SAN‐HKT,28h25m,2,"SFO, DOH",11:55 pm – 6:23 pm +1,"Qatar Airways, Alaska Airlines",HKT‐SAN,32h28m,2,"DOH, SEA",2237,20220406-1649,best
12:30 pm – 6:55 am +2,Qatar Airways,SAN‐HKT,28h25m,2,"SFO, DOH",11:55 pm – 6:52 pm +1,Qatar Airways,HKT‐SAN,32h57m,2,"DOH, SFO",2266,20220406-1649,best
1:00 pm – 6:55 am +2,"Alaska Airlines, Qatar Airways",SAN‐HKT,27h55m,2,"SEA, DOH",11:55 pm – 7:58 pm +1,"Qatar Airways, Alaska Airlines",HKT‐SAN,34h03m,2,"DOH, SEA",2268,20220406-1649,best
1:00 pm – 6:55 am +2,"Alaska Airlines, Qatar Airways",SAN‐HKT,27h55m,2,"SEA, DOH",11:55 pm – 6:52 pm +1,"Qatar Airways, Alaska Airlines",HKT‐SAN,32h57m,2,"DOH, SFO",2333,20220406-1649,best
12:30 pm – 6:55 am +2,"Alaska Airlines, Qatar Airways",SAN‐HKT,28h25m,2,"SFO, DOH",11:55 pm – 7:58 pm +1,"Qatar Airways, Alaska Airlines",HKT‐SAN,34h03m,2,"DOH, SEA",2237,20220406-1649,best
5:15 pm – 9:35 am +2,Singapore Airlines,SAN‐HKT,26h20m,2,"SFO, SIN",11:40 am – 11:49 pm,Singapore Airlines,HKT‐SAN,26h09m,2,"SIN, SFO",3052,20220406-1649,best
12:30 pm – 6:55 am +2,"Alaska Airlines, Qatar Airways",SAN‐HKT,28h25m,2,"SFO, DOH",12:10 am – 6:52 pm,"Emirates, Alaska Airlines",HKT‐SAN,32h42m,2,"DXB, SFO",2347,20220406-1649,best
1:00 pm – 6:55 am +2,Qatar Airways,SAN‐HKT,27h55m,2,"SEA, DOH",11:40 am – 11:49 pm,Singapore Airlines,HKT‐SAN,26h09m,2,"SIN, SFO",2965,20220406-1649,best
10:20 am – 6:55 am +2,"Alaska Airlines, Qatar Airways",SAN‐HKT,30h35m,2,"SFO, DOH",11:55 pm – 6:23 pm +1,"Qatar Airways, Alaska Airlines",HKT‐SAN,32h28m,2,"DOH, SEA",2237,20220406-1649,best
9:50 am – 6:55 am +2,"Alaska Airlines, Qatar Airways",SAN‐HKT,31h05m,2,"SEA, DOH",11:55 pm – 6:23 pm +1,"Qatar Airways, Alaska Airlines",HKT‐SAN,32h28m,2,"DOH, SEA",2231,20220406-1649,best
5:15 pm – 9:35 am +2,Singapore Airlines,SAN‐HKT,26h20m,2,"SFO, SIN",10:25 am – 11:49 pm,Singapore Airlines,HKT‐SAN,27h24m,2,"SIN, SFO",3052,20220406-1649,best
5:15 pm – 10:50 am +2,Singapore Airlines,SAN‐HKT,27h35m,2,"SFO, SIN",11:40 am – 11:49 pm,Singapore Airlines,HKT‐SAN,26h09m,2,"SIN, SFO",3052,20220406-1649,best
10:20 am – 6:55 am +2,"Alaska Airlines, Qatar Airways",SAN‐HKT,30h35m,2,"SFO, DOH",11:55 pm – 6:52 pm +1,Qatar Airways,HKT‐SAN,32h57m,2,"DOH, SFO",2279,20220406-1649,best
1:00 pm – 6:55 am +2,"Alaska Airlines, Qatar Airways",SAN‐HKT,27h55m,2,"SEA, DOH",11:55 pm – 9:54 pm +1,"Qatar Airways, Alaska Airlines",HKT‐SAN,35h59m,2,"DOH, JFK",2302,20220406-1649,best
5:15 pm – 9:35 am +2,Singapore Airlines,SAN‐HKT,26h20m,2,"SFO, SIN",11:40 am – 11:49 pm,Singapore Airlines,HKT‐SAN,26h09m,2,"SIN, SFO",3052,20220406-1654,fast
5:15 pm – 9:35 am +2,Singapore Airlines,SAN‐HKT,26h20m,2,"SFO, SIN",10:25 am – 11:49 pm,Singapore Airlines,HKT‐SAN,27h24m,2,"SIN, SFO",3052,20220406-1654,fast
5:15 pm – 10:50 am +2,Singapore Airlines,SAN‐HKT,27h35m,2,"SFO, SIN",11:40 am – 11:49 pm,Singapore Airlines,HKT‐SAN,26h09m,2,"SIN, SFO",3052,20220406-1654,fast
1:00 pm – 6:55 am +2,Qatar Airways,SAN‐HKT,27h55m,2,"SEA, DOH",11:40 am – 11:49 pm,Singapore Airlines,HKT‐SAN,26h09m,2,"SIN, SFO",2965,20220406-1654,fast
12:40 pm – 6:55 am +2,Qatar Airways,SAN‐HKT,28h15m,2,"DFW, DOH",11:40 am – 11:49 pm,"Singapore Airlines, Alaska Airlines",HKT‐SAN,26h09m,2,"SIN, SFO",3112,20220406-1654,fast
12:30 pm – 6:55 am +2,"Alaska Airlines, Qatar Airways",SAN‐HKT,28h25m,2,"SFO, DOH",11:40 am – 11:49 pm,Singapore Airlines,HKT‐SAN,26h09m,2,"SIN, SFO",2342,20220406-1654,fast
3:10 pm – 9:35 am +2,Singapore Airlines,SAN‐HKT,28h25m,2,"SFO, SIN",11:40 am – 11:49 pm,Singapore Airlines,HKT‐SAN,26h09m,2,"SIN, SFO",3052,20220406-1654,fast
5:15 pm – 10:50 am +2,Singapore Airlines,SAN‐HKT,27h35m,2,"SFO, SIN",10:25 am – 11:49 pm,Singapore Airlines,HKT‐SAN,27h24m,2,"SIN, SFO",3052,20220406-1654,fast
1:00 pm – 6:55 am +2,Qatar Airways,SAN‐HKT,27h55m,2,"SEA, DOH",10:25 am – 11:49 pm,"Singapore Airlines, Alaska Airlines",HKT‐SAN,27h24m,2,"SIN, SFO",2996,20220406-1654,fast
12:40 pm – 6:55 am +2,Qatar Airways,SAN‐HKT,28h15m,2,"DFW, DOH",10:25 am – 11:49 pm,"Singapore Airlines, Alaska Airlines",HKT‐SAN,27h24m,2,"SIN, SFO",3112,20220406-1654,fast
12:30 pm – 6:55 am +2,"Alaska Airlines, Qatar Airways",SAN‐HKT,28h25m,2,"SFO, DOH",10:25 am – 11:49 pm,Singapore Airlines,HKT‐SAN,27h24m,2,"SIN, SFO",2342,20220406-1654,fast
3:10 pm – 10:50 am +2,Singapore Airlines,SAN‐HKT,29h40m,2,"SFO, SIN",11:40 am – 11:49 pm,Singapore Airlines,HKT‐SAN,26h09m,2,"SIN, SFO",3052,20220406-1654,fast
3:10 pm – 9:35 am +2,Singapore Airlines,SAN‐HKT,28h25m,2,"SFO, SIN",10:25 am – 11:49 pm,Singapore Airlines,HKT‐SAN,27h24m,2,"SIN, SFO",3052,20220406-1654,fast
10:40 am – 6:55 am +2,Qatar Airways,SAN‐HKT,30h15m,2,"DFW, DOH",11:40 am – 11:49 pm,Singapore Airlines,HKT‐SAN,26h09m,2,"SIN, SFO",3112,20220406-1654,fast
10:20 am – 6:55 am +2,"Alaska Airlines, Qatar Airways",SAN‐HKT,30h35m,2,"SFO, DOH",11:40 am – 11:49 pm,Singapore Airlines,HKT‐SAN,26h09m,2,"SIN, SFO",2342,20220406-1654,fast
