Out Time,Out Airline,Out Cities,Out Duration,Out Stops,Out Stop Cities,Return Time,Return Airline,Return Cities,Return Duration,Return Stops,Return Stop Cities,Price,timestamp,sort
6:17 am – 10:50 am +2,"Delta, Singapore Airlines",SAN‐HKT,38h33m,3,"LAX, NRT, ...",8:10 pm – 10:07 pm +1,"Singapore Airlines, Delta",HKT‐SAN,39h57m,3,"SIN, NRT, ...",1110,20220406-1104,cheap
6:17 am – 9:35 am +2,"Delta, Singapore Airlines",SAN‐HKT,37h18m,3,"LAX, NRT, ...",8:10 pm – 10:07 pm +1,"Singapore Airlines, Delta",HKT‐SAN,39h57m,3,"SIN, NRT, ...",1227,20220406-1104,cheap
11:50 am – 1:15 pm +2,"Alaska Airlines, Qatar Airways",SAN‐HKT,35h25m,2,"SEA, DOH",11:55 pm – 9:43 pm +1,"Qatar Airways, Alaska Airlines",HKT‐SAN,35h48m,2,"DOH, JFK",1252,20220406-1104,cheap
8:00 am – 1:15 pm +2,"Alaska Airlines, Qatar Airways",SAN‐HKT,39h15m,2,"SEA, DOH",11:55 pm – 9:43 pm +1,"Qatar Airways, Alaska Airlines",HKT‐SAN,35h48m,2,"DOH, JFK",1252,20220406-1104,cheap
6:15 am – 1:15 pm +2,"Alaska Airlines, Qatar Airways",SAN‐HKT,41h00m,2,"SEA, DOH",11:55 pm – 9:43 pm +1,"Qatar Airways, Alaska Airlines",HKT‐SAN,35h48m,2,"DOH, JFK",1252,20220406-1104,cheap
6:17 am – 10:50 am +2,"Delta, Singapore Airlines",SAN‐HKT,38h33m,3,"LAX, NRT, ...",8:10 pm – 7:12 pm +1,"Singapore Airlines, JetBlue",HKT‐SAN,37h02m,3,"SIN, FRA, ...",1259,20220406-1104,cheap
6:17 am – 10:50 am +2,"Delta, Singapore Airlines",SAN‐HKT,38h33m,3,"LAX, NRT, ...",6:10 pm – 7:12 pm +1,"Singapore Airlines, JetBlue",HKT‐SAN,39h02m,3,"SIN, FRA, ...",1259,20220406-1104,cheap
12:35 pm – 1:15 pm +2,"Alaska Airlines, Qatar Airways",SAN‐HKT,34h40m,2,"SFO, DOH",11:55 pm – 9:43 pm +1,"Qatar Airways, Alaska Airlines",HKT‐SAN,35h48m,2,"DOH, JFK",1284,20220406-1104,cheap
10:45 am – 1:15 pm +2,"Alaska Airlines, Qatar Airways",SAN‐HKT,36h30m,2,"SFO, DOH",11:55 pm – 9:43 pm +1,"Qatar Airways, Alaska Airlines",HKT‐SAN,35h48m,2,"DOH, JFK",1284,20220406-1104,cheap
6:25 am – 1:15 pm +2,"Alaska Airlines, Qatar Airways",SAN‐HKT,40h50m,2,"SFO, DOH",11:55 pm – 9:43 pm +1,"Qatar Airways, Alaska Airlines",HKT‐SAN,35h48m,2,"DOH, JFK",1284,20220406-1104,cheap
11:00 pm – 6:55 am +3,"Alaska Airlines, Qatar Airways",SAN‐HKT,41h55m,2,"JFK, DOH",11:55 pm – 9:43 pm +1,"Qatar Airways, Alaska Airlines",HKT‐SAN,35h48m,2,"DOH, JFK",1287,20220406-1104,cheap
4:50 pm – 6:55 am +3,"Alaska Airlines, Qatar Airways",SAN‐HKT,48h05m,2,"SEA, DOH",11:55 pm – 9:43 pm +1,"Qatar Airways, Alaska Airlines",HKT‐SAN,35h48m,2,"DOH, JFK",1308,20220406-1104,cheap
3:21 pm – 6:55 am +3,"Alaska Airlines, Qatar Airways",SAN‐HKT,49h34m,2,"SEA, DOH",11:55 pm – 9:43 pm +1,"Qatar Airways, Alaska Airlines",HKT‐SAN,35h48m,2,"DOH, JFK",1308,20220406-1104,cheap
6:40 pm – 1:15 pm +3,"Alaska Airlines, Qatar Airways",SAN‐HKT,52h35m,2,"SEA, DOH",11:55 pm – 9:43 pm +1,"Qatar Airways, Alaska Airlines",HKT‐SAN,35h48m,2,"DOH, JFK",1308,20220406-1104,cheap
11:50 am – 1:15 pm +2,"Alaska Airlines, Qatar Airways",SAN‐HKT,35h25m,2,"SEA, DOH",9:05 pm – 5:04 pm +1,Qatar Airways,HKT‐SAN,33h59m,2,"DOH, SEA",1317,20220406-1104,cheap
12:35 pm – 1:15 pm +2,"Alaska Airlines, Qatar Airways",SAN‐HKT,34h40m,2,"SFO, DOH",11:55 pm – 5:04 pm +1,"Qatar Airways, Alaska Airlines",HKT‐SAN,31h09m,2,"DOH, SEA",1338,20220406-1101,best
12:35 pm – 1:15 pm +2,"Alaska Airlines, Qatar Airways",SAN‐HKT,34h40m,2,"SFO, DOH",11:55 pm – 6:45 pm +1,Qatar Airways,HKT‐SAN,32h50m,2,"DOH, SEA",1388,20220406-1101,best
11:50 am – 1:15 pm +2,"Alaska Airlines, Qatar Airways",SAN‐HKT,35h25m,2,"SEA, DOH",9:05 pm – 5:04 pm +1,Qatar Airways,HKT‐SAN,33h59m,2,"DOH, SEA",1317,20220406-1101,best
12:35 pm – 1:15 pm +2,"Alaska Airlines, Qatar Airways",SAN‐HKT,34h40m,2,"SFO, DOH",11:55 pm – 9:43 pm +1,"Qatar Airways, Alaska Airlines",HKT‐SAN,35h48m,2,"DOH, JFK",1284,20220406-1101,best
11:50 am – 1:15 pm +2,"Alaska Airlines, Qatar Airways",SAN‐HKT,35h25m,2,"SEA, DOH",11:55 pm – 9:43 pm +1,"Qatar Airways, Alaska Airlines",HKT‐SAN,35h48m,2,"DOH, JFK",1252,20220406-1101,best
12:35 pm – 1:15 pm +2,"Alaska Airlines, Qatar Airways",SAN‐HKT,34h40m,2,"SFO, DOH",9:05 pm – 5:04 pm +1,Qatar Airways,HKT‐SAN,33h59m,2,"DOH, SEA",1388,20220406-1101,best
11:50 am – 1:15 pm +2,Qatar Airways,SAN‐HKT,35h25m,2,"SEA, DOH",11:55 pm – 5:04 pm +1,Qatar Airways,HKT‐SAN,31h09m,2,"DOH, SEA",1557,20220406-1101,best
11:50 am – 1:15 pm +2,"Alaska Airlines, Qatar Airways",SAN‐HKT,35h25m,2,"SEA, DOH",9:05 pm – 6:45 pm +1,Qatar Airways,HKT‐SAN,35h40m,2,"DOH, SEA",1317,20220406-1101,best
12:35 pm – 1:15 pm +2,"Alaska Airlines, Qatar Airways",SAN‐HKT,34h40m,2,"SFO, DOH",11:55 pm – 5:58 pm +1,"Qatar Airways, Alaska Airlines",HKT‐SAN,32h03m,2,"DOH, SFO",1551,20220406-1101,best
12:35 pm – 1:15 pm +2,"Alaska Airlines, Qatar Airways",SAN‐HKT,34h40m,2,"SFO, DOH",9:05 pm – 6:45 pm +1,Qatar Airways,HKT‐SAN,35h40m,2,"DOH, SEA",1388,20220406-1101,best
10:45 am – 1:15 pm +2,"Alaska Airlines, Qatar Airways",SAN‐HKT,36h30m,2,"SFO, DOH",11:55 pm – 9:43 pm +1,"Qatar Airways, Alaska Airlines",HKT‐SAN,35h48m,2,"DOH, JFK",1284,20220406-1101,best
11:50 am – 12:30 pm +2,"Alaska Airlines, Emirates",SAN‐HKT,34h40m,2,"SEA, DXB",12:10 am – 6:45 pm,"Emirates, Alaska Airlines",HKT‐SAN,32h35m,2,"DXB, SEA",1540,20220406-1101,best
11:50 am – 1:15 pm +2,"Alaska Airlines, Qatar Airways",SAN‐HKT,35h25m,2,"SEA, DOH",11:55 pm – 5:58 pm +1,"Qatar Airways, Alaska Airlines",HKT‐SAN,32h03m,2,"DOH, SFO",1574,20220406-1101,best
4:25 pm – 9:35 am +2,Singapore Airlines,SAN‐HKT,27h10m,2,"SFO, SIN",11:40 am – 11:05 pm,Singapore Airlines,HKT‐SAN,25h25m,2,"SIN, SFO",2401,20220406-1101,best
8:00 am – 1:15 pm +2,Qatar Airways,SAN‐HKT,39h15m,2,"SEA, DOH",11:55 pm – 5:04 pm +1,Qatar Airways,HKT‐SAN,31h09m,2,"DOH, SEA",1435,20220406-1101,best
4:25 pm – 9:35 am +2,Singapore Airlines,SAN‐HKT,27h10m,2,"SFO, SIN",11:40 am – 11:05 pm,Singapore Airlines,HKT‐SAN,25h25m,2,"SIN, SFO",2401,20220406-1106,fast
4:25 pm – 10:50 am +2,Singapore Airlines,SAN‐HKT,28h25m,2,"SFO, SIN",11:40 am – 11:05 pm,Singapore Airlines,HKT‐SAN,25h25m,2,"SIN, SFO",2401,20220406-1106,fast
4:25 pm – 9:35 am +2,Singapore Airlines,SAN‐HKT,27h10m,2,"SFO, SIN",10:25 am – 11:05 pm,Singapore Airlines,HKT‐SAN,26h40m,2,"SIN, SFO",2401,20220406-1106,fast
4:25 pm – 10:50 am +2,Singapore Airlines,SAN‐HKT,28h25m,2,"SFO, SIN",10:25 am – 11:05 pm,Singapore Airlines,HKT‐SAN,26h40m,2,"SIN, SFO",2401,20220406-1106,fast
7:00 pm – 1:15 pm +2,"British Airways, Qatar Airways",SAN‐HKT,28h15m,2,"LHR, DOH",9:05 pm – 1:48 pm +1,"Qatar Airways, American Airlines",HKT‐SAN,30h43m,2,"DOH, DFW",3109,20220406-1106,fast
7:00 pm – 1:15 pm +2,"British Airways, Qatar Airways",SAN‐HKT,28h15m,2,"LHR, DOH",9:05 pm – 1:48 pm +1,Qatar Airways,HKT‐SAN,30h43m,2,"DOH, DFW",3460,20220406-1106,fast
7:00 pm – 1:15 pm +2,"British Airways, Qatar Airways",SAN‐HKT,28h15m,2,"LHR, DOH",11:55 pm – 5:05 pm +1,"Qatar Airways, British Airways",HKT‐SAN,31h10m,2,"DOH, LHR",3449,20220406-1106,fast
7:00 pm – 1:15 pm +2,"British Airways, Qatar Airways",SAN‐HKT,28h15m,2,"LHR, DOH",11:55 pm – 5:05 pm +1,"Qatar Airways, British Airways",HKT‐SAN,31h10m,2,"DOH, LHR",3790,20220406-1106,fast
7:00 pm – 1:15 pm +2,"British Airways, Qatar Airways",SAN‐HKT,28h15m,2,"LHR, DOH",9:05 pm – 3:55 pm +1,Qatar Airways,HKT‐SAN,32h50m,2,"DOH, DFW",3120,20220406-1106,fast
7:00 pm – 1:15 pm +2,"British Airways, Qatar Airways",SAN‐HKT,28h15m,2,"LHR, DOH",9:05 pm – 3:55 pm +1,Qatar Airways,HKT‐SAN,32h50m,2,"DOH, DFW",3460,20220406-1106,fast
4:25 pm – 9:35 am +2,Singapore Airlines,SAN‐HKT,27h10m,2,"SFO, SIN",9:05 pm – 5:58 pm +1,"Qatar Airways, Alaska Airlines",HKT‐SAN,34h53m,2,"DOH, SFO",2422,20220406-1106,fast
4:25 pm – 9:35 am +2,Singapore Airlines,SAN‐HKT,27h10m,2,"SFO, SIN",11:55 pm – 9:14 pm +1,Qatar Airways,HKT‐SAN,35h19m,2,"DOH, BOS",2311,20220406-1106,fast
6:15 am – 9:35 am +2,Singapore Airlines,SAN‐HKT,37h20m,3,"SEA, YVR, ...",11:40 am – 11:05 pm,"Singapore Airlines, Alaska Airlines",HKT‐SAN,25h25m,2,"SIN, SFO",3403,20220406-1106,fast
4:25 pm – 9:35 am +2,Singapore Airlines,SAN‐HKT,27h10m,2,"SFO, SIN",11:55 pm – 9:43 pm +1,Qatar Airways,HKT‐SAN,35h48m,2,"DOH, JFK",2275,20220406-1106,fast
2:40 pm – 1:15 pm +2,Qatar Airways,SAN‐HKT,32h35m,2,"DFW, DOH",9:05 pm – 1:48 pm +1,Qatar Airways,HKT‐SAN,30h43m,2,"DOH, DFW",2702,20220406-1106,fast
