Out Time,Out Airline,Out Cities,Out Duration,Out Stops,Out Stop Cities,Return Time,Return Airline,Return Cities,Return Duration,Return Stops,Return Stop Cities,Price,timestamp,sort
8:15 pm – 12:10 am +3,Asiana Airlines,SAN‐HKT,37h55m,2,"LAX, ICN",1:30 am – 9:42 pm,"Asiana Airlines, Alaska Airlines",HKT‐SAN,34h12m,2,"ICN, SFO",1388,20220406-1909,cheap
8:15 pm – 12:10 am +3,Asiana Airlines,SAN‐HKT,37h55m,2,"LAX, ICN",1:30 am – 11:49 pm,"Asiana Airlines, Alaska Airlines",HKT‐SAN,36h19m,2,"ICN, SFO",1388,20220406-1909,cheap
8:15 pm – 12:10 am +3,Asiana Airlines,SAN‐HKT,37h55m,2,"LAX, ICN",1:30 am – 7:34 am +1,"Asiana Airlines, Alaska Airlines",HKT‐SAN,44h04m,2,"ICN, SFO",1395,20220406-1909,cheap
8:15 pm – 12:10 am +3,Asiana Airlines,SAN‐HKT,37h55m,2,"LAX, ICN",1:30 am – 9:39 am +1,"Asiana Airlines, Alaska Airlines",HKT‐SAN,46h09m,2,"ICN, SFO",1395,20220406-1909,cheap
8:15 pm – 12:10 am +3,Asiana Airlines,SAN‐HKT,37h55m,2,"LAX, ICN",1:30 am – 9:42 pm,"Asiana Airlines, Alaska Airlines",HKT‐SAN,34h12m,2,"ICN, SFO",1396,20220406-1909,cheap
8:15 pm – 12:10 am +3,Asiana Airlines,SAN‐HKT,37h55m,2,"LAX, ICN",1:30 am – 11:49 pm,"Asiana Airlines, Alaska Airlines",HKT‐SAN,36h19m,2,"ICN, SFO",1397,20220406-1909,cheap
6:25 am – 12:10 am +3,"Alaska Airlines, Asiana Airlines",SAN‐HKT,51h45m,2,"SFO, ICN",1:30 am – 9:42 pm,"Asiana Airlines, Alaska Airlines",HKT‐SAN,34h12m,2,"ICN, SFO",1399,20220406-1909,cheap
8:15 pm – 12:10 am +3,Asiana Airlines,SAN‐HKT,37h55m,2,"LAX, ICN",1:30 am – 7:34 am +1,"Asiana Airlines, Alaska Airlines",HKT‐SAN,44h04m,2,"ICN, SFO",1405,20220406-1909,cheap
8:15 pm – 12:10 am +3,Asiana Airlines,SAN‐HKT,37h55m,2,"LAX, ICN",1:30 am – 9:39 am +1,"Asiana Airlines, Alaska Airlines",HKT‐SAN,46h09m,2,"ICN, SFO",1405,20220406-1909,cheap
6:29 am – 12:10 am +2,Asiana Airlines,SAN‐HKT,27h41m,2,"LAX, ICN",1:30 am – 8:24 pm,Asiana Airlines,HKT‐SAN,32h54m,2,"ICN, SFO",1533,20220406-1909,cheap
7:40 pm – 12:10 am +3,"Alaska Airlines, Asiana Airlines",SAN‐HKT,38h30m,2,"SFO, ICN",1:30 am – 9:42 pm,"Asiana Airlines, Alaska Airlines",HKT‐SAN,34h12m,2,"ICN, SFO",1560,20220406-1909,cheap
7:40 pm – 12:10 am +3,"Alaska Airlines, Asiana Airlines",SAN‐HKT,38h30m,2,"SFO, ICN",1:30 am – 11:49 pm,"Asiana Airlines, Alaska Airlines",HKT‐SAN,36h19m,2,"ICN, SFO",1560,20220406-1909,cheap
5:15 pm – 12:10 am +3,"Alaska Airlines, Asiana Airlines",SAN‐HKT,40h55m,2,"SFO, ICN",1:30 am – 9:42 pm,"Asiana Airlines, Alaska Airlines",HKT‐SAN,34h12m,2,"ICN, SFO",1560,20220406-1909,cheap
5:15 pm – 12:10 am +3,"Alaska Airlines, Asiana Airlines",SAN‐HKT,40h55m,2,"SFO, ICN",1:30 am – 11:49 pm,"Asiana Airlines, Alaska Airlines",HKT‐SAN,36h19m,2,"ICN, SFO",1560,20220406-1909,cheap
8:15 pm – 12:10 am +3,Asiana Airlines,SAN‐HKT,37h55m,2,"LAX, ICN",1:30 am – 5:02 am +1,"Asiana Airlines, Alaska Airlines",HKT‐SAN,41h32m,2,"ICN, HNL",1562,20220406-1909,cheap
6:29 am – 12:10 am +2,Asiana Airlines,SAN‐HKT,27h41m,2,"LAX, ICN",1:30 am – 8:24 pm,Asiana Airlines,HKT‐SAN,32h54m,2,"ICN, SFO",1533,20220406-1906,best
8:15 pm – 12:10 am +3,Asiana Airlines,SAN‐HKT,37h55m,2,"LAX, ICN",1:30 am – 9:42 pm,"Asiana Airlines, Alaska Airlines",HKT‐SAN,34h12m,2,"ICN, SFO",1388,20220406-1906,best
6:29 am – 12:10 am +2,Asiana Airlines,SAN‐HKT,27h41m,2,"LAX, ICN",1:30 am – 7:39 pm,Asiana Airlines,HKT‐SAN,32h09m,2,"ICN, LAX",1656,20220406-1906,best
6:29 am – 12:10 am +2,Asiana Airlines,SAN‐HKT,27h41m,2,"LAX, ICN",1:30 am – 7:39 pm,Asiana Airlines,HKT‐SAN,32h09m,2,"ICN, LAX",1656,20220406-1906,best
8:15 pm – 3:25 pm +2,Multiple Airlines,SAN‐HKT,29h10m,3,"LAX, TPE, ...",8:15 am – 9:42 pm,Multiple Airlines,HKT‐SAN,27h27m,3,"BKK, TPE, ...",1873,20220406-1906,best
8:15 pm – 3:25 pm +2,Multiple Airlines,SAN‐HKT,29h10m,3,"LAX, TPE, ...",8:15 am – 9:42 pm,Multiple Airlines,HKT‐SAN,27h27m,3,"BKK, TPE, ...",1873,20220406-1906,best
6:29 am – 12:10 am +2,Asiana Airlines,SAN‐HKT,27h41m,2,"LAX, ICN",1:30 am – 9:42 pm,"Asiana Airlines, Alaska Airlines",HKT‐SAN,34h12m,2,"ICN, SFO",1745,20220406-1906,best
6:29 am – 12:10 am +2,Asiana Airlines,SAN‐HKT,27h41m,2,"LAX, ICN",1:30 am – 11:49 pm,"Asiana Airlines, Alaska Airlines",HKT‐SAN,36h19m,2,"ICN, SFO",1745,20220406-1906,best
8:00 am – 12:10 am +2,"United Airlines, Asiana Airlines",SAN‐HKT,26h10m,2,"SFO, ICN",1:30 am – 2:35 pm,"Asiana Airlines, United Airlines",HKT‐SAN,27h05m,2,"ICN, SFO",2355,20220406-1906,best
8:15 pm – 12:10 am +3,Asiana Airlines,SAN‐HKT,37h55m,2,"LAX, ICN",1:30 am – 9:42 pm,"Asiana Airlines, Alaska Airlines",HKT‐SAN,34h12m,2,"ICN, SFO",1396,20220406-1906,best
8:15 pm – 12:10 am +3,Asiana Airlines,SAN‐HKT,37h55m,2,"LAX, ICN",1:30 am – 11:49 pm,"Asiana Airlines, Alaska Airlines",HKT‐SAN,36h19m,2,"ICN, SFO",1388,20220406-1906,best
6:15 am – 12:10 am +2,"United Airlines, Asiana Airlines",SAN‐HKT,27h55m,2,"SFO, ICN",1:30 am – 2:35 pm,"Asiana Airlines, United Airlines",HKT‐SAN,27h05m,2,"ICN, SFO",2355,20220406-1906,best
8:15 pm – 12:10 am +3,Asiana Airlines,SAN‐HKT,37h55m,2,"LAX, ICN",1:30 am – 11:49 pm,"Asiana Airlines, Alaska Airlines",HKT‐SAN,36h19m,2,"ICN, SFO",1397,20220406-1906,best
8:00 am – 12:10 am +2,"United Airlines, Asiana Airlines",SAN‐HKT,26h10m,2,"SFO, ICN",1:30 am – 6:09 pm,"Asiana Airlines, United Airlines",HKT‐SAN,30h39m,2,"ICN, SFO",2355,20220406-1906,best
6:29 am – 12:10 am +2,"United Airlines, Asiana Airlines",SAN‐HKT,27h41m,3,"LAX, SFO, ...",1:30 am – 2:35 pm,"Asiana Airlines, United Airlines",HKT‐SAN,27h05m,2,"ICN, SFO",2356,20220406-1906,best
8:00 am – 12:10 am +2,"Air Canada, Asiana Airlines",SAN‐HKT,26h10m,2,"YVR, ICN",11:40 am – 11:49 pm,Singapore Airlines,HKT‐SAN,26h09m,2,"SIN, SFO",2476,20220406-1911,fast
5:15 pm – 9:35 am +2,Singapore Airlines,SAN‐HKT,26h20m,2,"SFO, SIN",11:40 am – 11:49 pm,Singapore Airlines,HKT‐SAN,26h09m,2,"SIN, SFO",3527,20220406-1911,fast
8:15 am – 12:10 am +2,"Korean Air, Asiana Airlines",SAN‐HKT,25h55m,2,"HNL, ICN",1:30 am – 2:35 pm,"Asiana Airlines, Korean Air",HKT‐SAN,27h05m,2,"ICN, LAX",14388,20220406-1911,fast
7:05 am – 12:10 am +2,"Korean Air, Asiana Airlines",SAN‐HKT,27h05m,2,"SEA, ICN",11:40 am – 11:49 pm,Singapore Airlines,HKT‐SAN,26h09m,2,"SIN, SFO",4713,20220406-1911,fast
8:00 am – 12:10 am +2,"United Airlines, Asiana Airlines",SAN‐HKT,26h10m,2,"SFO, ICN",1:30 am – 2:35 pm,"Asiana Airlines, United Airlines",HKT‐SAN,27h05m,2,"ICN, SFO",2355,20220406-1911,fast
8:00 am – 12:10 am +2,"Air Canada, Asiana Airlines",SAN‐HKT,26h10m,2,"YVR, ICN",1:30 am – 2:35 pm,"Asiana Airlines, Korean Air",HKT‐SAN,27h05m,2,"ICN, LAX",7978,20220406-1911,fast
8:00 am – 12:10 am +2,"Air Canada, Asiana Airlines",SAN‐HKT,26h10m,2,"YVR, ICN",10:25 am – 11:49 pm,Singapore Airlines,HKT‐SAN,27h24m,2,"SIN, SFO",2476,20220406-1911,fast
8:12 pm – 9:35 am +2,"United Airlines, Singapore Airlines",SAN‐HKT,23h23m,2,"SFO, SIN",8:10 pm – 12:23 pm +1,"Singapore Airlines, United Airlines",HKT‐SAN,30h13m,2,"SIN, SFO",8350,20220406-1911,fast
8:00 am – 12:10 am +2,Air Canada,SAN‐HKT,26h10m,2,"YVR, ICN",1:30 am – 3:02 pm,"Asiana Airlines, Alaska Airlines",HKT‐SAN,27h32m,2,"ICN, SFO",3812,20220406-1911,fast
5:15 pm – 10:50 am +2,Singapore Airlines,SAN‐HKT,27h35m,2,"SFO, SIN",11:40 am – 11:49 pm,Singapore Airlines,HKT‐SAN,26h09m,2,"SIN, SFO",3527,20220406-1911,fast
5:15 pm – 9:35 am +2,Singapore Airlines,SAN‐HKT,26h20m,2,"SFO, SIN",10:25 am – 11:49 pm,Singapore Airlines,HKT‐SAN,27h24m,2,"SIN, SFO",3527,20220406-1911,fast
6:29 am – 12:10 am +2,Asiana Airlines,SAN‐HKT,27h41m,2,"LAX, ICN",11:40 am – 11:49 pm,Singapore Airlines,HKT‐SAN,26h09m,2,"SIN, SFO",3334,20220406-1911,fast
8:15 pm – 3:25 pm +2,Multiple Airlines,SAN‐HKT,29h10m,3,"LAX, TPE, ...",1:00 pm – 11:54 pm,Multiple Airlines,HKT‐SAN,24h54m,3,"BKK, TPE, ...",12290,20220406-1911,fast
8:15 pm – 3:25 pm +2,Multiple Airlines,SAN‐HKT,29h10m,3,"LAX, TPE, ...",1:00 pm – 11:54 pm,Multiple Airlines,HKT‐SAN,24h54m,3,"BKK, TPE, ...",12290,20220406-1911,fast
8:12 pm – 3:25 pm +2,Multiple Airlines,SAN‐HKT,29h13m,3,"SFO, TPE, ...",1:00 pm – 11:54 pm,Multiple Airlines,HKT‐SAN,24h54m,3,"BKK, TPE, ...",12290,20220406-1911,fast
