Out Time,Out Airline,Out Cities,Out Duration,Out Stops,Out Stop Cities,Return Time,Return Airline,Return Cities,Return Duration,Return Stops,Return Stop Cities,Price,timestamp,sort
11:00 pm – 7:20 am +3,"Alaska Airlines, Qatar Airways",SAN‐HKT,42h20m,2,"JFK, DOH",11:55 pm – 9:58 pm +1,"Qatar Airways, Alaska Airlines",HKT‐SAN,36h03m,2,"DOH, JFK",1367,20220406-0830,cheap
11:00 pm – 7:20 am +3,"Alaska Airlines, Qatar Airways",SAN‐HKT,42h20m,2,"JFK, DOH",11:55 pm – 12:04 pm +2,Qatar Airways,HKT‐SAN,50h09m,2,"DOH, JFK",1374,20220406-0830,cheap
8:10 am – 7:20 am +2,Qatar Airways,SAN‐HKT,33h10m,2,"SFO, DOH",11:55 pm – 12:04 pm +2,Qatar Airways,HKT‐SAN,50h09m,2,"DOH, JFK",1383,20220406-0830,cheap
6:15 am – 7:20 am +2,"Alaska Airlines, Qatar Airways",SAN‐HKT,35h05m,2,"SFO, DOH",11:55 pm – 9:58 pm +1,"Qatar Airways, Alaska Airlines",HKT‐SAN,36h03m,2,"DOH, JFK",1399,20220406-0830,cheap
6:15 am – 1:15 pm +2,"Alaska Airlines, Qatar Airways",SAN‐HKT,41h00m,2,"SFO, DOH",11:55 pm – 9:58 pm +1,"Qatar Airways, Alaska Airlines",HKT‐SAN,36h03m,2,"DOH, JFK",1399,20220406-0830,cheap
8:10 am – 7:20 am +2,"Alaska Airlines, Qatar Airways",SAN‐HKT,33h10m,2,"SFO, DOH",11:55 pm – 9:58 pm +1,"Qatar Airways, Alaska Airlines",HKT‐SAN,36h03m,2,"DOH, JFK",1401,20220406-0830,cheap
8:10 am – 1:15 pm +2,"Alaska Airlines, Qatar Airways",SAN‐HKT,39h05m,2,"SFO, DOH",11:55 pm – 9:58 pm +1,"Qatar Airways, Alaska Airlines",HKT‐SAN,36h03m,2,"DOH, JFK",1401,20220406-0830,cheap
9:50 pm – 7:20 am +3,"Alaska Airlines, Qatar Airways",SAN‐HKT,43h30m,2,"SFO, DOH",11:55 pm – 9:58 pm +1,"Qatar Airways, Alaska Airlines",HKT‐SAN,36h03m,2,"DOH, JFK",1406,20220406-0830,cheap
6:45 pm – 7:20 am +3,"Alaska Airlines, Qatar Airways",SAN‐HKT,46h35m,2,"SFO, DOH",11:55 pm – 9:58 pm +1,"Qatar Airways, Alaska Airlines",HKT‐SAN,36h03m,2,"DOH, JFK",1406,20220406-0830,cheap
6:15 am – 7:20 am +2,"Alaska Airlines, Qatar Airways",SAN‐HKT,35h05m,2,"SFO, DOH",11:55 pm – 12:04 pm +2,Qatar Airways,HKT‐SAN,50h09m,2,"DOH, JFK",1407,20220406-0830,cheap
8:10 am – 1:15 pm +2,"Alaska Airlines, Qatar Airways",SAN‐HKT,39h05m,2,"SFO, DOH",11:55 pm – 12:04 pm +2,Qatar Airways,HKT‐SAN,50h09m,2,"DOH, JFK",1407,20220406-0830,cheap
6:15 am – 1:15 pm +2,"Alaska Airlines, Qatar Airways",SAN‐HKT,41h00m,2,"SFO, DOH",11:55 pm – 12:04 pm +2,Qatar Airways,HKT‐SAN,50h09m,2,"DOH, JFK",1407,20220406-0830,cheap
8:10 am – 7:20 am +2,Qatar Airways,SAN‐HKT,33h10m,2,"SFO, DOH",11:55 pm – 12:04 pm +2,Qatar Airways,HKT‐SAN,50h09m,2,"DOH, JFK",1425,20220406-0830,cheap
8:10 am – 1:15 pm +2,Qatar Airways,SAN‐HKT,39h05m,2,"SFO, DOH",11:55 pm – 12:04 pm +2,Qatar Airways,HKT‐SAN,50h09m,2,"DOH, JFK",1425,20220406-0830,cheap
10:46 am – 7:20 am +2,"American Airlines, Qatar Airways",SAN‐HKT,30h34m,2,"DFW, DOH",11:55 pm – 7:56 pm +1,"Qatar Airways, American Airlines",HKT‐SAN,34h01m,2,"DOH, ORD",1458,20220406-0830,cheap
10:46 am – 7:20 am +2,"American Airlines, Qatar Airways",SAN‐HKT,30h34m,2,"DFW, DOH",9:05 pm – 1:45 pm +1,"Qatar Airways, American Airlines",HKT‐SAN,30h40m,2,"DOH, DFW",1542,20220406-0827,best
11:00 pm – 7:20 am +3,"Alaska Airlines, Qatar Airways",SAN‐HKT,42h20m,2,"JFK, DOH",11:55 pm – 9:58 pm +1,"Qatar Airways, Alaska Airlines",HKT‐SAN,36h03m,2,"DOH, JFK",1367,20220406-0827,best
10:46 am – 7:20 am +2,"American Airlines, Qatar Airways",SAN‐HKT,30h34m,2,"DFW, DOH",11:55 pm – 7:56 pm +1,"Qatar Airways, American Airlines",HKT‐SAN,34h01m,2,"DOH, ORD",1458,20220406-0827,best
9:35 am – 7:20 am +2,"American Airlines, Qatar Airways",SAN‐HKT,31h45m,2,"DFW, DOH",9:05 pm – 1:45 pm +1,"Qatar Airways, American Airlines",HKT‐SAN,30h40m,2,"DOH, DFW",1542,20220406-0827,best
2:40 pm – 1:15 pm +2,"American Airlines, Qatar Airways",SAN‐HKT,32h35m,2,"DFW, DOH",9:05 pm – 1:45 pm +1,"Qatar Airways, American Airlines",HKT‐SAN,30h40m,2,"DOH, DFW",1542,20220406-0827,best
8:10 am – 7:20 am +2,Qatar Airways,SAN‐HKT,33h10m,2,"SFO, DOH",11:55 pm – 5:58 pm +1,Qatar Airways,HKT‐SAN,32h03m,2,"DOH, SFO",1460,20220406-0827,best
10:46 am – 7:20 am +2,"American Airlines, Qatar Airways",SAN‐HKT,30h34m,2,"DFW, DOH",9:05 pm – 3:58 pm +1,"Qatar Airways, American Airlines",HKT‐SAN,32h53m,2,"DOH, DFW",1542,20220406-0827,best
9:35 am – 7:20 am +2,"American Airlines, Qatar Airways",SAN‐HKT,31h45m,2,"DFW, DOH",11:55 pm – 7:56 pm +1,"Qatar Airways, American Airlines",HKT‐SAN,34h01m,2,"DOH, ORD",1458,20220406-0827,best
10:21 am – 7:20 am +2,"American Airlines, Qatar Airways",SAN‐HKT,30h59m,3,"PHX, PHL, ...",9:05 pm – 1:45 pm +1,"Qatar Airways, American Airlines",HKT‐SAN,30h40m,2,"DOH, DFW",1546,20220406-0827,best
10:21 am – 7:20 am +2,"American Airlines, Qatar Airways",SAN‐HKT,30h59m,3,"PHX, BOS, ...",9:05 pm – 1:45 pm +1,"Qatar Airways, American Airlines",HKT‐SAN,30h40m,2,"DOH, DFW",1546,20220406-0827,best
10:21 am – 7:20 am +2,"American Airlines, Qatar Airways",SAN‐HKT,30h59m,3,"PHX, DFW, ...",9:05 pm – 1:45 pm +1,"Qatar Airways, American Airlines",HKT‐SAN,30h40m,2,"DOH, DFW",1546,20220406-0827,best
11:45 am – 7:20 am +2,Qatar Airways,SAN‐HKT,29h35m,2,"SEA, DOH",11:55 pm – 5:58 pm +1,Qatar Airways,HKT‐SAN,32h03m,2,"DOH, SFO",1624,20220406-0827,best
1:40 pm – 1:15 pm +2,"American Airlines, Qatar Airways",SAN‐HKT,33h35m,2,"DFW, DOH",9:05 pm – 1:45 pm +1,"Qatar Airways, American Airlines",HKT‐SAN,30h40m,2,"DOH, DFW",1542,20220406-0827,best
2:40 pm – 1:15 pm +2,"American Airlines, Qatar Airways",SAN‐HKT,32h35m,2,"DFW, DOH",11:55 pm – 7:56 pm +1,"Qatar Airways, American Airlines",HKT‐SAN,34h01m,2,"DOH, ORD",1458,20220406-0827,best
8:00 am – 7:20 am +2,"American Airlines, Qatar Airways",SAN‐HKT,33h20m,2,"DFW, DOH",9:05 pm – 1:45 pm +1,"Qatar Airways, American Airlines",HKT‐SAN,30h40m,2,"DOH, DFW",1542,20220406-0827,best
10:21 am – 7:20 am +2,"American Airlines, Qatar Airways",SAN‐HKT,30h59m,3,"PHX, PHL, ...",11:55 pm – 7:56 pm +1,"Qatar Airways, American Airlines",HKT‐SAN,34h01m,2,"DOH, ORD",1462,20220406-0827,best
11:45 am – 7:20 am +2,Qatar Airways,SAN‐HKT,29h35m,2,"SEA, DOH",11:40 am – 11:05 pm,Singapore Airlines,HKT‐SAN,25h25m,2,"SIN, SFO",4313,20220406-0832,fast
11:45 am – 7:20 am +2,Qatar Airways,SAN‐HKT,29h35m,2,"SEA, DOH",10:25 am – 11:05 pm,Singapore Airlines,HKT‐SAN,26h40m,2,"SIN, SFO",4313,20220406-0832,fast
2:40 pm – 1:15 pm +2,Qatar Airways,SAN‐HKT,32h35m,2,"DFW, DOH",11:40 am – 11:05 pm,"Singapore Airlines, Alaska Airlines",HKT‐SAN,25h25m,2,"SIN, SFO",4807,20220406-0832,fast
8:10 am – 7:20 am +2,Qatar Airways,SAN‐HKT,33h10m,2,"SFO, DOH",11:40 am – 11:05 pm,Singapore Airlines,HKT‐SAN,25h25m,2,"SIN, SFO",4079,20220406-0832,fast
1:15 pm – 7:45 am +2,"Japan Airlines, Singapore Airlines",SAN‐HKT,28h30m,2,"NRT, SIN",7:10 pm – 11:15 am +1,Japan Airlines,HKT‐SAN,30h05m,2,"BKK, NRT",8687,20220406-0832,fast
1:40 pm – 1:15 pm +2,Qatar Airways,SAN‐HKT,33h35m,2,"DFW, DOH",11:40 am – 11:05 pm,"Singapore Airlines, Alaska Airlines",HKT‐SAN,25h25m,2,"SIN, SFO",4375,20220406-0832,fast
7:35 am – 7:20 am +2,Qatar Airways,SAN‐HKT,33h45m,2,"JFK, DOH",11:40 am – 11:05 pm,Singapore Airlines,HKT‐SAN,25h25m,2,"SIN, SFO",4214,20220406-0832,fast
2:40 pm – 1:15 pm +2,Qatar Airways,SAN‐HKT,32h35m,2,"DFW, DOH",10:25 am – 11:05 pm,Singapore Airlines,HKT‐SAN,26h40m,2,"SIN, SFO",4807,20220406-0832,fast
12:40 pm – 7:20 am +2,"Alaska Airlines, Qatar Airways",SAN‐HKT,28h40m,2,"SFO, DOH",11:55 pm – 5:04 pm +1,"Qatar Airways, Alaska Airlines",HKT‐SAN,31h09m,2,"DOH, SEA",2244,20220406-0832,fast
8:10 am – 7:20 am +2,Qatar Airways,SAN‐HKT,33h10m,2,"SFO, DOH",10:25 am – 11:05 pm,"Singapore Airlines, Alaska Airlines",HKT‐SAN,26h40m,2,"SIN, SFO",4085,20220406-0832,fast
1:40 pm – 1:15 pm +2,Qatar Airways,SAN‐HKT,33h35m,2,"DFW, DOH",10:25 am – 11:05 pm,Singapore Airlines,HKT‐SAN,26h40m,2,"SIN, SFO",4375,20220406-0832,fast
7:00 pm – 1:15 pm +2,"British Airways, Qatar Airways",SAN‐HKT,28h15m,2,"LHR, DOH",11:55 pm – 5:58 pm +1,Qatar Airways,HKT‐SAN,32h03m,2,"DOH, SFO",2837,20220406-0832,fast
7:00 pm – 1:15 pm +2,"British Airways, Qatar Airways",SAN‐HKT,28h15m,2,"LHR, DOH",11:55 pm – 5:58 pm +1,Qatar Airways,HKT‐SAN,32h03m,2,"DOH, SFO",2837,20220406-0832,fast
7:35 am – 7:20 am +2,Qatar Airways,SAN‐HKT,33h45m,2,"JFK, DOH",10:25 am – 11:05 pm,Singapore Airlines,HKT‐SAN,26h40m,2,"SIN, SFO",4214,20220406-0832,fast
1:15 pm – 9:35 am +2,Multiple Airlines,SAN‐HKT,30h20m,2,"NRT, BKK",7:10 pm – 11:15 am +1,Japan Airlines,HKT‐SAN,30h05m,2,"BKK, NRT",9860,20220406-0832,fast
