Out Time,Out Airline,Out Cities,Out Duration,Out Stops,Out Stop Cities,Return Time,Return Airline,Return Cities,Return Duration,Return Stops,Return Stop Cities,Price,timestamp,sort
6:25 am – 6:55 am +2,"Alaska Airlines, Qatar Airways",SAN‐HKT,34h30m,2,"SFO, DOH",11:55 pm – 11:55 am +2,"Qatar Airways, Alaska Airlines",HKT‐SAN,50h00m,2,"DOH, JFK",2050,20220406-1714,cheap
6:25 am – 6:55 am +2,"Alaska Airlines, Qatar Airways",SAN‐HKT,34h30m,2,"SFO, DOH",11:55 pm – 11:55 am +2,"Qatar Airways, Alaska Airlines",HKT‐SAN,50h00m,2,"DOH, JFK",2063,20220406-1714,cheap
11:00 pm – 1:15 pm +3,"Alaska Airlines, Qatar Airways",SAN‐HKT,48h15m,2,"JFK, DOH",11:55 pm – 11:59 pm +1,"Qatar Airways, Alaska Airlines",HKT‐SAN,38h04m,2,"DOH, SEA",2076,20220406-1714,cheap
6:25 am – 6:55 am +2,"Alaska Airlines, Qatar Airways",SAN‐HKT,34h30m,2,"SFO, DOH",11:55 pm – 11:59 pm +1,"Qatar Airways, Alaska Airlines",HKT‐SAN,38h04m,2,"DOH, SEA",2081,20220406-1714,cheap
6:25 am – 1:15 pm +2,"Alaska Airlines, Qatar Airways",SAN‐HKT,40h50m,2,"SFO, DOH",11:55 pm – 11:59 pm +1,"Qatar Airways, Alaska Airlines",HKT‐SAN,38h04m,2,"DOH, SEA",2081,20220406-1714,cheap
1:15 pm – 9:45 am +3,Malaysia Airlines,SAN‐HKT,54h30m,2,"NRT, KUL",11:55 pm – 6:52 pm +1,"Qatar Airways, Alaska Airlines",HKT‐SAN,32h57m,2,"DOH, SFO",2086,20220406-1714,cheap
11:00 pm – 1:15 pm +3,"Alaska Airlines, Qatar Airways",SAN‐HKT,48h15m,2,"JFK, DOH",11:55 pm – 7:58 pm +1,Qatar Airways,HKT‐SAN,34h03m,2,"DOH, SEA",2088,20220406-1714,cheap
11:00 pm – 1:15 pm +3,"Alaska Airlines, Qatar Airways",SAN‐HKT,48h15m,2,"JFK, DOH",9:05 pm – 7:58 pm +1,Qatar Airways,HKT‐SAN,36h53m,2,"DOH, SEA",2088,20220406-1714,cheap
11:00 pm – 1:15 pm +3,"Alaska Airlines, Qatar Airways",SAN‐HKT,48h15m,2,"JFK, DOH",11:55 pm – 11:59 pm +1,"Qatar Airways, Alaska Airlines",HKT‐SAN,38h04m,2,"DOH, SEA",2089,20220406-1714,cheap
6:25 am – 6:55 am +2,"Alaska Airlines, Qatar Airways",SAN‐HKT,34h30m,2,"SFO, DOH",11:55 pm – 7:58 pm +1,Qatar Airways,HKT‐SAN,34h03m,2,"DOH, SEA",2092,20220406-1714,cheap
6:25 am – 6:55 am +2,"Alaska Airlines, Qatar Airways",SAN‐HKT,34h30m,2,"SFO, DOH",9:05 pm – 7:58 pm +1,Qatar Airways,HKT‐SAN,36h53m,2,"DOH, SEA",2092,20220406-1714,cheap
6:25 am – 1:15 pm +2,"Alaska Airlines, Qatar Airways",SAN‐HKT,40h50m,2,"SFO, DOH",11:55 pm – 7:58 pm +1,Qatar Airways,HKT‐SAN,34h03m,2,"DOH, SEA",2092,20220406-1714,cheap
6:25 am – 1:15 pm +2,"Alaska Airlines, Qatar Airways",SAN‐HKT,40h50m,2,"SFO, DOH",9:05 pm – 7:58 pm +1,Qatar Airways,HKT‐SAN,36h53m,2,"DOH, SEA",2092,20220406-1714,cheap
11:00 pm – 1:15 pm +3,"Alaska Airlines, Qatar Airways",SAN‐HKT,48h15m,2,"JFK, DOH",11:55 pm – 7:58 pm +1,Qatar Airways,HKT‐SAN,34h03m,2,"DOH, SEA",2101,20220406-1714,cheap
11:00 pm – 1:15 pm +3,"Alaska Airlines, Qatar Airways",SAN‐HKT,48h15m,2,"JFK, DOH",9:05 pm – 7:58 pm +1,Qatar Airways,HKT‐SAN,36h53m,2,"DOH, SEA",2101,20220406-1714,cheap
12:40 pm – 6:55 am +2,"American Airlines, Qatar Airways",SAN‐HKT,28h15m,2,"DFW, DOH",9:05 pm – 2:27 pm +1,"Qatar Airways, American Airlines",HKT‐SAN,31h22m,2,"DOH, DFW",2356,20220406-1711,best
6:25 am – 6:55 am +2,"Alaska Airlines, Qatar Airways",SAN‐HKT,34h30m,2,"SFO, DOH",11:55 pm – 11:55 am +2,"Qatar Airways, Alaska Airlines",HKT‐SAN,50h00m,2,"DOH, JFK",2050,20220406-1711,best
12:40 pm – 6:55 am +2,"American Airlines, Qatar Airways",SAN‐HKT,28h15m,2,"DFW, DOH",11:55 pm – 7:35 pm +1,"Qatar Airways, American Airlines",HKT‐SAN,33h40m,2,"DOH, ORD",2278,20220406-1711,best
6:25 am – 9:35 am +2,Singapore Airlines,SAN‐HKT,37h10m,2,"SFO, SIN",11:40 am – 11:49 pm,"Singapore Airlines, Alaska Airlines",HKT‐SAN,26h09m,2,"SIN, SFO",2297,20220406-1711,best
12:40 pm – 6:55 am +2,"American Airlines, Qatar Airways",SAN‐HKT,28h15m,2,"DFW, DOH",9:05 pm – 5:18 pm +1,"Qatar Airways, American Airlines",HKT‐SAN,34h13m,2,"DOH, ORD",2278,20220406-1711,best
6:25 am – 9:35 am +2,Singapore Airlines,SAN‐HKT,37h10m,2,"SFO, SIN",10:25 am – 11:49 pm,"Singapore Airlines, Alaska Airlines",HKT‐SAN,27h24m,2,"SIN, SFO",2297,20220406-1711,best
10:40 am – 6:55 am +2,"American Airlines, Qatar Airways",SAN‐HKT,30h15m,2,"DFW, DOH",9:05 pm – 2:27 pm +1,"Qatar Airways, American Airlines",HKT‐SAN,31h22m,2,"DOH, DFW",2356,20220406-1711,best
12:40 pm – 6:55 am +2,"American Airlines, Qatar Airways",SAN‐HKT,28h15m,2,"DFW, DOH",9:05 pm – 4:54 pm +1,"Qatar Airways, American Airlines",HKT‐SAN,33h49m,2,"DOH, DFW",2356,20220406-1711,best
12:40 pm – 6:55 am +2,"American Airlines, Qatar Airways",SAN‐HKT,28h15m,2,"DFW, DOH",11:55 pm – 9:23 pm +1,"Qatar Airways, American Airlines",HKT‐SAN,35h28m,2,"DOH, PHL",2278,20220406-1711,best
10:40 am – 6:55 am +2,"American Airlines, Qatar Airways",SAN‐HKT,30h15m,2,"DFW, DOH",11:55 pm – 7:35 pm +1,"Qatar Airways, American Airlines",HKT‐SAN,33h40m,2,"DOH, ORD",2278,20220406-1711,best
8:25 am – 6:55 am +2,"Alaska Airlines, Qatar Airways",SAN‐HKT,32h30m,2,"SFO, DOH",11:55 pm – 6:52 pm +1,"Qatar Airways, Alaska Airlines",HKT‐SAN,32h57m,2,"DOH, SFO",2201,20220406-1711,best
8:00 am – 6:55 am +2,"American Airlines, Qatar Airways",SAN‐HKT,32h55m,2,"ORD, DOH",9:05 pm – 2:27 pm +1,"Qatar Airways, American Airlines",HKT‐SAN,31h22m,2,"DOH, DFW",2267,20220406-1711,best
12:40 pm – 6:55 am +2,"American Airlines, Qatar Airways",SAN‐HKT,28h15m,2,"DFW, DOH",9:05 pm – 7:35 pm +1,"Qatar Airways, American Airlines",HKT‐SAN,36h30m,2,"DOH, ORD",2278,20220406-1711,best
12:40 pm – 6:55 am +2,"American Airlines, Qatar Airways",SAN‐HKT,28h15m,2,"DFW, DOH",9:05 pm – 7:35 pm +1,"Qatar Airways, American Airlines",HKT‐SAN,36h30m,2,"DOH, ORD",2278,20220406-1711,best
10:40 am – 6:55 am +2,"American Airlines, Qatar Airways",SAN‐HKT,30h15m,2,"DFW, DOH",9:05 pm – 5:18 pm +1,"Qatar Airways, American Airlines",HKT‐SAN,34h13m,2,"DOH, ORD",2278,20220406-1711,best
8:25 am – 6:55 am +2,"Alaska Airlines, Qatar Airways",SAN‐HKT,32h30m,2,"SFO, DOH",11:55 pm – 7:58 pm +1,Qatar Airways,HKT‐SAN,34h03m,2,"DOH, SEA",2140,20220406-1711,best
8:46 pm – 3:25 pm +2,Multiple Airlines,SAN‐HKT,28h39m,3,"LAX, TPE, ...",8:15 am – 7:39 pm,Multiple Airlines,HKT‐SAN,25h24m,3,"BKK, TPE, ...",12290,20220406-1716,fast
8:46 pm – 3:25 pm +2,Multiple Airlines,SAN‐HKT,28h39m,3,"LAX, TPE, ...",8:15 am – 7:39 pm,Multiple Airlines,HKT‐SAN,25h24m,3,"BKK, TPE, ...",12290,20220406-1716,fast
1:00 pm – 6:55 am +2,Qatar Airways,SAN‐HKT,27h55m,2,"SEA, DOH",11:40 am – 11:49 pm,Singapore Airlines,HKT‐SAN,26h09m,2,"SIN, SFO",3497,20220406-1716,fast
8:46 pm – 3:25 pm +2,Multiple Airlines,SAN‐HKT,28h39m,3,"LAX, TPE, ...",8:15 am – 8:24 pm,Multiple Airlines,HKT‐SAN,26h09m,3,"BKK, TPE, ...",12290,20220406-1716,fast
8:46 pm – 3:25 pm +2,Multiple Airlines,SAN‐HKT,28h39m,3,"LAX, TPE, ...",8:15 am – 8:24 pm,Multiple Airlines,HKT‐SAN,26h09m,3,"BKK, TPE, ...",12290,20220406-1716,fast
8:46 pm – 4:25 pm +2,Multiple Airlines,SAN‐HKT,29h39m,3,"LAX, TPE, ...",8:15 am – 7:39 pm,Multiple Airlines,HKT‐SAN,25h24m,3,"BKK, TPE, ...",12290,20220406-1716,fast
8:46 pm – 4:25 pm +2,Multiple Airlines,SAN‐HKT,29h39m,3,"LAX, TPE, ...",8:15 am – 7:39 pm,Multiple Airlines,HKT‐SAN,25h24m,3,"BKK, TPE, ...",12290,20220406-1716,fast
1:00 pm – 6:55 am +2,Qatar Airways,SAN‐HKT,27h55m,2,"SEA, DOH",10:25 am – 11:49 pm,Singapore Airlines,HKT‐SAN,27h24m,2,"SIN, SFO",3497,20220406-1716,fast
8:46 pm – 4:25 pm +2,Multiple Airlines,SAN‐HKT,29h39m,3,"LAX, TPE, ...",8:15 am – 8:24 pm,Multiple Airlines,HKT‐SAN,26h09m,3,"BKK, TPE, ...",12290,20220406-1716,fast
8:46 pm – 4:25 pm +2,Multiple Airlines,SAN‐HKT,29h39m,3,"LAX, TPE, ...",8:15 am – 8:24 pm,Multiple Airlines,HKT‐SAN,26h09m,3,"BKK, TPE, ...",12290,20220406-1716,fast
7:00 pm – 3:05 pm +2,"Iberia, Thai Airways",SAN‐HKT,30h05m,1,LHR,11:55 am – 11:49 pm,Multiple Airlines,HKT‐SAN,25h54m,2,"SGN, SFO",4046,20220406-1716,fast
7:00 pm – 3:05 pm +2,"British Airways, Thai Airways",SAN‐HKT,30h05m,1,LHR,11:15 pm – 11:15 am +1,Multiple Airlines,HKT‐SAN,26h00m,2,"BKK, NRT",5772,20220406-1716,fast
10:40 am – 6:55 am +2,Qatar Airways,SAN‐HKT,30h15m,2,"DFW, DOH",11:40 am – 11:49 pm,Singapore Airlines,HKT‐SAN,26h09m,2,"SIN, SFO",3112,20220406-1716,fast
10:20 am – 6:55 am +2,Qatar Airways,SAN‐HKT,30h35m,2,"SFO, DOH",11:40 am – 11:49 pm,Singapore Airlines,HKT‐SAN,26h09m,2,"SIN, SFO",3415,20220406-1716,fast
9:50 am – 6:55 am +2,Qatar Airways,SAN‐HKT,31h05m,2,"SEA, DOH",11:40 am – 11:49 pm,Singapore Airlines,HKT‐SAN,26h09m,2,"SIN, SFO",3497,20220406-1716,fast
