Out Time,Out Airline,Out Cities,Out Duration,Out Stops,Out Stop Cities,Return Time,Return Airline,Return Cities,Return Duration,Return Stops,Return Stop Cities,Price,timestamp,sort
5:15 pm – 7:05 pm +2,"Lufthansa, Bangkok Airways",SAN‐HKT,35h50m,2,"MUC, BKK",2:40 pm – 3:25 pm +1,"Bangkok Airways, Lufthansa",HKT‐SAN,38h45m,2,"BKK, MUC",1875,20220406-1729,cheap
5:15 pm – 7:05 pm +2,"Lufthansa, Bangkok Airways",SAN‐HKT,35h50m,2,"MUC, BKK",10:20 am – 3:25 pm +1,"Bangkok Airways, Lufthansa",HKT‐SAN,43h05m,2,"BKK, MUC",1875,20220406-1729,cheap
5:15 pm – 7:05 pm +2,"Lufthansa, Bangkok Airways",SAN‐HKT,35h50m,2,"MUC, BKK",1:00 pm – 3:25 pm +1,"THAI Smile, Lufthansa",HKT‐SAN,40h25m,2,"BKK, MUC",1981,20220406-1729,cheap
5:15 pm – 7:05 pm +2,"Lufthansa, Bangkok Airways",SAN‐HKT,35h50m,2,"MUC, BKK",11:40 am – 3:25 pm +1,"THAI Smile, Lufthansa",HKT‐SAN,41h45m,2,"BKK, MUC",1981,20220406-1729,cheap
5:15 pm – 7:05 pm +2,"Lufthansa, Bangkok Airways",SAN‐HKT,35h50m,2,"MUC, BKK",11:25 am – 3:25 pm +1,"THAI Smile, Lufthansa",HKT‐SAN,42h00m,2,"BKK, MUC",1981,20220406-1729,cheap
5:15 pm – 7:05 pm +2,"Lufthansa, Bangkok Airways",SAN‐HKT,35h50m,2,"MUC, BKK",10:15 am – 3:25 pm +1,"THAI Smile, Lufthansa",HKT‐SAN,43h10m,2,"BKK, MUC",1981,20220406-1729,cheap
5:15 pm – 7:05 pm +2,"Lufthansa, Bangkok Airways",SAN‐HKT,35h50m,2,"MUC, BKK",8:15 am – 3:25 pm +1,"THAI Smile, Lufthansa",HKT‐SAN,45h10m,2,"BKK, MUC",1983,20220406-1729,cheap
10:25 pm – 9:35 am +3,Singapore Airlines,SAN‐HKT,45h10m,2,"SFO, SIN",8:10 pm – 6:52 pm +1,"Singapore Airlines, Alaska Airlines",HKT‐SAN,36h42m,2,"SIN, SFO",1987,20220406-1729,cheap
10:25 pm – 10:50 am +3,Singapore Airlines,SAN‐HKT,46h25m,2,"SFO, SIN",8:10 pm – 6:52 pm +1,"Singapore Airlines, Alaska Airlines",HKT‐SAN,36h42m,2,"SIN, SFO",1987,20220406-1729,cheap
11:00 pm – 6:55 am +3,Qatar Airways,SAN‐HKT,41h55m,2,"JFK, DOH",11:55 pm – 9:54 pm +1,"Qatar Airways, Alaska Airlines",HKT‐SAN,35h59m,2,"DOH, JFK",2036,20220406-1729,cheap
11:00 pm – 6:55 am +3,Qatar Airways,SAN‐HKT,41h55m,2,"JFK, DOH",9:05 pm – 9:54 pm +1,"Qatar Airways, Alaska Airlines",HKT‐SAN,38h49m,2,"DOH, JFK",2036,20220406-1729,cheap
11:00 pm – 6:55 am +3,Qatar Airways,SAN‐HKT,41h55m,2,"JFK, DOH",9:05 pm – 9:54 pm +1,"Qatar Airways, Alaska Airlines",HKT‐SAN,38h49m,2,"DOH, JFK",2036,20220406-1729,cheap
11:00 pm – 1:15 pm +3,Qatar Airways,SAN‐HKT,48h15m,2,"JFK, DOH",11:55 pm – 9:54 pm +1,"Qatar Airways, Alaska Airlines",HKT‐SAN,35h59m,2,"DOH, JFK",2036,20220406-1729,cheap
7:00 am – 1:15 pm +2,"Alaska Airlines, Qatar Airways",SAN‐HKT,40h15m,2,"JFK, DOH",11:55 pm – 9:54 pm +1,"Qatar Airways, Alaska Airlines",HKT‐SAN,35h59m,2,"DOH, JFK",2038,20220406-1729,cheap
7:00 am – 1:15 pm +2,"Alaska Airlines, Qatar Airways",SAN‐HKT,40h15m,2,"JFK, DOH",9:05 pm – 9:54 pm +1,"Qatar Airways, Alaska Airlines",HKT‐SAN,38h49m,2,"DOH, JFK",2038,20220406-1729,cheap
6:25 am – 9:35 am +2,Singapore Airlines,SAN‐HKT,37h10m,2,"SFO, SIN",11:40 am – 11:49 pm,"Singapore Airlines, Alaska Airlines",HKT‐SAN,26h09m,2,"SIN, SFO",2199,20220406-1726,best
5:15 pm – 7:05 pm +2,"Lufthansa, Bangkok Airways",SAN‐HKT,35h50m,2,"MUC, BKK",2:40 pm – 3:25 pm +1,"Bangkok Airways, Lufthansa",HKT‐SAN,38h45m,2,"BKK, MUC",1875,20220406-1726,best
4:00 pm – 1:15 pm +2,"American Airlines, Qatar Airways",SAN‐HKT,31h15m,2,"DFW, DOH",9:05 pm – 2:27 pm +1,"Qatar Airways, American Airlines",HKT‐SAN,31h22m,2,"DOH, DFW",2267,20220406-1726,best
5:15 pm – 9:35 am +2,Singapore Airlines,SAN‐HKT,26h20m,2,"SFO, SIN",11:40 am – 11:49 pm,Singapore Airlines,HKT‐SAN,26h09m,2,"SIN, SFO",3052,20220406-1726,best
4:00 pm – 1:15 pm +2,"American Airlines, Qatar Airways",SAN‐HKT,31h15m,2,"DFW, DOH",11:55 pm – 7:35 pm +1,"Qatar Airways, American Airlines",HKT‐SAN,33h40m,2,"DOH, ORD",2189,20220406-1726,best
5:15 pm – 10:50 am +2,Singapore Airlines,SAN‐HKT,27h35m,2,"SFO, SIN",11:40 am – 11:49 pm,Singapore Airlines,HKT‐SAN,26h09m,2,"SIN, SFO",3052,20220406-1726,best
5:15 pm – 9:35 am +2,Singapore Airlines,SAN‐HKT,26h20m,2,"SFO, SIN",10:25 am – 11:49 pm,Singapore Airlines,HKT‐SAN,27h24m,2,"SIN, SFO",3052,20220406-1726,best
4:00 pm – 1:15 pm +2,"American Airlines, Qatar Airways",SAN‐HKT,31h15m,2,"DFW, DOH",9:05 pm – 5:18 pm +1,"Qatar Airways, American Airlines",HKT‐SAN,34h13m,2,"DOH, ORD",2189,20220406-1726,best
3:10 pm – 9:35 am +2,Singapore Airlines,SAN‐HKT,28h25m,2,"SFO, SIN",11:40 am – 11:49 pm,Singapore Airlines,HKT‐SAN,26h09m,2,"SIN, SFO",3010,20220406-1726,best
2:00 pm – 1:15 pm +2,"American Airlines, Qatar Airways",SAN‐HKT,33h15m,2,"DFW, DOH",9:05 pm – 2:27 pm +1,"Qatar Airways, American Airlines",HKT‐SAN,31h22m,2,"DOH, DFW",2267,20220406-1726,best
4:00 pm – 1:15 pm +2,"American Airlines, Qatar Airways",SAN‐HKT,31h15m,2,"DFW, DOH",9:05 pm – 4:54 pm +1,"Qatar Airways, American Airlines",HKT‐SAN,33h49m,2,"DOH, DFW",2267,20220406-1726,best
6:25 am – 9:35 am +2,Singapore Airlines,SAN‐HKT,37h10m,2,"SFO, SIN",10:25 am – 11:49 pm,Singapore Airlines,HKT‐SAN,27h24m,2,"SIN, SFO",2389,20220406-1726,best
6:25 am – 10:50 am +2,Singapore Airlines,SAN‐HKT,38h25m,2,"SFO, SIN",11:40 am – 11:49 pm,Singapore Airlines,HKT‐SAN,26h09m,2,"SIN, SFO",2389,20220406-1726,best
5:15 pm – 10:50 am +2,Singapore Airlines,SAN‐HKT,27h35m,2,"SFO, SIN",10:25 am – 11:49 pm,Singapore Airlines,HKT‐SAN,27h24m,2,"SIN, SFO",3052,20220406-1726,best
4:00 pm – 1:15 pm +2,"American Airlines, Qatar Airways",SAN‐HKT,31h15m,2,"DFW, DOH",11:55 pm – 9:23 pm +1,"Qatar Airways, American Airlines",HKT‐SAN,35h28m,2,"DOH, PHL",2189,20220406-1726,best
5:15 pm – 7:05 pm +2,"Lufthansa, Bangkok Airways",SAN‐HKT,35h50m,2,"MUC, BKK",8:10 pm – 3:25 pm +1,"Singapore Airlines, Lufthansa",HKT‐SAN,33h15m,2,"SIN, MUC",2161,20220406-1726,best
5:15 pm – 9:35 am +2,Singapore Airlines,SAN‐HKT,26h20m,2,"SFO, SIN",11:40 am – 11:49 pm,Singapore Airlines,HKT‐SAN,26h09m,2,"SIN, SFO",3052,20220406-1731,fast
5:15 pm – 10:50 am +2,Singapore Airlines,SAN‐HKT,27h35m,2,"SFO, SIN",11:40 am – 11:49 pm,Singapore Airlines,HKT‐SAN,26h09m,2,"SIN, SFO",3052,20220406-1731,fast
5:15 pm – 9:35 am +2,Singapore Airlines,SAN‐HKT,26h20m,2,"SFO, SIN",10:25 am – 11:49 pm,Singapore Airlines,HKT‐SAN,27h24m,2,"SIN, SFO",3052,20220406-1731,fast
3:10 pm – 9:35 am +2,Singapore Airlines,SAN‐HKT,28h25m,2,"SFO, SIN",11:40 am – 11:49 pm,Singapore Airlines,HKT‐SAN,26h09m,2,"SIN, SFO",3010,20220406-1731,fast
5:15 pm – 10:50 am +2,Singapore Airlines,SAN‐HKT,27h35m,2,"SFO, SIN",10:25 am – 11:49 pm,Singapore Airlines,HKT‐SAN,27h24m,2,"SIN, SFO",3052,20220406-1731,fast
8:46 pm – 4:25 pm +2,Multiple Airlines,SAN‐HKT,29h39m,3,"LAX, TPE, ...",8:15 am – 8:24 pm,Multiple Airlines,HKT‐SAN,26h09m,3,"BKK, TPE, ...",12290,20220406-1731,fast
3:10 pm – 9:35 am +2,Singapore Airlines,SAN‐HKT,28h25m,2,"SFO, SIN",10:25 am – 11:49 pm,Singapore Airlines,HKT‐SAN,27h24m,2,"SIN, SFO",3010,20220406-1731,fast
3:10 pm – 10:50 am +2,Singapore Airlines,SAN‐HKT,29h40m,2,"SFO, SIN",11:40 am – 11:49 pm,Singapore Airlines,HKT‐SAN,26h09m,2,"SIN, SFO",3052,20220406-1731,fast
1:15 pm – 9:45 am +2,Malaysia Airlines,SAN‐HKT,30h30m,2,"NRT, KUL",11:40 am – 11:49 pm,Singapore Airlines,HKT‐SAN,26h09m,2,"SIN, SFO",7960,20220406-1731,fast
9:00 pm – 4:25 pm +2,Multiple Airlines,SAN‐HKT,29h25m,3,"SFO, TPE, ...",8:15 am – 9:42 pm,Multiple Airlines,HKT‐SAN,27h27m,3,"BKK, TPE, ...",3143,20220406-1731,fast
3:15 pm – 10:50 am +2,"Delta, Singapore Airlines",SAN‐HKT,29h35m,2,"LAX, SIN",10:25 am – 11:49 pm,Singapore Airlines,HKT‐SAN,27h24m,2,"SIN, SFO",5421,20220406-1731,fast
3:10 pm – 10:50 am +2,Singapore Airlines,SAN‐HKT,29h40m,2,"SFO, SIN",10:25 am – 11:49 pm,Singapore Airlines,HKT‐SAN,27h24m,2,"SIN, SFO",3010,20220406-1731,fast
8:46 pm – 4:25 pm +2,Multiple Airlines,SAN‐HKT,29h39m,3,"LAX, TPE, ...",8:15 am – 9:42 pm,Multiple Airlines,HKT‐SAN,27h27m,3,"BKK, TPE, ...",10631,20220406-1731,fast
12:30 pm – 9:35 am +2,"Alaska Airlines, Singapore Airlines",SAN‐HKT,31h05m,2,"SFO, SIN",11:40 am – 11:49 pm,"Singapore Airlines, Alaska Airlines",HKT‐SAN,26h09m,2,"SIN, SFO",3052,20220406-1731,fast
5:15 pm – 1:05 pm +2,"Lufthansa, Thai Airways",SAN‐HKT,29h50m,2,"MUC, FRA",10:25 am – 11:49 pm,Singapore Airlines,HKT‐SAN,27h24m,2,"SIN, SFO",5502,20220406-1731,fast
