Out Time,Out Airline,Out Cities,Out Duration,Out Stops,Out Stop Cities,Return Time,Return Airline,Return Cities,Return Duration,Return Stops,Return Stop Cities,Price,timestamp,sort
6:25 am – 9:35 am +2,Singapore Airlines,SAN‐HKT,37h10m,2,"SFO, SIN",10:25 am – 11:49 pm,Singapore Airlines,HKT‐SAN,27h24m,2,"SIN, SFO",1174,20220406-1924,cheap
6:25 am – 10:50 am +2,Singapore Airlines,SAN‐HKT,38h25m,2,"SFO, SIN",10:25 am – 11:49 pm,Singapore Airlines,HKT‐SAN,27h24m,2,"SIN, SFO",1174,20220406-1924,cheap
6:25 am – 9:35 am +2,Singapore Airlines,SAN‐HKT,37h10m,2,"SFO, SIN",11:40 am – 7:34 am +1,"Singapore Airlines, Alaska Airlines",HKT‐SAN,33h54m,2,"SIN, SFO",1174,20220406-1924,cheap
6:25 am – 5:10 pm +2,Singapore Airlines,SAN‐HKT,44h45m,2,"SFO, SIN",10:25 am – 11:49 pm,Singapore Airlines,HKT‐SAN,27h24m,2,"SIN, SFO",1174,20220406-1924,cheap
6:25 am – 10:50 am +2,Singapore Airlines,SAN‐HKT,38h25m,2,"SFO, SIN",11:40 am – 7:34 am +1,"Singapore Airlines, Alaska Airlines",HKT‐SAN,33h54m,2,"SIN, SFO",1174,20220406-1924,cheap
6:25 am – 9:35 am +2,Singapore Airlines,SAN‐HKT,37h10m,2,"SFO, SIN",11:40 am – 11:49 pm,Singapore Airlines,HKT‐SAN,26h09m,2,"SIN, SFO",1341,20220406-1924,cheap
6:25 am – 10:50 am +2,Singapore Airlines,SAN‐HKT,38h25m,2,"SFO, SIN",11:40 am – 11:49 pm,Singapore Airlines,HKT‐SAN,26h09m,2,"SIN, SFO",1351,20220406-1924,cheap
6:25 am – 5:10 pm +2,Singapore Airlines,SAN‐HKT,44h45m,2,"SFO, SIN",11:40 am – 11:49 pm,Singapore Airlines,HKT‐SAN,26h09m,2,"SIN, SFO",1386,20220406-1924,cheap
6:25 am – 9:35 am +2,Singapore Airlines,SAN‐HKT,37h10m,2,"SFO, SIN",10:25 am – 7:34 am +1,Singapore Airlines,HKT‐SAN,35h09m,2,"SIN, SFO",1386,20220406-1924,cheap
6:25 am – 7:20 pm +2,Singapore Airlines,SAN‐HKT,46h55m,2,"SFO, SIN",11:40 am – 11:49 pm,Singapore Airlines,HKT‐SAN,26h09m,2,"SIN, SFO",1386,20220406-1924,cheap
6:25 am – 10:50 am +2,Singapore Airlines,SAN‐HKT,38h25m,2,"SFO, SIN",10:25 am – 7:34 am +1,Singapore Airlines,HKT‐SAN,35h09m,2,"SIN, SFO",1386,20220406-1924,cheap
6:25 am – 7:20 pm +2,Singapore Airlines,SAN‐HKT,46h55m,2,"SFO, SIN",10:25 am – 11:49 pm,Singapore Airlines,HKT‐SAN,27h24m,2,"SIN, SFO",1386,20220406-1924,cheap
6:25 am – 5:10 pm +2,Singapore Airlines,SAN‐HKT,44h45m,2,"SFO, SIN",11:40 am – 7:34 am +1,Singapore Airlines,HKT‐SAN,33h54m,2,"SIN, SFO",1386,20220406-1924,cheap
6:25 am – 5:10 pm +2,Singapore Airlines,SAN‐HKT,44h45m,2,"SFO, SIN",10:25 am – 7:34 am +1,Singapore Airlines,HKT‐SAN,35h09m,2,"SIN, SFO",1386,20220406-1924,cheap
6:25 am – 7:20 pm +2,Singapore Airlines,SAN‐HKT,46h55m,2,"SFO, SIN",11:40 am – 7:34 am +1,Singapore Airlines,HKT‐SAN,33h54m,2,"SIN, SFO",1386,20220406-1924,cheap
6:25 am – 9:35 am +2,Singapore Airlines,SAN‐HKT,37h10m,2,"SFO, SIN",10:25 am – 11:49 pm,Singapore Airlines,HKT‐SAN,27h24m,2,"SIN, SFO",1174,20220406-1922,best
6:25 am – 10:50 am +2,Singapore Airlines,SAN‐HKT,38h25m,2,"SFO, SIN",10:25 am – 11:49 pm,Singapore Airlines,HKT‐SAN,27h24m,2,"SIN, SFO",1174,20220406-1922,best
6:25 am – 9:35 am +2,Singapore Airlines,SAN‐HKT,37h10m,2,"SFO, SIN",11:40 am – 11:49 pm,Singapore Airlines,HKT‐SAN,26h09m,2,"SIN, SFO",1341,20220406-1922,best
6:25 am – 9:35 am +2,Singapore Airlines,SAN‐HKT,37h10m,2,"SFO, SIN",11:40 am – 7:34 am +1,"Singapore Airlines, Alaska Airlines",HKT‐SAN,33h54m,2,"SIN, SFO",1174,20220406-1922,best
6:25 am – 5:10 pm +2,Singapore Airlines,SAN‐HKT,44h45m,2,"SFO, SIN",10:25 am – 11:49 pm,Singapore Airlines,HKT‐SAN,27h24m,2,"SIN, SFO",1174,20220406-1922,best
6:25 am – 10:50 am +2,Singapore Airlines,SAN‐HKT,38h25m,2,"SFO, SIN",11:40 am – 11:49 pm,Singapore Airlines,HKT‐SAN,26h09m,2,"SIN, SFO",1351,20220406-1922,best
6:25 am – 10:50 am +2,Singapore Airlines,SAN‐HKT,38h25m,2,"SFO, SIN",11:40 am – 7:34 am +1,"Singapore Airlines, Alaska Airlines",HKT‐SAN,33h54m,2,"SIN, SFO",1174,20220406-1922,best
8:25 pm – 7:20 pm +2,"Alaska Airlines, Singapore Airlines",SAN‐HKT,32h55m,2,"SEA, SIN",11:40 am – 11:49 pm,"Singapore Airlines, Alaska Airlines",HKT‐SAN,26h09m,2,"SIN, SFO",1555,20220406-1922,best
7:36 pm – 7:20 pm +2,"Alaska Airlines, Singapore Airlines",SAN‐HKT,33h44m,2,"SEA, SIN",11:40 am – 11:49 pm,"Singapore Airlines, Alaska Airlines",HKT‐SAN,26h09m,2,"SIN, SFO",1555,20220406-1922,best
1:30 pm – 9:30 am +2,Japan Airlines,SAN‐HKT,30h00m,2,"NRT, BKK",7:10 pm – 11:30 am +1,Japan Airlines,HKT‐SAN,30h20m,2,"BKK, NRT",1612,20220406-1922,best
6:25 am – 5:10 pm +2,Singapore Airlines,SAN‐HKT,44h45m,2,"SFO, SIN",11:40 am – 11:49 pm,Singapore Airlines,HKT‐SAN,26h09m,2,"SIN, SFO",1386,20220406-1922,best
1:30 pm – 6:20 pm +2,Japan Airlines,SAN‐HKT,38h50m,2,"NRT-HND, BKK",7:10 pm – 11:30 am +1,Japan Airlines,HKT‐SAN,30h20m,2,"BKK, NRT",1506,20220406-1922,best
6:25 am – 9:35 am +2,Singapore Airlines,SAN‐HKT,37h10m,2,"SFO, SIN",10:25 am – 7:34 am +1,Singapore Airlines,HKT‐SAN,35h09m,2,"SIN, SFO",1386,20220406-1922,best
6:25 am – 7:20 pm +2,Singapore Airlines,SAN‐HKT,46h55m,2,"SFO, SIN",11:40 am – 11:49 pm,Singapore Airlines,HKT‐SAN,26h09m,2,"SIN, SFO",1386,20220406-1922,best
6:25 am – 10:50 am +2,Singapore Airlines,SAN‐HKT,38h25m,2,"SFO, SIN",10:25 am – 7:34 am +1,Singapore Airlines,HKT‐SAN,35h09m,2,"SIN, SFO",1386,20220406-1922,best
9:50 am – 12:10 am +2,"Alaska Airlines, Asiana Airlines",SAN‐HKT,24h20m,2,"SEA, ICN",11:40 am – 11:49 pm,"Singapore Airlines, Alaska Airlines",HKT‐SAN,26h09m,2,"SIN, SFO",2738,20220406-1926,fast
9:50 am – 12:10 am +2,"Alaska Airlines, Asiana Airlines",SAN‐HKT,24h20m,2,"SEA, ICN",10:25 am – 11:49 pm,Singapore Airlines,HKT‐SAN,27h24m,2,"SIN, SFO",2762,20220406-1926,fast
9:00 pm – 1:50 pm +2,"Alaska Airlines, EVA Air",SAN‐HKT,26h50m,3,"SFO, TPE, ...",1:00 pm – 11:54 pm,Multiple Airlines,HKT‐SAN,24h54m,3,"BKK, TPE, ...",10631,20220406-1926,fast
9:00 pm – 1:50 pm +2,"Alaska Airlines, EVA Air",SAN‐HKT,26h50m,3,"SFO, TPE, ...",1:00 pm – 11:54 pm,Multiple Airlines,HKT‐SAN,24h54m,3,"BKK, TPE, ...",10631,20220406-1926,fast
8:15 am – 12:10 am +2,"Korean Air, Asiana Airlines",SAN‐HKT,25h55m,2,"HNL, ICN",11:40 am – 11:49 pm,Singapore Airlines,HKT‐SAN,26h09m,2,"SIN, SFO",4965,20220406-1926,fast
8:12 pm – 9:35 am +2,"United Airlines, Singapore Airlines",SAN‐HKT,23h23m,2,"SFO, SIN",9:20 pm – 12:23 pm +1,"Jetstar Asia, United Airlines",HKT‐SAN,29h03m,2,"SIN, SFO",8120,20220406-1926,fast
5:15 pm – 9:35 am +2,Singapore Airlines,SAN‐HKT,26h20m,2,"SFO, SIN",11:40 am – 11:49 pm,Singapore Airlines,HKT‐SAN,26h09m,2,"SIN, SFO",2208,20220406-1926,fast
8:15 pm – 1:50 pm +2,"United Airlines, EVA Air",SAN‐HKT,27h35m,3,"LAX, TPE, ...",1:00 pm – 11:54 pm,Multiple Airlines,HKT‐SAN,24h54m,3,"BKK, TPE, ...",12290,20220406-1926,fast
8:15 pm – 1:50 pm +2,"United Airlines, EVA Air",SAN‐HKT,27h35m,3,"LAX, TPE, ...",1:00 pm – 11:54 pm,Multiple Airlines,HKT‐SAN,24h54m,3,"BKK, TPE, ...",12290,20220406-1926,fast
7:35 am – 12:10 am +2,"Alaska Airlines, Asiana Airlines",SAN‐HKT,26h35m,2,"SEA, ICN",11:40 am – 11:49 pm,"Singapore Airlines, Alaska Airlines",HKT‐SAN,26h09m,2,"SIN, SFO",2691,20220406-1926,fast
9:00 pm – 1:50 pm +2,Multiple Airlines,SAN‐HKT,26h50m,3,"SFO, TPE, ...",8:15 am – 8:24 pm,Multiple Airlines,HKT‐SAN,26h09m,3,"BKK, TPE, ...",10631,20220406-1926,fast
9:00 pm – 1:50 pm +2,Multiple Airlines,SAN‐HKT,26h50m,3,"SFO, TPE, ...",8:15 am – 8:24 pm,Multiple Airlines,HKT‐SAN,26h09m,3,"BKK, TPE, ...",10631,20220406-1926,fast
9:00 pm – 1:50 pm +2,"Alaska Airlines, EVA Air",SAN‐HKT,26h50m,3,"SFO, TPE, ...",11:40 am – 11:54 pm,Multiple Airlines,HKT‐SAN,26h14m,3,"BKK, TPE, ...",10631,20220406-1926,fast
9:00 pm – 1:50 pm +2,Multiple Airlines,SAN‐HKT,26h50m,3,"SFO, TPE, ...",11:40 am – 11:54 pm,Multiple Airlines,HKT‐SAN,26h14m,3,"BKK, TPE, ...",10631,20220406-1926,fast
9:00 pm – 1:50 pm +2,"Alaska Airlines, EVA Air",SAN‐HKT,26h50m,3,"SFO, TPE, ...",11:40 am – 11:54 pm,Multiple Airlines,HKT‐SAN,26h14m,3,"BKK, TPE, ...",10631,20220406-1926,fast
