Out Time,Out Airline,Out Cities,Out Duration,Out Stops,Out Stop Cities,Return Time,Return Airline,Return Cities,Return Duration,Return Stops,Return Stop Cities,Price,timestamp,sort
6:25 am – 7:10 pm +2,"Alaska Airlines, Singapore Airlines",SAN‐HKT,46h45m,2,"SFO, SIN",9:00 am – 1:50 am +1,Multiple Airlines,HKT‐SAN,30h50m,3,"BKK, MNL, ...",1201,20220406-1127,cheap
6:25 am – 9:35 am +2,Singapore Airlines,SAN‐HKT,37h10m,2,"SFO, SIN",8:10 pm – 5:58 pm +1,Singapore Airlines,HKT‐SAN,35h48m,2,"SIN, SFO",1345,20220406-1127,cheap
6:25 am – 10:50 am +2,Singapore Airlines,SAN‐HKT,38h25m,2,"SFO, SIN",8:10 pm – 5:58 pm +1,Singapore Airlines,HKT‐SAN,35h48m,2,"SIN, SFO",1345,20220406-1127,cheap
6:25 am – 9:35 am +2,Singapore Airlines,SAN‐HKT,37h10m,2,"SFO, SIN",8:10 pm – 11:05 pm +1,Singapore Airlines,HKT‐SAN,40h55m,2,"SIN, SFO",1345,20220406-1127,cheap
6:25 am – 10:50 am +2,Singapore Airlines,SAN‐HKT,38h25m,2,"SFO, SIN",8:10 pm – 11:05 pm +1,Singapore Airlines,HKT‐SAN,40h55m,2,"SIN, SFO",1345,20220406-1127,cheap
6:25 am – 5:10 pm +2,Singapore Airlines,SAN‐HKT,44h45m,2,"SFO, SIN",8:10 pm – 5:58 pm +1,Singapore Airlines,HKT‐SAN,35h48m,2,"SIN, SFO",1345,20220406-1127,cheap
6:25 am – 5:10 pm +2,Singapore Airlines,SAN‐HKT,44h45m,2,"SFO, SIN",8:10 pm – 11:05 pm +1,Singapore Airlines,HKT‐SAN,40h55m,2,"SIN, SFO",1345,20220406-1127,cheap
6:25 am – 9:35 am +2,Singapore Airlines,SAN‐HKT,37h10m,2,"SFO, SIN",8:10 pm – 9:20 pm +1,"Singapore Airlines, Alaska Airlines",HKT‐SAN,39h10m,2,"SIN, SFO",1355,20220406-1127,cheap
6:25 am – 10:50 am +2,Singapore Airlines,SAN‐HKT,38h25m,2,"SFO, SIN",8:10 pm – 9:20 pm +1,"Singapore Airlines, Alaska Airlines",HKT‐SAN,39h10m,2,"SIN, SFO",1355,20220406-1127,cheap
12:35 pm – 6:55 am +2,"Alaska Airlines, Qatar Airways",SAN‐HKT,28h20m,2,"SFO, DOH",11:55 pm – 9:14 pm +1,"Qatar Airways, Alaska Airlines",HKT‐SAN,35h19m,2,"DOH, BOS",1415,20220406-1127,cheap
12:35 pm – 6:55 am +2,"Alaska Airlines, Qatar Airways",SAN‐HKT,28h20m,2,"SFO, DOH",11:55 pm – 9:43 pm +1,Qatar Airways,HKT‐SAN,35h48m,2,"DOH, JFK",1424,20220406-1127,cheap
6:25 am – 9:35 am +2,"Alaska Airlines, Singapore Airlines",SAN‐HKT,37h10m,2,"SFO, SIN",6:10 pm – 2:28 pm +1,"Singapore Airlines, Alaska Airlines",HKT‐SAN,34h18m,2,"SIN, SFO",1424,20220406-1127,cheap
6:25 am – 9:35 am +2,"Alaska Airlines, Singapore Airlines",SAN‐HKT,37h10m,2,"SFO, SIN",6:10 pm – 5:58 pm +1,"Singapore Airlines, Alaska Airlines",HKT‐SAN,37h48m,2,"SIN, SFO",1424,20220406-1127,cheap
6:25 am – 9:35 am +2,"Alaska Airlines, Singapore Airlines",SAN‐HKT,37h10m,2,"SFO, SIN",11:40 am – 2:28 pm +1,"Singapore Airlines, Alaska Airlines",HKT‐SAN,40h48m,2,"SIN, SFO",1424,20220406-1127,cheap
6:25 am – 9:35 am +2,"Alaska Airlines, Singapore Airlines",SAN‐HKT,37h10m,2,"SFO, SIN",10:25 am – 2:28 pm +1,Singapore Airlines,HKT‐SAN,42h03m,2,"SIN, SFO",1424,20220406-1127,cheap
12:35 pm – 6:55 am +2,"Alaska Airlines, Qatar Airways",SAN‐HKT,28h20m,2,"SFO, DOH",11:55 pm – 6:45 pm +1,"Qatar Airways, Alaska Airlines",HKT‐SAN,32h50m,2,"DOH, SEA",1487,20220406-1124,best
6:25 am – 7:10 pm +2,"Alaska Airlines, Singapore Airlines",SAN‐HKT,46h45m,2,"SFO, SIN",9:00 am – 1:50 am +1,Multiple Airlines,HKT‐SAN,30h50m,3,"BKK, MNL, ...",1201,20220406-1124,best
12:35 pm – 6:55 am +2,"Alaska Airlines, Qatar Airways",SAN‐HKT,28h20m,2,"SFO, DOH",11:55 pm – 9:14 pm +1,"Qatar Airways, Alaska Airlines",HKT‐SAN,35h19m,2,"DOH, BOS",1415,20220406-1124,best
12:35 pm – 6:55 am +2,"Alaska Airlines, Qatar Airways",SAN‐HKT,28h20m,2,"SFO, DOH",11:55 pm – 9:43 pm +1,Qatar Airways,HKT‐SAN,35h48m,2,"DOH, JFK",1424,20220406-1124,best
11:50 am – 6:55 am +2,"Alaska Airlines, Qatar Airways",SAN‐HKT,29h05m,2,"SEA, DOH",11:55 pm – 6:45 pm +1,"Qatar Airways, Alaska Airlines",HKT‐SAN,32h50m,2,"DOH, SEA",1560,20220406-1124,best
12:35 pm – 6:55 am +2,"Alaska Airlines, Qatar Airways",SAN‐HKT,28h20m,2,"SFO, DOH",9:05 pm – 6:45 pm +1,Qatar Airways,HKT‐SAN,35h40m,2,"DOH, SEA",1459,20220406-1124,best
12:35 pm – 6:55 am +2,"Alaska Airlines, Qatar Airways",SAN‐HKT,28h20m,2,"SFO, DOH",11:55 pm – 5:58 pm +1,"Qatar Airways, Alaska Airlines",HKT‐SAN,32h03m,2,"DOH, SFO",1633,20220406-1124,best
11:50 am – 6:55 am +2,"Alaska Airlines, Qatar Airways",SAN‐HKT,29h05m,2,"SEA, DOH",11:55 pm – 9:43 pm +1,Qatar Airways,HKT‐SAN,35h48m,2,"DOH, JFK",1500,20220406-1124,best
11:50 am – 6:55 am +2,"Alaska Airlines, Qatar Airways",SAN‐HKT,29h05m,2,"SEA, DOH",11:55 pm – 5:58 pm +1,"Qatar Airways, Alaska Airlines",HKT‐SAN,32h03m,2,"DOH, SFO",1714,20220406-1124,best
8:00 am – 6:55 am +2,Qatar Airways,SAN‐HKT,32h55m,2,"SEA, DOH",11:55 pm – 6:45 pm +1,Qatar Airways,HKT‐SAN,32h50m,2,"DOH, SEA",1536,20220406-1124,best
11:50 am – 6:55 am +2,"Alaska Airlines, Qatar Airways",SAN‐HKT,29h05m,2,"SEA, DOH",11:55 pm – 9:37 pm +1,"Qatar Airways, Alaska Airlines",HKT‐SAN,35h42m,2,"DOH, SEA",1560,20220406-1124,best
11:50 am – 6:55 am +2,"Alaska Airlines, Qatar Airways",SAN‐HKT,29h05m,2,"SEA, DOH",9:05 pm – 6:45 pm +1,Qatar Airways,HKT‐SAN,35h40m,2,"DOH, SEA",1571,20220406-1124,best
8:00 am – 6:55 am +2,Qatar Airways,SAN‐HKT,32h55m,2,"SEA, DOH",11:55 pm – 9:43 pm +1,Qatar Airways,HKT‐SAN,35h48m,2,"DOH, JFK",1467,20220406-1124,best
6:25 am – 9:35 am +2,Singapore Airlines,SAN‐HKT,37h10m,2,"SFO, SIN",8:10 pm – 5:58 pm +1,Singapore Airlines,HKT‐SAN,35h48m,2,"SIN, SFO",1345,20220406-1124,best
6:25 am – 9:35 am +2,"Alaska Airlines, Singapore Airlines",SAN‐HKT,37h10m,2,"SFO, SIN",6:10 pm – 2:28 pm +1,"Singapore Airlines, Alaska Airlines",HKT‐SAN,34h18m,2,"SIN, SFO",1424,20220406-1124,best
11:50 am – 6:55 am +2,"Alaska Airlines, Qatar Airways",SAN‐HKT,29h05m,2,"SEA, DOH",11:55 pm – 11:37 pm +1,"Qatar Airways, Alaska Airlines",HKT‐SAN,37h42m,2,"DOH, SEA",1560,20220406-1124,best
5:40 pm – 9:35 am +2,Singapore Airlines,SAN‐HKT,25h55m,2,"SFO, SIN",11:40 am – 11:05 pm,Singapore Airlines,HKT‐SAN,25h25m,2,"SIN, SFO",3754,20220406-1129,fast
4:25 pm – 9:35 am +2,Singapore Airlines,SAN‐HKT,27h10m,2,"SFO, SIN",11:40 am – 11:05 pm,Singapore Airlines,HKT‐SAN,25h25m,2,"SIN, SFO",3754,20220406-1129,fast
5:40 pm – 10:50 am +2,Singapore Airlines,SAN‐HKT,27h10m,2,"SFO, SIN",11:40 am – 11:05 pm,Singapore Airlines,HKT‐SAN,25h25m,2,"SIN, SFO",3754,20220406-1129,fast
5:40 pm – 9:35 am +2,Singapore Airlines,SAN‐HKT,25h55m,2,"SFO, SIN",10:25 am – 11:05 pm,Singapore Airlines,HKT‐SAN,26h40m,2,"SIN, SFO",3754,20220406-1129,fast
12:35 pm – 6:55 am +2,"Alaska Airlines, Qatar Airways",SAN‐HKT,28h20m,2,"SFO, DOH",11:40 am – 11:05 pm,Singapore Airlines,HKT‐SAN,25h25m,2,"SIN, SFO",1756,20220406-1129,fast
5:40 pm – 10:50 am +2,Singapore Airlines,SAN‐HKT,27h10m,2,"SFO, SIN",10:25 am – 11:05 pm,Singapore Airlines,HKT‐SAN,26h40m,2,"SIN, SFO",3754,20220406-1129,fast
4:25 pm – 9:35 am +2,Singapore Airlines,SAN‐HKT,27h10m,2,"SFO, SIN",10:25 am – 11:05 pm,Singapore Airlines,HKT‐SAN,26h40m,2,"SIN, SFO",3754,20220406-1129,fast
4:25 pm – 10:50 am +2,Singapore Airlines,SAN‐HKT,28h25m,2,"SFO, SIN",11:40 am – 11:05 pm,Singapore Airlines,HKT‐SAN,25h25m,2,"SIN, SFO",3754,20220406-1129,fast
2:35 pm – 9:35 am +2,"Delta, Singapore Airlines",SAN‐HKT,29h00m,2,"LAX, SIN",11:40 am – 11:05 pm,Singapore Airlines,HKT‐SAN,25h25m,2,"SIN, SFO",2760,20220406-1129,fast
11:50 am – 6:55 am +2,"Alaska Airlines, Qatar Airways",SAN‐HKT,29h05m,2,"SEA, DOH",11:40 am – 11:05 pm,Singapore Airlines,HKT‐SAN,25h25m,2,"SIN, SFO",1785,20220406-1129,fast
12:35 pm – 6:55 am +2,"Alaska Airlines, Qatar Airways",SAN‐HKT,28h20m,2,"SFO, DOH",10:25 am – 11:05 pm,Singapore Airlines,HKT‐SAN,26h40m,2,"SIN, SFO",1756,20220406-1129,fast
4:25 pm – 10:50 am +2,Singapore Airlines,SAN‐HKT,28h25m,2,"SFO, SIN",10:25 am – 11:05 pm,Singapore Airlines,HKT‐SAN,26h40m,2,"SIN, SFO",3754,20220406-1129,fast
2:35 pm – 9:35 am +2,"Delta, Singapore Airlines",SAN‐HKT,29h00m,2,"LAX, SIN",10:25 am – 11:05 pm,Singapore Airlines,HKT‐SAN,26h40m,2,"SIN, SFO",2760,20220406-1129,fast
11:50 am – 6:55 am +2,"Alaska Airlines, Qatar Airways",SAN‐HKT,29h05m,2,"SEA, DOH",10:25 am – 11:05 pm,Singapore Airlines,HKT‐SAN,26h40m,2,"SIN, SFO",1785,20220406-1129,fast
8:00 am – 6:55 am +2,Qatar Airways,SAN‐HKT,32h55m,2,"SEA, DOH",11:40 am – 11:05 pm,Singapore Airlines,HKT‐SAN,25h25m,2,"SIN, SFO",1796,20220406-1129,fast
