Out Time,Out Airline,Out Cities,Out Duration,Out Stops,Out Stop Cities,Return Time,Return Airline,Return Cities,Return Duration,Return Stops,Return Stop Cities,Price,timestamp,sort
11:53 am – 6:55 am +2,"Alaska Airlines, Qatar Airways",SAN‐HKT,29h02m,2,"SEA, DOH",11:55 am – 8:20 am +1,Multiple Airlines,HKT‐SAN,34h25m,3,"SGN, SIN, ...",1469,20220406-1359,cheap
8:45 pm – 9:35 am +3,"Alaska Airlines, Singapore Airlines",SAN‐HKT,46h50m,3,"SEA, YVR, ...",8:10 pm – 1:23 pm +1,"Singapore Airlines, Alaska Airlines",HKT‐SAN,31h13m,2,"SIN, SFO",1616,20220406-1359,cheap
8:45 pm – 9:35 am +3,"Alaska Airlines, Singapore Airlines",SAN‐HKT,46h50m,3,"SEA, YVR, ...",6:10 pm – 1:23 pm +1,"Singapore Airlines, Alaska Airlines",HKT‐SAN,33h13m,2,"SIN, SFO",1616,20220406-1359,cheap
6:30 pm – 9:35 am +3,"Alaska Airlines, Singapore Airlines",SAN‐HKT,49h05m,3,"SEA, YVR, ...",8:10 pm – 1:23 pm +1,"Singapore Airlines, Alaska Airlines",HKT‐SAN,31h13m,2,"SIN, SFO",1680,20220406-1359,cheap
6:30 pm – 9:35 am +3,"Alaska Airlines, Singapore Airlines",SAN‐HKT,49h05m,3,"SEA, YVR, ...",6:10 pm – 1:23 pm +1,"Singapore Airlines, Alaska Airlines",HKT‐SAN,33h13m,2,"SIN, SFO",1680,20220406-1359,cheap
11:53 am – 12:30 pm +2,"Alaska Airlines, Emirates",SAN‐HKT,34h37m,2,"SEA, DXB",12:10 am – 11:38 pm,"Emirates, Alaska Airlines",HKT‐SAN,37h28m,2,"DXB, SEA",1728,20220406-1359,cheap
11:53 am – 6:55 am +2,"Alaska Airlines, Qatar Airways",SAN‐HKT,29h02m,2,"SEA, DOH",9:00 am – 11:58 pm,Multiple Airlines,HKT‐SAN,28h58m,3,"BKK, MNL, ...",1753,20220406-1359,cheap
6:15 am – 12:30 pm +2,"Alaska Airlines, Emirates",SAN‐HKT,40h15m,2,"SEA, DXB",12:10 am – 11:38 pm,"Emirates, Alaska Airlines",HKT‐SAN,37h28m,2,"DXB, SEA",1760,20220406-1359,cheap
11:53 am – 6:55 am +2,"Alaska Airlines, Qatar Airways",SAN‐HKT,29h02m,2,"SEA, DOH",11:55 pm – 5:42 pm +1,"Qatar Airways, Alaska Airlines",HKT‐SAN,31h47m,2,"DOH, SFO",1809,20220406-1359,cheap
11:53 am – 6:55 am +2,"Alaska Airlines, Qatar Airways",SAN‐HKT,29h02m,2,"SEA, DOH",11:55 pm – 6:57 pm +1,"Qatar Airways, Alaska Airlines",HKT‐SAN,33h02m,2,"DOH, SFO",1809,20220406-1359,cheap
6:15 am – 6:55 am +2,"Alaska Airlines, Qatar Airways",SAN‐HKT,34h40m,2,"SEA, DOH",11:55 pm – 5:42 pm +1,"Qatar Airways, Alaska Airlines",HKT‐SAN,31h47m,2,"DOH, SFO",1809,20220406-1359,cheap
6:15 am – 6:55 am +2,"Alaska Airlines, Qatar Airways",SAN‐HKT,34h40m,2,"SEA, DOH",11:55 pm – 6:57 pm +1,"Qatar Airways, Alaska Airlines",HKT‐SAN,33h02m,2,"DOH, SFO",1809,20220406-1359,cheap
6:15 am – 9:35 am +2,Singapore Airlines,SAN‐HKT,37h20m,3,"SEA, YVR, ...",8:10 pm – 1:23 pm +1,"Singapore Airlines, Alaska Airlines",HKT‐SAN,31h13m,2,"SIN, SFO",1809,20220406-1359,cheap
6:15 am – 9:35 am +2,Singapore Airlines,SAN‐HKT,37h20m,3,"SEA, YVR, ...",6:10 pm – 1:23 pm +1,"Singapore Airlines, Alaska Airlines",HKT‐SAN,33h13m,2,"SIN, SFO",1809,20220406-1359,cheap
11:53 am – 12:30 pm +2,"Alaska Airlines, Emirates",SAN‐HKT,34h37m,2,"SEA, DXB",12:10 am – 8:47 am +1,"Emirates, Alaska Airlines",HKT‐SAN,46h37m,2,"DXB, SEA",1821,20220406-1359,cheap
11:53 am – 6:55 am +2,"Alaska Airlines, Qatar Airways",SAN‐HKT,29h02m,2,"SEA, DOH",11:55 pm – 5:42 pm +1,"Qatar Airways, Alaska Airlines",HKT‐SAN,31h47m,2,"DOH, SFO",1809,20220406-1356,best
11:53 am – 6:55 am +2,"Alaska Airlines, Qatar Airways",SAN‐HKT,29h02m,2,"SEA, DOH",11:55 am – 8:20 am +1,Multiple Airlines,HKT‐SAN,34h25m,3,"SGN, SIN, ...",1469,20220406-1356,best
11:53 am – 6:55 am +2,"Alaska Airlines, Qatar Airways",SAN‐HKT,29h02m,2,"SEA, DOH",11:55 pm – 5:06 pm +1,"Qatar Airways, Alaska Airlines",HKT‐SAN,31h11m,2,"DOH, SEA",1838,20220406-1356,best
11:53 am – 6:55 am +2,"Alaska Airlines, Qatar Airways",SAN‐HKT,29h02m,2,"SEA, DOH",11:55 pm – 6:57 pm +1,"Qatar Airways, Alaska Airlines",HKT‐SAN,33h02m,2,"DOH, SFO",1809,20220406-1356,best
11:53 am – 6:55 am +2,"Alaska Airlines, Qatar Airways",SAN‐HKT,29h02m,2,"SEA, DOH",11:55 pm – 6:59 pm +1,"Qatar Airways, Alaska Airlines",HKT‐SAN,33h04m,2,"DOH, SEA",1838,20220406-1356,best
1:00 pm – 6:55 am +2,"Alaska Airlines, Qatar Airways",SAN‐HKT,27h55m,2,"SEA, DOH",11:55 pm – 5:06 pm +1,"Qatar Airways, Alaska Airlines",HKT‐SAN,31h11m,2,"DOH, SEA",1996,20220406-1356,best
1:00 pm – 6:55 am +2,"Alaska Airlines, Qatar Airways",SAN‐HKT,27h55m,2,"SEA, DOH",11:55 pm – 5:42 pm +1,"Qatar Airways, Alaska Airlines",HKT‐SAN,31h47m,2,"DOH, SFO",1996,20220406-1356,best
1:00 pm – 6:55 am +2,"Alaska Airlines, Qatar Airways",SAN‐HKT,27h55m,2,"SEA, DOH",11:55 pm – 6:57 pm +1,"Qatar Airways, Alaska Airlines",HKT‐SAN,33h02m,2,"DOH, SFO",1996,20220406-1356,best
1:00 pm – 6:55 am +2,"Alaska Airlines, Qatar Airways",SAN‐HKT,27h55m,2,"SEA, DOH",11:55 pm – 6:59 pm +1,"Qatar Airways, Alaska Airlines",HKT‐SAN,33h04m,2,"DOH, SEA",1996,20220406-1356,best
11:53 am – 6:55 am +2,"Alaska Airlines, Qatar Airways",SAN‐HKT,29h02m,2,"SEA, DOH",11:55 pm – 9:49 pm +1,Qatar Airways,HKT‐SAN,35h54m,2,"DOH, JFK",1837,20220406-1356,best
6:15 am – 6:55 am +2,"Alaska Airlines, Qatar Airways",SAN‐HKT,34h40m,2,"SEA, DOH",11:55 pm – 5:42 pm +1,"Qatar Airways, Alaska Airlines",HKT‐SAN,31h47m,2,"DOH, SFO",1809,20220406-1356,best
1:00 pm – 6:55 am +2,Qatar Airways,SAN‐HKT,27h55m,2,"SEA, DOH",11:55 pm – 9:49 pm +1,Qatar Airways,HKT‐SAN,35h54m,2,"DOH, JFK",1974,20220406-1356,best
11:53 am – 6:55 am +2,Qatar Airways,SAN‐HKT,29h02m,2,"SEA, DOH",11:55 pm – 8:58 pm +1,Qatar Airways,HKT‐SAN,35h03m,2,"DOH, BOS",1973,20220406-1356,best
6:15 am – 9:35 am +2,Singapore Airlines,SAN‐HKT,37h20m,3,"SEA, YVR, ...",8:10 pm – 1:23 pm +1,"Singapore Airlines, Alaska Airlines",HKT‐SAN,31h13m,2,"SIN, SFO",1809,20220406-1356,best
6:15 am – 6:55 am +2,"Alaska Airlines, Qatar Airways",SAN‐HKT,34h40m,2,"SEA, DOH",11:55 pm – 6:57 pm +1,"Qatar Airways, Alaska Airlines",HKT‐SAN,33h02m,2,"DOH, SFO",1809,20220406-1356,best
1:00 pm – 1:15 pm +2,Qatar Airways,SAN‐HKT,34h15m,2,"SEA, DOH",11:55 pm – 5:06 pm +1,Qatar Airways,HKT‐SAN,31h11m,2,"DOH, SEA",2017,20220406-1356,best
1:00 pm – 6:55 am +2,Qatar Airways,SAN‐HKT,27h55m,2,"SEA, DOH",11:40 am – 11:58 pm,Singapore Airlines,HKT‐SAN,26h18m,2,"SIN, SFO",2574,20220406-1402,fast
11:53 am – 6:55 am +2,"Alaska Airlines, Qatar Airways",SAN‐HKT,29h02m,2,"SEA, DOH",11:40 am – 11:58 pm,Singapore Airlines,HKT‐SAN,26h18m,2,"SIN, SFO",2322,20220406-1402,fast
1:00 pm – 6:55 am +2,Qatar Airways,SAN‐HKT,27h55m,2,"SEA, DOH",10:25 am – 11:58 pm,Singapore Airlines,HKT‐SAN,27h33m,2,"SIN, SFO",2574,20220406-1402,fast
11:53 am – 6:55 am +2,"Alaska Airlines, Qatar Airways",SAN‐HKT,29h02m,2,"SEA, DOH",10:25 am – 11:58 pm,Singapore Airlines,HKT‐SAN,27h33m,2,"SIN, SFO",2322,20220406-1402,fast
11:53 am – 6:55 am +2,"Alaska Airlines, Qatar Airways",SAN‐HKT,29h02m,2,"SEA, DOH",9:00 am – 11:58 pm,Multiple Airlines,HKT‐SAN,28h58m,3,"BKK, MNL, ...",1753,20220406-1402,fast
1:00 pm – 6:55 am +2,"Alaska Airlines, Qatar Airways",SAN‐HKT,27h55m,2,"SEA, DOH",11:55 pm – 5:06 pm +1,"Qatar Airways, Alaska Airlines",HKT‐SAN,31h11m,2,"DOH, SEA",1996,20220406-1402,fast
1:00 pm – 6:55 am +2,"Alaska Airlines, Qatar Airways",SAN‐HKT,27h55m,2,"SEA, DOH",11:55 pm – 5:42 pm +1,"Qatar Airways, Alaska Airlines",HKT‐SAN,31h47m,2,"DOH, SFO",1996,20220406-1402,fast
11:53 am – 6:55 am +2,"Alaska Airlines, Qatar Airways",SAN‐HKT,29h02m,2,"SEA, DOH",11:55 pm – 5:06 pm +1,"Qatar Airways, Alaska Airlines",HKT‐SAN,31h11m,2,"DOH, SEA",1838,20220406-1402,fast
7:00 am – 6:55 am +2,Qatar Airways,SAN‐HKT,33h55m,2,"JFK, DOH",11:40 am – 11:58 pm,Singapore Airlines,HKT‐SAN,26h18m,2,"SIN, SFO",2677,20220406-1402,fast
11:53 am – 6:55 am +2,"Alaska Airlines, Qatar Airways",SAN‐HKT,29h02m,2,"SEA, DOH",11:55 pm – 5:42 pm +1,"Qatar Airways, Alaska Airlines",HKT‐SAN,31h47m,2,"DOH, SFO",1809,20220406-1402,fast
4:15 pm – 9:35 am +2,Singapore Airlines,SAN‐HKT,27h20m,2,"SFO, SIN",8:00 pm – 3:35 pm +1,"Etihad Airways, Lufthansa",HKT‐SAN,33h35m,2,"AUH, MUC",6536,20220406-1402,fast
1:00 pm – 6:55 am +2,"Alaska Airlines, Qatar Airways",SAN‐HKT,27h55m,2,"SEA, DOH",11:55 pm – 6:57 pm +1,"Qatar Airways, Alaska Airlines",HKT‐SAN,33h02m,2,"DOH, SFO",1996,20220406-1402,fast
1:00 pm – 6:55 am +2,"Alaska Airlines, Qatar Airways",SAN‐HKT,27h55m,2,"SEA, DOH",11:55 pm – 6:59 pm +1,"Qatar Airways, Alaska Airlines",HKT‐SAN,33h04m,2,"DOH, SEA",1996,20220406-1402,fast
10:55 am – 6:55 am +2,Qatar Airways,SAN‐HKT,30h00m,2,"SFO, DOH",11:55 pm – 5:06 pm +1,Qatar Airways,HKT‐SAN,31h11m,2,"DOH, SEA",2269,20220406-1402,fast
7:00 am – 6:55 am +2,Qatar Airways,SAN‐HKT,33h55m,2,"JFK, DOH",10:25 am – 11:58 pm,Singapore Airlines,HKT‐SAN,27h33m,2,"SIN, SFO",2677,20220406-1402,fast
