Out Time,Out Airline,Out Cities,Out Duration,Out Stops,Out Stop Cities,Return Time,Return Airline,Return Cities,Return Duration,Return Stops,Return Stop Cities,Price,timestamp,sort
6:25 am – 9:35 am +2,Singapore Airlines,SAN‐HKT,37h10m,2,"SFO, SIN",8:10 pm – 7:34 am +2,Singapore Airlines,HKT‐SAN,49h24m,2,"SIN, SFO",1932,20220406-1744,cheap
6:25 am – 10:50 am +2,Singapore Airlines,SAN‐HKT,38h25m,2,"SFO, SIN",8:10 pm – 7:34 am +2,Singapore Airlines,HKT‐SAN,49h24m,2,"SIN, SFO",1932,20220406-1744,cheap
6:25 am – 5:10 pm +2,Singapore Airlines,SAN‐HKT,44h45m,2,"SFO, SIN",8:10 pm – 7:34 am +2,Singapore Airlines,HKT‐SAN,49h24m,2,"SIN, SFO",1932,20220406-1744,cheap
12:30 pm – 6:55 am +2,"Alaska Airlines, Qatar Airways",SAN‐HKT,28h25m,2,"SFO, DOH",11:55 pm – 9:54 pm +2,"Qatar Airways, Alaska Airlines",HKT‐SAN,59h59m,2,"DOH, JFK",2023,20220406-1744,cheap
11:00 pm – 6:55 am +3,Qatar Airways,SAN‐HKT,41h55m,2,"JFK, DOH",11:55 pm – 7:58 pm +1,Qatar Airways,HKT‐SAN,34h03m,2,"DOH, SEA",2050,20220406-1744,cheap
11:00 pm – 1:15 pm +3,Qatar Airways,SAN‐HKT,48h15m,2,"JFK, DOH",11:55 pm – 7:58 pm +1,Qatar Airways,HKT‐SAN,34h03m,2,"DOH, SEA",2050,20220406-1744,cheap
12:30 pm – 6:55 am +2,"Alaska Airlines, Qatar Airways",SAN‐HKT,28h25m,2,"SFO, DOH",11:55 pm – 9:54 pm +2,"Qatar Airways, Alaska Airlines",HKT‐SAN,59h59m,2,"DOH, JFK",2086,20220406-1744,cheap
12:30 pm – 6:55 am +2,"Alaska Airlines, Qatar Airways",SAN‐HKT,28h25m,2,"SFO, DOH",11:55 pm – 7:58 pm +1,Qatar Airways,HKT‐SAN,34h03m,2,"DOH, SEA",2092,20220406-1744,cheap
10:20 am – 6:55 am +2,"Alaska Airlines, Qatar Airways",SAN‐HKT,30h35m,2,"SFO, DOH",11:55 pm – 7:58 pm +1,Qatar Airways,HKT‐SAN,34h03m,2,"DOH, SEA",2092,20220406-1744,cheap
8:25 am – 6:55 am +2,"Alaska Airlines, Qatar Airways",SAN‐HKT,32h30m,2,"SFO, DOH",11:55 pm – 7:58 pm +1,Qatar Airways,HKT‐SAN,34h03m,2,"DOH, SEA",2092,20220406-1744,cheap
6:25 am – 6:55 am +2,"Alaska Airlines, Qatar Airways",SAN‐HKT,34h30m,2,"SFO, DOH",11:55 pm – 7:58 pm +1,Qatar Airways,HKT‐SAN,34h03m,2,"DOH, SEA",2092,20220406-1744,cheap
12:30 pm – 1:15 pm +2,"Alaska Airlines, Qatar Airways",SAN‐HKT,34h45m,2,"SFO, DOH",11:55 pm – 7:58 pm +1,Qatar Airways,HKT‐SAN,34h03m,2,"DOH, SEA",2092,20220406-1744,cheap
10:20 am – 1:15 pm +2,"Alaska Airlines, Qatar Airways",SAN‐HKT,36h55m,2,"SFO, DOH",11:55 pm – 7:58 pm +1,Qatar Airways,HKT‐SAN,34h03m,2,"DOH, SEA",2092,20220406-1744,cheap
8:25 am – 1:15 pm +2,"Alaska Airlines, Qatar Airways",SAN‐HKT,38h50m,2,"SFO, DOH",11:55 pm – 7:58 pm +1,Qatar Airways,HKT‐SAN,34h03m,2,"DOH, SEA",2092,20220406-1744,cheap
9:50 am – 6:55 am +2,Qatar Airways,SAN‐HKT,31h05m,2,"SEA, DOH",11:55 pm – 7:58 pm +1,Qatar Airways,HKT‐SAN,34h03m,2,"DOH, SEA",2115,20220406-1744,cheap
12:30 pm – 6:55 am +2,"Alaska Airlines, Qatar Airways",SAN‐HKT,28h25m,2,"SFO, DOH",11:55 pm – 6:23 pm +1,"Qatar Airways, Alaska Airlines",HKT‐SAN,32h28m,2,"DOH, SEA",2183,20220406-1742,best
6:25 am – 9:35 am +2,Singapore Airlines,SAN‐HKT,37h10m,2,"SFO, SIN",8:10 pm – 7:34 am +2,Singapore Airlines,HKT‐SAN,49h24m,2,"SIN, SFO",1932,20220406-1742,best
12:30 pm – 6:55 am +2,"Alaska Airlines, Qatar Airways",SAN‐HKT,28h25m,2,"SFO, DOH",11:55 pm – 7:58 pm +1,Qatar Airways,HKT‐SAN,34h03m,2,"DOH, SEA",2092,20220406-1742,best
12:30 pm – 6:55 am +2,"Alaska Airlines, Qatar Airways",SAN‐HKT,28h25m,2,"SFO, DOH",11:55 pm – 6:52 pm +1,Qatar Airways,HKT‐SAN,32h57m,2,"DOH, SFO",2215,20220406-1742,best
12:40 pm – 6:55 am +2,"American Airlines, Qatar Airways",SAN‐HKT,28h15m,2,"DFW, DOH",11:55 pm – 7:35 pm +1,"Qatar Airways, American Airlines",HKT‐SAN,33h40m,2,"DOH, ORD",2189,20220406-1742,best
12:30 pm – 6:55 am +2,"Alaska Airlines, Qatar Airways",SAN‐HKT,28h25m,2,"SFO, DOH",12:10 am – 6:52 pm,"Emirates, Alaska Airlines",HKT‐SAN,32h42m,2,"DXB, SFO",2278,20220406-1742,best
10:20 am – 6:55 am +2,"Alaska Airlines, Qatar Airways",SAN‐HKT,30h35m,2,"SFO, DOH",11:55 pm – 7:58 pm +1,Qatar Airways,HKT‐SAN,34h03m,2,"DOH, SEA",2092,20220406-1742,best
12:40 pm – 6:55 am +2,"American Airlines, Qatar Airways",SAN‐HKT,28h15m,2,"DFW, DOH",11:55 pm – 9:23 pm +1,"Qatar Airways, American Airlines",HKT‐SAN,35h28m,2,"DOH, PHL",2189,20220406-1742,best
10:20 am – 6:55 am +2,"Alaska Airlines, Qatar Airways",SAN‐HKT,30h35m,2,"SFO, DOH",11:55 pm – 6:23 pm +1,"Qatar Airways, Alaska Airlines",HKT‐SAN,32h28m,2,"DOH, SEA",2183,20220406-1742,best
10:40 am – 6:55 am +2,"American Airlines, Qatar Airways",SAN‐HKT,30h15m,2,"DFW, DOH",11:55 pm – 7:35 pm +1,"Qatar Airways, American Airlines",HKT‐SAN,33h40m,2,"DOH, ORD",2189,20220406-1742,best
9:50 am – 6:55 am +2,Qatar Airways,SAN‐HKT,31h05m,2,"SEA, DOH",11:55 pm – 7:58 pm +1,Qatar Airways,HKT‐SAN,34h03m,2,"DOH, SEA",2115,20220406-1742,best
10:20 am – 6:55 am +2,"Alaska Airlines, Qatar Airways",SAN‐HKT,30h35m,2,"SFO, DOH",11:55 pm – 6:52 pm +1,Qatar Airways,HKT‐SAN,32h57m,2,"DOH, SFO",2215,20220406-1742,best
12:30 pm – 6:55 am +2,"Alaska Airlines, Qatar Airways",SAN‐HKT,28h25m,2,"SFO, DOH",11:55 pm – 9:42 pm +1,"Qatar Airways, Alaska Airlines",HKT‐SAN,35h47m,2,"DOH, SFO",2222,20220406-1742,best
4:00 pm – 1:15 pm +2,"American Airlines, Qatar Airways",SAN‐HKT,31h15m,2,"DFW, DOH",11:55 pm – 7:35 pm +1,"Qatar Airways, American Airlines",HKT‐SAN,33h40m,2,"DOH, ORD",2189,20220406-1742,best
9:50 am – 6:55 am +2,Qatar Airways,SAN‐HKT,31h05m,2,"SEA, DOH",11:55 pm – 6:23 pm +1,"Qatar Airways, Alaska Airlines",HKT‐SAN,32h28m,2,"DOH, SEA",2243,20220406-1742,best
12:30 pm – 6:55 am +2,"Alaska Airlines, Qatar Airways",SAN‐HKT,28h25m,2,"SFO, DOH",11:55 pm – 9:54 pm +1,"Qatar Airways, Alaska Airlines",HKT‐SAN,35h59m,2,"DOH, JFK",2217,20220406-1742,best
5:15 pm – 9:35 am +2,Singapore Airlines,SAN‐HKT,26h20m,2,"SFO, SIN",11:40 am – 11:49 pm,Singapore Airlines,HKT‐SAN,26h09m,2,"SIN, SFO",3701,20220406-1747,fast
5:15 pm – 9:35 am +2,Singapore Airlines,SAN‐HKT,26h20m,2,"SFO, SIN",10:25 am – 11:49 pm,Singapore Airlines,HKT‐SAN,27h24m,2,"SIN, SFO",3701,20220406-1747,fast
5:15 pm – 10:50 am +2,Singapore Airlines,SAN‐HKT,27h35m,2,"SFO, SIN",11:40 am – 11:49 pm,Singapore Airlines,HKT‐SAN,26h09m,2,"SIN, SFO",3701,20220406-1747,fast
1:00 pm – 6:55 am +2,Qatar Airways,SAN‐HKT,27h55m,2,"SEA, DOH",11:40 am – 11:49 pm,Singapore Airlines,HKT‐SAN,26h09m,2,"SIN, SFO",5353,20220406-1747,fast
12:40 pm – 6:55 am +2,Qatar Airways,SAN‐HKT,28h15m,2,"DFW, DOH",11:40 am – 11:49 pm,Singapore Airlines,HKT‐SAN,26h09m,2,"SIN, SFO",4968,20220406-1747,fast
3:10 pm – 9:35 am +2,Singapore Airlines,SAN‐HKT,28h25m,2,"SFO, SIN",11:40 am – 11:49 pm,Singapore Airlines,HKT‐SAN,26h09m,2,"SIN, SFO",3701,20220406-1747,fast
12:30 pm – 6:55 am +2,"Alaska Airlines, Qatar Airways",SAN‐HKT,28h25m,2,"SFO, DOH",11:40 am – 11:49 pm,Singapore Airlines,HKT‐SAN,26h09m,2,"SIN, SFO",4591,20220406-1747,fast
5:15 pm – 10:50 am +2,Singapore Airlines,SAN‐HKT,27h35m,2,"SFO, SIN",10:25 am – 11:49 pm,Singapore Airlines,HKT‐SAN,27h24m,2,"SIN, SFO",3701,20220406-1747,fast
1:00 pm – 6:55 am +2,Qatar Airways,SAN‐HKT,27h55m,2,"SEA, DOH",10:25 am – 11:49 pm,Singapore Airlines,HKT‐SAN,27h24m,2,"SIN, SFO",5353,20220406-1747,fast
12:40 pm – 6:55 am +2,Qatar Airways,SAN‐HKT,28h15m,2,"DFW, DOH",10:25 am – 11:49 pm,Singapore Airlines,HKT‐SAN,27h24m,2,"SIN, SFO",4968,20220406-1747,fast
3:10 pm – 10:50 am +2,Singapore Airlines,SAN‐HKT,29h40m,2,"SFO, SIN",11:40 am – 11:49 pm,Singapore Airlines,HKT‐SAN,26h09m,2,"SIN, SFO",3701,20220406-1747,fast
3:10 pm – 9:35 am +2,Singapore Airlines,SAN‐HKT,28h25m,2,"SFO, SIN",10:25 am – 11:49 pm,Singapore Airlines,HKT‐SAN,27h24m,2,"SIN, SFO",3701,20220406-1747,fast
12:30 pm – 6:55 am +2,"Alaska Airlines, Qatar Airways",SAN‐HKT,28h25m,2,"SFO, DOH",10:25 am – 11:49 pm,Singapore Airlines,HKT‐SAN,27h24m,2,"SIN, SFO",4591,20220406-1747,fast
10:40 am – 6:55 am +2,Qatar Airways,SAN‐HKT,30h15m,2,"DFW, DOH",11:40 am – 11:49 pm,Singapore Airlines,HKT‐SAN,26h09m,2,"SIN, SFO",4968,20220406-1747,fast
10:20 am – 6:55 am +2,"Alaska Airlines, Qatar Airways",SAN‐HKT,30h35m,2,"SFO, DOH",11:40 am – 11:49 pm,Singapore Airlines,HKT‐SAN,26h09m,2,"SIN, SFO",4591,20220406-1747,fast
