Out Time,Out Airline,Out Cities,Out Duration,Out Stops,Out Stop Cities,Return Time,Return Airline,Return Cities,Return Duration,Return Stops,Return Stop Cities,Price,timestamp,sort
1:30 pm – 6:20 pm +2,Japan Airlines,SAN‐HKT,38h50m,2,"NRT-HND, BKK",7:10 pm – 11:30 am +1,Japan Airlines,HKT‐SAN,30h20m,2,"BKK, NRT",1355,20220406-1845,cheap
1:30 pm – 6:20 pm +2,Japan Airlines,SAN‐HKT,38h50m,2,"NRT-HND, BKK",2:40 pm – 11:30 am +1,Japan Airlines,HKT‐SAN,34h50m,2,"BKK, NRT",1358,20220406-1845,cheap
1:30 pm – 6:20 pm +2,Japan Airlines,SAN‐HKT,38h50m,2,"NRT-HND, BKK",10:20 am – 11:30 am +1,Japan Airlines,HKT‐SAN,39h10m,2,"BKK, NRT",1358,20220406-1845,cheap
1:30 pm – 9:30 am +3,Japan Airlines,SAN‐HKT,54h00m,2,"NRT-HND, BKK",7:10 pm – 11:30 am +1,Japan Airlines,HKT‐SAN,30h20m,2,"BKK, NRT",1358,20220406-1845,cheap
1:30 pm – 9:30 am +3,Japan Airlines,SAN‐HKT,54h00m,2,"NRT-HND, BKK",2:40 pm – 11:30 am +1,Japan Airlines,HKT‐SAN,34h50m,2,"BKK, NRT",1361,20220406-1845,cheap
1:30 pm – 6:20 pm +2,Japan Airlines,SAN‐HKT,38h50m,2,"NRT-HND, BKK",2:40 pm – 11:30 am +1,Japan Airlines,HKT‐SAN,34h50m,2,"BKK, HND-NRT",1364,20220406-1845,cheap
1:30 pm – 6:20 pm +2,Japan Airlines,SAN‐HKT,38h50m,2,"NRT-HND, BKK",10:20 am – 11:30 am +1,Japan Airlines,HKT‐SAN,39h10m,2,"BKK, HND-NRT",1364,20220406-1845,cheap
1:30 pm – 6:20 pm +2,Japan Airlines,SAN‐HKT,38h50m,2,"NRT-HND, BKK",1:30 am – 7:34 am +1,"Asiana Airlines, Alaska Airlines",HKT‐SAN,44h04m,2,"ICN, SFO",1635,20220406-1845,cheap
1:30 pm – 6:20 pm +2,Japan Airlines,SAN‐HKT,38h50m,2,"NRT-HND, BKK",7:10 pm – 4:43 pm +1,Japan Airlines,HKT‐SAN,35h33m,3,"BKK, NRT, ...",1665,20220406-1845,cheap
1:30 pm – 6:20 pm +2,Japan Airlines,SAN‐HKT,38h50m,2,"NRT-HND, BKK",7:10 pm – 6:52 pm +1,Japan Airlines,HKT‐SAN,37h42m,3,"BKK, NRT, ...",1665,20220406-1845,cheap
1:30 pm – 6:20 pm +2,Japan Airlines,SAN‐HKT,38h50m,2,"NRT-HND, BKK",2:40 pm – 4:43 pm +1,Japan Airlines,HKT‐SAN,40h03m,3,"BKK, NRT, ...",1668,20220406-1845,cheap
1:30 pm – 6:20 pm +2,Japan Airlines,SAN‐HKT,38h50m,2,"NRT-HND, BKK",2:40 pm – 6:52 pm +1,Japan Airlines,HKT‐SAN,42h12m,3,"BKK, NRT, ...",1668,20220406-1845,cheap
1:30 pm – 6:20 pm +2,Japan Airlines,SAN‐HKT,38h50m,2,"NRT-HND, BKK",10:20 am – 4:43 pm +1,Japan Airlines,HKT‐SAN,44h23m,3,"BKK, NRT, ...",1668,20220406-1845,cheap
1:30 pm – 6:20 pm +2,Japan Airlines,SAN‐HKT,38h50m,2,"NRT-HND, BKK",1:30 am – 9:42 pm,"Asiana Airlines, Alaska Airlines",HKT‐SAN,34h12m,2,"ICN, SFO",1703,20220406-1845,cheap
1:30 pm – 6:20 pm +2,Japan Airlines,SAN‐HKT,38h50m,2,"NRT-HND, BKK",1:30 am – 11:49 pm,"Asiana Airlines, Alaska Airlines",HKT‐SAN,36h19m,2,"ICN, SFO",1703,20220406-1845,cheap
1:30 pm – 6:20 pm +2,Japan Airlines,SAN‐HKT,38h50m,2,"NRT-HND, BKK",7:10 pm – 11:30 am +1,Japan Airlines,HKT‐SAN,30h20m,2,"BKK, NRT",1355,20220406-1843,best
1:30 pm – 6:20 pm +2,Japan Airlines,SAN‐HKT,38h50m,2,"NRT-HND, BKK",2:40 pm – 11:30 am +1,Japan Airlines,HKT‐SAN,34h50m,2,"BKK, NRT",1358,20220406-1843,best
1:30 pm – 6:20 pm +2,Japan Airlines,SAN‐HKT,38h50m,2,"NRT-HND, BKK",2:40 pm – 11:30 am +1,Japan Airlines,HKT‐SAN,34h50m,2,"BKK, HND-NRT",1364,20220406-1843,best
1:30 pm – 9:45 am +2,Malaysia Airlines,SAN‐HKT,30h15m,2,"NRT, KUL",2:05 pm – 11:30 am +1,Malaysia Airlines,HKT‐SAN,35h25m,2,"KUL, NRT",1745,20220406-1843,best
1:30 pm – 9:45 am +2,Malaysia Airlines,SAN‐HKT,30h15m,2,"NRT, KUL",2:05 pm – 11:30 am +1,Malaysia Airlines,HKT‐SAN,35h25m,2,"KUL, NRT",1761,20220406-1843,best
1:30 pm – 6:20 pm +2,Japan Airlines,SAN‐HKT,38h50m,2,"NRT-HND, BKK",10:20 am – 11:30 am +1,Japan Airlines,HKT‐SAN,39h10m,2,"BKK, NRT",1358,20220406-1843,best
1:30 pm – 6:20 pm +2,Japan Airlines,SAN‐HKT,38h50m,2,"NRT-HND, BKK",10:20 am – 11:30 am +1,Japan Airlines,HKT‐SAN,39h10m,2,"BKK, HND-NRT",1364,20220406-1843,best
1:30 pm – 9:45 am +2,Malaysia Airlines,SAN‐HKT,30h15m,2,"NRT, KUL",10:30 am – 11:30 am +1,Malaysia Airlines,HKT‐SAN,39h00m,2,"KUL, NRT",1745,20220406-1843,best
1:30 pm – 1:20 pm +2,Malaysia Airlines,SAN‐HKT,33h50m,2,"NRT, KUL",2:05 pm – 11:30 am +1,Malaysia Airlines,HKT‐SAN,35h25m,2,"KUL, NRT",1761,20220406-1843,best
1:30 pm – 1:20 pm +2,Malaysia Airlines,SAN‐HKT,33h50m,2,"NRT, KUL",2:05 pm – 11:30 am +1,Malaysia Airlines,HKT‐SAN,35h25m,2,"KUL, NRT",1761,20220406-1843,best
1:30 pm – 9:45 am +2,Malaysia Airlines,SAN‐HKT,30h15m,2,"NRT, KUL",10:30 am – 11:30 am +1,Malaysia Airlines,HKT‐SAN,39h00m,2,"KUL, NRT",1761,20220406-1843,best
9:50 am – 12:10 am +2,"Alaska Airlines, Asiana Airlines",SAN‐HKT,24h20m,2,"SEA, ICN",1:30 am – 7:39 pm,Asiana Airlines,HKT‐SAN,32h09m,2,"ICN, LAX",2089,20220406-1843,best
9:50 am – 12:10 am +2,"Alaska Airlines, Asiana Airlines",SAN‐HKT,24h20m,2,"SEA, ICN",1:30 am – 7:39 pm,Asiana Airlines,HKT‐SAN,32h09m,2,"ICN, LAX",2089,20220406-1843,best
1:30 pm – 9:30 am +3,Japan Airlines,SAN‐HKT,54h00m,2,"NRT-HND, BKK",7:10 pm – 11:30 am +1,Japan Airlines,HKT‐SAN,30h20m,2,"BKK, NRT",1358,20220406-1843,best
1:30 pm – 1:20 pm +2,Malaysia Airlines,SAN‐HKT,33h50m,2,"NRT, KUL",10:30 am – 11:30 am +1,Malaysia Airlines,HKT‐SAN,39h00m,2,"KUL, NRT",1761,20220406-1843,best
8:15 pm – 1:50 pm +2,"United Airlines, EVA Air",SAN‐HKT,27h35m,3,"LAX, TPE, ...",1:00 pm – 11:54 pm,Multiple Airlines,HKT‐SAN,24h54m,3,"BKK, TPE, ...",12290,20220406-1848,fast
8:15 pm – 1:50 pm +2,"United Airlines, EVA Air",SAN‐HKT,27h35m,3,"LAX, TPE, ...",1:00 pm – 11:54 pm,Multiple Airlines,HKT‐SAN,24h54m,3,"BKK, TPE, ...",12290,20220406-1848,fast
7:05 am – 12:10 am +2,"Delta, Asiana Airlines",SAN‐HKT,27h05m,2,"SEA, ICN",11:40 am – 11:49 pm,Singapore Airlines,HKT‐SAN,26h09m,2,"SIN, SFO",3333,20220406-1848,fast
7:05 am – 12:10 am +2,"Korean Air, Asiana Airlines",SAN‐HKT,27h05m,2,"SEA, ICN",11:40 am – 11:49 pm,Singapore Airlines,HKT‐SAN,26h09m,2,"SIN, SFO",4738,20220406-1848,fast
8:00 am – 12:10 am +2,"United Airlines, Asiana Airlines",SAN‐HKT,26h10m,2,"SFO, ICN",1:30 am – 2:35 pm,"Asiana Airlines, United Airlines",HKT‐SAN,27h05m,2,"ICN, SFO",2550,20220406-1848,fast
8:15 pm – 1:50 pm +2,"United Airlines, EVA Air",SAN‐HKT,27h35m,3,"LAX, TPE, ...",8:15 am – 8:24 pm,Multiple Airlines,HKT‐SAN,26h09m,3,"BKK, TPE, ...",12290,20220406-1848,fast
8:15 pm – 1:50 pm +2,"United Airlines, EVA Air",SAN‐HKT,27h35m,3,"LAX, TPE, ...",8:15 am – 8:24 pm,Multiple Airlines,HKT‐SAN,26h09m,3,"BKK, TPE, ...",12290,20220406-1848,fast
8:15 pm – 1:50 pm +2,Multiple Airlines,SAN‐HKT,27h35m,3,"LAX, TPE, ...",11:40 am – 11:54 pm,Multiple Airlines,HKT‐SAN,26h14m,3,"BKK, TPE, ...",12290,20220406-1848,fast
6:29 am – 12:10 am +2,Asiana Airlines,SAN‐HKT,27h41m,2,"LAX, ICN",11:40 am – 11:49 pm,Singapore Airlines,HKT‐SAN,26h09m,2,"SIN, SFO",3334,20220406-1848,fast
1:00 pm – 6:55 am +2,Qatar Airways,SAN‐HKT,27h55m,2,"SEA, DOH",11:40 am – 11:49 pm,Singapore Airlines,HKT‐SAN,26h09m,2,"SIN, SFO",3435,20220406-1848,fast
6:53 pm – 12:00 pm +2,"United Airlines, Jetstar Asia",SAN‐HKT,27h07m,2,"SFO, SIN",1:30 am – 2:35 pm,"Asiana Airlines, United Airlines",HKT‐SAN,27h05m,2,"ICN, SFO",6582,20220406-1848,fast
12:40 pm – 6:55 am +2,Qatar Airways,SAN‐HKT,28h15m,2,"DFW, DOH",11:40 am – 11:49 pm,Singapore Airlines,HKT‐SAN,26h09m,2,"SIN, SFO",3848,20220406-1848,fast
12:30 pm – 6:55 am +2,"Alaska Airlines, Qatar Airways",SAN‐HKT,28h25m,2,"SFO, DOH",11:40 am – 11:49 pm,Singapore Airlines,HKT‐SAN,26h09m,2,"SIN, SFO",2342,20220406-1848,fast
6:29 am – 12:10 am +2,"United Airlines, Asiana Airlines",SAN‐HKT,27h41m,3,"LAX, SFO, ...",1:30 am – 2:35 pm,"Asiana Airlines, United Airlines",HKT‐SAN,27h05m,2,"ICN, SFO",2791,20220406-1848,fast
6:15 am – 12:10 am +2,"United Airlines, Asiana Airlines",SAN‐HKT,27h55m,2,"SFO, ICN",1:30 am – 2:35 pm,"Asiana Airlines, United Airlines",HKT‐SAN,27h05m,2,"ICN, SFO",2550,20220406-1848,fast
