Out Time,Out Airline,Out Cities,Out Duration,Out Stops,Out Stop Cities,Return Time,Return Airline,Return Cities,Return Duration,Return Stops,Return Stop Cities,Price,timestamp,sort
6:25 am – 9:35 am +2,Singapore Airlines,SAN‐HKT,37h10m,2,"SFO, SIN",8:10 pm – 11:49 pm +1,Singapore Airlines,HKT‐SAN,41h39m,2,"SIN, SFO",1351,20220406-1916,cheap
6:25 am – 10:50 am +2,Singapore Airlines,SAN‐HKT,38h25m,2,"SFO, SIN",8:10 pm – 11:49 pm +1,Singapore Airlines,HKT‐SAN,41h39m,2,"SIN, SFO",1351,20220406-1916,cheap
6:25 am – 9:35 am +2,Singapore Airlines,SAN‐HKT,37h10m,2,"SFO, SIN",6:10 pm – 11:49 pm +1,Singapore Airlines,HKT‐SAN,43h39m,2,"SIN, SFO",1351,20220406-1916,cheap
6:25 am – 10:50 am +2,Singapore Airlines,SAN‐HKT,38h25m,2,"SFO, SIN",6:10 pm – 11:49 pm +1,Singapore Airlines,HKT‐SAN,43h39m,2,"SIN, SFO",1351,20220406-1916,cheap
6:25 am – 5:10 pm +2,Singapore Airlines,SAN‐HKT,44h45m,2,"SFO, SIN",8:10 pm – 11:49 pm +1,Singapore Airlines,HKT‐SAN,41h39m,2,"SIN, SFO",1351,20220406-1916,cheap
7:40 pm – 12:10 am +3,"Alaska Airlines, Asiana Airlines",SAN‐HKT,38h30m,2,"SFO, ICN",1:30 am – 11:49 pm,"Asiana Airlines, Alaska Airlines",HKT‐SAN,36h19m,2,"ICN, SFO",1387,20220406-1916,cheap
5:15 pm – 12:10 am +3,"Alaska Airlines, Asiana Airlines",SAN‐HKT,40h55m,2,"SFO, ICN",1:30 am – 11:49 pm,"Asiana Airlines, Alaska Airlines",HKT‐SAN,36h19m,2,"ICN, SFO",1387,20220406-1916,cheap
3:10 pm – 12:10 am +3,"Alaska Airlines, Asiana Airlines",SAN‐HKT,43h00m,2,"SFO, ICN",1:30 am – 11:49 pm,"Asiana Airlines, Alaska Airlines",HKT‐SAN,36h19m,2,"ICN, SFO",1387,20220406-1916,cheap
10:20 am – 12:10 am +3,"Alaska Airlines, Asiana Airlines",SAN‐HKT,47h50m,2,"SFO, ICN",1:30 am – 11:49 pm,"Asiana Airlines, Alaska Airlines",HKT‐SAN,36h19m,2,"ICN, SFO",1387,20220406-1916,cheap
7:40 pm – 12:10 am +3,"Alaska Airlines, Asiana Airlines",SAN‐HKT,38h30m,2,"SFO, ICN",1:30 am – 7:34 am +1,"Asiana Airlines, Alaska Airlines",HKT‐SAN,44h04m,2,"ICN, SFO",1394,20220406-1916,cheap
5:15 pm – 12:10 am +3,"Alaska Airlines, Asiana Airlines",SAN‐HKT,40h55m,2,"SFO, ICN",1:30 am – 7:34 am +1,"Asiana Airlines, Alaska Airlines",HKT‐SAN,44h04m,2,"ICN, SFO",1394,20220406-1916,cheap
7:40 pm – 12:10 am +3,"Alaska Airlines, Asiana Airlines",SAN‐HKT,38h30m,2,"SFO, ICN",1:30 am – 9:39 am +1,"Asiana Airlines, Alaska Airlines",HKT‐SAN,46h09m,2,"ICN, SFO",1399,20220406-1916,cheap
7:40 pm – 12:10 am +3,"Alaska Airlines, Asiana Airlines",SAN‐HKT,38h30m,2,"SFO, ICN",1:30 am – 11:28 pm,Asiana Airlines,HKT‐SAN,35h58m,2,"ICN, LAX",1462,20220406-1916,cheap
5:15 pm – 12:10 am +3,"Alaska Airlines, Asiana Airlines",SAN‐HKT,40h55m,2,"SFO, ICN",1:30 am – 11:28 pm,Asiana Airlines,HKT‐SAN,35h58m,2,"ICN, LAX",1463,20220406-1916,cheap
3:10 pm – 12:10 am +3,"Alaska Airlines, Asiana Airlines",SAN‐HKT,43h00m,2,"SFO, ICN",1:30 am – 11:28 pm,Asiana Airlines,HKT‐SAN,35h58m,2,"ICN, LAX",1463,20220406-1916,cheap
9:00 pm – 1:50 pm +2,Multiple Airlines,SAN‐HKT,26h50m,3,"SFO, TPE, ...",1:00 pm – 11:54 pm,Multiple Airlines,HKT‐SAN,24h54m,3,"BKK, TPE, ...",1798,20220406-1914,best
6:25 am – 9:35 am +2,Singapore Airlines,SAN‐HKT,37h10m,2,"SFO, SIN",8:10 pm – 11:49 pm +1,Singapore Airlines,HKT‐SAN,41h39m,2,"SIN, SFO",1351,20220406-1914,best
9:00 pm – 1:50 pm +2,"Alaska Airlines, EVA Air",SAN‐HKT,26h50m,3,"SFO, TPE, ...",1:00 pm – 11:54 pm,Multiple Airlines,HKT‐SAN,24h54m,3,"BKK, TPE, ...",1798,20220406-1914,best
9:00 pm – 1:50 pm +2,"Alaska Airlines, EVA Air",SAN‐HKT,26h50m,3,"SFO, TPE, ...",11:40 am – 11:54 pm,Multiple Airlines,HKT‐SAN,26h14m,3,"BKK, TPE, ...",1798,20220406-1914,best
9:00 pm – 1:50 pm +2,Multiple Airlines,SAN‐HKT,26h50m,3,"SFO, TPE, ...",11:40 am – 11:54 pm,Multiple Airlines,HKT‐SAN,26h14m,3,"BKK, TPE, ...",1798,20220406-1914,best
9:00 pm – 1:50 pm +2,Multiple Airlines,SAN‐HKT,26h50m,3,"SFO, TPE, ...",11:25 am – 11:54 pm,Multiple Airlines,HKT‐SAN,26h29m,3,"BKK, TPE, ...",1798,20220406-1914,best
9:00 pm – 1:50 pm +2,"Alaska Airlines, EVA Air",SAN‐HKT,26h50m,3,"SFO, TPE, ...",11:25 am – 11:54 pm,Multiple Airlines,HKT‐SAN,26h29m,3,"BKK, TPE, ...",1798,20220406-1914,best
8:00 am – 12:10 am +2,"United Airlines, Asiana Airlines",SAN‐HKT,26h10m,2,"SFO, ICN",1:30 am – 2:35 pm,"Asiana Airlines, United Airlines",HKT‐SAN,27h05m,2,"ICN, SFO",1998,20220406-1914,best
6:29 am – 12:10 am +2,Asiana Airlines,SAN‐HKT,27h41m,2,"LAX, ICN",1:30 am – 7:39 pm,Asiana Airlines,HKT‐SAN,32h09m,2,"ICN, LAX",1656,20220406-1914,best
6:29 am – 12:10 am +2,Asiana Airlines,SAN‐HKT,27h41m,2,"LAX, ICN",1:30 am – 7:39 pm,Asiana Airlines,HKT‐SAN,32h09m,2,"ICN, LAX",1656,20220406-1914,best
9:00 pm – 1:50 pm +2,"Alaska Airlines, EVA Air",SAN‐HKT,26h50m,3,"SFO, TPE, ...",8:15 am – 11:49 pm,Multiple Airlines,HKT‐SAN,29h34m,3,"BKK, TPE, ...",1688,20220406-1914,best
9:00 pm – 1:50 pm +2,"Alaska Airlines, EVA Air",SAN‐HKT,26h50m,3,"SFO, TPE, ...",8:15 am – 11:49 pm,Multiple Airlines,HKT‐SAN,29h34m,3,"BKK, TPE, ...",1688,20220406-1914,best
9:00 pm – 1:50 pm +2,Multiple Airlines,SAN‐HKT,26h50m,3,"SFO, TPE, ...",10:20 am – 11:54 pm,"EVA Air, United Airlines",HKT‐SAN,27h34m,3,"BKK, TPE, ...",1798,20220406-1914,best
9:00 pm – 1:50 pm +2,Multiple Airlines,SAN‐HKT,26h50m,3,"SFO, TPE, ...",10:20 am – 11:54 pm,"EVA Air, United Airlines",HKT‐SAN,27h34m,3,"BKK, TPE, ...",1798,20220406-1914,best
9:00 pm – 1:50 pm +2,"Alaska Airlines, EVA Air",SAN‐HKT,26h50m,3,"SFO, TPE, ...",10:15 am – 11:54 pm,Multiple Airlines,HKT‐SAN,27h39m,3,"BKK, TPE, ...",1798,20220406-1914,best
9:00 pm – 1:50 pm +2,"Alaska Airlines, EVA Air",SAN‐HKT,26h50m,3,"SFO, TPE, ...",10:15 am – 11:54 pm,Multiple Airlines,HKT‐SAN,27h39m,3,"BKK, TPE, ...",1798,20220406-1914,best
9:50 am – 12:10 am +2,"Alaska Airlines, Asiana Airlines",SAN‐HKT,24h20m,2,"SEA, ICN",11:40 am – 11:49 pm,Singapore Airlines,HKT‐SAN,26h09m,2,"SIN, SFO",3251,20220406-1919,fast
9:00 pm – 1:50 pm +2,Multiple Airlines,SAN‐HKT,26h50m,3,"SFO, TPE, ...",1:00 pm – 11:54 pm,Multiple Airlines,HKT‐SAN,24h54m,3,"BKK, TPE, ...",1798,20220406-1919,fast
9:00 pm – 1:50 pm +2,Multiple Airlines,SAN‐HKT,26h50m,3,"SFO, TPE, ...",1:00 pm – 11:54 pm,Multiple Airlines,HKT‐SAN,24h54m,3,"BKK, TPE, ...",1798,20220406-1919,fast
9:50 am – 12:10 am +2,"Alaska Airlines, Asiana Airlines",SAN‐HKT,24h20m,2,"SEA, ICN",10:25 am – 11:49 pm,Singapore Airlines,HKT‐SAN,27h24m,2,"SIN, SFO",3251,20220406-1919,fast
8:00 am – 12:10 am +2,"Air Canada, Asiana Airlines",SAN‐HKT,26h10m,2,"YVR, ICN",11:40 am – 11:49 pm,Singapore Airlines,HKT‐SAN,26h09m,2,"SIN, SFO",5056,20220406-1919,fast
5:15 pm – 9:35 am +2,Singapore Airlines,SAN‐HKT,26h20m,2,"SFO, SIN",11:40 am – 11:49 pm,Singapore Airlines,HKT‐SAN,26h09m,2,"SIN, SFO",3094,20220406-1919,fast
7:35 am – 12:10 am +2,"Alaska Airlines, Asiana Airlines",SAN‐HKT,26h35m,2,"SEA, ICN",11:40 am – 11:49 pm,Singapore Airlines,HKT‐SAN,26h09m,2,"SIN, SFO",3155,20220406-1919,fast
9:00 pm – 1:50 pm +2,Multiple Airlines,SAN‐HKT,26h50m,3,"SFO, TPE, ...",11:40 am – 11:54 pm,Multiple Airlines,HKT‐SAN,26h14m,3,"BKK, TPE, ...",1798,20220406-1919,fast
9:00 pm – 1:50 pm +2,"Alaska Airlines, EVA Air",SAN‐HKT,26h50m,3,"SFO, TPE, ...",11:40 am – 11:54 pm,Multiple Airlines,HKT‐SAN,26h14m,3,"BKK, TPE, ...",1798,20220406-1919,fast
8:00 am – 12:10 am +2,"United Airlines, Asiana Airlines",SAN‐HKT,26h10m,2,"SFO, ICN",1:30 am – 2:35 pm,"Asiana Airlines, United Airlines",HKT‐SAN,27h05m,2,"ICN, SFO",1998,20220406-1919,fast
9:00 pm – 1:50 pm +2,Multiple Airlines,SAN‐HKT,26h50m,3,"SFO, TPE, ...",11:25 am – 11:54 pm,Multiple Airlines,HKT‐SAN,26h29m,3,"BKK, TPE, ...",1798,20220406-1919,fast
9:00 pm – 1:50 pm +2,"Alaska Airlines, EVA Air",SAN‐HKT,26h50m,3,"SFO, TPE, ...",11:25 am – 11:54 pm,Multiple Airlines,HKT‐SAN,26h29m,3,"BKK, TPE, ...",1798,20220406-1919,fast
8:00 am – 12:10 am +2,"Air Canada, Asiana Airlines",SAN‐HKT,26h10m,2,"YVR, ICN",10:25 am – 11:49 pm,Singapore Airlines,HKT‐SAN,27h24m,2,"SIN, SFO",5056,20220406-1919,fast
8:12 pm – 9:35 am +2,"United Airlines, Singapore Airlines",SAN‐HKT,23h23m,2,"SFO, SIN",8:10 pm – 12:23 pm +1,"Singapore Airlines, United Airlines",HKT‐SAN,30h13m,2,"SIN, SFO",8350,20220406-1919,fast
5:15 pm – 10:50 am +2,Singapore Airlines,SAN‐HKT,27h35m,2,"SFO, SIN",11:40 am – 11:49 pm,Singapore Airlines,HKT‐SAN,26h09m,2,"SIN, SFO",3094,20220406-1919,fast
