Out Time,Out Airline,Out Cities,Out Duration,Out Stops,Out Stop Cities,Return Time,Return Airline,Return Cities,Return Duration,Return Stops,Return Stop Cities,Price,timestamp,sort
8:45 pm – 6:55 am +3,"Alaska Airlines, Qatar Airways",SAN‐HKT,44h10m,2,"SEA, DOH",11:55 pm – 11:58 am +2,"Qatar Airways, Alaska Airlines",HKT‐SAN,50h03m,2,"DOH, JFK",1537,20220406-1414,cheap
8:45 pm – 6:55 am +3,"Alaska Airlines, Qatar Airways",SAN‐HKT,44h10m,2,"SEA, DOH",11:55 pm – 9:49 pm +1,"Qatar Airways, Alaska Airlines",HKT‐SAN,35h54m,2,"DOH, JFK",1688,20220406-1414,cheap
3:45 pm – 6:55 am +3,"Alaska Airlines, Qatar Airways",SAN‐HKT,49h10m,2,"SEA, DOH",11:55 pm – 9:49 pm +1,"Qatar Airways, Alaska Airlines",HKT‐SAN,35h54m,2,"DOH, JFK",1688,20220406-1414,cheap
8:45 pm – 1:15 pm +3,"Alaska Airlines, Qatar Airways",SAN‐HKT,50h30m,2,"SEA, DOH",11:55 pm – 9:49 pm +1,"Qatar Airways, Alaska Airlines",HKT‐SAN,35h54m,2,"DOH, JFK",1688,20220406-1414,cheap
1:00 pm – 1:15 pm +2,Qatar Airways,SAN‐HKT,34h15m,2,"SEA, DOH",11:55 pm – 11:58 am +2,"Qatar Airways, Alaska Airlines",HKT‐SAN,50h03m,2,"DOH, JFK",1800,20220406-1414,cheap
11:00 pm – 6:55 am +3,Qatar Airways,SAN‐HKT,41h55m,2,"JFK, DOH",9:05 pm – 9:49 pm +1,"Qatar Airways, Alaska Airlines",HKT‐SAN,38h44m,2,"DOH, JFK",1816,20220406-1414,cheap
11:00 pm – 6:55 am +3,Qatar Airways,SAN‐HKT,41h55m,2,"JFK, DOH",9:05 pm – 9:49 pm +1,"Qatar Airways, Alaska Airlines",HKT‐SAN,38h44m,2,"DOH, JFK",1816,20220406-1414,cheap
5:25 pm – 1:05 pm +2,"Lufthansa, Thai Airways",SAN‐HKT,29h40m,2,"MUC, FRA",11:55 am – 3:50 pm +1,Multiple Airlines,HKT‐SAN,41h55m,3,"SGN, ICN, ...",1845,20220406-1414,cheap
11:00 pm – 6:55 am +3,Qatar Airways,SAN‐HKT,41h55m,2,"JFK, DOH",11:55 pm – 9:49 pm +1,Qatar Airways,HKT‐SAN,35h54m,2,"DOH, JFK",1848,20220406-1414,cheap
11:00 pm – 1:15 pm +3,Qatar Airways,SAN‐HKT,48h15m,2,"JFK, DOH",11:55 pm – 9:49 pm +1,Qatar Airways,HKT‐SAN,35h54m,2,"DOH, JFK",1857,20220406-1414,cheap
11:00 pm – 1:15 pm +3,Qatar Airways,SAN‐HKT,48h15m,2,"JFK, DOH",9:05 pm – 9:49 pm +1,Qatar Airways,HKT‐SAN,38h44m,2,"DOH, JFK",1857,20220406-1414,cheap
11:00 pm – 1:15 pm +3,Qatar Airways,SAN‐HKT,48h15m,2,"JFK, DOH",9:05 pm – 9:49 pm +1,Qatar Airways,HKT‐SAN,38h44m,2,"DOH, JFK",1857,20220406-1414,cheap
4:55 pm – 6:55 am +3,"Alaska Airlines, Qatar Airways",SAN‐HKT,48h00m,2,"SEA, DOH",11:55 pm – 9:49 pm +1,"Qatar Airways, Alaska Airlines",HKT‐SAN,35h54m,2,"DOH, JFK",1862,20220406-1414,cheap
5:25 pm – 7:05 pm +2,"Lufthansa, Bangkok Airways",SAN‐HKT,35h40m,2,"MUC, BKK",2:40 pm – 3:35 pm +1,"Bangkok Airways, Lufthansa",HKT‐SAN,38h55m,2,"BKK, MUC",1875,20220406-1414,cheap
5:25 pm – 7:05 pm +2,"Lufthansa, Bangkok Airways",SAN‐HKT,35h40m,2,"MUC, BKK",10:20 am – 3:35 pm +1,"Bangkok Airways, Lufthansa",HKT‐SAN,43h15m,2,"BKK, MUC",1875,20220406-1414,cheap
1:00 pm – 1:15 pm +2,"Alaska Airlines, Qatar Airways",SAN‐HKT,34h15m,2,"SEA, DOH",11:55 pm – 5:06 pm +1,"Qatar Airways, Alaska Airlines",HKT‐SAN,31h11m,2,"DOH, SEA",2054,20220406-1411,best
8:45 pm – 6:55 am +3,"Alaska Airlines, Qatar Airways",SAN‐HKT,44h10m,2,"SEA, DOH",11:55 pm – 11:58 am +2,"Qatar Airways, Alaska Airlines",HKT‐SAN,50h03m,2,"DOH, JFK",1537,20220406-1411,best
1:00 pm – 1:15 pm +2,"Alaska Airlines, Qatar Airways",SAN‐HKT,34h15m,2,"SEA, DOH",11:55 pm – 5:42 pm +1,"Qatar Airways, Alaska Airlines",HKT‐SAN,31h47m,2,"DOH, SFO",2024,20220406-1411,best
5:25 pm – 7:05 pm +2,"Lufthansa, Bangkok Airways",SAN‐HKT,35h40m,2,"MUC, BKK",7:40 pm – 3:35 pm +1,"THAI Smile, Lufthansa",HKT‐SAN,33h55m,2,"BKK, MUC",2005,20220406-1411,best
1:00 pm – 1:15 pm +2,"Alaska Airlines, Qatar Airways",SAN‐HKT,34h15m,2,"SEA, DOH",11:55 pm – 6:57 pm +1,"Qatar Airways, Alaska Airlines",HKT‐SAN,33h02m,2,"DOH, SFO",2024,20220406-1411,best
1:00 pm – 1:15 pm +2,"Alaska Airlines, Qatar Airways",SAN‐HKT,34h15m,2,"SEA, DOH",11:55 pm – 6:59 pm +1,"Qatar Airways, Alaska Airlines",HKT‐SAN,33h04m,2,"DOH, SEA",2054,20220406-1411,best
1:00 pm – 1:15 pm +2,Qatar Airways,SAN‐HKT,34h15m,2,"SEA, DOH",11:55 pm – 9:49 pm +1,"Qatar Airways, Alaska Airlines",HKT‐SAN,35h54m,2,"DOH, JFK",1937,20220406-1411,best
6:05 pm – 9:35 am +2,Singapore Airlines,SAN‐HKT,25h30m,2,"SFO, SIN",11:40 am – 11:58 pm,Singapore Airlines,HKT‐SAN,26h18m,2,"SIN, SFO",3108,20220406-1411,best
1:00 pm – 1:15 pm +2,"Alaska Airlines, Qatar Airways",SAN‐HKT,34h15m,2,"SEA, DOH",9:05 pm – 5:42 pm +1,"Qatar Airways, Alaska Airlines",HKT‐SAN,34h37m,2,"DOH, SFO",2062,20220406-1411,best
5:25 pm – 7:05 pm +2,"Lufthansa, Bangkok Airways",SAN‐HKT,35h40m,2,"MUC, BKK",5:05 pm – 3:35 pm +1,"THAI Smile, Lufthansa",HKT‐SAN,36h30m,2,"BKK, MUC",2005,20220406-1411,best
5:25 pm – 7:05 pm +2,"Lufthansa, Bangkok Airways",SAN‐HKT,35h40m,2,"MUC, BKK",2:40 pm – 3:35 pm +1,"Bangkok Airways, Lufthansa",HKT‐SAN,38h55m,2,"BKK, MUC",1875,20220406-1411,best
1:00 pm – 1:15 pm +2,"Alaska Airlines, Qatar Airways",SAN‐HKT,34h15m,2,"SEA, DOH",12:10 am – 6:57 pm,"Emirates, Alaska Airlines",HKT‐SAN,32h47m,2,"DXB, SFO",2193,20220406-1411,best
6:05 pm – 10:50 am +2,Singapore Airlines,SAN‐HKT,26h45m,2,"SFO, SIN",11:40 am – 11:58 pm,Singapore Airlines,HKT‐SAN,26h18m,2,"SIN, SFO",3152,20220406-1411,best
6:05 pm – 9:35 am +2,Singapore Airlines,SAN‐HKT,25h30m,2,"SFO, SIN",10:25 am – 11:58 pm,Singapore Airlines,HKT‐SAN,27h33m,2,"SIN, SFO",3152,20220406-1411,best
12:40 pm – 1:15 pm +2,"American Airlines, Qatar Airways",SAN‐HKT,34h35m,3,"PHX, JFK, ...",11:55 pm – 7:35 pm +1,"Qatar Airways, American Airlines",HKT‐SAN,33h40m,2,"DOH, ORD",2115,20220406-1411,best
10:55 am – 1:15 pm +2,Qatar Airways,SAN‐HKT,36h20m,2,"SFO, DOH",11:55 pm – 5:42 pm +1,Qatar Airways,HKT‐SAN,31h47m,2,"DOH, SFO",2225,20220406-1411,best
6:05 pm – 9:35 am +2,Singapore Airlines,SAN‐HKT,25h30m,2,"SFO, SIN",11:40 am – 11:58 pm,Singapore Airlines,HKT‐SAN,26h18m,2,"SIN, SFO",3108,20220406-1416,fast
6:05 pm – 10:50 am +2,Singapore Airlines,SAN‐HKT,26h45m,2,"SFO, SIN",11:40 am – 11:58 pm,Singapore Airlines,HKT‐SAN,26h18m,2,"SIN, SFO",3152,20220406-1416,fast
6:05 pm – 9:35 am +2,Singapore Airlines,SAN‐HKT,25h30m,2,"SFO, SIN",10:25 am – 11:58 pm,Singapore Airlines,HKT‐SAN,27h33m,2,"SIN, SFO",3152,20220406-1416,fast
6:05 pm – 10:50 am +2,Singapore Airlines,SAN‐HKT,26h45m,2,"SFO, SIN",10:25 am – 11:58 pm,Singapore Airlines,HKT‐SAN,27h33m,2,"SIN, SFO",3152,20220406-1416,fast
6:05 pm – 9:35 am +2,Singapore Airlines,SAN‐HKT,25h30m,2,"SFO, SIN",6:10 pm – 1:23 pm +1,"Singapore Airlines, Alaska Airlines",HKT‐SAN,33h13m,2,"SIN, SFO",3280,20220406-1416,fast
7:45 pm – 10:55 am +2,Multiple Airlines,SAN‐HKT,25h10m,2,"SFO, SGN",11:55 am – 7:32 am +1,Multiple Airlines,HKT‐SAN,33h37m,2,"SGN, SFO",1919,20220406-1416,fast
1:00 pm – 1:15 pm +2,"Alaska Airlines, Qatar Airways",SAN‐HKT,34h15m,2,"SEA, DOH",11:40 am – 11:58 pm,Singapore Airlines,HKT‐SAN,26h18m,2,"SIN, SFO",2321,20220406-1416,fast
1:00 pm – 1:15 pm +2,Qatar Airways,SAN‐HKT,34h15m,2,"SEA, DOH",10:25 am – 11:58 pm,Singapore Airlines,HKT‐SAN,27h33m,2,"SIN, SFO",2332,20220406-1416,fast
7:00 pm – 1:15 pm +2,"British Airways, Qatar Airways",SAN‐HKT,28h15m,2,"LHR, DOH",11:55 pm – 7:35 pm +1,Qatar Airways,HKT‐SAN,33h40m,2,"DOH, ORD",3275,20220406-1416,fast
7:00 pm – 1:15 pm +2,"British Airways, Qatar Airways",SAN‐HKT,28h15m,2,"LHR, DOH",11:55 pm – 7:35 pm +1,Qatar Airways,HKT‐SAN,33h40m,2,"DOH, ORD",3689,20220406-1416,fast
5:25 pm – 7:05 pm +2,"Lufthansa, Bangkok Airways",SAN‐HKT,35h40m,2,"MUC, BKK",11:40 am – 11:58 pm,Singapore Airlines,HKT‐SAN,26h18m,2,"SIN, SFO",4228,20220406-1416,fast
2:35 pm – 9:35 am +2,"Alaska Airlines, Singapore Airlines",SAN‐HKT,29h00m,2,"SFO, SIN",6:10 pm – 1:23 pm +1,"Singapore Airlines, Alaska Airlines",HKT‐SAN,33h13m,2,"SIN, SFO",3280,20220406-1416,fast
10:55 am – 1:15 pm +2,"Alaska Airlines, Qatar Airways",SAN‐HKT,36h20m,2,"SFO, DOH",11:40 am – 11:58 pm,Singapore Airlines,HKT‐SAN,26h18m,2,"SIN, SFO",2526,20220406-1416,fast
10:55 am – 1:15 pm +2,"Alaska Airlines, Qatar Airways",SAN‐HKT,36h20m,2,"SFO, DOH",10:25 am – 11:58 pm,Singapore Airlines,HKT‐SAN,27h33m,2,"SIN, SFO",2526,20220406-1416,fast
2:38 pm – 1:15 pm +2,"American Airlines, Qatar Airways",SAN‐HKT,32h37m,3,"DFW, ORD, ...",9:05 pm – 2:27 pm +1,"Qatar Airways, American Airlines",HKT‐SAN,31h22m,2,"DOH, DFW",5351,20220406-1416,fast
