Out Time,Out Airline,Out Cities,Out Duration,Out Stops,Out Stop Cities,Return Time,Return Airline,Return Cities,Return Duration,Return Stops,Return Stop Cities,Price,timestamp,sort
11:50 am – 7:20 am +2,"Alaska Airlines, Qatar Airways",SAN‐HKT,29h30m,2,"SEA, DOH",11:55 pm – 9:58 pm +2,"Qatar Airways, Alaska Airlines",HKT‐SAN,60h03m,2,"DOH, JFK",1292,20220406-0932,cheap
1:45 pm – 7:05 am +3,Multiple Airlines,SAN‐HKT,51h20m,3,"LAS, BWI-IAD, ...",7:10 pm – 3:50 pm +1,Multiple Airlines,HKT‐SAN,34h40m,3,"BKK, MNL, ...",1359,20220406-0932,cheap
11:50 am – 7:20 am +2,"Alaska Airlines, Qatar Airways",SAN‐HKT,29h30m,2,"SEA, DOH",11:55 pm – 5:58 pm +1,"Qatar Airways, Alaska Airlines",HKT‐SAN,32h03m,2,"DOH, SFO",1385,20220406-0932,cheap
7:50 am – 7:20 am +2,"Alaska Airlines, Qatar Airways",SAN‐HKT,33h30m,2,"SEA, DOH",11:55 pm – 5:58 pm +1,"Qatar Airways, Alaska Airlines",HKT‐SAN,32h03m,2,"DOH, SFO",1385,20220406-0932,cheap
6:15 am – 7:20 am +2,"Alaska Airlines, Qatar Airways",SAN‐HKT,35h05m,2,"SEA, DOH",11:55 pm – 5:58 pm +1,"Qatar Airways, Alaska Airlines",HKT‐SAN,32h03m,2,"DOH, SFO",1385,20220406-0932,cheap
7:50 am – 7:20 am +2,"Alaska Airlines, Qatar Airways",SAN‐HKT,33h30m,2,"SEA, DOH",11:55 pm – 9:20 pm +1,"Qatar Airways, Alaska Airlines",HKT‐SAN,35h25m,2,"DOH, SFO",1385,20220406-0932,cheap
6:15 am – 7:20 am +2,"Alaska Airlines, Qatar Airways",SAN‐HKT,35h05m,2,"SEA, DOH",11:55 pm – 9:20 pm +1,"Qatar Airways, Alaska Airlines",HKT‐SAN,35h25m,2,"DOH, SFO",1385,20220406-0932,cheap
7:50 am – 7:20 am +2,"Alaska Airlines, Qatar Airways",SAN‐HKT,33h30m,2,"SEA, DOH",11:55 pm – 11:05 pm +1,"Qatar Airways, Alaska Airlines",HKT‐SAN,37h10m,2,"DOH, SFO",1385,20220406-0932,cheap
6:15 am – 7:20 am +2,"Alaska Airlines, Qatar Airways",SAN‐HKT,35h05m,2,"SEA, DOH",11:55 pm – 11:05 pm +1,"Qatar Airways, Alaska Airlines",HKT‐SAN,37h10m,2,"DOH, SFO",1385,20220406-0932,cheap
11:50 am – 7:20 am +2,"Alaska Airlines, Qatar Airways",SAN‐HKT,29h30m,2,"SEA, DOH",9:05 pm – 5:58 pm +1,Qatar Airways,HKT‐SAN,34h53m,2,"DOH, SFO",1396,20220406-0932,cheap
7:50 am – 7:20 am +2,"Alaska Airlines, Qatar Airways",SAN‐HKT,33h30m,2,"SEA, DOH",9:05 pm – 5:58 pm +1,Qatar Airways,HKT‐SAN,34h53m,2,"DOH, SFO",1396,20220406-0932,cheap
6:15 am – 7:20 am +2,"Alaska Airlines, Qatar Airways",SAN‐HKT,35h05m,2,"SEA, DOH",9:05 pm – 5:58 pm +1,Qatar Airways,HKT‐SAN,34h53m,2,"DOH, SFO",1396,20220406-0932,cheap
11:50 am – 7:20 am +2,"Alaska Airlines, Qatar Airways",SAN‐HKT,29h30m,2,"SEA, DOH",11:55 pm – 9:58 pm +1,Qatar Airways,HKT‐SAN,36h03m,2,"DOH, JFK",1410,20220406-0932,cheap
11:50 am – 7:20 am +2,"Alaska Airlines, Qatar Airways",SAN‐HKT,29h30m,2,"SEA, DOH",11:55 pm – 5:04 pm +1,"Qatar Airways, Alaska Airlines",HKT‐SAN,31h09m,2,"DOH, SEA",1426,20220406-0932,cheap
11:50 am – 7:20 am +2,"Alaska Airlines, Qatar Airways",SAN‐HKT,29h30m,2,"SEA, DOH",11:55 pm – 6:45 pm +1,"Qatar Airways, Alaska Airlines",HKT‐SAN,32h50m,2,"DOH, SEA",1426,20220406-0932,cheap
11:50 am – 7:20 am +2,"Alaska Airlines, Qatar Airways",SAN‐HKT,29h30m,2,"SEA, DOH",11:55 pm – 5:04 pm +1,"Qatar Airways, Alaska Airlines",HKT‐SAN,31h09m,2,"DOH, SEA",1426,20220406-0929,best
11:50 am – 7:20 am +2,"Alaska Airlines, Qatar Airways",SAN‐HKT,29h30m,2,"SEA, DOH",11:55 pm – 9:58 pm +2,"Qatar Airways, Alaska Airlines",HKT‐SAN,60h03m,2,"DOH, JFK",1292,20220406-0929,best
11:50 am – 7:20 am +2,"Alaska Airlines, Qatar Airways",SAN‐HKT,29h30m,2,"SEA, DOH",11:55 pm – 5:58 pm +1,"Qatar Airways, Alaska Airlines",HKT‐SAN,32h03m,2,"DOH, SFO",1385,20220406-0929,best
11:50 am – 7:20 am +2,"Alaska Airlines, Qatar Airways",SAN‐HKT,29h30m,2,"SEA, DOH",11:55 pm – 6:45 pm +1,"Qatar Airways, Alaska Airlines",HKT‐SAN,32h50m,2,"DOH, SEA",1426,20220406-0929,best
11:50 am – 7:20 am +2,"Alaska Airlines, Qatar Airways",SAN‐HKT,29h30m,2,"SEA, DOH",9:05 pm – 5:58 pm +1,Qatar Airways,HKT‐SAN,34h53m,2,"DOH, SFO",1396,20220406-0929,best
7:50 am – 7:20 am +2,"Alaska Airlines, Qatar Airways",SAN‐HKT,33h30m,2,"SEA, DOH",11:55 pm – 5:58 pm +1,"Qatar Airways, Alaska Airlines",HKT‐SAN,32h03m,2,"DOH, SFO",1385,20220406-0929,best
11:50 am – 7:20 am +2,"Alaska Airlines, Qatar Airways",SAN‐HKT,29h30m,2,"SEA, DOH",11:55 pm – 9:58 pm +1,Qatar Airways,HKT‐SAN,36h03m,2,"DOH, JFK",1410,20220406-0929,best
12:35 pm – 7:20 am +2,Qatar Airways,SAN‐HKT,28h45m,2,"SFO, DOH",11:55 pm – 5:58 pm +1,Qatar Airways,HKT‐SAN,32h03m,2,"DOH, SFO",1651,20220406-0929,best
12:35 pm – 7:20 am +2,Qatar Airways,SAN‐HKT,28h45m,2,"SFO, DOH",11:55 pm – 5:04 pm +1,Qatar Airways,HKT‐SAN,31h09m,2,"DOH, SEA",1708,20220406-0929,best
6:15 am – 7:20 am +2,"Alaska Airlines, Qatar Airways",SAN‐HKT,35h05m,2,"SEA, DOH",11:55 pm – 5:58 pm +1,"Qatar Airways, Alaska Airlines",HKT‐SAN,32h03m,2,"DOH, SFO",1385,20220406-0929,best
7:50 am – 7:20 am +2,"Alaska Airlines, Qatar Airways",SAN‐HKT,33h30m,2,"SEA, DOH",9:05 pm – 5:58 pm +1,Qatar Airways,HKT‐SAN,34h53m,2,"DOH, SFO",1396,20220406-0929,best
7:50 am – 7:20 am +2,"Alaska Airlines, Qatar Airways",SAN‐HKT,33h30m,2,"SEA, DOH",11:55 pm – 9:20 pm +1,"Qatar Airways, Alaska Airlines",HKT‐SAN,35h25m,2,"DOH, SFO",1385,20220406-0929,best
10:46 am – 7:20 am +2,"American Airlines, Qatar Airways",SAN‐HKT,30h34m,2,"DFW, DOH",11:55 pm – 9:15 pm +1,"Qatar Airways, American Airlines",HKT‐SAN,35h20m,3,"DOH, JFK, ...",1462,20220406-0929,best
8:10 am – 7:20 am +2,"Alaska Airlines, Qatar Airways",SAN‐HKT,33h10m,2,"SFO, DOH",9:05 pm – 5:58 pm +1,Qatar Airways,HKT‐SAN,34h53m,2,"DOH, SFO",1428,20220406-0929,best
10:46 am – 7:20 am +2,"American Airlines, Qatar Airways",SAN‐HKT,30h34m,2,"DFW, DOH",11:55 pm – 9:27 pm +1,"Qatar Airways, American Airlines",HKT‐SAN,35h32m,3,"DOH, ORD, ...",1462,20220406-0929,best
10:46 am – 7:20 am +2,"American Airlines, Qatar Airways",SAN‐HKT,30h34m,2,"DFW, DOH",11:55 pm – 9:27 pm +1,"Qatar Airways, American Airlines",HKT‐SAN,35h32m,3,"DOH, BOS, ...",1462,20220406-0929,best
5:40 pm – 9:35 am +2,Singapore Airlines,SAN‐HKT,25h55m,2,"SFO, SIN",11:40 am – 7:30 am +1,Singapore Airlines,HKT‐SAN,33h50m,2,"SIN, SFO",4126,20220406-0934,fast
12:35 pm – 7:20 am +2,Qatar Airways,SAN‐HKT,28h45m,2,"SFO, DOH",11:55 pm – 5:04 pm +1,Qatar Airways,HKT‐SAN,31h09m,2,"DOH, SEA",1708,20220406-0934,fast
11:50 am – 7:20 am +2,"Alaska Airlines, Qatar Airways",SAN‐HKT,29h30m,2,"SEA, DOH",11:55 pm – 5:04 pm +1,"Qatar Airways, Alaska Airlines",HKT‐SAN,31h09m,2,"DOH, SEA",1426,20220406-0934,fast
12:35 pm – 7:20 am +2,Qatar Airways,SAN‐HKT,28h45m,2,"SFO, DOH",11:55 pm – 5:58 pm +1,Qatar Airways,HKT‐SAN,32h03m,2,"DOH, SFO",1651,20220406-0934,fast
5:40 pm – 9:35 am +2,Singapore Airlines,SAN‐HKT,25h55m,2,"SFO, SIN",10:25 am – 7:30 am +1,Singapore Airlines,HKT‐SAN,35h05m,2,"SIN, SFO",4126,20220406-0934,fast
5:40 pm – 10:50 am +2,Singapore Airlines,SAN‐HKT,27h10m,2,"SFO, SIN",11:40 am – 7:30 am +1,Singapore Airlines,HKT‐SAN,33h50m,2,"SIN, SFO",4126,20220406-0934,fast
7:00 pm – 1:15 pm +2,"British Airways, Qatar Airways",SAN‐HKT,28h15m,2,"LHR, DOH",11:55 pm – 6:45 pm +1,Qatar Airways,HKT‐SAN,32h50m,2,"DOH, SEA",2763,20220406-0934,fast
7:00 pm – 1:15 pm +2,"British Airways, Qatar Airways",SAN‐HKT,28h15m,2,"LHR, DOH",11:55 pm – 6:45 pm +1,Qatar Airways,HKT‐SAN,32h50m,2,"DOH, SEA",3063,20220406-0934,fast
10:46 am – 7:20 am +2,"American Airlines, Qatar Airways",SAN‐HKT,30h34m,2,"DFW, DOH",9:05 pm – 1:45 pm +1,"Qatar Airways, American Airlines",HKT‐SAN,30h40m,2,"DOH, DFW",4853,20220406-0934,fast
11:50 am – 7:20 am +2,"Alaska Airlines, Qatar Airways",SAN‐HKT,29h30m,2,"SEA, DOH",11:55 pm – 5:58 pm +1,"Qatar Airways, Alaska Airlines",HKT‐SAN,32h03m,2,"DOH, SFO",1385,20220406-0934,fast
12:35 pm – 7:20 am +2,"Alaska Airlines, Qatar Airways",SAN‐HKT,28h45m,2,"SFO, DOH",11:55 pm – 6:45 pm +1,"Qatar Airways, Alaska Airlines",HKT‐SAN,32h50m,2,"DOH, SEA",1762,20220406-0934,fast
10:46 am – 7:20 am +2,Qatar Airways,SAN‐HKT,30h34m,2,"DFW, DOH",11:55 pm – 5:04 pm +1,Qatar Airways,HKT‐SAN,31h09m,2,"DOH, SEA",2099,20220406-0934,fast
10:45 am – 7:20 am +2,"Alaska Airlines, Qatar Airways",SAN‐HKT,30h35m,2,"SFO, DOH",11:55 pm – 5:04 pm +1,"Qatar Airways, Alaska Airlines",HKT‐SAN,31h09m,2,"DOH, SEA",1762,20220406-0934,fast
12:35 pm – 7:20 am +2,"Alaska Airlines, Qatar Airways",SAN‐HKT,28h45m,2,"SFO, DOH",1:20 pm – 8:34 am +1,Multiple Airlines,HKT‐SAN,33h14m,3,"BKK, SGN, ...",2019,20220406-0934,fast
5:40 pm – 10:50 am +2,Singapore Airlines,SAN‐HKT,27h10m,2,"SFO, SIN",10:25 am – 7:30 am +1,Singapore Airlines,HKT‐SAN,35h05m,2,"SIN, SFO",4126,20220406-0934,fast
