Out Time,Out Airline,Out Cities,Out Duration,Out Stops,Out Stop Cities,Return Time,Return Airline,Return Cities,Return Duration,Return Stops,Return Stop Cities,Price,timestamp,sort
9:50 pm – 7:20 am +3,"Alaska Airlines, Qatar Airways",SAN‐HKT,43h30m,2,"SFO, DOH",11:55 pm – 7:30 am +2,"Qatar Airways, Alaska Airlines",HKT‐SAN,45h35m,2,"DOH, SFO",1378,20220406-0853,cheap
11:00 pm – 6:55 am +3,Multiple Airlines,SAN‐HKT,41h55m,3,"JFK, DEL, ...",5:20 pm – 3:50 pm +1,Multiple Airlines,HKT‐SAN,36h30m,3,"BKK, MNL, ...",1400,20220406-0853,cheap
9:50 pm – 7:20 am +3,"Alaska Airlines, Qatar Airways",SAN‐HKT,43h30m,2,"SFO, DOH",11:55 pm – 5:58 pm +1,Qatar Airways,HKT‐SAN,32h03m,2,"DOH, SFO",1419,20220406-0853,cheap
9:50 pm – 1:15 pm +3,"Alaska Airlines, Qatar Airways",SAN‐HKT,49h25m,2,"SFO, DOH",11:55 pm – 5:58 pm +1,Qatar Airways,HKT‐SAN,32h03m,2,"DOH, SFO",1419,20220406-0853,cheap
8:10 am – 7:20 am +2,"Alaska Airlines, Qatar Airways",SAN‐HKT,33h10m,2,"SFO, DOH",11:55 pm – 5:58 pm +1,Qatar Airways,HKT‐SAN,32h03m,2,"DOH, SFO",1488,20220406-0853,cheap
6:15 am – 7:20 am +2,"Alaska Airlines, Qatar Airways",SAN‐HKT,35h05m,2,"SFO, DOH",11:55 pm – 5:58 pm +1,Qatar Airways,HKT‐SAN,32h03m,2,"DOH, SFO",1488,20220406-0853,cheap
7:35 am – 7:20 am +2,"Alaska Airlines, Qatar Airways",SAN‐HKT,33h45m,2,"JFK, DOH",11:55 pm – 5:58 pm +1,Qatar Airways,HKT‐SAN,32h03m,2,"DOH, SFO",1489,20220406-0853,cheap
10:46 am – 7:20 am +2,"American Airlines, Qatar Airways",SAN‐HKT,30h34m,2,"DFW, DOH",11:55 pm – 7:56 pm +1,"Qatar Airways, American Airlines",HKT‐SAN,34h01m,2,"DOH, ORD",1498,20220406-0853,cheap
9:35 am – 7:20 am +2,"American Airlines, Qatar Airways",SAN‐HKT,31h45m,2,"DFW, DOH",11:55 pm – 7:56 pm +1,"Qatar Airways, American Airlines",HKT‐SAN,34h01m,2,"DOH, ORD",1498,20220406-0853,cheap
8:00 am – 7:20 am +2,"American Airlines, Qatar Airways",SAN‐HKT,33h20m,2,"DFW, DOH",11:55 pm – 7:56 pm +1,"Qatar Airways, American Airlines",HKT‐SAN,34h01m,2,"DOH, ORD",1498,20220406-0853,cheap
7:00 am – 7:20 am +2,"American Airlines, Qatar Airways",SAN‐HKT,34h20m,2,"DFW, DOH",11:55 pm – 7:56 pm +1,"Qatar Airways, American Airlines",HKT‐SAN,34h01m,2,"DOH, ORD",1498,20220406-0853,cheap
12:52 pm – 1:15 pm +2,"American Airlines, Qatar Airways",SAN‐HKT,34h23m,2,"DFW, DOH",11:55 pm – 7:56 pm +1,"Qatar Airways, American Airlines",HKT‐SAN,34h01m,2,"DOH, ORD",1498,20220406-0853,cheap
6:30 am – 7:20 am +2,"American Airlines, Qatar Airways",SAN‐HKT,34h50m,2,"ORD, DOH",11:55 pm – 7:56 pm +1,"Qatar Airways, American Airlines",HKT‐SAN,34h01m,2,"DOH, ORD",1498,20220406-0853,cheap
6:15 am – 7:20 am +2,"American Airlines, Qatar Airways",SAN‐HKT,35h05m,2,"DFW, DOH",11:55 pm – 7:56 pm +1,"Qatar Airways, American Airlines",HKT‐SAN,34h01m,2,"DOH, ORD",1498,20220406-0853,cheap
10:46 am – 1:15 pm +2,"American Airlines, Qatar Airways",SAN‐HKT,36h29m,2,"DFW, DOH",11:55 pm – 7:56 pm +1,"Qatar Airways, American Airlines",HKT‐SAN,34h01m,2,"DOH, ORD",1498,20220406-0853,cheap
12:40 pm – 7:20 am +2,"Alaska Airlines, Qatar Airways",SAN‐HKT,28h40m,2,"SFO, DOH",11:55 pm – 5:04 pm +1,"Qatar Airways, Alaska Airlines",HKT‐SAN,31h09m,2,"DOH, SEA",1715,20220406-0851,best
12:40 pm – 7:20 am +2,"Alaska Airlines, Qatar Airways",SAN‐HKT,28h40m,2,"SFO, DOH",11:55 pm – 5:58 pm +1,Qatar Airways,HKT‐SAN,32h03m,2,"DOH, SFO",1662,20220406-0851,best
12:40 pm – 7:20 am +2,"Alaska Airlines, Qatar Airways",SAN‐HKT,28h40m,2,"SFO, DOH",11:55 pm – 6:45 pm +1,"Qatar Airways, Alaska Airlines",HKT‐SAN,32h50m,2,"DOH, SEA",1715,20220406-0851,best
10:46 am – 7:20 am +2,"American Airlines, Qatar Airways",SAN‐HKT,30h34m,2,"DFW, DOH",9:05 pm – 2:52 pm +1,"Qatar Airways, American Airlines",HKT‐SAN,31h47m,3,"DOH, ORD, ...",1546,20220406-0851,best
10:46 am – 7:20 am +2,"American Airlines, Qatar Airways",SAN‐HKT,30h34m,2,"DFW, DOH",11:55 pm – 7:56 pm +1,"Qatar Airways, American Airlines",HKT‐SAN,34h01m,2,"DOH, ORD",1498,20220406-0851,best
9:25 am – 7:20 am +2,"Alaska Airlines, Qatar Airways",SAN‐HKT,31h55m,2,"EWR-JFK, DOH",11:55 pm – 5:58 pm +1,Qatar Airways,HKT‐SAN,32h03m,2,"DOH, SFO",1550,20220406-0851,best
10:46 am – 7:20 am +2,"American Airlines, Qatar Airways",SAN‐HKT,30h34m,2,"DFW, DOH",9:05 pm – 3:58 pm +1,"Qatar Airways, American Airlines",HKT‐SAN,32h53m,3,"DOH, ORD, ...",1546,20220406-0851,best
9:35 am – 7:20 am +2,"American Airlines, Qatar Airways",SAN‐HKT,31h45m,2,"DFW, DOH",9:05 pm – 2:52 pm +1,"Qatar Airways, American Airlines",HKT‐SAN,31h47m,3,"DOH, ORD, ...",1546,20220406-0851,best
8:10 am – 7:20 am +2,"Alaska Airlines, Qatar Airways",SAN‐HKT,33h10m,2,"SFO, DOH",11:55 pm – 5:58 pm +1,Qatar Airways,HKT‐SAN,32h03m,2,"DOH, SFO",1488,20220406-0851,best
9:35 am – 7:20 am +2,"American Airlines, Qatar Airways",SAN‐HKT,31h45m,2,"DFW, DOH",11:55 pm – 7:56 pm +1,"Qatar Airways, American Airlines",HKT‐SAN,34h01m,2,"DOH, ORD",1498,20220406-0851,best
10:21 am – 7:20 am +2,"American Airlines, Qatar Airways",SAN‐HKT,30h59m,3,"PHX, BOS, ...",9:05 pm – 2:52 pm +1,"Qatar Airways, American Airlines",HKT‐SAN,31h47m,3,"DOH, ORD, ...",1546,20220406-0851,best
10:21 am – 7:20 am +2,"American Airlines, Qatar Airways",SAN‐HKT,30h59m,3,"PHX, DFW, ...",9:05 pm – 2:52 pm +1,"Qatar Airways, American Airlines",HKT‐SAN,31h47m,3,"DOH, ORD, ...",1546,20220406-0851,best
7:35 am – 7:20 am +2,"Alaska Airlines, Qatar Airways",SAN‐HKT,33h45m,2,"JFK, DOH",11:55 pm – 5:58 pm +1,Qatar Airways,HKT‐SAN,32h03m,2,"DOH, SFO",1489,20220406-0851,best
10:21 am – 7:20 am +2,"American Airlines, Qatar Airways",SAN‐HKT,30h59m,3,"PHX, DFW, ...",11:55 pm – 7:56 pm +1,"Qatar Airways, American Airlines",HKT‐SAN,34h01m,2,"DOH, ORD",1502,20220406-0851,best
10:21 am – 7:20 am +2,"American Airlines, Qatar Airways",SAN‐HKT,30h59m,3,"PHX, BOS, ...",11:55 pm – 7:56 pm +1,"Qatar Airways, American Airlines",HKT‐SAN,34h01m,2,"DOH, ORD",1502,20220406-0851,best
6:45 pm – 9:35 am +2,Singapore Airlines,SAN‐HKT,24h50m,2,"SFO, SIN",11:40 am – 11:05 pm,Singapore Airlines,HKT‐SAN,25h25m,2,"SIN, SFO",4226,20220406-0856,fast
6:45 pm – 10:50 am +2,Singapore Airlines,SAN‐HKT,26h05m,2,"SFO, SIN",11:40 am – 11:05 pm,"Singapore Airlines, Alaska Airlines",HKT‐SAN,25h25m,2,"SIN, SFO",3371,20220406-0856,fast
6:45 pm – 9:35 am +2,Singapore Airlines,SAN‐HKT,24h50m,2,"SFO, SIN",10:25 am – 11:05 pm,Singapore Airlines,HKT‐SAN,26h40m,2,"SIN, SFO",4226,20220406-0856,fast
5:05 pm – 9:35 am +2,Singapore Airlines,SAN‐HKT,26h30m,2,"SFO, SIN",11:40 am – 11:05 pm,Singapore Airlines,HKT‐SAN,25h25m,2,"SIN, SFO",4226,20220406-0856,fast
5:05 pm – 10:50 am +2,"Alaska Airlines, Singapore Airlines",SAN‐HKT,27h45m,2,"SFO, SIN",11:40 am – 11:05 pm,"Singapore Airlines, Alaska Airlines",HKT‐SAN,25h25m,2,"SIN, SFO",3371,20220406-0856,fast
5:05 pm – 9:35 am +2,Singapore Airlines,SAN‐HKT,26h30m,2,"SFO, SIN",10:25 am – 11:05 pm,Singapore Airlines,HKT‐SAN,26h40m,2,"SIN, SFO",4226,20220406-0856,fast
2:20 pm – 10:50 am +2,"Alaska Airlines, Singapore Airlines",SAN‐HKT,30h30m,2,"SFO, SIN",11:40 am – 11:05 pm,Singapore Airlines,HKT‐SAN,25h25m,2,"SIN, SFO",3754,20220406-0856,fast
6:45 pm – 10:50 am +2,Singapore Airlines,SAN‐HKT,26h05m,2,"SFO, SIN",12:10 am – 5:58 pm,"Emirates, Alaska Airlines",HKT‐SAN,31h48m,2,"DXB, SFO",3199,20220406-0856,fast
6:45 pm – 10:50 am +2,Singapore Airlines,SAN‐HKT,26h05m,2,"SFO, SIN",11:55 pm – 5:58 pm +1,Qatar Airways,HKT‐SAN,32h03m,2,"DOH, SFO",2544,20220406-0856,fast
5:05 pm – 10:50 am +2,"Alaska Airlines, Singapore Airlines",SAN‐HKT,27h45m,2,"SFO, SIN",11:55 pm – 5:58 pm +1,Qatar Airways,HKT‐SAN,32h03m,2,"DOH, SFO",2666,20220406-0856,fast
12:40 pm – 7:20 am +2,"Alaska Airlines, Qatar Airways",SAN‐HKT,28h40m,2,"SFO, DOH",11:55 pm – 5:04 pm +1,"Qatar Airways, Alaska Airlines",HKT‐SAN,31h09m,2,"DOH, SEA",1715,20220406-0856,fast
12:40 pm – 7:20 am +2,Qatar Airways,SAN‐HKT,28h40m,2,"SFO, DOH",12:10 am – 5:58 pm,"Emirates, Alaska Airlines",HKT‐SAN,31h48m,2,"DXB, SFO",2512,20220406-0856,fast
12:40 pm – 7:20 am +2,"Alaska Airlines, Qatar Airways",SAN‐HKT,28h40m,2,"SFO, DOH",11:55 pm – 5:58 pm +1,Qatar Airways,HKT‐SAN,32h03m,2,"DOH, SFO",1662,20220406-0856,fast
11:45 am – 7:20 am +2,"Alaska Airlines, Qatar Airways",SAN‐HKT,29h35m,2,"SEA, DOH",11:55 pm – 5:04 pm +1,"Qatar Airways, Alaska Airlines",HKT‐SAN,31h09m,2,"DOH, SEA",6537,20220406-0856,fast
10:46 am – 7:20 am +2,"American Airlines, Qatar Airways",SAN‐HKT,30h34m,2,"DFW, DOH",9:05 pm – 1:45 pm +1,"Qatar Airways, American Airlines",HKT‐SAN,30h40m,2,"DOH, DFW",3008,20220406-0856,fast
