Out Time,Out Airline,Out Cities,Out Duration,Out Stops,Out Stop Cities,Return Time,Return Airline,Return Cities,Return Duration,Return Stops,Return Stop Cities,Price,timestamp,sort
11:50 am – 7:20 am +2,"Alaska Airlines, Qatar Airways",SAN‐HKT,29h30m,2,"SEA, DOH",11:55 pm – 9:58 pm +1,"Qatar Airways, Alaska Airlines",HKT‐SAN,36h03m,2,"DOH, JFK",1261,20220406-0924,cheap
11:50 am – 7:20 am +2,"Alaska Airlines, Qatar Airways",SAN‐HKT,29h30m,2,"SEA, DOH",11:55 pm – 9:58 pm +2,"Qatar Airways, Alaska Airlines",HKT‐SAN,60h03m,2,"DOH, JFK",1265,20220406-0924,cheap
7:50 am – 7:20 am +2,"Alaska Airlines, Qatar Airways",SAN‐HKT,33h30m,2,"SEA, DOH",11:55 pm – 9:58 pm +1,"Qatar Airways, Alaska Airlines",HKT‐SAN,36h03m,2,"DOH, JFK",1267,20220406-0924,cheap
6:15 am – 7:20 am +2,"Alaska Airlines, Qatar Airways",SAN‐HKT,35h05m,2,"SEA, DOH",11:55 pm – 9:58 pm +1,"Qatar Airways, Alaska Airlines",HKT‐SAN,36h03m,2,"DOH, JFK",1267,20220406-0924,cheap
8:45 pm – 7:20 am +3,"Alaska Airlines, Qatar Airways",SAN‐HKT,44h35m,2,"SEA, DOH",11:55 pm – 9:58 pm +1,"Qatar Airways, Alaska Airlines",HKT‐SAN,36h03m,2,"DOH, JFK",1267,20220406-0924,cheap
11:50 am – 7:20 am +2,"Alaska Airlines, Qatar Airways",SAN‐HKT,29h30m,2,"SEA, DOH",11:55 pm – 12:04 pm +2,"Qatar Airways, Alaska Airlines",HKT‐SAN,50h09m,2,"DOH, JFK",1272,20220406-0924,cheap
6:40 pm – 7:20 am +3,"Alaska Airlines, Qatar Airways",SAN‐HKT,46h40m,2,"SEA, DOH",11:55 pm – 9:58 pm +1,"Qatar Airways, Alaska Airlines",HKT‐SAN,36h03m,2,"DOH, JFK",1273,20220406-0924,cheap
4:50 pm – 7:20 am +3,"Alaska Airlines, Qatar Airways",SAN‐HKT,48h30m,2,"SEA, DOH",11:55 pm – 9:58 pm +1,"Qatar Airways, Alaska Airlines",HKT‐SAN,36h03m,2,"DOH, JFK",1273,20220406-0924,cheap
3:21 pm – 7:20 am +3,"Alaska Airlines, Qatar Airways",SAN‐HKT,49h59m,2,"SEA, DOH",11:55 pm – 9:58 pm +1,"Qatar Airways, Alaska Airlines",HKT‐SAN,36h03m,2,"DOH, JFK",1273,20220406-0924,cheap
12:35 pm – 7:20 am +2,Qatar Airways,SAN‐HKT,28h45m,2,"SFO, DOH",11:55 pm – 9:58 pm +2,Qatar Airways,HKT‐SAN,60h03m,2,"DOH, JFK",1278,20220406-0924,cheap
12:35 pm – 7:20 am +2,"Alaska Airlines, Qatar Airways",SAN‐HKT,28h45m,2,"SFO, DOH",11:55 pm – 9:58 pm +1,"Qatar Airways, Alaska Airlines",HKT‐SAN,36h03m,2,"DOH, JFK",1289,20220406-0924,cheap
8:10 am – 7:20 am +2,"Alaska Airlines, Qatar Airways",SAN‐HKT,33h10m,2,"SFO, DOH",11:55 pm – 9:58 pm +1,"Qatar Airways, Alaska Airlines",HKT‐SAN,36h03m,2,"DOH, JFK",1289,20220406-0924,cheap
10:00 pm – 7:20 am +3,"Alaska Airlines, Qatar Airways",SAN‐HKT,43h20m,2,"SFO, DOH",11:55 pm – 9:58 pm +1,"Qatar Airways, Alaska Airlines",HKT‐SAN,36h03m,2,"DOH, JFK",1294,20220406-0924,cheap
12:35 pm – 7:20 am +2,Qatar Airways,SAN‐HKT,28h45m,2,"SFO, DOH",11:55 pm – 5:58 pm +1,Qatar Airways,HKT‐SAN,32h03m,2,"DOH, SFO",1354,20220406-0924,cheap
12:35 pm – 7:20 am +2,Qatar Airways,SAN‐HKT,28h45m,2,"SFO, DOH",9:05 pm – 5:58 pm +1,Qatar Airways,HKT‐SAN,34h53m,2,"DOH, SFO",1373,20220406-0924,cheap
12:35 pm – 7:20 am +2,Qatar Airways,SAN‐HKT,28h45m,2,"SFO, DOH",11:55 pm – 5:58 pm +1,Qatar Airways,HKT‐SAN,32h03m,2,"DOH, SFO",1354,20220406-0922,best
11:50 am – 7:20 am +2,"Alaska Airlines, Qatar Airways",SAN‐HKT,29h30m,2,"SEA, DOH",11:55 pm – 9:58 pm +1,"Qatar Airways, Alaska Airlines",HKT‐SAN,36h03m,2,"DOH, JFK",1261,20220406-0922,best
12:35 pm – 7:20 am +2,"Alaska Airlines, Qatar Airways",SAN‐HKT,28h45m,2,"SFO, DOH",11:55 pm – 9:58 pm +1,"Qatar Airways, Alaska Airlines",HKT‐SAN,36h03m,2,"DOH, JFK",1289,20220406-0922,best
11:50 am – 7:20 am +2,"Alaska Airlines, Qatar Airways",SAN‐HKT,29h30m,2,"SEA, DOH",11:55 pm – 5:04 pm +1,"Qatar Airways, Alaska Airlines",HKT‐SAN,31h09m,2,"DOH, SEA",1426,20220406-0922,best
12:35 pm – 7:20 am +2,Qatar Airways,SAN‐HKT,28h45m,2,"SFO, DOH",9:05 pm – 5:58 pm +1,Qatar Airways,HKT‐SAN,34h53m,2,"DOH, SFO",1373,20220406-0922,best
12:35 pm – 7:20 am +2,Qatar Airways,SAN‐HKT,28h45m,2,"SFO, DOH",11:55 pm – 6:45 pm +1,Qatar Airways,HKT‐SAN,32h50m,2,"DOH, SEA",1432,20220406-0922,best
11:50 am – 7:20 am +2,"Alaska Airlines, Qatar Airways",SAN‐HKT,29h30m,2,"SEA, DOH",11:55 pm – 6:45 pm +1,"Qatar Airways, Alaska Airlines",HKT‐SAN,32h50m,2,"DOH, SEA",1426,20220406-0922,best
11:50 am – 7:20 am +2,Qatar Airways,SAN‐HKT,29h30m,2,"SEA, DOH",11:55 pm – 5:58 pm +1,Qatar Airways,HKT‐SAN,32h03m,2,"DOH, SFO",1458,20220406-0922,best
12:35 pm – 7:20 am +2,Qatar Airways,SAN‐HKT,28h45m,2,"SFO, DOH",7:10 pm – 5:58 pm +1,Qatar Airways,HKT‐SAN,36h48m,3,"BKK, DOH, ...",1429,20220406-0922,best
12:35 pm – 7:20 am +2,"Alaska Airlines, Qatar Airways",SAN‐HKT,28h45m,2,"SFO, DOH",11:55 pm – 5:04 pm +1,"Qatar Airways, Alaska Airlines",HKT‐SAN,31h09m,2,"DOH, SEA",1486,20220406-0922,best
7:50 am – 7:20 am +2,"Alaska Airlines, Qatar Airways",SAN‐HKT,33h30m,2,"SEA, DOH",11:55 pm – 9:58 pm +1,"Qatar Airways, Alaska Airlines",HKT‐SAN,36h03m,2,"DOH, JFK",1267,20220406-0922,best
10:45 am – 7:20 am +2,"Alaska Airlines, Qatar Airways",SAN‐HKT,30h35m,2,"SFO, DOH",11:55 pm – 5:04 pm +1,"Qatar Airways, Alaska Airlines",HKT‐SAN,31h09m,2,"DOH, SEA",1486,20220406-0922,best
8:10 am – 7:20 am +2,"Alaska Airlines, Qatar Airways",SAN‐HKT,33h10m,2,"SFO, DOH",11:55 pm – 9:58 pm +1,"Qatar Airways, Alaska Airlines",HKT‐SAN,36h03m,2,"DOH, JFK",1289,20220406-0922,best
10:45 am – 7:20 am +2,"Alaska Airlines, Qatar Airways",SAN‐HKT,30h35m,2,"SFO, DOH",9:05 pm – 5:58 pm +1,Qatar Airways,HKT‐SAN,34h53m,2,"DOH, SFO",1413,20220406-0922,best
11:50 am – 7:20 am +2,Qatar Airways,SAN‐HKT,29h30m,2,"SEA, DOH",9:05 pm – 5:58 pm +1,Qatar Airways,HKT‐SAN,34h53m,2,"DOH, SFO",1477,20220406-0922,best
4:25 pm – 9:35 am +2,"Alaska Airlines, Singapore Airlines",SAN‐HKT,27h10m,2,"SFO, SIN",11:40 am – 11:05 pm,"Singapore Airlines, Alaska Airlines",HKT‐SAN,25h25m,2,"SIN, SFO",3271,20220406-0927,fast
12:35 pm – 7:20 am +2,Qatar Airways,SAN‐HKT,28h45m,2,"SFO, DOH",11:40 am – 11:05 pm,Singapore Airlines,HKT‐SAN,25h25m,2,"SIN, SFO",4081,20220406-0927,fast
2:15 pm – 9:35 am +2,Singapore Airlines,SAN‐HKT,29h20m,2,"SFO, SIN",11:40 am – 11:05 pm,"Singapore Airlines, Alaska Airlines",HKT‐SAN,25h25m,2,"SIN, SFO",3271,20220406-0927,fast
11:50 am – 7:20 am +2,Qatar Airways,SAN‐HKT,29h30m,2,"SEA, DOH",11:40 am – 11:05 pm,Singapore Airlines,HKT‐SAN,25h25m,2,"SIN, SFO",4114,20220406-0927,fast
4:25 pm – 10:50 am +2,"Alaska Airlines, Singapore Airlines",SAN‐HKT,28h25m,2,"SFO, SIN",10:25 am – 11:05 pm,Singapore Airlines,HKT‐SAN,26h40m,2,"SIN, SFO",3271,20220406-0927,fast
12:35 pm – 7:20 am +2,Qatar Airways,SAN‐HKT,28h45m,2,"SFO, DOH",10:25 am – 11:05 pm,Singapore Airlines,HKT‐SAN,26h40m,2,"SIN, SFO",4085,20220406-0927,fast
2:15 pm – 10:50 am +2,Singapore Airlines,SAN‐HKT,30h35m,2,"SFO, SIN",11:40 am – 11:05 pm,"Singapore Airlines, Alaska Airlines",HKT‐SAN,25h25m,2,"SIN, SFO",3271,20220406-0927,fast
2:15 pm – 9:35 am +2,Singapore Airlines,SAN‐HKT,29h20m,2,"SFO, SIN",10:25 am – 11:05 pm,"Singapore Airlines, Alaska Airlines",HKT‐SAN,26h40m,2,"SIN, SFO",3271,20220406-0927,fast
11:50 am – 7:20 am +2,Qatar Airways,SAN‐HKT,29h30m,2,"SEA, DOH",10:25 am – 11:05 pm,Singapore Airlines,HKT‐SAN,26h40m,2,"SIN, SFO",4114,20220406-0927,fast
12:35 pm – 9:35 am +2,"Alaska Airlines, Singapore Airlines",SAN‐HKT,31h00m,2,"SFO, SIN",11:40 am – 11:05 pm,Singapore Airlines,HKT‐SAN,25h25m,2,"SIN, SFO",3271,20220406-0927,fast
9:45 pm – 7:20 pm +2,"JetBlue, Singapore Airlines",SAN‐HKT,31h35m,2,"EWR, SIN",11:40 am – 11:05 pm,Singapore Airlines,HKT‐SAN,25h25m,2,"SIN, SFO",6945,20220406-0927,fast
2:15 pm – 10:50 am +2,Singapore Airlines,SAN‐HKT,30h35m,2,"SFO, SIN",10:25 am – 11:05 pm,"Singapore Airlines, Alaska Airlines",HKT‐SAN,26h40m,2,"SIN, SFO",3271,20220406-0927,fast
12:35 pm – 10:50 am +2,"Alaska Airlines, Singapore Airlines",SAN‐HKT,32h15m,2,"SFO, SIN",11:40 am – 11:05 pm,Singapore Airlines,HKT‐SAN,25h25m,2,"SIN, SFO",3271,20220406-0927,fast
12:35 pm – 9:35 am +2,"Alaska Airlines, Singapore Airlines",SAN‐HKT,31h00m,2,"SFO, SIN",10:25 am – 11:05 pm,"Singapore Airlines, Alaska Airlines",HKT‐SAN,26h40m,2,"SIN, SFO",3271,20220406-0927,fast
2:40 pm – 1:15 pm +2,Qatar Airways,SAN‐HKT,32h35m,2,"DFW, DOH",11:40 am – 11:05 pm,Singapore Airlines,HKT‐SAN,25h25m,2,"SIN, SFO",4807,20220406-0927,fast
