Out Time,Out Airline,Out Cities,Out Duration,Out Stops,Out Stop Cities,Return Time,Return Airline,Return Cities,Return Duration,Return Stops,Return Stop Cities,Price,timestamp,sort
8:00 am – 1:15 pm +2,"Alaska Airlines, Qatar Airways",SAN‐HKT,39h15m,2,"SEA, DOH",11:55 pm – 6:59 pm +1,"Qatar Airways, Alaska Airlines",HKT‐SAN,33h04m,2,"DOH, SEA",1398,20220406-1344,cheap
11:53 am – 1:15 pm +2,"Alaska Airlines, Qatar Airways",SAN‐HKT,35h22m,2,"SEA, DOH",11:55 pm – 6:59 pm +1,"Qatar Airways, Alaska Airlines",HKT‐SAN,33h04m,2,"DOH, SEA",1429,20220406-1344,cheap
11:53 am – 1:15 pm +2,"Alaska Airlines, Qatar Airways",SAN‐HKT,35h22m,2,"SEA, DOH",11:55 pm – 11:38 pm +1,"Qatar Airways, Alaska Airlines",HKT‐SAN,37h43m,2,"DOH, SEA",1430,20220406-1344,cheap
6:15 am – 9:35 am +2,Singapore Airlines,SAN‐HKT,37h20m,3,"SEA, YVR, ...",11:55 pm – 5:42 pm +1,Qatar Airways,HKT‐SAN,31h47m,2,"DOH, SFO",1444,20220406-1344,cheap
6:15 am – 10:50 am +2,Singapore Airlines,SAN‐HKT,38h35m,3,"SEA, YVR, ...",11:55 pm – 5:42 pm +1,Qatar Airways,HKT‐SAN,31h47m,2,"DOH, SFO",1444,20220406-1344,cheap
6:15 am – 9:35 am +2,Singapore Airlines,SAN‐HKT,37h20m,3,"SEA, YVR, ...",11:55 pm – 6:57 pm +1,Qatar Airways,HKT‐SAN,33h02m,2,"DOH, SFO",1444,20220406-1344,cheap
6:15 am – 10:50 am +2,Singapore Airlines,SAN‐HKT,38h35m,3,"SEA, YVR, ...",11:55 pm – 6:57 pm +1,Qatar Airways,HKT‐SAN,33h02m,2,"DOH, SFO",1444,20220406-1344,cheap
6:15 am – 9:35 am +2,Singapore Airlines,SAN‐HKT,37h20m,3,"SEA, YVR, ...",9:05 pm – 5:42 pm +1,Qatar Airways,HKT‐SAN,34h37m,2,"DOH, SFO",1444,20220406-1344,cheap
6:15 am – 10:50 am +2,Singapore Airlines,SAN‐HKT,38h35m,3,"SEA, YVR, ...",9:05 pm – 5:42 pm +1,Qatar Airways,HKT‐SAN,34h37m,2,"DOH, SFO",1444,20220406-1344,cheap
6:15 am – 9:35 am +2,Singapore Airlines,SAN‐HKT,37h20m,3,"SEA, YVR, ...",11:55 pm – 9:45 pm +1,"Qatar Airways, Alaska Airlines",HKT‐SAN,35h50m,2,"DOH, SFO",1445,20220406-1344,cheap
6:15 am – 10:50 am +2,Singapore Airlines,SAN‐HKT,38h35m,3,"SEA, YVR, ...",11:55 pm – 9:45 pm +1,"Qatar Airways, Alaska Airlines",HKT‐SAN,35h50m,2,"DOH, SFO",1445,20220406-1344,cheap
6:15 am – 9:35 am +2,Singapore Airlines,SAN‐HKT,37h20m,3,"SEA, YVR, ...",11:55 pm – 11:58 pm +1,"Qatar Airways, Alaska Airlines",HKT‐SAN,38h03m,2,"DOH, SFO",1445,20220406-1344,cheap
6:15 am – 10:50 am +2,Singapore Airlines,SAN‐HKT,38h35m,3,"SEA, YVR, ...",11:55 pm – 11:58 pm +1,"Qatar Airways, Alaska Airlines",HKT‐SAN,38h03m,2,"DOH, SFO",1445,20220406-1344,cheap
8:00 am – 1:15 pm +2,"Alaska Airlines, Qatar Airways",SAN‐HKT,39h15m,2,"SEA, DOH",11:55 pm – 5:06 pm +1,"Qatar Airways, Alaska Airlines",HKT‐SAN,31h11m,2,"DOH, SEA",1464,20220406-1344,cheap
1:00 pm – 1:15 pm +2,Qatar Airways,SAN‐HKT,34h15m,2,"SEA, DOH",11:55 pm – 6:59 pm +1,Qatar Airways,HKT‐SAN,33h04m,2,"DOH, SEA",1534,20220406-1344,cheap
1:00 pm – 1:15 pm +2,"Alaska Airlines, Qatar Airways",SAN‐HKT,34h15m,2,"SEA, DOH",11:55 pm – 5:06 pm +1,"Qatar Airways, Alaska Airlines",HKT‐SAN,31h11m,2,"DOH, SEA",1555,20220406-1342,best
8:00 am – 1:15 pm +2,"Alaska Airlines, Qatar Airways",SAN‐HKT,39h15m,2,"SEA, DOH",11:55 pm – 6:59 pm +1,"Qatar Airways, Alaska Airlines",HKT‐SAN,33h04m,2,"DOH, SEA",1398,20220406-1342,best
6:05 pm – 10:50 am +2,Singapore Airlines,SAN‐HKT,26h45m,2,"SFO, SIN",11:40 am – 11:58 pm,Singapore Airlines,HKT‐SAN,26h18m,2,"SIN, SFO",2175,20220406-1342,best
1:00 pm – 1:15 pm +2,Qatar Airways,SAN‐HKT,34h15m,2,"SEA, DOH",11:55 pm – 6:59 pm +1,Qatar Airways,HKT‐SAN,33h04m,2,"DOH, SEA",1534,20220406-1342,best
6:05 pm – 10:50 am +2,Singapore Airlines,SAN‐HKT,26h45m,2,"SFO, SIN",10:25 am – 11:58 pm,Singapore Airlines,HKT‐SAN,27h33m,2,"SIN, SFO",2175,20220406-1342,best
6:05 pm – 10:50 am +2,"Alaska Airlines, Singapore Airlines",SAN‐HKT,26h45m,2,"SFO, SIN",8:10 pm – 1:23 pm +1,"Singapore Airlines, Alaska Airlines",HKT‐SAN,31h13m,2,"SIN, SFO",2041,20220406-1342,best
1:00 pm – 1:15 pm +2,Qatar Airways,SAN‐HKT,34h15m,2,"SEA, DOH",11:55 pm – 5:42 pm +1,Qatar Airways,HKT‐SAN,31h47m,2,"DOH, SFO",1647,20220406-1342,best
10:55 am – 1:15 pm +2,"Alaska Airlines, Qatar Airways",SAN‐HKT,36h20m,2,"SFO, DOH",11:55 pm – 5:06 pm +1,"Qatar Airways, Alaska Airlines",HKT‐SAN,31h11m,2,"DOH, SEA",1557,20220406-1342,best
1:00 pm – 1:15 pm +2,"Alaska Airlines, Qatar Airways",SAN‐HKT,34h15m,2,"SEA, DOH",9:05 pm – 5:06 pm +1,"Qatar Airways, Alaska Airlines",HKT‐SAN,34h01m,2,"DOH, SEA",1555,20220406-1342,best
10:55 am – 1:15 pm +2,Qatar Airways,SAN‐HKT,36h20m,2,"SFO, DOH",11:55 pm – 6:59 pm +1,Qatar Airways,HKT‐SAN,33h04m,2,"DOH, SEA",1536,20220406-1342,best
8:00 am – 1:15 pm +2,"Alaska Airlines, Qatar Airways",SAN‐HKT,39h15m,2,"SEA, DOH",11:55 pm – 5:06 pm +1,"Qatar Airways, Alaska Airlines",HKT‐SAN,31h11m,2,"DOH, SEA",1464,20220406-1342,best
6:15 am – 9:35 am +2,Singapore Airlines,SAN‐HKT,37h20m,3,"SEA, YVR, ...",11:55 pm – 5:42 pm +1,Qatar Airways,HKT‐SAN,31h47m,2,"DOH, SFO",1444,20220406-1342,best
11:53 am – 1:15 pm +2,Qatar Airways,SAN‐HKT,35h22m,2,"SEA, DOH",11:55 pm – 5:42 pm +1,Qatar Airways,HKT‐SAN,31h47m,2,"DOH, SFO",1647,20220406-1342,best
1:00 pm – 1:15 pm +2,Qatar Airways,SAN‐HKT,34h15m,2,"SEA, DOH",11:55 pm – 6:57 pm +1,Qatar Airways,HKT‐SAN,33h02m,2,"DOH, SFO",1647,20220406-1342,best
11:53 am – 1:15 pm +2,Qatar Airways,SAN‐HKT,35h22m,2,"SEA, DOH",11:55 pm – 5:06 pm +1,Qatar Airways,HKT‐SAN,31h11m,2,"DOH, SEA",1693,20220406-1342,best
11:53 am – 1:15 pm +2,"Alaska Airlines, Qatar Airways",SAN‐HKT,35h22m,2,"SEA, DOH",9:05 pm – 5:06 pm +1,"Qatar Airways, Alaska Airlines",HKT‐SAN,34h01m,2,"DOH, SEA",1555,20220406-1342,best
6:05 pm – 9:35 am +2,Singapore Airlines,SAN‐HKT,25h30m,2,"SFO, SIN",11:40 am – 11:58 pm,Singapore Airlines,HKT‐SAN,26h18m,2,"SIN, SFO",2581,20220406-1346,fast
6:05 pm – 10:50 am +2,Singapore Airlines,SAN‐HKT,26h45m,2,"SFO, SIN",11:40 am – 11:58 pm,Singapore Airlines,HKT‐SAN,26h18m,2,"SIN, SFO",2175,20220406-1346,fast
6:05 pm – 9:35 am +2,Singapore Airlines,SAN‐HKT,25h30m,2,"SFO, SIN",10:25 am – 11:58 pm,Singapore Airlines,HKT‐SAN,27h33m,2,"SIN, SFO",2581,20220406-1346,fast
4:15 pm – 9:35 am +2,Singapore Airlines,SAN‐HKT,27h20m,2,"SFO, SIN",11:40 am – 11:58 pm,Singapore Airlines,HKT‐SAN,26h18m,2,"SIN, SFO",2581,20220406-1346,fast
6:05 pm – 10:50 am +2,Singapore Airlines,SAN‐HKT,26h45m,2,"SFO, SIN",10:25 am – 11:58 pm,Singapore Airlines,HKT‐SAN,27h33m,2,"SIN, SFO",2175,20220406-1346,fast
4:15 pm – 10:50 am +2,Singapore Airlines,SAN‐HKT,28h35m,2,"SFO, SIN",11:40 am – 11:58 pm,Singapore Airlines,HKT‐SAN,26h18m,2,"SIN, SFO",2581,20220406-1346,fast
6:05 pm – 9:35 am +2,Singapore Airlines,SAN‐HKT,25h30m,2,"SFO, SIN",8:10 pm – 1:23 pm +1,Singapore Airlines,HKT‐SAN,31h13m,2,"SIN, SFO",2215,20220406-1346,fast
6:05 pm – 9:35 am +2,Singapore Airlines,SAN‐HKT,25h30m,2,"SFO, SIN",11:55 pm – 5:42 pm +1,Qatar Airways,HKT‐SAN,31h47m,2,"DOH, SFO",2849,20220406-1346,fast
1:15 pm – 10:50 am +2,"Alaska Airlines, Singapore Airlines",SAN‐HKT,31h35m,2,"SFO, SIN",11:40 am – 11:58 pm,"Singapore Airlines, Alaska Airlines",HKT‐SAN,26h18m,2,"SIN, SFO",2450,20220406-1346,fast
6:05 pm – 10:50 am +2,"Alaska Airlines, Singapore Airlines",SAN‐HKT,26h45m,2,"SFO, SIN",8:10 pm – 1:23 pm +1,"Singapore Airlines, Alaska Airlines",HKT‐SAN,31h13m,2,"SIN, SFO",2041,20220406-1346,fast
6:05 pm – 10:50 am +2,Singapore Airlines,SAN‐HKT,26h45m,2,"SFO, SIN",11:55 pm – 5:42 pm +1,Qatar Airways,HKT‐SAN,31h47m,2,"DOH, SFO",2136,20220406-1346,fast
6:05 pm – 9:35 am +2,Singapore Airlines,SAN‐HKT,25h30m,2,"SFO, SIN",11:55 pm – 6:57 pm +1,Qatar Airways,HKT‐SAN,33h02m,2,"DOH, SFO",2849,20220406-1346,fast
4:15 pm – 9:35 am +2,Singapore Airlines,SAN‐HKT,27h20m,2,"SFO, SIN",8:10 pm – 1:23 pm +1,Singapore Airlines,HKT‐SAN,31h13m,2,"SIN, SFO",2215,20220406-1346,fast
6:05 pm – 9:35 am +2,Singapore Airlines,SAN‐HKT,25h30m,2,"SFO, SIN",6:10 pm – 1:23 pm +1,Singapore Airlines,HKT‐SAN,33h13m,2,"SIN, SFO",2215,20220406-1346,fast
2:38 pm – 1:15 pm +2,Qatar Airways,SAN‐HKT,32h37m,2,"DFW, DOH",11:40 am – 11:58 pm,Singapore Airlines,HKT‐SAN,26h18m,2,"SIN, SFO",3466,20220406-1346,fast
