Out Time,Out Airline,Out Cities,Out Duration,Out Stops,Out Stop Cities,Return Time,Return Airline,Return Cities,Return Duration,Return Stops,Return Stop Cities,Price,timestamp,sort
8:00 pm – 4:00 pm +2,Air Canada,EWR‐ICN,31h00m,2,"YUL, YVR",6:40 pm – 2:54 pm +1,Air Canada,ICN‐EWR,33h14m,2,"YYZ-YTZ, YUL",1155,20220409-0307,cheap
9:00 pm – 5:10 pm +2,Air Canada,EWR‐ICN,31h10m,1,YYZ,6:40 pm – 10:31 pm,Air Canada,ICN‐EWR,16h51m,1,YYZ,1166,20220409-0307,cheap
6:25 am – 4:00 pm +1,Air Canada,EWR‐ICN,20h35m,2,"YYZ, YVR",6:40 pm – 10:31 pm,Air Canada,ICN‐EWR,16h51m,1,YYZ,1204,20220409-0307,cheap
6:25 am – 4:00 pm +1,Air Canada,EWR‐ICN,20h35m,2,"YYZ, YVR",6:40 pm – 7:56 am +1,Air Canada,ICN‐EWR,26h16m,1,YYZ,1438,20220409-0307,cheap
6:25 am – 4:00 pm +1,Air Canada,EWR‐ICN,20h35m,2,"YYZ, YVR",10:35 am – 8:24 pm,"Jeju Air, Air Canada",ICN‐EWR,22h49m,2,"NRT, YUL",1447,20220409-0307,cheap
6:10 am – 2:45 pm +1,United Airlines,EWR‐ICN,19h35m,1,SFO,4:40 pm – 5:43 am +1,United Airlines,ICN‐EWR,26h03m,1,SFO,1512,20220409-0307,cheap
5:00 am – 2:45 pm +1,United Airlines,EWR‐ICN,20h45m,2,"ORD, SFO",4:40 pm – 5:43 am +1,United Airlines,ICN‐EWR,26h03m,1,SFO,1512,20220409-0307,cheap
6:10 am – 2:45 pm +1,United Airlines,EWR‐ICN,19h35m,1,SFO,4:40 pm – 12:23 am +1,United Airlines,ICN‐EWR,20h43m,2,"SFO, ORD",1516,20220409-0307,cheap
5:00 am – 2:45 pm +1,United Airlines,EWR‐ICN,20h45m,2,"ORD, SFO",4:40 pm – 12:23 am +1,United Airlines,ICN‐EWR,20h43m,2,"SFO, ORD",1516,20220409-0307,cheap
6:25 am – 4:00 pm +1,Air Canada,EWR‐ICN,20h35m,2,"YYZ, YVR",4:40 pm – 12:45 am +1,United Airlines,ICN‐EWR,21h05m,1,SFO,1532,20220409-0307,cheap
6:25 am – 4:00 pm +1,Air Canada,EWR‐ICN,20h35m,2,"YYZ, YVR",4:40 pm – 12:37 am +1,United Airlines,ICN‐EWR,20h57m,2,"SFO, IAH",1536,20220409-0307,cheap
6:25 am – 4:00 pm +1,Air Canada,EWR‐ICN,20h35m,2,"YYZ, YVR",6:40 pm – 7:40 am +1,Air Canada,ICN‐EWR,26h00m,2,"YYZ, YUL",1570,20220409-0307,cheap
6:25 am – 4:00 pm +1,Air Canada,EWR‐ICN,20h35m,2,"YYZ, YVR",6:40 pm – 7:40 am +1,Air Canada,ICN‐EWR,26h00m,2,"YYZ, YUL",1570,20220409-0307,cheap
7:00 am – 3:50 pm +1,Korean Air,EWR‐ICN,19h50m,1,ATL,6:40 pm – 11:26 pm,Korean Air,ICN‐EWR,17h46m,1,ATL,1616,20220409-0307,cheap
7:00 am – 3:50 pm +1,Korean Air,EWR‐ICN,19h50m,1,ATL,10:45 am – 3:58 pm,Korean Air,ICN‐EWR,18h13m,1,DTW,1628,20220409-0307,cheap
9:00 pm – 5:10 pm +2,Air Canada,EWR‐ICN,31h10m,1,YYZ,6:40 pm – 10:31 pm,Air Canada,ICN‐EWR,16h51m,1,YYZ,1285,20220409-0304,best
6:25 am – 4:00 pm +1,Air Canada,EWR‐ICN,20h35m,2,"YYZ, YVR",6:40 pm – 10:31 pm,Air Canada,ICN‐EWR,16h51m,1,YYZ,1204,20220409-0304,best
8:00 pm – 4:00 pm +2,Air Canada,EWR‐ICN,31h00m,2,"YUL, YVR",6:40 pm – 2:54 pm +1,Air Canada,ICN‐EWR,33h14m,2,"YYZ-YTZ, YUL",1155,20220409-0304,best
7:00 am – 3:00 pm +1,Delta,EWR‐ICN,19h00m,1,ATL,6:40 pm – 11:23 pm,Delta,ICN‐EWR,17h43m,1,ATL,1665,20220409-0304,best
7:00 am – 3:50 pm +1,Korean Air,EWR‐ICN,19h50m,1,ATL,6:40 pm – 11:26 pm,Korean Air,ICN‐EWR,17h46m,1,ATL,1616,20220409-0304,best
7:00 am – 3:00 pm +1,Delta,EWR‐ICN,19h00m,1,ATL,10:45 am – 3:57 pm,Delta,ICN‐EWR,18h12m,1,DTW,1665,20220409-0304,best
7:00 am – 3:50 pm +1,Korean Air,EWR‐ICN,19h50m,1,ATL,10:45 am – 3:58 pm,Korean Air,ICN‐EWR,18h13m,1,DTW,1628,20220409-0304,best
6:00 am – 3:00 pm +1,Delta,EWR‐ICN,20h00m,1,ATL,6:40 pm – 11:23 pm,Delta,ICN‐EWR,17h43m,1,ATL,1665,20220409-0304,best
7:00 am – 3:00 pm +1,Delta,EWR‐ICN,19h00m,1,ATL,6:40 pm – 12:45 am +1,Delta,ICN‐EWR,19h05m,1,ATL,1665,20220409-0304,best
6:00 am – 3:00 pm +1,Delta,EWR‐ICN,20h00m,1,ATL,10:45 am – 3:57 pm,Delta,ICN‐EWR,18h12m,1,DTW,1665,20220409-0304,best
7:00 am – 4:20 pm +1,Korean Air,EWR‐ICN,20h20m,1,ATL,6:40 pm – 11:26 pm,Korean Air,ICN‐EWR,17h46m,1,ATL,1687,20220409-0304,best
6:00 am – 4:30 pm +1,Korean Air,EWR‐ICN,21h30m,1,DTW,6:40 pm – 11:26 pm,Korean Air,ICN‐EWR,17h46m,1,ATL,1628,20220409-0304,best
6:10 am – 2:45 pm +1,United Airlines,EWR‐ICN,19h35m,1,SFO,4:40 pm – 12:23 am +1,United Airlines,ICN‐EWR,20h43m,2,"SFO, ORD",1516,20220409-0304,best
6:00 am – 3:00 pm +1,Delta,EWR‐ICN,20h00m,1,ATL,6:40 pm – 12:45 am +1,Delta,ICN‐EWR,19h05m,1,ATL,1665,20220409-0304,best
6:00 am – 4:30 pm +1,Korean Air,EWR‐ICN,21h30m,1,DTW,10:45 am – 3:58 pm,Korean Air,ICN‐EWR,18h13m,1,DTW,1628,20220409-0304,best
6:00 am – 4:30 pm +1,Delta,EWR‐ICN,21h30m,1,DTW,6:40 pm – 11:23 pm,Delta,ICN‐EWR,17h43m,1,ATL,1665,20220409-0304,best
7:00 am – 4:40 pm +1,Delta,EWR‐ICN,20h40m,2,"SLC, SEA",6:40 pm – 11:23 pm,Delta,ICN‐EWR,17h43m,1,ATL,1669,20220409-0304,best
8:45 am – 4:20 pm +1,Korean Air,EWR‐ICN,18h35m,1,ATL,6:40 pm – 11:26 pm,Korean Air,ICN‐EWR,17h46m,1,ATL,2113,20220409-0309,fast
7:00 am – 3:00 pm +1,Delta,EWR‐ICN,19h00m,1,ATL,6:40 pm – 11:23 pm,Delta,ICN‐EWR,17h43m,1,ATL,1665,20220409-0309,fast
7:00 am – 3:00 pm +1,Delta,EWR‐ICN,19h00m,1,ATL,10:45 am – 3:57 pm,Delta,ICN‐EWR,18h12m,1,DTW,1665,20220409-0309,fast
6:25 am – 4:00 pm +1,Air Canada,EWR‐ICN,20h35m,2,"YYZ, YVR",6:40 pm – 10:31 pm,Air Canada,ICN‐EWR,16h51m,1,YYZ,1204,20220409-0309,fast
7:00 am – 3:50 pm +1,Korean Air,EWR‐ICN,19h50m,1,ATL,6:40 pm – 11:26 pm,Korean Air,ICN‐EWR,17h46m,1,ATL,1616,20220409-0309,fast
7:09 am – 3:15 pm +1,American Airlines,EWR‐ICN,19h06m,1,DFW,5:25 pm – 11:01 pm,American Airlines,ICN‐EWR,18h36m,1,DFW,1865,20220409-0309,fast
6:00 am – 3:00 pm +1,Delta,EWR‐ICN,20h00m,1,ATL,6:40 pm – 11:23 pm,Delta,ICN‐EWR,17h43m,1,ATL,1665,20220409-0309,fast
6:10 am – 2:45 pm +1,United Airlines,EWR‐ICN,19h35m,1,SFO,4:40 pm – 10:00 pm,United Airlines,ICN‐EWR,18h20m,1,SFO,1766,20220409-0309,fast
7:00 am – 3:50 pm +1,Korean Air,EWR‐ICN,19h50m,1,ATL,10:45 am – 3:58 pm,Korean Air,ICN‐EWR,18h13m,1,DTW,1628,20220409-0309,fast
7:00 am – 3:00 pm +1,Delta,EWR‐ICN,19h00m,1,ATL,6:40 pm – 12:45 am +1,Delta,ICN‐EWR,19h05m,1,ATL,1665,20220409-0309,fast
7:00 am – 4:20 pm +1,Korean Air,EWR‐ICN,20h20m,1,ATL,6:40 pm – 11:26 pm,Korean Air,ICN‐EWR,17h46m,1,ATL,1687,20220409-0309,fast
6:00 am – 3:00 pm +1,Delta,EWR‐ICN,20h00m,1,ATL,10:45 am – 3:57 pm,Delta,ICN‐EWR,18h12m,1,DTW,1665,20220409-0309,fast
6:25 am – 4:00 pm +1,Air Canada,EWR‐ICN,20h35m,2,"YYZ, YVR",6:40 pm – 11:26 pm,Korean Air,ICN‐EWR,17h46m,1,ATL,2060,20220409-0309,fast
7:00 am – 4:40 pm +1,Delta,EWR‐ICN,20h40m,2,"SLC, SEA",6:40 pm – 11:23 pm,Delta,ICN‐EWR,17h43m,1,ATL,1669,20220409-0309,fast
7:00 am – 3:50 pm +1,Korean Air,EWR‐ICN,19h50m,1,ATL,5:25 pm – 11:01 pm,"Korean Air, American Airlines",ICN‐EWR,18h36m,1,DFW,2342,20220409-0309,fast
