Out Time,Out Airline,Out Cities,Out Duration,Out Stops,Out Stop Cities,Return Time,Return Airline,Return Cities,Return Duration,Return Stops,Return Stop Cities,Price,timestamp,sort
8:20 am – 11:25 am +2,"Japan Airlines, ZIPAIR",EWR‐ICN,38h05m,2,"SFO, NRT",1:30 am – 6:57 pm,"Qatar Airways, Amtrak",ICN‐EWR,30h27m,2,"DOH, PHL-PHL",1603,20220407-0141,cheap
9:05 am – 5:10 pm +1,Air Canada,EWR‐ICN,19h05m,1,YYZ,5:50 pm – 7:52 am +1,Air Canada,ICN‐EWR,27h02m,2,"YVR, YQB",1871,20220407-0141,cheap
9:05 am – 5:10 pm +1,Air Canada,EWR‐ICN,19h05m,1,YYZ,5:50 pm – 8:34 am +1,Air Canada,ICN‐EWR,27h44m,2,"YVR, YUL",1871,20220407-0141,cheap
8:01 am – 5:10 pm +1,Air Canada,EWR‐ICN,20h09m,1,YYZ,5:50 pm – 7:52 am +1,Air Canada,ICN‐EWR,27h02m,2,"YVR, YQB",1871,20220407-0141,cheap
8:01 am – 5:10 pm +1,Air Canada,EWR‐ICN,20h09m,1,YYZ,5:50 pm – 8:34 am +1,Air Canada,ICN‐EWR,27h44m,2,"YVR, YUL",1871,20220407-0141,cheap
9:05 am – 5:10 pm +1,Air Canada,EWR‐ICN,19h05m,1,YYZ,5:50 pm – 9:57 am +1,Air Canada,ICN‐EWR,29h07m,2,"YVR, YUL",1871,20220407-0141,cheap
9:05 am – 5:10 pm +1,Air Canada,EWR‐ICN,19h05m,1,YYZ,5:50 pm – 9:57 am +1,Air Canada,ICN‐EWR,29h07m,2,"YVR, YUL",1871,20220407-0141,cheap
9:05 am – 5:10 pm +1,Air Canada,EWR‐ICN,19h05m,1,YYZ,5:50 pm – 7:56 am +1,Air Canada,ICN‐EWR,27h06m,2,"YVR, YYZ",1899,20220407-0141,cheap
9:05 am – 5:10 pm +1,Air Canada,EWR‐ICN,19h05m,1,YYZ,5:50 pm – 7:56 am +1,Air Canada,ICN‐EWR,27h06m,2,"YVR, YYZ",1899,20220407-0141,cheap
9:05 am – 5:10 pm +1,Air Canada,EWR‐ICN,19h05m,1,YYZ,5:50 pm – 7:56 am +1,Air Canada,ICN‐EWR,27h06m,2,"YVR, YYZ",1899,20220407-0141,cheap
8:01 am – 5:10 pm +1,Air Canada,EWR‐ICN,20h09m,1,YYZ,5:50 pm – 7:56 am +1,Air Canada,ICN‐EWR,27h06m,2,"YVR, YYZ",1899,20220407-0141,cheap
8:01 am – 5:10 pm +1,Air Canada,EWR‐ICN,20h09m,1,YYZ,5:50 pm – 7:56 am +1,Air Canada,ICN‐EWR,27h06m,2,"YVR, YYZ",1899,20220407-0141,cheap
8:01 am – 5:10 pm +1,Air Canada,EWR‐ICN,20h09m,1,YYZ,5:50 pm – 7:56 am +1,Air Canada,ICN‐EWR,27h06m,2,"YVR, YYZ",1899,20220407-0141,cheap
9:30 am – 4:30 pm +1,Korean Air,EWR‐ICN,18h00m,1,DTW,6:40 pm – 10:59 pm,Korean Air,ICN‐EWR,17h19m,1,ATL,1946,20220407-0141,cheap
9:30 am – 4:30 pm +1,Korean Air,EWR‐ICN,18h00m,1,DTW,10:45 am – 3:45 pm,Korean Air,ICN‐EWR,18h00m,1,DTW,1946,20220407-0141,cheap
8:01 am – 5:10 pm +1,Air Canada,EWR‐ICN,20h09m,1,YYZ,8:40 pm – 7:00 am +1,"Asiana Airlines, Alaska Airlines",ICN‐EWR,23h20m,1,SFO,2306,20220407-0139,best
9:30 am – 4:30 pm +1,Korean Air,EWR‐ICN,18h00m,1,DTW,6:40 pm – 10:59 pm,Korean Air,ICN‐EWR,17h19m,1,ATL,1946,20220407-0139,best
8:20 am – 11:25 am +2,"Japan Airlines, ZIPAIR",EWR‐ICN,38h05m,2,"SFO, NRT",1:30 am – 6:57 pm,"Qatar Airways, Amtrak",ICN‐EWR,30h27m,2,"DOH, PHL-PHL",1603,20220407-0139,best
9:30 am – 4:30 pm +1,Korean Air,EWR‐ICN,18h00m,1,DTW,10:45 am – 3:45 pm,Korean Air,ICN‐EWR,18h00m,1,DTW,1946,20220407-0139,best
9:30 am – 4:30 pm +1,"Delta, Korean Air",EWR‐ICN,18h00m,1,DTW,6:40 pm – 12:48 am +1,"Korean Air, Delta",ICN‐EWR,19h08m,1,ATL,2015,20220407-0139,best
9:30 am – 4:30 pm +1,Korean Air,EWR‐ICN,18h00m,1,DTW,9:30 am – 2:49 pm,Korean Air,ICN‐EWR,18h19m,1,BOS,2280,20220407-0139,best
8:40 am – 4:25 pm +1,Korean Air,EWR‐ICN,18h45m,1,BOS,10:45 am – 3:45 pm,Korean Air,ICN‐EWR,18h00m,1,DTW,2278,20220407-0139,best
9:30 am – 4:30 pm +1,Korean Air,EWR‐ICN,18h00m,1,DTW,9:20 am – 3:14 pm,Korean Air,ICN‐EWR,18h54m,1,ATL,2280,20220407-0139,best
6:05 am – 4:30 pm +1,Delta,EWR‐ICN,21h25m,1,DTW,6:40 pm – 10:59 pm,Delta,ICN‐EWR,17h19m,1,ATL,2165,20220407-0139,best
6:05 am – 4:30 pm +1,Delta,EWR‐ICN,21h25m,1,DTW,10:45 am – 3:45 pm,Delta,ICN‐EWR,18h00m,1,DTW,2165,20220407-0139,best
6:05 am – 4:40 pm +1,Delta,EWR‐ICN,21h35m,2,"DTW, SEA",6:40 pm – 10:59 pm,Delta,ICN‐EWR,17h19m,1,ATL,2169,20220407-0139,best
6:05 am – 4:30 pm +1,Delta,EWR‐ICN,21h25m,1,DTW,6:40 pm – 12:48 am +1,Delta,ICN‐EWR,19h08m,1,ATL,2165,20220407-0139,best
6:05 am – 4:40 pm +1,Delta,EWR‐ICN,21h35m,2,"DTW, SEA",10:45 am – 3:45 pm,Delta,ICN‐EWR,18h00m,1,DTW,2169,20220407-0139,best
8:00 am – 4:20 pm +1,Korean Air,EWR‐ICN,19h20m,1,ATL,10:45 am – 3:45 pm,Korean Air,ICN‐EWR,18h00m,1,DTW,2422,20220407-0139,best
6:00 am – 5:50 pm +1,Delta,EWR‐ICN,22h50m,2,"ATL, LAX",6:40 pm – 10:59 pm,Delta,ICN‐EWR,17h19m,1,ATL,2169,20220407-0139,best
6:05 am – 4:40 pm +1,Delta,EWR‐ICN,21h35m,2,"DTW, SEA",6:40 pm – 12:48 am +1,Delta,ICN‐EWR,19h08m,1,ATL,2169,20220407-0139,best
6:00 am – 5:50 pm +1,Delta,EWR‐ICN,22h50m,2,"ATL, LAX",10:45 am – 3:45 pm,Delta,ICN‐EWR,18h00m,1,DTW,2169,20220407-0139,best
9:30 am – 4:30 pm +1,Korean Air,EWR‐ICN,18h00m,1,DTW,6:40 pm – 10:59 pm,Korean Air,ICN‐EWR,17h19m,1,ATL,1946,20220407-0144,fast
9:30 am – 4:30 pm +1,Korean Air,EWR‐ICN,18h00m,1,DTW,10:45 am – 3:45 pm,Korean Air,ICN‐EWR,18h00m,1,DTW,1946,20220407-0144,fast
9:30 am – 4:30 pm +1,Korean Air,EWR‐ICN,18h00m,1,DTW,9:30 am – 2:49 pm,Korean Air,ICN‐EWR,18h19m,1,BOS,2280,20220407-0144,fast
8:40 am – 4:25 pm +1,Korean Air,EWR‐ICN,18h45m,1,BOS,10:45 am – 3:45 pm,Korean Air,ICN‐EWR,18h00m,1,DTW,2278,20220407-0144,fast
9:30 am – 4:30 pm +1,Korean Air,EWR‐ICN,18h00m,1,DTW,9:20 am – 3:14 pm,Korean Air,ICN‐EWR,18h54m,1,ATL,2280,20220407-0144,fast
9:30 am – 4:30 pm +1,"Delta, Korean Air",EWR‐ICN,18h00m,1,DTW,6:40 pm – 12:48 am +1,"Korean Air, Delta",ICN‐EWR,19h08m,1,ATL,2015,20220407-0144,fast
8:00 am – 4:20 pm +1,Korean Air,EWR‐ICN,19h20m,1,ATL,10:45 am – 3:45 pm,Korean Air,ICN‐EWR,18h00m,1,DTW,2422,20220407-0144,fast
6:29 am – 2:55 pm +1,United Airlines,EWR‐ICN,19h26m,1,SFO,4:40 pm – 9:49 pm,United Airlines,ICN‐EWR,18h09m,1,SFO,3495,20220407-0144,fast
8:40 am – 4:25 pm +1,Korean Air,EWR‐ICN,18h45m,1,BOS,9:20 am – 3:14 pm,Korean Air,ICN‐EWR,18h54m,1,ATL,2717,20220407-0144,fast
7:00 am – 4:20 pm +1,"Delta, Korean Air",EWR‐ICN,20h20m,1,ATL,6:40 pm – 10:59 pm,Korean Air,ICN‐EWR,17h19m,1,ATL,3131,20220407-0144,fast
8:00 am – 4:20 pm +1,Korean Air,EWR‐ICN,19h20m,1,ATL,9:20 am – 3:14 pm,Korean Air,ICN‐EWR,18h54m,1,ATL,2756,20220407-0144,fast
8:40 am – 4:25 pm +1,Delta,EWR‐ICN,18h45m,1,BOS,4:40 pm – 11:25 pm,Delta,ICN‐EWR,19h45m,2,"SEA, MSP",7039,20220407-0144,fast
6:00 am – 4:20 pm +1,"Delta, Korean Air",EWR‐ICN,21h20m,1,ATL,6:40 pm – 10:59 pm,Korean Air,ICN‐EWR,17h19m,1,ATL,3131,20220407-0144,fast
6:39 am – 3:15 pm +1,American Airlines,EWR‐ICN,19h36m,1,DFW,5:25 pm – 11:28 pm,American Airlines,ICN‐EWR,19h03m,1,DFW,3220,20220407-0144,fast
6:05 am – 4:30 pm +1,Delta,EWR‐ICN,21h25m,1,DTW,6:40 pm – 10:59 pm,Delta,ICN‐EWR,17h19m,1,ATL,2165,20220407-0144,fast
