Out Time,Out Airline,Out Cities,Out Duration,Out Stops,Out Stop Cities,Return Time,Return Airline,Return Cities,Return Duration,Return Stops,Return Stop Cities,Price,timestamp,sort
6:15 pm – 4:00 pm +2,Air Canada,EWR‐ICN,32h45m,1,YVR,5:45 pm – 9:59 am +1,Air Canada,ICN‐EWR,29h14m,2,"YVR, YUL",1340,20220408-2326,cheap
9:05 am – 5:10 pm +1,Air Canada,EWR‐ICN,19h05m,1,YYZ,5:45 pm – 9:59 am +1,Air Canada,ICN‐EWR,29h14m,2,"YVR, YUL",1345,20220408-2326,cheap
9:05 am – 5:10 pm +1,Air Canada,EWR‐ICN,19h05m,1,YYZ,5:45 pm – 9:59 am +1,Air Canada,ICN‐EWR,29h14m,2,"YVR, YUL",1345,20220408-2326,cheap
9:05 am – 5:10 pm +1,Air Canada,EWR‐ICN,19h05m,1,YYZ,5:45 pm – 9:59 am +1,Air Canada,ICN‐EWR,29h14m,2,"YVR, YUL",1345,20220408-2326,cheap
9:05 am – 5:10 pm +1,Air Canada,EWR‐ICN,19h05m,1,YYZ,5:45 pm – 7:45 am +1,Air Canada,ICN‐EWR,27h00m,2,"YVR, YQB",1491,20220408-2326,cheap
8:05 am – 5:10 pm +1,"United Airlines, Air Canada",EWR‐ICN,20h05m,1,YYZ,5:45 pm – 7:20 am +1,"Air Canada, United Airlines",ICN‐EWR,26h35m,1,YVR,1806,20220408-2326,cheap
7:12 am – 5:10 pm +1,"United Airlines, Air Canada",EWR‐ICN,20h58m,1,YYZ,5:45 pm – 7:20 am +1,"Air Canada, United Airlines",ICN‐EWR,26h35m,1,YVR,1806,20220408-2326,cheap
7:00 am – 4:40 pm +1,Delta,EWR‐ICN,20h40m,2,"SLC, SEA",7:20 pm – 5:41 am +1,Delta,ICN‐EWR,23h21m,2,"SEA, SLC",1819,20220408-2326,cheap
7:00 am – 4:40 pm +1,Delta,EWR‐ICN,20h40m,2,"SLC, SEA",7:20 pm – 5:41 am +1,Delta,ICN‐EWR,23h21m,2,"SEA, SLC",1819,20220408-2326,cheap
6:25 am – 4:40 pm +1,Delta,EWR‐ICN,21h15m,2,"MSP, SEA",7:20 pm – 5:41 am +1,Delta,ICN‐EWR,23h21m,2,"SEA, SLC",1819,20220408-2326,cheap
6:25 am – 4:40 pm +1,Delta,EWR‐ICN,21h15m,2,"MSP, SEA",7:20 pm – 5:41 am +1,Delta,ICN‐EWR,23h21m,2,"SEA, SLC",1819,20220408-2326,cheap
6:00 am – 5:20 pm +1,Delta,EWR‐ICN,22h20m,2,"DTW, LAX",7:20 pm – 5:41 am +1,Delta,ICN‐EWR,23h21m,2,"SEA, SLC",1819,20220408-2326,cheap
5:00 pm – 4:20 am +2,Delta,EWR‐ICN,22h20m,2,"DTW, LAX",7:20 pm – 5:41 am +1,Delta,ICN‐EWR,23h21m,2,"SEA, SLC",1819,20220408-2326,cheap
6:00 am – 5:20 pm +1,Delta,EWR‐ICN,22h20m,2,"DTW, LAX",7:20 pm – 5:41 am +1,Delta,ICN‐EWR,23h21m,2,"SEA, SLC",1819,20220408-2326,cheap
5:00 pm – 4:20 am +2,Delta,EWR‐ICN,22h20m,2,"DTW, LAX",7:20 pm – 5:41 am +1,Delta,ICN‐EWR,23h21m,2,"SEA, SLC",1819,20220408-2326,cheap
9:05 am – 5:10 pm +1,Air Canada,EWR‐ICN,19h05m,1,YYZ,5:45 pm – 9:59 am +1,Air Canada,ICN‐EWR,29h14m,2,"YVR, YUL",1503,20220408-2324,best
8:40 am – 4:25 pm +1,Korean Air,EWR‐ICN,18h45m,1,BOS,9:30 am – 2:01 pm,Korean Air,ICN‐EWR,17h31m,1,BOS,2090,20220408-2324,best
6:15 pm – 4:00 pm +2,Air Canada,EWR‐ICN,32h45m,1,YVR,5:45 pm – 9:59 am +1,Air Canada,ICN‐EWR,29h14m,2,"YVR, YUL",1340,20220408-2324,best
8:40 am – 4:25 pm +1,Korean Air,EWR‐ICN,18h45m,1,BOS,10:45 am – 3:58 pm,Korean Air,ICN‐EWR,18h13m,1,DTW,2090,20220408-2324,best
8:40 am – 4:25 pm +1,Korean Air,EWR‐ICN,18h45m,1,BOS,6:40 pm – 11:26 pm,Korean Air,ICN‐EWR,17h46m,1,ATL,2246,20220408-2324,best
8:40 am – 4:25 pm +1,Korean Air,EWR‐ICN,18h45m,1,BOS,9:20 am – 3:35 pm,Korean Air,ICN‐EWR,19h15m,1,ATL,2209,20220408-2324,best
9:05 am – 5:10 pm +1,Air Canada,EWR‐ICN,19h05m,1,YYZ,5:45 pm – 7:45 am +1,Air Canada,ICN‐EWR,27h00m,2,"YVR, YQB",1491,20220408-2324,best
9:05 am – 5:10 pm +1,Air Canada,EWR‐ICN,19h05m,1,YYZ,5:45 pm – 9:59 am +1,Air Canada,ICN‐EWR,29h14m,2,"YVR, YUL",1345,20220408-2324,best
9:05 am – 5:10 pm +1,Air Canada,EWR‐ICN,19h05m,1,YYZ,5:45 pm – 9:59 am +1,Air Canada,ICN‐EWR,29h14m,2,"YVR, YUL",1345,20220408-2324,best
9:05 am – 5:10 pm +1,Air Canada,EWR‐ICN,19h05m,1,YYZ,5:45 pm – 9:59 am +1,Air Canada,ICN‐EWR,29h14m,2,"YVR, YUL",1345,20220408-2324,best
6:59 am – 3:15 pm +1,American Airlines,EWR‐ICN,19h16m,1,DFW,5:25 pm – 12:49 am +1,American Airlines,ICN‐EWR,20h24m,2,"DFW, CLT",2141,20220408-2324,best
7:00 am – 4:40 pm +1,Delta,EWR‐ICN,20h40m,2,"SLC, SEA",4:40 pm – 11:26 pm,Delta,ICN‐EWR,19h46m,2,"SEA, MSP",1994,20220408-2324,best
6:00 am – 4:20 pm +1,"Delta, Korean Air",EWR‐ICN,21h20m,1,ATL,6:40 pm – 11:23 pm,"Korean Air, Delta",ICN‐EWR,17h43m,1,ATL,2366,20220408-2324,best
6:25 am – 4:40 pm +1,Delta,EWR‐ICN,21h15m,2,"MSP, SEA",4:40 pm – 11:26 pm,Delta,ICN‐EWR,19h46m,2,"SEA, MSP",1994,20220408-2324,best
6:25 am – 3:15 pm +1,Delta,EWR‐ICN,19h50m,2,"MSP, SEA",10:45 am – 3:57 pm,Delta,ICN‐EWR,18h12m,1,DTW,2393,20220408-2324,best
7:00 am – 4:20 pm +1,Korean Air,EWR‐ICN,20h20m,1,ATL,9:30 am – 2:01 pm,Korean Air,ICN‐EWR,17h31m,1,BOS,2517,20220408-2324,best
5:00 pm – 4:20 am +2,Delta,EWR‐ICN,22h20m,2,"DTW, LAX",4:40 pm – 11:26 pm,Delta,ICN‐EWR,19h46m,2,"SEA, MSP",1994,20220408-2324,best
8:40 am – 4:25 pm +1,Korean Air,EWR‐ICN,18h45m,1,BOS,9:30 am – 2:01 pm,Korean Air,ICN‐EWR,17h31m,1,BOS,2090,20220408-2328,fast
8:40 am – 4:25 pm +1,Korean Air,EWR‐ICN,18h45m,1,BOS,6:40 pm – 11:26 pm,Korean Air,ICN‐EWR,17h46m,1,ATL,2246,20220408-2328,fast
8:40 am – 4:25 pm +1,Korean Air,EWR‐ICN,18h45m,1,BOS,10:45 am – 3:58 pm,Korean Air,ICN‐EWR,18h13m,1,DTW,2090,20220408-2328,fast
8:40 am – 4:25 pm +1,Korean Air,EWR‐ICN,18h45m,1,BOS,8:40 pm – 1:58 am +1,"Asiana Airlines, United Airlines",ICN‐EWR,18h18m,1,SFO,2660,20220408-2328,fast
8:40 am – 4:25 pm +1,"Delta, Korean Air",EWR‐ICN,18h45m,1,BOS,8:40 pm – 1:58 am +1,"Asiana Airlines, United Airlines",ICN‐EWR,18h18m,1,SFO,2789,20220408-2328,fast
9:05 am – 5:10 pm +1,Air Canada,EWR‐ICN,19h05m,1,YYZ,8:40 pm – 1:58 am +1,"Asiana Airlines, United Airlines",ICN‐EWR,18h18m,1,SFO,2254,20220408-2328,fast
6:25 am – 3:20 pm +1,"Air Canada, Korean Air",EWR‐ICN,19h55m,1,YYZ,9:30 am – 2:01 pm,Korean Air,ICN‐EWR,17h31m,1,BOS,4451,20220408-2328,fast
6:25 am – 3:15 pm +1,Delta,EWR‐ICN,19h50m,2,"MSP, SEA",6:40 pm – 11:23 pm,Delta,ICN‐EWR,17h43m,1,ATL,2518,20220408-2328,fast
6:25 am – 3:20 pm +1,"Air Canada, Korean Air",EWR‐ICN,19h55m,1,YYZ,6:40 pm – 11:26 pm,Korean Air,ICN‐EWR,17h46m,1,ATL,4576,20220408-2328,fast
7:00 am – 4:20 pm +1,Korean Air,EWR‐ICN,20h20m,1,ATL,9:30 am – 2:01 pm,Korean Air,ICN‐EWR,17h31m,1,BOS,2517,20220408-2328,fast
8:40 am – 4:25 pm +1,Korean Air,EWR‐ICN,18h45m,1,BOS,9:20 am – 3:35 pm,Korean Air,ICN‐EWR,19h15m,1,ATL,2209,20220408-2328,fast
6:25 am – 3:15 pm +1,Delta,EWR‐ICN,19h50m,2,"MSP, SEA",10:45 am – 3:57 pm,Delta,ICN‐EWR,18h12m,1,DTW,2393,20220408-2328,fast
6:00 am – 2:45 pm +1,United Airlines,EWR‐ICN,19h45m,1,SFO,8:40 pm – 1:58 am +1,"Asiana Airlines, United Airlines",ICN‐EWR,18h18m,1,SFO,2540,20220408-2328,fast
6:25 am – 3:20 pm +1,"Air Canada, Korean Air",EWR‐ICN,19h55m,1,YYZ,10:45 am – 3:58 pm,Korean Air,ICN‐EWR,18h13m,1,DTW,4451,20220408-2328,fast
6:00 am – 2:45 pm +1,United Airlines,EWR‐ICN,19h45m,1,SFO,4:40 pm – 10:08 pm,United Airlines,ICN‐EWR,18h28m,1,SFO,3196,20220408-2328,fast
