Out Time,Out Airline,Out Cities,Out Duration,Out Stops,Out Stop Cities,Return Time,Return Airline,Return Cities,Return Duration,Return Stops,Return Stop Cities,Price,timestamp,sort
6:40 pm – 6:15 am +2,United Airlines,EWR‐SIN,23h35m,1,SFO,8:45 am – 10:00 pm,United Airlines,SIN‐EWR,25h15m,1,SFO,918,20220407-1626,cheap
4:40 pm – 6:15 am +2,United Airlines,EWR‐SIN,25h35m,1,SFO,8:45 am – 10:00 pm,United Airlines,SIN‐EWR,25h15m,1,SFO,918,20220407-1626,cheap
6:40 pm – 6:15 am +2,United Airlines,EWR‐SIN,23h35m,1,SFO,8:45 am – 12:45 am +1,United Airlines,SIN‐EWR,28h00m,1,SFO,918,20220407-1626,cheap
2:10 pm – 6:15 am +2,United Airlines,EWR‐SIN,28h05m,1,SFO,8:45 am – 10:00 pm,United Airlines,SIN‐EWR,25h15m,1,SFO,918,20220407-1626,cheap
4:40 pm – 6:15 am +2,United Airlines,EWR‐SIN,25h35m,1,SFO,8:45 am – 12:45 am +1,United Airlines,SIN‐EWR,28h00m,1,SFO,918,20220407-1626,cheap
12:00 pm – 6:15 am +2,United Airlines,EWR‐SIN,30h15m,1,SFO,8:45 am – 10:00 pm,United Airlines,SIN‐EWR,25h15m,1,SFO,918,20220407-1626,cheap
2:10 pm – 6:15 am +2,United Airlines,EWR‐SIN,28h05m,1,SFO,8:45 am – 12:45 am +1,United Airlines,SIN‐EWR,28h00m,1,SFO,918,20220407-1626,cheap
10:00 am – 6:15 am +2,United Airlines,EWR‐SIN,32h15m,2,"LAX, SFO",8:45 am – 10:00 pm,United Airlines,SIN‐EWR,25h15m,1,SFO,918,20220407-1626,cheap
10:00 am – 6:15 am +2,United Airlines,EWR‐SIN,32h15m,1,SFO,8:45 am – 10:00 pm,United Airlines,SIN‐EWR,25h15m,1,SFO,918,20220407-1626,cheap
12:00 pm – 6:15 am +2,United Airlines,EWR‐SIN,30h15m,1,SFO,8:45 am – 12:45 am +1,United Airlines,SIN‐EWR,28h00m,1,SFO,918,20220407-1626,cheap
8:35 am – 6:15 am +2,United Airlines,EWR‐SIN,33h40m,1,SFO,8:45 am – 10:00 pm,United Airlines,SIN‐EWR,25h15m,1,SFO,918,20220407-1626,cheap
10:00 am – 6:15 am +2,United Airlines,EWR‐SIN,32h15m,1,SFO,8:45 am – 12:45 am +1,United Airlines,SIN‐EWR,28h00m,1,SFO,918,20220407-1626,cheap
10:00 am – 6:15 am +2,United Airlines,EWR‐SIN,32h15m,2,"LAX, SFO",8:45 am – 12:45 am +1,United Airlines,SIN‐EWR,28h00m,1,SFO,918,20220407-1626,cheap
6:44 am – 6:15 am +2,United Airlines,EWR‐SIN,35h31m,2,"DEN, SFO",8:45 am – 10:00 pm,United Airlines,SIN‐EWR,25h15m,1,SFO,918,20220407-1626,cheap
6:44 am – 6:15 am +2,United Airlines,EWR‐SIN,35h31m,2,"DEN, SFO",8:45 am – 10:00 pm,United Airlines,SIN‐EWR,25h15m,1,SFO,918,20220407-1626,cheap
6:00 am – 12:20 am +2,Japan Airlines,EWR‐SIN,30h20m,2,"BOS, NRT",8:10 am – 10:50 pm,"Japan Airlines, JetBlue",SIN‐EWR,26h40m,2,"NRT, SFO",995,20220407-1624,best
6:40 pm – 6:15 am +2,United Airlines,EWR‐SIN,23h35m,1,SFO,8:45 am – 10:00 pm,United Airlines,SIN‐EWR,25h15m,1,SFO,918,20220407-1624,best
6:40 pm – 6:15 am +2,United Airlines,EWR‐SIN,23h35m,1,SFO,8:45 am – 7:20 pm,United Airlines,SIN‐EWR,22h35m,1,SFO,1022,20220407-1624,best
6:40 pm – 6:15 am +2,United Airlines,EWR‐SIN,23h35m,1,SFO,8:45 am – 8:06 pm,United Airlines,SIN‐EWR,23h21m,1,SFO,1022,20220407-1624,best
4:40 pm – 6:15 am +2,United Airlines,EWR‐SIN,25h35m,1,SFO,8:45 am – 10:00 pm,United Airlines,SIN‐EWR,25h15m,1,SFO,918,20220407-1624,best
4:40 pm – 6:15 am +2,United Airlines,EWR‐SIN,25h35m,1,SFO,8:45 am – 7:20 pm,United Airlines,SIN‐EWR,22h35m,1,SFO,1022,20220407-1624,best
6:40 pm – 6:15 am +2,United Airlines,EWR‐SIN,23h35m,1,SFO,8:45 am – 12:45 am +1,United Airlines,SIN‐EWR,28h00m,1,SFO,918,20220407-1624,best
10:25 am – 5:10 pm +1,Singapore Airlines,EWR‐SIN,18h45m,0,,11:35 pm – 6:00 am +1,Singapore Airlines,SIN‐EWR,18h25m,0,,1437,20220407-1624,best
4:40 pm – 6:15 am +2,United Airlines,EWR‐SIN,25h35m,1,SFO,8:45 am – 8:06 pm,United Airlines,SIN‐EWR,23h21m,1,SFO,1022,20220407-1624,best
11:35 am – 12:35 am +2,"United Airlines, ANA",EWR‐SIN,25h00m,1,NRT,8:45 am – 7:20 pm,United Airlines,SIN‐EWR,22h35m,1,SFO,1135,20220407-1624,best
2:10 pm – 6:15 am +2,United Airlines,EWR‐SIN,28h05m,1,SFO,8:45 am – 10:00 pm,United Airlines,SIN‐EWR,25h15m,1,SFO,918,20220407-1624,best
4:40 pm – 6:15 am +2,United Airlines,EWR‐SIN,25h35m,1,SFO,8:45 am – 12:45 am +1,United Airlines,SIN‐EWR,28h00m,1,SFO,918,20220407-1624,best
2:10 pm – 6:15 am +2,United Airlines,EWR‐SIN,28h05m,1,SFO,8:45 am – 7:20 pm,United Airlines,SIN‐EWR,22h35m,1,SFO,1022,20220407-1624,best
4:45 pm – 6:15 am +2,United Airlines,EWR‐SIN,25h30m,2,"DEN, SFO",8:45 am – 7:20 pm,United Airlines,SIN‐EWR,22h35m,1,SFO,1125,20220407-1624,best
2:10 pm – 6:15 am +2,United Airlines,EWR‐SIN,28h05m,1,SFO,8:45 am – 8:06 pm,United Airlines,SIN‐EWR,23h21m,1,SFO,1022,20220407-1624,best
4:45 pm – 6:15 am +2,United Airlines,EWR‐SIN,25h30m,2,"DEN, SFO",8:45 am – 10:00 pm,United Airlines,SIN‐EWR,25h15m,1,SFO,1026,20220407-1624,best
10:25 am – 5:10 pm +1,Singapore Airlines,EWR‐SIN,18h45m,0,,11:35 pm – 6:00 am +1,Singapore Airlines,SIN‐EWR,18h25m,0,,1437,20220407-1629,fast
6:40 pm – 6:15 am +2,United Airlines,EWR‐SIN,23h35m,1,SFO,11:35 pm – 6:00 am +1,Singapore Airlines,SIN‐EWR,18h25m,0,,1592,20220407-1629,fast
10:25 am – 5:10 pm +1,Singapore Airlines,EWR‐SIN,18h45m,0,,6:40 pm – 6:59 am +1,Singapore Airlines,SIN‐EWR,24h19m,1,SFO,5747,20220407-1629,fast
10:25 am – 5:10 pm +1,Singapore Airlines,EWR‐SIN,18h45m,0,,6:40 pm – 7:05 am +1,Singapore Airlines,SIN‐EWR,24h25m,1,LAX,6542,20220407-1629,fast
4:00 pm – 5:30 am +2,"Alaska Airlines, Singapore Airlines",EWR‐SIN,25h30m,1,LAX,11:35 pm – 6:00 am +1,Singapore Airlines,SIN‐EWR,18h25m,0,,1727,20220407-1629,fast
4:40 pm – 6:15 am +2,United Airlines,EWR‐SIN,25h35m,1,SFO,11:35 pm – 6:00 am +1,Singapore Airlines,SIN‐EWR,18h25m,0,,1592,20220407-1629,fast
10:25 am – 5:10 pm +1,Singapore Airlines,EWR‐SIN,18h45m,0,,9:25 am – 10:50 pm,"Singapore Airlines, JetBlue",SIN‐EWR,25h25m,1,SFO,1452,20220407-1629,fast
3:59 pm – 5:45 am +2,Singapore Airlines,EWR‐SIN,25h46m,1,SFO,11:35 pm – 6:00 am +1,Singapore Airlines,SIN‐EWR,18h25m,0,,1899,20220407-1629,fast
6:40 pm – 6:15 am +2,United Airlines,EWR‐SIN,23h35m,1,SFO,8:45 am – 7:20 pm,United Airlines,SIN‐EWR,22h35m,1,SFO,1022,20220407-1629,fast
4:00 pm – 7:50 am +2,"Alaska Airlines, Singapore Airlines",EWR‐SIN,27h50m,1,LAX,11:35 pm – 6:00 am +1,Singapore Airlines,SIN‐EWR,18h25m,0,,1727,20220407-1629,fast
9:00 am – 1:15 am +2,Singapore Airlines,EWR‐SIN,28h15m,2,"LAX, NRT",11:35 pm – 6:00 am +1,Singapore Airlines,SIN‐EWR,18h25m,0,,1580,20220407-1629,fast
6:40 pm – 6:15 am +2,United Airlines,EWR‐SIN,23h35m,1,SFO,8:45 am – 8:06 pm,United Airlines,SIN‐EWR,23h21m,1,SFO,1022,20220407-1629,fast
6:15 pm – 5:55 am +2,SWISS,EWR‐SIN,23h40m,1,ZRH,1:25 am – 1:10 pm,SWISS,SIN‐EWR,23h45m,1,ZRH,1799,20220407-1629,fast
11:35 am – 12:35 am +2,"United Airlines, ANA",EWR‐SIN,25h00m,1,NRT,8:45 am – 7:20 pm,United Airlines,SIN‐EWR,22h35m,1,SFO,1135,20220407-1629,fast
4:45 pm – 6:15 am +2,United Airlines,EWR‐SIN,25h30m,2,"DEN, SFO",8:45 am – 7:20 pm,United Airlines,SIN‐EWR,22h35m,1,SFO,1125,20220407-1629,fast
