Out Time,Out Airline,Out Cities,Out Duration,Out Stops,Out Stop Cities,Return Time,Return Airline,Return Cities,Return Duration,Return Stops,Return Stop Cities,Price,timestamp,sort
9:05 am – 5:10 pm +1,Air Canada,EWR‐ICN,19h05m,1,YYZ,5:50 pm – 7:52 am +1,Air Canada,ICN‐EWR,27h02m,2,"YVR, YQB",1309,20220405-2345,cheap
9:05 am – 5:10 pm +1,Air Canada,EWR‐ICN,19h05m,1,YYZ,5:50 pm – 8:34 am +1,Air Canada,ICN‐EWR,27h44m,2,"YVR, YUL",1309,20220405-2345,cheap
8:00 am – 5:10 pm +1,Air Canada,EWR‐ICN,20h10m,1,YYZ,5:50 pm – 7:52 am +1,Air Canada,ICN‐EWR,27h02m,2,"YVR, YQB",1309,20220405-2345,cheap
8:00 am – 5:10 pm +1,Air Canada,EWR‐ICN,20h10m,1,YYZ,5:50 pm – 8:34 am +1,Air Canada,ICN‐EWR,27h44m,2,"YVR, YUL",1309,20220405-2345,cheap
9:05 am – 5:10 pm +1,Air Canada,EWR‐ICN,19h05m,1,YYZ,5:50 pm – 9:57 am +1,Air Canada,ICN‐EWR,29h07m,2,"YVR, YUL",1309,20220405-2345,cheap
9:05 am – 5:10 pm +1,Air Canada,EWR‐ICN,19h05m,1,YYZ,5:50 pm – 9:57 am +1,Air Canada,ICN‐EWR,29h07m,2,"YVR, YUL",1309,20220405-2345,cheap
9:05 am – 5:10 pm +1,Air Canada,EWR‐ICN,19h05m,1,YYZ,5:50 pm – 10:11 am +1,Air Canada,ICN‐EWR,29h21m,2,"YVR, YYZ",1315,20220405-2345,cheap
8:00 am – 5:10 pm +1,Air Canada,EWR‐ICN,20h10m,1,YYZ,5:50 pm – 8:08 am +1,Air Canada,ICN‐EWR,27h18m,2,"YVR, YYZ",1337,20220405-2345,cheap
8:00 am – 5:10 pm +1,Air Canada,EWR‐ICN,20h10m,1,YYZ,5:50 pm – 8:08 am +1,Air Canada,ICN‐EWR,27h18m,2,"YVR, YYZ",1337,20220405-2345,cheap
8:00 am – 5:10 pm +1,Air Canada,EWR‐ICN,20h10m,1,YYZ,5:50 pm – 8:08 am +1,Air Canada,ICN‐EWR,27h18m,2,"YVR, YYZ",1337,20220405-2345,cheap
8:00 am – 5:10 pm +1,Air Canada,EWR‐ICN,20h10m,1,YYZ,5:50 pm – 8:08 am +1,Air Canada,ICN‐EWR,27h18m,2,"YVR, YYZ",1337,20220405-2345,cheap
8:00 am – 5:10 pm +1,Air Canada,EWR‐ICN,20h10m,1,YYZ,5:50 pm – 8:08 am +1,Air Canada,ICN‐EWR,27h18m,2,"YVR, YYZ",1337,20220405-2345,cheap
9:05 am – 5:10 pm +1,Air Canada,EWR‐ICN,19h05m,1,YYZ,5:50 pm – 10:11 am +1,Air Canada,ICN‐EWR,29h21m,2,"YVR, YYZ",1337,20220405-2345,cheap
9:05 am – 5:10 pm +1,Air Canada,EWR‐ICN,19h05m,1,YYZ,5:50 pm – 10:11 am +1,Air Canada,ICN‐EWR,29h21m,2,"YVR, YYZ",1337,20220405-2345,cheap
9:05 am – 5:10 pm +1,Air Canada,EWR‐ICN,19h05m,1,YYZ,5:50 pm – 10:11 am +1,Air Canada,ICN‐EWR,29h21m,2,"YVR, YYZ",1337,20220405-2345,cheap
11:50 pm – 6:10 pm +2,Turkish Airlines,EWR‐ICN,29h20m,1,IST,10:45 am – 3:45 pm,Korean Air,ICN‐EWR,18h00m,1,DTW,2075,20220405-2343,best
9:30 am – 4:30 pm +1,Korean Air,EWR‐ICN,18h00m,1,DTW,6:40 pm – 10:59 pm,Korean Air,ICN‐EWR,17h19m,1,ATL,1718,20220405-2343,best
9:05 am – 5:10 pm +1,Air Canada,EWR‐ICN,19h05m,1,YYZ,5:50 pm – 7:52 am +1,Air Canada,ICN‐EWR,27h02m,2,"YVR, YQB",1309,20220405-2343,best
9:30 am – 4:30 pm +1,Korean Air,EWR‐ICN,18h00m,1,DTW,10:45 am – 3:45 pm,Korean Air,ICN‐EWR,18h00m,1,DTW,1717,20220405-2343,best
9:30 am – 4:30 pm +1,Delta,EWR‐ICN,18h00m,1,DTW,6:40 pm – 10:59 pm,Delta,ICN‐EWR,17h19m,1,ATL,1790,20220405-2343,best
6:30 am – 2:55 pm +1,United Airlines,EWR‐ICN,19h25m,1,SFO,4:50 pm – 9:49 pm,United Airlines,ICN‐EWR,17h59m,1,SFO,1691,20220405-2343,best
9:05 am – 5:10 pm +1,Air Canada,EWR‐ICN,19h05m,1,YYZ,5:50 pm – 8:34 am +1,Air Canada,ICN‐EWR,27h44m,2,"YVR, YUL",1309,20220405-2343,best
8:00 am – 5:10 pm +1,Air Canada,EWR‐ICN,20h10m,1,YYZ,5:50 pm – 7:52 am +1,Air Canada,ICN‐EWR,27h02m,2,"YVR, YQB",1309,20220405-2343,best
9:30 am – 4:30 pm +1,Delta,EWR‐ICN,18h00m,1,DTW,6:40 pm – 12:48 am +1,Delta,ICN‐EWR,19h08m,1,ATL,1790,20220405-2343,best
8:00 am – 5:10 pm +1,Air Canada,EWR‐ICN,20h10m,1,YYZ,5:50 pm – 8:34 am +1,Air Canada,ICN‐EWR,27h44m,2,"YVR, YUL",1309,20220405-2343,best
8:00 am – 5:10 pm +1,Air Canada,EWR‐ICN,20h10m,1,YYZ,5:50 pm – 8:08 am +1,Air Canada,ICN‐EWR,27h18m,2,"YVR, YYZ",1337,20220405-2343,best
8:00 am – 5:10 pm +1,Air Canada,EWR‐ICN,20h10m,1,YYZ,5:50 pm – 8:08 am +1,Air Canada,ICN‐EWR,27h18m,2,"YVR, YYZ",1337,20220405-2343,best
8:00 am – 5:10 pm +1,Air Canada,EWR‐ICN,20h10m,1,YYZ,5:50 pm – 8:08 am +1,Air Canada,ICN‐EWR,27h18m,2,"YVR, YYZ",1337,20220405-2343,best
8:00 am – 5:10 pm +1,Air Canada,EWR‐ICN,20h10m,1,YYZ,5:50 pm – 8:08 am +1,Air Canada,ICN‐EWR,27h18m,2,"YVR, YYZ",1337,20220405-2343,best
8:00 am – 5:10 pm +1,Air Canada,EWR‐ICN,20h10m,1,YYZ,5:50 pm – 8:08 am +1,Air Canada,ICN‐EWR,27h18m,2,"YVR, YYZ",1337,20220405-2343,best
9:05 am – 5:10 pm +1,Air Canada,EWR‐ICN,19h05m,1,YYZ,5:50 pm – 9:57 am +1,Air Canada,ICN‐EWR,29h07m,2,"YVR, YUL",1309,20220405-2343,best
11:25 am – 5:30 pm +1,"ANA, Korean Air",EWR‐ICN,17h05m,1,NRT,6:40 pm – 10:59 pm,"Korean Air, Delta",ICN‐EWR,17h19m,1,ATL,4468,20220405-2348,fast
11:25 am – 5:30 pm +1,"ANA, Korean Air",EWR‐ICN,17h05m,1,NRT,4:50 pm – 9:49 pm,United Airlines,ICN‐EWR,17h59m,1,SFO,3865,20220405-2348,fast
9:30 am – 4:30 pm +1,Korean Air,EWR‐ICN,18h00m,1,DTW,6:40 pm – 10:59 pm,Korean Air,ICN‐EWR,17h19m,1,ATL,1718,20220405-2348,fast
9:30 am – 4:30 pm +1,Delta,EWR‐ICN,18h00m,1,DTW,6:40 pm – 10:59 pm,Delta,ICN‐EWR,17h19m,1,ATL,1790,20220405-2348,fast
9:00 am – 4:25 pm +1,Korean Air,EWR‐ICN,18h25m,1,BOS,6:40 pm – 10:59 pm,Korean Air,ICN‐EWR,17h19m,1,ATL,2026,20220405-2348,fast
9:30 am – 4:30 pm +1,"Delta, Korean Air",EWR‐ICN,18h00m,1,DTW,4:50 pm – 9:49 pm,United Airlines,ICN‐EWR,17h59m,1,SFO,1748,20220405-2348,fast
9:30 am – 4:30 pm +1,Korean Air,EWR‐ICN,18h00m,1,DTW,10:45 am – 3:45 pm,Korean Air,ICN‐EWR,18h00m,1,DTW,1717,20220405-2348,fast
11:25 am – 5:30 pm +1,"ANA, Korean Air",EWR‐ICN,17h05m,1,NRT,2:40 pm – 8:53 pm,Asiana Airlines,ICN‐EWR,19h13m,1,LAX,4749,20220405-2348,fast
9:00 am – 4:25 pm +1,Korean Air,EWR‐ICN,18h25m,1,BOS,10:45 am – 3:45 pm,Korean Air,ICN‐EWR,18h00m,1,DTW,2025,20220405-2348,fast
8:00 am – 4:20 pm +1,Korean Air,EWR‐ICN,19h20m,1,ATL,6:40 pm – 10:59 pm,Korean Air,ICN‐EWR,17h19m,1,ATL,2145,20220405-2348,fast
9:30 am – 4:30 pm +1,Korean Air,EWR‐ICN,18h00m,1,DTW,9:20 am – 3:14 pm,Korean Air,ICN‐EWR,18h54m,1,ATL,1994,20220405-2348,fast
9:30 am – 4:30 pm +1,Delta,EWR‐ICN,18h00m,1,DTW,6:40 pm – 12:48 am +1,Delta,ICN‐EWR,19h08m,1,ATL,1790,20220405-2348,fast
8:00 am – 4:20 pm +1,Korean Air,EWR‐ICN,19h20m,1,ATL,10:45 am – 3:45 pm,Korean Air,ICN‐EWR,18h00m,1,DTW,2144,20220405-2348,fast
6:30 am – 2:55 pm +1,United Airlines,EWR‐ICN,19h25m,1,SFO,4:50 pm – 9:49 pm,United Airlines,ICN‐EWR,17h59m,1,SFO,1691,20220405-2348,fast
9:30 am – 4:30 pm +1,Delta,EWR‐ICN,18h00m,1,DTW,4:40 pm – 11:25 pm,Delta,ICN‐EWR,19h45m,2,"SEA, MSP",1969,20220405-2348,fast
