Out Time,Out Airline,Out Cities,Out Duration,Out Stops,Out Stop Cities,Return Time,Return Airline,Return Cities,Return Duration,Return Stops,Return Stop Cities,Price,timestamp,sort
6:30 am – 11:00 am +2,Multiple Airlines,EWR‐ICN,39h30m,3,"MIA, BRU, ...",1:30 am – 9:26 pm,"Qatar Airways, Amtrak",ICN‐EWR,32h56m,2,"DOH, BOS-BOS",1512,20220407-0110,cheap
8:58 pm – 5:10 pm +2,Air Canada,EWR‐ICN,31h12m,1,YYZ,6:40 pm – 10:01 pm,Air Canada,ICN‐EWR,16h21m,1,YYZ,1711,20220407-0110,cheap
6:00 am – 4:15 pm +1,Air Canada,EWR‐ICN,21h15m,2,"YUL, YVR",6:40 pm – 10:01 pm,Air Canada,ICN‐EWR,16h21m,1,YYZ,1766,20220407-0110,cheap
6:25 am – 4:15 pm +1,Air Canada,EWR‐ICN,20h50m,2,"YYZ, YVR",6:40 pm – 10:01 pm,Air Canada,ICN‐EWR,16h21m,1,YYZ,1772,20220407-0110,cheap
6:29 am – 2:55 pm +1,United Airlines,EWR‐ICN,19h26m,1,SFO,4:40 pm – 9:49 pm,United Airlines,ICN‐EWR,18h09m,1,SFO,1796,20220407-0110,cheap
6:29 am – 2:55 pm +1,United Airlines,EWR‐ICN,19h26m,1,SFO,4:40 pm – 12:49 am +1,United Airlines,ICN‐EWR,21h09m,1,SFO,1796,20220407-0110,cheap
6:29 am – 2:55 pm +1,United Airlines,EWR‐ICN,19h26m,1,SFO,4:40 pm – 5:27 am +1,United Airlines,ICN‐EWR,25h47m,1,SFO,1796,20220407-0110,cheap
6:30 am – 5:35 pm +1,"United Airlines, Asiana Airlines",EWR‐ICN,22h05m,1,LAX,4:40 pm – 9:49 pm,United Airlines,ICN‐EWR,18h09m,1,SFO,1920,20220407-0110,cheap
6:00 am – 4:15 pm +1,Air Canada,EWR‐ICN,21h15m,2,"YUL, YVR",6:40 pm – 7:59 am +1,"Air Canada, United Airlines",ICN‐EWR,26h19m,2,"YYZ, PHL",2059,20220407-0110,cheap
6:25 am – 4:15 pm +1,Air Canada,EWR‐ICN,20h50m,2,"YYZ, YVR",6:40 pm – 7:59 am +1,"Air Canada, United Airlines",ICN‐EWR,26h19m,2,"YYZ, PHL",2064,20220407-0110,cheap
2:11 pm – 4:50 am +2,Delta,EWR‐ICN,25h39m,2,"ATL, LAX",4:40 pm – 11:25 pm,Delta,ICN‐EWR,19h45m,2,"SEA, MSP",2169,20220407-0110,cheap
2:11 pm – 4:50 am +2,Delta,EWR‐ICN,25h39m,2,"ATL, LAX",4:40 pm – 11:25 pm,Delta,ICN‐EWR,19h45m,2,"SEA, MSP",2169,20220407-0110,cheap
1:00 pm – 4:50 am +2,Delta,EWR‐ICN,26h50m,2,"DTW, LAX",4:40 pm – 11:25 pm,Delta,ICN‐EWR,19h45m,2,"SEA, MSP",2169,20220407-0110,cheap
12:17 pm – 4:50 am +2,Delta,EWR‐ICN,27h33m,2,"ATL, LAX",4:40 pm – 11:25 pm,Delta,ICN‐EWR,19h45m,2,"SEA, MSP",2169,20220407-0110,cheap
12:17 pm – 4:50 am +2,Delta,EWR‐ICN,27h33m,2,"ATL, LAX",4:40 pm – 11:25 pm,Delta,ICN‐EWR,19h45m,2,"SEA, MSP",2169,20220407-0110,cheap
6:00 am – 4:15 pm +1,Air Canada,EWR‐ICN,21h15m,2,"YUL, YVR",6:40 pm – 10:01 pm,Air Canada,ICN‐EWR,16h21m,1,YYZ,2306,20220407-0108,best
6:29 am – 2:55 pm +1,United Airlines,EWR‐ICN,19h26m,1,SFO,4:40 pm – 9:49 pm,United Airlines,ICN‐EWR,18h09m,1,SFO,1796,20220407-0108,best
6:30 am – 11:00 am +2,Multiple Airlines,EWR‐ICN,39h30m,3,"MIA, BRU, ...",1:30 am – 9:26 pm,"Qatar Airways, Amtrak",ICN‐EWR,32h56m,2,"DOH, BOS-BOS",1512,20220407-0108,best
6:25 am – 4:15 pm +1,Air Canada,EWR‐ICN,20h50m,2,"YYZ, YVR",6:40 pm – 10:01 pm,Air Canada,ICN‐EWR,16h21m,1,YYZ,1772,20220407-0108,best
6:00 am – 4:15 pm +1,Air Canada,EWR‐ICN,21h15m,2,"YUL, YVR",6:40 pm – 10:01 pm,Air Canada,ICN‐EWR,16h21m,1,YYZ,1766,20220407-0108,best
6:29 am – 2:55 pm +1,United Airlines,EWR‐ICN,19h26m,1,SFO,4:40 pm – 12:49 am +1,United Airlines,ICN‐EWR,21h09m,1,SFO,1796,20220407-0108,best
9:30 am – 4:30 pm +1,Korean Air,EWR‐ICN,18h00m,1,DTW,10:45 am – 3:45 pm,Korean Air,ICN‐EWR,18h00m,1,DTW,2388,20220407-0108,best
6:29 am – 2:55 pm +1,United Airlines,EWR‐ICN,19h26m,1,SFO,4:40 pm – 5:27 am +1,United Airlines,ICN‐EWR,25h47m,1,SFO,1796,20220407-0108,best
9:30 am – 4:30 pm +1,Korean Air,EWR‐ICN,18h00m,1,DTW,9:20 am – 4:45 pm,Korean Air,ICN‐EWR,20h25m,1,ATL,2422,20220407-0108,best
8:00 am – 4:20 pm +1,Korean Air,EWR‐ICN,19h20m,1,ATL,10:45 am – 3:45 pm,Korean Air,ICN‐EWR,18h00m,1,DTW,2538,20220407-0108,best
8:58 pm – 5:10 pm +2,Air Canada,EWR‐ICN,31h12m,1,YYZ,6:40 pm – 10:01 pm,Air Canada,ICN‐EWR,16h21m,1,YYZ,1711,20220407-0108,best
6:30 am – 5:35 pm +1,Asiana Airlines,EWR‐ICN,22h05m,1,LAX,2:40 pm – 8:53 pm,Asiana Airlines,ICN‐EWR,19h13m,1,LAX,2275,20220407-0108,best
6:05 am – 4:30 pm +1,Delta,EWR‐ICN,21h25m,1,DTW,10:45 am – 3:45 pm,Delta,ICN‐EWR,18h00m,1,DTW,2465,20220407-0108,best
7:00 am – 4:20 pm +1,Korean Air,EWR‐ICN,20h20m,1,ATL,10:45 am – 3:45 pm,Korean Air,ICN‐EWR,18h00m,1,DTW,2565,20220407-0108,best
7:00 am – 4:20 pm +1,"Delta, Korean Air",EWR‐ICN,20h20m,1,ATL,10:45 am – 3:45 pm,Korean Air,ICN‐EWR,18h00m,1,DTW,2567,20220407-0108,best
8:00 am – 4:20 pm +1,Korean Air,EWR‐ICN,19h20m,1,ATL,9:20 am – 4:45 pm,Korean Air,ICN‐EWR,20h25m,1,ATL,2565,20220407-0108,best
9:30 am – 4:30 pm +1,Korean Air,EWR‐ICN,18h00m,1,DTW,9:20 am – 3:07 pm,Korean Air,ICN‐EWR,18h47m,1,ATL,2897,20220407-0108,best
11:25 am – 5:30 pm +1,"ANA, Korean Air",EWR‐ICN,17h05m,1,NRT,6:40 pm – 10:01 pm,"Asiana Airlines, Air Canada",ICN‐EWR,16h21m,1,YYZ,5306,20220407-0113,fast
11:25 am – 5:30 pm +1,"ANA, Korean Air",EWR‐ICN,17h05m,1,NRT,4:40 pm – 9:49 pm,United Airlines,ICN‐EWR,18h09m,1,SFO,3898,20220407-0113,fast
9:30 am – 4:30 pm +1,Korean Air,EWR‐ICN,18h00m,1,DTW,10:45 am – 3:45 pm,Korean Air,ICN‐EWR,18h00m,1,DTW,2388,20220407-0113,fast
9:30 am – 4:30 pm +1,Korean Air,EWR‐ICN,18h00m,1,DTW,4:40 pm – 9:49 pm,United Airlines,ICN‐EWR,18h09m,1,SFO,2311,20220407-0113,fast
11:25 am – 5:30 pm +1,"ANA, Korean Air",EWR‐ICN,17h05m,1,NRT,2:40 pm – 8:53 pm,Asiana Airlines,ICN‐EWR,19h13m,1,LAX,6170,20220407-0113,fast
9:30 am – 4:30 pm +1,Korean Air,EWR‐ICN,18h00m,1,DTW,9:20 am – 3:07 pm,Korean Air,ICN‐EWR,18h47m,1,ATL,2897,20220407-0113,fast
9:30 am – 4:30 pm +1,Korean Air,EWR‐ICN,18h00m,1,DTW,5:25 pm – 11:28 pm,"Korean Air, American Airlines",ICN‐EWR,19h03m,1,DFW,3017,20220407-0113,fast
11:25 am – 5:30 pm +1,"ANA, Korean Air",EWR‐ICN,17h05m,1,NRT,4:40 pm – 11:42 pm,United Airlines,ICN‐EWR,20h02m,2,"SFO, IAD",3903,20220407-0113,fast
6:25 am – 4:15 pm +1,Air Canada,EWR‐ICN,20h50m,2,"YYZ, YVR",6:40 pm – 10:01 pm,Air Canada,ICN‐EWR,16h21m,1,YYZ,1772,20220407-0113,fast
9:30 am – 4:30 pm +1,Korean Air,EWR‐ICN,18h00m,1,DTW,2:40 pm – 8:53 pm,Asiana Airlines,ICN‐EWR,19h13m,1,LAX,3769,20220407-0113,fast
8:00 am – 4:20 pm +1,Korean Air,EWR‐ICN,19h20m,1,ATL,10:45 am – 3:45 pm,Korean Air,ICN‐EWR,18h00m,1,DTW,2538,20220407-0113,fast
8:00 am – 4:20 pm +1,"Delta, Korean Air",EWR‐ICN,19h20m,1,ATL,4:40 pm – 9:49 pm,United Airlines,ICN‐EWR,18h09m,1,SFO,2505,20220407-0113,fast
6:29 am – 2:55 pm +1,United Airlines,EWR‐ICN,19h26m,1,SFO,4:40 pm – 9:49 pm,United Airlines,ICN‐EWR,18h09m,1,SFO,1796,20220407-0113,fast
6:00 am – 4:15 pm +1,Air Canada,EWR‐ICN,21h15m,2,"YUL, YVR",6:40 pm – 10:01 pm,Air Canada,ICN‐EWR,16h21m,1,YYZ,1766,20220407-0113,fast
6:25 am – 3:20 pm +1,"Air Canada, Korean Air",EWR‐ICN,19h55m,1,YYZ,10:45 am – 3:45 pm,Korean Air,ICN‐EWR,18h00m,1,DTW,4251,20220407-0113,fast
