Out Time,Out Airline,Out Cities,Out Duration,Out Stops,Out Stop Cities,Return Time,Return Airline,Return Cities,Return Duration,Return Stops,Return Stop Cities,Price,timestamp,sort
7:12 pm – 3:50 pm +2,"Spirit Airlines, Korean Air",EWR‐ICN,31h38m,2,"FLL, ATL",6:40 pm – 10:31 am +1,"Korean Air, Spirit Airlines",ICN‐EWR,28h51m,2,"ATL, FLL",1118,20220406-2207,cheap
6:30 am – 2:55 pm +1,United Airlines,EWR‐ICN,19h25m,1,SFO,4:50 pm – 8:14 am +1,United Airlines,ICN‐EWR,28h24m,1,SFO,1219,20220406-2207,cheap
6:30 am – 2:55 pm +1,United Airlines,EWR‐ICN,19h25m,1,SFO,4:50 pm – 9:44 pm,United Airlines,ICN‐EWR,17h54m,1,SFO,1232,20220406-2207,cheap
6:30 am – 2:55 pm +1,United Airlines,EWR‐ICN,19h25m,1,SFO,4:50 pm – 11:09 pm,United Airlines,ICN‐EWR,19h19m,1,SFO,1232,20220406-2207,cheap
5:00 am – 2:55 pm +1,United Airlines,EWR‐ICN,20h55m,2,"ORD, SFO",4:50 pm – 9:44 pm,United Airlines,ICN‐EWR,17h54m,1,SFO,1232,20220406-2207,cheap
5:00 am – 2:55 pm +1,United Airlines,EWR‐ICN,20h55m,2,"ORD, SFO",4:50 pm – 11:09 pm,United Airlines,ICN‐EWR,19h19m,1,SFO,1232,20220406-2207,cheap
6:30 am – 2:55 pm +1,United Airlines,EWR‐ICN,19h25m,1,SFO,4:50 pm – 12:44 am +1,United Airlines,ICN‐EWR,20h54m,1,SFO,1232,20220406-2207,cheap
5:00 am – 2:55 pm +1,United Airlines,EWR‐ICN,20h55m,2,"ORD, SFO",4:50 pm – 12:44 am +1,United Airlines,ICN‐EWR,20h54m,1,SFO,1232,20220406-2207,cheap
6:30 am – 2:55 pm +1,United Airlines,EWR‐ICN,19h25m,1,SFO,4:50 pm – 5:14 am +1,United Airlines,ICN‐EWR,25h24m,1,SFO,1232,20220406-2207,cheap
9:31 pm – 2:55 pm +2,United Airlines,EWR‐ICN,28h24m,2,"DEN, SFO",4:50 pm – 9:44 pm,United Airlines,ICN‐EWR,17h54m,1,SFO,1232,20220406-2207,cheap
5:00 am – 2:55 pm +1,United Airlines,EWR‐ICN,20h55m,2,"ORD, SFO",4:50 pm – 5:14 am +1,United Airlines,ICN‐EWR,25h24m,1,SFO,1232,20220406-2207,cheap
9:31 pm – 2:55 pm +2,United Airlines,EWR‐ICN,28h24m,2,"DEN, SFO",4:50 pm – 11:09 pm,United Airlines,ICN‐EWR,19h19m,1,SFO,1232,20220406-2207,cheap
7:38 pm – 2:55 pm +2,United Airlines,EWR‐ICN,30h17m,2,"IAD, SFO",4:50 pm – 9:44 pm,United Airlines,ICN‐EWR,17h54m,1,SFO,1232,20220406-2207,cheap
7:29 pm – 2:55 pm +2,United Airlines,EWR‐ICN,30h26m,2,"IAH, SFO",4:50 pm – 9:44 pm,United Airlines,ICN‐EWR,17h54m,1,SFO,1232,20220406-2207,cheap
6:30 am – 2:55 pm +1,United Airlines,EWR‐ICN,19h25m,1,SFO,4:50 pm – 11:19 pm,United Airlines,ICN‐EWR,19h29m,2,"SFO, DEN",1236,20220406-2207,cheap
9:30 am – 4:30 pm +1,Korean Air,EWR‐ICN,18h00m,1,DTW,6:40 pm – 11:02 pm,Korean Air,ICN‐EWR,17h22m,1,ATL,1568,20220406-2204,best
6:30 am – 2:55 pm +1,United Airlines,EWR‐ICN,19h25m,1,SFO,4:50 pm – 9:44 pm,United Airlines,ICN‐EWR,17h54m,1,SFO,1232,20220406-2204,best
7:12 pm – 3:50 pm +2,"Spirit Airlines, Korean Air",EWR‐ICN,31h38m,2,"FLL, ATL",6:40 pm – 10:31 am +1,"Korean Air, Spirit Airlines",ICN‐EWR,28h51m,2,"ATL, FLL",1118,20220406-2204,best
6:30 am – 2:55 pm +1,United Airlines,EWR‐ICN,19h25m,1,SFO,4:50 pm – 11:09 pm,United Airlines,ICN‐EWR,19h19m,1,SFO,1232,20220406-2204,best
6:34 am – 3:15 pm +1,American Airlines,EWR‐ICN,19h41m,1,DFW,5:25 pm – 10:00 pm,American Airlines,ICN‐EWR,17h35m,1,DFW,1330,20220406-2204,best
9:30 am – 4:30 pm +1,Korean Air,EWR‐ICN,18h00m,1,DTW,6:40 pm – 11:02 pm,Korean Air,ICN‐EWR,17h22m,1,ATL,1519,20220406-2204,best
6:30 am – 2:55 pm +1,United Airlines,EWR‐ICN,19h25m,1,SFO,4:50 pm – 11:19 pm,United Airlines,ICN‐EWR,19h29m,2,"SFO, DEN",1236,20220406-2204,best
6:30 am – 2:55 pm +1,United Airlines,EWR‐ICN,19h25m,1,SFO,4:50 pm – 11:28 pm,United Airlines,ICN‐EWR,19h38m,2,"SFO, IAD",1236,20220406-2204,best
6:30 am – 2:55 pm +1,United Airlines,EWR‐ICN,19h25m,1,SFO,4:50 pm – 12:44 am +1,United Airlines,ICN‐EWR,20h54m,1,SFO,1232,20220406-2204,best
6:34 am – 3:15 pm +1,American Airlines,EWR‐ICN,19h41m,1,DFW,5:25 pm – 11:28 pm,American Airlines,ICN‐EWR,19h03m,1,DFW,1330,20220406-2204,best
9:30 am – 4:30 pm +1,Korean Air,EWR‐ICN,18h00m,1,DTW,10:45 am – 4:24 pm,Korean Air,ICN‐EWR,18h39m,1,DTW,1519,20220406-2204,best
6:30 am – 2:55 pm +1,United Airlines,EWR‐ICN,19h25m,1,SFO,4:50 pm – 12:17 am +1,United Airlines,ICN‐EWR,20h27m,2,"SFO, LAX",1236,20220406-2204,best
5:00 am – 2:55 pm +1,United Airlines,EWR‐ICN,20h55m,2,"ORD, SFO",4:50 pm – 9:44 pm,United Airlines,ICN‐EWR,17h54m,1,SFO,1232,20220406-2204,best
6:30 am – 2:55 pm +1,United Airlines,EWR‐ICN,19h25m,1,SFO,4:50 pm – 12:55 am +1,United Airlines,ICN‐EWR,21h05m,2,"SFO, ORD",1236,20220406-2204,best
6:30 am – 2:55 pm +1,United Airlines,EWR‐ICN,19h25m,1,SFO,4:50 pm – 12:45 am +1,United Airlines,ICN‐EWR,20h55m,2,"SFO, IAH",1236,20220406-2204,best
9:30 am – 4:30 pm +1,Delta,EWR‐ICN,18h00m,1,DTW,6:40 pm – 12:59 am +1,Delta,ICN‐EWR,19h19m,1,ATL,1565,20220406-2204,best
5:00 am – 2:55 pm +1,United Airlines,EWR‐ICN,20h55m,2,"ORD, SFO",4:50 pm – 11:09 pm,United Airlines,ICN‐EWR,19h19m,1,SFO,1232,20220406-2204,best
11:25 am – 6:15 pm +1,ANA,EWR‐ICN,17h50m,1,NRT,6:40 pm – 11:02 pm,Korean Air,ICN‐EWR,17h22m,1,ATL,4984,20220406-2209,fast
9:30 am – 4:30 pm +1,Korean Air,EWR‐ICN,18h00m,1,DTW,6:40 pm – 11:02 pm,Korean Air,ICN‐EWR,17h22m,1,ATL,1519,20220406-2209,fast
9:00 am – 4:25 pm +1,Delta,EWR‐ICN,18h25m,1,BOS,6:40 pm – 11:02 pm,Delta,ICN‐EWR,17h22m,1,ATL,1740,20220406-2209,fast
9:30 am – 4:30 pm +1,"Delta, Korean Air",EWR‐ICN,18h00m,1,DTW,4:50 pm – 9:44 pm,United Airlines,ICN‐EWR,17h54m,1,SFO,1425,20220406-2209,fast
9:30 am – 4:30 pm +1,Korean Air,EWR‐ICN,18h00m,1,DTW,10:45 am – 4:24 pm,Korean Air,ICN‐EWR,18h39m,1,DTW,1519,20220406-2209,fast
11:25 am – 6:15 pm +1,"ANA, Asiana Airlines",EWR‐ICN,17h50m,1,NRT,9:20 am – 3:20 pm,Korean Air,ICN‐EWR,19h00m,1,ATL,6390,20220406-2209,fast
11:25 am – 6:15 pm +1,"ANA, Asiana Airlines",EWR‐ICN,17h50m,1,NRT,9:30 am – 3:35 pm,Korean Air,ICN‐EWR,19h05m,1,BOS,6390,20220406-2209,fast
9:30 am – 4:30 pm +1,Korean Air,EWR‐ICN,18h00m,1,DTW,9:20 am – 3:20 pm,Korean Air,ICN‐EWR,19h00m,1,ATL,1805,20220406-2209,fast
9:00 am – 5:40 pm +1,Korean Air,EWR‐ICN,19h40m,1,BOS,6:40 pm – 11:02 pm,Korean Air,ICN‐EWR,17h22m,1,ATL,1704,20220406-2209,fast
9:30 am – 4:30 pm +1,Korean Air,EWR‐ICN,18h00m,1,DTW,9:30 am – 3:35 pm,Korean Air,ICN‐EWR,19h05m,1,BOS,1805,20220406-2209,fast
6:34 am – 3:15 pm +1,American Airlines,EWR‐ICN,19h41m,1,DFW,5:25 pm – 10:00 pm,American Airlines,ICN‐EWR,17h35m,1,DFW,1330,20220406-2209,fast
6:30 am – 2:55 pm +1,United Airlines,EWR‐ICN,19h25m,1,SFO,4:50 pm – 9:44 pm,United Airlines,ICN‐EWR,17h54m,1,SFO,1232,20220406-2209,fast
9:30 am – 4:30 pm +1,Delta,EWR‐ICN,18h00m,1,DTW,6:40 pm – 12:59 am +1,Delta,ICN‐EWR,19h19m,1,ATL,1565,20220406-2209,fast
8:00 am – 5:05 pm +1,Korean Air,EWR‐ICN,20h05m,1,ATL,6:40 pm – 11:02 pm,Korean Air,ICN‐EWR,17h22m,1,ATL,2056,20220406-2209,fast
7:20 am – 4:40 pm +1,Korean Air,EWR‐ICN,20h20m,1,SEA,6:40 pm – 11:02 pm,Korean Air,ICN‐EWR,17h22m,1,ATL,7043,20220406-2209,fast
