Out Time,Out Airline,Out Cities,Out Duration,Out Stops,Out Stop Cities,Return Time,Return Airline,Return Cities,Return Duration,Return Stops,Return Stop Cities,Price,timestamp,sort
6:30 am – 2:55 pm +1,United Airlines,EWR‐ICN,19h25m,1,SFO,4:50 pm – 9:44 pm,United Airlines,ICN‐EWR,17h54m,1,SFO,1232,20220406-2214,cheap
6:30 am – 2:55 pm +1,United Airlines,EWR‐ICN,19h25m,1,SFO,4:50 pm – 11:09 pm,United Airlines,ICN‐EWR,19h19m,1,SFO,1232,20220406-2214,cheap
5:00 am – 2:55 pm +1,United Airlines,EWR‐ICN,20h55m,2,"ORD, SFO",4:50 pm – 9:44 pm,United Airlines,ICN‐EWR,17h54m,1,SFO,1232,20220406-2214,cheap
5:00 am – 2:55 pm +1,United Airlines,EWR‐ICN,20h55m,2,"ORD, SFO",4:50 pm – 11:09 pm,United Airlines,ICN‐EWR,19h19m,1,SFO,1232,20220406-2214,cheap
6:30 am – 2:55 pm +1,United Airlines,EWR‐ICN,19h25m,1,SFO,4:50 pm – 12:44 am +1,United Airlines,ICN‐EWR,20h54m,1,SFO,1232,20220406-2214,cheap
5:00 am – 2:55 pm +1,United Airlines,EWR‐ICN,20h55m,2,"ORD, SFO",4:50 pm – 12:44 am +1,United Airlines,ICN‐EWR,20h54m,1,SFO,1232,20220406-2214,cheap
5:00 am – 2:55 pm +1,United Airlines,EWR‐ICN,20h55m,2,"ORD, SFO",4:50 pm – 5:14 am +1,United Airlines,ICN‐EWR,25h24m,1,SFO,1232,20220406-2214,cheap
6:30 am – 2:55 pm +1,United Airlines,EWR‐ICN,19h25m,1,SFO,4:50 pm – 11:28 pm,United Airlines,ICN‐EWR,19h38m,2,"SFO, IAD",1236,20220406-2214,cheap
6:30 am – 2:55 pm +1,United Airlines,EWR‐ICN,19h25m,1,SFO,4:50 pm – 11:52 pm,United Airlines,ICN‐EWR,20h02m,2,"SFO, DEN",1236,20220406-2214,cheap
6:30 am – 2:55 pm +1,United Airlines,EWR‐ICN,19h25m,1,SFO,4:50 pm – 11:59 pm,United Airlines,ICN‐EWR,20h09m,2,"SFO, IAD",1236,20220406-2214,cheap
6:30 am – 2:55 pm +1,United Airlines,EWR‐ICN,19h25m,1,SFO,4:50 pm – 12:17 am +1,United Airlines,ICN‐EWR,20h27m,2,"SFO, LAX",1236,20220406-2214,cheap
6:30 am – 2:55 pm +1,United Airlines,EWR‐ICN,19h25m,1,SFO,4:50 pm – 12:55 am +1,United Airlines,ICN‐EWR,21h05m,2,"SFO, ORD",1236,20220406-2214,cheap
5:00 am – 2:55 pm +1,United Airlines,EWR‐ICN,20h55m,2,"ORD, SFO",4:50 pm – 11:28 pm,United Airlines,ICN‐EWR,19h38m,2,"SFO, IAD",1236,20220406-2214,cheap
5:00 am – 2:55 pm +1,United Airlines,EWR‐ICN,20h55m,2,"ORD, SFO",4:50 pm – 11:52 pm,United Airlines,ICN‐EWR,20h02m,2,"SFO, DEN",1236,20220406-2214,cheap
5:00 am – 2:55 pm +1,United Airlines,EWR‐ICN,20h55m,2,"ORD, SFO",4:50 pm – 11:59 pm,United Airlines,ICN‐EWR,20h09m,2,"SFO, IAD",1236,20220406-2214,cheap
6:30 am – 2:55 pm +1,United Airlines,EWR‐ICN,19h25m,1,SFO,4:50 pm – 9:44 pm,United Airlines,ICN‐EWR,17h54m,1,SFO,1232,20220406-2212,best
6:30 am – 2:55 pm +1,United Airlines,EWR‐ICN,19h25m,1,SFO,4:50 pm – 11:09 pm,United Airlines,ICN‐EWR,19h19m,1,SFO,1232,20220406-2212,best
6:30 am – 2:55 pm +1,United Airlines,EWR‐ICN,19h25m,1,SFO,4:50 pm – 11:28 pm,United Airlines,ICN‐EWR,19h38m,2,"SFO, IAD",1236,20220406-2212,best
6:30 am – 2:55 pm +1,United Airlines,EWR‐ICN,19h25m,1,SFO,4:50 pm – 11:52 pm,United Airlines,ICN‐EWR,20h02m,2,"SFO, DEN",1236,20220406-2212,best
6:30 am – 2:55 pm +1,United Airlines,EWR‐ICN,19h25m,1,SFO,4:50 pm – 11:59 pm,United Airlines,ICN‐EWR,20h09m,2,"SFO, IAD",1236,20220406-2212,best
6:30 am – 2:55 pm +1,United Airlines,EWR‐ICN,19h25m,1,SFO,4:50 pm – 12:44 am +1,United Airlines,ICN‐EWR,20h54m,1,SFO,1232,20220406-2212,best
6:30 am – 2:55 pm +1,United Airlines,EWR‐ICN,19h25m,1,SFO,4:50 pm – 12:17 am +1,United Airlines,ICN‐EWR,20h27m,2,"SFO, LAX",1236,20220406-2212,best
5:00 am – 2:55 pm +1,United Airlines,EWR‐ICN,20h55m,2,"ORD, SFO",4:50 pm – 9:44 pm,United Airlines,ICN‐EWR,17h54m,1,SFO,1232,20220406-2212,best
6:30 am – 2:55 pm +1,United Airlines,EWR‐ICN,19h25m,1,SFO,4:50 pm – 12:55 am +1,United Airlines,ICN‐EWR,21h05m,2,"SFO, ORD",1236,20220406-2212,best
5:00 am – 2:55 pm +1,United Airlines,EWR‐ICN,20h55m,2,"ORD, SFO",4:50 pm – 11:09 pm,United Airlines,ICN‐EWR,19h19m,1,SFO,1232,20220406-2212,best
5:00 am – 2:55 pm +1,United Airlines,EWR‐ICN,20h55m,2,"ORD, SFO",4:50 pm – 11:52 pm,United Airlines,ICN‐EWR,20h02m,2,"SFO, DEN",1236,20220406-2212,best
5:00 am – 2:55 pm +1,United Airlines,EWR‐ICN,20h55m,2,"ORD, SFO",4:50 pm – 11:28 pm,United Airlines,ICN‐EWR,19h38m,2,"SFO, IAD",1236,20220406-2212,best
5:00 am – 2:55 pm +1,United Airlines,EWR‐ICN,20h55m,2,"ORD, SFO",4:50 pm – 11:59 pm,United Airlines,ICN‐EWR,20h09m,2,"SFO, IAD",1236,20220406-2212,best
5:00 am – 2:55 pm +1,United Airlines,EWR‐ICN,20h55m,2,"ORD, SFO",4:50 pm – 12:44 am +1,United Airlines,ICN‐EWR,20h54m,1,SFO,1232,20220406-2212,best
5:00 am – 2:55 pm +1,United Airlines,EWR‐ICN,20h55m,2,"ORD, SFO",4:50 pm – 12:17 am +1,United Airlines,ICN‐EWR,20h27m,2,"SFO, LAX",1236,20220406-2212,best
11:25 am – 6:15 pm +1,"ANA, Asiana Airlines",EWR‐ICN,17h50m,1,NRT,6:40 pm – 10:01 pm,Air Canada,ICN‐EWR,16h21m,1,YYZ,4479,20220406-2217,fast
7:59 am – 3:40 pm +1,Air Canada,EWR‐ICN,18h41m,1,YYZ,6:40 pm – 10:01 pm,Air Canada,ICN‐EWR,16h21m,1,YYZ,2637,20220406-2217,fast
9:30 am – 4:30 pm +1,Korean Air,EWR‐ICN,18h00m,1,DTW,12:00 pm – 4:40 pm,"Asiana Airlines, ANA",ICN‐EWR,17h40m,1,NRT,7960,20220406-2217,fast
7:08 am – 3:40 pm +1,Air Canada,EWR‐ICN,19h32m,1,YYZ,6:40 pm – 10:01 pm,Air Canada,ICN‐EWR,16h21m,1,YYZ,2637,20220406-2217,fast
8:00 am – 3:50 pm +1,Korean Air,EWR‐ICN,18h50m,1,ATL,12:00 pm – 4:40 pm,"Asiana Airlines, ANA",ICN‐EWR,17h40m,1,NRT,7973,20220406-2217,fast
11:25 am – 6:15 pm +1,"ANA, Asiana Airlines",EWR‐ICN,17h50m,1,NRT,9:20 am – 3:14 pm,Korean Air,ICN‐EWR,18h54m,1,ATL,6390,20220406-2217,fast
9:30 am – 4:30 pm +1,Korean Air,EWR‐ICN,18h00m,1,DTW,9:20 am – 3:14 pm,Korean Air,ICN‐EWR,18h54m,1,ATL,2096,20220406-2217,fast
6:00 am – 3:40 pm +1,Air Canada,EWR‐ICN,20h40m,1,YYZ,6:40 pm – 10:01 pm,Air Canada,ICN‐EWR,16h21m,1,YYZ,2637,20220406-2217,fast
9:30 am – 4:30 pm +1,Korean Air,EWR‐ICN,18h00m,1,DTW,5:25 pm – 11:28 pm,"Korean Air, American Airlines",ICN‐EWR,19h03m,1,DFW,2325,20220406-2217,fast
11:25 am – 6:15 pm +1,"ANA, Asiana Airlines",EWR‐ICN,17h50m,1,NRT,2:40 pm – 8:54 pm,Asiana Airlines,ICN‐EWR,19h14m,1,LAX,4712,20220406-2217,fast
6:30 am – 2:55 pm +1,United Airlines,EWR‐ICN,19h25m,1,SFO,4:50 pm – 9:44 pm,United Airlines,ICN‐EWR,17h54m,1,SFO,1232,20220406-2217,fast
6:00 am – 4:30 pm +1,"Delta, Korean Air",EWR‐ICN,21h30m,1,DTW,6:40 pm – 10:01 pm,Air Canada,ICN‐EWR,16h21m,1,YYZ,2174,20220406-2217,fast
8:00 am – 3:50 pm +1,Korean Air,EWR‐ICN,18h50m,1,ATL,5:25 pm – 11:28 pm,"Korean Air, American Airlines",ICN‐EWR,19h03m,1,DFW,2417,20220406-2217,fast
5:00 am – 3:40 pm +1,"United Airlines, Air Canada",EWR‐ICN,21h40m,2,"ORD, YYZ",6:40 pm – 10:01 pm,Air Canada,ICN‐EWR,16h21m,1,YYZ,3387,20220406-2217,fast
9:30 am – 4:30 pm +1,Korean Air,EWR‐ICN,18h00m,1,DTW,9:20 am – 4:43 pm,Korean Air,ICN‐EWR,20h23m,1,ATL,2096,20220406-2217,fast
