Out Time,Out Airline,Out Cities,Out Duration,Out Stops,Out Stop Cities,Return Time,Return Airline,Return Cities,Return Duration,Return Stops,Return Stop Cities,Price,timestamp,sort
8:00 am – 3:50 pm +1,Korean Air,EWR‐ICN,18h50m,1,ATL,4:50 pm – 12:44 am +1,United Airlines,ICN‐EWR,20h54m,1,SFO,1466,20220406-2050,cheap
9:00 am – 5:40 pm +1,Korean Air,EWR‐ICN,19h40m,1,BOS,4:50 pm – 12:44 am +1,United Airlines,ICN‐EWR,20h54m,1,SFO,1563,20220406-2050,cheap
8:00 am – 3:50 pm +1,Delta,EWR‐ICN,18h50m,1,ATL,12:30 pm – 12:22 am +1,Delta,ICN‐EWR,24h52m,2,"SEA, DTW",1569,20220406-2050,cheap
7:00 am – 3:50 pm +1,Delta,EWR‐ICN,19h50m,1,ATL,12:30 pm – 12:22 am +1,Delta,ICN‐EWR,24h52m,2,"SEA, DTW",1569,20220406-2050,cheap
6:00 am – 3:15 pm +1,Delta,EWR‐ICN,20h15m,2,"DTW, SEA",12:30 pm – 12:22 am +1,Delta,ICN‐EWR,24h52m,2,"SEA, DTW",1569,20220406-2050,cheap
6:00 am – 3:50 pm +1,Delta,EWR‐ICN,20h50m,1,ATL,12:30 pm – 12:22 am +1,Delta,ICN‐EWR,24h52m,2,"SEA, DTW",1569,20220406-2050,cheap
9:00 am – 4:25 pm +1,Delta,EWR‐ICN,18h25m,1,BOS,12:30 pm – 12:22 am +1,Delta,ICN‐EWR,24h52m,2,"SEA, DTW",1644,20220406-2050,cheap
6:34 am – 3:15 pm +1,American Airlines,EWR‐ICN,19h41m,1,DFW,5:25 pm – 10:00 pm,American Airlines,ICN‐EWR,17h35m,1,DFW,1646,20220406-2050,cheap
6:34 am – 3:15 pm +1,American Airlines,EWR‐ICN,19h41m,1,DFW,5:25 pm – 11:28 pm,American Airlines,ICN‐EWR,19h03m,1,DFW,1646,20220406-2050,cheap
9:45 pm – 2:55 pm +2,United Airlines,EWR‐ICN,28h10m,2,"DEN, SFO",4:50 pm – 9:44 pm,United Airlines,ICN‐EWR,17h54m,1,SFO,1691,20220406-2050,cheap
9:45 pm – 2:55 pm +2,United Airlines,EWR‐ICN,28h10m,2,"DEN, SFO",4:50 pm – 11:09 pm,United Airlines,ICN‐EWR,19h19m,1,SFO,1691,20220406-2050,cheap
8:00 am – 3:50 pm +1,Delta,EWR‐ICN,18h50m,1,ATL,7:40 pm – 8:42 am +1,Delta,ICN‐EWR,26h02m,2,"LAX, DTW",1744,20220406-2050,cheap
8:00 am – 3:50 pm +1,Delta,EWR‐ICN,18h50m,1,ATL,7:40 pm – 8:42 am +1,Delta,ICN‐EWR,26h02m,2,"LAX, DTW",1744,20220406-2050,cheap
8:00 am – 3:50 pm +1,Delta,EWR‐ICN,18h50m,1,ATL,7:40 pm – 9:21 am +1,Delta,ICN‐EWR,26h41m,2,"LAX, ATL",1744,20220406-2050,cheap
8:00 am – 3:50 pm +1,Delta,EWR‐ICN,18h50m,1,ATL,7:40 pm – 9:21 am +1,Delta,ICN‐EWR,26h41m,2,"LAX, ATL",1744,20220406-2050,cheap
8:00 am – 3:50 pm +1,Delta,EWR‐ICN,18h50m,1,ATL,12:30 pm – 12:22 am +1,Delta,ICN‐EWR,24h52m,2,"SEA, DTW",1569,20220406-2047,best
6:34 am – 3:15 pm +1,American Airlines,EWR‐ICN,19h41m,1,DFW,5:25 pm – 10:00 pm,American Airlines,ICN‐EWR,17h35m,1,DFW,1646,20220406-2047,best
8:00 am – 3:50 pm +1,Korean Air,EWR‐ICN,18h50m,1,ATL,4:50 pm – 12:44 am +1,United Airlines,ICN‐EWR,20h54m,1,SFO,1466,20220406-2047,best
6:34 am – 3:15 pm +1,American Airlines,EWR‐ICN,19h41m,1,DFW,5:25 pm – 11:28 pm,American Airlines,ICN‐EWR,19h03m,1,DFW,1646,20220406-2047,best
8:00 am – 3:50 pm +1,Korean Air,EWR‐ICN,18h50m,1,ATL,9:30 am – 3:35 pm,Korean Air,ICN‐EWR,19h05m,1,BOS,1901,20220406-2047,best
6:00 am – 4:15 pm +1,Air Canada,EWR‐ICN,21h15m,2,"YUL, YVR",5:25 pm – 9:00 pm,Air Canada,ICN‐EWR,16h35m,1,YYZ,1820,20220406-2047,best
6:30 am – 2:55 pm +1,United Airlines,EWR‐ICN,19h25m,1,SFO,4:50 pm – 9:44 pm,United Airlines,ICN‐EWR,17h54m,1,SFO,2006,20220406-2047,best
9:00 am – 4:25 pm +1,Delta,EWR‐ICN,18h25m,1,BOS,9:30 am – 3:35 pm,Delta,ICN‐EWR,19h05m,1,BOS,2040,20220406-2047,best
9:00 am – 5:40 pm +1,Korean Air,EWR‐ICN,19h40m,1,BOS,9:30 am – 3:35 pm,Korean Air,ICN‐EWR,19h05m,1,BOS,1972,20220406-2047,best
7:00 am – 3:50 pm +1,Delta,EWR‐ICN,19h50m,1,ATL,9:30 am – 3:35 pm,Delta,ICN‐EWR,19h05m,1,BOS,1965,20220406-2047,best
7:00 am – 3:50 pm +1,Korean Air,EWR‐ICN,19h50m,1,ATL,9:30 am – 3:35 pm,Korean Air,ICN‐EWR,19h05m,1,BOS,1978,20220406-2047,best
6:30 am – 2:55 pm +1,United Airlines,EWR‐ICN,19h25m,1,SFO,4:50 pm – 11:09 pm,United Airlines,ICN‐EWR,19h19m,1,SFO,2006,20220406-2047,best
8:00 am – 3:50 pm +1,Delta,EWR‐ICN,18h50m,1,ATL,9:30 am – 5:24 pm,Delta,ICN‐EWR,20h54m,1,BOS,1965,20220406-2047,best
8:00 am – 3:50 pm +1,Delta,EWR‐ICN,18h50m,1,ATL,12:30 pm – 12:22 am +1,Delta,ICN‐EWR,24h52m,2,"SEA, DTW",1569,20220406-2047,best
9:00 am – 4:25 pm +1,Delta,EWR‐ICN,18h25m,1,BOS,9:30 am – 5:24 pm,Delta,ICN‐EWR,20h54m,1,BOS,2040,20220406-2047,best
9:00 am – 4:25 pm +1,Delta,EWR‐ICN,18h25m,1,BOS,12:30 pm – 12:22 am +1,Delta,ICN‐EWR,24h52m,2,"SEA, DTW",1644,20220406-2047,best
8:00 am – 3:50 pm +1,Delta,EWR‐ICN,18h50m,1,ATL,2:30 pm – 11:28 pm,Delta,ICN‐EWR,21h58m,2,"LAX, MSP",1844,20220406-2047,best
6:34 am – 3:15 pm +1,American Airlines,EWR‐ICN,19h41m,1,DFW,5:25 pm – 10:00 pm,American Airlines,ICN‐EWR,17h35m,1,DFW,1646,20220406-2052,fast
6:30 am – 2:55 pm +1,United Airlines,EWR‐ICN,19h25m,1,SFO,4:50 pm – 9:44 pm,United Airlines,ICN‐EWR,17h54m,1,SFO,2006,20220406-2052,fast
9:00 am – 4:25 pm +1,Delta,EWR‐ICN,18h25m,1,BOS,9:30 am – 3:35 pm,Delta,ICN‐EWR,19h05m,1,BOS,2040,20220406-2052,fast
6:00 am – 4:15 pm +1,Air Canada,EWR‐ICN,21h15m,2,"YUL, YVR",5:25 pm – 9:00 pm,Air Canada,ICN‐EWR,16h35m,1,YYZ,1820,20220406-2052,fast
6:00 am – 4:15 pm +1,Air Canada,EWR‐ICN,21h15m,2,"YYZ, YVR",5:25 pm – 9:00 pm,Air Canada,ICN‐EWR,16h35m,1,YYZ,2051,20220406-2052,fast
8:00 am – 3:50 pm +1,Korean Air,EWR‐ICN,18h50m,1,ATL,9:30 am – 3:35 pm,Korean Air,ICN‐EWR,19h05m,1,BOS,1901,20220406-2052,fast
6:34 am – 3:15 pm +1,"American Airlines, Korean Air",EWR‐ICN,19h41m,1,DFW,12:30 pm – 6:00 pm,"Korean Air, Alaska Airlines",ICN‐EWR,18h30m,1,SEA,4176,20220406-2052,fast
7:00 am – 3:50 pm +1,"Delta, Korean Air",EWR‐ICN,19h50m,1,ATL,12:30 pm – 6:00 pm,"Korean Air, Alaska Airlines",ICN‐EWR,18h30m,1,SEA,4131,20220406-2052,fast
7:00 am – 3:50 pm +1,Korean Air,EWR‐ICN,19h50m,1,ATL,9:20 am – 3:04 pm,Korean Air,ICN‐EWR,18h44m,1,ATL,2239,20220406-2052,fast
7:00 am – 3:50 pm +1,"Delta, Korean Air",EWR‐ICN,19h50m,1,ATL,9:20 am – 3:04 pm,Korean Air,ICN‐EWR,18h44m,1,ATL,2325,20220406-2052,fast
6:34 am – 3:15 pm +1,American Airlines,EWR‐ICN,19h41m,1,DFW,5:25 pm – 11:28 pm,American Airlines,ICN‐EWR,19h03m,1,DFW,1646,20220406-2052,fast
6:30 am – 2:55 pm +1,United Airlines,EWR‐ICN,19h25m,1,SFO,4:50 pm – 11:09 pm,United Airlines,ICN‐EWR,19h19m,1,SFO,2006,20220406-2052,fast
9:00 am – 5:40 pm +1,Korean Air,EWR‐ICN,19h40m,1,BOS,9:30 am – 3:35 pm,Korean Air,ICN‐EWR,19h05m,1,BOS,1972,20220406-2052,fast
5:00 am – 2:55 pm +1,United Airlines,EWR‐ICN,20h55m,2,"ORD, SFO",4:50 pm – 9:44 pm,United Airlines,ICN‐EWR,17h54m,1,SFO,2101,20220406-2052,fast
5:00 am – 4:15 pm +1,Air Canada,EWR‐ICN,22h15m,2,"ORD, YVR",5:25 pm – 9:00 pm,Air Canada,ICN‐EWR,16h35m,1,YYZ,3352,20220406-2052,fast
