Out Time,Out Airline,Out Cities,Out Duration,Out Stops,Out Stop Cities,Return Time,Return Airline,Return Cities,Return Duration,Return Stops,Return Stop Cities,Price,timestamp,sort
10:50 pm – 6:25 am +3,"TAP AIR PORTUGAL, LOT",EWR‐ICN,42h35m,3,"OPO, ORY-CDG, ...",1:30 am – 8:21 pm,"Qatar Airways, Amtrak",ICN‐EWR,31h51m,2,"DOH, PHL-PHL",1408,20220407-0118,cheap
9:05 am – 5:10 pm +1,Air Canada,EWR‐ICN,19h05m,1,YYZ,5:50 pm – 8:34 am +1,Air Canada,ICN‐EWR,27h44m,2,"YVR, YUL",1724,20220407-0118,cheap
9:05 am – 5:10 pm +1,Air Canada,EWR‐ICN,19h05m,1,YYZ,5:50 pm – 9:57 am +1,Air Canada,ICN‐EWR,29h07m,2,"YVR, YUL",1724,20220407-0118,cheap
9:05 am – 5:10 pm +1,Air Canada,EWR‐ICN,19h05m,1,YYZ,5:50 pm – 9:57 am +1,Air Canada,ICN‐EWR,29h07m,2,"YVR, YUL",1724,20220407-0118,cheap
6:29 am – 2:55 pm +1,United Airlines,EWR‐ICN,19h26m,1,SFO,4:40 pm – 5:12 am +1,United Airlines,ICN‐EWR,25h32m,1,SFO,1793,20220407-0118,cheap
6:29 am – 2:55 pm +1,United Airlines,EWR‐ICN,19h26m,1,SFO,4:40 pm – 7:00 am +1,United Airlines,ICN‐EWR,27h20m,1,SFO,1793,20220407-0118,cheap
6:29 am – 2:55 pm +1,United Airlines,EWR‐ICN,19h26m,1,SFO,4:40 pm – 8:19 am +1,United Airlines,ICN‐EWR,28h39m,1,SFO,1811,20220407-0118,cheap
8:01 am – 5:10 pm +1,Air Canada,EWR‐ICN,20h09m,1,YYZ,5:50 pm – 8:34 am +1,Air Canada,ICN‐EWR,27h44m,2,"YVR, YUL",1888,20220407-0118,cheap
6:25 am – 5:10 pm +1,Air Canada,EWR‐ICN,21h45m,1,YYZ,5:50 pm – 5:12 am +1,"Air Canada, United Airlines",ICN‐EWR,24h22m,2,"YVR, SFO",2233,20220407-0118,cheap
9:05 am – 5:10 pm +1,Air Canada,EWR‐ICN,19h05m,1,YYZ,8:40 pm – 7:00 am +1,"Asiana Airlines, Alaska Airlines",ICN‐EWR,23h20m,1,LAX,2246,20220407-0118,cheap
6:00 am – 5:50 pm +1,Delta,EWR‐ICN,22h50m,2,"ATL, LAX",2:30 pm – 10:59 pm,Delta,ICN‐EWR,21h29m,2,"LAX, ATL",2269,20220407-0118,cheap
6:00 am – 5:50 pm +1,Delta,EWR‐ICN,22h50m,2,"ATL, LAX",2:30 pm – 12:24 am +1,Delta,ICN‐EWR,22h54m,2,"LAX, DTW",2269,20220407-0118,cheap
6:00 am – 5:50 pm +1,Delta,EWR‐ICN,22h50m,2,"ATL, LAX",2:30 pm – 12:24 am +1,Delta,ICN‐EWR,22h54m,2,"LAX, DTW",2269,20220407-0118,cheap
3:11 pm – 4:50 am +2,Delta,EWR‐ICN,24h39m,2,"MSP, LAX",2:30 pm – 10:59 pm,Delta,ICN‐EWR,21h29m,2,"LAX, ATL",2269,20220407-0118,cheap
6:00 am – 5:50 pm +1,Delta,EWR‐ICN,22h50m,2,"ATL, LAX",2:30 pm – 12:48 am +1,Delta,ICN‐EWR,23h18m,2,"LAX, ATL",2269,20220407-0118,cheap
6:29 am – 2:55 pm +1,United Airlines,EWR‐ICN,19h26m,1,SFO,4:40 pm – 9:49 pm,United Airlines,ICN‐EWR,18h09m,1,SFO,2291,20220407-0116,best
10:50 pm – 6:25 am +3,"TAP AIR PORTUGAL, LOT",EWR‐ICN,42h35m,3,"OPO, ORY-CDG, ...",1:30 am – 8:21 pm,"Qatar Airways, Amtrak",ICN‐EWR,31h51m,2,"DOH, PHL-PHL",1408,20220407-0116,best
6:29 am – 2:55 pm +1,United Airlines,EWR‐ICN,19h26m,1,SFO,4:40 pm – 5:12 am +1,United Airlines,ICN‐EWR,25h32m,1,SFO,1793,20220407-0116,best
6:29 am – 2:55 pm +1,United Airlines,EWR‐ICN,19h26m,1,SFO,4:40 pm – 11:34 pm,United Airlines,ICN‐EWR,19h54m,2,"SFO, DEN",2295,20220407-0116,best
6:29 am – 2:55 pm +1,United Airlines,EWR‐ICN,19h26m,1,SFO,4:40 pm – 12:49 am +1,United Airlines,ICN‐EWR,21h09m,1,SFO,2291,20220407-0116,best
6:29 am – 2:55 pm +1,United Airlines,EWR‐ICN,19h26m,1,SFO,4:40 pm – 11:42 pm,United Airlines,ICN‐EWR,20h02m,2,"SFO, IAD",2295,20220407-0116,best
6:29 am – 2:55 pm +1,United Airlines,EWR‐ICN,19h26m,1,SFO,4:40 pm – 7:00 am +1,United Airlines,ICN‐EWR,27h20m,1,SFO,1793,20220407-0116,best
9:05 am – 5:10 pm +1,Air Canada,EWR‐ICN,19h05m,1,YYZ,5:50 pm – 8:34 am +1,Air Canada,ICN‐EWR,27h44m,2,"YVR, YUL",1724,20220407-0116,best
6:29 am – 2:55 pm +1,United Airlines,EWR‐ICN,19h26m,1,SFO,4:40 pm – 12:30 am +1,United Airlines,ICN‐EWR,20h50m,2,"SFO, ORD",2295,20220407-0116,best
6:29 am – 2:55 pm +1,United Airlines,EWR‐ICN,19h26m,1,SFO,4:40 pm – 12:34 am +1,United Airlines,ICN‐EWR,20h54m,2,"SFO, LAX",2295,20220407-0116,best
8:00 am – 3:50 pm +1,Korean Air,EWR‐ICN,18h50m,1,ATL,9:20 am – 4:43 pm,Korean Air,ICN‐EWR,20h23m,1,ATL,2496,20220407-0116,best
6:29 am – 2:55 pm +1,United Airlines,EWR‐ICN,19h26m,1,SFO,4:40 pm – 12:45 am +1,United Airlines,ICN‐EWR,21h05m,2,"SFO, IAH",2295,20220407-0116,best
9:05 am – 5:10 pm +1,Air Canada,EWR‐ICN,19h05m,1,YYZ,5:50 pm – 9:57 am +1,Air Canada,ICN‐EWR,29h07m,2,"YVR, YUL",1724,20220407-0116,best
9:05 am – 5:10 pm +1,Air Canada,EWR‐ICN,19h05m,1,YYZ,5:50 pm – 9:57 am +1,Air Canada,ICN‐EWR,29h07m,2,"YVR, YUL",1724,20220407-0116,best
6:29 am – 2:55 pm +1,United Airlines,EWR‐ICN,19h26m,1,SFO,4:40 pm – 8:19 am +1,United Airlines,ICN‐EWR,28h39m,1,SFO,1811,20220407-0116,best
7:00 am – 3:50 pm +1,Korean Air,EWR‐ICN,19h50m,1,ATL,9:20 am – 4:43 pm,Korean Air,ICN‐EWR,20h23m,1,ATL,2496,20220407-0116,best
6:29 am – 2:55 pm +1,United Airlines,EWR‐ICN,19h26m,1,SFO,4:40 pm – 9:49 pm,United Airlines,ICN‐EWR,18h09m,1,SFO,2291,20220407-0120,fast
8:40 am – 4:25 pm +1,Korean Air,EWR‐ICN,18h45m,1,BOS,5:25 pm – 11:28 pm,"Korean Air, American Airlines",ICN‐EWR,19h03m,1,DFW,3007,20220407-0120,fast
8:40 am – 4:25 pm +1,Korean Air,EWR‐ICN,18h45m,1,BOS,2:40 pm – 8:53 pm,"Asiana Airlines, United Airlines",ICN‐EWR,19h13m,1,LAX,3560,20220407-0120,fast
9:05 am – 5:10 pm +1,Air Canada,EWR‐ICN,19h05m,1,YYZ,2:40 pm – 8:53 pm,"Asiana Airlines, United Airlines",ICN‐EWR,19h13m,1,LAX,2480,20220407-0120,fast
6:39 am – 3:15 pm +1,American Airlines,EWR‐ICN,19h36m,1,DFW,5:25 pm – 11:28 pm,American Airlines,ICN‐EWR,19h03m,1,DFW,3220,20220407-0120,fast
7:00 am – 3:50 pm +1,"Delta, Korean Air",EWR‐ICN,19h50m,1,ATL,2:40 pm – 8:53 pm,"Asiana Airlines, United Airlines",ICN‐EWR,19h13m,1,LAX,2818,20220407-0120,fast
9:05 am – 5:10 pm +1,Air Canada,EWR‐ICN,19h05m,1,YYZ,4:00 pm – 11:00 pm,"Korean Air, JetBlue",ICN‐EWR,20h00m,1,SFO,3066,20220407-0120,fast
8:40 am – 4:25 pm +1,Korean Air,EWR‐ICN,18h45m,1,BOS,9:20 am – 4:43 pm,Korean Air,ICN‐EWR,20h23m,1,ATL,2641,20220407-0120,fast
8:00 am – 3:50 pm +1,Korean Air,EWR‐ICN,18h50m,1,ATL,9:20 am – 4:43 pm,Korean Air,ICN‐EWR,20h23m,1,ATL,2496,20220407-0120,fast
6:29 am – 2:55 pm +1,United Airlines,EWR‐ICN,19h26m,1,SFO,4:40 pm – 11:34 pm,United Airlines,ICN‐EWR,19h54m,2,"SFO, DEN",2295,20220407-0120,fast
6:29 am – 2:55 pm +1,United Airlines,EWR‐ICN,19h26m,1,SFO,4:40 pm – 11:42 pm,United Airlines,ICN‐EWR,20h02m,2,"SFO, IAD",2295,20220407-0120,fast
8:00 am – 4:20 pm +1,Korean Air,EWR‐ICN,19h20m,1,ATL,9:20 am – 4:43 pm,Korean Air,ICN‐EWR,20h23m,1,ATL,2745,20220407-0120,fast
6:39 am – 3:15 pm +1,American Airlines,EWR‐ICN,19h36m,1,DFW,5:25 pm – 12:40 am +1,American Airlines,ICN‐EWR,20h15m,2,"DFW, CLT",3223,20220407-0120,fast
6:00 am – 3:50 pm +1,"Delta, Korean Air",EWR‐ICN,20h50m,1,ATL,2:40 pm – 8:53 pm,"Asiana Airlines, United Airlines",ICN‐EWR,19h13m,1,LAX,2688,20220407-0120,fast
7:00 am – 3:50 pm +1,Korean Air,EWR‐ICN,19h50m,1,ATL,9:20 am – 4:43 pm,Korean Air,ICN‐EWR,20h23m,1,ATL,2496,20220407-0120,fast
