Out Time,Out Airline,Out Cities,Out Duration,Out Stops,Out Stop Cities,Return Time,Return Airline,Return Cities,Return Duration,Return Stops,Return Stop Cities,Price,timestamp,sort
6:00 am – 6:15 am +2,United Airlines,EWR‐SIN,36h15m,1,SFO,8:45 am – 7:23 pm,United Airlines,SIN‐EWR,22h38m,1,SFO,1032,20220407-1201,cheap
6:00 pm – 6:15 am +2,United Airlines,EWR‐SIN,24h15m,1,SFO,8:45 am – 7:54 am +1,United Airlines,SIN‐EWR,35h09m,1,SFO,1032,20220407-1201,cheap
6:00 am – 6:15 am +2,United Airlines,EWR‐SIN,36h15m,1,SFO,8:45 am – 8:08 pm,United Airlines,SIN‐EWR,23h23m,1,SFO,1032,20220407-1201,cheap
5:00 pm – 6:15 am +2,United Airlines,EWR‐SIN,25h15m,1,SFO,8:45 am – 7:54 am +1,United Airlines,SIN‐EWR,35h09m,1,SFO,1032,20220407-1201,cheap
6:00 am – 6:15 am +2,United Airlines,EWR‐SIN,36h15m,1,SFO,8:45 am – 9:08 pm,United Airlines,SIN‐EWR,24h23m,1,SFO,1032,20220407-1201,cheap
4:00 pm – 6:15 am +2,United Airlines,EWR‐SIN,26h15m,1,SFO,8:45 am – 7:54 am +1,United Airlines,SIN‐EWR,35h09m,1,SFO,1032,20220407-1201,cheap
6:00 am – 6:15 am +2,United Airlines,EWR‐SIN,36h15m,1,SFO,8:45 am – 10:08 pm,United Airlines,SIN‐EWR,25h23m,1,SFO,1032,20220407-1201,cheap
8:45 am – 11:40 pm +1,Korean Air,EWR‐SIN,26h55m,2,"ATL, ICN",1:10 am – 2:00 pm,Korean Air,SIN‐EWR,24h50m,2,"ICN, BOS",1057,20220407-1201,cheap
8:40 am – 11:40 pm +1,Korean Air,EWR‐SIN,27h00m,2,"BOS, ICN",1:10 am – 2:00 pm,Korean Air,SIN‐EWR,24h50m,2,"ICN, BOS",1096,20220407-1201,cheap
6:00 am – 6:15 am +2,United Airlines,EWR‐SIN,36h15m,1,SFO,8:45 am – 10:15 pm,United Airlines,SIN‐EWR,25h30m,2,"SFO, LAS",1103,20220407-1201,cheap
6:00 am – 6:15 am +2,United Airlines,EWR‐SIN,36h15m,1,SFO,8:45 am – 10:38 pm,United Airlines,SIN‐EWR,25h53m,2,"SFO, LAX",1103,20220407-1201,cheap
6:00 am – 6:15 am +2,United Airlines,EWR‐SIN,36h15m,1,SFO,8:45 am – 11:23 pm,United Airlines,SIN‐EWR,26h38m,2,"SFO, LAX",1103,20220407-1201,cheap
6:00 am – 6:15 am +2,United Airlines,EWR‐SIN,36h15m,1,SFO,8:45 am – 11:29 pm,United Airlines,SIN‐EWR,26h44m,2,"SFO, IAD",1103,20220407-1201,cheap
6:00 am – 6:15 am +2,United Airlines,EWR‐SIN,36h15m,1,SFO,8:45 am – 11:29 pm,United Airlines,SIN‐EWR,26h44m,2,"SFO, IAD",1103,20220407-1201,cheap
6:00 pm – 6:15 am +2,United Airlines,EWR‐SIN,24h15m,1,SFO,8:45 am – 7:23 pm,United Airlines,SIN‐EWR,22h38m,1,SFO,1125,20220407-1201,cheap
8:40 am – 11:40 pm +1,Korean Air,EWR‐SIN,27h00m,2,"BOS, ICN",1:10 am – 2:00 pm,Korean Air,SIN‐EWR,24h50m,2,"ICN, BOS",1096,20220407-1158,best
6:00 pm – 6:15 am +2,United Airlines,EWR‐SIN,24h15m,1,SFO,8:45 am – 7:23 pm,United Airlines,SIN‐EWR,22h38m,1,SFO,1125,20220407-1158,best
6:00 am – 6:15 am +2,United Airlines,EWR‐SIN,36h15m,1,SFO,8:45 am – 7:23 pm,United Airlines,SIN‐EWR,22h38m,1,SFO,1032,20220407-1158,best
11:35 am – 12:35 am +2,"United Airlines, ANA",EWR‐SIN,25h00m,1,NRT,8:45 am – 7:23 pm,United Airlines,SIN‐EWR,22h38m,1,SFO,1135,20220407-1158,best
6:00 pm – 6:15 am +2,United Airlines,EWR‐SIN,24h15m,1,SFO,8:45 am – 8:08 pm,United Airlines,SIN‐EWR,23h23m,1,SFO,1125,20220407-1158,best
5:00 pm – 6:15 am +2,United Airlines,EWR‐SIN,25h15m,1,SFO,8:45 am – 7:23 pm,United Airlines,SIN‐EWR,22h38m,1,SFO,1125,20220407-1158,best
5:00 pm – 6:15 am +2,United Airlines,EWR‐SIN,25h15m,1,SFO,8:45 am – 8:08 pm,United Airlines,SIN‐EWR,23h23m,1,SFO,1125,20220407-1158,best
3:00 pm – 6:15 am +2,United Airlines,EWR‐SIN,27h15m,1,SFO,8:45 am – 7:23 pm,United Airlines,SIN‐EWR,22h38m,1,SFO,1193,20220407-1158,best
12:00 pm – 6:15 am +2,United Airlines,EWR‐SIN,30h15m,1,SFO,8:45 am – 7:23 pm,United Airlines,SIN‐EWR,22h38m,1,SFO,1125,20220407-1158,best
11:35 am – 12:35 am +2,"United Airlines, ANA",EWR‐SIN,25h00m,1,NRT,8:45 am – 10:15 pm,United Airlines,SIN‐EWR,25h30m,2,"SFO, LAS",1206,20220407-1158,best
8:45 am – 11:40 pm +1,Korean Air,EWR‐SIN,26h55m,2,"ATL, ICN",1:10 am – 2:00 pm,Korean Air,SIN‐EWR,24h50m,2,"ICN, BOS",1057,20220407-1158,best
8:40 am – 11:40 pm +1,Korean Air,EWR‐SIN,27h00m,2,"BOS, ICN",1:10 am – 2:00 pm,Korean Air,SIN‐EWR,24h50m,2,"ICN, BOS",1096,20220407-1158,best
6:00 pm – 6:15 am +2,United Airlines,EWR‐SIN,24h15m,1,SFO,8:45 am – 7:54 am +1,United Airlines,SIN‐EWR,35h09m,1,SFO,1032,20220407-1158,best
6:00 am – 6:15 am +2,United Airlines,EWR‐SIN,36h15m,1,SFO,8:45 am – 8:08 pm,United Airlines,SIN‐EWR,23h23m,1,SFO,1032,20220407-1158,best
5:00 pm – 6:15 am +2,United Airlines,EWR‐SIN,25h15m,1,SFO,8:45 am – 7:54 am +1,United Airlines,SIN‐EWR,35h09m,1,SFO,1032,20220407-1158,best
6:00 am – 6:15 am +2,United Airlines,EWR‐SIN,36h15m,1,SFO,8:45 am – 9:08 pm,United Airlines,SIN‐EWR,24h23m,1,SFO,1032,20220407-1158,best
10:25 am – 5:10 pm +1,Singapore Airlines,EWR‐SIN,18h45m,0,,11:35 pm – 6:00 am +1,Singapore Airlines,SIN‐EWR,18h25m,0,,1948,20220407-1203,fast
6:00 pm – 6:15 am +2,United Airlines,EWR‐SIN,24h15m,1,SFO,11:35 pm – 6:00 am +1,Singapore Airlines,SIN‐EWR,18h25m,0,,1594,20220407-1203,fast
10:25 am – 5:10 pm +1,Singapore Airlines,EWR‐SIN,18h45m,0,,6:40 pm – 6:59 am +1,Singapore Airlines,SIN‐EWR,24h19m,1,SFO,2076,20220407-1203,fast
10:25 am – 5:10 pm +1,Singapore Airlines,EWR‐SIN,18h45m,0,,6:40 pm – 7:10 am +1,Singapore Airlines,SIN‐EWR,24h30m,1,LAX,2186,20220407-1203,fast
11:35 am – 12:35 am +2,ANA,EWR‐SIN,25h00m,1,NRT,11:35 pm – 6:00 am +1,Singapore Airlines,SIN‐EWR,18h25m,0,,1995,20220407-1203,fast
5:00 pm – 6:15 am +2,United Airlines,EWR‐SIN,25h15m,1,SFO,11:35 pm – 6:00 am +1,Singapore Airlines,SIN‐EWR,18h25m,0,,1594,20220407-1203,fast
10:55 am – 12:35 am +2,ANA,EWR‐SIN,25h40m,1,HND-NRT,11:35 pm – 6:00 am +1,Singapore Airlines,SIN‐EWR,18h25m,0,,2004,20220407-1203,fast
3:59 pm – 5:45 am +2,Singapore Airlines,EWR‐SIN,25h46m,1,SFO,11:35 pm – 6:00 am +1,Singapore Airlines,SIN‐EWR,18h25m,0,,2431,20220407-1203,fast
9:26 am – 12:20 am +2,"JetBlue, Japan Airlines",EWR‐SIN,26h54m,2,"BOS, NRT",11:35 pm – 6:00 am +1,Singapore Airlines,SIN‐EWR,18h25m,0,,1551,20220407-1203,fast
8:45 am – 11:40 pm +1,Korean Air,EWR‐SIN,26h55m,2,"ATL, ICN",11:35 pm – 6:00 am +1,Singapore Airlines,SIN‐EWR,18h25m,0,,1571,20220407-1203,fast
8:55 pm – 7:00 am +2,Lufthansa,EWR‐SIN,22h05m,1,MUC,12:30 am – 12:25 pm,Lufthansa,SIN‐EWR,23h55m,1,MUC,2452,20220407-1203,fast
9:35 pm – 7:30 am +2,"British Airways, Singapore Airlines",EWR‐SIN,21h55m,1,LHR,6:40 pm – 6:59 am +1,Singapore Airlines,SIN‐EWR,24h19m,1,SFO,4972,20220407-1203,fast
8:55 pm – 7:00 am +2,Lufthansa,EWR‐SIN,22h05m,1,MUC,6:40 pm – 6:59 am +1,Singapore Airlines,SIN‐EWR,24h19m,1,SFO,3428,20220407-1203,fast
8:15 am – 12:20 am +2,"American Airlines, Japan Airlines",EWR‐SIN,28h05m,2,"DFW, NRT",11:35 pm – 6:00 am +1,Singapore Airlines,SIN‐EWR,18h25m,0,,1551,20220407-1203,fast
9:00 am – 1:15 am +2,Singapore Airlines,EWR‐SIN,28h15m,2,"LAX, NRT",11:35 pm – 6:00 am +1,Singapore Airlines,SIN‐EWR,18h25m,0,,1922,20220407-1203,fast
