Out Time,Out Airline,Out Cities,Out Duration,Out Stops,Out Stop Cities,Return Time,Return Airline,Return Cities,Return Duration,Return Stops,Return Stop Cities,Price,timestamp,sort
7:40 pm – 6:25 am +2,LOT,EWR‐ICN,21h45m,1,WAW,8:05 am – 5:50 pm +2,LOT,ICN‐EWR,70h45m,2,"WAW, RZE",1347,20220406-2136,cheap
6:00 am – 4:30 pm +1,Korean Air,EWR‐ICN,21h30m,1,DTW,10:45 am – 3:43 pm,Korean Air,ICN‐EWR,17h58m,1,DTW,1615,20220406-2136,cheap
9:30 am – 4:30 pm +1,Korean Air,EWR‐ICN,18h00m,1,DTW,10:45 am – 3:43 pm,Korean Air,ICN‐EWR,17h58m,1,DTW,1616,20220406-2136,cheap
8:15 am – 9:05 am +2,"Japan Airlines, Bamboo Airways",EWR‐ICN,35h50m,3,"LAX, NRT, ...",1:30 am – 8:21 pm,"Qatar Airways, Amtrak",ICN‐EWR,31h51m,2,"DOH, PHL-PHL",1638,20220406-2136,cheap
8:00 am – 3:40 pm +1,Air Canada,EWR‐ICN,18h40m,1,YYZ,6:00 pm – 8:34 am +1,Air Canada,ICN‐EWR,27h34m,2,"YVR, YUL",1655,20220406-2136,cheap
8:00 am – 3:40 pm +1,Air Canada,EWR‐ICN,18h40m,1,YYZ,6:00 pm – 9:57 am +1,Air Canada,ICN‐EWR,28h57m,2,"YVR, YUL",1655,20220406-2136,cheap
8:00 am – 3:40 pm +1,Air Canada,EWR‐ICN,18h40m,1,YYZ,6:00 pm – 9:57 am +1,Air Canada,ICN‐EWR,28h57m,2,"YVR, YUL",1655,20220406-2136,cheap
6:00 am – 3:40 pm +1,Air Canada,EWR‐ICN,20h40m,2,"YUL, YYZ",6:00 pm – 8:34 am +1,Air Canada,ICN‐EWR,27h34m,2,"YVR, YUL",1655,20220406-2136,cheap
6:00 am – 3:40 pm +1,Air Canada,EWR‐ICN,20h40m,1,YYZ,6:00 pm – 8:34 am +1,Air Canada,ICN‐EWR,27h34m,2,"YVR, YUL",1655,20220406-2136,cheap
8:00 am – 3:40 pm +1,Air Canada,EWR‐ICN,18h40m,1,YYZ,6:00 pm – 7:56 am +1,Air Canada,ICN‐EWR,26h56m,2,"YVR, YYZ",1661,20220406-2136,cheap
6:00 am – 3:40 pm +1,Air Canada,EWR‐ICN,20h40m,1,YYZ,6:00 pm – 7:56 am +1,Air Canada,ICN‐EWR,26h56m,2,"YVR, YYZ",1661,20220406-2136,cheap
6:00 am – 3:40 pm +1,Air Canada,EWR‐ICN,20h40m,2,"YUL, YYZ",6:00 pm – 7:56 am +1,Air Canada,ICN‐EWR,26h56m,2,"YVR, YYZ",1661,20220406-2136,cheap
8:00 am – 3:40 pm +1,Air Canada,EWR‐ICN,18h40m,1,YYZ,6:00 pm – 10:11 am +1,Air Canada,ICN‐EWR,29h11m,2,"YVR, YYZ",1661,20220406-2136,cheap
8:00 am – 3:40 pm +1,Air Canada,EWR‐ICN,18h40m,1,YYZ,6:00 pm – 10:11 am +1,Air Canada,ICN‐EWR,29h11m,2,"YVR, YYZ",1661,20220406-2136,cheap
6:00 am – 4:30 pm +1,Delta,EWR‐ICN,21h30m,1,DTW,10:45 am – 3:43 pm,Delta,ICN‐EWR,17h58m,1,DTW,1665,20220406-2136,cheap
9:30 am – 4:30 pm +1,Korean Air,EWR‐ICN,18h00m,1,DTW,10:45 am – 3:43 pm,Korean Air,ICN‐EWR,17h58m,1,DTW,1668,20220406-2134,best
9:30 am – 4:30 pm +1,Korean Air,EWR‐ICN,18h00m,1,DTW,10:45 am – 3:43 pm,Korean Air,ICN‐EWR,17h58m,1,DTW,1616,20220406-2134,best
7:40 pm – 6:25 am +2,LOT,EWR‐ICN,21h45m,1,WAW,8:05 am – 5:50 pm +2,LOT,ICN‐EWR,70h45m,2,"WAW, RZE",1347,20220406-2134,best
6:00 am – 4:30 pm +1,Korean Air,EWR‐ICN,21h30m,1,DTW,10:45 am – 3:43 pm,Korean Air,ICN‐EWR,17h58m,1,DTW,1615,20220406-2134,best
6:00 am – 4:30 pm +1,Delta,EWR‐ICN,21h30m,1,DTW,10:45 am – 3:43 pm,Delta,ICN‐EWR,17h58m,1,DTW,1665,20220406-2134,best
6:34 am – 3:15 pm +1,American Airlines,EWR‐ICN,19h41m,1,DFW,5:25 pm – 10:00 pm,American Airlines,ICN‐EWR,17h35m,1,DFW,2012,20220406-2134,best
6:34 am – 3:15 pm +1,American Airlines,EWR‐ICN,19h41m,1,DFW,5:25 pm – 11:28 pm,American Airlines,ICN‐EWR,19h03m,1,DFW,2012,20220406-2134,best
9:30 am – 4:30 pm +1,Korean Air,EWR‐ICN,18h00m,1,DTW,9:20 am – 4:43 pm,Korean Air,ICN‐EWR,20h23m,1,ATL,2113,20220406-2134,best
9:30 am – 4:30 pm +1,Delta,EWR‐ICN,18h00m,1,DTW,10:45 am – 12:22 am +1,Delta,ICN‐EWR,26h37m,1,DTW,1665,20220406-2134,best
9:30 am – 4:30 pm +1,Korean Air,EWR‐ICN,18h00m,1,DTW,5:25 pm – 10:00 pm,"Korean Air, American Airlines",ICN‐EWR,17h35m,1,DFW,2342,20220406-2134,best
9:30 am – 4:30 pm +1,Korean Air,EWR‐ICN,18h00m,1,DTW,5:25 pm – 11:28 pm,"Korean Air, American Airlines",ICN‐EWR,19h03m,1,DFW,2342,20220406-2134,best
7:00 am – 5:05 pm +1,"Delta, Korean Air",EWR‐ICN,21h05m,1,ATL,10:45 am – 3:43 pm,Korean Air,ICN‐EWR,17h58m,1,DTW,2192,20220406-2134,best
8:00 am – 3:40 pm +1,Air Canada,EWR‐ICN,18h40m,1,YYZ,6:00 pm – 7:56 am +1,Air Canada,ICN‐EWR,26h56m,2,"YVR, YYZ",1661,20220406-2134,best
8:00 am – 3:40 pm +1,Air Canada,EWR‐ICN,18h40m,1,YYZ,6:00 pm – 7:56 am +1,Air Canada,ICN‐EWR,26h56m,2,"YVR, YYZ",1683,20220406-2134,best
8:00 am – 3:40 pm +1,Air Canada,EWR‐ICN,18h40m,1,YYZ,6:00 pm – 7:56 am +1,Air Canada,ICN‐EWR,26h56m,2,"YVR, YYZ",1683,20220406-2134,best
8:00 am – 3:40 pm +1,Air Canada,EWR‐ICN,18h40m,1,YYZ,6:00 pm – 8:34 am +1,Air Canada,ICN‐EWR,27h34m,2,"YVR, YUL",1655,20220406-2134,best
6:00 am – 5:05 pm +1,"Delta, Korean Air",EWR‐ICN,22h05m,1,ATL,10:45 am – 3:43 pm,Korean Air,ICN‐EWR,17h58m,1,DTW,2192,20220406-2134,best
9:30 am – 4:30 pm +1,Korean Air,EWR‐ICN,18h00m,1,DTW,5:25 pm – 10:00 pm,"Korean Air, American Airlines",ICN‐EWR,17h35m,1,DFW,2342,20220406-2139,fast
9:30 am – 4:30 pm +1,Korean Air,EWR‐ICN,18h00m,1,DTW,10:45 am – 3:43 pm,Korean Air,ICN‐EWR,17h58m,1,DTW,1616,20220406-2139,fast
11:25 am – 5:30 pm +1,"ANA, Korean Air",EWR‐ICN,17h05m,1,NRT,2:40 pm – 8:54 pm,Asiana Airlines,ICN‐EWR,19h14m,1,LAX,7034,20220406-2139,fast
9:30 am – 4:30 pm +1,Korean Air,EWR‐ICN,18h00m,1,DTW,5:25 pm – 11:28 pm,"Korean Air, American Airlines",ICN‐EWR,19h03m,1,DFW,2342,20220406-2139,fast
9:30 am – 4:30 pm +1,"Delta, Korean Air",EWR‐ICN,18h00m,1,DTW,2:40 pm – 8:54 pm,Asiana Airlines,ICN‐EWR,19h14m,1,LAX,4695,20220406-2139,fast
9:30 am – 4:30 pm +1,"Delta, Korean Air",EWR‐ICN,18h00m,1,DTW,9:35 am – 3:50 pm,"Korean Air, Air Canada",ICN‐EWR,19h15m,1,YYZ,2863,20220406-2139,fast
6:34 am – 3:15 pm +1,American Airlines,EWR‐ICN,19h41m,1,DFW,5:25 pm – 10:00 pm,American Airlines,ICN‐EWR,17h35m,1,DFW,2012,20220406-2139,fast
6:30 am – 2:55 pm +1,United Airlines,EWR‐ICN,19h25m,1,SFO,4:50 pm – 9:44 pm,United Airlines,ICN‐EWR,17h54m,1,SFO,4803,20220406-2139,fast
11:25 am – 5:30 pm +1,"ANA, Korean Air",EWR‐ICN,17h05m,1,NRT,9:20 am – 4:43 pm,"Korean Air, Delta",ICN‐EWR,20h23m,1,ATL,5202,20220406-2139,fast
8:00 am – 3:40 pm +1,Air Canada,EWR‐ICN,18h40m,1,YYZ,2:40 pm – 8:54 pm,Asiana Airlines,ICN‐EWR,19h14m,1,LAX,3560,20220406-2139,fast
9:30 am – 4:30 pm +1,Korean Air,EWR‐ICN,18h00m,1,DTW,9:20 am – 4:43 pm,Korean Air,ICN‐EWR,20h23m,1,ATL,2113,20220406-2139,fast
6:34 am – 3:15 pm +1,American Airlines,EWR‐ICN,19h41m,1,DFW,5:25 pm – 11:28 pm,American Airlines,ICN‐EWR,19h03m,1,DFW,2012,20220406-2139,fast
6:30 am – 2:55 pm +1,United Airlines,EWR‐ICN,19h25m,1,SFO,4:50 pm – 11:09 pm,United Airlines,ICN‐EWR,19h19m,1,SFO,5361,20220406-2139,fast
7:00 am – 5:05 pm +1,"Delta, Korean Air",EWR‐ICN,21h05m,1,ATL,10:45 am – 3:43 pm,Korean Air,ICN‐EWR,17h58m,1,DTW,2192,20220406-2139,fast
8:00 am – 3:40 pm +1,Air Canada,EWR‐ICN,18h40m,1,YYZ,9:20 am – 4:43 pm,"Korean Air, Delta",ICN‐EWR,20h23m,1,ATL,3209,20220406-2139,fast
