Out Time,Out Airline,Out Cities,Out Duration,Out Stops,Out Stop Cities,Return Time,Return Airline,Return Cities,Return Duration,Return Stops,Return Stop Cities,Price,timestamp,sort
6:00 am – 4:15 pm +1,Air Canada,EWR‐ICN,21h15m,2,"YUL, YVR",5:50 pm – 8:34 am +1,Air Canada,ICN‐EWR,27h44m,2,"YVR, YUL",1349,20220406-2143,cheap
10:55 pm – 6:25 am +3,"French Bee, LOT",EWR‐ICN,42h30m,2,"ORY-CDG, WAW",1:30 am – 10:26 pm,Multiple Airlines,ICN‐EWR,33h56m,3,"DOH, BOS-BOS, ...",1433,20220406-2143,cheap
6:34 am – 3:15 pm +1,American Airlines,EWR‐ICN,19h41m,1,DFW,5:25 pm – 10:00 pm,American Airlines,ICN‐EWR,17h35m,1,DFW,1623,20220406-2143,cheap
6:34 am – 3:15 pm +1,American Airlines,EWR‐ICN,19h41m,1,DFW,5:25 pm – 11:28 pm,American Airlines,ICN‐EWR,19h03m,1,DFW,1623,20220406-2143,cheap
6:00 am – 3:15 pm +1,Delta,EWR‐ICN,20h15m,2,"DTW, SEA",7:40 pm – 8:42 am +1,Delta,ICN‐EWR,26h02m,2,"LAX, DTW",1744,20220406-2143,cheap
6:00 am – 3:15 pm +1,Delta,EWR‐ICN,20h15m,2,"DTW, SEA",7:40 pm – 8:42 am +1,Delta,ICN‐EWR,26h02m,2,"LAX, DTW",1744,20220406-2143,cheap
9:00 am – 4:25 pm +1,Delta,EWR‐ICN,18h25m,1,BOS,7:40 pm – 8:42 am +1,Delta,ICN‐EWR,26h02m,2,"LAX, DTW",1819,20220406-2143,cheap
9:00 am – 4:25 pm +1,Delta,EWR‐ICN,18h25m,1,BOS,7:40 pm – 8:42 am +1,Delta,ICN‐EWR,26h02m,2,"LAX, DTW",1819,20220406-2143,cheap
6:00 am – 3:15 pm +1,Delta,EWR‐ICN,20h15m,2,"DTW, SEA",2:30 pm – 11:01 pm,Delta,ICN‐EWR,21h31m,2,"LAX, ATL",1844,20220406-2143,cheap
6:00 am – 3:15 pm +1,Delta,EWR‐ICN,20h15m,2,"DTW, SEA",2:30 pm – 11:01 pm,Delta,ICN‐EWR,21h31m,2,"LAX, ATL",1844,20220406-2143,cheap
6:00 am – 3:15 pm +1,Delta,EWR‐ICN,20h15m,2,"DTW, SEA",2:30 pm – 11:28 pm,Delta,ICN‐EWR,21h58m,2,"LAX, MSP",1844,20220406-2143,cheap
6:00 am – 3:15 pm +1,Delta,EWR‐ICN,20h15m,2,"DTW, SEA",2:30 pm – 11:28 pm,Delta,ICN‐EWR,21h58m,2,"LAX, MSP",1844,20220406-2143,cheap
6:00 am – 3:15 pm +1,Delta,EWR‐ICN,20h15m,2,"DTW, SEA",2:30 pm – 12:22 am +1,Delta,ICN‐EWR,22h52m,2,"LAX, DTW",1844,20220406-2143,cheap
6:00 am – 3:15 pm +1,Delta,EWR‐ICN,20h15m,2,"DTW, SEA",2:30 pm – 12:22 am +1,Delta,ICN‐EWR,22h52m,2,"LAX, DTW",1844,20220406-2143,cheap
6:00 am – 3:15 pm +1,Delta,EWR‐ICN,20h15m,2,"DTW, SEA",2:30 pm – 12:59 am +1,Delta,ICN‐EWR,23h29m,2,"LAX, ATL",1844,20220406-2143,cheap
8:00 am – 3:50 pm +1,Korean Air,EWR‐ICN,18h50m,1,ATL,9:30 am – 3:35 pm,Korean Air,ICN‐EWR,19h05m,1,BOS,2143,20220406-2141,best
6:34 am – 3:15 pm +1,American Airlines,EWR‐ICN,19h41m,1,DFW,5:25 pm – 10:00 pm,American Airlines,ICN‐EWR,17h35m,1,DFW,1623,20220406-2141,best
6:00 am – 4:15 pm +1,Air Canada,EWR‐ICN,21h15m,2,"YUL, YVR",5:50 pm – 8:34 am +1,Air Canada,ICN‐EWR,27h44m,2,"YVR, YUL",1349,20220406-2141,best
6:34 am – 3:15 pm +1,American Airlines,EWR‐ICN,19h41m,1,DFW,5:25 pm – 11:28 pm,American Airlines,ICN‐EWR,19h03m,1,DFW,1623,20220406-2141,best
6:30 am – 2:55 pm +1,United Airlines,EWR‐ICN,19h25m,1,SFO,4:50 pm – 9:44 pm,United Airlines,ICN‐EWR,17h54m,1,SFO,1941,20220406-2141,best
6:30 am – 2:55 pm +1,United Airlines,EWR‐ICN,19h25m,1,SFO,4:50 pm – 11:09 pm,United Airlines,ICN‐EWR,19h19m,1,SFO,1941,20220406-2141,best
9:00 am – 5:40 pm +1,Korean Air,EWR‐ICN,19h40m,1,BOS,9:30 am – 3:35 pm,Korean Air,ICN‐EWR,19h05m,1,BOS,1971,20220406-2141,best
7:00 am – 3:50 pm +1,"Delta, Korean Air",EWR‐ICN,19h50m,1,ATL,9:30 am – 3:35 pm,"Korean Air, Delta",ICN‐EWR,19h05m,1,BOS,1966,20220406-2141,best
7:00 am – 3:50 pm +1,Korean Air,EWR‐ICN,19h50m,1,ATL,9:30 am – 3:35 pm,Korean Air,ICN‐EWR,19h05m,1,BOS,1977,20220406-2141,best
8:00 am – 3:50 pm +1,Korean Air,EWR‐ICN,18h50m,1,ATL,9:30 am – 3:35 pm,Korean Air,ICN‐EWR,19h05m,1,BOS,2066,20220406-2141,best
6:30 am – 2:55 pm +1,United Airlines,EWR‐ICN,19h25m,1,SFO,4:50 pm – 12:44 am +1,United Airlines,ICN‐EWR,20h54m,1,SFO,1941,20220406-2141,best
8:00 am – 5:05 pm +1,Korean Air,EWR‐ICN,20h05m,1,ATL,9:30 am – 3:35 pm,Korean Air,ICN‐EWR,19h05m,1,BOS,2065,20220406-2141,best
5:00 am – 2:55 pm +1,United Airlines,EWR‐ICN,20h55m,2,"ORD, SFO",4:50 pm – 9:44 pm,United Airlines,ICN‐EWR,17h54m,1,SFO,1941,20220406-2141,best
6:00 am – 3:50 pm +1,"Delta, Korean Air",EWR‐ICN,20h50m,1,ATL,9:30 am – 3:35 pm,"Korean Air, Delta",ICN‐EWR,19h05m,1,BOS,2041,20220406-2141,best
7:00 am – 5:05 pm +1,Korean Air,EWR‐ICN,21h05m,1,ATL,9:30 am – 3:35 pm,Korean Air,ICN‐EWR,19h05m,1,BOS,2065,20220406-2141,best
6:00 am – 3:15 pm +1,Delta,EWR‐ICN,20h15m,2,"DTW, SEA",2:30 pm – 11:01 pm,Delta,ICN‐EWR,21h31m,2,"LAX, ATL",1844,20220406-2141,best
9:00 am – 5:40 pm +1,Korean Air,EWR‐ICN,19h40m,1,BOS,5:25 pm – 10:00 pm,"Korean Air, American Airlines",ICN‐EWR,17h35m,1,DFW,2317,20220406-2146,fast
6:34 am – 3:15 pm +1,American Airlines,EWR‐ICN,19h41m,1,DFW,5:25 pm – 10:00 pm,American Airlines,ICN‐EWR,17h35m,1,DFW,1623,20220406-2146,fast
6:30 am – 2:55 pm +1,United Airlines,EWR‐ICN,19h25m,1,SFO,4:50 pm – 9:44 pm,United Airlines,ICN‐EWR,17h54m,1,SFO,1941,20220406-2146,fast
8:00 am – 3:50 pm +1,Korean Air,EWR‐ICN,18h50m,1,ATL,9:30 am – 3:35 pm,Korean Air,ICN‐EWR,19h05m,1,BOS,2066,20220406-2146,fast
11:25 am – 7:55 pm +1,"ANA, Korean Air",EWR‐ICN,19h30m,1,NRT,9:20 am – 3:04 pm,Korean Air,ICN‐EWR,18h44m,1,ATL,6355,20220406-2146,fast
7:00 am – 3:50 pm +1,"Delta, Korean Air",EWR‐ICN,19h50m,1,ATL,9:20 am – 3:04 pm,Korean Air,ICN‐EWR,18h44m,1,ATL,2242,20220406-2146,fast
11:25 am – 7:55 pm +1,"ANA, Korean Air",EWR‐ICN,19h30m,1,NRT,9:30 am – 3:35 pm,Korean Air,ICN‐EWR,19h05m,1,BOS,6355,20220406-2146,fast
9:00 am – 5:40 pm +1,Korean Air,EWR‐ICN,19h40m,1,BOS,5:25 pm – 11:28 pm,"Korean Air, American Airlines",ICN‐EWR,19h03m,1,DFW,2317,20220406-2146,fast
6:34 am – 3:15 pm +1,American Airlines,EWR‐ICN,19h41m,1,DFW,5:25 pm – 11:28 pm,American Airlines,ICN‐EWR,19h03m,1,DFW,1623,20220406-2146,fast
6:30 am – 2:55 pm +1,United Airlines,EWR‐ICN,19h25m,1,SFO,4:50 pm – 11:09 pm,United Airlines,ICN‐EWR,19h19m,1,SFO,1941,20220406-2146,fast
9:00 am – 5:40 pm +1,Korean Air,EWR‐ICN,19h40m,1,BOS,9:30 am – 3:35 pm,Korean Air,ICN‐EWR,19h05m,1,BOS,1971,20220406-2146,fast
5:00 am – 2:55 pm +1,United Airlines,EWR‐ICN,20h55m,2,"ORD, SFO",4:50 pm – 9:44 pm,United Airlines,ICN‐EWR,17h54m,1,SFO,1941,20220406-2146,fast
7:00 am – 3:50 pm +1,"Delta, Korean Air",EWR‐ICN,19h50m,1,ATL,9:30 am – 3:35 pm,"Korean Air, Delta",ICN‐EWR,19h05m,1,BOS,1966,20220406-2146,fast
7:00 am – 3:50 pm +1,Korean Air,EWR‐ICN,19h50m,1,ATL,9:30 am – 3:35 pm,Korean Air,ICN‐EWR,19h05m,1,BOS,1977,20220406-2146,fast
7:00 am – 3:50 pm +1,"Delta, Korean Air",EWR‐ICN,19h50m,1,ATL,2:30 pm – 8:35 pm,"Korean Air, JetBlue",ICN‐EWR,19h05m,1,LAX,2905,20220406-2146,fast
