Out Time,Out Airline,Out Cities,Out Duration,Out Stops,Out Stop Cities,Return Time,Return Airline,Return Cities,Return Duration,Return Stops,Return Stop Cities,Price,timestamp,sort
6:34 am – 3:15 pm +1,American Airlines,EWR‐ICN,19h41m,1,DFW,5:25 pm – 10:00 pm,American Airlines,ICN‐EWR,17h35m,1,DFW,1330,20220406-2121,cheap
6:34 am – 3:15 pm +1,American Airlines,EWR‐ICN,19h41m,1,DFW,5:25 pm – 11:28 pm,American Airlines,ICN‐EWR,19h03m,1,DFW,1330,20220406-2121,cheap
6:34 am – 3:15 pm +1,American Airlines,EWR‐ICN,19h41m,1,DFW,5:25 pm – 6:35 am +1,American Airlines,ICN‐EWR,26h10m,2,"DFW, PHX",1334,20220406-2121,cheap
6:34 am – 3:15 pm +1,American Airlines,EWR‐ICN,19h41m,1,DFW,5:25 pm – 6:35 am +1,American Airlines,ICN‐EWR,26h10m,2,"DFW, PHX",1374,20220406-2121,cheap
7:42 pm – 3:15 pm +2,American Airlines,EWR‐ICN,30h33m,2,"ORD, DFW",5:25 pm – 10:00 pm,American Airlines,ICN‐EWR,17h35m,1,DFW,1424,20220406-2121,cheap
7:42 pm – 3:15 pm +2,American Airlines,EWR‐ICN,30h33m,2,"ORD, DFW",5:25 pm – 10:00 pm,American Airlines,ICN‐EWR,17h35m,1,DFW,1424,20220406-2121,cheap
6:34 am – 3:15 pm +1,American Airlines,EWR‐ICN,19h41m,1,DFW,5:25 pm – 6:35 am +1,American Airlines,ICN‐EWR,26h10m,2,"DFW, PHX",1567,20220406-2121,cheap
9:30 am – 4:30 pm +1,Korean Air,EWR‐ICN,18h00m,1,DTW,4:50 pm – 12:44 am +1,United Airlines,ICN‐EWR,20h54m,1,SFO,1591,20220406-2121,cheap
8:00 am – 3:50 pm +1,Korean Air,EWR‐ICN,18h50m,1,ATL,4:50 pm – 12:44 am +1,United Airlines,ICN‐EWR,20h54m,1,SFO,1591,20220406-2121,cheap
6:30 am – 2:55 pm +1,United Airlines,EWR‐ICN,19h25m,1,SFO,4:50 pm – 9:44 pm,United Airlines,ICN‐EWR,17h54m,1,SFO,1691,20220406-2121,cheap
6:30 am – 2:55 pm +1,United Airlines,EWR‐ICN,19h25m,1,SFO,4:50 pm – 11:09 pm,United Airlines,ICN‐EWR,19h19m,1,SFO,1691,20220406-2121,cheap
5:00 am – 2:55 pm +1,United Airlines,EWR‐ICN,20h55m,2,"ORD, SFO",4:50 pm – 9:44 pm,United Airlines,ICN‐EWR,17h54m,1,SFO,1691,20220406-2121,cheap
5:00 am – 2:55 pm +1,United Airlines,EWR‐ICN,20h55m,2,"ORD, SFO",4:50 pm – 11:09 pm,United Airlines,ICN‐EWR,19h19m,1,SFO,1691,20220406-2121,cheap
6:30 am – 2:55 pm +1,United Airlines,EWR‐ICN,19h25m,1,SFO,4:50 pm – 12:44 am +1,United Airlines,ICN‐EWR,20h54m,1,SFO,1691,20220406-2121,cheap
5:00 am – 2:55 pm +1,United Airlines,EWR‐ICN,20h55m,2,"ORD, SFO",4:50 pm – 12:44 am +1,United Airlines,ICN‐EWR,20h54m,1,SFO,1691,20220406-2121,cheap
6:34 am – 3:15 pm +1,American Airlines,EWR‐ICN,19h41m,1,DFW,5:25 pm – 10:00 pm,American Airlines,ICN‐EWR,17h35m,1,DFW,1330,20220406-2118,best
6:34 am – 3:15 pm +1,American Airlines,EWR‐ICN,19h41m,1,DFW,5:25 pm – 11:28 pm,American Airlines,ICN‐EWR,19h03m,1,DFW,1330,20220406-2118,best
6:30 am – 2:55 pm +1,United Airlines,EWR‐ICN,19h25m,1,SFO,4:50 pm – 9:44 pm,United Airlines,ICN‐EWR,17h54m,1,SFO,1691,20220406-2118,best
6:30 am – 2:55 pm +1,United Airlines,EWR‐ICN,19h25m,1,SFO,4:50 pm – 11:09 pm,United Airlines,ICN‐EWR,19h19m,1,SFO,1691,20220406-2118,best
6:30 am – 2:55 pm +1,United Airlines,EWR‐ICN,19h25m,1,SFO,4:50 pm – 12:44 am +1,United Airlines,ICN‐EWR,20h54m,1,SFO,1691,20220406-2118,best
6:30 am – 2:55 pm +1,United Airlines,EWR‐ICN,19h25m,1,SFO,4:50 pm – 11:19 pm,United Airlines,ICN‐EWR,19h29m,2,"SFO, DEN",1790,20220406-2118,best
5:00 am – 2:55 pm +1,United Airlines,EWR‐ICN,20h55m,2,"ORD, SFO",4:50 pm – 9:44 pm,United Airlines,ICN‐EWR,17h54m,1,SFO,1691,20220406-2118,best
9:30 am – 4:30 pm +1,Korean Air,EWR‐ICN,18h00m,1,DTW,9:20 am – 3:04 pm,Korean Air,ICN‐EWR,18h44m,1,ATL,2018,20220406-2118,best
6:34 am – 3:15 pm +1,American Airlines,EWR‐ICN,19h41m,1,DFW,5:25 pm – 6:35 am +1,American Airlines,ICN‐EWR,26h10m,2,"DFW, PHX",1334,20220406-2118,best
6:30 am – 2:55 pm +1,United Airlines,EWR‐ICN,19h25m,1,SFO,4:50 pm – 11:28 pm,United Airlines,ICN‐EWR,19h38m,2,"SFO, IAD",1790,20220406-2118,best
6:30 am – 2:55 pm +1,United Airlines,EWR‐ICN,19h25m,1,SFO,4:50 pm – 11:55 pm,United Airlines,ICN‐EWR,20h05m,2,"SFO, IAH",1790,20220406-2118,best
6:34 am – 3:15 pm +1,American Airlines,EWR‐ICN,19h41m,1,DFW,5:25 pm – 6:35 am +1,American Airlines,ICN‐EWR,26h10m,2,"DFW, PHX",1374,20220406-2118,best
6:30 am – 2:55 pm +1,United Airlines,EWR‐ICN,19h25m,1,SFO,4:50 pm – 12:17 am +1,United Airlines,ICN‐EWR,20h27m,2,"SFO, LAX",1790,20220406-2118,best
8:00 am – 3:50 pm +1,Korean Air,EWR‐ICN,18h50m,1,ATL,9:20 am – 3:04 pm,Korean Air,ICN‐EWR,18h44m,1,ATL,2019,20220406-2118,best
5:00 am – 2:55 pm +1,United Airlines,EWR‐ICN,20h55m,2,"ORD, SFO",4:50 pm – 11:09 pm,United Airlines,ICN‐EWR,19h19m,1,SFO,1691,20220406-2118,best
9:30 am – 4:30 pm +1,Korean Air,EWR‐ICN,18h00m,1,DTW,5:25 pm – 10:00 pm,"Korean Air, American Airlines",ICN‐EWR,17h35m,1,DFW,2242,20220406-2123,fast
9:30 am – 4:30 pm +1,"Delta, Korean Air",EWR‐ICN,18h00m,1,DTW,12:00 pm – 4:40 pm,"Asiana Airlines, ANA",ICN‐EWR,17h40m,1,NRT,7713,20220406-2123,fast
8:00 am – 3:50 pm +1,Korean Air,EWR‐ICN,18h50m,1,ATL,5:25 pm – 10:00 pm,"Korean Air, American Airlines",ICN‐EWR,17h35m,1,DFW,2242,20220406-2123,fast
9:30 am – 4:30 pm +1,Korean Air,EWR‐ICN,18h00m,1,DTW,12:30 pm – 6:00 pm,"Korean Air, Alaska Airlines",ICN‐EWR,18h30m,1,SEA,2539,20220406-2123,fast
9:30 am – 4:30 pm +1,Korean Air,EWR‐ICN,18h00m,1,DTW,9:20 am – 3:04 pm,Korean Air,ICN‐EWR,18h44m,1,ATL,2018,20220406-2123,fast
6:34 am – 3:15 pm +1,American Airlines,EWR‐ICN,19h41m,1,DFW,5:25 pm – 10:00 pm,American Airlines,ICN‐EWR,17h35m,1,DFW,1330,20220406-2123,fast
6:30 am – 2:55 pm +1,United Airlines,EWR‐ICN,19h25m,1,SFO,4:50 pm – 9:44 pm,United Airlines,ICN‐EWR,17h54m,1,SFO,1691,20220406-2123,fast
8:00 am – 3:50 pm +1,Korean Air,EWR‐ICN,18h50m,1,ATL,12:30 pm – 6:00 pm,"Korean Air, Alaska Airlines",ICN‐EWR,18h30m,1,SEA,2539,20220406-2123,fast
7:59 am – 3:40 pm +1,Air Canada,EWR‐ICN,18h41m,1,YYZ,9:20 am – 3:04 pm,"Korean Air, Delta",ICN‐EWR,18h44m,1,ATL,3147,20220406-2123,fast
7:00 am – 3:50 pm +1,"Delta, Korean Air",EWR‐ICN,19h50m,1,ATL,12:00 pm – 4:40 pm,"Asiana Airlines, ANA",ICN‐EWR,17h40m,1,NRT,7810,20220406-2123,fast
8:00 am – 3:50 pm +1,Korean Air,EWR‐ICN,18h50m,1,ATL,9:20 am – 3:04 pm,Korean Air,ICN‐EWR,18h44m,1,ATL,2019,20220406-2123,fast
7:59 am – 3:40 pm +1,Air Canada,EWR‐ICN,18h41m,1,YYZ,4:50 pm – 11:09 pm,United Airlines,ICN‐EWR,19h19m,1,SFO,2177,20220406-2123,fast
7:00 am – 3:50 pm +1,"Delta, Korean Air",EWR‐ICN,19h50m,1,ATL,12:30 pm – 6:00 pm,"Korean Air, Alaska Airlines",ICN‐EWR,18h30m,1,SEA,2640,20220406-2123,fast
9:30 am – 4:30 pm +1,Delta,EWR‐ICN,18h00m,1,DTW,4:00 pm – 11:28 pm,Delta,ICN‐EWR,20h28m,2,"SFO, MSP",7479,20220406-2123,fast
9:30 am – 4:30 pm +1,"Delta, Korean Air",EWR‐ICN,18h00m,1,DTW,9:20 am – 4:49 pm,"Korean Air, Delta",ICN‐EWR,20h29m,1,ATL,2091,20220406-2123,fast
