Out Time,Out Airline,Out Cities,Out Duration,Out Stops,Out Stop Cities,Return Time,Return Airline,Return Cities,Return Duration,Return Stops,Return Stop Cities,Price,timestamp,sort
9:00 pm – 6:15 am +3,United Airlines,EWR‐SIN,45h15m,1,SFO,8:45 am – 12:53 am +1,United Airlines,SIN‐EWR,28h08m,1,SFO,925,20220407-1130,cheap
6:00 pm – 6:15 am +2,United Airlines,EWR‐SIN,24h15m,1,SFO,8:45 am – 12:53 am +1,United Airlines,SIN‐EWR,28h08m,1,SFO,985,20220407-1130,cheap
5:00 pm – 6:15 am +2,United Airlines,EWR‐SIN,25h15m,1,SFO,8:45 am – 12:53 am +1,United Airlines,SIN‐EWR,28h08m,1,SFO,985,20220407-1130,cheap
6:00 pm – 6:15 am +2,United Airlines,EWR‐SIN,24h15m,1,SFO,8:45 am – 1:58 am +1,United Airlines,SIN‐EWR,29h13m,1,SFO,985,20220407-1130,cheap
5:00 pm – 6:15 am +2,United Airlines,EWR‐SIN,25h15m,1,SFO,8:45 am – 1:58 am +1,United Airlines,SIN‐EWR,29h13m,1,SFO,985,20220407-1130,cheap
4:00 pm – 6:15 am +2,United Airlines,EWR‐SIN,26h15m,1,SFO,8:45 am – 1:58 am +1,United Airlines,SIN‐EWR,29h13m,1,SFO,985,20220407-1130,cheap
5:00 pm – 6:15 am +2,United Airlines,EWR‐SIN,25h15m,1,SFO,8:45 am – 5:44 am +1,United Airlines,SIN‐EWR,32h59m,1,SFO,995,20220407-1130,cheap
6:00 pm – 6:15 am +2,United Airlines,EWR‐SIN,24h15m,1,SFO,8:45 am – 1:23 am +1,United Airlines,SIN‐EWR,28h38m,2,"SFO, LAX",1058,20220407-1130,cheap
8:00 pm – 12:35 am +3,ANA,EWR‐SIN,40h35m,2,"LAX, NRT",6:10 am – 4:40 pm,ANA,SIN‐EWR,22h30m,1,NRT,1058,20220407-1130,cheap
11:00 am – 6:15 am +2,United Airlines,EWR‐SIN,31h15m,1,SFO,8:45 am – 12:53 am +1,United Airlines,SIN‐EWR,28h08m,1,SFO,1156,20220407-1130,cheap
12:00 pm – 6:15 am +2,United Airlines,EWR‐SIN,30h15m,1,SFO,8:45 am – 1:58 am +1,United Airlines,SIN‐EWR,29h13m,1,SFO,1156,20220407-1130,cheap
11:00 am – 6:15 am +2,United Airlines,EWR‐SIN,31h15m,1,SFO,8:45 am – 1:58 am +1,United Airlines,SIN‐EWR,29h13m,1,SFO,1156,20220407-1130,cheap
9:00 am – 6:15 am +2,United Airlines,EWR‐SIN,33h15m,1,SFO,8:45 am – 12:53 am +1,United Airlines,SIN‐EWR,28h08m,1,SFO,1156,20220407-1130,cheap
10:00 am – 6:15 am +2,United Airlines,EWR‐SIN,32h15m,1,SFO,8:45 am – 1:58 am +1,United Airlines,SIN‐EWR,29h13m,1,SFO,1156,20220407-1130,cheap
9:00 am – 6:15 am +2,United Airlines,EWR‐SIN,33h15m,1,SFO,8:45 am – 1:58 am +1,United Airlines,SIN‐EWR,29h13m,1,SFO,1156,20220407-1130,cheap
6:00 pm – 6:15 am +2,United Airlines,EWR‐SIN,24h15m,1,SFO,8:45 am – 12:53 am +1,United Airlines,SIN‐EWR,28h08m,1,SFO,985,20220407-1127,best
9:00 pm – 6:15 am +3,United Airlines,EWR‐SIN,45h15m,1,SFO,8:45 am – 12:53 am +1,United Airlines,SIN‐EWR,28h08m,1,SFO,925,20220407-1127,best
5:00 pm – 6:15 am +2,United Airlines,EWR‐SIN,25h15m,1,SFO,8:45 am – 12:53 am +1,United Airlines,SIN‐EWR,28h08m,1,SFO,985,20220407-1127,best
6:00 pm – 6:15 am +2,United Airlines,EWR‐SIN,24h15m,1,SFO,8:45 am – 1:58 am +1,United Airlines,SIN‐EWR,29h13m,1,SFO,985,20220407-1127,best
5:00 pm – 6:15 am +2,United Airlines,EWR‐SIN,25h15m,1,SFO,8:45 am – 1:58 am +1,United Airlines,SIN‐EWR,29h13m,1,SFO,985,20220407-1127,best
6:00 pm – 6:15 am +2,United Airlines,EWR‐SIN,24h15m,1,SFO,8:45 am – 1:23 am +1,United Airlines,SIN‐EWR,28h38m,2,"SFO, LAX",1058,20220407-1127,best
4:00 pm – 6:15 am +2,United Airlines,EWR‐SIN,26h15m,1,SFO,8:45 am – 1:58 am +1,United Airlines,SIN‐EWR,29h13m,1,SFO,985,20220407-1127,best
10:25 am – 5:10 pm +1,Singapore Airlines,EWR‐SIN,18h45m,0,,11:35 pm – 6:00 am +1,Singapore Airlines,SIN‐EWR,18h25m,0,,1673,20220407-1127,best
5:00 pm – 6:15 am +2,United Airlines,EWR‐SIN,25h15m,1,SFO,8:45 am – 5:44 am +1,United Airlines,SIN‐EWR,32h59m,1,SFO,995,20220407-1127,best
4:00 pm – 6:15 am +2,United Airlines,EWR‐SIN,26h15m,2,"DCA, SFO",8:45 am – 7:23 pm,United Airlines,SIN‐EWR,22h38m,1,SFO,1396,20220407-1127,best
4:00 pm – 6:15 am +2,United Airlines,EWR‐SIN,26h15m,2,"LAX, SFO",8:45 am – 7:23 pm,United Airlines,SIN‐EWR,22h38m,1,SFO,1396,20220407-1127,best
4:29 pm – 6:15 am +2,United Airlines,EWR‐SIN,25h46m,2,"ORD, SFO",8:45 am – 12:53 am +1,United Airlines,SIN‐EWR,28h08m,1,SFO,1259,20220407-1127,best
3:50 pm – 6:15 am +2,United Airlines,EWR‐SIN,26h25m,2,"IAH, SFO",8:45 am – 12:53 am +1,United Airlines,SIN‐EWR,28h08m,1,SFO,1263,20220407-1127,best
3:36 pm – 6:15 am +2,United Airlines,EWR‐SIN,26h39m,2,"DEN, SFO",8:45 am – 12:53 am +1,United Airlines,SIN‐EWR,28h08m,1,SFO,1236,20220407-1127,best
3:36 pm – 6:15 am +2,United Airlines,EWR‐SIN,26h39m,2,"DEN, SFO",8:45 am – 1:58 am +1,United Airlines,SIN‐EWR,29h13m,1,SFO,1236,20220407-1127,best
2:59 pm – 6:15 am +2,United Airlines,EWR‐SIN,27h16m,2,"ORD, SFO",8:45 am – 12:53 am +1,United Airlines,SIN‐EWR,28h08m,1,SFO,1263,20220407-1127,best
10:25 am – 5:10 pm +1,Singapore Airlines,EWR‐SIN,18h45m,0,,11:35 pm – 6:00 am +1,Singapore Airlines,SIN‐EWR,18h25m,0,,1673,20220407-1132,fast
10:25 am – 5:10 pm +1,Singapore Airlines,EWR‐SIN,18h45m,0,,6:10 am – 4:40 pm,ANA,SIN‐EWR,22h30m,1,NRT,2049,20220407-1132,fast
6:15 pm – 5:55 am +2,SWISS,EWR‐SIN,23h40m,1,ZRH,11:35 pm – 6:00 am +1,Singapore Airlines,SIN‐EWR,18h25m,0,,3636,20220407-1132,fast
10:25 am – 5:10 pm +1,Singapore Airlines,EWR‐SIN,18h45m,0,,1:25 am – 1:10 pm,SWISS,SIN‐EWR,23h45m,1,ZRH,2048,20220407-1132,fast
6:00 pm – 6:15 am +2,United Airlines,EWR‐SIN,24h15m,1,SFO,11:35 pm – 6:00 am +1,Singapore Airlines,SIN‐EWR,18h25m,0,,1606,20220407-1132,fast
10:25 am – 5:10 pm +1,Singapore Airlines,EWR‐SIN,18h45m,0,,6:40 pm – 6:59 am +1,Singapore Airlines,SIN‐EWR,24h19m,1,SFO,1976,20220407-1132,fast
8:55 pm – 7:00 am +2,Lufthansa,EWR‐SIN,22h05m,1,MUC,6:10 am – 4:40 pm,ANA,SIN‐EWR,22h30m,1,NRT,3240,20220407-1132,fast
4:00 pm – 7:50 am +2,Singapore Airlines,EWR‐SIN,27h50m,1,LAX,11:35 pm – 6:00 am +1,Singapore Airlines,SIN‐EWR,18h25m,0,,2481,20220407-1132,fast
9:00 am – 1:15 am +2,Singapore Airlines,EWR‐SIN,28h15m,2,"LAX, NRT",11:35 pm – 6:00 am +1,Singapore Airlines,SIN‐EWR,18h25m,0,,1649,20220407-1132,fast
6:00 pm – 6:15 am +2,United Airlines,EWR‐SIN,24h15m,1,SFO,6:10 am – 4:40 pm,ANA,SIN‐EWR,22h30m,1,NRT,1572,20220407-1132,fast
8:55 pm – 7:00 am +2,Lufthansa,EWR‐SIN,22h05m,1,MUC,11:25 pm – 12:25 pm +1,Lufthansa,SIN‐EWR,25h00m,1,MUC,2867,20220407-1132,fast
7:30 pm – 6:50 am +2,Lufthansa,EWR‐SIN,23h20m,1,FRA,12:30 am – 12:25 pm,Lufthansa,SIN‐EWR,23h55m,1,MUC,2297,20220407-1132,fast
6:15 pm – 5:55 am +2,SWISS,EWR‐SIN,23h40m,1,ZRH,1:25 am – 1:10 pm,SWISS,SIN‐EWR,23h45m,1,ZRH,2333,20220407-1132,fast
5:00 pm – 6:15 am +2,United Airlines,EWR‐SIN,25h15m,1,SFO,6:10 am – 4:40 pm,United Airlines,SIN‐EWR,22h30m,1,NRT,5532,20220407-1132,fast
6:54 am – 12:20 am +2,Japan Airlines,EWR‐SIN,29h26m,2,"ORD, NRT",11:35 pm – 6:00 am +1,Singapore Airlines,SIN‐EWR,18h25m,0,,1486,20220407-1132,fast
