Out Time,Out Airline,Out Cities,Out Duration,Out Stops,Out Stop Cities,Return Time,Return Airline,Return Cities,Return Duration,Return Stops,Return Stop Cities,Price,timestamp,sort
9:05 am – 5:10 pm +1,Air Canada,EWR‐ICN,19h05m,1,YYZ,6:40 pm – 11:47 am +1,Air Canada,ICN‐EWR,30h07m,2,"YYZ-YTZ, YUL",978,20220406-2245,cheap
9:05 am – 5:10 pm +1,Air Canada,EWR‐ICN,19h05m,1,YYZ,6:40 pm – 10:01 pm,Air Canada,ICN‐EWR,16h21m,1,YYZ,984,20220406-2245,cheap
8:00 am – 5:10 pm +1,Air Canada,EWR‐ICN,20h10m,1,YYZ,6:40 pm – 10:01 pm,Air Canada,ICN‐EWR,16h21m,1,YYZ,984,20220406-2245,cheap
6:25 am – 5:10 pm +1,Air Canada,EWR‐ICN,21h45m,1,YYZ,6:40 pm – 10:01 pm,Air Canada,ICN‐EWR,16h21m,1,YYZ,984,20220406-2245,cheap
6:00 am – 5:10 pm +1,Air Canada,EWR‐ICN,22h10m,2,"YUL, YYZ",6:40 pm – 10:01 pm,Air Canada,ICN‐EWR,16h21m,1,YYZ,984,20220406-2245,cheap
6:00 am – 5:10 pm +1,Air Canada,EWR‐ICN,22h10m,2,"YUL, YYZ",6:40 pm – 10:01 pm,Air Canada,ICN‐EWR,16h21m,1,YYZ,984,20220406-2245,cheap
9:05 am – 5:10 pm +1,Air Canada,EWR‐ICN,19h05m,1,YYZ,6:40 pm – 8:08 am +1,Air Canada,ICN‐EWR,26h28m,1,YYZ,984,20220406-2245,cheap
8:00 am – 5:10 pm +1,Air Canada,EWR‐ICN,20h10m,1,YYZ,6:40 pm – 8:08 am +1,Air Canada,ICN‐EWR,26h28m,1,YYZ,984,20220406-2245,cheap
9:05 am – 5:10 pm +1,Air Canada,EWR‐ICN,19h05m,1,YYZ,6:40 pm – 10:11 am +1,Air Canada,ICN‐EWR,28h31m,1,YYZ,984,20220406-2245,cheap
6:25 am – 5:10 pm +1,Air Canada,EWR‐ICN,21h45m,1,YYZ,6:40 pm – 8:08 am +1,Air Canada,ICN‐EWR,26h28m,1,YYZ,984,20220406-2245,cheap
8:00 am – 5:10 pm +1,Air Canada,EWR‐ICN,20h10m,1,YYZ,6:40 pm – 10:11 am +1,Air Canada,ICN‐EWR,28h31m,1,YYZ,984,20220406-2245,cheap
7:08 am – 5:10 pm +1,"United Airlines, Air Canada",EWR‐ICN,21h02m,1,YYZ,6:40 pm – 8:08 am +1,"Air Canada, United Airlines",ICN‐EWR,26h28m,1,YYZ,1178,20220406-2245,cheap
6:30 am – 2:55 pm +1,United Airlines,EWR‐ICN,19h25m,1,SFO,4:50 pm – 8:19 am +1,United Airlines,ICN‐EWR,28h29m,1,SFO,1219,20220406-2245,cheap
6:30 am – 2:55 pm +1,United Airlines,EWR‐ICN,19h25m,1,SFO,4:50 pm – 9:49 pm,United Airlines,ICN‐EWR,17h59m,1,SFO,1232,20220406-2245,cheap
5:00 am – 2:55 pm +1,United Airlines,EWR‐ICN,20h55m,2,"ORD, SFO",4:50 pm – 9:49 pm,United Airlines,ICN‐EWR,17h59m,1,SFO,1232,20220406-2245,cheap
9:05 am – 5:10 pm +1,Air Canada,EWR‐ICN,19h05m,1,YYZ,6:40 pm – 10:01 pm,Air Canada,ICN‐EWR,16h21m,1,YYZ,1072,20220406-2243,best
9:05 am – 5:10 pm +1,Air Canada,EWR‐ICN,19h05m,1,YYZ,6:40 pm – 10:01 pm,Air Canada,ICN‐EWR,16h21m,1,YYZ,984,20220406-2243,best
9:05 am – 5:10 pm +1,Air Canada,EWR‐ICN,19h05m,1,YYZ,6:40 pm – 11:47 am +1,Air Canada,ICN‐EWR,30h07m,2,"YYZ-YTZ, YUL",978,20220406-2243,best
8:00 am – 5:10 pm +1,Air Canada,EWR‐ICN,20h10m,1,YYZ,6:40 pm – 10:01 pm,Air Canada,ICN‐EWR,16h21m,1,YYZ,984,20220406-2243,best
6:25 am – 5:10 pm +1,Air Canada,EWR‐ICN,21h45m,1,YYZ,6:40 pm – 10:01 pm,Air Canada,ICN‐EWR,16h21m,1,YYZ,984,20220406-2243,best
6:00 am – 5:10 pm +1,Air Canada,EWR‐ICN,22h10m,2,"YUL, YYZ",6:40 pm – 10:01 pm,Air Canada,ICN‐EWR,16h21m,1,YYZ,984,20220406-2243,best
6:00 am – 5:10 pm +1,Air Canada,EWR‐ICN,22h10m,2,"YUL, YYZ",6:40 pm – 10:01 pm,Air Canada,ICN‐EWR,16h21m,1,YYZ,984,20220406-2243,best
6:30 am – 2:55 pm +1,United Airlines,EWR‐ICN,19h25m,1,SFO,4:50 pm – 9:49 pm,United Airlines,ICN‐EWR,17h59m,1,SFO,1232,20220406-2243,best
6:30 am – 2:55 pm +1,United Airlines,EWR‐ICN,19h25m,1,SFO,4:50 pm – 11:33 pm,United Airlines,ICN‐EWR,19h43m,2,"SFO, DEN",1236,20220406-2243,best
6:30 am – 2:55 pm +1,United Airlines,EWR‐ICN,19h25m,1,SFO,4:50 pm – 11:42 pm,United Airlines,ICN‐EWR,19h52m,2,"SFO, IAD",1236,20220406-2243,best
6:30 am – 2:55 pm +1,United Airlines,EWR‐ICN,19h25m,1,SFO,4:50 pm – 12:30 am +1,United Airlines,ICN‐EWR,20h40m,2,"SFO, ORD",1236,20220406-2243,best
9:05 am – 5:10 pm +1,Air Canada,EWR‐ICN,19h05m,1,YYZ,6:40 pm – 8:08 am +1,Air Canada,ICN‐EWR,26h28m,1,YYZ,984,20220406-2243,best
6:30 am – 2:55 pm +1,United Airlines,EWR‐ICN,19h25m,1,SFO,4:50 pm – 12:45 am +1,United Airlines,ICN‐EWR,20h55m,2,"SFO, IAH",1236,20220406-2243,best
5:00 am – 2:55 pm +1,United Airlines,EWR‐ICN,20h55m,2,"ORD, SFO",4:50 pm – 9:49 pm,United Airlines,ICN‐EWR,17h59m,1,SFO,1232,20220406-2243,best
6:30 am – 2:55 pm +1,United Airlines,EWR‐ICN,19h25m,1,SFO,4:50 pm – 12:48 am +1,United Airlines,ICN‐EWR,20h58m,2,"SFO, LAX",1236,20220406-2243,best
8:00 am – 5:10 pm +1,Air Canada,EWR‐ICN,20h10m,1,YYZ,6:40 pm – 8:08 am +1,Air Canada,ICN‐EWR,26h28m,1,YYZ,984,20220406-2243,best
9:30 am – 4:30 pm +1,Korean Air,EWR‐ICN,18h00m,1,DTW,6:40 pm – 10:59 pm,Korean Air,ICN‐EWR,17h19m,1,ATL,1632,20220406-2243,best
9:30 am – 4:30 pm +1,Korean Air,EWR‐ICN,18h00m,1,DTW,6:40 pm – 10:59 pm,Korean Air,ICN‐EWR,17h19m,1,ATL,1632,20220406-2248,fast
9:05 am – 5:10 pm +1,Air Canada,EWR‐ICN,19h05m,1,YYZ,6:40 pm – 10:01 pm,Air Canada,ICN‐EWR,16h21m,1,YYZ,984,20220406-2248,fast
11:25 am – 5:30 pm +1,"ANA, Korean Air",EWR‐ICN,17h05m,1,NRT,9:20 am – 3:14 pm,Korean Air,ICN‐EWR,18h54m,1,ATL,6355,20220406-2248,fast
9:30 am – 4:30 pm +1,Korean Air,EWR‐ICN,18h00m,1,DTW,10:45 am – 3:45 pm,Korean Air,ICN‐EWR,18h00m,1,DTW,1632,20220406-2248,fast
8:00 am – 5:10 pm +1,Air Canada,EWR‐ICN,20h10m,1,YYZ,6:40 pm – 10:01 pm,Air Canada,ICN‐EWR,16h21m,1,YYZ,984,20220406-2248,fast
8:00 am – 4:20 pm +1,Korean Air,EWR‐ICN,19h20m,1,ATL,6:40 pm – 10:59 pm,Korean Air,ICN‐EWR,17h19m,1,ATL,2026,20220406-2248,fast
9:30 am – 4:30 pm +1,Korean Air,EWR‐ICN,18h00m,1,DTW,9:20 am – 3:14 pm,Korean Air,ICN‐EWR,18h54m,1,ATL,1814,20220406-2248,fast
9:05 am – 5:10 pm +1,Air Canada,EWR‐ICN,19h05m,1,YYZ,10:45 am – 3:45 pm,"Korean Air, Delta",ICN‐EWR,18h00m,1,DTW,1999,20220406-2248,fast
9:30 am – 4:30 pm +1,Delta,EWR‐ICN,18h00m,1,DTW,6:40 pm – 12:48 am +1,Delta,ICN‐EWR,19h08m,1,ATL,1715,20220406-2248,fast
6:25 am – 3:20 pm +1,"Air Canada, Korean Air",EWR‐ICN,19h55m,1,YYZ,6:40 pm – 10:59 pm,Korean Air,ICN‐EWR,17h19m,1,ATL,4109,20220406-2248,fast
8:00 am – 4:20 pm +1,Korean Air,EWR‐ICN,19h20m,1,ATL,10:45 am – 3:45 pm,Korean Air,ICN‐EWR,18h00m,1,DTW,2026,20220406-2248,fast
6:30 am – 2:55 pm +1,United Airlines,EWR‐ICN,19h25m,1,SFO,4:50 pm – 9:49 pm,United Airlines,ICN‐EWR,17h59m,1,SFO,1232,20220406-2248,fast
6:30 am – 2:55 pm +1,United Airlines,EWR‐ICN,19h25m,1,SFO,10:45 am – 3:45 pm,Korean Air,ICN‐EWR,18h00m,1,DTW,1806,20220406-2248,fast
6:00 am – 4:15 pm +1,Air Canada,EWR‐ICN,21h15m,2,"YUL, YVR",6:40 pm – 10:01 pm,Air Canada,ICN‐EWR,16h21m,1,YYZ,2541,20220406-2248,fast
9:30 am – 4:30 pm +1,Delta,EWR‐ICN,18h00m,1,DTW,4:40 pm – 11:25 pm,Delta,ICN‐EWR,19h45m,2,"SEA, MSP",1894,20220406-2248,fast
