Out Time,Out Airline,Out Cities,Out Duration,Out Stops,Out Stop Cities,Return Time,Return Airline,Return Cities,Return Duration,Return Stops,Return Stop Cities,Price,timestamp,sort
9:05 am – 5:10 pm +1,Air Canada,EWR‐ICN,19h05m,1,YYZ,5:50 pm – 7:52 am +1,Air Canada,ICN‐EWR,27h02m,2,"YVR, YQB",1489,20220407-0047,cheap
9:05 am – 5:10 pm +1,Air Canada,EWR‐ICN,19h05m,1,YYZ,5:50 pm – 8:34 am +1,Air Canada,ICN‐EWR,27h44m,2,"YVR, YUL",1489,20220407-0047,cheap
8:01 am – 5:10 pm +1,Air Canada,EWR‐ICN,20h09m,1,YYZ,5:50 pm – 7:52 am +1,Air Canada,ICN‐EWR,27h02m,2,"YVR, YQB",1489,20220407-0047,cheap
8:01 am – 5:10 pm +1,Air Canada,EWR‐ICN,20h09m,1,YYZ,5:50 pm – 8:34 am +1,Air Canada,ICN‐EWR,27h44m,2,"YVR, YUL",1489,20220407-0047,cheap
9:05 am – 5:10 pm +1,Air Canada,EWR‐ICN,19h05m,1,YYZ,5:50 pm – 9:57 am +1,Air Canada,ICN‐EWR,29h07m,2,"YVR, YUL",1489,20220407-0047,cheap
9:05 am – 5:10 pm +1,Air Canada,EWR‐ICN,19h05m,1,YYZ,5:50 pm – 9:57 am +1,Air Canada,ICN‐EWR,29h07m,2,"YVR, YUL",1489,20220407-0047,cheap
9:05 am – 5:10 pm +1,Air Canada,EWR‐ICN,19h05m,1,YYZ,5:50 pm – 10:11 am +1,Air Canada,ICN‐EWR,29h21m,2,"YVR, YYZ",1495,20220407-0047,cheap
6:29 am – 2:55 pm +1,United Airlines,EWR‐ICN,19h26m,1,SFO,4:50 pm – 7:00 am +1,United Airlines,ICN‐EWR,27h10m,1,SFO,1566,20220407-0047,cheap
5:00 am – 2:55 pm +1,United Airlines,EWR‐ICN,20h55m,2,"ORD, SFO",4:50 pm – 7:00 am +1,United Airlines,ICN‐EWR,27h10m,1,SFO,1566,20220407-0047,cheap
6:29 am – 2:55 pm +1,United Airlines,EWR‐ICN,19h26m,1,SFO,4:50 pm – 7:51 am +1,United Airlines,ICN‐EWR,28h01m,2,"SFO, LAX",1571,20220407-0047,cheap
6:29 am – 2:55 pm +1,United Airlines,EWR‐ICN,19h26m,1,SFO,4:50 pm – 8:19 am +1,United Airlines,ICN‐EWR,28h29m,1,SFO,1578,20220407-0047,cheap
5:20 pm – 5:35 pm +2,"Spirit Airlines, Asiana Airlines",EWR‐ICN,35h15m,2,"FLL, LAX",1:30 am – 6:57 pm,"Qatar Airways, Amtrak",ICN‐EWR,30h27m,2,"DOH, PHL-PHL",1614,20220407-0047,cheap
7:20 am – 5:45 pm +1,"Alaska Airlines, Asiana Airlines",EWR‐ICN,21h25m,1,SEA,4:50 pm – 11:42 pm,United Airlines,ICN‐EWR,19h52m,2,"SFO, IAD",1679,20220407-0047,cheap
8:41 pm – 2:55 pm +2,United Airlines,EWR‐ICN,29h14m,2,"DEN, SFO",4:50 pm – 9:49 pm,United Airlines,ICN‐EWR,17h59m,1,SFO,1740,20220407-0047,cheap
8:30 pm – 2:55 pm +2,United Airlines,EWR‐ICN,29h25m,2,"LAX, SFO",4:50 pm – 9:49 pm,United Airlines,ICN‐EWR,17h59m,1,SFO,1740,20220407-0047,cheap
9:30 am – 4:30 pm +1,Korean Air,EWR‐ICN,18h00m,1,DTW,6:40 pm – 10:59 pm,Korean Air,ICN‐EWR,17h19m,1,ATL,2145,20220407-0044,best
9:05 am – 5:10 pm +1,Air Canada,EWR‐ICN,19h05m,1,YYZ,5:50 pm – 7:52 am +1,Air Canada,ICN‐EWR,27h02m,2,"YVR, YQB",1489,20220407-0044,best
6:29 am – 2:55 pm +1,United Airlines,EWR‐ICN,19h26m,1,SFO,4:50 pm – 9:49 pm,United Airlines,ICN‐EWR,17h59m,1,SFO,1955,20220407-0044,best
9:30 am – 4:30 pm +1,Korean Air,EWR‐ICN,18h00m,1,DTW,10:45 am – 3:45 pm,Korean Air,ICN‐EWR,18h00m,1,DTW,2144,20220407-0044,best
8:00 am – 4:20 pm +1,Korean Air,EWR‐ICN,19h20m,1,ATL,6:40 pm – 10:59 pm,Korean Air,ICN‐EWR,17h19m,1,ATL,2145,20220407-0044,best
8:00 am – 4:20 pm +1,Korean Air,EWR‐ICN,19h20m,1,ATL,10:45 am – 3:45 pm,Korean Air,ICN‐EWR,18h00m,1,DTW,2144,20220407-0044,best
6:29 am – 2:55 pm +1,United Airlines,EWR‐ICN,19h26m,1,SFO,4:50 pm – 12:49 am +1,United Airlines,ICN‐EWR,20h59m,1,SFO,1955,20220407-0044,best
6:05 am – 4:40 pm +1,Delta,EWR‐ICN,21h35m,2,"DTW, SEA",6:40 pm – 10:59 pm,Delta,ICN‐EWR,17h19m,1,ATL,1994,20220407-0044,best
8:40 am – 4:25 pm +1,Korean Air,EWR‐ICN,18h45m,1,BOS,6:40 pm – 10:59 pm,Korean Air,ICN‐EWR,17h19m,1,ATL,2289,20220407-0044,best
9:05 am – 5:10 pm +1,Air Canada,EWR‐ICN,19h05m,1,YYZ,5:50 pm – 8:34 am +1,Air Canada,ICN‐EWR,27h44m,2,"YVR, YUL",1489,20220407-0044,best
6:29 am – 2:55 pm +1,United Airlines,EWR‐ICN,19h26m,1,SFO,4:50 pm – 7:00 am +1,United Airlines,ICN‐EWR,27h10m,1,SFO,1566,20220407-0044,best
6:05 am – 4:40 pm +1,Delta,EWR‐ICN,21h35m,2,"DTW, SEA",10:45 am – 3:45 pm,Delta,ICN‐EWR,18h00m,1,DTW,1994,20220407-0044,best
5:00 am – 2:55 pm +1,United Airlines,EWR‐ICN,20h55m,2,"ORD, SFO",4:50 pm – 9:49 pm,United Airlines,ICN‐EWR,17h59m,1,SFO,1955,20220407-0044,best
8:40 am – 4:25 pm +1,Korean Air,EWR‐ICN,18h45m,1,BOS,10:45 am – 3:45 pm,Korean Air,ICN‐EWR,18h00m,1,DTW,2288,20220407-0044,best
7:00 am – 4:20 pm +1,"Delta, Korean Air",EWR‐ICN,20h20m,1,ATL,6:40 pm – 10:59 pm,Korean Air,ICN‐EWR,17h19m,1,ATL,2226,20220407-0044,best
9:30 am – 4:30 pm +1,Korean Air,EWR‐ICN,18h00m,1,DTW,6:40 pm – 10:59 pm,Korean Air,ICN‐EWR,17h19m,1,ATL,2145,20220407-0049,fast
11:25 am – 5:30 pm +1,"ANA, Korean Air",EWR‐ICN,17h05m,1,NRT,9:30 am – 2:49 pm,Korean Air,ICN‐EWR,18h19m,1,BOS,6355,20220407-0049,fast
9:30 am – 4:30 pm +1,Korean Air,EWR‐ICN,18h00m,1,DTW,10:45 am – 3:45 pm,Korean Air,ICN‐EWR,18h00m,1,DTW,2144,20220407-0049,fast
8:40 am – 4:25 pm +1,Korean Air,EWR‐ICN,18h45m,1,BOS,6:40 pm – 10:59 pm,Korean Air,ICN‐EWR,17h19m,1,ATL,2289,20220407-0049,fast
9:30 am – 4:30 pm +1,Korean Air,EWR‐ICN,18h00m,1,DTW,9:30 am – 2:49 pm,Korean Air,ICN‐EWR,18h19m,1,BOS,2643,20220407-0049,fast
8:00 am – 4:20 pm +1,Korean Air,EWR‐ICN,19h20m,1,ATL,6:40 pm – 10:59 pm,Korean Air,ICN‐EWR,17h19m,1,ATL,2145,20220407-0049,fast
8:40 am – 4:25 pm +1,Korean Air,EWR‐ICN,18h45m,1,BOS,10:45 am – 3:45 pm,Korean Air,ICN‐EWR,18h00m,1,DTW,2288,20220407-0049,fast
9:30 am – 4:30 pm +1,Korean Air,EWR‐ICN,18h00m,1,DTW,9:20 am – 3:14 pm,Korean Air,ICN‐EWR,18h54m,1,ATL,2518,20220407-0049,fast
8:40 am – 4:25 pm +1,Korean Air,EWR‐ICN,18h45m,1,BOS,9:30 am – 2:49 pm,Korean Air,ICN‐EWR,18h19m,1,BOS,2756,20220407-0049,fast
9:30 am – 4:30 pm +1,Delta,EWR‐ICN,18h00m,1,DTW,6:40 pm – 12:48 am +1,Delta,ICN‐EWR,19h08m,1,ATL,3123,20220407-0049,fast
8:00 am – 4:20 pm +1,Korean Air,EWR‐ICN,19h20m,1,ATL,10:45 am – 3:45 pm,Korean Air,ICN‐EWR,18h00m,1,DTW,2144,20220407-0049,fast
6:29 am – 2:55 pm +1,United Airlines,EWR‐ICN,19h26m,1,SFO,4:50 pm – 9:49 pm,United Airlines,ICN‐EWR,17h59m,1,SFO,1955,20220407-0049,fast
7:00 am – 4:20 pm +1,"Delta, Korean Air",EWR‐ICN,20h20m,1,ATL,6:40 pm – 10:59 pm,Korean Air,ICN‐EWR,17h19m,1,ATL,2226,20220407-0049,fast
8:00 am – 4:20 pm +1,Korean Air,EWR‐ICN,19h20m,1,ATL,9:30 am – 2:49 pm,Korean Air,ICN‐EWR,18h19m,1,BOS,2643,20220407-0049,fast
8:40 am – 4:25 pm +1,Korean Air,EWR‐ICN,18h45m,1,BOS,9:20 am – 3:14 pm,Korean Air,ICN‐EWR,18h54m,1,ATL,2668,20220407-0049,fast
