Out Time,Out Airline,Out Cities,Out Duration,Out Stops,Out Stop Cities,Return Time,Return Airline,Return Cities,Return Duration,Return Stops,Return Stop Cities,Price,timestamp,sort
5:20 pm – 11:25 am +3,"Spirit Airlines, ZIPAIR",EWR‐ICN,53h05m,3,"FLL, LAX, ...",1:30 am – 6:57 pm,"Qatar Airways, Amtrak",ICN‐EWR,30h27m,2,"DOH, PHL-PHL",1217,20220407-0055,cheap
6:00 am – 4:15 pm +1,Air Canada,EWR‐ICN,21h15m,2,"YUL, YVR",4:50 pm – 11:42 pm,United Airlines,ICN‐EWR,19h52m,2,"SFO, IAD",1680,20220407-0055,cheap
5:00 am – 2:55 pm +1,United Airlines,EWR‐ICN,20h55m,2,"ORD, SFO",4:50 pm – 1:14 am +1,United Airlines,ICN‐EWR,21h24m,1,SFO,1756,20220407-0055,cheap
5:00 am – 2:55 pm +1,United Airlines,EWR‐ICN,20h55m,2,"ORD, SFO",4:50 pm – 5:12 am +1,United Airlines,ICN‐EWR,25h22m,1,SFO,1756,20220407-0055,cheap
8:58 pm – 5:10 pm +2,Air Canada,EWR‐ICN,31h12m,1,YYZ,6:40 pm – 10:01 pm,Air Canada,ICN‐EWR,16h21m,1,YYZ,1779,20220407-0055,cheap
7:51 pm – 5:10 pm +2,Air Canada,EWR‐ICN,32h19m,1,YYZ,6:40 pm – 10:01 pm,Air Canada,ICN‐EWR,16h21m,1,YYZ,1779,20220407-0055,cheap
6:00 am – 4:15 pm +1,Air Canada,EWR‐ICN,21h15m,2,"YUL, YVR",6:40 pm – 10:01 pm,Air Canada,ICN‐EWR,16h21m,1,YYZ,1851,20220407-0055,cheap
6:25 am – 4:15 pm +1,Air Canada,EWR‐ICN,20h50m,2,"YYZ, YVR",6:40 pm – 10:01 pm,Air Canada,ICN‐EWR,16h21m,1,YYZ,1857,20220407-0055,cheap
6:25 am – 4:15 pm +1,Air Canada,EWR‐ICN,20h50m,2,"YYZ, YVR",6:40 pm – 10:01 pm,Air Canada,ICN‐EWR,16h21m,1,YYZ,1857,20220407-0055,cheap
6:29 am – 2:55 pm +1,United Airlines,EWR‐ICN,19h26m,1,SFO,4:50 pm – 1:14 am +1,United Airlines,ICN‐EWR,21h24m,1,SFO,1955,20220407-0055,cheap
6:29 am – 2:55 pm +1,United Airlines,EWR‐ICN,19h26m,1,SFO,4:50 pm – 5:12 am +1,United Airlines,ICN‐EWR,25h22m,1,SFO,1955,20220407-0055,cheap
6:29 am – 2:55 pm +1,United Airlines,EWR‐ICN,19h26m,1,SFO,4:50 pm – 7:00 am +1,United Airlines,ICN‐EWR,27h10m,1,SFO,1955,20220407-0055,cheap
6:29 am – 2:55 pm +1,United Airlines,EWR‐ICN,19h26m,1,SFO,4:50 pm – 12:34 am +1,United Airlines,ICN‐EWR,20h44m,2,"SFO, LAX",1959,20220407-0055,cheap
6:29 am – 2:55 pm +1,United Airlines,EWR‐ICN,19h26m,1,SFO,4:50 pm – 5:38 am +1,United Airlines,ICN‐EWR,25h48m,2,"SFO, DEN",1959,20220407-0055,cheap
6:29 am – 2:55 pm +1,United Airlines,EWR‐ICN,19h26m,1,SFO,4:50 pm – 6:45 am +1,United Airlines,ICN‐EWR,26h55m,2,"SFO, LAX",1959,20220407-0055,cheap
8:58 pm – 5:10 pm +2,Air Canada,EWR‐ICN,31h12m,1,YYZ,6:40 pm – 10:01 pm,Air Canada,ICN‐EWR,16h21m,1,YYZ,2309,20220407-0052,best
6:25 am – 4:15 pm +1,Air Canada,EWR‐ICN,20h50m,2,"YYZ, YVR",6:40 pm – 10:01 pm,Air Canada,ICN‐EWR,16h21m,1,YYZ,1857,20220407-0052,best
5:20 pm – 11:25 am +3,"Spirit Airlines, ZIPAIR",EWR‐ICN,53h05m,3,"FLL, LAX, ...",1:30 am – 6:57 pm,"Qatar Airways, Amtrak",ICN‐EWR,30h27m,2,"DOH, PHL-PHL",1217,20220407-0052,best
6:25 am – 4:15 pm +1,Air Canada,EWR‐ICN,20h50m,2,"YYZ, YVR",6:40 pm – 10:01 pm,Air Canada,ICN‐EWR,16h21m,1,YYZ,1857,20220407-0052,best
6:00 am – 4:15 pm +1,Air Canada,EWR‐ICN,21h15m,2,"YUL, YVR",6:40 pm – 10:01 pm,Air Canada,ICN‐EWR,16h21m,1,YYZ,1851,20220407-0052,best
6:29 am – 2:55 pm +1,United Airlines,EWR‐ICN,19h26m,1,SFO,4:50 pm – 1:14 am +1,United Airlines,ICN‐EWR,21h24m,1,SFO,1955,20220407-0052,best
8:00 am – 3:50 pm +1,Korean Air,EWR‐ICN,18h50m,1,ATL,9:20 am – 3:14 pm,Korean Air,ICN‐EWR,18h54m,1,ATL,2185,20220407-0052,best
6:29 am – 2:55 pm +1,United Airlines,EWR‐ICN,19h26m,1,SFO,4:50 pm – 12:34 am +1,United Airlines,ICN‐EWR,20h44m,2,"SFO, LAX",1959,20220407-0052,best
5:00 am – 2:55 pm +1,United Airlines,EWR‐ICN,20h55m,2,"ORD, SFO",4:50 pm – 1:14 am +1,United Airlines,ICN‐EWR,21h24m,1,SFO,1756,20220407-0052,best
7:00 am – 3:50 pm +1,Korean Air,EWR‐ICN,19h50m,1,ATL,9:20 am – 3:14 pm,Korean Air,ICN‐EWR,18h54m,1,ATL,2185,20220407-0052,best
7:00 am – 3:50 pm +1,"Delta, Korean Air",EWR‐ICN,19h50m,1,ATL,9:20 am – 3:14 pm,Korean Air,ICN‐EWR,18h54m,1,ATL,2267,20220407-0052,best
9:30 am – 4:30 pm +1,Korean Air,EWR‐ICN,18h00m,1,DTW,9:20 am – 3:14 pm,Korean Air,ICN‐EWR,18h54m,1,ATL,2422,20220407-0052,best
8:58 pm – 5:10 pm +2,Air Canada,EWR‐ICN,31h12m,1,YYZ,6:40 pm – 10:01 pm,Air Canada,ICN‐EWR,16h21m,1,YYZ,1779,20220407-0052,best
8:00 am – 3:50 pm +1,Korean Air,EWR‐ICN,18h50m,1,ATL,9:20 am – 4:43 pm,Korean Air,ICN‐EWR,20h23m,1,ATL,2302,20220407-0052,best
9:30 am – 4:30 pm +1,Delta,EWR‐ICN,18h00m,1,DTW,1:55 pm – 7:30 pm,Delta,ICN‐EWR,18h35m,2,"SEA, DTW",2419,20220407-0052,best
6:29 am – 2:55 pm +1,United Airlines,EWR‐ICN,19h26m,1,SFO,4:50 pm – 5:12 am +1,United Airlines,ICN‐EWR,25h22m,1,SFO,1955,20220407-0052,best
7:51 pm – 5:10 pm +2,Air Canada,EWR‐ICN,32h19m,1,YYZ,6:40 pm – 10:01 pm,Air Canada,ICN‐EWR,16h21m,1,YYZ,1779,20220407-0052,best
11:25 am – 5:30 pm +1,"ANA, Korean Air",EWR‐ICN,17h05m,1,NRT,9:20 am – 3:14 pm,Korean Air,ICN‐EWR,18h54m,1,ATL,6355,20220407-0057,fast
9:30 am – 4:30 pm +1,Delta,EWR‐ICN,18h00m,1,DTW,1:55 pm – 7:30 pm,Delta,ICN‐EWR,18h35m,2,"SEA, DTW",2419,20220407-0057,fast
9:30 am – 4:30 pm +1,Korean Air,EWR‐ICN,18h00m,1,DTW,9:20 am – 3:14 pm,Korean Air,ICN‐EWR,18h54m,1,ATL,2422,20220407-0057,fast
9:30 am – 4:30 pm +1,Korean Air,EWR‐ICN,18h00m,1,DTW,5:25 pm – 11:28 pm,"Korean Air, American Airlines",ICN‐EWR,19h03m,1,DFW,2917,20220407-0057,fast
6:25 am – 4:15 pm +1,Air Canada,EWR‐ICN,20h50m,2,"YYZ, YVR",6:40 pm – 10:01 pm,Air Canada,ICN‐EWR,16h21m,1,YYZ,1857,20220407-0057,fast
6:25 am – 4:15 pm +1,Air Canada,EWR‐ICN,20h50m,2,"YYZ, YVR",6:40 pm – 10:01 pm,Air Canada,ICN‐EWR,16h21m,1,YYZ,1857,20220407-0057,fast
8:00 am – 3:50 pm +1,Delta,EWR‐ICN,18h50m,1,ATL,1:55 pm – 7:30 pm,Delta,ICN‐EWR,18h35m,2,"SEA, DTW",3212,20220407-0057,fast
6:00 am – 4:15 pm +1,Air Canada,EWR‐ICN,21h15m,2,"YUL, YVR",6:40 pm – 10:01 pm,Air Canada,ICN‐EWR,16h21m,1,YYZ,1851,20220407-0057,fast
8:00 am – 3:50 pm +1,Korean Air,EWR‐ICN,18h50m,1,ATL,9:20 am – 3:14 pm,Korean Air,ICN‐EWR,18h54m,1,ATL,2185,20220407-0057,fast
8:00 am – 4:20 pm +1,Korean Air,EWR‐ICN,19h20m,1,ATL,9:20 am – 3:14 pm,Korean Air,ICN‐EWR,18h54m,1,ATL,2565,20220407-0057,fast
6:29 am – 2:55 pm +1,United Airlines,EWR‐ICN,19h26m,1,SFO,9:20 am – 3:14 pm,"Korean Air, Delta",ICN‐EWR,18h54m,1,ATL,2706,20220407-0057,fast
9:30 am – 4:30 pm +1,Korean Air,EWR‐ICN,18h00m,1,DTW,9:20 am – 4:43 pm,Korean Air,ICN‐EWR,20h23m,1,ATL,2540,20220407-0057,fast
8:00 am – 4:20 pm +1,Korean Air,EWR‐ICN,19h20m,1,ATL,5:25 pm – 11:28 pm,"Korean Air, American Airlines",ICN‐EWR,19h03m,1,DFW,3067,20220407-0057,fast
7:00 am – 3:50 pm +1,Delta,EWR‐ICN,19h50m,1,ATL,1:55 pm – 7:30 pm,Delta,ICN‐EWR,18h35m,2,"SEA, DTW",3212,20220407-0057,fast
6:39 am – 3:15 pm +1,American Airlines,EWR‐ICN,19h36m,1,DFW,5:25 pm – 11:28 pm,American Airlines,ICN‐EWR,19h03m,1,DFW,3220,20220407-0057,fast
