Out Time,Out Airline,Out Cities,Out Duration,Out Stops,Out Stop Cities,Return Time,Return Airline,Return Cities,Return Duration,Return Stops,Return Stop Cities,Price,timestamp,sort
6:00 am – 2:45 pm +1,United Airlines,EWR‐ICN,19h45m,1,SFO,4:40 pm – 10:08 pm,United Airlines,ICN‐EWR,18h28m,1,SFO,1762,20220407-0616,cheap
5:00 am – 2:45 pm +1,United Airlines,EWR‐ICN,20h45m,2,"ORD, SFO",4:40 pm – 10:08 pm,United Airlines,ICN‐EWR,18h28m,1,SFO,1762,20220407-0616,cheap
6:00 am – 2:45 pm +1,United Airlines,EWR‐ICN,19h45m,1,SFO,4:40 pm – 11:58 pm,United Airlines,ICN‐EWR,20h18m,1,SFO,1762,20220407-0616,cheap
6:00 am – 2:45 pm +1,United Airlines,EWR‐ICN,19h45m,1,SFO,4:40 pm – 12:53 am +1,United Airlines,ICN‐EWR,21h13m,1,SFO,1762,20220407-0616,cheap
5:00 am – 2:45 pm +1,United Airlines,EWR‐ICN,20h45m,2,"ORD, SFO",4:40 pm – 11:58 pm,United Airlines,ICN‐EWR,20h18m,1,SFO,1762,20220407-0616,cheap
5:00 am – 2:45 pm +1,United Airlines,EWR‐ICN,20h45m,2,"ORD, SFO",4:40 pm – 12:53 am +1,United Airlines,ICN‐EWR,21h13m,1,SFO,1762,20220407-0616,cheap
6:00 am – 2:45 pm +1,United Airlines,EWR‐ICN,19h45m,1,SFO,4:40 pm – 1:58 am +1,United Airlines,ICN‐EWR,22h18m,1,SFO,1762,20220407-0616,cheap
5:00 am – 2:45 pm +1,United Airlines,EWR‐ICN,20h45m,2,"ORD, SFO",4:40 pm – 1:58 am +1,United Airlines,ICN‐EWR,22h18m,1,SFO,1762,20220407-0616,cheap
6:00 am – 2:45 pm +1,United Airlines,EWR‐ICN,19h45m,1,SFO,4:40 pm – 5:44 am +1,United Airlines,ICN‐EWR,26h04m,1,SFO,1762,20220407-0616,cheap
6:00 am – 2:45 pm +1,United Airlines,EWR‐ICN,19h45m,1,SFO,4:40 pm – 6:52 am +1,United Airlines,ICN‐EWR,27h12m,2,"SFO, LAS",1766,20220407-0616,cheap
6:00 am – 2:45 pm +1,United Airlines,EWR‐ICN,19h45m,1,SFO,4:40 pm – 6:52 am +1,United Airlines,ICN‐EWR,27h12m,2,"SFO, LAS",1766,20220407-0616,cheap
5:00 am – 2:45 pm +1,United Airlines,EWR‐ICN,20h45m,2,"ORD, SFO",4:40 pm – 6:52 am +1,United Airlines,ICN‐EWR,27h12m,2,"SFO, LAS",1766,20220407-0616,cheap
5:00 am – 2:45 pm +1,United Airlines,EWR‐ICN,20h45m,2,"ORD, SFO",4:40 pm – 6:52 am +1,United Airlines,ICN‐EWR,27h12m,2,"SFO, LAS",1766,20220407-0616,cheap
6:00 am – 2:45 pm +1,United Airlines,EWR‐ICN,19h45m,1,SFO,4:40 pm – 7:54 am +1,United Airlines,ICN‐EWR,28h14m,1,SFO,1781,20220407-0616,cheap
6:25 am – 4:00 pm +1,Air Canada,EWR‐ICN,20h35m,2,"YYZ, YVR",6:40 pm – 10:31 pm,Air Canada,ICN‐EWR,16h51m,1,YYZ,1782,20220407-0616,cheap
6:25 am – 4:00 pm +1,Air Canada,EWR‐ICN,20h35m,2,"YYZ, YVR",6:40 pm – 7:56 am +1,Air Canada,ICN‐EWR,26h16m,1,YYZ,2015,20220407-0614,best
6:00 am – 2:45 pm +1,United Airlines,EWR‐ICN,19h45m,1,SFO,4:40 pm – 10:08 pm,United Airlines,ICN‐EWR,18h28m,1,SFO,1762,20220407-0614,best
6:25 am – 4:00 pm +1,Air Canada,EWR‐ICN,20h35m,2,"YYZ, YVR",6:40 pm – 10:31 pm,Air Canada,ICN‐EWR,16h51m,1,YYZ,1782,20220407-0614,best
6:00 am – 2:45 pm +1,United Airlines,EWR‐ICN,19h45m,1,SFO,4:40 pm – 11:58 pm,United Airlines,ICN‐EWR,20h18m,1,SFO,1762,20220407-0614,best
6:00 am – 2:45 pm +1,United Airlines,EWR‐ICN,19h45m,1,SFO,4:40 pm – 12:53 am +1,United Airlines,ICN‐EWR,21h13m,1,SFO,1762,20220407-0614,best
5:00 am – 2:45 pm +1,United Airlines,EWR‐ICN,20h45m,2,"ORD, SFO",4:40 pm – 10:08 pm,United Airlines,ICN‐EWR,18h28m,1,SFO,1762,20220407-0614,best
6:00 am – 2:45 pm +1,United Airlines,EWR‐ICN,19h45m,1,SFO,4:40 pm – 1:58 am +1,United Airlines,ICN‐EWR,22h18m,1,SFO,1762,20220407-0614,best
6:00 am – 2:45 pm +1,United Airlines,EWR‐ICN,19h45m,1,SFO,4:40 pm – 11:23 pm,United Airlines,ICN‐EWR,19h43m,2,"SFO, LAX",1944,20220407-0614,best
9:36 am – 4:30 pm +1,Korean Air,EWR‐ICN,17h54m,1,DTW,6:40 pm – 10:31 pm,Air Canada,ICN‐EWR,16h51m,1,YYZ,2490,20220407-0614,best
6:00 am – 2:45 pm +1,United Airlines,EWR‐ICN,19h45m,1,SFO,4:40 pm – 12:23 am +1,United Airlines,ICN‐EWR,20h43m,2,"SFO, ORD",1944,20220407-0614,best
5:00 am – 2:45 pm +1,United Airlines,EWR‐ICN,20h45m,2,"ORD, SFO",4:40 pm – 11:58 pm,United Airlines,ICN‐EWR,20h18m,1,SFO,1762,20220407-0614,best
5:00 am – 2:45 pm +1,United Airlines,EWR‐ICN,20h45m,2,"ORD, SFO",4:40 pm – 12:53 am +1,United Airlines,ICN‐EWR,21h13m,1,SFO,1762,20220407-0614,best
6:00 am – 2:45 pm +1,United Airlines,EWR‐ICN,19h45m,1,SFO,4:40 pm – 1:23 am +1,United Airlines,ICN‐EWR,21h43m,2,"SFO, LAX",1944,20220407-0614,best
8:55 pm – 8:45 am +2,Lufthansa,EWR‐ICN,22h50m,1,MUC,10:15 am – 7:10 pm,Lufthansa,ICN‐EWR,21h55m,1,MUC,1797,20220407-0614,best
6:00 am – 2:45 pm +1,United Airlines,EWR‐ICN,19h45m,1,SFO,4:40 pm – 1:23 am +1,United Airlines,ICN‐EWR,21h43m,2,"SFO, LAX",1944,20220407-0614,best
9:36 am – 4:30 pm +1,Delta,EWR‐ICN,17h54m,1,DTW,2:30 pm – 10:59 pm,Delta,ICN‐EWR,21h29m,2,"LAX, DTW",2169,20220407-0614,best
9:36 am – 4:30 pm +1,Korean Air,EWR‐ICN,17h54m,1,DTW,6:40 pm – 10:31 pm,Air Canada,ICN‐EWR,16h51m,1,YYZ,2490,20220407-0619,fast
8:45 am – 4:20 pm +1,"Delta, Korean Air",EWR‐ICN,18h35m,1,ATL,6:40 pm – 10:31 pm,Air Canada,ICN‐EWR,16h51m,1,YYZ,3139,20220407-0619,fast
9:36 am – 4:30 pm +1,Korean Air,EWR‐ICN,17h54m,1,DTW,8:40 pm – 1:58 am +1,Asiana Airlines,ICN‐EWR,18h18m,1,SFO,2797,20220407-0619,fast
8:45 am – 4:20 pm +1,"Delta, Korean Air",EWR‐ICN,18h35m,1,ATL,8:40 pm – 1:58 am +1,"Asiana Airlines, United Airlines",ICN‐EWR,18h18m,1,SFO,3215,20220407-0619,fast
9:36 am – 4:30 pm +1,Korean Air,EWR‐ICN,17h54m,1,DTW,5:25 pm – 11:26 pm,"Korean Air, American Airlines",ICN‐EWR,19h01m,1,DFW,2855,20220407-0619,fast
9:36 am – 4:30 pm +1,Korean Air,EWR‐ICN,17h54m,1,DTW,9:20 am – 3:35 pm,Korean Air,ICN‐EWR,19h15m,1,ATL,2496,20220407-0619,fast
6:30 am – 4:00 pm +1,Air Canada,EWR‐ICN,20h30m,2,"ORD, YVR",6:40 pm – 10:31 pm,Air Canada,ICN‐EWR,16h51m,1,YYZ,2423,20220407-0619,fast
6:25 am – 4:00 pm +1,Air Canada,EWR‐ICN,20h35m,2,"YYZ, YVR",6:40 pm – 10:31 pm,Air Canada,ICN‐EWR,16h51m,1,YYZ,1782,20220407-0619,fast
8:45 am – 4:20 pm +1,Korean Air,EWR‐ICN,18h35m,1,ATL,9:20 am – 3:35 pm,Korean Air,ICN‐EWR,19h15m,1,ATL,2745,20220407-0619,fast
6:00 am – 2:45 pm +1,United Airlines,EWR‐ICN,19h45m,1,SFO,4:40 pm – 10:08 pm,United Airlines,ICN‐EWR,18h28m,1,SFO,1762,20220407-0619,fast
6:59 am – 3:15 pm +1,American Airlines,EWR‐ICN,19h16m,1,DFW,5:25 pm – 11:26 pm,American Airlines,ICN‐EWR,19h01m,1,DFW,3017,20220407-0619,fast
6:00 am – 4:30 pm +1,"Delta, Korean Air",EWR‐ICN,21h30m,1,DTW,6:40 pm – 10:31 pm,Air Canada,ICN‐EWR,16h51m,1,YYZ,2619,20220407-0619,fast
5:00 am – 4:00 pm +1,"United Airlines, Air Canada",EWR‐ICN,22h00m,2,"ORD, YVR",6:40 pm – 10:31 pm,Air Canada,ICN‐EWR,16h51m,1,YYZ,2404,20220407-0619,fast
7:00 am – 3:50 pm +1,Korean Air,EWR‐ICN,19h50m,1,ATL,5:25 pm – 11:26 pm,"Korean Air, American Airlines",ICN‐EWR,19h01m,1,DFW,3117,20220407-0619,fast
6:25 am – 4:00 pm +1,Air Canada,EWR‐ICN,20h35m,2,"YYZ, YVR",8:40 pm – 1:58 am +1,"Asiana Airlines, United Airlines",ICN‐EWR,18h18m,1,SFO,2500,20220407-0619,fast
