Out Time,Out Airline,Out Cities,Out Duration,Out Stops,Out Stop Cities,Return Time,Return Airline,Return Cities,Return Duration,Return Stops,Return Stop Cities,Price,timestamp,sort
6:30 am – 2:55 pm +1,United Airlines,EWR‐ICN,19h25m,1,SFO,4:50 pm – 8:19 am +1,United Airlines,ICN‐EWR,28h29m,1,SFO,1219,20220406-2301,cheap
6:30 am – 2:55 pm +1,United Airlines,EWR‐ICN,19h25m,1,SFO,4:50 pm – 9:49 pm,United Airlines,ICN‐EWR,17h59m,1,SFO,1232,20220406-2301,cheap
5:00 am – 2:55 pm +1,United Airlines,EWR‐ICN,20h55m,2,"ORD, SFO",4:50 pm – 9:49 pm,United Airlines,ICN‐EWR,17h59m,1,SFO,1232,20220406-2301,cheap
6:30 am – 2:55 pm +1,United Airlines,EWR‐ICN,19h25m,1,SFO,4:50 pm – 12:49 am +1,United Airlines,ICN‐EWR,20h59m,1,SFO,1232,20220406-2301,cheap
5:00 am – 2:55 pm +1,United Airlines,EWR‐ICN,20h55m,2,"ORD, SFO",4:50 pm – 12:49 am +1,United Airlines,ICN‐EWR,20h59m,1,SFO,1232,20220406-2301,cheap
6:30 am – 2:55 pm +1,United Airlines,EWR‐ICN,19h25m,1,SFO,4:50 pm – 5:12 am +1,United Airlines,ICN‐EWR,25h22m,1,SFO,1232,20220406-2301,cheap
5:00 am – 2:55 pm +1,United Airlines,EWR‐ICN,20h55m,2,"ORD, SFO",4:50 pm – 5:12 am +1,United Airlines,ICN‐EWR,25h22m,1,SFO,1232,20220406-2301,cheap
8:59 pm – 2:55 pm +2,United Airlines,EWR‐ICN,28h56m,2,"IAH, SFO",4:50 pm – 9:49 pm,United Airlines,ICN‐EWR,17h59m,1,SFO,1232,20220406-2301,cheap
7:38 pm – 2:55 pm +2,United Airlines,EWR‐ICN,30h17m,2,"IAD, SFO",4:50 pm – 9:49 pm,United Airlines,ICN‐EWR,17h59m,1,SFO,1232,20220406-2301,cheap
7:38 pm – 2:55 pm +2,United Airlines,EWR‐ICN,30h17m,2,"IAD, SFO",4:50 pm – 9:49 pm,United Airlines,ICN‐EWR,17h59m,1,SFO,1232,20220406-2301,cheap
7:29 pm – 2:55 pm +2,United Airlines,EWR‐ICN,30h26m,2,"IAH, SFO",4:50 pm – 9:49 pm,United Airlines,ICN‐EWR,17h59m,1,SFO,1232,20220406-2301,cheap
6:30 am – 2:55 pm +1,United Airlines,EWR‐ICN,19h25m,1,SFO,4:50 pm – 11:33 pm,United Airlines,ICN‐EWR,19h43m,2,"SFO, DEN",1236,20220406-2301,cheap
6:30 am – 2:55 pm +1,United Airlines,EWR‐ICN,19h25m,1,SFO,4:50 pm – 11:42 pm,United Airlines,ICN‐EWR,19h52m,2,"SFO, IAD",1236,20220406-2301,cheap
6:30 am – 2:55 pm +1,United Airlines,EWR‐ICN,19h25m,1,SFO,4:50 pm – 12:30 am +1,United Airlines,ICN‐EWR,20h40m,2,"SFO, ORD",1236,20220406-2301,cheap
6:30 am – 2:55 pm +1,United Airlines,EWR‐ICN,19h25m,1,SFO,4:50 pm – 12:45 am +1,United Airlines,ICN‐EWR,20h55m,2,"SFO, IAH",1236,20220406-2301,cheap
6:30 am – 2:55 pm +1,United Airlines,EWR‐ICN,19h25m,1,SFO,4:50 pm – 9:49 pm,United Airlines,ICN‐EWR,17h59m,1,SFO,1232,20220406-2259,best
6:30 am – 2:55 pm +1,United Airlines,EWR‐ICN,19h25m,1,SFO,4:50 pm – 8:19 am +1,United Airlines,ICN‐EWR,28h29m,1,SFO,1219,20220406-2259,best
6:30 am – 2:55 pm +1,United Airlines,EWR‐ICN,19h25m,1,SFO,4:50 pm – 11:33 pm,United Airlines,ICN‐EWR,19h43m,2,"SFO, DEN",1236,20220406-2259,best
6:30 am – 2:55 pm +1,United Airlines,EWR‐ICN,19h25m,1,SFO,4:50 pm – 12:49 am +1,United Airlines,ICN‐EWR,20h59m,1,SFO,1232,20220406-2259,best
6:30 am – 2:55 pm +1,United Airlines,EWR‐ICN,19h25m,1,SFO,4:50 pm – 11:42 pm,United Airlines,ICN‐EWR,19h52m,2,"SFO, IAD",1236,20220406-2259,best
6:30 am – 2:55 pm +1,United Airlines,EWR‐ICN,19h25m,1,SFO,4:50 pm – 12:30 am +1,United Airlines,ICN‐EWR,20h40m,2,"SFO, ORD",1236,20220406-2259,best
5:00 am – 2:55 pm +1,United Airlines,EWR‐ICN,20h55m,2,"ORD, SFO",4:50 pm – 9:49 pm,United Airlines,ICN‐EWR,17h59m,1,SFO,1232,20220406-2259,best
6:30 am – 2:55 pm +1,United Airlines,EWR‐ICN,19h25m,1,SFO,4:50 pm – 12:45 am +1,United Airlines,ICN‐EWR,20h55m,2,"SFO, IAH",1236,20220406-2259,best
6:30 am – 2:55 pm +1,United Airlines,EWR‐ICN,19h25m,1,SFO,4:50 pm – 12:48 am +1,United Airlines,ICN‐EWR,20h58m,2,"SFO, LAX",1236,20220406-2259,best
5:00 am – 2:55 pm +1,United Airlines,EWR‐ICN,20h55m,2,"ORD, SFO",4:50 pm – 11:33 pm,United Airlines,ICN‐EWR,19h43m,2,"SFO, DEN",1236,20220406-2259,best
5:00 am – 2:55 pm +1,United Airlines,EWR‐ICN,20h55m,2,"ORD, SFO",4:50 pm – 12:49 am +1,United Airlines,ICN‐EWR,20h59m,1,SFO,1232,20220406-2259,best
9:30 am – 4:30 pm +1,Delta,EWR‐ICN,18h00m,1,DTW,6:40 pm – 10:59 pm,Delta,ICN‐EWR,17h19m,1,ATL,1715,20220406-2259,best
5:00 am – 2:55 pm +1,United Airlines,EWR‐ICN,20h55m,2,"ORD, SFO",4:50 pm – 11:42 pm,United Airlines,ICN‐EWR,19h52m,2,"SFO, IAD",1236,20220406-2259,best
5:00 am – 2:55 pm +1,United Airlines,EWR‐ICN,20h55m,2,"ORD, SFO",4:50 pm – 12:30 am +1,United Airlines,ICN‐EWR,20h40m,2,"SFO, ORD",1236,20220406-2259,best
9:30 am – 4:30 pm +1,Delta,EWR‐ICN,18h00m,1,DTW,10:45 am – 3:45 pm,Delta,ICN‐EWR,18h00m,1,DTW,1715,20220406-2259,best
5:00 am – 2:55 pm +1,United Airlines,EWR‐ICN,20h55m,2,"ORD, SFO",4:50 pm – 12:45 am +1,United Airlines,ICN‐EWR,20h55m,2,"SFO, IAH",1236,20220406-2259,best
11:25 am – 5:30 pm +1,"ANA, Korean Air",EWR‐ICN,17h05m,1,NRT,6:40 pm – 10:59 pm,Korean Air,ICN‐EWR,17h19m,1,ATL,6355,20220406-2304,fast
9:30 am – 4:30 pm +1,Delta,EWR‐ICN,18h00m,1,DTW,6:40 pm – 10:59 pm,Delta,ICN‐EWR,17h19m,1,ATL,1715,20220406-2304,fast
11:25 am – 5:30 pm +1,"ANA, Korean Air",EWR‐ICN,17h05m,1,NRT,9:30 am – 2:49 pm,Korean Air,ICN‐EWR,18h19m,1,BOS,6355,20220406-2304,fast
9:30 am – 4:30 pm +1,Delta,EWR‐ICN,18h00m,1,DTW,10:45 am – 3:45 pm,Delta,ICN‐EWR,18h00m,1,DTW,1715,20220406-2304,fast
11:25 am – 5:30 pm +1,"ANA, Korean Air",EWR‐ICN,17h05m,1,NRT,2:40 pm – 8:53 pm,"Asiana Airlines, United Airlines",ICN‐EWR,19h13m,1,LAX,4401,20220406-2304,fast
11:25 am – 5:30 pm +1,"ANA, Korean Air",EWR‐ICN,17h05m,1,NRT,2:40 pm – 8:53 pm,Asiana Airlines,ICN‐EWR,19h13m,1,LAX,4697,20220406-2304,fast
9:30 am – 4:30 pm +1,Korean Air,EWR‐ICN,18h00m,1,DTW,9:30 am – 2:49 pm,Korean Air,ICN‐EWR,18h19m,1,BOS,2113,20220406-2304,fast
9:00 am – 4:25 pm +1,Korean Air,EWR‐ICN,18h25m,1,BOS,10:45 am – 3:45 pm,Korean Air,ICN‐EWR,18h00m,1,DTW,2025,20220406-2304,fast
9:30 am – 4:30 pm +1,Korean Air,EWR‐ICN,18h00m,1,DTW,9:20 am – 3:14 pm,Korean Air,ICN‐EWR,18h54m,1,ATL,1994,20220406-2304,fast
9:30 am – 4:30 pm +1,Delta,EWR‐ICN,18h00m,1,DTW,6:40 pm – 12:48 am +1,Delta,ICN‐EWR,19h08m,1,ATL,1715,20220406-2304,fast
9:30 am – 4:30 pm +1,"Delta, Korean Air",EWR‐ICN,18h00m,1,DTW,2:40 pm – 8:53 pm,"Asiana Airlines, United Airlines",ICN‐EWR,19h13m,1,LAX,2206,20220406-2304,fast
9:30 am – 4:30 pm +1,Korean Air,EWR‐ICN,18h00m,1,DTW,2:40 pm – 8:53 pm,Asiana Airlines,ICN‐EWR,19h13m,1,LAX,2470,20220406-2304,fast
8:00 am – 4:20 pm +1,Korean Air,EWR‐ICN,19h20m,1,ATL,4:50 pm – 9:49 pm,United Airlines,ICN‐EWR,17h59m,1,SFO,2214,20220406-2304,fast
8:00 am – 4:20 pm +1,Korean Air,EWR‐ICN,19h20m,1,ATL,10:45 am – 3:45 pm,Korean Air,ICN‐EWR,18h00m,1,DTW,2144,20220406-2304,fast
6:30 am – 2:55 pm +1,United Airlines,EWR‐ICN,19h25m,1,SFO,4:50 pm – 9:49 pm,United Airlines,ICN‐EWR,17h59m,1,SFO,1232,20220406-2304,fast
