Out Time,Out Airline,Out Cities,Out Duration,Out Stops,Out Stop Cities,Return Time,Return Airline,Return Cities,Return Duration,Return Stops,Return Stop Cities,Price,timestamp,sort
8:45 am – 11:40 pm +1,Korean Air,EWR‐SIN,26h55m,2,"ATL, ICN",1:10 am – 2:00 pm,Korean Air,SIN‐EWR,24h50m,2,"ICN, BOS",1057,20220407-1310,cheap
8:40 am – 11:40 pm +1,Korean Air,EWR‐SIN,27h00m,2,"BOS, ICN",1:10 am – 2:00 pm,Korean Air,SIN‐EWR,24h50m,2,"ICN, BOS",1072,20220407-1310,cheap
7:00 am – 11:40 pm +1,Korean Air,EWR‐SIN,28h40m,2,"ATL, ICN",1:10 am – 2:00 pm,Korean Air,SIN‐EWR,24h50m,2,"ICN, BOS",1072,20220407-1310,cheap
8:45 am – 11:40 pm +1,Korean Air,EWR‐SIN,26h55m,2,"ATL, ICN",1:10 am – 3:35 pm,Korean Air,SIN‐EWR,26h25m,2,"ICN, ATL",1138,20220407-1310,cheap
8:40 am – 11:40 pm +1,Korean Air,EWR‐SIN,27h00m,2,"BOS, ICN",1:10 am – 3:35 pm,Korean Air,SIN‐EWR,26h25m,2,"ICN, ATL",1138,20220407-1310,cheap
7:00 am – 11:40 pm +1,Korean Air,EWR‐SIN,28h40m,2,"ATL, ICN",1:10 am – 3:35 pm,Korean Air,SIN‐EWR,26h25m,2,"ICN, ATL",1138,20220407-1310,cheap
11:35 am – 12:35 am +2,ANA,EWR‐SIN,25h00m,1,NRT,6:10 am – 4:40 pm,ANA,SIN‐EWR,22h30m,1,NRT,1167,20220407-1310,cheap
7:00 am – 12:35 am +2,ANA,EWR‐SIN,29h35m,2,"LAX, NRT",6:10 am – 4:40 pm,ANA,SIN‐EWR,22h30m,1,NRT,1175,20220407-1310,cheap
10:55 am – 12:35 am +2,ANA,EWR‐SIN,25h40m,1,HND-NRT,6:10 am – 4:40 pm,ANA,SIN‐EWR,22h30m,1,NRT,1185,20220407-1310,cheap
8:00 am – 12:35 am +2,ANA,EWR‐SIN,28h35m,2,"SFO, NRT",6:10 am – 4:40 pm,ANA,SIN‐EWR,22h30m,1,NRT,1211,20220407-1310,cheap
6:54 am – 12:20 am +2,Japan Airlines,EWR‐SIN,29h26m,2,"ORD, NRT",1:50 am – 4:48 pm,Japan Airlines,SIN‐EWR,26h58m,2,"HND, ORD",1215,20220407-1310,cheap
6:54 am – 12:20 am +2,Japan Airlines,EWR‐SIN,29h26m,2,"ORD, NRT",9:50 pm – 4:48 pm +1,Japan Airlines,SIN‐EWR,30h58m,2,"HND, ORD",1215,20220407-1310,cheap
6:54 am – 12:20 am +2,Japan Airlines,EWR‐SIN,29h26m,2,"ORD, NRT",9:50 pm – 4:48 pm +1,Japan Airlines,SIN‐EWR,30h58m,2,"HND-NRT, ORD",1283,20220407-1310,cheap
6:59 am – 12:20 am +2,American Airlines,EWR‐SIN,29h21m,2,"DFW, NRT",1:50 am – 4:48 pm,American Airlines,SIN‐EWR,26h58m,2,"HND, ORD",1285,20220407-1310,cheap
6:54 am – 12:20 am +2,American Airlines,EWR‐SIN,29h26m,2,"ORD, NRT",1:50 am – 4:48 pm,American Airlines,SIN‐EWR,26h58m,2,"HND, ORD",1285,20220407-1310,cheap
8:40 am – 11:40 pm +1,Korean Air,EWR‐SIN,27h00m,2,"BOS, ICN",1:10 am – 2:00 pm,Korean Air,SIN‐EWR,24h50m,2,"ICN, BOS",1096,20220407-1308,best
11:35 am – 12:35 am +2,ANA,EWR‐SIN,25h00m,1,NRT,6:10 am – 4:40 pm,ANA,SIN‐EWR,22h30m,1,NRT,1167,20220407-1308,best
8:45 am – 11:40 pm +1,Korean Air,EWR‐SIN,26h55m,2,"ATL, ICN",1:10 am – 2:00 pm,Korean Air,SIN‐EWR,24h50m,2,"ICN, BOS",1057,20220407-1308,best
10:25 am – 5:10 pm +1,Singapore Airlines,EWR‐SIN,18h45m,0,,11:35 pm – 6:00 am +1,Singapore Airlines,SIN‐EWR,18h25m,0,,1604,20220407-1308,best
10:55 am – 12:35 am +2,ANA,EWR‐SIN,25h40m,1,HND-NRT,6:10 am – 4:40 pm,ANA,SIN‐EWR,22h30m,1,NRT,1185,20220407-1308,best
8:00 am – 12:35 am +2,ANA,EWR‐SIN,28h35m,2,"SFO, NRT",6:10 am – 4:40 pm,ANA,SIN‐EWR,22h30m,1,NRT,1211,20220407-1308,best
7:00 am – 12:35 am +2,ANA,EWR‐SIN,29h35m,2,"LAX, NRT",6:10 am – 4:40 pm,ANA,SIN‐EWR,22h30m,1,NRT,1175,20220407-1308,best
8:40 am – 11:40 pm +1,Korean Air,EWR‐SIN,27h00m,2,"BOS, ICN",1:10 am – 2:00 pm,Korean Air,SIN‐EWR,24h50m,2,"ICN, BOS",1072,20220407-1308,best
7:00 am – 11:40 pm +1,Korean Air,EWR‐SIN,28h40m,2,"ATL, ICN",1:10 am – 2:00 pm,Korean Air,SIN‐EWR,24h50m,2,"ICN, BOS",1072,20220407-1308,best
8:45 am – 11:40 pm +1,Korean Air,EWR‐SIN,26h55m,2,"ATL, ICN",1:10 am – 3:35 pm,Korean Air,SIN‐EWR,26h25m,2,"ICN, ATL",1138,20220407-1308,best
8:40 am – 11:40 pm +1,Korean Air,EWR‐SIN,27h00m,2,"BOS, ICN",1:10 am – 3:35 pm,Korean Air,SIN‐EWR,26h25m,2,"ICN, ATL",1138,20220407-1308,best
7:00 am – 11:40 pm +1,Korean Air,EWR‐SIN,28h40m,2,"ATL, ICN",1:10 am – 3:35 pm,Korean Air,SIN‐EWR,26h25m,2,"ICN, ATL",1138,20220407-1308,best
10:10 am – 12:35 am +2,"United Airlines, ANA",EWR‐SIN,26h25m,2,"IAD, NRT",6:10 am – 4:40 pm,ANA,SIN‐EWR,22h30m,1,NRT,1540,20220407-1308,best
8:45 am – 11:40 pm +1,Korean Air,EWR‐SIN,26h55m,2,"ATL, ICN",6:10 am – 4:40 pm,ANA,SIN‐EWR,22h30m,1,NRT,1552,20220407-1308,best
11:35 am – 12:35 am +2,ANA,EWR‐SIN,25h00m,1,NRT,10:10 pm – 4:40 pm +1,ANA,SIN‐EWR,30h30m,1,HND-NRT,1332,20220407-1308,best
11:35 am – 12:35 am +2,ANA,EWR‐SIN,25h00m,1,NRT,10:10 pm – 5:10 pm +1,ANA,SIN‐EWR,31h00m,1,HND,1316,20220407-1308,best
10:25 am – 5:10 pm +1,Singapore Airlines,EWR‐SIN,18h45m,0,,11:35 pm – 6:00 am +1,Singapore Airlines,SIN‐EWR,18h25m,0,,1604,20220407-1313,fast
10:25 am – 5:10 pm +1,Singapore Airlines,EWR‐SIN,18h45m,0,,6:10 am – 4:40 pm,ANA,SIN‐EWR,22h30m,1,NRT,2099,20220407-1313,fast
6:00 pm – 6:15 am +2,United Airlines,EWR‐SIN,24h15m,1,SFO,11:35 pm – 6:00 am +1,Singapore Airlines,SIN‐EWR,18h25m,0,,1592,20220407-1313,fast
10:25 am – 5:10 pm +1,Singapore Airlines,EWR‐SIN,18h45m,0,,6:40 pm – 6:59 am +1,Singapore Airlines,SIN‐EWR,24h19m,1,SFO,1967,20220407-1313,fast
10:25 am – 5:10 pm +1,Singapore Airlines,EWR‐SIN,18h45m,0,,6:40 pm – 7:10 am +1,Singapore Airlines,SIN‐EWR,24h30m,1,LAX,2015,20220407-1313,fast
11:35 am – 12:35 am +2,ANA,EWR‐SIN,25h00m,1,NRT,11:35 pm – 6:00 am +1,Singapore Airlines,SIN‐EWR,18h25m,0,,1990,20220407-1313,fast
10:55 am – 12:35 am +2,ANA,EWR‐SIN,25h40m,1,HND-NRT,11:35 pm – 6:00 am +1,Singapore Airlines,SIN‐EWR,18h25m,0,,1999,20220407-1313,fast
10:25 am – 5:10 pm +1,Singapore Airlines,EWR‐SIN,18h45m,0,,6:40 pm – 8:33 am +1,"Singapore Airlines, JetBlue",SIN‐EWR,25h53m,1,LAX,2015,20220407-1313,fast
8:55 pm – 7:00 am +2,Lufthansa,EWR‐SIN,22h05m,1,MUC,12:30 am – 12:25 pm,Lufthansa,SIN‐EWR,23h55m,1,MUC,2480,20220407-1313,fast
10:25 am – 5:10 pm +1,Singapore Airlines,EWR‐SIN,18h45m,0,,6:10 am – 9:33 pm,ANA,SIN‐EWR,27h23m,2,"NRT, ORD",2889,20220407-1313,fast
9:00 am – 1:15 am +2,Singapore Airlines,EWR‐SIN,28h15m,2,"LAX, NRT",11:35 pm – 6:00 am +1,Singapore Airlines,SIN‐EWR,18h25m,0,,2377,20220407-1313,fast
6:00 pm – 6:15 am +2,United Airlines,EWR‐SIN,24h15m,1,SFO,6:10 am – 4:40 pm,ANA,SIN‐EWR,22h30m,1,NRT,1545,20220407-1313,fast
6:00 pm – 6:15 am +2,United Airlines,EWR‐SIN,24h15m,1,SFO,8:45 am – 7:20 pm,United Airlines,SIN‐EWR,22h35m,1,SFO,2012,20220407-1313,fast
4:26 pm – 8:55 am +2,"JetBlue, Qatar Airways",EWR‐SIN,28h29m,2,"BOS, DOH",11:35 pm – 6:00 am +1,Singapore Airlines,SIN‐EWR,18h25m,0,,1831,20220407-1313,fast
7:30 pm – 6:50 am +2,Lufthansa,EWR‐SIN,23h20m,1,FRA,12:30 am – 12:25 pm,Lufthansa,SIN‐EWR,23h55m,1,MUC,2497,20220407-1313,fast
