Out Time,Out Airline,Out Cities,Out Duration,Out Stops,Out Stop Cities,Return Time,Return Airline,Return Cities,Return Duration,Return Stops,Return Stop Cities,Price,timestamp,sort
6:34 am – 3:15 pm +1,American Airlines,EWR‐ICN,19h41m,1,DFW,5:25 pm – 10:00 pm,American Airlines,ICN‐EWR,17h35m,1,DFW,1330,20220405-2206,cheap
6:34 am – 3:15 pm +1,American Airlines,EWR‐ICN,19h41m,1,DFW,5:25 pm – 11:28 pm,American Airlines,ICN‐EWR,19h03m,1,DFW,1330,20220405-2206,cheap
6:34 am – 3:15 pm +1,American Airlines,EWR‐ICN,19h41m,1,DFW,5:25 pm – 6:35 am +1,American Airlines,ICN‐EWR,26h10m,2,"DFW, PHX",1374,20220405-2206,cheap
6:34 am – 3:15 pm +1,American Airlines,EWR‐ICN,19h41m,1,DFW,5:25 pm – 6:35 am +1,American Airlines,ICN‐EWR,26h10m,2,"DFW, PHX",1374,20220405-2206,cheap
7:42 pm – 3:15 pm +2,American Airlines,EWR‐ICN,30h33m,2,"ORD, DFW",5:25 pm – 10:00 pm,American Airlines,ICN‐EWR,17h35m,1,DFW,1424,20220405-2206,cheap
7:42 pm – 3:15 pm +2,American Airlines,EWR‐ICN,30h33m,2,"ORD, DFW",5:25 pm – 10:00 pm,American Airlines,ICN‐EWR,17h35m,1,DFW,1424,20220405-2206,cheap
6:34 am – 3:15 pm +1,American Airlines,EWR‐ICN,19h41m,1,DFW,5:25 pm – 6:35 am +1,American Airlines,ICN‐EWR,26h10m,2,"DFW, PHX",1425,20220405-2206,cheap
6:30 am – 2:55 pm +1,United Airlines,EWR‐ICN,19h25m,1,SFO,4:50 pm – 7:20 am +1,United Airlines,ICN‐EWR,27h30m,2,"SFO, IAD",1650,20220405-2206,cheap
5:00 am – 2:55 pm +1,United Airlines,EWR‐ICN,20h55m,2,"ORD, SFO",4:50 pm – 7:20 am +1,United Airlines,ICN‐EWR,27h30m,2,"SFO, IAD",1650,20220405-2206,cheap
6:30 am – 2:55 pm +1,United Airlines,EWR‐ICN,19h25m,1,SFO,4:50 pm – 9:44 pm,United Airlines,ICN‐EWR,17h54m,1,SFO,1691,20220405-2206,cheap
6:30 am – 2:55 pm +1,United Airlines,EWR‐ICN,19h25m,1,SFO,4:50 pm – 11:09 pm,United Airlines,ICN‐EWR,19h19m,1,SFO,1691,20220405-2206,cheap
5:00 am – 2:55 pm +1,United Airlines,EWR‐ICN,20h55m,2,"ORD, SFO",4:50 pm – 9:44 pm,United Airlines,ICN‐EWR,17h54m,1,SFO,1691,20220405-2206,cheap
5:00 am – 2:55 pm +1,United Airlines,EWR‐ICN,20h55m,2,"ORD, SFO",4:50 pm – 11:09 pm,United Airlines,ICN‐EWR,19h19m,1,SFO,1691,20220405-2206,cheap
6:30 am – 2:55 pm +1,United Airlines,EWR‐ICN,19h25m,1,SFO,4:50 pm – 12:44 am +1,United Airlines,ICN‐EWR,20h54m,1,SFO,1691,20220405-2206,cheap
5:00 am – 2:55 pm +1,United Airlines,EWR‐ICN,20h55m,2,"ORD, SFO",4:50 pm – 12:44 am +1,United Airlines,ICN‐EWR,20h54m,1,SFO,1691,20220405-2206,cheap
6:34 am – 3:15 pm +1,American Airlines,EWR‐ICN,19h41m,1,DFW,5:25 pm – 10:00 pm,American Airlines,ICN‐EWR,17h35m,1,DFW,1330,20220405-2204,best
6:34 am – 3:15 pm +1,American Airlines,EWR‐ICN,19h41m,1,DFW,5:25 pm – 11:28 pm,American Airlines,ICN‐EWR,19h03m,1,DFW,1330,20220405-2204,best
6:30 am – 2:55 pm +1,United Airlines,EWR‐ICN,19h25m,1,SFO,4:50 pm – 9:44 pm,United Airlines,ICN‐EWR,17h54m,1,SFO,1691,20220405-2204,best
6:30 am – 2:55 pm +1,United Airlines,EWR‐ICN,19h25m,1,SFO,4:50 pm – 11:09 pm,United Airlines,ICN‐EWR,19h19m,1,SFO,1691,20220405-2204,best
6:30 am – 2:55 pm +1,United Airlines,EWR‐ICN,19h25m,1,SFO,4:50 pm – 12:44 am +1,United Airlines,ICN‐EWR,20h54m,1,SFO,1691,20220405-2204,best
9:30 am – 4:30 pm +1,Korean Air,EWR‐ICN,18h00m,1,DTW,9:20 am – 3:04 pm,Korean Air,ICN‐EWR,18h44m,1,ATL,2018,20220405-2204,best
6:30 am – 2:55 pm +1,United Airlines,EWR‐ICN,19h25m,1,SFO,4:50 pm – 11:19 pm,United Airlines,ICN‐EWR,19h29m,2,"SFO, DEN",1790,20220405-2204,best
8:00 am – 3:50 pm +1,Korean Air,EWR‐ICN,18h50m,1,ATL,9:20 am – 3:04 pm,Korean Air,ICN‐EWR,18h44m,1,ATL,2019,20220405-2204,best
6:30 am – 2:55 pm +1,United Airlines,EWR‐ICN,19h25m,1,SFO,4:50 pm – 11:28 pm,United Airlines,ICN‐EWR,19h38m,2,"SFO, IAD",1790,20220405-2204,best
5:00 am – 2:55 pm +1,United Airlines,EWR‐ICN,20h55m,2,"ORD, SFO",4:50 pm – 9:44 pm,United Airlines,ICN‐EWR,17h54m,1,SFO,1691,20220405-2204,best
6:30 am – 2:55 pm +1,United Airlines,EWR‐ICN,19h25m,1,SFO,4:50 pm – 11:55 pm,United Airlines,ICN‐EWR,20h05m,2,"SFO, IAH",1790,20220405-2204,best
9:30 am – 4:30 pm +1,Korean Air,EWR‐ICN,18h00m,1,DTW,5:25 pm – 10:00 pm,"Korean Air, American Airlines",ICN‐EWR,17h35m,1,DFW,2242,20220405-2204,best
6:30 am – 2:55 pm +1,United Airlines,EWR‐ICN,19h25m,1,SFO,4:50 pm – 12:17 am +1,United Airlines,ICN‐EWR,20h27m,2,"SFO, LAX",1790,20220405-2204,best
5:00 am – 2:55 pm +1,United Airlines,EWR‐ICN,20h55m,2,"ORD, SFO",4:50 pm – 11:09 pm,United Airlines,ICN‐EWR,19h19m,1,SFO,1691,20220405-2204,best
6:30 am – 2:55 pm +1,United Airlines,EWR‐ICN,19h25m,1,SFO,4:50 pm – 12:55 am +1,United Airlines,ICN‐EWR,21h05m,2,"SFO, ORD",1790,20220405-2204,best
9:30 am – 4:30 pm +1,Korean Air,EWR‐ICN,18h00m,1,DTW,5:25 pm – 10:00 pm,"Korean Air, American Airlines",ICN‐EWR,17h35m,1,DFW,2242,20220405-2209,fast
9:30 am – 4:30 pm +1,"Delta, Korean Air",EWR‐ICN,18h00m,1,DTW,12:00 pm – 4:40 pm,"Asiana Airlines, ANA",ICN‐EWR,17h40m,1,NRT,7617,20220405-2209,fast
11:25 am – 5:30 pm +1,"ANA, Korean Air",EWR‐ICN,17h05m,1,NRT,9:20 am – 3:04 pm,Korean Air,ICN‐EWR,18h44m,1,ATL,11000,20220405-2209,fast
8:00 am – 3:50 pm +1,Korean Air,EWR‐ICN,18h50m,1,ATL,5:25 pm – 10:00 pm,"Korean Air, American Airlines",ICN‐EWR,17h35m,1,DFW,2242,20220405-2209,fast
9:30 am – 4:30 pm +1,Korean Air,EWR‐ICN,18h00m,1,DTW,12:30 pm – 6:00 pm,"Korean Air, Alaska Airlines",ICN‐EWR,18h30m,1,SEA,2543,20220405-2209,fast
8:00 am – 3:50 pm +1,Korean Air,EWR‐ICN,18h50m,1,ATL,12:00 pm – 4:40 pm,"Asiana Airlines, ANA",ICN‐EWR,17h40m,1,NRT,7618,20220405-2209,fast
9:30 am – 4:30 pm +1,Korean Air,EWR‐ICN,18h00m,1,DTW,9:20 am – 3:04 pm,Korean Air,ICN‐EWR,18h44m,1,ATL,2018,20220405-2209,fast
6:34 am – 3:15 pm +1,American Airlines,EWR‐ICN,19h41m,1,DFW,5:25 pm – 10:00 pm,American Airlines,ICN‐EWR,17h35m,1,DFW,1330,20220405-2209,fast
6:30 am – 2:55 pm +1,United Airlines,EWR‐ICN,19h25m,1,SFO,4:50 pm – 9:44 pm,United Airlines,ICN‐EWR,17h54m,1,SFO,1691,20220405-2209,fast
8:00 am – 3:50 pm +1,Korean Air,EWR‐ICN,18h50m,1,ATL,12:30 pm – 6:00 pm,"Korean Air, Alaska Airlines",ICN‐EWR,18h30m,1,SEA,2543,20220405-2209,fast
6:34 am – 3:15 pm +1,"American Airlines, Korean Air",EWR‐ICN,19h41m,1,DFW,12:00 pm – 4:40 pm,"Asiana Airlines, ANA",ICN‐EWR,17h40m,1,NRT,8494,20220405-2209,fast
7:00 am – 3:50 pm +1,"Delta, Korean Air",EWR‐ICN,19h50m,1,ATL,12:00 pm – 4:40 pm,"Asiana Airlines, ANA",ICN‐EWR,17h40m,1,NRT,7844,20220405-2209,fast
8:00 am – 3:50 pm +1,Korean Air,EWR‐ICN,18h50m,1,ATL,9:20 am – 3:04 pm,Korean Air,ICN‐EWR,18h44m,1,ATL,2019,20220405-2209,fast
8:00 am – 3:50 pm +1,Korean Air,EWR‐ICN,18h50m,1,ATL,5:25 pm – 11:28 pm,"Korean Air, American Airlines",ICN‐EWR,19h03m,1,DFW,2242,20220405-2209,fast
7:00 am – 3:50 pm +1,"Delta, Korean Air",EWR‐ICN,19h50m,1,ATL,12:30 pm – 6:00 pm,"Korean Air, Alaska Airlines",ICN‐EWR,18h30m,1,SEA,2770,20220405-2209,fast
