Out Time,Out Airline,Out Cities,Out Duration,Out Stops,Out Stop Cities,Return Time,Return Airline,Return Cities,Return Duration,Return Stops,Return Stop Cities,Price,timestamp,sort
8:45 am – 11:40 pm +1,Korean Air,EWR‐SIN,26h55m,2,"ATL, ICN",1:10 am – 2:00 pm,Korean Air,SIN‐EWR,24h50m,2,"ICN, BOS",1057,20220407-1256,cheap
8:45 am – 11:40 pm +1,Korean Air,EWR‐SIN,26h55m,2,"ATL, ICN",1:10 am – 3:35 pm,Korean Air,SIN‐EWR,26h25m,2,"ICN, ATL",1057,20220407-1256,cheap
8:40 am – 11:40 pm +1,Korean Air,EWR‐SIN,27h00m,2,"BOS, ICN",1:10 am – 2:00 pm,Korean Air,SIN‐EWR,24h50m,2,"ICN, BOS",1072,20220407-1256,cheap
8:40 am – 11:40 pm +1,Korean Air,EWR‐SIN,27h00m,2,"BOS, ICN",1:10 am – 3:35 pm,"Korean Air, Delta",SIN‐EWR,26h25m,2,"ICN, ATL",1095,20220407-1256,cheap
8:45 am – 11:40 pm +1,Korean Air,EWR‐SIN,26h55m,2,"ATL, ICN",1:10 am – 3:57 pm,"Korean Air, Delta",SIN‐EWR,26h47m,2,"ICN, DTW",1137,20220407-1256,cheap
8:40 am – 11:40 pm +1,Korean Air,EWR‐SIN,27h00m,2,"BOS, ICN",1:10 am – 3:57 pm,"Korean Air, Delta",SIN‐EWR,26h47m,2,"ICN, DTW",1137,20220407-1256,cheap
8:45 am – 11:40 pm +1,Korean Air,EWR‐SIN,26h55m,2,"ATL, ICN",1:10 am – 12:45 am +1,"Korean Air, Delta",SIN‐EWR,35h35m,2,"ICN, ATL",1137,20220407-1256,cheap
8:40 am – 11:40 pm +1,Korean Air,EWR‐SIN,27h00m,2,"BOS, ICN",1:10 am – 12:45 am +1,"Korean Air, Delta",SIN‐EWR,35h35m,2,"ICN, ATL",1137,20220407-1256,cheap
6:54 am – 12:20 am +2,Japan Airlines,EWR‐SIN,29h26m,2,"ORD, NRT",1:50 am – 4:48 pm,Japan Airlines,SIN‐EWR,26h58m,2,"HND, ORD",1215,20220407-1256,cheap
6:00 am – 12:20 am +2,Japan Airlines,EWR‐SIN,30h20m,2,"BOS, NRT",1:50 am – 4:48 pm,Japan Airlines,SIN‐EWR,26h58m,2,"HND, ORD",1215,20220407-1256,cheap
8:45 am – 11:40 pm +1,Korean Air,EWR‐SIN,26h55m,2,"ATL, ICN",1:10 am – 11:23 pm,"Korean Air, Delta",SIN‐EWR,34h13m,2,"ICN, ATL",1249,20220407-1256,cheap
8:40 am – 11:40 pm +1,Korean Air,EWR‐SIN,27h00m,2,"BOS, ICN",1:10 am – 11:23 pm,"Korean Air, Delta",SIN‐EWR,34h13m,2,"ICN, ATL",1249,20220407-1256,cheap
7:00 am – 11:40 pm +1,Delta,EWR‐SIN,28h40m,2,"ATL, ICN",1:10 am – 2:00 pm,Delta,SIN‐EWR,24h50m,2,"ICN, BOS",1257,20220407-1256,cheap
6:00 am – 11:40 pm +1,Delta,EWR‐SIN,29h40m,2,"ATL, ICN",1:10 am – 2:00 pm,Delta,SIN‐EWR,24h50m,2,"ICN, BOS",1257,20220407-1256,cheap
8:45 am – 11:40 pm +1,Delta,EWR‐SIN,26h55m,2,"ATL, ICN",1:10 am – 5:19 pm,Delta,SIN‐EWR,28h09m,2,"ICN, BOS",1257,20220407-1256,cheap
8:40 am – 11:40 pm +1,Korean Air,EWR‐SIN,27h00m,2,"BOS, ICN",1:10 am – 2:00 pm,Korean Air,SIN‐EWR,24h50m,2,"ICN, BOS",1096,20220407-1253,best
8:45 am – 11:40 pm +1,Korean Air,EWR‐SIN,26h55m,2,"ATL, ICN",1:10 am – 2:00 pm,Korean Air,SIN‐EWR,24h50m,2,"ICN, BOS",1057,20220407-1253,best
8:40 am – 11:40 pm +1,Korean Air,EWR‐SIN,27h00m,2,"BOS, ICN",1:10 am – 2:00 pm,Korean Air,SIN‐EWR,24h50m,2,"ICN, BOS",1072,20220407-1253,best
8:45 am – 11:40 pm +1,Korean Air,EWR‐SIN,26h55m,2,"ATL, ICN",1:10 am – 3:35 pm,Korean Air,SIN‐EWR,26h25m,2,"ICN, ATL",1057,20220407-1253,best
8:40 am – 11:40 pm +1,Korean Air,EWR‐SIN,27h00m,2,"BOS, ICN",1:10 am – 3:35 pm,"Korean Air, Delta",SIN‐EWR,26h25m,2,"ICN, ATL",1095,20220407-1253,best
8:45 am – 11:40 pm +1,Korean Air,EWR‐SIN,26h55m,2,"ATL, ICN",1:10 am – 3:57 pm,"Korean Air, Delta",SIN‐EWR,26h47m,2,"ICN, DTW",1137,20220407-1253,best
8:40 am – 11:40 pm +1,Korean Air,EWR‐SIN,27h00m,2,"BOS, ICN",1:10 am – 3:57 pm,"Korean Air, Delta",SIN‐EWR,26h47m,2,"ICN, DTW",1137,20220407-1253,best
10:25 am – 5:10 pm +1,Singapore Airlines,EWR‐SIN,18h45m,0,,11:35 pm – 6:00 am +1,Singapore Airlines,SIN‐EWR,18h25m,0,,1763,20220407-1253,best
7:00 am – 11:40 pm +1,Delta,EWR‐SIN,28h40m,2,"ATL, ICN",1:10 am – 2:00 pm,Delta,SIN‐EWR,24h50m,2,"ICN, BOS",1257,20220407-1253,best
6:00 am – 11:40 pm +1,Delta,EWR‐SIN,29h40m,2,"ATL, ICN",1:10 am – 2:00 pm,Delta,SIN‐EWR,24h50m,2,"ICN, BOS",1257,20220407-1253,best
8:45 am – 11:40 pm +1,Delta,EWR‐SIN,26h55m,2,"ATL, ICN",1:10 am – 5:19 pm,Delta,SIN‐EWR,28h09m,2,"ICN, BOS",1257,20220407-1253,best
8:40 am – 11:40 pm +1,Delta,EWR‐SIN,27h00m,2,"BOS, ICN",1:10 am – 5:19 pm,Delta,SIN‐EWR,28h09m,2,"ICN, BOS",1257,20220407-1253,best
6:54 am – 12:20 am +2,Japan Airlines,EWR‐SIN,29h26m,2,"ORD, NRT",1:50 am – 4:48 pm,Japan Airlines,SIN‐EWR,26h58m,2,"HND, ORD",1215,20220407-1253,best
8:15 am – 12:20 am +2,American Airlines,EWR‐SIN,28h05m,2,"DFW, NRT",1:50 am – 4:48 pm,American Airlines,SIN‐EWR,26h58m,2,"HND, ORD",1285,20220407-1253,best
6:00 am – 12:20 am +2,Japan Airlines,EWR‐SIN,30h20m,2,"BOS, NRT",1:50 am – 4:48 pm,Japan Airlines,SIN‐EWR,26h58m,2,"HND, ORD",1215,20220407-1253,best
7:00 am – 11:40 pm +1,Delta,EWR‐SIN,28h40m,2,"ATL, ICN",1:10 am – 3:35 pm,Delta,SIN‐EWR,26h25m,2,"ICN, ATL",1299,20220407-1253,best
10:25 am – 5:10 pm +1,Singapore Airlines,EWR‐SIN,18h45m,0,,11:35 pm – 6:00 am +1,Singapore Airlines,SIN‐EWR,18h25m,0,,1763,20220407-1258,fast
6:15 pm – 5:55 am +2,SWISS,EWR‐SIN,23h40m,1,ZRH,11:35 pm – 6:00 am +1,Singapore Airlines,SIN‐EWR,18h25m,0,,3692,20220407-1258,fast
6:00 pm – 6:15 am +2,United Airlines,EWR‐SIN,24h15m,1,SFO,11:35 pm – 6:00 am +1,Singapore Airlines,SIN‐EWR,18h25m,0,,1592,20220407-1258,fast
10:25 am – 5:10 pm +1,Singapore Airlines,EWR‐SIN,18h45m,0,,6:40 pm – 6:59 am +1,Singapore Airlines,SIN‐EWR,24h19m,1,SFO,1967,20220407-1258,fast
10:25 am – 5:10 pm +1,Singapore Airlines,EWR‐SIN,18h45m,0,,6:40 pm – 7:10 am +1,Singapore Airlines,SIN‐EWR,24h30m,1,LAX,2410,20220407-1258,fast
11:35 am – 12:35 am +2,ANA,EWR‐SIN,25h00m,1,NRT,11:35 pm – 6:00 am +1,Singapore Airlines,SIN‐EWR,18h25m,0,,1986,20220407-1258,fast
5:00 pm – 6:15 am +2,United Airlines,EWR‐SIN,25h15m,1,SFO,11:35 pm – 6:00 am +1,Singapore Airlines,SIN‐EWR,18h25m,0,,1592,20220407-1258,fast
10:55 am – 12:35 am +2,ANA,EWR‐SIN,25h40m,1,HND-NRT,11:35 pm – 6:00 am +1,Singapore Airlines,SIN‐EWR,18h25m,0,,1995,20220407-1258,fast
3:59 pm – 5:45 am +2,Singapore Airlines,EWR‐SIN,25h46m,1,SFO,11:35 pm – 6:00 am +1,Singapore Airlines,SIN‐EWR,18h25m,0,,2431,20220407-1258,fast
7:55 am – 5:45 pm +1,British Airways,EWR‐SIN,21h50m,1,LHR,8:45 am – 8:06 pm,United Airlines,SIN‐EWR,23h21m,1,SFO,7141,20220407-1258,fast
7:55 am – 5:45 pm +1,British Airways,EWR‐SIN,21h50m,1,LHR,6:40 pm – 7:10 am +1,Singapore Airlines,SIN‐EWR,24h30m,1,LAX,7295,20220407-1258,fast
8:15 am – 12:20 am +2,"American Airlines, Japan Airlines",EWR‐SIN,28h05m,2,"DFW, NRT",11:35 pm – 6:00 am +1,Singapore Airlines,SIN‐EWR,18h25m,0,,1548,20220407-1258,fast
6:00 pm – 6:15 am +2,United Airlines,EWR‐SIN,24h15m,1,SFO,8:45 am – 7:20 pm,United Airlines,SIN‐EWR,22h35m,1,SFO,1943,20220407-1258,fast
7:30 pm – 6:50 am +2,Lufthansa,EWR‐SIN,23h20m,1,FRA,12:30 am – 12:25 pm,Lufthansa,SIN‐EWR,23h55m,1,MUC,2172,20220407-1258,fast
6:15 pm – 5:55 am +2,SWISS,EWR‐SIN,23h40m,1,ZRH,1:25 am – 1:10 pm,SWISS,SIN‐EWR,23h45m,1,ZRH,2666,20220407-1258,fast
