Out Time,Out Airline,Out Cities,Out Duration,Out Stops,Out Stop Cities,Return Time,Return Airline,Return Cities,Return Duration,Return Stops,Return Stop Cities,Price,timestamp,sort
6:34 am – 3:15 pm +1,American Airlines,EWR‐ICN,19h41m,1,DFW,5:25 pm – 10:00 pm,American Airlines,ICN‐EWR,17h35m,1,DFW,1433,20220405-2114,cheap
6:34 am – 3:15 pm +1,American Airlines,EWR‐ICN,19h41m,1,DFW,5:25 pm – 11:28 pm,American Airlines,ICN‐EWR,19h03m,1,DFW,1433,20220405-2114,cheap
6:34 am – 3:15 pm +1,American Airlines,EWR‐ICN,19h41m,1,DFW,5:25 pm – 6:35 am +1,American Airlines,ICN‐EWR,26h10m,2,"DFW, PHX",1549,20220405-2114,cheap
9:30 am – 4:30 pm +1,Delta,EWR‐ICN,18h00m,1,DTW,12:30 pm – 11:28 pm,Delta,ICN‐EWR,23h58m,2,"SEA, MSP",1569,20220405-2114,cheap
9:30 am – 4:30 pm +1,Delta,EWR‐ICN,18h00m,1,DTW,12:30 pm – 11:28 pm,Delta,ICN‐EWR,23h58m,2,"SEA, MSP",1569,20220405-2114,cheap
9:30 am – 4:30 pm +1,Delta,EWR‐ICN,18h00m,1,DTW,12:30 pm – 11:28 pm,Delta,ICN‐EWR,23h58m,2,"SEA, MSP",1569,20220405-2114,cheap
8:00 am – 3:50 pm +1,Delta,EWR‐ICN,18h50m,1,ATL,12:30 pm – 11:28 pm,Delta,ICN‐EWR,23h58m,2,"SEA, MSP",1569,20220405-2114,cheap
8:00 am – 3:50 pm +1,Delta,EWR‐ICN,18h50m,1,ATL,12:30 pm – 11:28 pm,Delta,ICN‐EWR,23h58m,2,"SEA, MSP",1569,20220405-2114,cheap
8:00 am – 3:50 pm +1,Delta,EWR‐ICN,18h50m,1,ATL,12:30 pm – 11:28 pm,Delta,ICN‐EWR,23h58m,2,"SEA, MSP",1569,20220405-2114,cheap
9:30 am – 4:30 pm +1,Delta,EWR‐ICN,18h00m,1,DTW,12:30 pm – 12:22 am +1,Delta,ICN‐EWR,24h52m,2,"SEA, DTW",1569,20220405-2114,cheap
8:00 am – 3:50 pm +1,Delta,EWR‐ICN,18h50m,1,ATL,12:30 pm – 12:22 am +1,Delta,ICN‐EWR,24h52m,2,"SEA, DTW",1569,20220405-2114,cheap
7:00 am – 3:50 pm +1,Delta,EWR‐ICN,19h50m,1,ATL,12:30 pm – 11:28 pm,Delta,ICN‐EWR,23h58m,2,"SEA, MSP",1569,20220405-2114,cheap
7:00 am – 3:50 pm +1,Delta,EWR‐ICN,19h50m,1,ATL,12:30 pm – 11:28 pm,Delta,ICN‐EWR,23h58m,2,"SEA, MSP",1569,20220405-2114,cheap
7:00 am – 3:50 pm +1,Delta,EWR‐ICN,19h50m,1,ATL,12:30 pm – 11:28 pm,Delta,ICN‐EWR,23h58m,2,"SEA, MSP",1569,20220405-2114,cheap
7:00 am – 3:50 pm +1,Delta,EWR‐ICN,19h50m,1,ATL,12:30 pm – 12:22 am +1,Delta,ICN‐EWR,24h52m,2,"SEA, DTW",1569,20220405-2114,cheap
9:30 am – 4:30 pm +1,Delta,EWR‐ICN,18h00m,1,DTW,12:30 pm – 11:28 pm,Delta,ICN‐EWR,23h58m,2,"SEA, MSP",1569,20220405-2112,best
6:34 am – 3:15 pm +1,American Airlines,EWR‐ICN,19h41m,1,DFW,5:25 pm – 10:00 pm,American Airlines,ICN‐EWR,17h35m,1,DFW,1433,20220405-2112,best
6:34 am – 3:15 pm +1,American Airlines,EWR‐ICN,19h41m,1,DFW,5:25 pm – 11:28 pm,American Airlines,ICN‐EWR,19h03m,1,DFW,1433,20220405-2112,best
6:30 am – 2:55 pm +1,United Airlines,EWR‐ICN,19h25m,1,SFO,4:50 pm – 9:44 pm,United Airlines,ICN‐EWR,17h54m,1,SFO,1786,20220405-2112,best
9:30 am – 4:30 pm +1,Korean Air,EWR‐ICN,18h00m,1,DTW,9:20 am – 3:04 pm,Korean Air,ICN‐EWR,18h44m,1,ATL,1901,20220405-2112,best
6:30 am – 2:55 pm +1,United Airlines,EWR‐ICN,19h25m,1,SFO,4:50 pm – 11:09 pm,United Airlines,ICN‐EWR,19h19m,1,SFO,1786,20220405-2112,best
8:00 am – 3:50 pm +1,Korean Air,EWR‐ICN,18h50m,1,ATL,9:20 am – 3:04 pm,Korean Air,ICN‐EWR,18h44m,1,ATL,1901,20220405-2112,best
9:30 am – 4:30 pm +1,Delta,EWR‐ICN,18h00m,1,DTW,12:30 pm – 11:28 pm,Delta,ICN‐EWR,23h58m,2,"SEA, MSP",1569,20220405-2112,best
9:30 am – 4:30 pm +1,Delta,EWR‐ICN,18h00m,1,DTW,12:30 pm – 11:28 pm,Delta,ICN‐EWR,23h58m,2,"SEA, MSP",1569,20220405-2112,best
9:30 am – 4:30 pm +1,Delta,EWR‐ICN,18h00m,1,DTW,12:30 pm – 11:28 pm,Delta,ICN‐EWR,23h58m,2,"SEA, MSP",1569,20220405-2112,best
6:30 am – 2:55 pm +1,United Airlines,EWR‐ICN,19h25m,1,SFO,4:50 pm – 11:19 pm,United Airlines,ICN‐EWR,19h29m,2,"SFO, DEN",1790,20220405-2112,best
6:30 am – 2:55 pm +1,United Airlines,EWR‐ICN,19h25m,1,SFO,4:50 pm – 11:28 pm,United Airlines,ICN‐EWR,19h38m,2,"SFO, IAD",1790,20220405-2112,best
6:30 am – 2:55 pm +1,United Airlines,EWR‐ICN,19h25m,1,SFO,4:50 pm – 12:44 am +1,United Airlines,ICN‐EWR,20h54m,1,SFO,1786,20220405-2112,best
9:30 am – 4:30 pm +1,Delta,EWR‐ICN,18h00m,1,DTW,12:30 pm – 12:22 am +1,Delta,ICN‐EWR,24h52m,2,"SEA, DTW",1569,20220405-2112,best
8:00 am – 3:50 pm +1,Delta,EWR‐ICN,18h50m,1,ATL,12:30 pm – 11:28 pm,Delta,ICN‐EWR,23h58m,2,"SEA, MSP",1569,20220405-2112,best
8:00 am – 3:50 pm +1,Delta,EWR‐ICN,18h50m,1,ATL,12:30 pm – 11:28 pm,Delta,ICN‐EWR,23h58m,2,"SEA, MSP",1569,20220405-2112,best
9:30 am – 4:30 pm +1,Korean Air,EWR‐ICN,18h00m,1,DTW,5:25 pm – 10:00 pm,"Korean Air, American Airlines",ICN‐EWR,17h35m,1,DFW,2242,20220405-2117,fast
11:25 am – 5:30 pm +1,"ANA, Korean Air",EWR‐ICN,17h05m,1,NRT,9:20 am – 3:04 pm,Korean Air,ICN‐EWR,18h44m,1,ATL,4850,20220405-2117,fast
8:00 am – 3:50 pm +1,Korean Air,EWR‐ICN,18h50m,1,ATL,5:25 pm – 10:00 pm,"Korean Air, American Airlines",ICN‐EWR,17h35m,1,DFW,2242,20220405-2117,fast
9:30 am – 4:30 pm +1,Korean Air,EWR‐ICN,18h00m,1,DTW,12:30 pm – 6:00 pm,"Korean Air, Alaska Airlines",ICN‐EWR,18h30m,1,SEA,2543,20220405-2117,fast
9:30 am – 4:30 pm +1,Korean Air,EWR‐ICN,18h00m,1,DTW,9:20 am – 3:04 pm,Korean Air,ICN‐EWR,18h44m,1,ATL,1901,20220405-2117,fast
9:30 am – 4:30 pm +1,Korean Air,EWR‐ICN,18h00m,1,DTW,5:25 pm – 11:28 pm,"Korean Air, American Airlines",ICN‐EWR,19h03m,1,DFW,2242,20220405-2117,fast
6:34 am – 3:15 pm +1,American Airlines,EWR‐ICN,19h41m,1,DFW,5:25 pm – 10:00 pm,American Airlines,ICN‐EWR,17h35m,1,DFW,1433,20220405-2117,fast
6:30 am – 2:55 pm +1,United Airlines,EWR‐ICN,19h25m,1,SFO,4:50 pm – 9:44 pm,United Airlines,ICN‐EWR,17h54m,1,SFO,1786,20220405-2117,fast
8:00 am – 3:50 pm +1,Korean Air,EWR‐ICN,18h50m,1,ATL,12:30 pm – 6:00 pm,"Korean Air, Alaska Airlines",ICN‐EWR,18h30m,1,SEA,2543,20220405-2117,fast
8:00 am – 3:50 pm +1,Korean Air,EWR‐ICN,18h50m,1,ATL,9:20 am – 3:04 pm,Korean Air,ICN‐EWR,18h44m,1,ATL,1901,20220405-2117,fast
7:59 am – 3:40 pm +1,Air Canada,EWR‐ICN,18h41m,1,YYZ,6:00 pm – 12:44 am +1,"Air Canada, United Airlines",ICN‐EWR,19h44m,2,"YVR, SFO",3076,20220405-2117,fast
9:30 am – 4:30 pm +1,Korean Air,EWR‐ICN,18h00m,1,DTW,9:20 am – 4:49 pm,"Korean Air, Delta",ICN‐EWR,20h29m,1,ATL,2092,20220405-2117,fast
7:00 am – 3:50 pm +1,Korean Air,EWR‐ICN,19h50m,1,ATL,9:20 am – 3:04 pm,Korean Air,ICN‐EWR,18h44m,1,ATL,1978,20220405-2117,fast
7:00 am – 3:50 pm +1,"Delta, Korean Air",EWR‐ICN,19h50m,1,ATL,9:20 am – 3:04 pm,"Korean Air, Delta",ICN‐EWR,18h44m,1,ATL,2174,20220405-2117,fast
6:34 am – 3:15 pm +1,American Airlines,EWR‐ICN,19h41m,1,DFW,5:25 pm – 11:28 pm,American Airlines,ICN‐EWR,19h03m,1,DFW,1433,20220405-2117,fast
