Out Time,Out Airline,Out Cities,Out Duration,Out Stops,Out Stop Cities,Return Time,Return Airline,Return Cities,Return Duration,Return Stops,Return Stop Cities,Price,timestamp,sort
6:15 pm – 4:00 pm +2,Air Canada,EWR‐ICN,32h45m,1,YVR,5:45 pm – 7:40 am +1,Air Canada,ICN‐EWR,26h55m,2,"YVR, YUL",1028,20220409-0244,cheap
9:05 am – 5:10 pm +1,Air Canada,EWR‐ICN,19h05m,1,YYZ,5:45 pm – 7:40 am +1,Air Canada,ICN‐EWR,26h55m,2,"YVR, YUL",1033,20220409-0244,cheap
9:05 am – 5:10 pm +1,Air Canada,EWR‐ICN,19h05m,1,YYZ,5:45 pm – 7:40 am +1,Air Canada,ICN‐EWR,26h55m,2,"YVR, YUL",1033,20220409-0244,cheap
9:05 am – 5:10 pm +1,Air Canada,EWR‐ICN,19h05m,1,YYZ,5:45 pm – 9:59 am +1,Air Canada,ICN‐EWR,29h14m,2,"YVR, YUL",1033,20220409-0244,cheap
9:05 am – 5:10 pm +1,Air Canada,EWR‐ICN,19h05m,1,YYZ,5:45 pm – 9:59 am +1,Air Canada,ICN‐EWR,29h14m,2,"YVR, YUL",1033,20220409-0244,cheap
9:05 am – 5:10 pm +1,Air Canada,EWR‐ICN,19h05m,1,YYZ,5:45 pm – 9:59 am +1,Air Canada,ICN‐EWR,29h14m,2,"YVR, YUL",1033,20220409-0244,cheap
6:25 am – 5:10 pm +1,Air Canada,EWR‐ICN,21h45m,1,YYZ,5:45 pm – 7:40 am +1,Air Canada,ICN‐EWR,26h55m,2,"YVR, YUL",1033,20220409-0244,cheap
6:25 am – 5:10 pm +1,Air Canada,EWR‐ICN,21h45m,1,YYZ,5:45 pm – 7:40 am +1,Air Canada,ICN‐EWR,26h55m,2,"YVR, YUL",1033,20220409-0244,cheap
9:05 am – 5:10 pm +1,Air Canada,EWR‐ICN,19h05m,1,YYZ,5:45 pm – 7:45 am +1,Air Canada,ICN‐EWR,27h00m,2,"YVR, YQB",1182,20220409-0244,cheap
9:56 am – 5:10 pm +1,"United Airlines, Air Canada",EWR‐ICN,18h14m,1,YYZ,5:45 pm – 7:20 am +1,"Air Canada, United Airlines",ICN‐EWR,26h35m,1,YVR,1212,20220409-0244,cheap
8:05 am – 5:10 pm +1,"United Airlines, Air Canada",EWR‐ICN,20h05m,1,YYZ,5:45 pm – 7:20 am +1,"Air Canada, United Airlines",ICN‐EWR,26h35m,1,YVR,1212,20220409-0244,cheap
7:12 am – 5:10 pm +1,"United Airlines, Air Canada",EWR‐ICN,20h58m,1,YYZ,5:45 pm – 7:20 am +1,"Air Canada, United Airlines",ICN‐EWR,26h35m,1,YVR,1212,20220409-0244,cheap
6:10 am – 2:45 pm +1,United Airlines,EWR‐ICN,19h35m,1,SFO,4:40 pm – 10:00 pm,United Airlines,ICN‐EWR,18h20m,1,SFO,1436,20220409-0244,cheap
5:00 am – 2:45 pm +1,United Airlines,EWR‐ICN,20h45m,2,"ORD, SFO",4:40 pm – 10:00 pm,United Airlines,ICN‐EWR,18h20m,1,SFO,1436,20220409-0244,cheap
5:00 am – 2:45 pm +1,United Airlines,EWR‐ICN,20h45m,2,"ORD, SFO",4:40 pm – 12:45 am +1,United Airlines,ICN‐EWR,21h05m,1,SFO,1436,20220409-0244,cheap
7:00 am – 3:50 pm +1,Korean Air,EWR‐ICN,19h50m,1,ATL,6:40 pm – 11:26 pm,Korean Air,ICN‐EWR,17h46m,1,ATL,1568,20220409-0242,best
9:36 am – 4:30 pm +1,Korean Air,EWR‐ICN,17h54m,1,DTW,6:40 pm – 11:26 pm,Korean Air,ICN‐EWR,17h46m,1,ATL,1521,20220409-0242,best
6:15 pm – 4:00 pm +2,Air Canada,EWR‐ICN,32h45m,1,YVR,5:45 pm – 7:40 am +1,Air Canada,ICN‐EWR,26h55m,2,"YVR, YUL",1028,20220409-0242,best
6:10 am – 2:45 pm +1,United Airlines,EWR‐ICN,19h35m,1,SFO,4:40 pm – 10:00 pm,United Airlines,ICN‐EWR,18h20m,1,SFO,1436,20220409-0242,best
9:36 am – 4:30 pm +1,Delta,EWR‐ICN,17h54m,1,DTW,6:40 pm – 11:23 pm,Delta,ICN‐EWR,17h43m,1,ATL,1565,20220409-0242,best
9:05 am – 5:10 pm +1,Air Canada,EWR‐ICN,19h05m,1,YYZ,5:45 pm – 7:40 am +1,Air Canada,ICN‐EWR,26h55m,2,"YVR, YUL",1033,20220409-0242,best
9:05 am – 5:10 pm +1,Air Canada,EWR‐ICN,19h05m,1,YYZ,5:45 pm – 7:40 am +1,Air Canada,ICN‐EWR,26h55m,2,"YVR, YUL",1033,20220409-0242,best
7:00 am – 3:50 pm +1,Korean Air,EWR‐ICN,19h50m,1,ATL,6:40 pm – 11:26 pm,Korean Air,ICN‐EWR,17h46m,1,ATL,1521,20220409-0242,best
7:00 am – 3:00 pm +1,Delta,EWR‐ICN,19h00m,1,ATL,6:40 pm – 11:23 pm,Delta,ICN‐EWR,17h43m,1,ATL,1565,20220409-0242,best
9:36 am – 4:30 pm +1,Delta,EWR‐ICN,17h54m,1,DTW,6:40 pm – 12:45 am +1,Delta,ICN‐EWR,19h05m,1,ATL,1565,20220409-0242,best
8:40 am – 4:25 pm +1,Korean Air,EWR‐ICN,18h45m,1,BOS,6:40 pm – 11:26 pm,Korean Air,ICN‐EWR,17h46m,1,ATL,1591,20220409-0242,best
9:56 am – 5:10 pm +1,"United Airlines, Air Canada",EWR‐ICN,18h14m,1,YYZ,5:45 pm – 7:20 am +1,"Air Canada, United Airlines",ICN‐EWR,26h35m,1,YVR,1212,20220409-0242,best
9:05 am – 5:10 pm +1,Air Canada,EWR‐ICN,19h05m,1,YYZ,5:45 pm – 9:59 am +1,Air Canada,ICN‐EWR,29h14m,2,"YVR, YUL",1033,20220409-0242,best
9:05 am – 5:10 pm +1,Air Canada,EWR‐ICN,19h05m,1,YYZ,5:45 pm – 9:59 am +1,Air Canada,ICN‐EWR,29h14m,2,"YVR, YUL",1033,20220409-0242,best
9:05 am – 5:10 pm +1,Air Canada,EWR‐ICN,19h05m,1,YYZ,5:45 pm – 9:59 am +1,Air Canada,ICN‐EWR,29h14m,2,"YVR, YUL",1033,20220409-0242,best
6:00 am – 3:00 pm +1,Delta,EWR‐ICN,20h00m,1,ATL,6:40 pm – 11:23 pm,Delta,ICN‐EWR,17h43m,1,ATL,1565,20220409-0242,best
7:00 am – 3:00 pm +1,Delta,EWR‐ICN,19h00m,1,ATL,6:40 pm – 12:45 am +1,Delta,ICN‐EWR,19h05m,1,ATL,1565,20220409-0242,best
9:36 am – 4:30 pm +1,Korean Air,EWR‐ICN,17h54m,1,DTW,9:30 am – 2:01 pm,Korean Air,ICN‐EWR,17h31m,1,BOS,1803,20220409-0246,fast
9:36 am – 4:30 pm +1,Delta,EWR‐ICN,17h54m,1,DTW,6:40 pm – 11:23 pm,Delta,ICN‐EWR,17h43m,1,ATL,1565,20220409-0246,fast
9:36 am – 4:30 pm +1,Korean Air,EWR‐ICN,17h54m,1,DTW,6:40 pm – 11:26 pm,Korean Air,ICN‐EWR,17h46m,1,ATL,1521,20220409-0246,fast
9:36 am – 4:30 pm +1,Delta,EWR‐ICN,17h54m,1,DTW,10:45 am – 3:57 pm,Delta,ICN‐EWR,18h12m,1,DTW,2015,20220409-0246,fast
9:36 am – 4:30 pm +1,Korean Air,EWR‐ICN,17h54m,1,DTW,10:45 am – 3:58 pm,"Korean Air, Delta",ICN‐EWR,18h13m,1,DTW,1842,20220409-0246,fast
8:40 am – 4:25 pm +1,Korean Air,EWR‐ICN,18h45m,1,BOS,9:30 am – 2:01 pm,Korean Air,ICN‐EWR,17h31m,1,BOS,1878,20220409-0246,fast
8:40 am – 4:25 pm +1,Korean Air,EWR‐ICN,18h45m,1,BOS,6:40 pm – 11:26 pm,Korean Air,ICN‐EWR,17h46m,1,ATL,1591,20220409-0246,fast
7:00 am – 3:00 pm +1,Delta,EWR‐ICN,19h00m,1,ATL,6:40 pm – 11:23 pm,Delta,ICN‐EWR,17h43m,1,ATL,1565,20220409-0246,fast
8:40 am – 4:25 pm +1,Korean Air,EWR‐ICN,18h45m,1,BOS,10:45 am – 3:58 pm,"Korean Air, Delta",ICN‐EWR,18h13m,1,DTW,1917,20220409-0246,fast
9:36 am – 4:30 pm +1,Delta,EWR‐ICN,17h54m,1,DTW,6:40 pm – 12:45 am +1,Delta,ICN‐EWR,19h05m,1,ATL,1565,20220409-0246,fast
9:36 am – 4:30 pm +1,Korean Air,EWR‐ICN,17h54m,1,DTW,6:40 pm – 12:47 am +1,"Korean Air, Delta",ICN‐EWR,19h07m,1,ATL,1642,20220409-0246,fast
9:36 am – 4:30 pm +1,Korean Air,EWR‐ICN,17h54m,1,DTW,9:20 am – 3:35 pm,Korean Air,ICN‐EWR,19h15m,1,ATL,1960,20220409-0246,fast
9:36 am – 4:30 pm +1,Korean Air,EWR‐ICN,17h54m,1,DTW,2:40 pm – 8:56 pm,Asiana Airlines,ICN‐EWR,19h16m,1,LAX,3490,20220409-0246,fast
7:00 am – 3:50 pm +1,Korean Air,EWR‐ICN,19h50m,1,ATL,9:30 am – 2:01 pm,Korean Air,ICN‐EWR,17h31m,1,BOS,1803,20220409-0246,fast
6:25 am – 3:15 pm +1,Delta,EWR‐ICN,19h50m,2,"MSP, SEA",6:40 pm – 11:23 pm,Delta,ICN‐EWR,17h43m,1,ATL,1569,20220409-0246,fast
