Out Time,Out Airline,Out Cities,Out Duration,Out Stops,Out Stop Cities,Return Time,Return Airline,Return Cities,Return Duration,Return Stops,Return Stop Cities,Price,timestamp,sort
11:50 pm – 6:10 pm +2,Turkish Airlines,EWR‐ICN,29h20m,1,IST,11:45 pm – 10:20 pm +1,Turkish Airlines,ICN‐EWR,35h35m,1,IST,1127,20220406-2222,cheap
6:30 am – 2:55 pm +1,United Airlines,EWR‐ICN,19h25m,1,SFO,4:50 pm – 9:49 pm,United Airlines,ICN‐EWR,17h59m,1,SFO,1332,20220406-2222,cheap
5:00 am – 2:55 pm +1,United Airlines,EWR‐ICN,20h55m,2,"ORD, SFO",4:50 pm – 9:49 pm,United Airlines,ICN‐EWR,17h59m,1,SFO,1332,20220406-2222,cheap
6:30 am – 2:55 pm +1,United Airlines,EWR‐ICN,19h25m,1,SFO,4:50 pm – 12:49 am +1,United Airlines,ICN‐EWR,20h59m,1,SFO,1332,20220406-2222,cheap
5:00 am – 2:55 pm +1,United Airlines,EWR‐ICN,20h55m,2,"ORD, SFO",4:50 pm – 12:49 am +1,United Airlines,ICN‐EWR,20h59m,1,SFO,1332,20220406-2222,cheap
6:30 am – 2:55 pm +1,United Airlines,EWR‐ICN,19h25m,1,SFO,4:50 pm – 5:12 am +1,United Airlines,ICN‐EWR,25h22m,1,SFO,1332,20220406-2222,cheap
5:00 am – 2:55 pm +1,United Airlines,EWR‐ICN,20h55m,2,"ORD, SFO",4:50 pm – 5:12 am +1,United Airlines,ICN‐EWR,25h22m,1,SFO,1332,20220406-2222,cheap
6:30 am – 2:55 pm +1,United Airlines,EWR‐ICN,19h25m,1,SFO,4:50 pm – 6:50 am +1,United Airlines,ICN‐EWR,27h00m,1,SFO,1332,20220406-2222,cheap
5:00 am – 2:55 pm +1,United Airlines,EWR‐ICN,20h55m,2,"ORD, SFO",4:50 pm – 6:50 am +1,United Airlines,ICN‐EWR,27h00m,1,SFO,1332,20220406-2222,cheap
7:38 pm – 2:55 pm +2,United Airlines,EWR‐ICN,30h17m,2,"IAD, SFO",4:50 pm – 9:49 pm,United Airlines,ICN‐EWR,17h59m,1,SFO,1332,20220406-2222,cheap
7:38 pm – 2:55 pm +2,United Airlines,EWR‐ICN,30h17m,2,"IAD, SFO",4:50 pm – 9:49 pm,United Airlines,ICN‐EWR,17h59m,1,SFO,1332,20220406-2222,cheap
6:30 am – 2:55 pm +1,United Airlines,EWR‐ICN,19h25m,1,SFO,4:50 pm – 11:33 pm,United Airlines,ICN‐EWR,19h43m,2,"SFO, DEN",1336,20220406-2222,cheap
6:30 am – 2:55 pm +1,United Airlines,EWR‐ICN,19h25m,1,SFO,4:50 pm – 11:42 pm,United Airlines,ICN‐EWR,19h52m,2,"SFO, IAD",1336,20220406-2222,cheap
6:30 am – 2:55 pm +1,United Airlines,EWR‐ICN,19h25m,1,SFO,4:50 pm – 12:30 am +1,United Airlines,ICN‐EWR,20h40m,2,"SFO, ORD",1336,20220406-2222,cheap
6:30 am – 2:55 pm +1,United Airlines,EWR‐ICN,19h25m,1,SFO,4:50 pm – 12:45 am +1,United Airlines,ICN‐EWR,20h55m,2,"SFO, IAH",1336,20220406-2222,cheap
11:50 pm – 6:10 pm +2,Turkish Airlines,EWR‐ICN,29h20m,1,IST,11:45 pm – 10:20 pm +1,Turkish Airlines,ICN‐EWR,35h35m,1,IST,1197,20220406-2220,best
6:30 am – 2:55 pm +1,United Airlines,EWR‐ICN,19h25m,1,SFO,4:50 pm – 9:49 pm,United Airlines,ICN‐EWR,17h59m,1,SFO,1332,20220406-2220,best
11:50 pm – 6:10 pm +2,Turkish Airlines,EWR‐ICN,29h20m,1,IST,11:45 pm – 10:20 pm +1,Turkish Airlines,ICN‐EWR,35h35m,1,IST,1127,20220406-2220,best
6:30 am – 2:55 pm +1,United Airlines,EWR‐ICN,19h25m,1,SFO,4:50 pm – 11:33 pm,United Airlines,ICN‐EWR,19h43m,2,"SFO, DEN",1336,20220406-2220,best
6:30 am – 2:55 pm +1,United Airlines,EWR‐ICN,19h25m,1,SFO,4:50 pm – 12:49 am +1,United Airlines,ICN‐EWR,20h59m,1,SFO,1332,20220406-2220,best
6:30 am – 2:55 pm +1,United Airlines,EWR‐ICN,19h25m,1,SFO,4:50 pm – 11:42 pm,United Airlines,ICN‐EWR,19h52m,2,"SFO, IAD",1336,20220406-2220,best
6:30 am – 2:55 pm +1,United Airlines,EWR‐ICN,19h25m,1,SFO,4:50 pm – 12:48 am +1,United Airlines,ICN‐EWR,20h58m,2,"SFO, LAX",1336,20220406-2220,best
6:30 am – 2:55 pm +1,United Airlines,EWR‐ICN,19h25m,1,SFO,4:50 pm – 12:30 am +1,United Airlines,ICN‐EWR,20h40m,2,"SFO, ORD",1336,20220406-2220,best
5:00 am – 2:55 pm +1,United Airlines,EWR‐ICN,20h55m,2,"ORD, SFO",4:50 pm – 9:49 pm,United Airlines,ICN‐EWR,17h59m,1,SFO,1332,20220406-2220,best
6:30 am – 2:55 pm +1,United Airlines,EWR‐ICN,19h25m,1,SFO,4:50 pm – 12:45 am +1,United Airlines,ICN‐EWR,20h55m,2,"SFO, IAH",1336,20220406-2220,best
5:00 am – 2:55 pm +1,United Airlines,EWR‐ICN,20h55m,2,"ORD, SFO",4:50 pm – 11:33 pm,United Airlines,ICN‐EWR,19h43m,2,"SFO, DEN",1336,20220406-2220,best
5:00 am – 2:55 pm +1,United Airlines,EWR‐ICN,20h55m,2,"ORD, SFO",4:50 pm – 11:42 pm,United Airlines,ICN‐EWR,19h52m,2,"SFO, IAD",1336,20220406-2220,best
9:00 am – 4:25 pm +1,Delta,EWR‐ICN,18h25m,1,BOS,6:40 pm – 10:59 pm,Delta,ICN‐EWR,17h19m,1,ATL,1940,20220406-2220,best
5:00 am – 2:55 pm +1,United Airlines,EWR‐ICN,20h55m,2,"ORD, SFO",4:50 pm – 12:49 am +1,United Airlines,ICN‐EWR,20h59m,1,SFO,1332,20220406-2220,best
9:00 am – 5:40 pm +1,Korean Air,EWR‐ICN,19h40m,1,BOS,6:40 pm – 10:59 pm,Korean Air,ICN‐EWR,17h19m,1,ATL,1876,20220406-2220,best
9:00 am – 4:25 pm +1,Delta,EWR‐ICN,18h25m,1,BOS,10:45 am – 3:45 pm,Delta,ICN‐EWR,18h00m,1,DTW,1940,20220406-2220,best
6:30 am – 2:55 pm +1,United Airlines,EWR‐ICN,19h25m,1,SFO,4:50 pm – 5:12 am +1,United Airlines,ICN‐EWR,25h22m,1,SFO,1332,20220406-2220,best
9:00 am – 4:25 pm +1,Delta,EWR‐ICN,18h25m,1,BOS,6:40 pm – 10:59 pm,Delta,ICN‐EWR,17h19m,1,ATL,1940,20220406-2225,fast
9:00 am – 4:25 pm +1,Delta,EWR‐ICN,18h25m,1,BOS,10:45 am – 3:45 pm,Delta,ICN‐EWR,18h00m,1,DTW,1940,20220406-2225,fast
9:00 am – 4:25 pm +1,Delta,EWR‐ICN,18h25m,1,BOS,9:30 am – 2:49 pm,Delta,ICN‐EWR,18h19m,1,BOS,6435,20220406-2225,fast
9:00 am – 5:40 pm +1,Korean Air,EWR‐ICN,19h40m,1,BOS,6:40 pm – 10:59 pm,Korean Air,ICN‐EWR,17h19m,1,ATL,1876,20220406-2225,fast
6:30 am – 2:55 pm +1,United Airlines,EWR‐ICN,19h25m,1,SFO,4:50 pm – 9:49 pm,United Airlines,ICN‐EWR,17h59m,1,SFO,1332,20220406-2225,fast
8:00 am – 5:05 pm +1,Korean Air,EWR‐ICN,20h05m,1,ATL,6:40 pm – 10:59 pm,Korean Air,ICN‐EWR,17h19m,1,ATL,2113,20220406-2225,fast
6:30 am – 2:55 pm +1,United Airlines,EWR‐ICN,19h25m,1,SFO,10:45 am – 3:45 pm,Korean Air,ICN‐EWR,18h00m,1,DTW,1873,20220406-2225,fast
6:30 am – 2:55 pm +1,United Airlines,EWR‐ICN,19h25m,1,SFO,6:20 pm – 11:21 pm,"Asiana Airlines, United Airlines",ICN‐EWR,18h01m,1,SEA,1759,20220406-2225,fast
9:00 am – 4:25 pm +1,Delta,EWR‐ICN,18h25m,1,BOS,6:40 pm – 12:48 am +1,Delta,ICN‐EWR,19h08m,1,ATL,1940,20220406-2225,fast
6:00 am – 3:15 pm +1,Delta,EWR‐ICN,20h15m,2,"DTW, SEA",6:40 pm – 10:59 pm,Delta,ICN‐EWR,17h19m,1,ATL,3077,20220406-2225,fast
9:00 am – 5:40 pm +1,Korean Air,EWR‐ICN,19h40m,1,BOS,10:45 am – 3:45 pm,Korean Air,ICN‐EWR,18h00m,1,DTW,1904,20220406-2225,fast
6:30 am – 2:55 pm +1,United Airlines,EWR‐ICN,19h25m,1,SFO,9:30 am – 2:49 pm,Korean Air,ICN‐EWR,18h19m,1,BOS,3617,20220406-2225,fast
9:00 am – 5:40 pm +1,Korean Air,EWR‐ICN,19h40m,1,BOS,9:30 am – 2:49 pm,Korean Air,ICN‐EWR,18h19m,1,BOS,2041,20220406-2225,fast
8:00 am – 5:05 pm +1,"Delta, Korean Air",EWR‐ICN,20h05m,1,ATL,10:45 am – 3:45 pm,Korean Air,ICN‐EWR,18h00m,1,DTW,2192,20220406-2225,fast
6:00 am – 3:15 pm +1,Delta,EWR‐ICN,20h15m,2,"DTW, SEA",10:45 am – 3:45 pm,Delta,ICN‐EWR,18h00m,1,DTW,3077,20220406-2225,fast
