Out Time,Out Airline,Out Cities,Out Duration,Out Stops,Out Stop Cities,Return Time,Return Airline,Return Cities,Return Duration,Return Stops,Return Stop Cities,Price,timestamp,sort
6:15 pm – 4:00 pm +2,Air Canada,EWR‐ICN,32h45m,1,YVR,5:50 pm – 9:59 am +1,Air Canada,ICN‐EWR,29h09m,2,"YVR, YUL",1028,20220409-0407,cheap
9:05 am – 5:10 pm +1,Air Canada,EWR‐ICN,19h05m,1,YYZ,5:50 pm – 7:40 am +1,Air Canada,ICN‐EWR,26h50m,2,"YVR, YUL",1182,20220409-0407,cheap
9:05 am – 5:10 pm +1,Air Canada,EWR‐ICN,19h05m,1,YYZ,5:50 pm – 7:40 am +1,Air Canada,ICN‐EWR,26h50m,2,"YVR, YUL",1182,20220409-0407,cheap
6:25 am – 4:00 pm +1,Air Canada,EWR‐ICN,20h35m,2,"YYZ, YVR",5:50 pm – 7:40 am +1,Air Canada,ICN‐EWR,26h50m,2,"YVR, YUL",1182,20220409-0407,cheap
6:25 am – 4:00 pm +1,Air Canada,EWR‐ICN,20h35m,2,"YYZ, YVR",5:50 pm – 7:40 am +1,Air Canada,ICN‐EWR,26h50m,2,"YVR, YUL",1182,20220409-0407,cheap
7:09 am – 3:15 pm +1,American Airlines,EWR‐ICN,19h06m,1,DFW,5:25 pm – 7:48 am +1,American Airlines,ICN‐EWR,27h23m,2,"DFW, CLT",1222,20220409-0407,cheap
5:20 am – 3:15 pm +1,American Airlines,EWR‐ICN,20h55m,1,DFW,5:25 pm – 7:48 am +1,American Airlines,ICN‐EWR,27h23m,2,"DFW, CLT",1222,20220409-0407,cheap
6:10 am – 2:45 pm +1,United Airlines,EWR‐ICN,19h35m,1,SFO,4:40 pm – 10:00 pm,United Airlines,ICN‐EWR,18h20m,1,SFO,1232,20220409-0407,cheap
5:00 am – 2:45 pm +1,United Airlines,EWR‐ICN,20h45m,2,"ORD, SFO",4:40 pm – 10:00 pm,United Airlines,ICN‐EWR,18h20m,1,SFO,1232,20220409-0407,cheap
6:10 am – 2:45 pm +1,United Airlines,EWR‐ICN,19h35m,1,SFO,4:40 pm – 12:45 am +1,United Airlines,ICN‐EWR,21h05m,1,SFO,1232,20220409-0407,cheap
5:00 am – 2:45 pm +1,United Airlines,EWR‐ICN,20h45m,2,"ORD, SFO",4:40 pm – 12:45 am +1,United Airlines,ICN‐EWR,21h05m,1,SFO,1232,20220409-0407,cheap
9:59 pm – 2:45 pm +2,United Airlines,EWR‐ICN,27h46m,2,"IAD, SFO",4:40 pm – 10:00 pm,United Airlines,ICN‐EWR,18h20m,1,SFO,1232,20220409-0407,cheap
6:10 am – 2:45 pm +1,United Airlines,EWR‐ICN,19h35m,1,SFO,4:40 pm – 7:05 am +1,United Airlines,ICN‐EWR,27h25m,1,SFO,1232,20220409-0407,cheap
8:30 pm – 2:45 pm +2,United Airlines,EWR‐ICN,29h15m,1,SFO,4:40 pm – 10:00 pm,United Airlines,ICN‐EWR,18h20m,1,SFO,1232,20220409-0407,cheap
7:57 pm – 2:45 pm +2,United Airlines,EWR‐ICN,29h48m,2,"ORD, SFO",4:40 pm – 10:00 pm,United Airlines,ICN‐EWR,18h20m,1,SFO,1232,20220409-0407,cheap
9:05 am – 5:10 pm +1,Air Canada,EWR‐ICN,19h05m,1,YYZ,5:50 pm – 7:40 am +1,Air Canada,ICN‐EWR,26h50m,2,"YVR, YUL",1552,20220409-0405,best
6:10 am – 2:45 pm +1,United Airlines,EWR‐ICN,19h35m,1,SFO,4:40 pm – 10:00 pm,United Airlines,ICN‐EWR,18h20m,1,SFO,1232,20220409-0405,best
6:15 pm – 4:00 pm +2,Air Canada,EWR‐ICN,32h45m,1,YVR,5:50 pm – 9:59 am +1,Air Canada,ICN‐EWR,29h09m,2,"YVR, YUL",1028,20220409-0405,best
7:09 am – 3:15 pm +1,American Airlines,EWR‐ICN,19h06m,1,DFW,5:25 pm – 11:01 pm,American Airlines,ICN‐EWR,18h36m,1,DFW,1315,20220409-0405,best
7:09 am – 3:15 pm +1,American Airlines,EWR‐ICN,19h06m,1,DFW,5:25 pm – 1:03 am +1,American Airlines,ICN‐EWR,20h38m,1,DFW,1275,20220409-0405,best
7:09 am – 3:15 pm +1,American Airlines,EWR‐ICN,19h06m,1,DFW,5:25 pm – 12:13 am +1,American Airlines,ICN‐EWR,19h48m,2,"DFW, CLT",1278,20220409-0405,best
6:10 am – 2:45 pm +1,United Airlines,EWR‐ICN,19h35m,1,SFO,4:40 pm – 12:45 am +1,United Airlines,ICN‐EWR,21h05m,1,SFO,1232,20220409-0405,best
9:36 am – 4:30 pm +1,Korean Air,EWR‐ICN,17h54m,1,DTW,6:40 pm – 11:26 pm,Korean Air,ICN‐EWR,17h46m,1,ATL,1521,20220409-0405,best
9:36 am – 4:30 pm +1,Korean Air,EWR‐ICN,17h54m,1,DTW,10:45 am – 3:58 pm,Korean Air,ICN‐EWR,18h13m,1,DTW,1521,20220409-0405,best
5:00 am – 2:45 pm +1,United Airlines,EWR‐ICN,20h45m,2,"ORD, SFO",4:40 pm – 10:00 pm,United Airlines,ICN‐EWR,18h20m,1,SFO,1232,20220409-0405,best
9:36 am – 4:30 pm +1,Delta,EWR‐ICN,17h54m,1,DTW,6:40 pm – 11:23 pm,Delta,ICN‐EWR,17h43m,1,ATL,1565,20220409-0405,best
9:36 am – 4:30 pm +1,Delta,EWR‐ICN,17h54m,1,DTW,10:45 am – 3:57 pm,Delta,ICN‐EWR,18h12m,1,DTW,1565,20220409-0405,best
5:20 am – 3:15 pm +1,American Airlines,EWR‐ICN,20h55m,1,DFW,5:25 pm – 11:01 pm,American Airlines,ICN‐EWR,18h36m,1,DFW,1315,20220409-0405,best
7:00 am – 3:50 pm +1,Korean Air,EWR‐ICN,19h50m,1,ATL,6:40 pm – 11:26 pm,Korean Air,ICN‐EWR,17h46m,1,ATL,1521,20220409-0405,best
7:00 am – 3:00 pm +1,Delta,EWR‐ICN,19h00m,1,ATL,6:40 pm – 11:23 pm,Delta,ICN‐EWR,17h43m,1,ATL,1565,20220409-0405,best
9:36 am – 4:30 pm +1,Delta,EWR‐ICN,17h54m,1,DTW,6:40 pm – 12:45 am +1,Delta,ICN‐EWR,19h05m,1,ATL,1565,20220409-0405,best
8:40 am – 4:25 pm +1,Korean Air,EWR‐ICN,18h45m,1,BOS,6:40 pm – 11:26 pm,Korean Air,ICN‐EWR,17h46m,1,ATL,1592,20220409-0405,best
9:36 am – 4:30 pm +1,Delta,EWR‐ICN,17h54m,1,DTW,6:40 pm – 11:23 pm,Delta,ICN‐EWR,17h43m,1,ATL,1565,20220409-0410,fast
9:36 am – 4:30 pm +1,Korean Air,EWR‐ICN,17h54m,1,DTW,6:40 pm – 11:26 pm,Korean Air,ICN‐EWR,17h46m,1,ATL,1521,20220409-0410,fast
9:36 am – 4:30 pm +1,Delta,EWR‐ICN,17h54m,1,DTW,10:45 am – 3:57 pm,Delta,ICN‐EWR,18h12m,1,DTW,1565,20220409-0410,fast
9:36 am – 4:30 pm +1,Korean Air,EWR‐ICN,17h54m,1,DTW,10:45 am – 3:58 pm,Korean Air,ICN‐EWR,18h13m,1,DTW,1521,20220409-0410,fast
8:40 am – 4:25 pm +1,Korean Air,EWR‐ICN,18h45m,1,BOS,6:40 pm – 11:26 pm,Korean Air,ICN‐EWR,17h46m,1,ATL,1592,20220409-0410,fast
7:00 am – 3:00 pm +1,Delta,EWR‐ICN,19h00m,1,ATL,6:40 pm – 11:23 pm,Delta,ICN‐EWR,17h43m,1,ATL,1565,20220409-0410,fast
9:36 am – 4:30 pm +1,Korean Air,EWR‐ICN,17h54m,1,DTW,9:30 am – 3:21 pm,Korean Air,ICN‐EWR,18h51m,1,BOS,1968,20220409-0410,fast
8:40 am – 4:25 pm +1,Korean Air,EWR‐ICN,18h45m,1,BOS,10:45 am – 3:58 pm,Korean Air,ICN‐EWR,18h13m,1,DTW,1592,20220409-0410,fast
9:36 am – 4:30 pm +1,Delta,EWR‐ICN,17h54m,1,DTW,6:40 pm – 12:45 am +1,Delta,ICN‐EWR,19h05m,1,ATL,1565,20220409-0410,fast
9:36 am – 4:30 pm +1,Korean Air,EWR‐ICN,17h54m,1,DTW,6:40 pm – 12:47 am +1,"Korean Air, Delta",ICN‐EWR,19h07m,1,ATL,1650,20220409-0410,fast
9:36 am – 4:30 pm +1,Korean Air,EWR‐ICN,17h54m,1,DTW,9:20 am – 3:35 pm,Korean Air,ICN‐EWR,19h15m,1,ATL,1928,20220409-0410,fast
9:36 am – 4:30 pm +1,Korean Air,EWR‐ICN,17h54m,1,DTW,2:40 pm – 8:56 pm,"Asiana Airlines, United Airlines",ICN‐EWR,19h16m,1,LAX,2179,20220409-0410,fast
9:36 am – 4:30 pm +1,Korean Air,EWR‐ICN,17h54m,1,DTW,2:40 pm – 8:56 pm,Asiana Airlines,ICN‐EWR,19h16m,1,LAX,2437,20220409-0410,fast
7:00 am – 3:00 pm +1,Delta,EWR‐ICN,19h00m,1,ATL,10:45 am – 3:57 pm,Delta,ICN‐EWR,18h12m,1,DTW,1565,20220409-0410,fast
6:25 am – 3:15 pm +1,Delta,EWR‐ICN,19h50m,2,"MSP, SEA",6:40 pm – 11:23 pm,Delta,ICN‐EWR,17h43m,1,ATL,1569,20220409-0410,fast
