Out Time,Out Airline,Out Cities,Out Duration,Out Stops,Out Stop Cities,Return Time,Return Airline,Return Cities,Return Duration,Return Stops,Return Stop Cities,Price,timestamp,sort
6:34 am – 3:15 pm +1,American Airlines,EWR‐ICN,19h41m,1,DFW,5:25 pm – 10:00 pm,American Airlines,ICN‐EWR,17h35m,1,DFW,1330,20220406-2151,cheap
6:34 am – 3:15 pm +1,American Airlines,EWR‐ICN,19h41m,1,DFW,5:25 pm – 11:28 pm,American Airlines,ICN‐EWR,19h03m,1,DFW,1330,20220406-2151,cheap
7:42 pm – 3:15 pm +2,American Airlines,EWR‐ICN,30h33m,2,"ORD, DFW",5:25 pm – 10:00 pm,American Airlines,ICN‐EWR,17h35m,1,DFW,1334,20220406-2151,cheap
7:42 pm – 3:15 pm +2,American Airlines,EWR‐ICN,30h33m,2,"ORD, DFW",5:25 pm – 10:00 pm,American Airlines,ICN‐EWR,17h35m,1,DFW,1334,20220406-2151,cheap
6:30 am – 2:55 pm +1,United Airlines,EWR‐ICN,19h25m,1,SFO,4:50 pm – 7:07 am +1,United Airlines,ICN‐EWR,27h17m,1,SFO,1377,20220406-2151,cheap
5:00 am – 2:55 pm +1,United Airlines,EWR‐ICN,20h55m,2,"ORD, SFO",4:50 pm – 7:07 am +1,United Airlines,ICN‐EWR,27h17m,1,SFO,1377,20220406-2151,cheap
8:15 pm – 2:55 pm +2,United Airlines,EWR‐ICN,29h40m,1,SFO,4:50 pm – 11:09 pm,United Airlines,ICN‐EWR,19h19m,1,SFO,1377,20220406-2151,cheap
6:30 am – 2:55 pm +1,United Airlines,EWR‐ICN,19h25m,1,SFO,4:50 pm – 8:14 am +1,United Airlines,ICN‐EWR,28h24m,1,SFO,1393,20220406-2151,cheap
2:10 pm – 4:55 pm +2,"Porter Airlines, Qatar Airways",EWR‐ICN,37h45m,3,"YTZ, YUL, ...",1:30 am – 11:36 pm,"Qatar Airways, Amtrak",ICN‐EWR,35h06m,3,"DOH, BOS-BOS, ...",1468,20220406-2151,cheap
6:00 am – 4:30 pm +1,Korean Air,EWR‐ICN,21h30m,1,DTW,6:40 pm – 11:01 pm,Korean Air,ICN‐EWR,17h21m,1,ATL,1520,20220406-2151,cheap
6:00 am – 4:30 pm +1,Korean Air,EWR‐ICN,21h30m,1,DTW,10:45 am – 4:24 pm,Korean Air,ICN‐EWR,18h39m,1,DTW,1520,20220406-2151,cheap
9:30 am – 4:30 pm +1,Korean Air,EWR‐ICN,18h00m,1,DTW,6:40 pm – 11:01 pm,Korean Air,ICN‐EWR,17h21m,1,ATL,1521,20220406-2151,cheap
9:30 am – 4:30 pm +1,Korean Air,EWR‐ICN,18h00m,1,DTW,10:45 am – 4:24 pm,Korean Air,ICN‐EWR,18h39m,1,DTW,1521,20220406-2151,cheap
9:30 am – 4:30 pm +1,Delta,EWR‐ICN,18h00m,1,DTW,6:40 pm – 12:59 am +1,Delta,ICN‐EWR,19h19m,1,ATL,1565,20220406-2151,cheap
6:00 am – 4:30 pm +1,Delta,EWR‐ICN,21h30m,1,DTW,6:40 pm – 11:01 pm,Delta,ICN‐EWR,17h21m,1,ATL,1565,20220406-2151,cheap
9:30 am – 4:30 pm +1,Korean Air,EWR‐ICN,18h00m,1,DTW,6:40 pm – 11:01 pm,Korean Air,ICN‐EWR,17h21m,1,ATL,1568,20220406-2149,best
6:34 am – 3:15 pm +1,American Airlines,EWR‐ICN,19h41m,1,DFW,5:25 pm – 10:00 pm,American Airlines,ICN‐EWR,17h35m,1,DFW,1330,20220406-2149,best
9:30 am – 4:30 pm +1,Korean Air,EWR‐ICN,18h00m,1,DTW,6:40 pm – 11:01 pm,Korean Air,ICN‐EWR,17h21m,1,ATL,1521,20220406-2149,best
6:34 am – 3:15 pm +1,American Airlines,EWR‐ICN,19h41m,1,DFW,5:25 pm – 11:28 pm,American Airlines,ICN‐EWR,19h03m,1,DFW,1330,20220406-2149,best
9:30 am – 4:30 pm +1,Korean Air,EWR‐ICN,18h00m,1,DTW,10:45 am – 4:24 pm,Korean Air,ICN‐EWR,18h39m,1,DTW,1521,20220406-2149,best
9:30 am – 4:30 pm +1,Delta,EWR‐ICN,18h00m,1,DTW,6:40 pm – 12:59 am +1,Delta,ICN‐EWR,19h19m,1,ATL,1565,20220406-2149,best
6:00 am – 4:30 pm +1,Korean Air,EWR‐ICN,21h30m,1,DTW,6:40 pm – 11:01 pm,Korean Air,ICN‐EWR,17h21m,1,ATL,1520,20220406-2149,best
6:00 am – 4:30 pm +1,Delta,EWR‐ICN,21h30m,1,DTW,6:40 pm – 11:01 pm,Delta,ICN‐EWR,17h21m,1,ATL,1565,20220406-2149,best
6:00 am – 4:30 pm +1,Korean Air,EWR‐ICN,21h30m,1,DTW,10:45 am – 4:24 pm,Korean Air,ICN‐EWR,18h39m,1,DTW,1520,20220406-2149,best
9:30 am – 4:30 pm +1,Delta,EWR‐ICN,18h00m,1,DTW,10:45 am – 7:33 pm,Delta,ICN‐EWR,21h48m,1,DTW,1565,20220406-2149,best
6:00 am – 4:30 pm +1,Delta,EWR‐ICN,21h30m,1,DTW,10:45 am – 4:24 pm,Delta,ICN‐EWR,18h39m,1,DTW,1565,20220406-2149,best
6:30 am – 2:55 pm +1,United Airlines,EWR‐ICN,19h25m,1,SFO,4:50 pm – 9:44 pm,United Airlines,ICN‐EWR,17h54m,1,SFO,1786,20220406-2149,best
6:30 am – 2:55 pm +1,United Airlines,EWR‐ICN,19h25m,1,SFO,4:50 pm – 11:09 pm,United Airlines,ICN‐EWR,19h19m,1,SFO,1691,20220406-2149,best
6:00 am – 4:30 pm +1,Delta,EWR‐ICN,21h30m,1,DTW,6:40 pm – 12:59 am +1,Delta,ICN‐EWR,19h19m,1,ATL,1565,20220406-2149,best
9:30 am – 4:30 pm +1,Delta,EWR‐ICN,18h00m,1,DTW,4:40 pm – 11:28 pm,Delta,ICN‐EWR,19h48m,2,"SEA, MSP",1744,20220406-2149,best
6:30 am – 2:55 pm +1,United Airlines,EWR‐ICN,19h25m,1,SFO,4:50 pm – 12:44 am +1,United Airlines,ICN‐EWR,20h54m,1,SFO,1691,20220406-2149,best
9:30 am – 4:30 pm +1,Korean Air,EWR‐ICN,18h00m,1,DTW,6:40 pm – 11:01 pm,Korean Air,ICN‐EWR,17h21m,1,ATL,1521,20220406-2153,fast
9:30 am – 4:30 pm +1,Korean Air,EWR‐ICN,18h00m,1,DTW,5:25 pm – 10:00 pm,"Korean Air, American Airlines",ICN‐EWR,17h35m,1,DFW,2242,20220406-2153,fast
11:25 am – 5:30 pm +1,"ANA, Korean Air",EWR‐ICN,17h05m,1,NRT,9:20 am – 3:04 pm,Korean Air,ICN‐EWR,18h44m,1,ATL,11000,20220406-2153,fast
9:30 am – 4:30 pm +1,Korean Air,EWR‐ICN,18h00m,1,DTW,10:45 am – 4:24 pm,Korean Air,ICN‐EWR,18h39m,1,DTW,1521,20220406-2153,fast
9:30 am – 4:30 pm +1,Korean Air,EWR‐ICN,18h00m,1,DTW,9:20 am – 3:04 pm,Korean Air,ICN‐EWR,18h44m,1,ATL,2019,20220406-2153,fast
9:30 am – 4:30 pm +1,Korean Air,EWR‐ICN,18h00m,1,DTW,2:40 pm – 8:54 pm,"Asiana Airlines, United Airlines",ICN‐EWR,19h14m,1,LAX,2254,20220406-2153,fast
6:34 am – 3:15 pm +1,American Airlines,EWR‐ICN,19h41m,1,DFW,5:25 pm – 10:00 pm,American Airlines,ICN‐EWR,17h35m,1,DFW,1330,20220406-2153,fast
9:30 am – 4:30 pm +1,Delta,EWR‐ICN,18h00m,1,DTW,6:40 pm – 12:59 am +1,Delta,ICN‐EWR,19h19m,1,ATL,1565,20220406-2153,fast
9:30 am – 4:30 pm +1,Korean Air,EWR‐ICN,18h00m,1,DTW,4:50 pm – 11:09 pm,United Airlines,ICN‐EWR,19h19m,1,SFO,1591,20220406-2153,fast
6:30 am – 2:55 pm +1,United Airlines,EWR‐ICN,19h25m,1,SFO,4:50 pm – 9:44 pm,United Airlines,ICN‐EWR,17h54m,1,SFO,1786,20220406-2153,fast
8:00 am – 5:05 pm +1,Korean Air,EWR‐ICN,20h05m,1,ATL,6:40 pm – 11:01 pm,Korean Air,ICN‐EWR,17h21m,1,ATL,1900,20220406-2153,fast
6:00 am – 4:15 pm +1,Air Canada,EWR‐ICN,21h15m,2,"YUL, YVR",6:40 pm – 10:01 pm,Air Canada,ICN‐EWR,16h21m,1,YYZ,1820,20220406-2153,fast
6:00 am – 4:15 pm +1,Air Canada,EWR‐ICN,21h15m,2,"YYZ, YVR",6:40 pm – 10:01 pm,Air Canada,ICN‐EWR,16h21m,1,YYZ,1826,20220406-2153,fast
6:00 am – 4:15 pm +1,Air Canada,EWR‐ICN,21h15m,2,"YYZ, YVR",6:40 pm – 10:01 pm,Air Canada,ICN‐EWR,16h21m,1,YYZ,1826,20220406-2153,fast
7:00 am – 4:15 pm +1,"United Airlines, Air Canada",EWR‐ICN,20h15m,2,"SEA, YVR",6:40 pm – 11:01 pm,Korean Air,ICN‐EWR,17h21m,1,ATL,2489,20220406-2153,fast
