Out Time,Out Airline,Out Cities,Out Duration,Out Stops,Out Stop Cities,Return Time,Return Airline,Return Cities,Return Duration,Return Stops,Return Stop Cities,Price,timestamp,sort
6:00 pm – 6:15 am +2,United Airlines,EWR‐SIN,24h15m,1,SFO,8:45 am – 11:58 pm,United Airlines,SIN‐EWR,27h13m,1,SFO,968,20220407-1037,cheap
6:00 pm – 6:15 am +2,United Airlines,EWR‐SIN,24h15m,1,SFO,8:45 am – 12:53 am +1,United Airlines,SIN‐EWR,28h08m,1,SFO,968,20220407-1037,cheap
5:00 pm – 6:15 am +2,United Airlines,EWR‐SIN,25h15m,1,SFO,8:45 am – 11:58 pm,United Airlines,SIN‐EWR,27h13m,1,SFO,968,20220407-1037,cheap
5:00 pm – 6:15 am +2,United Airlines,EWR‐SIN,25h15m,1,SFO,8:45 am – 12:53 am +1,United Airlines,SIN‐EWR,28h08m,1,SFO,968,20220407-1037,cheap
6:00 pm – 6:15 am +2,United Airlines,EWR‐SIN,24h15m,1,SFO,8:45 am – 1:58 am +1,United Airlines,SIN‐EWR,29h13m,1,SFO,968,20220407-1037,cheap
4:00 pm – 6:15 am +2,United Airlines,EWR‐SIN,26h15m,1,SFO,8:45 am – 11:58 pm,United Airlines,SIN‐EWR,27h13m,1,SFO,968,20220407-1037,cheap
4:00 pm – 6:15 am +2,United Airlines,EWR‐SIN,26h15m,1,SFO,8:45 am – 12:53 am +1,United Airlines,SIN‐EWR,28h08m,1,SFO,968,20220407-1037,cheap
5:00 pm – 6:15 am +2,United Airlines,EWR‐SIN,25h15m,1,SFO,8:45 am – 1:58 am +1,United Airlines,SIN‐EWR,29h13m,1,SFO,968,20220407-1037,cheap
4:00 pm – 6:15 am +2,United Airlines,EWR‐SIN,26h15m,1,SFO,8:45 am – 1:58 am +1,United Airlines,SIN‐EWR,29h13m,1,SFO,968,20220407-1037,cheap
12:00 pm – 6:15 am +2,United Airlines,EWR‐SIN,30h15m,1,SFO,8:45 am – 11:58 pm,United Airlines,SIN‐EWR,27h13m,1,SFO,968,20220407-1037,cheap
11:59 am – 6:15 am +2,United Airlines,EWR‐SIN,30h16m,2,"DCA, SFO",8:45 am – 11:58 pm,United Airlines,SIN‐EWR,27h13m,1,SFO,968,20220407-1037,cheap
11:29 am – 6:15 am +2,United Airlines,EWR‐SIN,30h46m,2,"DCA, SFO",8:45 am – 11:58 pm,United Airlines,SIN‐EWR,27h13m,1,SFO,968,20220407-1037,cheap
12:00 pm – 6:15 am +2,United Airlines,EWR‐SIN,30h15m,1,SFO,8:45 am – 12:53 am +1,United Airlines,SIN‐EWR,28h08m,1,SFO,968,20220407-1037,cheap
11:59 am – 6:15 am +2,United Airlines,EWR‐SIN,30h16m,2,"DCA, SFO",8:45 am – 12:53 am +1,United Airlines,SIN‐EWR,28h08m,1,SFO,968,20220407-1037,cheap
9:00 am – 6:15 am +2,United Airlines,EWR‐SIN,33h15m,1,SFO,8:45 am – 11:58 pm,United Airlines,SIN‐EWR,27h13m,1,SFO,968,20220407-1037,cheap
6:00 pm – 6:15 am +2,United Airlines,EWR‐SIN,24h15m,1,SFO,8:45 am – 11:58 pm,United Airlines,SIN‐EWR,27h13m,1,SFO,968,20220407-1035,best
6:00 pm – 6:15 am +2,United Airlines,EWR‐SIN,24h15m,1,SFO,8:45 am – 12:53 am +1,United Airlines,SIN‐EWR,28h08m,1,SFO,968,20220407-1035,best
5:00 pm – 6:15 am +2,United Airlines,EWR‐SIN,25h15m,1,SFO,8:45 am – 11:58 pm,United Airlines,SIN‐EWR,27h13m,1,SFO,968,20220407-1035,best
5:00 pm – 6:15 am +2,United Airlines,EWR‐SIN,25h15m,1,SFO,8:45 am – 12:53 am +1,United Airlines,SIN‐EWR,28h08m,1,SFO,968,20220407-1035,best
6:00 pm – 6:15 am +2,United Airlines,EWR‐SIN,24h15m,1,SFO,8:45 am – 1:58 am +1,United Airlines,SIN‐EWR,29h13m,1,SFO,968,20220407-1035,best
4:00 pm – 6:15 am +2,United Airlines,EWR‐SIN,26h15m,1,SFO,8:45 am – 11:58 pm,United Airlines,SIN‐EWR,27h13m,1,SFO,968,20220407-1035,best
4:00 pm – 6:15 am +2,United Airlines,EWR‐SIN,26h15m,1,SFO,8:45 am – 12:53 am +1,United Airlines,SIN‐EWR,28h08m,1,SFO,968,20220407-1035,best
5:00 pm – 6:15 am +2,United Airlines,EWR‐SIN,25h15m,1,SFO,8:45 am – 1:58 am +1,United Airlines,SIN‐EWR,29h13m,1,SFO,968,20220407-1035,best
4:00 pm – 6:15 am +2,United Airlines,EWR‐SIN,26h15m,1,SFO,8:45 am – 1:58 am +1,United Airlines,SIN‐EWR,29h13m,1,SFO,968,20220407-1035,best
5:00 pm – 6:15 am +2,United Airlines,EWR‐SIN,25h15m,1,SFO,8:45 am – 10:08 pm,United Airlines,SIN‐EWR,25h23m,1,SFO,1147,20220407-1035,best
4:00 pm – 6:15 am +2,United Airlines,EWR‐SIN,26h15m,1,SFO,8:45 am – 10:08 pm,United Airlines,SIN‐EWR,25h23m,1,SFO,1147,20220407-1035,best
12:00 pm – 6:15 am +2,United Airlines,EWR‐SIN,30h15m,1,SFO,8:45 am – 11:58 pm,United Airlines,SIN‐EWR,27h13m,1,SFO,968,20220407-1035,best
1:00 pm – 6:15 am +2,United Airlines,EWR‐SIN,29h15m,2,"DCA-IAD, SFO",8:45 am – 11:58 pm,United Airlines,SIN‐EWR,27h13m,1,SFO,972,20220407-1035,best
10:25 am – 5:10 pm +1,Singapore Airlines,EWR‐SIN,18h45m,0,,11:35 pm – 6:00 am +1,Singapore Airlines,SIN‐EWR,18h25m,0,,1721,20220407-1035,best
11:59 am – 6:15 am +2,United Airlines,EWR‐SIN,30h16m,2,"DCA, SFO",8:45 am – 11:58 pm,United Airlines,SIN‐EWR,27h13m,1,SFO,968,20220407-1035,best
10:25 am – 5:10 pm +1,Singapore Airlines,EWR‐SIN,18h45m,0,,11:35 pm – 6:00 am +1,Singapore Airlines,SIN‐EWR,18h25m,0,,1721,20220407-1040,fast
10:25 am – 5:10 pm +1,Singapore Airlines,EWR‐SIN,18h45m,0,,6:10 am – 4:40 pm,ANA,SIN‐EWR,22h30m,1,NRT,2101,20220407-1040,fast
6:15 pm – 5:55 am +2,SWISS,EWR‐SIN,23h40m,1,ZRH,11:35 pm – 6:00 am +1,Singapore Airlines,SIN‐EWR,18h25m,0,,3638,20220407-1040,fast
6:00 pm – 6:15 am +2,United Airlines,EWR‐SIN,24h15m,1,SFO,11:35 pm – 6:00 am +1,Singapore Airlines,SIN‐EWR,18h25m,0,,1585,20220407-1040,fast
10:25 am – 5:10 pm +1,Singapore Airlines,EWR‐SIN,18h45m,0,,6:40 pm – 6:59 am +1,Singapore Airlines,SIN‐EWR,24h19m,1,SFO,2024,20220407-1040,fast
5:00 pm – 6:15 am +2,United Airlines,EWR‐SIN,25h15m,1,SFO,11:35 pm – 6:00 am +1,Singapore Airlines,SIN‐EWR,18h25m,0,,1585,20220407-1040,fast
10:25 am – 5:10 pm +1,Singapore Airlines,EWR‐SIN,18h45m,0,,11:25 pm – 12:25 pm +1,Lufthansa,SIN‐EWR,25h00m,1,MUC,2051,20220407-1040,fast
3:59 pm – 5:45 am +2,Singapore Airlines,EWR‐SIN,25h46m,1,SFO,11:35 pm – 6:00 am +1,Singapore Airlines,SIN‐EWR,18h25m,0,,2216,20220407-1040,fast
4:00 pm – 7:50 am +2,Singapore Airlines,EWR‐SIN,27h50m,1,LAX,11:35 pm – 6:00 am +1,Singapore Airlines,SIN‐EWR,18h25m,0,,2529,20220407-1040,fast
9:00 am – 1:15 am +2,Singapore Airlines,EWR‐SIN,28h15m,2,"LAX, NRT",11:35 pm – 6:00 am +1,Singapore Airlines,SIN‐EWR,18h25m,0,,6385,20220407-1040,fast
6:00 pm – 6:15 am +2,United Airlines,EWR‐SIN,24h15m,1,SFO,6:10 am – 4:40 pm,ANA,SIN‐EWR,22h30m,1,NRT,1544,20220407-1040,fast
7:30 pm – 6:50 am +2,Lufthansa,EWR‐SIN,23h20m,1,FRA,12:30 am – 12:25 pm,Lufthansa,SIN‐EWR,23h55m,1,MUC,2141,20220407-1040,fast
6:15 pm – 5:55 am +2,SWISS,EWR‐SIN,23h40m,1,ZRH,1:25 am – 1:10 pm,SWISS,SIN‐EWR,23h45m,1,ZRH,2666,20220407-1040,fast
5:00 pm – 6:15 am +2,United Airlines,EWR‐SIN,25h15m,1,SFO,6:10 am – 4:40 pm,ANA,SIN‐EWR,22h30m,1,NRT,1544,20220407-1040,fast
5:50 pm – 5:55 am +2,SWISS,EWR‐SIN,24h05m,2,"BER, ZRH",1:25 am – 1:10 pm,SWISS,SIN‐EWR,23h45m,1,ZRH,3386,20220407-1040,fast
