Out Time,Out Airline,Out Cities,Out Duration,Out Stops,Out Stop Cities,Return Time,Return Airline,Return Cities,Return Duration,Return Stops,Return Stop Cities,Price,timestamp,sort
6:00 pm – 6:15 am +2,United Airlines,EWR‐SIN,24h15m,1,SFO,8:45 am – 10:08 pm,United Airlines,SIN‐EWR,25h23m,1,SFO,1022,20220407-1114,cheap
6:00 pm – 6:15 am +2,United Airlines,EWR‐SIN,24h15m,1,SFO,8:45 am – 11:58 pm,United Airlines,SIN‐EWR,27h13m,1,SFO,1022,20220407-1114,cheap
6:00 pm – 6:15 am +2,United Airlines,EWR‐SIN,24h15m,1,SFO,8:45 am – 12:53 am +1,United Airlines,SIN‐EWR,28h08m,1,SFO,1022,20220407-1114,cheap
3:00 pm – 6:15 am +2,United Airlines,EWR‐SIN,27h15m,1,SFO,8:45 am – 10:08 pm,United Airlines,SIN‐EWR,25h23m,1,SFO,1022,20220407-1114,cheap
6:00 pm – 6:15 am +2,United Airlines,EWR‐SIN,24h15m,1,SFO,8:45 am – 1:58 am +1,United Airlines,SIN‐EWR,29h13m,1,SFO,1022,20220407-1114,cheap
2:00 pm – 6:15 am +2,United Airlines,EWR‐SIN,28h15m,1,SFO,8:45 am – 10:08 pm,United Airlines,SIN‐EWR,25h23m,1,SFO,1022,20220407-1114,cheap
3:00 pm – 6:15 am +2,United Airlines,EWR‐SIN,27h15m,1,SFO,8:45 am – 11:58 pm,United Airlines,SIN‐EWR,27h13m,1,SFO,1022,20220407-1114,cheap
3:00 pm – 6:15 am +2,United Airlines,EWR‐SIN,27h15m,1,SFO,8:45 am – 12:53 am +1,United Airlines,SIN‐EWR,28h08m,1,SFO,1022,20220407-1114,cheap
2:00 pm – 6:15 am +2,United Airlines,EWR‐SIN,28h15m,1,SFO,8:45 am – 11:58 pm,United Airlines,SIN‐EWR,27h13m,1,SFO,1022,20220407-1114,cheap
2:00 pm – 6:15 am +2,United Airlines,EWR‐SIN,28h15m,1,SFO,8:45 am – 12:53 am +1,United Airlines,SIN‐EWR,28h08m,1,SFO,1022,20220407-1114,cheap
3:00 pm – 6:15 am +2,United Airlines,EWR‐SIN,27h15m,1,SFO,8:45 am – 1:58 am +1,United Airlines,SIN‐EWR,29h13m,1,SFO,1022,20220407-1114,cheap
2:00 pm – 6:15 am +2,United Airlines,EWR‐SIN,28h15m,1,SFO,8:45 am – 1:58 am +1,United Airlines,SIN‐EWR,29h13m,1,SFO,1022,20220407-1114,cheap
7:00 am – 6:15 am +2,United Airlines,EWR‐SIN,35h15m,1,SFO,8:45 am – 10:08 pm,United Airlines,SIN‐EWR,25h23m,1,SFO,1032,20220407-1114,cheap
6:00 am – 6:15 am +2,United Airlines,EWR‐SIN,36h15m,1,SFO,8:45 am – 10:08 pm,United Airlines,SIN‐EWR,25h23m,1,SFO,1032,20220407-1114,cheap
8:00 pm – 12:35 am +3,ANA,EWR‐SIN,40h35m,2,"LAX, NRT",6:10 am – 4:40 pm,ANA,SIN‐EWR,22h30m,1,NRT,1040,20220407-1114,cheap
10:55 am – 12:35 am +2,ANA,EWR‐SIN,25h40m,1,HND-NRT,6:10 am – 4:40 pm,ANA,SIN‐EWR,22h30m,1,NRT,1044,20220407-1112,best
10:55 am – 12:35 am +2,ANA,EWR‐SIN,25h40m,1,HND-NRT,6:10 am – 4:40 pm,ANA,SIN‐EWR,22h30m,1,NRT,1044,20220407-1112,best
6:00 pm – 6:15 am +2,United Airlines,EWR‐SIN,24h15m,1,SFO,8:45 am – 10:08 pm,United Airlines,SIN‐EWR,25h23m,1,SFO,1022,20220407-1112,best
6:00 pm – 6:15 am +2,United Airlines,EWR‐SIN,24h15m,1,SFO,6:10 am – 4:40 pm,"ANA, United Airlines",SIN‐EWR,22h30m,1,NRT,1129,20220407-1112,best
6:00 pm – 6:15 am +2,United Airlines,EWR‐SIN,24h15m,1,SFO,8:45 am – 11:58 pm,United Airlines,SIN‐EWR,27h13m,1,SFO,1022,20220407-1112,best
11:35 am – 12:35 am +2,ANA,EWR‐SIN,25h00m,1,NRT,6:10 am – 4:40 pm,ANA,SIN‐EWR,22h30m,1,NRT,1206,20220407-1112,best
6:00 pm – 6:15 am +2,United Airlines,EWR‐SIN,24h15m,1,SFO,8:45 am – 12:53 am +1,United Airlines,SIN‐EWR,28h08m,1,SFO,1022,20220407-1112,best
3:00 pm – 6:15 am +2,United Airlines,EWR‐SIN,27h15m,1,SFO,8:45 am – 10:08 pm,United Airlines,SIN‐EWR,25h23m,1,SFO,1022,20220407-1112,best
6:00 pm – 6:15 am +2,United Airlines,EWR‐SIN,24h15m,1,SFO,8:45 am – 11:29 pm,United Airlines,SIN‐EWR,26h44m,2,"SFO, IAD",1093,20220407-1112,best
6:00 pm – 6:15 am +2,United Airlines,EWR‐SIN,24h15m,1,SFO,8:45 am – 1:58 am +1,United Airlines,SIN‐EWR,29h13m,1,SFO,1022,20220407-1112,best
5:00 pm – 6:15 am +2,United Airlines,EWR‐SIN,25h15m,1,SFO,8:45 am – 10:08 pm,United Airlines,SIN‐EWR,25h23m,1,SFO,1125,20220407-1112,best
2:00 pm – 6:15 am +2,United Airlines,EWR‐SIN,28h15m,1,SFO,8:45 am – 10:08 pm,United Airlines,SIN‐EWR,25h23m,1,SFO,1022,20220407-1112,best
3:00 pm – 6:15 am +2,United Airlines,EWR‐SIN,27h15m,1,SFO,8:45 am – 11:58 pm,United Airlines,SIN‐EWR,27h13m,1,SFO,1022,20220407-1112,best
6:00 pm – 6:15 am +2,United Airlines,EWR‐SIN,24h15m,1,SFO,8:45 am – 12:46 am +1,United Airlines,SIN‐EWR,28h01m,2,"SFO, DEN",1093,20220407-1112,best
6:00 pm – 6:15 am +2,United Airlines,EWR‐SIN,24h15m,1,SFO,8:45 am – 12:46 am +1,United Airlines,SIN‐EWR,28h01m,2,"SFO, DEN",1093,20220407-1112,best
6:00 pm – 6:15 am +2,United Airlines,EWR‐SIN,24h15m,1,SFO,8:45 am – 1:23 am +1,United Airlines,SIN‐EWR,28h38m,2,"SFO, LAX",1093,20220407-1112,best
10:25 am – 5:10 pm +1,Singapore Airlines,EWR‐SIN,18h45m,0,,11:35 pm – 6:00 am +1,Singapore Airlines,SIN‐EWR,18h25m,0,,1771,20220407-1117,fast
10:25 am – 5:10 pm +1,Singapore Airlines,EWR‐SIN,18h45m,0,,7:00 am – 4:49 pm,"Singapore Airlines, Air Canada",SIN‐EWR,21h49m,1,YVR,7249,20220407-1117,fast
10:25 am – 5:10 pm +1,Singapore Airlines,EWR‐SIN,18h45m,0,,6:10 am – 4:40 pm,ANA,SIN‐EWR,22h30m,1,NRT,2168,20220407-1117,fast
10:25 am – 5:10 pm +1,Singapore Airlines,EWR‐SIN,18h45m,0,,6:40 pm – 6:59 am +1,Singapore Airlines,SIN‐EWR,24h19m,1,SFO,2137,20220407-1117,fast
11:35 am – 12:35 am +2,ANA,EWR‐SIN,25h00m,1,NRT,11:35 pm – 6:00 am +1,Singapore Airlines,SIN‐EWR,18h25m,0,,1995,20220407-1117,fast
10:55 am – 12:35 am +2,ANA,EWR‐SIN,25h40m,1,HND-NRT,11:35 pm – 6:00 am +1,Singapore Airlines,SIN‐EWR,18h25m,0,,2004,20220407-1117,fast
4:00 pm – 7:50 am +2,Singapore Airlines,EWR‐SIN,27h50m,1,LAX,11:35 pm – 6:00 am +1,Singapore Airlines,SIN‐EWR,18h25m,0,,2581,20220407-1117,fast
8:15 am – 12:20 am +2,"American Airlines, Japan Airlines",EWR‐SIN,28h05m,2,"DFW, NRT",11:35 pm – 6:00 am +1,Singapore Airlines,SIN‐EWR,18h25m,0,,1551,20220407-1117,fast
9:00 am – 1:15 am +2,Singapore Airlines,EWR‐SIN,28h15m,2,"LAX, NRT",11:35 pm – 6:00 am +1,Singapore Airlines,SIN‐EWR,18h25m,0,,2377,20220407-1117,fast
6:00 pm – 6:15 am +2,United Airlines,EWR‐SIN,24h15m,1,SFO,6:10 am – 4:40 pm,"ANA, United Airlines",SIN‐EWR,22h30m,1,NRT,1129,20220407-1117,fast
7:00 am – 11:40 pm +1,Korean Air,EWR‐SIN,28h40m,2,"ATL, ICN",11:35 pm – 6:00 am +1,Singapore Airlines,SIN‐EWR,18h25m,0,,1571,20220407-1117,fast
6:15 pm – 5:55 am +2,SWISS,EWR‐SIN,23h40m,1,ZRH,1:25 am – 1:10 pm,SWISS,SIN‐EWR,23h45m,1,ZRH,2463,20220407-1117,fast
11:35 am – 12:35 am +2,ANA,EWR‐SIN,25h00m,1,NRT,6:10 am – 4:40 pm,ANA,SIN‐EWR,22h30m,1,NRT,1206,20220407-1117,fast
11:35 am – 12:35 am +2,United Airlines,EWR‐SIN,25h00m,1,NRT,8:45 am – 7:23 pm,United Airlines,SIN‐EWR,22h38m,1,SFO,12273,20220407-1117,fast
5:00 pm – 6:15 am +2,United Airlines,EWR‐SIN,25h15m,1,SFO,6:10 am – 4:40 pm,ANA,SIN‐EWR,22h30m,1,NRT,1550,20220407-1117,fast
