Out Time,Out Airline,Out Cities,Out Duration,Out Stops,Out Stop Cities,Return Time,Return Airline,Return Cities,Return Duration,Return Stops,Return Stop Cities,Price,timestamp,sort
8:00 pm – 4:00 pm +2,Air Canada,EWR‐ICN,31h00m,2,"YUL, YVR",5:45 pm – 7:40 am +1,Air Canada,ICN‐EWR,26h55m,2,"YVR, YUL",1028,20220409-0338,cheap
9:05 am – 5:10 pm +1,Air Canada,EWR‐ICN,19h05m,1,YYZ,5:45 pm – 7:40 am +1,Air Canada,ICN‐EWR,26h55m,2,"YVR, YUL",1033,20220409-0338,cheap
9:05 am – 5:10 pm +1,Air Canada,EWR‐ICN,19h05m,1,YYZ,5:45 pm – 7:40 am +1,Air Canada,ICN‐EWR,26h55m,2,"YVR, YUL",1033,20220409-0338,cheap
9:05 am – 5:10 pm +1,Air Canada,EWR‐ICN,19h05m,1,YYZ,5:45 pm – 9:59 am +1,Air Canada,ICN‐EWR,29h14m,2,"YVR, YUL",1033,20220409-0338,cheap
9:05 am – 5:10 pm +1,Air Canada,EWR‐ICN,19h05m,1,YYZ,5:45 pm – 9:59 am +1,Air Canada,ICN‐EWR,29h14m,2,"YVR, YUL",1033,20220409-0338,cheap
9:05 am – 5:10 pm +1,Air Canada,EWR‐ICN,19h05m,1,YYZ,5:45 pm – 9:59 am +1,Air Canada,ICN‐EWR,29h14m,2,"YVR, YUL",1033,20220409-0338,cheap
6:25 am – 5:10 pm +1,Air Canada,EWR‐ICN,21h45m,1,YYZ,5:45 pm – 7:40 am +1,Air Canada,ICN‐EWR,26h55m,2,"YVR, YUL",1033,20220409-0338,cheap
6:25 am – 5:10 pm +1,Air Canada,EWR‐ICN,21h45m,1,YYZ,5:45 pm – 7:40 am +1,Air Canada,ICN‐EWR,26h55m,2,"YVR, YUL",1033,20220409-0338,cheap
9:05 am – 5:10 pm +1,Air Canada,EWR‐ICN,19h05m,1,YYZ,5:45 pm – 7:45 am +1,Air Canada,ICN‐EWR,27h00m,2,"YVR, YQB",1182,20220409-0338,cheap
6:10 am – 2:45 pm +1,United Airlines,EWR‐ICN,19h35m,1,SFO,4:40 pm – 10:00 pm,United Airlines,ICN‐EWR,18h20m,1,SFO,1232,20220409-0338,cheap
5:00 am – 2:45 pm +1,United Airlines,EWR‐ICN,20h45m,2,"ORD, SFO",4:40 pm – 10:00 pm,United Airlines,ICN‐EWR,18h20m,1,SFO,1232,20220409-0338,cheap
6:10 am – 2:45 pm +1,United Airlines,EWR‐ICN,19h35m,1,SFO,4:40 pm – 12:45 am +1,United Airlines,ICN‐EWR,21h05m,1,SFO,1232,20220409-0338,cheap
5:00 am – 2:45 pm +1,United Airlines,EWR‐ICN,20h45m,2,"ORD, SFO",4:40 pm – 12:45 am +1,United Airlines,ICN‐EWR,21h05m,1,SFO,1232,20220409-0338,cheap
6:10 am – 2:45 pm +1,United Airlines,EWR‐ICN,19h35m,1,SFO,4:40 pm – 5:43 am +1,United Airlines,ICN‐EWR,26h03m,1,SFO,1232,20220409-0338,cheap
9:59 pm – 2:45 pm +2,United Airlines,EWR‐ICN,27h46m,2,"IAD, SFO",4:40 pm – 10:00 pm,United Airlines,ICN‐EWR,18h20m,1,SFO,1232,20220409-0338,cheap
9:05 am – 5:10 pm +1,Air Canada,EWR‐ICN,19h05m,1,YYZ,5:45 pm – 9:59 am +1,Air Canada,ICN‐EWR,29h14m,2,"YVR, YUL",1120,20220409-0336,best
6:10 am – 2:45 pm +1,United Airlines,EWR‐ICN,19h35m,1,SFO,4:40 pm – 10:00 pm,United Airlines,ICN‐EWR,18h20m,1,SFO,1232,20220409-0336,best
8:00 pm – 4:00 pm +2,Air Canada,EWR‐ICN,31h00m,2,"YUL, YVR",5:45 pm – 7:40 am +1,Air Canada,ICN‐EWR,26h55m,2,"YVR, YUL",1028,20220409-0336,best
6:10 am – 2:45 pm +1,United Airlines,EWR‐ICN,19h35m,1,SFO,4:40 pm – 11:31 pm,United Airlines,ICN‐EWR,19h51m,2,"SFO, LAS",1236,20220409-0336,best
6:10 am – 2:45 pm +1,United Airlines,EWR‐ICN,19h35m,1,SFO,4:40 pm – 12:45 am +1,United Airlines,ICN‐EWR,21h05m,1,SFO,1232,20220409-0336,best
6:10 am – 2:45 pm +1,United Airlines,EWR‐ICN,19h35m,1,SFO,4:40 pm – 12:23 am +1,United Airlines,ICN‐EWR,20h43m,2,"SFO, ORD",1236,20220409-0336,best
6:10 am – 2:45 pm +1,United Airlines,EWR‐ICN,19h35m,1,SFO,4:40 pm – 11:56 pm,United Airlines,ICN‐EWR,20h16m,2,"SFO, IAD",1236,20220409-0336,best
9:36 am – 4:30 pm +1,Korean Air,EWR‐ICN,17h54m,1,DTW,6:40 pm – 11:26 pm,Korean Air,ICN‐EWR,17h46m,1,ATL,1521,20220409-0336,best
6:10 am – 2:45 pm +1,United Airlines,EWR‐ICN,19h35m,1,SFO,4:40 pm – 12:28 am +1,United Airlines,ICN‐EWR,20h48m,2,"SFO, LAX",1236,20220409-0336,best
6:10 am – 2:45 pm +1,United Airlines,EWR‐ICN,19h35m,1,SFO,4:40 pm – 12:37 am +1,United Airlines,ICN‐EWR,20h57m,2,"SFO, IAH",1236,20220409-0336,best
5:00 am – 2:45 pm +1,United Airlines,EWR‐ICN,20h45m,2,"ORD, SFO",4:40 pm – 10:00 pm,United Airlines,ICN‐EWR,18h20m,1,SFO,1232,20220409-0336,best
9:36 am – 4:30 pm +1,Delta,EWR‐ICN,17h54m,1,DTW,6:40 pm – 11:23 pm,Delta,ICN‐EWR,17h43m,1,ATL,1565,20220409-0336,best
9:05 am – 5:10 pm +1,Air Canada,EWR‐ICN,19h05m,1,YYZ,5:45 pm – 7:40 am +1,Air Canada,ICN‐EWR,26h55m,2,"YVR, YUL",1033,20220409-0336,best
9:05 am – 5:10 pm +1,Air Canada,EWR‐ICN,19h05m,1,YYZ,5:45 pm – 7:40 am +1,Air Canada,ICN‐EWR,26h55m,2,"YVR, YUL",1033,20220409-0336,best
9:36 am – 4:30 pm +1,Korean Air,EWR‐ICN,17h54m,1,DTW,10:45 am – 3:58 pm,Korean Air,ICN‐EWR,18h13m,1,DTW,1554,20220409-0336,best
7:09 am – 3:15 pm +1,American Airlines,EWR‐ICN,19h06m,1,DFW,5:25 pm – 11:01 pm,American Airlines,ICN‐EWR,18h36m,1,DFW,1495,20220409-0336,best
7:00 am – 3:50 pm +1,Korean Air,EWR‐ICN,19h50m,1,ATL,6:40 pm – 11:26 pm,Korean Air,ICN‐EWR,17h46m,1,ATL,1521,20220409-0336,best
9:36 am – 4:30 pm +1,Korean Air,EWR‐ICN,17h54m,1,DTW,9:30 am – 2:01 pm,Korean Air,ICN‐EWR,17h31m,1,BOS,1928,20220409-0340,fast
9:36 am – 4:30 pm +1,Delta,EWR‐ICN,17h54m,1,DTW,6:40 pm – 11:23 pm,Delta,ICN‐EWR,17h43m,1,ATL,1565,20220409-0340,fast
9:36 am – 4:30 pm +1,Korean Air,EWR‐ICN,17h54m,1,DTW,6:40 pm – 11:26 pm,Korean Air,ICN‐EWR,17h46m,1,ATL,1521,20220409-0340,fast
9:36 am – 4:30 pm +1,Korean Air,EWR‐ICN,17h54m,1,DTW,10:45 am – 3:58 pm,Korean Air,ICN‐EWR,18h13m,1,DTW,1554,20220409-0340,fast
9:36 am – 4:30 pm +1,"Delta, Korean Air",EWR‐ICN,17h54m,1,DTW,4:40 pm – 10:00 pm,United Airlines,ICN‐EWR,18h20m,1,SFO,1553,20220409-0340,fast
8:40 am – 4:25 pm +1,Korean Air,EWR‐ICN,18h45m,1,BOS,9:30 am – 2:01 pm,Korean Air,ICN‐EWR,17h31m,1,BOS,2003,20220409-0340,fast
8:40 am – 4:25 pm +1,Korean Air,EWR‐ICN,18h45m,1,BOS,6:40 pm – 11:26 pm,Korean Air,ICN‐EWR,17h46m,1,ATL,1592,20220409-0340,fast
7:00 am – 3:00 pm +1,Delta,EWR‐ICN,19h00m,1,ATL,6:40 pm – 11:23 pm,Delta,ICN‐EWR,17h43m,1,ATL,1565,20220409-0340,fast
8:40 am – 4:25 pm +1,Korean Air,EWR‐ICN,18h45m,1,BOS,10:45 am – 3:58 pm,Korean Air,ICN‐EWR,18h13m,1,DTW,1669,20220409-0340,fast
9:36 am – 4:30 pm +1,Delta,EWR‐ICN,17h54m,1,DTW,6:40 pm – 12:45 am +1,Delta,ICN‐EWR,19h05m,1,ATL,1565,20220409-0340,fast
9:36 am – 4:30 pm +1,Korean Air,EWR‐ICN,17h54m,1,DTW,6:40 pm – 12:47 am +1,"Korean Air, Delta",ICN‐EWR,19h07m,1,ATL,1650,20220409-0340,fast
9:36 am – 4:30 pm +1,Korean Air,EWR‐ICN,17h54m,1,DTW,9:20 am – 3:35 pm,Korean Air,ICN‐EWR,19h15m,1,ATL,1928,20220409-0340,fast
9:36 am – 4:30 pm +1,"Delta, Korean Air",EWR‐ICN,17h54m,1,DTW,9:35 am – 3:51 pm,"Korean Air, Air Canada",ICN‐EWR,19h16m,1,YYZ,2744,20220409-0340,fast
7:00 am – 3:50 pm +1,Korean Air,EWR‐ICN,19h50m,1,ATL,9:30 am – 2:01 pm,Korean Air,ICN‐EWR,17h31m,1,BOS,1928,20220409-0340,fast
6:25 am – 3:15 pm +1,Delta,EWR‐ICN,19h50m,2,"MSP, SEA",6:40 pm – 11:23 pm,Delta,ICN‐EWR,17h43m,1,ATL,1569,20220409-0340,fast
