Out Time,Out Airline,Out Cities,Out Duration,Out Stops,Out Stop Cities,Return Time,Return Airline,Return Cities,Return Duration,Return Stops,Return Stop Cities,Price,timestamp,sort
6:40 pm – 6:15 am +2,United Airlines,EWR‐SIN,23h35m,1,SFO,8:45 am – 7:20 pm,United Airlines,SIN‐EWR,22h35m,1,SFO,918,20220407-1448,cheap
6:40 pm – 6:15 am +2,United Airlines,EWR‐SIN,23h35m,1,SFO,8:45 am – 8:06 pm,United Airlines,SIN‐EWR,23h21m,1,SFO,918,20220407-1448,cheap
6:40 pm – 6:15 am +2,United Airlines,EWR‐SIN,23h35m,1,SFO,8:45 am – 10:00 pm,United Airlines,SIN‐EWR,25h15m,1,SFO,918,20220407-1448,cheap
6:40 pm – 6:15 am +2,United Airlines,EWR‐SIN,23h35m,1,SFO,8:45 am – 12:45 am +1,United Airlines,SIN‐EWR,28h00m,1,SFO,918,20220407-1448,cheap
6:44 am – 6:15 am +2,United Airlines,EWR‐SIN,35h31m,2,"DEN, SFO",8:45 am – 7:20 pm,United Airlines,SIN‐EWR,22h35m,1,SFO,918,20220407-1448,cheap
6:14 am – 6:15 am +2,United Airlines,EWR‐SIN,36h01m,2,"DEN, SFO",8:45 am – 7:20 pm,United Airlines,SIN‐EWR,22h35m,1,SFO,918,20220407-1448,cheap
6:44 am – 6:15 am +2,United Airlines,EWR‐SIN,35h31m,2,"DEN, SFO",8:45 am – 8:06 pm,United Airlines,SIN‐EWR,23h21m,1,SFO,918,20220407-1448,cheap
6:40 pm – 6:15 am +2,United Airlines,EWR‐SIN,23h35m,1,SFO,8:45 am – 5:17 am +1,United Airlines,SIN‐EWR,32h32m,2,"SFO, DEN",922,20220407-1448,cheap
6:40 pm – 6:15 am +2,United Airlines,EWR‐SIN,23h35m,1,SFO,8:45 am – 7:02 am +1,United Airlines,SIN‐EWR,34h17m,2,"SFO, LAS",922,20220407-1448,cheap
6:40 pm – 6:15 am +2,United Airlines,EWR‐SIN,23h35m,1,SFO,8:45 am – 7:50 am +1,United Airlines,SIN‐EWR,35h05m,2,"SFO, LAS",922,20220407-1448,cheap
6:44 am – 6:15 am +2,United Airlines,EWR‐SIN,35h31m,2,"DEN, SFO",8:45 am – 5:17 am +1,United Airlines,SIN‐EWR,32h32m,2,"SFO, DEN",922,20220407-1448,cheap
6:40 pm – 6:15 am +2,United Airlines,EWR‐SIN,23h35m,1,SFO,8:45 am – 5:43 am +1,United Airlines,SIN‐EWR,32h58m,1,SFO,928,20220407-1448,cheap
6:40 pm – 6:15 am +2,United Airlines,EWR‐SIN,23h35m,1,SFO,8:45 am – 7:05 am +1,United Airlines,SIN‐EWR,34h20m,1,SFO,928,20220407-1448,cheap
4:40 pm – 6:15 am +2,United Airlines,EWR‐SIN,25h35m,1,SFO,8:45 am – 7:20 pm,United Airlines,SIN‐EWR,22h35m,1,SFO,1022,20220407-1448,cheap
4:00 pm – 6:15 am +2,United Airlines,EWR‐SIN,26h15m,2,"LAX, SFO",8:45 am – 7:20 pm,United Airlines,SIN‐EWR,22h35m,1,SFO,1022,20220407-1448,cheap
6:40 pm – 6:15 am +2,United Airlines,EWR‐SIN,23h35m,1,SFO,8:45 am – 8:06 pm,United Airlines,SIN‐EWR,23h21m,1,SFO,918,20220407-1446,best
6:40 pm – 6:15 am +2,United Airlines,EWR‐SIN,23h35m,1,SFO,8:45 am – 7:20 pm,United Airlines,SIN‐EWR,22h35m,1,SFO,918,20220407-1446,best
6:40 pm – 6:15 am +2,United Airlines,EWR‐SIN,23h35m,1,SFO,8:45 am – 10:00 pm,United Airlines,SIN‐EWR,25h15m,1,SFO,918,20220407-1446,best
11:35 am – 12:35 am +2,"United Airlines, ANA",EWR‐SIN,25h00m,1,NRT,8:45 am – 7:20 pm,United Airlines,SIN‐EWR,22h35m,1,SFO,1031,20220407-1446,best
6:40 pm – 6:15 am +2,United Airlines,EWR‐SIN,23h35m,1,SFO,8:45 am – 12:45 am +1,United Airlines,SIN‐EWR,28h00m,1,SFO,918,20220407-1446,best
4:40 pm – 6:15 am +2,United Airlines,EWR‐SIN,25h35m,1,SFO,8:45 am – 7:20 pm,United Airlines,SIN‐EWR,22h35m,1,SFO,1022,20220407-1446,best
4:00 pm – 6:15 am +2,United Airlines,EWR‐SIN,26h15m,2,"LAX, SFO",8:45 am – 7:20 pm,United Airlines,SIN‐EWR,22h35m,1,SFO,1022,20220407-1446,best
4:40 pm – 6:15 am +2,United Airlines,EWR‐SIN,25h35m,1,SFO,8:45 am – 8:06 pm,United Airlines,SIN‐EWR,23h21m,1,SFO,1022,20220407-1446,best
3:20 pm – 6:15 am +2,United Airlines,EWR‐SIN,26h55m,1,SFO,8:45 am – 7:20 pm,United Airlines,SIN‐EWR,22h35m,1,SFO,1022,20220407-1446,best
3:20 pm – 6:15 am +2,United Airlines,EWR‐SIN,26h55m,1,SFO,8:45 am – 8:06 pm,United Airlines,SIN‐EWR,23h21m,1,SFO,1022,20220407-1446,best
4:00 pm – 6:15 am +2,United Airlines,EWR‐SIN,26h15m,2,"LAX, SFO",8:45 am – 8:06 pm,United Airlines,SIN‐EWR,23h21m,1,SFO,1022,20220407-1446,best
2:10 pm – 6:15 am +2,United Airlines,EWR‐SIN,28h05m,1,SFO,8:45 am – 7:20 pm,United Airlines,SIN‐EWR,22h35m,1,SFO,1022,20220407-1446,best
4:40 pm – 6:15 am +2,United Airlines,EWR‐SIN,25h35m,1,SFO,8:45 am – 10:00 pm,United Airlines,SIN‐EWR,25h15m,1,SFO,1022,20220407-1446,best
4:00 pm – 6:15 am +2,United Airlines,EWR‐SIN,26h15m,2,"LAX, SFO",8:45 am – 10:00 pm,United Airlines,SIN‐EWR,25h15m,1,SFO,1022,20220407-1446,best
1:15 pm – 6:15 am +2,United Airlines,EWR‐SIN,29h00m,2,"ORD, SFO",8:45 am – 7:20 pm,United Airlines,SIN‐EWR,22h35m,1,SFO,1022,20220407-1446,best
10:25 am – 5:10 pm +1,Singapore Airlines,EWR‐SIN,18h45m,0,,11:35 pm – 6:00 am +1,Singapore Airlines,SIN‐EWR,18h25m,0,,1604,20220407-1451,fast
6:40 pm – 6:15 am +2,United Airlines,EWR‐SIN,23h35m,1,SFO,11:35 pm – 6:00 am +1,Singapore Airlines,SIN‐EWR,18h25m,0,,1592,20220407-1451,fast
10:25 am – 5:10 pm +1,Singapore Airlines,EWR‐SIN,18h45m,0,,6:40 pm – 6:59 am +1,Singapore Airlines,SIN‐EWR,24h19m,1,SFO,1905,20220407-1451,fast
11:35 am – 12:35 am +2,ANA,EWR‐SIN,25h00m,1,NRT,11:35 pm – 6:00 am +1,Singapore Airlines,SIN‐EWR,18h25m,0,,1946,20220407-1451,fast
4:40 pm – 6:15 am +2,United Airlines,EWR‐SIN,25h35m,1,SFO,11:35 pm – 6:00 am +1,Singapore Airlines,SIN‐EWR,18h25m,0,,1592,20220407-1451,fast
8:45 am – 11:40 pm +1,Korean Air,EWR‐SIN,26h55m,2,"ATL, ICN",11:35 pm – 6:00 am +1,Singapore Airlines,SIN‐EWR,18h25m,0,,1594,20220407-1451,fast
8:55 pm – 7:00 am +2,Lufthansa,EWR‐SIN,22h05m,1,MUC,1:25 am – 1:10 pm,SWISS,SIN‐EWR,23h45m,1,ZRH,1838,20220407-1451,fast
8:55 pm – 7:00 am +2,Lufthansa,EWR‐SIN,22h05m,1,MUC,12:30 am – 12:25 pm,Lufthansa,SIN‐EWR,23h55m,1,MUC,2155,20220407-1451,fast
6:40 pm – 6:15 am +2,United Airlines,EWR‐SIN,23h35m,1,SFO,6:10 am – 4:40 pm,"ANA, United Airlines",SIN‐EWR,22h30m,1,NRT,1499,20220407-1451,fast
6:40 pm – 6:15 am +2,United Airlines,EWR‐SIN,23h35m,1,SFO,8:45 am – 7:20 pm,United Airlines,SIN‐EWR,22h35m,1,SFO,918,20220407-1451,fast
4:00 pm – 7:50 am +2,Singapore Airlines,EWR‐SIN,27h50m,1,LAX,11:35 pm – 6:00 am +1,Singapore Airlines,SIN‐EWR,18h25m,0,,1820,20220407-1451,fast
9:00 am – 1:15 am +2,Singapore Airlines,EWR‐SIN,28h15m,2,"LAX, NRT",11:35 pm – 6:00 am +1,Singapore Airlines,SIN‐EWR,18h25m,0,,1760,20220407-1451,fast
6:40 pm – 6:15 am +2,United Airlines,EWR‐SIN,23h35m,1,SFO,8:45 am – 8:06 pm,United Airlines,SIN‐EWR,23h21m,1,SFO,918,20220407-1451,fast
7:00 am – 11:40 pm +1,Korean Air,EWR‐SIN,28h40m,2,"ATL, ICN",11:35 pm – 6:00 am +1,Singapore Airlines,SIN‐EWR,18h25m,0,,1594,20220407-1451,fast
7:30 pm – 6:50 am +2,Lufthansa,EWR‐SIN,23h20m,1,FRA,12:30 am – 12:25 pm,Lufthansa,SIN‐EWR,23h55m,1,MUC,2172,20220407-1451,fast
