Out Time,Out Airline,Out Cities,Out Duration,Out Stops,Out Stop Cities,Return Time,Return Airline,Return Cities,Return Duration,Return Stops,Return Stop Cities,Price,timestamp,sort
8:20 am – 7:55 am +2,"Japan Airlines, VietJet Air",EWR‐ICN,34h35m,3,"SFO, NRT, ...",1:30 am – 10:26 pm,"Qatar Airways, Amtrak",ICN‐EWR,33h56m,2,"DOH, BOS-BOS",1432,20220406-2331,cheap
9:05 am – 5:10 pm +1,Air Canada,EWR‐ICN,19h05m,1,YYZ,5:50 pm – 8:34 am +1,Air Canada,ICN‐EWR,27h44m,2,"YVR, YUL",1489,20220406-2331,cheap
8:01 am – 5:10 pm +1,Air Canada,EWR‐ICN,20h09m,1,YYZ,5:50 pm – 8:34 am +1,Air Canada,ICN‐EWR,27h44m,2,"YVR, YUL",1489,20220406-2331,cheap
9:05 am – 5:10 pm +1,Air Canada,EWR‐ICN,19h05m,1,YYZ,5:50 pm – 9:57 am +1,Air Canada,ICN‐EWR,29h07m,2,"YVR, YUL",1489,20220406-2331,cheap
9:05 am – 5:10 pm +1,Air Canada,EWR‐ICN,19h05m,1,YYZ,5:50 pm – 9:57 am +1,Air Canada,ICN‐EWR,29h07m,2,"YVR, YUL",1489,20220406-2331,cheap
6:29 am – 2:55 pm +1,United Airlines,EWR‐ICN,19h26m,1,SFO,4:50 pm – 8:19 am +1,United Airlines,ICN‐EWR,28h29m,1,SFO,1553,20220406-2331,cheap
6:29 am – 2:55 pm +1,United Airlines,EWR‐ICN,19h26m,1,SFO,4:50 pm – 9:49 pm,United Airlines,ICN‐EWR,17h59m,1,SFO,1682,20220406-2331,cheap
6:29 am – 2:55 pm +1,United Airlines,EWR‐ICN,19h26m,1,SFO,4:50 pm – 12:49 am +1,United Airlines,ICN‐EWR,20h59m,1,SFO,1682,20220406-2331,cheap
6:29 am – 2:55 pm +1,United Airlines,EWR‐ICN,19h26m,1,SFO,4:50 pm – 5:12 am +1,United Airlines,ICN‐EWR,25h22m,1,SFO,1682,20220406-2331,cheap
10:09 pm – 2:55 pm +2,United Airlines,EWR‐ICN,27h46m,2,"DEN, SFO",4:50 pm – 9:49 pm,United Airlines,ICN‐EWR,17h59m,1,SFO,1682,20220406-2331,cheap
9:41 pm – 2:55 pm +2,United Airlines,EWR‐ICN,28h14m,2,"LAS, SFO",4:50 pm – 9:49 pm,United Airlines,ICN‐EWR,17h59m,1,SFO,1682,20220406-2331,cheap
9:41 pm – 2:55 pm +2,United Airlines,EWR‐ICN,28h14m,2,"LAS, SFO",4:50 pm – 9:49 pm,United Airlines,ICN‐EWR,17h59m,1,SFO,1682,20220406-2331,cheap
6:29 am – 2:55 pm +1,United Airlines,EWR‐ICN,19h26m,1,SFO,4:50 pm – 7:00 am +1,United Airlines,ICN‐EWR,27h10m,1,SFO,1682,20220406-2331,cheap
8:30 pm – 2:55 pm +2,United Airlines,EWR‐ICN,29h25m,2,"LAX, SFO",4:50 pm – 9:49 pm,United Airlines,ICN‐EWR,17h59m,1,SFO,1682,20220406-2331,cheap
7:45 pm – 2:55 pm +2,United Airlines,EWR‐ICN,30h10m,2,"IAD, SFO",4:50 pm – 9:49 pm,United Airlines,ICN‐EWR,17h59m,1,SFO,1682,20220406-2331,cheap
6:29 am – 2:55 pm +1,United Airlines,EWR‐ICN,19h26m,1,SFO,4:50 pm – 9:49 pm,United Airlines,ICN‐EWR,17h59m,1,SFO,1682,20220406-2328,best
8:20 am – 7:55 am +2,"Japan Airlines, VietJet Air",EWR‐ICN,34h35m,3,"SFO, NRT, ...",1:30 am – 10:26 pm,"Qatar Airways, Amtrak",ICN‐EWR,33h56m,2,"DOH, BOS-BOS",1432,20220406-2328,best
6:29 am – 2:55 pm +1,United Airlines,EWR‐ICN,19h26m,1,SFO,4:50 pm – 11:34 pm,United Airlines,ICN‐EWR,19h44m,2,"SFO, DEN",1686,20220406-2328,best
6:29 am – 2:55 pm +1,United Airlines,EWR‐ICN,19h26m,1,SFO,4:50 pm – 12:49 am +1,United Airlines,ICN‐EWR,20h59m,1,SFO,1682,20220406-2328,best
6:29 am – 2:55 pm +1,United Airlines,EWR‐ICN,19h26m,1,SFO,4:50 pm – 12:30 am +1,United Airlines,ICN‐EWR,20h40m,2,"SFO, ORD",1686,20220406-2328,best
6:29 am – 2:55 pm +1,United Airlines,EWR‐ICN,19h26m,1,SFO,4:50 pm – 12:45 am +1,United Airlines,ICN‐EWR,20h55m,2,"SFO, IAH",1686,20220406-2328,best
6:29 am – 2:55 pm +1,United Airlines,EWR‐ICN,19h26m,1,SFO,4:50 pm – 12:48 am +1,United Airlines,ICN‐EWR,20h58m,2,"SFO, LAX",1686,20220406-2328,best
7:00 am – 3:50 pm +1,Korean Air,EWR‐ICN,19h50m,1,ATL,9:30 am – 2:49 pm,Korean Air,ICN‐EWR,18h19m,1,BOS,2112,20220406-2328,best
7:00 am – 3:50 pm +1,Korean Air,EWR‐ICN,19h50m,1,ATL,9:20 am – 3:14 pm,Korean Air,ICN‐EWR,18h54m,1,ATL,2112,20220406-2328,best
7:00 am – 3:50 pm +1,"Delta, Korean Air",EWR‐ICN,19h50m,1,ATL,9:30 am – 2:49 pm,"Korean Air, Delta",ICN‐EWR,18h19m,1,BOS,2191,20220406-2328,best
9:05 am – 5:10 pm +1,Air Canada,EWR‐ICN,19h05m,1,YYZ,5:50 pm – 8:34 am +1,Air Canada,ICN‐EWR,27h44m,2,"YVR, YUL",1489,20220406-2328,best
6:29 am – 2:55 pm +1,United Airlines,EWR‐ICN,19h26m,1,SFO,4:50 pm – 5:12 am +1,United Airlines,ICN‐EWR,25h22m,1,SFO,1682,20220406-2328,best
7:00 am – 3:50 pm +1,"Delta, Korean Air",EWR‐ICN,19h50m,1,ATL,9:20 am – 3:14 pm,"Korean Air, Delta",ICN‐EWR,18h54m,1,ATL,2191,20220406-2328,best
8:01 am – 5:10 pm +1,Air Canada,EWR‐ICN,20h09m,1,YYZ,5:50 pm – 8:34 am +1,Air Canada,ICN‐EWR,27h44m,2,"YVR, YUL",1489,20220406-2328,best
8:00 am – 3:50 pm +1,"Delta, Korean Air",EWR‐ICN,18h50m,1,ATL,9:30 am – 2:49 pm,Korean Air,ICN‐EWR,18h19m,1,BOS,2392,20220406-2328,best
9:05 am – 5:10 pm +1,Air Canada,EWR‐ICN,19h05m,1,YYZ,5:50 pm – 9:57 am +1,Air Canada,ICN‐EWR,29h07m,2,"YVR, YUL",1489,20220406-2328,best
8:40 am – 4:25 pm +1,Korean Air,EWR‐ICN,18h45m,1,BOS,9:30 am – 2:49 pm,Korean Air,ICN‐EWR,18h19m,1,BOS,2421,20220406-2333,fast
8:00 am – 3:50 pm +1,"Delta, Korean Air",EWR‐ICN,18h50m,1,ATL,9:30 am – 2:49 pm,Korean Air,ICN‐EWR,18h19m,1,BOS,2392,20220406-2333,fast
7:20 am – 3:15 pm +1,Korean Air,EWR‐ICN,18h55m,1,SEA,9:30 am – 2:49 pm,Korean Air,ICN‐EWR,18h19m,1,BOS,7518,20220406-2333,fast
6:29 am – 2:55 pm +1,United Airlines,EWR‐ICN,19h26m,1,SFO,4:50 pm – 9:49 pm,United Airlines,ICN‐EWR,17h59m,1,SFO,1682,20220406-2333,fast
8:00 am – 3:50 pm +1,Delta,EWR‐ICN,18h50m,1,ATL,1:55 pm – 7:30 pm,Delta,ICN‐EWR,18h35m,2,"SEA, DTW",2844,20220406-2333,fast
8:40 am – 4:25 pm +1,Korean Air,EWR‐ICN,18h45m,1,BOS,9:20 am – 3:14 pm,Korean Air,ICN‐EWR,18h54m,1,ATL,2421,20220406-2333,fast
8:00 am – 4:20 pm +1,Korean Air,EWR‐ICN,19h20m,1,ATL,9:30 am – 2:49 pm,Korean Air,ICN‐EWR,18h19m,1,BOS,2540,20220406-2333,fast
8:00 am – 3:50 pm +1,"Delta, Korean Air",EWR‐ICN,18h50m,1,ATL,9:20 am – 3:14 pm,Korean Air,ICN‐EWR,18h54m,1,ATL,2392,20220406-2333,fast
7:20 am – 3:15 pm +1,Korean Air,EWR‐ICN,18h55m,1,SEA,9:20 am – 3:14 pm,Korean Air,ICN‐EWR,18h54m,1,ATL,7518,20220406-2333,fast
6:39 am – 3:15 pm +1,"American Airlines, Korean Air",EWR‐ICN,19h36m,1,DFW,9:30 am – 2:49 pm,Korean Air,ICN‐EWR,18h19m,1,BOS,3584,20220406-2333,fast
7:00 am – 3:50 pm +1,Korean Air,EWR‐ICN,19h50m,1,ATL,9:30 am – 2:49 pm,Korean Air,ICN‐EWR,18h19m,1,BOS,2112,20220406-2333,fast
7:00 am – 3:50 pm +1,"Delta, Korean Air",EWR‐ICN,19h50m,1,ATL,9:30 am – 2:49 pm,"Korean Air, Delta",ICN‐EWR,18h19m,1,BOS,2191,20220406-2333,fast
8:00 am – 4:20 pm +1,Korean Air,EWR‐ICN,19h20m,1,ATL,9:20 am – 3:14 pm,Korean Air,ICN‐EWR,18h54m,1,ATL,2540,20220406-2333,fast
7:00 am – 3:50 pm +1,Delta,EWR‐ICN,19h50m,1,ATL,1:55 pm – 7:30 pm,Delta,ICN‐EWR,18h35m,2,"SEA, DTW",2844,20220406-2333,fast
7:00 am – 4:20 pm +1,Korean Air,EWR‐ICN,20h20m,1,ATL,9:30 am – 2:49 pm,Korean Air,ICN‐EWR,18h19m,1,BOS,2540,20220406-2333,fast
