Out Time,Out Airline,Out Cities,Out Duration,Out Stops,Out Stop Cities,Return Time,Return Airline,Return Cities,Return Duration,Return Stops,Return Stop Cities,Price,timestamp,sort
6:34 am – 3:15 pm +1,American Airlines,EWR‐ICN,19h41m,1,DFW,5:25 pm – 10:00 pm,American Airlines,ICN‐EWR,17h35m,1,DFW,1330,20220405-2238,cheap
6:34 am – 3:15 pm +1,American Airlines,EWR‐ICN,19h41m,1,DFW,5:25 pm – 11:28 pm,American Airlines,ICN‐EWR,19h03m,1,DFW,1330,20220405-2238,cheap
7:42 pm – 3:15 pm +2,American Airlines,EWR‐ICN,30h33m,2,"ORD, DFW",5:25 pm – 10:00 pm,American Airlines,ICN‐EWR,17h35m,1,DFW,1334,20220405-2238,cheap
7:42 pm – 3:15 pm +2,American Airlines,EWR‐ICN,30h33m,2,"ORD, DFW",5:25 pm – 10:00 pm,American Airlines,ICN‐EWR,17h35m,1,DFW,1334,20220405-2238,cheap
6:30 am – 2:55 pm +1,United Airlines,EWR‐ICN,19h25m,1,SFO,4:50 pm – 8:14 am +1,United Airlines,ICN‐EWR,28h24m,1,SFO,1390,20220405-2238,cheap
6:00 am – 4:30 pm +1,Korean Air,EWR‐ICN,21h30m,1,DTW,6:40 pm – 11:01 pm,Korean Air,ICN‐EWR,17h21m,1,ATL,1520,20220405-2238,cheap
6:00 am – 4:30 pm +1,Korean Air,EWR‐ICN,21h30m,1,DTW,10:45 am – 4:24 pm,Korean Air,ICN‐EWR,18h39m,1,DTW,1520,20220405-2238,cheap
9:30 am – 4:30 pm +1,Korean Air,EWR‐ICN,18h00m,1,DTW,6:40 pm – 11:01 pm,Korean Air,ICN‐EWR,17h21m,1,ATL,1521,20220405-2238,cheap
9:30 am – 4:30 pm +1,Korean Air,EWR‐ICN,18h00m,1,DTW,10:45 am – 4:24 pm,Korean Air,ICN‐EWR,18h39m,1,DTW,1521,20220405-2238,cheap
9:30 am – 4:30 pm +1,Delta,EWR‐ICN,18h00m,1,DTW,6:40 pm – 12:59 am +1,Delta,ICN‐EWR,19h19m,1,ATL,1565,20220405-2238,cheap
6:00 am – 4:30 pm +1,Delta,EWR‐ICN,21h30m,1,DTW,6:40 pm – 11:01 pm,Delta,ICN‐EWR,17h21m,1,ATL,1565,20220405-2238,cheap
9:30 am – 4:30 pm +1,Delta,EWR‐ICN,18h00m,1,DTW,10:45 am – 7:33 pm,Delta,ICN‐EWR,21h48m,1,DTW,1565,20220405-2238,cheap
6:00 am – 4:30 pm +1,Delta,EWR‐ICN,21h30m,1,DTW,10:45 am – 4:24 pm,Delta,ICN‐EWR,18h39m,1,DTW,1565,20220405-2238,cheap
6:00 am – 4:30 pm +1,Delta,EWR‐ICN,21h30m,1,DTW,6:40 pm – 12:59 am +1,Delta,ICN‐EWR,19h19m,1,ATL,1565,20220405-2238,cheap
6:00 am – 4:30 pm +1,Delta,EWR‐ICN,21h30m,1,DTW,10:45 am – 7:33 pm,Delta,ICN‐EWR,21h48m,1,DTW,1565,20220405-2238,cheap
9:30 am – 4:30 pm +1,Korean Air,EWR‐ICN,18h00m,1,DTW,6:40 pm – 11:01 pm,Korean Air,ICN‐EWR,17h21m,1,ATL,1568,20220405-2235,best
6:34 am – 3:15 pm +1,American Airlines,EWR‐ICN,19h41m,1,DFW,5:25 pm – 10:00 pm,American Airlines,ICN‐EWR,17h35m,1,DFW,1330,20220405-2235,best
6:34 am – 3:15 pm +1,American Airlines,EWR‐ICN,19h41m,1,DFW,5:25 pm – 11:28 pm,American Airlines,ICN‐EWR,19h03m,1,DFW,1330,20220405-2235,best
9:30 am – 4:30 pm +1,Korean Air,EWR‐ICN,18h00m,1,DTW,6:40 pm – 11:01 pm,Korean Air,ICN‐EWR,17h21m,1,ATL,1521,20220405-2235,best
9:30 am – 4:30 pm +1,Korean Air,EWR‐ICN,18h00m,1,DTW,10:45 am – 4:24 pm,Korean Air,ICN‐EWR,18h39m,1,DTW,1521,20220405-2235,best
9:30 am – 4:30 pm +1,Delta,EWR‐ICN,18h00m,1,DTW,6:40 pm – 12:59 am +1,Delta,ICN‐EWR,19h19m,1,ATL,1565,20220405-2235,best
6:00 am – 4:30 pm +1,Korean Air,EWR‐ICN,21h30m,1,DTW,6:40 pm – 11:01 pm,Korean Air,ICN‐EWR,17h21m,1,ATL,1520,20220405-2235,best
7:08 am – 4:15 pm +1,Air Canada,EWR‐ICN,20h07m,2,"YYZ, YVR",6:40 pm – 10:01 pm,Air Canada,ICN‐EWR,16h21m,1,YYZ,1601,20220405-2235,best
6:00 am – 4:30 pm +1,Delta,EWR‐ICN,21h30m,1,DTW,6:40 pm – 11:01 pm,Delta,ICN‐EWR,17h21m,1,ATL,1565,20220405-2235,best
6:00 am – 4:30 pm +1,Korean Air,EWR‐ICN,21h30m,1,DTW,10:45 am – 4:24 pm,Korean Air,ICN‐EWR,18h39m,1,DTW,1520,20220405-2235,best
6:00 am – 4:15 pm +1,Air Canada,EWR‐ICN,21h15m,2,"YUL, YVR",6:40 pm – 10:01 pm,Air Canada,ICN‐EWR,16h21m,1,YYZ,1595,20220405-2235,best
6:00 am – 4:15 pm +1,Air Canada,EWR‐ICN,21h15m,2,"YYZ, YVR",6:40 pm – 10:01 pm,Air Canada,ICN‐EWR,16h21m,1,YYZ,1601,20220405-2235,best
6:00 am – 4:15 pm +1,Air Canada,EWR‐ICN,21h15m,2,"YYZ, YVR",6:40 pm – 10:01 pm,Air Canada,ICN‐EWR,16h21m,1,YYZ,1601,20220405-2235,best
9:30 am – 4:30 pm +1,Delta,EWR‐ICN,18h00m,1,DTW,10:45 am – 7:33 pm,Delta,ICN‐EWR,21h48m,1,DTW,1565,20220405-2235,best
6:00 am – 4:30 pm +1,Delta,EWR‐ICN,21h30m,1,DTW,10:45 am – 4:24 pm,Delta,ICN‐EWR,18h39m,1,DTW,1565,20220405-2235,best
6:00 am – 4:30 pm +1,Delta,EWR‐ICN,21h30m,1,DTW,6:40 pm – 12:59 am +1,Delta,ICN‐EWR,19h19m,1,ATL,1565,20220405-2235,best
11:25 am – 5:30 pm +1,"ANA, Korean Air",EWR‐ICN,17h05m,1,NRT,6:40 pm – 10:01 pm,Air Canada,ICN‐EWR,16h21m,1,YYZ,10142,20220405-2240,fast
9:30 am – 4:30 pm +1,"Delta, Korean Air",EWR‐ICN,18h00m,1,DTW,6:40 pm – 10:01 pm,Air Canada,ICN‐EWR,16h21m,1,YYZ,2432,20220405-2240,fast
9:30 am – 4:30 pm +1,Korean Air,EWR‐ICN,18h00m,1,DTW,6:40 pm – 11:01 pm,Korean Air,ICN‐EWR,17h21m,1,ATL,1521,20220405-2240,fast
9:30 am – 4:30 pm +1,Korean Air,EWR‐ICN,18h00m,1,DTW,5:25 pm – 10:00 pm,"Korean Air, American Airlines",ICN‐EWR,17h35m,1,DFW,2242,20220405-2240,fast
11:25 am – 5:30 pm +1,"ANA, Korean Air",EWR‐ICN,17h05m,1,NRT,9:20 am – 3:04 pm,Korean Air,ICN‐EWR,18h44m,1,ATL,11000,20220405-2240,fast
6:34 am – 3:15 pm +1,"American Airlines, Korean Air",EWR‐ICN,19h41m,1,DFW,6:40 pm – 10:01 pm,Air Canada,ICN‐EWR,16h21m,1,YYZ,3212,20220405-2240,fast
8:00 am – 5:05 pm +1,"Delta, Korean Air",EWR‐ICN,20h05m,1,ATL,6:40 pm – 10:01 pm,Air Canada,ICN‐EWR,16h21m,1,YYZ,2855,20220405-2240,fast
7:08 am – 4:15 pm +1,Air Canada,EWR‐ICN,20h07m,2,"YYZ, YVR",6:40 pm – 10:01 pm,Air Canada,ICN‐EWR,16h21m,1,YYZ,1601,20220405-2240,fast
9:30 am – 4:30 pm +1,Korean Air,EWR‐ICN,18h00m,1,DTW,10:45 am – 4:24 pm,Korean Air,ICN‐EWR,18h39m,1,DTW,1521,20220405-2240,fast
9:30 am – 4:30 pm +1,Korean Air,EWR‐ICN,18h00m,1,DTW,9:20 am – 3:04 pm,Korean Air,ICN‐EWR,18h44m,1,ATL,2019,20220405-2240,fast
6:34 am – 3:15 pm +1,"American Airlines, Korean Air",EWR‐ICN,19h41m,1,DFW,6:40 pm – 11:01 pm,"Korean Air, Delta",ICN‐EWR,17h21m,1,ATL,2903,20220405-2240,fast
6:34 am – 3:15 pm +1,American Airlines,EWR‐ICN,19h41m,1,DFW,5:25 pm – 10:00 pm,American Airlines,ICN‐EWR,17h35m,1,DFW,1330,20220405-2240,fast
9:30 am – 4:30 pm +1,Delta,EWR‐ICN,18h00m,1,DTW,6:40 pm – 12:59 am +1,Delta,ICN‐EWR,19h19m,1,ATL,1565,20220405-2240,fast
6:30 am – 2:55 pm +1,United Airlines,EWR‐ICN,19h25m,1,SFO,4:50 pm – 9:44 pm,United Airlines,ICN‐EWR,17h54m,1,SFO,1786,20220405-2240,fast
8:00 am – 5:05 pm +1,Korean Air,EWR‐ICN,20h05m,1,ATL,6:40 pm – 11:01 pm,Korean Air,ICN‐EWR,17h21m,1,ATL,1900,20220405-2240,fast
