Out Time,Out Airline,Out Cities,Out Duration,Out Stops,Out Stop Cities,Return Time,Return Airline,Return Cities,Return Duration,Return Stops,Return Stop Cities,Price,timestamp,sort
6:25 am – 4:00 pm +1,Air Canada,EWR‐ICN,20h35m,2,"YYZ, YVR",6:40 pm – 10:01 pm,Air Canada,ICN‐EWR,16h21m,1,YYZ,1600,20220406-0513,cheap
6:25 am – 4:00 pm +1,Air Canada,EWR‐ICN,20h35m,2,"YYZ, YVR",6:40 pm – 7:40 am +1,Air Canada,ICN‐EWR,26h00m,2,"YYZ, YUL",1600,20220406-0513,cheap
6:25 am – 4:00 pm +1,Air Canada,EWR‐ICN,20h35m,2,"YYZ, YVR",6:40 pm – 7:40 am +1,Air Canada,ICN‐EWR,26h00m,2,"YYZ, YUL",1600,20220406-0513,cheap
6:25 am – 4:00 pm +1,Air Canada,EWR‐ICN,20h35m,2,"YYZ, YVR",6:40 pm – 7:45 am +1,Air Canada,ICN‐EWR,26h05m,2,"YYZ, YQB",1600,20220406-0513,cheap
6:25 am – 4:00 pm +1,Air Canada,EWR‐ICN,20h35m,2,"YYZ, YVR",6:40 pm – 7:56 am +1,Air Canada,ICN‐EWR,26h16m,1,YYZ,1600,20220406-0513,cheap
6:25 am – 4:00 pm +1,Air Canada,EWR‐ICN,20h35m,2,"YYZ, YVR",4:40 pm – 1:07 am +1,United Airlines,ICN‐EWR,21h27m,1,SFO,1625,20220406-0513,cheap
9:00 pm – 5:10 pm +2,Air Canada,EWR‐ICN,31h10m,1,YYZ,6:40 pm – 10:01 pm,Air Canada,ICN‐EWR,16h21m,1,YYZ,1772,20220406-0513,cheap
8:55 pm – 8:45 am +2,Lufthansa,EWR‐ICN,22h50m,1,MUC,10:15 am – 7:10 pm,Lufthansa,ICN‐EWR,21h55m,1,MUC,1797,20220406-0513,cheap
5:40 pm – 8:45 am +2,Lufthansa,EWR‐ICN,26h05m,1,MUC,10:15 am – 7:10 pm,Lufthansa,ICN‐EWR,21h55m,1,MUC,1797,20220406-0513,cheap
9:45 pm – 11:15 am +2,Lufthansa,EWR‐ICN,24h30m,1,FRA,10:15 am – 7:10 pm,Lufthansa,ICN‐EWR,21h55m,1,MUC,1814,20220406-0513,cheap
6:30 pm – 8:45 am +2,Lufthansa,EWR‐ICN,25h15m,2,"CDG, MUC",10:15 am – 7:10 pm,Lufthansa,ICN‐EWR,21h55m,1,MUC,1814,20220406-0513,cheap
6:15 pm – 8:45 am +2,Lufthansa,EWR‐ICN,25h30m,2,"ZRH, MUC",10:15 am – 7:10 pm,Lufthansa,ICN‐EWR,21h55m,1,MUC,1814,20220406-0513,cheap
6:15 pm – 8:45 am +2,Lufthansa,EWR‐ICN,25h30m,2,"ZRH, MUC",10:15 am – 7:10 pm,Lufthansa,ICN‐EWR,21h55m,1,MUC,1814,20220406-0513,cheap
5:50 pm – 8:45 am +2,Lufthansa,EWR‐ICN,25h55m,2,"AMS, MUC",10:15 am – 7:10 pm,Lufthansa,ICN‐EWR,21h55m,1,MUC,1814,20220406-0513,cheap
5:50 pm – 8:45 am +2,Lufthansa,EWR‐ICN,25h55m,2,"AMS, MUC",10:15 am – 7:10 pm,Lufthansa,ICN‐EWR,21h55m,1,MUC,1814,20220406-0513,cheap
8:55 pm – 8:45 am +2,Lufthansa,EWR‐ICN,22h50m,1,MUC,10:15 am – 7:10 pm,Lufthansa,ICN‐EWR,21h55m,1,MUC,1836,20220406-0511,best
6:25 am – 4:00 pm +1,Air Canada,EWR‐ICN,20h35m,2,"YYZ, YVR",6:40 pm – 10:01 pm,Air Canada,ICN‐EWR,16h21m,1,YYZ,1600,20220406-0511,best
6:29 am – 2:45 pm +1,United Airlines,EWR‐ICN,19h16m,1,SFO,4:40 pm – 9:25 pm,United Airlines,ICN‐EWR,17h45m,1,SFO,1859,20220406-0511,best
6:35 am – 4:00 pm +1,"United Airlines, Air Canada",EWR‐ICN,20h25m,2,"ORD, YVR",6:40 pm – 10:01 pm,Air Canada,ICN‐EWR,16h21m,1,YYZ,2185,20220406-0511,best
9:36 am – 4:30 pm +1,Korean Air,EWR‐ICN,17h54m,1,DTW,9:20 am – 3:35 pm,Korean Air,ICN‐EWR,19h15m,1,ATL,2508,20220406-0511,best
5:00 am – 2:45 pm +1,United Airlines,EWR‐ICN,20h45m,2,"ORD, SFO",4:40 pm – 9:25 pm,United Airlines,ICN‐EWR,17h45m,1,SFO,2139,20220406-0511,best
5:00 am – 4:00 pm +1,"United Airlines, Air Canada",EWR‐ICN,22h00m,2,"ORD, YVR",6:40 pm – 10:01 pm,Air Canada,ICN‐EWR,16h21m,1,YYZ,2185,20220406-0511,best
8:55 pm – 8:45 am +2,Lufthansa,EWR‐ICN,22h50m,1,MUC,10:15 am – 7:10 pm,Lufthansa,ICN‐EWR,21h55m,1,MUC,1797,20220406-0511,best
6:29 am – 2:45 pm +1,United Airlines,EWR‐ICN,19h16m,1,SFO,4:40 pm – 1:07 am +1,United Airlines,ICN‐EWR,21h27m,1,SFO,2240,20220406-0511,best
6:40 pm – 4:30 am +2,Asiana Airlines,EWR‐ICN,20h50m,1,SFO,2:40 pm – 8:59 pm,Asiana Airlines,ICN‐EWR,19h19m,1,LAX,2369,20220406-0511,best
7:00 am – 3:50 pm +1,Korean Air,EWR‐ICN,19h50m,1,ATL,9:20 am – 3:35 pm,Korean Air,ICN‐EWR,19h15m,1,ATL,2496,20220406-0511,best
8:45 am – 4:20 pm +1,Korean Air,EWR‐ICN,18h35m,1,ATL,9:20 am – 3:35 pm,Korean Air,ICN‐EWR,19h15m,1,ATL,2642,20220406-0511,best
6:29 am – 2:45 pm +1,United Airlines,EWR‐ICN,19h16m,1,SFO,4:40 pm – 11:29 pm,United Airlines,ICN‐EWR,19h49m,2,"SFO, LAS",2374,20220406-0511,best
6:29 am – 2:45 pm +1,United Airlines,EWR‐ICN,19h16m,1,SFO,4:40 pm – 11:31 pm,United Airlines,ICN‐EWR,19h51m,2,"SFO, DEN",2374,20220406-0511,best
6:29 am – 2:45 pm +1,United Airlines,EWR‐ICN,19h16m,1,SFO,4:40 pm – 11:54 pm,United Airlines,ICN‐EWR,20h14m,2,"SFO, IAD",2374,20220406-0511,best
6:25 am – 4:00 pm +1,Air Canada,EWR‐ICN,20h35m,2,"YYZ, YVR",6:40 pm – 7:56 am +1,Air Canada,ICN‐EWR,26h16m,1,YYZ,1600,20220406-0511,best
9:36 am – 4:30 pm +1,Korean Air,EWR‐ICN,17h54m,1,DTW,6:40 pm – 10:01 pm,Air Canada,ICN‐EWR,16h21m,1,YYZ,3183,20220406-0515,fast
6:35 am – 4:00 pm +1,"United Airlines, Air Canada",EWR‐ICN,20h25m,2,"ORD, YVR",6:40 pm – 10:01 pm,Air Canada,ICN‐EWR,16h21m,1,YYZ,2185,20220406-0515,fast
9:36 am – 4:30 pm +1,Korean Air,EWR‐ICN,17h54m,1,DTW,5:25 pm – 11:26 pm,"Korean Air, American Airlines",ICN‐EWR,19h01m,1,DFW,3007,20220406-0515,fast
6:25 am – 4:00 pm +1,Air Canada,EWR‐ICN,20h35m,2,"YYZ, YVR",6:40 pm – 10:01 pm,Air Canada,ICN‐EWR,16h21m,1,YYZ,1600,20220406-0515,fast
6:29 am – 2:45 pm +1,United Airlines,EWR‐ICN,19h16m,1,SFO,4:40 pm – 9:25 pm,United Airlines,ICN‐EWR,17h45m,1,SFO,1859,20220406-0515,fast
9:36 am – 4:30 pm +1,Korean Air,EWR‐ICN,17h54m,1,DTW,9:20 am – 3:35 pm,Korean Air,ICN‐EWR,19h15m,1,ATL,2508,20220406-0515,fast
8:45 am – 4:20 pm +1,Korean Air,EWR‐ICN,18h35m,1,ATL,9:20 am – 3:35 pm,Korean Air,ICN‐EWR,19h15m,1,ATL,2642,20220406-0515,fast
6:59 am – 3:15 pm +1,American Airlines,EWR‐ICN,19h16m,1,DFW,5:25 pm – 11:26 pm,American Airlines,ICN‐EWR,19h01m,1,DFW,2965,20220406-0515,fast
5:00 am – 4:00 pm +1,"United Airlines, Air Canada",EWR‐ICN,22h00m,2,"ORD, YVR",6:40 pm – 10:01 pm,Air Canada,ICN‐EWR,16h21m,1,YYZ,2185,20220406-0515,fast
5:00 am – 2:45 pm +1,United Airlines,EWR‐ICN,20h45m,2,"ORD, SFO",4:40 pm – 9:25 pm,United Airlines,ICN‐EWR,17h45m,1,SFO,2139,20220406-0515,fast
6:29 am – 2:45 pm +1,United Airlines,EWR‐ICN,19h16m,1,SFO,10:00 am – 4:45 pm,United Airlines,ICN‐EWR,19h45m,1,NRT,3088,20220406-0515,fast
6:29 am – 2:45 pm +1,United Airlines,EWR‐ICN,19h16m,1,SFO,4:40 pm – 11:29 pm,United Airlines,ICN‐EWR,19h49m,2,"SFO, LAS",2374,20220406-0515,fast
7:00 am – 3:50 pm +1,Korean Air,EWR‐ICN,19h50m,1,ATL,9:20 am – 3:35 pm,Korean Air,ICN‐EWR,19h15m,1,ATL,2496,20220406-0515,fast
6:29 am – 2:45 pm +1,United Airlines,EWR‐ICN,19h16m,1,SFO,4:40 pm – 11:31 pm,United Airlines,ICN‐EWR,19h51m,2,"SFO, DEN",2374,20220406-0515,fast
6:00 am – 4:30 pm +1,"Delta, Korean Air",EWR‐ICN,21h30m,1,DTW,4:40 pm – 9:25 pm,United Airlines,ICN‐EWR,17h45m,1,SFO,2083,20220406-0515,fast
