Out Time,Out Airline,Out Cities,Out Duration,Out Stops,Out Stop Cities,Return Time,Return Airline,Return Cities,Return Duration,Return Stops,Return Stop Cities,Price,timestamp,sort
7:42 pm – 3:15 pm +2,American Airlines,EWR‐ICN,30h33m,2,"ORD, DFW",5:25 pm – 10:00 pm,American Airlines,ICN‐EWR,17h35m,1,DFW,1554,20220406-2035,cheap
7:38 pm – 2:55 pm +2,United Airlines,EWR‐ICN,30h17m,2,"IAD, SFO",4:50 pm – 9:44 pm,United Airlines,ICN‐EWR,17h54m,1,SFO,1572,20220406-2035,cheap
8:30 pm – 4:30 pm +2,Delta,EWR‐ICN,31h00m,1,DTW,6:40 pm – 11:01 pm,Delta,ICN‐EWR,17h21m,1,ATL,1671,20220406-2035,cheap
7:38 pm – 2:55 pm +2,United Airlines,EWR‐ICN,30h17m,2,"IAD, SFO",4:50 pm – 9:44 pm,United Airlines,ICN‐EWR,17h54m,1,SFO,1766,20220406-2035,cheap
10:28 pm – 2:55 pm +2,United Airlines,EWR‐ICN,27h27m,2,"DEN, SFO",4:50 pm – 9:44 pm,United Airlines,ICN‐EWR,17h54m,1,SFO,1779,20220406-2035,cheap
10:28 pm – 2:55 pm +2,United Airlines,EWR‐ICN,27h27m,2,"DEN, SFO",4:50 pm – 11:09 pm,United Airlines,ICN‐EWR,19h19m,1,SFO,1779,20220406-2035,cheap
10:28 pm – 2:55 pm +2,United Airlines,EWR‐ICN,27h27m,2,"DEN, SFO",4:50 pm – 12:44 am +1,United Airlines,ICN‐EWR,20h54m,1,SFO,1779,20220406-2035,cheap
10:28 pm – 2:55 pm +2,United Airlines,EWR‐ICN,27h27m,2,"DEN, SFO",4:50 pm – 12:55 am +1,United Airlines,ICN‐EWR,21h05m,2,"SFO, ORD",1779,20220406-2035,cheap
4:15 pm – 5:00 am +2,Delta,EWR‐ICN,23h45m,2,"ATL, LAX",6:40 pm – 11:01 pm,Delta,ICN‐EWR,17h21m,1,ATL,1844,20220406-2035,cheap
3:11 pm – 5:00 am +2,Delta,EWR‐ICN,24h49m,2,"MSP, LAX",6:40 pm – 11:01 pm,Delta,ICN‐EWR,17h21m,1,ATL,1844,20220406-2035,cheap
4:15 pm – 5:00 am +2,Delta,EWR‐ICN,23h45m,2,"ATL, LAX",10:45 am – 4:24 pm,Delta,ICN‐EWR,18h39m,1,DTW,1844,20220406-2035,cheap
4:15 pm – 5:00 am +2,Delta,EWR‐ICN,23h45m,2,"ATL, LAX",6:40 pm – 12:59 am +1,Delta,ICN‐EWR,19h19m,1,ATL,1844,20220406-2035,cheap
2:10 pm – 5:00 am +2,Delta,EWR‐ICN,25h50m,2,"ATL, LAX",6:40 pm – 11:01 pm,Delta,ICN‐EWR,17h21m,1,ATL,1844,20220406-2035,cheap
3:11 pm – 5:00 am +2,Delta,EWR‐ICN,24h49m,2,"MSP, LAX",10:45 am – 4:24 pm,Delta,ICN‐EWR,18h39m,1,DTW,1844,20220406-2035,cheap
3:11 pm – 5:00 am +2,Delta,EWR‐ICN,24h49m,2,"MSP, LAX",6:40 pm – 12:59 am +1,Delta,ICN‐EWR,19h19m,1,ATL,1844,20220406-2035,cheap
8:30 pm – 4:30 pm +2,Delta,EWR‐ICN,31h00m,1,DTW,6:40 pm – 11:01 pm,Delta,ICN‐EWR,17h21m,1,ATL,1671,20220406-2033,best
9:00 am – 5:40 pm +1,Korean Air,EWR‐ICN,19h40m,1,BOS,6:40 pm – 11:01 pm,Korean Air,ICN‐EWR,17h21m,1,ATL,1996,20220406-2033,best
7:42 pm – 3:15 pm +2,American Airlines,EWR‐ICN,30h33m,2,"ORD, DFW",5:25 pm – 10:00 pm,American Airlines,ICN‐EWR,17h35m,1,DFW,1554,20220406-2033,best
6:30 am – 2:55 pm +1,United Airlines,EWR‐ICN,19h25m,1,SFO,4:50 pm – 9:44 pm,United Airlines,ICN‐EWR,17h54m,1,SFO,1966,20220406-2033,best
9:00 am – 5:40 pm +1,Korean Air,EWR‐ICN,19h40m,1,BOS,10:45 am – 4:24 pm,Korean Air,ICN‐EWR,18h39m,1,DTW,1996,20220406-2033,best
6:30 am – 2:55 pm +1,United Airlines,EWR‐ICN,19h25m,1,SFO,4:50 pm – 11:09 pm,United Airlines,ICN‐EWR,19h19m,1,SFO,1966,20220406-2033,best
4:15 pm – 5:00 am +2,Delta,EWR‐ICN,23h45m,2,"ATL, LAX",6:40 pm – 11:01 pm,Delta,ICN‐EWR,17h21m,1,ATL,1844,20220406-2033,best
6:30 am – 2:55 pm +1,United Airlines,EWR‐ICN,19h25m,1,SFO,4:50 pm – 12:44 am +1,United Airlines,ICN‐EWR,20h54m,1,SFO,1966,20220406-2033,best
6:00 am – 4:15 pm +1,Air Canada,EWR‐ICN,21h15m,2,"YUL, YVR",5:30 pm – 9:00 pm,Air Canada,ICN‐EWR,16h30m,1,YYZ,2122,20220406-2033,best
6:00 am – 4:15 pm +1,Air Canada,EWR‐ICN,21h15m,2,"YYZ, YVR",5:30 pm – 9:00 pm,Air Canada,ICN‐EWR,16h30m,1,YYZ,2128,20220406-2033,best
8:00 am – 5:05 pm +1,Korean Air,EWR‐ICN,20h05m,1,ATL,6:40 pm – 11:01 pm,Korean Air,ICN‐EWR,17h21m,1,ATL,2257,20220406-2033,best
9:00 am – 5:40 pm +1,Korean Air,EWR‐ICN,19h40m,1,BOS,9:30 am – 3:35 pm,Korean Air,ICN‐EWR,19h05m,1,BOS,2162,20220406-2033,best
3:11 pm – 5:00 am +2,Delta,EWR‐ICN,24h49m,2,"MSP, LAX",6:40 pm – 11:01 pm,Delta,ICN‐EWR,17h21m,1,ATL,1844,20220406-2033,best
4:15 pm – 5:00 am +2,Delta,EWR‐ICN,23h45m,2,"ATL, LAX",10:45 am – 4:24 pm,Delta,ICN‐EWR,18h39m,1,DTW,1844,20220406-2033,best
9:00 am – 5:40 pm +1,Korean Air,EWR‐ICN,19h40m,1,BOS,9:20 am – 3:04 pm,Korean Air,ICN‐EWR,18h44m,1,ATL,2257,20220406-2033,best
7:15 am – 3:15 pm +1,Korean Air,EWR‐ICN,19h00m,1,SEA,6:40 pm – 11:01 pm,"Korean Air, Delta",ICN‐EWR,17h21m,1,ATL,2425,20220406-2033,best
4:15 pm – 5:00 am +2,Delta,EWR‐ICN,23h45m,2,"ATL, LAX",6:40 pm – 12:59 am +1,Delta,ICN‐EWR,19h19m,1,ATL,1844,20220406-2033,best
11:25 am – 5:30 pm +1,"ANA, Korean Air",EWR‐ICN,17h05m,1,NRT,5:25 pm – 10:00 pm,"Korean Air, American Airlines",ICN‐EWR,17h35m,1,DFW,12325,20220406-2038,fast
9:00 am – 4:25 pm +1,Delta,EWR‐ICN,18h25m,1,BOS,6:40 pm – 11:01 pm,Delta,ICN‐EWR,17h21m,1,ATL,6835,20220406-2038,fast
11:25 am – 5:30 pm +1,"ANA, Korean Air",EWR‐ICN,17h05m,1,NRT,9:20 am – 3:04 pm,Korean Air,ICN‐EWR,18h44m,1,ATL,11907,20220406-2038,fast
11:25 am – 5:30 pm +1,"ANA, Korean Air",EWR‐ICN,17h05m,1,NRT,9:30 am – 3:35 pm,Korean Air,ICN‐EWR,19h05m,1,BOS,11907,20220406-2038,fast
11:25 am – 5:30 pm +1,"ANA, Korean Air",EWR‐ICN,17h05m,1,NRT,2:40 pm – 8:54 pm,"Asiana Airlines, United Airlines",ICN‐EWR,19h14m,1,LAX,12392,20220406-2038,fast
7:15 am – 3:15 pm +1,Korean Air,EWR‐ICN,19h00m,1,SEA,6:40 pm – 11:01 pm,"Korean Air, Delta",ICN‐EWR,17h21m,1,ATL,2425,20220406-2038,fast
7:15 am – 3:15 pm +1,Korean Air,EWR‐ICN,19h00m,1,SEA,5:25 pm – 10:00 pm,"Korean Air, American Airlines",ICN‐EWR,17h35m,1,DFW,4245,20220406-2038,fast
9:00 am – 5:40 pm +1,Korean Air,EWR‐ICN,19h40m,1,BOS,6:40 pm – 11:01 pm,Korean Air,ICN‐EWR,17h21m,1,ATL,1996,20220406-2038,fast
9:00 am – 5:40 pm +1,Korean Air,EWR‐ICN,19h40m,1,BOS,5:25 pm – 10:00 pm,"Korean Air, American Airlines",ICN‐EWR,17h35m,1,DFW,3907,20220406-2038,fast
6:34 am – 3:15 pm +1,American Airlines,EWR‐ICN,19h41m,1,DFW,5:25 pm – 10:00 pm,American Airlines,ICN‐EWR,17h35m,1,DFW,4098,20220406-2038,fast
6:30 am – 2:55 pm +1,United Airlines,EWR‐ICN,19h25m,1,SFO,4:50 pm – 9:44 pm,United Airlines,ICN‐EWR,17h54m,1,SFO,1966,20220406-2038,fast
8:00 am – 5:05 pm +1,Korean Air,EWR‐ICN,20h05m,1,ATL,6:40 pm – 11:01 pm,Korean Air,ICN‐EWR,17h21m,1,ATL,2257,20220406-2038,fast
9:00 am – 4:25 pm +1,Delta,EWR‐ICN,18h25m,1,BOS,9:30 am – 3:35 pm,Delta,ICN‐EWR,19h05m,1,BOS,6835,20220406-2038,fast
7:15 am – 3:15 pm +1,Korean Air,EWR‐ICN,19h00m,1,SEA,10:45 am – 4:24 pm,"Korean Air, Delta",ICN‐EWR,18h39m,1,DTW,2425,20220406-2038,fast
8:00 am – 5:05 pm +1,Korean Air,EWR‐ICN,20h05m,1,ATL,5:25 pm – 10:00 pm,"Korean Air, American Airlines",ICN‐EWR,17h35m,1,DFW,4264,20220406-2038,fast
