Out Time,Out Airline,Out Cities,Out Duration,Out Stops,Out Stop Cities,Return Time,Return Airline,Return Cities,Return Duration,Return Stops,Return Stop Cities,Price,timestamp,sort
6:34 am – 3:15 pm +1,American Airlines,EWR‐ICN,19h41m,1,DFW,5:25 pm – 10:00 pm,American Airlines,ICN‐EWR,17h35m,1,DFW,1330,20220406-2159,cheap
6:34 am – 3:15 pm +1,American Airlines,EWR‐ICN,19h41m,1,DFW,5:25 pm – 11:28 pm,American Airlines,ICN‐EWR,19h03m,1,DFW,1330,20220406-2159,cheap
7:42 pm – 3:15 pm +2,American Airlines,EWR‐ICN,30h33m,2,"ORD, DFW",5:25 pm – 10:00 pm,American Airlines,ICN‐EWR,17h35m,1,DFW,1334,20220406-2159,cheap
6:30 am – 2:55 pm +1,United Airlines,EWR‐ICN,19h25m,1,SFO,4:50 pm – 11:19 pm,United Airlines,ICN‐EWR,19h29m,2,"SFO, DEN",1382,20220406-2159,cheap
5:00 am – 2:55 pm +1,United Airlines,EWR‐ICN,20h55m,2,"ORD, SFO",4:50 pm – 11:19 pm,United Airlines,ICN‐EWR,19h29m,2,"SFO, DEN",1382,20220406-2159,cheap
6:30 am – 2:55 pm +1,United Airlines,EWR‐ICN,19h25m,1,SFO,4:50 pm – 11:09 pm,United Airlines,ICN‐EWR,19h19m,1,SFO,1536,20220406-2159,cheap
6:30 am – 2:55 pm +1,United Airlines,EWR‐ICN,19h25m,1,SFO,4:50 pm – 12:44 am +1,United Airlines,ICN‐EWR,20h54m,1,SFO,1536,20220406-2159,cheap
6:30 am – 2:55 pm +1,United Airlines,EWR‐ICN,19h25m,1,SFO,4:50 pm – 8:14 am +1,United Airlines,ICN‐EWR,28h24m,1,SFO,1556,20220406-2159,cheap
5:10 pm – 5:00 am +2,"Alaska Airlines, Asiana Airlines",EWR‐ICN,22h50m,1,SFO,1:30 am – 6:57 pm,"Qatar Airways, Amtrak",ICN‐EWR,30h27m,2,"DOH, PHL-PHL",1559,20220406-2159,cheap
9:31 pm – 2:55 pm +2,United Airlines,EWR‐ICN,28h24m,2,"DEN, SFO",4:50 pm – 11:19 pm,United Airlines,ICN‐EWR,19h29m,2,"SFO, DEN",1626,20220406-2159,cheap
8:30 pm – 2:55 pm +2,United Airlines,EWR‐ICN,29h25m,2,"LAX, SFO",4:50 pm – 11:19 pm,United Airlines,ICN‐EWR,19h29m,2,"SFO, DEN",1626,20220406-2159,cheap
8:30 pm – 2:55 pm +2,United Airlines,EWR‐ICN,29h25m,2,"LAX, SFO",4:50 pm – 11:19 pm,United Airlines,ICN‐EWR,19h29m,2,"SFO, DEN",1626,20220406-2159,cheap
8:00 am – 3:50 pm +1,Delta,EWR‐ICN,18h50m,1,ATL,1:55 pm – 12:22 am +1,Delta,ICN‐EWR,23h27m,2,"SEA, DTW",1644,20220406-2159,cheap
7:00 am – 3:50 pm +1,Delta,EWR‐ICN,19h50m,1,ATL,1:55 pm – 12:22 am +1,Delta,ICN‐EWR,23h27m,2,"SEA, DTW",1644,20220406-2159,cheap
6:00 am – 3:15 pm +1,Delta,EWR‐ICN,20h15m,2,"DTW, SEA",1:55 pm – 12:22 am +1,Delta,ICN‐EWR,23h27m,2,"SEA, DTW",1644,20220406-2159,cheap
6:34 am – 3:15 pm +1,American Airlines,EWR‐ICN,19h41m,1,DFW,5:25 pm – 10:00 pm,American Airlines,ICN‐EWR,17h35m,1,DFW,1330,20220406-2156,best
6:34 am – 3:15 pm +1,American Airlines,EWR‐ICN,19h41m,1,DFW,5:25 pm – 11:28 pm,American Airlines,ICN‐EWR,19h03m,1,DFW,1330,20220406-2156,best
6:30 am – 2:55 pm +1,United Airlines,EWR‐ICN,19h25m,1,SFO,4:50 pm – 11:19 pm,United Airlines,ICN‐EWR,19h29m,2,"SFO, DEN",1382,20220406-2156,best
6:30 am – 2:55 pm +1,United Airlines,EWR‐ICN,19h25m,1,SFO,4:50 pm – 11:09 pm,United Airlines,ICN‐EWR,19h19m,1,SFO,1536,20220406-2156,best
6:30 am – 2:55 pm +1,United Airlines,EWR‐ICN,19h25m,1,SFO,4:50 pm – 9:44 pm,United Airlines,ICN‐EWR,17h54m,1,SFO,1691,20220406-2156,best
6:30 am – 2:55 pm +1,United Airlines,EWR‐ICN,19h25m,1,SFO,4:50 pm – 12:44 am +1,United Airlines,ICN‐EWR,20h54m,1,SFO,1536,20220406-2156,best
8:00 am – 3:50 pm +1,Korean Air,EWR‐ICN,18h50m,1,ATL,6:40 pm – 10:01 pm,Air Canada,ICN‐EWR,16h21m,1,YYZ,1977,20220406-2156,best
5:00 am – 2:55 pm +1,United Airlines,EWR‐ICN,20h55m,2,"ORD, SFO",4:50 pm – 11:19 pm,United Airlines,ICN‐EWR,19h29m,2,"SFO, DEN",1382,20220406-2156,best
8:00 am – 3:50 pm +1,Korean Air,EWR‐ICN,18h50m,1,ATL,9:20 am – 3:20 pm,Korean Air,ICN‐EWR,19h00m,1,ATL,1900,20220406-2156,best
6:30 am – 2:55 pm +1,United Airlines,EWR‐ICN,19h25m,1,SFO,4:50 pm – 11:28 pm,United Airlines,ICN‐EWR,19h38m,2,"SFO, IAD",1790,20220406-2156,best
7:00 am – 3:50 pm +1,Korean Air,EWR‐ICN,19h50m,1,ATL,9:20 am – 3:20 pm,Korean Air,ICN‐EWR,19h00m,1,ATL,1899,20220406-2156,best
8:00 am – 3:50 pm +1,Delta,EWR‐ICN,18h50m,1,ATL,2:30 pm – 11:02 pm,Delta,ICN‐EWR,21h32m,2,"LAX, ATL",1744,20220406-2156,best
8:00 am – 3:50 pm +1,Delta,EWR‐ICN,18h50m,1,ATL,2:30 pm – 11:02 pm,Delta,ICN‐EWR,21h32m,2,"LAX, ATL",1744,20220406-2156,best
8:00 am – 3:50 pm +1,Delta,EWR‐ICN,18h50m,1,ATL,1:55 pm – 12:22 am +1,Delta,ICN‐EWR,23h27m,2,"SEA, DTW",1644,20220406-2156,best
7:00 am – 3:50 pm +1,"Delta, Korean Air",EWR‐ICN,19h50m,1,ATL,9:20 am – 3:20 pm,"Korean Air, Delta",ICN‐EWR,19h00m,1,ATL,1966,20220406-2156,best
7:59 am – 3:40 pm +1,Air Canada,EWR‐ICN,18h41m,1,YYZ,6:40 pm – 10:01 pm,Air Canada,ICN‐EWR,16h21m,1,YYZ,2592,20220406-2201,fast
8:00 am – 3:50 pm +1,Korean Air,EWR‐ICN,18h50m,1,ATL,6:40 pm – 10:01 pm,Air Canada,ICN‐EWR,16h21m,1,YYZ,1977,20220406-2201,fast
7:08 am – 3:40 pm +1,Air Canada,EWR‐ICN,19h32m,1,YYZ,6:40 pm – 10:01 pm,Air Canada,ICN‐EWR,16h21m,1,YYZ,2592,20220406-2201,fast
7:00 am – 3:50 pm +1,"Delta, Korean Air",EWR‐ICN,19h50m,1,ATL,6:40 pm – 10:01 pm,Air Canada,ICN‐EWR,16h21m,1,YYZ,1976,20220406-2201,fast
6:00 am – 3:40 pm +1,Air Canada,EWR‐ICN,20h40m,2,"YUL, YYZ",6:40 pm – 10:01 pm,Air Canada,ICN‐EWR,16h21m,1,YYZ,2592,20220406-2201,fast
6:00 am – 3:40 pm +1,Air Canada,EWR‐ICN,20h40m,1,YYZ,6:40 pm – 10:01 pm,Air Canada,ICN‐EWR,16h21m,1,YYZ,2592,20220406-2201,fast
6:34 am – 3:15 pm +1,American Airlines,EWR‐ICN,19h41m,1,DFW,5:25 pm – 10:00 pm,American Airlines,ICN‐EWR,17h35m,1,DFW,1330,20220406-2201,fast
6:30 am – 2:55 pm +1,United Airlines,EWR‐ICN,19h25m,1,SFO,4:50 pm – 9:44 pm,United Airlines,ICN‐EWR,17h54m,1,SFO,1691,20220406-2201,fast
6:34 am – 3:15 pm +1,"American Airlines, Korean Air",EWR‐ICN,19h41m,1,DFW,4:50 pm – 9:44 pm,United Airlines,ICN‐EWR,17h54m,1,SFO,2472,20220406-2201,fast
8:00 am – 3:50 pm +1,Korean Air,EWR‐ICN,18h50m,1,ATL,9:20 am – 3:20 pm,Korean Air,ICN‐EWR,19h00m,1,ATL,1900,20220406-2201,fast
5:00 am – 3:40 pm +1,Air Canada,EWR‐ICN,21h40m,2,"ORD, YYZ",6:40 pm – 10:01 pm,Air Canada,ICN‐EWR,16h21m,1,YYZ,2596,20220406-2201,fast
6:00 pm – 5:00 am +2,Asiana Airlines,EWR‐ICN,22h00m,1,LAX,6:40 pm – 10:01 pm,Air Canada,ICN‐EWR,16h21m,1,YYZ,2196,20220406-2201,fast
7:08 am – 3:40 pm +1,Air Canada,EWR‐ICN,19h32m,1,YYZ,9:20 am – 3:20 pm,Korean Air,ICN‐EWR,19h00m,1,ATL,4649,20220406-2201,fast
6:34 am – 3:15 pm +1,American Airlines,EWR‐ICN,19h41m,1,DFW,5:25 pm – 11:28 pm,American Airlines,ICN‐EWR,19h03m,1,DFW,1330,20220406-2201,fast
6:30 am – 2:55 pm +1,United Airlines,EWR‐ICN,19h25m,1,SFO,4:50 pm – 11:09 pm,United Airlines,ICN‐EWR,19h19m,1,SFO,1536,20220406-2201,fast
