Out Time,Out Airline,Out Cities,Out Duration,Out Stops,Out Stop Cities,Return Time,Return Airline,Return Cities,Return Duration,Return Stops,Return Stop Cities,Price,timestamp,sort
9:05 am – 5:10 pm +1,Air Canada,EWR‐ICN,19h05m,1,YYZ,4:40 pm – 12:37 am +1,United Airlines,ICN‐EWR,20h57m,2,"SFO, IAH",1578,20220407-0212,cheap
9:05 am – 5:10 pm +1,Air Canada,EWR‐ICN,19h05m,1,YYZ,5:45 pm – 9:57 am +1,Air Canada,ICN‐EWR,29h12m,2,"YVR, YUL",1710,20220407-0212,cheap
9:05 am – 5:10 pm +1,Air Canada,EWR‐ICN,19h05m,1,YYZ,5:45 pm – 9:57 am +1,Air Canada,ICN‐EWR,29h12m,2,"YVR, YUL",1710,20220407-0212,cheap
9:05 am – 5:10 pm +1,Air Canada,EWR‐ICN,19h05m,1,YYZ,5:45 pm – 9:57 am +1,Air Canada,ICN‐EWR,29h12m,2,"YVR, YUL",1710,20220407-0212,cheap
8:45 pm – 9:45 am +2,Lufthansa,EWR‐ICN,24h00m,1,MUC,10:15 am – 6:55 pm,Lufthansa,ICN‐EWR,21h40m,1,MUC,1797,20220407-0212,cheap
9:45 pm – 9:45 am +2,Lufthansa,EWR‐ICN,23h00m,2,"FRA, MUC",10:15 am – 6:55 pm,Lufthansa,ICN‐EWR,21h40m,1,MUC,1833,20220407-0212,cheap
6:40 pm – 5:00 am +2,"United Airlines, Asiana Airlines",EWR‐ICN,21h20m,1,SFO,4:40 pm – 12:37 am +1,United Airlines,ICN‐EWR,20h57m,2,"SFO, IAH",1925,20220407-0212,cheap
9:00 pm – 9:45 am +2,Lufthansa,EWR‐ICN,23h45m,2,"LHR, MUC",10:15 am – 6:55 pm,Lufthansa,ICN‐EWR,21h40m,1,MUC,1944,20220407-0212,cheap
8:00 pm – 9:45 am +2,Lufthansa,EWR‐ICN,24h45m,2,"LHR, MUC",10:15 am – 6:55 pm,Lufthansa,ICN‐EWR,21h40m,1,MUC,1944,20220407-0212,cheap
9:05 am – 5:10 pm +1,Air Canada,EWR‐ICN,19h05m,1,YYZ,8:40 pm – 7:00 am +1,"Asiana Airlines, Alaska Airlines",ICN‐EWR,23h20m,1,SFO,2223,20220407-0212,cheap
6:00 am – 5:50 pm +1,Delta,EWR‐ICN,22h50m,2,"ATL, LAX",9:30 am – 2:49 pm,Delta,ICN‐EWR,18h19m,1,BOS,2269,20220407-0212,cheap
6:00 am – 5:50 pm +1,Delta,EWR‐ICN,22h50m,2,"ATL, LAX",9:30 am – 4:58 pm,Delta,ICN‐EWR,20h28m,1,BOS,2269,20220407-0212,cheap
6:00 am – 5:50 pm +1,Delta,EWR‐ICN,22h50m,2,"ATL, LAX",2:30 pm – 10:59 pm,Delta,ICN‐EWR,21h29m,2,"LAX, ATL",2269,20220407-0212,cheap
6:00 am – 5:50 pm +1,Delta,EWR‐ICN,22h50m,2,"ATL, LAX",2:30 pm – 11:25 pm,Delta,ICN‐EWR,21h55m,2,"LAX, MSP",2269,20220407-0212,cheap
6:00 am – 5:50 pm +1,Delta,EWR‐ICN,22h50m,2,"ATL, LAX",2:30 pm – 12:24 am +1,Delta,ICN‐EWR,22h54m,2,"LAX, DTW",2269,20220407-0212,cheap
10:43 am – 4:25 pm +1,Korean Air,EWR‐ICN,16h42m,1,BOS,9:30 am – 2:49 pm,Korean Air,ICN‐EWR,18h19m,1,BOS,2660,20220407-0210,best
9:05 am – 5:10 pm +1,Air Canada,EWR‐ICN,19h05m,1,YYZ,4:40 pm – 12:37 am +1,United Airlines,ICN‐EWR,20h57m,2,"SFO, IAH",1578,20220407-0210,best
8:45 pm – 9:45 am +2,Lufthansa,EWR‐ICN,24h00m,1,MUC,10:15 am – 6:55 pm,Lufthansa,ICN‐EWR,21h40m,1,MUC,1797,20220407-0210,best
10:43 am – 4:25 pm +1,Korean Air,EWR‐ICN,16h42m,1,BOS,9:20 am – 3:14 pm,Korean Air,ICN‐EWR,18h54m,1,ATL,2755,20220407-0210,best
9:45 pm – 9:45 am +2,Lufthansa,EWR‐ICN,23h00m,2,"FRA, MUC",10:15 am – 6:55 pm,Lufthansa,ICN‐EWR,21h40m,1,MUC,1833,20220407-0210,best
6:00 am – 5:50 pm +1,Delta,EWR‐ICN,22h50m,2,"ATL, LAX",9:30 am – 2:49 pm,Delta,ICN‐EWR,18h19m,1,BOS,2269,20220407-0210,best
9:05 am – 5:10 pm +1,Air Canada,EWR‐ICN,19h05m,1,YYZ,5:45 pm – 9:57 am +1,Air Canada,ICN‐EWR,29h12m,2,"YVR, YUL",1710,20220407-0210,best
9:05 am – 5:10 pm +1,Air Canada,EWR‐ICN,19h05m,1,YYZ,5:45 pm – 9:57 am +1,Air Canada,ICN‐EWR,29h12m,2,"YVR, YUL",1710,20220407-0210,best
9:05 am – 5:10 pm +1,Air Canada,EWR‐ICN,19h05m,1,YYZ,5:45 pm – 9:57 am +1,Air Canada,ICN‐EWR,29h12m,2,"YVR, YUL",1710,20220407-0210,best
7:00 am – 3:50 pm +1,Korean Air,EWR‐ICN,19h50m,1,ATL,9:30 am – 2:49 pm,Korean Air,ICN‐EWR,18h19m,1,BOS,2660,20220407-0210,best
8:00 pm – 9:45 am +2,Lufthansa,EWR‐ICN,24h45m,2,"LHR, MUC",10:15 am – 6:55 pm,Lufthansa,ICN‐EWR,21h40m,1,MUC,1944,20220407-0210,best
6:40 pm – 5:00 am +2,Asiana Airlines,EWR‐ICN,21h20m,1,SFO,8:40 pm – 5:30 am +1,"Asiana Airlines, JetBlue",ICN‐EWR,21h50m,1,SFO,2370,20220407-0210,best
9:00 pm – 9:45 am +2,Lufthansa,EWR‐ICN,23h45m,2,"LHR, MUC",10:15 am – 6:55 pm,Lufthansa,ICN‐EWR,21h40m,1,MUC,1944,20220407-0210,best
6:15 pm – 5:00 am +2,Asiana Airlines,EWR‐ICN,21h45m,1,LAX,8:40 pm – 5:30 am +1,"Asiana Airlines, JetBlue",ICN‐EWR,21h50m,1,SFO,2370,20220407-0210,best
6:29 am – 2:45 pm +1,United Airlines,EWR‐ICN,19h16m,1,SFO,4:40 pm – 1:07 am +1,United Airlines,ICN‐EWR,21h27m,1,SFO,2571,20220407-0210,best
6:00 am – 5:50 pm +1,Delta,EWR‐ICN,22h50m,2,"ATL, LAX",9:30 am – 4:58 pm,Delta,ICN‐EWR,20h28m,1,BOS,2269,20220407-0210,best
10:43 am – 4:25 pm +1,Korean Air,EWR‐ICN,16h42m,1,BOS,9:30 am – 2:49 pm,Korean Air,ICN‐EWR,18h19m,1,BOS,2660,20220407-0214,fast
10:43 am – 4:25 pm +1,Korean Air,EWR‐ICN,16h42m,1,BOS,9:20 am – 3:14 pm,Korean Air,ICN‐EWR,18h54m,1,ATL,2755,20220407-0214,fast
10:43 am – 4:25 pm +1,Korean Air,EWR‐ICN,16h42m,1,BOS,2:40 pm – 8:59 pm,Asiana Airlines,ICN‐EWR,19h19m,1,LAX,4029,20220407-0214,fast
6:29 am – 2:45 pm +1,United Airlines,EWR‐ICN,19h16m,1,SFO,4:40 pm – 9:25 pm,United Airlines,ICN‐EWR,17h45m,1,SFO,3380,20220407-0214,fast
8:00 am – 3:50 pm +1,Korean Air,EWR‐ICN,18h50m,1,ATL,9:30 am – 2:49 pm,Korean Air,ICN‐EWR,18h19m,1,BOS,3381,20220407-0214,fast
9:05 am – 5:10 pm +1,Air Canada,EWR‐ICN,19h05m,1,YYZ,9:30 am – 2:49 pm,Korean Air,ICN‐EWR,18h19m,1,BOS,2427,20220407-0214,fast
10:43 am – 4:25 pm +1,"Delta, Korean Air",EWR‐ICN,16h42m,1,BOS,4:40 pm – 12:37 am +1,United Airlines,ICN‐EWR,20h57m,2,"SFO, IAH",2575,20220407-0214,fast
8:00 am – 4:20 pm +1,Korean Air,EWR‐ICN,19h20m,1,ATL,9:30 am – 2:49 pm,Korean Air,ICN‐EWR,18h19m,1,BOS,3381,20220407-0214,fast
8:00 am – 3:50 pm +1,Korean Air,EWR‐ICN,18h50m,1,ATL,9:20 am – 3:14 pm,Korean Air,ICN‐EWR,18h54m,1,ATL,3481,20220407-0214,fast
8:00 am – 3:50 pm +1,Delta,EWR‐ICN,18h50m,1,ATL,9:20 am – 3:14 pm,Delta,ICN‐EWR,18h54m,1,ATL,5135,20220407-0214,fast
10:43 am – 4:25 pm +1,"Delta, Korean Air",EWR‐ICN,16h42m,1,BOS,4:40 pm – 1:07 am +1,United Airlines,ICN‐EWR,21h27m,1,SFO,2570,20220407-0214,fast
7:00 am – 3:50 pm +1,Korean Air,EWR‐ICN,19h50m,1,ATL,9:30 am – 2:49 pm,Korean Air,ICN‐EWR,18h19m,1,BOS,2660,20220407-0214,fast
8:00 am – 4:20 pm +1,Korean Air,EWR‐ICN,19h20m,1,ATL,9:20 am – 3:14 pm,Korean Air,ICN‐EWR,18h54m,1,ATL,3481,20220407-0214,fast
10:43 am – 4:25 pm +1,Korean Air,EWR‐ICN,16h42m,1,BOS,8:40 pm – 5:16 am +1,Asiana Airlines,ICN‐EWR,21h36m,1,SFO,4360,20220407-0214,fast
6:39 am – 3:15 pm +1,American Airlines,EWR‐ICN,19h36m,1,DFW,5:25 pm – 11:26 pm,American Airlines,ICN‐EWR,19h01m,1,DFW,3220,20220407-0214,fast
