Out Time,Out Airline,Out Cities,Out Duration,Out Stops,Out Stop Cities,Return Time,Return Airline,Return Cities,Return Duration,Return Stops,Return Stop Cities,Price,timestamp,sort
9:05 am – 5:10 pm +1,Air Canada,EWR‐ICN,19h05m,1,YYZ,5:45 pm – 7:42 am +1,Air Canada,ICN‐EWR,26h57m,2,"YVR, YUL",1772,20220406-0240,cheap
9:05 am – 5:10 pm +1,Air Canada,EWR‐ICN,19h05m,1,YYZ,5:45 pm – 7:42 am +1,Air Canada,ICN‐EWR,26h57m,2,"YVR, YUL",1772,20220406-0240,cheap
9:05 am – 5:10 pm +1,Air Canada,EWR‐ICN,19h05m,1,YYZ,5:45 pm – 9:57 am +1,Air Canada,ICN‐EWR,29h12m,2,"YVR, YUL",1772,20220406-0240,cheap
9:05 am – 5:10 pm +1,Air Canada,EWR‐ICN,19h05m,1,YYZ,5:45 pm – 9:57 am +1,Air Canada,ICN‐EWR,29h12m,2,"YVR, YUL",1772,20220406-0240,cheap
9:05 am – 5:10 pm +1,Air Canada,EWR‐ICN,19h05m,1,YYZ,5:45 pm – 9:57 am +1,Air Canada,ICN‐EWR,29h12m,2,"YVR, YUL",1772,20220406-0240,cheap
9:05 am – 5:10 pm +1,Air Canada,EWR‐ICN,19h05m,1,YYZ,5:45 pm – 10:11 am +1,Air Canada,ICN‐EWR,29h26m,2,"YVR, YYZ",1778,20220406-0240,cheap
9:05 am – 5:10 pm +1,Air Canada,EWR‐ICN,19h05m,1,YYZ,5:45 pm – 7:56 am +1,Air Canada,ICN‐EWR,27h11m,2,"YVR, YYZ",1800,20220406-0240,cheap
9:05 am – 5:10 pm +1,Air Canada,EWR‐ICN,19h05m,1,YYZ,5:45 pm – 7:56 am +1,Air Canada,ICN‐EWR,27h11m,2,"YVR, YYZ",1800,20220406-0240,cheap
9:05 am – 5:10 pm +1,Air Canada,EWR‐ICN,19h05m,1,YYZ,5:45 pm – 7:56 am +1,Air Canada,ICN‐EWR,27h11m,2,"YVR, YYZ",1800,20220406-0240,cheap
8:01 am – 5:10 pm +1,Air Canada,EWR‐ICN,20h09m,1,YYZ,5:45 pm – 7:56 am +1,Air Canada,ICN‐EWR,27h11m,2,"YVR, YYZ",1800,20220406-0240,cheap
8:01 am – 5:10 pm +1,Air Canada,EWR‐ICN,20h09m,1,YYZ,5:45 pm – 7:56 am +1,Air Canada,ICN‐EWR,27h11m,2,"YVR, YYZ",1800,20220406-0240,cheap
8:45 pm – 9:45 am +2,Lufthansa,EWR‐ICN,24h00m,1,MUC,10:15 am – 6:55 pm,Lufthansa,ICN‐EWR,21h40m,1,MUC,1922,20220406-0240,cheap
8:45 pm – 9:45 am +2,Lufthansa,EWR‐ICN,24h00m,1,MUC,10:15 am – 8:25 pm,Lufthansa,ICN‐EWR,23h10m,2,"MUC, FRA",1974,20220406-0240,cheap
9:00 am – 5:10 pm +1,"United Airlines, Air Canada",EWR‐ICN,19h10m,2,"PIT, YYZ",5:45 pm – 7:42 am +1,Air Canada,ICN‐EWR,26h57m,2,"YVR, YUL",2033,20220406-0240,cheap
9:00 am – 5:10 pm +1,"United Airlines, Air Canada",EWR‐ICN,19h10m,2,"PIT, YYZ",5:45 pm – 7:42 am +1,Air Canada,ICN‐EWR,26h57m,2,"YVR, YUL",2033,20220406-0240,cheap
8:45 pm – 9:45 am +2,Lufthansa,EWR‐ICN,24h00m,1,MUC,10:15 am – 6:55 pm,Lufthansa,ICN‐EWR,21h40m,1,MUC,1961,20220406-0238,best
8:40 am – 4:25 pm +1,Korean Air,EWR‐ICN,18h45m,1,BOS,6:40 pm – 10:59 pm,Korean Air,ICN‐EWR,17h19m,1,ATL,2516,20220406-0238,best
9:05 am – 5:10 pm +1,Air Canada,EWR‐ICN,19h05m,1,YYZ,5:45 pm – 7:42 am +1,Air Canada,ICN‐EWR,26h57m,2,"YVR, YUL",1772,20220406-0238,best
8:40 am – 4:25 pm +1,Korean Air,EWR‐ICN,18h45m,1,BOS,10:45 am – 3:45 pm,Korean Air,ICN‐EWR,18h00m,1,DTW,2516,20220406-0238,best
6:29 am – 2:45 pm +1,United Airlines,EWR‐ICN,19h16m,1,SFO,4:40 pm – 1:07 am +1,United Airlines,ICN‐EWR,21h27m,1,SFO,2139,20220406-0238,best
8:40 am – 4:25 pm +1,Korean Air,EWR‐ICN,18h45m,1,BOS,9:30 am – 2:49 pm,Korean Air,ICN‐EWR,18h19m,1,BOS,2515,20220406-0238,best
9:05 am – 5:10 pm +1,Air Canada,EWR‐ICN,19h05m,1,YYZ,5:45 pm – 7:42 am +1,Air Canada,ICN‐EWR,26h57m,2,"YVR, YUL",1772,20220406-0238,best
8:45 pm – 9:45 am +2,Lufthansa,EWR‐ICN,24h00m,1,MUC,10:15 am – 6:55 pm,Lufthansa,ICN‐EWR,21h40m,1,MUC,1922,20220406-0238,best
9:05 am – 5:10 pm +1,Air Canada,EWR‐ICN,19h05m,1,YYZ,5:45 pm – 7:56 am +1,Air Canada,ICN‐EWR,27h11m,2,"YVR, YYZ",1800,20220406-0238,best
9:05 am – 5:10 pm +1,Air Canada,EWR‐ICN,19h05m,1,YYZ,5:45 pm – 7:56 am +1,Air Canada,ICN‐EWR,27h11m,2,"YVR, YYZ",1800,20220406-0238,best
9:05 am – 5:10 pm +1,Air Canada,EWR‐ICN,19h05m,1,YYZ,5:45 pm – 7:56 am +1,Air Canada,ICN‐EWR,27h11m,2,"YVR, YYZ",1800,20220406-0238,best
6:29 am – 2:45 pm +1,United Airlines,EWR‐ICN,19h16m,1,SFO,4:40 pm – 11:29 pm,United Airlines,ICN‐EWR,19h49m,2,"SFO, LAS",2547,20220406-0238,best
6:29 am – 2:45 pm +1,United Airlines,EWR‐ICN,19h16m,1,SFO,4:40 pm – 11:31 pm,United Airlines,ICN‐EWR,19h51m,2,"SFO, DEN",2547,20220406-0238,best
6:30 am – 5:35 pm +1,Asiana Airlines,EWR‐ICN,22h05m,1,LAX,2:40 pm – 8:59 pm,Asiana Airlines,ICN‐EWR,19h19m,1,LAX,2464,20220406-0238,best
8:01 am – 5:10 pm +1,Air Canada,EWR‐ICN,20h09m,1,YYZ,5:45 pm – 7:56 am +1,Air Canada,ICN‐EWR,27h11m,2,"YVR, YYZ",1800,20220406-0238,best
8:01 am – 5:10 pm +1,Air Canada,EWR‐ICN,20h09m,1,YYZ,5:45 pm – 7:56 am +1,Air Canada,ICN‐EWR,27h11m,2,"YVR, YYZ",1800,20220406-0238,best
8:40 am – 4:25 pm +1,Korean Air,EWR‐ICN,18h45m,1,BOS,6:40 pm – 10:59 pm,Korean Air,ICN‐EWR,17h19m,1,ATL,2516,20220406-0242,fast
9:05 am – 5:10 pm +1,Air Canada,EWR‐ICN,19h05m,1,YYZ,6:40 pm – 10:59 pm,Korean Air,ICN‐EWR,17h19m,1,ATL,2464,20220406-0242,fast
8:00 am – 4:20 pm +1,Korean Air,EWR‐ICN,19h20m,1,ATL,6:40 pm – 10:59 pm,Korean Air,ICN‐EWR,17h19m,1,ATL,3229,20220406-0242,fast
8:40 am – 4:25 pm +1,Korean Air,EWR‐ICN,18h45m,1,BOS,10:45 am – 3:45 pm,Korean Air,ICN‐EWR,18h00m,1,DTW,2516,20220406-0242,fast
6:29 am – 2:45 pm +1,United Airlines,EWR‐ICN,19h16m,1,SFO,4:40 pm – 9:25 pm,United Airlines,ICN‐EWR,17h45m,1,SFO,3345,20220406-0242,fast
8:40 am – 4:25 pm +1,Korean Air,EWR‐ICN,18h45m,1,BOS,9:30 am – 2:49 pm,Korean Air,ICN‐EWR,18h19m,1,BOS,2515,20220406-0242,fast
9:05 am – 5:10 pm +1,Air Canada,EWR‐ICN,19h05m,1,YYZ,10:45 am – 3:45 pm,Korean Air,ICN‐EWR,18h00m,1,DTW,2464,20220406-0242,fast
8:00 am – 4:20 pm +1,Korean Air,EWR‐ICN,19h20m,1,ATL,10:45 am – 3:45 pm,Korean Air,ICN‐EWR,18h00m,1,DTW,3258,20220406-0242,fast
8:01 am – 5:10 pm +1,Air Canada,EWR‐ICN,20h09m,1,YYZ,6:40 pm – 10:59 pm,Korean Air,ICN‐EWR,17h19m,1,ATL,2464,20220406-0242,fast
6:05 am – 3:15 pm +1,Delta,EWR‐ICN,20h10m,2,"DTW, SEA",6:40 pm – 10:59 pm,Delta,ICN‐EWR,17h19m,1,ATL,3519,20220406-0242,fast
8:40 am – 4:25 pm +1,Korean Air,EWR‐ICN,18h45m,1,BOS,9:20 am – 3:14 pm,Korean Air,ICN‐EWR,18h54m,1,ATL,2967,20220406-0242,fast
8:00 am – 4:20 pm +1,Korean Air,EWR‐ICN,19h20m,1,ATL,9:30 am – 2:49 pm,Korean Air,ICN‐EWR,18h19m,1,BOS,3511,20220406-0242,fast
8:40 am – 4:25 pm +1,Delta,EWR‐ICN,18h45m,1,BOS,6:40 pm – 12:48 am +1,Delta,ICN‐EWR,19h08m,1,ATL,6485,20220406-0242,fast
8:01 am – 5:10 pm +1,Air Canada,EWR‐ICN,20h09m,1,YYZ,10:45 am – 3:45 pm,Korean Air,ICN‐EWR,18h00m,1,DTW,2464,20220406-0242,fast
6:05 am – 3:15 pm +1,Delta,EWR‐ICN,20h10m,2,"DTW, SEA",10:45 am – 3:45 pm,Delta,ICN‐EWR,18h00m,1,DTW,3519,20220406-0242,fast
