Out Time,Out Airline,Out Cities,Out Duration,Out Stops,Out Stop Cities,Return Time,Return Airline,Return Cities,Return Duration,Return Stops,Return Stop Cities,Price,timestamp,sort
7:20 am – 5:45 pm +1,"Alaska Airlines, Asiana Airlines",EWR‐ICN,21h25m,1,SEA,1:30 am – 8:02 pm,"Qatar Airways, Amtrak",ICN‐EWR,31h32m,2,"DOH, PHL-PHL",1594,20220405-2215,cheap
9:00 am – 5:40 pm +1,Korean Air,EWR‐ICN,19h40m,1,BOS,6:40 pm – 11:01 pm,Korean Air,ICN‐EWR,17h21m,1,ATL,1757,20220405-2215,cheap
9:00 am – 5:40 pm +1,Korean Air,EWR‐ICN,19h40m,1,BOS,10:45 am – 4:24 pm,Korean Air,ICN‐EWR,18h39m,1,DTW,1764,20220405-2215,cheap
9:00 am – 5:40 pm +1,Korean Air,EWR‐ICN,19h40m,1,BOS,6:40 pm – 12:59 am +1,"Korean Air, Delta",ICN‐EWR,19h19m,1,ATL,1825,20220405-2215,cheap
6:00 am – 4:15 pm +1,Air Canada,EWR‐ICN,21h15m,2,"YUL, YVR",5:25 pm – 9:00 pm,Air Canada,ICN‐EWR,16h35m,1,YYZ,1878,20220405-2215,cheap
6:00 am – 3:15 pm +1,Delta,EWR‐ICN,20h15m,2,"DTW, SEA",9:30 am – 3:35 pm,Delta,ICN‐EWR,19h05m,1,BOS,1944,20220405-2215,cheap
6:00 am – 3:15 pm +1,Delta,EWR‐ICN,20h15m,2,"DTW, SEA",9:30 am – 5:24 pm,Delta,ICN‐EWR,20h54m,1,BOS,1944,20220405-2215,cheap
6:00 am – 3:15 pm +1,Delta,EWR‐ICN,20h15m,2,"DTW, SEA",2:30 pm – 11:01 pm,Delta,ICN‐EWR,21h31m,2,"LAX, ATL",1944,20220405-2215,cheap
6:00 am – 3:15 pm +1,Delta,EWR‐ICN,20h15m,2,"DTW, SEA",2:30 pm – 11:01 pm,Delta,ICN‐EWR,21h31m,2,"LAX, ATL",1944,20220405-2215,cheap
6:00 am – 3:15 pm +1,Delta,EWR‐ICN,20h15m,2,"DTW, SEA",2:30 pm – 11:28 pm,Delta,ICN‐EWR,21h58m,2,"LAX, MSP",1944,20220405-2215,cheap
6:00 am – 3:15 pm +1,Delta,EWR‐ICN,20h15m,2,"DTW, SEA",2:30 pm – 11:28 pm,Delta,ICN‐EWR,21h58m,2,"LAX, MSP",1944,20220405-2215,cheap
6:00 am – 3:15 pm +1,Delta,EWR‐ICN,20h15m,2,"DTW, SEA",9:30 am – 7:03 pm,Delta,ICN‐EWR,22h33m,1,BOS,1944,20220405-2215,cheap
6:00 am – 3:15 pm +1,Delta,EWR‐ICN,20h15m,2,"DTW, SEA",2:30 pm – 12:22 am +1,Delta,ICN‐EWR,22h52m,2,"LAX, DTW",1944,20220405-2215,cheap
6:00 am – 3:15 pm +1,Delta,EWR‐ICN,20h15m,2,"DTW, SEA",2:30 pm – 12:22 am +1,Delta,ICN‐EWR,22h52m,2,"LAX, DTW",1944,20220405-2215,cheap
6:00 am – 3:15 pm +1,Delta,EWR‐ICN,20h15m,2,"DTW, SEA",2:30 pm – 12:59 am +1,Delta,ICN‐EWR,23h29m,2,"LAX, ATL",1944,20220405-2215,cheap
9:00 am – 5:40 pm +1,Korean Air,EWR‐ICN,19h40m,1,BOS,9:30 am – 3:35 pm,Korean Air,ICN‐EWR,19h05m,1,BOS,2018,20220405-2212,best
9:00 am – 5:40 pm +1,Korean Air,EWR‐ICN,19h40m,1,BOS,6:40 pm – 11:01 pm,Korean Air,ICN‐EWR,17h21m,1,ATL,1757,20220405-2212,best
7:20 am – 5:45 pm +1,"Alaska Airlines, Asiana Airlines",EWR‐ICN,21h25m,1,SEA,1:30 am – 8:02 pm,"Qatar Airways, Amtrak",ICN‐EWR,31h32m,2,"DOH, PHL-PHL",1594,20220405-2212,best
9:00 am – 5:40 pm +1,Korean Air,EWR‐ICN,19h40m,1,BOS,10:45 am – 4:24 pm,Korean Air,ICN‐EWR,18h39m,1,DTW,1764,20220405-2212,best
9:00 am – 5:40 pm +1,Korean Air,EWR‐ICN,19h40m,1,BOS,6:40 pm – 12:59 am +1,"Korean Air, Delta",ICN‐EWR,19h19m,1,ATL,1825,20220405-2212,best
9:00 am – 4:25 pm +1,Delta,EWR‐ICN,18h25m,1,BOS,9:30 am – 3:35 pm,Delta,ICN‐EWR,19h05m,1,BOS,2015,20220405-2212,best
6:00 am – 4:15 pm +1,Air Canada,EWR‐ICN,21h15m,2,"YUL, YVR",5:25 pm – 9:00 pm,Air Canada,ICN‐EWR,16h35m,1,YYZ,1878,20220405-2212,best
9:00 am – 5:40 pm +1,Korean Air,EWR‐ICN,19h40m,1,BOS,9:30 am – 3:35 pm,Korean Air,ICN‐EWR,19h05m,1,BOS,1980,20220405-2212,best
6:00 am – 4:15 pm +1,Air Canada,EWR‐ICN,21h15m,2,"YYZ, YVR",5:25 pm – 9:00 pm,Air Canada,ICN‐EWR,16h35m,1,YYZ,2013,20220405-2212,best
9:00 am – 4:25 pm +1,Delta,EWR‐ICN,18h25m,1,BOS,9:30 am – 5:24 pm,Delta,ICN‐EWR,20h54m,1,BOS,2015,20220405-2212,best
6:00 am – 3:15 pm +1,Delta,EWR‐ICN,20h15m,2,"DTW, SEA",9:30 am – 3:35 pm,Delta,ICN‐EWR,19h05m,1,BOS,1944,20220405-2212,best
8:00 am – 5:05 pm +1,"Delta, Korean Air",EWR‐ICN,20h05m,1,ATL,6:40 pm – 11:01 pm,"Korean Air, Delta",ICN‐EWR,17h21m,1,ATL,2266,20220405-2212,best
9:00 am – 4:25 pm +1,Delta,EWR‐ICN,18h25m,1,BOS,9:30 am – 7:03 pm,Delta,ICN‐EWR,22h33m,1,BOS,2015,20220405-2212,best
9:00 am – 5:40 pm +1,Korean Air,EWR‐ICN,19h40m,1,BOS,9:30 am – 5:24 pm,Korean Air,ICN‐EWR,20h54m,1,BOS,2066,20220405-2212,best
7:00 am – 5:05 pm +1,"Delta, Korean Air",EWR‐ICN,21h05m,1,ATL,6:40 pm – 11:01 pm,Korean Air,ICN‐EWR,17h21m,1,ATL,2275,20220405-2212,best
6:00 am – 3:15 pm +1,Delta,EWR‐ICN,20h15m,2,"DTW, SEA",9:30 am – 5:24 pm,Delta,ICN‐EWR,20h54m,1,BOS,1944,20220405-2212,best
6:30 pm – 5:00 am +2,Asiana Airlines,EWR‐ICN,21h30m,1,SFO,2:40 pm – 8:54 pm,Asiana Airlines,ICN‐EWR,19h14m,1,LAX,2131,20220405-2212,best
11:25 am – 5:30 pm +1,"ANA, Korean Air",EWR‐ICN,17h05m,1,NRT,6:40 pm – 11:01 pm,Korean Air,ICN‐EWR,17h21m,1,ATL,11907,20220405-2217,fast
11:25 am – 5:30 pm +1,"ANA, Korean Air",EWR‐ICN,17h05m,1,NRT,9:20 am – 3:04 pm,Korean Air,ICN‐EWR,18h44m,1,ATL,11907,20220405-2217,fast
11:25 am – 5:30 pm +1,"ANA, Korean Air",EWR‐ICN,17h05m,1,NRT,9:30 am – 3:35 pm,Korean Air,ICN‐EWR,19h05m,1,BOS,11907,20220405-2217,fast
9:00 am – 5:40 pm +1,Korean Air,EWR‐ICN,19h40m,1,BOS,6:40 pm – 11:01 pm,Korean Air,ICN‐EWR,17h21m,1,ATL,1757,20220405-2217,fast
6:30 am – 2:55 pm +1,United Airlines,EWR‐ICN,19h25m,1,SFO,4:50 pm – 9:44 pm,United Airlines,ICN‐EWR,17h54m,1,SFO,2869,20220405-2217,fast
9:00 am – 5:40 pm +1,Korean Air,EWR‐ICN,19h40m,1,BOS,12:00 pm – 4:40 pm,"Asiana Airlines, ANA",ICN‐EWR,17h40m,1,NRT,7839,20220405-2217,fast
8:00 am – 5:05 pm +1,"Delta, Korean Air",EWR‐ICN,20h05m,1,ATL,6:40 pm – 11:01 pm,"Korean Air, Delta",ICN‐EWR,17h21m,1,ATL,2266,20220405-2217,fast
9:00 am – 4:25 pm +1,Delta,EWR‐ICN,18h25m,1,BOS,9:30 am – 3:35 pm,Delta,ICN‐EWR,19h05m,1,BOS,2015,20220405-2217,fast
8:00 am – 5:05 pm +1,"Delta, Korean Air",EWR‐ICN,20h05m,1,ATL,12:00 pm – 4:40 pm,"Asiana Airlines, ANA",ICN‐EWR,17h40m,1,NRT,8423,20220405-2217,fast
6:00 am – 4:15 pm +1,Air Canada,EWR‐ICN,21h15m,2,"YUL, YVR",5:25 pm – 9:00 pm,Air Canada,ICN‐EWR,16h35m,1,YYZ,1878,20220405-2217,fast
6:00 am – 4:15 pm +1,Air Canada,EWR‐ICN,21h15m,2,"YYZ, YVR",5:25 pm – 9:00 pm,Air Canada,ICN‐EWR,16h35m,1,YYZ,2013,20220405-2217,fast
9:00 am – 5:40 pm +1,Korean Air,EWR‐ICN,19h40m,1,BOS,10:45 am – 4:24 pm,Korean Air,ICN‐EWR,18h39m,1,DTW,1764,20220405-2217,fast
9:00 am – 5:40 pm +1,Korean Air,EWR‐ICN,19h40m,1,BOS,9:20 am – 3:04 pm,Korean Air,ICN‐EWR,18h44m,1,ATL,2380,20220405-2217,fast
7:00 am – 5:05 pm +1,"Delta, Korean Air",EWR‐ICN,21h05m,1,ATL,6:40 pm – 11:01 pm,Korean Air,ICN‐EWR,17h21m,1,ATL,2275,20220405-2217,fast
6:30 am – 2:55 pm +1,United Airlines,EWR‐ICN,19h25m,1,SFO,2:30 pm – 8:35 pm,"Korean Air, JetBlue",ICN‐EWR,19h05m,1,LAX,2655,20220405-2217,fast
