Out Time,Out Airline,Out Cities,Out Duration,Out Stops,Out Stop Cities,Return Time,Return Airline,Return Cities,Return Duration,Return Stops,Return Stop Cities,Price,timestamp,sort
6:25 am – 4:00 pm +1,Air Canada,EWR‐ICN,20h35m,2,"YYZ, YVR",6:40 pm – 2:54 pm +1,Air Canada,ICN‐EWR,33h14m,2,"YYZ-YTZ, YUL",1301,20220406-0753,cheap
6:25 am – 4:00 pm +1,Air Canada,EWR‐ICN,20h35m,2,"YYZ, YVR",6:40 pm – 10:31 pm,Air Canada,ICN‐EWR,16h51m,1,YYZ,1307,20220406-0753,cheap
6:25 am – 4:00 pm +1,Air Canada,EWR‐ICN,20h35m,2,"YYZ, YVR",6:40 pm – 7:40 am +1,Air Canada,ICN‐EWR,26h00m,2,"YYZ, YUL",1307,20220406-0753,cheap
6:25 am – 4:00 pm +1,Air Canada,EWR‐ICN,20h35m,2,"YYZ, YVR",6:40 pm – 7:40 am +1,Air Canada,ICN‐EWR,26h00m,2,"YYZ, YUL",1307,20220406-0753,cheap
6:25 am – 4:00 pm +1,Air Canada,EWR‐ICN,20h35m,2,"YYZ, YVR",6:40 pm – 7:56 am +1,Air Canada,ICN‐EWR,26h16m,1,YYZ,1307,20220406-0753,cheap
6:25 am – 4:00 pm +1,Air Canada,EWR‐ICN,20h35m,2,"YYZ, YVR",6:40 pm – 7:45 am +1,Air Canada,ICN‐EWR,26h05m,2,"YYZ, YQB",1332,20220406-0753,cheap
9:00 pm – 5:10 pm +2,Air Canada,EWR‐ICN,31h10m,1,YYZ,6:40 pm – 10:31 pm,Air Canada,ICN‐EWR,16h51m,1,YYZ,1382,20220406-0753,cheap
6:25 am – 4:00 pm +1,Air Canada,EWR‐ICN,20h35m,2,"YYZ, YVR",4:40 pm – 12:53 am +1,United Airlines,ICN‐EWR,21h13m,1,SFO,1428,20220406-0753,cheap
6:00 am – 2:45 pm +1,United Airlines,EWR‐ICN,19h45m,1,SFO,4:40 pm – 10:08 pm,United Airlines,ICN‐EWR,18h28m,1,SFO,1682,20220406-0753,cheap
6:00 am – 2:45 pm +1,United Airlines,EWR‐ICN,19h45m,1,SFO,4:40 pm – 1:58 am +1,United Airlines,ICN‐EWR,22h18m,1,SFO,1682,20220406-0753,cheap
6:00 am – 2:45 pm +1,United Airlines,EWR‐ICN,19h45m,1,SFO,4:40 pm – 7:54 am +1,United Airlines,ICN‐EWR,28h14m,1,SFO,1700,20220406-0753,cheap
9:36 am – 4:30 pm +1,Delta,EWR‐ICN,17h54m,1,DTW,7:20 pm – 5:41 am +1,Delta,ICN‐EWR,23h21m,2,"SEA, SLC",1719,20220406-0753,cheap
6:00 am – 4:30 pm +1,Delta,EWR‐ICN,21h30m,1,DTW,7:20 pm – 5:41 am +1,Delta,ICN‐EWR,23h21m,2,"SEA, SLC",1719,20220406-0753,cheap
9:59 pm – 2:45 pm +2,United Airlines,EWR‐ICN,27h46m,2,"IAD, SFO",4:40 pm – 10:08 pm,United Airlines,ICN‐EWR,18h28m,1,SFO,1732,20220406-0753,cheap
9:00 pm – 2:45 pm +2,United Airlines,EWR‐ICN,28h45m,1,SFO,4:40 pm – 10:08 pm,United Airlines,ICN‐EWR,18h28m,1,SFO,1732,20220406-0753,cheap
9:00 pm – 5:10 pm +2,Air Canada,EWR‐ICN,31h10m,1,YYZ,6:40 pm – 10:31 pm,Air Canada,ICN‐EWR,16h51m,1,YYZ,1554,20220406-0751,best
6:25 am – 4:00 pm +1,Air Canada,EWR‐ICN,20h35m,2,"YYZ, YVR",6:40 pm – 10:31 pm,Air Canada,ICN‐EWR,16h51m,1,YYZ,1307,20220406-0751,best
6:25 am – 4:00 pm +1,Air Canada,EWR‐ICN,20h35m,2,"YYZ, YVR",6:40 pm – 2:54 pm +1,Air Canada,ICN‐EWR,33h14m,2,"YYZ-YTZ, YUL",1301,20220406-0751,best
6:00 am – 2:45 pm +1,United Airlines,EWR‐ICN,19h45m,1,SFO,4:40 pm – 10:08 pm,United Airlines,ICN‐EWR,18h28m,1,SFO,1682,20220406-0751,best
6:00 am – 2:45 pm +1,United Airlines,EWR‐ICN,19h45m,1,SFO,4:40 pm – 11:58 pm,United Airlines,ICN‐EWR,20h18m,1,SFO,1740,20220406-0751,best
6:00 am – 2:45 pm +1,United Airlines,EWR‐ICN,19h45m,1,SFO,4:40 pm – 11:29 pm,United Airlines,ICN‐EWR,19h49m,2,"SFO, IAD",1744,20220406-0751,best
6:59 am – 3:15 pm +1,American Airlines,EWR‐ICN,19h16m,1,DFW,5:25 pm – 11:26 pm,American Airlines,ICN‐EWR,19h01m,1,DFW,1950,20220406-0751,best
9:36 am – 4:30 pm +1,Korean Air,EWR‐ICN,17h54m,1,DTW,9:20 am – 3:35 pm,Korean Air,ICN‐EWR,19h15m,1,ATL,2064,20220406-0751,best
6:00 am – 2:45 pm +1,United Airlines,EWR‐ICN,19h45m,1,SFO,4:40 pm – 1:58 am +1,United Airlines,ICN‐EWR,22h18m,1,SFO,1682,20220406-0751,best
6:00 am – 2:45 pm +1,United Airlines,EWR‐ICN,19h45m,1,SFO,4:40 pm – 12:53 am +1,United Airlines,ICN‐EWR,21h13m,1,SFO,1740,20220406-0751,best
9:36 am – 4:30 pm +1,Korean Air,EWR‐ICN,17h54m,1,DTW,6:40 pm – 10:31 pm,Air Canada,ICN‐EWR,16h51m,1,YYZ,2280,20220406-0751,best
5:00 am – 2:45 pm +1,United Airlines,EWR‐ICN,20h45m,2,"ORD, SFO",4:40 pm – 10:08 pm,United Airlines,ICN‐EWR,18h28m,1,SFO,1740,20220406-0751,best
9:36 am – 4:30 pm +1,Delta,EWR‐ICN,17h54m,1,DTW,7:20 pm – 5:41 am +1,Delta,ICN‐EWR,23h21m,2,"SEA, SLC",1719,20220406-0751,best
9:36 am – 4:30 pm +1,Delta,EWR‐ICN,17h54m,1,DTW,2:30 pm – 10:59 pm,Delta,ICN‐EWR,21h29m,2,"LAX, DTW",1894,20220406-0751,best
6:25 am – 4:00 pm +1,Air Canada,EWR‐ICN,20h35m,2,"YYZ, YVR",6:40 pm – 7:56 am +1,Air Canada,ICN‐EWR,26h16m,1,YYZ,1307,20220406-0751,best
9:36 am – 4:30 pm +1,Delta,EWR‐ICN,17h54m,1,DTW,2:30 pm – 11:23 pm,Delta,ICN‐EWR,21h53m,2,"LAX, ATL",1894,20220406-0751,best
9:36 am – 4:30 pm +1,Delta,EWR‐ICN,17h54m,1,DTW,2:30 pm – 11:26 pm,Delta,ICN‐EWR,21h56m,2,"LAX, MSP",1894,20220406-0751,best
9:36 am – 4:30 pm +1,Korean Air,EWR‐ICN,17h54m,1,DTW,6:40 pm – 10:31 pm,Air Canada,ICN‐EWR,16h51m,1,YYZ,2280,20220406-0756,fast
9:36 am – 4:30 pm +1,Korean Air,EWR‐ICN,17h54m,1,DTW,8:40 pm – 1:58 am +1,Asiana Airlines,ICN‐EWR,18h18m,1,SFO,3063,20220406-0756,fast
8:45 am – 4:20 pm +1,Korean Air,EWR‐ICN,18h35m,1,ATL,8:40 pm – 1:58 am +1,Asiana Airlines,ICN‐EWR,18h18m,1,SFO,3442,20220406-0756,fast
9:36 am – 4:30 pm +1,Korean Air,EWR‐ICN,17h54m,1,DTW,5:25 pm – 11:26 pm,"Korean Air, American Airlines",ICN‐EWR,19h01m,1,DFW,2376,20220406-0756,fast
9:36 am – 4:30 pm +1,Korean Air,EWR‐ICN,17h54m,1,DTW,9:20 am – 3:35 pm,Korean Air,ICN‐EWR,19h15m,1,ATL,2064,20220406-0756,fast
6:25 am – 4:00 pm +1,Air Canada,EWR‐ICN,20h35m,2,"YYZ, YVR",6:40 pm – 10:31 pm,Air Canada,ICN‐EWR,16h51m,1,YYZ,1307,20220406-0756,fast
8:45 am – 4:20 pm +1,Korean Air,EWR‐ICN,18h35m,1,ATL,5:25 pm – 11:26 pm,"Korean Air, American Airlines",ICN‐EWR,19h01m,1,DFW,2667,20220406-0756,fast
8:45 am – 4:20 pm +1,Korean Air,EWR‐ICN,18h35m,1,ATL,9:20 am – 3:35 pm,Korean Air,ICN‐EWR,19h15m,1,ATL,2304,20220406-0756,fast
6:00 pm – 4:00 am +2,Asiana Airlines,EWR‐ICN,21h00m,1,LAX,6:40 pm – 10:31 pm,Air Canada,ICN‐EWR,16h51m,1,YYZ,3520,20220406-0756,fast
5:00 am – 2:45 pm +1,United Airlines,EWR‐ICN,20h45m,2,"ORD, SFO",6:40 pm – 10:58 pm,"Air Canada, United Airlines",ICN‐EWR,17h18m,1,YYZ,5520,20220406-0756,fast
6:00 am – 2:45 pm +1,United Airlines,EWR‐ICN,19h45m,1,SFO,4:40 pm – 10:08 pm,United Airlines,ICN‐EWR,18h28m,1,SFO,1682,20220406-0756,fast
7:00 am – 3:00 pm +1,Korean Air,EWR‐ICN,19h00m,1,ATL,9:20 am – 3:35 pm,Korean Air,ICN‐EWR,19h15m,1,ATL,2303,20220406-0756,fast
6:59 am – 3:15 pm +1,American Airlines,EWR‐ICN,19h16m,1,DFW,5:25 pm – 11:26 pm,American Airlines,ICN‐EWR,19h01m,1,DFW,1950,20220406-0756,fast
5:00 am – 4:00 pm +1,Air Canada,EWR‐ICN,22h00m,2,"ORD, YVR",6:40 pm – 10:31 pm,Air Canada,ICN‐EWR,16h51m,1,YYZ,1970,20220406-0756,fast
5:00 am – 2:45 pm +1,United Airlines,EWR‐ICN,20h45m,2,"ORD, SFO",4:40 pm – 10:08 pm,United Airlines,ICN‐EWR,18h28m,1,SFO,1740,20220406-0756,fast
