Out Time,Out Airline,Out Cities,Out Duration,Out Stops,Out Stop Cities,Return Time,Return Airline,Return Cities,Return Duration,Return Stops,Return Stop Cities,Price,timestamp,sort
6:15 pm – 4:00 pm +2,Air Canada,EWR‐ICN,32h45m,1,YVR,5:45 pm – 7:42 am +1,Air Canada,ICN‐EWR,26h57m,2,"YVR, YUL",1466,20220406-0505,cheap
9:05 am – 5:10 pm +1,Air Canada,EWR‐ICN,19h05m,1,YYZ,5:45 pm – 7:42 am +1,Air Canada,ICN‐EWR,26h57m,2,"YVR, YUL",1566,20220406-0505,cheap
9:05 am – 5:10 pm +1,Air Canada,EWR‐ICN,19h05m,1,YYZ,5:45 pm – 7:42 am +1,Air Canada,ICN‐EWR,26h57m,2,"YVR, YUL",1566,20220406-0505,cheap
9:05 am – 5:10 pm +1,Air Canada,EWR‐ICN,19h05m,1,YYZ,5:45 pm – 7:51 am +1,Air Canada,ICN‐EWR,27h06m,2,"YVR, YQB",1566,20220406-0505,cheap
9:05 am – 5:10 pm +1,Air Canada,EWR‐ICN,19h05m,1,YYZ,5:45 pm – 9:59 am +1,Air Canada,ICN‐EWR,29h14m,2,"YVR, YUL",1566,20220406-0505,cheap
9:05 am – 5:10 pm +1,Air Canada,EWR‐ICN,19h05m,1,YYZ,5:45 pm – 9:59 am +1,Air Canada,ICN‐EWR,29h14m,2,"YVR, YUL",1566,20220406-0505,cheap
9:05 am – 5:10 pm +1,Air Canada,EWR‐ICN,19h05m,1,YYZ,5:45 pm – 9:59 am +1,Air Canada,ICN‐EWR,29h14m,2,"YVR, YUL",1566,20220406-0505,cheap
6:25 am – 5:10 pm +1,Air Canada,EWR‐ICN,21h45m,1,YYZ,5:45 pm – 7:42 am +1,Air Canada,ICN‐EWR,26h57m,2,"YVR, YUL",1566,20220406-0505,cheap
6:25 am – 5:10 pm +1,Air Canada,EWR‐ICN,21h45m,1,YYZ,5:45 pm – 7:42 am +1,Air Canada,ICN‐EWR,26h57m,2,"YVR, YUL",1566,20220406-0505,cheap
9:36 am – 4:30 pm +1,Korean Air,EWR‐ICN,17h54m,1,DTW,9:20 am – 3:35 pm,Korean Air,ICN‐EWR,19h15m,1,ATL,1707,20220406-0505,cheap
6:00 am – 4:30 pm +1,Korean Air,EWR‐ICN,21h30m,1,DTW,9:20 am – 3:35 pm,Korean Air,ICN‐EWR,19h15m,1,ATL,1707,20220406-0505,cheap
9:36 am – 4:30 pm +1,Korean Air,EWR‐ICN,17h54m,1,DTW,9:20 am – 11:23 pm,Korean Air,ICN‐EWR,27h03m,1,ATL,1707,20220406-0505,cheap
6:00 am – 4:30 pm +1,Korean Air,EWR‐ICN,21h30m,1,DTW,9:20 am – 11:23 pm,Korean Air,ICN‐EWR,27h03m,1,ATL,1707,20220406-0505,cheap
9:36 am – 4:30 pm +1,"Delta, Korean Air",EWR‐ICN,17h54m,1,DTW,6:40 pm – 12:45 am +1,"Korean Air, Delta",ICN‐EWR,19h05m,1,ATL,1763,20220406-0505,cheap
9:36 am – 4:30 pm +1,"Delta, Korean Air",EWR‐ICN,17h54m,1,DTW,10:45 am – 3:57 pm,Korean Air,ICN‐EWR,18h12m,1,DTW,1764,20220406-0505,cheap
8:55 pm – 8:45 am +2,Lufthansa,EWR‐ICN,22h50m,1,MUC,10:15 am – 7:10 pm,Lufthansa,ICN‐EWR,21h55m,1,MUC,1836,20220406-0503,best
9:36 am – 4:30 pm +1,"Delta, Korean Air",EWR‐ICN,17h54m,1,DTW,10:45 am – 3:57 pm,Korean Air,ICN‐EWR,18h12m,1,DTW,1764,20220406-0503,best
6:15 pm – 4:00 pm +2,Air Canada,EWR‐ICN,32h45m,1,YVR,5:45 pm – 7:42 am +1,Air Canada,ICN‐EWR,26h57m,2,"YVR, YUL",1466,20220406-0503,best
9:36 am – 4:30 pm +1,Korean Air,EWR‐ICN,17h54m,1,DTW,9:20 am – 3:35 pm,Korean Air,ICN‐EWR,19h15m,1,ATL,1707,20220406-0503,best
9:36 am – 4:30 pm +1,"Delta, Korean Air",EWR‐ICN,17h54m,1,DTW,6:40 pm – 12:45 am +1,"Korean Air, Delta",ICN‐EWR,19h05m,1,ATL,1763,20220406-0503,best
9:36 am – 4:30 pm +1,"Delta, Korean Air",EWR‐ICN,17h54m,1,DTW,6:40 pm – 11:23 pm,Korean Air,ICN‐EWR,17h43m,1,ATL,2016,20220406-0503,best
9:36 am – 4:30 pm +1,Korean Air,EWR‐ICN,17h54m,1,DTW,9:30 am – 2:00 pm,Korean Air,ICN‐EWR,17h30m,1,BOS,2041,20220406-0503,best
8:40 am – 4:25 pm +1,"Delta, Korean Air",EWR‐ICN,18h45m,1,BOS,10:45 am – 3:57 pm,Korean Air,ICN‐EWR,18h12m,1,DTW,2116,20220406-0503,best
6:00 am – 4:30 pm +1,Korean Air,EWR‐ICN,21h30m,1,DTW,9:20 am – 3:35 pm,Korean Air,ICN‐EWR,19h15m,1,ATL,1707,20220406-0503,best
8:40 am – 4:25 pm +1,Korean Air,EWR‐ICN,18h45m,1,BOS,9:20 am – 3:35 pm,Korean Air,ICN‐EWR,19h15m,1,ATL,2041,20220406-0503,best
6:00 am – 4:30 pm +1,Korean Air,EWR‐ICN,21h30m,1,DTW,9:30 am – 2:00 pm,Korean Air,ICN‐EWR,17h30m,1,BOS,2041,20220406-0503,best
8:40 am – 4:25 pm +1,Korean Air,EWR‐ICN,18h45m,1,BOS,6:40 pm – 11:23 pm,Korean Air,ICN‐EWR,17h43m,1,ATL,2368,20220406-0503,best
9:36 am – 4:30 pm +1,Delta,EWR‐ICN,17h54m,1,DTW,4:40 pm – 10:59 pm,Delta,ICN‐EWR,19h19m,2,"SEA, DTW",2169,20220406-0503,best
8:45 am – 4:20 pm +1,Korean Air,EWR‐ICN,18h35m,1,ATL,10:45 am – 3:57 pm,Korean Air,ICN‐EWR,18h12m,1,DTW,2367,20220406-0503,best
8:40 am – 4:25 pm +1,Korean Air,EWR‐ICN,18h45m,1,BOS,9:30 am – 2:00 pm,Korean Air,ICN‐EWR,17h30m,1,BOS,2453,20220406-0503,best
6:00 am – 4:30 pm +1,Korean Air,EWR‐ICN,21h30m,1,DTW,10:45 am – 3:57 pm,Korean Air,ICN‐EWR,18h12m,1,DTW,2040,20220406-0503,best
8:45 am – 4:20 pm +1,Korean Air,EWR‐ICN,18h35m,1,ATL,9:20 am – 3:35 pm,Korean Air,ICN‐EWR,19h15m,1,ATL,2278,20220406-0503,best
9:36 am – 4:30 pm +1,Korean Air,EWR‐ICN,17h54m,1,DTW,9:30 am – 2:00 pm,Korean Air,ICN‐EWR,17h30m,1,BOS,2041,20220406-0508,fast
9:36 am – 4:30 pm +1,"Delta, Korean Air",EWR‐ICN,17h54m,1,DTW,6:40 pm – 11:23 pm,Korean Air,ICN‐EWR,17h43m,1,ATL,2016,20220406-0508,fast
8:45 am – 4:20 pm +1,Korean Air,EWR‐ICN,18h35m,1,ATL,9:30 am – 2:00 pm,Korean Air,ICN‐EWR,17h30m,1,BOS,2718,20220406-0508,fast
9:36 am – 4:30 pm +1,"Delta, Korean Air",EWR‐ICN,17h54m,1,DTW,10:45 am – 3:57 pm,Korean Air,ICN‐EWR,18h12m,1,DTW,1764,20220406-0508,fast
8:40 am – 4:25 pm +1,Korean Air,EWR‐ICN,18h45m,1,BOS,9:30 am – 2:00 pm,Korean Air,ICN‐EWR,17h30m,1,BOS,2453,20220406-0508,fast
8:45 am – 4:20 pm +1,Korean Air,EWR‐ICN,18h35m,1,ATL,6:40 pm – 11:23 pm,Korean Air,ICN‐EWR,17h43m,1,ATL,2603,20220406-0508,fast
8:40 am – 4:25 pm +1,Korean Air,EWR‐ICN,18h45m,1,BOS,6:40 pm – 11:23 pm,Korean Air,ICN‐EWR,17h43m,1,ATL,2368,20220406-0508,fast
8:45 am – 4:20 pm +1,Korean Air,EWR‐ICN,18h35m,1,ATL,10:45 am – 3:57 pm,Korean Air,ICN‐EWR,18h12m,1,DTW,2367,20220406-0508,fast
8:40 am – 4:25 pm +1,"Delta, Korean Air",EWR‐ICN,18h45m,1,BOS,10:45 am – 3:57 pm,Korean Air,ICN‐EWR,18h12m,1,DTW,2116,20220406-0508,fast
9:36 am – 4:30 pm +1,"Delta, Korean Air",EWR‐ICN,17h54m,1,DTW,6:40 pm – 12:45 am +1,"Korean Air, Delta",ICN‐EWR,19h05m,1,ATL,1763,20220406-0508,fast
6:29 am – 2:45 pm +1,United Airlines,EWR‐ICN,19h16m,1,SFO,4:40 pm – 9:25 pm,United Airlines,ICN‐EWR,17h45m,1,SFO,3045,20220406-0508,fast
9:36 am – 4:30 pm +1,Korean Air,EWR‐ICN,17h54m,1,DTW,9:20 am – 3:35 pm,Korean Air,ICN‐EWR,19h15m,1,ATL,1707,20220406-0508,fast
9:36 am – 4:30 pm +1,"Delta, Korean Air",EWR‐ICN,17h54m,1,DTW,9:35 am – 3:51 pm,"Korean Air, Air Canada",ICN‐EWR,19h16m,1,YYZ,2784,20220406-0508,fast
9:36 am – 4:30 pm +1,Delta,EWR‐ICN,17h54m,1,DTW,4:40 pm – 10:59 pm,Delta,ICN‐EWR,19h19m,2,"SEA, DTW",2169,20220406-0508,fast
6:59 am – 3:15 pm +1,"American Airlines, Korean Air",EWR‐ICN,19h16m,1,DFW,10:45 am – 3:57 pm,Korean Air,ICN‐EWR,18h12m,1,DTW,3230,20220406-0508,fast
