Out Time,Out Airline,Out Cities,Out Duration,Out Stops,Out Stop Cities,Return Time,Return Airline,Return Cities,Return Duration,Return Stops,Return Stop Cities,Price,timestamp,sort
9:00 pm – 6:15 am +3,United Airlines,EWR‐SIN,45h15m,1,SFO,8:45 am – 8:06 pm,United Airlines,SIN‐EWR,23h21m,1,SFO,928,20220407-1303,cheap
6:00 pm – 6:15 am +2,United Airlines,EWR‐SIN,24h15m,1,SFO,8:45 am – 8:06 pm,United Airlines,SIN‐EWR,23h21m,1,SFO,1022,20220407-1303,cheap
5:00 pm – 6:15 am +2,United Airlines,EWR‐SIN,25h15m,1,SFO,8:45 am – 8:06 pm,United Airlines,SIN‐EWR,23h21m,1,SFO,1022,20220407-1303,cheap
6:00 pm – 6:15 am +2,United Airlines,EWR‐SIN,24h15m,1,SFO,8:45 am – 10:00 pm,United Airlines,SIN‐EWR,25h15m,1,SFO,1022,20220407-1303,cheap
4:00 pm – 6:15 am +2,United Airlines,EWR‐SIN,26h15m,1,SFO,8:45 am – 8:06 pm,United Airlines,SIN‐EWR,23h21m,1,SFO,1022,20220407-1303,cheap
5:00 pm – 6:15 am +2,United Airlines,EWR‐SIN,25h15m,1,SFO,8:45 am – 10:00 pm,United Airlines,SIN‐EWR,25h15m,1,SFO,1022,20220407-1303,cheap
3:00 pm – 6:15 am +2,United Airlines,EWR‐SIN,27h15m,1,SFO,8:45 am – 8:06 pm,United Airlines,SIN‐EWR,23h21m,1,SFO,1022,20220407-1303,cheap
2:59 pm – 6:15 am +2,United Airlines,EWR‐SIN,27h16m,2,"ORD, SFO",8:45 am – 8:06 pm,United Airlines,SIN‐EWR,23h21m,1,SFO,1022,20220407-1303,cheap
2:59 pm – 6:15 am +2,United Airlines,EWR‐SIN,27h16m,2,"ORD, SFO",8:45 am – 8:06 pm,United Airlines,SIN‐EWR,23h21m,1,SFO,1022,20220407-1303,cheap
4:00 pm – 6:15 am +2,United Airlines,EWR‐SIN,26h15m,1,SFO,8:45 am – 10:00 pm,United Airlines,SIN‐EWR,25h15m,1,SFO,1022,20220407-1303,cheap
2:00 pm – 6:15 am +2,United Airlines,EWR‐SIN,28h15m,1,SFO,8:45 am – 8:06 pm,United Airlines,SIN‐EWR,23h21m,1,SFO,1022,20220407-1303,cheap
6:00 pm – 6:15 am +2,United Airlines,EWR‐SIN,24h15m,1,SFO,8:45 am – 12:45 am +1,United Airlines,SIN‐EWR,28h00m,1,SFO,1022,20220407-1303,cheap
1:15 pm – 6:15 am +2,United Airlines,EWR‐SIN,29h00m,2,"ORD, SFO",8:45 am – 8:06 pm,United Airlines,SIN‐EWR,23h21m,1,SFO,1022,20220407-1303,cheap
3:00 pm – 6:15 am +2,United Airlines,EWR‐SIN,27h15m,1,SFO,8:45 am – 10:00 pm,United Airlines,SIN‐EWR,25h15m,1,SFO,1022,20220407-1303,cheap
1:00 pm – 6:15 am +2,United Airlines,EWR‐SIN,29h15m,2,"DCA, SFO",8:45 am – 8:06 pm,United Airlines,SIN‐EWR,23h21m,1,SFO,1022,20220407-1303,cheap
8:25 am – 12:20 am +2,"Alaska Airlines, Japan Airlines",EWR‐SIN,27h55m,2,"SFO, NRT",8:10 am – 6:59 am +1,"Japan Airlines, Alaska Airlines",SIN‐EWR,34h49m,2,"NRT, SFO",1405,20220407-1301,best
6:00 pm – 6:15 am +2,United Airlines,EWR‐SIN,24h15m,1,SFO,8:45 am – 8:06 pm,United Airlines,SIN‐EWR,23h21m,1,SFO,1022,20220407-1301,best
9:00 pm – 6:15 am +3,United Airlines,EWR‐SIN,45h15m,1,SFO,8:45 am – 8:06 pm,United Airlines,SIN‐EWR,23h21m,1,SFO,928,20220407-1301,best
5:00 pm – 6:15 am +2,United Airlines,EWR‐SIN,25h15m,1,SFO,8:45 am – 8:06 pm,United Airlines,SIN‐EWR,23h21m,1,SFO,1022,20220407-1301,best
11:35 am – 12:35 am +2,ANA,EWR‐SIN,25h00m,1,NRT,6:10 am – 4:40 pm,ANA,SIN‐EWR,22h30m,1,NRT,1100,20220407-1301,best
6:00 pm – 6:15 am +2,United Airlines,EWR‐SIN,24h15m,1,SFO,8:45 am – 10:00 pm,United Airlines,SIN‐EWR,25h15m,1,SFO,1022,20220407-1301,best
4:00 pm – 6:15 am +2,United Airlines,EWR‐SIN,26h15m,1,SFO,8:45 am – 8:06 pm,United Airlines,SIN‐EWR,23h21m,1,SFO,1022,20220407-1301,best
6:00 pm – 6:15 am +2,United Airlines,EWR‐SIN,24h15m,1,SFO,8:45 am – 7:20 pm,United Airlines,SIN‐EWR,22h35m,1,SFO,1125,20220407-1301,best
11:35 am – 12:35 am +2,"United Airlines, ANA",EWR‐SIN,25h00m,1,NRT,8:45 am – 7:20 pm,United Airlines,SIN‐EWR,22h35m,1,SFO,1135,20220407-1301,best
10:55 am – 12:35 am +2,ANA,EWR‐SIN,25h40m,1,HND-NRT,6:10 am – 4:40 pm,ANA,SIN‐EWR,22h30m,1,NRT,1113,20220407-1301,best
5:00 pm – 6:15 am +2,United Airlines,EWR‐SIN,25h15m,1,SFO,8:45 am – 10:00 pm,United Airlines,SIN‐EWR,25h15m,1,SFO,1022,20220407-1301,best
3:00 pm – 6:15 am +2,United Airlines,EWR‐SIN,27h15m,1,SFO,8:45 am – 8:06 pm,United Airlines,SIN‐EWR,23h21m,1,SFO,1022,20220407-1301,best
5:00 pm – 6:15 am +2,United Airlines,EWR‐SIN,25h15m,1,SFO,8:45 am – 7:20 pm,United Airlines,SIN‐EWR,22h35m,1,SFO,1125,20220407-1301,best
4:00 pm – 6:15 am +2,United Airlines,EWR‐SIN,26h15m,1,SFO,8:45 am – 10:00 pm,United Airlines,SIN‐EWR,25h15m,1,SFO,1022,20220407-1301,best
2:00 pm – 6:15 am +2,United Airlines,EWR‐SIN,28h15m,1,SFO,8:45 am – 8:06 pm,United Airlines,SIN‐EWR,23h21m,1,SFO,1022,20220407-1301,best
2:59 pm – 6:15 am +2,United Airlines,EWR‐SIN,27h16m,2,"ORD, SFO",8:45 am – 8:06 pm,United Airlines,SIN‐EWR,23h21m,1,SFO,1022,20220407-1301,best
2:59 pm – 6:15 am +2,United Airlines,EWR‐SIN,27h16m,2,"ORD, SFO",8:45 am – 8:06 pm,United Airlines,SIN‐EWR,23h21m,1,SFO,1022,20220407-1301,best
10:25 am – 5:10 pm +1,Singapore Airlines,EWR‐SIN,18h45m,0,,11:35 pm – 6:00 am +1,Singapore Airlines,SIN‐EWR,18h25m,0,,1604,20220407-1305,fast
10:25 am – 5:10 pm +1,Singapore Airlines,EWR‐SIN,18h45m,0,,7:00 am – 4:49 pm,"Singapore Airlines, Air Canada",SIN‐EWR,21h49m,1,YVR,7249,20220407-1305,fast
6:00 pm – 6:15 am +2,United Airlines,EWR‐SIN,24h15m,1,SFO,11:35 pm – 6:00 am +1,Singapore Airlines,SIN‐EWR,18h25m,0,,1592,20220407-1305,fast
10:25 am – 5:10 pm +1,Singapore Airlines,EWR‐SIN,18h45m,0,,6:40 pm – 6:59 am +1,Singapore Airlines,SIN‐EWR,24h19m,1,SFO,1967,20220407-1305,fast
11:35 am – 12:35 am +2,ANA,EWR‐SIN,25h00m,1,NRT,11:35 pm – 6:00 am +1,Singapore Airlines,SIN‐EWR,18h25m,0,,1645,20220407-1305,fast
5:00 pm – 6:15 am +2,United Airlines,EWR‐SIN,25h15m,1,SFO,11:35 pm – 6:00 am +1,Singapore Airlines,SIN‐EWR,18h25m,0,,1592,20220407-1305,fast
8:45 am – 11:40 pm +1,Korean Air,EWR‐SIN,26h55m,2,"ATL, ICN",11:35 pm – 6:00 am +1,Singapore Airlines,SIN‐EWR,18h25m,0,,1589,20220407-1305,fast
4:00 pm – 7:50 am +2,Singapore Airlines,EWR‐SIN,27h50m,1,LAX,11:35 pm – 6:00 am +1,Singapore Airlines,SIN‐EWR,18h25m,0,,6753,20220407-1305,fast
9:00 am – 1:15 am +2,Singapore Airlines,EWR‐SIN,28h15m,2,"LAX, NRT",11:35 pm – 6:00 am +1,Singapore Airlines,SIN‐EWR,18h25m,0,,6659,20220407-1305,fast
6:00 pm – 6:15 am +2,United Airlines,EWR‐SIN,24h15m,1,SFO,6:10 am – 4:40 pm,"ANA, United Airlines",SIN‐EWR,22h30m,1,NRT,1232,20220407-1305,fast
6:00 pm – 6:15 am +2,United Airlines,EWR‐SIN,24h15m,1,SFO,8:45 am – 7:20 pm,United Airlines,SIN‐EWR,22h35m,1,SFO,1125,20220407-1305,fast
7:00 am – 11:40 pm +1,Korean Air,EWR‐SIN,28h40m,2,"ATL, ICN",11:35 pm – 6:00 am +1,Singapore Airlines,SIN‐EWR,18h25m,0,,1589,20220407-1305,fast
7:30 pm – 6:50 am +2,Lufthansa,EWR‐SIN,23h20m,1,FRA,12:30 am – 12:25 pm,Lufthansa,SIN‐EWR,23h55m,1,MUC,2686,20220407-1305,fast
6:15 pm – 5:55 am +2,SWISS,EWR‐SIN,23h40m,1,ZRH,1:25 am – 1:10 pm,SWISS,SIN‐EWR,23h45m,1,ZRH,2666,20220407-1305,fast
11:35 am – 12:35 am +2,ANA,EWR‐SIN,25h00m,1,NRT,6:10 am – 4:40 pm,ANA,SIN‐EWR,22h30m,1,NRT,1100,20220407-1305,fast
