Out Time,Out Airline,Out Cities,Out Duration,Out Stops,Out Stop Cities,Return Time,Return Airline,Return Cities,Return Duration,Return Stops,Return Stop Cities,Price,timestamp,sort
9:05 am – 5:10 pm +1,Air Canada,EWR‐ICN,19h05m,1,YYZ,5:50 pm – 8:34 am +1,Air Canada,ICN‐EWR,27h44m,2,"YVR, YUL",1724,20220406-0203,cheap
9:05 am – 5:10 pm +1,Air Canada,EWR‐ICN,19h05m,1,YYZ,5:50 pm – 9:57 am +1,Air Canada,ICN‐EWR,29h07m,2,"YVR, YUL",1724,20220406-0203,cheap
9:05 am – 5:10 pm +1,Air Canada,EWR‐ICN,19h05m,1,YYZ,5:50 pm – 9:57 am +1,Air Canada,ICN‐EWR,29h07m,2,"YVR, YUL",1724,20220406-0203,cheap
8:01 am – 5:10 pm +1,Air Canada,EWR‐ICN,20h09m,1,YYZ,5:50 pm – 8:34 am +1,Air Canada,ICN‐EWR,27h44m,2,"YVR, YUL",1888,20220406-0203,cheap
6:29 am – 2:55 pm +1,United Airlines,EWR‐ICN,19h26m,1,SFO,4:40 pm – 5:12 am +1,United Airlines,ICN‐EWR,25h32m,1,SFO,1897,20220406-0203,cheap
6:29 am – 2:55 pm +1,United Airlines,EWR‐ICN,19h26m,1,SFO,4:40 pm – 7:00 am +1,United Airlines,ICN‐EWR,27h20m,1,SFO,1897,20220406-0203,cheap
6:29 am – 2:55 pm +1,United Airlines,EWR‐ICN,19h26m,1,SFO,4:40 pm – 8:19 am +1,United Airlines,ICN‐EWR,28h39m,1,SFO,1915,20220406-0203,cheap
9:05 am – 5:10 pm +1,Air Canada,EWR‐ICN,19h05m,1,YYZ,8:40 pm – 7:00 am +1,"Asiana Airlines, Alaska Airlines",ICN‐EWR,23h20m,1,LAX,2242,20220406-0203,cheap
6:00 am – 5:50 pm +1,Delta,EWR‐ICN,22h50m,2,"ATL, LAX",2:30 pm – 10:59 pm,Delta,ICN‐EWR,21h29m,2,"LAX, ATL",2269,20220406-0203,cheap
6:00 am – 5:50 pm +1,Delta,EWR‐ICN,22h50m,2,"ATL, LAX",2:30 pm – 12:24 am +1,Delta,ICN‐EWR,22h54m,2,"LAX, DTW",2269,20220406-0203,cheap
6:00 am – 5:50 pm +1,Delta,EWR‐ICN,22h50m,2,"ATL, LAX",2:30 pm – 12:24 am +1,Delta,ICN‐EWR,22h54m,2,"LAX, DTW",2269,20220406-0203,cheap
6:00 am – 5:50 pm +1,Delta,EWR‐ICN,22h50m,2,"ATL, LAX",2:30 pm – 12:48 am +1,Delta,ICN‐EWR,23h18m,2,"LAX, ATL",2269,20220406-0203,cheap
6:00 am – 5:50 pm +1,Delta,EWR‐ICN,22h50m,2,"ATL, LAX",2:30 pm – 12:48 am +1,Delta,ICN‐EWR,23h18m,2,"LAX, ATL",2269,20220406-0203,cheap
6:00 am – 5:50 pm +1,Delta,EWR‐ICN,22h50m,2,"ATL, LAX",2:30 pm – 12:48 am +1,Delta,ICN‐EWR,23h18m,2,"LAX, ATL",2269,20220406-0203,cheap
3:11 pm – 4:50 am +2,Delta,EWR‐ICN,24h39m,2,"MSP, LAX",2:30 pm – 10:59 pm,Delta,ICN‐EWR,21h29m,2,"LAX, ATL",2269,20220406-0203,cheap
8:40 am – 4:25 pm +1,Korean Air,EWR‐ICN,18h45m,1,BOS,6:20 pm – 6:04 am +1,"Asiana Airlines, Alaska Airlines",ICN‐EWR,24h44m,1,SEA,2576,20220406-0200,best
6:29 am – 2:55 pm +1,United Airlines,EWR‐ICN,19h26m,1,SFO,4:40 pm – 9:49 pm,United Airlines,ICN‐EWR,18h09m,1,SFO,2501,20220406-0200,best
9:05 am – 5:10 pm +1,Air Canada,EWR‐ICN,19h05m,1,YYZ,5:50 pm – 8:34 am +1,Air Canada,ICN‐EWR,27h44m,2,"YVR, YUL",1724,20220406-0200,best
8:40 am – 4:25 pm +1,Korean Air,EWR‐ICN,18h45m,1,BOS,9:20 am – 4:43 pm,Korean Air,ICN‐EWR,20h23m,1,ATL,2508,20220406-0200,best
6:29 am – 2:55 pm +1,United Airlines,EWR‐ICN,19h26m,1,SFO,4:40 pm – 5:12 am +1,United Airlines,ICN‐EWR,25h32m,1,SFO,1897,20220406-0200,best
8:40 am – 4:25 pm +1,Korean Air,EWR‐ICN,18h45m,1,BOS,9:20 am – 3:07 pm,Korean Air,ICN‐EWR,18h47m,1,ATL,2754,20220406-0200,best
6:29 am – 2:55 pm +1,United Airlines,EWR‐ICN,19h26m,1,SFO,4:40 pm – 12:49 am +1,United Airlines,ICN‐EWR,21h09m,1,SFO,2501,20220406-0200,best
6:29 am – 2:55 pm +1,United Airlines,EWR‐ICN,19h26m,1,SFO,4:40 pm – 7:00 am +1,United Airlines,ICN‐EWR,27h20m,1,SFO,1897,20220406-0200,best
8:00 am – 3:50 pm +1,Korean Air,EWR‐ICN,18h50m,1,ATL,9:20 am – 4:43 pm,Korean Air,ICN‐EWR,20h23m,1,ATL,2745,20220406-0200,best
9:05 am – 5:10 pm +1,Air Canada,EWR‐ICN,19h05m,1,YYZ,5:50 pm – 9:57 am +1,Air Canada,ICN‐EWR,29h07m,2,"YVR, YUL",1724,20220406-0200,best
9:05 am – 5:10 pm +1,Air Canada,EWR‐ICN,19h05m,1,YYZ,5:50 pm – 9:57 am +1,Air Canada,ICN‐EWR,29h07m,2,"YVR, YUL",1724,20220406-0200,best
8:00 am – 4:20 pm +1,Korean Air,EWR‐ICN,19h20m,1,ATL,9:20 am – 4:43 pm,Korean Air,ICN‐EWR,20h23m,1,ATL,2745,20220406-0200,best
8:00 am – 3:50 pm +1,Korean Air,EWR‐ICN,18h50m,1,ATL,9:20 am – 3:07 pm,Korean Air,ICN‐EWR,18h47m,1,ATL,2991,20220406-0200,best
6:29 am – 2:55 pm +1,United Airlines,EWR‐ICN,19h26m,1,SFO,4:40 pm – 8:19 am +1,United Airlines,ICN‐EWR,28h39m,1,SFO,1915,20220406-0200,best
8:40 am – 4:25 pm +1,Delta,EWR‐ICN,18h45m,1,BOS,9:20 am – 7:11 pm,Delta,ICN‐EWR,22h51m,1,ATL,2605,20220406-0200,best
7:00 am – 3:50 pm +1,Korean Air,EWR‐ICN,19h50m,1,ATL,9:20 am – 4:43 pm,Korean Air,ICN‐EWR,20h23m,1,ATL,2745,20220406-0200,best
8:40 am – 4:25 pm +1,Korean Air,EWR‐ICN,18h45m,1,BOS,9:20 am – 3:07 pm,Korean Air,ICN‐EWR,18h47m,1,ATL,2754,20220406-0205,fast
6:29 am – 2:55 pm +1,United Airlines,EWR‐ICN,19h26m,1,SFO,4:40 pm – 9:49 pm,United Airlines,ICN‐EWR,18h09m,1,SFO,2501,20220406-0205,fast
8:00 am – 3:50 pm +1,Korean Air,EWR‐ICN,18h50m,1,ATL,9:20 am – 3:07 pm,Korean Air,ICN‐EWR,18h47m,1,ATL,2991,20220406-0205,fast
8:00 am – 4:20 pm +1,Korean Air,EWR‐ICN,19h20m,1,ATL,9:20 am – 3:07 pm,Korean Air,ICN‐EWR,18h47m,1,ATL,2991,20220406-0205,fast
7:00 am – 3:50 pm +1,Korean Air,EWR‐ICN,19h50m,1,ATL,9:20 am – 3:07 pm,Korean Air,ICN‐EWR,18h47m,1,ATL,2991,20220406-0205,fast
6:39 am – 3:15 pm +1,American Airlines,EWR‐ICN,19h36m,1,DFW,5:25 pm – 11:28 pm,American Airlines,ICN‐EWR,19h03m,1,DFW,3020,20220406-0205,fast
7:00 am – 4:20 pm +1,Korean Air,EWR‐ICN,20h20m,1,ATL,9:20 am – 3:07 pm,Korean Air,ICN‐EWR,18h47m,1,ATL,2991,20220406-0205,fast
8:40 am – 4:25 pm +1,Korean Air,EWR‐ICN,18h45m,1,BOS,9:20 am – 4:43 pm,Korean Air,ICN‐EWR,20h23m,1,ATL,2508,20220406-0205,fast
6:29 am – 2:55 pm +1,United Airlines,EWR‐ICN,19h26m,1,SFO,10:00 am – 4:45 pm,United Airlines,ICN‐EWR,19h45m,1,NRT,4438,20220406-0205,fast
8:00 am – 3:50 pm +1,Korean Air,EWR‐ICN,18h50m,1,ATL,9:20 am – 4:43 pm,Korean Air,ICN‐EWR,20h23m,1,ATL,2745,20220406-0205,fast
8:00 am – 4:20 pm +1,Korean Air,EWR‐ICN,19h20m,1,ATL,9:20 am – 4:43 pm,Korean Air,ICN‐EWR,20h23m,1,ATL,2745,20220406-0205,fast
6:39 am – 3:15 pm +1,American Airlines,EWR‐ICN,19h36m,1,DFW,5:25 pm – 12:40 am +1,American Airlines,ICN‐EWR,20h15m,2,"DFW, CLT",3023,20220406-0205,fast
7:00 am – 3:50 pm +1,Korean Air,EWR‐ICN,19h50m,1,ATL,9:20 am – 4:43 pm,Korean Air,ICN‐EWR,20h23m,1,ATL,2745,20220406-0205,fast
5:00 am – 3:15 pm +1,American Airlines,EWR‐ICN,21h15m,2,"CLT, DFW",5:25 pm – 11:28 pm,American Airlines,ICN‐EWR,19h03m,1,DFW,3023,20220406-0205,fast
6:29 am – 2:55 pm +1,United Airlines,EWR‐ICN,19h26m,1,SFO,4:40 pm – 12:49 am +1,United Airlines,ICN‐EWR,21h09m,1,SFO,2501,20220406-0205,fast
