Out Time,Out Airline,Out Cities,Out Duration,Out Stops,Out Stop Cities,Return Time,Return Airline,Return Cities,Return Duration,Return Stops,Return Stop Cities,Price,timestamp,sort
8:00 pm – 4:00 pm +2,Air Canada,EWR‐ICN,31h00m,2,"YUL, YVR",5:45 pm – 7:40 am +1,Air Canada,ICN‐EWR,26h55m,2,"YVR, YUL",1153,20220407-0646,cheap
9:00 pm – 4:00 pm +2,Air Canada,EWR‐ICN,30h00m,2,"YYZ, YVR",6:40 pm – 10:31 pm,Air Canada,ICN‐EWR,16h51m,1,YYZ,1419,20220407-0646,cheap
9:00 pm – 4:00 pm +2,Air Canada,EWR‐ICN,30h00m,2,"YYZ, YVR",6:40 pm – 10:31 pm,Air Canada,ICN‐EWR,16h51m,1,YYZ,1419,20220407-0646,cheap
6:25 am – 4:00 pm +1,Air Canada,EWR‐ICN,20h35m,2,"YYZ, YVR",4:40 pm – 11:58 pm,United Airlines,ICN‐EWR,20h18m,1,SFO,1520,20220407-0646,cheap
8:00 pm – 4:00 pm +2,Air Canada,EWR‐ICN,31h00m,2,"YUL, YVR",6:40 pm – 10:31 pm,Air Canada,ICN‐EWR,16h51m,1,YYZ,1520,20220407-0646,cheap
6:25 am – 4:00 pm +1,Air Canada,EWR‐ICN,20h35m,2,"YYZ, YVR",6:40 pm – 10:31 pm,Air Canada,ICN‐EWR,16h51m,1,YYZ,1533,20220407-0646,cheap
9:00 pm – 2:45 pm +2,United Airlines,EWR‐ICN,28h45m,1,SFO,4:40 pm – 10:08 pm,United Airlines,ICN‐EWR,18h28m,1,SFO,1740,20220407-0646,cheap
8:00 pm – 2:45 pm +2,United Airlines,EWR‐ICN,29h45m,1,SFO,4:40 pm – 10:08 pm,United Airlines,ICN‐EWR,18h28m,1,SFO,1740,20220407-0646,cheap
6:59 am – 3:15 pm +1,American Airlines,EWR‐ICN,19h16m,1,DFW,5:25 pm – 9:03 am +1,American Airlines,ICN‐EWR,28h38m,2,"DFW, CLT",1742,20220407-0646,cheap
9:36 am – 4:30 pm +1,Korean Air,EWR‐ICN,17h54m,1,DTW,4:40 pm – 12:53 am +1,United Airlines,ICN‐EWR,21h13m,1,SFO,1757,20220407-0646,cheap
7:00 am – 3:00 pm +1,Korean Air,EWR‐ICN,19h00m,1,ATL,4:40 pm – 11:58 pm,United Airlines,ICN‐EWR,20h18m,1,SFO,1757,20220407-0646,cheap
8:55 pm – 8:45 am +2,Lufthansa,EWR‐ICN,22h50m,1,MUC,10:15 am – 7:10 pm,Lufthansa,ICN‐EWR,21h55m,1,MUC,1797,20220407-0646,cheap
5:30 pm – 8:45 am +2,Lufthansa,EWR‐ICN,26h15m,1,MUC,10:15 am – 7:10 pm,Lufthansa,ICN‐EWR,21h55m,1,MUC,1815,20220407-0646,cheap
6:25 am – 5:10 pm +1,Air Canada,EWR‐ICN,21h45m,1,YYZ,6:40 pm – 10:31 pm,Air Canada,ICN‐EWR,16h51m,1,YYZ,1838,20220407-0646,cheap
5:00 am – 2:45 pm +1,United Airlines,EWR‐ICN,20h45m,2,"ORD, SFO",4:40 pm – 11:58 pm,United Airlines,ICN‐EWR,20h18m,1,SFO,1940,20220407-0646,cheap
9:00 pm – 4:00 pm +2,Air Canada,EWR‐ICN,30h00m,2,"YYZ, YVR",6:40 pm – 10:31 pm,Air Canada,ICN‐EWR,16h51m,1,YYZ,1419,20220407-0644,best
6:25 am – 4:00 pm +1,Air Canada,EWR‐ICN,20h35m,2,"YYZ, YVR",6:40 pm – 10:31 pm,Air Canada,ICN‐EWR,16h51m,1,YYZ,1533,20220407-0644,best
8:00 pm – 4:00 pm +2,Air Canada,EWR‐ICN,31h00m,2,"YUL, YVR",5:45 pm – 7:40 am +1,Air Canada,ICN‐EWR,26h55m,2,"YVR, YUL",1153,20220407-0644,best
9:36 am – 4:30 pm +1,Korean Air,EWR‐ICN,17h54m,1,DTW,6:40 pm – 11:23 pm,Korean Air,ICN‐EWR,17h43m,1,ATL,2072,20220407-0644,best
6:25 am – 5:10 pm +1,Air Canada,EWR‐ICN,21h45m,1,YYZ,6:40 pm – 10:31 pm,Air Canada,ICN‐EWR,16h51m,1,YYZ,1838,20220407-0644,best
7:00 am – 3:00 pm +1,Korean Air,EWR‐ICN,19h00m,1,ATL,6:40 pm – 11:23 pm,Korean Air,ICN‐EWR,17h43m,1,ATL,2072,20220407-0644,best
9:36 am – 4:30 pm +1,Korean Air,EWR‐ICN,17h54m,1,DTW,6:40 pm – 12:45 am +1,"Korean Air, Delta",ICN‐EWR,19h05m,1,ATL,2116,20220407-0644,best
7:00 am – 3:00 pm +1,Korean Air,EWR‐ICN,19h00m,1,ATL,6:40 pm – 12:45 am +1,"Korean Air, Delta",ICN‐EWR,19h05m,1,ATL,2116,20220407-0644,best
9:36 am – 4:30 pm +1,Korean Air,EWR‐ICN,17h54m,1,DTW,9:20 am – 3:35 pm,Korean Air,ICN‐EWR,19h15m,1,ATL,2212,20220407-0644,best
7:00 am – 3:00 pm +1,Korean Air,EWR‐ICN,19h00m,1,ATL,9:20 am – 3:35 pm,Korean Air,ICN‐EWR,19h15m,1,ATL,2175,20220407-0644,best
9:00 pm – 4:00 pm +2,Air Canada,EWR‐ICN,30h00m,2,"YYZ, YVR",6:40 pm – 10:31 pm,Air Canada,ICN‐EWR,16h51m,1,YYZ,1419,20220407-0644,best
9:00 pm – 4:00 pm +2,Air Canada,EWR‐ICN,30h00m,2,"YYZ, YVR",6:40 pm – 10:31 pm,Air Canada,ICN‐EWR,16h51m,1,YYZ,1419,20220407-0644,best
9:36 am – 4:30 pm +1,Delta,EWR‐ICN,17h54m,1,DTW,4:40 pm – 11:26 pm,Delta,ICN‐EWR,19h46m,2,"SEA, MSP",2169,20220407-0644,best
9:36 am – 4:30 pm +1,Delta,EWR‐ICN,17h54m,1,DTW,2:30 pm – 10:59 pm,Delta,ICN‐EWR,21h29m,2,"LAX, DTW",2069,20220407-0644,best
9:36 am – 4:30 pm +1,Delta,EWR‐ICN,17h54m,1,DTW,2:30 pm – 11:23 pm,Delta,ICN‐EWR,21h53m,2,"LAX, ATL",2069,20220407-0644,best
9:36 am – 4:30 pm +1,Delta,EWR‐ICN,17h54m,1,DTW,2:30 pm – 11:26 pm,Delta,ICN‐EWR,21h56m,2,"LAX, MSP",2069,20220407-0644,best
8:00 pm – 4:00 pm +2,Air Canada,EWR‐ICN,31h00m,2,"YUL, YVR",6:40 pm – 10:31 pm,Air Canada,ICN‐EWR,16h51m,1,YYZ,1520,20220407-0644,best
9:36 am – 4:30 pm +1,Korean Air,EWR‐ICN,17h54m,1,DTW,6:40 pm – 11:23 pm,Korean Air,ICN‐EWR,17h43m,1,ATL,2072,20220407-0648,fast
8:45 am – 4:20 pm +1,Korean Air,EWR‐ICN,18h35m,1,ATL,6:40 pm – 11:23 pm,Korean Air,ICN‐EWR,17h43m,1,ATL,2423,20220407-0648,fast
7:00 am – 3:00 pm +1,Korean Air,EWR‐ICN,19h00m,1,ATL,6:40 pm – 11:23 pm,Korean Air,ICN‐EWR,17h43m,1,ATL,2072,20220407-0648,fast
9:36 am – 4:30 pm +1,Korean Air,EWR‐ICN,17h54m,1,DTW,6:40 pm – 12:45 am +1,"Korean Air, Delta",ICN‐EWR,19h05m,1,ATL,2116,20220407-0648,fast
9:36 am – 4:30 pm +1,Korean Air,EWR‐ICN,17h54m,1,DTW,9:20 am – 3:35 pm,Korean Air,ICN‐EWR,19h15m,1,ATL,2212,20220407-0648,fast
6:25 am – 4:00 pm +1,Air Canada,EWR‐ICN,20h35m,2,"YYZ, YVR",6:40 pm – 10:31 pm,Air Canada,ICN‐EWR,16h51m,1,YYZ,1533,20220407-0648,fast
9:36 am – 4:30 pm +1,Delta,EWR‐ICN,17h54m,1,DTW,4:40 pm – 11:26 pm,Delta,ICN‐EWR,19h46m,2,"SEA, MSP",2169,20220407-0648,fast
6:00 am – 3:00 pm +1,Delta,EWR‐ICN,20h00m,1,ATL,6:40 pm – 11:23 pm,Delta,ICN‐EWR,17h43m,1,ATL,2315,20220407-0648,fast
8:45 am – 4:20 pm +1,Korean Air,EWR‐ICN,18h35m,1,ATL,9:20 am – 3:35 pm,Korean Air,ICN‐EWR,19h15m,1,ATL,2509,20220407-0648,fast
7:00 am – 4:20 pm +1,Korean Air,EWR‐ICN,20h20m,1,ATL,6:40 pm – 11:23 pm,Korean Air,ICN‐EWR,17h43m,1,ATL,2423,20220407-0648,fast
5:00 am – 2:45 pm +1,United Airlines,EWR‐ICN,20h45m,2,"ORD, SFO",6:40 pm – 10:58 pm,"Air Canada, United Airlines",ICN‐EWR,17h18m,1,YYZ,5481,20220407-0648,fast
7:00 am – 3:00 pm +1,Korean Air,EWR‐ICN,19h00m,1,ATL,6:40 pm – 12:45 am +1,"Korean Air, Delta",ICN‐EWR,19h05m,1,ATL,2116,20220407-0648,fast
7:00 am – 3:00 pm +1,Korean Air,EWR‐ICN,19h00m,1,ATL,9:20 am – 3:35 pm,Korean Air,ICN‐EWR,19h15m,1,ATL,2175,20220407-0648,fast
6:59 am – 3:15 pm +1,American Airlines,EWR‐ICN,19h16m,1,DFW,5:25 pm – 11:26 pm,American Airlines,ICN‐EWR,19h01m,1,DFW,2520,20220407-0648,fast
6:25 am – 4:00 pm +1,Air Canada,EWR‐ICN,20h35m,2,"YYZ, YVR",6:40 pm – 11:23 pm,Korean Air,ICN‐EWR,17h43m,1,ATL,2548,20220407-0648,fast
