Out Time,Out Airline,Out Cities,Out Duration,Out Stops,Out Stop Cities,Return Time,Return Airline,Return Cities,Return Duration,Return Stops,Return Stop Cities,Price,timestamp,sort
6:25 am – 4:00 pm +1,Air Canada,EWR‐ICN,20h35m,2,"YYZ, YVR",4:40 pm – 10:08 pm,United Airlines,ICN‐EWR,18h28m,1,SFO,1610,20220407-0538,cheap
8:00 pm – 4:00 pm +2,Air Canada,EWR‐ICN,31h00m,2,"YUL, YVR",6:40 pm – 10:31 pm,Air Canada,ICN‐EWR,16h51m,1,YYZ,1621,20220407-0538,cheap
6:25 am – 4:00 pm +1,Air Canada,EWR‐ICN,20h35m,2,"YYZ, YVR",6:40 pm – 10:31 pm,Air Canada,ICN‐EWR,16h51m,1,YYZ,1664,20220407-0538,cheap
8:55 pm – 8:45 am +2,Lufthansa,EWR‐ICN,22h50m,1,MUC,10:15 am – 7:10 pm,Lufthansa,ICN‐EWR,21h55m,1,MUC,1797,20220407-0538,cheap
6:30 pm – 8:45 am +2,Lufthansa,EWR‐ICN,25h15m,2,"CDG, MUC",10:15 am – 7:10 pm,Lufthansa,ICN‐EWR,21h55m,1,MUC,1814,20220407-0538,cheap
6:15 pm – 8:45 am +2,Lufthansa,EWR‐ICN,25h30m,2,"ZRH, MUC",10:15 am – 7:10 pm,Lufthansa,ICN‐EWR,21h55m,1,MUC,1814,20220407-0538,cheap
6:15 pm – 8:45 am +2,Lufthansa,EWR‐ICN,25h30m,2,"ZRH, MUC",10:15 am – 7:10 pm,Lufthansa,ICN‐EWR,21h55m,1,MUC,1814,20220407-0538,cheap
5:50 pm – 8:45 am +2,Lufthansa,EWR‐ICN,25h55m,2,"AMS, MUC",10:15 am – 7:10 pm,Lufthansa,ICN‐EWR,21h55m,1,MUC,1814,20220407-0538,cheap
5:50 pm – 8:45 am +2,Lufthansa,EWR‐ICN,25h55m,2,"AMS, MUC",10:15 am – 7:10 pm,Lufthansa,ICN‐EWR,21h55m,1,MUC,1814,20220407-0538,cheap
7:00 pm – 8:45 am +2,Lufthansa,EWR‐ICN,24h45m,2,"LHR, MUC",10:15 am – 7:10 pm,Lufthansa,ICN‐EWR,21h55m,1,MUC,1819,20220407-0538,cheap
6:00 pm – 8:45 am +2,Lufthansa,EWR‐ICN,25h45m,2,"LHR, MUC",10:15 am – 7:10 pm,Lufthansa,ICN‐EWR,21h55m,1,MUC,1819,20220407-0538,cheap
6:00 pm – 8:45 am +2,Lufthansa,EWR‐ICN,25h45m,2,"LHR, MUC",10:15 am – 7:10 pm,Lufthansa,ICN‐EWR,21h55m,1,MUC,1819,20220407-0538,cheap
8:55 pm – 11:15 am +2,Lufthansa,EWR‐ICN,25h20m,2,"MUC, FRA",10:15 am – 7:10 pm,Lufthansa,ICN‐EWR,21h55m,1,MUC,1821,20220407-0538,cheap
8:55 pm – 11:15 am +2,Lufthansa,EWR‐ICN,25h20m,2,"MUC, FRA",10:15 am – 7:10 pm,Lufthansa,ICN‐EWR,21h55m,1,MUC,1821,20220407-0538,cheap
8:55 pm – 11:15 am +2,Lufthansa,EWR‐ICN,25h20m,2,"MUC, FRA",10:15 am – 7:10 pm,Lufthansa,ICN‐EWR,21h55m,1,MUC,1821,20220407-0538,cheap
6:25 am – 4:00 pm +1,Air Canada,EWR‐ICN,20h35m,2,"YYZ, YVR",6:40 pm – 10:31 pm,Air Canada,ICN‐EWR,16h51m,1,YYZ,1852,20220407-0536,best
6:25 am – 4:00 pm +1,Air Canada,EWR‐ICN,20h35m,2,"YYZ, YVR",6:40 pm – 10:31 pm,Air Canada,ICN‐EWR,16h51m,1,YYZ,1664,20220407-0536,best
6:25 am – 4:00 pm +1,Air Canada,EWR‐ICN,20h35m,2,"YYZ, YVR",4:40 pm – 10:08 pm,United Airlines,ICN‐EWR,18h28m,1,SFO,1610,20220407-0536,best
6:00 am – 2:45 pm +1,United Airlines,EWR‐ICN,19h45m,1,SFO,4:40 pm – 10:08 pm,United Airlines,ICN‐EWR,18h28m,1,SFO,2141,20220407-0536,best
7:00 am – 3:50 pm +1,Korean Air,EWR‐ICN,19h50m,1,ATL,10:45 am – 3:57 pm,Korean Air,ICN‐EWR,18h12m,1,DTW,2243,20220407-0536,best
6:00 am – 2:45 pm +1,United Airlines,EWR‐ICN,19h45m,1,SFO,4:40 pm – 11:58 pm,United Airlines,ICN‐EWR,20h18m,1,SFO,2141,20220407-0536,best
8:55 pm – 8:45 am +2,Lufthansa,EWR‐ICN,22h50m,1,MUC,10:15 am – 7:10 pm,Lufthansa,ICN‐EWR,21h55m,1,MUC,1797,20220407-0536,best
6:00 am – 2:45 pm +1,United Airlines,EWR‐ICN,19h45m,1,SFO,4:40 pm – 1:58 am +1,United Airlines,ICN‐EWR,22h18m,1,SFO,2040,20220407-0536,best
6:00 am – 2:45 pm +1,United Airlines,EWR‐ICN,19h45m,1,SFO,4:40 pm – 12:53 am +1,United Airlines,ICN‐EWR,21h13m,1,SFO,2141,20220407-0536,best
8:00 pm – 4:00 pm +2,Air Canada,EWR‐ICN,31h00m,2,"YUL, YVR",6:40 pm – 10:31 pm,Air Canada,ICN‐EWR,16h51m,1,YYZ,1621,20220407-0536,best
5:00 am – 2:45 pm +1,United Airlines,EWR‐ICN,20h45m,2,"ORD, SFO",4:40 pm – 10:08 pm,United Airlines,ICN‐EWR,18h28m,1,SFO,2141,20220407-0536,best
8:45 am – 4:20 pm +1,Korean Air,EWR‐ICN,18h35m,1,ATL,10:45 am – 3:57 pm,Korean Air,ICN‐EWR,18h12m,1,DTW,2563,20220407-0536,best
7:50 pm – 6:25 am +2,LOT,EWR‐ICN,21h35m,1,WAW,6:40 pm – 10:31 pm,Air Canada,ICN‐EWR,16h51m,1,YYZ,2510,20220407-0536,best
6:00 am – 3:50 pm +1,"Delta, Korean Air",EWR‐ICN,20h50m,1,ATL,10:45 am – 3:57 pm,Korean Air,ICN‐EWR,18h12m,1,DTW,2455,20220407-0536,best
7:00 pm – 8:45 am +2,Lufthansa,EWR‐ICN,24h45m,2,"LHR, MUC",10:15 am – 7:10 pm,Lufthansa,ICN‐EWR,21h55m,1,MUC,1819,20220407-0536,best
5:00 am – 2:45 pm +1,United Airlines,EWR‐ICN,20h45m,2,"ORD, SFO",4:40 pm – 11:58 pm,United Airlines,ICN‐EWR,20h18m,1,SFO,2141,20220407-0536,best
6:30 pm – 8:45 am +2,Lufthansa,EWR‐ICN,25h15m,2,"CDG, MUC",10:15 am – 7:10 pm,Lufthansa,ICN‐EWR,21h55m,1,MUC,1814,20220407-0536,best
6:00 am – 2:45 pm +1,United Airlines,EWR‐ICN,19h45m,1,SFO,6:40 pm – 10:31 pm,Air Canada,ICN‐EWR,16h51m,1,YYZ,2462,20220407-0540,fast
8:45 am – 4:20 pm +1,Korean Air,EWR‐ICN,18h35m,1,ATL,10:45 am – 3:57 pm,Korean Air,ICN‐EWR,18h12m,1,DTW,2563,20220407-0540,fast
8:45 am – 4:20 pm +1,Korean Air,EWR‐ICN,18h35m,1,ATL,8:40 pm – 1:58 am +1,Asiana Airlines,ICN‐EWR,18h18m,1,SFO,3840,20220407-0540,fast
6:25 am – 4:00 pm +1,Air Canada,EWR‐ICN,20h35m,2,"YYZ, YVR",6:40 pm – 10:31 pm,Air Canada,ICN‐EWR,16h51m,1,YYZ,1664,20220407-0540,fast
5:00 am – 2:45 pm +1,United Airlines,EWR‐ICN,20h45m,2,"ORD, SFO",6:40 pm – 10:31 pm,Air Canada,ICN‐EWR,16h51m,1,YYZ,2462,20220407-0540,fast
8:45 am – 4:20 pm +1,Korean Air,EWR‐ICN,18h35m,1,ATL,9:20 am – 3:29 pm,"Korean Air, American Airlines",ICN‐EWR,19h09m,1,DFW,3107,20220407-0540,fast
8:45 am – 4:20 pm +1,Korean Air,EWR‐ICN,18h35m,1,ATL,9:20 am – 3:35 pm,Korean Air,ICN‐EWR,19h15m,1,ATL,2737,20220407-0540,fast
8:45 am – 4:20 pm +1,Korean Air,EWR‐ICN,18h35m,1,ATL,9:35 am – 3:51 pm,"Korean Air, Air Canada",ICN‐EWR,19h16m,1,YYZ,4686,20220407-0540,fast
6:00 am – 2:45 pm +1,United Airlines,EWR‐ICN,19h45m,1,SFO,10:45 am – 3:57 pm,Korean Air,ICN‐EWR,18h12m,1,DTW,2391,20220407-0540,fast
7:00 am – 3:50 pm +1,Korean Air,EWR‐ICN,19h50m,1,ATL,10:45 am – 3:57 pm,Korean Air,ICN‐EWR,18h12m,1,DTW,2243,20220407-0540,fast
6:25 am – 3:15 pm +1,Delta,EWR‐ICN,19h50m,2,"MSP, SEA",10:45 am – 3:57 pm,Delta,ICN‐EWR,18h12m,1,DTW,2493,20220407-0540,fast
6:00 am – 2:45 pm +1,United Airlines,EWR‐ICN,19h45m,1,SFO,4:40 pm – 10:08 pm,United Airlines,ICN‐EWR,18h28m,1,SFO,2141,20220407-0540,fast
6:59 am – 3:15 pm +1,American Airlines,EWR‐ICN,19h16m,1,DFW,5:25 pm – 11:26 pm,American Airlines,ICN‐EWR,19h01m,1,DFW,2781,20220407-0540,fast
7:50 pm – 6:25 am +2,LOT,EWR‐ICN,21h35m,1,WAW,6:40 pm – 10:31 pm,Air Canada,ICN‐EWR,16h51m,1,YYZ,2510,20220407-0540,fast
6:00 am – 3:15 pm +1,Delta,EWR‐ICN,20h15m,2,"DTW, SEA",10:45 am – 3:57 pm,Delta,ICN‐EWR,18h12m,1,DTW,2733,20220407-0540,fast
