Out Time,Out Airline,Out Cities,Out Duration,Out Stops,Out Stop Cities,Return Time,Return Airline,Return Cities,Return Duration,Return Stops,Return Stop Cities,Price,timestamp,sort
7:40 pm – 6:25 am +2,LOT,EWR‐ICN,21h45m,1,WAW,8:05 am – 5:50 pm +2,LOT,ICN‐EWR,70h45m,2,"WAW, RZE",1373,20220406-2042,cheap
7:42 pm – 3:15 pm +2,American Airlines,EWR‐ICN,30h33m,2,"ORD, DFW",5:25 pm – 10:00 pm,American Airlines,ICN‐EWR,17h35m,1,DFW,1424,20220406-2042,cheap
7:42 pm – 3:15 pm +2,American Airlines,EWR‐ICN,30h33m,2,"ORD, DFW",5:25 pm – 10:00 pm,American Airlines,ICN‐EWR,17h35m,1,DFW,1464,20220406-2042,cheap
9:30 am – 4:30 pm +1,Korean Air,EWR‐ICN,18h00m,1,DTW,4:50 pm – 9:44 pm,United Airlines,ICN‐EWR,17h54m,1,SFO,1525,20220406-2042,cheap
12:15 pm – 6:55 am +3,"Air India, Thai Airways",EWR‐ICN,53h40m,2,"DEL, BKK",1:30 am – 8:21 pm,"Qatar Airways, Amtrak",ICN‐EWR,31h51m,2,"DOH, PHL-PHL",1586,20220406-2042,cheap
9:30 am – 4:30 pm +1,Korean Air,EWR‐ICN,18h00m,1,DTW,10:45 am – 3:43 pm,Korean Air,ICN‐EWR,17h58m,1,DTW,1616,20220406-2042,cheap
6:34 am – 3:15 pm +1,American Airlines,EWR‐ICN,19h41m,1,DFW,5:25 pm – 10:00 pm,American Airlines,ICN‐EWR,17h35m,1,DFW,1663,20220406-2042,cheap
6:00 am – 4:30 pm +1,Delta,EWR‐ICN,21h30m,1,DTW,10:45 am – 3:43 pm,Delta,ICN‐EWR,17h58m,1,DTW,1665,20220406-2042,cheap
9:30 am – 4:30 pm +1,Delta,EWR‐ICN,18h00m,1,DTW,10:45 am – 12:22 am +1,Delta,ICN‐EWR,26h37m,1,DTW,1665,20220406-2042,cheap
6:00 am – 4:30 pm +1,Delta,EWR‐ICN,21h30m,1,DTW,10:45 am – 12:22 am +1,Delta,ICN‐EWR,26h37m,1,DTW,1665,20220406-2042,cheap
6:34 am – 3:15 pm +1,American Airlines,EWR‐ICN,19h41m,1,DFW,5:25 pm – 11:28 pm,American Airlines,ICN‐EWR,19h03m,1,DFW,1683,20220406-2042,cheap
7:40 pm – 6:25 am +2,LOT,EWR‐ICN,21h45m,1,WAW,4:50 pm – 11:19 pm,United Airlines,ICN‐EWR,19h29m,2,"SFO, DEN",1711,20220406-2042,cheap
10:00 pm – 2:55 pm +2,United Airlines,EWR‐ICN,27h55m,2,"ORD, SFO",4:50 pm – 9:44 pm,United Airlines,ICN‐EWR,17h54m,1,SFO,1816,20220406-2042,cheap
10:00 pm – 2:55 pm +2,United Airlines,EWR‐ICN,27h55m,2,"ORD, SFO",4:50 pm – 11:09 pm,United Airlines,ICN‐EWR,19h19m,1,SFO,1816,20220406-2042,cheap
10:00 pm – 2:55 pm +2,United Airlines,EWR‐ICN,27h55m,2,"ORD, SFO",4:50 pm – 12:44 am +1,United Airlines,ICN‐EWR,20h54m,1,SFO,1816,20220406-2042,cheap
6:00 am – 4:30 pm +1,Delta,EWR‐ICN,21h30m,1,DTW,10:45 am – 3:43 pm,Delta,ICN‐EWR,17h58m,1,DTW,1665,20220406-2040,best
9:30 am – 4:30 pm +1,Korean Air,EWR‐ICN,18h00m,1,DTW,10:45 am – 3:43 pm,Korean Air,ICN‐EWR,17h58m,1,DTW,1616,20220406-2040,best
7:40 pm – 6:25 am +2,LOT,EWR‐ICN,21h45m,1,WAW,8:05 am – 5:50 pm +2,LOT,ICN‐EWR,70h45m,2,"WAW, RZE",1373,20220406-2040,best
6:34 am – 3:15 pm +1,American Airlines,EWR‐ICN,19h41m,1,DFW,5:25 pm – 10:00 pm,American Airlines,ICN‐EWR,17h35m,1,DFW,1663,20220406-2040,best
6:34 am – 3:15 pm +1,American Airlines,EWR‐ICN,19h41m,1,DFW,5:25 pm – 11:28 pm,American Airlines,ICN‐EWR,19h03m,1,DFW,1683,20220406-2040,best
6:00 am – 4:30 pm +1,Delta,EWR‐ICN,21h30m,1,DTW,10:45 am – 3:43 pm,Delta,ICN‐EWR,17h58m,1,DTW,1665,20220406-2040,best
6:30 am – 2:55 pm +1,United Airlines,EWR‐ICN,19h25m,1,SFO,4:50 pm – 9:44 pm,United Airlines,ICN‐EWR,17h54m,1,SFO,2006,20220406-2040,best
9:30 am – 4:30 pm +1,Korean Air,EWR‐ICN,18h00m,1,DTW,9:20 am – 4:43 pm,Korean Air,ICN‐EWR,20h23m,1,ATL,1996,20220406-2040,best
6:30 am – 2:55 pm +1,United Airlines,EWR‐ICN,19h25m,1,SFO,4:50 pm – 11:09 pm,United Airlines,ICN‐EWR,19h19m,1,SFO,2006,20220406-2040,best
9:30 am – 4:30 pm +1,Delta,EWR‐ICN,18h00m,1,DTW,10:45 am – 12:22 am +1,Delta,ICN‐EWR,26h37m,1,DTW,1665,20220406-2040,best
9:30 am – 4:30 pm +1,Korean Air,EWR‐ICN,18h00m,1,DTW,5:25 pm – 10:00 pm,"Korean Air, American Airlines",ICN‐EWR,17h35m,1,DFW,2342,20220406-2040,best
6:30 am – 2:55 pm +1,United Airlines,EWR‐ICN,19h25m,1,SFO,4:50 pm – 12:44 am +1,United Airlines,ICN‐EWR,20h54m,1,SFO,2006,20220406-2040,best
7:42 pm – 3:15 pm +2,American Airlines,EWR‐ICN,30h33m,2,"ORD, DFW",5:25 pm – 10:00 pm,American Airlines,ICN‐EWR,17h35m,1,DFW,1424,20220406-2040,best
8:00 am – 5:05 pm +1,Korean Air,EWR‐ICN,20h05m,1,ATL,10:45 am – 3:43 pm,Korean Air,ICN‐EWR,17h58m,1,DTW,2257,20220406-2040,best
9:30 am – 4:30 pm +1,Korean Air,EWR‐ICN,18h00m,1,DTW,5:25 pm – 11:28 pm,"Korean Air, American Airlines",ICN‐EWR,19h03m,1,DFW,2342,20220406-2040,best
7:42 pm – 3:15 pm +2,American Airlines,EWR‐ICN,30h33m,2,"ORD, DFW",5:25 pm – 10:00 pm,American Airlines,ICN‐EWR,17h35m,1,DFW,1464,20220406-2040,best
6:34 am – 3:15 pm +1,"American Airlines, Korean Air",EWR‐ICN,19h41m,1,DFW,10:45 am – 3:43 pm,Korean Air,ICN‐EWR,17h58m,1,DTW,2342,20220406-2040,best
9:30 am – 4:30 pm +1,Korean Air,EWR‐ICN,18h00m,1,DTW,5:25 pm – 10:00 pm,"Korean Air, American Airlines",ICN‐EWR,17h35m,1,DFW,2342,20220406-2045,fast
9:30 am – 4:30 pm +1,Korean Air,EWR‐ICN,18h00m,1,DTW,4:50 pm – 9:44 pm,United Airlines,ICN‐EWR,17h54m,1,SFO,1525,20220406-2045,fast
9:30 am – 4:30 pm +1,Korean Air,EWR‐ICN,18h00m,1,DTW,10:45 am – 3:43 pm,Korean Air,ICN‐EWR,17h58m,1,DTW,1616,20220406-2045,fast
8:00 am – 3:40 pm +1,Air Canada,EWR‐ICN,18h40m,1,YYZ,4:50 pm – 9:44 pm,United Airlines,ICN‐EWR,17h54m,1,SFO,1908,20220406-2045,fast
9:30 am – 4:30 pm +1,Korean Air,EWR‐ICN,18h00m,1,DTW,5:25 pm – 11:28 pm,"Korean Air, American Airlines",ICN‐EWR,19h03m,1,DFW,2342,20220406-2045,fast
9:30 am – 4:30 pm +1,Korean Air,EWR‐ICN,18h00m,1,DTW,2:40 pm – 8:54 pm,"Asiana Airlines, United Airlines",ICN‐EWR,19h14m,1,LAX,3448,20220406-2045,fast
6:34 am – 3:15 pm +1,American Airlines,EWR‐ICN,19h41m,1,DFW,5:25 pm – 10:00 pm,American Airlines,ICN‐EWR,17h35m,1,DFW,1663,20220406-2045,fast
6:30 am – 2:55 pm +1,United Airlines,EWR‐ICN,19h25m,1,SFO,4:50 pm – 9:44 pm,United Airlines,ICN‐EWR,17h54m,1,SFO,2006,20220406-2045,fast
6:34 am – 3:15 pm +1,"American Airlines, Korean Air",EWR‐ICN,19h41m,1,DFW,4:50 pm – 9:44 pm,"Asiana Airlines, United Airlines",ICN‐EWR,17h54m,1,SFO,4222,20220406-2045,fast
6:34 am – 3:15 pm +1,"American Airlines, Korean Air",EWR‐ICN,19h41m,1,DFW,10:45 am – 3:43 pm,Korean Air,ICN‐EWR,17h58m,1,DTW,2342,20220406-2045,fast
8:00 am – 3:40 pm +1,Air Canada,EWR‐ICN,18h40m,1,YYZ,2:40 pm – 8:54 pm,"Asiana Airlines, United Airlines",ICN‐EWR,19h14m,1,LAX,3831,20220406-2045,fast
8:00 am – 5:05 pm +1,Korean Air,EWR‐ICN,20h05m,1,ATL,10:45 am – 3:43 pm,Korean Air,ICN‐EWR,17h58m,1,DTW,2257,20220406-2045,fast
9:30 am – 4:30 pm +1,Korean Air,EWR‐ICN,18h00m,1,DTW,9:20 am – 4:43 pm,Korean Air,ICN‐EWR,20h23m,1,ATL,1996,20220406-2045,fast
6:00 am – 3:40 pm +1,Air Canada,EWR‐ICN,20h40m,2,"YUL, YYZ",4:50 pm – 9:44 pm,"Asiana Airlines, United Airlines",ICN‐EWR,17h54m,1,SFO,3788,20220406-2045,fast
6:00 am – 3:40 pm +1,Air Canada,EWR‐ICN,20h40m,1,YYZ,10:45 am – 3:43 pm,Korean Air,ICN‐EWR,17h58m,1,DTW,2540,20220406-2045,fast
