Out Time,Out Airline,Out Cities,Out Duration,Out Stops,Out Stop Cities,Return Time,Return Airline,Return Cities,Return Duration,Return Stops,Return Stop Cities,Price,timestamp,sort
6:15 pm – 4:00 pm +2,Air Canada,EWR‐ICN,32h45m,1,YVR,5:45 pm – 7:42 am +1,Air Canada,ICN‐EWR,26h57m,2,"YVR, YUL",1428,20220407-0328,cheap
7:50 pm – 6:25 am +2,LOT,EWR‐ICN,21h35m,1,WAW,5:45 pm – 7:51 am +1,Air Canada,ICN‐EWR,27h06m,2,"YVR, YQB",1736,20220407-0328,cheap
9:05 am – 5:10 pm +1,Air Canada,EWR‐ICN,19h05m,1,YYZ,5:45 pm – 9:57 am +1,Air Canada,ICN‐EWR,29h12m,2,"YVR, YUL",1787,20220407-0328,cheap
9:05 am – 5:10 pm +1,Air Canada,EWR‐ICN,19h05m,1,YYZ,5:45 pm – 9:57 am +1,Air Canada,ICN‐EWR,29h12m,2,"YVR, YUL",1787,20220407-0328,cheap
9:05 am – 5:10 pm +1,Air Canada,EWR‐ICN,19h05m,1,YYZ,5:45 pm – 9:57 am +1,Air Canada,ICN‐EWR,29h12m,2,"YVR, YUL",1787,20220407-0328,cheap
9:05 am – 5:10 pm +1,Air Canada,EWR‐ICN,19h05m,1,YYZ,5:45 pm – 10:11 am +1,Air Canada,ICN‐EWR,29h26m,2,"YVR, YYZ",1793,20220407-0328,cheap
8:45 pm – 8:45 am +2,Lufthansa,EWR‐ICN,23h00m,1,MUC,10:15 am – 7:10 pm,Lufthansa,ICN‐EWR,21h55m,1,MUC,1797,20220407-0328,cheap
9:36 am – 4:30 pm +1,Korean Air,EWR‐ICN,17h54m,1,DTW,9:30 am – 2:00 pm,Korean Air,ICN‐EWR,17h30m,1,BOS,1946,20220407-0328,cheap
9:36 am – 4:30 pm +1,Korean Air,EWR‐ICN,17h54m,1,DTW,6:40 pm – 11:23 pm,Korean Air,ICN‐EWR,17h43m,1,ATL,1946,20220407-0328,cheap
9:36 am – 4:30 pm +1,Korean Air,EWR‐ICN,17h54m,1,DTW,10:45 am – 3:57 pm,Korean Air,ICN‐EWR,18h12m,1,DTW,1946,20220407-0328,cheap
7:20 am – 5:45 pm +1,"Alaska Airlines, Asiana Airlines",EWR‐ICN,21h25m,1,SEA,5:45 pm – 7:51 am +1,Air Canada,ICN‐EWR,27h06m,2,"YVR, YQB",1951,20220407-0328,cheap
9:36 am – 4:30 pm +1,"Delta, Korean Air",EWR‐ICN,17h54m,1,DTW,6:40 pm – 12:45 am +1,"Korean Air, Delta",ICN‐EWR,19h05m,1,ATL,2015,20220407-0328,cheap
8:40 am – 4:25 pm +1,Korean Air,EWR‐ICN,18h45m,1,BOS,9:30 am – 2:00 pm,Korean Air,ICN‐EWR,17h30m,1,BOS,2041,20220407-0328,cheap
8:40 am – 4:25 pm +1,Korean Air,EWR‐ICN,18h45m,1,BOS,10:45 am – 3:57 pm,Korean Air,ICN‐EWR,18h12m,1,DTW,2041,20220407-0328,cheap
6:25 am – 3:15 pm +1,Delta,EWR‐ICN,19h50m,2,"MSP, SEA",9:30 am – 2:00 pm,Delta,ICN‐EWR,17h30m,1,BOS,2069,20220407-0328,cheap
7:50 pm – 6:25 am +2,LOT,EWR‐ICN,21h35m,1,WAW,5:45 pm – 7:51 am +1,Air Canada,ICN‐EWR,27h06m,2,"YVR, YQB",1736,20220407-0325,best
9:36 am – 4:30 pm +1,Korean Air,EWR‐ICN,17h54m,1,DTW,9:30 am – 2:00 pm,Korean Air,ICN‐EWR,17h30m,1,BOS,1946,20220407-0325,best
6:15 pm – 4:00 pm +2,Air Canada,EWR‐ICN,32h45m,1,YVR,5:45 pm – 7:42 am +1,Air Canada,ICN‐EWR,26h57m,2,"YVR, YUL",1428,20220407-0325,best
9:36 am – 4:30 pm +1,Korean Air,EWR‐ICN,17h54m,1,DTW,6:40 pm – 11:23 pm,Korean Air,ICN‐EWR,17h43m,1,ATL,1946,20220407-0325,best
9:36 am – 4:30 pm +1,Korean Air,EWR‐ICN,17h54m,1,DTW,10:45 am – 3:57 pm,Korean Air,ICN‐EWR,18h12m,1,DTW,1946,20220407-0325,best
8:40 am – 4:25 pm +1,Korean Air,EWR‐ICN,18h45m,1,BOS,9:30 am – 2:00 pm,Korean Air,ICN‐EWR,17h30m,1,BOS,2041,20220407-0325,best
9:36 am – 4:30 pm +1,"Delta, Korean Air",EWR‐ICN,17h54m,1,DTW,6:40 pm – 12:45 am +1,"Korean Air, Delta",ICN‐EWR,19h05m,1,ATL,2015,20220407-0325,best
8:40 am – 4:25 pm +1,Korean Air,EWR‐ICN,18h45m,1,BOS,10:45 am – 3:57 pm,Korean Air,ICN‐EWR,18h12m,1,DTW,2041,20220407-0325,best
9:36 am – 4:30 pm +1,Korean Air,EWR‐ICN,17h54m,1,DTW,9:20 am – 3:35 pm,Korean Air,ICN‐EWR,19h15m,1,ATL,2185,20220407-0325,best
6:25 am – 3:15 pm +1,Delta,EWR‐ICN,19h50m,2,"MSP, SEA",9:30 am – 2:00 pm,Delta,ICN‐EWR,17h30m,1,BOS,2069,20220407-0325,best
8:45 am – 4:20 pm +1,Korean Air,EWR‐ICN,18h35m,1,ATL,9:30 am – 2:00 pm,Korean Air,ICN‐EWR,17h30m,1,BOS,2278,20220407-0325,best
6:25 am – 3:15 pm +1,Delta,EWR‐ICN,19h50m,2,"MSP, SEA",6:40 pm – 11:23 pm,Delta,ICN‐EWR,17h43m,1,ATL,2069,20220407-0325,best
8:45 am – 4:20 pm +1,Korean Air,EWR‐ICN,18h35m,1,ATL,6:40 pm – 11:23 pm,Korean Air,ICN‐EWR,17h43m,1,ATL,2278,20220407-0325,best
6:25 am – 3:15 pm +1,Delta,EWR‐ICN,19h50m,2,"MSP, SEA",10:45 am – 3:57 pm,Delta,ICN‐EWR,18h12m,1,DTW,2069,20220407-0325,best
8:45 am – 4:20 pm +1,Korean Air,EWR‐ICN,18h35m,1,ATL,10:45 am – 3:57 pm,Korean Air,ICN‐EWR,18h12m,1,DTW,2278,20220407-0325,best
6:25 am – 3:15 pm +1,Delta,EWR‐ICN,19h50m,2,"MSP, SEA",6:40 pm – 12:45 am +1,Delta,ICN‐EWR,19h05m,1,ATL,2069,20220407-0325,best
6:00 am – 4:30 pm +1,Korean Air,EWR‐ICN,21h30m,1,DTW,9:30 am – 2:00 pm,Korean Air,ICN‐EWR,17h30m,1,BOS,2174,20220407-0325,best
9:36 am – 4:30 pm +1,Korean Air,EWR‐ICN,17h54m,1,DTW,9:30 am – 2:00 pm,Korean Air,ICN‐EWR,17h30m,1,BOS,1946,20220407-0330,fast
9:36 am – 4:30 pm +1,Korean Air,EWR‐ICN,17h54m,1,DTW,6:40 pm – 11:23 pm,Korean Air,ICN‐EWR,17h43m,1,ATL,1946,20220407-0330,fast
8:45 am – 4:20 pm +1,Korean Air,EWR‐ICN,18h35m,1,ATL,9:30 am – 2:00 pm,Korean Air,ICN‐EWR,17h30m,1,BOS,2278,20220407-0330,fast
9:36 am – 4:30 pm +1,Korean Air,EWR‐ICN,17h54m,1,DTW,10:45 am – 3:57 pm,Korean Air,ICN‐EWR,18h12m,1,DTW,1946,20220407-0330,fast
8:40 am – 4:25 pm +1,Korean Air,EWR‐ICN,18h45m,1,BOS,9:30 am – 2:00 pm,Korean Air,ICN‐EWR,17h30m,1,BOS,2041,20220407-0330,fast
8:45 am – 4:20 pm +1,Korean Air,EWR‐ICN,18h35m,1,ATL,6:40 pm – 11:23 pm,Korean Air,ICN‐EWR,17h43m,1,ATL,2278,20220407-0330,fast
8:45 am – 4:20 pm +1,Korean Air,EWR‐ICN,18h35m,1,ATL,10:45 am – 3:57 pm,Korean Air,ICN‐EWR,18h12m,1,DTW,2278,20220407-0330,fast
8:40 am – 4:25 pm +1,Korean Air,EWR‐ICN,18h45m,1,BOS,10:45 am – 3:57 pm,Korean Air,ICN‐EWR,18h12m,1,DTW,2041,20220407-0330,fast
9:36 am – 4:30 pm +1,"Delta, Korean Air",EWR‐ICN,17h54m,1,DTW,6:40 pm – 12:45 am +1,"Korean Air, Delta",ICN‐EWR,19h05m,1,ATL,2015,20220407-0330,fast
6:29 am – 2:45 pm +1,United Airlines,EWR‐ICN,19h16m,1,SFO,4:40 pm – 9:25 pm,United Airlines,ICN‐EWR,17h45m,1,SFO,4458,20220407-0330,fast
9:36 am – 4:30 pm +1,Korean Air,EWR‐ICN,17h54m,1,DTW,9:20 am – 3:35 pm,Korean Air,ICN‐EWR,19h15m,1,ATL,2185,20220407-0330,fast
9:36 am – 4:30 pm +1,"Delta, Korean Air",EWR‐ICN,17h54m,1,DTW,2:40 pm – 8:59 pm,"Asiana Airlines, United Airlines",ICN‐EWR,19h19m,1,LAX,2713,20220407-0330,fast
9:36 am – 4:30 pm +1,"Delta, Korean Air",EWR‐ICN,17h54m,1,DTW,2:40 pm – 8:59 pm,Asiana Airlines,ICN‐EWR,19h19m,1,LAX,4905,20220407-0330,fast
6:25 am – 3:15 pm +1,Delta,EWR‐ICN,19h50m,2,"MSP, SEA",9:30 am – 2:00 pm,Delta,ICN‐EWR,17h30m,1,BOS,2069,20220407-0330,fast
6:25 am – 3:15 pm +1,Delta,EWR‐ICN,19h50m,2,"MSP, SEA",6:40 pm – 11:23 pm,Delta,ICN‐EWR,17h43m,1,ATL,2069,20220407-0330,fast
