Out Time,Out Airline,Out Cities,Out Duration,Out Stops,Out Stop Cities,Return Time,Return Airline,Return Cities,Return Duration,Return Stops,Return Stop Cities,Price,timestamp,sort
6:40 pm – 6:15 am +2,United Airlines,EWR‐SIN,23h35m,1,SFO,8:45 am – 6:58 am +1,United Airlines,SIN‐EWR,34h13m,2,"SFO, SLC",1160,20220407-1426,cheap
4:40 pm – 6:15 am +2,United Airlines,EWR‐SIN,25h35m,1,SFO,8:45 am – 6:58 am +1,United Airlines,SIN‐EWR,34h13m,2,"SFO, SLC",1160,20220407-1426,cheap
6:40 pm – 6:15 am +2,United Airlines,EWR‐SIN,23h35m,1,SFO,8:45 am – 11:50 am +1,United Airlines,SIN‐EWR,39h05m,2,"SFO, DEN",1160,20220407-1426,cheap
6:59 am – 12:20 am +2,American Airlines,EWR‐SIN,29h21m,2,"DFW, NRT",9:50 pm – 4:48 pm +1,American Airlines,SIN‐EWR,30h58m,2,"HND, DFW",1259,20220407-1426,cheap
6:59 am – 12:20 am +2,American Airlines,EWR‐SIN,29h21m,2,"DFW, NRT",1:50 am – 2:52 pm,American Airlines,SIN‐EWR,25h02m,2,"HND, ORD",1285,20220407-1426,cheap
6:59 am – 12:20 am +2,American Airlines,EWR‐SIN,29h21m,2,"DFW, NRT",1:50 am – 6:01 pm,American Airlines,SIN‐EWR,28h11m,2,"HND, ORD",1285,20220407-1426,cheap
6:59 am – 12:20 am +2,American Airlines,EWR‐SIN,29h21m,2,"DFW, NRT",1:50 am – 7:40 pm,American Airlines,SIN‐EWR,29h50m,2,"HND, ORD",1285,20220407-1426,cheap
6:59 am – 12:20 am +2,American Airlines,EWR‐SIN,29h21m,2,"DFW, NRT",1:50 am – 9:27 pm,American Airlines,SIN‐EWR,31h37m,2,"HND, ORD",1285,20220407-1426,cheap
6:40 pm – 6:15 am +2,United Airlines,EWR‐SIN,23h35m,1,SFO,8:45 am – 5:41 am +1,United Airlines,SIN‐EWR,32h56m,2,"SFO, LAX",1293,20220407-1426,cheap
4:40 pm – 6:15 am +2,United Airlines,EWR‐SIN,25h35m,1,SFO,8:45 am – 5:41 am +1,United Airlines,SIN‐EWR,32h56m,2,"SFO, LAX",1293,20220407-1426,cheap
12:00 pm – 6:15 am +2,United Airlines,EWR‐SIN,30h15m,1,SFO,8:45 am – 5:41 am +1,United Airlines,SIN‐EWR,32h56m,2,"SFO, LAX",1293,20220407-1426,cheap
6:59 am – 12:20 am +2,"American Airlines, Japan Airlines",EWR‐SIN,29h21m,2,"DFW, HND-NRT",1:50 am – 2:52 pm,"Japan Airlines, American Airlines",SIN‐EWR,25h02m,2,"HND, ORD",1308,20220407-1426,cheap
6:59 am – 12:20 am +2,"American Airlines, Japan Airlines",EWR‐SIN,29h21m,2,"DFW, HND-NRT",9:50 pm – 2:52 pm +1,Japan Airlines,SIN‐EWR,29h02m,2,"HND, ORD",1308,20220407-1426,cheap
6:59 am – 12:20 am +2,"American Airlines, Japan Airlines",EWR‐SIN,29h21m,2,"DFW, HND-NRT",1:50 am – 7:40 pm,"Japan Airlines, American Airlines",SIN‐EWR,29h50m,2,"HND, ORD",1308,20220407-1426,cheap
10:25 am – 5:10 pm +1,Singapore Airlines,EWR‐SIN,18h45m,0,,11:35 pm – 6:00 am +1,Singapore Airlines,SIN‐EWR,18h25m,0,,1340,20220407-1426,cheap
8:25 am – 12:20 am +2,Japan Airlines,EWR‐SIN,27h55m,2,"SFO, NRT",1:50 am – 2:52 pm,Japan Airlines,SIN‐EWR,25h02m,2,"HND, ORD",1443,20220407-1424,best
10:25 am – 5:10 pm +1,Singapore Airlines,EWR‐SIN,18h45m,0,,11:35 pm – 6:00 am +1,Singapore Airlines,SIN‐EWR,18h25m,0,,1340,20220407-1424,best
6:40 pm – 6:15 am +2,United Airlines,EWR‐SIN,23h35m,1,SFO,8:45 am – 6:58 am +1,United Airlines,SIN‐EWR,34h13m,2,"SFO, SLC",1160,20220407-1424,best
6:40 pm – 6:15 am +2,United Airlines,EWR‐SIN,23h35m,1,SFO,8:45 am – 7:20 pm,United Airlines,SIN‐EWR,22h35m,1,SFO,1341,20220407-1424,best
6:40 pm – 6:15 am +2,United Airlines,EWR‐SIN,23h35m,1,SFO,8:45 am – 8:06 pm,United Airlines,SIN‐EWR,23h21m,1,SFO,1341,20220407-1424,best
4:40 pm – 6:15 am +2,United Airlines,EWR‐SIN,25h35m,1,SFO,8:45 am – 7:20 pm,United Airlines,SIN‐EWR,22h35m,1,SFO,1341,20220407-1424,best
6:40 pm – 6:15 am +2,United Airlines,EWR‐SIN,23h35m,1,SFO,8:45 am – 10:00 pm,United Airlines,SIN‐EWR,25h15m,1,SFO,1341,20220407-1424,best
4:40 pm – 6:15 am +2,United Airlines,EWR‐SIN,25h35m,1,SFO,8:45 am – 8:06 pm,United Airlines,SIN‐EWR,23h21m,1,SFO,1341,20220407-1424,best
4:00 pm – 5:30 am +2,Singapore Airlines,EWR‐SIN,25h30m,1,LAX,11:35 pm – 6:00 am +1,Singapore Airlines,SIN‐EWR,18h25m,0,,1549,20220407-1424,best
4:40 pm – 6:15 am +2,United Airlines,EWR‐SIN,25h35m,1,SFO,8:45 am – 10:00 pm,United Airlines,SIN‐EWR,25h15m,1,SFO,1341,20220407-1424,best
3:20 pm – 6:15 am +2,United Airlines,EWR‐SIN,26h55m,1,SFO,8:45 am – 8:06 pm,United Airlines,SIN‐EWR,23h21m,1,SFO,1411,20220407-1424,best
6:40 pm – 6:15 am +2,United Airlines,EWR‐SIN,23h35m,1,SFO,8:45 am – 12:45 am +1,United Airlines,SIN‐EWR,28h00m,1,SFO,1341,20220407-1424,best
3:20 pm – 6:15 am +2,United Airlines,EWR‐SIN,26h55m,1,SFO,8:45 am – 7:20 pm,United Airlines,SIN‐EWR,22h35m,1,SFO,1411,20220407-1424,best
4:00 pm – 7:50 am +2,Singapore Airlines,EWR‐SIN,27h50m,1,LAX,11:35 pm – 6:00 am +1,Singapore Airlines,SIN‐EWR,18h25m,0,,1549,20220407-1424,best
9:00 am – 1:15 am +2,Singapore Airlines,EWR‐SIN,28h15m,2,"LAX, NRT",11:35 pm – 6:00 am +1,Singapore Airlines,SIN‐EWR,18h25m,0,,1482,20220407-1424,best
2:10 pm – 6:15 am +2,United Airlines,EWR‐SIN,28h05m,1,SFO,8:45 am – 7:20 pm,United Airlines,SIN‐EWR,22h35m,1,SFO,1411,20220407-1424,best
6:40 pm – 6:15 am +2,United Airlines,EWR‐SIN,23h35m,1,SFO,8:45 am – 9:25 pm,United Airlines,SIN‐EWR,24h40m,2,"SFO, DEN",1496,20220407-1424,best
10:25 am – 5:10 pm +1,Singapore Airlines,EWR‐SIN,18h45m,0,,11:35 pm – 6:00 am +1,Singapore Airlines,SIN‐EWR,18h25m,0,,1340,20220407-1429,fast
6:40 pm – 6:15 am +2,United Airlines,EWR‐SIN,23h35m,1,SFO,11:35 pm – 6:00 am +1,Singapore Airlines,SIN‐EWR,18h25m,0,,1537,20220407-1429,fast
10:25 am – 5:10 pm +1,Singapore Airlines,EWR‐SIN,18h45m,0,,6:40 pm – 6:59 am +1,Singapore Airlines,SIN‐EWR,24h19m,1,SFO,1805,20220407-1429,fast
10:25 am – 5:10 pm +1,Singapore Airlines,EWR‐SIN,18h45m,0,,6:40 pm – 7:05 am +1,Singapore Airlines,SIN‐EWR,24h25m,1,LAX,1915,20220407-1429,fast
4:00 pm – 5:30 am +2,Singapore Airlines,EWR‐SIN,25h30m,1,LAX,11:35 pm – 6:00 am +1,Singapore Airlines,SIN‐EWR,18h25m,0,,1549,20220407-1429,fast
4:40 pm – 6:15 am +2,United Airlines,EWR‐SIN,25h35m,1,SFO,11:35 pm – 6:00 am +1,Singapore Airlines,SIN‐EWR,18h25m,0,,1537,20220407-1429,fast
3:59 pm – 5:45 am +2,Singapore Airlines,EWR‐SIN,25h46m,1,SFO,11:35 pm – 6:00 am +1,Singapore Airlines,SIN‐EWR,18h25m,0,,1997,20220407-1429,fast
10:25 am – 5:10 pm +1,Singapore Airlines,EWR‐SIN,18h45m,0,,6:40 pm – 8:33 am +1,"Singapore Airlines, JetBlue",SIN‐EWR,25h53m,1,LAX,2283,20220407-1429,fast
8:55 pm – 7:00 am +2,Lufthansa,EWR‐SIN,22h05m,1,MUC,8:45 am – 7:20 pm,United Airlines,SIN‐EWR,22h35m,1,SFO,3474,20220407-1429,fast
8:45 am – 11:40 pm +1,Korean Air,EWR‐SIN,26h55m,2,"ATL, ICN",11:35 pm – 6:00 am +1,Singapore Airlines,SIN‐EWR,18h25m,0,,1514,20220407-1429,fast
8:40 am – 11:40 pm +1,"Delta, Korean Air",EWR‐SIN,27h00m,2,"BOS, ICN",11:35 pm – 6:00 am +1,Singapore Airlines,SIN‐EWR,18h25m,0,,1538,20220407-1429,fast
8:55 pm – 7:00 am +2,Lufthansa,EWR‐SIN,22h05m,1,MUC,12:30 am – 12:25 pm,Lufthansa,SIN‐EWR,23h55m,1,MUC,1802,20220407-1429,fast
6:40 pm – 6:15 am +2,United Airlines,EWR‐SIN,23h35m,1,SFO,8:45 am – 7:20 pm,United Airlines,SIN‐EWR,22h35m,1,SFO,1341,20220407-1429,fast
4:00 pm – 7:50 am +2,Singapore Airlines,EWR‐SIN,27h50m,1,LAX,11:35 pm – 6:00 am +1,Singapore Airlines,SIN‐EWR,18h25m,0,,1549,20220407-1429,fast
8:55 pm – 7:00 am +2,Lufthansa,EWR‐SIN,22h05m,1,MUC,6:40 pm – 6:59 am +1,Singapore Airlines,SIN‐EWR,24h19m,1,SFO,3371,20220407-1429,fast
