Out Time,Out Airline,Out Cities,Out Duration,Out Stops,Out Stop Cities,Return Time,Return Airline,Return Cities,Return Duration,Return Stops,Return Stop Cities,Price,timestamp,sort
11:50 pm – 6:10 pm +2,Turkish Airlines,EWR‐ICN,29h20m,1,IST,11:45 pm – 10:20 pm +1,Turkish Airlines,ICN‐EWR,35h35m,1,IST,852,20220406-2113,cheap
6:30 am – 2:55 pm +1,United Airlines,EWR‐ICN,19h25m,1,SFO,4:50 pm – 9:44 pm,United Airlines,ICN‐EWR,17h54m,1,SFO,1232,20220406-2113,cheap
6:30 am – 2:55 pm +1,United Airlines,EWR‐ICN,19h25m,1,SFO,4:50 pm – 11:09 pm,United Airlines,ICN‐EWR,19h19m,1,SFO,1232,20220406-2113,cheap
5:00 am – 2:55 pm +1,United Airlines,EWR‐ICN,20h55m,2,"ORD, SFO",4:50 pm – 9:44 pm,United Airlines,ICN‐EWR,17h54m,1,SFO,1232,20220406-2113,cheap
5:00 am – 2:55 pm +1,United Airlines,EWR‐ICN,20h55m,2,"ORD, SFO",4:50 pm – 11:09 pm,United Airlines,ICN‐EWR,19h19m,1,SFO,1232,20220406-2113,cheap
6:30 am – 2:55 pm +1,United Airlines,EWR‐ICN,19h25m,1,SFO,4:50 pm – 12:44 am +1,United Airlines,ICN‐EWR,20h54m,1,SFO,1232,20220406-2113,cheap
5:00 am – 2:55 pm +1,United Airlines,EWR‐ICN,20h55m,2,"ORD, SFO",4:50 pm – 12:44 am +1,United Airlines,ICN‐EWR,20h54m,1,SFO,1232,20220406-2113,cheap
9:31 pm – 2:55 pm +2,United Airlines,EWR‐ICN,28h24m,2,"DEN, SFO",4:50 pm – 9:44 pm,United Airlines,ICN‐EWR,17h54m,1,SFO,1232,20220406-2113,cheap
9:31 pm – 2:55 pm +2,United Airlines,EWR‐ICN,28h24m,2,"DEN, SFO",4:50 pm – 11:09 pm,United Airlines,ICN‐EWR,19h19m,1,SFO,1232,20220406-2113,cheap
7:38 pm – 2:55 pm +2,United Airlines,EWR‐ICN,30h17m,2,"IAD, SFO",4:50 pm – 9:44 pm,United Airlines,ICN‐EWR,17h54m,1,SFO,1232,20220406-2113,cheap
6:30 am – 2:55 pm +1,United Airlines,EWR‐ICN,19h25m,1,SFO,4:50 pm – 11:19 pm,United Airlines,ICN‐EWR,19h29m,2,"SFO, DEN",1236,20220406-2113,cheap
6:30 am – 2:55 pm +1,United Airlines,EWR‐ICN,19h25m,1,SFO,4:50 pm – 11:28 pm,United Airlines,ICN‐EWR,19h38m,2,"SFO, IAD",1236,20220406-2113,cheap
6:30 am – 2:55 pm +1,United Airlines,EWR‐ICN,19h25m,1,SFO,4:50 pm – 12:17 am +1,United Airlines,ICN‐EWR,20h27m,2,"SFO, LAX",1236,20220406-2113,cheap
5:00 am – 2:55 pm +1,United Airlines,EWR‐ICN,20h55m,2,"ORD, SFO",4:50 pm – 11:19 pm,United Airlines,ICN‐EWR,19h29m,2,"SFO, DEN",1236,20220406-2113,cheap
6:30 am – 2:55 pm +1,United Airlines,EWR‐ICN,19h25m,1,SFO,4:50 pm – 12:55 am +1,United Airlines,ICN‐EWR,21h05m,2,"SFO, ORD",1236,20220406-2113,cheap
9:30 am – 4:30 pm +1,Delta,EWR‐ICN,18h00m,1,DTW,6:40 pm – 12:59 am +1,Delta,ICN‐EWR,19h19m,1,ATL,1565,20220406-2111,best
6:30 am – 2:55 pm +1,United Airlines,EWR‐ICN,19h25m,1,SFO,4:50 pm – 9:44 pm,United Airlines,ICN‐EWR,17h54m,1,SFO,1232,20220406-2111,best
11:50 pm – 6:10 pm +2,Turkish Airlines,EWR‐ICN,29h20m,1,IST,11:45 pm – 10:20 pm +1,Turkish Airlines,ICN‐EWR,35h35m,1,IST,852,20220406-2111,best
6:30 am – 2:55 pm +1,United Airlines,EWR‐ICN,19h25m,1,SFO,4:50 pm – 11:09 pm,United Airlines,ICN‐EWR,19h19m,1,SFO,1232,20220406-2111,best
6:34 am – 3:15 pm +1,American Airlines,EWR‐ICN,19h41m,1,DFW,5:25 pm – 10:00 pm,American Airlines,ICN‐EWR,17h35m,1,DFW,1330,20220406-2111,best
6:30 am – 2:55 pm +1,United Airlines,EWR‐ICN,19h25m,1,SFO,4:50 pm – 11:19 pm,United Airlines,ICN‐EWR,19h29m,2,"SFO, DEN",1236,20220406-2111,best
9:30 am – 4:30 pm +1,Korean Air,EWR‐ICN,18h00m,1,DTW,6:40 pm – 11:02 pm,Korean Air,ICN‐EWR,17h22m,1,ATL,1520,20220406-2111,best
6:30 am – 2:55 pm +1,United Airlines,EWR‐ICN,19h25m,1,SFO,4:50 pm – 11:28 pm,United Airlines,ICN‐EWR,19h38m,2,"SFO, IAD",1236,20220406-2111,best
6:30 am – 2:55 pm +1,United Airlines,EWR‐ICN,19h25m,1,SFO,4:50 pm – 12:44 am +1,United Airlines,ICN‐EWR,20h54m,1,SFO,1232,20220406-2111,best
6:34 am – 3:15 pm +1,American Airlines,EWR‐ICN,19h41m,1,DFW,5:25 pm – 11:28 pm,American Airlines,ICN‐EWR,19h03m,1,DFW,1330,20220406-2111,best
5:00 am – 2:55 pm +1,United Airlines,EWR‐ICN,20h55m,2,"ORD, SFO",4:50 pm – 9:44 pm,United Airlines,ICN‐EWR,17h54m,1,SFO,1232,20220406-2111,best
6:30 am – 2:55 pm +1,United Airlines,EWR‐ICN,19h25m,1,SFO,4:50 pm – 12:17 am +1,United Airlines,ICN‐EWR,20h27m,2,"SFO, LAX",1236,20220406-2111,best
6:30 am – 2:55 pm +1,United Airlines,EWR‐ICN,19h25m,1,SFO,4:50 pm – 12:55 am +1,United Airlines,ICN‐EWR,21h05m,2,"SFO, ORD",1236,20220406-2111,best
9:30 am – 4:30 pm +1,Korean Air,EWR‐ICN,18h00m,1,DTW,10:45 am – 4:24 pm,Korean Air,ICN‐EWR,18h39m,1,DTW,1519,20220406-2111,best
5:00 am – 2:55 pm +1,United Airlines,EWR‐ICN,20h55m,2,"ORD, SFO",4:50 pm – 11:09 pm,United Airlines,ICN‐EWR,19h19m,1,SFO,1232,20220406-2111,best
9:30 am – 4:30 pm +1,Delta,EWR‐ICN,18h00m,1,DTW,6:40 pm – 12:59 am +1,Delta,ICN‐EWR,19h19m,1,ATL,1565,20220406-2111,best
5:00 am – 2:55 pm +1,United Airlines,EWR‐ICN,20h55m,2,"ORD, SFO",4:50 pm – 11:19 pm,United Airlines,ICN‐EWR,19h29m,2,"SFO, DEN",1236,20220406-2111,best
11:25 am – 6:10 pm +1,"ANA, Korean Air",EWR‐ICN,17h45m,1,NRT,6:40 pm – 11:02 pm,Korean Air,ICN‐EWR,17h22m,1,ATL,4330,20220406-2116,fast
9:30 am – 4:30 pm +1,Korean Air,EWR‐ICN,18h00m,1,DTW,6:40 pm – 11:02 pm,Korean Air,ICN‐EWR,17h22m,1,ATL,1520,20220406-2116,fast
9:30 am – 4:30 pm +1,Korean Air,EWR‐ICN,18h00m,1,DTW,5:25 pm – 10:00 pm,"Korean Air, American Airlines",ICN‐EWR,17h35m,1,DFW,2242,20220406-2116,fast
9:00 am – 4:25 pm +1,Delta,EWR‐ICN,18h25m,1,BOS,6:40 pm – 11:02 pm,Delta,ICN‐EWR,17h22m,1,ATL,1740,20220406-2116,fast
9:30 am – 4:30 pm +1,"Delta, Korean Air",EWR‐ICN,18h00m,1,DTW,4:50 pm – 9:44 pm,United Airlines,ICN‐EWR,17h54m,1,SFO,1425,20220406-2116,fast
9:30 am – 4:30 pm +1,Korean Air,EWR‐ICN,18h00m,1,DTW,10:45 am – 4:24 pm,Korean Air,ICN‐EWR,18h39m,1,DTW,1519,20220406-2116,fast
11:25 am – 6:10 pm +1,"ANA, Korean Air",EWR‐ICN,17h45m,1,NRT,9:20 am – 3:20 pm,Korean Air,ICN‐EWR,19h00m,1,ATL,6355,20220406-2116,fast
9:30 am – 4:30 pm +1,Korean Air,EWR‐ICN,18h00m,1,DTW,9:20 am – 3:20 pm,Korean Air,ICN‐EWR,19h00m,1,ATL,1782,20220406-2116,fast
9:00 am – 5:40 pm +1,Korean Air,EWR‐ICN,19h40m,1,BOS,6:40 pm – 11:02 pm,Korean Air,ICN‐EWR,17h22m,1,ATL,1686,20220406-2116,fast
9:30 am – 4:30 pm +1,Korean Air,EWR‐ICN,18h00m,1,DTW,9:30 am – 3:35 pm,Korean Air,ICN‐EWR,19h05m,1,BOS,1804,20220406-2116,fast
6:34 am – 3:15 pm +1,American Airlines,EWR‐ICN,19h41m,1,DFW,5:25 pm – 10:00 pm,American Airlines,ICN‐EWR,17h35m,1,DFW,1330,20220406-2116,fast
6:30 am – 2:55 pm +1,United Airlines,EWR‐ICN,19h25m,1,SFO,4:50 pm – 9:44 pm,United Airlines,ICN‐EWR,17h54m,1,SFO,1232,20220406-2116,fast
9:30 am – 4:30 pm +1,Delta,EWR‐ICN,18h00m,1,DTW,6:40 pm – 12:59 am +1,Delta,ICN‐EWR,19h19m,1,ATL,1565,20220406-2116,fast
9:30 am – 4:30 pm +1,"Delta, Korean Air",EWR‐ICN,18h00m,1,DTW,4:50 pm – 11:09 pm,"Asiana Airlines, United Airlines",ICN‐EWR,19h19m,1,SFO,2159,20220406-2116,fast
8:00 am – 5:05 pm +1,Korean Air,EWR‐ICN,20h05m,1,ATL,6:40 pm – 11:02 pm,Korean Air,ICN‐EWR,17h22m,1,ATL,2054,20220406-2116,fast
