Out Time,Out Airline,Out Cities,Out Duration,Out Stops,Out Stop Cities,Return Time,Return Airline,Return Cities,Return Duration,Return Stops,Return Stop Cities,Price,timestamp,sort
6:34 am – 3:15 pm +1,American Airlines,EWR‐ICN,19h41m,1,DFW,5:25 pm – 10:00 pm,American Airlines,ICN‐EWR,17h35m,1,DFW,1330,20220405-2059,cheap
6:34 am – 3:15 pm +1,American Airlines,EWR‐ICN,19h41m,1,DFW,5:25 pm – 11:28 pm,American Airlines,ICN‐EWR,19h03m,1,DFW,1330,20220405-2059,cheap
7:42 pm – 3:15 pm +2,American Airlines,EWR‐ICN,30h33m,2,"ORD, DFW",5:25 pm – 10:00 pm,American Airlines,ICN‐EWR,17h35m,1,DFW,1334,20220405-2059,cheap
7:42 pm – 3:15 pm +2,American Airlines,EWR‐ICN,30h33m,2,"ORD, DFW",5:25 pm – 10:00 pm,American Airlines,ICN‐EWR,17h35m,1,DFW,1374,20220405-2059,cheap
8:00 am – 3:50 pm +1,Korean Air,EWR‐ICN,18h50m,1,ATL,4:50 pm – 11:09 pm,United Airlines,ICN‐EWR,19h19m,1,SFO,1424,20220405-2059,cheap
8:00 am – 3:50 pm +1,Delta,EWR‐ICN,18h50m,1,ATL,12:30 pm – 11:28 pm,Delta,ICN‐EWR,23h58m,2,"SEA, MSP",1569,20220405-2059,cheap
8:00 am – 3:50 pm +1,Delta,EWR‐ICN,18h50m,1,ATL,12:30 pm – 11:28 pm,Delta,ICN‐EWR,23h58m,2,"SEA, MSP",1569,20220405-2059,cheap
8:00 am – 3:50 pm +1,Delta,EWR‐ICN,18h50m,1,ATL,12:30 pm – 11:28 pm,Delta,ICN‐EWR,23h58m,2,"SEA, MSP",1569,20220405-2059,cheap
8:00 am – 3:50 pm +1,Delta,EWR‐ICN,18h50m,1,ATL,12:30 pm – 12:22 am +1,Delta,ICN‐EWR,24h52m,2,"SEA, DTW",1569,20220405-2059,cheap
7:00 am – 3:50 pm +1,Delta,EWR‐ICN,19h50m,1,ATL,12:30 pm – 11:28 pm,Delta,ICN‐EWR,23h58m,2,"SEA, MSP",1569,20220405-2059,cheap
7:00 am – 3:50 pm +1,Delta,EWR‐ICN,19h50m,1,ATL,12:30 pm – 11:28 pm,Delta,ICN‐EWR,23h58m,2,"SEA, MSP",1569,20220405-2059,cheap
7:00 am – 3:50 pm +1,Delta,EWR‐ICN,19h50m,1,ATL,12:30 pm – 11:28 pm,Delta,ICN‐EWR,23h58m,2,"SEA, MSP",1569,20220405-2059,cheap
6:00 am – 3:15 pm +1,Delta,EWR‐ICN,20h15m,2,"DTW, SEA",12:30 pm – 11:28 pm,Delta,ICN‐EWR,23h58m,2,"SEA, MSP",1569,20220405-2059,cheap
6:00 am – 3:15 pm +1,Delta,EWR‐ICN,20h15m,2,"DTW, SEA",12:30 pm – 11:28 pm,Delta,ICN‐EWR,23h58m,2,"SEA, MSP",1569,20220405-2059,cheap
6:00 am – 3:15 pm +1,Delta,EWR‐ICN,20h15m,2,"DTW, SEA",12:30 pm – 11:28 pm,Delta,ICN‐EWR,23h58m,2,"SEA, MSP",1569,20220405-2059,cheap
8:00 am – 3:50 pm +1,Delta,EWR‐ICN,18h50m,1,ATL,12:30 pm – 11:28 pm,Delta,ICN‐EWR,23h58m,2,"SEA, MSP",1569,20220405-2057,best
6:34 am – 3:15 pm +1,American Airlines,EWR‐ICN,19h41m,1,DFW,5:25 pm – 10:00 pm,American Airlines,ICN‐EWR,17h35m,1,DFW,1330,20220405-2057,best
6:34 am – 3:15 pm +1,American Airlines,EWR‐ICN,19h41m,1,DFW,5:25 pm – 11:28 pm,American Airlines,ICN‐EWR,19h03m,1,DFW,1330,20220405-2057,best
6:30 am – 2:55 pm +1,United Airlines,EWR‐ICN,19h25m,1,SFO,4:50 pm – 9:44 pm,United Airlines,ICN‐EWR,17h54m,1,SFO,1786,20220405-2057,best
6:30 am – 2:55 pm +1,United Airlines,EWR‐ICN,19h25m,1,SFO,4:50 pm – 11:09 pm,United Airlines,ICN‐EWR,19h19m,1,SFO,1786,20220405-2057,best
8:00 am – 3:50 pm +1,Korean Air,EWR‐ICN,18h50m,1,ATL,9:20 am – 3:20 pm,Korean Air,ICN‐EWR,19h00m,1,ATL,1901,20220405-2057,best
6:30 am – 2:55 pm +1,United Airlines,EWR‐ICN,19h25m,1,SFO,4:50 pm – 12:44 am +1,United Airlines,ICN‐EWR,20h54m,1,SFO,1786,20220405-2057,best
8:00 am – 3:50 pm +1,Delta,EWR‐ICN,18h50m,1,ATL,12:30 pm – 11:28 pm,Delta,ICN‐EWR,23h58m,2,"SEA, MSP",1569,20220405-2057,best
8:00 am – 3:50 pm +1,Delta,EWR‐ICN,18h50m,1,ATL,12:30 pm – 11:28 pm,Delta,ICN‐EWR,23h58m,2,"SEA, MSP",1569,20220405-2057,best
8:00 am – 3:50 pm +1,Delta,EWR‐ICN,18h50m,1,ATL,12:30 pm – 11:28 pm,Delta,ICN‐EWR,23h58m,2,"SEA, MSP",1569,20220405-2057,best
7:00 am – 3:50 pm +1,Delta,EWR‐ICN,19h50m,1,ATL,9:20 am – 3:20 pm,Delta,ICN‐EWR,19h00m,1,ATL,1965,20220405-2057,best
8:00 am – 3:50 pm +1,Delta,EWR‐ICN,18h50m,1,ATL,12:30 pm – 12:22 am +1,Delta,ICN‐EWR,24h52m,2,"SEA, DTW",1569,20220405-2057,best
7:00 am – 3:50 pm +1,Delta,EWR‐ICN,19h50m,1,ATL,12:30 pm – 11:28 pm,Delta,ICN‐EWR,23h58m,2,"SEA, MSP",1569,20220405-2057,best
7:00 am – 3:50 pm +1,Delta,EWR‐ICN,19h50m,1,ATL,12:30 pm – 11:28 pm,Delta,ICN‐EWR,23h58m,2,"SEA, MSP",1569,20220405-2057,best
7:00 am – 3:50 pm +1,Delta,EWR‐ICN,19h50m,1,ATL,12:30 pm – 11:28 pm,Delta,ICN‐EWR,23h58m,2,"SEA, MSP",1569,20220405-2057,best
7:42 pm – 3:15 pm +2,American Airlines,EWR‐ICN,30h33m,2,"ORD, DFW",5:25 pm – 10:00 pm,American Airlines,ICN‐EWR,17h35m,1,DFW,1334,20220405-2057,best
11:25 am – 5:30 pm +1,"ANA, Korean Air",EWR‐ICN,17h05m,1,NRT,9:20 am – 3:20 pm,Korean Air,ICN‐EWR,19h00m,1,ATL,4813,20220405-2102,fast
8:00 am – 3:50 pm +1,Korean Air,EWR‐ICN,18h50m,1,ATL,5:25 pm – 10:00 pm,"Korean Air, American Airlines",ICN‐EWR,17h35m,1,DFW,2242,20220405-2102,fast
6:34 am – 3:15 pm +1,American Airlines,EWR‐ICN,19h41m,1,DFW,5:25 pm – 10:00 pm,American Airlines,ICN‐EWR,17h35m,1,DFW,1330,20220405-2102,fast
6:30 am – 2:55 pm +1,United Airlines,EWR‐ICN,19h25m,1,SFO,4:50 pm – 9:44 pm,United Airlines,ICN‐EWR,17h54m,1,SFO,1786,20220405-2102,fast
8:00 am – 3:50 pm +1,Korean Air,EWR‐ICN,18h50m,1,ATL,9:20 am – 3:20 pm,Korean Air,ICN‐EWR,19h00m,1,ATL,1901,20220405-2102,fast
8:00 am – 3:50 pm +1,Korean Air,EWR‐ICN,18h50m,1,ATL,5:25 pm – 11:28 pm,"Korean Air, American Airlines",ICN‐EWR,19h03m,1,DFW,2242,20220405-2102,fast
7:15 am – 3:15 pm +1,"Alaska Airlines, Korean Air",EWR‐ICN,19h00m,1,SEA,9:20 am – 3:20 pm,Korean Air,ICN‐EWR,19h00m,1,ATL,4450,20220405-2102,fast
8:00 am – 3:50 pm +1,Korean Air,EWR‐ICN,18h50m,1,ATL,4:50 pm – 11:09 pm,United Airlines,ICN‐EWR,19h19m,1,SFO,1424,20220405-2102,fast
7:59 am – 3:40 pm +1,Air Canada,EWR‐ICN,18h41m,1,YYZ,6:00 pm – 12:44 am +1,"Air Canada, United Airlines",ICN‐EWR,19h44m,2,"YVR, SFO",2574,20220405-2102,fast
8:00 am – 3:50 pm +1,Korean Air,EWR‐ICN,18h50m,1,ATL,10:00 am – 4:40 pm,"Asiana Airlines, ANA",ICN‐EWR,19h40m,1,NRT,7677,20220405-2102,fast
7:59 am – 3:40 pm +1,Air Canada,EWR‐ICN,18h41m,1,YYZ,6:00 pm – 12:55 am +1,"Air Canada, United Airlines",ICN‐EWR,19h55m,2,"YVR, ORD",2431,20220405-2102,fast
6:34 am – 3:15 pm +1,American Airlines,EWR‐ICN,19h41m,1,DFW,5:25 pm – 11:28 pm,American Airlines,ICN‐EWR,19h03m,1,DFW,1330,20220405-2102,fast
6:30 am – 2:55 pm +1,United Airlines,EWR‐ICN,19h25m,1,SFO,4:50 pm – 11:09 pm,United Airlines,ICN‐EWR,19h19m,1,SFO,1786,20220405-2102,fast
7:00 am – 3:50 pm +1,Delta,EWR‐ICN,19h50m,1,ATL,9:20 am – 3:20 pm,Delta,ICN‐EWR,19h00m,1,ATL,1965,20220405-2102,fast
7:00 am – 3:50 pm +1,Korean Air,EWR‐ICN,19h50m,1,ATL,9:20 am – 3:20 pm,Korean Air,ICN‐EWR,19h00m,1,ATL,2280,20220405-2102,fast
