Out Time,Out Airline,Out Cities,Out Duration,Out Stops,Out Stop Cities,Return Time,Return Airline,Return Cities,Return Duration,Return Stops,Return Stop Cities,Price,timestamp,sort
6:25 am – 4:00 pm +1,Air Canada,EWR‐ICN,20h35m,2,"YYZ, YVR",6:40 pm – 10:31 pm,Air Canada,ICN‐EWR,16h51m,1,YYZ,1514,20220409-0105,cheap
6:25 am – 4:00 pm +1,Air Canada,EWR‐ICN,20h35m,2,"YYZ, YVR",6:40 pm – 7:40 am +1,Air Canada,ICN‐EWR,26h00m,2,"YYZ, YUL",1610,20220409-0105,cheap
6:25 am – 4:00 pm +1,Air Canada,EWR‐ICN,20h35m,2,"YYZ, YVR",6:40 pm – 7:40 am +1,Air Canada,ICN‐EWR,26h00m,2,"YYZ, YUL",1610,20220409-0105,cheap
9:00 pm – 5:10 pm +2,Air Canada,EWR‐ICN,31h10m,1,YYZ,6:40 pm – 10:31 pm,Air Canada,ICN‐EWR,16h51m,1,YYZ,1623,20220409-0105,cheap
9:36 am – 4:30 pm +1,Korean Air,EWR‐ICN,17h54m,1,DTW,6:40 pm – 11:26 pm,Korean Air,ICN‐EWR,17h46m,1,ATL,1645,20220409-0105,cheap
7:00 am – 3:50 pm +1,Korean Air,EWR‐ICN,19h50m,1,ATL,6:40 pm – 11:26 pm,Korean Air,ICN‐EWR,17h46m,1,ATL,1645,20220409-0105,cheap
6:10 am – 2:45 pm +1,United Airlines,EWR‐ICN,19h35m,1,SFO,4:40 pm – 10:00 pm,United Airlines,ICN‐EWR,18h20m,1,SFO,1682,20220409-0105,cheap
5:00 am – 2:45 pm +1,United Airlines,EWR‐ICN,20h45m,2,"ORD, SFO",4:40 pm – 10:00 pm,United Airlines,ICN‐EWR,18h20m,1,SFO,1682,20220409-0105,cheap
6:10 am – 2:45 pm +1,United Airlines,EWR‐ICN,19h35m,1,SFO,4:40 pm – 12:45 am +1,United Airlines,ICN‐EWR,21h05m,1,SFO,1682,20220409-0105,cheap
5:00 am – 2:45 pm +1,United Airlines,EWR‐ICN,20h45m,2,"ORD, SFO",4:40 pm – 12:45 am +1,United Airlines,ICN‐EWR,21h05m,1,SFO,1682,20220409-0105,cheap
6:10 am – 2:45 pm +1,United Airlines,EWR‐ICN,19h35m,1,SFO,4:40 pm – 11:56 pm,United Airlines,ICN‐EWR,20h16m,2,"SFO, IAD",1686,20220409-0105,cheap
5:00 am – 2:45 pm +1,United Airlines,EWR‐ICN,20h45m,2,"ORD, SFO",4:40 pm – 11:56 pm,United Airlines,ICN‐EWR,20h16m,2,"SFO, IAD",1686,20220409-0105,cheap
6:10 am – 2:45 pm +1,United Airlines,EWR‐ICN,19h35m,1,SFO,4:40 pm – 8:15 am +1,United Airlines,ICN‐EWR,28h35m,1,SFO,1700,20220409-0105,cheap
9:36 am – 4:30 pm +1,Delta,EWR‐ICN,17h54m,1,DTW,6:40 pm – 11:23 pm,Delta,ICN‐EWR,17h43m,1,ATL,1715,20220409-0105,cheap
7:00 am – 3:00 pm +1,Delta,EWR‐ICN,19h00m,1,ATL,6:40 pm – 11:23 pm,Delta,ICN‐EWR,17h43m,1,ATL,1715,20220409-0105,cheap
7:00 am – 3:50 pm +1,Korean Air,EWR‐ICN,19h50m,1,ATL,6:40 pm – 11:26 pm,Korean Air,ICN‐EWR,17h46m,1,ATL,1685,20220409-0103,best
9:36 am – 4:30 pm +1,Korean Air,EWR‐ICN,17h54m,1,DTW,6:40 pm – 11:26 pm,Korean Air,ICN‐EWR,17h46m,1,ATL,1645,20220409-0103,best
6:25 am – 4:00 pm +1,Air Canada,EWR‐ICN,20h35m,2,"YYZ, YVR",6:40 pm – 10:31 pm,Air Canada,ICN‐EWR,16h51m,1,YYZ,1514,20220409-0103,best
9:36 am – 4:30 pm +1,Delta,EWR‐ICN,17h54m,1,DTW,6:40 pm – 11:23 pm,Delta,ICN‐EWR,17h43m,1,ATL,1715,20220409-0103,best
7:00 am – 3:50 pm +1,Korean Air,EWR‐ICN,19h50m,1,ATL,6:40 pm – 11:26 pm,Korean Air,ICN‐EWR,17h46m,1,ATL,1645,20220409-0103,best
7:00 am – 3:00 pm +1,Delta,EWR‐ICN,19h00m,1,ATL,6:40 pm – 11:23 pm,Delta,ICN‐EWR,17h43m,1,ATL,1715,20220409-0103,best
9:36 am – 4:30 pm +1,Delta,EWR‐ICN,17h54m,1,DTW,6:40 pm – 12:45 am +1,Delta,ICN‐EWR,19h05m,1,ATL,1715,20220409-0103,best
6:00 am – 3:00 pm +1,Delta,EWR‐ICN,20h00m,1,ATL,6:40 pm – 11:23 pm,Delta,ICN‐EWR,17h43m,1,ATL,1715,20220409-0103,best
6:10 am – 2:45 pm +1,United Airlines,EWR‐ICN,19h35m,1,SFO,4:40 pm – 10:00 pm,United Airlines,ICN‐EWR,18h20m,1,SFO,1682,20220409-0103,best
9:36 am – 4:30 pm +1,Korean Air,EWR‐ICN,17h54m,1,DTW,10:45 am – 3:58 pm,Korean Air,ICN‐EWR,18h13m,1,DTW,1837,20220409-0103,best
7:00 am – 3:00 pm +1,Delta,EWR‐ICN,19h00m,1,ATL,6:40 pm – 12:45 am +1,Delta,ICN‐EWR,19h05m,1,ATL,1715,20220409-0103,best
7:00 am – 4:20 pm +1,Korean Air,EWR‐ICN,20h20m,1,ATL,6:40 pm – 11:26 pm,Korean Air,ICN‐EWR,17h46m,1,ATL,1737,20220409-0103,best
6:25 am – 3:15 pm +1,Delta,EWR‐ICN,19h50m,2,"MSP, SEA",6:40 pm – 11:23 pm,Delta,ICN‐EWR,17h43m,1,ATL,1719,20220409-0103,best
6:00 am – 3:15 pm +1,Delta,EWR‐ICN,20h15m,2,"DTW, SEA",6:40 pm – 11:23 pm,Delta,ICN‐EWR,17h43m,1,ATL,1719,20220409-0103,best
6:00 am – 3:00 pm +1,Delta,EWR‐ICN,20h00m,1,ATL,6:40 pm – 12:45 am +1,Delta,ICN‐EWR,19h05m,1,ATL,1715,20220409-0103,best
6:00 am – 4:30 pm +1,Delta,EWR‐ICN,21h30m,1,DTW,6:40 pm – 11:23 pm,Delta,ICN‐EWR,17h43m,1,ATL,1715,20220409-0103,best
9:36 am – 4:30 pm +1,"Delta, Korean Air",EWR‐ICN,17h54m,1,DTW,6:40 pm – 10:31 pm,Air Canada,ICN‐EWR,16h51m,1,YYZ,2762,20220409-0108,fast
9:36 am – 4:30 pm +1,Delta,EWR‐ICN,17h54m,1,DTW,6:40 pm – 11:23 pm,Delta,ICN‐EWR,17h43m,1,ATL,1715,20220409-0108,fast
9:36 am – 4:30 pm +1,Korean Air,EWR‐ICN,17h54m,1,DTW,6:40 pm – 11:26 pm,Korean Air,ICN‐EWR,17h46m,1,ATL,1645,20220409-0108,fast
9:36 am – 4:30 pm +1,Delta,EWR‐ICN,17h54m,1,DTW,10:45 am – 3:57 pm,Delta,ICN‐EWR,18h12m,1,DTW,1940,20220409-0108,fast
9:36 am – 4:30 pm +1,Korean Air,EWR‐ICN,17h54m,1,DTW,10:45 am – 3:58 pm,Korean Air,ICN‐EWR,18h13m,1,DTW,1837,20220409-0108,fast
8:45 am – 4:20 pm +1,Delta,EWR‐ICN,18h35m,1,ATL,6:40 pm – 11:23 pm,Delta,ICN‐EWR,17h43m,1,ATL,5135,20220409-0108,fast
7:00 am – 3:00 pm +1,Delta,EWR‐ICN,19h00m,1,ATL,6:40 pm – 11:23 pm,Delta,ICN‐EWR,17h43m,1,ATL,1715,20220409-0108,fast
8:45 am – 4:20 pm +1,Delta,EWR‐ICN,18h35m,1,ATL,10:45 am – 3:57 pm,Delta,ICN‐EWR,18h12m,1,DTW,5135,20220409-0108,fast
9:36 am – 4:30 pm +1,Korean Air,EWR‐ICN,17h54m,1,DTW,5:25 pm – 11:26 pm,"Korean Air, American Airlines",ICN‐EWR,19h01m,1,DFW,2376,20220409-0108,fast
9:36 am – 4:30 pm +1,Delta,EWR‐ICN,17h54m,1,DTW,6:40 pm – 12:45 am +1,Delta,ICN‐EWR,19h05m,1,ATL,1715,20220409-0108,fast
9:36 am – 4:30 pm +1,"Delta, Korean Air",EWR‐ICN,17h54m,1,DTW,6:40 pm – 12:47 am +1,"Korean Air, Delta",ICN‐EWR,19h07m,1,ATL,2166,20220409-0108,fast
9:36 am – 4:30 pm +1,Korean Air,EWR‐ICN,17h54m,1,DTW,9:20 am – 3:35 pm,Korean Air,ICN‐EWR,19h15m,1,ATL,2027,20220409-0108,fast
9:36 am – 4:30 pm +1,Korean Air,EWR‐ICN,17h54m,1,DTW,2:40 pm – 8:56 pm,"Asiana Airlines, United Airlines",ICN‐EWR,19h16m,1,LAX,2328,20220409-0108,fast
9:36 am – 4:30 pm +1,"Delta, Korean Air",EWR‐ICN,17h54m,1,DTW,2:40 pm – 8:56 pm,Asiana Airlines,ICN‐EWR,19h16m,1,LAX,3827,20220409-0108,fast
7:00 am – 3:00 pm +1,Delta,EWR‐ICN,19h00m,1,ATL,10:45 am – 3:57 pm,Delta,ICN‐EWR,18h12m,1,DTW,3123,20220409-0108,fast
