Out Time,Out Airline,Out Cities,Out Duration,Out Stops,Out Stop Cities,Return Time,Return Airline,Return Cities,Return Duration,Return Stops,Return Stop Cities,Price,timestamp,sort
6:00 pm – 6:15 am +2,United Airlines,EWR‐SIN,24h15m,1,SFO,8:45 am – 7:23 pm,United Airlines,SIN‐EWR,22h38m,1,SFO,968,20220407-0958,cheap
6:00 pm – 6:15 am +2,United Airlines,EWR‐SIN,24h15m,1,SFO,8:45 am – 8:08 pm,United Airlines,SIN‐EWR,23h23m,1,SFO,968,20220407-0958,cheap
5:00 pm – 6:15 am +2,United Airlines,EWR‐SIN,25h15m,1,SFO,8:45 am – 7:23 pm,United Airlines,SIN‐EWR,22h38m,1,SFO,968,20220407-0958,cheap
6:00 pm – 6:15 am +2,United Airlines,EWR‐SIN,24h15m,1,SFO,8:45 am – 9:08 pm,United Airlines,SIN‐EWR,24h23m,1,SFO,968,20220407-0958,cheap
5:00 pm – 6:15 am +2,United Airlines,EWR‐SIN,25h15m,1,SFO,8:45 am – 8:08 pm,United Airlines,SIN‐EWR,23h23m,1,SFO,968,20220407-0958,cheap
4:00 pm – 6:15 am +2,United Airlines,EWR‐SIN,26h15m,1,SFO,8:45 am – 7:23 pm,United Airlines,SIN‐EWR,22h38m,1,SFO,968,20220407-0958,cheap
6:00 pm – 6:15 am +2,United Airlines,EWR‐SIN,24h15m,1,SFO,8:45 am – 10:08 pm,United Airlines,SIN‐EWR,25h23m,1,SFO,968,20220407-0958,cheap
5:00 pm – 6:15 am +2,United Airlines,EWR‐SIN,25h15m,1,SFO,8:45 am – 9:08 pm,United Airlines,SIN‐EWR,24h23m,1,SFO,968,20220407-0958,cheap
4:00 pm – 6:15 am +2,United Airlines,EWR‐SIN,26h15m,1,SFO,8:45 am – 8:08 pm,United Airlines,SIN‐EWR,23h23m,1,SFO,968,20220407-0958,cheap
4:00 pm – 6:15 am +2,United Airlines,EWR‐SIN,26h15m,1,SFO,8:45 am – 9:08 pm,United Airlines,SIN‐EWR,24h23m,1,SFO,968,20220407-0958,cheap
5:00 pm – 6:15 am +2,United Airlines,EWR‐SIN,25h15m,1,SFO,8:45 am – 10:08 pm,United Airlines,SIN‐EWR,25h23m,1,SFO,968,20220407-0958,cheap
6:00 pm – 6:15 am +2,United Airlines,EWR‐SIN,24h15m,1,SFO,8:45 am – 11:58 pm,United Airlines,SIN‐EWR,27h13m,1,SFO,968,20220407-0958,cheap
4:00 pm – 6:15 am +2,United Airlines,EWR‐SIN,26h15m,1,SFO,8:45 am – 10:08 pm,United Airlines,SIN‐EWR,25h23m,1,SFO,968,20220407-0958,cheap
6:00 pm – 6:15 am +2,United Airlines,EWR‐SIN,24h15m,1,SFO,8:45 am – 12:53 am +1,United Airlines,SIN‐EWR,28h08m,1,SFO,968,20220407-0958,cheap
5:00 pm – 6:15 am +2,United Airlines,EWR‐SIN,25h15m,1,SFO,8:45 am – 11:58 pm,United Airlines,SIN‐EWR,27h13m,1,SFO,968,20220407-0958,cheap
6:00 pm – 6:15 am +2,United Airlines,EWR‐SIN,24h15m,1,SFO,8:45 am – 7:23 pm,United Airlines,SIN‐EWR,22h38m,1,SFO,968,20220407-0956,best
6:00 pm – 6:15 am +2,United Airlines,EWR‐SIN,24h15m,1,SFO,8:45 am – 8:08 pm,United Airlines,SIN‐EWR,23h23m,1,SFO,968,20220407-0956,best
5:00 pm – 6:15 am +2,United Airlines,EWR‐SIN,25h15m,1,SFO,8:45 am – 7:23 pm,United Airlines,SIN‐EWR,22h38m,1,SFO,968,20220407-0956,best
6:00 pm – 6:15 am +2,United Airlines,EWR‐SIN,24h15m,1,SFO,8:45 am – 9:08 pm,United Airlines,SIN‐EWR,24h23m,1,SFO,968,20220407-0956,best
5:00 pm – 6:15 am +2,United Airlines,EWR‐SIN,25h15m,1,SFO,8:45 am – 8:08 pm,United Airlines,SIN‐EWR,23h23m,1,SFO,968,20220407-0956,best
4:00 pm – 6:15 am +2,United Airlines,EWR‐SIN,26h15m,1,SFO,8:45 am – 7:23 pm,United Airlines,SIN‐EWR,22h38m,1,SFO,968,20220407-0956,best
6:00 pm – 6:15 am +2,United Airlines,EWR‐SIN,24h15m,1,SFO,8:45 am – 10:08 pm,United Airlines,SIN‐EWR,25h23m,1,SFO,968,20220407-0956,best
5:00 pm – 6:15 am +2,United Airlines,EWR‐SIN,25h15m,1,SFO,8:45 am – 9:08 pm,United Airlines,SIN‐EWR,24h23m,1,SFO,968,20220407-0956,best
4:00 pm – 6:15 am +2,United Airlines,EWR‐SIN,26h15m,1,SFO,8:45 am – 8:08 pm,United Airlines,SIN‐EWR,23h23m,1,SFO,968,20220407-0956,best
5:00 pm – 6:15 am +2,United Airlines,EWR‐SIN,25h15m,1,SFO,8:45 am – 10:08 pm,United Airlines,SIN‐EWR,25h23m,1,SFO,968,20220407-0956,best
4:00 pm – 6:15 am +2,United Airlines,EWR‐SIN,26h15m,1,SFO,8:45 am – 9:08 pm,United Airlines,SIN‐EWR,24h23m,1,SFO,968,20220407-0956,best
6:00 pm – 6:15 am +2,United Airlines,EWR‐SIN,24h15m,1,SFO,8:45 am – 11:58 pm,United Airlines,SIN‐EWR,27h13m,1,SFO,968,20220407-0956,best
6:00 pm – 6:15 am +2,United Airlines,EWR‐SIN,24h15m,1,SFO,8:45 am – 10:38 pm,United Airlines,SIN‐EWR,25h53m,2,"SFO, LAX",972,20220407-0956,best
4:00 pm – 6:15 am +2,United Airlines,EWR‐SIN,26h15m,1,SFO,8:45 am – 10:08 pm,United Airlines,SIN‐EWR,25h23m,1,SFO,968,20220407-0956,best
6:00 pm – 6:15 am +2,United Airlines,EWR‐SIN,24h15m,1,SFO,8:45 am – 12:53 am +1,United Airlines,SIN‐EWR,28h08m,1,SFO,968,20220407-0956,best
10:25 am – 5:10 pm +1,Singapore Airlines,EWR‐SIN,18h45m,0,,11:35 pm – 6:00 am +1,Singapore Airlines,SIN‐EWR,18h25m,0,,1734,20220407-1001,fast
6:15 pm – 5:55 am +2,SWISS,EWR‐SIN,23h40m,1,ZRH,11:35 pm – 6:00 am +1,Singapore Airlines,SIN‐EWR,18h25m,0,,3641,20220407-1001,fast
6:00 pm – 6:15 am +2,United Airlines,EWR‐SIN,24h15m,1,SFO,11:35 pm – 6:00 am +1,Singapore Airlines,SIN‐EWR,18h25m,0,,1585,20220407-1001,fast
10:25 am – 5:10 pm +1,Singapore Airlines,EWR‐SIN,18h45m,0,,6:40 pm – 6:59 am +1,Singapore Airlines,SIN‐EWR,24h19m,1,SFO,1637,20220407-1001,fast
10:25 am – 5:10 pm +1,Singapore Airlines,EWR‐SIN,18h45m,0,,6:40 pm – 7:10 am +1,"Singapore Airlines, Alaska Airlines",SIN‐EWR,24h30m,1,LAX,1867,20220407-1001,fast
5:00 pm – 6:15 am +2,United Airlines,EWR‐SIN,25h15m,1,SFO,11:35 pm – 6:00 am +1,Singapore Airlines,SIN‐EWR,18h25m,0,,1585,20220407-1001,fast
4:00 pm – 5:30 am +2,Singapore Airlines,EWR‐SIN,25h30m,1,LAX,11:35 pm – 6:00 am +1,Singapore Airlines,SIN‐EWR,18h25m,0,,2529,20220407-1001,fast
3:59 pm – 5:45 am +2,Singapore Airlines,EWR‐SIN,25h46m,1,SFO,11:35 pm – 6:00 am +1,Singapore Airlines,SIN‐EWR,18h25m,0,,2216,20220407-1001,fast
10:25 am – 5:10 pm +1,Singapore Airlines,EWR‐SIN,18h45m,0,,6:40 pm – 8:33 am +1,"Singapore Airlines, JetBlue",SIN‐EWR,25h53m,1,LAX,1774,20220407-1001,fast
3:00 pm – 6:15 am +2,United Airlines,EWR‐SIN,27h15m,1,SFO,11:35 pm – 6:00 am +1,Singapore Airlines,SIN‐EWR,18h25m,0,,1660,20220407-1001,fast
9:00 am – 12:20 am +2,Japan Airlines,EWR‐SIN,27h20m,2,"LAX, NRT",11:35 pm – 6:00 am +1,Singapore Airlines,SIN‐EWR,18h25m,0,,1596,20220407-1001,fast
4:00 pm – 7:50 am +2,Singapore Airlines,EWR‐SIN,27h50m,1,LAX,11:35 pm – 6:00 am +1,Singapore Airlines,SIN‐EWR,18h25m,0,,2529,20220407-1001,fast
2:00 pm – 6:15 am +2,United Airlines,EWR‐SIN,28h15m,1,SFO,11:35 pm – 6:00 am +1,Singapore Airlines,SIN‐EWR,18h25m,0,,1660,20220407-1001,fast
9:00 am – 1:15 am +2,Singapore Airlines,EWR‐SIN,28h15m,2,"LAX, NRT",11:35 pm – 6:00 am +1,Singapore Airlines,SIN‐EWR,18h25m,0,,1696,20220407-1001,fast
6:00 pm – 6:15 am +2,United Airlines,EWR‐SIN,24h15m,1,SFO,8:45 am – 7:23 pm,United Airlines,SIN‐EWR,22h38m,1,SFO,968,20220407-1001,fast
