Out Time,Out Airline,Out Cities,Out Duration,Out Stops,Out Stop Cities,Return Time,Return Airline,Return Cities,Return Duration,Return Stops,Return Stop Cities,Price,timestamp,sort
8:00 pm – 4:00 pm +2,Air Canada,EWR‐ICN,31h00m,2,"YUL, YVR",6:40 pm – 10:01 pm,Air Canada,ICN‐EWR,16h21m,1,YYZ,1565,20220406-0434,cheap
6:25 am – 4:00 pm +1,Air Canada,EWR‐ICN,20h35m,2,"YYZ, YVR",6:40 pm – 10:01 pm,Air Canada,ICN‐EWR,16h21m,1,YYZ,1608,20220406-0434,cheap
9:00 pm – 5:10 pm +2,Air Canada,EWR‐ICN,31h10m,1,YYZ,6:40 pm – 10:01 pm,Air Canada,ICN‐EWR,16h21m,1,YYZ,1711,20220406-0434,cheap
8:45 pm – 8:45 am +2,Lufthansa,EWR‐ICN,23h00m,1,MUC,10:15 am – 7:10 pm,Lufthansa,ICN‐EWR,21h55m,1,MUC,1815,20220406-0434,cheap
5:40 pm – 8:45 am +2,Lufthansa,EWR‐ICN,26h05m,1,MUC,10:15 am – 7:10 pm,Lufthansa,ICN‐EWR,21h55m,1,MUC,1815,20220406-0434,cheap
8:45 pm – 8:45 am +2,Lufthansa,EWR‐ICN,23h00m,1,MUC,10:15 am – 10:01 pm,"Lufthansa, Air Canada",ICN‐EWR,24h46m,2,"MUC, YYZ",1820,20220406-0434,cheap
8:45 pm – 8:45 am +2,Lufthansa,EWR‐ICN,23h00m,1,MUC,10:15 am – 10:58 pm,"Lufthansa, United Airlines",ICN‐EWR,25h43m,2,"MUC, YYZ",1820,20220406-0434,cheap
7:30 pm – 11:15 am +2,Lufthansa,EWR‐ICN,26h45m,1,FRA,10:15 am – 7:10 pm,Lufthansa,ICN‐EWR,21h55m,1,MUC,1831,20220406-0434,cheap
6:30 pm – 8:45 am +2,Lufthansa,EWR‐ICN,25h15m,2,"CDG, MUC",10:15 am – 7:10 pm,Lufthansa,ICN‐EWR,21h55m,1,MUC,1832,20220406-0434,cheap
6:15 pm – 8:45 am +2,Lufthansa,EWR‐ICN,25h30m,2,"ZRH, MUC",10:15 am – 7:10 pm,Lufthansa,ICN‐EWR,21h55m,1,MUC,1832,20220406-0434,cheap
6:15 pm – 8:45 am +2,Lufthansa,EWR‐ICN,25h30m,2,"ZRH, MUC",10:15 am – 7:10 pm,Lufthansa,ICN‐EWR,21h55m,1,MUC,1832,20220406-0434,cheap
5:50 pm – 8:45 am +2,Lufthansa,EWR‐ICN,25h55m,2,"AMS, MUC",10:15 am – 7:10 pm,Lufthansa,ICN‐EWR,21h55m,1,MUC,1832,20220406-0434,cheap
5:50 pm – 8:45 am +2,Lufthansa,EWR‐ICN,25h55m,2,"AMS, MUC",10:15 am – 7:10 pm,Lufthansa,ICN‐EWR,21h55m,1,MUC,1832,20220406-0434,cheap
7:30 pm – 11:15 am +2,Lufthansa,EWR‐ICN,26h45m,2,"MAD, FRA",10:15 am – 7:10 pm,Lufthansa,ICN‐EWR,21h55m,1,MUC,1833,20220406-0434,cheap
9:00 pm – 8:45 am +2,Lufthansa,EWR‐ICN,22h45m,2,"LHR, MUC",10:15 am – 7:10 pm,Lufthansa,ICN‐EWR,21h55m,1,MUC,1837,20220406-0434,cheap
8:45 pm – 8:45 am +2,Lufthansa,EWR‐ICN,23h00m,1,MUC,10:15 am – 7:10 pm,Lufthansa,ICN‐EWR,21h55m,1,MUC,1836,20220406-0432,best
6:25 am – 4:00 pm +1,Air Canada,EWR‐ICN,20h35m,2,"YYZ, YVR",6:40 pm – 10:01 pm,Air Canada,ICN‐EWR,16h21m,1,YYZ,1608,20220406-0432,best
8:00 pm – 4:00 pm +2,Air Canada,EWR‐ICN,31h00m,2,"YUL, YVR",6:40 pm – 10:01 pm,Air Canada,ICN‐EWR,16h21m,1,YYZ,1565,20220406-0432,best
6:00 am – 3:50 pm +1,"Delta, Korean Air",EWR‐ICN,20h50m,1,ATL,10:45 am – 3:57 pm,Korean Air,ICN‐EWR,18h12m,1,DTW,1864,20220406-0432,best
8:45 am – 4:20 pm +1,Korean Air,EWR‐ICN,18h35m,1,ATL,10:45 am – 3:57 pm,Korean Air,ICN‐EWR,18h12m,1,DTW,2437,20220406-0432,best
7:00 am – 3:50 pm +1,Korean Air,EWR‐ICN,19h50m,1,ATL,10:45 am – 3:57 pm,Korean Air,ICN‐EWR,18h12m,1,DTW,2327,20220406-0432,best
6:00 am – 3:50 pm +1,"Delta, Korean Air",EWR‐ICN,20h50m,1,ATL,9:20 am – 3:35 pm,Korean Air,ICN‐EWR,19h15m,1,ATL,2216,20220406-0432,best
8:45 pm – 8:45 am +2,Lufthansa,EWR‐ICN,23h00m,1,MUC,10:15 am – 7:10 pm,Lufthansa,ICN‐EWR,21h55m,1,MUC,1815,20220406-0432,best
7:00 am – 4:20 pm +1,Korean Air,EWR‐ICN,20h20m,1,ATL,10:45 am – 3:57 pm,Korean Air,ICN‐EWR,18h12m,1,DTW,2437,20220406-0432,best
6:25 am – 4:40 pm +1,Delta,EWR‐ICN,21h15m,2,"MSP, SEA",10:45 am – 3:57 pm,Delta,ICN‐EWR,18h12m,1,DTW,2269,20220406-0432,best
6:00 am – 4:40 pm +1,Delta,EWR‐ICN,21h40m,2,"DTW, SEA",10:45 am – 3:57 pm,Delta,ICN‐EWR,18h12m,1,DTW,2269,20220406-0432,best
9:00 pm – 8:45 am +2,Lufthansa,EWR‐ICN,22h45m,2,"LHR, MUC",10:15 am – 7:10 pm,Lufthansa,ICN‐EWR,21h55m,1,MUC,1837,20220406-0432,best
5:00 pm – 4:50 am +2,Delta,EWR‐ICN,22h50m,2,"DTW, LAX",10:45 am – 3:57 pm,Delta,ICN‐EWR,18h12m,1,DTW,2269,20220406-0432,best
8:00 pm – 8:45 am +2,Lufthansa,EWR‐ICN,23h45m,2,"LHR, MUC",10:15 am – 7:10 pm,Lufthansa,ICN‐EWR,21h55m,1,MUC,1837,20220406-0432,best
9:00 pm – 5:10 pm +2,Air Canada,EWR‐ICN,31h10m,1,YYZ,6:40 pm – 10:01 pm,Air Canada,ICN‐EWR,16h21m,1,YYZ,1711,20220406-0432,best
7:30 pm – 8:45 am +2,Lufthansa,EWR‐ICN,24h15m,2,"FRA, MUC",10:15 am – 7:10 pm,Lufthansa,ICN‐EWR,21h55m,1,MUC,1850,20220406-0432,best
8:45 am – 4:20 pm +1,"Delta, Korean Air",EWR‐ICN,18h35m,1,ATL,6:40 pm – 10:01 pm,Air Canada,ICN‐EWR,16h21m,1,YYZ,3245,20220406-0437,fast
8:45 am – 4:20 pm +1,Korean Air,EWR‐ICN,18h35m,1,ATL,10:45 am – 3:57 pm,Korean Air,ICN‐EWR,18h12m,1,DTW,2437,20220406-0437,fast
6:25 am – 4:00 pm +1,Air Canada,EWR‐ICN,20h35m,2,"YYZ, YVR",6:40 pm – 10:01 pm,Air Canada,ICN‐EWR,16h21m,1,YYZ,1608,20220406-0437,fast
6:29 am – 2:45 pm +1,United Airlines,EWR‐ICN,19h16m,1,SFO,4:40 pm – 9:25 pm,United Airlines,ICN‐EWR,17h45m,1,SFO,2850,20220406-0437,fast
6:00 am – 3:50 pm +1,"Delta, Korean Air",EWR‐ICN,20h50m,1,ATL,6:40 pm – 10:01 pm,Air Canada,ICN‐EWR,16h21m,1,YYZ,2660,20220406-0437,fast
8:45 am – 4:20 pm +1,Korean Air,EWR‐ICN,18h35m,1,ATL,5:25 pm – 11:26 pm,"Korean Air, American Airlines",ICN‐EWR,19h01m,1,DFW,3217,20220406-0437,fast
8:45 am – 4:20 pm +1,Korean Air,EWR‐ICN,18h35m,1,ATL,9:20 am – 3:35 pm,Korean Air,ICN‐EWR,19h15m,1,ATL,2707,20220406-0437,fast
8:45 am – 4:20 pm +1,Korean Air,EWR‐ICN,18h35m,1,ATL,9:35 am – 3:51 pm,"Korean Air, Air Canada",ICN‐EWR,19h16m,1,YYZ,8288,20220406-0437,fast
7:00 am – 3:50 pm +1,Korean Air,EWR‐ICN,19h50m,1,ATL,10:45 am – 3:57 pm,Korean Air,ICN‐EWR,18h12m,1,DTW,2327,20220406-0437,fast
6:59 am – 3:15 pm +1,American Airlines,EWR‐ICN,19h16m,1,DFW,5:25 pm – 11:26 pm,American Airlines,ICN‐EWR,19h01m,1,DFW,3020,20220406-0437,fast
7:00 am – 4:20 pm +1,Korean Air,EWR‐ICN,20h20m,1,ATL,10:45 am – 3:57 pm,Korean Air,ICN‐EWR,18h12m,1,DTW,2437,20220406-0437,fast
6:25 am – 4:00 pm +1,Air Canada,EWR‐ICN,20h35m,2,"YYZ, YVR",10:45 am – 3:57 pm,Korean Air,ICN‐EWR,18h12m,1,DTW,2141,20220406-0437,fast
6:29 am – 2:45 pm +1,United Airlines,EWR‐ICN,19h16m,1,SFO,10:00 am – 4:45 pm,United Airlines,ICN‐EWR,19h45m,1,NRT,4099,20220406-0437,fast
6:00 am – 3:50 pm +1,"Delta, Korean Air",EWR‐ICN,20h50m,1,ATL,10:45 am – 3:57 pm,Korean Air,ICN‐EWR,18h12m,1,DTW,1864,20220406-0437,fast
6:00 am – 3:50 pm +1,Delta,EWR‐ICN,20h50m,2,"DTW, ATL",10:45 am – 3:57 pm,Delta,ICN‐EWR,18h12m,1,DTW,5439,20220406-0437,fast
