Out Time,Out Airline,Out Cities,Out Duration,Out Stops,Out Stop Cities,Return Time,Return Airline,Return Cities,Return Duration,Return Stops,Return Stop Cities,Price,timestamp,sort
9:05 am – 5:10 pm +1,Air Canada,EWR‐ICN,19h05m,1,YYZ,5:50 pm – 7:52 am +1,Air Canada,ICN‐EWR,27h02m,2,"YVR, YQB",1560,20220407-0102,cheap
9:05 am – 5:10 pm +1,Air Canada,EWR‐ICN,19h05m,1,YYZ,5:50 pm – 8:34 am +1,Air Canada,ICN‐EWR,27h44m,2,"YVR, YUL",1560,20220407-0102,cheap
8:01 am – 5:10 pm +1,Air Canada,EWR‐ICN,20h09m,1,YYZ,5:50 pm – 7:52 am +1,Air Canada,ICN‐EWR,27h02m,2,"YVR, YQB",1560,20220407-0102,cheap
8:01 am – 5:10 pm +1,Air Canada,EWR‐ICN,20h09m,1,YYZ,5:50 pm – 8:34 am +1,Air Canada,ICN‐EWR,27h44m,2,"YVR, YUL",1560,20220407-0102,cheap
9:05 am – 5:10 pm +1,Air Canada,EWR‐ICN,19h05m,1,YYZ,5:50 pm – 9:57 am +1,Air Canada,ICN‐EWR,29h07m,2,"YVR, YUL",1560,20220407-0102,cheap
9:05 am – 5:10 pm +1,Air Canada,EWR‐ICN,19h05m,1,YYZ,5:50 pm – 9:57 am +1,Air Canada,ICN‐EWR,29h07m,2,"YVR, YUL",1560,20220407-0102,cheap
6:29 am – 2:55 pm +1,United Airlines,EWR‐ICN,19h26m,1,SFO,4:40 pm – 9:49 pm,United Airlines,ICN‐EWR,18h09m,1,SFO,1566,20220407-0102,cheap
6:29 am – 2:55 pm +1,United Airlines,EWR‐ICN,19h26m,1,SFO,4:40 pm – 12:49 am +1,United Airlines,ICN‐EWR,21h09m,1,SFO,1566,20220407-0102,cheap
6:29 am – 2:55 pm +1,United Airlines,EWR‐ICN,19h26m,1,SFO,4:40 pm – 5:27 am +1,United Airlines,ICN‐EWR,25h47m,1,SFO,1566,20220407-0102,cheap
6:29 am – 2:55 pm +1,United Airlines,EWR‐ICN,19h26m,1,SFO,4:40 pm – 7:00 am +1,United Airlines,ICN‐EWR,27h20m,1,SFO,1566,20220407-0102,cheap
6:29 am – 2:55 pm +1,United Airlines,EWR‐ICN,19h26m,1,SFO,4:40 pm – 6:45 am +1,United Airlines,ICN‐EWR,27h05m,2,"SFO, LAX",1746,20220407-0102,cheap
7:29 am – 5:10 pm +1,"United Airlines, Air Canada",EWR‐ICN,20h41m,2,"PIT, YYZ",4:40 pm – 9:49 pm,United Airlines,ICN‐EWR,18h09m,1,SFO,1863,20220407-0102,cheap
8:57 pm – 2:55 pm +2,United Airlines,EWR‐ICN,28h58m,2,"LAS, SFO",4:40 pm – 9:49 pm,United Airlines,ICN‐EWR,18h09m,1,SFO,2076,20220407-0102,cheap
6:00 am – 5:50 pm +1,Delta,EWR‐ICN,22h50m,2,"ATL, LAX",6:40 pm – 10:59 pm,Delta,ICN‐EWR,17h19m,1,ATL,2094,20220407-0102,cheap
6:00 am – 5:50 pm +1,Delta,EWR‐ICN,22h50m,2,"ATL, LAX",10:45 am – 3:45 pm,Delta,ICN‐EWR,18h00m,1,DTW,2094,20220407-0102,cheap
6:29 am – 2:55 pm +1,United Airlines,EWR‐ICN,19h26m,1,SFO,4:40 pm – 9:49 pm,United Airlines,ICN‐EWR,18h09m,1,SFO,1566,20220407-0100,best
9:05 am – 5:10 pm +1,Air Canada,EWR‐ICN,19h05m,1,YYZ,5:50 pm – 7:52 am +1,Air Canada,ICN‐EWR,27h02m,2,"YVR, YQB",1560,20220407-0100,best
6:29 am – 2:55 pm +1,United Airlines,EWR‐ICN,19h26m,1,SFO,4:40 pm – 12:49 am +1,United Airlines,ICN‐EWR,21h09m,1,SFO,1566,20220407-0100,best
8:40 am – 4:25 pm +1,Korean Air,EWR‐ICN,18h45m,1,BOS,6:40 pm – 10:59 pm,Korean Air,ICN‐EWR,17h19m,1,ATL,2240,20220407-0100,best
8:00 am – 4:20 pm +1,Korean Air,EWR‐ICN,19h20m,1,ATL,6:40 pm – 10:59 pm,Korean Air,ICN‐EWR,17h19m,1,ATL,2240,20220407-0100,best
8:40 am – 4:25 pm +1,Korean Air,EWR‐ICN,18h45m,1,BOS,10:45 am – 3:45 pm,Korean Air,ICN‐EWR,18h00m,1,DTW,2289,20220407-0100,best
6:29 am – 2:55 pm +1,United Airlines,EWR‐ICN,19h26m,1,SFO,4:40 pm – 5:27 am +1,United Airlines,ICN‐EWR,25h47m,1,SFO,1566,20220407-0100,best
7:00 am – 4:20 pm +1,Korean Air,EWR‐ICN,20h20m,1,ATL,6:40 pm – 10:59 pm,Korean Air,ICN‐EWR,17h19m,1,ATL,2240,20220407-0100,best
8:00 am – 4:20 pm +1,Korean Air,EWR‐ICN,19h20m,1,ATL,10:45 am – 3:45 pm,Korean Air,ICN‐EWR,18h00m,1,DTW,2289,20220407-0100,best
7:00 am – 4:20 pm +1,"Delta, Korean Air",EWR‐ICN,20h20m,1,ATL,6:40 pm – 10:59 pm,Korean Air,ICN‐EWR,17h19m,1,ATL,2326,20220407-0100,best
6:29 am – 2:55 pm +1,United Airlines,EWR‐ICN,19h26m,1,SFO,4:40 pm – 7:00 am +1,United Airlines,ICN‐EWR,27h20m,1,SFO,1566,20220407-0100,best
6:00 am – 5:50 pm +1,Delta,EWR‐ICN,22h50m,2,"ATL, LAX",6:40 pm – 10:59 pm,Delta,ICN‐EWR,17h19m,1,ATL,2094,20220407-0100,best
8:40 am – 4:25 pm +1,Korean Air,EWR‐ICN,18h45m,1,BOS,9:20 am – 3:14 pm,Korean Air,ICN‐EWR,18h54m,1,ATL,2422,20220407-0100,best
6:00 am – 4:20 pm +1,"Delta, Korean Air",EWR‐ICN,21h20m,1,ATL,6:40 pm – 10:59 pm,Korean Air,ICN‐EWR,17h19m,1,ATL,2326,20220407-0100,best
9:05 am – 5:10 pm +1,Air Canada,EWR‐ICN,19h05m,1,YYZ,5:50 pm – 8:34 am +1,Air Canada,ICN‐EWR,27h44m,2,"YVR, YUL",1560,20220407-0100,best
11:25 am – 5:30 pm +1,"ANA, Korean Air",EWR‐ICN,17h05m,1,NRT,6:40 pm – 10:59 pm,Korean Air,ICN‐EWR,17h19m,1,ATL,6355,20220407-0105,fast
11:25 am – 5:30 pm +1,"ANA, Korean Air",EWR‐ICN,17h05m,1,NRT,9:30 am – 2:49 pm,Korean Air,ICN‐EWR,18h19m,1,BOS,6355,20220407-0105,fast
8:40 am – 4:25 pm +1,Korean Air,EWR‐ICN,18h45m,1,BOS,6:40 pm – 10:59 pm,Korean Air,ICN‐EWR,17h19m,1,ATL,2240,20220407-0105,fast
8:00 am – 4:20 pm +1,Korean Air,EWR‐ICN,19h20m,1,ATL,6:40 pm – 10:59 pm,Korean Air,ICN‐EWR,17h19m,1,ATL,2240,20220407-0105,fast
8:40 am – 4:25 pm +1,Korean Air,EWR‐ICN,18h45m,1,BOS,10:45 am – 3:45 pm,Korean Air,ICN‐EWR,18h00m,1,DTW,2289,20220407-0105,fast
8:40 am – 4:25 pm +1,Korean Air,EWR‐ICN,18h45m,1,BOS,9:30 am – 2:49 pm,Korean Air,ICN‐EWR,18h19m,1,BOS,2831,20220407-0105,fast
9:00 am – 5:10 pm +1,"United Airlines, Air Canada",EWR‐ICN,19h10m,2,"PIT, YYZ",10:45 am – 3:45 pm,Korean Air,ICN‐EWR,18h00m,1,DTW,2461,20220407-0105,fast
8:00 am – 4:20 pm +1,Korean Air,EWR‐ICN,19h20m,1,ATL,10:45 am – 3:45 pm,Korean Air,ICN‐EWR,18h00m,1,DTW,2289,20220407-0105,fast
6:05 am – 3:15 pm +1,Delta,EWR‐ICN,20h10m,2,"DTW, SEA",6:40 pm – 10:59 pm,Delta,ICN‐EWR,17h19m,1,ATL,6039,20220407-0105,fast
6:29 am – 2:55 pm +1,United Airlines,EWR‐ICN,19h26m,1,SFO,4:40 pm – 9:49 pm,United Airlines,ICN‐EWR,18h09m,1,SFO,1566,20220407-0105,fast
7:00 am – 4:20 pm +1,Korean Air,EWR‐ICN,20h20m,1,ATL,6:40 pm – 10:59 pm,Korean Air,ICN‐EWR,17h19m,1,ATL,2240,20220407-0105,fast
7:00 am – 4:20 pm +1,"Delta, Korean Air",EWR‐ICN,20h20m,1,ATL,6:40 pm – 10:59 pm,Korean Air,ICN‐EWR,17h19m,1,ATL,2326,20220407-0105,fast
8:40 am – 4:25 pm +1,Korean Air,EWR‐ICN,18h45m,1,BOS,9:20 am – 3:14 pm,Korean Air,ICN‐EWR,18h54m,1,ATL,2422,20220407-0105,fast
8:00 am – 4:20 pm +1,Korean Air,EWR‐ICN,19h20m,1,ATL,9:30 am – 2:49 pm,Korean Air,ICN‐EWR,18h19m,1,BOS,2868,20220407-0105,fast
8:40 am – 4:25 pm +1,Delta,EWR‐ICN,18h45m,1,BOS,6:40 pm – 12:48 am +1,Delta,ICN‐EWR,19h08m,1,ATL,6785,20220407-0105,fast
