Out Time,Out Airline,Out Cities,Out Duration,Out Stops,Out Stop Cities,Return Time,Return Airline,Return Cities,Return Duration,Return Stops,Return Stop Cities,Price,timestamp,sort
6:00 am – 4:15 pm +1,Air Canada,EWR‐ICN,21h15m,2,"YUL, YVR",6:40 pm – 10:01 pm,Air Canada,ICN‐EWR,16h21m,1,YYZ,1706,20220406-0233,cheap
6:00 am – 4:15 pm +1,Air Canada,EWR‐ICN,21h15m,2,"YUL, YVR",6:40 pm – 7:42 am +1,Air Canada,ICN‐EWR,26h02m,2,"YYZ, YUL",1706,20220406-0233,cheap
6:00 am – 4:15 pm +1,Air Canada,EWR‐ICN,21h15m,2,"YUL, YVR",6:40 pm – 7:42 am +1,Air Canada,ICN‐EWR,26h02m,2,"YYZ, YUL",1706,20220406-0233,cheap
6:00 am – 4:15 pm +1,Air Canada,EWR‐ICN,21h15m,2,"YUL, YVR",6:40 pm – 7:51 am +1,Air Canada,ICN‐EWR,26h11m,2,"YYZ, YQB",1706,20220406-0233,cheap
6:00 am – 4:15 pm +1,Air Canada,EWR‐ICN,21h15m,2,"YUL, YVR",6:40 pm – 7:56 am +1,Air Canada,ICN‐EWR,26h16m,1,YYZ,1706,20220406-0233,cheap
6:25 am – 4:15 pm +1,Air Canada,EWR‐ICN,20h50m,2,"YYZ, YVR",6:40 pm – 10:01 pm,Air Canada,ICN‐EWR,16h21m,1,YYZ,1712,20220406-0233,cheap
6:25 am – 4:15 pm +1,Air Canada,EWR‐ICN,20h50m,2,"YYZ, YVR",6:40 pm – 10:01 pm,Air Canada,ICN‐EWR,16h21m,1,YYZ,1712,20220406-0233,cheap
8:45 pm – 9:45 am +2,Lufthansa,EWR‐ICN,24h00m,1,MUC,10:15 am – 6:55 pm,Lufthansa,ICN‐EWR,21h40m,1,MUC,1797,20220406-0233,cheap
6:30 pm – 9:45 am +2,Lufthansa,EWR‐ICN,26h15m,2,"CDG, MUC",10:15 am – 6:55 pm,Lufthansa,ICN‐EWR,21h40m,1,MUC,1814,20220406-0233,cheap
6:15 pm – 9:45 am +2,Lufthansa,EWR‐ICN,26h30m,2,"ZRH, MUC",10:15 am – 6:55 pm,Lufthansa,ICN‐EWR,21h40m,1,MUC,1814,20220406-0233,cheap
6:15 pm – 9:45 am +2,Lufthansa,EWR‐ICN,26h30m,2,"ZRH, MUC",10:15 am – 6:55 pm,Lufthansa,ICN‐EWR,21h40m,1,MUC,1814,20220406-0233,cheap
5:50 pm – 9:45 am +2,Lufthansa,EWR‐ICN,26h55m,2,"AMS, MUC",10:15 am – 6:55 pm,Lufthansa,ICN‐EWR,21h40m,1,MUC,1814,20220406-0233,cheap
5:50 pm – 9:45 am +2,Lufthansa,EWR‐ICN,26h55m,2,"AMS, MUC",10:15 am – 6:55 pm,Lufthansa,ICN‐EWR,21h40m,1,MUC,1814,20220406-0233,cheap
7:00 pm – 9:45 am +2,Lufthansa,EWR‐ICN,25h45m,2,"LHR, MUC",10:15 am – 6:55 pm,Lufthansa,ICN‐EWR,21h40m,1,MUC,1819,20220406-0233,cheap
6:00 pm – 9:45 am +2,Lufthansa,EWR‐ICN,26h45m,2,"LHR, MUC",10:15 am – 6:55 pm,Lufthansa,ICN‐EWR,21h40m,1,MUC,1819,20220406-0233,cheap
8:45 pm – 9:45 am +2,Lufthansa,EWR‐ICN,24h00m,1,MUC,10:15 am – 6:55 pm,Lufthansa,ICN‐EWR,21h40m,1,MUC,1836,20220406-0230,best
6:25 am – 4:15 pm +1,Air Canada,EWR‐ICN,20h50m,2,"YYZ, YVR",6:40 pm – 10:01 pm,Air Canada,ICN‐EWR,16h21m,1,YYZ,1712,20220406-0230,best
6:00 am – 4:15 pm +1,Air Canada,EWR‐ICN,21h15m,2,"YUL, YVR",6:40 pm – 10:01 pm,Air Canada,ICN‐EWR,16h21m,1,YYZ,1706,20220406-0230,best
6:25 am – 4:15 pm +1,Air Canada,EWR‐ICN,20h50m,2,"YYZ, YVR",6:40 pm – 10:01 pm,Air Canada,ICN‐EWR,16h21m,1,YYZ,1712,20220406-0230,best
8:45 pm – 9:45 am +2,Lufthansa,EWR‐ICN,24h00m,1,MUC,10:15 am – 6:55 pm,Lufthansa,ICN‐EWR,21h40m,1,MUC,1797,20220406-0230,best
6:00 am – 4:15 pm +1,Air Canada,EWR‐ICN,21h15m,2,"YUL, YVR",6:40 pm – 7:56 am +1,Air Canada,ICN‐EWR,26h16m,1,YYZ,1706,20220406-0230,best
6:29 am – 2:45 pm +1,United Airlines,EWR‐ICN,19h16m,1,SFO,4:40 pm – 12:49 am +1,United Airlines,ICN‐EWR,21h09m,1,SFO,2106,20220406-0230,best
6:00 am – 4:15 pm +1,Air Canada,EWR‐ICN,21h15m,2,"YUL, YVR",6:40 pm – 7:42 am +1,Air Canada,ICN‐EWR,26h02m,2,"YYZ, YUL",1706,20220406-0230,best
6:00 am – 4:15 pm +1,Air Canada,EWR‐ICN,21h15m,2,"YUL, YVR",6:40 pm – 7:42 am +1,Air Canada,ICN‐EWR,26h02m,2,"YYZ, YUL",1706,20220406-0230,best
6:29 am – 2:45 pm +1,United Airlines,EWR‐ICN,19h16m,1,SFO,4:40 pm – 12:34 am +1,United Airlines,ICN‐EWR,20h54m,2,"SFO, LAX",2111,20220406-0230,best
6:00 am – 4:15 pm +1,Air Canada,EWR‐ICN,21h15m,2,"YUL, YVR",6:40 pm – 7:51 am +1,Air Canada,ICN‐EWR,26h11m,2,"YYZ, YQB",1706,20220406-0230,best
8:45 pm – 9:45 am +2,Lufthansa,EWR‐ICN,24h00m,1,MUC,10:15 am – 8:25 pm,Lufthansa,ICN‐EWR,23h10m,2,"MUC, FRA",1832,20220406-0230,best
7:00 pm – 9:45 am +2,Lufthansa,EWR‐ICN,25h45m,2,"LHR, MUC",10:15 am – 6:55 pm,Lufthansa,ICN‐EWR,21h40m,1,MUC,1819,20220406-0230,best
6:30 pm – 9:45 am +2,Lufthansa,EWR‐ICN,26h15m,2,"CDG, MUC",10:15 am – 6:55 pm,Lufthansa,ICN‐EWR,21h40m,1,MUC,1814,20220406-0230,best
6:15 pm – 9:45 am +2,Lufthansa,EWR‐ICN,26h30m,2,"ZRH, MUC",10:15 am – 6:55 pm,Lufthansa,ICN‐EWR,21h40m,1,MUC,1814,20220406-0230,best
6:15 pm – 9:45 am +2,Lufthansa,EWR‐ICN,26h30m,2,"ZRH, MUC",10:15 am – 6:55 pm,Lufthansa,ICN‐EWR,21h40m,1,MUC,1814,20220406-0230,best
9:30 am – 4:30 pm +1,"Delta, Korean Air",EWR‐ICN,18h00m,1,DTW,6:40 pm – 10:01 pm,Air Canada,ICN‐EWR,16h21m,1,YYZ,2788,20220406-0235,fast
8:00 am – 3:50 pm +1,"Delta, Korean Air",EWR‐ICN,18h50m,1,ATL,6:40 pm – 10:01 pm,Air Canada,ICN‐EWR,16h21m,1,YYZ,3308,20220406-0235,fast
11:25 am – 5:30 pm +1,"ANA, Korean Air",EWR‐ICN,17h05m,1,NRT,9:20 am – 3:14 pm,Korean Air,ICN‐EWR,18h54m,1,ATL,6355,20220406-0235,fast
7:00 am – 3:50 pm +1,"Delta, Korean Air",EWR‐ICN,19h50m,1,ATL,6:40 pm – 10:01 pm,Air Canada,ICN‐EWR,16h21m,1,YYZ,3308,20220406-0235,fast
9:30 am – 4:30 pm +1,Delta,EWR‐ICN,18h00m,1,DTW,1:55 pm – 7:30 pm,Delta,ICN‐EWR,18h35m,2,"SEA, DTW",2869,20220406-0235,fast
9:30 am – 4:30 pm +1,"Delta, Korean Air",EWR‐ICN,18h00m,1,DTW,9:20 am – 3:14 pm,"Korean Air, Delta",ICN‐EWR,18h54m,1,ATL,2606,20220406-0235,fast
5:00 am – 2:45 pm +1,United Airlines,EWR‐ICN,20h45m,2,"ORD, SFO",6:40 pm – 10:01 pm,Air Canada,ICN‐EWR,16h21m,1,YYZ,5033,20220406-0235,fast
6:25 am – 4:15 pm +1,Air Canada,EWR‐ICN,20h50m,2,"YYZ, YVR",6:40 pm – 10:01 pm,Air Canada,ICN‐EWR,16h21m,1,YYZ,1712,20220406-0235,fast
6:25 am – 4:15 pm +1,Air Canada,EWR‐ICN,20h50m,2,"YYZ, YVR",6:40 pm – 10:01 pm,Air Canada,ICN‐EWR,16h21m,1,YYZ,1712,20220406-0235,fast
6:29 am – 2:45 pm +1,United Airlines,EWR‐ICN,19h16m,1,SFO,4:40 pm – 9:49 pm,United Airlines,ICN‐EWR,18h09m,1,SFO,2542,20220406-0235,fast
8:00 am – 3:50 pm +1,Delta,EWR‐ICN,18h50m,1,ATL,1:55 pm – 7:30 pm,Delta,ICN‐EWR,18h35m,2,"SEA, DTW",3562,20220406-0235,fast
6:00 am – 4:15 pm +1,Air Canada,EWR‐ICN,21h15m,2,"YUL, YVR",6:40 pm – 10:01 pm,Air Canada,ICN‐EWR,16h21m,1,YYZ,1706,20220406-0235,fast
8:00 am – 3:50 pm +1,Korean Air,EWR‐ICN,18h50m,1,ATL,9:20 am – 3:14 pm,Korean Air,ICN‐EWR,18h54m,1,ATL,3621,20220406-0235,fast
9:30 am – 4:30 pm +1,"Delta, Korean Air",EWR‐ICN,18h00m,1,DTW,10:00 am – 4:45 pm,ANA,ICN‐EWR,19h45m,1,NRT,4061,20220406-0235,fast
6:05 am – 4:30 pm +1,"Delta, Korean Air",EWR‐ICN,21h25m,1,DTW,6:40 pm – 10:01 pm,Air Canada,ICN‐EWR,16h21m,1,YYZ,3113,20220406-0235,fast
