Out Time,Out Airline,Out Cities,Out Duration,Out Stops,Out Stop Cities,Return Time,Return Airline,Return Cities,Return Duration,Return Stops,Return Stop Cities,Price,timestamp,sort
6:25 am – 4:00 pm +1,Air Canada,EWR‐ICN,20h35m,2,"YYZ, YVR",6:40 pm – 10:01 pm,Air Canada,ICN‐EWR,16h21m,1,YYZ,1439,20220407-0242,cheap
6:25 am – 4:00 pm +1,Air Canada,EWR‐ICN,20h35m,2,"YYZ, YVR",6:40 pm – 7:42 am +1,Air Canada,ICN‐EWR,26h02m,2,"YYZ, YUL",1439,20220407-0242,cheap
6:25 am – 4:00 pm +1,Air Canada,EWR‐ICN,20h35m,2,"YYZ, YVR",6:40 pm – 7:42 am +1,Air Canada,ICN‐EWR,26h02m,2,"YYZ, YUL",1439,20220407-0242,cheap
6:25 am – 4:00 pm +1,Air Canada,EWR‐ICN,20h35m,2,"YYZ, YVR",6:40 pm – 7:51 am +1,Air Canada,ICN‐EWR,26h11m,2,"YYZ, YQB",1439,20220407-0242,cheap
6:25 am – 4:00 pm +1,Air Canada,EWR‐ICN,20h35m,2,"YYZ, YVR",6:40 pm – 7:56 am +1,Air Canada,ICN‐EWR,26h16m,1,YYZ,1439,20220407-0242,cheap
6:25 am – 4:00 pm +1,Air Canada,EWR‐ICN,20h35m,2,"YYZ, YVR",6:40 pm – 7:00 am +1,"Air Canada, United Airlines",ICN‐EWR,25h20m,2,"YYZ, PHL",1625,20220407-0242,cheap
7:00 am – 4:00 pm +1,"United Airlines, Air Canada",EWR‐ICN,20h00m,2,"SEA, YVR",6:40 pm – 7:42 am +1,Air Canada,ICN‐EWR,26h02m,2,"YYZ, YUL",1677,20220407-0242,cheap
11:50 pm – 6:10 pm +2,Turkish Airlines,EWR‐ICN,29h20m,1,IST,6:40 pm – 10:01 pm,Air Canada,ICN‐EWR,16h21m,1,YYZ,1777,20220407-0242,cheap
9:29 pm – 5:10 pm +2,Air Canada,EWR‐ICN,30h41m,2,"YQB, YYZ",6:40 pm – 10:01 pm,Air Canada,ICN‐EWR,16h21m,1,YYZ,1793,20220407-0242,cheap
9:29 pm – 5:10 pm +2,Air Canada,EWR‐ICN,30h41m,2,"YQB, YYZ",6:40 pm – 10:01 pm,Air Canada,ICN‐EWR,16h21m,1,YYZ,1793,20220407-0242,cheap
9:29 pm – 5:10 pm +2,Air Canada,EWR‐ICN,30h41m,2,"YQB, YYZ",6:40 pm – 10:01 pm,Air Canada,ICN‐EWR,16h21m,1,YYZ,1793,20220407-0242,cheap
8:45 pm – 8:45 am +2,Lufthansa,EWR‐ICN,23h00m,1,MUC,10:15 am – 6:55 pm,Lufthansa,ICN‐EWR,21h40m,1,MUC,1797,20220407-0242,cheap
5:25 pm – 8:45 am +2,Lufthansa,EWR‐ICN,26h20m,1,MUC,10:15 am – 6:55 pm,Lufthansa,ICN‐EWR,21h40m,1,MUC,1797,20220407-0242,cheap
9:45 pm – 11:15 am +2,Lufthansa,EWR‐ICN,24h30m,1,FRA,10:15 am – 6:55 pm,Lufthansa,ICN‐EWR,21h40m,1,MUC,1814,20220407-0242,cheap
6:30 pm – 8:45 am +2,Lufthansa,EWR‐ICN,25h15m,2,"CDG, MUC",10:15 am – 6:55 pm,Lufthansa,ICN‐EWR,21h40m,1,MUC,1814,20220407-0242,cheap
11:50 pm – 6:10 pm +2,Turkish Airlines,EWR‐ICN,29h20m,1,IST,6:40 pm – 10:01 pm,Air Canada,ICN‐EWR,16h21m,1,YYZ,1860,20220407-0240,best
6:25 am – 4:00 pm +1,Air Canada,EWR‐ICN,20h35m,2,"YYZ, YVR",6:40 pm – 10:01 pm,Air Canada,ICN‐EWR,16h21m,1,YYZ,1439,20220407-0240,best
5:05 pm – 4:30 am +2,"Alaska Airlines, Asiana Airlines",EWR‐ICN,22h25m,1,SFO,6:40 pm – 10:01 pm,Air Canada,ICN‐EWR,16h21m,1,YYZ,1979,20220407-0240,best
9:30 am – 4:30 pm +1,Korean Air,EWR‐ICN,18h00m,1,DTW,9:20 am – 3:35 pm,Korean Air,ICN‐EWR,19h15m,1,ATL,2280,20220407-0240,best
6:25 am – 4:00 pm +1,Air Canada,EWR‐ICN,20h35m,2,"YYZ, YVR",6:40 pm – 7:56 am +1,Air Canada,ICN‐EWR,26h16m,1,YYZ,1439,20220407-0240,best
8:45 pm – 8:45 am +2,Lufthansa,EWR‐ICN,23h00m,1,MUC,10:15 am – 6:55 pm,Lufthansa,ICN‐EWR,21h40m,1,MUC,1797,20220407-0240,best
6:29 am – 2:45 pm +1,United Airlines,EWR‐ICN,19h16m,1,SFO,4:40 pm – 1:07 am +1,United Airlines,ICN‐EWR,21h27m,1,SFO,2139,20220407-0240,best
6:25 am – 4:00 pm +1,Air Canada,EWR‐ICN,20h35m,2,"YYZ, YVR",6:40 pm – 7:42 am +1,Air Canada,ICN‐EWR,26h02m,2,"YYZ, YUL",1439,20220407-0240,best
6:25 am – 4:00 pm +1,Air Canada,EWR‐ICN,20h35m,2,"YYZ, YVR",6:40 pm – 7:42 am +1,Air Canada,ICN‐EWR,26h02m,2,"YYZ, YUL",1439,20220407-0240,best
6:25 am – 4:00 pm +1,Air Canada,EWR‐ICN,20h35m,2,"YYZ, YVR",6:40 pm – 7:51 am +1,Air Canada,ICN‐EWR,26h11m,2,"YYZ, YQB",1439,20220407-0240,best
9:30 am – 4:30 pm +1,"Delta, Korean Air",EWR‐ICN,18h00m,1,DTW,9:20 am – 5:41 pm,"Korean Air, Delta",ICN‐EWR,21h21m,1,ATL,2366,20220407-0240,best
11:50 pm – 6:10 pm +2,Turkish Airlines,EWR‐ICN,29h20m,1,IST,6:40 pm – 10:01 pm,Air Canada,ICN‐EWR,16h21m,1,YYZ,1777,20220407-0240,best
6:25 am – 4:00 pm +1,Air Canada,EWR‐ICN,20h35m,2,"YYZ, YVR",6:40 pm – 7:00 am +1,"Air Canada, United Airlines",ICN‐EWR,25h20m,2,"YYZ, PHL",1625,20220407-0240,best
8:00 pm – 8:45 am +2,Lufthansa,EWR‐ICN,23h45m,2,"LHR, MUC",10:15 am – 6:55 pm,Lufthansa,ICN‐EWR,21h40m,1,MUC,1819,20220407-0240,best
9:00 pm – 8:45 am +2,Lufthansa,EWR‐ICN,22h45m,2,"LHR, MUC",10:15 am – 6:55 pm,Lufthansa,ICN‐EWR,21h40m,1,MUC,1819,20220407-0240,best
9:30 am – 4:30 pm +1,Delta,EWR‐ICN,18h00m,1,DTW,2:30 pm – 10:59 pm,Delta,ICN‐EWR,21h29m,2,"LAX, DTW",2409,20220407-0240,best
6:25 am – 4:00 pm +1,Air Canada,EWR‐ICN,20h35m,2,"YYZ, YVR",6:40 pm – 10:01 pm,Air Canada,ICN‐EWR,16h21m,1,YYZ,1439,20220407-0245,fast
6:29 am – 2:45 pm +1,United Airlines,EWR‐ICN,19h16m,1,SFO,4:40 pm – 9:25 pm,United Airlines,ICN‐EWR,17h45m,1,SFO,2789,20220407-0245,fast
9:30 am – 4:30 pm +1,Korean Air,EWR‐ICN,18h00m,1,DTW,9:20 am – 3:35 pm,Korean Air,ICN‐EWR,19h15m,1,ATL,2280,20220407-0245,fast
9:30 am – 4:30 pm +1,Korean Air,EWR‐ICN,18h00m,1,DTW,2:40 pm – 8:59 pm,Asiana Airlines,ICN‐EWR,19h19m,1,LAX,3642,20220407-0245,fast
9:30 am – 4:30 pm +1,"Delta, Korean Air",EWR‐ICN,18h00m,1,DTW,10:00 am – 4:45 pm,ANA,ICN‐EWR,19h45m,1,NRT,3920,20220407-0245,fast
8:00 am – 3:50 pm +1,Korean Air,EWR‐ICN,18h50m,1,ATL,9:20 am – 3:35 pm,Korean Air,ICN‐EWR,19h15m,1,ATL,3510,20220407-0245,fast
9:30 am – 4:30 pm +1,Delta,EWR‐ICN,18h00m,1,DTW,4:00 pm – 11:26 pm,Delta,ICN‐EWR,20h26m,2,"SFO, MSP",7079,20220407-0245,fast
8:00 am – 4:20 pm +1,Korean Air,EWR‐ICN,19h20m,1,ATL,9:20 am – 3:35 pm,Korean Air,ICN‐EWR,19h15m,1,ATL,2755,20220407-0245,fast
6:39 am – 3:15 pm +1,American Airlines,EWR‐ICN,19h36m,1,DFW,5:25 pm – 11:26 pm,American Airlines,ICN‐EWR,19h01m,1,DFW,3220,20220407-0245,fast
8:00 am – 4:20 pm +1,Korean Air,EWR‐ICN,19h20m,1,ATL,2:40 pm – 8:59 pm,Asiana Airlines,ICN‐EWR,19h19m,1,LAX,3980,20220407-0245,fast
5:05 pm – 4:30 am +2,"Alaska Airlines, Asiana Airlines",EWR‐ICN,22h25m,1,SFO,6:40 pm – 10:01 pm,Air Canada,ICN‐EWR,16h21m,1,YYZ,1979,20220407-0245,fast
6:29 am – 2:45 pm +1,United Airlines,EWR‐ICN,19h16m,1,SFO,10:00 am – 4:45 pm,United Airlines,ICN‐EWR,19h45m,1,NRT,4938,20220407-0245,fast
7:00 am – 4:00 pm +1,"United Airlines, Air Canada",EWR‐ICN,20h00m,2,"SEA, YVR",9:20 am – 3:35 pm,Korean Air,ICN‐EWR,19h15m,1,ATL,2744,20220407-0245,fast
9:30 am – 4:30 pm +1,"Delta, Korean Air",EWR‐ICN,18h00m,1,DTW,9:20 am – 5:41 pm,"Korean Air, Delta",ICN‐EWR,21h21m,1,ATL,2366,20220407-0245,fast
6:29 am – 2:45 pm +1,United Airlines,EWR‐ICN,19h16m,1,SFO,10:00 am – 5:10 pm,United Airlines,ICN‐EWR,20h10m,1,NRT-HND,4950,20220407-0245,fast
