Out Time,Out Airline,Out Cities,Out Duration,Out Stops,Out Stop Cities,Return Time,Return Airline,Return Cities,Return Duration,Return Stops,Return Stop Cities,Price,timestamp,sort
6:25 am – 4:00 pm +1,Air Canada,EWR‐ICN,20h35m,2,"YYZ, YVR",6:40 pm – 10:31 pm,Air Canada,ICN‐EWR,16h51m,1,YYZ,1382,20220408-2318,cheap
6:25 am – 4:00 pm +1,Air Canada,EWR‐ICN,20h35m,2,"YYZ, YVR",6:40 pm – 7:40 am +1,Air Canada,ICN‐EWR,26h00m,2,"YYZ, YUL",1382,20220408-2318,cheap
6:25 am – 4:00 pm +1,Air Canada,EWR‐ICN,20h35m,2,"YYZ, YVR",6:40 pm – 7:40 am +1,Air Canada,ICN‐EWR,26h00m,2,"YYZ, YUL",1382,20220408-2318,cheap
6:25 am – 4:00 pm +1,Air Canada,EWR‐ICN,20h35m,2,"YYZ, YVR",6:40 pm – 7:45 am +1,Air Canada,ICN‐EWR,26h05m,2,"YYZ, YQB",1382,20220408-2318,cheap
6:25 am – 4:00 pm +1,Air Canada,EWR‐ICN,20h35m,2,"YYZ, YVR",6:40 pm – 7:56 am +1,Air Canada,ICN‐EWR,26h16m,1,YYZ,1382,20220408-2318,cheap
9:00 pm – 5:10 pm +2,Air Canada,EWR‐ICN,31h10m,1,YYZ,6:40 pm – 10:31 pm,Air Canada,ICN‐EWR,16h51m,1,YYZ,1484,20220408-2318,cheap
9:36 am – 4:30 pm +1,Delta,EWR‐ICN,17h54m,1,DTW,7:20 pm – 5:41 am +1,Delta,ICN‐EWR,23h21m,2,"SEA, SLC",1719,20220408-2318,cheap
7:00 am – 3:00 pm +1,Delta,EWR‐ICN,19h00m,1,ATL,7:20 pm – 5:41 am +1,Delta,ICN‐EWR,23h21m,2,"SEA, SLC",1719,20220408-2318,cheap
6:25 am – 3:15 pm +1,Delta,EWR‐ICN,19h50m,2,"MSP, SEA",7:20 pm – 5:41 am +1,Delta,ICN‐EWR,23h21m,2,"SEA, SLC",1719,20220408-2318,cheap
6:00 am – 3:00 pm +1,Delta,EWR‐ICN,20h00m,1,ATL,7:20 pm – 5:41 am +1,Delta,ICN‐EWR,23h21m,2,"SEA, SLC",1719,20220408-2318,cheap
6:00 am – 3:15 pm +1,Delta,EWR‐ICN,20h15m,2,"DTW, SEA",7:20 pm – 5:41 am +1,Delta,ICN‐EWR,23h21m,2,"SEA, SLC",1719,20220408-2318,cheap
9:36 am – 4:30 pm +1,Delta,EWR‐ICN,17h54m,1,DTW,7:20 pm – 8:41 am +1,Delta,ICN‐EWR,26h21m,2,"SEA, DTW",1719,20220408-2318,cheap
6:00 am – 4:30 pm +1,Delta,EWR‐ICN,21h30m,1,DTW,7:20 pm – 5:41 am +1,Delta,ICN‐EWR,23h21m,2,"SEA, SLC",1719,20220408-2318,cheap
7:00 am – 3:00 pm +1,Delta,EWR‐ICN,19h00m,1,ATL,7:20 pm – 8:41 am +1,Delta,ICN‐EWR,26h21m,2,"SEA, DTW",1719,20220408-2318,cheap
5:00 pm – 4:20 am +2,Delta,EWR‐ICN,22h20m,2,"DTW, LAX",7:20 pm – 5:41 am +1,Delta,ICN‐EWR,23h21m,2,"SEA, SLC",1719,20220408-2318,cheap
6:25 am – 4:00 pm +1,Air Canada,EWR‐ICN,20h35m,2,"YYZ, YVR",6:40 pm – 10:31 pm,Air Canada,ICN‐EWR,16h51m,1,YYZ,1694,20220408-2316,best
6:25 am – 4:00 pm +1,Air Canada,EWR‐ICN,20h35m,2,"YYZ, YVR",6:40 pm – 10:31 pm,Air Canada,ICN‐EWR,16h51m,1,YYZ,1382,20220408-2316,best
9:36 am – 4:30 pm +1,Korean Air,EWR‐ICN,17h54m,1,DTW,9:20 am – 3:35 pm,Korean Air,ICN‐EWR,19h15m,1,ATL,2027,20220408-2316,best
6:00 am – 2:45 pm +1,United Airlines,EWR‐ICN,19h45m,1,SFO,4:40 pm – 10:08 pm,United Airlines,ICN‐EWR,18h28m,1,SFO,1955,20220408-2316,best
9:36 am – 4:30 pm +1,Korean Air,EWR‐ICN,17h54m,1,DTW,6:40 pm – 10:31 pm,Air Canada,ICN‐EWR,16h51m,1,YYZ,2387,20220408-2316,best
9:36 am – 4:30 pm +1,Delta,EWR‐ICN,17h54m,1,DTW,7:20 pm – 5:41 am +1,Delta,ICN‐EWR,23h21m,2,"SEA, SLC",1719,20220408-2316,best
6:59 am – 3:15 pm +1,American Airlines,EWR‐ICN,19h16m,1,DFW,5:25 pm – 11:26 pm,American Airlines,ICN‐EWR,19h01m,1,DFW,2071,20220408-2316,best
7:00 am – 3:50 pm +1,Korean Air,EWR‐ICN,19h50m,1,ATL,9:20 am – 3:35 pm,Korean Air,ICN‐EWR,19h15m,1,ATL,2055,20220408-2316,best
6:00 am – 2:45 pm +1,United Airlines,EWR‐ICN,19h45m,1,SFO,4:40 pm – 11:58 pm,United Airlines,ICN‐EWR,20h18m,1,SFO,1955,20220408-2316,best
7:00 am – 3:00 pm +1,Delta,EWR‐ICN,19h00m,1,ATL,7:20 pm – 5:41 am +1,Delta,ICN‐EWR,23h21m,2,"SEA, SLC",1719,20220408-2316,best
6:00 am – 2:45 pm +1,United Airlines,EWR‐ICN,19h45m,1,SFO,4:40 pm – 11:29 pm,United Airlines,ICN‐EWR,19h49m,2,"SFO, IAD",1959,20220408-2316,best
6:00 am – 2:45 pm +1,United Airlines,EWR‐ICN,19h45m,1,SFO,4:40 pm – 11:23 pm,United Airlines,ICN‐EWR,19h43m,2,"SFO, LAX",2005,20220408-2316,best
6:00 am – 2:45 pm +1,United Airlines,EWR‐ICN,19h45m,1,SFO,4:40 pm – 11:24 pm,United Airlines,ICN‐EWR,19h44m,2,"SFO, DEN",2005,20220408-2316,best
6:00 am – 2:45 pm +1,United Airlines,EWR‐ICN,19h45m,1,SFO,4:40 pm – 12:53 am +1,United Airlines,ICN‐EWR,21h13m,1,SFO,1955,20220408-2316,best
7:00 am – 4:20 pm +1,Korean Air,EWR‐ICN,20h20m,1,ATL,9:20 am – 3:35 pm,Korean Air,ICN‐EWR,19h15m,1,ATL,2114,20220408-2316,best
9:36 am – 4:30 pm +1,Korean Air,EWR‐ICN,17h54m,1,DTW,5:25 pm – 11:26 pm,"Korean Air, American Airlines",ICN‐EWR,19h01m,1,DFW,2376,20220408-2316,best
9:36 am – 4:30 pm +1,Korean Air,EWR‐ICN,17h54m,1,DTW,6:40 pm – 10:31 pm,Air Canada,ICN‐EWR,16h51m,1,YYZ,2387,20220408-2321,fast
9:36 am – 4:30 pm +1,"Delta, Korean Air",EWR‐ICN,17h54m,1,DTW,6:40 pm – 10:31 pm,Air Canada,ICN‐EWR,16h51m,1,YYZ,2765,20220408-2321,fast
8:45 am – 4:20 pm +1,"Delta, Korean Air",EWR‐ICN,18h35m,1,ATL,6:40 pm – 10:31 pm,Air Canada,ICN‐EWR,16h51m,1,YYZ,3285,20220408-2321,fast
9:36 am – 4:30 pm +1,Korean Air,EWR‐ICN,17h54m,1,DTW,8:40 pm – 1:58 am +1,"Asiana Airlines, United Airlines",ICN‐EWR,18h18m,1,SFO,3213,20220408-2321,fast
9:36 am – 4:30 pm +1,"Delta, Korean Air",EWR‐ICN,17h54m,1,DTW,8:40 pm – 1:58 am +1,Asiana Airlines,ICN‐EWR,18h18m,1,SFO,3591,20220408-2321,fast
9:36 am – 4:30 pm +1,Korean Air,EWR‐ICN,17h54m,1,DTW,4:40 pm – 10:08 pm,"Asiana Airlines, United Airlines",ICN‐EWR,18h28m,1,SFO,3213,20220408-2321,fast
9:36 am – 4:30 pm +1,"Delta, Korean Air",EWR‐ICN,17h54m,1,DTW,4:40 pm – 10:08 pm,"Asiana Airlines, United Airlines",ICN‐EWR,18h28m,1,SFO,3591,20220408-2321,fast
7:00 am – 3:50 pm +1,Korean Air,EWR‐ICN,19h50m,1,ATL,6:40 pm – 10:31 pm,Air Canada,ICN‐EWR,16h51m,1,YYZ,2387,20220408-2321,fast
8:45 am – 4:20 pm +1,"Delta, Korean Air",EWR‐ICN,18h35m,1,ATL,8:40 pm – 1:58 am +1,"Asiana Airlines, United Airlines",ICN‐EWR,18h18m,1,SFO,4111,20220408-2321,fast
9:36 am – 4:30 pm +1,Korean Air,EWR‐ICN,17h54m,1,DTW,5:25 pm – 11:26 pm,"Korean Air, American Airlines",ICN‐EWR,19h01m,1,DFW,2376,20220408-2321,fast
8:45 am – 4:20 pm +1,"Delta, Korean Air",EWR‐ICN,18h35m,1,ATL,4:40 pm – 10:08 pm,"Asiana Airlines, United Airlines",ICN‐EWR,18h28m,1,SFO,4111,20220408-2321,fast
9:36 am – 4:30 pm +1,Korean Air,EWR‐ICN,17h54m,1,DTW,9:20 am – 3:35 pm,Korean Air,ICN‐EWR,19h15m,1,ATL,2027,20220408-2321,fast
9:36 am – 4:30 pm +1,Delta,EWR‐ICN,17h54m,1,DTW,9:20 am – 3:35 pm,Delta,ICN‐EWR,19h15m,1,ATL,6085,20220408-2321,fast
7:20 am – 3:15 pm +1,"Alaska Airlines, Korean Air",EWR‐ICN,18h55m,1,SEA,8:40 pm – 1:58 am +1,Asiana Airlines,ICN‐EWR,18h18m,1,SFO,5722,20220408-2321,fast
6:25 am – 4:00 pm +1,Air Canada,EWR‐ICN,20h35m,2,"YYZ, YVR",6:40 pm – 10:31 pm,Air Canada,ICN‐EWR,16h51m,1,YYZ,1382,20220408-2321,fast
