Out Time,Out Airline,Out Cities,Out Duration,Out Stops,Out Stop Cities,Return Time,Return Airline,Return Cities,Return Duration,Return Stops,Return Stop Cities,Price,timestamp,sort
6:40 pm – 6:15 am +2,United Airlines,EWR‐SIN,23h35m,1,SFO,8:45 am – 7:20 pm,United Airlines,SIN‐EWR,22h35m,1,SFO,918,20220407-1534,cheap
6:40 pm – 6:15 am +2,United Airlines,EWR‐SIN,23h35m,1,SFO,8:45 am – 8:06 pm,United Airlines,SIN‐EWR,23h21m,1,SFO,918,20220407-1534,cheap
4:40 pm – 6:15 am +2,United Airlines,EWR‐SIN,25h35m,1,SFO,8:45 am – 7:20 pm,United Airlines,SIN‐EWR,22h35m,1,SFO,918,20220407-1534,cheap
6:40 pm – 6:15 am +2,United Airlines,EWR‐SIN,23h35m,1,SFO,8:45 am – 10:00 pm,United Airlines,SIN‐EWR,25h15m,1,SFO,918,20220407-1534,cheap
4:40 pm – 6:15 am +2,United Airlines,EWR‐SIN,25h35m,1,SFO,8:45 am – 8:06 pm,United Airlines,SIN‐EWR,23h21m,1,SFO,918,20220407-1534,cheap
4:40 pm – 6:15 am +2,United Airlines,EWR‐SIN,25h35m,1,SFO,8:45 am – 10:00 pm,United Airlines,SIN‐EWR,25h15m,1,SFO,918,20220407-1534,cheap
6:40 pm – 6:15 am +2,United Airlines,EWR‐SIN,23h35m,1,SFO,8:45 am – 12:45 am +1,United Airlines,SIN‐EWR,28h00m,1,SFO,918,20220407-1534,cheap
4:40 pm – 6:15 am +2,United Airlines,EWR‐SIN,25h35m,1,SFO,8:45 am – 12:45 am +1,United Airlines,SIN‐EWR,28h00m,1,SFO,918,20220407-1534,cheap
12:00 pm – 6:15 am +2,United Airlines,EWR‐SIN,30h15m,1,SFO,8:45 am – 8:06 pm,United Airlines,SIN‐EWR,23h21m,1,SFO,918,20220407-1534,cheap
12:00 pm – 6:15 am +2,United Airlines,EWR‐SIN,30h15m,1,SFO,8:45 am – 10:00 pm,United Airlines,SIN‐EWR,25h15m,1,SFO,918,20220407-1534,cheap
10:00 am – 6:15 am +2,United Airlines,EWR‐SIN,32h15m,1,SFO,8:45 am – 8:06 pm,United Airlines,SIN‐EWR,23h21m,1,SFO,918,20220407-1534,cheap
10:00 am – 6:15 am +2,United Airlines,EWR‐SIN,32h15m,1,SFO,8:45 am – 10:00 pm,United Airlines,SIN‐EWR,25h15m,1,SFO,918,20220407-1534,cheap
6:44 am – 6:15 am +2,United Airlines,EWR‐SIN,35h31m,2,"DEN, SFO",8:45 am – 7:20 pm,United Airlines,SIN‐EWR,22h35m,1,SFO,918,20220407-1534,cheap
12:00 pm – 6:15 am +2,United Airlines,EWR‐SIN,30h15m,1,SFO,8:45 am – 12:45 am +1,United Airlines,SIN‐EWR,28h00m,1,SFO,918,20220407-1534,cheap
6:14 am – 6:15 am +2,United Airlines,EWR‐SIN,36h01m,2,"DEN, SFO",8:45 am – 7:20 pm,United Airlines,SIN‐EWR,22h35m,1,SFO,918,20220407-1534,cheap
7:00 am – 11:40 pm +1,Korean Air,EWR‐SIN,28h40m,2,"ATL, ICN",1:10 am – 2:00 pm,Korean Air,SIN‐EWR,24h50m,2,"ICN, BOS",1096,20220407-1532,best
6:40 pm – 6:15 am +2,United Airlines,EWR‐SIN,23h35m,1,SFO,8:45 am – 7:20 pm,United Airlines,SIN‐EWR,22h35m,1,SFO,918,20220407-1532,best
6:40 pm – 6:15 am +2,United Airlines,EWR‐SIN,23h35m,1,SFO,8:45 am – 8:06 pm,United Airlines,SIN‐EWR,23h21m,1,SFO,918,20220407-1532,best
4:40 pm – 6:15 am +2,United Airlines,EWR‐SIN,25h35m,1,SFO,8:45 am – 7:20 pm,United Airlines,SIN‐EWR,22h35m,1,SFO,918,20220407-1532,best
6:40 pm – 6:15 am +2,United Airlines,EWR‐SIN,23h35m,1,SFO,8:45 am – 10:00 pm,United Airlines,SIN‐EWR,25h15m,1,SFO,918,20220407-1532,best
4:40 pm – 6:15 am +2,United Airlines,EWR‐SIN,25h35m,1,SFO,8:45 am – 8:06 pm,United Airlines,SIN‐EWR,23h21m,1,SFO,918,20220407-1532,best
11:35 am – 12:35 am +2,"United Airlines, ANA",EWR‐SIN,25h00m,1,NRT,8:45 am – 7:20 pm,United Airlines,SIN‐EWR,22h35m,1,SFO,1031,20220407-1532,best
4:40 pm – 6:15 am +2,United Airlines,EWR‐SIN,25h35m,1,SFO,8:45 am – 10:00 pm,United Airlines,SIN‐EWR,25h15m,1,SFO,918,20220407-1532,best
11:35 am – 12:35 am +2,"United Airlines, ANA",EWR‐SIN,25h00m,1,NRT,8:45 am – 8:06 pm,United Airlines,SIN‐EWR,23h21m,1,SFO,1031,20220407-1532,best
6:40 pm – 6:15 am +2,United Airlines,EWR‐SIN,23h35m,1,SFO,8:45 am – 12:45 am +1,United Airlines,SIN‐EWR,28h00m,1,SFO,918,20220407-1532,best
6:40 pm – 6:15 am +2,United Airlines,EWR‐SIN,23h35m,1,SFO,8:45 am – 12:28 am +1,United Airlines,SIN‐EWR,27h43m,2,"SFO, LAX",922,20220407-1532,best
3:20 pm – 6:15 am +2,United Airlines,EWR‐SIN,26h55m,1,SFO,8:45 am – 8:06 pm,United Airlines,SIN‐EWR,23h21m,1,SFO,1022,20220407-1532,best
4:40 pm – 6:15 am +2,United Airlines,EWR‐SIN,25h35m,1,SFO,8:45 am – 12:45 am +1,United Airlines,SIN‐EWR,28h00m,1,SFO,918,20220407-1532,best
12:00 pm – 6:15 am +2,United Airlines,EWR‐SIN,30h15m,1,SFO,8:45 am – 8:06 pm,United Airlines,SIN‐EWR,23h21m,1,SFO,918,20220407-1532,best
4:40 pm – 6:15 am +2,United Airlines,EWR‐SIN,25h35m,1,SFO,8:45 am – 12:28 am +1,United Airlines,SIN‐EWR,27h43m,2,"SFO, LAX",922,20220407-1532,best
2:10 pm – 6:15 am +2,United Airlines,EWR‐SIN,28h05m,1,SFO,8:45 am – 8:06 pm,United Airlines,SIN‐EWR,23h21m,1,SFO,1022,20220407-1532,best
10:25 am – 5:10 pm +1,Singapore Airlines,EWR‐SIN,18h45m,0,,11:35 pm – 6:00 am +1,Singapore Airlines,SIN‐EWR,18h25m,0,,1604,20220407-1536,fast
6:40 pm – 6:15 am +2,United Airlines,EWR‐SIN,23h35m,1,SFO,11:35 pm – 6:00 am +1,Singapore Airlines,SIN‐EWR,18h25m,0,,1592,20220407-1536,fast
10:25 am – 5:10 pm +1,Singapore Airlines,EWR‐SIN,18h45m,0,,6:40 pm – 6:59 am +1,Singapore Airlines,SIN‐EWR,24h19m,1,SFO,1905,20220407-1536,fast
10:25 am – 5:10 pm +1,Singapore Airlines,EWR‐SIN,18h45m,0,,6:40 pm – 7:05 am +1,Singapore Airlines,SIN‐EWR,24h25m,1,LAX,1655,20220407-1536,fast
4:00 pm – 5:30 am +2,Singapore Airlines,EWR‐SIN,25h30m,1,LAX,11:35 pm – 6:00 am +1,Singapore Airlines,SIN‐EWR,18h25m,0,,1820,20220407-1536,fast
4:40 pm – 6:15 am +2,United Airlines,EWR‐SIN,25h35m,1,SFO,11:35 pm – 6:00 am +1,Singapore Airlines,SIN‐EWR,18h25m,0,,1592,20220407-1536,fast
10:25 am – 5:10 pm +1,Singapore Airlines,EWR‐SIN,18h45m,0,,9:25 am – 10:50 pm,"Singapore Airlines, JetBlue",SIN‐EWR,25h25m,1,SFO,1452,20220407-1536,fast
3:59 pm – 5:45 am +2,Singapore Airlines,EWR‐SIN,25h46m,1,SFO,11:35 pm – 6:00 am +1,Singapore Airlines,SIN‐EWR,18h25m,0,,2564,20220407-1536,fast
9:36 am – 11:40 pm +1,Korean Air,EWR‐SIN,26h04m,2,"DTW, ICN",11:35 pm – 6:00 am +1,Singapore Airlines,SIN‐EWR,18h25m,0,,1580,20220407-1536,fast
8:45 am – 11:40 pm +1,Korean Air,EWR‐SIN,26h55m,2,"ATL, ICN",11:35 pm – 6:00 am +1,Singapore Airlines,SIN‐EWR,18h25m,0,,1580,20220407-1536,fast
6:40 pm – 6:15 am +2,United Airlines,EWR‐SIN,23h35m,1,SFO,8:45 am – 7:20 pm,United Airlines,SIN‐EWR,22h35m,1,SFO,918,20220407-1536,fast
8:55 pm – 7:00 am +2,Lufthansa,EWR‐SIN,22h05m,1,MUC,12:30 am – 1:10 pm,Lufthansa,SIN‐EWR,24h40m,2,"MUC, ZRH",2182,20220407-1536,fast
6:40 pm – 6:15 am +2,United Airlines,EWR‐SIN,23h35m,1,SFO,8:45 am – 8:06 pm,United Airlines,SIN‐EWR,23h21m,1,SFO,918,20220407-1536,fast
6:40 pm – 6:15 am +2,United Airlines,EWR‐SIN,23h35m,1,SFO,1:25 am – 1:10 pm,SWISS,SIN‐EWR,23h45m,1,ZRH,1488,20220407-1536,fast
6:15 pm – 5:55 am +2,SWISS,EWR‐SIN,23h40m,1,ZRH,1:25 am – 1:10 pm,SWISS,SIN‐EWR,23h45m,1,ZRH,1799,20220407-1536,fast
