Out Time,Out Airline,Out Cities,Out Duration,Out Stops,Out Stop Cities,Return Time,Return Airline,Return Cities,Return Duration,Return Stops,Return Stop Cities,Price,timestamp,sort
8:00 pm – 4:00 pm +2,Air Canada,EWR‐ICN,31h00m,2,"YUL, YVR",6:40 pm – 10:31 pm,Air Canada,ICN‐EWR,16h51m,1,YYZ,1621,20220406-0621,cheap
6:25 am – 4:00 pm +1,Air Canada,EWR‐ICN,20h35m,2,"YYZ, YVR",6:40 pm – 10:31 pm,Air Canada,ICN‐EWR,16h51m,1,YYZ,1664,20220406-0621,cheap
8:55 pm – 8:45 am +2,Lufthansa,EWR‐ICN,22h50m,1,MUC,10:15 am – 7:10 pm,Lufthansa,ICN‐EWR,21h55m,1,MUC,1797,20220406-0621,cheap
6:30 pm – 8:45 am +2,Lufthansa,EWR‐ICN,25h15m,2,"CDG, MUC",10:15 am – 7:10 pm,Lufthansa,ICN‐EWR,21h55m,1,MUC,1814,20220406-0621,cheap
6:15 pm – 8:45 am +2,Lufthansa,EWR‐ICN,25h30m,2,"ZRH, MUC",10:15 am – 7:10 pm,Lufthansa,ICN‐EWR,21h55m,1,MUC,1814,20220406-0621,cheap
6:15 pm – 8:45 am +2,Lufthansa,EWR‐ICN,25h30m,2,"ZRH, MUC",10:15 am – 7:10 pm,Lufthansa,ICN‐EWR,21h55m,1,MUC,1814,20220406-0621,cheap
5:50 pm – 8:45 am +2,Lufthansa,EWR‐ICN,25h55m,2,"AMS, MUC",10:15 am – 7:10 pm,Lufthansa,ICN‐EWR,21h55m,1,MUC,1814,20220406-0621,cheap
5:50 pm – 8:45 am +2,Lufthansa,EWR‐ICN,25h55m,2,"AMS, MUC",10:15 am – 7:10 pm,Lufthansa,ICN‐EWR,21h55m,1,MUC,1814,20220406-0621,cheap
7:30 pm – 11:15 am +2,Lufthansa,EWR‐ICN,26h45m,1,FRA,10:15 am – 7:10 pm,Lufthansa,ICN‐EWR,21h55m,1,MUC,1814,20220406-0621,cheap
7:00 pm – 8:45 am +2,Lufthansa,EWR‐ICN,24h45m,2,"LHR, MUC",10:15 am – 7:10 pm,Lufthansa,ICN‐EWR,21h55m,1,MUC,1819,20220406-0621,cheap
6:00 pm – 8:45 am +2,Lufthansa,EWR‐ICN,25h45m,2,"LHR, MUC",10:15 am – 7:10 pm,Lufthansa,ICN‐EWR,21h55m,1,MUC,1819,20220406-0621,cheap
6:00 pm – 8:45 am +2,Lufthansa,EWR‐ICN,25h45m,2,"LHR, MUC",10:15 am – 7:10 pm,Lufthansa,ICN‐EWR,21h55m,1,MUC,1819,20220406-0621,cheap
8:55 pm – 11:15 am +2,Lufthansa,EWR‐ICN,25h20m,2,"MUC, FRA",10:15 am – 7:10 pm,Lufthansa,ICN‐EWR,21h55m,1,MUC,1821,20220406-0621,cheap
8:55 pm – 11:15 am +2,Lufthansa,EWR‐ICN,25h20m,2,"MUC, FRA",10:15 am – 7:10 pm,Lufthansa,ICN‐EWR,21h55m,1,MUC,1821,20220406-0621,cheap
8:55 pm – 11:15 am +2,Lufthansa,EWR‐ICN,25h20m,2,"MUC, FRA",10:15 am – 7:10 pm,Lufthansa,ICN‐EWR,21h55m,1,MUC,1821,20220406-0621,cheap
8:55 pm – 8:45 am +2,Lufthansa,EWR‐ICN,22h50m,1,MUC,10:15 am – 7:10 pm,Lufthansa,ICN‐EWR,21h55m,1,MUC,1836,20220406-0619,best
6:25 am – 4:00 pm +1,Air Canada,EWR‐ICN,20h35m,2,"YYZ, YVR",6:40 pm – 10:31 pm,Air Canada,ICN‐EWR,16h51m,1,YYZ,1664,20220406-0619,best
8:00 pm – 4:00 pm +2,Air Canada,EWR‐ICN,31h00m,2,"YUL, YVR",6:40 pm – 10:31 pm,Air Canada,ICN‐EWR,16h51m,1,YYZ,1621,20220406-0619,best
6:59 am – 3:15 pm +1,American Airlines,EWR‐ICN,19h16m,1,DFW,5:25 pm – 11:26 pm,American Airlines,ICN‐EWR,19h01m,1,DFW,2159,20220406-0619,best
7:00 am – 3:50 pm +1,Korean Air,EWR‐ICN,19h50m,1,ATL,10:45 am – 3:57 pm,Korean Air,ICN‐EWR,18h12m,1,DTW,2242,20220406-0619,best
8:55 pm – 8:45 am +2,Lufthansa,EWR‐ICN,22h50m,1,MUC,10:15 am – 7:10 pm,Lufthansa,ICN‐EWR,21h55m,1,MUC,1797,20220406-0619,best
8:45 am – 4:20 pm +1,Korean Air,EWR‐ICN,18h35m,1,ATL,10:45 am – 3:57 pm,Korean Air,ICN‐EWR,18h12m,1,DTW,2591,20220406-0619,best
7:50 pm – 6:25 am +2,LOT,EWR‐ICN,21h35m,1,WAW,6:40 pm – 10:31 pm,Air Canada,ICN‐EWR,16h51m,1,YYZ,2512,20220406-0619,best
6:59 am – 3:15 pm +1,American Airlines,EWR‐ICN,19h16m,1,DFW,5:25 pm – 12:49 am +1,American Airlines,ICN‐EWR,20h24m,2,"DFW, CLT",2320,20220406-0619,best
6:00 am – 3:50 pm +1,"Delta, Korean Air",EWR‐ICN,20h50m,1,ATL,10:45 am – 3:57 pm,"Korean Air, Delta",ICN‐EWR,18h12m,1,DTW,2541,20220406-0619,best
7:00 am – 4:20 pm +1,Korean Air,EWR‐ICN,20h20m,1,ATL,10:45 am – 3:57 pm,Korean Air,ICN‐EWR,18h12m,1,DTW,2591,20220406-0619,best
7:00 pm – 8:45 am +2,Lufthansa,EWR‐ICN,24h45m,2,"LHR, MUC",10:15 am – 7:10 pm,Lufthansa,ICN‐EWR,21h55m,1,MUC,1819,20220406-0619,best
7:00 am – 3:50 pm +1,Korean Air,EWR‐ICN,19h50m,1,ATL,9:20 am – 3:35 pm,Korean Air,ICN‐EWR,19h15m,1,ATL,2591,20220406-0619,best
8:00 pm – 8:45 am +2,Lufthansa,EWR‐ICN,23h45m,2,"LHR, MUC",10:15 am – 7:10 pm,Lufthansa,ICN‐EWR,21h55m,1,MUC,1961,20220406-0619,best
6:30 pm – 8:45 am +2,Lufthansa,EWR‐ICN,25h15m,2,"CDG, MUC",10:15 am – 7:10 pm,Lufthansa,ICN‐EWR,21h55m,1,MUC,1814,20220406-0619,best
9:00 pm – 8:45 am +2,Lufthansa,EWR‐ICN,22h45m,2,"LHR, MUC",10:15 am – 7:10 pm,Lufthansa,ICN‐EWR,21h55m,1,MUC,1961,20220406-0619,best
8:45 am – 4:20 pm +1,Korean Air,EWR‐ICN,18h35m,1,ATL,6:40 pm – 10:31 pm,Air Canada,ICN‐EWR,16h51m,1,YYZ,3103,20220406-0624,fast
8:45 am – 4:20 pm +1,Korean Air,EWR‐ICN,18h35m,1,ATL,10:45 am – 3:57 pm,Korean Air,ICN‐EWR,18h12m,1,DTW,2591,20220406-0624,fast
8:45 am – 4:20 pm +1,Korean Air,EWR‐ICN,18h35m,1,ATL,8:40 pm – 1:58 am +1,Asiana Airlines,ICN‐EWR,18h18m,1,SFO,3869,20220406-0624,fast
6:25 am – 4:00 pm +1,Air Canada,EWR‐ICN,20h35m,2,"YYZ, YVR",6:40 pm – 10:31 pm,Air Canada,ICN‐EWR,16h51m,1,YYZ,1664,20220406-0624,fast
8:45 am – 4:20 pm +1,Korean Air,EWR‐ICN,18h35m,1,ATL,9:20 am – 3:35 pm,Korean Air,ICN‐EWR,19h15m,1,ATL,2737,20220406-0624,fast
8:45 am – 4:20 pm +1,Korean Air,EWR‐ICN,18h35m,1,ATL,9:35 am – 3:51 pm,"Korean Air, Air Canada",ICN‐EWR,19h16m,1,YYZ,11763,20220406-0624,fast
7:00 am – 3:50 pm +1,Korean Air,EWR‐ICN,19h50m,1,ATL,10:45 am – 3:57 pm,Korean Air,ICN‐EWR,18h12m,1,DTW,2242,20220406-0624,fast
6:59 am – 3:15 pm +1,American Airlines,EWR‐ICN,19h16m,1,DFW,5:25 pm – 11:26 pm,American Airlines,ICN‐EWR,19h01m,1,DFW,2159,20220406-0624,fast
7:50 pm – 6:25 am +2,LOT,EWR‐ICN,21h35m,1,WAW,6:40 pm – 10:31 pm,Air Canada,ICN‐EWR,16h51m,1,YYZ,2512,20220406-0624,fast
7:00 am – 4:20 pm +1,Korean Air,EWR‐ICN,20h20m,1,ATL,10:45 am – 3:57 pm,Korean Air,ICN‐EWR,18h12m,1,DTW,2591,20220406-0624,fast
6:25 am – 4:00 pm +1,Air Canada,EWR‐ICN,20h35m,2,"YYZ, YVR",10:45 am – 3:57 pm,Korean Air,ICN‐EWR,18h12m,1,DTW,2141,20220406-0624,fast
5:00 am – 4:00 pm +1,Air Canada,EWR‐ICN,22h00m,2,"ORD, YVR",6:40 pm – 10:31 pm,Air Canada,ICN‐EWR,16h51m,1,YYZ,3056,20220406-0624,fast
6:25 am – 4:00 pm +1,Air Canada,EWR‐ICN,20h35m,2,"YYZ, YVR",8:40 pm – 1:58 am +1,Asiana Airlines,ICN‐EWR,18h18m,1,SFO,2990,20220406-0624,fast
6:00 am – 3:50 pm +1,"Delta, Korean Air",EWR‐ICN,20h50m,1,ATL,10:45 am – 3:57 pm,"Korean Air, Delta",ICN‐EWR,18h12m,1,DTW,2541,20220406-0624,fast
7:00 am – 3:50 pm +1,Korean Air,EWR‐ICN,19h50m,1,ATL,9:20 am – 3:35 pm,Korean Air,ICN‐EWR,19h15m,1,ATL,2591,20220406-0624,fast
