Out Time,Out Airline,Out Cities,Out Duration,Out Stops,Out Stop Cities,Return Time,Return Airline,Return Cities,Return Duration,Return Stops,Return Stop Cities,Price,timestamp,sort
7:42 pm – 3:15 pm +2,American Airlines,EWR‐ICN,30h33m,2,"ORD, DFW",5:25 pm – 10:00 pm,American Airlines,ICN‐EWR,17h35m,1,DFW,1554,20220405-2122,cheap
8:30 pm – 4:30 pm +2,Delta,EWR‐ICN,31h00m,1,DTW,6:40 pm – 11:01 pm,Delta,ICN‐EWR,17h21m,1,ATL,1671,20220405-2122,cheap
6:00 am – 4:15 pm +1,Air Canada,EWR‐ICN,21h15m,2,"YYZ, YVR",4:50 pm – 11:19 pm,United Airlines,ICN‐EWR,19h29m,2,"SFO, DEN",1679,20220405-2122,cheap
10:28 pm – 2:55 pm +2,United Airlines,EWR‐ICN,27h27m,2,"DEN, SFO",4:50 pm – 9:44 pm,United Airlines,ICN‐EWR,17h54m,1,SFO,1766,20220405-2122,cheap
10:28 pm – 2:55 pm +2,United Airlines,EWR‐ICN,27h27m,2,"DEN, SFO",4:50 pm – 11:09 pm,United Airlines,ICN‐EWR,19h19m,1,SFO,1766,20220405-2122,cheap
10:28 pm – 2:55 pm +2,United Airlines,EWR‐ICN,27h27m,2,"DEN, SFO",4:50 pm – 12:44 am +1,United Airlines,ICN‐EWR,20h54m,1,SFO,1766,20220405-2122,cheap
10:28 pm – 2:55 pm +2,United Airlines,EWR‐ICN,27h27m,2,"DEN, SFO",4:50 pm – 12:55 am +1,United Airlines,ICN‐EWR,21h05m,2,"SFO, ORD",1770,20220405-2122,cheap
4:15 pm – 5:00 am +2,Delta,EWR‐ICN,23h45m,2,"ATL, LAX",6:40 pm – 11:01 pm,Delta,ICN‐EWR,17h21m,1,ATL,1844,20220405-2122,cheap
3:11 pm – 5:00 am +2,Delta,EWR‐ICN,24h49m,2,"MSP, LAX",6:40 pm – 11:01 pm,Delta,ICN‐EWR,17h21m,1,ATL,1844,20220405-2122,cheap
4:15 pm – 5:00 am +2,Delta,EWR‐ICN,23h45m,2,"ATL, LAX",10:45 am – 4:24 pm,Delta,ICN‐EWR,18h39m,1,DTW,1844,20220405-2122,cheap
4:15 pm – 5:00 am +2,Delta,EWR‐ICN,23h45m,2,"ATL, LAX",6:40 pm – 12:59 am +1,Delta,ICN‐EWR,19h19m,1,ATL,1844,20220405-2122,cheap
2:10 pm – 5:00 am +2,Delta,EWR‐ICN,25h50m,2,"ATL, LAX",6:40 pm – 11:01 pm,Delta,ICN‐EWR,17h21m,1,ATL,1844,20220405-2122,cheap
2:10 pm – 5:00 am +2,Delta,EWR‐ICN,25h50m,2,"ATL, LAX",6:40 pm – 11:01 pm,Delta,ICN‐EWR,17h21m,1,ATL,1844,20220405-2122,cheap
3:11 pm – 5:00 am +2,Delta,EWR‐ICN,24h49m,2,"MSP, LAX",10:45 am – 4:24 pm,Delta,ICN‐EWR,18h39m,1,DTW,1844,20220405-2122,cheap
3:11 pm – 5:00 am +2,Delta,EWR‐ICN,24h49m,2,"MSP, LAX",6:40 pm – 12:59 am +1,Delta,ICN‐EWR,19h19m,1,ATL,1844,20220405-2122,cheap
8:30 pm – 4:30 pm +2,Delta,EWR‐ICN,31h00m,1,DTW,6:40 pm – 11:01 pm,Delta,ICN‐EWR,17h21m,1,ATL,1671,20220405-2119,best
9:00 am – 5:40 pm +1,Korean Air,EWR‐ICN,19h40m,1,BOS,6:40 pm – 11:01 pm,Korean Air,ICN‐EWR,17h21m,1,ATL,2030,20220405-2119,best
7:42 pm – 3:15 pm +2,American Airlines,EWR‐ICN,30h33m,2,"ORD, DFW",5:25 pm – 10:00 pm,American Airlines,ICN‐EWR,17h35m,1,DFW,1554,20220405-2119,best
9:00 am – 5:40 pm +1,Korean Air,EWR‐ICN,19h40m,1,BOS,10:45 am – 4:24 pm,Korean Air,ICN‐EWR,18h39m,1,DTW,2030,20220405-2119,best
4:15 pm – 5:00 am +2,Delta,EWR‐ICN,23h45m,2,"ATL, LAX",6:40 pm – 11:01 pm,Delta,ICN‐EWR,17h21m,1,ATL,1844,20220405-2119,best
3:11 pm – 5:00 am +2,Delta,EWR‐ICN,24h49m,2,"MSP, LAX",6:40 pm – 11:01 pm,Delta,ICN‐EWR,17h21m,1,ATL,1844,20220405-2119,best
4:15 pm – 5:00 am +2,Delta,EWR‐ICN,23h45m,2,"ATL, LAX",10:45 am – 4:24 pm,Delta,ICN‐EWR,18h39m,1,DTW,1844,20220405-2119,best
8:00 am – 5:05 pm +1,Korean Air,EWR‐ICN,20h05m,1,ATL,6:40 pm – 11:01 pm,Korean Air,ICN‐EWR,17h21m,1,ATL,2257,20220405-2119,best
4:15 pm – 5:00 am +2,Delta,EWR‐ICN,23h45m,2,"ATL, LAX",6:40 pm – 12:59 am +1,Delta,ICN‐EWR,19h19m,1,ATL,1844,20220405-2119,best
9:00 am – 5:40 pm +1,Korean Air,EWR‐ICN,19h40m,1,BOS,9:30 am – 3:35 pm,Korean Air,ICN‐EWR,19h05m,1,BOS,2205,20220405-2119,best
2:10 pm – 5:00 am +2,Delta,EWR‐ICN,25h50m,2,"ATL, LAX",6:40 pm – 11:01 pm,Delta,ICN‐EWR,17h21m,1,ATL,1844,20220405-2119,best
2:10 pm – 5:00 am +2,Delta,EWR‐ICN,25h50m,2,"ATL, LAX",6:40 pm – 11:01 pm,Delta,ICN‐EWR,17h21m,1,ATL,1844,20220405-2119,best
3:11 pm – 5:00 am +2,Delta,EWR‐ICN,24h49m,2,"MSP, LAX",10:45 am – 4:24 pm,Delta,ICN‐EWR,18h39m,1,DTW,1844,20220405-2119,best
8:00 am – 5:05 pm +1,Korean Air,EWR‐ICN,20h05m,1,ATL,10:45 am – 4:24 pm,Korean Air,ICN‐EWR,18h39m,1,DTW,2257,20220405-2119,best
3:11 pm – 5:00 am +2,Delta,EWR‐ICN,24h49m,2,"MSP, LAX",6:40 pm – 12:59 am +1,Delta,ICN‐EWR,19h19m,1,ATL,1844,20220405-2119,best
9:00 am – 5:40 pm +1,Korean Air,EWR‐ICN,19h40m,1,BOS,9:20 am – 3:04 pm,Korean Air,ICN‐EWR,18h44m,1,ATL,2318,20220405-2119,best
9:00 am – 4:25 pm +1,Delta,EWR‐ICN,18h25m,1,BOS,6:40 pm – 11:01 pm,Delta,ICN‐EWR,17h21m,1,ATL,6835,20220405-2124,fast
9:00 am – 5:40 pm +1,Korean Air,EWR‐ICN,19h40m,1,BOS,6:40 pm – 11:01 pm,Korean Air,ICN‐EWR,17h21m,1,ATL,2030,20220405-2124,fast
5:00 am – 2:55 pm +1,United Airlines,EWR‐ICN,20h55m,2,"ORD, SFO",5:30 pm – 8:49 pm,"Air Canada, United Airlines",ICN‐EWR,16h19m,1,YYZ,5650,20220405-2124,fast
6:34 am – 3:15 pm +1,American Airlines,EWR‐ICN,19h41m,1,DFW,5:25 pm – 10:00 pm,American Airlines,ICN‐EWR,17h35m,1,DFW,4098,20220405-2124,fast
8:00 am – 5:05 pm +1,Korean Air,EWR‐ICN,20h05m,1,ATL,6:40 pm – 11:01 pm,Korean Air,ICN‐EWR,17h21m,1,ATL,2257,20220405-2124,fast
7:15 am – 3:15 pm +1,Korean Air,EWR‐ICN,19h00m,1,SEA,10:45 am – 4:24 pm,"Korean Air, Delta",ICN‐EWR,18h39m,1,DTW,2425,20220405-2124,fast
6:00 am – 4:15 pm +1,Air Canada,EWR‐ICN,21h15m,2,"YUL, YVR",5:30 pm – 9:00 pm,Air Canada,ICN‐EWR,16h30m,1,YYZ,3212,20220405-2124,fast
6:00 am – 4:15 pm +1,Air Canada,EWR‐ICN,21h15m,2,"YYZ, YVR",5:30 pm – 9:00 pm,Air Canada,ICN‐EWR,16h30m,1,YYZ,3218,20220405-2124,fast
5:00 am – 2:55 pm +1,United Airlines,EWR‐ICN,20h55m,2,"ORD, SFO",5:30 pm – 9:25 pm,"Air Canada, United Airlines",ICN‐EWR,16h55m,1,YYZ,5650,20220405-2124,fast
7:15 am – 3:15 pm +1,Korean Air,EWR‐ICN,19h00m,1,SEA,2:40 pm – 8:54 pm,"Asiana Airlines, United Airlines",ICN‐EWR,19h14m,1,LAX,4328,20220405-2124,fast
9:00 am – 5:40 pm +1,Korean Air,EWR‐ICN,19h40m,1,BOS,10:45 am – 4:24 pm,Korean Air,ICN‐EWR,18h39m,1,DTW,2030,20220405-2124,fast
9:00 am – 5:40 pm +1,Korean Air,EWR‐ICN,19h40m,1,BOS,9:20 am – 3:04 pm,Korean Air,ICN‐EWR,18h44m,1,ATL,2318,20220405-2124,fast
6:00 am – 4:15 pm +1,Air Canada,EWR‐ICN,21h15m,2,"YYZ, YVR",6:40 pm – 11:01 pm,"Korean Air, Delta",ICN‐EWR,17h21m,1,ATL,2556,20220405-2124,fast
8:00 am – 5:05 pm +1,Korean Air,EWR‐ICN,20h05m,1,ATL,10:45 am – 4:24 pm,Korean Air,ICN‐EWR,18h39m,1,DTW,2257,20220405-2124,fast
6:30 am – 2:55 pm +1,United Airlines,EWR‐ICN,19h25m,1,SFO,4:50 pm – 11:09 pm,United Airlines,ICN‐EWR,19h19m,1,SFO,2651,20220405-2124,fast
