Out Time,Out Airline,Out Cities,Out Duration,Out Stops,Out Stop Cities,Return Time,Return Airline,Return Cities,Return Duration,Return Stops,Return Stop Cities,Price,timestamp,sort
8:00 pm – 4:00 pm +2,Air Canada,EWR‐ICN,31h00m,2,"YUL, YVR",5:45 pm – 9:59 am +1,Air Canada,ICN‐EWR,29h14m,2,"YVR, YUL",1438,20220407-0546,cheap
9:36 am – 4:30 pm +1,Korean Air,EWR‐ICN,17h54m,1,DTW,4:40 pm – 1:58 am +1,United Airlines,ICN‐EWR,22h18m,1,SFO,1627,20220407-0546,cheap
9:00 pm – 2:45 pm +2,United Airlines,EWR‐ICN,28h45m,1,SFO,4:40 pm – 10:08 pm,United Airlines,ICN‐EWR,18h28m,1,SFO,1655,20220407-0546,cheap
8:00 pm – 2:45 pm +2,United Airlines,EWR‐ICN,29h45m,1,SFO,4:40 pm – 10:08 pm,United Airlines,ICN‐EWR,18h28m,1,SFO,1655,20220407-0546,cheap
7:57 pm – 2:45 pm +2,United Airlines,EWR‐ICN,29h48m,2,"ORD, SFO",4:40 pm – 10:08 pm,United Airlines,ICN‐EWR,18h28m,1,SFO,1655,20220407-0546,cheap
7:56 pm – 2:45 pm +2,United Airlines,EWR‐ICN,29h49m,2,"IAD, SFO",4:40 pm – 10:08 pm,United Airlines,ICN‐EWR,18h28m,1,SFO,1655,20220407-0546,cheap
9:00 pm – 2:45 pm +2,United Airlines,EWR‐ICN,28h45m,1,SFO,4:40 pm – 11:23 pm,United Airlines,ICN‐EWR,19h43m,2,"SFO, LAX",1660,20220407-0546,cheap
8:55 pm – 8:45 am +2,Lufthansa,EWR‐ICN,22h50m,1,MUC,10:15 am – 7:10 pm,Lufthansa,ICN‐EWR,21h55m,1,MUC,1797,20220407-0546,cheap
9:00 pm – 8:45 am +2,Lufthansa,EWR‐ICN,22h45m,2,"LHR, MUC",10:15 am – 7:10 pm,Lufthansa,ICN‐EWR,21h55m,1,MUC,1827,20220407-0546,cheap
8:00 pm – 8:45 am +2,Lufthansa,EWR‐ICN,23h45m,2,"LHR, MUC",10:15 am – 7:10 pm,Lufthansa,ICN‐EWR,21h55m,1,MUC,1827,20220407-0546,cheap
9:55 pm – 8:45 am +2,Lufthansa,EWR‐ICN,21h50m,2,"FRA, MUC",10:15 am – 7:10 pm,Lufthansa,ICN‐EWR,21h55m,1,MUC,1841,20220407-0546,cheap
7:30 pm – 8:45 am +2,Lufthansa,EWR‐ICN,24h15m,2,"FRA, MUC",10:15 am – 7:10 pm,Lufthansa,ICN‐EWR,21h55m,1,MUC,1841,20220407-0546,cheap
7:30 pm – 8:45 am +2,Lufthansa,EWR‐ICN,24h15m,2,"FRA, MUC",10:15 am – 7:10 pm,Lufthansa,ICN‐EWR,21h55m,1,MUC,1841,20220407-0546,cheap
7:30 pm – 8:45 am +2,Lufthansa,EWR‐ICN,24h15m,2,"FRA, MUC",10:15 am – 7:10 pm,Lufthansa,ICN‐EWR,21h55m,1,MUC,1841,20220407-0546,cheap
9:55 pm – 11:15 am +2,Lufthansa,EWR‐ICN,24h20m,1,FRA,10:15 am – 7:10 pm,Lufthansa,ICN‐EWR,21h55m,1,MUC,1842,20220407-0546,cheap
9:36 am – 4:30 pm +1,Korean Air,EWR‐ICN,17h54m,1,DTW,9:30 am – 2:00 pm,Korean Air,ICN‐EWR,17h30m,1,BOS,2117,20220407-0543,best
9:36 am – 4:30 pm +1,Korean Air,EWR‐ICN,17h54m,1,DTW,9:30 am – 2:00 pm,Korean Air,ICN‐EWR,17h30m,1,BOS,2041,20220407-0543,best
8:00 pm – 4:00 pm +2,Air Canada,EWR‐ICN,31h00m,2,"YUL, YVR",5:45 pm – 9:59 am +1,Air Canada,ICN‐EWR,29h14m,2,"YVR, YUL",1438,20220407-0543,best
9:36 am – 4:30 pm +1,Korean Air,EWR‐ICN,17h54m,1,DTW,6:40 pm – 11:23 pm,Korean Air,ICN‐EWR,17h43m,1,ATL,2212,20220407-0543,best
9:36 am – 4:30 pm +1,Korean Air,EWR‐ICN,17h54m,1,DTW,6:40 pm – 12:45 am +1,"Korean Air, Delta",ICN‐EWR,19h05m,1,ATL,2116,20220407-0543,best
9:36 am – 4:30 pm +1,Korean Air,EWR‐ICN,17h54m,1,DTW,9:20 am – 3:35 pm,Korean Air,ICN‐EWR,19h15m,1,ATL,2175,20220407-0543,best
8:40 am – 4:25 pm +1,Korean Air,EWR‐ICN,18h45m,1,BOS,9:30 am – 2:00 pm,Korean Air,ICN‐EWR,17h30m,1,BOS,2375,20220407-0543,best
8:55 pm – 8:45 am +2,Lufthansa,EWR‐ICN,22h50m,1,MUC,10:15 am – 7:10 pm,Lufthansa,ICN‐EWR,21h55m,1,MUC,1797,20220407-0543,best
9:36 am – 4:30 pm +1,Delta,EWR‐ICN,17h54m,1,DTW,9:30 am – 5:19 pm,Delta,ICN‐EWR,20h49m,1,BOS,2265,20220407-0543,best
7:00 am – 3:50 pm +1,Korean Air,EWR‐ICN,19h50m,1,ATL,9:30 am – 2:00 pm,Korean Air,ICN‐EWR,17h30m,1,BOS,2363,20220407-0543,best
6:00 am – 4:30 pm +1,Delta,EWR‐ICN,21h30m,1,DTW,9:30 am – 2:00 pm,Delta,ICN‐EWR,17h30m,1,BOS,2265,20220407-0543,best
9:36 am – 4:30 pm +1,Delta,EWR‐ICN,17h54m,1,DTW,2:30 pm – 10:59 pm,Delta,ICN‐EWR,21h29m,2,"LAX, DTW",2169,20220407-0543,best
8:45 am – 4:20 pm +1,Korean Air,EWR‐ICN,18h35m,1,ATL,9:30 am – 2:00 pm,Korean Air,ICN‐EWR,17h30m,1,BOS,2508,20220407-0543,best
9:36 am – 4:30 pm +1,Delta,EWR‐ICN,17h54m,1,DTW,2:30 pm – 11:23 pm,Delta,ICN‐EWR,21h53m,2,"LAX, ATL",2169,20220407-0543,best
9:36 am – 4:30 pm +1,Delta,EWR‐ICN,17h54m,1,DTW,2:30 pm – 11:26 pm,Delta,ICN‐EWR,21h56m,2,"LAX, MSP",2169,20220407-0543,best
9:36 am – 4:30 pm +1,Korean Air,EWR‐ICN,17h54m,1,DTW,5:25 pm – 11:26 pm,"Korean Air, American Airlines",ICN‐EWR,19h01m,1,DFW,2516,20220407-0543,best
8:40 am – 4:25 pm +1,Korean Air,EWR‐ICN,18h45m,1,BOS,6:40 pm – 11:23 pm,Korean Air,ICN‐EWR,17h43m,1,ATL,2563,20220407-0543,best
9:36 am – 4:30 pm +1,Korean Air,EWR‐ICN,17h54m,1,DTW,9:30 am – 2:00 pm,Korean Air,ICN‐EWR,17h30m,1,BOS,2041,20220407-0548,fast
9:36 am – 4:30 pm +1,Korean Air,EWR‐ICN,17h54m,1,DTW,6:40 pm – 11:23 pm,Korean Air,ICN‐EWR,17h43m,1,ATL,2212,20220407-0548,fast
8:45 am – 4:20 pm +1,Korean Air,EWR‐ICN,18h35m,1,ATL,9:30 am – 2:00 pm,Korean Air,ICN‐EWR,17h30m,1,BOS,2508,20220407-0548,fast
8:40 am – 4:25 pm +1,Korean Air,EWR‐ICN,18h45m,1,BOS,9:30 am – 2:00 pm,Korean Air,ICN‐EWR,17h30m,1,BOS,2375,20220407-0548,fast
8:45 am – 4:20 pm +1,Korean Air,EWR‐ICN,18h35m,1,ATL,6:40 pm – 11:23 pm,Korean Air,ICN‐EWR,17h43m,1,ATL,2703,20220407-0548,fast
8:40 am – 4:25 pm +1,Korean Air,EWR‐ICN,18h45m,1,BOS,6:40 pm – 11:23 pm,Korean Air,ICN‐EWR,17h43m,1,ATL,2563,20220407-0548,fast
9:36 am – 4:30 pm +1,Korean Air,EWR‐ICN,17h54m,1,DTW,5:25 pm – 11:26 pm,"Korean Air, American Airlines",ICN‐EWR,19h01m,1,DFW,2516,20220407-0548,fast
9:36 am – 4:30 pm +1,Korean Air,EWR‐ICN,17h54m,1,DTW,6:40 pm – 12:45 am +1,"Korean Air, Delta",ICN‐EWR,19h05m,1,ATL,2116,20220407-0548,fast
9:36 am – 4:30 pm +1,Korean Air,EWR‐ICN,17h54m,1,DTW,9:20 am – 3:35 pm,Korean Air,ICN‐EWR,19h15m,1,ATL,2175,20220407-0548,fast
7:00 am – 3:50 pm +1,Korean Air,EWR‐ICN,19h50m,1,ATL,9:30 am – 2:00 pm,Korean Air,ICN‐EWR,17h30m,1,BOS,2363,20220407-0548,fast
7:00 am – 3:50 pm +1,Korean Air,EWR‐ICN,19h50m,1,ATL,6:40 pm – 11:23 pm,Korean Air,ICN‐EWR,17h43m,1,ATL,2563,20220407-0548,fast
8:45 am – 4:20 pm +1,Delta,EWR‐ICN,18h35m,1,ATL,6:40 pm – 12:45 am +1,Delta,ICN‐EWR,19h05m,1,ATL,5135,20220407-0548,fast
7:00 am – 4:20 pm +1,Korean Air,EWR‐ICN,20h20m,1,ATL,9:30 am – 2:00 pm,Korean Air,ICN‐EWR,17h30m,1,BOS,2508,20220407-0548,fast
8:45 am – 4:20 pm +1,Korean Air,EWR‐ICN,18h35m,1,ATL,9:20 am – 3:35 pm,Korean Air,ICN‐EWR,19h15m,1,ATL,2642,20220407-0548,fast
8:40 am – 4:25 pm +1,Korean Air,EWR‐ICN,18h45m,1,BOS,9:20 am – 3:35 pm,Korean Air,ICN‐EWR,19h15m,1,ATL,2508,20220407-0548,fast
