Out Time,Out Airline,Out Cities,Out Duration,Out Stops,Out Stop Cities,Return Time,Return Airline,Return Cities,Return Duration,Return Stops,Return Stop Cities,Price,timestamp,sort
8:00 pm – 4:00 pm +2,Air Canada,EWR‐ICN,31h00m,2,"YUL, YVR",5:50 pm – 7:45 am +1,Air Canada,ICN‐EWR,26h55m,2,"YVR, YQB",928,20220409-0414,cheap
9:05 am – 5:10 pm +1,Air Canada,EWR‐ICN,19h05m,1,YYZ,6:25 pm – 10:31 pm,Air Canada,ICN‐EWR,17h06m,1,YYZ,939,20220409-0414,cheap
6:25 am – 4:00 pm +1,Air Canada,EWR‐ICN,20h35m,2,"YYZ, YVR",6:25 pm – 10:31 pm,Air Canada,ICN‐EWR,17h06m,1,YYZ,939,20220409-0414,cheap
6:25 am – 5:10 pm +1,Air Canada,EWR‐ICN,21h45m,1,YYZ,6:25 pm – 10:31 pm,Air Canada,ICN‐EWR,17h06m,1,YYZ,939,20220409-0414,cheap
9:05 am – 5:10 pm +1,Air Canada,EWR‐ICN,19h05m,1,YYZ,6:25 pm – 7:58 am +1,Air Canada,ICN‐EWR,26h33m,1,YYZ,939,20220409-0414,cheap
9:05 am – 5:10 pm +1,Air Canada,EWR‐ICN,19h05m,1,YYZ,6:25 pm – 10:13 am +1,Air Canada,ICN‐EWR,28h48m,1,YYZ,939,20220409-0414,cheap
6:25 am – 5:10 pm +1,Air Canada,EWR‐ICN,21h45m,1,YYZ,6:25 pm – 7:58 am +1,Air Canada,ICN‐EWR,26h33m,1,YYZ,939,20220409-0414,cheap
9:00 pm – 4:00 pm +2,Air Canada,EWR‐ICN,30h00m,2,"YYZ, YVR",6:25 pm – 10:31 pm,Air Canada,ICN‐EWR,17h06m,1,YYZ,1037,20220409-0414,cheap
9:00 pm – 4:00 pm +2,Air Canada,EWR‐ICN,30h00m,2,"YYZ, YVR",6:25 pm – 10:31 pm,Air Canada,ICN‐EWR,17h06m,1,YYZ,1037,20220409-0414,cheap
9:56 am – 5:10 pm +1,"United Airlines, Air Canada",EWR‐ICN,18h14m,1,YYZ,6:25 pm – 8:07 am +1,"Air Canada, United Airlines",ICN‐EWR,26h42m,1,YYZ,1118,20220409-0414,cheap
7:12 am – 5:10 pm +1,"United Airlines, Air Canada",EWR‐ICN,20h58m,1,YYZ,6:25 pm – 8:07 am +1,"Air Canada, United Airlines",ICN‐EWR,26h42m,1,YYZ,1118,20220409-0414,cheap
7:09 am – 3:15 pm +1,American Airlines,EWR‐ICN,19h06m,1,DFW,5:25 pm – 1:03 am +1,American Airlines,ICN‐EWR,20h38m,1,DFW,1219,20220409-0414,cheap
5:20 am – 3:15 pm +1,American Airlines,EWR‐ICN,20h55m,1,DFW,5:25 pm – 1:03 am +1,American Airlines,ICN‐EWR,20h38m,1,DFW,1219,20220409-0414,cheap
7:09 am – 3:15 pm +1,American Airlines,EWR‐ICN,19h06m,1,DFW,5:25 pm – 7:48 am +1,American Airlines,ICN‐EWR,27h23m,2,"DFW, CLT",1222,20220409-0414,cheap
7:09 am – 3:15 pm +1,American Airlines,EWR‐ICN,19h06m,1,DFW,5:25 pm – 7:48 am +1,American Airlines,ICN‐EWR,27h23m,2,"DFW, CLT",1222,20220409-0414,cheap
9:05 am – 5:10 pm +1,Air Canada,EWR‐ICN,19h05m,1,YYZ,6:25 pm – 10:31 pm,Air Canada,ICN‐EWR,17h06m,1,YYZ,1016,20220409-0412,best
9:05 am – 5:10 pm +1,Air Canada,EWR‐ICN,19h05m,1,YYZ,6:25 pm – 10:31 pm,Air Canada,ICN‐EWR,17h06m,1,YYZ,939,20220409-0412,best
8:00 pm – 4:00 pm +2,Air Canada,EWR‐ICN,31h00m,2,"YUL, YVR",5:50 pm – 7:45 am +1,Air Canada,ICN‐EWR,26h55m,2,"YVR, YQB",928,20220409-0412,best
6:25 am – 4:00 pm +1,Air Canada,EWR‐ICN,20h35m,2,"YYZ, YVR",6:25 pm – 10:31 pm,Air Canada,ICN‐EWR,17h06m,1,YYZ,939,20220409-0412,best
6:25 am – 5:10 pm +1,Air Canada,EWR‐ICN,21h45m,1,YYZ,6:25 pm – 10:31 pm,Air Canada,ICN‐EWR,17h06m,1,YYZ,939,20220409-0412,best
9:56 am – 5:10 pm +1,"United Airlines, Air Canada",EWR‐ICN,18h14m,1,YYZ,6:25 pm – 10:58 pm,"Air Canada, United Airlines",ICN‐EWR,17h33m,1,YYZ,1317,20220409-0412,best
9:05 am – 5:10 pm +1,Air Canada,EWR‐ICN,19h05m,1,YYZ,6:25 pm – 7:58 am +1,Air Canada,ICN‐EWR,26h33m,1,YYZ,939,20220409-0412,best
7:09 am – 3:15 pm +1,American Airlines,EWR‐ICN,19h06m,1,DFW,5:25 pm – 1:03 am +1,American Airlines,ICN‐EWR,20h38m,1,DFW,1219,20220409-0412,best
7:09 am – 3:15 pm +1,American Airlines,EWR‐ICN,19h06m,1,DFW,5:25 pm – 11:01 pm,American Airlines,ICN‐EWR,18h36m,1,DFW,1315,20220409-0412,best
9:05 am – 5:10 pm +1,Air Canada,EWR‐ICN,19h05m,1,YYZ,6:25 pm – 10:13 am +1,Air Canada,ICN‐EWR,28h48m,1,YYZ,939,20220409-0412,best
6:25 am – 5:10 pm +1,Air Canada,EWR‐ICN,21h45m,1,YYZ,6:25 pm – 7:58 am +1,Air Canada,ICN‐EWR,26h33m,1,YYZ,939,20220409-0412,best
9:56 am – 5:10 pm +1,"United Airlines, Air Canada",EWR‐ICN,18h14m,1,YYZ,6:25 pm – 8:07 am +1,"Air Canada, United Airlines",ICN‐EWR,26h42m,1,YYZ,1118,20220409-0412,best
9:36 am – 4:30 pm +1,Korean Air,EWR‐ICN,17h54m,1,DTW,6:40 pm – 11:26 pm,Korean Air,ICN‐EWR,17h46m,1,ATL,1521,20220409-0412,best
8:05 am – 5:10 pm +1,"United Airlines, Air Canada",EWR‐ICN,20h05m,1,YYZ,6:25 pm – 10:58 pm,"Air Canada, United Airlines",ICN‐EWR,17h33m,1,YYZ,1437,20220409-0412,best
9:36 am – 4:30 pm +1,Korean Air,EWR‐ICN,17h54m,1,DTW,10:45 am – 3:58 pm,Korean Air,ICN‐EWR,18h13m,1,DTW,1521,20220409-0412,best
5:20 am – 3:15 pm +1,American Airlines,EWR‐ICN,20h55m,1,DFW,5:25 pm – 1:03 am +1,American Airlines,ICN‐EWR,20h38m,1,DFW,1219,20220409-0412,best
9:36 am – 4:30 pm +1,Delta,EWR‐ICN,17h54m,1,DTW,6:40 pm – 11:23 pm,Delta,ICN‐EWR,17h43m,1,ATL,1565,20220409-0412,best
9:36 am – 4:30 pm +1,"Delta, Korean Air",EWR‐ICN,17h54m,1,DTW,10:40 am – 2:52 pm,"Korean Air, American Airlines",ICN‐EWR,17h12m,1,ORD,3536,20220409-0417,fast
9:36 am – 4:30 pm +1,Delta,EWR‐ICN,17h54m,1,DTW,6:40 pm – 11:23 pm,Delta,ICN‐EWR,17h43m,1,ATL,1565,20220409-0417,fast
9:36 am – 4:30 pm +1,Korean Air,EWR‐ICN,17h54m,1,DTW,6:40 pm – 11:26 pm,Korean Air,ICN‐EWR,17h46m,1,ATL,1521,20220409-0417,fast
9:56 am – 5:10 pm +1,"United Airlines, Air Canada",EWR‐ICN,18h14m,1,YYZ,6:25 pm – 10:58 pm,"Air Canada, United Airlines",ICN‐EWR,17h33m,1,YYZ,1317,20220409-0417,fast
9:36 am – 4:30 pm +1,Delta,EWR‐ICN,17h54m,1,DTW,10:45 am – 3:57 pm,Delta,ICN‐EWR,18h12m,1,DTW,1565,20220409-0417,fast
9:36 am – 4:30 pm +1,Korean Air,EWR‐ICN,17h54m,1,DTW,10:45 am – 3:58 pm,Korean Air,ICN‐EWR,18h13m,1,DTW,1521,20220409-0417,fast
9:05 am – 5:10 pm +1,Air Canada,EWR‐ICN,19h05m,1,YYZ,6:25 pm – 10:31 pm,Air Canada,ICN‐EWR,17h06m,1,YYZ,939,20220409-0417,fast
9:36 am – 4:30 pm +1,Korean Air,EWR‐ICN,17h54m,1,DTW,4:40 pm – 10:00 pm,United Airlines,ICN‐EWR,18h20m,1,SFO,1456,20220409-0417,fast
9:05 am – 5:10 pm +1,Air Canada,EWR‐ICN,19h05m,1,YYZ,10:40 am – 2:52 pm,"Korean Air, American Airlines",ICN‐EWR,17h12m,1,ORD,3121,20220409-0417,fast
7:09 am – 3:15 pm +1,"American Airlines, Korean Air",EWR‐ICN,19h06m,1,DFW,10:40 am – 2:52 pm,"Korean Air, American Airlines",ICN‐EWR,17h12m,1,ORD,4186,20220409-0417,fast
7:00 am – 3:00 pm +1,Delta,EWR‐ICN,19h00m,1,ATL,6:40 pm – 11:23 pm,Delta,ICN‐EWR,17h43m,1,ATL,1565,20220409-0417,fast
9:36 am – 4:30 pm +1,Delta,EWR‐ICN,17h54m,1,DTW,6:40 pm – 12:45 am +1,Delta,ICN‐EWR,19h05m,1,ATL,1565,20220409-0417,fast
9:36 am – 4:30 pm +1,Korean Air,EWR‐ICN,17h54m,1,DTW,6:40 pm – 12:47 am +1,"Korean Air, Delta",ICN‐EWR,19h07m,1,ATL,1650,20220409-0417,fast
9:36 am – 4:30 pm +1,Korean Air,EWR‐ICN,17h54m,1,DTW,9:20 am – 3:35 pm,Korean Air,ICN‐EWR,19h15m,1,ATL,1957,20220409-0417,fast
7:00 am – 3:00 pm +1,Delta,EWR‐ICN,19h00m,1,ATL,10:45 am – 3:57 pm,Delta,ICN‐EWR,18h12m,1,DTW,1565,20220409-0417,fast
