Out Time,Out Airline,Out Cities,Out Duration,Out Stops,Out Stop Cities,Return Time,Return Airline,Return Cities,Return Duration,Return Stops,Return Stop Cities,Price,timestamp,sort
6:00 am – 4:15 pm +1,Air Canada,EWR‐ICN,21h15m,2,"YUL, YVR",6:40 pm – 10:01 pm,Air Canada,ICN‐EWR,16h21m,1,YYZ,1307,20220407-0001,cheap
6:00 am – 4:15 pm +1,Air Canada,EWR‐ICN,21h15m,2,"YUL, YVR",6:40 pm – 8:34 am +1,Air Canada,ICN‐EWR,26h54m,2,"YYZ, YUL",1307,20220407-0001,cheap
6:00 am – 4:15 pm +1,Air Canada,EWR‐ICN,21h15m,2,"YUL, YVR",6:40 pm – 8:34 am +1,Air Canada,ICN‐EWR,26h54m,2,"YYZ, YUL",1307,20220407-0001,cheap
6:00 am – 4:15 pm +1,Air Canada,EWR‐ICN,21h15m,2,"YUL, YVR",6:40 pm – 8:34 am +1,Air Canada,ICN‐EWR,26h54m,2,"YYZ, YUL",1307,20220407-0001,cheap
6:25 am – 4:15 pm +1,Air Canada,EWR‐ICN,20h50m,2,"YYZ, YVR",6:40 pm – 10:01 pm,Air Canada,ICN‐EWR,16h21m,1,YYZ,1313,20220407-0001,cheap
6:25 am – 4:15 pm +1,Air Canada,EWR‐ICN,20h50m,2,"YYZ, YVR",6:40 pm – 10:01 pm,Air Canada,ICN‐EWR,16h21m,1,YYZ,1313,20220407-0001,cheap
6:25 am – 4:15 pm +1,Air Canada,EWR‐ICN,20h50m,2,"YYZ, YVR",6:40 pm – 8:34 am +1,Air Canada,ICN‐EWR,26h54m,2,"YYZ, YUL",1313,20220407-0001,cheap
6:25 am – 4:15 pm +1,Air Canada,EWR‐ICN,20h50m,2,"YYZ, YVR",6:40 pm – 8:34 am +1,Air Canada,ICN‐EWR,26h54m,2,"YYZ, YUL",1313,20220407-0001,cheap
6:25 am – 4:15 pm +1,Air Canada,EWR‐ICN,20h50m,2,"YYZ, YVR",6:40 pm – 8:34 am +1,Air Canada,ICN‐EWR,26h54m,2,"YYZ, YUL",1313,20220407-0001,cheap
8:29 pm – 11:25 am +3,"Alaska Airlines, ZIPAIR",EWR‐ICN,49h56m,2,"LAX, NRT",1:30 am – 6:57 pm,"Qatar Airways, Amtrak",ICN‐EWR,30h27m,2,"DOH, PHL-PHL",1329,20220407-0001,cheap
8:58 pm – 5:10 pm +2,Air Canada,EWR‐ICN,31h12m,1,YYZ,6:40 pm – 10:01 pm,Air Canada,ICN‐EWR,16h21m,1,YYZ,1572,20220407-0001,cheap
8:00 am – 3:50 pm +1,"Delta, Korean Air",EWR‐ICN,18h50m,1,ATL,4:50 pm – 12:48 am +1,United Airlines,ICN‐EWR,20h58m,2,"SFO, LAX",1625,20220407-0001,cheap
6:00 am – 3:50 pm +1,"Delta, Korean Air",EWR‐ICN,20h50m,1,ATL,4:50 pm – 11:33 pm,United Airlines,ICN‐EWR,19h43m,2,"SFO, DEN",1625,20220407-0001,cheap
6:29 am – 2:55 pm +1,United Airlines,EWR‐ICN,19h26m,1,SFO,4:50 pm – 9:49 pm,United Airlines,ICN‐EWR,17h59m,1,SFO,1682,20220407-0001,cheap
5:00 am – 2:55 pm +1,United Airlines,EWR‐ICN,20h55m,2,"ORD, SFO",4:50 pm – 9:49 pm,United Airlines,ICN‐EWR,17h59m,1,SFO,1682,20220407-0001,cheap
8:58 pm – 5:10 pm +2,Air Canada,EWR‐ICN,31h12m,1,YYZ,6:40 pm – 10:01 pm,Air Canada,ICN‐EWR,16h21m,1,YYZ,1815,20220406-2359,best
6:25 am – 4:15 pm +1,Air Canada,EWR‐ICN,20h50m,2,"YYZ, YVR",6:40 pm – 10:01 pm,Air Canada,ICN‐EWR,16h21m,1,YYZ,1313,20220406-2359,best
6:00 am – 4:15 pm +1,Air Canada,EWR‐ICN,21h15m,2,"YUL, YVR",6:40 pm – 10:01 pm,Air Canada,ICN‐EWR,16h21m,1,YYZ,1307,20220406-2359,best
6:25 am – 4:15 pm +1,Air Canada,EWR‐ICN,20h50m,2,"YYZ, YVR",6:40 pm – 10:01 pm,Air Canada,ICN‐EWR,16h21m,1,YYZ,1313,20220406-2359,best
6:29 am – 2:55 pm +1,United Airlines,EWR‐ICN,19h26m,1,SFO,4:50 pm – 9:49 pm,United Airlines,ICN‐EWR,17h59m,1,SFO,1682,20220406-2359,best
6:29 am – 2:55 pm +1,United Airlines,EWR‐ICN,19h26m,1,SFO,4:50 pm – 11:33 pm,United Airlines,ICN‐EWR,19h43m,2,"SFO, DEN",1686,20220406-2359,best
6:29 am – 2:55 pm +1,United Airlines,EWR‐ICN,19h26m,1,SFO,4:50 pm – 12:49 am +1,United Airlines,ICN‐EWR,20h59m,1,SFO,1682,20220406-2359,best
6:29 am – 2:55 pm +1,United Airlines,EWR‐ICN,19h26m,1,SFO,4:50 pm – 11:42 pm,United Airlines,ICN‐EWR,19h52m,2,"SFO, IAD",1686,20220406-2359,best
5:00 am – 2:55 pm +1,United Airlines,EWR‐ICN,20h55m,2,"ORD, SFO",4:50 pm – 9:49 pm,United Airlines,ICN‐EWR,17h59m,1,SFO,1682,20220406-2359,best
6:29 am – 2:55 pm +1,United Airlines,EWR‐ICN,19h26m,1,SFO,4:50 pm – 12:45 am +1,United Airlines,ICN‐EWR,20h55m,2,"SFO, IAH",1686,20220406-2359,best
6:29 am – 2:55 pm +1,United Airlines,EWR‐ICN,19h26m,1,SFO,4:50 pm – 12:30 am +1,United Airlines,ICN‐EWR,20h40m,2,"SFO, ORD",1686,20220406-2359,best
6:29 am – 2:55 pm +1,United Airlines,EWR‐ICN,19h26m,1,SFO,4:50 pm – 12:48 am +1,United Airlines,ICN‐EWR,20h58m,2,"SFO, LAX",1686,20220406-2359,best
6:25 am – 4:15 pm +1,Air Canada,EWR‐ICN,20h50m,2,"YYZ, YVR",6:40 pm – 8:34 am +1,Air Canada,ICN‐EWR,26h54m,2,"YYZ, YUL",1313,20220406-2359,best
6:25 am – 4:15 pm +1,Air Canada,EWR‐ICN,20h50m,2,"YYZ, YVR",6:40 pm – 8:34 am +1,Air Canada,ICN‐EWR,26h54m,2,"YYZ, YUL",1313,20220406-2359,best
6:25 am – 4:15 pm +1,Air Canada,EWR‐ICN,20h50m,2,"YYZ, YVR",6:40 pm – 8:34 am +1,Air Canada,ICN‐EWR,26h54m,2,"YYZ, YUL",1313,20220406-2359,best
6:00 am – 4:15 pm +1,Air Canada,EWR‐ICN,21h15m,2,"YUL, YVR",6:40 pm – 8:34 am +1,Air Canada,ICN‐EWR,26h54m,2,"YYZ, YUL",1307,20220406-2359,best
11:25 am – 5:30 pm +1,"ANA, Korean Air",EWR‐ICN,17h05m,1,NRT,9:20 am – 3:14 pm,Korean Air,ICN‐EWR,18h54m,1,ATL,6355,20220407-0003,fast
9:30 am – 4:30 pm +1,Delta,EWR‐ICN,18h00m,1,DTW,1:55 pm – 7:30 pm,Delta,ICN‐EWR,18h35m,2,"SEA, DTW",2119,20220407-0003,fast
9:30 am – 4:30 pm +1,Korean Air,EWR‐ICN,18h00m,1,DTW,9:20 am – 3:14 pm,Korean Air,ICN‐EWR,18h54m,1,ATL,2355,20220407-0003,fast
6:25 am – 4:15 pm +1,Air Canada,EWR‐ICN,20h50m,2,"YYZ, YVR",6:40 pm – 10:01 pm,Air Canada,ICN‐EWR,16h21m,1,YYZ,1313,20220407-0003,fast
6:25 am – 4:15 pm +1,Air Canada,EWR‐ICN,20h50m,2,"YYZ, YVR",6:40 pm – 10:01 pm,Air Canada,ICN‐EWR,16h21m,1,YYZ,1313,20220407-0003,fast
9:30 am – 4:30 pm +1,Korean Air,EWR‐ICN,18h00m,1,DTW,2:40 pm – 8:53 pm,"Asiana Airlines, United Airlines",ICN‐EWR,19h13m,1,LAX,3518,20220407-0003,fast
6:29 am – 2:55 pm +1,United Airlines,EWR‐ICN,19h26m,1,SFO,4:50 pm – 9:49 pm,United Airlines,ICN‐EWR,17h59m,1,SFO,1682,20220407-0003,fast
8:00 am – 3:50 pm +1,Delta,EWR‐ICN,18h50m,1,ATL,1:55 pm – 7:30 pm,Delta,ICN‐EWR,18h35m,2,"SEA, DTW",2244,20220407-0003,fast
6:00 am – 4:15 pm +1,Air Canada,EWR‐ICN,21h15m,2,"YUL, YVR",6:40 pm – 10:01 pm,Air Canada,ICN‐EWR,16h21m,1,YYZ,1307,20220407-0003,fast
9:30 am – 4:30 pm +1,Korean Air,EWR‐ICN,18h00m,1,DTW,4:50 pm – 11:33 pm,United Airlines,ICN‐EWR,19h43m,2,"SFO, DEN",2048,20220407-0003,fast
8:00 am – 3:50 pm +1,"Delta, Korean Air",EWR‐ICN,18h50m,1,ATL,9:20 am – 3:14 pm,"Korean Air, Delta",ICN‐EWR,18h54m,1,ATL,2191,20220407-0003,fast
8:00 am – 4:20 pm +1,Korean Air,EWR‐ICN,19h20m,1,ATL,9:20 am – 3:14 pm,Korean Air,ICN‐EWR,18h54m,1,ATL,2421,20220407-0003,fast
9:30 am – 4:30 pm +1,Korean Air,EWR‐ICN,18h00m,1,DTW,9:20 am – 4:43 pm,Korean Air,ICN‐EWR,20h23m,1,ATL,2421,20220407-0003,fast
7:00 am – 3:50 pm +1,Delta,EWR‐ICN,19h50m,1,ATL,1:55 pm – 7:30 pm,Delta,ICN‐EWR,18h35m,2,"SEA, DTW",2244,20220407-0003,fast
8:00 am – 3:50 pm +1,"Delta, Korean Air",EWR‐ICN,18h50m,1,ATL,10:00 am – 4:40 pm,ANA,ICN‐EWR,19h40m,1,NRT,3659,20220407-0003,fast
