Out Time,Out Airline,Out Cities,Out Duration,Out Stops,Out Stop Cities,Return Time,Return Airline,Return Cities,Return Duration,Return Stops,Return Stop Cities,Price,timestamp,sort
11:35 am – 12:35 am +2,ANA,EWR‐SIN,25h00m,1,NRT,6:10 am – 4:40 pm,ANA,SIN‐EWR,22h30m,1,NRT,1060,20220407-1153,cheap
7:00 am – 12:35 am +2,ANA,EWR‐SIN,29h35m,2,"LAX, NRT",6:10 am – 4:40 pm,ANA,SIN‐EWR,22h30m,1,NRT,1060,20220407-1153,cheap
8:00 pm – 12:35 am +3,ANA,EWR‐SIN,40h35m,2,"LAX, NRT",6:10 am – 4:40 pm,ANA,SIN‐EWR,22h30m,1,NRT,1064,20220407-1153,cheap
10:55 am – 12:35 am +2,ANA,EWR‐SIN,25h40m,1,HND-NRT,6:10 am – 4:40 pm,ANA,SIN‐EWR,22h30m,1,NRT,1069,20220407-1153,cheap
11:35 am – 12:35 am +2,ANA,EWR‐SIN,25h00m,1,NRT,10:10 pm – 5:10 pm +1,ANA,SIN‐EWR,31h00m,1,HND,1163,20220407-1153,cheap
7:00 am – 12:35 am +2,ANA,EWR‐SIN,29h35m,2,"LAX, NRT",10:10 pm – 5:10 pm +1,ANA,SIN‐EWR,31h00m,1,HND,1171,20220407-1153,cheap
11:35 am – 12:35 am +2,ANA,EWR‐SIN,25h00m,1,NRT,10:10 pm – 9:33 pm +1,ANA,SIN‐EWR,35h23m,2,"HND, ORD",1177,20220407-1153,cheap
11:35 am – 12:35 am +2,ANA,EWR‐SIN,25h00m,1,NRT,10:10 pm – 10:08 pm +1,ANA,SIN‐EWR,35h58m,2,"HND, SFO",1177,20220407-1153,cheap
11:35 am – 12:35 am +2,ANA,EWR‐SIN,25h00m,1,NRT,10:10 pm – 10:38 pm +1,ANA,SIN‐EWR,36h28m,2,"HND, LAX",1177,20220407-1153,cheap
11:35 am – 12:35 am +2,ANA,EWR‐SIN,25h00m,1,NRT,10:10 pm – 11:23 pm +1,ANA,SIN‐EWR,37h13m,2,"HND, LAX",1177,20220407-1153,cheap
7:00 am – 12:35 am +2,ANA,EWR‐SIN,29h35m,2,"LAX, NRT",10:10 pm – 4:40 pm +1,ANA,SIN‐EWR,30h30m,1,HND-NRT,1181,20220407-1153,cheap
10:55 am – 12:35 am +2,ANA,EWR‐SIN,25h40m,1,HND-NRT,10:10 pm – 5:10 pm +1,ANA,SIN‐EWR,31h00m,1,HND,1182,20220407-1153,cheap
11:35 am – 12:35 am +2,ANA,EWR‐SIN,25h00m,1,NRT,10:10 pm – 4:40 pm +1,ANA,SIN‐EWR,30h30m,1,HND-NRT,1183,20220407-1153,cheap
10:55 am – 12:35 am +2,ANA,EWR‐SIN,25h40m,1,HND-NRT,10:10 pm – 9:33 pm +1,ANA,SIN‐EWR,35h23m,2,"HND, ORD",1186,20220407-1153,cheap
10:55 am – 12:35 am +2,ANA,EWR‐SIN,25h40m,1,HND-NRT,10:10 pm – 10:08 pm +1,ANA,SIN‐EWR,35h58m,2,"HND, SFO",1186,20220407-1153,cheap
11:35 am – 12:35 am +2,ANA,EWR‐SIN,25h00m,1,NRT,10:10 pm – 5:10 pm +1,ANA,SIN‐EWR,31h00m,1,HND,1163,20220407-1150,best
11:35 am – 12:35 am +2,ANA,EWR‐SIN,25h00m,1,NRT,6:10 am – 4:40 pm,ANA,SIN‐EWR,22h30m,1,NRT,1060,20220407-1150,best
10:55 am – 12:35 am +2,ANA,EWR‐SIN,25h40m,1,HND-NRT,6:10 am – 4:40 pm,ANA,SIN‐EWR,22h30m,1,NRT,1069,20220407-1150,best
10:25 am – 5:10 pm +1,Singapore Airlines,EWR‐SIN,18h45m,0,,11:35 pm – 6:00 am +1,Singapore Airlines,SIN‐EWR,18h25m,0,,1506,20220407-1150,best
6:00 pm – 6:15 am +2,United Airlines,EWR‐SIN,24h15m,1,SFO,6:10 am – 4:40 pm,"ANA, United Airlines",SIN‐EWR,22h30m,1,NRT,1258,20220407-1150,best
7:00 am – 12:35 am +2,ANA,EWR‐SIN,29h35m,2,"LAX, NRT",6:10 am – 4:40 pm,ANA,SIN‐EWR,22h30m,1,NRT,1060,20220407-1150,best
8:00 am – 12:35 am +2,ANA,EWR‐SIN,28h35m,2,"SFO, NRT",6:10 am – 4:40 pm,ANA,SIN‐EWR,22h30m,1,NRT,1273,20220407-1150,best
6:00 pm – 6:15 am +2,United Airlines,EWR‐SIN,24h15m,1,SFO,6:10 am – 10:38 pm,United Airlines,SIN‐EWR,28h28m,2,"NRT, LAX",1285,20220407-1150,best
6:00 pm – 6:15 am +2,United Airlines,EWR‐SIN,24h15m,1,SFO,8:45 am – 1:23 am +1,United Airlines,SIN‐EWR,28h38m,2,"SFO, LAX",1293,20220407-1150,best
7:59 am – 12:35 am +2,ANA,EWR‐SIN,28h36m,2,"ORD, NRT",6:10 am – 4:40 pm,ANA,SIN‐EWR,22h30m,1,NRT,1326,20220407-1150,best
6:00 pm – 6:15 am +2,United Airlines,EWR‐SIN,24h15m,1,SFO,10:10 pm – 5:10 pm +1,"ANA, United Airlines",SIN‐EWR,31h00m,1,HND,1192,20220407-1150,best
11:35 am – 12:35 am +2,ANA,EWR‐SIN,25h00m,1,NRT,10:10 pm – 5:10 pm +1,ANA,SIN‐EWR,31h00m,1,HND,1163,20220407-1150,best
6:00 pm – 6:15 am +2,United Airlines,EWR‐SIN,24h15m,1,SFO,6:10 am – 11:23 pm,United Airlines,SIN‐EWR,29h13m,2,"NRT, LAX",1285,20220407-1150,best
11:35 am – 12:35 am +2,ANA,EWR‐SIN,25h00m,1,NRT,10:10 pm – 4:40 pm +1,ANA,SIN‐EWR,30h30m,1,HND-NRT,1183,20220407-1150,best
11:35 am – 12:35 am +2,United Airlines,EWR‐SIN,25h00m,1,NRT,6:10 am – 10:38 pm,United Airlines,SIN‐EWR,28h28m,2,"NRT, LAX",1294,20220407-1150,best
7:00 am – 12:35 am +2,ANA,EWR‐SIN,29h35m,2,"LAX, NRT",6:10 am – 4:40 pm,ANA,SIN‐EWR,22h30m,1,NRT,1326,20220407-1150,best
10:25 am – 5:10 pm +1,Singapore Airlines,EWR‐SIN,18h45m,0,,11:35 pm – 6:00 am +1,Singapore Airlines,SIN‐EWR,18h25m,0,,1506,20220407-1155,fast
10:25 am – 5:10 pm +1,Singapore Airlines,EWR‐SIN,18h45m,0,,7:00 am – 4:49 pm,"Singapore Airlines, Air Canada",SIN‐EWR,21h49m,1,YVR,7249,20220407-1155,fast
6:00 pm – 6:15 am +2,United Airlines,EWR‐SIN,24h15m,1,SFO,11:35 pm – 6:00 am +1,Singapore Airlines,SIN‐EWR,18h25m,0,,1539,20220407-1155,fast
10:25 am – 5:10 pm +1,Singapore Airlines,EWR‐SIN,18h45m,0,,6:40 pm – 6:59 am +1,Singapore Airlines,SIN‐EWR,24h19m,1,SFO,1805,20220407-1155,fast
11:35 am – 12:35 am +2,ANA,EWR‐SIN,25h00m,1,NRT,11:35 pm – 6:00 am +1,Singapore Airlines,SIN‐EWR,18h25m,0,,1937,20220407-1155,fast
10:55 am – 12:35 am +2,ANA,EWR‐SIN,25h40m,1,HND-NRT,11:35 pm – 6:00 am +1,Singapore Airlines,SIN‐EWR,18h25m,0,,1947,20220407-1155,fast
3:59 pm – 5:45 am +2,Singapore Airlines,EWR‐SIN,25h46m,1,SFO,11:35 pm – 6:00 am +1,Singapore Airlines,SIN‐EWR,18h25m,0,,2168,20220407-1155,fast
6:45 pm – 8:55 am +2,"JetBlue, Qatar Airways",EWR‐SIN,26h10m,2,"BOS, DOH",11:35 pm – 6:00 am +1,Singapore Airlines,SIN‐EWR,18h25m,0,,1778,20220407-1155,fast
9:26 am – 12:20 am +2,"JetBlue, Japan Airlines",EWR‐SIN,26h54m,2,"BOS, NRT",11:35 pm – 6:00 am +1,Singapore Airlines,SIN‐EWR,18h25m,0,,1496,20220407-1155,fast
8:55 pm – 7:00 am +2,Lufthansa,EWR‐SIN,22h05m,1,MUC,1:25 am – 1:10 pm,SWISS,SIN‐EWR,23h45m,1,ZRH,2330,20220407-1155,fast
9:00 am – 1:15 am +2,Singapore Airlines,EWR‐SIN,28h15m,2,"LAX, NRT",11:35 pm – 6:00 am +1,Singapore Airlines,SIN‐EWR,18h25m,0,,1649,20220407-1155,fast
6:00 pm – 6:15 am +2,United Airlines,EWR‐SIN,24h15m,1,SFO,6:10 am – 4:40 pm,"ANA, United Airlines",SIN‐EWR,22h30m,1,NRT,1258,20220407-1155,fast
4:26 pm – 8:55 am +2,"JetBlue, Qatar Airways",EWR‐SIN,28h29m,2,"BOS, DOH",11:35 pm – 6:00 am +1,Singapore Airlines,SIN‐EWR,18h25m,0,,1778,20220407-1155,fast
7:30 pm – 6:50 am +2,Lufthansa,EWR‐SIN,23h20m,1,FRA,1:25 am – 1:10 pm,SWISS,SIN‐EWR,23h45m,1,ZRH,2347,20220407-1155,fast
7:30 pm – 6:50 am +2,Lufthansa,EWR‐SIN,23h20m,1,FRA,12:30 am – 12:25 pm,Lufthansa,SIN‐EWR,23h55m,1,MUC,2668,20220407-1155,fast
