Out Time,Out Airline,Out Cities,Out Duration,Out Stops,Out Stop Cities,Return Time,Return Airline,Return Cities,Return Duration,Return Stops,Return Stop Cities,Price,timestamp,sort
8:00 pm – 4:00 pm +2,Air Canada,EWR‐ICN,31h00m,2,"YUL, YVR",6:40 pm – 2:54 pm +1,Air Canada,ICN‐EWR,33h14m,2,"YYZ-YTZ, YUL",1253,20220406-0809,cheap
9:00 pm – 5:10 pm +2,Air Canada,EWR‐ICN,31h10m,1,YYZ,6:40 pm – 10:31 pm,Air Canada,ICN‐EWR,16h51m,1,YYZ,1264,20220406-0809,cheap
9:00 pm – 4:00 pm +2,Air Canada,EWR‐ICN,30h00m,2,"YYZ, YVR",6:40 pm – 10:31 pm,Air Canada,ICN‐EWR,16h51m,1,YYZ,1286,20220406-0809,cheap
9:00 pm – 4:00 pm +2,Air Canada,EWR‐ICN,30h00m,2,"YYZ, YVR",6:40 pm – 10:31 pm,Air Canada,ICN‐EWR,16h51m,1,YYZ,1286,20220406-0809,cheap
6:25 am – 4:00 pm +1,Air Canada,EWR‐ICN,20h35m,2,"YYZ, YVR",6:40 pm – 10:31 pm,Air Canada,ICN‐EWR,16h51m,1,YYZ,1301,20220406-0809,cheap
6:25 am – 4:00 pm +1,Air Canada,EWR‐ICN,20h35m,2,"YYZ, YVR",6:40 pm – 7:56 am +1,Air Canada,ICN‐EWR,26h16m,1,YYZ,1568,20220406-0809,cheap
6:25 am – 4:00 pm +1,Air Canada,EWR‐ICN,20h35m,2,"YYZ, YVR",6:40 pm – 7:40 am +1,Air Canada,ICN‐EWR,26h00m,2,"YYZ, YUL",1762,20220406-0809,cheap
6:25 am – 4:00 pm +1,Air Canada,EWR‐ICN,20h35m,2,"YYZ, YVR",6:40 pm – 7:40 am +1,Air Canada,ICN‐EWR,26h00m,2,"YYZ, YUL",1762,20220406-0809,cheap
5:00 am – 2:45 pm +1,United Airlines,EWR‐ICN,20h45m,2,"ORD, SFO",4:40 pm – 1:58 am +1,United Airlines,ICN‐EWR,22h18m,1,SFO,1782,20220406-0809,cheap
9:59 pm – 2:45 pm +2,United Airlines,EWR‐ICN,27h46m,2,"IAD, SFO",4:40 pm – 10:08 pm,United Airlines,ICN‐EWR,18h28m,1,SFO,1790,20220406-0809,cheap
9:00 pm – 2:45 pm +2,United Airlines,EWR‐ICN,28h45m,1,SFO,4:40 pm – 10:08 pm,United Airlines,ICN‐EWR,18h28m,1,SFO,1790,20220406-0809,cheap
8:15 pm – 2:45 pm +2,United Airlines,EWR‐ICN,29h30m,2,"DEN, SFO",4:40 pm – 10:08 pm,United Airlines,ICN‐EWR,18h28m,1,SFO,1790,20220406-0809,cheap
8:15 pm – 2:45 pm +2,United Airlines,EWR‐ICN,29h30m,2,"DEN, SFO",4:40 pm – 10:08 pm,United Airlines,ICN‐EWR,18h28m,1,SFO,1790,20220406-0809,cheap
9:59 pm – 2:45 pm +2,United Airlines,EWR‐ICN,27h46m,2,"IAD, SFO",4:40 pm – 11:58 pm,United Airlines,ICN‐EWR,20h18m,1,SFO,1790,20220406-0809,cheap
8:00 pm – 2:45 pm +2,United Airlines,EWR‐ICN,29h45m,1,SFO,4:40 pm – 10:08 pm,United Airlines,ICN‐EWR,18h28m,1,SFO,1790,20220406-0809,cheap
9:00 pm – 5:10 pm +2,Air Canada,EWR‐ICN,31h10m,1,YYZ,6:40 pm – 10:31 pm,Air Canada,ICN‐EWR,16h51m,1,YYZ,1406,20220406-0807,best
6:25 am – 4:00 pm +1,Air Canada,EWR‐ICN,20h35m,2,"YYZ, YVR",6:40 pm – 10:31 pm,Air Canada,ICN‐EWR,16h51m,1,YYZ,1301,20220406-0807,best
8:00 pm – 4:00 pm +2,Air Canada,EWR‐ICN,31h00m,2,"YUL, YVR",6:40 pm – 2:54 pm +1,Air Canada,ICN‐EWR,33h14m,2,"YYZ-YTZ, YUL",1253,20220406-0807,best
6:00 am – 2:45 pm +1,United Airlines,EWR‐ICN,19h45m,1,SFO,4:40 pm – 10:08 pm,United Airlines,ICN‐EWR,18h28m,1,SFO,1840,20220406-0807,best
7:00 am – 3:00 pm +1,Korean Air,EWR‐ICN,19h00m,1,ATL,10:45 am – 3:57 pm,Korean Air,ICN‐EWR,18h12m,1,DTW,2003,20220406-0807,best
7:00 am – 3:00 pm +1,Korean Air,EWR‐ICN,19h00m,1,ATL,6:40 pm – 10:31 pm,Air Canada,ICN‐EWR,16h51m,1,YYZ,2126,20220406-0807,best
6:00 am – 2:45 pm +1,United Airlines,EWR‐ICN,19h45m,1,SFO,4:40 pm – 11:58 pm,United Airlines,ICN‐EWR,20h18m,1,SFO,1840,20220406-0807,best
9:00 pm – 5:10 pm +2,Air Canada,EWR‐ICN,31h10m,1,YYZ,6:40 pm – 10:31 pm,Air Canada,ICN‐EWR,16h51m,1,YYZ,1264,20220406-0807,best
9:00 pm – 4:00 pm +2,Air Canada,EWR‐ICN,30h00m,2,"YYZ, YVR",6:40 pm – 10:31 pm,Air Canada,ICN‐EWR,16h51m,1,YYZ,1286,20220406-0807,best
9:00 pm – 4:00 pm +2,Air Canada,EWR‐ICN,30h00m,2,"YYZ, YVR",6:40 pm – 10:31 pm,Air Canada,ICN‐EWR,16h51m,1,YYZ,1286,20220406-0807,best
6:00 am – 2:45 pm +1,United Airlines,EWR‐ICN,19h45m,1,SFO,4:40 pm – 12:53 am +1,United Airlines,ICN‐EWR,21h13m,1,SFO,1840,20220406-0807,best
8:45 am – 4:20 pm +1,Korean Air,EWR‐ICN,18h35m,1,ATL,10:45 am – 3:57 pm,Korean Air,ICN‐EWR,18h12m,1,DTW,2185,20220406-0807,best
6:59 am – 3:15 pm +1,American Airlines,EWR‐ICN,19h16m,1,DFW,5:25 pm – 11:26 pm,American Airlines,ICN‐EWR,19h01m,1,DFW,2080,20220406-0807,best
6:00 am – 2:45 pm +1,United Airlines,EWR‐ICN,19h45m,1,SFO,4:40 pm – 1:58 am +1,United Airlines,ICN‐EWR,22h18m,1,SFO,1840,20220406-0807,best
5:00 am – 2:45 pm +1,United Airlines,EWR‐ICN,20h45m,2,"ORD, SFO",4:40 pm – 10:08 pm,United Airlines,ICN‐EWR,18h28m,1,SFO,1840,20220406-0807,best
7:00 am – 3:00 pm +1,Korean Air,EWR‐ICN,19h00m,1,ATL,9:20 am – 3:35 pm,Korean Air,ICN‐EWR,19h15m,1,ATL,2122,20220406-0807,best
7:00 am – 4:20 pm +1,Korean Air,EWR‐ICN,20h20m,1,ATL,10:45 am – 3:57 pm,Korean Air,ICN‐EWR,18h12m,1,DTW,2185,20220406-0807,best
8:45 am – 4:20 pm +1,Korean Air,EWR‐ICN,18h35m,1,ATL,6:40 pm – 10:31 pm,Air Canada,ICN‐EWR,16h51m,1,YYZ,2365,20220406-0811,fast
7:00 am – 3:00 pm +1,Korean Air,EWR‐ICN,19h00m,1,ATL,6:40 pm – 10:31 pm,Air Canada,ICN‐EWR,16h51m,1,YYZ,2126,20220406-0811,fast
8:45 am – 4:20 pm +1,Korean Air,EWR‐ICN,18h35m,1,ATL,10:45 am – 3:57 pm,Korean Air,ICN‐EWR,18h12m,1,DTW,2185,20220406-0811,fast
8:45 am – 4:20 pm +1,Korean Air,EWR‐ICN,18h35m,1,ATL,8:40 pm – 1:58 am +1,Asiana Airlines,ICN‐EWR,18h18m,1,SFO,3023,20220406-0811,fast
7:00 am – 3:00 pm +1,Korean Air,EWR‐ICN,19h00m,1,ATL,10:45 am – 3:57 pm,Korean Air,ICN‐EWR,18h12m,1,DTW,2003,20220406-0811,fast
7:00 am – 3:00 pm +1,Korean Air,EWR‐ICN,19h00m,1,ATL,8:40 pm – 1:58 am +1,Asiana Airlines,ICN‐EWR,18h18m,1,SFO,2758,20220406-0811,fast
6:25 am – 4:00 pm +1,Air Canada,EWR‐ICN,20h35m,2,"YYZ, YVR",6:40 pm – 10:31 pm,Air Canada,ICN‐EWR,16h51m,1,YYZ,1301,20220406-0811,fast
8:45 am – 4:20 pm +1,Korean Air,EWR‐ICN,18h35m,1,ATL,9:20 am – 3:35 pm,Korean Air,ICN‐EWR,19h15m,1,ATL,2304,20220406-0811,fast
8:45 am – 4:20 pm +1,Korean Air,EWR‐ICN,18h35m,1,ATL,9:35 am – 3:51 pm,"Korean Air, Air Canada",ICN‐EWR,19h16m,1,YYZ,2960,20220406-0811,fast
6:25 am – 3:15 pm +1,Delta,EWR‐ICN,19h50m,2,"MSP, SEA",10:45 am – 3:57 pm,Delta,ICN‐EWR,18h12m,1,DTW,2293,20220406-0811,fast
6:00 am – 4:20 pm +1,"Delta, Korean Air",EWR‐ICN,21h20m,1,ATL,6:40 pm – 10:31 pm,Air Canada,ICN‐EWR,16h51m,1,YYZ,2504,20220406-0811,fast
6:00 am – 2:45 pm +1,United Airlines,EWR‐ICN,19h45m,1,SFO,4:40 pm – 10:08 pm,United Airlines,ICN‐EWR,18h28m,1,SFO,1840,20220406-0811,fast
7:00 am – 3:00 pm +1,Korean Air,EWR‐ICN,19h00m,1,ATL,9:20 am – 3:35 pm,Korean Air,ICN‐EWR,19h15m,1,ATL,2122,20220406-0811,fast
7:00 am – 3:00 pm +1,Korean Air,EWR‐ICN,19h00m,1,ATL,9:35 am – 3:51 pm,"Korean Air, Air Canada",ICN‐EWR,19h16m,1,YYZ,2711,20220406-0811,fast
6:59 am – 3:15 pm +1,American Airlines,EWR‐ICN,19h16m,1,DFW,5:25 pm – 11:26 pm,American Airlines,ICN‐EWR,19h01m,1,DFW,2080,20220406-0811,fast
