Out Time,Out Airline,Out Cities,Out Duration,Out Stops,Out Stop Cities,Return Time,Return Airline,Return Cities,Return Duration,Return Stops,Return Stop Cities,Price,timestamp,sort
8:00 pm – 4:00 pm +2,Air Canada,EWR‐ICN,31h00m,2,"YUL, YVR",6:40 pm – 10:31 pm,Air Canada,ICN‐EWR,16h51m,1,YYZ,1643,20220407-0631,cheap
9:00 pm – 4:00 pm +2,Air Canada,EWR‐ICN,30h00m,2,"YYZ, YVR",6:40 pm – 10:31 pm,Air Canada,ICN‐EWR,16h51m,1,YYZ,1671,20220407-0631,cheap
8:55 pm – 8:45 am +2,Lufthansa,EWR‐ICN,22h50m,1,MUC,10:15 am – 7:10 pm,Lufthansa,ICN‐EWR,21h55m,1,MUC,1797,20220407-0631,cheap
5:30 pm – 8:45 am +2,Lufthansa,EWR‐ICN,26h15m,1,MUC,10:15 am – 7:10 pm,Lufthansa,ICN‐EWR,21h55m,1,MUC,1815,20220407-0631,cheap
6:25 am – 4:00 pm +1,Air Canada,EWR‐ICN,20h35m,2,"YYZ, YVR",6:40 pm – 10:31 pm,Air Canada,ICN‐EWR,16h51m,1,YYZ,1827,20220407-0631,cheap
9:00 pm – 5:10 pm +2,Air Canada,EWR‐ICN,31h10m,1,YYZ,6:40 pm – 10:31 pm,Air Canada,ICN‐EWR,16h51m,1,YYZ,1954,20220407-0631,cheap
7:50 pm – 6:25 am +2,LOT,EWR‐ICN,21h35m,1,WAW,4:40 pm – 10:08 pm,United Airlines,ICN‐EWR,18h28m,1,SFO,2058,20220407-0631,cheap
9:00 pm – 2:45 pm +2,United Airlines,EWR‐ICN,28h45m,1,SFO,4:40 pm – 10:08 pm,United Airlines,ICN‐EWR,18h28m,1,SFO,2091,20220407-0631,cheap
8:00 pm – 2:45 pm +2,United Airlines,EWR‐ICN,29h45m,1,SFO,4:40 pm – 10:08 pm,United Airlines,ICN‐EWR,18h28m,1,SFO,2091,20220407-0631,cheap
6:25 am – 4:00 pm +1,Air Canada,EWR‐ICN,20h35m,2,"YYZ, YVR",10:35 am – 8:24 pm,"Jeju Air, Air Canada",ICN‐EWR,22h49m,2,"NRT, YUL",2122,20220407-0631,cheap
6:00 am – 2:45 pm +1,United Airlines,EWR‐ICN,19h45m,1,SFO,4:40 pm – 1:58 am +1,United Airlines,ICN‐EWR,22h18m,1,SFO,2140,20220407-0631,cheap
5:00 am – 2:45 pm +1,United Airlines,EWR‐ICN,20h45m,2,"ORD, SFO",4:40 pm – 1:58 am +1,United Airlines,ICN‐EWR,22h18m,1,SFO,2140,20220407-0631,cheap
6:00 am – 2:45 pm +1,United Airlines,EWR‐ICN,19h45m,1,SFO,4:40 pm – 5:17 am +1,United Airlines,ICN‐EWR,25h37m,2,"SFO, DEN",2144,20220407-0631,cheap
5:00 am – 2:45 pm +1,United Airlines,EWR‐ICN,20h45m,2,"ORD, SFO",4:40 pm – 5:17 am +1,United Airlines,ICN‐EWR,25h37m,2,"SFO, DEN",2144,20220407-0631,cheap
7:00 am – 3:00 pm +1,Korean Air,EWR‐ICN,19h00m,1,ATL,4:40 pm – 10:08 pm,United Airlines,ICN‐EWR,18h28m,1,SFO,2189,20220407-0631,cheap
7:00 am – 3:00 pm +1,Korean Air,EWR‐ICN,19h00m,1,ATL,10:45 am – 3:57 pm,Korean Air,ICN‐EWR,18h12m,1,DTW,2368,20220407-0628,best
6:25 am – 4:00 pm +1,Air Canada,EWR‐ICN,20h35m,2,"YYZ, YVR",6:40 pm – 10:31 pm,Air Canada,ICN‐EWR,16h51m,1,YYZ,1827,20220407-0628,best
8:00 pm – 4:00 pm +2,Air Canada,EWR‐ICN,31h00m,2,"YUL, YVR",6:40 pm – 10:31 pm,Air Canada,ICN‐EWR,16h51m,1,YYZ,1643,20220407-0628,best
7:00 am – 3:00 pm +1,Korean Air,EWR‐ICN,19h00m,1,ATL,10:45 am – 3:57 pm,Korean Air,ICN‐EWR,18h12m,1,DTW,2323,20220407-0628,best
8:55 pm – 8:45 am +2,Lufthansa,EWR‐ICN,22h50m,1,MUC,10:15 am – 7:10 pm,Lufthansa,ICN‐EWR,21h55m,1,MUC,1797,20220407-0628,best
6:00 am – 3:00 pm +1,"Delta, Korean Air",EWR‐ICN,20h00m,1,ATL,10:45 am – 3:57 pm,"Korean Air, Delta",ICN‐EWR,18h12m,1,DTW,2454,20220407-0628,best
8:45 am – 4:20 pm +1,Korean Air,EWR‐ICN,18h35m,1,ATL,10:45 am – 3:57 pm,Korean Air,ICN‐EWR,18h12m,1,DTW,2603,20220407-0628,best
6:00 am – 2:45 pm +1,United Airlines,EWR‐ICN,19h45m,1,SFO,4:40 pm – 1:58 am +1,United Airlines,ICN‐EWR,22h18m,1,SFO,2140,20220407-0628,best
6:25 am – 3:15 pm +1,Delta,EWR‐ICN,19h50m,2,"MSP, SEA",10:45 am – 3:57 pm,Delta,ICN‐EWR,18h12m,1,DTW,2419,20220407-0628,best
9:00 pm – 4:00 pm +2,Air Canada,EWR‐ICN,30h00m,2,"YYZ, YVR",6:40 pm – 10:31 pm,Air Canada,ICN‐EWR,16h51m,1,YYZ,1671,20220407-0628,best
7:00 am – 3:00 pm +1,Delta,EWR‐ICN,19h00m,1,ATL,2:30 pm – 10:59 pm,Delta,ICN‐EWR,21h29m,2,"LAX, DTW",2269,20220407-0628,best
7:00 am – 3:00 pm +1,Korean Air,EWR‐ICN,19h00m,1,ATL,9:20 am – 3:35 pm,Korean Air,ICN‐EWR,19h15m,1,ATL,2563,20220407-0628,best
7:00 am – 3:00 pm +1,Delta,EWR‐ICN,19h00m,1,ATL,2:30 pm – 11:23 pm,Delta,ICN‐EWR,21h53m,2,"LAX, ATL",2269,20220407-0628,best
5:30 pm – 8:45 am +2,Lufthansa,EWR‐ICN,26h15m,1,MUC,10:15 am – 7:10 pm,Lufthansa,ICN‐EWR,21h55m,1,MUC,1815,20220407-0628,best
6:00 am – 3:00 pm +1,Delta,EWR‐ICN,20h00m,1,ATL,2:30 pm – 10:59 pm,Delta,ICN‐EWR,21h29m,2,"LAX, DTW",2269,20220407-0628,best
7:00 am – 4:20 pm +1,Korean Air,EWR‐ICN,20h20m,1,ATL,10:45 am – 3:57 pm,Korean Air,ICN‐EWR,18h12m,1,DTW,2603,20220407-0628,best
8:45 am – 4:20 pm +1,Korean Air,EWR‐ICN,18h35m,1,ATL,10:45 am – 3:57 pm,Korean Air,ICN‐EWR,18h12m,1,DTW,2603,20220407-0633,fast
6:00 am – 3:00 pm +1,"Delta, Korean Air",EWR‐ICN,20h00m,1,ATL,6:40 pm – 10:31 pm,Air Canada,ICN‐EWR,16h51m,1,YYZ,3314,20220407-0633,fast
8:45 am – 4:20 pm +1,Korean Air,EWR‐ICN,18h35m,1,ATL,8:40 pm – 1:58 am +1,"Asiana Airlines, United Airlines",ICN‐EWR,18h18m,1,SFO,3017,20220407-0633,fast
8:45 am – 4:20 pm +1,Korean Air,EWR‐ICN,18h35m,1,ATL,4:40 pm – 10:08 pm,United Airlines,ICN‐EWR,18h28m,1,SFO,2501,20220407-0633,fast
7:00 am – 3:00 pm +1,Korean Air,EWR‐ICN,19h00m,1,ATL,10:45 am – 3:57 pm,Korean Air,ICN‐EWR,18h12m,1,DTW,2323,20220407-0633,fast
7:00 am – 3:00 pm +1,Korean Air,EWR‐ICN,19h00m,1,ATL,8:40 pm – 1:58 am +1,"Asiana Airlines, United Airlines",ICN‐EWR,18h18m,1,SFO,2705,20220407-0633,fast
6:25 am – 4:00 pm +1,Air Canada,EWR‐ICN,20h35m,2,"YYZ, YVR",6:40 pm – 10:31 pm,Air Canada,ICN‐EWR,16h51m,1,YYZ,1827,20220407-0633,fast
7:00 am – 3:00 pm +1,Korean Air,EWR‐ICN,19h00m,1,ATL,4:40 pm – 10:08 pm,United Airlines,ICN‐EWR,18h28m,1,SFO,2189,20220407-0633,fast
8:45 am – 4:20 pm +1,Korean Air,EWR‐ICN,18h35m,1,ATL,9:20 am – 3:35 pm,Korean Air,ICN‐EWR,19h15m,1,ATL,2737,20220407-0633,fast
8:45 am – 4:20 pm +1,Korean Air,EWR‐ICN,18h35m,1,ATL,9:35 am – 3:51 pm,"Korean Air, Air Canada",ICN‐EWR,19h16m,1,YYZ,4686,20220407-0633,fast
7:00 am – 3:00 pm +1,Korean Air,EWR‐ICN,19h00m,1,ATL,5:25 pm – 11:26 pm,"Korean Air, American Airlines",ICN‐EWR,19h01m,1,DFW,2867,20220407-0633,fast
6:25 am – 3:15 pm +1,Delta,EWR‐ICN,19h50m,2,"MSP, SEA",10:45 am – 3:57 pm,Delta,ICN‐EWR,18h12m,1,DTW,2419,20220407-0633,fast
6:00 am – 3:00 pm +1,"Delta, Korean Air",EWR‐ICN,20h00m,1,ATL,10:45 am – 3:57 pm,"Korean Air, Delta",ICN‐EWR,18h12m,1,DTW,2454,20220407-0633,fast
7:00 am – 3:00 pm +1,Korean Air,EWR‐ICN,19h00m,1,ATL,9:20 am – 3:35 pm,Korean Air,ICN‐EWR,19h15m,1,ATL,2563,20220407-0633,fast
7:00 am – 3:00 pm +1,Korean Air,EWR‐ICN,19h00m,1,ATL,9:35 am – 3:51 pm,"Korean Air, Air Canada",ICN‐EWR,19h16m,1,YYZ,4446,20220407-0633,fast
