Out Time,Out Airline,Out Cities,Out Duration,Out Stops,Out Stop Cities,Return Time,Return Airline,Return Cities,Return Duration,Return Stops,Return Stop Cities,Price,timestamp,sort
6:00 am – 4:15 pm +1,Air Canada,EWR‐ICN,21h15m,2,"YUL, YVR",6:40 pm – 10:01 pm,Air Canada,ICN‐EWR,16h21m,1,YYZ,1309,20220406-2309,cheap
6:00 am – 4:15 pm +1,Air Canada,EWR‐ICN,21h15m,2,"YUL, YVR",6:40 pm – 8:08 am +1,Air Canada,ICN‐EWR,26h28m,1,YYZ,1309,20220406-2309,cheap
6:00 am – 4:15 pm +1,Air Canada,EWR‐ICN,21h15m,2,"YUL, YVR",6:40 pm – 8:34 am +1,Air Canada,ICN‐EWR,26h54m,2,"YYZ, YUL",1309,20220406-2309,cheap
6:00 am – 4:15 pm +1,Air Canada,EWR‐ICN,21h15m,2,"YUL, YVR",6:40 pm – 8:34 am +1,Air Canada,ICN‐EWR,26h54m,2,"YYZ, YUL",1309,20220406-2309,cheap
6:00 am – 4:15 pm +1,Air Canada,EWR‐ICN,21h15m,2,"YUL, YVR",6:40 pm – 8:34 am +1,Air Canada,ICN‐EWR,26h54m,2,"YYZ, YUL",1309,20220406-2309,cheap
6:25 am – 4:15 pm +1,Air Canada,EWR‐ICN,20h50m,2,"YYZ, YVR",6:40 pm – 10:01 pm,Air Canada,ICN‐EWR,16h21m,1,YYZ,1315,20220406-2309,cheap
6:25 am – 4:15 pm +1,Air Canada,EWR‐ICN,20h50m,2,"YYZ, YVR",6:40 pm – 10:01 pm,Air Canada,ICN‐EWR,16h21m,1,YYZ,1315,20220406-2309,cheap
6:25 am – 4:15 pm +1,Air Canada,EWR‐ICN,20h50m,2,"YYZ, YVR",6:40 pm – 8:08 am +1,Air Canada,ICN‐EWR,26h28m,1,YYZ,1315,20220406-2309,cheap
6:25 am – 4:15 pm +1,Air Canada,EWR‐ICN,20h50m,2,"YYZ, YVR",6:40 pm – 8:08 am +1,Air Canada,ICN‐EWR,26h28m,1,YYZ,1315,20220406-2309,cheap
6:25 am – 4:15 pm +1,Air Canada,EWR‐ICN,20h50m,2,"YYZ, YVR",6:40 pm – 8:34 am +1,Air Canada,ICN‐EWR,26h54m,2,"YYZ, YUL",1315,20220406-2309,cheap
6:25 am – 4:15 pm +1,Air Canada,EWR‐ICN,20h50m,2,"YYZ, YVR",6:40 pm – 8:34 am +1,Air Canada,ICN‐EWR,26h54m,2,"YYZ, YUL",1315,20220406-2309,cheap
6:25 am – 4:15 pm +1,Air Canada,EWR‐ICN,20h50m,2,"YYZ, YVR",6:40 pm – 8:34 am +1,Air Canada,ICN‐EWR,26h54m,2,"YYZ, YUL",1315,20220406-2309,cheap
6:25 am – 4:15 pm +1,Air Canada,EWR‐ICN,20h50m,2,"YYZ, YVR",6:40 pm – 8:34 am +1,Air Canada,ICN‐EWR,26h54m,2,"YYZ, YUL",1315,20220406-2309,cheap
6:25 am – 4:15 pm +1,Air Canada,EWR‐ICN,20h50m,2,"YYZ, YVR",6:40 pm – 8:34 am +1,Air Canada,ICN‐EWR,26h54m,2,"YYZ, YUL",1315,20220406-2309,cheap
6:25 am – 4:15 pm +1,Air Canada,EWR‐ICN,20h50m,2,"YYZ, YVR",6:40 pm – 8:34 am +1,Air Canada,ICN‐EWR,26h54m,2,"YYZ, YUL",1315,20220406-2309,cheap
6:25 am – 4:15 pm +1,Air Canada,EWR‐ICN,20h50m,2,"YYZ, YVR",6:40 pm – 10:01 pm,Air Canada,ICN‐EWR,16h21m,1,YYZ,1315,20220406-2306,best
6:00 am – 4:15 pm +1,Air Canada,EWR‐ICN,21h15m,2,"YUL, YVR",6:40 pm – 10:01 pm,Air Canada,ICN‐EWR,16h21m,1,YYZ,1309,20220406-2306,best
6:25 am – 4:15 pm +1,Air Canada,EWR‐ICN,20h50m,2,"YYZ, YVR",6:40 pm – 10:01 pm,Air Canada,ICN‐EWR,16h21m,1,YYZ,1315,20220406-2306,best
6:30 am – 2:55 pm +1,United Airlines,EWR‐ICN,19h25m,1,SFO,4:50 pm – 9:49 pm,United Airlines,ICN‐EWR,17h59m,1,SFO,1536,20220406-2306,best
6:30 am – 2:55 pm +1,United Airlines,EWR‐ICN,19h25m,1,SFO,4:50 pm – 12:49 am +1,United Airlines,ICN‐EWR,20h59m,1,SFO,1436,20220406-2306,best
6:30 am – 2:55 pm +1,United Airlines,EWR‐ICN,19h25m,1,SFO,4:50 pm – 5:12 am +1,United Airlines,ICN‐EWR,25h22m,1,SFO,1436,20220406-2306,best
8:58 pm – 5:10 pm +2,Air Canada,EWR‐ICN,31h12m,1,YYZ,6:40 pm – 10:01 pm,Air Canada,ICN‐EWR,16h21m,1,YYZ,1392,20220406-2306,best
6:25 am – 4:15 pm +1,Air Canada,EWR‐ICN,20h50m,2,"YYZ, YVR",6:40 pm – 8:08 am +1,Air Canada,ICN‐EWR,26h28m,1,YYZ,1315,20220406-2306,best
6:25 am – 4:15 pm +1,Air Canada,EWR‐ICN,20h50m,2,"YYZ, YVR",6:40 pm – 8:08 am +1,Air Canada,ICN‐EWR,26h28m,1,YYZ,1315,20220406-2306,best
6:00 am – 4:15 pm +1,Air Canada,EWR‐ICN,21h15m,2,"YUL, YVR",6:40 pm – 8:08 am +1,Air Canada,ICN‐EWR,26h28m,1,YYZ,1309,20220406-2306,best
6:30 am – 2:55 pm +1,United Airlines,EWR‐ICN,19h25m,1,SFO,4:50 pm – 7:00 am +1,United Airlines,ICN‐EWR,27h10m,1,SFO,1436,20220406-2306,best
6:30 am – 2:55 pm +1,United Airlines,EWR‐ICN,19h25m,1,SFO,4:50 pm – 12:45 am +1,United Airlines,ICN‐EWR,20h55m,2,"SFO, IAH",1790,20220406-2306,best
7:51 pm – 5:10 pm +2,Air Canada,EWR‐ICN,32h19m,1,YYZ,6:40 pm – 10:01 pm,Air Canada,ICN‐EWR,16h21m,1,YYZ,1392,20220406-2306,best
6:25 am – 4:15 pm +1,Air Canada,EWR‐ICN,20h50m,2,"YYZ, YVR",6:40 pm – 8:34 am +1,Air Canada,ICN‐EWR,26h54m,2,"YYZ, YUL",1315,20220406-2306,best
6:25 am – 4:15 pm +1,Air Canada,EWR‐ICN,20h50m,2,"YYZ, YVR",6:40 pm – 8:34 am +1,Air Canada,ICN‐EWR,26h54m,2,"YYZ, YUL",1315,20220406-2306,best
9:30 am – 4:30 pm +1,Korean Air,EWR‐ICN,18h00m,1,DTW,6:40 pm – 10:01 pm,Air Canada,ICN‐EWR,16h21m,1,YYZ,2432,20220406-2311,fast
8:00 am – 3:50 pm +1,"Delta, Korean Air",EWR‐ICN,18h50m,1,ATL,6:40 pm – 10:01 pm,Air Canada,ICN‐EWR,16h21m,1,YYZ,2301,20220406-2311,fast
11:25 am – 5:30 pm +1,"ANA, Korean Air",EWR‐ICN,17h05m,1,NRT,9:20 am – 3:14 pm,Korean Air,ICN‐EWR,18h54m,1,ATL,6355,20220406-2311,fast
9:30 am – 4:30 pm +1,Delta,EWR‐ICN,18h00m,1,DTW,1:55 pm – 7:30 pm,Delta,ICN‐EWR,18h35m,2,"SEA, DTW",2169,20220406-2311,fast
9:30 am – 4:30 pm +1,Korean Air,EWR‐ICN,18h00m,1,DTW,9:20 am – 3:14 pm,Korean Air,ICN‐EWR,18h54m,1,ATL,2144,20220406-2311,fast
9:30 am – 4:30 pm +1,Korean Air,EWR‐ICN,18h00m,1,DTW,5:25 pm – 11:28 pm,"Korean Air, American Airlines",ICN‐EWR,19h03m,1,DFW,2667,20220406-2311,fast
6:25 am – 4:15 pm +1,Air Canada,EWR‐ICN,20h50m,2,"YYZ, YVR",6:40 pm – 10:01 pm,Air Canada,ICN‐EWR,16h21m,1,YYZ,1315,20220406-2311,fast
6:25 am – 4:15 pm +1,Air Canada,EWR‐ICN,20h50m,2,"YYZ, YVR",6:40 pm – 10:01 pm,Air Canada,ICN‐EWR,16h21m,1,YYZ,1315,20220406-2311,fast
9:30 am – 4:30 pm +1,"Delta, Korean Air",EWR‐ICN,18h00m,1,DTW,2:40 pm – 8:53 pm,"Asiana Airlines, United Airlines",ICN‐EWR,19h13m,1,LAX,2484,20220406-2311,fast
6:30 am – 2:55 pm +1,United Airlines,EWR‐ICN,19h25m,1,SFO,4:50 pm – 9:49 pm,United Airlines,ICN‐EWR,17h59m,1,SFO,1536,20220406-2311,fast
8:00 am – 3:50 pm +1,Delta,EWR‐ICN,18h50m,1,ATL,1:55 pm – 7:30 pm,Delta,ICN‐EWR,18h35m,2,"SEA, DTW",2294,20220406-2311,fast
6:00 am – 4:15 pm +1,Air Canada,EWR‐ICN,21h15m,2,"YUL, YVR",6:40 pm – 10:01 pm,Air Canada,ICN‐EWR,16h21m,1,YYZ,1309,20220406-2311,fast
8:00 am – 3:50 pm +1,Korean Air,EWR‐ICN,18h50m,1,ATL,9:20 am – 3:14 pm,Korean Air,ICN‐EWR,18h54m,1,ATL,2326,20220406-2311,fast
6:05 am – 4:30 pm +1,"Delta, Korean Air",EWR‐ICN,21h25m,1,DTW,6:40 pm – 10:01 pm,Air Canada,ICN‐EWR,16h21m,1,YYZ,2301,20220406-2311,fast
8:00 am – 3:50 pm +1,Korean Air,EWR‐ICN,18h50m,1,ATL,5:25 pm – 11:28 pm,"Korean Air, American Airlines",ICN‐EWR,19h03m,1,DFW,2792,20220406-2311,fast
