Out Time,Out Airline,Out Cities,Out Duration,Out Stops,Out Stop Cities,Return Time,Return Airline,Return Cities,Return Duration,Return Stops,Return Stop Cities,Price,timestamp,sort
7:40 pm – 6:25 am +2,LOT,EWR‐ICN,21h45m,1,WAW,8:05 am – 5:50 pm +2,LOT,ICN‐EWR,70h45m,2,"WAW, RZE",1481,20220406-0155,cheap
8:58 pm – 5:10 pm +2,Air Canada,EWR‐ICN,31h12m,1,YYZ,6:40 pm – 10:01 pm,Air Canada,ICN‐EWR,16h21m,1,YYZ,1711,20220406-0155,cheap
6:00 am – 4:15 pm +1,Air Canada,EWR‐ICN,21h15m,2,"YUL, YVR",6:40 pm – 10:01 pm,Air Canada,ICN‐EWR,16h21m,1,YYZ,1766,20220406-0155,cheap
6:25 am – 4:15 pm +1,Air Canada,EWR‐ICN,20h50m,2,"YYZ, YVR",6:40 pm – 10:01 pm,Air Canada,ICN‐EWR,16h21m,1,YYZ,1772,20220406-0155,cheap
6:30 pm – 5:35 pm +2,"Spirit Airlines, Asiana Airlines",EWR‐ICN,34h05m,1,LAX,1:30 am – 9:26 pm,"Qatar Airways, Amtrak",ICN‐EWR,32h56m,2,"DOH, BOS-BOS",1808,20220406-0155,cheap
6:00 am – 4:15 pm +1,Air Canada,EWR‐ICN,21h15m,2,"YUL, YVR",6:40 pm – 8:08 am +1,Air Canada,ICN‐EWR,26h28m,1,YYZ,1863,20220406-0155,cheap
6:29 am – 2:55 pm +1,United Airlines,EWR‐ICN,19h26m,1,SFO,4:40 pm – 6:45 am +1,United Airlines,ICN‐EWR,27h05m,2,"SFO, LAX",1869,20220406-0155,cheap
6:25 am – 4:15 pm +1,Air Canada,EWR‐ICN,20h50m,2,"YYZ, YVR",6:40 pm – 8:08 am +1,Air Canada,ICN‐EWR,26h28m,1,YYZ,1869,20220406-0155,cheap
6:25 am – 4:15 pm +1,Air Canada,EWR‐ICN,20h50m,2,"YYZ, YVR",6:40 pm – 8:08 am +1,Air Canada,ICN‐EWR,26h28m,1,YYZ,1869,20220406-0155,cheap
7:40 pm – 6:25 am +2,LOT,EWR‐ICN,21h45m,1,WAW,4:40 pm – 9:49 pm,United Airlines,ICN‐EWR,18h09m,1,SFO,1877,20220406-0155,cheap
6:25 am – 4:15 pm +1,Air Canada,EWR‐ICN,20h50m,2,"YYZ, YVR",4:40 pm – 9:49 pm,United Airlines,ICN‐EWR,18h09m,1,SFO,1903,20220406-0155,cheap
6:29 am – 2:55 pm +1,United Airlines,EWR‐ICN,19h26m,1,SFO,4:40 pm – 9:49 pm,United Airlines,ICN‐EWR,18h09m,1,SFO,1966,20220406-0155,cheap
6:29 am – 2:55 pm +1,United Airlines,EWR‐ICN,19h26m,1,SFO,4:40 pm – 5:27 am +1,United Airlines,ICN‐EWR,25h47m,1,SFO,1966,20220406-0155,cheap
2:11 pm – 4:50 am +2,Delta,EWR‐ICN,25h39m,2,"ATL, LAX",10:45 am – 3:45 pm,Delta,ICN‐EWR,18h00m,1,DTW,1994,20220406-0155,cheap
2:11 pm – 4:50 am +2,Delta,EWR‐ICN,25h39m,2,"ATL, LAX",10:45 am – 3:45 pm,Delta,ICN‐EWR,18h00m,1,DTW,1994,20220406-0155,cheap
8:58 pm – 5:10 pm +2,Air Canada,EWR‐ICN,31h12m,1,YYZ,6:40 pm – 10:01 pm,Air Canada,ICN‐EWR,16h21m,1,YYZ,1994,20220406-0153,best
6:25 am – 4:15 pm +1,Air Canada,EWR‐ICN,20h50m,2,"YYZ, YVR",6:40 pm – 10:01 pm,Air Canada,ICN‐EWR,16h21m,1,YYZ,1772,20220406-0153,best
7:40 pm – 6:25 am +2,LOT,EWR‐ICN,21h45m,1,WAW,8:05 am – 5:50 pm +2,LOT,ICN‐EWR,70h45m,2,"WAW, RZE",1481,20220406-0153,best
6:00 am – 4:15 pm +1,Air Canada,EWR‐ICN,21h15m,2,"YUL, YVR",6:40 pm – 10:01 pm,Air Canada,ICN‐EWR,16h21m,1,YYZ,1766,20220406-0153,best
6:29 am – 2:55 pm +1,United Airlines,EWR‐ICN,19h26m,1,SFO,4:40 pm – 9:49 pm,United Airlines,ICN‐EWR,18h09m,1,SFO,1966,20220406-0153,best
9:30 am – 4:30 pm +1,Korean Air,EWR‐ICN,18h00m,1,DTW,10:45 am – 3:45 pm,Korean Air,ICN‐EWR,18h00m,1,DTW,2447,20220406-0153,best
8:00 am – 4:20 pm +1,Korean Air,EWR‐ICN,19h20m,1,ATL,10:45 am – 3:45 pm,Korean Air,ICN‐EWR,18h00m,1,DTW,2447,20220406-0153,best
7:00 am – 4:20 pm +1,"Delta, Korean Air",EWR‐ICN,20h20m,1,ATL,10:45 am – 3:45 pm,Korean Air,ICN‐EWR,18h00m,1,DTW,2476,20220406-0153,best
9:30 am – 4:30 pm +1,Korean Air,EWR‐ICN,18h00m,1,DTW,9:20 am – 4:45 pm,Korean Air,ICN‐EWR,20h25m,1,ATL,2565,20220406-0153,best
7:00 am – 4:20 pm +1,Korean Air,EWR‐ICN,20h20m,1,ATL,10:45 am – 3:45 pm,Korean Air,ICN‐EWR,18h00m,1,DTW,2565,20220406-0153,best
6:00 am – 4:15 pm +1,Air Canada,EWR‐ICN,21h15m,2,"YUL, YVR",10:45 am – 3:45 pm,Korean Air,ICN‐EWR,18h00m,1,DTW,2367,20220406-0153,best
8:58 pm – 5:10 pm +2,Air Canada,EWR‐ICN,31h12m,1,YYZ,6:40 pm – 10:01 pm,Air Canada,ICN‐EWR,16h21m,1,YYZ,1711,20220406-0153,best
2:11 pm – 4:50 am +2,Delta,EWR‐ICN,25h39m,2,"ATL, LAX",10:45 am – 3:45 pm,Delta,ICN‐EWR,18h00m,1,DTW,1994,20220406-0153,best
2:11 pm – 4:50 am +2,Delta,EWR‐ICN,25h39m,2,"ATL, LAX",10:45 am – 3:45 pm,Delta,ICN‐EWR,18h00m,1,DTW,1994,20220406-0153,best
6:29 am – 2:55 pm +1,United Airlines,EWR‐ICN,19h26m,1,SFO,4:40 pm – 5:27 am +1,United Airlines,ICN‐EWR,25h47m,1,SFO,1966,20220406-0153,best
8:00 am – 4:20 pm +1,Korean Air,EWR‐ICN,19h20m,1,ATL,9:20 am – 4:45 pm,Korean Air,ICN‐EWR,20h25m,1,ATL,2565,20220406-0153,best
9:30 am – 4:30 pm +1,Korean Air,EWR‐ICN,18h00m,1,DTW,9:20 am – 3:07 pm,Korean Air,ICN‐EWR,18h47m,1,ATL,2896,20220406-0153,best
11:25 am – 5:30 pm +1,"ANA, Korean Air",EWR‐ICN,17h05m,1,NRT,6:40 pm – 10:01 pm,Air Canada,ICN‐EWR,16h21m,1,YYZ,4354,20220406-0157,fast
11:25 am – 5:30 pm +1,"ANA, Korean Air",EWR‐ICN,17h05m,1,NRT,4:40 pm – 9:49 pm,United Airlines,ICN‐EWR,18h09m,1,SFO,4077,20220406-0157,fast
9:30 am – 4:30 pm +1,Korean Air,EWR‐ICN,18h00m,1,DTW,10:45 am – 3:45 pm,Korean Air,ICN‐EWR,18h00m,1,DTW,2447,20220406-0157,fast
9:30 am – 4:30 pm +1,"Delta, Korean Air",EWR‐ICN,18h00m,1,DTW,4:40 pm – 9:49 pm,United Airlines,ICN‐EWR,18h09m,1,SFO,2675,20220406-0157,fast
9:30 am – 4:30 pm +1,Korean Air,EWR‐ICN,18h00m,1,DTW,9:20 am – 3:07 pm,Korean Air,ICN‐EWR,18h47m,1,ATL,2896,20220406-0157,fast
9:30 am – 4:30 pm +1,Korean Air,EWR‐ICN,18h00m,1,DTW,5:25 pm – 11:28 pm,"Korean Air, American Airlines",ICN‐EWR,19h03m,1,DFW,3167,20220406-0157,fast
9:30 am – 4:30 pm +1,Korean Air,EWR‐ICN,18h00m,1,DTW,9:35 am – 3:45 pm,"Korean Air, Air Canada",ICN‐EWR,19h10m,1,YYZ,4846,20220406-0157,fast
6:25 am – 4:15 pm +1,Air Canada,EWR‐ICN,20h50m,2,"YYZ, YVR",6:40 pm – 10:01 pm,Air Canada,ICN‐EWR,16h21m,1,YYZ,1772,20220406-0157,fast
9:30 am – 4:30 pm +1,Korean Air,EWR‐ICN,18h00m,1,DTW,2:40 pm – 8:53 pm,Asiana Airlines,ICN‐EWR,19h13m,1,LAX,3964,20220406-0157,fast
8:00 am – 4:20 pm +1,Korean Air,EWR‐ICN,19h20m,1,ATL,10:45 am – 3:45 pm,Korean Air,ICN‐EWR,18h00m,1,DTW,2447,20220406-0157,fast
8:00 am – 4:20 pm +1,"Delta, Korean Air",EWR‐ICN,19h20m,1,ATL,4:40 pm – 9:49 pm,United Airlines,ICN‐EWR,18h09m,1,SFO,2675,20220406-0157,fast
6:29 am – 2:55 pm +1,United Airlines,EWR‐ICN,19h26m,1,SFO,4:40 pm – 9:49 pm,United Airlines,ICN‐EWR,18h09m,1,SFO,1966,20220406-0157,fast
6:00 am – 4:15 pm +1,Air Canada,EWR‐ICN,21h15m,2,"YUL, YVR",6:40 pm – 10:01 pm,Air Canada,ICN‐EWR,16h21m,1,YYZ,1766,20220406-0157,fast
6:25 am – 3:20 pm +1,"Air Canada, Korean Air",EWR‐ICN,19h55m,1,YYZ,10:45 am – 3:45 pm,Korean Air,ICN‐EWR,18h00m,1,DTW,4159,20220406-0157,fast
8:00 am – 4:20 pm +1,Korean Air,EWR‐ICN,19h20m,1,ATL,9:20 am – 3:07 pm,Korean Air,ICN‐EWR,18h47m,1,ATL,2896,20220406-0157,fast
