Out Time,Out Airline,Out Cities,Out Duration,Out Stops,Out Stop Cities,Return Time,Return Airline,Return Cities,Return Duration,Return Stops,Return Stop Cities,Price,timestamp,sort
6:00 am – 4:15 pm +1,Air Canada,EWR‐ICN,21h15m,2,"YUL, YVR",6:40 pm – 10:01 pm,Air Canada,ICN‐EWR,16h21m,1,YYZ,1452,20220406-0217,cheap
6:00 am – 4:15 pm +1,Air Canada,EWR‐ICN,21h15m,2,"YUL, YVR",6:40 pm – 7:52 am +1,Air Canada,ICN‐EWR,26h12m,2,"YYZ, YQB",1452,20220406-0217,cheap
6:00 am – 4:15 pm +1,Air Canada,EWR‐ICN,21h15m,2,"YUL, YVR",6:40 pm – 7:56 am +1,Air Canada,ICN‐EWR,26h16m,1,YYZ,1452,20220406-0217,cheap
6:00 am – 4:15 pm +1,Air Canada,EWR‐ICN,21h15m,2,"YUL, YVR",6:40 pm – 8:34 am +1,Air Canada,ICN‐EWR,26h54m,2,"YYZ, YUL",1452,20220406-0217,cheap
6:00 am – 4:15 pm +1,Air Canada,EWR‐ICN,21h15m,2,"YUL, YVR",6:40 pm – 8:34 am +1,Air Canada,ICN‐EWR,26h54m,2,"YYZ, YUL",1452,20220406-0217,cheap
6:00 am – 4:15 pm +1,Air Canada,EWR‐ICN,21h15m,2,"YUL, YVR",6:40 pm – 8:34 am +1,Air Canada,ICN‐EWR,26h54m,2,"YYZ, YUL",1452,20220406-0217,cheap
6:25 am – 4:15 pm +1,Air Canada,EWR‐ICN,20h50m,2,"YYZ, YVR",6:40 pm – 10:01 pm,Air Canada,ICN‐EWR,16h21m,1,YYZ,1458,20220406-0217,cheap
6:25 am – 4:15 pm +1,Air Canada,EWR‐ICN,20h50m,2,"YYZ, YVR",6:40 pm – 10:01 pm,Air Canada,ICN‐EWR,16h21m,1,YYZ,1458,20220406-0217,cheap
6:25 am – 4:15 pm +1,Air Canada,EWR‐ICN,20h50m,2,"YYZ, YVR",6:40 pm – 7:56 am +1,Air Canada,ICN‐EWR,26h16m,1,YYZ,1458,20220406-0217,cheap
6:25 am – 4:15 pm +1,Air Canada,EWR‐ICN,20h50m,2,"YYZ, YVR",6:40 pm – 7:56 am +1,Air Canada,ICN‐EWR,26h16m,1,YYZ,1458,20220406-0217,cheap
9:29 pm – 5:10 pm +2,Air Canada,EWR‐ICN,30h41m,2,"YQB, YYZ",6:40 pm – 10:01 pm,Air Canada,ICN‐EWR,16h21m,1,YYZ,1679,20220406-0217,cheap
9:29 pm – 5:10 pm +2,Air Canada,EWR‐ICN,30h41m,2,"YQB, YYZ",6:40 pm – 10:01 pm,Air Canada,ICN‐EWR,16h21m,1,YYZ,1679,20220406-0217,cheap
9:29 pm – 5:10 pm +2,Air Canada,EWR‐ICN,30h41m,2,"YQB, YYZ",6:40 pm – 10:01 pm,Air Canada,ICN‐EWR,16h21m,1,YYZ,1679,20220406-0217,cheap
8:58 pm – 5:10 pm +2,Air Canada,EWR‐ICN,31h12m,1,YYZ,6:40 pm – 10:01 pm,Air Canada,ICN‐EWR,16h21m,1,YYZ,1679,20220406-0217,cheap
7:00 am – 4:15 pm +1,"United Airlines, Air Canada",EWR‐ICN,20h15m,2,"SEA, YVR",6:40 pm – 10:01 pm,Air Canada,ICN‐EWR,16h21m,1,YYZ,1769,20220406-0217,cheap
6:25 am – 4:15 pm +1,Air Canada,EWR‐ICN,20h50m,2,"YYZ, YVR",6:40 pm – 10:01 pm,Air Canada,ICN‐EWR,16h21m,1,YYZ,1606,20220406-0215,best
6:25 am – 4:15 pm +1,Air Canada,EWR‐ICN,20h50m,2,"YYZ, YVR",6:40 pm – 10:01 pm,Air Canada,ICN‐EWR,16h21m,1,YYZ,1458,20220406-0215,best
6:00 am – 4:15 pm +1,Air Canada,EWR‐ICN,21h15m,2,"YUL, YVR",6:40 pm – 10:01 pm,Air Canada,ICN‐EWR,16h21m,1,YYZ,1452,20220406-0215,best
6:25 am – 4:15 pm +1,Air Canada,EWR‐ICN,20h50m,2,"YYZ, YVR",6:40 pm – 10:01 pm,Air Canada,ICN‐EWR,16h21m,1,YYZ,1458,20220406-0215,best
6:29 am – 2:55 pm +1,United Airlines,EWR‐ICN,19h26m,1,SFO,4:40 pm – 12:49 am +1,United Airlines,ICN‐EWR,21h09m,1,SFO,2106,20220406-0215,best
6:25 am – 4:15 pm +1,Air Canada,EWR‐ICN,20h50m,2,"YYZ, YVR",6:40 pm – 7:56 am +1,Air Canada,ICN‐EWR,26h16m,1,YYZ,1458,20220406-0215,best
6:25 am – 4:15 pm +1,Air Canada,EWR‐ICN,20h50m,2,"YYZ, YVR",6:40 pm – 7:56 am +1,Air Canada,ICN‐EWR,26h16m,1,YYZ,1458,20220406-0215,best
6:00 am – 4:15 pm +1,Air Canada,EWR‐ICN,21h15m,2,"YUL, YVR",6:40 pm – 7:56 am +1,Air Canada,ICN‐EWR,26h16m,1,YYZ,1452,20220406-0215,best
6:29 am – 2:55 pm +1,United Airlines,EWR‐ICN,19h26m,1,SFO,4:40 pm – 9:49 pm,United Airlines,ICN‐EWR,18h09m,1,SFO,2542,20220406-0215,best
8:58 pm – 5:10 pm +2,Air Canada,EWR‐ICN,31h12m,1,YYZ,6:40 pm – 10:01 pm,Air Canada,ICN‐EWR,16h21m,1,YYZ,1679,20220406-0215,best
6:00 am – 4:15 pm +1,Air Canada,EWR‐ICN,21h15m,2,"YUL, YVR",6:40 pm – 7:52 am +1,Air Canada,ICN‐EWR,26h12m,2,"YYZ, YQB",1452,20220406-0215,best
6:00 am – 4:15 pm +1,Air Canada,EWR‐ICN,21h15m,2,"YUL, YVR",6:40 pm – 8:34 am +1,Air Canada,ICN‐EWR,26h54m,2,"YYZ, YUL",1452,20220406-0215,best
6:00 am – 4:15 pm +1,Air Canada,EWR‐ICN,21h15m,2,"YUL, YVR",6:40 pm – 8:34 am +1,Air Canada,ICN‐EWR,26h54m,2,"YYZ, YUL",1452,20220406-0215,best
6:00 am – 4:15 pm +1,Air Canada,EWR‐ICN,21h15m,2,"YUL, YVR",6:40 pm – 8:34 am +1,Air Canada,ICN‐EWR,26h54m,2,"YYZ, YUL",1452,20220406-0215,best
5:00 am – 2:55 pm +1,United Airlines,EWR‐ICN,20h55m,2,"ORD, SFO",4:40 pm – 12:49 am +1,United Airlines,ICN‐EWR,21h09m,1,SFO,2106,20220406-0215,best
9:29 pm – 5:10 pm +2,Air Canada,EWR‐ICN,30h41m,2,"YQB, YYZ",6:40 pm – 10:01 pm,Air Canada,ICN‐EWR,16h21m,1,YYZ,1679,20220406-0215,best
8:00 am – 3:50 pm +1,Korean Air,EWR‐ICN,18h50m,1,ATL,6:40 pm – 10:01 pm,Air Canada,ICN‐EWR,16h21m,1,YYZ,3434,20220406-0220,fast
8:00 am – 4:20 pm +1,"Delta, Korean Air",EWR‐ICN,19h20m,1,ATL,6:40 pm – 10:01 pm,Air Canada,ICN‐EWR,16h21m,1,YYZ,2403,20220406-0220,fast
11:25 am – 5:30 pm +1,"ANA, Korean Air",EWR‐ICN,17h05m,1,NRT,9:20 am – 3:14 pm,Korean Air,ICN‐EWR,18h54m,1,ATL,6355,20220406-0220,fast
7:00 am – 4:15 pm +1,"United Airlines, Air Canada",EWR‐ICN,20h15m,2,"SEA, YVR",6:40 pm – 10:01 pm,Air Canada,ICN‐EWR,16h21m,1,YYZ,1769,20220406-0220,fast
6:25 am – 4:15 pm +1,Air Canada,EWR‐ICN,20h50m,2,"YYZ, YVR",6:40 pm – 10:01 pm,Air Canada,ICN‐EWR,16h21m,1,YYZ,1458,20220406-0220,fast
6:25 am – 4:15 pm +1,Air Canada,EWR‐ICN,20h50m,2,"YYZ, YVR",6:40 pm – 10:01 pm,Air Canada,ICN‐EWR,16h21m,1,YYZ,1458,20220406-0220,fast
6:29 am – 2:55 pm +1,United Airlines,EWR‐ICN,19h26m,1,SFO,4:40 pm – 9:49 pm,United Airlines,ICN‐EWR,18h09m,1,SFO,2542,20220406-0220,fast
6:00 am – 4:15 pm +1,Air Canada,EWR‐ICN,21h15m,2,"YUL, YVR",6:40 pm – 10:01 pm,Air Canada,ICN‐EWR,16h21m,1,YYZ,1452,20220406-0220,fast
6:00 am – 4:20 pm +1,"Delta, Korean Air",EWR‐ICN,21h20m,1,ATL,6:40 pm – 10:01 pm,Air Canada,ICN‐EWR,16h21m,1,YYZ,2403,20220406-0220,fast
8:00 am – 3:50 pm +1,Korean Air,EWR‐ICN,18h50m,1,ATL,9:20 am – 3:14 pm,Korean Air,ICN‐EWR,18h54m,1,ATL,3761,20220406-0220,fast
6:15 pm – 5:00 am +2,"United Airlines, Asiana Airlines",EWR‐ICN,21h45m,1,LAX,6:40 pm – 10:01 pm,Air Canada,ICN‐EWR,16h21m,1,YYZ,2078,20220406-0220,fast
7:00 am – 5:50 pm +1,"JetBlue, Korean Air",EWR‐ICN,21h50m,1,LAX,6:40 pm – 10:01 pm,Air Canada,ICN‐EWR,16h21m,1,YYZ,4282,20220406-0220,fast
8:00 am – 4:20 pm +1,Korean Air,EWR‐ICN,19h20m,1,ATL,9:20 am – 3:14 pm,Korean Air,ICN‐EWR,18h54m,1,ATL,2850,20220406-0220,fast
8:00 am – 4:20 pm +1,Korean Air,EWR‐ICN,19h20m,1,ATL,5:25 pm – 11:28 pm,"Korean Air, American Airlines",ICN‐EWR,19h03m,1,DFW,3117,20220406-0220,fast
6:39 am – 3:15 pm +1,American Airlines,EWR‐ICN,19h36m,1,DFW,5:25 pm – 11:28 pm,American Airlines,ICN‐EWR,19h03m,1,DFW,3020,20220406-0220,fast
