Out Time,Out Airline,Out Cities,Out Duration,Out Stops,Out Stop Cities,Return Time,Return Airline,Return Cities,Return Duration,Return Stops,Return Stop Cities,Price,timestamp,sort
6:25 am – 4:00 pm +1,Air Canada,EWR‐ICN,20h35m,2,"YYZ, YVR",6:40 pm – 10:01 pm,Air Canada,ICN‐EWR,16h21m,1,YYZ,1754,20220407-0523,cheap
6:25 am – 4:00 pm +1,Air Canada,EWR‐ICN,20h35m,2,"YYZ, YVR",6:40 pm – 7:40 am +1,Air Canada,ICN‐EWR,26h00m,2,"YYZ, YUL",1754,20220407-0523,cheap
6:25 am – 4:00 pm +1,Air Canada,EWR‐ICN,20h35m,2,"YYZ, YVR",6:40 pm – 7:40 am +1,Air Canada,ICN‐EWR,26h00m,2,"YYZ, YUL",1754,20220407-0523,cheap
6:25 am – 4:00 pm +1,Air Canada,EWR‐ICN,20h35m,2,"YYZ, YVR",6:40 pm – 7:45 am +1,Air Canada,ICN‐EWR,26h05m,2,"YYZ, YQB",1754,20220407-0523,cheap
6:25 am – 4:00 pm +1,Air Canada,EWR‐ICN,20h35m,2,"YYZ, YVR",6:40 pm – 7:56 am +1,Air Canada,ICN‐EWR,26h16m,1,YYZ,1754,20220407-0523,cheap
8:55 pm – 8:45 am +2,Lufthansa,EWR‐ICN,22h50m,1,MUC,10:15 am – 7:10 pm,Lufthansa,ICN‐EWR,21h55m,1,MUC,1797,20220407-0523,cheap
5:40 pm – 8:45 am +2,Lufthansa,EWR‐ICN,26h05m,1,MUC,10:15 am – 7:10 pm,Lufthansa,ICN‐EWR,21h55m,1,MUC,1797,20220407-0523,cheap
9:45 pm – 11:15 am +2,Lufthansa,EWR‐ICN,24h30m,1,FRA,10:15 am – 7:10 pm,Lufthansa,ICN‐EWR,21h55m,1,MUC,1814,20220407-0523,cheap
6:15 pm – 8:45 am +2,Lufthansa,EWR‐ICN,25h30m,2,"ZRH, MUC",10:15 am – 7:10 pm,Lufthansa,ICN‐EWR,21h55m,1,MUC,1814,20220407-0523,cheap
5:50 pm – 8:45 am +2,Lufthansa,EWR‐ICN,25h55m,2,"AMS, MUC",10:15 am – 7:10 pm,Lufthansa,ICN‐EWR,21h55m,1,MUC,1814,20220407-0523,cheap
5:50 pm – 8:45 am +2,Lufthansa,EWR‐ICN,25h55m,2,"AMS, MUC",10:15 am – 7:10 pm,Lufthansa,ICN‐EWR,21h55m,1,MUC,1814,20220407-0523,cheap
7:30 pm – 11:15 am +2,Lufthansa,EWR‐ICN,26h45m,1,FRA,10:15 am – 7:10 pm,Lufthansa,ICN‐EWR,21h55m,1,MUC,1814,20220407-0523,cheap
6:30 pm – 8:45 am +2,Lufthansa,EWR‐ICN,25h15m,2,"CDG, MUC",10:15 am – 7:10 pm,Lufthansa,ICN‐EWR,21h55m,1,MUC,1815,20220407-0523,cheap
9:00 pm – 8:45 am +2,Lufthansa,EWR‐ICN,22h45m,2,"LHR, MUC",10:15 am – 7:10 pm,Lufthansa,ICN‐EWR,21h55m,1,MUC,1819,20220407-0523,cheap
8:00 pm – 8:45 am +2,Lufthansa,EWR‐ICN,23h45m,2,"LHR, MUC",10:15 am – 7:10 pm,Lufthansa,ICN‐EWR,21h55m,1,MUC,1819,20220407-0523,cheap
9:36 am – 4:30 pm +1,Korean Air,EWR‐ICN,17h54m,1,DTW,6:40 pm – 11:37 am +1,"Asiana Airlines, Air Canada",ICN‐EWR,29h57m,1,YYZ,2359,20220407-0521,best
6:25 am – 4:00 pm +1,Air Canada,EWR‐ICN,20h35m,2,"YYZ, YVR",6:40 pm – 10:01 pm,Air Canada,ICN‐EWR,16h21m,1,YYZ,1754,20220407-0521,best
6:29 am – 2:45 pm +1,United Airlines,EWR‐ICN,19h16m,1,SFO,4:40 pm – 10:08 pm,United Airlines,ICN‐EWR,18h28m,1,SFO,2241,20220407-0521,best
9:36 am – 4:30 pm +1,Korean Air,EWR‐ICN,17h54m,1,DTW,9:20 am – 3:35 pm,Korean Air,ICN‐EWR,19h15m,1,ATL,2367,20220407-0521,best
8:55 pm – 8:45 am +2,Lufthansa,EWR‐ICN,22h50m,1,MUC,10:15 am – 7:10 pm,Lufthansa,ICN‐EWR,21h55m,1,MUC,1797,20220407-0521,best
6:29 am – 2:45 pm +1,United Airlines,EWR‐ICN,19h16m,1,SFO,4:40 pm – 11:58 pm,United Airlines,ICN‐EWR,20h18m,1,SFO,2241,20220407-0521,best
9:36 am – 4:30 pm +1,Korean Air,EWR‐ICN,17h54m,1,DTW,5:25 pm – 11:26 pm,"Korean Air, American Airlines",ICN‐EWR,19h01m,1,DFW,2516,20220407-0521,best
6:29 am – 2:45 pm +1,United Airlines,EWR‐ICN,19h16m,1,SFO,4:40 pm – 11:23 pm,United Airlines,ICN‐EWR,19h43m,2,"SFO, LAX",2246,20220407-0521,best
6:29 am – 2:45 pm +1,United Airlines,EWR‐ICN,19h16m,1,SFO,4:40 pm – 12:53 am +1,United Airlines,ICN‐EWR,21h13m,1,SFO,2241,20220407-0521,best
9:36 am – 4:30 pm +1,Korean Air,EWR‐ICN,17h54m,1,DTW,9:20 am – 5:41 pm,"Korean Air, Delta",ICN‐EWR,21h21m,1,ATL,2366,20220407-0521,best
6:29 am – 2:45 pm +1,United Airlines,EWR‐ICN,19h16m,1,SFO,4:40 pm – 11:24 pm,United Airlines,ICN‐EWR,19h44m,2,"SFO, DEN",2295,20220407-0521,best
6:59 am – 3:15 pm +1,American Airlines,EWR‐ICN,19h16m,1,DFW,5:25 pm – 11:26 pm,American Airlines,ICN‐EWR,19h01m,1,DFW,2445,20220407-0521,best
6:29 am – 2:45 pm +1,United Airlines,EWR‐ICN,19h16m,1,SFO,4:40 pm – 11:29 pm,United Airlines,ICN‐EWR,19h49m,2,"SFO, IAD",2295,20220407-0521,best
6:29 am – 2:45 pm +1,United Airlines,EWR‐ICN,19h16m,1,SFO,4:40 pm – 11:48 pm,United Airlines,ICN‐EWR,20h08m,2,"SFO, LAS",2295,20220407-0521,best
8:00 pm – 8:45 am +2,Lufthansa,EWR‐ICN,23h45m,2,"LHR, MUC",10:15 am – 7:10 pm,Lufthansa,ICN‐EWR,21h55m,1,MUC,1819,20220407-0521,best
5:00 am – 2:45 pm +1,United Airlines,EWR‐ICN,20h45m,2,"ORD, SFO",4:40 pm – 10:08 pm,United Airlines,ICN‐EWR,18h28m,1,SFO,2241,20220407-0521,best
9:36 am – 4:30 pm +1,Korean Air,EWR‐ICN,17h54m,1,DTW,5:25 pm – 11:26 pm,"Korean Air, American Airlines",ICN‐EWR,19h01m,1,DFW,2516,20220407-0526,fast
6:25 am – 4:00 pm +1,Air Canada,EWR‐ICN,20h35m,2,"YYZ, YVR",6:40 pm – 10:01 pm,Air Canada,ICN‐EWR,16h21m,1,YYZ,1754,20220407-0526,fast
9:36 am – 4:30 pm +1,Korean Air,EWR‐ICN,17h54m,1,DTW,9:20 am – 3:35 pm,Korean Air,ICN‐EWR,19h15m,1,ATL,2367,20220407-0526,fast
6:29 am – 2:45 pm +1,United Airlines,EWR‐ICN,19h16m,1,SFO,4:40 pm – 10:08 pm,United Airlines,ICN‐EWR,18h28m,1,SFO,2241,20220407-0526,fast
8:45 am – 4:20 pm +1,Korean Air,EWR‐ICN,18h35m,1,ATL,9:20 am – 3:35 pm,Korean Air,ICN‐EWR,19h15m,1,ATL,2745,20220407-0526,fast
6:59 am – 3:15 pm +1,American Airlines,EWR‐ICN,19h16m,1,DFW,5:25 pm – 11:26 pm,American Airlines,ICN‐EWR,19h01m,1,DFW,2445,20220407-0526,fast
9:36 am – 4:30 pm +1,Delta,EWR‐ICN,17h54m,1,DTW,4:00 pm – 11:26 pm,Delta,ICN‐EWR,20h26m,2,"SFO, MSP",2669,20220407-0526,fast
5:00 am – 4:00 pm +1,Air Canada,EWR‐ICN,22h00m,2,"ORD, YVR",6:40 pm – 10:01 pm,Air Canada,ICN‐EWR,16h21m,1,YYZ,2455,20220407-0526,fast
9:36 am – 4:30 pm +1,Korean Air,EWR‐ICN,17h54m,1,DTW,2:40 pm – 10:38 pm,Asiana Airlines,ICN‐EWR,20h58m,1,LAX,3086,20220407-0526,fast
6:29 am – 2:45 pm +1,United Airlines,EWR‐ICN,19h16m,1,SFO,10:00 am – 4:40 pm,United Airlines,ICN‐EWR,19h40m,1,NRT,4159,20220407-0526,fast
6:29 am – 2:45 pm +1,United Airlines,EWR‐ICN,19h16m,1,SFO,4:40 pm – 11:23 pm,United Airlines,ICN‐EWR,19h43m,2,"SFO, LAX",2246,20220407-0526,fast
6:29 am – 2:45 pm +1,United Airlines,EWR‐ICN,19h16m,1,SFO,4:40 pm – 11:24 pm,United Airlines,ICN‐EWR,19h44m,2,"SFO, DEN",2295,20220407-0526,fast
6:29 am – 2:45 pm +1,United Airlines,EWR‐ICN,19h16m,1,SFO,4:40 pm – 11:29 pm,United Airlines,ICN‐EWR,19h49m,2,"SFO, IAD",2295,20220407-0526,fast
7:00 am – 3:50 pm +1,Korean Air,EWR‐ICN,19h50m,1,ATL,9:20 am – 3:35 pm,Korean Air,ICN‐EWR,19h15m,1,ATL,2600,20220407-0526,fast
8:55 pm – 8:45 am +2,Lufthansa,EWR‐ICN,22h50m,1,MUC,6:40 pm – 10:01 pm,Air Canada,ICN‐EWR,16h21m,1,YYZ,3773,20220407-0526,fast
