Out Time,Out Airline,Out Cities,Out Duration,Out Stops,Out Stop Cities,Return Time,Return Airline,Return Cities,Return Duration,Return Stops,Return Stop Cities,Price,timestamp,sort
11:35 am – 12:35 am +2,ANA,EWR‐SIN,25h00m,1,NRT,6:10 am – 4:40 pm,ANA,SIN‐EWR,22h30m,1,NRT,1041,20220407-1007,cheap
7:00 am – 12:35 am +2,ANA,EWR‐SIN,29h35m,2,"LAX, NRT",6:10 am – 4:40 pm,ANA,SIN‐EWR,22h30m,1,NRT,1041,20220407-1007,cheap
8:00 pm – 12:35 am +3,ANA,EWR‐SIN,40h35m,2,"LAX, NRT",6:10 am – 4:40 pm,ANA,SIN‐EWR,22h30m,1,NRT,1045,20220407-1007,cheap
10:55 am – 12:35 am +2,ANA,EWR‐SIN,25h40m,1,HND-NRT,6:10 am – 4:40 pm,ANA,SIN‐EWR,22h30m,1,NRT,1051,20220407-1007,cheap
7:00 am – 12:35 am +2,United Airlines,EWR‐SIN,29h35m,2,"LAX, NRT",8:45 am – 8:08 pm,United Airlines,SIN‐EWR,23h23m,1,SFO,1076,20220407-1007,cheap
7:00 am – 12:35 am +2,United Airlines,EWR‐SIN,29h35m,2,"LAX, NRT",8:45 am – 9:08 pm,United Airlines,SIN‐EWR,24h23m,1,SFO,1076,20220407-1007,cheap
9:00 pm – 12:35 am +3,United Airlines,EWR‐SIN,39h35m,2,"SFO, HND-NRT",8:45 am – 8:08 pm,United Airlines,SIN‐EWR,23h23m,1,SFO,1089,20220407-1007,cheap
9:00 pm – 12:35 am +3,United Airlines,EWR‐SIN,39h35m,2,"SFO, HND-NRT",6:10 am – 4:40 pm,United Airlines,SIN‐EWR,22h30m,1,NRT,1092,20220407-1007,cheap
7:00 am – 12:35 am +2,United Airlines,EWR‐SIN,29h35m,2,"LAX, NRT",6:10 am – 10:38 pm,"ANA, United Airlines",SIN‐EWR,28h28m,2,"NRT, LAX",1094,20220407-1007,cheap
7:00 am – 12:35 am +2,United Airlines,EWR‐SIN,29h35m,2,"LAX, NRT",6:10 am – 11:23 pm,"ANA, United Airlines",SIN‐EWR,29h13m,2,"NRT, LAX",1094,20220407-1007,cheap
6:00 am – 12:35 am +2,United Airlines,EWR‐SIN,30h35m,2,"LAX, NRT",6:10 am – 10:38 pm,"ANA, United Airlines",SIN‐EWR,28h28m,2,"NRT, LAX",1094,20220407-1007,cheap
6:00 am – 12:35 am +2,United Airlines,EWR‐SIN,30h35m,2,"LAX, NRT",6:10 am – 11:23 pm,"ANA, United Airlines",SIN‐EWR,29h13m,2,"NRT, LAX",1094,20220407-1007,cheap
11:35 am – 12:35 am +2,ANA,EWR‐SIN,25h00m,1,NRT,10:10 pm – 5:10 pm +1,ANA,SIN‐EWR,31h00m,1,HND,1154,20220407-1007,cheap
7:00 am – 12:35 am +2,ANA,EWR‐SIN,29h35m,2,"LAX, NRT",10:10 pm – 5:10 pm +1,ANA,SIN‐EWR,31h00m,1,HND,1158,20220407-1007,cheap
11:35 am – 12:35 am +2,ANA,EWR‐SIN,25h00m,1,NRT,10:10 pm – 10:08 pm +1,ANA,SIN‐EWR,35h58m,2,"HND, SFO",1162,20220407-1007,cheap
11:35 am – 12:35 am +2,ANA,EWR‐SIN,25h00m,1,NRT,6:10 am – 4:40 pm,ANA,SIN‐EWR,22h30m,1,NRT,1042,20220407-1004,best
11:35 am – 12:35 am +2,ANA,EWR‐SIN,25h00m,1,NRT,6:10 am – 4:40 pm,ANA,SIN‐EWR,22h30m,1,NRT,1041,20220407-1004,best
10:55 am – 12:35 am +2,ANA,EWR‐SIN,25h40m,1,HND-NRT,6:10 am – 4:40 pm,ANA,SIN‐EWR,22h30m,1,NRT,1051,20220407-1004,best
11:35 am – 12:35 am +2,"United Airlines, ANA",EWR‐SIN,25h00m,1,NRT,8:45 am – 7:23 pm,United Airlines,SIN‐EWR,22h38m,1,SFO,1256,20220407-1004,best
7:00 am – 12:35 am +2,ANA,EWR‐SIN,29h35m,2,"LAX, NRT",6:10 am – 4:40 pm,ANA,SIN‐EWR,22h30m,1,NRT,1041,20220407-1004,best
10:55 am – 12:35 am +2,United Airlines,EWR‐SIN,25h40m,1,HND-NRT,8:45 am – 8:08 pm,United Airlines,SIN‐EWR,23h23m,1,SFO,1259,20220407-1004,best
10:55 am – 12:35 am +2,United Airlines,EWR‐SIN,25h40m,1,HND-NRT,8:45 am – 9:08 pm,United Airlines,SIN‐EWR,24h23m,1,SFO,1259,20220407-1004,best
7:00 am – 12:35 am +2,United Airlines,EWR‐SIN,29h35m,2,"LAX, NRT",8:45 am – 8:08 pm,United Airlines,SIN‐EWR,23h23m,1,SFO,1076,20220407-1004,best
8:25 am – 12:20 am +2,Japan Airlines,EWR‐SIN,27h55m,2,"SFO, NRT",6:10 am – 4:40 pm,ANA,SIN‐EWR,22h30m,1,NRT,1236,20220407-1004,best
7:00 am – 12:35 am +2,United Airlines,EWR‐SIN,29h35m,2,"LAX, NRT",8:45 am – 9:08 pm,United Airlines,SIN‐EWR,24h23m,1,SFO,1076,20220407-1004,best
9:00 am – 12:20 am +2,Japan Airlines,EWR‐SIN,27h20m,2,"LAX, NRT",6:10 am – 4:40 pm,ANA,SIN‐EWR,22h30m,1,NRT,1278,20220407-1004,best
11:35 am – 12:35 am +2,"United Airlines, ANA",EWR‐SIN,25h00m,1,NRT,8:45 am – 10:15 pm,United Airlines,SIN‐EWR,25h30m,2,"SFO, LAS",1260,20220407-1004,best
8:00 am – 12:35 am +2,ANA,EWR‐SIN,28h35m,2,"SFO, NRT",6:10 am – 4:40 pm,ANA,SIN‐EWR,22h30m,1,NRT,1265,20220407-1004,best
7:00 am – 12:35 am +2,ANA,EWR‐SIN,29h35m,2,"LAX, NRT",6:10 am – 4:40 pm,ANA,SIN‐EWR,22h30m,1,NRT,1222,20220407-1004,best
11:35 am – 12:35 am +2,"United Airlines, ANA",EWR‐SIN,25h00m,1,NRT,8:45 am – 9:25 pm,United Airlines,SIN‐EWR,24h40m,2,"SFO, DEN",1336,20220407-1004,best
10:55 am – 12:35 am +2,United Airlines,EWR‐SIN,25h40m,1,HND-NRT,8:45 am – 7:23 pm,United Airlines,SIN‐EWR,22h38m,1,SFO,1438,20220407-1004,best
10:25 am – 5:10 pm +1,Singapore Airlines,EWR‐SIN,18h45m,0,,11:35 pm – 6:00 am +1,Singapore Airlines,SIN‐EWR,18h25m,0,,2214,20220407-1009,fast
10:25 am – 5:10 pm +1,Singapore Airlines,EWR‐SIN,18h45m,0,,7:00 am – 4:49 pm,"Singapore Airlines, Air Canada",SIN‐EWR,21h49m,1,YVR,7249,20220407-1009,fast
10:25 am – 5:10 pm +1,Singapore Airlines,EWR‐SIN,18h45m,0,,6:10 am – 4:40 pm,ANA,SIN‐EWR,22h30m,1,NRT,2038,20220407-1009,fast
10:25 am – 5:10 pm +1,Singapore Airlines,EWR‐SIN,18h45m,0,,6:40 pm – 6:59 am +1,Singapore Airlines,SIN‐EWR,24h19m,1,SFO,2188,20220407-1009,fast
3:59 pm – 5:45 am +2,Singapore Airlines,EWR‐SIN,25h46m,1,SFO,11:35 pm – 6:00 am +1,Singapore Airlines,SIN‐EWR,18h25m,0,,2533,20220407-1009,fast
11:35 am – 9:55 pm +1,"ANA, ZIPAIR",EWR‐SIN,22h20m,1,NRT,6:10 am – 4:40 pm,ANA,SIN‐EWR,22h30m,1,NRT,2045,20220407-1009,fast
4:00 pm – 7:50 am +2,Singapore Airlines,EWR‐SIN,27h50m,1,LAX,11:35 pm – 6:00 am +1,Singapore Airlines,SIN‐EWR,18h25m,0,,2098,20220407-1009,fast
9:00 am – 1:15 am +2,Singapore Airlines,EWR‐SIN,28h15m,2,"LAX, NRT",11:35 pm – 6:00 am +1,Singapore Airlines,SIN‐EWR,18h25m,0,,2026,20220407-1009,fast
6:00 pm – 6:15 am +2,United Airlines,EWR‐SIN,24h15m,1,SFO,6:10 am – 4:40 pm,United Airlines,SIN‐EWR,22h30m,1,NRT,1992,20220407-1009,fast
6:00 pm – 6:15 am +2,United Airlines,EWR‐SIN,24h15m,1,SFO,8:45 am – 7:23 pm,United Airlines,SIN‐EWR,22h38m,1,SFO,2155,20220407-1009,fast
4:26 pm – 8:55 am +2,"JetBlue, Qatar Airways",EWR‐SIN,28h29m,2,"BOS, DOH",11:35 pm – 6:00 am +1,Singapore Airlines,SIN‐EWR,18h25m,0,,2821,20220407-1009,fast
8:55 pm – 7:00 am +2,Lufthansa,EWR‐SIN,22h05m,1,MUC,11:25 pm – 12:25 pm +1,Lufthansa,SIN‐EWR,25h00m,1,MUC,2863,20220407-1009,fast
7:30 pm – 6:50 am +2,Lufthansa,EWR‐SIN,23h20m,1,FRA,12:30 am – 12:25 pm,Lufthansa,SIN‐EWR,23h55m,1,MUC,2172,20220407-1009,fast
6:15 pm – 5:55 am +2,SWISS,EWR‐SIN,23h40m,1,ZRH,1:25 am – 1:10 pm,SWISS,SIN‐EWR,23h45m,1,ZRH,2336,20220407-1009,fast
11:35 am – 12:35 am +2,ANA,EWR‐SIN,25h00m,1,NRT,6:10 am – 4:40 pm,ANA,SIN‐EWR,22h30m,1,NRT,1041,20220407-1009,fast
