Out Time,Out Airline,Out Cities,Out Duration,Out Stops,Out Stop Cities,Return Time,Return Airline,Return Cities,Return Duration,Return Stops,Return Stop Cities,Price,timestamp,sort
7:50 pm – 6:25 am +2,LOT,EWR‐ICN,21h35m,1,WAW,8:05 am – 5:50 pm +2,LOT,ICN‐EWR,70h45m,2,"WAW, RZE",1484,20220406-0341,cheap
6:25 am – 4:00 pm +1,Air Canada,EWR‐ICN,20h35m,2,"YYZ, YVR",6:40 pm – 10:01 pm,Air Canada,ICN‐EWR,16h21m,1,YYZ,1552,20220406-0341,cheap
8:00 pm – 4:00 pm +2,Air Canada,EWR‐ICN,31h00m,2,"YUL, YVR",6:40 pm – 10:01 pm,Air Canada,ICN‐EWR,16h21m,1,YYZ,1696,20220406-0341,cheap
8:45 pm – 8:45 am +2,Lufthansa,EWR‐ICN,23h00m,1,MUC,10:15 am – 6:55 pm,Lufthansa,ICN‐EWR,21h40m,1,MUC,1797,20220406-0341,cheap
5:40 pm – 8:45 am +2,Lufthansa,EWR‐ICN,26h05m,1,MUC,10:15 am – 6:55 pm,Lufthansa,ICN‐EWR,21h40m,1,MUC,1797,20220406-0341,cheap
9:45 pm – 11:15 am +2,Lufthansa,EWR‐ICN,24h30m,1,FRA,10:15 am – 6:55 pm,Lufthansa,ICN‐EWR,21h40m,1,MUC,1814,20220406-0341,cheap
6:30 pm – 8:45 am +2,Lufthansa,EWR‐ICN,25h15m,2,"CDG, MUC",10:15 am – 6:55 pm,Lufthansa,ICN‐EWR,21h40m,1,MUC,1814,20220406-0341,cheap
6:15 pm – 8:45 am +2,Lufthansa,EWR‐ICN,25h30m,2,"ZRH, MUC",10:15 am – 6:55 pm,Lufthansa,ICN‐EWR,21h40m,1,MUC,1814,20220406-0341,cheap
5:50 pm – 8:45 am +2,Lufthansa,EWR‐ICN,25h55m,2,"AMS, MUC",10:15 am – 6:55 pm,Lufthansa,ICN‐EWR,21h40m,1,MUC,1814,20220406-0341,cheap
5:50 pm – 8:45 am +2,Lufthansa,EWR‐ICN,25h55m,2,"AMS, MUC",10:15 am – 6:55 pm,Lufthansa,ICN‐EWR,21h40m,1,MUC,1814,20220406-0341,cheap
7:30 pm – 11:15 am +2,Lufthansa,EWR‐ICN,26h45m,1,FRA,10:15 am – 6:55 pm,Lufthansa,ICN‐EWR,21h40m,1,MUC,1814,20220406-0341,cheap
7:30 pm – 11:15 am +2,Lufthansa,EWR‐ICN,26h45m,2,"MAD, FRA",10:15 am – 6:55 pm,Lufthansa,ICN‐EWR,21h40m,1,MUC,1815,20220406-0341,cheap
8:15 pm – 4:20 am +3,"Spirit Airlines, Thai Airways",EWR‐ICN,43h05m,1,LAX,1:30 am – 8:21 pm,"Qatar Airways, Amtrak",ICN‐EWR,31h51m,2,"DOH, PHL-PHL",1817,20220406-0341,cheap
9:00 pm – 8:45 am +2,Lufthansa,EWR‐ICN,22h45m,2,"LHR, MUC",10:15 am – 6:55 pm,Lufthansa,ICN‐EWR,21h40m,1,MUC,1819,20220406-0341,cheap
8:00 pm – 8:45 am +2,Lufthansa,EWR‐ICN,23h45m,2,"LHR, MUC",10:15 am – 6:55 pm,Lufthansa,ICN‐EWR,21h40m,1,MUC,1819,20220406-0341,cheap
6:25 am – 4:00 pm +1,Air Canada,EWR‐ICN,20h35m,2,"YYZ, YVR",6:40 pm – 10:01 pm,Air Canada,ICN‐EWR,16h21m,1,YYZ,1740,20220406-0338,best
6:25 am – 4:00 pm +1,Air Canada,EWR‐ICN,20h35m,2,"YYZ, YVR",6:40 pm – 10:01 pm,Air Canada,ICN‐EWR,16h21m,1,YYZ,1552,20220406-0338,best
7:50 pm – 6:25 am +2,LOT,EWR‐ICN,21h35m,1,WAW,8:05 am – 5:50 pm +2,LOT,ICN‐EWR,70h45m,2,"WAW, RZE",1484,20220406-0338,best
7:50 pm – 6:25 am +2,LOT,EWR‐ICN,21h35m,1,WAW,6:40 pm – 10:01 pm,Air Canada,ICN‐EWR,16h21m,1,YYZ,1946,20220406-0338,best
9:30 am – 4:30 pm +1,Korean Air,EWR‐ICN,18h00m,1,DTW,10:45 am – 3:57 pm,Korean Air,ICN‐EWR,18h12m,1,DTW,2457,20220406-0338,best
9:30 am – 4:30 pm +1,Korean Air,EWR‐ICN,18h00m,1,DTW,9:20 am – 3:35 pm,Korean Air,ICN‐EWR,19h15m,1,ATL,2470,20220406-0338,best
8:45 pm – 8:45 am +2,Lufthansa,EWR‐ICN,23h00m,1,MUC,10:15 am – 6:55 pm,Lufthansa,ICN‐EWR,21h40m,1,MUC,1797,20220406-0338,best
6:20 am – 5:35 pm +1,Asiana Airlines,EWR‐ICN,22h15m,1,LAX,6:40 pm – 10:01 pm,Air Canada,ICN‐EWR,16h21m,1,YYZ,2472,20220406-0338,best
9:45 pm – 8:45 am +2,Lufthansa,EWR‐ICN,22h00m,2,"FRA, MUC",10:15 am – 6:55 pm,Lufthansa,ICN‐EWR,21h40m,1,MUC,1833,20220406-0338,best
8:00 pm – 8:45 am +2,Lufthansa,EWR‐ICN,23h45m,2,"LHR, MUC",10:15 am – 6:55 pm,Lufthansa,ICN‐EWR,21h40m,1,MUC,1819,20220406-0338,best
9:00 pm – 8:45 am +2,Lufthansa,EWR‐ICN,22h45m,2,"LHR, MUC",10:15 am – 6:55 pm,Lufthansa,ICN‐EWR,21h40m,1,MUC,1819,20220406-0338,best
7:50 pm – 6:25 am +2,LOT,EWR‐ICN,21h35m,1,WAW,10:45 am – 3:57 pm,Korean Air,ICN‐EWR,18h12m,1,DTW,2514,20220406-0338,best
6:05 am – 4:40 pm +1,Delta,EWR‐ICN,21h35m,2,"DTW, SEA",10:45 am – 3:57 pm,Delta,ICN‐EWR,18h12m,1,DTW,2369,20220406-0338,best
9:45 pm – 11:15 am +2,Lufthansa,EWR‐ICN,24h30m,1,FRA,10:15 am – 6:55 pm,Lufthansa,ICN‐EWR,21h40m,1,MUC,1814,20220406-0338,best
8:45 pm – 8:45 am +2,Lufthansa,EWR‐ICN,23h00m,1,MUC,10:15 am – 8:25 pm,Lufthansa,ICN‐EWR,23h10m,2,"MUC, FRA",1849,20220406-0338,best
5:40 pm – 8:45 am +2,Lufthansa,EWR‐ICN,26h05m,1,MUC,10:15 am – 6:55 pm,Lufthansa,ICN‐EWR,21h40m,1,MUC,1797,20220406-0338,best
7:00 pm – 8:45 am +2,Lufthansa,EWR‐ICN,24h45m,2,"LHR, MUC",10:15 am – 6:55 pm,Lufthansa,ICN‐EWR,21h40m,1,MUC,1819,20220406-0338,best
9:30 am – 4:30 pm +1,"Delta, Korean Air",EWR‐ICN,18h00m,1,DTW,6:40 pm – 10:01 pm,Air Canada,ICN‐EWR,16h21m,1,YYZ,2354,20220406-0343,fast
8:00 am – 4:20 pm +1,"Delta, Korean Air",EWR‐ICN,19h20m,1,ATL,6:40 pm – 10:01 pm,Air Canada,ICN‐EWR,16h21m,1,YYZ,2874,20220406-0343,fast
9:30 am – 4:30 pm +1,Korean Air,EWR‐ICN,18h00m,1,DTW,10:45 am – 3:57 pm,Korean Air,ICN‐EWR,18h12m,1,DTW,2457,20220406-0343,fast
6:25 am – 4:00 pm +1,Air Canada,EWR‐ICN,20h35m,2,"YYZ, YVR",6:40 pm – 10:01 pm,Air Canada,ICN‐EWR,16h21m,1,YYZ,1552,20220406-0343,fast
6:29 am – 2:45 pm +1,United Airlines,EWR‐ICN,19h16m,1,SFO,4:40 pm – 9:25 pm,United Airlines,ICN‐EWR,17h45m,1,SFO,3100,20220406-0343,fast
9:30 am – 4:30 pm +1,Korean Air,EWR‐ICN,18h00m,1,DTW,5:25 pm – 11:26 pm,"Korean Air, American Airlines",ICN‐EWR,19h01m,1,DFW,3107,20220406-0343,fast
9:30 am – 4:30 pm +1,Korean Air,EWR‐ICN,18h00m,1,DTW,9:20 am – 3:35 pm,Korean Air,ICN‐EWR,19h15m,1,ATL,2470,20220406-0343,fast
9:30 am – 4:30 pm +1,Korean Air,EWR‐ICN,18h00m,1,DTW,9:35 am – 3:51 pm,"Korean Air, Air Canada",ICN‐EWR,19h16m,1,YYZ,8178,20220406-0343,fast
9:30 am – 4:30 pm +1,Korean Air,EWR‐ICN,18h00m,1,DTW,2:40 pm – 8:59 pm,"Asiana Airlines, United Airlines",ICN‐EWR,19h19m,1,LAX,3881,20220406-0343,fast
8:00 am – 4:20 pm +1,Korean Air,EWR‐ICN,19h20m,1,ATL,10:45 am – 3:57 pm,Korean Air,ICN‐EWR,18h12m,1,DTW,2837,20220406-0343,fast
6:05 am – 4:30 pm +1,"Delta, Korean Air",EWR‐ICN,21h25m,1,DTW,6:40 pm – 10:01 pm,Air Canada,ICN‐EWR,16h21m,1,YYZ,2354,20220406-0343,fast
7:50 pm – 6:25 am +2,LOT,EWR‐ICN,21h35m,1,WAW,6:40 pm – 10:01 pm,Air Canada,ICN‐EWR,16h21m,1,YYZ,1946,20220406-0343,fast
9:30 am – 4:30 pm +1,Delta,EWR‐ICN,18h00m,1,DTW,10:45 am – 5:41 pm,Delta,ICN‐EWR,19h56m,2,"DTW, ATL",3159,20220406-0343,fast
6:25 am – 3:20 pm +1,"Air Canada, Korean Air",EWR‐ICN,19h55m,1,YYZ,10:45 am – 3:57 pm,Korean Air,ICN‐EWR,18h12m,1,DTW,10528,20220406-0343,fast
6:59 am – 3:15 pm +1,American Airlines,EWR‐ICN,19h16m,1,DFW,5:25 pm – 11:26 pm,American Airlines,ICN‐EWR,19h01m,1,DFW,3020,20220406-0343,fast
