Out Time,Out Airline,Out Cities,Out Duration,Out Stops,Out Stop Cities,Return Time,Return Airline,Return Cities,Return Duration,Return Stops,Return Stop Cities,Price,timestamp,sort
6:25 am – 4:00 pm +1,Air Canada,EWR‐ICN,20h35m,2,"YYZ, YVR",5:45 pm – 7:40 am +1,Air Canada,ICN‐EWR,26h55m,2,"YVR, YUL",1405,20220406-0637,cheap
6:25 am – 4:00 pm +1,Air Canada,EWR‐ICN,20h35m,2,"YYZ, YVR",5:45 pm – 7:40 am +1,Air Canada,ICN‐EWR,26h55m,2,"YVR, YUL",1405,20220406-0637,cheap
6:25 am – 4:00 pm +1,Air Canada,EWR‐ICN,20h35m,2,"YYZ, YVR",5:45 pm – 7:45 am +1,Air Canada,ICN‐EWR,27h00m,2,"YVR, YQB",1405,20220406-0637,cheap
6:25 am – 4:00 pm +1,Air Canada,EWR‐ICN,20h35m,2,"YYZ, YVR",6:40 pm – 10:31 pm,Air Canada,ICN‐EWR,16h51m,1,YYZ,1477,20220406-0637,cheap
6:25 am – 4:00 pm +1,Air Canada,EWR‐ICN,20h35m,2,"YYZ, YVR",6:40 pm – 7:40 am +1,Air Canada,ICN‐EWR,26h00m,2,"YYZ, YUL",1477,20220406-0637,cheap
6:25 am – 4:00 pm +1,Air Canada,EWR‐ICN,20h35m,2,"YYZ, YVR",6:40 pm – 7:56 am +1,Air Canada,ICN‐EWR,26h16m,1,YYZ,1477,20220406-0637,cheap
9:00 pm – 4:00 pm +2,Air Canada,EWR‐ICN,30h00m,2,"YYZ, YVR",6:40 pm – 10:31 pm,Air Canada,ICN‐EWR,16h51m,1,YYZ,1726,20220406-0637,cheap
9:00 pm – 4:00 pm +2,Air Canada,EWR‐ICN,30h00m,2,"YYZ, YVR",6:40 pm – 10:31 pm,Air Canada,ICN‐EWR,16h51m,1,YYZ,1726,20220406-0637,cheap
9:05 am – 5:10 pm +1,Air Canada,EWR‐ICN,19h05m,1,YYZ,6:40 pm – 10:31 pm,Air Canada,ICN‐EWR,16h51m,1,YYZ,1782,20220406-0637,cheap
6:25 am – 5:10 pm +1,Air Canada,EWR‐ICN,21h45m,1,YYZ,6:40 pm – 10:31 pm,Air Canada,ICN‐EWR,16h51m,1,YYZ,1782,20220406-0637,cheap
6:00 am – 5:10 pm +1,Air Canada,EWR‐ICN,22h10m,2,"YUL, YYZ",6:40 pm – 10:31 pm,Air Canada,ICN‐EWR,16h51m,1,YYZ,1782,20220406-0637,cheap
6:00 am – 5:10 pm +1,Air Canada,EWR‐ICN,22h10m,2,"YUL, YYZ",6:40 pm – 10:31 pm,Air Canada,ICN‐EWR,16h51m,1,YYZ,1782,20220406-0637,cheap
8:55 pm – 8:45 am +2,Lufthansa,EWR‐ICN,22h50m,1,MUC,10:15 am – 9:35 pm,"Lufthansa, United Airlines",ICN‐EWR,24h20m,2,"MUC, BOS",1825,20220406-0637,cheap
9:00 pm – 8:45 am +2,Lufthansa,EWR‐ICN,22h45m,2,"LHR, MUC",10:15 am – 9:35 pm,"Lufthansa, United Airlines",ICN‐EWR,24h20m,2,"MUC, BOS",1847,20220406-0637,cheap
7:30 pm – 8:45 am +2,Lufthansa,EWR‐ICN,24h15m,2,"FRA, MUC",10:15 am – 9:35 pm,"Lufthansa, United Airlines",ICN‐EWR,24h20m,2,"MUC, BOS",1860,20220406-0637,cheap
6:25 am – 4:00 pm +1,Air Canada,EWR‐ICN,20h35m,2,"YYZ, YVR",6:40 pm – 10:31 pm,Air Canada,ICN‐EWR,16h51m,1,YYZ,1687,20220406-0634,best
6:25 am – 4:00 pm +1,Air Canada,EWR‐ICN,20h35m,2,"YYZ, YVR",6:40 pm – 10:31 pm,Air Canada,ICN‐EWR,16h51m,1,YYZ,1477,20220406-0634,best
6:25 am – 4:00 pm +1,Air Canada,EWR‐ICN,20h35m,2,"YYZ, YVR",5:45 pm – 7:40 am +1,Air Canada,ICN‐EWR,26h55m,2,"YVR, YUL",1405,20220406-0634,best
9:05 am – 5:10 pm +1,Air Canada,EWR‐ICN,19h05m,1,YYZ,6:40 pm – 10:31 pm,Air Canada,ICN‐EWR,16h51m,1,YYZ,1782,20220406-0634,best
6:25 am – 5:10 pm +1,Air Canada,EWR‐ICN,21h45m,1,YYZ,6:40 pm – 10:31 pm,Air Canada,ICN‐EWR,16h51m,1,YYZ,1782,20220406-0634,best
6:00 am – 5:10 pm +1,Air Canada,EWR‐ICN,22h10m,2,"YUL, YYZ",6:40 pm – 10:31 pm,Air Canada,ICN‐EWR,16h51m,1,YYZ,1782,20220406-0634,best
6:00 am – 5:10 pm +1,Air Canada,EWR‐ICN,22h10m,2,"YUL, YYZ",6:40 pm – 10:31 pm,Air Canada,ICN‐EWR,16h51m,1,YYZ,1782,20220406-0634,best
7:00 am – 3:50 pm +1,Korean Air,EWR‐ICN,19h50m,1,ATL,6:40 pm – 11:23 pm,Korean Air,ICN‐EWR,17h43m,1,ATL,2117,20220406-0634,best
8:05 am – 5:10 pm +1,"United Airlines, Air Canada",EWR‐ICN,20h05m,1,YYZ,6:40 pm – 10:58 pm,"Air Canada, United Airlines",ICN‐EWR,17h18m,1,YYZ,2242,20220406-0634,best
6:59 am – 3:15 pm +1,American Airlines,EWR‐ICN,19h16m,1,DFW,5:25 pm – 11:26 pm,American Airlines,ICN‐EWR,19h01m,1,DFW,2159,20220406-0634,best
9:36 am – 4:30 pm +1,Delta,EWR‐ICN,17h54m,1,DTW,6:40 pm – 11:23 pm,Delta,ICN‐EWR,17h43m,1,ATL,2465,20220406-0634,best
7:00 am – 3:50 pm +1,Korean Air,EWR‐ICN,19h50m,1,ATL,9:20 am – 3:35 pm,Korean Air,ICN‐EWR,19h15m,1,ATL,2175,20220406-0634,best
6:00 am – 2:45 pm +1,United Airlines,EWR‐ICN,19h45m,1,SFO,4:40 pm – 10:08 pm,United Airlines,ICN‐EWR,18h28m,1,SFO,2270,20220406-0634,best
6:00 am – 3:50 pm +1,Delta,EWR‐ICN,20h50m,1,ATL,6:40 pm – 11:23 pm,Delta,ICN‐EWR,17h43m,1,ATL,2265,20220406-0634,best
9:36 am – 4:30 pm +1,Delta,EWR‐ICN,17h54m,1,DTW,6:40 pm – 12:45 am +1,Delta,ICN‐EWR,19h05m,1,ATL,2465,20220406-0634,best
6:25 am – 3:15 pm +1,Delta,EWR‐ICN,19h50m,2,"MSP, SEA",6:40 pm – 11:23 pm,Delta,ICN‐EWR,17h43m,1,ATL,2269,20220406-0634,best
7:00 am – 3:50 pm +1,Delta,EWR‐ICN,19h50m,1,ATL,6:40 pm – 12:45 am +1,Delta,ICN‐EWR,19h05m,1,ATL,2265,20220406-0634,best
6:25 am – 4:00 pm +1,Air Canada,EWR‐ICN,20h35m,2,"YYZ, YVR",5:45 pm – 7:40 am +1,Air Canada,ICN‐EWR,26h55m,2,"YVR, YUL",1405,20220406-0639,fast
6:25 am – 4:00 pm +1,Air Canada,EWR‐ICN,20h35m,2,"YYZ, YVR",5:45 pm – 7:40 am +1,Air Canada,ICN‐EWR,26h55m,2,"YVR, YUL",1405,20220406-0639,fast
6:25 am – 4:00 pm +1,Air Canada,EWR‐ICN,20h35m,2,"YYZ, YVR",5:45 pm – 7:45 am +1,Air Canada,ICN‐EWR,27h00m,2,"YVR, YQB",1405,20220406-0639,fast
6:25 am – 4:00 pm +1,Air Canada,EWR‐ICN,20h35m,2,"YYZ, YVR",6:40 pm – 10:31 pm,Air Canada,ICN‐EWR,16h51m,1,YYZ,1477,20220406-0639,fast
6:25 am – 4:00 pm +1,Air Canada,EWR‐ICN,20h35m,2,"YYZ, YVR",6:40 pm – 7:40 am +1,Air Canada,ICN‐EWR,26h00m,2,"YYZ, YUL",1477,20220406-0639,fast
6:25 am – 4:00 pm +1,Air Canada,EWR‐ICN,20h35m,2,"YYZ, YVR",6:40 pm – 7:56 am +1,Air Canada,ICN‐EWR,26h16m,1,YYZ,1477,20220406-0639,fast
9:00 pm – 4:00 pm +2,Air Canada,EWR‐ICN,30h00m,2,"YYZ, YVR",6:40 pm – 10:31 pm,Air Canada,ICN‐EWR,16h51m,1,YYZ,1726,20220406-0639,fast
9:00 pm – 4:00 pm +2,Air Canada,EWR‐ICN,30h00m,2,"YYZ, YVR",6:40 pm – 10:31 pm,Air Canada,ICN‐EWR,16h51m,1,YYZ,1726,20220406-0639,fast
9:05 am – 5:10 pm +1,Air Canada,EWR‐ICN,19h05m,1,YYZ,6:40 pm – 10:31 pm,Air Canada,ICN‐EWR,16h51m,1,YYZ,1782,20220406-0639,fast
6:25 am – 5:10 pm +1,Air Canada,EWR‐ICN,21h45m,1,YYZ,6:40 pm – 10:31 pm,Air Canada,ICN‐EWR,16h51m,1,YYZ,1782,20220406-0639,fast
6:00 am – 5:10 pm +1,Air Canada,EWR‐ICN,22h10m,2,"YUL, YYZ",6:40 pm – 10:31 pm,Air Canada,ICN‐EWR,16h51m,1,YYZ,1782,20220406-0639,fast
6:00 am – 5:10 pm +1,Air Canada,EWR‐ICN,22h10m,2,"YUL, YYZ",6:40 pm – 10:31 pm,Air Canada,ICN‐EWR,16h51m,1,YYZ,1782,20220406-0639,fast
8:55 pm – 8:45 am +2,Lufthansa,EWR‐ICN,22h50m,1,MUC,10:15 am – 9:35 pm,"Lufthansa, United Airlines",ICN‐EWR,24h20m,2,"MUC, BOS",1825,20220406-0639,fast
9:00 pm – 8:45 am +2,Lufthansa,EWR‐ICN,22h45m,2,"LHR, MUC",10:15 am – 9:35 pm,"Lufthansa, United Airlines",ICN‐EWR,24h20m,2,"MUC, BOS",1847,20220406-0639,fast
7:30 pm – 8:45 am +2,Lufthansa,EWR‐ICN,24h15m,2,"FRA, MUC",10:15 am – 9:35 pm,"Lufthansa, United Airlines",ICN‐EWR,24h20m,2,"MUC, BOS",1860,20220406-0639,fast
