Out Time,Out Airline,Out Cities,Out Duration,Out Stops,Out Stop Cities,Return Time,Return Airline,Return Cities,Return Duration,Return Stops,Return Stop Cities,Price,timestamp,sort
2:30 pm – 4:15 pm +2,Air Canada,EWR‐ICN,36h45m,2,"YYZ, YVR",5:50 pm – 7:52 am +1,Air Canada,ICN‐EWR,27h02m,2,"YVR, YQB",1120,20220406-2316,cheap
9:05 am – 5:10 pm +1,Air Canada,EWR‐ICN,19h05m,1,YYZ,5:50 pm – 7:52 am +1,Air Canada,ICN‐EWR,27h02m,2,"YVR, YQB",1378,20220406-2316,cheap
9:05 am – 5:10 pm +1,Air Canada,EWR‐ICN,19h05m,1,YYZ,5:50 pm – 8:34 am +1,Air Canada,ICN‐EWR,27h44m,2,"YVR, YUL",1378,20220406-2316,cheap
7:59 am – 5:10 pm +1,Air Canada,EWR‐ICN,20h11m,1,YYZ,5:50 pm – 7:52 am +1,Air Canada,ICN‐EWR,27h02m,2,"YVR, YQB",1378,20220406-2316,cheap
7:59 am – 5:10 pm +1,Air Canada,EWR‐ICN,20h11m,1,YYZ,5:50 pm – 8:34 am +1,Air Canada,ICN‐EWR,27h44m,2,"YVR, YUL",1378,20220406-2316,cheap
9:05 am – 5:10 pm +1,Air Canada,EWR‐ICN,19h05m,1,YYZ,5:50 pm – 9:57 am +1,Air Canada,ICN‐EWR,29h07m,2,"YVR, YUL",1378,20220406-2316,cheap
9:05 am – 5:10 pm +1,Air Canada,EWR‐ICN,19h05m,1,YYZ,5:50 pm – 9:57 am +1,Air Canada,ICN‐EWR,29h07m,2,"YVR, YUL",1378,20220406-2316,cheap
9:05 am – 5:10 pm +1,Air Canada,EWR‐ICN,19h05m,1,YYZ,5:50 pm – 8:08 am +1,Air Canada,ICN‐EWR,27h18m,2,"YVR, YYZ",1406,20220406-2316,cheap
9:05 am – 5:10 pm +1,Air Canada,EWR‐ICN,19h05m,1,YYZ,5:50 pm – 8:08 am +1,Air Canada,ICN‐EWR,27h18m,2,"YVR, YYZ",1406,20220406-2316,cheap
9:05 am – 5:10 pm +1,Air Canada,EWR‐ICN,19h05m,1,YYZ,5:50 pm – 8:08 am +1,Air Canada,ICN‐EWR,27h18m,2,"YVR, YYZ",1406,20220406-2316,cheap
9:05 am – 5:10 pm +1,Air Canada,EWR‐ICN,19h05m,1,YYZ,5:50 pm – 8:08 am +1,Air Canada,ICN‐EWR,27h18m,2,"YVR, YYZ",1406,20220406-2316,cheap
7:59 am – 5:10 pm +1,Air Canada,EWR‐ICN,20h11m,1,YYZ,5:50 pm – 8:08 am +1,Air Canada,ICN‐EWR,27h18m,2,"YVR, YYZ",1406,20220406-2316,cheap
7:59 am – 5:10 pm +1,Air Canada,EWR‐ICN,20h11m,1,YYZ,5:50 pm – 8:08 am +1,Air Canada,ICN‐EWR,27h18m,2,"YVR, YYZ",1406,20220406-2316,cheap
12:28 pm – 5:00 am +2,"Spirit Airlines, Asiana Airlines",EWR‐ICN,27h32m,2,"AUS, LAX",1:30 am – 8:02 pm,"Qatar Airways, Amtrak",ICN‐EWR,31h32m,2,"DOH, PHL-PHL",1531,20220406-2316,cheap
6:29 am – 2:55 pm +1,United Airlines,EWR‐ICN,19h26m,1,SFO,4:50 pm – 9:49 pm,United Airlines,ICN‐EWR,17h59m,1,SFO,1536,20220406-2316,cheap
11:50 pm – 6:10 pm +2,Turkish Airlines,EWR‐ICN,29h20m,1,IST,6:40 pm – 10:59 pm,Korean Air,ICN‐EWR,17h19m,1,ATL,2119,20220406-2314,best
6:29 am – 2:55 pm +1,United Airlines,EWR‐ICN,19h26m,1,SFO,4:50 pm – 9:49 pm,United Airlines,ICN‐EWR,17h59m,1,SFO,1536,20220406-2314,best
2:30 pm – 4:15 pm +2,Air Canada,EWR‐ICN,36h45m,2,"YYZ, YVR",5:50 pm – 7:52 am +1,Air Canada,ICN‐EWR,27h02m,2,"YVR, YQB",1120,20220406-2314,best
6:29 am – 2:55 pm +1,United Airlines,EWR‐ICN,19h26m,1,SFO,4:50 pm – 11:33 pm,United Airlines,ICN‐EWR,19h43m,2,"SFO, DEN",1540,20220406-2314,best
6:29 am – 2:55 pm +1,United Airlines,EWR‐ICN,19h26m,1,SFO,4:50 pm – 12:49 am +1,United Airlines,ICN‐EWR,20h59m,1,SFO,1536,20220406-2314,best
6:29 am – 2:55 pm +1,United Airlines,EWR‐ICN,19h26m,1,SFO,4:50 pm – 12:48 am +1,United Airlines,ICN‐EWR,20h58m,2,"SFO, LAX",1540,20220406-2314,best
6:29 am – 2:55 pm +1,United Airlines,EWR‐ICN,19h26m,1,SFO,4:50 pm – 12:30 am +1,United Airlines,ICN‐EWR,20h40m,2,"SFO, ORD",1540,20220406-2314,best
6:29 am – 2:55 pm +1,United Airlines,EWR‐ICN,19h26m,1,SFO,4:50 pm – 11:42 pm,United Airlines,ICN‐EWR,19h52m,2,"SFO, IAD",1664,20220406-2314,best
9:05 am – 5:10 pm +1,Air Canada,EWR‐ICN,19h05m,1,YYZ,5:50 pm – 7:52 am +1,Air Canada,ICN‐EWR,27h02m,2,"YVR, YQB",1378,20220406-2314,best
8:40 am – 4:25 pm +1,Korean Air,EWR‐ICN,18h45m,1,BOS,6:40 pm – 10:59 pm,Korean Air,ICN‐EWR,17h19m,1,ATL,2121,20220406-2314,best
6:29 am – 2:55 pm +1,United Airlines,EWR‐ICN,19h26m,1,SFO,4:50 pm – 5:12 am +1,United Airlines,ICN‐EWR,25h22m,1,SFO,1536,20220406-2314,best
9:05 am – 5:10 pm +1,Air Canada,EWR‐ICN,19h05m,1,YYZ,5:50 pm – 8:08 am +1,Air Canada,ICN‐EWR,27h18m,2,"YVR, YYZ",1406,20220406-2314,best
9:05 am – 5:10 pm +1,Air Canada,EWR‐ICN,19h05m,1,YYZ,5:50 pm – 8:08 am +1,Air Canada,ICN‐EWR,27h18m,2,"YVR, YYZ",1406,20220406-2314,best
9:05 am – 5:10 pm +1,Air Canada,EWR‐ICN,19h05m,1,YYZ,5:50 pm – 8:08 am +1,Air Canada,ICN‐EWR,27h18m,2,"YVR, YYZ",1406,20220406-2314,best
9:05 am – 5:10 pm +1,Air Canada,EWR‐ICN,19h05m,1,YYZ,5:50 pm – 8:08 am +1,Air Canada,ICN‐EWR,27h18m,2,"YVR, YYZ",1406,20220406-2314,best
8:40 am – 4:25 pm +1,Korean Air,EWR‐ICN,18h45m,1,BOS,10:45 am – 3:45 pm,Korean Air,ICN‐EWR,18h00m,1,DTW,2121,20220406-2314,best
9:05 am – 5:10 pm +1,Air Canada,EWR‐ICN,19h05m,1,YYZ,5:50 pm – 8:34 am +1,Air Canada,ICN‐EWR,27h44m,2,"YVR, YUL",1378,20220406-2314,best
8:40 am – 4:25 pm +1,Korean Air,EWR‐ICN,18h45m,1,BOS,6:40 pm – 10:59 pm,Korean Air,ICN‐EWR,17h19m,1,ATL,2121,20220406-2318,fast
8:40 am – 4:25 pm +1,Delta,EWR‐ICN,18h45m,1,BOS,6:40 pm – 10:59 pm,Delta,ICN‐EWR,17h19m,1,ATL,2215,20220406-2318,fast
8:00 am – 4:20 pm +1,Korean Air,EWR‐ICN,19h20m,1,ATL,6:40 pm – 10:59 pm,Korean Air,ICN‐EWR,17h19m,1,ATL,2383,20220406-2318,fast
8:40 am – 4:25 pm +1,Korean Air,EWR‐ICN,18h45m,1,BOS,10:45 am – 3:45 pm,Korean Air,ICN‐EWR,18h00m,1,DTW,2121,20220406-2318,fast
8:40 am – 4:25 pm +1,Delta,EWR‐ICN,18h45m,1,BOS,10:45 am – 3:45 pm,Delta,ICN‐EWR,18h00m,1,DTW,2215,20220406-2318,fast
6:39 am – 3:15 pm +1,"American Airlines, Korean Air",EWR‐ICN,19h36m,1,DFW,6:40 pm – 10:59 pm,Korean Air,ICN‐EWR,17h19m,1,ATL,3064,20220406-2318,fast
8:40 am – 4:25 pm +1,Korean Air,EWR‐ICN,18h45m,1,BOS,9:30 am – 2:49 pm,Korean Air,ICN‐EWR,18h19m,1,BOS,2303,20220406-2318,fast
9:05 am – 5:10 pm +1,Air Canada,EWR‐ICN,19h05m,1,YYZ,10:45 am – 3:45 pm,Korean Air,ICN‐EWR,18h00m,1,DTW,2467,20220406-2318,fast
8:00 am – 4:20 pm +1,Korean Air,EWR‐ICN,19h20m,1,ATL,10:45 am – 3:45 pm,Korean Air,ICN‐EWR,18h00m,1,DTW,2383,20220406-2318,fast
6:29 am – 2:55 pm +1,United Airlines,EWR‐ICN,19h26m,1,SFO,4:50 pm – 9:49 pm,United Airlines,ICN‐EWR,17h59m,1,SFO,1536,20220406-2318,fast
6:29 am – 2:55 pm +1,United Airlines,EWR‐ICN,19h26m,1,SFO,10:45 am – 3:45 pm,Korean Air,ICN‐EWR,18h00m,1,DTW,2045,20220406-2318,fast
7:59 am – 5:10 pm +1,Air Canada,EWR‐ICN,20h11m,1,YYZ,6:40 pm – 10:59 pm,Korean Air,ICN‐EWR,17h19m,1,ATL,2467,20220406-2318,fast
6:39 am – 3:15 pm +1,"American Airlines, Korean Air",EWR‐ICN,19h36m,1,DFW,10:45 am – 3:45 pm,Korean Air,ICN‐EWR,18h00m,1,DTW,3064,20220406-2318,fast
8:40 am – 4:25 pm +1,Korean Air,EWR‐ICN,18h45m,1,BOS,9:20 am – 3:14 pm,Korean Air,ICN‐EWR,18h54m,1,ATL,2303,20220406-2318,fast
7:00 am – 4:20 pm +1,Korean Air,EWR‐ICN,20h20m,1,ATL,6:40 pm – 10:59 pm,Korean Air,ICN‐EWR,17h19m,1,ATL,2383,20220406-2318,fast
