Out Time,Out Airline,Out Cities,Out Duration,Out Stops,Out Stop Cities,Return Time,Return Airline,Return Cities,Return Duration,Return Stops,Return Stop Cities,Price,timestamp,sort
6:00 pm – 6:15 am +2,United Airlines,EWR‐SIN,24h15m,1,SFO,8:45 am – 1:58 am +1,United Airlines,SIN‐EWR,29h13m,1,SFO,972,20220407-1029,cheap
6:00 pm – 6:15 am +2,United Airlines,EWR‐SIN,24h15m,1,SFO,8:45 am – 5:44 am +1,United Airlines,SIN‐EWR,32h59m,1,SFO,982,20220407-1029,cheap
6:00 pm – 6:15 am +2,United Airlines,EWR‐SIN,24h15m,1,SFO,8:45 am – 7:54 am +1,United Airlines,SIN‐EWR,35h09m,1,SFO,982,20220407-1029,cheap
6:00 pm – 6:15 am +2,United Airlines,EWR‐SIN,24h15m,1,SFO,8:45 am – 8:34 am +1,United Airlines,SIN‐EWR,35h49m,1,SFO,982,20220407-1029,cheap
11:35 am – 12:35 am +2,ANA,EWR‐SIN,25h00m,1,NRT,10:10 pm – 5:10 pm +1,ANA,SIN‐EWR,31h00m,1,HND,1045,20220407-1029,cheap
7:00 am – 12:35 am +2,ANA,EWR‐SIN,29h35m,2,"LAX, NRT",10:10 pm – 5:10 pm +1,ANA,SIN‐EWR,31h00m,1,HND,1047,20220407-1029,cheap
11:35 am – 12:35 am +2,ANA,EWR‐SIN,25h00m,1,NRT,10:10 pm – 10:08 pm +1,ANA,SIN‐EWR,35h58m,2,"HND, SFO",1053,20220407-1029,cheap
11:35 am – 12:35 am +2,ANA,EWR‐SIN,25h00m,1,NRT,10:10 pm – 10:38 pm +1,ANA,SIN‐EWR,36h28m,2,"HND, LAX",1053,20220407-1029,cheap
11:35 am – 12:35 am +2,ANA,EWR‐SIN,25h00m,1,NRT,10:10 pm – 11:23 pm +1,ANA,SIN‐EWR,37h13m,2,"HND, LAX",1053,20220407-1029,cheap
10:55 am – 12:35 am +2,ANA,EWR‐SIN,25h40m,1,HND-NRT,10:10 pm – 5:10 pm +1,ANA,SIN‐EWR,31h00m,1,HND,1054,20220407-1029,cheap
10:55 am – 12:35 am +2,ANA,EWR‐SIN,25h40m,1,HND-NRT,10:10 pm – 10:08 pm +1,ANA,SIN‐EWR,35h58m,2,"HND, SFO",1061,20220407-1029,cheap
10:55 am – 12:35 am +2,ANA,EWR‐SIN,25h40m,1,HND-NRT,10:10 pm – 10:38 pm +1,ANA,SIN‐EWR,36h28m,2,"HND, LAX",1061,20220407-1029,cheap
10:55 am – 12:35 am +2,ANA,EWR‐SIN,25h40m,1,HND-NRT,10:10 pm – 11:23 pm +1,ANA,SIN‐EWR,37h13m,2,"HND, LAX",1061,20220407-1029,cheap
11:35 am – 12:35 am +2,United Airlines,EWR‐SIN,25h00m,1,NRT,8:45 am – 1:58 am +1,United Airlines,SIN‐EWR,29h13m,1,SFO,1080,20220407-1029,cheap
4:00 pm – 6:15 am +2,United Airlines,EWR‐SIN,26h15m,1,SFO,8:45 am – 1:58 am +1,United Airlines,SIN‐EWR,29h13m,1,SFO,1082,20220407-1029,cheap
11:35 am – 12:35 am +2,ANA,EWR‐SIN,25h00m,1,NRT,10:10 pm – 5:10 pm +1,ANA,SIN‐EWR,31h00m,1,HND,1045,20220407-1026,best
6:00 pm – 6:15 am +2,United Airlines,EWR‐SIN,24h15m,1,SFO,6:10 am – 4:40 pm,"ANA, United Airlines",SIN‐EWR,22h30m,1,NRT,1188,20220407-1026,best
6:00 pm – 6:15 am +2,United Airlines,EWR‐SIN,24h15m,1,SFO,8:45 am – 1:58 am +1,United Airlines,SIN‐EWR,29h13m,1,SFO,972,20220407-1026,best
11:35 am – 12:35 am +2,ANA,EWR‐SIN,25h00m,1,NRT,6:10 am – 4:40 pm,ANA,SIN‐EWR,22h30m,1,NRT,1159,20220407-1026,best
10:55 am – 12:35 am +2,ANA,EWR‐SIN,25h40m,1,HND-NRT,6:10 am – 4:40 pm,ANA,SIN‐EWR,22h30m,1,NRT,1176,20220407-1026,best
11:35 am – 12:35 am +2,United Airlines,EWR‐SIN,25h00m,1,NRT,8:45 am – 1:58 am +1,United Airlines,SIN‐EWR,29h13m,1,SFO,1080,20220407-1026,best
6:00 pm – 6:15 am +2,United Airlines,EWR‐SIN,24h15m,1,SFO,8:45 am – 5:44 am +1,United Airlines,SIN‐EWR,32h59m,1,SFO,982,20220407-1026,best
8:00 am – 12:35 am +2,ANA,EWR‐SIN,28h35m,2,"SFO, NRT",6:10 am – 4:40 pm,ANA,SIN‐EWR,22h30m,1,NRT,1203,20220407-1026,best
7:00 am – 12:35 am +2,ANA,EWR‐SIN,29h35m,2,"LAX, NRT",6:10 am – 4:40 pm,ANA,SIN‐EWR,22h30m,1,NRT,1164,20220407-1026,best
4:00 pm – 6:15 am +2,United Airlines,EWR‐SIN,26h15m,1,SFO,8:45 am – 1:58 am +1,United Airlines,SIN‐EWR,29h13m,1,SFO,1082,20220407-1026,best
10:25 am – 5:10 pm +1,Singapore Airlines,EWR‐SIN,18h45m,0,,11:35 pm – 6:00 am +1,Singapore Airlines,SIN‐EWR,18h25m,0,,1819,20220407-1026,best
11:35 am – 12:35 am +2,ANA,EWR‐SIN,25h00m,1,NRT,10:10 pm – 5:10 pm +1,ANA,SIN‐EWR,31h00m,1,HND,1045,20220407-1026,best
6:00 pm – 6:15 am +2,United Airlines,EWR‐SIN,24h15m,1,SFO,8:45 am – 7:54 am +1,United Airlines,SIN‐EWR,35h09m,1,SFO,982,20220407-1026,best
6:00 pm – 6:15 am +2,United Airlines,EWR‐SIN,24h15m,1,SFO,8:45 am – 8:34 am +1,United Airlines,SIN‐EWR,35h49m,1,SFO,982,20220407-1026,best
10:55 am – 12:35 am +2,ANA,EWR‐SIN,25h40m,1,HND-NRT,10:10 pm – 5:10 pm +1,ANA,SIN‐EWR,31h00m,1,HND,1054,20220407-1026,best
8:45 am – 11:40 pm +1,Korean Air,EWR‐SIN,26h55m,2,"ATL, ICN",1:10 am – 2:00 pm,Korean Air,SIN‐EWR,24h50m,2,"ICN, BOS",1148,20220407-1026,best
10:25 am – 5:10 pm +1,Singapore Airlines,EWR‐SIN,18h45m,0,,11:35 pm – 6:00 am +1,Singapore Airlines,SIN‐EWR,18h25m,0,,1819,20220407-1032,fast
10:25 am – 5:10 pm +1,Singapore Airlines,EWR‐SIN,18h45m,0,,6:10 am – 4:40 pm,ANA,SIN‐EWR,22h30m,1,NRT,2217,20220407-1032,fast
6:00 pm – 6:15 am +2,United Airlines,EWR‐SIN,24h15m,1,SFO,11:35 pm – 6:00 am +1,Singapore Airlines,SIN‐EWR,18h25m,0,,1640,20220407-1032,fast
10:25 am – 5:10 pm +1,Singapore Airlines,EWR‐SIN,18h45m,0,,6:40 pm – 6:59 am +1,Singapore Airlines,SIN‐EWR,24h19m,1,SFO,9535,20220407-1032,fast
10:25 am – 5:10 pm +1,Singapore Airlines,EWR‐SIN,18h45m,0,,6:40 pm – 7:10 am +1,Singapore Airlines,SIN‐EWR,24h30m,1,LAX,2635,20220407-1032,fast
11:35 am – 12:35 am +2,ANA,EWR‐SIN,25h00m,1,NRT,11:35 pm – 6:00 am +1,Singapore Airlines,SIN‐EWR,18h25m,0,,1675,20220407-1032,fast
10:55 am – 12:35 am +2,ANA,EWR‐SIN,25h40m,1,HND-NRT,11:35 pm – 6:00 am +1,Singapore Airlines,SIN‐EWR,18h25m,0,,1996,20220407-1032,fast
3:59 pm – 5:45 am +2,Singapore Airlines,EWR‐SIN,25h46m,1,SFO,11:35 pm – 6:00 am +1,Singapore Airlines,SIN‐EWR,18h25m,0,,2291,20220407-1032,fast
6:45 pm – 8:55 am +2,"JetBlue, Qatar Airways",EWR‐SIN,26h10m,2,"BOS, DOH",11:35 pm – 6:00 am +1,Singapore Airlines,SIN‐EWR,18h25m,0,,2035,20220407-1032,fast
8:45 am – 11:40 pm +1,Korean Air,EWR‐SIN,26h55m,2,"ATL, ICN",11:35 pm – 6:00 am +1,Singapore Airlines,SIN‐EWR,18h25m,0,,1636,20220407-1032,fast
9:00 am – 1:15 am +2,Singapore Airlines,EWR‐SIN,28h15m,2,"LAX, NRT",11:35 pm – 6:00 am +1,Singapore Airlines,SIN‐EWR,18h25m,0,,6685,20220407-1032,fast
6:00 pm – 6:15 am +2,United Airlines,EWR‐SIN,24h15m,1,SFO,6:10 am – 4:40 pm,"ANA, United Airlines",SIN‐EWR,22h30m,1,NRT,1188,20220407-1032,fast
4:26 pm – 8:55 am +2,"JetBlue, Qatar Airways",EWR‐SIN,28h29m,2,"BOS, DOH",11:35 pm – 6:00 am +1,Singapore Airlines,SIN‐EWR,18h25m,0,,2035,20220407-1032,fast
7:00 am – 11:40 pm +1,Korean Air,EWR‐SIN,28h40m,2,"ATL, ICN",11:35 pm – 6:00 am +1,Singapore Airlines,SIN‐EWR,18h25m,0,,1636,20220407-1032,fast
7:30 pm – 6:50 am +2,Lufthansa,EWR‐SIN,23h20m,1,FRA,12:30 am – 12:25 pm,Lufthansa,SIN‐EWR,23h55m,1,MUC,2497,20220407-1032,fast
