Out Time,Out Airline,Out Cities,Out Duration,Out Stops,Out Stop Cities,Return Time,Return Airline,Return Cities,Return Duration,Return Stops,Return Stop Cities,Price,timestamp,sort
8:55 pm – 9:35 am +2,Singapore Airlines,JFK‐HKT,25h40m,2,"FRA, SIN",8:10 pm – 11:10 am +2,Singapore Airlines,HKT‐JFK,50h00m,2,"SIN, FRA",1388,20220407-1556,cheap
6:45 pm – 10:40 am +2,"PLAY, Thai Airways",SWF‐HKT,28h55m,3,"KEF, CPH, ...",1:00 pm – 10:15 pm +1,Multiple Airlines,HKT‐JFK,44h15m,3,"BKK, SIN, ...",1532,20220407-1556,cheap
6:45 pm – 10:40 am +2,"PLAY, Thai Airways",SWF‐HKT,28h55m,3,"KEF, CPH, ...",11:25 am – 10:15 pm +1,Multiple Airlines,HKT‐JFK,45h50m,3,"BKK, SIN, ...",1532,20220407-1556,cheap
6:45 pm – 10:40 am +2,"PLAY, Thai Airways",SWF‐HKT,28h55m,3,"KEF, CPH, ...",11:40 am – 10:15 pm +1,Multiple Airlines,HKT‐JFK,45h35m,3,"BKK, SIN, ...",1533,20220407-1556,cheap
6:45 pm – 10:40 am +2,"PLAY, Thai Airways",SWF‐HKT,28h55m,3,"KEF, CPH, ...",1:00 pm – 10:15 pm +1,Multiple Airlines,HKT‐JFK,44h15m,3,"BKK, SIN, ...",1543,20220407-1556,cheap
6:45 pm – 10:40 am +2,"PLAY, Thai Airways",SWF‐HKT,28h55m,3,"KEF, CPH, ...",11:25 am – 10:15 pm +1,Multiple Airlines,HKT‐JFK,45h50m,3,"BKK, SIN, ...",1543,20220407-1556,cheap
6:45 pm – 1:15 pm +2,"PLAY, Qatar Airways",SWF‐HKT,31h30m,3,"KEF, CDG, ...",9:05 pm – 5:35 pm +1,"Qatar Airways, PLAY",HKT‐SWF,31h30m,3,"DOH, CDG, ...",1559,20220407-1556,cheap
4:25 pm – 10:35 am +2,Multiple Airlines,JFK‐HKT,31h10m,3,"FRA, ZRH, ...",9:05 pm – 8:30 am +1,Qatar Airways,HKT‐JFK,22h25m,1,DOH,1564,20220407-1556,cheap
4:25 pm – 10:35 am +2,Multiple Airlines,JFK‐HKT,31h10m,3,"FRA, ZRH, ...",9:05 pm – 8:30 am +1,Qatar Airways,HKT‐JFK,22h25m,1,DOH,1564,20220407-1556,cheap
4:25 pm – 10:35 am +2,Multiple Airlines,JFK‐HKT,31h10m,3,"FRA, ZRH, ...",11:55 pm – 2:55 pm +1,Qatar Airways,HKT‐JFK,26h00m,1,DOH,1564,20220407-1556,cheap
4:25 pm – 10:35 am +2,Multiple Airlines,JFK‐HKT,31h10m,3,"FRA, ZRH, ...",11:55 pm – 2:55 pm +1,Qatar Airways,HKT‐JFK,26h00m,1,DOH,1564,20220407-1556,cheap
8:55 pm – 9:35 am +2,Singapore Airlines,JFK‐HKT,25h40m,2,"FRA, SIN",8:10 pm – 11:10 am +1,Singapore Airlines,HKT‐JFK,26h00m,2,"SIN, FRA",1574,20220407-1556,cheap
8:55 pm – 10:50 am +2,Singapore Airlines,JFK‐HKT,26h55m,2,"FRA, SIN",8:10 pm – 11:10 am +1,Singapore Airlines,HKT‐JFK,26h00m,2,"SIN, FRA",1574,20220407-1556,cheap
8:55 pm – 11:30 am +2,Singapore Airlines,JFK‐HKT,27h35m,2,"FRA, SIN",8:10 pm – 11:10 am +1,Singapore Airlines,HKT‐JFK,26h00m,2,"SIN, FRA",1574,20220407-1556,cheap
8:55 pm – 9:35 am +2,Singapore Airlines,JFK‐HKT,25h40m,2,"FRA, SIN",6:10 pm – 11:10 am +1,Singapore Airlines,HKT‐JFK,28h00m,2,"SIN, FRA",1574,20220407-1556,cheap
8:55 pm – 11:30 am +2,Singapore Airlines,JFK‐HKT,27h35m,2,"FRA, SIN",12:10 pm – 11:10 am +1,Singapore Airlines,HKT‐JFK,34h00m,2,"SIN, FRA",1758,20220407-1553,best
9:55 pm – 6:55 am +2,Qatar Airways,JFK‐HKT,22h00m,1,DOH,9:05 pm – 8:30 am +1,Qatar Airways,HKT‐JFK,22h25m,1,DOH,1826,20220407-1553,best
10:25 am – 7:20 pm +1,Singapore Airlines,EWR‐HKT,21h55m,1,SIN,6:10 pm – 6:00 am +1,Singapore Airlines,HKT‐EWR,22h50m,1,SIN,2072,20220407-1553,best
8:55 pm – 9:35 am +2,Singapore Airlines,JFK‐HKT,25h40m,2,"FRA, SIN",6:10 pm – 6:00 am +1,Singapore Airlines,HKT‐EWR,22h50m,1,SIN,1747,20220407-1553,best
8:55 pm – 9:35 am +2,Singapore Airlines,JFK‐HKT,25h40m,2,"FRA, SIN",9:05 pm – 8:30 am +1,Qatar Airways,HKT‐JFK,22h25m,1,DOH,1683,20220407-1553,best
9:55 pm – 6:55 am +2,Qatar Airways,JFK‐HKT,22h00m,1,DOH,11:55 pm – 2:55 pm +1,Qatar Airways,HKT‐JFK,26h00m,1,DOH,1764,20220407-1553,best
8:55 pm – 10:50 am +2,Singapore Airlines,JFK‐HKT,26h55m,2,"FRA, SIN",6:10 pm – 6:00 am +1,Singapore Airlines,HKT‐EWR,22h50m,1,SIN,1747,20220407-1553,best
10:25 am – 7:20 pm +1,Singapore Airlines,EWR‐HKT,21h55m,1,SIN,9:05 pm – 8:30 am +1,Qatar Airways,HKT‐JFK,22h25m,1,DOH,2107,20220407-1553,best
8:55 pm – 10:50 am +2,Singapore Airlines,JFK‐HKT,26h55m,2,"FRA, SIN",9:05 pm – 8:30 am +1,Qatar Airways,HKT‐JFK,22h25m,1,DOH,1699,20220407-1553,best
8:55 pm – 11:30 am +2,Singapore Airlines,JFK‐HKT,27h35m,2,"FRA, SIN",6:10 pm – 6:00 am +1,Singapore Airlines,HKT‐EWR,22h50m,1,SIN,1733,20220407-1553,best
8:55 pm – 11:30 am +2,Singapore Airlines,JFK‐HKT,27h35m,2,"FRA, SIN",9:05 pm – 8:30 am +1,Qatar Airways,HKT‐JFK,22h25m,1,DOH,1678,20220407-1553,best
10:25 am – 7:20 pm +1,Singapore Airlines,EWR‐HKT,21h55m,1,SIN,8:10 pm – 11:10 am +1,Singapore Airlines,HKT‐JFK,26h00m,2,"SIN, FRA",1905,20220407-1553,best
8:55 pm – 9:35 am +2,Singapore Airlines,JFK‐HKT,25h40m,2,"FRA, SIN",8:10 pm – 11:10 am +1,Singapore Airlines,HKT‐JFK,26h00m,2,"SIN, FRA",1574,20220407-1553,best
9:55 pm – 6:55 am +2,Qatar Airways,JFK‐HKT,22h00m,1,DOH,12:10 am – 2:25 pm,Emirates,HKT‐JFK,25h15m,1,DXB,1905,20220407-1553,best
1:00 am – 1:15 pm +1,Qatar Airways,JFK‐HKT,25h15m,1,DOH,9:05 pm – 8:30 am +1,Qatar Airways,HKT‐JFK,22h25m,1,DOH,1826,20220407-1553,best
8:55 pm – 10:50 am +2,Singapore Airlines,JFK‐HKT,26h55m,2,"FRA, SIN",8:10 pm – 11:10 am +1,Singapore Airlines,HKT‐JFK,26h00m,2,"SIN, FRA",1574,20220407-1553,best
10:25 am – 7:20 pm +1,Singapore Airlines,EWR‐HKT,21h55m,1,SIN,9:05 pm – 8:30 am +1,Qatar Airways,HKT‐JFK,22h25m,1,DOH,2107,20220407-1559,fast
9:55 pm – 6:55 am +2,Qatar Airways,JFK‐HKT,22h00m,1,DOH,9:05 pm – 8:30 am +1,Qatar Airways,HKT‐JFK,22h25m,1,DOH,1826,20220407-1559,fast
9:55 pm – 6:55 am +2,"American Airlines, Qatar Airways",JFK‐HKT,22h00m,1,DOH,9:05 pm – 8:30 am +1,"Qatar Airways, American Airlines",HKT‐JFK,22h25m,1,DOH,5268,20220407-1559,fast
9:55 pm – 6:55 am +2,"American Airlines, Qatar Airways",JFK‐HKT,22h00m,1,DOH,9:05 pm – 8:45 am +1,"Qatar Airways, American Airlines",HKT‐JFK,22h40m,1,DOH,4873,20220407-1559,fast
10:25 am – 7:20 pm +1,Singapore Airlines,EWR‐HKT,21h55m,1,SIN,6:10 pm – 6:00 am +1,Singapore Airlines,HKT‐EWR,22h50m,1,SIN,2072,20220407-1559,fast
7:10 pm – 6:55 am +2,Qatar Airways,JFK‐HKT,24h45m,2,"LHR, DOH",9:05 pm – 8:30 am +1,Qatar Airways,HKT‐JFK,22h25m,1,DOH,2311,20220407-1559,fast
9:55 pm – 6:55 am +2,Qatar Airways,JFK‐HKT,22h00m,1,DOH,12:10 am – 2:25 pm,Emirates,HKT‐JFK,25h15m,1,DXB,1905,20220407-1559,fast
1:00 am – 1:15 pm +1,Qatar Airways,JFK‐HKT,25h15m,1,DOH,9:05 pm – 8:30 am +1,Qatar Airways,HKT‐JFK,22h25m,1,DOH,1826,20220407-1559,fast
1:00 am – 1:15 pm +1,"American Airlines, Qatar Airways",JFK‐HKT,25h15m,1,DOH,9:05 pm – 8:30 am +1,"Qatar Airways, American Airlines",HKT‐JFK,22h25m,1,DOH,5268,20220407-1559,fast
10:25 am – 7:20 pm +1,Singapore Airlines,EWR‐HKT,21h55m,1,SIN,8:10 pm – 11:10 am +1,Singapore Airlines,HKT‐JFK,26h00m,2,"SIN, FRA",1905,20220407-1559,fast
10:25 am – 7:20 pm +1,Singapore Airlines,EWR‐HKT,21h55m,1,SIN,11:55 pm – 2:55 pm +1,Qatar Airways,HKT‐JFK,26h00m,1,DOH,2176,20220407-1559,fast
1:00 am – 1:15 pm +1,"American Airlines, Qatar Airways",JFK‐HKT,25h15m,1,DOH,9:05 pm – 8:45 am +1,"Qatar Airways, American Airlines",HKT‐JFK,22h40m,1,DOH,4873,20220407-1559,fast
9:55 pm – 6:55 am +2,Qatar Airways,JFK‐HKT,22h00m,1,DOH,11:55 pm – 2:55 pm +1,Qatar Airways,HKT‐JFK,26h00m,1,DOH,1764,20220407-1559,fast
9:55 pm – 6:55 am +2,"American Airlines, Qatar Airways",JFK‐HKT,22h00m,1,DOH,11:55 pm – 2:55 pm +1,"Qatar Airways, American Airlines",HKT‐JFK,26h00m,1,DOH,5268,20220407-1559,fast
8:55 pm – 9:35 am +2,Singapore Airlines,JFK‐HKT,25h40m,2,"FRA, SIN",9:05 pm – 8:30 am +1,Qatar Airways,HKT‐JFK,22h25m,1,DOH,1683,20220407-1559,fast
