Out Time,Out Airline,Out Cities,Out Duration,Out Stops,Out Stop Cities,Return Time,Return Airline,Return Cities,Return Duration,Return Stops,Return Stop Cities,Price,timestamp,sort
8:55 pm – 7:10 pm +2,Singapore Airlines,JFK‐HKT,35h15m,2,"FRA, SIN",8:10 pm – 11:10 am +2,Singapore Airlines,HKT‐JFK,50h00m,2,"SIN, FRA",940,20220407-0801,cheap
1:00 am – 6:20 pm +1,"Qatar Airways, Bangkok Airways",JFK‐HKT,30h20m,2,"DOH, BKK",2:40 pm – 2:55 pm +1,"Bangkok Airways, Qatar Airways",HKT‐JFK,35h15m,2,"BKK, DOH",1068,20220407-0801,cheap
1:00 am – 6:20 pm +1,"Qatar Airways, Bangkok Airways",JFK‐HKT,30h20m,2,"DOH, BKK",10:20 am – 2:55 pm +1,"Bangkok Airways, Qatar Airways",HKT‐JFK,39h35m,2,"BKK, DOH",1068,20220407-0801,cheap
1:00 am – 6:40 pm +1,"Qatar Airways, Thai Vietjet Air",JFK‐HKT,30h40m,2,"DOH, BKK",8:55 am – 2:55 pm +1,"Thai Vietjet Air, Qatar Airways",HKT‐JFK,41h00m,2,"BKK, DOH",1071,20220407-0801,cheap
1:00 am – 7:25 pm +1,"Qatar Airways, Thai Vietjet Air",JFK‐HKT,31h25m,2,"DOH, BKK",8:55 am – 2:55 pm +1,"Thai Vietjet Air, Qatar Airways",HKT‐JFK,41h00m,2,"BKK, DOH",1071,20220407-0801,cheap
1:00 am – 8:50 pm +1,"Qatar Airways, Thai Vietjet Air",JFK‐HKT,32h50m,2,"DOH, BKK",8:55 am – 2:55 pm +1,"Thai Vietjet Air, Qatar Airways",HKT‐JFK,41h00m,2,"BKK, DOH",1071,20220407-0801,cheap
1:00 am – 6:40 pm +1,"Qatar Airways, Thai Vietjet Air",JFK‐HKT,30h40m,2,"DOH, BKK",1:35 pm – 2:55 pm +1,"Thai Vietjet Air, Qatar Airways",HKT‐JFK,36h20m,2,"BKK, DOH",1074,20220407-0801,cheap
1:00 am – 7:25 pm +1,"Qatar Airways, Thai Vietjet Air",JFK‐HKT,31h25m,2,"DOH, BKK",1:35 pm – 2:55 pm +1,"Thai Vietjet Air, Qatar Airways",HKT‐JFK,36h20m,2,"BKK, DOH",1074,20220407-0801,cheap
1:00 am – 6:40 pm +1,"Qatar Airways, Thai Vietjet Air",JFK‐HKT,30h40m,2,"DOH, BKK",12:15 pm – 2:55 pm +1,"Thai Vietjet Air, Qatar Airways",HKT‐JFK,37h40m,2,"BKK, DOH",1074,20220407-0801,cheap
1:00 am – 7:25 pm +1,"Qatar Airways, Thai Vietjet Air",JFK‐HKT,31h25m,2,"DOH, BKK",12:15 pm – 2:55 pm +1,"Thai Vietjet Air, Qatar Airways",HKT‐JFK,37h40m,2,"BKK, DOH",1074,20220407-0801,cheap
1:00 am – 8:50 pm +1,"Qatar Airways, Thai Vietjet Air",JFK‐HKT,32h50m,2,"DOH, BKK",1:35 pm – 2:55 pm +1,"Thai Vietjet Air, Qatar Airways",HKT‐JFK,36h20m,2,"BKK, DOH",1074,20220407-0801,cheap
1:00 am – 6:40 pm +1,"Qatar Airways, Thai Vietjet Air",JFK‐HKT,30h40m,2,"DOH, BKK",10:15 am – 2:55 pm +1,"Thai Vietjet Air, Qatar Airways",HKT‐JFK,39h40m,2,"BKK, DOH",1074,20220407-0801,cheap
1:00 am – 8:50 pm +1,"Qatar Airways, Thai Vietjet Air",JFK‐HKT,32h50m,2,"DOH, BKK",12:15 pm – 2:55 pm +1,"Thai Vietjet Air, Qatar Airways",HKT‐JFK,37h40m,2,"BKK, DOH",1074,20220407-0801,cheap
1:00 am – 7:25 pm +1,"Qatar Airways, Thai Vietjet Air",JFK‐HKT,31h25m,2,"DOH, BKK",10:15 am – 2:55 pm +1,"Thai Vietjet Air, Qatar Airways",HKT‐JFK,39h40m,2,"BKK, DOH",1074,20220407-0801,cheap
1:00 am – 8:50 pm +1,"Qatar Airways, Thai Vietjet Air",JFK‐HKT,32h50m,2,"DOH, BKK",10:15 am – 2:55 pm +1,"Thai Vietjet Air, Qatar Airways",HKT‐JFK,39h40m,2,"BKK, DOH",1074,20220407-0801,cheap
9:55 pm – 7:20 am +2,Qatar Airways,JFK‐HKT,22h25m,1,DOH,11:55 pm – 2:55 pm +1,Qatar Airways,HKT‐JFK,26h00m,1,DOH,1197,20220407-0759,best
9:55 pm – 7:20 am +2,Qatar Airways,JFK‐HKT,22h25m,1,DOH,11:55 pm – 2:55 pm +1,Qatar Airways,HKT‐JFK,26h00m,1,DOH,1150,20220407-0759,best
8:55 pm – 7:10 pm +2,Singapore Airlines,JFK‐HKT,35h15m,2,"FRA, SIN",8:10 pm – 11:10 am +2,Singapore Airlines,HKT‐JFK,50h00m,2,"SIN, FRA",940,20220407-0759,best
9:55 pm – 7:20 am +2,Qatar Airways,JFK‐HKT,22h25m,1,DOH,9:05 pm – 9:00 am +1,Qatar Airways,HKT‐JFK,22h55m,1,DOH,1359,20220407-0759,best
7:00 pm – 7:20 am +2,Qatar Airways,JFK‐HKT,25h20m,2,"BOS, DOH",11:55 pm – 2:55 pm +1,Qatar Airways,HKT‐JFK,26h00m,1,DOH,1253,20220407-0759,best
9:55 pm – 7:20 am +2,Qatar Airways,JFK‐HKT,22h25m,1,DOH,7:10 pm – 2:55 pm +1,Qatar Airways,HKT‐JFK,30h45m,2,"BKK, DOH",1206,20220407-0759,best
7:00 pm – 7:20 am +2,Qatar Airways,LGA‐HKT,25h20m,2,"BOS, DOH",11:55 pm – 2:55 pm +1,Qatar Airways,HKT‐JFK,26h00m,1,DOH,1271,20220407-0759,best
1:00 am – 1:15 pm +1,Qatar Airways,JFK‐HKT,25h15m,1,DOH,11:55 pm – 2:55 pm +1,Qatar Airways,HKT‐JFK,26h00m,1,DOH,1229,20220407-0759,best
6:00 pm – 7:20 am +2,Qatar Airways,LGA‐HKT,26h20m,2,"BOS, DOH",11:55 pm – 2:55 pm +1,Qatar Airways,HKT‐JFK,26h00m,1,DOH,1273,20220407-0759,best
9:55 pm – 7:20 am +2,Qatar Airways,JFK‐HKT,22h25m,1,DOH,9:05 pm – 2:55 pm +1,Qatar Airways,HKT‐JFK,28h50m,1,DOH,1302,20220407-0759,best
5:00 pm – 7:20 am +2,Qatar Airways,LGA‐HKT,27h20m,2,"BOS, DOH",11:55 pm – 2:55 pm +1,Qatar Airways,HKT‐JFK,26h00m,1,DOH,1273,20220407-0759,best
4:30 pm – 7:20 am +2,Qatar Airways,LGA‐HKT,27h50m,2,"ORD, DOH",11:55 pm – 2:55 pm +1,Qatar Airways,HKT‐JFK,26h00m,1,DOH,1262,20220407-0759,best
11:10 am – 7:20 am +2,Qatar Airways,JFK‐HKT,33h10m,1,DOH,11:55 pm – 2:55 pm +1,Qatar Airways,HKT‐JFK,26h00m,1,DOH,1154,20220407-0759,best
7:00 pm – 7:20 am +2,Qatar Airways,JFK‐HKT,25h20m,2,"BOS, DOH",9:05 pm – 9:00 am +1,Qatar Airways,HKT‐JFK,22h55m,1,DOH,1461,20220407-0759,best
3:44 pm – 7:20 am +2,Qatar Airways,JFK‐HKT,28h36m,2,"ORD, DOH",11:55 pm – 2:55 pm +1,Qatar Airways,HKT‐JFK,26h00m,1,DOH,1281,20220407-0759,best
9:55 pm – 1:15 pm +2,Qatar Airways,JFK‐HKT,28h20m,1,DOH,11:55 pm – 2:55 pm +1,Qatar Airways,HKT‐JFK,26h00m,1,DOH,1273,20220407-0759,best
1:00 am – 1:15 pm +1,Qatar Airways,JFK‐HKT,25h15m,1,DOH,9:05 pm – 9:00 am +1,Qatar Airways,HKT‐JFK,22h55m,1,DOH,1437,20220407-0759,best
9:55 pm – 7:20 am +2,Qatar Airways,JFK‐HKT,22h25m,1,DOH,9:05 pm – 9:00 am +1,Qatar Airways,HKT‐JFK,22h55m,1,DOH,1359,20220407-0804,fast
9:55 pm – 7:20 am +2,"American Airlines, Qatar Airways",JFK‐HKT,22h25m,1,DOH,9:05 pm – 9:00 am +1,"Qatar Airways, American Airlines",HKT‐JFK,22h55m,1,DOH,1739,20220407-0804,fast
9:55 pm – 7:20 am +2,Qatar Airways,JFK‐HKT,22h25m,1,DOH,5:35 pm – 6:00 am +1,Singapore Airlines,HKT‐EWR,23h25m,1,SIN,2175,20220407-0804,fast
9:55 pm – 7:20 am +2,Qatar Airways,JFK‐HKT,22h25m,1,DOH,11:50 pm – 12:55 pm +1,"Thai Airways, SAS",HKT‐EWR,24h05m,1,ARN,1724,20220407-0804,fast
11:20 am – 8:00 pm +1,Emirates,JFK‐HKT,21h40m,1,DXB,8:55 am – 11:00 pm,"Thai Vietjet Air, Philippine Airlines",HKT‐JFK,25h05m,2,"BKK, MNL",1965,20220407-0804,fast
10:30 pm – 9:35 am +2,Singapore Airlines,JFK‐HKT,24h05m,1,SIN,6:10 pm – 6:00 am +1,Singapore Airlines,HKT‐EWR,22h50m,1,SIN,2057,20220407-0804,fast
11:20 am – 8:00 pm +1,Emirates,JFK‐HKT,21h40m,1,DXB,12:10 am – 2:25 pm,Emirates,HKT‐JFK,25h15m,1,DXB,2074,20220407-0804,fast
9:55 pm – 7:20 am +2,Qatar Airways,JFK‐HKT,22h25m,1,DOH,8:55 am – 11:00 pm,"Thai Vietjet Air, Philippine Airlines",HKT‐JFK,25h05m,2,"BKK, MNL",1392,20220407-0804,fast
9:55 pm – 7:20 am +2,Qatar Airways,JFK‐HKT,22h25m,1,DOH,12:10 am – 2:25 pm,Emirates,HKT‐JFK,25h15m,1,DXB,1782,20220407-0804,fast
11:20 am – 8:00 pm +1,Emirates,JFK‐HKT,21h40m,1,DXB,11:55 pm – 2:55 pm +1,Qatar Airways,HKT‐JFK,26h00m,1,DOH,1918,20220407-0804,fast
10:30 pm – 10:15 am +2,Etihad Airways,JFK‐HKT,24h45m,1,AUH,9:05 pm – 9:00 am +1,Qatar Airways,HKT‐JFK,22h55m,1,DOH,2082,20220407-0804,fast
7:35 pm – 7:05 am +2,"Lufthansa, Thai Airways",EWR‐HKT,24h30m,2,"FRA, ARN",5:35 pm – 6:00 am +1,Singapore Airlines,HKT‐EWR,23h25m,1,SIN,5197,20220407-0804,fast
1:00 am – 1:15 pm +1,Qatar Airways,JFK‐HKT,25h15m,1,DOH,9:05 pm – 9:00 am +1,Qatar Airways,HKT‐JFK,22h55m,1,DOH,1437,20220407-0804,fast
1:00 am – 1:15 pm +1,"American Airlines, Qatar Airways",JFK‐HKT,25h15m,1,DOH,9:05 pm – 9:00 am +1,"Qatar Airways, American Airlines",HKT‐JFK,22h55m,1,DOH,1780,20220407-0804,fast
10:30 pm – 10:50 am +2,Singapore Airlines,JFK‐HKT,25h20m,1,SIN,6:10 pm – 6:00 am +1,Singapore Airlines,HKT‐EWR,22h50m,1,SIN,2057,20220407-0804,fast
