Out Time,Out Airline,Out Cities,Out Duration,Out Stops,Out Stop Cities,Return Time,Return Airline,Return Cities,Return Duration,Return Stops,Return Stop Cities,Price,timestamp,sort
4:25 pm – 1:05 pm +2,"Condor, Thai Airways",JFK‐HKT,33h40m,1,FRA,9:00 am – 11:00 pm,"Thai Vietjet Air, Philippine Airlines",HKT‐JFK,25h00m,2,"BKK, MNL",1140,20220407-1504,cheap
6:45 pm – 9:35 am +2,"PLAY, Thai Airways",SWF‐HKT,27h50m,3,"KEF, CDG, ...",9:15 pm – 5:35 pm +1,"Thai Airways, PLAY",HKT‐SWF,31h20m,3,"BKK, CDG, ...",1259,20220407-1504,cheap
6:45 pm – 10:35 am +2,"PLAY, Thai Airways",SWF‐HKT,28h50m,3,"KEF, CDG, ...",9:15 pm – 5:35 pm +1,"Thai Airways, PLAY",HKT‐SWF,31h20m,3,"BKK, CDG, ...",1259,20220407-1504,cheap
6:45 pm – 11:00 am +2,"PLAY, Thai Airways",SWF‐HKT,29h15m,3,"KEF, CDG, ...",9:15 pm – 5:35 pm +1,"Thai Airways, PLAY",HKT‐SWF,31h20m,3,"BKK, CDG, ...",1259,20220407-1504,cheap
6:45 pm – 9:35 am +2,"PLAY, Thai Airways",SWF‐HKT,27h50m,3,"KEF, CDG, ...",7:40 pm – 5:35 pm +1,"Thai Airways, PLAY",HKT‐SWF,32h55m,3,"BKK, CDG, ...",1259,20220407-1504,cheap
6:45 pm – 10:35 am +2,"PLAY, Thai Airways",SWF‐HKT,28h50m,3,"KEF, CDG, ...",7:40 pm – 5:35 pm +1,"Thai Airways, PLAY",HKT‐SWF,32h55m,3,"BKK, CDG, ...",1259,20220407-1504,cheap
6:45 pm – 12:20 pm +2,"PLAY, Thai Airways",SWF‐HKT,30h35m,3,"KEF, CDG, ...",9:15 pm – 5:35 pm +1,"Thai Airways, PLAY",HKT‐SWF,31h20m,3,"BKK, CDG, ...",1259,20220407-1504,cheap
6:45 pm – 11:00 am +2,"PLAY, Thai Airways",SWF‐HKT,29h15m,3,"KEF, CDG, ...",7:40 pm – 5:35 pm +1,"Thai Airways, PLAY",HKT‐SWF,32h55m,3,"BKK, CDG, ...",1259,20220407-1504,cheap
6:45 pm – 9:35 am +2,"PLAY, Thai Airways",SWF‐HKT,27h50m,3,"KEF, CDG, ...",5:05 pm – 5:35 pm +1,"Thai Airways, PLAY",HKT‐SWF,35h30m,3,"BKK, CDG, ...",1259,20220407-1504,cheap
6:45 pm – 12:20 pm +2,"PLAY, Thai Airways",SWF‐HKT,30h35m,3,"KEF, CDG, ...",7:40 pm – 5:35 pm +1,"Thai Airways, PLAY",HKT‐SWF,32h55m,3,"BKK, CDG, ...",1259,20220407-1504,cheap
6:45 pm – 10:35 am +2,"PLAY, Thai Airways",SWF‐HKT,28h50m,3,"KEF, CDG, ...",5:05 pm – 5:35 pm +1,"Thai Airways, PLAY",HKT‐SWF,35h30m,3,"BKK, CDG, ...",1259,20220407-1504,cheap
6:45 pm – 11:00 am +2,"PLAY, Thai Airways",SWF‐HKT,29h15m,3,"KEF, CDG, ...",5:05 pm – 5:35 pm +1,"Thai Airways, PLAY",HKT‐SWF,35h30m,3,"BKK, CDG, ...",1259,20220407-1504,cheap
6:45 pm – 4:25 pm +2,"PLAY, Thai Airways",SWF‐HKT,34h40m,3,"KEF, CDG, ...",9:15 pm – 5:35 pm +1,"Thai Airways, PLAY",HKT‐SWF,31h20m,3,"BKK, CDG, ...",1259,20220407-1504,cheap
6:45 pm – 12:20 pm +2,"PLAY, Thai Airways",SWF‐HKT,30h35m,3,"KEF, CDG, ...",5:05 pm – 5:35 pm +1,"Thai Airways, PLAY",HKT‐SWF,35h30m,3,"BKK, CDG, ...",1259,20220407-1504,cheap
6:45 pm – 4:25 pm +2,"PLAY, Thai Airways",SWF‐HKT,34h40m,3,"KEF, CDG, ...",7:40 pm – 5:35 pm +1,"Thai Airways, PLAY",HKT‐SWF,32h55m,3,"BKK, CDG, ...",1259,20220407-1504,cheap
8:55 pm – 11:30 am +2,Singapore Airlines,JFK‐HKT,27h35m,2,"FRA, SIN",12:10 pm – 11:10 am +1,Singapore Airlines,HKT‐JFK,34h00m,2,"SIN, FRA",1758,20220407-1501,best
8:55 pm – 9:35 am +2,Singapore Airlines,JFK‐HKT,25h40m,2,"FRA, SIN",8:10 pm – 11:10 am +1,Singapore Airlines,HKT‐JFK,26h00m,2,"SIN, FRA",1574,20220407-1501,best
4:25 pm – 1:05 pm +2,"Condor, Thai Airways",JFK‐HKT,33h40m,1,FRA,9:00 am – 11:00 pm,"Thai Vietjet Air, Philippine Airlines",HKT‐JFK,25h00m,2,"BKK, MNL",1140,20220407-1501,best
8:55 pm – 9:35 am +2,Singapore Airlines,JFK‐HKT,25h40m,2,"FRA, SIN",6:10 pm – 6:00 am +1,Singapore Airlines,HKT‐EWR,22h50m,1,SIN,1747,20220407-1501,best
8:55 pm – 10:50 am +2,Singapore Airlines,JFK‐HKT,26h55m,2,"FRA, SIN",6:10 pm – 6:00 am +1,Singapore Airlines,HKT‐EWR,22h50m,1,SIN,1747,20220407-1501,best
8:55 pm – 7:20 pm +2,Singapore Airlines,JFK‐HKT,35h25m,2,"FRA, SIN",9:05 pm – 8:30 am +1,Qatar Airways,HKT‐JFK,22h25m,1,DOH,1334,20220407-1501,best
8:55 pm – 10:50 am +2,Singapore Airlines,JFK‐HKT,26h55m,2,"FRA, SIN",8:10 pm – 11:10 am +1,Singapore Airlines,HKT‐JFK,26h00m,2,"SIN, FRA",1583,20220407-1501,best
8:55 pm – 11:30 am +2,Singapore Airlines,JFK‐HKT,27h35m,2,"FRA, SIN",6:10 pm – 6:00 am +1,Singapore Airlines,HKT‐EWR,22h50m,1,SIN,1733,20220407-1501,best
8:55 pm – 11:30 am +2,Singapore Airlines,JFK‐HKT,27h35m,2,"FRA, SIN",8:10 pm – 11:10 am +1,Singapore Airlines,HKT‐JFK,26h00m,2,"SIN, FRA",1574,20220407-1501,best
8:55 pm – 9:35 am +2,Singapore Airlines,JFK‐HKT,25h40m,2,"FRA, SIN",6:10 pm – 11:10 am +1,Singapore Airlines,HKT‐JFK,28h00m,2,"SIN, FRA",1574,20220407-1501,best
12:00 pm – 10:20 am +2,"ANA, Thai Airways",EWR‐HKT,35h20m,2,"NRT, BKK",9:05 pm – 8:30 am +1,Qatar Airways,HKT‐JFK,22h25m,1,DOH,1387,20220407-1501,best
8:55 pm – 10:50 am +2,Singapore Airlines,JFK‐HKT,26h55m,2,"FRA, SIN",6:10 pm – 11:10 am +1,Singapore Airlines,HKT‐JFK,28h00m,2,"SIN, FRA",1574,20220407-1501,best
10:25 am – 7:20 pm +1,Singapore Airlines,EWR‐HKT,21h55m,1,SIN,6:10 pm – 6:00 am +1,Singapore Airlines,HKT‐EWR,22h50m,1,SIN,2072,20220407-1501,best
8:55 pm – 11:30 am +2,Singapore Airlines,JFK‐HKT,27h35m,2,"FRA, SIN",6:10 pm – 11:10 am +1,Singapore Airlines,HKT‐JFK,28h00m,2,"SIN, FRA",1574,20220407-1501,best
10:25 am – 7:20 pm +1,Singapore Airlines,EWR‐HKT,21h55m,1,SIN,8:10 pm – 11:10 am +1,Singapore Airlines,HKT‐JFK,26h00m,2,"SIN, FRA",1905,20220407-1501,best
8:55 pm – 7:20 pm +2,Singapore Airlines,JFK‐HKT,35h25m,2,"FRA, SIN",11:55 pm – 2:55 pm +1,Qatar Airways,HKT‐JFK,26h00m,1,DOH,1334,20220407-1501,best
8:55 pm – 11:30 am +2,Singapore Airlines,JFK‐HKT,27h35m,2,"FRA, SIN",11:55 pm – 2:55 pm +1,Qatar Airways,HKT‐JFK,26h00m,1,DOH,1680,20220407-1501,best
10:25 am – 7:20 pm +1,Singapore Airlines,EWR‐HKT,21h55m,1,SIN,9:05 pm – 8:30 am +1,Qatar Airways,HKT‐JFK,22h25m,1,DOH,2112,20220407-1507,fast
10:25 am – 7:20 pm +1,Singapore Airlines,EWR‐HKT,21h55m,1,SIN,6:10 pm – 6:00 am +1,Singapore Airlines,HKT‐EWR,22h50m,1,SIN,2072,20220407-1507,fast
10:30 pm – 9:35 am +2,Singapore Airlines,JFK‐HKT,24h05m,1,SIN,9:05 pm – 8:30 am +1,Qatar Airways,HKT‐JFK,22h25m,1,DOH,2112,20220407-1507,fast
10:30 pm – 9:35 am +2,Singapore Airlines,JFK‐HKT,24h05m,1,SIN,6:10 pm – 6:00 am +1,Singapore Airlines,HKT‐EWR,22h50m,1,SIN,2093,20220407-1507,fast
10:30 pm – 10:50 am +2,Singapore Airlines,JFK‐HKT,25h20m,1,SIN,9:05 pm – 8:30 am +1,Qatar Airways,HKT‐JFK,22h25m,1,DOH,2268,20220407-1507,fast
10:25 am – 7:20 pm +1,Singapore Airlines,EWR‐HKT,21h55m,1,SIN,8:10 pm – 11:10 am +1,Singapore Airlines,HKT‐JFK,26h00m,2,"SIN, FRA",1905,20220407-1507,fast
10:25 am – 7:20 pm +1,Singapore Airlines,EWR‐HKT,21h55m,1,SIN,11:55 pm – 2:55 pm +1,Qatar Airways,HKT‐JFK,26h00m,1,DOH,2112,20220407-1507,fast
11:55 pm – 12:30 pm +2,Emirates,EWR‐HKT,25h35m,2,"ATH, DXB",9:05 pm – 8:30 am +1,Qatar Airways,HKT‐JFK,22h25m,1,DOH,2012,20220407-1507,fast
10:30 pm – 10:50 am +2,Singapore Airlines,JFK‐HKT,25h20m,1,SIN,6:10 pm – 6:00 am +1,Singapore Airlines,HKT‐EWR,22h50m,1,SIN,2093,20220407-1507,fast
12:30 am – 1:15 pm +1,"American Airlines, Qatar Airways",JFK‐HKT,25h45m,1,DOH,9:05 pm – 8:30 am +1,"Qatar Airways, American Airlines",HKT‐JFK,22h25m,1,DOH,5268,20220407-1507,fast
12:30 am – 1:15 pm +1,"American Airlines, Qatar Airways",JFK‐HKT,25h45m,1,DOH,9:05 pm – 8:45 am +1,"Qatar Airways, American Airlines",HKT‐JFK,22h40m,1,DOH,4873,20220407-1507,fast
8:55 pm – 9:35 am +2,Singapore Airlines,JFK‐HKT,25h40m,2,"FRA, SIN",6:10 pm – 6:00 am +1,Singapore Airlines,HKT‐EWR,22h50m,1,SIN,1747,20220407-1507,fast
11:00 pm – 12:30 pm +2,Emirates,JFK‐HKT,26h30m,1,DXB,9:05 pm – 8:30 am +1,Qatar Airways,HKT‐JFK,22h25m,1,DOH,2053,20220407-1507,fast
10:30 pm – 9:35 am +2,Singapore Airlines,JFK‐HKT,24h05m,1,SIN,12:10 am – 2:25 pm,Emirates,HKT‐JFK,25h15m,1,DXB,2243,20220407-1507,fast
11:00 pm – 1:05 pm +2,"TAP AIR PORTUGAL, Thai Airways",EWR‐HKT,27h05m,2,"LIS, FRA",9:05 pm – 8:30 am +1,Qatar Airways,HKT‐JFK,22h25m,1,DOH,1604,20220407-1507,fast
