Out Time,Out Airline,Out Cities,Out Duration,Out Stops,Out Stop Cities,Return Time,Return Airline,Return Cities,Return Duration,Return Stops,Return Stop Cities,Price,timestamp,sort
9:55 pm – 7:20 am +2,Qatar Airways,JFK‐HKT,22h25m,1,DOH,2:40 pm – 2:55 pm +1,Qatar Airways,HKT‐JFK,35h15m,2,"BKK, DOH",1292,20220407-0904,cheap
9:55 pm – 7:20 am +2,Qatar Airways,JFK‐HKT,22h25m,1,DOH,10:20 am – 2:55 pm +1,Qatar Airways,HKT‐JFK,39h35m,2,"BKK, DOH",1295,20220407-0904,cheap
11:10 am – 7:20 am +2,Qatar Airways,JFK‐HKT,33h10m,1,DOH,2:40 pm – 2:55 pm +1,Qatar Airways,HKT‐JFK,35h15m,2,"BKK, DOH",1296,20220407-0904,cheap
11:10 am – 7:20 am +2,Qatar Airways,JFK‐HKT,33h10m,1,DOH,10:20 am – 2:55 pm +1,Qatar Airways,HKT‐JFK,39h35m,2,"BKK, DOH",1299,20220407-0904,cheap
9:55 pm – 7:20 am +2,Qatar Airways,JFK‐HKT,22h25m,1,DOH,2:40 pm – 9:00 am +2,Qatar Airways,HKT‐JFK,53h20m,2,"BKK, DOH",1317,20220407-0904,cheap
9:55 pm – 7:20 am +2,Qatar Airways,JFK‐HKT,22h25m,1,DOH,7:10 pm – 2:55 pm +1,"Bangkok Airways, Qatar Airways",HKT‐JFK,30h45m,2,"BKK, DOH",1321,20220407-0904,cheap
11:10 am – 7:20 am +2,Qatar Airways,JFK‐HKT,33h10m,1,DOH,7:10 pm – 2:55 pm +1,"Bangkok Airways, Qatar Airways",HKT‐JFK,30h45m,2,"BKK, DOH",1325,20220407-0904,cheap
9:55 pm – 7:20 am +2,Qatar Airways,JFK‐HKT,22h25m,1,DOH,10:00 am – 11:55 am +1,"Nok Air, SAUDIA",HKT‐JFK,36h55m,2,"DMK-BKK, RUH",1356,20220407-0904,cheap
9:55 pm – 7:20 am +2,Qatar Airways,JFK‐HKT,22h25m,1,DOH,8:00 pm – 11:55 am +1,"Thai Vietjet Air, SAUDIA",HKT‐JFK,26h55m,2,"BKK, RUH",1360,20220407-0904,cheap
9:55 pm – 7:20 am +2,Qatar Airways,JFK‐HKT,22h25m,1,DOH,12:45 pm – 11:55 am +1,"Thai AirAsia, SAUDIA",HKT‐JFK,34h10m,2,"BKK, RUH",1360,20220407-0904,cheap
9:55 pm – 7:20 am +2,Qatar Airways,JFK‐HKT,22h25m,1,DOH,8:00 pm – 11:20 am +1,"Thai Vietjet Air, Korean Air",HKT‐JFK,26h20m,2,"BKK, ICN",1368,20220407-0904,cheap
10:35 am – 10:20 pm +1,"Qatar Airways, Thai Airways",JFK‐HKT,24h45m,2,"DOH, BKK",6:45 pm – 2:55 pm +1,"Thai Vietjet Air, Qatar Airways",HKT‐JFK,31h10m,2,"BKK, DOH",1380,20220407-0904,cheap
12:15 pm – 7:05 am +2,"Air India, GoFirst",EWR‐HKT,31h50m,1,DEL,10:00 pm – 2:55 pm +1,"Thai Vietjet Air, Qatar Airways",HKT‐JFK,27h55m,2,"BKK, DOH",1383,20220407-0904,cheap
12:15 pm – 7:05 am +2,"Air India, GoFirst",EWR‐HKT,31h50m,1,DEL,8:20 pm – 2:55 pm +1,"Nok Air, Qatar Airways",HKT‐JFK,29h35m,2,"DMK-BKK, DOH",1383,20220407-0904,cheap
10:35 am – 10:20 pm +1,"Qatar Airways, Thai Airways",JFK‐HKT,24h45m,2,"DOH, BKK",5:25 pm – 2:55 pm +1,"Thai AirAsia, Qatar Airways",HKT‐JFK,32h30m,2,"BKK, DOH",1384,20220407-0904,cheap
9:55 pm – 7:20 am +2,Qatar Airways,JFK‐HKT,22h25m,1,DOH,7:10 pm – 2:55 pm +1,"Bangkok Airways, Qatar Airways",HKT‐JFK,30h45m,2,"BKK, DOH",1352,20220407-0902,best
11:20 am – 8:00 pm +1,Emirates,JFK‐HKT,21h40m,1,DXB,9:45 pm – 8:50 am +1,Emirates,HKT‐JFK,22h05m,1,DXB,1442,20220407-0902,best
9:55 pm – 7:20 am +2,Qatar Airways,JFK‐HKT,22h25m,1,DOH,2:40 pm – 2:55 pm +1,Qatar Airways,HKT‐JFK,35h15m,2,"BKK, DOH",1292,20220407-0902,best
8:45 pm – 6:55 am +2,"Lufthansa, THAI Smile",EWR‐HKT,23h10m,2,"MUC, BOM",9:45 pm – 8:50 am +1,Emirates,HKT‐JFK,22h05m,1,DXB,1389,20220407-0902,best
9:55 pm – 7:20 am +2,Qatar Airways,JFK‐HKT,22h25m,1,DOH,9:45 pm – 8:50 am +1,Emirates,HKT‐JFK,22h05m,1,DXB,1440,20220407-0902,best
11:20 am – 8:00 pm +1,Emirates,JFK‐HKT,21h40m,1,DXB,9:45 pm – 2:25 pm +1,Emirates,HKT‐JFK,27h40m,1,DXB,1522,20220407-0902,best
9:55 pm – 7:20 am +2,Qatar Airways,JFK‐HKT,22h25m,1,DOH,7:10 pm – 2:55 pm +1,"Bangkok Airways, Qatar Airways",HKT‐JFK,30h45m,2,"BKK, DOH",1321,20220407-0902,best
7:00 pm – 7:20 am +2,Qatar Airways,JFK‐HKT,25h20m,2,"BOS, DOH",9:45 pm – 8:50 am +1,Emirates,HKT‐JFK,22h05m,1,DXB,1602,20220407-0902,best
9:55 pm – 7:20 am +2,Qatar Airways,JFK‐HKT,22h25m,1,DOH,11:55 pm – 2:55 pm +1,Qatar Airways,HKT‐JFK,26h00m,1,DOH,1536,20220407-0902,best
5:35 pm – 6:35 am +2,"SAS, Thai Airways",EWR‐HKT,26h00m,1,CPH,9:45 pm – 8:50 am +1,Emirates,HKT‐JFK,22h05m,1,DXB,1672,20220407-0902,best
9:55 pm – 7:20 am +2,Qatar Airways,JFK‐HKT,22h25m,1,DOH,9:45 pm – 2:25 pm +1,Emirates,HKT‐JFK,27h40m,1,DXB,1488,20220407-0902,best
6:00 pm – 7:20 am +2,Qatar Airways,LGA‐HKT,26h20m,2,"BOS, DOH",9:45 pm – 8:50 am +1,Emirates,HKT‐JFK,22h05m,1,DXB,1612,20220407-0902,best
9:55 pm – 7:20 am +2,Qatar Airways,JFK‐HKT,22h25m,1,DOH,2:40 pm – 9:00 am +1,Qatar Airways,HKT‐JFK,29h20m,2,"BKK, DOH",1474,20220407-0902,best
11:20 am – 8:00 pm +1,Emirates,JFK‐HKT,21h40m,1,DXB,12:10 am – 2:25 pm,Emirates,HKT‐JFK,25h15m,1,DXB,1763,20220407-0902,best
7:00 pm – 7:20 am +2,Qatar Airways,LGA‐HKT,25h20m,2,"BOS, DOH",9:45 pm – 8:50 am +1,Emirates,HKT‐JFK,22h05m,1,DXB,1716,20220407-0902,best
11:10 am – 7:20 am +2,Qatar Airways,JFK‐HKT,33h10m,1,DOH,9:45 pm – 8:50 am +1,Emirates,HKT‐JFK,22h05m,1,DXB,1443,20220407-0902,best
11:20 am – 8:00 pm +1,Emirates,JFK‐HKT,21h40m,1,DXB,9:45 pm – 8:50 am +1,Emirates,HKT‐JFK,22h05m,1,DXB,1442,20220407-0907,fast
9:55 pm – 7:20 am +2,Qatar Airways,JFK‐HKT,22h25m,1,DOH,9:45 pm – 8:50 am +1,Emirates,HKT‐JFK,22h05m,1,DXB,1440,20220407-0907,fast
8:45 pm – 6:55 am +2,"Lufthansa, THAI Smile",EWR‐HKT,23h10m,2,"MUC, BOM",9:45 pm – 8:50 am +1,Emirates,HKT‐JFK,22h05m,1,DXB,1389,20220407-0907,fast
8:45 pm – 7:25 am +2,"Lufthansa, GoFirst",EWR‐HKT,23h40m,2,"MUC, BOM",9:45 pm – 8:50 am +1,Emirates,HKT‐JFK,22h05m,1,DXB,1421,20220407-0907,fast
11:20 am – 8:00 pm +1,Emirates,JFK‐HKT,21h40m,1,DXB,12:10 am – 2:25 pm,Emirates,HKT‐JFK,25h15m,1,DXB,1763,20220407-0907,fast
10:30 pm – 9:35 am +2,Singapore Airlines,JFK‐HKT,24h05m,1,SIN,6:10 pm – 6:00 am +1,Singapore Airlines,HKT‐EWR,22h50m,1,SIN,2452,20220407-0907,fast
7:00 pm – 7:20 am +2,Qatar Airways,JFK‐HKT,25h20m,2,"BOS, DOH",9:45 pm – 8:50 am +1,Emirates,HKT‐JFK,22h05m,1,DXB,1602,20220407-0907,fast
7:00 pm – 7:20 am +2,Qatar Airways,LGA‐HKT,25h20m,2,"BOS, DOH",9:45 pm – 8:50 am +1,Emirates,HKT‐JFK,22h05m,1,DXB,1716,20220407-0907,fast
9:55 pm – 7:20 am +2,Qatar Airways,JFK‐HKT,22h25m,1,DOH,12:10 am – 2:25 pm,Emirates,HKT‐JFK,25h15m,1,DXB,1691,20220407-0907,fast
11:20 am – 8:00 pm +1,Emirates,JFK‐HKT,21h40m,1,DXB,11:55 pm – 2:55 pm +1,Qatar Airways,HKT‐JFK,26h00m,1,DOH,2234,20220407-0907,fast
5:35 pm – 6:35 am +2,"SAS, Thai Airways",EWR‐HKT,26h00m,1,CPH,9:45 pm – 8:50 am +1,Emirates,HKT‐JFK,22h05m,1,DXB,1672,20220407-0907,fast
10:30 pm – 10:50 am +2,Singapore Airlines,JFK‐HKT,25h20m,1,SIN,6:10 pm – 6:00 am +1,Singapore Airlines,HKT‐EWR,22h50m,1,SIN,2452,20220407-0907,fast
9:55 pm – 7:20 am +2,Qatar Airways,JFK‐HKT,22h25m,1,DOH,11:55 pm – 2:55 pm +1,Qatar Airways,HKT‐JFK,26h00m,1,DOH,1536,20220407-0907,fast
6:00 pm – 7:20 am +2,Qatar Airways,LGA‐HKT,26h20m,2,"BOS, DOH",9:45 pm – 8:50 am +1,Emirates,HKT‐JFK,22h05m,1,DXB,1612,20220407-0907,fast
9:55 pm – 7:20 am +2,"American Airlines, Qatar Airways",JFK‐HKT,22h25m,1,DOH,11:55 pm – 2:55 pm +1,"Qatar Airways, American Airlines",HKT‐JFK,26h00m,1,DOH,1816,20220407-0907,fast
