Out Time,Out Airline,Out Cities,Out Duration,Out Stops,Out Stop Cities,Return Time,Return Airline,Return Cities,Return Duration,Return Stops,Return Stop Cities,Price,timestamp,sort
8:55 pm – 7:20 pm +2,Singapore Airlines,JFK‐HKT,35h25m,2,"FRA, SIN",8:10 pm – 11:10 am +2,Singapore Airlines,HKT‐JFK,50h00m,2,"SIN, FRA",887,20220407-1228,cheap
10:20 pm – 12:30 pm +2,Emirates,JFK‐HKT,27h10m,2,"MXP, DXB",12:10 am – 8:50 am +1,Emirates,HKT‐JFK,43h40m,1,DXB,1106,20220407-1228,cheap
11:55 pm – 12:30 pm +2,Emirates,EWR‐HKT,25h35m,2,"ATH, DXB",12:10 am – 6:55 pm,Emirates,HKT‐JFK,29h45m,2,"DXB, MXP",1113,20220407-1228,cheap
11:55 pm – 12:30 pm +2,Emirates,EWR‐HKT,25h35m,2,"ATH, DXB",12:10 am – 8:50 am +1,Emirates,HKT‐JFK,43h40m,1,DXB,1113,20220407-1228,cheap
8:55 pm – 7:20 pm +2,Singapore Airlines,JFK‐HKT,35h25m,2,"FRA, SIN",12:10 pm – 11:05 am +1,"Scoot, Turkish Airlines",HKT‐JFK,33h55m,2,"SIN, IST",1171,20220407-1228,cheap
10:35 am – 10:45 pm +1,"Qatar Airways, Thai Vietjet Air",JFK‐HKT,25h10m,2,"DOH, BKK",10:20 am – 9:00 am +1,"Thai Vietjet Air, Qatar Airways",HKT‐JFK,33h40m,2,"BKK, DOH",1207,20220407-1228,cheap
10:35 am – 10:45 pm +1,"Qatar Airways, Thai Vietjet Air",JFK‐HKT,25h10m,2,"DOH, BKK",12:20 pm – 9:00 am +1,"Thai Vietjet Air, Qatar Airways",HKT‐JFK,31h40m,2,"BKK, DOH",1210,20220407-1228,cheap
10:20 pm – 12:30 pm +2,Emirates,JFK‐HKT,27h10m,2,"MXP, DXB",7:10 pm – 8:50 am +2,Emirates,HKT‐JFK,48h40m,2,"BKK, DXB",1211,20220407-1228,cheap
8:55 pm – 7:20 pm +2,Singapore Airlines,JFK‐HKT,35h25m,2,"FRA, SIN",9:35 am – 11:05 am +1,Multiple Airlines,HKT‐JFK,36h30m,3,"HDY, SIN, ...",1213,20220407-1228,cheap
10:35 am – 10:45 pm +1,"Qatar Airways, Thai Vietjet Air",JFK‐HKT,25h10m,2,"DOH, BKK",10:20 am – 9:00 am +1,"Bangkok Airways, Qatar Airways",HKT‐JFK,33h40m,2,"BKK, DOH",1217,20220407-1228,cheap
8:55 pm – 7:20 pm +2,Singapore Airlines,JFK‐HKT,35h25m,2,"FRA, SIN",12:10 am – 2:25 pm,Emirates,HKT‐JFK,25h15m,1,DXB,1225,20220407-1228,cheap
8:55 pm – 7:20 pm +2,Singapore Airlines,JFK‐HKT,35h25m,2,"FRA, SIN",12:10 am – 9:20 pm,Emirates,HKT‐EWR,32h10m,2,"DXB, ATH",1225,20220407-1228,cheap
8:55 pm – 7:20 pm +2,Singapore Airlines,JFK‐HKT,35h25m,2,"FRA, SIN",10:20 am – 11:05 am +1,Multiple Airlines,HKT‐JFK,35h45m,3,"BKK, SIN, ...",1225,20220407-1228,cheap
8:55 pm – 7:20 pm +2,Singapore Airlines,JFK‐HKT,35h25m,2,"FRA, SIN",10:20 am – 11:05 am +1,Multiple Airlines,HKT‐JFK,35h45m,3,"BKK, SIN, ...",1225,20220407-1228,cheap
10:35 am – 10:45 pm +1,"Qatar Airways, Thai Vietjet Air",JFK‐HKT,25h10m,2,"DOH, BKK",1:00 pm – 9:00 am +1,"Thai Airways, Qatar Airways",HKT‐JFK,31h00m,2,"BKK, DOH",1226,20220407-1228,cheap
8:55 pm – 7:20 pm +2,Singapore Airlines,JFK‐HKT,35h25m,2,"FRA, SIN",8:10 pm – 11:10 am +2,Singapore Airlines,HKT‐JFK,50h00m,2,"SIN, FRA",944,20220407-1225,best
11:55 pm – 12:30 pm +2,Emirates,EWR‐HKT,25h35m,2,"ATH, DXB",12:10 am – 2:25 pm,Emirates,HKT‐JFK,25h15m,1,DXB,1283,20220407-1225,best
8:55 pm – 7:20 pm +2,Singapore Airlines,JFK‐HKT,35h25m,2,"FRA, SIN",8:10 pm – 11:10 am +2,Singapore Airlines,HKT‐JFK,50h00m,2,"SIN, FRA",887,20220407-1225,best
10:25 am – 7:20 pm +1,Singapore Airlines,EWR‐HKT,21h55m,1,SIN,6:10 pm – 6:00 am +1,Singapore Airlines,HKT‐EWR,22h50m,1,SIN,1755,20220407-1225,best
10:20 pm – 12:30 pm +2,Emirates,JFK‐HKT,27h10m,2,"MXP, DXB",12:10 am – 2:25 pm,Emirates,HKT‐JFK,25h15m,1,DXB,1277,20220407-1225,best
11:55 pm – 12:30 pm +2,Emirates,EWR‐HKT,25h35m,2,"ATH, DXB",12:10 am – 6:55 pm,Emirates,HKT‐JFK,29h45m,2,"DXB, MXP",1113,20220407-1225,best
8:55 pm – 9:35 am +2,Singapore Airlines,JFK‐HKT,25h40m,2,"FRA, SIN",6:10 pm – 6:00 am +1,Singapore Airlines,HKT‐EWR,22h50m,1,SIN,1622,20220407-1225,best
8:55 pm – 9:35 am +2,Singapore Airlines,JFK‐HKT,25h40m,2,"FRA, SIN",8:10 pm – 11:10 am +1,Singapore Airlines,HKT‐JFK,26h00m,2,"SIN, FRA",1433,20220407-1225,best
8:55 pm – 10:50 am +2,Singapore Airlines,JFK‐HKT,26h55m,2,"FRA, SIN",6:10 pm – 6:00 am +1,Singapore Airlines,HKT‐EWR,22h50m,1,SIN,1622,20220407-1225,best
8:55 pm – 10:50 am +2,Singapore Airlines,JFK‐HKT,26h55m,2,"FRA, SIN",8:10 pm – 11:10 am +1,Singapore Airlines,HKT‐JFK,26h00m,2,"SIN, FRA",1433,20220407-1225,best
8:55 pm – 9:35 am +2,Singapore Airlines,JFK‐HKT,25h40m,2,"FRA, SIN",6:10 pm – 11:10 am +1,Singapore Airlines,HKT‐JFK,28h00m,2,"SIN, FRA",1433,20220407-1225,best
8:55 pm – 10:50 am +2,Singapore Airlines,JFK‐HKT,26h55m,2,"FRA, SIN",6:10 pm – 11:10 am +1,Singapore Airlines,HKT‐JFK,28h00m,2,"SIN, FRA",1427,20220407-1225,best
10:20 pm – 12:30 pm +2,Emirates,JFK‐HKT,27h10m,2,"MXP, DXB",7:10 pm – 2:25 pm +1,Emirates,HKT‐JFK,30h15m,2,"BKK, DXB",1302,20220407-1225,best
8:55 pm – 7:20 pm +2,Singapore Airlines,JFK‐HKT,35h25m,2,"FRA, SIN",12:10 am – 2:25 pm,Emirates,HKT‐JFK,25h15m,1,DXB,1225,20220407-1225,best
10:25 am – 7:20 pm +1,Singapore Airlines,EWR‐HKT,21h55m,1,SIN,11:40 am – 6:00 am +1,Singapore Airlines,HKT‐EWR,29h20m,1,SIN,1755,20220407-1225,best
10:25 am – 7:20 pm +1,Singapore Airlines,EWR‐HKT,21h55m,1,SIN,12:10 am – 2:25 pm,Emirates,HKT‐JFK,25h15m,1,DXB,1865,20220407-1225,best
10:20 pm – 12:30 pm +2,Emirates,JFK‐HKT,27h10m,2,"MXP, DXB",12:10 am – 6:55 pm,Emirates,HKT‐JFK,29h45m,2,"DXB, MXP",1277,20220407-1225,best
10:25 am – 7:20 pm +1,Singapore Airlines,EWR‐HKT,21h55m,1,SIN,6:10 pm – 6:00 am +1,Singapore Airlines,HKT‐EWR,22h50m,1,SIN,1755,20220407-1231,fast
10:30 pm – 9:35 am +2,Singapore Airlines,JFK‐HKT,24h05m,1,SIN,6:10 pm – 6:00 am +1,Singapore Airlines,HKT‐EWR,22h50m,1,SIN,1968,20220407-1231,fast
10:25 am – 7:20 pm +1,Singapore Airlines,EWR‐HKT,21h55m,1,SIN,12:10 am – 2:25 pm,Emirates,HKT‐JFK,25h15m,1,DXB,1865,20220407-1231,fast
10:30 pm – 10:50 am +2,Singapore Airlines,JFK‐HKT,25h20m,1,SIN,6:10 pm – 6:00 am +1,Singapore Airlines,HKT‐EWR,22h50m,1,SIN,1968,20220407-1231,fast
8:55 pm – 9:35 am +2,Singapore Airlines,JFK‐HKT,25h40m,2,"FRA, SIN",6:10 pm – 6:00 am +1,Singapore Airlines,HKT‐EWR,22h50m,1,SIN,1622,20220407-1231,fast
8:55 pm – 10:50 am +2,Singapore Airlines,JFK‐HKT,26h55m,2,"FRA, SIN",6:10 pm – 6:00 am +1,Singapore Airlines,HKT‐EWR,22h50m,1,SIN,1622,20220407-1231,fast
10:30 pm – 10:15 am +2,Etihad Airways,JFK‐HKT,24h45m,1,AUH,12:10 am – 2:25 pm,Emirates,HKT‐JFK,25h15m,1,DXB,1837,20220407-1231,fast
7:25 pm – 9:45 am +2,Malaysia Airlines,JFK‐HKT,27h20m,2,"LHR, KUL",6:10 pm – 6:00 am +1,Singapore Airlines,HKT‐EWR,22h50m,1,SIN,2331,20220407-1231,fast
10:30 pm – 10:15 am +2,Etihad Airways,JFK‐HKT,24h45m,1,AUH,11:55 pm – 2:55 pm +1,Qatar Airways,HKT‐JFK,26h00m,1,DOH,2093,20220407-1231,fast
10:30 pm – 10:15 am +2,Etihad Airways,JFK‐HKT,24h45m,1,AUH,8:10 pm – 11:10 am +1,Singapore Airlines,HKT‐JFK,26h00m,2,"SIN, FRA",3169,20220407-1231,fast
11:55 pm – 12:30 pm +2,Emirates,EWR‐HKT,25h35m,2,"ATH, DXB",12:10 am – 2:25 pm,Emirates,HKT‐JFK,25h15m,1,DXB,1283,20220407-1231,fast
10:25 am – 7:20 pm +1,Singapore Airlines,EWR‐HKT,21h55m,1,SIN,11:40 am – 6:00 am +1,Singapore Airlines,HKT‐EWR,29h20m,1,SIN,1755,20220407-1231,fast
11:55 pm – 12:30 pm +2,Emirates,EWR‐HKT,25h35m,2,"ATH, DXB",11:55 pm – 2:55 pm +1,Qatar Airways,HKT‐JFK,26h00m,1,DOH,2149,20220407-1231,fast
8:55 pm – 9:35 am +2,Singapore Airlines,JFK‐HKT,25h40m,2,"FRA, SIN",8:10 pm – 11:10 am +1,Singapore Airlines,HKT‐JFK,26h00m,2,"SIN, FRA",1433,20220407-1231,fast
10:25 am – 7:20 pm +1,Singapore Airlines,EWR‐HKT,21h55m,1,SIN,12:10 am – 6:55 pm,Emirates,HKT‐JFK,29h45m,2,"DXB, MXP",1865,20220407-1231,fast
