Out Time,Out Airline,Out Cities,Out Duration,Out Stops,Out Stop Cities,Return Time,Return Airline,Return Cities,Return Duration,Return Stops,Return Stop Cities,Price,timestamp,sort
12:30 pm – 7:05 am +2,"Air India, GoFirst",JFK‐HKT,31h35m,1,DEL,8:50 am – 9:00 pm +1,Multiple Airlines,HKT‐EWR,47h10m,2,"BKK, CDG-ORY",1135,20220407-0856,cheap
10:30 pm – 10:15 am +2,Etihad Airways,JFK‐HKT,24h45m,1,AUH,8:00 pm – 4:30 pm +1,Etihad Airways,HKT‐JFK,31h30m,1,AUH,1153,20220407-0856,cheap
12:30 pm – 7:05 am +2,"Air India, GoFirst",JFK‐HKT,31h35m,1,DEL,9:15 pm – 9:00 pm +1,"Thai Airways, Air Caraïbes",HKT‐EWR,34h45m,2,"BKK, CDG-ORY",1157,20220407-0856,cheap
12:30 pm – 7:05 am +2,"Air India, GoFirst",JFK‐HKT,31h35m,1,DEL,5:15 pm – 9:00 pm +1,Multiple Airlines,HKT‐EWR,38h45m,2,"DMK-BKK, CDG-ORY",1158,20220407-0856,cheap
12:30 pm – 7:05 am +2,"Air India, GoFirst",JFK‐HKT,31h35m,1,DEL,8:50 am – 9:00 am +1,"Thai AirAsia, Qatar Airways",HKT‐JFK,35h10m,2,"BKK, DOH",1185,20220407-0856,cheap
12:30 pm – 7:05 am +2,"Air India, GoFirst",JFK‐HKT,31h35m,1,DEL,9:30 am – 9:00 am +1,"Thai AirAsia, Qatar Airways",HKT‐JFK,34h30m,2,"DMK-BKK, DOH",1191,20220407-0856,cheap
12:30 pm – 7:05 am +2,"Air India, GoFirst",JFK‐HKT,31h35m,1,DEL,8:20 pm – 2:55 pm +1,"Thai AirAsia, Qatar Airways",HKT‐JFK,29h35m,2,"DMK-BKK, DOH",1201,20220407-0856,cheap
12:30 pm – 7:05 am +2,"Air India, GoFirst",JFK‐HKT,31h35m,1,DEL,10:00 am – 9:00 am +1,"Nok Air, Qatar Airways",HKT‐JFK,34h00m,2,"DMK-BKK, DOH",1203,20220407-0856,cheap
12:30 pm – 7:05 am +2,"Air India, GoFirst",JFK‐HKT,31h35m,1,DEL,12:45 pm – 9:00 am +1,"Thai AirAsia, Qatar Airways",HKT‐JFK,31h15m,2,"BKK, DOH",1208,20220407-0856,cheap
12:30 pm – 7:05 am +2,"Air India, GoFirst",JFK‐HKT,31h35m,1,DEL,11:50 am – 9:00 am +1,"Nok Air, Qatar Airways",HKT‐JFK,32h10m,2,"DMK-BKK, DOH",1210,20220407-0856,cheap
12:30 pm – 7:05 am +2,"Air India, GoFirst",JFK‐HKT,31h35m,1,DEL,10:00 pm – 2:55 pm +1,"Thai Vietjet Air, Qatar Airways",HKT‐JFK,27h55m,2,"BKK, DOH",1216,20220407-0856,cheap
1:00 am – 1:15 pm +1,Qatar Airways,JFK‐HKT,25h15m,1,DOH,7:10 pm – 9:00 am +2,Qatar Airways,HKT‐JFK,48h50m,2,"BKK, DOH",1220,20220407-0856,cheap
1:00 am – 1:15 pm +1,Qatar Airways,JFK‐HKT,25h15m,1,DOH,7:10 pm – 9:00 am +2,Qatar Airways,HKT‐JFK,48h50m,2,"BKK, DOH",1223,20220407-0856,cheap
12:30 pm – 7:05 am +2,"Air India, GoFirst",JFK‐HKT,31h35m,1,DEL,3:25 pm – 9:00 am +1,"Thai Vietjet Air, Qatar Airways",HKT‐JFK,28h35m,2,"BKK, DOH",1233,20220407-0856,cheap
1:00 am – 1:15 pm +1,Qatar Airways,JFK‐HKT,25h15m,1,DOH,2:40 pm – 9:00 am +1,Qatar Airways,HKT‐JFK,29h20m,2,"BKK, DOH",1277,20220407-0856,cheap
1:00 am – 1:15 pm +1,Qatar Airways,JFK‐HKT,25h15m,1,DOH,7:10 pm – 9:00 am +2,Qatar Airways,HKT‐JFK,48h50m,2,"BKK, DOH",1249,20220407-0854,best
10:30 pm – 10:15 am +2,Etihad Airways,JFK‐HKT,24h45m,1,AUH,8:00 pm – 4:30 pm +1,Etihad Airways,HKT‐JFK,31h30m,1,AUH,1153,20220407-0854,best
9:55 pm – 7:20 am +2,Qatar Airways,JFK‐HKT,22h25m,1,DOH,11:55 pm – 2:55 pm +1,Qatar Airways,HKT‐JFK,26h00m,1,DOH,1437,20220407-0854,best
9:55 pm – 7:20 am +2,Qatar Airways,JFK‐HKT,22h25m,1,DOH,2:40 pm – 9:00 am +1,Qatar Airways,HKT‐JFK,29h20m,2,"BKK, DOH",1349,20220407-0854,best
1:00 am – 1:15 pm +1,Qatar Airways,JFK‐HKT,25h15m,1,DOH,11:55 pm – 2:55 pm +1,Qatar Airways,HKT‐JFK,26h00m,1,DOH,1359,20220407-0854,best
1:00 am – 1:15 pm +1,Qatar Airways,JFK‐HKT,25h15m,1,DOH,2:40 pm – 9:00 am +1,Qatar Airways,HKT‐JFK,29h20m,2,"BKK, DOH",1277,20220407-0854,best
9:55 pm – 7:20 am +2,Qatar Airways,JFK‐HKT,22h25m,1,DOH,12:10 am – 2:25 pm,Emirates,HKT‐JFK,25h15m,1,DXB,1620,20220407-0854,best
11:20 am – 8:00 pm +1,Emirates,JFK‐HKT,21h40m,1,DXB,12:10 am – 2:25 pm,Emirates,HKT‐JFK,25h15m,1,DXB,1735,20220407-0854,best
9:55 pm – 7:20 am +2,Qatar Airways,JFK‐HKT,22h25m,1,DOH,10:20 am – 9:00 am +1,"Bangkok Airways, Qatar Airways",HKT‐JFK,33h40m,2,"BKK, DOH",1369,20220407-0854,best
9:55 pm – 1:15 pm +2,Qatar Airways,JFK‐HKT,28h20m,1,DOH,11:55 pm – 2:55 pm +1,Qatar Airways,HKT‐JFK,26h00m,1,DOH,1437,20220407-0854,best
9:55 pm – 1:15 pm +2,Qatar Airways,JFK‐HKT,28h20m,1,DOH,2:40 pm – 9:00 am +1,Qatar Airways,HKT‐JFK,29h20m,2,"BKK, DOH",1349,20220407-0854,best
1:00 am – 1:15 pm +1,Qatar Airways,JFK‐HKT,25h15m,1,DOH,10:20 am – 9:00 am +1,Qatar Airways,HKT‐JFK,33h40m,2,"BKK, DOH",1277,20220407-0854,best
9:55 pm – 7:20 am +2,Qatar Airways,JFK‐HKT,22h25m,1,DOH,8:00 pm – 1:00 pm +1,"Etihad Airways, Brussels Airlines",HKT‐JFK,28h00m,2,"AUH, BRU",1654,20220407-0854,best
7:00 pm – 7:20 am +2,"JetBlue, Qatar Airways",LGA‐HKT,25h20m,2,"BOS, DOH",2:40 pm – 9:00 am +1,Qatar Airways,HKT‐JFK,29h20m,2,"BKK, DOH",1527,20220407-0854,best
9:55 pm – 7:20 am +2,Qatar Airways,JFK‐HKT,22h25m,1,DOH,8:00 pm – 4:30 pm +1,Etihad Airways,HKT‐JFK,31h30m,1,AUH,1600,20220407-0854,best
1:00 am – 1:15 pm +1,Qatar Airways,JFK‐HKT,25h15m,1,DOH,12:10 am – 2:25 pm,Emirates,HKT‐JFK,25h15m,1,DXB,1620,20220407-0854,best
9:55 pm – 7:20 am +2,Qatar Airways,JFK‐HKT,22h25m,1,DOH,5:35 pm – 6:00 am +1,Singapore Airlines,HKT‐EWR,23h25m,1,SIN,3425,20220407-0859,fast
11:20 am – 8:00 pm +1,Emirates,JFK‐HKT,21h40m,1,DXB,12:10 am – 2:25 pm,Emirates,HKT‐JFK,25h15m,1,DXB,1735,20220407-0859,fast
10:30 pm – 9:35 am +2,Singapore Airlines,JFK‐HKT,24h05m,1,SIN,6:10 pm – 6:00 am +1,Singapore Airlines,HKT‐EWR,22h50m,1,SIN,3252,20220407-0859,fast
9:55 pm – 7:20 am +2,Qatar Airways,JFK‐HKT,22h25m,1,DOH,9:00 am – 11:00 pm,"Thai Vietjet Air, Philippine Airlines",HKT‐JFK,25h00m,2,"BKK, MNL",1804,20220407-0859,fast
10:30 pm – 9:35 am +2,Singapore Airlines,JFK‐HKT,24h05m,1,SIN,5:35 pm – 6:00 am +1,Singapore Airlines,HKT‐EWR,23h25m,1,SIN,2968,20220407-0859,fast
9:55 pm – 7:20 am +2,Qatar Airways,JFK‐HKT,22h25m,1,DOH,8:50 am – 11:00 pm,"Thai AirAsia, Philippine Airlines",HKT‐JFK,25h10m,2,"BKK, MNL",1776,20220407-0859,fast
9:55 pm – 7:20 am +2,Qatar Airways,JFK‐HKT,22h25m,1,DOH,12:10 am – 2:25 pm,Emirates,HKT‐JFK,25h15m,1,DXB,1620,20220407-0859,fast
9:55 pm – 7:20 am +2,Qatar Airways,JFK‐HKT,22h25m,1,DOH,9:15 pm – 11:35 am +1,"Thai Airways, Asiana Airlines",HKT‐JFK,25h20m,2,"BKK, ICN",1605,20220407-0859,fast
10:30 pm – 10:50 am +2,Singapore Airlines,JFK‐HKT,25h20m,1,SIN,6:10 pm – 6:00 am +1,Singapore Airlines,HKT‐EWR,22h50m,1,SIN,3252,20220407-0859,fast
9:55 pm – 7:20 am +2,Qatar Airways,JFK‐HKT,22h25m,1,DOH,11:55 pm – 2:55 pm +1,Qatar Airways,HKT‐JFK,26h00m,1,DOH,1437,20220407-0859,fast
9:55 pm – 7:20 am +2,"American Airlines, Qatar Airways",JFK‐HKT,22h25m,1,DOH,11:55 pm – 2:55 pm +1,"Qatar Airways, American Airlines",HKT‐JFK,26h00m,1,DOH,2118,20220407-0859,fast
8:55 pm – 9:35 am +2,Singapore Airlines,JFK‐HKT,25h40m,2,"FRA, SIN",6:10 pm – 6:00 am +1,Singapore Airlines,HKT‐EWR,22h50m,1,SIN,2674,20220407-0859,fast
10:30 pm – 10:50 am +2,Singapore Airlines,JFK‐HKT,25h20m,1,SIN,5:35 pm – 6:00 am +1,Singapore Airlines,HKT‐EWR,23h25m,1,SIN,2968,20220407-0859,fast
9:55 pm – 7:20 am +2,Qatar Airways,JFK‐HKT,22h25m,1,DOH,5:25 pm – 9:00 am +1,"Thai Vietjet Air, Qatar Airways",HKT‐JFK,26h35m,2,"BKK, DOH",1587,20220407-0859,fast
8:55 pm – 9:35 am +2,Singapore Airlines,JFK‐HKT,25h40m,2,"FRA, SIN",5:35 pm – 6:00 am +1,Singapore Airlines,HKT‐EWR,23h25m,1,SIN,2390,20220407-0859,fast
