Out Time,Out Airline,Out Cities,Out Duration,Out Stops,Out Stop Cities,Return Time,Return Airline,Return Cities,Return Duration,Return Stops,Return Stop Cities,Price,timestamp,sort
1:25 pm – 6:20 pm +2,Japan Airlines,JFK‐HKT,41h55m,2,"HND, BKK",7:10 pm – 10:10 am +2,Japan Airlines,HKT‐JFK,50h00m,2,"BKK, NRT",1207,20220409-0838,cheap
1:55 pm – 12:10 am +2,Asiana Airlines,JFK‐HKT,23h15m,1,ICN,8:00 pm – 11:15 pm +1,"Thai Vietjet Air, Philippine Airlines",HKT‐JFK,38h15m,2,"BKK, MNL",1305,20220409-0838,cheap
1:55 pm – 12:10 am +2,Asiana Airlines,JFK‐HKT,23h15m,1,ICN,1:30 am – 11:35 am,Asiana Airlines,HKT‐JFK,21h05m,1,ICN,1328,20220409-0838,cheap
3:00 pm – 6:20 pm +2,"ANA, Bangkok Airways",JFK‐HKT,40h20m,2,"HND, BKK",12:10 am – 9:20 pm,Emirates,HKT‐EWR,32h10m,2,"DXB, ATH",1431,20220409-0838,cheap
11:35 am – 9:30 am +2,"ANA, Bangkok Airways",EWR‐HKT,34h55m,2,"NRT, BKK",12:10 am – 6:55 pm,Emirates,HKT‐JFK,29h45m,2,"DXB, MXP",1432,20220409-0838,cheap
11:35 am – 9:30 am +2,"ANA, Bangkok Airways",EWR‐HKT,34h55m,2,"NRT, BKK",12:10 am – 9:20 pm,Emirates,HKT‐EWR,32h10m,2,"DXB, ATH",1432,20220409-0838,cheap
11:35 am – 2:00 pm +2,"ANA, Bangkok Airways",EWR‐HKT,39h25m,2,"NRT, BKK",12:10 am – 6:55 pm,Emirates,HKT‐JFK,29h45m,2,"DXB, MXP",1435,20220409-0838,cheap
11:35 am – 2:00 pm +2,"ANA, Bangkok Airways",EWR‐HKT,39h25m,2,"NRT, BKK",12:10 am – 9:20 pm,Emirates,HKT‐EWR,32h10m,2,"DXB, ATH",1435,20220409-0838,cheap
3:00 pm – 6:20 pm +2,"ANA, Bangkok Airways",JFK‐HKT,40h20m,2,"HND, BKK",12:10 am – 2:25 pm,Emirates,HKT‐JFK,25h15m,1,DXB,1475,20220409-0838,cheap
11:35 am – 9:30 am +2,"ANA, Bangkok Airways",EWR‐HKT,34h55m,2,"NRT, BKK",12:10 am – 2:25 pm,Emirates,HKT‐JFK,25h15m,1,DXB,1476,20220409-0838,cheap
11:35 am – 2:00 pm +2,"ANA, Bangkok Airways",EWR‐HKT,39h25m,2,"NRT, BKK",12:10 am – 2:25 pm,Emirates,HKT‐JFK,25h15m,1,DXB,1479,20220409-0838,cheap
12:30 pm – 9:30 am +2,Japan Airlines,JFK‐HKT,34h00m,2,"NRT, BKK",12:10 am – 9:20 pm,Emirates,HKT‐EWR,32h10m,2,"DXB, ATH",1499,20220409-0838,cheap
1:55 pm – 12:10 am +2,Asiana Airlines,JFK‐HKT,23h15m,1,ICN,12:10 am – 9:20 pm,Emirates,HKT‐EWR,32h10m,2,"DXB, ATH",1503,20220409-0838,cheap
1:55 pm – 12:10 am +2,Asiana Airlines,JFK‐HKT,23h15m,1,ICN,12:10 am – 8:50 am +1,Emirates,HKT‐JFK,43h40m,1,DXB,1503,20220409-0838,cheap
1:55 pm – 12:10 am +2,Asiana Airlines,JFK‐HKT,23h15m,1,ICN,12:10 am – 6:55 pm,Emirates,HKT‐JFK,29h45m,2,"DXB, MXP",1504,20220409-0838,cheap
1:25 pm – 6:20 pm +2,Japan Airlines,JFK‐HKT,41h55m,2,"HND, BKK",7:10 pm – 10:10 am +2,Japan Airlines,HKT‐JFK,50h00m,2,"BKK, NRT",1250,20220409-0835,best
1:55 pm – 12:10 am +2,Asiana Airlines,JFK‐HKT,23h15m,1,ICN,1:30 am – 11:35 am,Asiana Airlines,HKT‐JFK,21h05m,1,ICN,1328,20220409-0835,best
1:25 pm – 6:20 pm +2,Japan Airlines,JFK‐HKT,41h55m,2,"HND, BKK",7:10 pm – 10:10 am +2,Japan Airlines,HKT‐JFK,50h00m,2,"BKK, NRT",1207,20220409-0835,best
1:55 pm – 12:10 am +2,Asiana Airlines,JFK‐HKT,23h15m,1,ICN,9:05 pm – 8:30 am +1,Qatar Airways,HKT‐JFK,22h25m,1,DOH,1616,20220409-0835,best
9:55 pm – 6:55 am +2,Qatar Airways,JFK‐HKT,22h00m,1,DOH,9:05 pm – 8:30 am +1,Qatar Airways,HKT‐JFK,22h25m,1,DOH,1664,20220409-0835,best
1:55 pm – 12:10 am +2,Asiana Airlines,JFK‐HKT,23h15m,1,ICN,12:10 am – 2:25 pm,Emirates,HKT‐JFK,25h15m,1,DXB,1547,20220409-0835,best
9:55 pm – 6:55 am +2,Qatar Airways,JFK‐HKT,22h00m,1,DOH,1:30 am – 11:35 am,Asiana Airlines,HKT‐JFK,21h05m,1,ICN,1811,20220409-0835,best
1:55 pm – 12:10 am +2,Asiana Airlines,JFK‐HKT,23h15m,1,ICN,11:55 pm – 2:55 pm +1,Qatar Airways,HKT‐JFK,26h00m,1,DOH,1616,20220409-0835,best
10:25 am – 7:20 pm +1,Singapore Airlines,EWR‐HKT,21h55m,1,SIN,8:10 pm – 11:10 am +1,Singapore Airlines,HKT‐JFK,26h00m,2,"SIN, FRA",1746,20220409-0835,best
9:55 pm – 6:55 am +2,Qatar Airways,JFK‐HKT,22h00m,1,DOH,11:55 pm – 2:55 pm +1,Qatar Airways,HKT‐JFK,26h00m,1,DOH,1694,20220409-0835,best
8:55 pm – 10:50 am +2,Singapore Airlines,JFK‐HKT,26h55m,1,SIN,8:10 pm – 11:10 am +1,Singapore Airlines,HKT‐JFK,26h00m,1,SIN,1611,20220409-0835,best
1:00 am – 1:15 pm +1,Qatar Airways,JFK‐HKT,25h15m,1,DOH,9:05 pm – 8:30 am +1,Qatar Airways,HKT‐JFK,22h25m,1,DOH,1707,20220409-0835,best
9:55 pm – 6:55 am +2,Qatar Airways,JFK‐HKT,22h00m,1,DOH,12:10 am – 2:25 pm,Emirates,HKT‐JFK,25h15m,1,DXB,1778,20220409-0835,best
10:25 am – 7:20 pm +1,Singapore Airlines,EWR‐HKT,21h55m,1,SIN,6:10 pm – 6:00 am +1,Singapore Airlines,HKT‐EWR,22h50m,1,SIN,2093,20220409-0835,best
8:55 pm – 11:30 am +2,Singapore Airlines,JFK‐HKT,27h35m,1,SIN,8:10 pm – 11:10 am +1,Singapore Airlines,HKT‐JFK,26h00m,1,SIN,1613,20220409-0835,best
1:55 pm – 12:10 am +2,Asiana Airlines,JFK‐HKT,23h15m,1,ICN,9:05 pm – 2:55 pm +1,Qatar Airways,HKT‐JFK,28h50m,1,DOH,1626,20220409-0835,best
10:25 am – 7:20 pm +1,Singapore Airlines,EWR‐HKT,21h55m,1,SIN,6:10 pm – 11:10 am +1,Singapore Airlines,HKT‐JFK,28h00m,2,"SIN, FRA",1746,20220409-0835,best
9:55 pm – 6:55 am +2,Qatar Airways,JFK‐HKT,22h00m,1,DOH,1:30 am – 11:35 am,Asiana Airlines,HKT‐JFK,21h05m,1,ICN,1811,20220409-0840,fast
1:55 pm – 12:10 am +2,Asiana Airlines,JFK‐HKT,23h15m,1,ICN,1:30 am – 11:35 am,Asiana Airlines,HKT‐JFK,21h05m,1,ICN,1328,20220409-0840,fast
9:55 pm – 6:55 am +2,Qatar Airways,JFK‐HKT,22h00m,1,DOH,9:05 pm – 8:30 am +1,Qatar Airways,HKT‐JFK,22h25m,1,DOH,1664,20220409-0840,fast
9:55 pm – 6:55 am +2,"American Airlines, Qatar Airways",JFK‐HKT,22h00m,1,DOH,9:05 pm – 8:30 am +1,"Qatar Airways, American Airlines",HKT‐JFK,22h25m,1,DOH,2263,20220409-0840,fast
9:55 pm – 6:55 am +2,"American Airlines, Qatar Airways",JFK‐HKT,22h00m,1,DOH,9:05 pm – 8:45 am +1,"Qatar Airways, American Airlines",HKT‐JFK,22h40m,1,DOH,2263,20220409-0840,fast
10:25 am – 7:20 pm +1,Singapore Airlines,EWR‐HKT,21h55m,1,SIN,6:10 pm – 6:00 am +1,Singapore Airlines,HKT‐EWR,22h50m,1,SIN,2093,20220409-0840,fast
1:55 pm – 12:10 am +2,Asiana Airlines,JFK‐HKT,23h15m,1,ICN,9:05 pm – 8:30 am +1,Qatar Airways,HKT‐JFK,22h25m,1,DOH,1616,20220409-0840,fast
1:25 am – 1:50 pm +1,"EVA Air, Bangkok Airways",JFK‐HKT,25h25m,2,"TPE, BKK",1:30 am – 11:35 am,Asiana Airlines,HKT‐JFK,21h05m,1,ICN,1895,20220409-0840,fast
9:55 pm – 6:55 am +2,Qatar Airways,JFK‐HKT,22h00m,1,DOH,8:15 am – 10:05 pm,"THAI Smile, EVA Air",HKT‐JFK,24h50m,2,"BKK, TPE",2147,20220409-0840,fast
7:10 pm – 6:55 am +2,Qatar Airways,JFK‐HKT,24h45m,2,"LHR, DOH",9:05 pm – 8:30 am +1,Qatar Airways,HKT‐JFK,22h25m,1,DOH,2960,20220409-0840,fast
9:55 pm – 6:55 am +2,Qatar Airways,JFK‐HKT,22h00m,1,DOH,12:10 am – 2:25 pm,Emirates,HKT‐JFK,25h15m,1,DXB,1778,20220409-0840,fast
9:50 pm – 11:00 am +2,Thai Airways,JFK‐HKT,26h10m,2,"FRA, BKK",1:30 am – 11:35 am,Asiana Airlines,HKT‐JFK,21h05m,1,ICN,2371,20220409-0840,fast
9:55 pm – 6:55 am +2,Qatar Airways,JFK‐HKT,22h00m,1,DOH,9:15 pm – 11:35 am +1,"THAI Smile, Asiana Airlines",HKT‐JFK,25h20m,2,"BKK, ICN",3488,20220409-0840,fast
10:15 pm – 10:15 am +2,Etihad Airways,JFK‐HKT,25h00m,1,AUH,9:05 pm – 8:30 am +1,Qatar Airways,HKT‐JFK,22h25m,1,DOH,2060,20220409-0840,fast
1:00 am – 1:15 pm +1,Qatar Airways,JFK‐HKT,25h15m,1,DOH,9:05 pm – 8:30 am +1,Qatar Airways,HKT‐JFK,22h25m,1,DOH,1707,20220409-0840,fast
