Out Time,Out Airline,Out Cities,Out Duration,Out Stops,Out Stop Cities,Return Time,Return Airline,Return Cities,Return Duration,Return Stops,Return Stop Cities,Price,timestamp,sort
8:55 pm – 9:35 am +3,Singapore Airlines,JFK‐HKT,49h40m,2,"FRA, SIN",8:10 pm – 11:10 am +2,Singapore Airlines,HKT‐JFK,50h00m,2,"SIN, FRA",982,20220407-0913,cheap
11:10 am – 7:20 am +2,Qatar Airways,JFK‐HKT,33h10m,1,DOH,11:55 pm – 2:55 pm +1,Qatar Airways,HKT‐JFK,26h00m,1,DOH,1206,20220407-0913,cheap
10:30 pm – 10:15 am +2,Etihad Airways,JFK‐HKT,24h45m,1,AUH,8:00 pm – 4:30 pm +1,Etihad Airways,HKT‐JFK,31h30m,1,AUH,1210,20220407-0913,cheap
9:55 pm – 7:20 am +2,Qatar Airways,JFK‐HKT,22h25m,1,DOH,11:55 pm – 9:00 am +2,Qatar Airways,HKT‐JFK,44h05m,1,DOH,1278,20220407-0913,cheap
9:55 pm – 7:20 am +2,Qatar Airways,JFK‐HKT,22h25m,1,DOH,11:55 pm – 2:55 pm +1,Qatar Airways,HKT‐JFK,26h00m,1,DOH,1296,20220407-0913,cheap
11:10 am – 1:15 pm +2,Qatar Airways,JFK‐HKT,39h05m,1,DOH,11:55 pm – 2:55 pm +1,Qatar Airways,HKT‐JFK,26h00m,1,DOH,1300,20220407-0913,cheap
1:00 am – 7:20 am +2,Qatar Airways,JFK‐HKT,43h20m,1,DOH,11:55 pm – 2:55 pm +1,Qatar Airways,HKT‐JFK,26h00m,1,DOH,1300,20220407-0913,cheap
1:00 am – 7:15 pm +1,"Qatar Airways, Thai Vietjet Air",JFK‐HKT,31h15m,2,"DOH, BKK",11:15 pm – 2:55 pm +1,"Thai Vietjet Air, Qatar Airways",HKT‐JFK,26h40m,2,"BKK, DOH",1318,20220407-0913,cheap
1:00 am – 4:50 pm +1,"Qatar Airways, Thai Vietjet Air",JFK‐HKT,28h50m,2,"DOH, BKK",11:15 pm – 2:55 pm +1,"Thai Vietjet Air, Qatar Airways",HKT‐JFK,26h40m,2,"BKK, DOH",1324,20220407-0913,cheap
1:00 am – 8:35 pm +1,"Qatar Airways, Thai AirAsia",JFK‐HKT,32h35m,2,"DOH, BKK",11:15 pm – 2:55 pm +1,"Thai Vietjet Air, Qatar Airways",HKT‐JFK,26h40m,2,"BKK, DOH",1324,20220407-0913,cheap
1:00 am – 8:50 pm +1,"Qatar Airways, Thai Vietjet Air",JFK‐HKT,32h50m,2,"DOH, BKK",11:15 pm – 2:55 pm +1,"Thai Vietjet Air, Qatar Airways",HKT‐JFK,26h40m,2,"BKK, DOH",1324,20220407-0913,cheap
1:00 am – 9:55 pm +1,"Qatar Airways, Thai Vietjet Air",JFK‐HKT,33h55m,2,"DOH, BKK",11:15 pm – 2:55 pm +1,"Thai Vietjet Air, Qatar Airways",HKT‐JFK,26h40m,2,"BKK, DOH",1324,20220407-0913,cheap
1:00 am – 7:15 pm +1,"Qatar Airways, Thai Vietjet Air",JFK‐HKT,31h15m,2,"DOH, BKK",6:30 pm – 2:55 pm +1,"Thai Vietjet Air, Qatar Airways",HKT‐JFK,31h25m,2,"BKK, DOH",1324,20220407-0913,cheap
1:00 am – 7:15 pm +1,"Qatar Airways, Thai Vietjet Air",JFK‐HKT,31h15m,2,"DOH, BKK",5:25 pm – 2:55 pm +1,"Thai Vietjet Air, Qatar Airways",HKT‐JFK,32h30m,2,"BKK, DOH",1324,20220407-0913,cheap
1:00 am – 7:15 pm +1,"Qatar Airways, Thai Vietjet Air",JFK‐HKT,31h15m,2,"DOH, BKK",7:10 pm – 2:55 pm +1,"Bangkok Airways, Qatar Airways",HKT‐JFK,30h45m,2,"BKK, DOH",1327,20220407-0913,cheap
8:55 pm – 9:35 am +3,Singapore Airlines,JFK‐HKT,49h40m,2,"FRA, SIN",8:10 pm – 11:10 am +2,Singapore Airlines,HKT‐JFK,50h00m,2,"SIN, FRA",1044,20220407-0910,best
11:20 am – 8:00 pm +1,Emirates,JFK‐HKT,21h40m,1,DXB,9:45 pm – 8:50 am +1,Emirates,HKT‐JFK,22h05m,1,DXB,1442,20220407-0910,best
9:55 pm – 7:20 am +2,Qatar Airways,JFK‐HKT,22h25m,1,DOH,11:55 pm – 2:55 pm +1,Qatar Airways,HKT‐JFK,26h00m,1,DOH,1296,20220407-0910,best
9:55 pm – 7:20 am +2,Qatar Airways,JFK‐HKT,22h25m,1,DOH,9:45 pm – 8:50 am +1,Emirates,HKT‐JFK,22h05m,1,DXB,1487,20220407-0910,best
9:55 pm – 7:20 am +2,Qatar Airways,JFK‐HKT,22h25m,1,DOH,9:05 pm – 9:00 am +1,Qatar Airways,HKT‐JFK,22h55m,1,DOH,1554,20220407-0910,best
11:00 pm – 12:30 pm +2,Emirates,JFK‐HKT,26h30m,1,DXB,9:45 pm – 8:50 am +1,Emirates,HKT‐JFK,22h05m,1,DXB,1442,20220407-0910,best
10:30 pm – 10:15 am +2,Etihad Airways,JFK‐HKT,24h45m,1,AUH,8:00 pm – 4:30 pm +1,Etihad Airways,HKT‐JFK,31h30m,1,AUH,1210,20220407-0910,best
11:20 am – 8:00 pm +1,Emirates,JFK‐HKT,21h40m,1,DXB,9:45 pm – 2:25 pm +1,Emirates,HKT‐JFK,27h40m,1,DXB,1522,20220407-0910,best
11:55 pm – 12:30 pm +2,Emirates,EWR‐HKT,25h35m,2,"ATH, DXB",9:45 pm – 8:50 am +1,Emirates,HKT‐JFK,22h05m,1,DXB,1461,20220407-0910,best
1:00 am – 1:15 pm +1,Qatar Airways,JFK‐HKT,25h15m,1,DOH,9:45 pm – 8:50 am +1,Emirates,HKT‐JFK,22h05m,1,DXB,1556,20220407-0910,best
1:00 am – 1:15 pm +1,Qatar Airways,JFK‐HKT,25h15m,1,DOH,11:55 pm – 2:55 pm +1,Qatar Airways,HKT‐JFK,26h00m,1,DOH,1394,20220407-0910,best
11:10 am – 7:20 am +2,Qatar Airways,JFK‐HKT,33h10m,1,DOH,11:55 pm – 2:55 pm +1,Qatar Airways,HKT‐JFK,26h00m,1,DOH,1206,20220407-0910,best
11:20 am – 8:00 pm +1,Emirates,JFK‐HKT,21h40m,1,DXB,12:10 am – 2:25 pm,Emirates,HKT‐JFK,25h15m,1,DXB,1738,20220407-0910,best
9:55 pm – 7:20 am +2,Qatar Airways,JFK‐HKT,22h25m,1,DOH,9:45 pm – 2:25 pm +1,Emirates,HKT‐JFK,27h40m,1,DXB,1535,20220407-0910,best
9:55 pm – 7:20 am +2,Qatar Airways,JFK‐HKT,22h25m,1,DOH,7:10 pm – 2:55 pm +1,Qatar Airways,HKT‐JFK,30h45m,2,"BKK, DOH",1431,20220407-0910,best
9:55 pm – 7:20 am +2,Qatar Airways,JFK‐HKT,22h25m,1,DOH,12:10 am – 2:25 pm,Emirates,HKT‐JFK,25h15m,1,DXB,1670,20220407-0910,best
11:20 am – 8:00 pm +1,Emirates,JFK‐HKT,21h40m,1,DXB,9:45 pm – 8:50 am +1,Emirates,HKT‐JFK,22h05m,1,DXB,1442,20220407-0915,fast
9:55 pm – 7:20 am +2,Qatar Airways,JFK‐HKT,22h25m,1,DOH,9:45 pm – 8:50 am +1,Emirates,HKT‐JFK,22h05m,1,DXB,1487,20220407-0915,fast
10:25 am – 7:20 pm +1,Singapore Airlines,EWR‐HKT,21h55m,1,SIN,6:10 pm – 6:00 am +1,Singapore Airlines,HKT‐EWR,22h50m,1,SIN,2552,20220407-0915,fast
9:55 pm – 7:20 am +2,Qatar Airways,JFK‐HKT,22h25m,1,DOH,9:05 pm – 9:00 am +1,Qatar Airways,HKT‐JFK,22h55m,1,DOH,1554,20220407-0915,fast
9:55 pm – 7:20 am +2,"American Airlines, Qatar Airways",JFK‐HKT,22h25m,1,DOH,9:05 pm – 9:00 am +1,"Qatar Airways, American Airlines",HKT‐JFK,22h55m,1,DOH,2170,20220407-0915,fast
10:30 pm – 10:15 am +2,Etihad Airways,JFK‐HKT,24h45m,1,AUH,9:45 pm – 8:50 am +1,Emirates,HKT‐JFK,22h05m,1,DXB,1857,20220407-0915,fast
11:20 am – 8:00 pm +1,Emirates,JFK‐HKT,21h40m,1,DXB,12:10 am – 2:25 pm,Emirates,HKT‐JFK,25h15m,1,DXB,1738,20220407-0915,fast
1:00 am – 1:15 pm +1,Qatar Airways,JFK‐HKT,25h15m,1,DOH,9:45 pm – 8:50 am +1,Emirates,HKT‐JFK,22h05m,1,DXB,1556,20220407-0915,fast
9:55 pm – 7:20 am +2,Qatar Airways,JFK‐HKT,22h25m,1,DOH,9:00 am – 11:00 pm,"Thai Vietjet Air, Philippine Airlines",HKT‐JFK,25h00m,2,"BKK, MNL",1766,20220407-0915,fast
9:55 pm – 7:20 am +2,Qatar Airways,JFK‐HKT,22h25m,1,DOH,9:05 pm – 11:05 am +1,"Qatar Airways, British Airways",HKT‐JFK,25h00m,2,"DOH, LHR",3098,20220407-0915,fast
9:55 pm – 7:20 am +2,Qatar Airways,JFK‐HKT,22h25m,1,DOH,8:50 am – 11:00 pm,"Thai AirAsia, Philippine Airlines",HKT‐JFK,25h10m,2,"BKK, MNL",1767,20220407-0915,fast
11:55 pm – 12:30 pm +2,Emirates,EWR‐HKT,25h35m,2,"ATH, DXB",9:45 pm – 8:50 am +1,Emirates,HKT‐JFK,22h05m,1,DXB,1461,20220407-0915,fast
9:55 pm – 7:20 am +2,Qatar Airways,JFK‐HKT,22h25m,1,DOH,12:10 am – 2:25 pm,Emirates,HKT‐JFK,25h15m,1,DXB,1670,20220407-0915,fast
11:20 am – 8:00 pm +1,Emirates,JFK‐HKT,21h40m,1,DXB,11:55 pm – 2:55 pm +1,Qatar Airways,HKT‐JFK,26h00m,1,DOH,1926,20220407-0915,fast
10:25 am – 7:20 pm +1,Singapore Airlines,EWR‐HKT,21h55m,1,SIN,8:10 pm – 11:10 am +1,Singapore Airlines,HKT‐JFK,26h00m,2,"SIN, FRA",2455,20220407-0915,fast
