Out Time,Out Airline,Out Cities,Out Duration,Out Stops,Out Stop Cities,Return Time,Return Airline,Return Cities,Return Duration,Return Stops,Return Stop Cities,Price,timestamp,sort
8:55 pm – 7:20 pm +2,Singapore Airlines,JFK‐HKT,35h25m,2,"FRA, SIN",8:10 pm – 11:10 am +2,Singapore Airlines,HKT‐JFK,50h00m,2,"SIN, FRA",834,20220407-1138,cheap
1:00 am – 1:15 pm +1,Qatar Airways,JFK‐HKT,25h15m,1,DOH,9:05 pm – 9:00 am +1,Qatar Airways,HKT‐JFK,22h55m,1,DOH,1096,20220407-1138,cheap
1:00 am – 1:15 pm +1,Qatar Airways,JFK‐HKT,25h15m,1,DOH,11:55 pm – 2:55 pm +1,Qatar Airways,HKT‐JFK,26h00m,1,DOH,1096,20220407-1138,cheap
1:00 am – 1:15 pm +1,Qatar Airways,JFK‐HKT,25h15m,1,DOH,9:05 pm – 2:55 pm +1,Qatar Airways,HKT‐JFK,28h50m,1,DOH,1096,20220407-1138,cheap
1:00 am – 1:15 pm +1,Qatar Airways,JFK‐HKT,25h15m,1,DOH,11:55 pm – 9:00 am +2,Qatar Airways,HKT‐JFK,44h05m,1,DOH,1100,20220407-1138,cheap
11:55 pm – 12:30 pm +2,Emirates,EWR‐HKT,25h35m,2,"ATH, DXB",12:10 am – 2:25 pm,Emirates,HKT‐JFK,25h15m,1,DXB,1106,20220407-1138,cheap
10:20 pm – 12:30 pm +2,Emirates,JFK‐HKT,27h10m,2,"MXP, DXB",12:10 am – 2:25 pm,Emirates,HKT‐JFK,25h15m,1,DXB,1106,20220407-1138,cheap
11:55 pm – 12:30 pm +2,Emirates,EWR‐HKT,25h35m,2,"ATH, DXB",12:10 am – 6:55 pm,Emirates,HKT‐JFK,29h45m,2,"DXB, MXP",1106,20220407-1138,cheap
10:20 pm – 12:30 pm +2,Emirates,JFK‐HKT,27h10m,2,"MXP, DXB",12:10 am – 6:55 pm,Emirates,HKT‐JFK,29h45m,2,"DXB, MXP",1106,20220407-1138,cheap
11:55 pm – 12:30 pm +2,Emirates,EWR‐HKT,25h35m,2,"ATH, DXB",12:10 am – 9:20 pm,Emirates,HKT‐EWR,32h10m,2,"DXB, ATH",1106,20220407-1138,cheap
10:20 pm – 12:30 pm +2,Emirates,JFK‐HKT,27h10m,2,"MXP, DXB",12:10 am – 9:20 pm,Emirates,HKT‐EWR,32h10m,2,"DXB, ATH",1106,20220407-1138,cheap
8:55 pm – 7:10 pm +2,Singapore Airlines,JFK‐HKT,35h15m,2,"FRA, SIN",9:05 pm – 9:00 am +1,Qatar Airways,HKT‐JFK,22h55m,1,DOH,1109,20220407-1138,cheap
8:55 pm – 7:10 pm +2,Singapore Airlines,JFK‐HKT,35h15m,2,"FRA, SIN",11:55 pm – 2:55 pm +1,Qatar Airways,HKT‐JFK,26h00m,1,DOH,1109,20220407-1138,cheap
8:55 pm – 7:10 pm +2,Singapore Airlines,JFK‐HKT,35h15m,2,"FRA, SIN",9:05 pm – 2:55 pm +1,Qatar Airways,HKT‐JFK,28h50m,1,DOH,1109,20220407-1138,cheap
8:55 pm – 7:20 pm +2,Singapore Airlines,JFK‐HKT,35h25m,2,"FRA, SIN",9:05 pm – 9:00 am +1,Qatar Airways,HKT‐JFK,22h55m,1,DOH,1127,20220407-1138,cheap
1:00 am – 1:15 pm +1,Qatar Airways,JFK‐HKT,25h15m,1,DOH,9:05 pm – 9:00 am +1,Qatar Airways,HKT‐JFK,22h55m,1,DOH,1139,20220407-1135,best
1:00 am – 1:15 pm +1,Qatar Airways,JFK‐HKT,25h15m,1,DOH,9:05 pm – 9:00 am +1,Qatar Airways,HKT‐JFK,22h55m,1,DOH,1096,20220407-1135,best
1:00 am – 1:15 pm +1,Qatar Airways,JFK‐HKT,25h15m,1,DOH,11:55 pm – 2:55 pm +1,Qatar Airways,HKT‐JFK,26h00m,1,DOH,1096,20220407-1135,best
11:55 pm – 12:30 pm +2,Emirates,EWR‐HKT,25h35m,2,"ATH, DXB",12:10 am – 2:25 pm,Emirates,HKT‐JFK,25h15m,1,DXB,1106,20220407-1135,best
10:20 pm – 12:30 pm +2,Emirates,JFK‐HKT,27h10m,2,"MXP, DXB",12:10 am – 2:25 pm,Emirates,HKT‐JFK,25h15m,1,DXB,1106,20220407-1135,best
1:00 am – 1:15 pm +1,Qatar Airways,JFK‐HKT,25h15m,1,DOH,9:05 pm – 2:55 pm +1,Qatar Airways,HKT‐JFK,28h50m,1,DOH,1096,20220407-1135,best
9:55 pm – 1:15 pm +2,Qatar Airways,JFK‐HKT,28h20m,1,DOH,9:05 pm – 9:00 am +1,Qatar Airways,HKT‐JFK,22h55m,1,DOH,1247,20220407-1135,best
10:25 am – 7:20 pm +1,Singapore Airlines,EWR‐HKT,21h55m,1,SIN,6:10 pm – 6:00 am +1,Singapore Airlines,HKT‐EWR,22h50m,1,SIN,1652,20220407-1135,best
9:55 pm – 1:15 pm +2,Qatar Airways,JFK‐HKT,28h20m,1,DOH,11:55 pm – 2:55 pm +1,Qatar Airways,HKT‐JFK,26h00m,1,DOH,1247,20220407-1135,best
10:25 am – 7:20 pm +1,Singapore Airlines,EWR‐HKT,21h55m,1,SIN,8:10 pm – 11:10 am +1,Singapore Airlines,HKT‐JFK,26h00m,2,"SIN, FRA",1547,20220407-1135,best
8:55 pm – 9:35 am +2,Singapore Airlines,JFK‐HKT,25h40m,2,"FRA, SIN",6:10 pm – 6:00 am +1,Singapore Airlines,HKT‐EWR,22h50m,1,SIN,1555,20220407-1135,best
8:55 pm – 7:20 pm +2,Singapore Airlines,JFK‐HKT,35h25m,2,"FRA, SIN",9:05 pm – 9:00 am +1,Qatar Airways,HKT‐JFK,22h55m,1,DOH,1127,20220407-1135,best
1:00 am – 1:15 pm +1,Qatar Airways,JFK‐HKT,25h15m,1,DOH,12:10 am – 2:25 pm,Emirates,HKT‐JFK,25h15m,1,DXB,1392,20220407-1135,best
8:55 pm – 7:10 pm +2,Singapore Airlines,JFK‐HKT,35h15m,2,"FRA, SIN",9:05 pm – 9:00 am +1,Qatar Airways,HKT‐JFK,22h55m,1,DOH,1109,20220407-1135,best
11:55 pm – 12:30 pm +2,Emirates,EWR‐HKT,25h35m,2,"ATH, DXB",12:10 am – 6:55 pm,Emirates,HKT‐JFK,29h45m,2,"DXB, MXP",1106,20220407-1135,best
10:25 am – 7:20 pm +1,Singapore Airlines,EWR‐HKT,21h55m,1,SIN,5:35 pm – 6:00 am +1,Singapore Airlines,HKT‐EWR,23h25m,1,SIN,1744,20220407-1135,best
10:25 am – 7:20 pm +1,Singapore Airlines,EWR‐HKT,21h55m,1,SIN,6:10 pm – 6:00 am +1,Singapore Airlines,HKT‐EWR,22h50m,1,SIN,1652,20220407-1141,fast
10:25 am – 7:20 pm +1,Singapore Airlines,EWR‐HKT,21h55m,1,SIN,9:05 pm – 9:00 am +1,Qatar Airways,HKT‐JFK,22h55m,1,DOH,1778,20220407-1141,fast
10:25 am – 7:20 pm +1,Singapore Airlines,EWR‐HKT,21h55m,1,SIN,5:35 pm – 6:00 am +1,Singapore Airlines,HKT‐EWR,23h25m,1,SIN,1744,20220407-1141,fast
10:30 pm – 9:35 am +2,Singapore Airlines,JFK‐HKT,24h05m,1,SIN,6:10 pm – 6:00 am +1,Singapore Airlines,HKT‐EWR,22h50m,1,SIN,1719,20220407-1141,fast
10:25 am – 7:20 pm +1,Singapore Airlines,EWR‐HKT,21h55m,1,SIN,12:10 am – 2:25 pm,Emirates,HKT‐JFK,25h15m,1,DXB,1796,20220407-1141,fast
10:30 pm – 10:15 am +2,Etihad Airways,JFK‐HKT,24h45m,1,AUH,9:05 pm – 9:00 am +1,Qatar Airways,HKT‐JFK,22h55m,1,DOH,1740,20220407-1141,fast
10:25 am – 7:20 pm +1,Singapore Airlines,EWR‐HKT,21h55m,1,SIN,8:10 pm – 11:10 am +1,Singapore Airlines,HKT‐JFK,26h00m,2,"SIN, FRA",1547,20220407-1141,fast
10:25 am – 7:20 pm +1,Singapore Airlines,EWR‐HKT,21h55m,1,SIN,11:55 pm – 2:55 pm +1,Qatar Airways,HKT‐JFK,26h00m,1,DOH,1778,20220407-1141,fast
1:00 am – 1:15 pm +1,Qatar Airways,JFK‐HKT,25h15m,1,DOH,9:05 pm – 9:00 am +1,Qatar Airways,HKT‐JFK,22h55m,1,DOH,1096,20220407-1141,fast
1:00 am – 1:15 pm +1,"American Airlines, Qatar Airways",JFK‐HKT,25h15m,1,DOH,9:05 pm – 9:00 am +1,"Qatar Airways, American Airlines",HKT‐JFK,22h55m,1,DOH,1635,20220407-1141,fast
10:30 pm – 10:50 am +2,Singapore Airlines,JFK‐HKT,25h20m,1,SIN,6:10 pm – 6:00 am +1,Singapore Airlines,HKT‐EWR,22h50m,1,SIN,1719,20220407-1141,fast
8:55 pm – 9:35 am +2,Singapore Airlines,JFK‐HKT,25h40m,2,"FRA, SIN",6:10 pm – 6:00 am +1,Singapore Airlines,HKT‐EWR,22h50m,1,SIN,1555,20220407-1141,fast
11:55 pm – 12:30 pm +2,Emirates,EWR‐HKT,25h35m,2,"ATH, DXB",9:05 pm – 9:00 am +1,Qatar Airways,HKT‐JFK,22h55m,1,DOH,1769,20220407-1141,fast
11:55 pm – 12:30 pm +2,Emirates,EWR‐HKT,25h35m,2,"ATH, DXB",5:35 pm – 6:00 am +1,Singapore Airlines,HKT‐EWR,23h25m,1,SIN,2583,20220407-1141,fast
11:00 pm – 12:30 pm +2,Emirates,JFK‐HKT,26h30m,1,DXB,9:05 pm – 9:00 am +1,Qatar Airways,HKT‐JFK,22h55m,1,DOH,1801,20220407-1141,fast
