Out Time,Out Airline,Out Cities,Out Duration,Out Stops,Out Stop Cities,Return Time,Return Airline,Return Cities,Return Duration,Return Stops,Return Stop Cities,Price,timestamp,sort
1:25 pm – 9:30 am +2,"Japan Airlines, Bangkok Airways",JFK‐HKT,33h05m,2,"HND, BKK",7:10 pm – 10:10 am +1,"Bangkok Airways, Japan Airlines",HKT‐JFK,26h00m,2,"BKK, NRT",1136,20220409-1003,cheap
1:25 pm – 6:20 pm +2,"Japan Airlines, Bangkok Airways",JFK‐HKT,41h55m,2,"HND, BKK",7:10 pm – 10:10 am +1,"Bangkok Airways, Japan Airlines",HKT‐JFK,26h00m,2,"BKK, NRT",1136,20220409-1003,cheap
1:25 pm – 6:20 pm +2,"Japan Airlines, Bangkok Airways",JFK‐HKT,41h55m,2,"HND, BKK",2:40 pm – 10:10 am +1,Japan Airlines,HKT‐JFK,30h30m,2,"BKK, NRT",1136,20220409-1003,cheap
1:25 pm – 9:30 am +2,"Japan Airlines, Bangkok Airways",JFK‐HKT,33h05m,2,"HND, BKK",10:20 am – 10:10 am +1,Japan Airlines,HKT‐JFK,34h50m,2,"BKK, NRT",1139,20220409-1003,cheap
1:25 pm – 6:20 pm +2,"Japan Airlines, Bangkok Airways",JFK‐HKT,41h55m,2,"HND, BKK",10:20 am – 10:10 am +1,Japan Airlines,HKT‐JFK,34h50m,2,"BKK, NRT",1139,20220409-1003,cheap
1:25 pm – 9:30 am +2,"Japan Airlines, Bangkok Airways",JFK‐HKT,33h05m,2,"HND, BKK",2:40 pm – 10:10 am +1,Japan Airlines,HKT‐JFK,30h30m,2,"BKK, HND-NRT",1145,20220409-1003,cheap
1:25 pm – 9:30 am +2,"Japan Airlines, Bangkok Airways",JFK‐HKT,33h05m,2,"HND, BKK",10:20 am – 10:10 am +1,Japan Airlines,HKT‐JFK,34h50m,2,"BKK, HND-NRT",1145,20220409-1003,cheap
1:25 pm – 6:20 pm +2,"Japan Airlines, Bangkok Airways",JFK‐HKT,41h55m,2,"HND, BKK",2:40 pm – 10:10 am +1,Japan Airlines,HKT‐JFK,30h30m,2,"BKK, HND-NRT",1145,20220409-1003,cheap
1:25 pm – 9:30 am +2,"Japan Airlines, Bangkok Airways",JFK‐HKT,33h05m,2,"HND, BKK",2:40 pm – 10:10 am +1,Japan Airlines,HKT‐JFK,30h30m,2,"BKK, NRT",1151,20220409-1003,cheap
3:00 pm – 6:20 pm +2,"ANA, Bangkok Airways",JFK‐HKT,40h20m,2,"HND, BKK",2:40 pm – 10:15 am +1,"Bangkok Airways, ANA",HKT‐JFK,30h35m,2,"BKK, HND",1185,20220409-1003,cheap
3:00 pm – 6:20 pm +2,"ANA, Bangkok Airways",JFK‐HKT,40h20m,2,"HND, BKK",10:20 am – 10:15 am +1,"Bangkok Airways, ANA",HKT‐JFK,34h55m,2,"BKK, HND",1185,20220409-1003,cheap
11:35 am – 9:30 am +2,"ANA, Bangkok Airways",EWR‐HKT,34h55m,2,"NRT, BKK",2:40 pm – 10:15 am +1,"Bangkok Airways, ANA",HKT‐JFK,30h35m,2,"BKK, HND",1186,20220409-1003,cheap
1:25 pm – 6:20 pm +2,Japan Airlines,JFK‐HKT,41h55m,2,"HND, BKK",7:10 pm – 10:10 am +1,Japan Airlines,HKT‐JFK,26h00m,2,"BKK, NRT",1193,20220409-1003,cheap
1:25 pm – 6:20 pm +2,Japan Airlines,JFK‐HKT,41h55m,2,"HND, BKK",2:40 pm – 10:10 am +1,Japan Airlines,HKT‐JFK,30h30m,2,"BKK, NRT",1193,20220409-1003,cheap
1:25 pm – 6:20 pm +2,Japan Airlines,JFK‐HKT,41h55m,2,"HND, BKK",2:40 pm – 10:10 am +1,Japan Airlines,HKT‐JFK,30h30m,2,"BKK, HND-NRT",1209,20220409-1003,cheap
1:25 pm – 9:30 am +2,"Japan Airlines, Bangkok Airways",JFK‐HKT,33h05m,2,"HND, BKK",7:10 pm – 10:10 am +1,"Bangkok Airways, Japan Airlines",HKT‐JFK,26h00m,2,"BKK, NRT",1178,20220409-1001,best
1:55 pm – 12:10 am +2,Asiana Airlines,JFK‐HKT,23h15m,1,ICN,1:30 am – 11:35 am,Asiana Airlines,HKT‐JFK,21h05m,1,ICN,1235,20220409-1001,best
1:25 pm – 9:30 am +2,"Japan Airlines, Bangkok Airways",JFK‐HKT,33h05m,2,"HND, BKK",7:10 pm – 10:10 am +1,"Bangkok Airways, Japan Airlines",HKT‐JFK,26h00m,2,"BKK, NRT",1136,20220409-1001,best
10:25 am – 7:20 pm +1,Singapore Airlines,EWR‐HKT,21h55m,1,SIN,8:10 pm – 11:10 am +1,Singapore Airlines,HKT‐JFK,26h00m,2,"SIN, FRA",1317,20220409-1001,best
10:25 am – 7:20 pm +1,Singapore Airlines,EWR‐HKT,21h55m,1,SIN,6:10 pm – 6:00 am +1,Singapore Airlines,HKT‐EWR,22h50m,1,SIN,1483,20220409-1001,best
10:25 am – 7:20 pm +1,Singapore Airlines,EWR‐HKT,21h55m,1,SIN,6:10 pm – 11:10 am +1,Singapore Airlines,HKT‐JFK,28h00m,2,"SIN, FRA",1317,20220409-1001,best
10:25 am – 7:20 pm +1,Singapore Airlines,EWR‐HKT,21h55m,1,SIN,5:35 pm – 11:10 am +1,Singapore Airlines,HKT‐JFK,28h35m,2,"SIN, FRA",1317,20220409-1001,best
10:25 am – 7:20 pm +1,Singapore Airlines,EWR‐HKT,21h55m,1,SIN,5:35 pm – 6:00 am +1,Singapore Airlines,HKT‐EWR,23h25m,1,SIN,1526,20220409-1001,best
1:00 am – 1:15 pm +1,Qatar Airways,JFK‐HKT,25h15m,1,DOH,9:05 pm – 8:30 am +1,Qatar Airways,HKT‐JFK,22h25m,1,DOH,1317,20220409-1001,best
10:30 pm – 9:35 am +2,Singapore Airlines,JFK‐HKT,24h05m,1,SIN,8:10 pm – 11:10 am +1,Singapore Airlines,HKT‐JFK,26h00m,2,"SIN, FRA",1341,20220409-1001,best
10:30 pm – 9:35 am +2,Singapore Airlines,JFK‐HKT,24h05m,1,SIN,6:10 pm – 6:00 am +1,Singapore Airlines,HKT‐EWR,22h50m,1,SIN,1508,20220409-1001,best
10:30 pm – 10:50 am +2,Singapore Airlines,JFK‐HKT,25h20m,1,SIN,8:10 pm – 11:10 am +1,Singapore Airlines,HKT‐JFK,26h00m,2,"SIN, FRA",1341,20220409-1001,best
9:55 pm – 1:15 pm +2,Qatar Airways,JFK‐HKT,28h20m,1,DOH,9:05 pm – 8:30 am +1,Qatar Airways,HKT‐JFK,22h25m,1,DOH,1317,20220409-1001,best
8:55 pm – 9:35 am +2,Singapore Airlines,JFK‐HKT,25h40m,2,"FRA, SIN",8:10 pm – 11:10 am +1,Singapore Airlines,HKT‐JFK,26h00m,2,"SIN, FRA",1396,20220409-1001,best
8:55 pm – 9:35 am +2,Singapore Airlines,JFK‐HKT,25h40m,2,"FRA, SIN",6:10 pm – 6:00 am +1,Singapore Airlines,HKT‐EWR,22h50m,1,SIN,1533,20220409-1001,best
10:25 am – 7:20 pm +1,Singapore Airlines,EWR‐HKT,21h55m,1,SIN,11:40 am – 6:00 am +1,Singapore Airlines,HKT‐EWR,29h20m,1,SIN,1483,20220409-1001,best
1:55 pm – 12:10 am +2,Asiana Airlines,JFK‐HKT,23h15m,1,ICN,1:30 am – 11:35 am,Asiana Airlines,HKT‐JFK,21h05m,1,ICN,1235,20220409-1006,fast
10:25 am – 7:20 pm +1,Singapore Airlines,EWR‐HKT,21h55m,1,SIN,6:10 pm – 6:00 am +1,Singapore Airlines,HKT‐EWR,22h50m,1,SIN,1483,20220409-1006,fast
10:25 am – 7:20 pm +1,Singapore Airlines,EWR‐HKT,21h55m,1,SIN,5:35 pm – 6:00 am +1,Singapore Airlines,HKT‐EWR,23h25m,1,SIN,1526,20220409-1006,fast
1:55 pm – 12:10 am +2,Asiana Airlines,JFK‐HKT,23h15m,1,ICN,9:05 pm – 8:30 am +1,Qatar Airways,HKT‐JFK,22h25m,1,DOH,1596,20220409-1006,fast
1:55 pm – 12:10 am +2,Asiana Airlines,JFK‐HKT,23h15m,1,ICN,9:05 pm – 8:30 am +1,"Qatar Airways, JetBlue",HKT‐JFK,22h25m,1,DOH,1872,20220409-1006,fast
1:00 am – 1:15 pm +1,Qatar Airways,JFK‐HKT,25h15m,1,DOH,1:30 am – 11:35 am,Asiana Airlines,HKT‐JFK,21h05m,1,ICN,1581,20220409-1006,fast
9:50 pm – 10:35 am +2,Thai Airways,JFK‐HKT,25h45m,2,"FRA, BKK",1:30 am – 11:35 am,Asiana Airlines,HKT‐JFK,21h05m,1,ICN,2170,20220409-1006,fast
10:30 pm – 9:35 am +2,Singapore Airlines,JFK‐HKT,24h05m,1,SIN,6:10 pm – 6:00 am +1,Singapore Airlines,HKT‐EWR,22h50m,1,SIN,1508,20220409-1006,fast
10:25 am – 7:20 pm +1,Singapore Airlines,EWR‐HKT,21h55m,1,SIN,12:10 am – 2:25 pm,Emirates,HKT‐JFK,25h15m,1,DXB,1903,20220409-1006,fast
1:00 am – 1:15 pm +1,Qatar Airways,JFK‐HKT,25h15m,1,DOH,9:05 pm – 8:30 am +1,Qatar Airways,HKT‐JFK,22h25m,1,DOH,1317,20220409-1006,fast
10:25 am – 7:20 pm +1,Singapore Airlines,EWR‐HKT,21h55m,1,SIN,8:10 pm – 11:10 am +1,Singapore Airlines,HKT‐JFK,26h00m,2,"SIN, FRA",1317,20220409-1006,fast
10:30 pm – 10:50 am +2,Singapore Airlines,JFK‐HKT,25h20m,1,SIN,6:10 pm – 6:00 am +1,Singapore Airlines,HKT‐EWR,22h50m,1,SIN,1508,20220409-1006,fast
8:55 pm – 9:35 am +2,Singapore Airlines,JFK‐HKT,25h40m,2,"FRA, SIN",6:10 pm – 6:00 am +1,Singapore Airlines,HKT‐EWR,22h50m,1,SIN,1533,20220409-1006,fast
1:55 pm – 12:10 am +2,Asiana Airlines,JFK‐HKT,23h15m,1,ICN,12:10 am – 2:25 pm,Emirates,HKT‐JFK,25h15m,1,DXB,1547,20220409-1006,fast
9:30 am – 12:10 am +2,"Alaska Airlines, Asiana Airlines",JFK‐HKT,27h40m,2,"SEA, ICN",1:30 am – 11:35 am,Asiana Airlines,HKT‐JFK,21h05m,1,ICN,1574,20220409-1006,fast
