Out Time,Out Airline,Out Cities,Out Duration,Out Stops,Out Stop Cities,Return Time,Return Airline,Return Cities,Return Duration,Return Stops,Return Stop Cities,Price,timestamp,sort
8:55 pm – 7:10 pm +2,Singapore Airlines,JFK‐HKT,35h15m,2,"FRA, SIN",5:35 pm – 11:10 am +1,Singapore Airlines,HKT‐JFK,28h35m,2,"SIN, FRA",1006,20220407-1342,cheap
8:55 pm – 7:10 pm +2,Singapore Airlines,JFK‐HKT,35h15m,2,"FRA, SIN",8:10 pm – 11:10 am +1,Singapore Airlines,HKT‐JFK,26h00m,2,"SIN, FRA",1014,20220407-1342,cheap
8:55 pm – 7:10 pm +2,Singapore Airlines,JFK‐HKT,35h15m,2,"FRA, SIN",6:10 pm – 11:10 am +1,Singapore Airlines,HKT‐JFK,28h00m,2,"SIN, FRA",1014,20220407-1342,cheap
8:55 pm – 7:10 pm +2,Singapore Airlines,JFK‐HKT,35h15m,2,"FRA, SIN",11:40 am – 11:10 am +1,Singapore Airlines,HKT‐JFK,34h30m,2,"SIN, FRA",1014,20220407-1342,cheap
8:55 pm – 7:10 pm +2,Singapore Airlines,JFK‐HKT,35h15m,2,"FRA, SIN",10:25 am – 11:10 am +1,Singapore Airlines,HKT‐JFK,35h45m,2,"SIN, FRA",1014,20220407-1342,cheap
8:55 pm – 7:20 pm +2,Singapore Airlines,JFK‐HKT,35h25m,2,"FRA, SIN",5:35 pm – 11:10 am +1,Singapore Airlines,HKT‐JFK,28h35m,2,"SIN, FRA",1044,20220407-1342,cheap
8:55 pm – 7:20 pm +2,Singapore Airlines,JFK‐HKT,35h25m,2,"FRA, SIN",8:10 pm – 11:10 am +1,Singapore Airlines,HKT‐JFK,26h00m,2,"SIN, FRA",1053,20220407-1342,cheap
8:55 pm – 7:20 pm +2,Singapore Airlines,JFK‐HKT,35h25m,2,"FRA, SIN",6:10 pm – 11:10 am +1,Singapore Airlines,HKT‐JFK,28h00m,2,"SIN, FRA",1053,20220407-1342,cheap
8:55 pm – 7:20 pm +2,Singapore Airlines,JFK‐HKT,35h25m,2,"FRA, SIN",11:40 am – 11:10 am +1,Singapore Airlines,HKT‐JFK,34h30m,2,"SIN, FRA",1053,20220407-1342,cheap
8:55 pm – 7:20 pm +2,Singapore Airlines,JFK‐HKT,35h25m,2,"FRA, SIN",10:25 am – 11:10 am +1,Singapore Airlines,HKT‐JFK,35h45m,2,"SIN, FRA",1053,20220407-1342,cheap
8:55 pm – 7:10 pm +2,Singapore Airlines,JFK‐HKT,35h15m,2,"FRA, SIN",5:35 pm – 11:10 am +1,Singapore Airlines,HKT‐JFK,28h35m,2,"SIN, FRA",1069,20220407-1342,cheap
8:55 pm – 7:10 pm +2,Singapore Airlines,JFK‐HKT,35h15m,2,"FRA, SIN",8:10 pm – 11:10 am +1,Singapore Airlines,HKT‐JFK,26h00m,2,"SIN, FRA",1089,20220407-1342,cheap
8:55 pm – 7:10 pm +2,Singapore Airlines,JFK‐HKT,35h15m,2,"FRA, SIN",6:10 pm – 11:10 am +1,Singapore Airlines,HKT‐JFK,28h00m,2,"SIN, FRA",1089,20220407-1342,cheap
8:55 pm – 7:10 pm +2,Singapore Airlines,JFK‐HKT,35h15m,2,"FRA, SIN",11:40 am – 11:10 am +1,Singapore Airlines,HKT‐JFK,34h30m,2,"SIN, FRA",1089,20220407-1342,cheap
8:55 pm – 7:10 pm +2,Singapore Airlines,JFK‐HKT,35h15m,2,"FRA, SIN",10:25 am – 11:10 am +1,Singapore Airlines,HKT‐JFK,35h45m,2,"SIN, FRA",1089,20220407-1342,cheap
8:55 pm – 7:10 pm +2,Singapore Airlines,JFK‐HKT,35h15m,2,"FRA, SIN",10:20 am – 11:10 am +1,"Bangkok Airways, Singapore Airlines",HKT‐JFK,35h50m,3,"BKK, SIN, ...",1226,20220407-1339,best
10:25 am – 7:20 pm +1,Singapore Airlines,EWR‐HKT,21h55m,1,SIN,8:10 pm – 11:10 am +1,Singapore Airlines,HKT‐JFK,26h00m,2,"SIN, FRA",1382,20220407-1339,best
8:55 pm – 7:10 pm +2,Singapore Airlines,JFK‐HKT,35h15m,2,"FRA, SIN",5:35 pm – 11:10 am +1,Singapore Airlines,HKT‐JFK,28h35m,2,"SIN, FRA",1006,20220407-1339,best
8:55 pm – 9:35 am +2,Singapore Airlines,JFK‐HKT,25h40m,2,"FRA, SIN",8:10 pm – 11:10 am +1,Singapore Airlines,HKT‐JFK,26h00m,2,"SIN, FRA",1226,20220407-1339,best
10:25 am – 7:20 pm +1,Singapore Airlines,EWR‐HKT,21h55m,1,SIN,6:10 pm – 11:10 am +1,Singapore Airlines,HKT‐JFK,28h00m,2,"SIN, FRA",1387,20220407-1339,best
10:25 am – 7:20 pm +1,Singapore Airlines,EWR‐HKT,21h55m,1,SIN,5:35 pm – 11:10 am +1,Singapore Airlines,HKT‐JFK,28h35m,2,"SIN, FRA",1374,20220407-1339,best
8:55 pm – 10:50 am +2,Singapore Airlines,JFK‐HKT,26h55m,2,"FRA, SIN",8:10 pm – 11:10 am +1,Singapore Airlines,HKT‐JFK,26h00m,2,"SIN, FRA",1224,20220407-1339,best
9:55 pm – 6:55 am +2,Qatar Airways,JFK‐HKT,22h00m,1,DOH,11:55 pm – 2:55 pm +1,Qatar Airways,HKT‐JFK,26h00m,1,DOH,1553,20220407-1339,best
8:55 pm – 7:10 pm +2,Singapore Airlines,JFK‐HKT,35h15m,2,"FRA, SIN",8:10 pm – 11:10 am +1,Singapore Airlines,HKT‐JFK,26h00m,2,"SIN, FRA",1014,20220407-1339,best
10:30 pm – 9:35 am +2,Singapore Airlines,JFK‐HKT,24h05m,1,SIN,8:10 pm – 11:10 am +1,Singapore Airlines,HKT‐JFK,26h00m,2,"SIN, FRA",1546,20220407-1339,best
8:55 pm – 7:20 pm +2,Singapore Airlines,JFK‐HKT,35h25m,2,"FRA, SIN",8:10 pm – 11:10 am +1,Singapore Airlines,HKT‐JFK,26h00m,2,"SIN, FRA",1053,20220407-1339,best
9:55 pm – 6:55 am +2,Qatar Airways,JFK‐HKT,22h00m,1,DOH,2:40 pm – 8:30 am +1,Qatar Airways,HKT‐JFK,28h50m,2,"BKK, DOH",1566,20220407-1339,best
10:30 pm – 10:50 am +2,Singapore Airlines,JFK‐HKT,25h20m,1,SIN,8:10 pm – 11:10 am +1,Singapore Airlines,HKT‐JFK,26h00m,2,"SIN, FRA",1546,20220407-1339,best
8:55 pm – 7:10 pm +2,Singapore Airlines,JFK‐HKT,35h15m,2,"FRA, SIN",6:10 pm – 11:10 am +1,Singapore Airlines,HKT‐JFK,28h00m,2,"SIN, FRA",1014,20220407-1339,best
10:25 am – 7:20 pm +1,Singapore Airlines,EWR‐HKT,21h55m,1,SIN,6:10 pm – 6:00 am +1,Singapore Airlines,HKT‐EWR,22h50m,1,SIN,1993,20220407-1339,best
8:55 pm – 7:10 pm +2,Singapore Airlines,JFK‐HKT,35h15m,2,"FRA, SIN",8:10 pm – 11:10 am +1,Singapore Airlines,HKT‐JFK,26h00m,2,"SIN, FRA",1089,20220407-1339,best
10:25 am – 7:20 pm +1,Singapore Airlines,EWR‐HKT,21h55m,1,SIN,6:10 pm – 6:00 am +1,Singapore Airlines,HKT‐EWR,22h50m,1,SIN,1993,20220407-1345,fast
10:25 am – 7:20 pm +1,Singapore Airlines,EWR‐HKT,21h55m,1,SIN,5:35 pm – 6:00 am +1,Singapore Airlines,HKT‐EWR,23h25m,1,SIN,2078,20220407-1345,fast
9:55 pm – 6:55 am +2,Qatar Airways,JFK‐HKT,22h00m,1,DOH,12:10 am – 2:25 pm,Emirates,HKT‐JFK,25h15m,1,DXB,1838,20220407-1345,fast
10:25 am – 7:20 pm +1,Singapore Airlines,EWR‐HKT,21h55m,1,SIN,8:10 pm – 11:10 am +1,Singapore Airlines,HKT‐JFK,26h00m,2,"SIN, FRA",1382,20220407-1345,fast
9:55 pm – 6:55 am +2,Qatar Airways,JFK‐HKT,22h00m,1,DOH,11:55 pm – 2:55 pm +1,Qatar Airways,HKT‐JFK,26h00m,1,DOH,1553,20220407-1345,fast
9:55 pm – 6:55 am +2,"American Airlines, Qatar Airways",JFK‐HKT,22h00m,1,DOH,11:55 pm – 2:55 pm +1,"Qatar Airways, American Airlines",HKT‐JFK,26h00m,1,DOH,1782,20220407-1345,fast
9:50 pm – 10:35 am +2,Thai Airways,JFK‐HKT,25h45m,2,"FRA, BKK",6:10 pm – 6:00 am +1,Singapore Airlines,HKT‐EWR,22h50m,1,SIN,2148,20220407-1345,fast
6:20 pm – 6:55 am +2,Qatar Airways,EWR‐HKT,25h35m,2,"BOS, DOH",5:35 pm – 6:00 am +1,Singapore Airlines,HKT‐EWR,23h25m,1,SIN,2564,20220407-1345,fast
9:50 pm – 10:35 am +2,Thai Airways,JFK‐HKT,25h45m,2,"FRA, BKK",5:35 pm – 6:00 am +1,Singapore Airlines,HKT‐EWR,23h25m,1,SIN,2280,20220407-1345,fast
7:25 pm – 6:55 am +2,Qatar Airways,JFK‐HKT,24h30m,2,"BOS, DOH",12:10 am – 2:25 pm,Emirates,HKT‐JFK,25h15m,1,DXB,1887,20220407-1345,fast
10:25 am – 7:20 pm +1,Singapore Airlines,EWR‐HKT,21h55m,1,SIN,6:10 pm – 11:10 am +1,Singapore Airlines,HKT‐JFK,28h00m,2,"SIN, FRA",1387,20220407-1345,fast
9:50 pm – 9:35 am +2,Thai Airways,JFK‐HKT,24h45m,2,"FRA, BKK",12:10 am – 2:25 pm,Emirates,HKT‐JFK,25h15m,1,DXB,1658,20220407-1345,fast
10:30 pm – 10:15 am +2,Etihad Airways,JFK‐HKT,24h45m,1,AUH,12:10 am – 2:25 pm,Emirates,HKT‐JFK,25h15m,1,DXB,1897,20220407-1345,fast
10:30 pm – 9:35 am +2,Singapore Airlines,JFK‐HKT,24h05m,1,SIN,8:10 pm – 11:10 am +1,Singapore Airlines,HKT‐JFK,26h00m,2,"SIN, FRA",1546,20220407-1345,fast
10:25 am – 7:20 pm +1,Singapore Airlines,EWR‐HKT,21h55m,1,SIN,5:35 pm – 11:10 am +1,Singapore Airlines,HKT‐JFK,28h35m,2,"SIN, FRA",1374,20220407-1345,fast
