Out Time,Out Airline,Out Cities,Out Duration,Out Stops,Out Stop Cities,Return Time,Return Airline,Return Cities,Return Duration,Return Stops,Return Stop Cities,Price,timestamp,sort
8:55 pm – 7:20 pm +2,Singapore Airlines,JFK‐HKT,35h25m,2,"FRA, SIN",10:25 am – 11:10 am +1,Singapore Airlines,HKT‐JFK,35h45m,2,"SIN, FRA",1079,20220409-1042,cheap
8:55 pm – 9:35 am +3,Singapore Airlines,JFK‐HKT,49h40m,2,"FRA, SIN",10:25 am – 11:10 am +1,Singapore Airlines,HKT‐JFK,35h45m,2,"SIN, FRA",1103,20220409-1042,cheap
8:55 pm – 7:20 pm +2,Singapore Airlines,JFK‐HKT,35h25m,2,"FRA, SIN",8:10 pm – 11:10 am +1,Singapore Airlines,HKT‐JFK,26h00m,2,"SIN, FRA",1143,20220409-1042,cheap
8:55 pm – 7:20 pm +2,Singapore Airlines,JFK‐HKT,35h25m,2,"FRA, SIN",6:10 pm – 11:10 am +1,Singapore Airlines,HKT‐JFK,28h00m,2,"SIN, FRA",1143,20220409-1042,cheap
8:55 pm – 7:20 pm +2,Singapore Airlines,JFK‐HKT,35h25m,2,"FRA, SIN",11:40 am – 11:10 am +1,Singapore Airlines,HKT‐JFK,34h30m,2,"SIN, FRA",1143,20220409-1042,cheap
8:55 pm – 7:20 pm +2,Singapore Airlines,JFK‐HKT,35h25m,2,"FRA, SIN",12:10 pm – 11:10 am +1,Singapore Airlines,HKT‐JFK,34h00m,2,"SIN, FRA",1144,20220409-1042,cheap
10:25 am – 7:20 pm +1,Singapore Airlines,EWR‐HKT,21h55m,1,SIN,10:25 am – 11:10 am +1,Singapore Airlines,HKT‐JFK,35h45m,2,"SIN, FRA",1160,20220409-1042,cheap
10:25 am – 9:35 am +2,Singapore Airlines,EWR‐HKT,36h10m,1,SIN,10:25 am – 11:10 am +1,Singapore Airlines,HKT‐JFK,35h45m,2,"SIN, FRA",1160,20220409-1042,cheap
10:25 am – 10:50 am +2,Singapore Airlines,EWR‐HKT,37h25m,1,SIN,10:25 am – 11:10 am +1,Singapore Airlines,HKT‐JFK,35h45m,2,"SIN, FRA",1160,20220409-1042,cheap
10:30 pm – 9:35 am +2,Singapore Airlines,JFK‐HKT,24h05m,1,SIN,10:25 am – 11:10 am +1,Singapore Airlines,HKT‐JFK,35h45m,2,"SIN, FRA",1185,20220409-1042,cheap
10:30 pm – 10:50 am +2,Singapore Airlines,JFK‐HKT,25h20m,1,SIN,10:25 am – 11:10 am +1,Singapore Airlines,HKT‐JFK,35h45m,2,"SIN, FRA",1185,20220409-1042,cheap
10:30 pm – 5:10 pm +2,Singapore Airlines,JFK‐HKT,31h40m,1,SIN,10:25 am – 11:10 am +1,Singapore Airlines,HKT‐JFK,35h45m,2,"SIN, FRA",1185,20220409-1042,cheap
10:30 pm – 7:20 pm +2,Singapore Airlines,JFK‐HKT,33h50m,1,SIN,10:25 am – 11:10 am +1,Singapore Airlines,HKT‐JFK,35h45m,2,"SIN, FRA",1185,20220409-1042,cheap
8:55 pm – 7:20 pm +2,Singapore Airlines,JFK‐HKT,35h25m,2,"FRA, SIN",10:20 am – 11:10 am +1,"Bangkok Airways, Singapore Airlines",HKT‐JFK,35h50m,3,"BKK, SIN, ...",1196,20220409-1042,cheap
8:55 pm – 7:20 pm +2,Singapore Airlines,JFK‐HKT,35h25m,2,"FRA, SIN",10:20 am – 11:10 am +1,"Bangkok Airways, Singapore Airlines",HKT‐JFK,35h50m,3,"BKK, SIN, ...",1196,20220409-1042,cheap
8:55 pm – 7:20 pm +2,Singapore Airlines,JFK‐HKT,35h25m,2,"FRA, SIN",10:25 am – 11:10 am +1,Singapore Airlines,HKT‐JFK,35h45m,2,"SIN, FRA",1167,20220409-1040,best
1:55 pm – 12:10 am +2,Asiana Airlines,JFK‐HKT,23h15m,1,ICN,1:30 am – 11:35 am,Asiana Airlines,HKT‐JFK,21h05m,1,ICN,1235,20220409-1040,best
8:55 pm – 7:20 pm +2,Singapore Airlines,JFK‐HKT,35h25m,2,"FRA, SIN",10:25 am – 11:10 am +1,Singapore Airlines,HKT‐JFK,35h45m,2,"SIN, FRA",1079,20220409-1040,best
10:25 am – 7:20 pm +1,Singapore Airlines,EWR‐HKT,21h55m,1,SIN,8:10 pm – 11:10 am +1,Singapore Airlines,HKT‐JFK,26h00m,2,"SIN, FRA",1222,20220409-1040,best
9:55 pm – 6:55 am +2,Qatar Airways,JFK‐HKT,22h00m,1,DOH,9:05 pm – 8:30 am +1,Qatar Airways,HKT‐JFK,22h25m,1,DOH,1359,20220409-1040,best
10:25 am – 7:20 pm +1,Singapore Airlines,EWR‐HKT,21h55m,1,SIN,6:10 pm – 11:10 am +1,Singapore Airlines,HKT‐JFK,28h00m,2,"SIN, FRA",1255,20220409-1040,best
10:25 am – 7:20 pm +1,Singapore Airlines,EWR‐HKT,21h55m,1,SIN,6:10 pm – 6:00 am +1,Singapore Airlines,HKT‐EWR,22h50m,1,SIN,1574,20220409-1040,best
10:30 pm – 9:35 am +2,Singapore Airlines,JFK‐HKT,24h05m,1,SIN,8:10 pm – 11:10 am +1,Singapore Airlines,HKT‐JFK,26h00m,2,"SIN, FRA",1246,20220409-1040,best
10:30 pm – 10:50 am +2,Singapore Airlines,JFK‐HKT,25h20m,1,SIN,8:10 pm – 11:10 am +1,Singapore Airlines,HKT‐JFK,26h00m,2,"SIN, FRA",1246,20220409-1040,best
10:30 pm – 9:35 am +2,Singapore Airlines,JFK‐HKT,24h05m,1,SIN,6:10 pm – 11:10 am +1,Singapore Airlines,HKT‐JFK,28h00m,2,"SIN, FRA",1246,20220409-1040,best
8:55 pm – 9:35 am +2,Singapore Airlines,JFK‐HKT,25h40m,2,"FRA, SIN",8:10 pm – 11:10 am +1,Singapore Airlines,HKT‐JFK,26h00m,2,"SIN, FRA",1299,20220409-1040,best
9:55 pm – 6:55 am +2,Qatar Airways,JFK‐HKT,22h00m,1,DOH,11:55 pm – 2:55 pm +1,Qatar Airways,HKT‐JFK,26h00m,1,DOH,1438,20220409-1040,best
10:30 pm – 10:50 am +2,Singapore Airlines,JFK‐HKT,25h20m,1,SIN,6:10 pm – 11:10 am +1,Singapore Airlines,HKT‐JFK,28h00m,2,"SIN, FRA",1246,20220409-1040,best
9:55 pm – 6:55 am +2,Qatar Airways,JFK‐HKT,22h00m,1,DOH,1:30 am – 11:35 am,Asiana Airlines,HKT‐JFK,21h05m,1,ICN,1659,20220409-1040,best
8:55 pm – 10:50 am +2,Singapore Airlines,JFK‐HKT,26h55m,2,"FRA, SIN",8:10 pm – 11:10 am +1,Singapore Airlines,HKT‐JFK,26h00m,2,"SIN, FRA",1299,20220409-1040,best
10:25 am – 7:20 pm +1,Singapore Airlines,EWR‐HKT,21h55m,1,SIN,10:25 am – 11:10 am +1,Singapore Airlines,HKT‐JFK,35h45m,2,"SIN, FRA",1160,20220409-1040,best
1:00 am – 1:15 pm +1,Qatar Airways,JFK‐HKT,25h15m,1,DOH,9:05 pm – 8:30 am +1,Qatar Airways,HKT‐JFK,22h25m,1,DOH,1450,20220409-1040,best
9:55 pm – 6:55 am +2,Qatar Airways,JFK‐HKT,22h00m,1,DOH,1:30 am – 11:35 am,Asiana Airlines,HKT‐JFK,21h05m,1,ICN,1659,20220409-1045,fast
1:55 pm – 12:10 am +2,Asiana Airlines,JFK‐HKT,23h15m,1,ICN,1:30 am – 11:35 am,Asiana Airlines,HKT‐JFK,21h05m,1,ICN,1235,20220409-1045,fast
9:55 pm – 6:55 am +2,Qatar Airways,JFK‐HKT,22h00m,1,DOH,9:05 pm – 8:30 am +1,Qatar Airways,HKT‐JFK,22h25m,1,DOH,1359,20220409-1045,fast
9:55 pm – 6:55 am +2,"American Airlines, Qatar Airways",JFK‐HKT,22h00m,1,DOH,9:05 pm – 8:30 am +1,"Qatar Airways, American Airlines",HKT‐JFK,22h25m,1,DOH,2307,20220409-1045,fast
9:55 pm – 6:55 am +2,"American Airlines, Qatar Airways",JFK‐HKT,22h00m,1,DOH,9:05 pm – 8:35 am +1,"Qatar Airways, American Airlines",HKT‐JFK,22h30m,1,DOH,2307,20220409-1045,fast
10:25 am – 7:20 pm +1,Singapore Airlines,EWR‐HKT,21h55m,1,SIN,6:10 pm – 6:00 am +1,Singapore Airlines,HKT‐EWR,22h50m,1,SIN,1574,20220409-1045,fast
1:55 pm – 12:10 am +2,Asiana Airlines,JFK‐HKT,23h15m,1,ICN,9:05 pm – 8:30 am +1,Qatar Airways,HKT‐JFK,22h25m,1,DOH,1665,20220409-1045,fast
1:25 am – 2:00 pm +1,EVA Air,JFK‐HKT,25h35m,2,"TPE, BKK",1:30 am – 11:35 am,Asiana Airlines,HKT‐JFK,21h05m,1,ICN,1916,20220409-1045,fast
10:25 am – 7:20 pm +1,Singapore Airlines,EWR‐HKT,21h55m,1,SIN,8:15 am – 10:05 pm,"THAI Smile, EVA Air",HKT‐JFK,24h50m,2,"BKK, TPE",2524,20220409-1045,fast
9:55 pm – 6:55 am +2,Qatar Airways,JFK‐HKT,22h00m,1,DOH,8:15 am – 10:05 pm,"THAI Smile, EVA Air",HKT‐JFK,24h50m,2,"BKK, TPE",2174,20220409-1045,fast
10:30 pm – 9:35 am +2,Singapore Airlines,JFK‐HKT,24h05m,1,SIN,6:10 pm – 6:00 am +1,Singapore Airlines,HKT‐EWR,22h50m,1,SIN,1637,20220409-1045,fast
9:55 pm – 6:55 am +2,Qatar Airways,JFK‐HKT,22h00m,1,DOH,11:55 pm – 1:50 pm +1,"Qatar Airways, British Airways",HKT‐EWR,24h55m,2,"DOH, LHR",2779,20220409-1045,fast
10:25 am – 7:20 pm +1,Singapore Airlines,EWR‐HKT,21h55m,1,SIN,12:10 am – 2:25 pm,Emirates,HKT‐JFK,25h15m,1,DXB,1989,20220409-1045,fast
9:55 pm – 6:55 am +2,Qatar Airways,JFK‐HKT,22h00m,1,DOH,12:10 am – 2:25 pm,Emirates,HKT‐JFK,25h15m,1,DXB,1597,20220409-1045,fast
7:00 pm – 6:55 am +2,"JetBlue, Qatar Airways",LGA‐HKT,24h55m,2,"BOS, DOH",9:05 pm – 8:30 am +1,Qatar Airways,HKT‐JFK,22h25m,1,DOH,1725,20220409-1045,fast
