Out Time,Out Airline,Out Cities,Out Duration,Out Stops,Out Stop Cities,Return Time,Return Airline,Return Cities,Return Duration,Return Stops,Return Stop Cities,Price,timestamp,sort
10:35 am – 10:45 pm +1,"Qatar Airways, Thai Airways",JFK‐HKT,25h10m,2,"DOH, BKK",1:35 pm – 9:00 am +2,"Thai Vietjet Air, Qatar Airways",HKT‐JFK,54h25m,2,"BKK, DOH",1009,20220407-0745,cheap
10:35 am – 10:45 pm +1,"Qatar Airways, Thai Airways",JFK‐HKT,25h10m,2,"DOH, BKK",9:15 pm – 9:00 am +2,"Thai Airways, Qatar Airways",HKT‐JFK,46h45m,2,"BKK, DOH",1032,20220407-0745,cheap
10:35 am – 10:45 pm +1,"Qatar Airways, Thai Airways",JFK‐HKT,25h10m,2,"DOH, BKK",9:15 pm – 9:00 am +2,"Thai Airways, Qatar Airways",HKT‐JFK,46h45m,2,"BKK, DOH",1032,20220407-0745,cheap
10:35 am – 10:45 pm +1,"Qatar Airways, Thai Airways",JFK‐HKT,25h10m,2,"DOH, BKK",5:05 pm – 9:00 am +2,"Thai Airways, Qatar Airways",HKT‐JFK,50h55m,2,"BKK, DOH",1085,20220407-0745,cheap
10:35 am – 10:45 pm +1,"Qatar Airways, Thai Airways",JFK‐HKT,25h10m,2,"DOH, BKK",5:05 pm – 9:00 am +2,"Thai Airways, Qatar Airways",HKT‐JFK,50h55m,2,"BKK, DOH",1085,20220407-0745,cheap
10:35 am – 10:45 pm +1,"Qatar Airways, Thai Airways",JFK‐HKT,25h10m,2,"DOH, BKK",7:40 pm – 9:00 am +2,"Thai Airways, Qatar Airways",HKT‐JFK,48h20m,2,"BKK, DOH",1087,20220407-0745,cheap
10:35 am – 10:45 pm +1,"Qatar Airways, Thai Airways",JFK‐HKT,25h10m,2,"DOH, BKK",7:40 pm – 9:00 am +2,"Thai Airways, Qatar Airways",HKT‐JFK,48h20m,2,"BKK, DOH",1087,20220407-0745,cheap
9:55 pm – 7:20 am +2,Qatar Airways,JFK‐HKT,22h25m,1,DOH,11:55 pm – 2:55 pm +1,Qatar Airways,HKT‐JFK,26h00m,1,DOH,1096,20220407-0745,cheap
11:10 am – 7:20 am +2,Qatar Airways,JFK‐HKT,33h10m,1,DOH,11:55 pm – 2:55 pm +1,Qatar Airways,HKT‐JFK,26h00m,1,DOH,1100,20220407-0745,cheap
9:55 pm – 7:20 am +2,Qatar Airways,JFK‐HKT,22h25m,1,DOH,11:55 pm – 9:00 am +2,Qatar Airways,HKT‐JFK,44h05m,1,DOH,1100,20220407-0745,cheap
12:30 pm – 7:05 am +2,"Air India, GoFirst",JFK‐HKT,31h35m,1,DEL,1:35 pm – 11:55 am +1,"Thai Vietjet Air, SAUDIA",HKT‐JFK,33h20m,2,"BKK, RUH",1125,20220407-0745,cheap
12:30 pm – 7:05 am +2,"Air India, GoFirst",JFK‐HKT,31h35m,1,DEL,3:30 pm – 11:55 am +1,"Nok Air, SAUDIA",HKT‐JFK,31h25m,2,"DMK-BKK, RUH",1141,20220407-0745,cheap
8:30 pm – 7:20 am +3,Qatar Airways,LGA‐HKT,47h50m,2,"ORD, DOH",11:55 pm – 2:55 pm +1,Qatar Airways,HKT‐JFK,26h00m,1,DOH,1149,20220407-0745,cheap
9:55 pm – 7:20 am +2,Qatar Airways,JFK‐HKT,22h25m,1,DOH,11:55 pm – 10:45 pm +1,Qatar Airways,HKT‐JFK,33h50m,1,DOH,1154,20220407-0745,cheap
11:10 am – 7:20 am +2,Qatar Airways,JFK‐HKT,33h10m,1,DOH,11:55 pm – 10:45 pm +1,Qatar Airways,HKT‐JFK,33h50m,1,DOH,1157,20220407-0745,cheap
9:55 pm – 7:20 am +2,Qatar Airways,JFK‐HKT,22h25m,1,DOH,11:55 pm – 2:55 pm +1,Qatar Airways,HKT‐JFK,26h00m,1,DOH,1139,20220407-0743,best
9:55 pm – 7:20 am +2,Qatar Airways,JFK‐HKT,22h25m,1,DOH,11:55 pm – 2:55 pm +1,Qatar Airways,HKT‐JFK,26h00m,1,DOH,1096,20220407-0743,best
9:55 pm – 7:20 am +2,Qatar Airways,JFK‐HKT,22h25m,1,DOH,9:05 pm – 9:00 am +1,Qatar Airways,HKT‐JFK,22h55m,1,DOH,1299,20220407-0743,best
7:00 pm – 7:20 am +2,Qatar Airways,JFK‐HKT,25h20m,2,"BOS, DOH",11:55 pm – 2:55 pm +1,Qatar Airways,HKT‐JFK,26h00m,1,DOH,1215,20220407-0743,best
9:55 pm – 7:20 am +2,Qatar Airways,JFK‐HKT,22h25m,1,DOH,7:10 pm – 2:55 pm +1,Qatar Airways,HKT‐JFK,30h45m,2,"BKK, DOH",1170,20220407-0743,best
9:55 pm – 7:20 am +2,"American Airlines, Qatar Airways",JFK‐HKT,22h25m,1,DOH,11:55 pm – 2:55 pm +1,"Qatar Airways, American Airlines",HKT‐JFK,26h00m,1,DOH,1349,20220407-0743,best
6:00 pm – 7:20 am +2,"JetBlue, Qatar Airways",LGA‐HKT,26h20m,2,"BOS, DOH",11:55 pm – 2:55 pm +1,Qatar Airways,HKT‐JFK,26h00m,1,DOH,1250,20220407-0743,best
4:30 pm – 7:20 am +2,Qatar Airways,LGA‐HKT,27h50m,2,"ORD, DOH",11:55 pm – 2:55 pm +1,Qatar Airways,HKT‐JFK,26h00m,1,DOH,1208,20220407-0743,best
9:55 pm – 1:15 pm +2,Qatar Airways,JFK‐HKT,28h20m,1,DOH,11:55 pm – 2:55 pm +1,Qatar Airways,HKT‐JFK,26h00m,1,DOH,1175,20220407-0743,best
11:10 am – 7:20 am +2,Qatar Airways,JFK‐HKT,33h10m,1,DOH,11:55 pm – 2:55 pm +1,Qatar Airways,HKT‐JFK,26h00m,1,DOH,1100,20220407-0743,best
9:55 pm – 7:20 am +2,Qatar Airways,JFK‐HKT,22h25m,1,DOH,11:55 pm – 10:45 pm +1,Qatar Airways,HKT‐JFK,33h50m,1,DOH,1154,20220407-0743,best
7:00 pm – 7:20 am +2,"American Airlines, Qatar Airways",JFK‐HKT,25h20m,2,"BOS, DOH",11:55 pm – 2:55 pm +1,"Qatar Airways, American Airlines",HKT‐JFK,26h00m,1,DOH,1354,20220407-0743,best
9:55 pm – 7:20 am +2,Qatar Airways,JFK‐HKT,22h25m,1,DOH,11:55 pm – 7:36 pm +1,Qatar Airways,HKT‐LGA,30h41m,2,"DOH, ORD",1228,20220407-0743,best
9:55 pm – 7:20 am +2,Qatar Airways,JFK‐HKT,22h25m,1,DOH,9:05 pm – 2:55 pm +1,Qatar Airways,HKT‐JFK,28h50m,1,DOH,1368,20220407-0743,best
9:55 pm – 7:20 am +2,Qatar Airways,JFK‐HKT,22h25m,1,DOH,2:40 pm – 2:55 pm +1,Qatar Airways,HKT‐JFK,35h15m,2,"BKK, DOH",1179,20220407-0743,best
9:55 pm – 1:15 pm +2,Qatar Airways,JFK‐HKT,28h20m,1,DOH,9:05 pm – 9:00 am +1,Qatar Airways,HKT‐JFK,22h55m,1,DOH,1378,20220407-0743,best
9:55 pm – 7:20 am +2,Qatar Airways,JFK‐HKT,22h25m,1,DOH,9:05 pm – 9:00 am +1,Qatar Airways,HKT‐JFK,22h55m,1,DOH,1299,20220407-0748,fast
9:55 pm – 7:20 am +2,"American Airlines, Qatar Airways",JFK‐HKT,22h25m,1,DOH,9:05 pm – 9:00 am +1,"Qatar Airways, American Airlines",HKT‐JFK,22h55m,1,DOH,1703,20220407-0748,fast
9:55 pm – 7:20 am +2,Qatar Airways,JFK‐HKT,22h25m,1,DOH,12:10 am – 2:25 pm,Emirates,HKT‐JFK,25h15m,1,DXB,1693,20220407-0748,fast
10:30 pm – 10:15 am +2,Etihad Airways,JFK‐HKT,24h45m,1,AUH,9:05 pm – 9:00 am +1,Qatar Airways,HKT‐JFK,22h55m,1,DOH,1810,20220407-0748,fast
7:00 pm – 7:20 am +2,Qatar Airways,JFK‐HKT,25h20m,2,"BOS, DOH",9:05 pm – 9:00 am +1,Qatar Airways,HKT‐JFK,22h55m,1,DOH,1656,20220407-0748,fast
7:00 pm – 7:20 am +2,"American Airlines, Qatar Airways",JFK‐HKT,25h20m,2,"BOS, DOH",9:05 pm – 9:00 am +1,"Qatar Airways, American Airlines",HKT‐JFK,22h55m,1,DOH,1708,20220407-0748,fast
9:55 pm – 7:20 am +2,Qatar Airways,JFK‐HKT,22h25m,1,DOH,11:55 pm – 2:55 pm +1,Qatar Airways,HKT‐JFK,26h00m,1,DOH,1096,20220407-0748,fast
9:55 pm – 7:20 am +2,"American Airlines, Qatar Airways",JFK‐HKT,22h25m,1,DOH,11:55 pm – 2:55 pm +1,"Qatar Airways, American Airlines",HKT‐JFK,26h00m,1,DOH,1349,20220407-0748,fast
9:50 pm – 10:35 am +2,Thai Airways,JFK‐HKT,25h45m,2,"FRA, BKK",9:05 pm – 9:00 am +1,Qatar Airways,HKT‐JFK,22h55m,1,DOH,2098,20220407-0748,fast
9:50 pm – 10:40 am +2,"SWISS, Thai Airways",EWR‐HKT,25h50m,2,"ZRH, BKK",8:10 am – 8:10 pm,SWISS,HKT‐EWR,23h00m,1,ZRH,1866,20220407-0748,fast
11:00 pm – 12:30 pm +2,"Emirates, IndiGo",JFK‐HKT,26h30m,2,"DXB, DEL",9:05 pm – 9:00 am +1,Qatar Airways,HKT‐JFK,22h55m,1,DOH,1940,20220407-0748,fast
11:00 pm – 12:30 pm +2,Emirates,JFK‐HKT,26h30m,1,DXB,9:05 pm – 9:00 am +1,Qatar Airways,HKT‐JFK,22h55m,1,DOH,2087,20220407-0748,fast
10:30 pm – 10:15 am +2,Etihad Airways,JFK‐HKT,24h45m,1,AUH,12:10 am – 2:25 pm,Emirates,HKT‐JFK,25h15m,1,DXB,1915,20220407-0748,fast
7:35 pm – 9:35 am +2,"Lufthansa, Singapore Airlines",EWR‐HKT,27h00m,2,"FRA, SIN",8:10 am – 8:10 pm,SWISS,HKT‐EWR,23h00m,1,ZRH,2695,20220407-0748,fast
10:30 pm – 9:35 am +2,Singapore Airlines,JFK‐HKT,24h05m,1,SIN,8:10 pm – 11:10 am +1,Singapore Airlines,HKT‐JFK,26h00m,2,"SIN, FRA",1983,20220407-0748,fast
