Out Time,Out Airline,Out Cities,Out Duration,Out Stops,Out Stop Cities,Return Time,Return Airline,Return Cities,Return Duration,Return Stops,Return Stop Cities,Price,timestamp,sort
1:55 pm – 12:10 am +2,Asiana Airlines,JFK‐HKT,23h15m,1,ICN,1:30 am – 11:35 am,Asiana Airlines,HKT‐JFK,21h05m,1,ICN,1328,20220409-0846,cheap
3:00 pm – 6:20 pm +2,"ANA, Bangkok Airways",JFK‐HKT,40h20m,2,"HND, BKK",2:40 pm – 10:15 am +1,"Bangkok Airways, ANA",HKT‐JFK,30h35m,2,"BKK, HND",1354,20220409-0846,cheap
10:55 am – 6:20 pm +2,"ANA, Bangkok Airways",EWR‐HKT,44h25m,2,"HND, BKK",2:40 pm – 10:15 am +1,"Bangkok Airways, ANA",HKT‐JFK,30h35m,2,"BKK, HND",1354,20220409-0846,cheap
3:00 pm – 6:20 pm +2,"ANA, Bangkok Airways",JFK‐HKT,40h20m,2,"HND, BKK",12:10 am – 2:25 pm,Emirates,HKT‐JFK,25h15m,1,DXB,1475,20220409-0846,cheap
10:55 am – 6:20 pm +2,"ANA, Bangkok Airways",EWR‐HKT,44h25m,2,"HND, BKK",12:10 am – 2:25 pm,Emirates,HKT‐JFK,25h15m,1,DXB,1475,20220409-0846,cheap
3:00 pm – 6:20 pm +2,"ANA, Bangkok Airways",JFK‐HKT,40h20m,2,"HND, BKK",12:10 am – 9:20 pm,Emirates,HKT‐EWR,32h10m,2,"DXB, ATH",1475,20220409-0846,cheap
1:55 pm – 12:10 am +2,Asiana Airlines,JFK‐HKT,23h15m,1,ICN,12:10 am – 8:50 am +1,Emirates,HKT‐JFK,43h40m,1,DXB,1503,20220409-0846,cheap
3:00 pm – 6:20 pm +2,"ANA, Bangkok Airways",JFK‐HKT,40h20m,2,"HND, BKK",12:10 am – 6:55 pm,Emirates,HKT‐JFK,29h45m,2,"DXB, MXP",1516,20220409-0846,cheap
3:00 pm – 6:20 pm +2,"ANA, Bangkok Airways",JFK‐HKT,40h20m,2,"HND, BKK",1:30 am – 11:35 am,Asiana Airlines,HKT‐JFK,21h05m,1,ICN,1542,20220409-0846,cheap
10:55 am – 6:20 pm +2,"ANA, Bangkok Airways",EWR‐HKT,44h25m,2,"HND, BKK",1:30 am – 11:35 am,Asiana Airlines,HKT‐JFK,21h05m,1,ICN,1543,20220409-0846,cheap
1:55 pm – 9:30 am +2,"Asiana Airlines, Bangkok Airways",JFK‐HKT,32h35m,2,"ICN, BKK",1:30 am – 11:35 am,Asiana Airlines,HKT‐JFK,21h05m,1,ICN,1546,20220409-0846,cheap
1:55 pm – 12:10 am +2,Asiana Airlines,JFK‐HKT,23h15m,1,ICN,12:10 am – 2:25 pm,Emirates,HKT‐JFK,25h15m,1,DXB,1547,20220409-0846,cheap
1:55 pm – 12:10 am +2,Asiana Airlines,JFK‐HKT,23h15m,1,ICN,12:10 am – 9:20 pm,Emirates,HKT‐EWR,32h10m,2,"DXB, ATH",1547,20220409-0846,cheap
1:55 pm – 2:00 pm +2,"Asiana Airlines, Bangkok Airways",JFK‐HKT,37h05m,2,"ICN, BKK",1:30 am – 11:35 am,Asiana Airlines,HKT‐JFK,21h05m,1,ICN,1549,20220409-0846,cheap
3:00 pm – 6:20 pm +2,"ANA, Bangkok Airways",JFK‐HKT,40h20m,2,"HND, BKK",11:55 pm – 2:55 pm +1,Qatar Airways,HKT‐JFK,26h00m,1,DOH,1560,20220409-0846,cheap
3:00 pm – 6:20 pm +2,"ANA, Bangkok Airways",JFK‐HKT,40h20m,2,"HND, BKK",2:40 pm – 10:15 am +1,"Bangkok Airways, ANA",HKT‐JFK,30h35m,2,"BKK, HND",1354,20220409-0843,best
1:55 pm – 12:10 am +2,Asiana Airlines,JFK‐HKT,23h15m,1,ICN,1:30 am – 11:35 am,Asiana Airlines,HKT‐JFK,21h05m,1,ICN,1328,20220409-0843,best
1:55 pm – 12:10 am +2,Asiana Airlines,JFK‐HKT,23h15m,1,ICN,12:10 am – 2:25 pm,Emirates,HKT‐JFK,25h15m,1,DXB,1547,20220409-0843,best
1:55 pm – 12:10 am +2,Asiana Airlines,JFK‐HKT,23h15m,1,ICN,9:05 pm – 8:30 am +1,Qatar Airways,HKT‐JFK,22h25m,1,DOH,1668,20220409-0843,best
10:25 am – 7:20 pm +1,Singapore Airlines,EWR‐HKT,21h55m,1,SIN,8:10 pm – 11:10 am +1,Singapore Airlines,HKT‐JFK,26h00m,2,"SIN, FRA",1710,20220409-0843,best
10:25 am – 7:20 pm +1,Singapore Airlines,EWR‐HKT,21h55m,1,SIN,6:10 pm – 6:00 am +1,Singapore Airlines,HKT‐EWR,22h50m,1,SIN,1885,20220409-0843,best
1:55 pm – 12:10 am +2,Asiana Airlines,JFK‐HKT,23h15m,1,ICN,11:55 pm – 2:55 pm +1,Qatar Airways,HKT‐JFK,26h00m,1,DOH,1668,20220409-0843,best
10:25 am – 7:20 pm +1,Singapore Airlines,EWR‐HKT,21h55m,1,SIN,6:10 pm – 11:10 am +1,Singapore Airlines,HKT‐JFK,28h00m,2,"SIN, FRA",1710,20220409-0843,best
1:55 pm – 9:30 am +2,"Asiana Airlines, Bangkok Airways",JFK‐HKT,32h35m,2,"ICN, BKK",1:30 am – 11:35 am,Asiana Airlines,HKT‐JFK,21h05m,1,ICN,1546,20220409-0843,best
1:55 pm – 12:10 am +2,Asiana Airlines,JFK‐HKT,23h15m,1,ICN,9:05 pm – 2:55 pm +1,Qatar Airways,HKT‐JFK,28h50m,1,DOH,1674,20220409-0843,best
1:55 pm – 12:10 am +2,Asiana Airlines,JFK‐HKT,23h15m,1,ICN,2:40 pm – 8:30 am +1,Qatar Airways,HKT‐JFK,28h50m,2,"BKK, DOH",1762,20220409-0843,best
8:55 pm – 9:35 am +2,Singapore Airlines,JFK‐HKT,25h40m,2,"FRA, SIN",8:10 pm – 11:10 am +1,Singapore Airlines,HKT‐JFK,26h00m,2,"SIN, FRA",1752,20220409-0843,best
1:55 pm – 12:10 am +2,Asiana Airlines,JFK‐HKT,23h15m,1,ICN,12:10 am – 9:20 pm,Emirates,HKT‐EWR,32h10m,2,"DXB, ATH",1547,20220409-0843,best
8:55 pm – 11:30 am +2,Singapore Airlines,JFK‐HKT,27h35m,2,"FRA, SIN",8:10 pm – 11:10 am +1,Singapore Airlines,HKT‐JFK,26h00m,2,"SIN, FRA",1727,20220409-0843,best
8:55 pm – 10:50 am +2,Singapore Airlines,JFK‐HKT,26h55m,2,"FRA, SIN",8:10 pm – 11:10 am +1,Singapore Airlines,HKT‐JFK,26h00m,2,"SIN, FRA",1752,20220409-0843,best
10:25 am – 7:20 pm +1,Singapore Airlines,EWR‐HKT,21h55m,1,SIN,11:40 am – 6:00 am +1,Singapore Airlines,HKT‐EWR,29h20m,1,SIN,1885,20220409-0843,best
1:55 pm – 12:10 am +2,Asiana Airlines,JFK‐HKT,23h15m,1,ICN,1:30 am – 11:35 am,Asiana Airlines,HKT‐JFK,21h05m,1,ICN,1328,20220409-0848,fast
10:25 am – 7:20 pm +1,Singapore Airlines,EWR‐HKT,21h55m,1,SIN,6:10 pm – 6:00 am +1,Singapore Airlines,HKT‐EWR,22h50m,1,SIN,1885,20220409-0848,fast
1:55 pm – 12:10 am +2,Asiana Airlines,JFK‐HKT,23h15m,1,ICN,9:05 pm – 8:30 am +1,Qatar Airways,HKT‐JFK,22h25m,1,DOH,1668,20220409-0848,fast
10:30 pm – 9:35 am +2,Singapore Airlines,JFK‐HKT,24h05m,1,SIN,6:10 pm – 6:00 am +1,Singapore Airlines,HKT‐EWR,22h50m,1,SIN,2069,20220409-0848,fast
10:25 am – 7:20 pm +1,Singapore Airlines,EWR‐HKT,21h55m,1,SIN,12:10 am – 2:25 pm,Emirates,HKT‐JFK,25h15m,1,DXB,2101,20220409-0848,fast
11:00 pm – 12:30 pm +2,Emirates,JFK‐HKT,26h30m,1,DXB,1:30 am – 11:35 am,Asiana Airlines,HKT‐JFK,21h05m,1,ICN,1965,20220409-0848,fast
1:00 am – 1:15 pm +1,"American Airlines, Qatar Airways",JFK‐HKT,25h15m,1,DOH,9:05 pm – 8:30 am +1,"Qatar Airways, American Airlines",HKT‐JFK,22h25m,1,DOH,2617,20220409-0848,fast
10:25 am – 7:20 pm +1,Singapore Airlines,EWR‐HKT,21h55m,1,SIN,8:10 pm – 11:10 am +1,Singapore Airlines,HKT‐JFK,26h00m,2,"SIN, FRA",1710,20220409-0848,fast
1:00 am – 1:15 pm +1,"American Airlines, Qatar Airways",JFK‐HKT,25h15m,1,DOH,9:05 pm – 8:45 am +1,"Qatar Airways, American Airlines",HKT‐JFK,22h40m,1,DOH,2617,20220409-0848,fast
1:55 pm – 12:10 am +2,Asiana Airlines,JFK‐HKT,23h15m,1,ICN,8:15 am – 10:05 pm,"THAI Smile, EVA Air",HKT‐JFK,24h50m,2,"BKK, TPE",2131,20220409-0848,fast
10:30 pm – 10:50 am +2,Singapore Airlines,JFK‐HKT,25h20m,1,SIN,6:10 pm – 6:00 am +1,Singapore Airlines,HKT‐EWR,22h50m,1,SIN,2069,20220409-0848,fast
11:55 pm – 12:30 pm +2,Emirates,EWR‐HKT,25h35m,2,"ATH, DXB",6:10 pm – 6:00 am +1,Singapore Airlines,HKT‐EWR,22h50m,1,SIN,3086,20220409-0848,fast
1:55 pm – 12:10 am +2,Asiana Airlines,JFK‐HKT,23h15m,1,ICN,12:10 am – 2:25 pm,Emirates,HKT‐JFK,25h15m,1,DXB,1547,20220409-0848,fast
8:55 pm – 9:35 am +2,Singapore Airlines,JFK‐HKT,25h40m,2,"FRA, SIN",6:10 pm – 6:00 am +1,Singapore Airlines,HKT‐EWR,22h50m,1,SIN,2064,20220409-0848,fast
10:25 am – 7:20 pm +1,Singapore Airlines,EWR‐HKT,21h55m,1,SIN,7:40 pm – 11:35 am +1,Thai Airways,HKT‐JFK,26h55m,2,"BKK, ICN",2439,20220409-0848,fast
