Out Time,Out Airline,Out Cities,Out Duration,Out Stops,Out Stop Cities,Return Time,Return Airline,Return Cities,Return Duration,Return Stops,Return Stop Cities,Price,timestamp,sort
1:00 am – 4:55 pm +1,"Qatar Airways, Thai Airways",JFK‐HKT,28h55m,2,"DOH, BKK",8:55 am – 9:00 am +2,"Thai Vietjet Air, Qatar Airways",HKT‐JFK,59h05m,2,"BKK, DOH",1074,20220407-0738,cheap
12:30 pm – 7:05 am +2,"Air India, GoFirst",JFK‐HKT,31h35m,1,DEL,8:55 am – 10:15 am +1,"Thai Vietjet Air, ANA",HKT‐JFK,36h20m,2,"BKK, HND",1117,20220407-0738,cheap
12:30 pm – 7:05 am +2,"Air India, GoFirst",JFK‐HKT,31h35m,1,DEL,10:00 am – 10:15 am +1,"Nok Air, ANA",HKT‐JFK,35h15m,2,"DMK-BKK, HND",1124,20220407-0738,cheap
12:30 pm – 7:05 am +2,"Air India, GoFirst",JFK‐HKT,31h35m,1,DEL,8:50 am – 10:15 am +1,"Thai AirAsia, ANA",HKT‐JFK,36h25m,2,"BKK, HND",1146,20220407-0738,cheap
12:30 pm – 7:05 am +2,"Air India, GoFirst",JFK‐HKT,31h35m,1,DEL,5:50 pm – 10:15 am +1,"Thai Vietjet Air, ANA",HKT‐JFK,27h25m,2,"BKK, HND",1156,20220407-0738,cheap
12:30 pm – 7:05 am +2,"Air India, GoFirst",JFK‐HKT,31h35m,1,DEL,9:05 pm – 2:55 pm +1,"Thai AirAsia, Qatar Airways",HKT‐JFK,28h50m,2,"BKK, DOH",1203,20220407-0738,cheap
12:30 pm – 7:05 am +2,"Air India, GoFirst",JFK‐HKT,31h35m,1,DEL,10:25 pm – 2:55 pm +1,"Thai Vietjet Air, Qatar Airways",HKT‐JFK,27h30m,2,"BKK, DOH",1233,20220407-0738,cheap
4:45 pm – 12:30 pm +2,"Kuwait Airways, IndiGo",JFK‐HKT,32h45m,3,"KWI, DXB, ...",9:30 am – 10:15 am +1,"Thai AirAsia, ANA",HKT‐JFK,35h45m,2,"DMK-BKK, HND",1234,20220407-0738,cheap
4:45 pm – 12:30 pm +2,"Kuwait Airways, IndiGo",JFK‐HKT,32h45m,3,"KWI, DXB, ...",12:45 pm – 10:15 am +1,"Thai AirAsia, ANA",HKT‐JFK,32h30m,2,"BKK, HND",1246,20220407-0738,cheap
9:55 pm – 7:20 am +2,Qatar Airways,JFK‐HKT,22h25m,1,DOH,7:10 pm – 9:00 am +2,Qatar Airways,HKT‐JFK,48h50m,2,"BKK, DOH",1250,20220407-0738,cheap
1:00 am – 1:15 pm +1,Qatar Airways,JFK‐HKT,25h15m,1,DOH,7:10 pm – 9:00 am +2,Qatar Airways,HKT‐JFK,48h50m,2,"BKK, DOH",1250,20220407-0738,cheap
4:45 pm – 12:30 pm +2,"Kuwait Airways, IndiGo",JFK‐HKT,32h45m,3,"KWI, DXB, ...",10:15 am – 10:15 am +1,"Thai Airways, ANA",HKT‐JFK,35h00m,2,"BKK, HND",1255,20220407-0738,cheap
4:45 pm – 12:30 pm +2,"Kuwait Airways, IndiGo",JFK‐HKT,32h45m,3,"KWI, DXB, ...",11:55 am – 10:15 am +1,"Thai AirAsia, ANA",HKT‐JFK,33h20m,2,"DMK-BKK, HND",1256,20220407-0738,cheap
4:45 pm – 12:30 pm +2,"Kuwait Airways, IndiGo",JFK‐HKT,32h45m,3,"KWI, DXB, ...",3:55 pm – 10:15 am +1,"Thai Vietjet Air, ANA",HKT‐JFK,29h20m,2,"BKK, HND",1259,20220407-0738,cheap
12:30 pm – 10:35 am +2,"Air India, THAI Smile",JFK‐HKT,35h05m,3,"DEL, BOM, ...",7:10 pm – 2:55 pm +1,Qatar Airways,HKT‐JFK,30h45m,2,"BKK, DOH",1261,20220407-0738,cheap
9:55 pm – 7:20 am +2,Qatar Airways,JFK‐HKT,22h25m,1,DOH,7:10 pm – 2:55 pm +1,Qatar Airways,HKT‐JFK,30h45m,2,"BKK, DOH",1295,20220407-0735,best
9:55 pm – 7:20 am +2,Qatar Airways,JFK‐HKT,22h25m,1,DOH,9:05 pm – 9:00 am +1,Qatar Airways,HKT‐JFK,22h55m,1,DOH,1378,20220407-0735,best
9:55 pm – 7:20 am +2,Qatar Airways,JFK‐HKT,22h25m,1,DOH,11:55 pm – 2:55 pm +1,Qatar Airways,HKT‐JFK,26h00m,1,DOH,1285,20220407-0735,best
1:00 am – 1:15 pm +1,Qatar Airways,JFK‐HKT,25h15m,1,DOH,9:05 pm – 9:00 am +1,Qatar Airways,HKT‐JFK,22h55m,1,DOH,1378,20220407-0735,best
1:00 am – 1:15 pm +1,Qatar Airways,JFK‐HKT,25h15m,1,DOH,11:55 pm – 2:55 pm +1,Qatar Airways,HKT‐JFK,26h00m,1,DOH,1285,20220407-0735,best
9:55 pm – 7:20 am +2,Qatar Airways,JFK‐HKT,22h25m,1,DOH,7:10 pm – 2:55 pm +1,Qatar Airways,HKT‐JFK,30h45m,2,"BKK, DOH",1265,20220407-0735,best
9:55 pm – 7:20 am +2,Qatar Airways,JFK‐HKT,22h25m,1,DOH,9:05 pm – 2:55 pm +1,Qatar Airways,HKT‐JFK,28h50m,1,DOH,1335,20220407-0735,best
9:55 pm – 7:20 am +2,Qatar Airways,JFK‐HKT,22h25m,1,DOH,9:45 pm – 8:50 am +1,Emirates,HKT‐JFK,22h05m,1,DXB,1620,20220407-0735,best
9:55 pm – 1:15 pm +2,Qatar Airways,JFK‐HKT,28h20m,1,DOH,9:05 pm – 9:00 am +1,Qatar Airways,HKT‐JFK,22h55m,1,DOH,1378,20220407-0735,best
9:55 pm – 1:15 pm +2,Qatar Airways,JFK‐HKT,28h20m,1,DOH,11:55 pm – 2:55 pm +1,Qatar Airways,HKT‐JFK,26h00m,1,DOH,1285,20220407-0735,best
1:00 am – 1:15 pm +1,Qatar Airways,JFK‐HKT,25h15m,1,DOH,7:10 pm – 2:55 pm +1,Qatar Airways,HKT‐JFK,30h45m,2,"BKK, DOH",1265,20220407-0735,best
1:00 am – 1:15 pm +1,Qatar Airways,JFK‐HKT,25h15m,1,DOH,9:05 pm – 2:55 pm +1,Qatar Airways,HKT‐JFK,28h50m,1,DOH,1335,20220407-0735,best
9:55 pm – 7:20 am +2,Qatar Airways,JFK‐HKT,22h25m,1,DOH,11:55 pm – 10:45 pm +1,Qatar Airways,HKT‐JFK,33h50m,1,DOH,1289,20220407-0735,best
1:00 am – 1:15 pm +1,Qatar Airways,JFK‐HKT,25h15m,1,DOH,9:45 pm – 8:50 am +1,Emirates,HKT‐JFK,22h05m,1,DXB,1620,20220407-0735,best
11:10 am – 7:20 am +2,Qatar Airways,JFK‐HKT,33h10m,1,DOH,9:05 pm – 9:00 am +1,Qatar Airways,HKT‐JFK,22h55m,1,DOH,1388,20220407-0735,best
9:55 pm – 7:20 am +2,"American Airlines, Qatar Airways",JFK‐HKT,22h25m,1,DOH,9:05 pm – 9:00 am +1,"Qatar Airways, American Airlines",HKT‐JFK,22h55m,1,DOH,1740,20220407-0735,best
9:55 pm – 7:20 am +2,Qatar Airways,JFK‐HKT,22h25m,1,DOH,9:45 pm – 8:50 am +1,Emirates,HKT‐JFK,22h05m,1,DXB,1620,20220407-0740,fast
9:55 pm – 7:20 am +2,Qatar Airways,JFK‐HKT,22h25m,1,DOH,9:05 pm – 9:00 am +1,Qatar Airways,HKT‐JFK,22h55m,1,DOH,1378,20220407-0740,fast
9:55 pm – 7:20 am +2,"American Airlines, Qatar Airways",JFK‐HKT,22h25m,1,DOH,9:05 pm – 9:00 am +1,"Qatar Airways, American Airlines",HKT‐JFK,22h55m,1,DOH,1740,20220407-0740,fast
9:35 pm – 7:20 am +2,"British Airways, Qatar Airways",EWR‐HKT,22h45m,2,"LHR, DOH",9:05 pm – 9:00 am +1,Qatar Airways,HKT‐JFK,22h55m,1,DOH,3163,20220407-0740,fast
8:55 pm – 7:20 am +2,"British Airways, Qatar Airways",JFK‐HKT,23h25m,2,"LHR, DOH",9:05 pm – 9:00 am +1,Qatar Airways,HKT‐JFK,22h55m,1,DOH,3453,20220407-0740,fast
10:30 pm – 10:15 am +2,Etihad Airways,JFK‐HKT,24h45m,1,AUH,9:45 pm – 8:50 am +1,Emirates,HKT‐JFK,22h05m,1,DXB,1790,20220407-0740,fast
8:10 pm – 7:20 am +2,"British Airways, Qatar Airways",JFK‐HKT,24h10m,2,"LHR, DOH",9:05 pm – 9:00 am +1,Qatar Airways,HKT‐JFK,22h55m,1,DOH,3626,20220407-0740,fast
1:00 am – 1:15 pm +1,Qatar Airways,JFK‐HKT,25h15m,1,DOH,9:45 pm – 8:50 am +1,Emirates,HKT‐JFK,22h05m,1,DXB,1620,20220407-0740,fast
9:55 pm – 7:20 am +2,Qatar Airways,JFK‐HKT,22h25m,1,DOH,11:55 pm – 1:50 pm +1,"Qatar Airways, British Airways",HKT‐EWR,24h55m,2,"DOH, LHR",3407,20220407-0740,fast
7:00 pm – 7:20 am +2,Qatar Airways,JFK‐HKT,25h20m,2,"BOS, DOH",9:45 pm – 8:50 am +1,Emirates,HKT‐JFK,22h05m,1,DXB,1950,20220407-0740,fast
11:55 pm – 12:30 pm +2,Emirates,EWR‐HKT,25h35m,2,"ATH, DXB",9:45 pm – 8:50 am +1,Emirates,HKT‐JFK,22h05m,1,DXB,1583,20220407-0740,fast
11:55 pm – 12:30 pm +2,Emirates,EWR‐HKT,25h35m,1,DXB,9:45 pm – 8:50 am +1,Emirates,HKT‐JFK,22h05m,1,DXB,1763,20220407-0740,fast
9:55 pm – 7:20 am +2,Qatar Airways,JFK‐HKT,22h25m,1,DOH,12:10 am – 2:25 pm,Emirates,HKT‐JFK,25h15m,1,DXB,1764,20220407-0740,fast
10:25 am – 7:20 pm +1,Singapore Airlines,EWR‐HKT,21h55m,1,SIN,11:55 pm – 2:55 pm +1,Qatar Airways,HKT‐JFK,26h00m,1,DOH,2090,20220407-0740,fast
1:00 am – 1:15 pm +1,Qatar Airways,JFK‐HKT,25h15m,1,DOH,9:05 pm – 9:00 am +1,Qatar Airways,HKT‐JFK,22h55m,1,DOH,1378,20220407-0740,fast
