Out Time,Out Airline,Out Cities,Out Duration,Out Stops,Out Stop Cities,Return Time,Return Airline,Return Cities,Return Duration,Return Stops,Return Stop Cities,Price,timestamp,sort
8:55 pm – 7:20 pm +2,Singapore Airlines,JFK‐HKT,35h25m,2,"FRA, SIN",8:10 pm – 11:10 am +2,Singapore Airlines,HKT‐JFK,50h00m,2,"SIN, FRA",877,20220407-1017,cheap
8:55 pm – 7:10 pm +2,Singapore Airlines,JFK‐HKT,35h15m,2,"FRA, SIN",11:55 pm – 2:55 pm +1,Qatar Airways,HKT‐JFK,26h00m,1,DOH,1268,20220407-1017,cheap
8:55 pm – 7:20 pm +2,Singapore Airlines,JFK‐HKT,35h25m,2,"FRA, SIN",11:55 pm – 2:55 pm +1,Qatar Airways,HKT‐JFK,26h00m,1,DOH,1292,20220407-1017,cheap
11:10 am – 7:05 pm +2,"Qatar Airways, Bangkok Airways",JFK‐HKT,44h55m,2,"DOH, BKK",11:55 pm – 2:55 pm +1,Qatar Airways,HKT‐JFK,26h00m,1,DOH,1299,20220407-1017,cheap
11:10 am – 1:15 pm +2,Qatar Airways,JFK‐HKT,39h05m,1,DOH,11:55 pm – 2:55 pm +1,Qatar Airways,HKT‐JFK,26h00m,1,DOH,1300,20220407-1017,cheap
8:55 pm – 7:10 pm +2,Singapore Airlines,JFK‐HKT,35h15m,2,"FRA, SIN",12:10 am – 2:25 pm,Emirates,HKT‐JFK,25h15m,1,DXB,1309,20220407-1017,cheap
8:55 pm – 7:10 pm +2,Singapore Airlines,JFK‐HKT,35h15m,2,"FRA, SIN",12:10 am – 6:55 pm,Emirates,HKT‐JFK,29h45m,2,"DXB, MXP",1309,20220407-1017,cheap
8:55 pm – 7:10 pm +2,Singapore Airlines,JFK‐HKT,35h15m,2,"FRA, SIN",12:10 am – 9:20 pm,Emirates,HKT‐EWR,32h10m,2,"DXB, ATH",1310,20220407-1017,cheap
8:55 pm – 7:20 pm +2,Singapore Airlines,JFK‐HKT,35h25m,2,"FRA, SIN",12:10 am – 2:25 pm,Emirates,HKT‐JFK,25h15m,1,DXB,1325,20220407-1017,cheap
8:55 pm – 7:20 pm +2,Singapore Airlines,JFK‐HKT,35h25m,2,"FRA, SIN",12:10 am – 6:55 pm,Emirates,HKT‐JFK,29h45m,2,"DXB, MXP",1325,20220407-1017,cheap
8:55 pm – 7:20 pm +2,Singapore Airlines,JFK‐HKT,35h25m,2,"FRA, SIN",12:10 am – 9:20 pm,Emirates,HKT‐EWR,32h10m,2,"DXB, ATH",1325,20220407-1017,cheap
8:55 pm – 9:35 am +3,Singapore Airlines,JFK‐HKT,49h40m,2,"FRA, SIN",12:10 am – 2:25 pm,Emirates,HKT‐JFK,25h15m,1,DXB,1325,20220407-1017,cheap
8:55 pm – 7:20 pm +2,Singapore Airlines,JFK‐HKT,35h25m,2,"FRA, SIN",8:10 pm – 6:30 pm +1,Singapore Airlines,HKT‐JFK,33h20m,1,SIN,1335,20220407-1017,cheap
8:55 pm – 7:20 pm +2,Singapore Airlines,JFK‐HKT,35h25m,2,"FRA, SIN",6:10 pm – 6:30 pm +1,Singapore Airlines,HKT‐JFK,35h20m,1,SIN,1335,20220407-1017,cheap
9:55 pm – 7:05 pm +2,"Qatar Airways, Bangkok Airways",JFK‐HKT,34h10m,2,"DOH, BKK",11:55 pm – 2:55 pm +1,Qatar Airways,HKT‐JFK,26h00m,1,DOH,1337,20220407-1017,cheap
11:10 am – 7:05 pm +2,"Qatar Airways, Bangkok Airways",JFK‐HKT,44h55m,2,"DOH, BKK",11:55 pm – 2:55 pm +1,Qatar Airways,HKT‐JFK,26h00m,1,DOH,1299,20220407-1014,best
11:20 am – 8:00 pm +1,Emirates,JFK‐HKT,21h40m,1,DXB,12:10 am – 2:25 pm,Emirates,HKT‐JFK,25h15m,1,DXB,1604,20220407-1014,best
8:55 pm – 7:20 pm +2,Singapore Airlines,JFK‐HKT,35h25m,2,"FRA, SIN",8:10 pm – 11:10 am +2,Singapore Airlines,HKT‐JFK,50h00m,2,"SIN, FRA",877,20220407-1014,best
10:25 am – 7:20 pm +1,Singapore Airlines,EWR‐HKT,21h55m,1,SIN,6:10 pm – 6:00 am +1,Singapore Airlines,HKT‐EWR,22h50m,1,SIN,1819,20220407-1014,best
10:25 am – 7:20 pm +1,Singapore Airlines,EWR‐HKT,21h55m,1,SIN,8:10 pm – 11:10 am +1,Singapore Airlines,HKT‐JFK,26h00m,2,"SIN, FRA",1644,20220407-1014,best
9:55 pm – 1:15 pm +2,Qatar Airways,JFK‐HKT,28h20m,1,DOH,11:55 pm – 2:55 pm +1,Qatar Airways,HKT‐JFK,26h00m,1,DOH,1393,20220407-1014,best
8:55 pm – 9:35 am +2,Singapore Airlines,JFK‐HKT,25h40m,1,SIN,6:10 pm – 6:00 am +1,Singapore Airlines,HKT‐EWR,22h50m,1,SIN,1726,20220407-1014,best
9:55 pm – 1:15 pm +2,Qatar Airways,JFK‐HKT,28h20m,1,DOH,9:05 pm – 9:00 am +1,Qatar Airways,HKT‐JFK,22h55m,1,DOH,1533,20220407-1014,best
8:55 pm – 9:35 am +2,Singapore Airlines,JFK‐HKT,25h40m,2,"FRA, SIN",6:10 pm – 6:00 am +1,Singapore Airlines,HKT‐EWR,22h50m,1,SIN,1710,20220407-1014,best
10:25 am – 7:20 pm +1,Singapore Airlines,EWR‐HKT,21h55m,1,SIN,6:10 pm – 11:10 am +1,Singapore Airlines,HKT‐JFK,28h00m,2,"SIN, FRA",1644,20220407-1014,best
8:55 pm – 9:35 am +2,Singapore Airlines,JFK‐HKT,25h40m,2,"FRA, SIN",8:10 pm – 11:10 am +1,Singapore Airlines,HKT‐JFK,26h00m,2,"SIN, FRA",1533,20220407-1014,best
8:55 pm – 10:50 am +2,Singapore Airlines,JFK‐HKT,26h55m,1,SIN,6:10 pm – 6:00 am +1,Singapore Airlines,HKT‐EWR,22h50m,1,SIN,1726,20220407-1014,best
8:55 pm – 10:50 am +2,Singapore Airlines,JFK‐HKT,26h55m,2,"FRA, SIN",6:10 pm – 6:00 am +1,Singapore Airlines,HKT‐EWR,22h50m,1,SIN,1710,20220407-1014,best
8:55 pm – 10:50 am +2,Singapore Airlines,JFK‐HKT,26h55m,2,"FRA, SIN",8:10 pm – 11:10 am +1,Singapore Airlines,HKT‐JFK,26h00m,2,"SIN, FRA",1533,20220407-1014,best
11:20 am – 8:00 pm +1,Emirates,JFK‐HKT,21h40m,1,DXB,12:10 am – 6:55 pm,Emirates,HKT‐JFK,29h45m,2,"DXB, MXP",1604,20220407-1014,best
8:55 pm – 9:35 am +2,Singapore Airlines,JFK‐HKT,25h40m,2,"FRA, SIN",6:10 pm – 11:10 am +1,Singapore Airlines,HKT‐JFK,28h00m,2,"SIN, FRA",1533,20220407-1014,best
8:55 pm – 7:20 pm +2,Singapore Airlines,JFK‐HKT,35h25m,2,"FRA, SIN",6:10 pm – 6:00 am +1,Singapore Airlines,HKT‐EWR,22h50m,1,SIN,1432,20220407-1014,best
10:25 am – 7:20 pm +1,Singapore Airlines,EWR‐HKT,21h55m,1,SIN,6:10 pm – 6:00 am +1,Singapore Airlines,HKT‐EWR,22h50m,1,SIN,1819,20220407-1019,fast
11:20 am – 8:00 pm +1,Emirates,JFK‐HKT,21h40m,1,DXB,12:10 am – 2:25 pm,Emirates,HKT‐JFK,25h15m,1,DXB,1604,20220407-1019,fast
10:25 am – 7:20 pm +1,Singapore Airlines,EWR‐HKT,21h55m,1,SIN,12:10 am – 2:25 pm,Emirates,HKT‐JFK,25h15m,1,DXB,1920,20220407-1019,fast
11:20 am – 8:00 pm +1,Emirates,JFK‐HKT,21h40m,1,DXB,11:55 pm – 2:55 pm +1,Qatar Airways,HKT‐JFK,26h00m,1,DOH,1878,20220407-1019,fast
11:20 am – 8:00 pm +1,Emirates,JFK‐HKT,21h40m,1,DXB,11:55 pm – 2:55 pm +1,"Qatar Airways, JetBlue",HKT‐JFK,26h00m,1,DOH,2156,20220407-1019,fast
10:25 am – 7:20 pm +1,Singapore Airlines,EWR‐HKT,21h55m,1,SIN,8:10 pm – 11:10 am +1,Singapore Airlines,HKT‐JFK,26h00m,2,"SIN, FRA",1644,20220407-1019,fast
10:25 am – 7:20 pm +1,Singapore Airlines,EWR‐HKT,21h55m,1,SIN,11:55 pm – 2:55 pm +1,Qatar Airways,HKT‐JFK,26h00m,1,DOH,1884,20220407-1019,fast
8:55 pm – 9:35 am +2,Singapore Airlines,JFK‐HKT,25h40m,2,"FRA, SIN",6:10 pm – 6:00 am +1,Singapore Airlines,HKT‐EWR,22h50m,1,SIN,1710,20220407-1019,fast
8:55 pm – 9:35 am +2,Singapore Airlines,JFK‐HKT,25h40m,1,SIN,6:10 pm – 6:00 am +1,Singapore Airlines,HKT‐EWR,22h50m,1,SIN,1726,20220407-1019,fast
11:00 pm – 12:30 pm +2,Emirates,JFK‐HKT,26h30m,1,DXB,9:05 pm – 9:00 am +1,Qatar Airways,HKT‐JFK,22h55m,1,DOH,2054,20220407-1019,fast
8:55 pm – 10:50 am +2,Singapore Airlines,JFK‐HKT,26h55m,2,"FRA, SIN",6:10 pm – 6:00 am +1,Singapore Airlines,HKT‐EWR,22h50m,1,SIN,1710,20220407-1019,fast
8:55 pm – 10:50 am +2,Singapore Airlines,JFK‐HKT,26h55m,1,SIN,6:10 pm – 6:00 am +1,Singapore Airlines,HKT‐EWR,22h50m,1,SIN,1726,20220407-1019,fast
10:25 am – 7:20 pm +1,Singapore Airlines,EWR‐HKT,21h55m,1,SIN,6:10 pm – 11:10 am +1,Singapore Airlines,HKT‐JFK,28h00m,2,"SIN, FRA",1644,20220407-1019,fast
11:20 am – 8:00 pm +1,Emirates,JFK‐HKT,21h40m,1,DXB,12:10 am – 5:25 pm,Emirates,HKT‐LGA,28h15m,2,"DXB, BOS",2396,20220407-1019,fast
10:20 pm – 12:30 pm +2,Emirates,JFK‐HKT,27h10m,2,"MXP, DXB",9:05 pm – 9:00 am +1,Qatar Airways,HKT‐JFK,22h55m,1,DOH,2019,20220407-1019,fast
