Out Time,Out Airline,Out Cities,Out Duration,Out Stops,Out Stop Cities,Return Time,Return Airline,Return Cities,Return Duration,Return Stops,Return Stop Cities,Price,timestamp,sort
8:55 pm – 7:20 pm +2,Singapore Airlines,JFK‐HKT,35h25m,2,"FRA, SIN",8:10 pm – 11:10 am +2,Singapore Airlines,HKT‐JFK,50h00m,2,"SIN, FRA",936,20220407-0810,cheap
9:55 pm – 7:20 am +2,Qatar Airways,JFK‐HKT,22h25m,1,DOH,11:55 pm – 2:55 pm +1,Qatar Airways,HKT‐JFK,26h00m,1,DOH,1157,20220407-0810,cheap
11:10 am – 7:20 am +2,Qatar Airways,JFK‐HKT,33h10m,1,DOH,11:55 pm – 2:55 pm +1,Qatar Airways,HKT‐JFK,26h00m,1,DOH,1161,20220407-0810,cheap
9:55 pm – 7:20 am +2,Qatar Airways,JFK‐HKT,22h25m,1,DOH,11:55 pm – 9:00 am +2,Qatar Airways,HKT‐JFK,44h05m,1,DOH,1161,20220407-0810,cheap
12:30 pm – 6:55 am +2,"Air India, THAI Smile",JFK‐HKT,31h25m,2,"DEL, BOM",9:45 pm – 8:50 am +1,Emirates,HKT‐JFK,22h05m,1,DXB,1193,20220407-0810,cheap
9:55 pm – 7:20 am +2,Qatar Airways,JFK‐HKT,22h25m,1,DOH,7:10 pm – 9:00 am +2,Qatar Airways,HKT‐JFK,48h50m,2,"BKK, DOH",1210,20220407-0810,cheap
9:55 pm – 7:20 am +2,Qatar Airways,JFK‐HKT,22h25m,1,DOH,7:10 pm – 9:00 am +2,Qatar Airways,HKT‐JFK,48h50m,2,"BKK, DOH",1213,20220407-0810,cheap
12:30 pm – 12:30 pm +2,"Air India, IndiGo",JFK‐HKT,37h00m,1,DEL,9:45 pm – 6:55 pm +1,Emirates,HKT‐JFK,32h10m,2,"DXB, MXP",1225,20220407-0810,cheap
12:30 pm – 12:30 pm +2,"Air India, IndiGo",JFK‐HKT,37h00m,1,DEL,9:45 pm – 8:50 am +1,Emirates,HKT‐JFK,22h05m,1,DXB,1230,20220407-0810,cheap
12:15 pm – 10:35 am +2,"Air India, Thai Airways",EWR‐HKT,35h20m,3,"DEL, BOM, ...",9:45 pm – 6:55 pm +1,Emirates,HKT‐JFK,32h10m,2,"DXB, MXP",1232,20220407-0810,cheap
9:55 pm – 1:15 pm +2,Qatar Airways,JFK‐HKT,28h20m,1,DOH,11:55 pm – 2:55 pm +1,Qatar Airways,HKT‐JFK,26h00m,1,DOH,1239,20220407-0810,cheap
12:30 pm – 7:05 am +2,"Air India, GoFirst",JFK‐HKT,31h35m,1,DEL,9:45 pm – 6:55 pm +1,Emirates,HKT‐JFK,32h10m,2,"DXB, MXP",1242,20220407-0810,cheap
9:55 pm – 1:15 pm +2,Qatar Airways,JFK‐HKT,28h20m,1,DOH,11:55 pm – 9:00 am +2,Qatar Airways,HKT‐JFK,44h05m,1,DOH,1243,20220407-0810,cheap
12:30 pm – 7:05 am +2,"Air India, GoFirst",JFK‐HKT,31h35m,1,DEL,9:45 pm – 8:50 am +1,Emirates,HKT‐JFK,22h05m,1,DXB,1249,20220407-0810,cheap
12:15 pm – 10:35 am +2,"Air India, Thai Airways",EWR‐HKT,35h20m,3,"DEL, BOM, ...",9:45 pm – 6:55 pm +1,Emirates,HKT‐JFK,32h10m,2,"DXB, MXP",1254,20220407-0810,cheap
9:55 pm – 7:20 am +2,Qatar Airways,JFK‐HKT,22h25m,1,DOH,11:55 pm – 2:55 pm +1,Qatar Airways,HKT‐JFK,26h00m,1,DOH,1233,20220407-0807,best
11:20 am – 8:00 pm +1,Emirates,JFK‐HKT,21h40m,1,DXB,9:45 pm – 8:50 am +1,Emirates,HKT‐JFK,22h05m,1,DXB,1269,20220407-0807,best
8:55 pm – 7:20 pm +2,Singapore Airlines,JFK‐HKT,35h25m,2,"FRA, SIN",8:10 pm – 11:10 am +2,Singapore Airlines,HKT‐JFK,50h00m,2,"SIN, FRA",936,20220407-0807,best
9:55 pm – 7:20 am +2,Qatar Airways,JFK‐HKT,22h25m,1,DOH,9:05 pm – 9:00 am +1,Qatar Airways,HKT‐JFK,22h55m,1,DOH,1256,20220407-0807,best
9:55 pm – 7:20 am +2,Qatar Airways,JFK‐HKT,22h25m,1,DOH,11:55 pm – 2:55 pm +1,Qatar Airways,HKT‐JFK,26h00m,1,DOH,1157,20220407-0807,best
11:20 am – 8:00 pm +1,Emirates,JFK‐HKT,21h40m,1,DXB,9:45 pm – 2:25 pm +1,Emirates,HKT‐JFK,27h40m,1,DXB,1348,20220407-0807,best
9:55 pm – 7:20 am +2,Qatar Airways,JFK‐HKT,22h25m,1,DOH,9:45 pm – 8:50 am +1,Emirates,HKT‐JFK,22h05m,1,DXB,1440,20220407-0807,best
7:00 pm – 7:20 am +2,"JetBlue, Qatar Airways",LGA‐HKT,25h20m,2,"BOS, DOH",11:55 pm – 2:55 pm +1,Qatar Airways,HKT‐JFK,26h00m,1,DOH,1344,20220407-0807,best
8:45 pm – 6:55 am +2,"Lufthansa, THAI Smile",EWR‐HKT,23h10m,2,"MUC, BOM",9:45 pm – 8:50 am +1,Emirates,HKT‐JFK,22h05m,1,DXB,1524,20220407-0807,best
9:55 pm – 1:15 pm +2,Qatar Airways,JFK‐HKT,28h20m,1,DOH,9:05 pm – 9:00 am +1,Qatar Airways,HKT‐JFK,22h55m,1,DOH,1338,20220407-0807,best
9:55 pm – 1:15 pm +2,Qatar Airways,JFK‐HKT,28h20m,1,DOH,11:55 pm – 2:55 pm +1,Qatar Airways,HKT‐JFK,26h00m,1,DOH,1239,20220407-0807,best
11:20 am – 8:00 pm +1,Emirates,JFK‐HKT,21h40m,1,DXB,9:45 pm – 6:55 pm +1,Emirates,HKT‐JFK,32h10m,2,"DXB, MXP",1275,20220407-0807,best
6:00 pm – 7:20 am +2,"JetBlue, Qatar Airways",LGA‐HKT,26h20m,2,"BOS, DOH",11:55 pm – 2:55 pm +1,Qatar Airways,HKT‐JFK,26h00m,1,DOH,1344,20220407-0807,best
11:10 am – 7:20 am +2,Qatar Airways,JFK‐HKT,33h10m,1,DOH,9:05 pm – 9:00 am +1,Qatar Airways,HKT‐JFK,22h55m,1,DOH,1260,20220407-0807,best
11:10 am – 7:20 am +2,Qatar Airways,JFK‐HKT,33h10m,1,DOH,11:55 pm – 2:55 pm +1,Qatar Airways,HKT‐JFK,26h00m,1,DOH,1161,20220407-0807,best
11:20 am – 8:00 pm +1,Emirates,JFK‐HKT,21h40m,1,DXB,12:10 am – 2:25 pm,Emirates,HKT‐JFK,25h15m,1,DXB,1569,20220407-0807,best
11:00 pm – 12:30 pm +2,Emirates,JFK‐HKT,26h30m,1,DXB,9:45 pm – 8:50 am +1,Emirates,HKT‐JFK,22h05m,1,DXB,1442,20220407-0807,best
11:20 am – 8:00 pm +1,Emirates,JFK‐HKT,21h40m,1,DXB,9:45 pm – 8:50 am +1,Emirates,HKT‐JFK,22h05m,1,DXB,1269,20220407-0812,fast
10:25 am – 7:20 pm +1,Singapore Airlines,EWR‐HKT,21h55m,1,SIN,9:45 pm – 8:50 am +1,Emirates,HKT‐JFK,22h05m,1,DXB,1966,20220407-0812,fast
9:55 pm – 7:20 am +2,Qatar Airways,JFK‐HKT,22h25m,1,DOH,9:45 pm – 8:50 am +1,Emirates,HKT‐JFK,22h05m,1,DXB,1440,20220407-0812,fast
10:25 am – 7:20 pm +1,Singapore Airlines,EWR‐HKT,21h55m,1,SIN,6:10 pm – 6:00 am +1,Singapore Airlines,HKT‐EWR,22h50m,1,SIN,1871,20220407-0812,fast
8:45 pm – 6:55 am +2,"Lufthansa, THAI Smile",EWR‐HKT,23h10m,2,"MUC, BOM",9:45 pm – 8:50 am +1,Emirates,HKT‐JFK,22h05m,1,DXB,1524,20220407-0812,fast
9:55 pm – 7:20 am +2,Qatar Airways,JFK‐HKT,22h25m,1,DOH,9:05 pm – 9:00 am +1,Qatar Airways,HKT‐JFK,22h55m,1,DOH,1256,20220407-0812,fast
9:55 pm – 7:20 am +2,"American Airlines, Qatar Airways",JFK‐HKT,22h25m,1,DOH,9:05 pm – 9:00 am +1,"Qatar Airways, American Airlines",HKT‐JFK,22h55m,1,DOH,1816,20220407-0812,fast
7:05 pm – 6:35 am +2,"Finnair, Thai Airways",JFK‐HKT,24h30m,2,"HEL, CPH",9:45 pm – 8:50 am +1,Emirates,HKT‐JFK,22h05m,1,DXB,1738,20220407-0812,fast
11:20 am – 8:00 pm +1,Emirates,JFK‐HKT,21h40m,1,DXB,12:10 am – 2:25 pm,Emirates,HKT‐JFK,25h15m,1,DXB,1569,20220407-0812,fast
7:00 pm – 7:20 am +2,Qatar Airways,LGA‐HKT,25h20m,2,"BOS, DOH",9:45 pm – 8:50 am +1,Emirates,HKT‐JFK,22h05m,1,DXB,1686,20220407-0812,fast
7:00 pm – 7:20 am +2,Qatar Airways,JFK‐HKT,25h20m,2,"BOS, DOH",9:45 pm – 8:50 am +1,Emirates,HKT‐JFK,22h05m,1,DXB,1892,20220407-0812,fast
11:55 pm – 12:30 pm +2,Emirates,EWR‐HKT,25h35m,2,"ATH, DXB",9:45 pm – 8:50 am +1,Emirates,HKT‐JFK,22h05m,1,DXB,1529,20220407-0812,fast
9:55 pm – 7:20 am +2,Qatar Airways,JFK‐HKT,22h25m,1,DOH,12:10 am – 2:25 pm,Emirates,HKT‐JFK,25h15m,1,DXB,1620,20220407-0812,fast
11:20 am – 8:00 pm +1,Emirates,JFK‐HKT,21h40m,1,DXB,11:55 pm – 2:55 pm +1,Qatar Airways,HKT‐JFK,26h00m,1,DOH,1921,20220407-0812,fast
10:25 am – 7:20 pm +1,Singapore Airlines,EWR‐HKT,21h55m,1,SIN,8:10 pm – 11:10 am +1,Singapore Airlines,HKT‐JFK,26h00m,2,"SIN, FRA",1653,20220407-0812,fast
