Out Time,Out Airline,Out Cities,Out Duration,Out Stops,Out Stop Cities,Return Time,Return Airline,Return Cities,Return Duration,Return Stops,Return Stop Cities,Price,timestamp,sort
8:55 pm – 7:10 pm +2,Singapore Airlines,JFK‐HKT,35h15m,2,"FRA, SIN",7:10 pm – 11:10 am +2,"Bangkok Airways, Singapore Airlines",HKT‐JFK,51h00m,3,"BKK, SIN, ...",1118,20220407-0921,cheap
9:55 pm – 7:05 pm +2,"Qatar Airways, Bangkok Airways",JFK‐HKT,34h10m,2,"DOH, BKK",11:55 pm – 2:55 pm +1,Qatar Airways,HKT‐JFK,26h00m,1,DOH,1309,20220407-0921,cheap
4:30 pm – 1:15 pm +2,Qatar Airways,LGA‐HKT,33h45m,2,"ORD, DOH",11:55 pm – 2:55 pm +1,Qatar Airways,HKT‐JFK,26h00m,1,DOH,1328,20220407-0921,cheap
8:55 pm – 7:10 pm +2,Singapore Airlines,JFK‐HKT,35h15m,2,"FRA, SIN",11:55 pm – 2:55 pm +1,Qatar Airways,HKT‐JFK,26h00m,1,DOH,1330,20220407-0921,cheap
11:10 am – 1:15 pm +2,Qatar Airways,JFK‐HKT,39h05m,1,DOH,11:55 pm – 2:55 pm +1,Qatar Airways,HKT‐JFK,26h00m,1,DOH,1343,20220407-0921,cheap
9:55 pm – 7:05 pm +2,"Qatar Airways, Bangkok Airways",JFK‐HKT,34h10m,2,"DOH, BKK",11:55 pm – 2:55 pm +1,Qatar Airways,HKT‐JFK,26h00m,1,DOH,1353,20220407-0921,cheap
8:55 pm – 7:10 pm +2,Singapore Airlines,JFK‐HKT,35h15m,2,"FRA, SIN",5:15 pm – 2:55 pm +1,"Thai AirAsia, Qatar Airways",HKT‐JFK,32h40m,2,"DMK-BKK, DOH",1353,20220407-0921,cheap
8:55 pm – 7:10 pm +2,Singapore Airlines,JFK‐HKT,35h15m,2,"FRA, SIN",4:40 pm – 2:55 pm +1,"Thai AirAsia, Qatar Airways",HKT‐JFK,33h15m,2,"DMK-BKK, DOH",1353,20220407-0921,cheap
1:42 pm – 1:15 pm +2,Qatar Airways,EWR‐HKT,36h33m,2,"ORD, DOH",11:55 pm – 2:55 pm +1,Qatar Airways,HKT‐JFK,26h00m,1,DOH,1355,20220407-0921,cheap
11:10 am – 7:05 pm +2,"Qatar Airways, Bangkok Airways",JFK‐HKT,44h55m,2,"DOH, BKK",11:55 pm – 2:55 pm +1,Qatar Airways,HKT‐JFK,26h00m,1,DOH,1356,20220407-0921,cheap
11:10 am – 7:05 pm +2,"Qatar Airways, Bangkok Airways",JFK‐HKT,44h55m,2,"DOH, BKK",11:55 pm – 2:55 pm +1,Qatar Airways,HKT‐JFK,26h00m,1,DOH,1357,20220407-0921,cheap
11:10 am – 7:05 pm +2,"Qatar Airways, Bangkok Airways",JFK‐HKT,44h55m,2,"DOH, BKK",11:55 pm – 2:55 pm +1,Qatar Airways,HKT‐JFK,26h00m,1,DOH,1357,20220407-0921,cheap
8:55 pm – 7:10 pm +2,Singapore Airlines,JFK‐HKT,35h15m,2,"FRA, SIN",9:15 pm – 2:55 pm +1,"Thai Airways, Qatar Airways",HKT‐JFK,28h40m,2,"BKK, DOH",1362,20220407-0921,cheap
12:30 pm – 7:05 am +2,"Air India, GoFirst",JFK‐HKT,31h35m,1,DEL,6:45 pm – 11:55 am +1,"Thai Vietjet Air, SAUDIA",HKT‐JFK,28h10m,2,"BKK, RUH",1374,20220407-0921,cheap
8:55 pm – 7:10 pm +2,Singapore Airlines,JFK‐HKT,35h15m,2,"FRA, SIN",9:45 pm – 8:50 am +1,Emirates,HKT‐JFK,22h05m,1,DXB,1375,20220407-0921,cheap
9:55 pm – 7:05 pm +2,"Qatar Airways, Bangkok Airways",JFK‐HKT,34h10m,2,"DOH, BKK",11:55 pm – 2:55 pm +1,Qatar Airways,HKT‐JFK,26h00m,1,DOH,1353,20220407-0918,best
11:20 am – 8:00 pm +1,Emirates,JFK‐HKT,21h40m,1,DXB,9:45 pm – 8:50 am +1,Emirates,HKT‐JFK,22h05m,1,DXB,1636,20220407-0918,best
8:45 pm – 6:55 am +2,"Lufthansa, THAI Smile",EWR‐HKT,23h10m,2,"MUC, BOM",11:55 pm – 2:55 pm +1,Qatar Airways,HKT‐JFK,26h00m,1,DOH,1488,20220407-0918,best
11:20 am – 8:00 pm +1,Emirates,JFK‐HKT,21h40m,1,DXB,12:10 am – 2:25 pm,Emirates,HKT‐JFK,25h15m,1,DXB,1744,20220407-0918,best
8:45 pm – 6:55 am +2,"Lufthansa, THAI Smile",EWR‐HKT,23h10m,2,"MUC, BOM",12:10 am – 2:25 pm,Emirates,HKT‐JFK,25h15m,1,DXB,1577,20220407-0918,best
11:20 am – 8:00 pm +1,Emirates,JFK‐HKT,21h40m,1,DXB,9:45 pm – 2:25 pm +1,Emirates,HKT‐JFK,27h40m,1,DXB,1636,20220407-0918,best
8:55 pm – 10:50 am +2,Singapore Airlines,JFK‐HKT,26h55m,2,"FRA, SIN",6:10 pm – 6:00 am +1,Singapore Airlines,HKT‐EWR,22h50m,1,SIN,1644,20220407-0918,best
10:30 pm – 9:35 am +2,Singapore Airlines,JFK‐HKT,24h05m,1,SIN,6:10 pm – 6:00 am +1,Singapore Airlines,HKT‐EWR,22h50m,1,SIN,1804,20220407-0918,best
11:00 pm – 12:30 pm +2,Emirates,JFK‐HKT,26h30m,1,DXB,9:45 pm – 8:50 am +1,Emirates,HKT‐JFK,22h05m,1,DXB,1636,20220407-0918,best
10:30 pm – 10:50 am +2,Singapore Airlines,JFK‐HKT,25h20m,1,SIN,6:10 pm – 6:00 am +1,Singapore Airlines,HKT‐EWR,22h50m,1,SIN,1804,20220407-0918,best
9:55 pm – 1:15 pm +2,Qatar Airways,JFK‐HKT,28h20m,1,DOH,11:55 pm – 2:55 pm +1,Qatar Airways,HKT‐JFK,26h00m,1,DOH,1437,20220407-0918,best
10:20 pm – 12:30 pm +2,Emirates,JFK‐HKT,27h10m,2,"MXP, DXB",9:45 pm – 8:50 am +1,Emirates,HKT‐JFK,22h05m,1,DXB,1636,20220407-0918,best
9:55 pm – 1:15 pm +2,Qatar Airways,JFK‐HKT,28h20m,1,DOH,9:05 pm – 9:00 am +1,Qatar Airways,HKT‐JFK,22h55m,1,DOH,1642,20220407-0918,best
8:55 pm – 7:20 pm +2,Singapore Airlines,JFK‐HKT,35h25m,2,"FRA, SIN",6:10 pm – 6:00 am +1,Singapore Airlines,HKT‐EWR,22h50m,1,SIN,1404,20220407-0918,best
11:20 am – 8:00 pm +1,Emirates,JFK‐HKT,21h40m,1,DXB,11:55 pm – 2:55 pm +1,Qatar Airways,HKT‐JFK,26h00m,1,DOH,1931,20220407-0918,best
9:55 pm – 1:15 pm +2,Qatar Airways,JFK‐HKT,28h20m,1,DOH,9:45 pm – 8:50 am +1,Emirates,HKT‐JFK,22h05m,1,DXB,1734,20220407-0918,best
11:20 am – 8:00 pm +1,Emirates,JFK‐HKT,21h40m,1,DXB,9:45 pm – 8:50 am +1,Emirates,HKT‐JFK,22h05m,1,DXB,1636,20220407-0923,fast
10:25 am – 7:20 pm +1,Singapore Airlines,EWR‐HKT,21h55m,1,SIN,6:10 pm – 6:00 am +1,Singapore Airlines,HKT‐EWR,22h50m,1,SIN,2552,20220407-0923,fast
10:30 pm – 9:35 am +2,Singapore Airlines,JFK‐HKT,24h05m,1,SIN,9:45 pm – 8:50 am +1,Emirates,HKT‐JFK,22h05m,1,DXB,2116,20220407-0923,fast
11:20 am – 8:00 pm +1,Emirates,JFK‐HKT,21h40m,1,DXB,12:10 am – 2:25 pm,Emirates,HKT‐JFK,25h15m,1,DXB,1744,20220407-0923,fast
10:30 pm – 9:35 am +2,Singapore Airlines,JFK‐HKT,24h05m,1,SIN,6:10 pm – 6:00 am +1,Singapore Airlines,HKT‐EWR,22h50m,1,SIN,1804,20220407-0923,fast
10:30 pm – 10:50 am +2,Singapore Airlines,JFK‐HKT,25h20m,1,SIN,9:45 pm – 8:50 am +1,Emirates,HKT‐JFK,22h05m,1,DXB,2116,20220407-0923,fast
11:20 am – 8:00 pm +1,Emirates,JFK‐HKT,21h40m,1,DXB,11:55 pm – 2:55 pm +1,Qatar Airways,HKT‐JFK,26h00m,1,DOH,1931,20220407-0923,fast
11:55 pm – 12:30 pm +2,Emirates,EWR‐HKT,25h35m,2,"ATH, DXB",9:45 pm – 8:50 am +1,Emirates,HKT‐JFK,22h05m,1,DXB,1944,20220407-0923,fast
10:25 am – 7:20 pm +1,Singapore Airlines,EWR‐HKT,21h55m,1,SIN,8:10 pm – 11:10 am +1,Singapore Airlines,HKT‐JFK,26h00m,2,"SIN, FRA",2774,20220407-0923,fast
10:30 pm – 10:50 am +2,Singapore Airlines,JFK‐HKT,25h20m,1,SIN,6:10 pm – 6:00 am +1,Singapore Airlines,HKT‐EWR,22h50m,1,SIN,1804,20220407-0923,fast
8:45 pm – 6:55 am +2,"Lufthansa, THAI Smile",EWR‐HKT,23h10m,2,"MUC, BOM",12:10 am – 2:25 pm,Emirates,HKT‐JFK,25h15m,1,DXB,1577,20220407-0923,fast
11:00 pm – 12:30 pm +2,Emirates,JFK‐HKT,26h30m,1,DXB,9:45 pm – 8:50 am +1,Emirates,HKT‐JFK,22h05m,1,DXB,1636,20220407-0923,fast
8:45 pm – 7:25 am +2,"Lufthansa, GoFirst",EWR‐HKT,23h40m,2,"MUC, BOM",12:10 am – 2:25 pm,Emirates,HKT‐JFK,25h15m,1,DXB,1616,20220407-0923,fast
8:45 pm – 6:55 am +2,"Lufthansa, THAI Smile",EWR‐HKT,23h10m,2,"MUC, BOM",11:55 pm – 2:55 pm +1,Qatar Airways,HKT‐JFK,26h00m,1,DOH,1488,20220407-0923,fast
10:20 pm – 12:30 pm +2,Emirates,JFK‐HKT,27h10m,2,"MXP, DXB",9:45 pm – 8:50 am +1,Emirates,HKT‐JFK,22h05m,1,DXB,1636,20220407-0923,fast
