Out Time,Out Airline,Out Cities,Out Duration,Out Stops,Out Stop Cities,Return Time,Return Airline,Return Cities,Return Duration,Return Stops,Return Stop Cities,Price,timestamp,sort
10:20 pm – 12:30 pm +2,Emirates,JFK‐HKT,27h10m,2,"MXP, DXB",12:10 am – 2:25 pm,Emirates,HKT‐JFK,25h15m,1,DXB,1106,20220407-1253,cheap
10:20 pm – 12:30 pm +2,Emirates,JFK‐HKT,27h10m,2,"MXP, DXB",12:10 am – 9:20 pm,Emirates,HKT‐EWR,32h10m,2,"DXB, ATH",1106,20220407-1253,cheap
10:20 pm – 12:30 pm +2,Emirates,JFK‐HKT,27h10m,2,"MXP, DXB",12:10 am – 8:50 am +1,Emirates,HKT‐JFK,43h40m,1,DXB,1106,20220407-1253,cheap
10:20 pm – 12:30 pm +2,Emirates,JFK‐HKT,27h10m,2,"MXP, DXB",12:10 am – 6:55 pm,Emirates,HKT‐JFK,29h45m,2,"DXB, MXP",1114,20220407-1253,cheap
10:20 pm – 12:30 pm +3,Emirates,JFK‐HKT,51h10m,2,"MXP, DXB",12:10 am – 2:25 pm,Emirates,HKT‐JFK,25h15m,1,DXB,1135,20220407-1253,cheap
10:20 pm – 12:30 pm +2,Emirates,JFK‐HKT,27h10m,2,"MXP, DXB",10:30 am – 8:50 am +1,"Malaysia Airlines, Emirates",HKT‐JFK,33h20m,2,"KUL, DXB",1174,20220407-1253,cheap
10:20 pm – 12:30 pm +2,Emirates,JFK‐HKT,27h10m,2,"MXP, DXB",7:10 pm – 2:25 pm +1,Emirates,HKT‐JFK,30h15m,2,"BKK, DXB",1188,20220407-1253,cheap
10:20 pm – 12:30 pm +2,Emirates,JFK‐HKT,27h10m,2,"MXP, DXB",2:40 pm – 2:25 pm +1,Emirates,HKT‐JFK,34h45m,2,"BKK, DXB",1188,20220407-1253,cheap
10:20 pm – 12:30 pm +2,Emirates,JFK‐HKT,27h10m,2,"MXP, DXB",7:10 pm – 6:55 pm +1,Emirates,HKT‐JFK,34h45m,3,"BKK, DXB, ...",1188,20220407-1253,cheap
10:20 pm – 12:30 pm +2,Emirates,JFK‐HKT,27h10m,2,"MXP, DXB",7:10 pm – 9:20 pm +1,Emirates,HKT‐EWR,37h10m,3,"BKK, DXB, ...",1188,20220407-1253,cheap
10:20 pm – 12:30 pm +2,Emirates,JFK‐HKT,27h10m,2,"MXP, DXB",2:40 pm – 6:55 pm +1,Emirates,HKT‐JFK,39h15m,3,"BKK, DXB, ...",1188,20220407-1253,cheap
10:20 pm – 12:30 pm +2,Emirates,JFK‐HKT,27h10m,2,"MXP, DXB",10:20 am – 2:25 pm +1,Emirates,HKT‐JFK,39h05m,2,"BKK, DXB",1191,20220407-1253,cheap
10:20 pm – 12:30 pm +2,Emirates,JFK‐HKT,27h10m,2,"MXP, DXB",10:20 am – 6:55 pm +1,Emirates,HKT‐JFK,43h35m,3,"BKK, DXB, ...",1191,20220407-1253,cheap
8:55 pm – 7:20 pm +2,Singapore Airlines,JFK‐HKT,35h25m,2,"FRA, SIN",8:00 pm – 4:30 pm +1,Etihad Airways,HKT‐JFK,31h30m,1,AUH,1216,20220407-1253,cheap
8:55 pm – 7:20 pm +2,Singapore Airlines,JFK‐HKT,35h25m,2,"FRA, SIN",8:10 pm – 11:10 am +1,Singapore Airlines,HKT‐JFK,26h00m,2,"SIN, FRA",1238,20220407-1253,cheap
10:20 pm – 12:30 pm +2,Emirates,JFK‐HKT,27h10m,2,"MXP, DXB",12:10 am – 2:25 pm,Emirates,HKT‐JFK,25h15m,1,DXB,1140,20220407-1250,best
10:20 pm – 12:30 pm +2,Emirates,JFK‐HKT,27h10m,2,"MXP, DXB",12:10 am – 2:25 pm,Emirates,HKT‐JFK,25h15m,1,DXB,1106,20220407-1250,best
9:55 pm – 6:55 am +2,Qatar Airways,JFK‐HKT,22h00m,1,DOH,11:55 pm – 2:55 pm +1,Qatar Airways,HKT‐JFK,26h00m,1,DOH,1455,20220407-1250,best
10:25 am – 7:20 pm +1,Singapore Airlines,EWR‐HKT,21h55m,1,SIN,6:10 pm – 6:00 am +1,Singapore Airlines,HKT‐EWR,22h50m,1,SIN,1768,20220407-1250,best
8:55 pm – 9:35 am +2,Singapore Airlines,JFK‐HKT,25h40m,2,"FRA, SIN",6:10 pm – 6:00 am +1,Singapore Airlines,HKT‐EWR,22h50m,1,SIN,1572,20220407-1250,best
9:55 pm – 6:55 am +2,Qatar Airways,JFK‐HKT,22h00m,1,DOH,2:40 pm – 9:00 am +1,Qatar Airways,HKT‐JFK,29h20m,2,"BKK, DOH",1393,20220407-1250,best
10:25 am – 7:20 pm +1,Singapore Airlines,EWR‐HKT,21h55m,1,SIN,8:10 pm – 11:10 am +1,Singapore Airlines,HKT‐JFK,26h00m,2,"SIN, FRA",1646,20220407-1250,best
8:55 pm – 9:35 am +2,Singapore Airlines,JFK‐HKT,25h40m,2,"FRA, SIN",8:10 pm – 11:10 am +1,Singapore Airlines,HKT‐JFK,26h00m,2,"SIN, FRA",1476,20220407-1250,best
10:20 pm – 12:30 pm +2,Emirates,JFK‐HKT,27h10m,2,"MXP, DXB",12:10 am – 6:55 pm,Emirates,HKT‐JFK,29h45m,2,"DXB, MXP",1114,20220407-1250,best
7:00 pm – 6:55 am +2,Qatar Airways,LGA‐HKT,24h55m,2,"BOS, DOH",11:55 pm – 2:55 pm +1,Qatar Airways,HKT‐JFK,26h00m,1,DOH,1511,20220407-1250,best
10:20 pm – 12:30 pm +2,Emirates,JFK‐HKT,27h10m,2,"MXP, DXB",7:10 pm – 2:25 pm +1,Emirates,HKT‐JFK,30h15m,2,"BKK, DXB",1188,20220407-1250,best
6:20 pm – 6:55 am +2,Qatar Airways,EWR‐HKT,25h35m,2,"BOS, DOH",11:55 pm – 2:55 pm +1,Qatar Airways,HKT‐JFK,26h00m,1,DOH,1511,20220407-1250,best
7:25 pm – 6:55 am +2,Qatar Airways,JFK‐HKT,24h30m,2,"BOS, DOH",11:55 pm – 2:55 pm +1,Qatar Airways,HKT‐JFK,26h00m,1,DOH,1554,20220407-1250,best
10:25 am – 7:20 pm +1,Singapore Airlines,EWR‐HKT,21h55m,1,SIN,6:10 pm – 11:10 am +1,Singapore Airlines,HKT‐JFK,28h00m,2,"SIN, FRA",1646,20220407-1250,best
9:55 pm – 6:55 am +2,Qatar Airways,JFK‐HKT,22h00m,1,DOH,7:10 pm – 2:55 pm +1,Qatar Airways,HKT‐JFK,30h45m,2,"BKK, DOH",1463,20220407-1250,best
8:55 pm – 10:50 am +2,Singapore Airlines,JFK‐HKT,26h55m,2,"FRA, SIN",8:10 pm – 11:10 am +1,Singapore Airlines,HKT‐JFK,26h00m,2,"SIN, FRA",1483,20220407-1250,best
10:25 am – 7:20 pm +1,Singapore Airlines,EWR‐HKT,21h55m,1,SIN,6:10 pm – 6:00 am +1,Singapore Airlines,HKT‐EWR,22h50m,1,SIN,1768,20220407-1256,fast
10:30 pm – 9:35 am +2,Singapore Airlines,JFK‐HKT,24h05m,1,SIN,6:10 pm – 6:00 am +1,Singapore Airlines,HKT‐EWR,22h50m,1,SIN,2241,20220407-1256,fast
10:25 am – 7:20 pm +1,Singapore Airlines,EWR‐HKT,21h55m,1,SIN,12:10 am – 2:25 pm,Emirates,HKT‐JFK,25h15m,1,DXB,1919,20220407-1256,fast
9:55 pm – 6:55 am +2,Qatar Airways,JFK‐HKT,22h00m,1,DOH,12:10 am – 2:25 pm,Emirates,HKT‐JFK,25h15m,1,DXB,1808,20220407-1256,fast
7:00 pm – 6:55 am +2,"JetBlue, Qatar Airways",LGA‐HKT,24h55m,2,"BOS, DOH",6:10 pm – 6:00 am +1,Singapore Airlines,HKT‐EWR,22h50m,1,SIN,2183,20220407-1256,fast
10:25 am – 7:20 pm +1,Singapore Airlines,EWR‐HKT,21h55m,1,SIN,8:10 pm – 11:10 am +1,Singapore Airlines,HKT‐JFK,26h00m,2,"SIN, FRA",1646,20220407-1256,fast
10:25 am – 7:20 pm +1,Singapore Airlines,EWR‐HKT,21h55m,1,SIN,11:55 pm – 2:55 pm +1,Qatar Airways,HKT‐JFK,26h00m,1,DOH,1962,20220407-1256,fast
9:55 pm – 6:55 am +2,Qatar Airways,JFK‐HKT,22h00m,1,DOH,11:55 pm – 2:55 pm +1,Qatar Airways,HKT‐JFK,26h00m,1,DOH,1455,20220407-1256,fast
9:55 pm – 6:55 am +2,"American Airlines, Qatar Airways",JFK‐HKT,22h00m,1,DOH,11:55 pm – 2:55 pm +1,"Qatar Airways, American Airlines",HKT‐JFK,26h00m,1,DOH,4292,20220407-1256,fast
10:30 pm – 10:50 am +2,Singapore Airlines,JFK‐HKT,25h20m,1,SIN,6:10 pm – 6:00 am +1,Singapore Airlines,HKT‐EWR,22h50m,1,SIN,2241,20220407-1256,fast
8:55 pm – 9:35 am +2,Singapore Airlines,JFK‐HKT,25h40m,2,"FRA, SIN",6:10 pm – 6:00 am +1,Singapore Airlines,HKT‐EWR,22h50m,1,SIN,1572,20220407-1256,fast
6:00 pm – 6:55 am +2,"JetBlue, Qatar Airways",LGA‐HKT,25h55m,2,"BOS, DOH",6:10 pm – 6:00 am +1,Singapore Airlines,HKT‐EWR,22h50m,1,SIN,2183,20220407-1256,fast
10:25 am – 7:20 pm +1,Singapore Airlines,EWR‐HKT,21h55m,1,SIN,7:10 pm – 11:35 am +1,"Bangkok Airways, Asiana Airlines",HKT‐JFK,27h25m,2,"BKK, ICN",2296,20220407-1256,fast
7:25 pm – 6:55 am +2,Qatar Airways,JFK‐HKT,24h30m,2,"BOS, DOH",12:10 am – 2:25 pm,Emirates,HKT‐JFK,25h15m,1,DXB,1778,20220407-1256,fast
5:00 pm – 6:55 am +2,"JetBlue, Qatar Airways",LGA‐HKT,26h55m,2,"BOS, DOH",6:10 pm – 6:00 am +1,Singapore Airlines,HKT‐EWR,22h50m,1,SIN,2183,20220407-1256,fast
