Out Time,Out Airline,Out Cities,Out Duration,Out Stops,Out Stop Cities,Return Time,Return Airline,Return Cities,Return Duration,Return Stops,Return Stop Cities,Price,timestamp,sort
8:55 pm – 7:20 pm +2,Singapore Airlines,JFK‐HKT,35h25m,2,"FRA, SIN",8:10 pm – 11:10 am +2,Singapore Airlines,HKT‐JFK,50h00m,2,"SIN, FRA",933,20220407-1237,cheap
11:55 pm – 12:30 pm +2,Emirates,EWR‐HKT,25h35m,2,"ATH, DXB",12:10 am – 9:20 pm,Emirates,HKT‐EWR,32h10m,2,"DXB, ATH",1101,20220407-1237,cheap
11:55 pm – 12:30 pm +2,Emirates,EWR‐HKT,25h35m,2,"ATH, DXB",12:10 am – 8:50 am +1,Emirates,HKT‐JFK,43h40m,1,DXB,1101,20220407-1237,cheap
10:20 pm – 12:30 pm +2,Emirates,JFK‐HKT,27h10m,2,"MXP, DXB",12:10 am – 9:20 pm,Emirates,HKT‐EWR,32h10m,2,"DXB, ATH",1106,20220407-1237,cheap
10:20 pm – 12:30 pm +2,Emirates,JFK‐HKT,27h10m,2,"MXP, DXB",12:10 am – 8:50 am +1,Emirates,HKT‐JFK,43h40m,1,DXB,1106,20220407-1237,cheap
5:20 pm – 10:15 am +2,Etihad Airways,EWR‐HKT,29h55m,2,"DUB, AUH",8:00 pm – 4:30 pm +1,Etihad Airways,HKT‐JFK,31h30m,1,AUH,1119,20220407-1237,cheap
8:55 pm – 7:10 pm +2,Singapore Airlines,JFK‐HKT,35h15m,2,"FRA, SIN",11:55 pm – 2:55 pm +1,Qatar Airways,HKT‐JFK,26h00m,1,DOH,1157,20220407-1237,cheap
8:55 pm – 7:20 pm +2,Singapore Airlines,JFK‐HKT,35h25m,2,"FRA, SIN",11:55 pm – 2:55 pm +1,Qatar Airways,HKT‐JFK,26h00m,1,DOH,1162,20220407-1237,cheap
8:55 pm – 9:35 am +3,Singapore Airlines,JFK‐HKT,49h40m,2,"FRA, SIN",11:55 pm – 2:55 pm +1,Qatar Airways,HKT‐JFK,26h00m,1,DOH,1167,20220407-1237,cheap
10:20 pm – 12:30 pm +2,Emirates,JFK‐HKT,27h10m,2,"MXP, DXB",10:30 am – 8:50 am +1,"Malaysia Airlines, Emirates",HKT‐JFK,33h20m,2,"KUL, DXB",1174,20220407-1237,cheap
10:20 pm – 12:30 pm +2,Emirates,JFK‐HKT,27h10m,2,"MXP, DXB",7:10 pm – 9:20 pm +1,Emirates,HKT‐EWR,37h10m,3,"BKK, DXB, ...",1188,20220407-1237,cheap
10:20 pm – 12:30 pm +2,Emirates,JFK‐HKT,27h10m,2,"MXP, DXB",2:40 pm – 9:20 pm +1,Emirates,HKT‐EWR,41h40m,3,"BKK, DXB, ...",1188,20220407-1237,cheap
8:55 pm – 7:20 pm +2,Singapore Airlines,JFK‐HKT,35h25m,2,"FRA, SIN",8:10 pm – 11:10 am +1,Singapore Airlines,HKT‐JFK,26h00m,2,"SIN, FRA",1189,20220407-1237,cheap
8:55 pm – 7:20 pm +2,Singapore Airlines,JFK‐HKT,35h25m,2,"FRA, SIN",6:10 pm – 11:10 am +1,Singapore Airlines,HKT‐JFK,28h00m,2,"SIN, FRA",1189,20220407-1237,cheap
8:55 pm – 7:20 pm +2,Singapore Airlines,JFK‐HKT,35h25m,2,"FRA, SIN",11:40 am – 11:10 am +1,Singapore Airlines,HKT‐JFK,34h30m,2,"SIN, FRA",1189,20220407-1237,cheap
8:55 pm – 7:20 pm +2,Singapore Airlines,JFK‐HKT,35h25m,2,"FRA, SIN",8:10 pm – 11:10 am +2,Singapore Airlines,HKT‐JFK,50h00m,2,"SIN, FRA",998,20220407-1234,best
10:25 am – 7:20 pm +1,Singapore Airlines,EWR‐HKT,21h55m,1,SIN,6:10 pm – 6:00 am +1,Singapore Airlines,HKT‐EWR,22h50m,1,SIN,1703,20220407-1234,best
8:55 pm – 7:20 pm +2,Singapore Airlines,JFK‐HKT,35h25m,2,"FRA, SIN",8:10 pm – 11:10 am +2,Singapore Airlines,HKT‐JFK,50h00m,2,"SIN, FRA",933,20220407-1234,best
1:00 am – 1:15 pm +1,Qatar Airways,JFK‐HKT,25h15m,1,DOH,9:05 pm – 9:00 am +1,Qatar Airways,HKT‐JFK,22h55m,1,DOH,1404,20220407-1234,best
11:55 pm – 12:30 pm +2,Emirates,EWR‐HKT,25h35m,2,"ATH, DXB",12:10 am – 2:25 pm,Emirates,HKT‐JFK,25h15m,1,DXB,1275,20220407-1234,best
1:00 am – 1:15 pm +1,Qatar Airways,JFK‐HKT,25h15m,1,DOH,11:55 pm – 2:55 pm +1,Qatar Airways,HKT‐JFK,26h00m,1,DOH,1319,20220407-1234,best
10:25 am – 7:20 pm +1,Singapore Airlines,EWR‐HKT,21h55m,1,SIN,8:10 pm – 11:10 am +1,Singapore Airlines,HKT‐JFK,26h00m,2,"SIN, FRA",1571,20220407-1234,best
8:55 pm – 9:35 am +2,Singapore Airlines,JFK‐HKT,25h40m,2,"FRA, SIN",6:10 pm – 6:00 am +1,Singapore Airlines,HKT‐EWR,22h50m,1,SIN,1581,20220407-1234,best
10:20 pm – 12:30 pm +2,Emirates,JFK‐HKT,27h10m,2,"MXP, DXB",12:10 am – 2:25 pm,Emirates,HKT‐JFK,25h15m,1,DXB,1277,20220407-1234,best
10:25 am – 7:20 pm +1,Singapore Airlines,EWR‐HKT,21h55m,1,SIN,5:35 pm – 6:00 am +1,Singapore Airlines,HKT‐EWR,23h25m,1,SIN,1794,20220407-1234,best
8:55 pm – 10:50 am +2,Singapore Airlines,JFK‐HKT,26h55m,2,"FRA, SIN",6:10 pm – 6:00 am +1,Singapore Airlines,HKT‐EWR,22h50m,1,SIN,1581,20220407-1234,best
5:20 pm – 10:15 am +2,Etihad Airways,EWR‐HKT,29h55m,2,"DUB, AUH",8:00 pm – 4:30 pm +1,Etihad Airways,HKT‐JFK,31h30m,1,AUH,1119,20220407-1234,best
10:25 am – 7:20 pm +1,Singapore Airlines,EWR‐HKT,21h55m,1,SIN,6:10 pm – 11:10 am +1,Singapore Airlines,HKT‐JFK,28h00m,2,"SIN, FRA",1580,20220407-1234,best
9:55 pm – 1:15 pm +2,Qatar Airways,JFK‐HKT,28h20m,1,DOH,9:05 pm – 9:00 am +1,Qatar Airways,HKT‐JFK,22h55m,1,DOH,1468,20220407-1234,best
10:25 am – 7:20 pm +1,Singapore Airlines,EWR‐HKT,21h55m,1,SIN,5:35 pm – 11:10 am +1,Singapore Airlines,HKT‐JFK,28h35m,2,"SIN, FRA",1558,20220407-1234,best
8:55 pm – 9:35 am +2,Singapore Airlines,JFK‐HKT,25h40m,2,"FRA, SIN",8:10 pm – 11:10 am +1,Singapore Airlines,HKT‐JFK,26h00m,2,"SIN, FRA",1483,20220407-1234,best
9:55 pm – 1:15 pm +2,Qatar Airways,JFK‐HKT,28h20m,1,DOH,11:55 pm – 2:55 pm +1,Qatar Airways,HKT‐JFK,26h00m,1,DOH,1383,20220407-1234,best
10:25 am – 7:20 pm +1,Singapore Airlines,EWR‐HKT,21h55m,1,SIN,6:10 pm – 6:00 am +1,Singapore Airlines,HKT‐EWR,22h50m,1,SIN,1703,20220407-1239,fast
10:25 am – 7:20 pm +1,Singapore Airlines,EWR‐HKT,21h55m,1,SIN,9:05 pm – 9:00 am +1,Qatar Airways,HKT‐JFK,22h55m,1,DOH,1843,20220407-1239,fast
10:25 am – 7:20 pm +1,Singapore Airlines,EWR‐HKT,21h55m,1,SIN,5:35 pm – 6:00 am +1,Singapore Airlines,HKT‐EWR,23h25m,1,SIN,1794,20220407-1239,fast
10:30 pm – 9:35 am +2,Singapore Airlines,JFK‐HKT,24h05m,1,SIN,6:10 pm – 6:00 am +1,Singapore Airlines,HKT‐EWR,22h50m,1,SIN,2241,20220407-1239,fast
10:25 am – 7:20 pm +1,Singapore Airlines,EWR‐HKT,21h55m,1,SIN,12:10 am – 2:25 pm,Emirates,HKT‐JFK,25h15m,1,DXB,1865,20220407-1239,fast
10:25 am – 7:20 pm +1,Singapore Airlines,EWR‐HKT,21h55m,1,SIN,8:10 pm – 11:10 am +1,Singapore Airlines,HKT‐JFK,26h00m,2,"SIN, FRA",1571,20220407-1239,fast
10:25 am – 7:20 pm +1,Singapore Airlines,EWR‐HKT,21h55m,1,SIN,11:55 pm – 2:55 pm +1,Qatar Airways,HKT‐JFK,26h00m,1,DOH,1760,20220407-1239,fast
1:00 am – 1:15 pm +1,Qatar Airways,JFK‐HKT,25h15m,1,DOH,9:05 pm – 9:00 am +1,Qatar Airways,HKT‐JFK,22h55m,1,DOH,1404,20220407-1239,fast
1:00 am – 1:15 pm +1,"American Airlines, Qatar Airways",JFK‐HKT,25h15m,1,DOH,9:05 pm – 9:00 am +1,"Qatar Airways, American Airlines",HKT‐JFK,22h55m,1,DOH,1744,20220407-1239,fast
10:30 pm – 10:50 am +2,Singapore Airlines,JFK‐HKT,25h20m,1,SIN,6:10 pm – 6:00 am +1,Singapore Airlines,HKT‐EWR,22h50m,1,SIN,2241,20220407-1239,fast
8:55 pm – 9:35 am +2,Singapore Airlines,JFK‐HKT,25h40m,2,"FRA, SIN",6:10 pm – 6:00 am +1,Singapore Airlines,HKT‐EWR,22h50m,1,SIN,1581,20220407-1239,fast
11:00 pm – 12:30 pm +2,Emirates,JFK‐HKT,26h30m,1,DXB,9:05 pm – 9:00 am +1,Qatar Airways,HKT‐JFK,22h55m,1,DOH,1987,20220407-1239,fast
8:55 pm – 10:50 am +2,Singapore Airlines,JFK‐HKT,26h55m,2,"FRA, SIN",6:10 pm – 6:00 am +1,Singapore Airlines,HKT‐EWR,22h50m,1,SIN,1581,20220407-1239,fast
10:25 am – 7:20 pm +1,Singapore Airlines,EWR‐HKT,21h55m,1,SIN,6:10 pm – 11:10 am +1,Singapore Airlines,HKT‐JFK,28h00m,2,"SIN, FRA",1580,20220407-1239,fast
10:20 pm – 12:30 pm +2,Emirates,JFK‐HKT,27h10m,2,"MXP, DXB",9:05 pm – 9:00 am +1,Qatar Airways,HKT‐JFK,22h55m,1,DOH,1852,20220407-1239,fast
