Out Time,Out Airline,Out Cities,Out Duration,Out Stops,Out Stop Cities,Return Time,Return Airline,Return Cities,Return Duration,Return Stops,Return Stop Cities,Price,timestamp,sort
8:55 pm – 7:10 pm +2,Singapore Airlines,JFK‐HKT,35h15m,2,"FRA, SIN",5:35 pm – 11:10 am +1,Singapore Airlines,HKT‐JFK,28h35m,2,"SIN, FRA",974,20220407-1334,cheap
8:55 pm – 7:20 pm +2,Singapore Airlines,JFK‐HKT,35h25m,2,"FRA, SIN",5:35 pm – 11:10 am +1,Singapore Airlines,HKT‐JFK,28h35m,2,"SIN, FRA",992,20220407-1334,cheap
8:55 pm – 7:10 pm +2,Singapore Airlines,JFK‐HKT,35h15m,2,"FRA, SIN",8:10 pm – 11:10 am +1,Singapore Airlines,HKT‐JFK,26h00m,2,"SIN, FRA",994,20220407-1334,cheap
8:55 pm – 7:10 pm +2,Singapore Airlines,JFK‐HKT,35h15m,2,"FRA, SIN",6:10 pm – 11:10 am +1,Singapore Airlines,HKT‐JFK,28h00m,2,"SIN, FRA",994,20220407-1334,cheap
8:55 pm – 7:10 pm +2,Singapore Airlines,JFK‐HKT,35h15m,2,"FRA, SIN",11:40 am – 11:10 am +1,Singapore Airlines,HKT‐JFK,34h30m,2,"SIN, FRA",994,20220407-1334,cheap
8:55 pm – 7:10 pm +2,Singapore Airlines,JFK‐HKT,35h15m,2,"FRA, SIN",10:25 am – 11:10 am +1,Singapore Airlines,HKT‐JFK,35h45m,2,"SIN, FRA",994,20220407-1334,cheap
8:55 pm – 7:20 pm +2,Singapore Airlines,JFK‐HKT,35h25m,2,"FRA, SIN",8:10 pm – 11:10 am +1,Singapore Airlines,HKT‐JFK,26h00m,2,"SIN, FRA",1011,20220407-1334,cheap
8:55 pm – 7:20 pm +2,Singapore Airlines,JFK‐HKT,35h25m,2,"FRA, SIN",6:10 pm – 11:10 am +1,Singapore Airlines,HKT‐JFK,28h00m,2,"SIN, FRA",1011,20220407-1334,cheap
8:55 pm – 7:20 pm +2,Singapore Airlines,JFK‐HKT,35h25m,2,"FRA, SIN",11:40 am – 11:10 am +1,Singapore Airlines,HKT‐JFK,34h30m,2,"SIN, FRA",1011,20220407-1334,cheap
8:55 pm – 7:20 pm +2,Singapore Airlines,JFK‐HKT,35h25m,2,"FRA, SIN",10:25 am – 11:10 am +1,Singapore Airlines,HKT‐JFK,35h45m,2,"SIN, FRA",1011,20220407-1334,cheap
8:55 pm – 7:10 pm +2,Singapore Airlines,JFK‐HKT,35h15m,2,"FRA, SIN",5:35 pm – 11:10 am +1,Singapore Airlines,HKT‐JFK,28h35m,2,"SIN, FRA",1038,20220407-1334,cheap
8:55 pm – 7:10 pm +2,Singapore Airlines,JFK‐HKT,35h15m,2,"FRA, SIN",8:10 pm – 11:10 am +1,Singapore Airlines,HKT‐JFK,26h00m,2,"SIN, FRA",1066,20220407-1334,cheap
8:55 pm – 7:10 pm +2,Singapore Airlines,JFK‐HKT,35h15m,2,"FRA, SIN",6:10 pm – 11:10 am +1,Singapore Airlines,HKT‐JFK,28h00m,2,"SIN, FRA",1066,20220407-1334,cheap
8:55 pm – 7:10 pm +2,Singapore Airlines,JFK‐HKT,35h15m,2,"FRA, SIN",11:40 am – 11:10 am +1,Singapore Airlines,HKT‐JFK,34h30m,2,"SIN, FRA",1066,20220407-1334,cheap
8:55 pm – 7:10 pm +2,Singapore Airlines,JFK‐HKT,35h15m,2,"FRA, SIN",10:25 am – 11:10 am +1,Singapore Airlines,HKT‐JFK,35h45m,2,"SIN, FRA",1066,20220407-1334,cheap
8:55 pm – 7:10 pm +2,Singapore Airlines,JFK‐HKT,35h15m,2,"FRA, SIN",5:35 pm – 11:10 am +1,Singapore Airlines,HKT‐JFK,28h35m,2,"SIN, FRA",1037,20220407-1331,best
10:25 am – 7:20 pm +1,Singapore Airlines,EWR‐HKT,21h55m,1,SIN,8:10 pm – 11:10 am +1,Singapore Airlines,HKT‐JFK,26h00m,2,"SIN, FRA",1363,20220407-1331,best
8:55 pm – 7:10 pm +2,Singapore Airlines,JFK‐HKT,35h15m,2,"FRA, SIN",5:35 pm – 11:10 am +1,Singapore Airlines,HKT‐JFK,28h35m,2,"SIN, FRA",974,20220407-1331,best
8:55 pm – 9:35 am +2,Singapore Airlines,JFK‐HKT,25h40m,2,"FRA, SIN",8:10 pm – 11:10 am +1,Singapore Airlines,HKT‐JFK,26h00m,2,"SIN, FRA",1194,20220407-1331,best
10:25 am – 7:20 pm +1,Singapore Airlines,EWR‐HKT,21h55m,1,SIN,6:10 pm – 11:10 am +1,Singapore Airlines,HKT‐JFK,28h00m,2,"SIN, FRA",1363,20220407-1331,best
10:25 am – 7:20 pm +1,Singapore Airlines,EWR‐HKT,21h55m,1,SIN,5:35 pm – 11:10 am +1,Singapore Airlines,HKT‐JFK,28h35m,2,"SIN, FRA",1346,20220407-1331,best
8:55 pm – 10:50 am +2,Singapore Airlines,JFK‐HKT,26h55m,2,"FRA, SIN",8:10 pm – 11:10 am +1,Singapore Airlines,HKT‐JFK,26h00m,2,"SIN, FRA",1195,20220407-1331,best
1:00 am – 1:15 pm +1,Qatar Airways,JFK‐HKT,25h15m,1,DOH,9:05 pm – 8:30 am +1,Qatar Airways,HKT‐JFK,22h25m,1,DOH,1410,20220407-1331,best
8:55 pm – 9:35 am +2,Singapore Airlines,JFK‐HKT,25h40m,2,"FRA, SIN",6:10 pm – 11:10 am +1,Singapore Airlines,HKT‐JFK,28h00m,2,"SIN, FRA",1194,20220407-1331,best
10:30 pm – 10:15 am +2,Etihad Airways,JFK‐HKT,24h45m,1,AUH,8:00 pm – 4:30 pm +1,Etihad Airways,HKT‐JFK,31h30m,1,AUH,1179,20220407-1331,best
10:25 am – 7:20 pm +1,Singapore Airlines,EWR‐HKT,21h55m,1,SIN,6:10 pm – 6:00 am +1,Singapore Airlines,HKT‐EWR,22h50m,1,SIN,1755,20220407-1331,best
8:55 pm – 10:50 am +2,Singapore Airlines,JFK‐HKT,26h55m,2,"FRA, SIN",6:10 pm – 11:10 am +1,Singapore Airlines,HKT‐JFK,28h00m,2,"SIN, FRA",1195,20220407-1331,best
8:55 pm – 7:10 pm +2,Singapore Airlines,JFK‐HKT,35h15m,2,"FRA, SIN",8:10 pm – 11:10 am +1,Singapore Airlines,HKT‐JFK,26h00m,2,"SIN, FRA",994,20220407-1331,best
1:00 am – 1:15 pm +1,Qatar Airways,JFK‐HKT,25h15m,1,DOH,11:55 pm – 2:55 pm +1,Qatar Airways,HKT‐JFK,26h00m,1,DOH,1410,20220407-1331,best
8:55 pm – 7:20 pm +2,Singapore Airlines,JFK‐HKT,35h25m,2,"FRA, SIN",8:10 pm – 11:10 am +1,Singapore Airlines,HKT‐JFK,26h00m,2,"SIN, FRA",1011,20220407-1331,best
10:25 am – 7:20 pm +1,Singapore Airlines,EWR‐HKT,21h55m,1,SIN,5:35 pm – 6:00 am +1,Singapore Airlines,HKT‐EWR,23h25m,1,SIN,1859,20220407-1331,best
8:55 pm – 9:35 am +2,Singapore Airlines,JFK‐HKT,25h40m,2,"FRA, SIN",6:10 pm – 6:00 am +1,Singapore Airlines,HKT‐EWR,22h50m,1,SIN,1689,20220407-1331,best
10:25 am – 7:20 pm +1,Singapore Airlines,EWR‐HKT,21h55m,1,SIN,9:05 pm – 8:30 am +1,Qatar Airways,HKT‐JFK,22h25m,1,DOH,1965,20220407-1337,fast
10:25 am – 7:20 pm +1,Singapore Airlines,EWR‐HKT,21h55m,1,SIN,6:10 pm – 6:00 am +1,Singapore Airlines,HKT‐EWR,22h50m,1,SIN,1755,20220407-1337,fast
10:25 am – 7:20 pm +1,Singapore Airlines,EWR‐HKT,21h55m,1,SIN,5:35 pm – 6:00 am +1,Singapore Airlines,HKT‐EWR,23h25m,1,SIN,1859,20220407-1337,fast
10:30 pm – 10:15 am +2,Etihad Airways,JFK‐HKT,24h45m,1,AUH,9:05 pm – 8:30 am +1,Qatar Airways,HKT‐JFK,22h25m,1,DOH,1811,20220407-1337,fast
10:25 am – 7:20 pm +1,Singapore Airlines,EWR‐HKT,21h55m,1,SIN,12:10 am – 2:25 pm,Emirates,HKT‐JFK,25h15m,1,DXB,2016,20220407-1337,fast
1:00 am – 1:15 pm +1,Qatar Airways,JFK‐HKT,25h15m,1,DOH,9:05 pm – 8:30 am +1,Qatar Airways,HKT‐JFK,22h25m,1,DOH,1410,20220407-1337,fast
1:00 am – 1:15 pm +1,"American Airlines, Qatar Airways",JFK‐HKT,25h15m,1,DOH,9:05 pm – 8:30 am +1,"Qatar Airways, American Airlines",HKT‐JFK,22h25m,1,DOH,1910,20220407-1337,fast
10:25 am – 7:20 pm +1,Singapore Airlines,EWR‐HKT,21h55m,1,SIN,8:10 pm – 11:10 am +1,Singapore Airlines,HKT‐JFK,26h00m,2,"SIN, FRA",1363,20220407-1337,fast
1:00 am – 1:15 pm +1,"American Airlines, Qatar Airways",JFK‐HKT,25h15m,1,DOH,9:05 pm – 8:45 am +1,"Qatar Airways, American Airlines",HKT‐JFK,22h40m,1,DOH,1910,20220407-1337,fast
10:25 am – 7:20 pm +1,Singapore Airlines,EWR‐HKT,21h55m,1,SIN,11:55 pm – 2:55 pm +1,Qatar Airways,HKT‐JFK,26h00m,1,DOH,1980,20220407-1337,fast
8:55 pm – 9:35 am +2,Singapore Airlines,JFK‐HKT,25h40m,2,"FRA, SIN",6:10 pm – 6:00 am +1,Singapore Airlines,HKT‐EWR,22h50m,1,SIN,1689,20220407-1337,fast
9:50 pm – 10:35 am +2,Thai Airways,JFK‐HKT,25h45m,2,"FRA, BKK",6:10 pm – 6:00 am +1,Singapore Airlines,HKT‐EWR,22h50m,1,SIN,2150,20220407-1337,fast
10:25 am – 7:20 pm +1,Singapore Airlines,EWR‐HKT,21h55m,1,SIN,7:40 pm – 11:35 am +1,Thai Airways,HKT‐JFK,26h55m,2,"BKK, ICN",2184,20220407-1337,fast
11:00 pm – 12:30 pm +2,Emirates,JFK‐HKT,26h30m,1,DXB,9:05 pm – 8:30 am +1,Qatar Airways,HKT‐JFK,22h25m,1,DOH,1857,20220407-1337,fast
9:50 pm – 10:35 am +2,Thai Airways,JFK‐HKT,25h45m,2,"FRA, BKK",5:35 pm – 6:00 am +1,Singapore Airlines,HKT‐EWR,23h25m,1,SIN,2282,20220407-1337,fast
