Out Time,Out Airline,Out Cities,Out Duration,Out Stops,Out Stop Cities,Return Time,Return Airline,Return Cities,Return Duration,Return Stops,Return Stop Cities,Price,timestamp,sort
12:15 pm – 9:35 am +2,"Air India, THAI Smile",EWR‐HKT,34h20m,3,"DEL, BOM, ...",8:55 am – 2:55 pm +1,"Thai Vietjet Air, Qatar Airways",HKT‐JFK,41h00m,2,"BKK, DOH",1232,20220407-0715,cheap
10:35 am – 10:30 pm +1,"Qatar Airways, Thai Vietjet Air",JFK‐HKT,24h55m,2,"DOH, BKK",8:55 am – 2:55 pm +1,"Thai Vietjet Air, Qatar Airways",HKT‐JFK,41h00m,2,"BKK, DOH",1239,20220407-0715,cheap
10:35 am – 10:30 pm +1,"Qatar Airways, Thai Vietjet Air",JFK‐HKT,24h55m,2,"DOH, BKK",9:20 pm – 2:55 pm +1,"Thai Vietjet Air, Qatar Airways",HKT‐JFK,28h35m,2,"BKK, DOH",1244,20220407-0715,cheap
10:35 am – 10:30 pm +1,"Qatar Airways, Thai Vietjet Air",JFK‐HKT,24h55m,2,"DOH, BKK",7:10 pm – 2:55 pm +1,"Thai Vietjet Air, Qatar Airways",HKT‐JFK,30h45m,2,"BKK, DOH",1244,20220407-0715,cheap
10:35 am – 10:30 pm +1,"Qatar Airways, Thai Vietjet Air",JFK‐HKT,24h55m,2,"DOH, BKK",1:20 pm – 2:55 pm +1,"Thai Vietjet Air, Qatar Airways",HKT‐JFK,36h35m,2,"BKK, DOH",1244,20220407-0715,cheap
10:35 am – 10:30 pm +1,"Qatar Airways, Thai Vietjet Air",JFK‐HKT,24h55m,2,"DOH, BKK",5:20 pm – 2:55 pm +1,"Thai Vietjet Air, Qatar Airways",HKT‐JFK,32h35m,2,"BKK, DOH",1249,20220407-0715,cheap
10:35 am – 10:30 pm +1,"Qatar Airways, Thai Vietjet Air",JFK‐HKT,24h55m,2,"DOH, BKK",3:55 pm – 2:55 pm +1,"Thai Vietjet Air, Qatar Airways",HKT‐JFK,34h00m,2,"BKK, DOH",1249,20220407-0715,cheap
10:35 am – 10:30 pm +1,"Qatar Airways, Thai Vietjet Air",JFK‐HKT,24h55m,2,"DOH, BKK",12:15 pm – 2:55 pm +1,"Thai Vietjet Air, Qatar Airways",HKT‐JFK,37h40m,2,"BKK, DOH",1249,20220407-0715,cheap
10:35 am – 10:30 pm +1,"Qatar Airways, Thai Vietjet Air",JFK‐HKT,24h55m,2,"DOH, BKK",10:20 am – 2:55 pm +1,"Bangkok Airways, Qatar Airways",HKT‐JFK,39h35m,2,"BKK, DOH",1254,20220407-0715,cheap
10:35 am – 7:20 am +2,Qatar Airways,JFK‐HKT,33h45m,1,DOH,11:55 pm – 2:55 pm +1,Qatar Airways,HKT‐JFK,26h00m,1,DOH,1267,20220407-0715,cheap
9:55 pm – 7:20 am +2,Qatar Airways,JFK‐HKT,22h25m,1,DOH,11:55 pm – 2:55 pm +1,Qatar Airways,HKT‐JFK,26h00m,1,DOH,1306,20220407-0715,cheap
10:35 am – 1:15 pm +2,Qatar Airways,JFK‐HKT,39h40m,1,DOH,11:55 pm – 2:55 pm +1,Qatar Airways,HKT‐JFK,26h00m,1,DOH,1310,20220407-0715,cheap
9:55 pm – 7:20 am +2,Qatar Airways,JFK‐HKT,22h25m,1,DOH,11:55 pm – 9:00 am +2,Qatar Airways,HKT‐JFK,44h05m,1,DOH,1310,20220407-0715,cheap
12:30 pm – 6:55 am +2,"Air India, THAI Smile",JFK‐HKT,31h25m,2,"DEL, BOM",11:55 pm – 2:55 pm +1,Qatar Airways,HKT‐JFK,26h00m,1,DOH,1313,20220407-0715,cheap
12:30 pm – 7:25 am +2,"Air India, GoFirst",JFK‐HKT,31h55m,2,"DEL, BOM",11:55 pm – 2:55 pm +1,Qatar Airways,HKT‐JFK,26h00m,1,DOH,1313,20220407-0715,cheap
10:35 am – 7:20 am +2,Qatar Airways,JFK‐HKT,33h45m,1,DOH,11:55 pm – 2:55 pm +1,Qatar Airways,HKT‐JFK,26h00m,1,DOH,1323,20220407-0712,best
9:55 pm – 7:20 am +2,Qatar Airways,JFK‐HKT,22h25m,1,DOH,9:05 pm – 9:00 am +1,Qatar Airways,HKT‐JFK,22h55m,1,DOH,1403,20220407-0712,best
9:55 pm – 7:20 am +2,Qatar Airways,JFK‐HKT,22h25m,1,DOH,11:55 pm – 2:55 pm +1,Qatar Airways,HKT‐JFK,26h00m,1,DOH,1306,20220407-0712,best
9:55 pm – 7:20 am +2,Qatar Airways,JFK‐HKT,22h25m,1,DOH,9:45 pm – 8:50 am +1,Emirates,HKT‐JFK,22h05m,1,DXB,1620,20220407-0712,best
11:20 am – 8:00 pm +1,Emirates,JFK‐HKT,21h40m,1,DXB,9:45 pm – 8:50 am +1,Emirates,HKT‐JFK,22h05m,1,DXB,1817,20220407-0712,best
9:55 pm – 7:20 am +2,Qatar Airways,JFK‐HKT,22h25m,1,DOH,7:10 pm – 2:55 pm +1,Qatar Airways,HKT‐JFK,30h45m,2,"BKK, DOH",1372,20220407-0712,best
10:35 am – 7:20 am +2,Qatar Airways,JFK‐HKT,33h45m,1,DOH,9:05 pm – 9:00 am +1,Qatar Airways,HKT‐JFK,22h55m,1,DOH,1365,20220407-0712,best
9:55 pm – 7:20 am +2,Qatar Airways,JFK‐HKT,22h25m,1,DOH,7:40 pm – 11:05 am +1,Thai Airways,HKT‐JFK,26h25m,2,"BKK, ICN",1663,20220407-0712,best
10:35 am – 7:20 am +2,Qatar Airways,JFK‐HKT,33h45m,1,DOH,11:55 pm – 2:55 pm +1,Qatar Airways,HKT‐JFK,26h00m,1,DOH,1267,20220407-0712,best
9:55 pm – 7:20 am +2,Qatar Airways,JFK‐HKT,22h25m,1,DOH,12:10 am – 2:25 pm,Emirates,HKT‐JFK,25h15m,1,DXB,1757,20220407-0712,best
9:55 pm – 7:20 am +2,Qatar Airways,JFK‐HKT,22h25m,1,DOH,2:40 pm – 2:55 pm +1,Qatar Airways,HKT‐JFK,35h15m,2,"BKK, DOH",1372,20220407-0712,best
9:55 pm – 7:20 am +2,Qatar Airways,JFK‐HKT,22h25m,1,DOH,9:45 pm – 2:25 pm +1,Emirates,HKT‐JFK,27h40m,1,DXB,1687,20220407-0712,best
8:55 pm – 9:35 am +2,Singapore Airlines,JFK‐HKT,25h40m,2,"FRA, SIN",8:10 pm – 11:10 am +1,Singapore Airlines,HKT‐JFK,26h00m,2,"SIN, FRA",1690,20220407-0712,best
9:55 pm – 7:20 am +2,"American Airlines, Qatar Airways",JFK‐HKT,22h25m,1,DOH,11:55 pm – 2:55 pm +1,"Qatar Airways, American Airlines",HKT‐JFK,26h00m,1,DOH,1791,20220407-0712,best
9:55 pm – 7:20 am +2,Qatar Airways,JFK‐HKT,22h25m,1,DOH,11:55 pm – 6:24 pm +1,"Qatar Airways, JetBlue",HKT‐LGA,29h29m,2,"DOH, BOS",1608,20220407-0712,best
8:55 pm – 10:50 am +2,Singapore Airlines,JFK‐HKT,26h55m,2,"FRA, SIN",8:10 pm – 11:10 am +1,Singapore Airlines,HKT‐JFK,26h00m,2,"SIN, FRA",1690,20220407-0712,best
11:20 am – 8:00 pm +1,Emirates,JFK‐HKT,21h40m,1,DXB,9:45 pm – 8:50 am +1,Emirates,HKT‐JFK,22h05m,1,DXB,1817,20220407-0717,fast
9:55 pm – 7:20 am +2,Qatar Airways,JFK‐HKT,22h25m,1,DOH,9:45 pm – 8:50 am +1,Emirates,HKT‐JFK,22h05m,1,DXB,1620,20220407-0717,fast
9:55 pm – 7:20 am +2,Qatar Airways,JFK‐HKT,22h25m,1,DOH,9:05 pm – 9:00 am +1,Qatar Airways,HKT‐JFK,22h55m,1,DOH,1403,20220407-0717,fast
9:55 pm – 7:20 am +2,"American Airlines, Qatar Airways",JFK‐HKT,22h25m,1,DOH,9:05 pm – 9:00 am +1,"Qatar Airways, American Airlines",HKT‐JFK,22h55m,1,DOH,1981,20220407-0717,fast
11:20 am – 8:00 pm +1,Emirates,JFK‐HKT,21h40m,1,DXB,12:10 am – 2:25 pm,Emirates,HKT‐JFK,25h15m,1,DXB,2152,20220407-0717,fast
9:55 pm – 7:20 am +2,Qatar Airways,JFK‐HKT,22h25m,1,DOH,9:20 pm – 11:05 am +1,"Thai Vietjet Air, Asiana Airlines",HKT‐JFK,24h45m,2,"BKK, ICN",1575,20220407-0717,fast
6:25 pm – 6:35 am +2,"Brussels Airlines, Thai Airways",JFK‐HKT,25h10m,2,"BRU, CPH",9:45 pm – 8:50 am +1,Emirates,HKT‐JFK,22h05m,1,DXB,2018,20220407-0717,fast
7:00 pm – 7:20 am +2,Qatar Airways,JFK‐HKT,25h20m,2,"BOS, DOH",9:45 pm – 8:50 am +1,Emirates,HKT‐JFK,22h05m,1,DXB,2199,20220407-0717,fast
10:30 pm – 7:45 am +2,Singapore Airlines,JFK‐HKT,22h15m,1,SIN,12:10 am – 2:25 pm,Emirates,HKT‐JFK,25h15m,1,DXB,2873,20220407-0717,fast
9:55 pm – 7:20 am +2,Qatar Airways,JFK‐HKT,22h25m,1,DOH,12:10 am – 2:25 pm,Emirates,HKT‐JFK,25h15m,1,DXB,1757,20220407-0717,fast
11:55 pm – 12:30 pm +2,Emirates,EWR‐HKT,25h35m,2,"ATH, DXB",9:45 pm – 8:50 am +1,Emirates,HKT‐JFK,22h05m,1,DXB,2972,20220407-0717,fast
9:55 pm – 7:20 am +2,Qatar Airways,JFK‐HKT,22h25m,1,DOH,11:55 pm – 2:25 pm +1,"Qatar Airways, British Airways",HKT‐JFK,25h30m,2,"DOH, LHR",3328,20220407-0717,fast
7:00 pm – 7:20 am +2,Qatar Airways,JFK‐HKT,25h20m,2,"BOS, DOH",9:05 pm – 9:00 am +1,Qatar Airways,HKT‐JFK,22h55m,1,DOH,1938,20220407-0717,fast
10:30 pm – 7:45 am +2,Singapore Airlines,JFK‐HKT,22h15m,1,SIN,8:10 pm – 11:10 am +1,Singapore Airlines,HKT‐JFK,26h00m,2,"SIN, FRA",2227,20220407-0717,fast
7:00 pm – 7:20 am +2,"American Airlines, Qatar Airways",JFK‐HKT,25h20m,2,"BOS, DOH",9:05 pm – 9:00 am +1,"Qatar Airways, American Airlines",HKT‐JFK,22h55m,1,DOH,4652,20220407-0717,fast
