Out Time,Out Airline,Out Cities,Out Duration,Out Stops,Out Stop Cities,Return Time,Return Airline,Return Cities,Return Duration,Return Stops,Return Stop Cities,Price,timestamp,sort
10:45 am – 6:10 pm +2,"Alaska Airlines, Turkish Airlines",SAN‐ICN,39h25m,2,"SJC-SFO, IST",9:50 am – 2:50 pm,Multiple Airlines,ICN‐SAN,21h00m,2,"NRT, LAX-LAX",1406,20220405-0940,cheap
7:30 am – 4:15 pm +1,Air Canada,SAN‐ICN,16h45m,1,YVR,6:40 pm – 10:27 am +1,Air Canada,ICN‐SAN,31h47m,1,YYZ,1468,20220405-0940,cheap
7:46 am – 2:55 pm +1,United Airlines,SAN‐ICN,15h09m,1,SFO,4:50 pm – 2:56 pm,United Airlines,ICN‐SAN,14h06m,1,SFO,1491,20220405-0940,cheap
6:15 am – 2:55 pm +1,United Airlines,SAN‐ICN,16h40m,1,SFO,4:50 pm – 2:56 pm,United Airlines,ICN‐SAN,14h06m,1,SFO,1491,20220405-0940,cheap
7:46 am – 2:55 pm +1,United Airlines,SAN‐ICN,15h09m,1,SFO,4:50 pm – 6:59 pm,United Airlines,ICN‐SAN,18h09m,1,SFO,1491,20220405-0940,cheap
6:15 am – 2:55 pm +1,United Airlines,SAN‐ICN,16h40m,1,SFO,4:50 pm – 6:59 pm,United Airlines,ICN‐SAN,18h09m,1,SFO,1491,20220405-0940,cheap
7:46 am – 2:55 pm +1,United Airlines,SAN‐ICN,15h09m,1,SFO,4:50 pm – 8:43 pm,United Airlines,ICN‐SAN,19h53m,1,SFO,1491,20220405-0940,cheap
6:15 am – 2:55 pm +1,United Airlines,SAN‐ICN,16h40m,1,SFO,4:50 pm – 8:43 pm,United Airlines,ICN‐SAN,19h53m,1,SFO,1491,20220405-0940,cheap
7:46 am – 2:55 pm +1,United Airlines,SAN‐ICN,15h09m,1,SFO,4:50 pm – 11:30 pm,United Airlines,ICN‐SAN,22h40m,1,SFO,1491,20220405-0940,cheap
6:15 am – 2:55 pm +1,United Airlines,SAN‐ICN,16h40m,1,SFO,4:50 pm – 11:30 pm,United Airlines,ICN‐SAN,22h40m,1,SFO,1491,20220405-0940,cheap
7:08 pm – 3:15 pm +2,Delta,SAN‐ICN,28h07m,1,SEA,1:55 pm – 2:14 pm,Delta,ICN‐SAN,16h19m,1,SEA,1491,20220405-0940,cheap
3:17 pm – 3:15 pm +2,Delta,SAN‐ICN,31h58m,1,SEA,1:55 pm – 2:14 pm,Delta,ICN‐SAN,16h19m,1,SEA,1491,20220405-0940,cheap
7:08 pm – 3:15 pm +2,Delta,SAN‐ICN,28h07m,1,SEA,1:55 pm – 6:08 pm,Delta,ICN‐SAN,20h13m,1,SEA,1491,20220405-0940,cheap
7:46 am – 2:55 pm +1,United Airlines,SAN‐ICN,15h09m,1,SFO,4:50 pm – 7:40 pm,United Airlines,ICN‐SAN,18h50m,2,"SFO, LAX",1495,20220405-0940,cheap
7:46 am – 2:55 pm +1,United Airlines,SAN‐ICN,15h09m,1,SFO,4:50 pm – 7:40 pm,United Airlines,ICN‐SAN,18h50m,2,"SFO, LAX",1495,20220405-0940,cheap
6:15 am – 5:50 pm +1,Korean Air,SAN‐ICN,19h35m,1,LAX,1:55 pm – 12:40 pm,"Korean Air, Alaska Airlines",ICN‐SAN,14h45m,1,SEA,1614,20220405-0937,best
7:46 am – 2:55 pm +1,United Airlines,SAN‐ICN,15h09m,1,SFO,4:50 pm – 2:56 pm,United Airlines,ICN‐SAN,14h06m,1,SFO,1491,20220405-0937,best
10:45 am – 6:10 pm +2,"Alaska Airlines, Turkish Airlines",SAN‐ICN,39h25m,2,"SJC-SFO, IST",9:50 am – 2:50 pm,Multiple Airlines,ICN‐SAN,21h00m,2,"NRT, LAX-LAX",1406,20220405-0937,best
6:15 am – 2:55 pm +1,United Airlines,SAN‐ICN,16h40m,1,SFO,4:50 pm – 2:56 pm,United Airlines,ICN‐SAN,14h06m,1,SFO,1491,20220405-0937,best
7:46 am – 2:55 pm +1,United Airlines,SAN‐ICN,15h09m,1,SFO,4:50 pm – 6:59 pm,United Airlines,ICN‐SAN,18h09m,1,SFO,1491,20220405-0937,best
6:15 am – 2:55 pm +1,United Airlines,SAN‐ICN,16h40m,1,SFO,4:50 pm – 6:59 pm,United Airlines,ICN‐SAN,18h09m,1,SFO,1491,20220405-0937,best
7:46 am – 2:55 pm +1,United Airlines,SAN‐ICN,15h09m,1,SFO,4:50 pm – 7:40 pm,United Airlines,ICN‐SAN,18h50m,2,"SFO, LAX",1495,20220405-0937,best
7:46 am – 2:55 pm +1,United Airlines,SAN‐ICN,15h09m,1,SFO,4:50 pm – 7:40 pm,United Airlines,ICN‐SAN,18h50m,2,"SFO, LAX",1495,20220405-0937,best
7:46 am – 2:55 pm +1,United Airlines,SAN‐ICN,15h09m,1,SFO,4:50 pm – 8:43 pm,United Airlines,ICN‐SAN,19h53m,1,SFO,1491,20220405-0937,best
6:25 am – 5:20 pm +1,"Alaska Airlines, Korean Air",SAN‐ICN,18h55m,1,SFO,1:55 pm – 12:40 pm,"Korean Air, Alaska Airlines",ICN‐SAN,14h45m,1,SEA,1612,20220405-0937,best
6:15 am – 5:50 pm +1,Korean Air,SAN‐ICN,19h35m,1,LAX,1:55 pm – 12:40 pm,"Korean Air, Alaska Airlines",ICN‐SAN,14h45m,1,SEA,1564,20220405-0937,best
6:15 am – 5:50 pm +1,"Delta, Korean Air",SAN‐ICN,19h35m,1,LAX,1:55 pm – 12:40 pm,"Korean Air, Alaska Airlines",ICN‐SAN,14h45m,1,SEA,1613,20220405-0937,best
7:46 am – 2:55 pm +1,United Airlines,SAN‐ICN,15h09m,1,SFO,4:50 pm – 8:39 pm,United Airlines,ICN‐SAN,19h49m,2,"SFO, DEN",1495,20220405-0937,best
6:15 am – 2:55 pm +1,United Airlines,SAN‐ICN,16h40m,1,SFO,4:50 pm – 8:43 pm,United Airlines,ICN‐SAN,19h53m,1,SFO,1491,20220405-0937,best
6:15 am – 2:55 pm +1,United Airlines,SAN‐ICN,16h40m,1,SFO,4:50 pm – 7:40 pm,United Airlines,ICN‐SAN,18h50m,2,"SFO, LAX",1495,20220405-0937,best
6:25 am – 5:20 pm +1,"Alaska Airlines, Korean Air",SAN‐ICN,18h55m,1,SFO,1:55 pm – 2:14 pm,Korean Air,ICN‐SAN,16h19m,1,SEA,1576,20220405-0937,best
6:15 am – 5:50 pm +1,Korean Air,SAN‐ICN,19h35m,1,LAX,1:55 pm – 2:14 pm,Korean Air,ICN‐SAN,16h19m,1,SEA,1563,20220405-0937,best
7:46 am – 2:55 pm +1,United Airlines,SAN‐ICN,15h09m,1,SFO,4:50 pm – 2:56 pm,United Airlines,ICN‐SAN,14h06m,1,SFO,1491,20220405-0942,fast
7:46 am – 2:55 pm +1,United Airlines,SAN‐ICN,15h09m,1,SFO,2:30 pm – 1:39 pm,Delta,ICN‐SAN,15h09m,1,LAX,6004,20220405-0942,fast
6:15 am – 2:55 pm +1,United Airlines,SAN‐ICN,16h40m,1,SFO,4:50 pm – 2:56 pm,United Airlines,ICN‐SAN,14h06m,1,SFO,1491,20220405-0942,fast
7:30 am – 4:15 pm +1,Air Canada,SAN‐ICN,16h45m,1,YVR,4:00 pm – 2:28 pm,"Korean Air, Alaska Airlines",ICN‐SAN,14h28m,1,SFO,2034,20220405-0942,fast
7:46 am – 2:55 pm +1,United Airlines,SAN‐ICN,15h09m,1,SFO,1:55 pm – 2:14 pm,Delta,ICN‐SAN,16h19m,1,SEA,1699,20220405-0942,fast
7:46 am – 2:55 pm +1,United Airlines,SAN‐ICN,15h09m,1,SFO,1:55 pm – 2:14 pm,"Korean Air, Delta",ICN‐SAN,16h19m,1,SEA,2105,20220405-0942,fast
6:15 am – 2:55 pm +1,United Airlines,SAN‐ICN,16h40m,1,SFO,2:30 pm – 1:39 pm,Delta,ICN‐SAN,15h09m,1,LAX,6004,20220405-0942,fast
9:20 am – 7:00 pm +1,"Alaska Airlines, Korean Air",SAN‐ICN,17h40m,1,HNL,2:30 pm – 1:39 pm,"Korean Air, Delta",ICN‐SAN,15h09m,1,LAX,3900,20220405-0942,fast
6:20 am – 2:55 pm +1,United Airlines,SAN‐ICN,16h35m,2,"LAX, SFO",1:55 pm – 2:14 pm,Delta,ICN‐SAN,16h19m,1,SEA,1872,20220405-0942,fast
6:15 am – 2:55 pm +1,United Airlines,SAN‐ICN,16h40m,1,SFO,1:55 pm – 2:14 pm,Delta,ICN‐SAN,16h19m,1,SEA,1699,20220405-0942,fast
6:15 am – 2:55 pm +1,United Airlines,SAN‐ICN,16h40m,1,SFO,1:55 pm – 2:14 pm,"Korean Air, Delta",ICN‐SAN,16h19m,1,SEA,2105,20220405-0942,fast
7:30 am – 4:15 pm +1,Air Canada,SAN‐ICN,16h45m,1,YVR,1:55 pm – 2:14 pm,Korean Air,ICN‐SAN,16h19m,1,SEA,3680,20220405-0942,fast
7:30 am – 4:15 pm +1,Air Canada,SAN‐ICN,16h45m,1,YVR,1:55 pm – 2:14 pm,"Korean Air, Delta",ICN‐SAN,16h19m,1,SEA,4061,20220405-0942,fast
7:46 am – 2:55 pm +1,United Airlines,SAN‐ICN,15h09m,1,SFO,4:50 pm – 6:59 pm,United Airlines,ICN‐SAN,18h09m,1,SFO,1491,20220405-0942,fast
6:25 am – 5:20 pm +1,"Alaska Airlines, Korean Air",SAN‐ICN,18h55m,1,SFO,4:00 pm – 2:28 pm,"Korean Air, Alaska Airlines",ICN‐SAN,14h28m,1,SFO,1988,20220405-0942,fast
