Out Time,Out Airline,Out Cities,Out Duration,Out Stops,Out Stop Cities,Return Time,Return Airline,Return Cities,Return Duration,Return Stops,Return Stop Cities,Price,timestamp,sort
8:45 pm – 5:45 pm +2,"Alaska Airlines, Asiana Airlines",SAN‐ICN,29h00m,1,SEA,2:40 pm – 11:34 pm,Asiana Airlines,ICN‐SAN,24h54m,1,LAX,1270,20220405-1128,cheap
4:10 am – 5:35 pm +1,"Amtrak, Asiana Airlines",SAN‐ICN,21h25m,1,LAX-LAX,9:50 am – 2:50 pm,Multiple Airlines,ICN‐SAN,21h00m,2,"NRT, LAX-LAX",1440,20220405-1128,cheap
7:47 am – 2:55 pm +1,United Airlines,SAN‐ICN,15h08m,1,SFO,4:50 pm – 2:56 pm,United Airlines,ICN‐SAN,14h06m,1,SFO,1441,20220405-1128,cheap
6:15 am – 2:55 pm +1,United Airlines,SAN‐ICN,16h40m,1,SFO,4:50 pm – 2:56 pm,United Airlines,ICN‐SAN,14h06m,1,SFO,1441,20220405-1128,cheap
7:47 am – 2:55 pm +1,United Airlines,SAN‐ICN,15h08m,1,SFO,4:50 pm – 11:30 pm,United Airlines,ICN‐SAN,22h40m,1,SFO,1441,20220405-1128,cheap
6:15 am – 2:55 pm +1,United Airlines,SAN‐ICN,16h40m,1,SFO,4:50 pm – 11:30 pm,United Airlines,ICN‐SAN,22h40m,1,SFO,1441,20220405-1128,cheap
6:40 pm – 2:55 pm +2,United Airlines,SAN‐ICN,28h15m,2,"DEN, SFO",4:50 pm – 2:56 pm,United Airlines,ICN‐SAN,14h06m,1,SFO,1488,20220405-1128,cheap
6:30 am – 5:35 pm +1,Asiana Airlines,SAN‐ICN,19h05m,1,LAX,2:40 pm – 11:34 pm,Asiana Airlines,ICN‐SAN,24h54m,1,LAX,1489,20220405-1128,cheap
7:47 am – 2:55 pm +1,United Airlines,SAN‐ICN,15h08m,1,SFO,4:50 pm – 6:59 pm,United Airlines,ICN‐SAN,18h09m,1,SFO,1496,20220405-1128,cheap
6:15 am – 2:55 pm +1,United Airlines,SAN‐ICN,16h40m,1,SFO,4:50 pm – 6:59 pm,United Airlines,ICN‐SAN,18h09m,1,SFO,1496,20220405-1128,cheap
7:47 am – 2:55 pm +1,United Airlines,SAN‐ICN,15h08m,1,SFO,4:50 pm – 8:43 pm,United Airlines,ICN‐SAN,19h53m,1,SFO,1496,20220405-1128,cheap
6:15 am – 2:55 pm +1,United Airlines,SAN‐ICN,16h40m,1,SFO,4:50 pm – 8:43 pm,United Airlines,ICN‐SAN,19h53m,1,SFO,1496,20220405-1128,cheap
7:47 am – 2:55 pm +1,United Airlines,SAN‐ICN,15h08m,1,SFO,4:50 pm – 7:40 pm,United Airlines,ICN‐SAN,18h50m,2,"SFO, LAX",1500,20220405-1128,cheap
7:47 am – 2:55 pm +1,United Airlines,SAN‐ICN,15h08m,1,SFO,4:50 pm – 7:40 pm,United Airlines,ICN‐SAN,18h50m,2,"SFO, LAX",1500,20220405-1128,cheap
7:47 am – 2:55 pm +1,United Airlines,SAN‐ICN,15h08m,1,SFO,4:50 pm – 8:39 pm,United Airlines,ICN‐SAN,19h49m,2,"SFO, DEN",1500,20220405-1128,cheap
7:30 am – 4:15 pm +1,Air Canada,SAN‐ICN,16h45m,1,YVR,6:40 pm – 10:27 am +1,Air Canada,ICN‐SAN,31h47m,1,YYZ,1978,20220405-1125,best
7:47 am – 2:55 pm +1,United Airlines,SAN‐ICN,15h08m,1,SFO,4:50 pm – 2:56 pm,United Airlines,ICN‐SAN,14h06m,1,SFO,1441,20220405-1125,best
8:45 pm – 5:45 pm +2,"Alaska Airlines, Asiana Airlines",SAN‐ICN,29h00m,1,SEA,2:40 pm – 11:34 pm,Asiana Airlines,ICN‐SAN,24h54m,1,LAX,1270,20220405-1125,best
6:15 am – 2:55 pm +1,United Airlines,SAN‐ICN,16h40m,1,SFO,4:50 pm – 2:56 pm,United Airlines,ICN‐SAN,14h06m,1,SFO,1441,20220405-1125,best
7:47 am – 2:55 pm +1,United Airlines,SAN‐ICN,15h08m,1,SFO,4:50 pm – 6:59 pm,United Airlines,ICN‐SAN,18h09m,1,SFO,1496,20220405-1125,best
6:15 am – 2:55 pm +1,United Airlines,SAN‐ICN,16h40m,1,SFO,4:50 pm – 6:59 pm,United Airlines,ICN‐SAN,18h09m,1,SFO,1496,20220405-1125,best
7:47 am – 2:55 pm +1,United Airlines,SAN‐ICN,15h08m,1,SFO,4:50 pm – 8:43 pm,United Airlines,ICN‐SAN,19h53m,1,SFO,1496,20220405-1125,best
7:47 am – 2:55 pm +1,United Airlines,SAN‐ICN,15h08m,1,SFO,4:50 pm – 7:40 pm,United Airlines,ICN‐SAN,18h50m,2,"SFO, LAX",1500,20220405-1125,best
7:47 am – 2:55 pm +1,United Airlines,SAN‐ICN,15h08m,1,SFO,4:50 pm – 7:40 pm,United Airlines,ICN‐SAN,18h50m,2,"SFO, LAX",1500,20220405-1125,best
7:47 am – 2:55 pm +1,United Airlines,SAN‐ICN,15h08m,1,SFO,4:50 pm – 8:39 pm,United Airlines,ICN‐SAN,19h49m,2,"SFO, DEN",1500,20220405-1125,best
6:15 am – 2:55 pm +1,United Airlines,SAN‐ICN,16h40m,1,SFO,4:50 pm – 8:43 pm,United Airlines,ICN‐SAN,19h53m,1,SFO,1496,20220405-1125,best
6:15 am – 2:55 pm +1,United Airlines,SAN‐ICN,16h40m,1,SFO,4:50 pm – 7:40 pm,United Airlines,ICN‐SAN,18h50m,2,"SFO, LAX",1500,20220405-1125,best
6:15 am – 2:55 pm +1,United Airlines,SAN‐ICN,16h40m,1,SFO,4:50 pm – 7:40 pm,United Airlines,ICN‐SAN,18h50m,2,"SFO, LAX",1500,20220405-1125,best
7:47 am – 2:55 pm +1,United Airlines,SAN‐ICN,15h08m,1,SFO,4:50 pm – 11:30 pm,United Airlines,ICN‐SAN,22h40m,1,SFO,1441,20220405-1125,best
7:47 am – 2:55 pm +1,United Airlines,SAN‐ICN,15h08m,1,SFO,4:50 pm – 10:27 pm,United Airlines,ICN‐SAN,21h37m,2,"SFO, DEN",1500,20220405-1125,best
6:15 am – 2:55 pm +1,United Airlines,SAN‐ICN,16h40m,1,SFO,4:50 pm – 8:39 pm,United Airlines,ICN‐SAN,19h49m,2,"SFO, DEN",1500,20220405-1125,best
7:47 am – 2:55 pm +1,United Airlines,SAN‐ICN,15h08m,1,SFO,4:50 pm – 10:27 pm,United Airlines,ICN‐SAN,21h37m,2,"SFO, DEN",1500,20220405-1125,best
7:47 am – 2:55 pm +1,United Airlines,SAN‐ICN,15h08m,1,SFO,4:50 pm – 2:56 pm,United Airlines,ICN‐SAN,14h06m,1,SFO,1441,20220405-1130,fast
6:15 am – 2:55 pm +1,United Airlines,SAN‐ICN,16h40m,1,SFO,4:50 pm – 2:56 pm,United Airlines,ICN‐SAN,14h06m,1,SFO,1441,20220405-1130,fast
7:30 am – 4:15 pm +1,Air Canada,SAN‐ICN,16h45m,1,YVR,4:50 pm – 2:56 pm,United Airlines,ICN‐SAN,14h06m,1,SFO,1769,20220405-1130,fast
7:47 am – 2:55 pm +1,United Airlines,SAN‐ICN,15h08m,1,SFO,1:55 pm – 2:14 pm,"Korean Air, Delta",ICN‐SAN,16h19m,1,SEA,2097,20220405-1130,fast
8:15 am – 5:20 pm +1,"Alaska Airlines, Korean Air",SAN‐ICN,17h05m,1,SFO,2:30 pm – 1:39 pm,Korean Air,ICN‐SAN,15h09m,1,LAX,3810,20220405-1130,fast
7:30 am – 4:15 pm +1,Air Canada,SAN‐ICN,16h45m,1,YVR,4:00 pm – 4:02 pm,"Korean Air, Alaska Airlines",ICN‐SAN,16h02m,1,SFO,1929,20220405-1130,fast
6:15 am – 2:55 pm +1,United Airlines,SAN‐ICN,16h40m,1,SFO,1:55 pm – 2:14 pm,"Korean Air, Delta",ICN‐SAN,16h19m,1,SEA,2097,20220405-1130,fast
7:30 am – 4:15 pm +1,Air Canada,SAN‐ICN,16h45m,1,YVR,1:55 pm – 2:14 pm,"Korean Air, Delta",ICN‐SAN,16h19m,1,SEA,2198,20220405-1130,fast
6:20 am – 5:20 pm +1,"Alaska Airlines, Korean Air",SAN‐ICN,19h00m,1,SFO,4:50 pm – 2:56 pm,United Airlines,ICN‐SAN,14h06m,1,SFO,1755,20220405-1130,fast
7:47 am – 2:55 pm +1,United Airlines,SAN‐ICN,15h08m,1,SFO,4:50 pm – 6:59 pm,United Airlines,ICN‐SAN,18h09m,1,SFO,1496,20220405-1130,fast
8:15 am – 5:20 pm +1,"Alaska Airlines, Korean Air",SAN‐ICN,17h05m,1,SFO,1:55 pm – 2:14 pm,Korean Air,ICN‐SAN,16h19m,1,SEA,3702,20220405-1130,fast
7:47 am – 2:55 pm +1,United Airlines,SAN‐ICN,15h08m,1,SFO,4:50 pm – 7:40 pm,United Airlines,ICN‐SAN,18h50m,2,"SFO, LAX",1500,20220405-1130,fast
7:47 am – 2:55 pm +1,United Airlines,SAN‐ICN,15h08m,1,SFO,4:50 pm – 7:40 pm,United Airlines,ICN‐SAN,18h50m,2,"SFO, LAX",1500,20220405-1130,fast
6:30 am – 4:15 pm +1,"United Airlines, Air Canada",SAN‐ICN,17h45m,2,"LAX, YVR",1:55 pm – 2:14 pm,Korean Air,ICN‐SAN,16h19m,1,SEA,2113,20220405-1130,fast
6:30 am – 4:15 pm +1,"United Airlines, Air Canada",SAN‐ICN,17h45m,2,"LAX, YVR",1:55 pm – 2:14 pm,"Korean Air, Delta",ICN‐SAN,16h19m,1,SEA,2494,20220405-1130,fast
