Out Time,Out Airline,Out Cities,Out Duration,Out Stops,Out Stop Cities,Return Time,Return Airline,Return Cities,Return Duration,Return Stops,Return Stop Cities,Price,timestamp,sort
8:00 am – 5:45 pm +1,"Alaska Airlines, Asiana Airlines",SAN‐ICN,17h45m,1,SEA,8:40 pm – 11:34 pm,Asiana Airlines,ICN‐SAN,18h54m,1,LAX,1230,20220405-1135,cheap
6:15 am – 5:45 pm +1,"Alaska Airlines, Asiana Airlines",SAN‐ICN,19h30m,1,SEA,8:40 pm – 11:34 pm,Asiana Airlines,ICN‐SAN,18h54m,1,LAX,1230,20220405-1135,cheap
8:00 am – 5:45 pm +1,"Alaska Airlines, Asiana Airlines",SAN‐ICN,17h45m,1,SEA,2:40 pm – 11:34 pm,Asiana Airlines,ICN‐SAN,24h54m,1,LAX,1233,20220405-1135,cheap
6:15 am – 5:45 pm +1,"Alaska Airlines, Asiana Airlines",SAN‐ICN,19h30m,1,SEA,2:40 pm – 11:34 pm,Asiana Airlines,ICN‐SAN,24h54m,1,LAX,1233,20220405-1135,cheap
8:00 am – 5:45 pm +1,"Alaska Airlines, Asiana Airlines",SAN‐ICN,17h45m,1,SEA,6:20 pm – 10:53 am +1,"Asiana Airlines, Alaska Airlines",ICN‐SAN,32h33m,1,SEA,1233,20220405-1135,cheap
8:00 am – 5:45 pm +1,"Alaska Airlines, Asiana Airlines",SAN‐ICN,17h45m,1,SEA,8:40 pm – 7:40 pm,Asiana Airlines,ICN‐SAN,15h00m,1,LAX,1255,20220405-1135,cheap
6:15 am – 5:45 pm +1,"Alaska Airlines, Asiana Airlines",SAN‐ICN,19h30m,1,SEA,8:40 pm – 7:40 pm,Asiana Airlines,ICN‐SAN,15h00m,1,LAX,1255,20220405-1135,cheap
8:00 am – 5:45 pm +1,"Alaska Airlines, Asiana Airlines",SAN‐ICN,17h45m,1,SEA,2:40 pm – 7:40 pm,Asiana Airlines,ICN‐SAN,21h00m,1,LAX,1255,20220405-1135,cheap
6:15 am – 5:45 pm +1,"Alaska Airlines, Asiana Airlines",SAN‐ICN,19h30m,1,SEA,2:40 pm – 7:40 pm,Asiana Airlines,ICN‐SAN,21h00m,1,LAX,1255,20220405-1135,cheap
4:10 am – 5:35 pm +1,"Amtrak, Asiana Airlines",SAN‐ICN,21h25m,1,LAX-LAX,12:55 pm – 1:45 pm +1,"ZIPAIR, FlixBus",ICN‐SAN,40h50m,2,"NRT, LAX-LAX",1280,20220405-1135,cheap
8:55 pm – 4:15 pm +2,"Alaska Airlines, Air Canada",SAN‐ICN,27h20m,2,"PDX, YVR",5:50 pm – 6:33 pm,Air Canada,ICN‐SAN,16h43m,1,YVR,1512,20220405-1135,cheap
8:55 pm – 4:15 pm +2,"Alaska Airlines, Air Canada",SAN‐ICN,27h20m,2,"PDX, YVR",5:50 pm – 6:33 pm,Air Canada,ICN‐SAN,16h43m,1,YVR,1512,20220405-1135,cheap
7:30 pm – 4:15 pm +2,"Alaska Airlines, Air Canada",SAN‐ICN,28h45m,2,"PDX, YVR",5:50 pm – 6:33 pm,Air Canada,ICN‐SAN,16h43m,1,YVR,1531,20220405-1135,cheap
7:30 pm – 4:15 pm +2,"Alaska Airlines, Air Canada",SAN‐ICN,28h45m,2,"PDX, YVR",5:50 pm – 6:33 pm,Air Canada,ICN‐SAN,16h43m,1,YVR,1551,20220405-1135,cheap
6:30 am – 5:35 pm +1,Asiana Airlines,SAN‐ICN,19h05m,1,LAX,8:40 pm – 7:40 pm,Asiana Airlines,ICN‐SAN,15h00m,1,LAX,1579,20220405-1135,cheap
8:00 am – 5:45 pm +1,"Alaska Airlines, Asiana Airlines",SAN‐ICN,17h45m,1,SEA,8:40 pm – 11:34 pm,Asiana Airlines,ICN‐SAN,18h54m,1,LAX,1272,20220405-1133,best
8:00 am – 5:45 pm +1,"Alaska Airlines, Asiana Airlines",SAN‐ICN,17h45m,1,SEA,8:40 pm – 7:40 pm,Asiana Airlines,ICN‐SAN,15h00m,1,LAX,1255,20220405-1133,best
8:00 am – 5:45 pm +1,"Alaska Airlines, Asiana Airlines",SAN‐ICN,17h45m,1,SEA,8:40 pm – 11:34 pm,Asiana Airlines,ICN‐SAN,18h54m,1,LAX,1230,20220405-1133,best
6:15 am – 5:45 pm +1,"Alaska Airlines, Asiana Airlines",SAN‐ICN,19h30m,1,SEA,8:40 pm – 7:40 pm,Asiana Airlines,ICN‐SAN,15h00m,1,LAX,1255,20220405-1133,best
7:47 am – 2:55 pm +1,United Airlines,SAN‐ICN,15h08m,1,SFO,4:40 pm – 2:56 pm,United Airlines,ICN‐SAN,14h16m,1,SFO,1593,20220405-1133,best
6:15 am – 2:55 pm +1,United Airlines,SAN‐ICN,16h40m,1,SFO,4:40 pm – 2:56 pm,United Airlines,ICN‐SAN,14h16m,1,SFO,1593,20220405-1133,best
6:15 am – 5:45 pm +1,"Alaska Airlines, Asiana Airlines",SAN‐ICN,19h30m,1,SEA,8:40 pm – 11:34 pm,Asiana Airlines,ICN‐SAN,18h54m,1,LAX,1230,20220405-1133,best
8:00 am – 5:45 pm +1,"Alaska Airlines, Asiana Airlines",SAN‐ICN,17h45m,1,SEA,2:40 pm – 7:40 pm,Asiana Airlines,ICN‐SAN,21h00m,1,LAX,1255,20220405-1133,best
7:47 am – 2:55 pm +1,United Airlines,SAN‐ICN,15h08m,1,SFO,4:40 pm – 6:59 pm,United Airlines,ICN‐SAN,18h19m,1,SFO,1593,20220405-1133,best
6:30 am – 5:35 pm +1,Asiana Airlines,SAN‐ICN,19h05m,1,LAX,8:40 pm – 7:40 pm,Asiana Airlines,ICN‐SAN,15h00m,1,LAX,1579,20220405-1133,best
7:47 am – 2:55 pm +1,United Airlines,SAN‐ICN,15h08m,1,SFO,4:40 pm – 7:40 pm,United Airlines,ICN‐SAN,19h00m,2,"SFO, LAX",1597,20220405-1133,best
7:47 am – 2:55 pm +1,United Airlines,SAN‐ICN,15h08m,1,SFO,4:40 pm – 8:43 pm,United Airlines,ICN‐SAN,20h03m,1,SFO,1593,20220405-1133,best
6:15 am – 5:45 pm +1,"Alaska Airlines, Asiana Airlines",SAN‐ICN,19h30m,1,SEA,2:40 pm – 7:40 pm,Asiana Airlines,ICN‐SAN,21h00m,1,LAX,1255,20220405-1133,best
6:15 am – 2:55 pm +1,United Airlines,SAN‐ICN,16h40m,1,SFO,4:40 pm – 6:59 pm,United Airlines,ICN‐SAN,18h19m,1,SFO,1593,20220405-1133,best
7:47 am – 2:55 pm +1,United Airlines,SAN‐ICN,15h08m,1,SFO,4:40 pm – 7:40 pm,United Airlines,ICN‐SAN,19h00m,2,"SFO, LAX",1597,20220405-1133,best
7:47 am – 2:55 pm +1,United Airlines,SAN‐ICN,15h08m,1,SFO,4:40 pm – 8:39 pm,United Airlines,ICN‐SAN,19h59m,2,"SFO, DEN",1597,20220405-1133,best
7:47 am – 2:55 pm +1,United Airlines,SAN‐ICN,15h08m,1,SFO,4:40 pm – 2:56 pm,United Airlines,ICN‐SAN,14h16m,1,SFO,1593,20220405-1138,fast
7:47 am – 2:55 pm +1,United Airlines,SAN‐ICN,15h08m,1,SFO,8:40 pm – 7:40 pm,"Asiana Airlines, United Airlines",ICN‐SAN,15h00m,1,LAX,1975,20220405-1138,fast
7:47 am – 2:55 pm +1,United Airlines,SAN‐ICN,15h08m,1,SFO,2:30 pm – 1:39 pm,Korean Air,ICN‐SAN,15h09m,1,LAX,1958,20220405-1138,fast
7:47 am – 2:55 pm +1,United Airlines,SAN‐ICN,15h08m,1,SFO,2:30 pm – 1:39 pm,"Korean Air, Delta",ICN‐SAN,15h09m,1,LAX,1958,20220405-1138,fast
7:47 am – 2:55 pm +1,United Airlines,SAN‐ICN,15h08m,1,SFO,4:40 pm – 4:02 pm,"Asiana Airlines, Alaska Airlines",ICN‐SAN,15h22m,1,SFO,2039,20220405-1138,fast
7:38 am – 3:15 pm +1,Korean Air,SAN‐ICN,15h37m,1,SEA,2:30 pm – 1:39 pm,Korean Air,ICN‐SAN,15h09m,1,LAX,2279,20220405-1138,fast
7:38 am – 3:15 pm +1,Delta,SAN‐ICN,15h37m,1,SEA,2:30 pm – 1:39 pm,Delta,ICN‐SAN,15h09m,1,LAX,2365,20220405-1138,fast
6:15 am – 2:55 pm +1,United Airlines,SAN‐ICN,16h40m,1,SFO,4:40 pm – 2:56 pm,United Airlines,ICN‐SAN,14h16m,1,SFO,1593,20220405-1138,fast
6:30 am – 2:55 pm +1,United Airlines,SAN‐ICN,16h25m,2,"LAX, SFO",8:40 pm – 7:40 pm,"Asiana Airlines, United Airlines",ICN‐SAN,15h00m,1,LAX,2143,20220405-1138,fast
6:30 am – 2:55 pm +1,United Airlines,SAN‐ICN,16h25m,2,"LAX, SFO",2:30 pm – 1:39 pm,"Korean Air, Delta",ICN‐SAN,15h09m,1,LAX,2126,20220405-1138,fast
6:30 am – 2:55 pm +1,United Airlines,SAN‐ICN,16h25m,2,"LAX, SFO",2:30 pm – 1:39 pm,Korean Air,ICN‐SAN,15h09m,1,LAX,2126,20220405-1138,fast
6:15 am – 2:55 pm +1,United Airlines,SAN‐ICN,16h40m,1,SFO,8:40 pm – 7:40 pm,"Asiana Airlines, United Airlines",ICN‐SAN,15h00m,1,LAX,1935,20220405-1138,fast
6:15 am – 2:55 pm +1,United Airlines,SAN‐ICN,16h40m,1,SFO,2:30 pm – 1:39 pm,Korean Air,ICN‐SAN,15h09m,1,LAX,1918,20220405-1138,fast
6:15 am – 2:55 pm +1,United Airlines,SAN‐ICN,16h40m,1,SFO,2:30 pm – 1:39 pm,"Korean Air, Delta",ICN‐SAN,15h09m,1,LAX,1918,20220405-1138,fast
7:47 am – 2:55 pm +1,United Airlines,SAN‐ICN,15h08m,1,SFO,5:50 pm – 6:33 pm,Air Canada,ICN‐SAN,16h43m,1,YVR,1815,20220405-1138,fast
