Out Time,Out Airline,Out Cities,Out Duration,Out Stops,Out Stop Cities,Return Time,Return Airline,Return Cities,Return Duration,Return Stops,Return Stop Cities,Price,timestamp,sort
8:00 am – 4:00 pm +1,Air Canada,SAN‐ICN,16h00m,1,YVR,5:45 pm – 6:37 pm,Air Canada,ICN‐SAN,16h52m,1,YVR,1196,20220405-1734,cheap
8:00 am – 4:00 pm +1,Air Canada,SAN‐ICN,16h00m,1,YVR,5:45 pm – 12:12 pm +1,Air Canada,ICN‐SAN,34h27m,1,YVR,1196,20220405-1734,cheap
8:00 am – 4:00 pm +1,Air Canada,SAN‐ICN,16h00m,1,YVR,5:45 pm – 10:17 am +1,Air Canada,ICN‐SAN,32h32m,2,"YVR, YYZ",1344,20220405-1734,cheap
8:00 am – 4:00 pm +1,Air Canada,SAN‐ICN,16h00m,1,YVR,5:45 pm – 10:17 am +1,Air Canada,ICN‐SAN,32h32m,2,"YVR, YYZ",1366,20220405-1734,cheap
8:00 am – 4:00 pm +1,Air Canada,SAN‐ICN,16h00m,1,YVR,5:45 pm – 10:17 am +1,Air Canada,ICN‐SAN,32h32m,2,"YVR, YYZ",1366,20220405-1734,cheap
8:00 am – 4:00 pm +1,Air Canada,SAN‐ICN,16h00m,1,YVR,5:45 pm – 10:17 am +1,Air Canada,ICN‐SAN,32h32m,2,"YVR, YYZ",1366,20220405-1734,cheap
8:00 am – 2:45 pm +1,United Airlines,SAN‐ICN,14h45m,1,SFO,7:45 pm – 10:17 am +1,"EVA Air, United Airlines",ICN‐SAN,30h32m,2,"TPE, SFO",1369,20220405-1734,cheap
6:05 am – 2:45 pm +1,United Airlines,SAN‐ICN,16h40m,1,SFO,7:45 pm – 10:17 am +1,"EVA Air, United Airlines",ICN‐SAN,30h32m,2,"TPE, SFO",1369,20220405-1734,cheap
8:00 am – 2:45 pm +1,United Airlines,SAN‐ICN,14h45m,1,SFO,7:45 pm – 12:23 pm +1,"EVA Air, United Airlines",ICN‐SAN,32h38m,2,"TPE, SFO",1369,20220405-1734,cheap
8:55 pm – 4:00 pm +2,"Alaska Airlines, Air Canada",SAN‐ICN,27h05m,2,"PDX, YVR",5:45 pm – 6:37 pm,Air Canada,ICN‐SAN,16h52m,1,YVR,1520,20220405-1734,cheap
6:25 am – 4:00 pm +1,"Alaska Airlines, Air Canada",SAN‐ICN,17h35m,2,"PDX, YVR",5:45 pm – 6:37 pm,Air Canada,ICN‐SAN,16h52m,1,YVR,1597,20220405-1734,cheap
6:05 am – 4:00 pm +1,"United Airlines, Air Canada",SAN‐ICN,17h55m,2,"SFO, YVR",5:45 pm – 6:37 pm,Air Canada,ICN‐SAN,16h52m,1,YVR,1631,20220405-1734,cheap
8 am ‐ 9 am – 4 pm ‐ 5 pm +1,Major Airline,SAN‐ICN,16h00m,1,,5 pm ‐ 6 pm – 6 pm ‐ 7 pm,Major Airline,ICN‐SAN,17h07m,2,,1664,20220405-1734,cheap
10:25 pm – 4:00 pm +2,"Alaska Airlines, Air Canada",SAN‐ICN,25h35m,2,"SFO, YVR",5:45 pm – 6:37 pm,Air Canada,ICN‐SAN,16h52m,1,YVR,1666,20220405-1734,cheap
8:00 am – 4:00 pm +1,Air Canada,SAN‐ICN,16h00m,1,YVR,5:45 pm – 8:39 am +1,Air Canada,ICN‐SAN,30h54m,2,"YVR, SFO",1666,20220405-1734,cheap
8:00 am – 4:00 pm +1,Air Canada,SAN‐ICN,16h00m,1,YVR,5:45 pm – 6:37 pm,Air Canada,ICN‐SAN,16h52m,1,YVR,1340,20220405-1731,best
8:00 am – 4:00 pm +1,Air Canada,SAN‐ICN,16h00m,1,YVR,5:45 pm – 6:37 pm,Air Canada,ICN‐SAN,16h52m,1,YVR,1196,20220405-1731,best
6:25 am – 4:00 pm +1,"Alaska Airlines, Air Canada",SAN‐ICN,17h35m,2,"PDX, YVR",5:45 pm – 6:37 pm,Air Canada,ICN‐SAN,16h52m,1,YVR,1597,20220405-1731,best
6:05 am – 4:00 pm +1,"United Airlines, Air Canada",SAN‐ICN,17h55m,2,"SFO, YVR",5:45 pm – 6:37 pm,Air Canada,ICN‐SAN,16h52m,1,YVR,1631,20220405-1731,best
8:00 am – 4:00 pm +1,Air Canada,SAN‐ICN,16h00m,1,YVR,5:45 pm – 7:55 pm,"Air Canada, United Airlines",ICN‐SAN,18h10m,2,"YVR, LAX",1719,20220405-1731,best
8:00 am – 2:45 pm +1,United Airlines,SAN‐ICN,14h45m,1,SFO,4:40 pm – 2:35 pm,United Airlines,ICN‐SAN,13h55m,1,SFO,2175,20220405-1731,best
8:00 am – 4:00 pm +1,Air Canada,SAN‐ICN,16h00m,1,YVR,5:45 pm – 8:24 pm,Air Canada,ICN‐SAN,18h39m,2,"YVR, SFO",1737,20220405-1731,best
8:00 am – 4:00 pm +1,Air Canada,SAN‐ICN,16h00m,1,YVR,5:45 pm – 8:24 pm,Air Canada,ICN‐SAN,18h39m,2,"YVR, SFO",1737,20220405-1731,best
8:00 am – 4:00 pm +1,Air Canada,SAN‐ICN,16h00m,1,YVR,5:45 pm – 8:38 pm,Air Canada,ICN‐SAN,18h53m,2,"YVR, DEN",1781,20220405-1731,best
8 am ‐ 9 am – 4 pm ‐ 5 pm +1,Major Airline,SAN‐ICN,16h00m,1,,5 pm ‐ 6 pm – 6 pm ‐ 7 pm,Major Airline,ICN‐SAN,17h07m,2,,1664,20220405-1731,best
6:15 am – 5:50 pm +1,Korean Air,SAN‐ICN,19h35m,1,LAX,7:20 pm – 6:11 pm,Korean Air,ICN‐SAN,14h51m,1,SEA,1912,20220405-1731,best
6:05 am – 2:45 pm +1,United Airlines,SAN‐ICN,16h40m,1,SFO,4:40 pm – 2:35 pm,United Airlines,ICN‐SAN,13h55m,1,SFO,2175,20220405-1731,best
8:00 am – 4:00 pm +1,Air Canada,SAN‐ICN,16h00m,1,YVR,5:45 pm – 11:30 pm,Air Canada,ICN‐SAN,21h45m,2,"YVR, SFO",1697,20220405-1731,best
8:00 am – 4:00 pm +1,Air Canada,SAN‐ICN,16h00m,1,YVR,5:45 pm – 11:30 pm,Air Canada,ICN‐SAN,21h45m,2,"YVR, SFO",1697,20220405-1731,best
8:00 am – 4:00 pm +1,Air Canada,SAN‐ICN,16h00m,1,YVR,5:45 pm – 11:30 pm,Air Canada,ICN‐SAN,21h45m,2,"YVR, SFO",1697,20220405-1731,best
3:15 pm – 4:50 am +2,Korean Air,SAN‐ICN,21h35m,1,LAX,7:20 pm – 6:11 pm,Korean Air,ICN‐SAN,14h51m,1,SEA,1911,20220405-1731,best
8:00 am – 2:45 pm +1,United Airlines,SAN‐ICN,14h45m,1,SFO,4:40 pm – 2:35 pm,United Airlines,ICN‐SAN,13h55m,1,SFO,2175,20220405-1737,fast
8:00 am – 4:00 pm +1,Air Canada,SAN‐ICN,16h00m,1,YVR,4:40 pm – 2:35 pm,United Airlines,ICN‐SAN,13h55m,1,SFO,4580,20220405-1737,fast
6:05 am – 2:45 pm +1,United Airlines,SAN‐ICN,16h40m,1,SFO,4:40 pm – 2:35 pm,United Airlines,ICN‐SAN,13h55m,1,SFO,2175,20220405-1737,fast
8:00 am – 4:00 pm +1,Air Canada,SAN‐ICN,16h00m,1,YVR,7:20 pm – 6:11 pm,Korean Air,ICN‐SAN,14h51m,1,SEA,1951,20220405-1737,fast
7:45 pm – 4:30 am +2,"Alaska Airlines, Asiana Airlines",SAN‐ICN,16h45m,1,SFO,8:40 pm – 6:52 pm,"Asiana Airlines, Alaska Airlines",ICN‐SAN,14h12m,1,SFO,3508,20220405-1737,fast
8:00 am – 4:00 pm +1,Air Canada,SAN‐ICN,16h00m,1,YVR,4:00 pm – 3:02 pm,"Korean Air, Alaska Airlines",ICN‐SAN,15h02m,1,SFO,2267,20220405-1737,fast
7:45 pm – 4:30 am +2,"Alaska Airlines, Asiana Airlines",SAN‐ICN,16h45m,1,SFO,4:40 pm – 3:02 pm,"Asiana Airlines, Alaska Airlines",ICN‐SAN,14h22m,1,SFO,4376,20220405-1737,fast
7:45 pm – 4:30 am +2,"Alaska Airlines, Asiana Airlines",SAN‐ICN,16h45m,1,SFO,7:20 pm – 6:11 pm,Korean Air,ICN‐SAN,14h51m,1,SEA,3736,20220405-1737,fast
8:00 am – 2:45 pm +1,United Airlines,SAN‐ICN,14h45m,1,SFO,5:45 pm – 6:37 pm,Air Canada,ICN‐SAN,16h52m,1,YVR,4415,20220405-1737,fast
8:00 am – 4:00 pm +1,Air Canada,SAN‐ICN,16h00m,1,YVR,8:40 pm – 8:24 pm,Asiana Airlines,ICN‐SAN,15h44m,1,SFO,2706,20220405-1737,fast
7:45 pm – 4:30 am +2,"Alaska Airlines, Asiana Airlines",SAN‐ICN,16h45m,1,SFO,4:00 pm – 3:02 pm,"Korean Air, Alaska Airlines",ICN‐SAN,15h02m,1,SFO,3942,20220405-1737,fast
6:53 pm – 4:30 am +2,Asiana Airlines,SAN‐ICN,17h37m,1,SFO,8:40 pm – 6:52 pm,"Asiana Airlines, Alaska Airlines",ICN‐SAN,14h12m,1,SFO,3585,20220405-1737,fast
8:15 am – 5:20 pm +1,"Alaska Airlines, Korean Air",SAN‐ICN,17h05m,1,SFO,7:20 pm – 6:11 pm,"Korean Air, Delta",ICN‐SAN,14h51m,1,SEA,3692,20220405-1737,fast
8:00 am – 5:45 pm +1,"Alaska Airlines, Asiana Airlines",SAN‐ICN,17h45m,1,SEA,8:40 pm – 6:52 pm,"Asiana Airlines, Alaska Airlines",ICN‐SAN,14h12m,1,SFO,3508,20220405-1737,fast
6:53 pm – 4:30 am +2,Asiana Airlines,SAN‐ICN,17h37m,1,SFO,4:40 pm – 3:02 pm,"Asiana Airlines, Alaska Airlines",ICN‐SAN,14h22m,1,SFO,4413,20220405-1737,fast
