Out Time,Out Airline,Out Cities,Out Duration,Out Stops,Out Stop Cities,Return Time,Return Airline,Return Cities,Return Duration,Return Stops,Return Stop Cities,Price,timestamp,sort
8:36 pm – 2:55 pm +2,United Airlines,SAN‐ICN,26h19m,2,"LAX, SFO",4:50 pm – 2:56 pm,United Airlines,ICN‐SAN,14h06m,1,SFO,1178,20220405-0908,cheap
8:36 pm – 2:55 pm +2,United Airlines,SAN‐ICN,26h19m,2,"LAX, SFO",4:50 pm – 8:43 pm,United Airlines,ICN‐SAN,19h53m,1,SFO,1178,20220405-0908,cheap
8:36 pm – 2:55 pm +2,United Airlines,SAN‐ICN,26h19m,2,"LAX, SFO",4:50 pm – 11:30 pm,United Airlines,ICN‐SAN,22h40m,1,SFO,1178,20220405-0908,cheap
7:29 pm – 2:55 pm +2,United Airlines,SAN‐ICN,27h26m,1,SFO,4:50 pm – 2:56 pm,United Airlines,ICN‐SAN,14h06m,1,SFO,1184,20220405-0908,cheap
4:05 pm – 2:55 pm +2,United Airlines,SAN‐ICN,30h50m,1,SFO,4:50 pm – 2:56 pm,United Airlines,ICN‐SAN,14h06m,1,SFO,1184,20220405-0908,cheap
7:29 pm – 2:55 pm +2,United Airlines,SAN‐ICN,27h26m,1,SFO,4:50 pm – 8:43 pm,United Airlines,ICN‐SAN,19h53m,1,SFO,1184,20220405-0908,cheap
1:10 pm – 2:55 pm +2,United Airlines,SAN‐ICN,33h45m,1,SFO,4:50 pm – 2:56 pm,United Airlines,ICN‐SAN,14h06m,1,SFO,1184,20220405-0908,cheap
8:36 pm – 2:55 pm +2,United Airlines,SAN‐ICN,26h19m,2,"LAX, SFO",4:50 pm – 10:06 am +1,United Airlines,ICN‐SAN,33h16m,1,SFO,1184,20220405-0908,cheap
4:10 pm – 2:55 pm +2,United Airlines,SAN‐ICN,30h45m,2,"DEN, SFO",4:50 pm – 2:56 pm,United Airlines,ICN‐SAN,14h06m,1,SFO,1193,20220405-0908,cheap
1:20 pm – 2:55 pm +2,United Airlines,SAN‐ICN,33h35m,2,"DEN, SFO",4:50 pm – 2:56 pm,United Airlines,ICN‐SAN,14h06m,1,SFO,1193,20220405-0908,cheap
1:20 pm – 2:55 pm +2,United Airlines,SAN‐ICN,33h35m,2,"DEN, SFO",4:50 pm – 2:56 pm,United Airlines,ICN‐SAN,14h06m,1,SFO,1193,20220405-0908,cheap
1:20 pm – 2:55 pm +2,United Airlines,SAN‐ICN,33h35m,2,"DEN, SFO",4:50 pm – 2:56 pm,United Airlines,ICN‐SAN,14h06m,1,SFO,1193,20220405-0908,cheap
7:13 am – 3:15 pm +1,Korean Air,SAN‐ICN,16h02m,1,SEA,1:55 pm – 12:40 pm,"Korean Air, Alaska Airlines",ICN‐SAN,14h45m,1,SEA,1194,20220405-0908,cheap
6:15 am – 3:15 pm +1,"Alaska Airlines, Korean Air",SAN‐ICN,17h00m,1,SEA,1:55 pm – 12:40 pm,"Korean Air, Alaska Airlines",ICN‐SAN,14h45m,1,SEA,1194,20220405-0908,cheap
7:13 am – 3:15 pm +1,Korean Air,SAN‐ICN,16h02m,1,SEA,1:55 pm – 2:21 pm,"Korean Air, Alaska Airlines",ICN‐SAN,16h26m,1,SEA,1194,20220405-0908,cheap
6:15 am – 5:45 pm +1,"Alaska Airlines, Asiana Airlines",SAN‐ICN,19h30m,1,SEA,8:40 pm – 11:34 pm,Asiana Airlines,ICN‐SAN,18h54m,1,LAX,1433,20220405-0905,best
7:13 am – 3:15 pm +1,Korean Air,SAN‐ICN,16h02m,1,SEA,1:55 pm – 12:40 pm,"Korean Air, Alaska Airlines",ICN‐SAN,14h45m,1,SEA,1194,20220405-0905,best
8:36 pm – 2:55 pm +2,United Airlines,SAN‐ICN,26h19m,2,"LAX, SFO",4:50 pm – 2:56 pm,United Airlines,ICN‐SAN,14h06m,1,SFO,1178,20220405-0905,best
6:15 am – 3:15 pm +1,"Alaska Airlines, Korean Air",SAN‐ICN,17h00m,1,SEA,1:55 pm – 12:40 pm,"Korean Air, Alaska Airlines",ICN‐SAN,14h45m,1,SEA,1194,20220405-0905,best
7:13 am – 3:15 pm +1,Korean Air,SAN‐ICN,16h02m,1,SEA,1:55 pm – 2:21 pm,"Korean Air, Alaska Airlines",ICN‐SAN,16h26m,1,SEA,1194,20220405-0905,best
7:13 am – 3:15 pm +1,Korean Air,SAN‐ICN,16h02m,1,SEA,1:55 pm – 5:04 pm,"Korean Air, Alaska Airlines",ICN‐SAN,19h09m,1,SEA,1194,20220405-0905,best
6:15 am – 2:55 pm +1,United Airlines,SAN‐ICN,16h40m,1,SFO,4:50 pm – 2:56 pm,United Airlines,ICN‐SAN,14h06m,1,SFO,1549,20220405-0905,best
6:15 am – 3:15 pm +1,"Alaska Airlines, Korean Air",SAN‐ICN,17h00m,1,SEA,1:55 pm – 5:04 pm,"Korean Air, Alaska Airlines",ICN‐SAN,19h09m,1,SEA,1213,20220405-0905,best
7:13 am – 3:15 pm +1,Korean Air,SAN‐ICN,16h02m,1,SEA,1:55 pm – 6:45 pm,"Korean Air, Alaska Airlines",ICN‐SAN,20h50m,1,SEA,1194,20220405-0905,best
7:13 am – 3:15 pm +1,Korean Air,SAN‐ICN,16h02m,1,SEA,2:30 pm – 1:39 pm,Korean Air,ICN‐SAN,15h09m,1,LAX,1563,20220405-0905,best
6:15 am – 5:45 pm +1,"Alaska Airlines, Asiana Airlines",SAN‐ICN,19h30m,1,SEA,6:20 pm – 5:04 pm,"Asiana Airlines, Alaska Airlines",ICN‐SAN,14h44m,1,SEA,1383,20220405-0905,best
7:13 am – 3:15 pm +1,Delta,SAN‐ICN,16h02m,1,SEA,2:30 pm – 1:39 pm,Delta,ICN‐SAN,15h09m,1,LAX,1612,20220405-0905,best
7:13 am – 3:15 pm +1,Korean Air,SAN‐ICN,16h02m,1,SEA,2:30 pm – 1:39 pm,"Korean Air, Delta",ICN‐SAN,15h09m,1,LAX,1614,20220405-0905,best
6:15 am – 3:15 pm +1,"Alaska Airlines, Korean Air",SAN‐ICN,17h00m,1,SEA,1:55 pm – 6:45 pm,"Korean Air, Alaska Airlines",ICN‐SAN,20h50m,1,SEA,1213,20220405-0905,best
7:13 am – 3:15 pm +1,Delta,SAN‐ICN,16h02m,1,SEA,1:55 pm – 2:14 pm,Delta,ICN‐SAN,16h19m,1,SEA,1532,20220405-0905,best
7:13 am – 3:15 pm +1,Korean Air,SAN‐ICN,16h02m,1,SEA,1:55 pm – 2:14 pm,Korean Air,ICN‐SAN,16h19m,1,SEA,1563,20220405-0905,best
7:13 am – 3:15 pm +1,"Delta, Korean Air",SAN‐ICN,16h02m,1,SEA,1:55 pm – 12:40 pm,"Korean Air, Alaska Airlines",ICN‐SAN,14h45m,1,SEA,1658,20220405-0905,best
7:13 am – 3:15 pm +1,Korean Air,SAN‐ICN,16h02m,1,SEA,4:50 pm – 2:56 pm,United Airlines,ICN‐SAN,14h06m,1,SFO,1744,20220405-0910,fast
7:13 am – 3:15 pm +1,"Delta, Korean Air",SAN‐ICN,16h02m,1,SEA,4:00 pm – 2:28 pm,"Korean Air, Alaska Airlines",ICN‐SAN,14h28m,1,SFO,3945,20220405-0910,fast
6:15 am – 2:55 pm +1,United Airlines,SAN‐ICN,16h40m,1,SFO,4:50 pm – 2:56 pm,United Airlines,ICN‐SAN,14h06m,1,SFO,1549,20220405-0910,fast
7:13 am – 3:15 pm +1,Korean Air,SAN‐ICN,16h02m,1,SEA,1:55 pm – 12:40 pm,"Korean Air, Alaska Airlines",ICN‐SAN,14h45m,1,SEA,1194,20220405-0910,fast
7:13 am – 3:15 pm +1,"Delta, Korean Air",SAN‐ICN,16h02m,1,SEA,1:55 pm – 12:40 pm,"Korean Air, Alaska Airlines",ICN‐SAN,14h45m,1,SEA,1658,20220405-0910,fast
6:15 am – 3:15 pm +1,"Alaska Airlines, Korean Air",SAN‐ICN,17h00m,1,SEA,4:50 pm – 2:56 pm,United Airlines,ICN‐SAN,14h06m,1,SFO,1712,20220405-0910,fast
7:13 am – 3:15 pm +1,Korean Air,SAN‐ICN,16h02m,1,SEA,2:30 pm – 1:39 pm,Korean Air,ICN‐SAN,15h09m,1,LAX,1563,20220405-0910,fast
7:13 am – 3:15 pm +1,Delta,SAN‐ICN,16h02m,1,SEA,2:30 pm – 1:39 pm,Delta,ICN‐SAN,15h09m,1,LAX,1612,20220405-0910,fast
7:13 am – 3:15 pm +1,Korean Air,SAN‐ICN,16h02m,1,SEA,2:30 pm – 1:39 pm,"Korean Air, Delta",ICN‐SAN,15h09m,1,LAX,1614,20220405-0910,fast
7:13 am – 3:15 pm +1,"Delta, Korean Air",SAN‐ICN,16h02m,1,SEA,2:30 pm – 1:39 pm,"Korean Air, Delta",ICN‐SAN,15h09m,1,LAX,2056,20220405-0910,fast
7:13 am – 3:15 pm +1,"Delta, Korean Air",SAN‐ICN,16h02m,1,SEA,2:30 pm – 1:39 pm,Korean Air,ICN‐SAN,15h09m,1,LAX,2057,20220405-0910,fast
7:46 am – 2:55 pm +1,United Airlines,SAN‐ICN,15h09m,1,SFO,1:55 pm – 2:14 pm,Korean Air,ICN‐SAN,16h19m,1,SEA,2122,20220405-0910,fast
7:46 am – 2:55 pm +1,United Airlines,SAN‐ICN,15h09m,1,SFO,1:55 pm – 2:21 pm,"Korean Air, Alaska Airlines",ICN‐SAN,16h26m,1,SEA,2122,20220405-0910,fast
7:25 pm – 5:00 am +2,"Alaska Airlines, Asiana Airlines",SAN‐ICN,17h35m,1,SFO,4:50 pm – 2:56 pm,United Airlines,ICN‐SAN,14h06m,1,SFO,3593,20220405-0910,fast
6:15 am – 3:15 pm +1,"Alaska Airlines, Korean Air",SAN‐ICN,17h00m,1,SEA,1:55 pm – 12:40 pm,"Korean Air, Alaska Airlines",ICN‐SAN,14h45m,1,SEA,1194,20220405-0910,fast
