Out Time,Out Airline,Out Cities,Out Duration,Out Stops,Out Stop Cities,Return Time,Return Airline,Return Cities,Return Duration,Return Stops,Return Stop Cities,Price,timestamp,sort
12:45 pm – 4:15 pm +2,Air Canada,SAN‐ICN,35h30m,1,YVR,5:45 pm – 6:33 pm,Air Canada,ICN‐SAN,16h48m,1,YVR,1283,20220405-1554,cheap
7:30 am – 4:15 pm +1,Air Canada,SAN‐ICN,16h45m,1,YVR,5:45 pm – 6:33 pm,Air Canada,ICN‐SAN,16h48m,1,YVR,1376,20220405-1554,cheap
7:30 am – 4:15 pm +1,Air Canada,SAN‐ICN,16h45m,1,YVR,6:40 pm – 10:36 am +1,Air Canada,ICN‐SAN,31h56m,1,YYZ,1438,20220405-1554,cheap
7:30 am – 4:15 pm +1,Air Canada,SAN‐ICN,16h45m,1,YVR,4:40 pm – 6:09 pm,United Airlines,ICN‐SAN,17h29m,1,SFO,1734,20220405-1554,cheap
7:30 am – 4:15 pm +1,Air Canada,SAN‐ICN,16h45m,1,YVR,4:40 pm – 7:55 pm,United Airlines,ICN‐SAN,19h15m,2,"SFO, LAX",1739,20220405-1554,cheap
7:30 am – 4:15 pm +1,Air Canada,SAN‐ICN,16h45m,1,YVR,4:40 pm – 6:11 pm,Korean Air,ICN‐SAN,17h31m,1,SEA,1751,20220405-1554,cheap
7:30 am – 4:15 pm +1,Air Canada,SAN‐ICN,16h45m,1,YVR,10:00 am – 6:33 pm,"Asiana Airlines, Air Canada",ICN‐SAN,24h33m,2,"NRT, YVR",1759,20220405-1554,cheap
6:15 am – 5:50 pm +1,Korean Air,SAN‐ICN,19h35m,1,LAX,4:40 pm – 6:11 pm,Korean Air,ICN‐SAN,17h31m,1,SEA,1763,20220405-1554,cheap
8:35 pm – 4:15 pm +2,"United Airlines, Air Canada",SAN‐ICN,27h40m,2,"LAX, YVR",5:45 pm – 6:33 pm,Air Canada,ICN‐SAN,16h48m,1,YVR,1763,20220405-1554,cheap
6:30 am – 4:15 pm +1,"United Airlines, Air Canada",SAN‐ICN,17h45m,2,"LAX, YVR",5:45 pm – 6:33 pm,Air Canada,ICN‐SAN,16h48m,1,YVR,1791,20220405-1554,cheap
6:30 pm – 4:15 pm +2,"Alaska Airlines, Air Canada",SAN‐ICN,29h45m,2,"SEA, YVR",5:45 pm – 6:33 pm,Air Canada,ICN‐SAN,16h48m,1,YVR,1806,20220405-1554,cheap
7:38 am – 4:40 pm +1,Delta,SAN‐ICN,17h02m,1,SEA,4:40 pm – 6:11 pm,Delta,ICN‐SAN,17h31m,1,SEA,1822,20220405-1554,cheap
7:38 am – 4:40 pm +1,Delta,SAN‐ICN,17h02m,1,SEA,4:40 pm – 10:30 pm,Delta,ICN‐SAN,21h50m,1,SEA,1822,20220405-1554,cheap
7:38 am – 4:40 pm +1,Delta,SAN‐ICN,17h02m,1,SEA,4:40 pm – 6:12 pm,Delta,ICN‐SAN,17h32m,2,"SEA, SLC",1826,20220405-1554,cheap
7:38 am – 4:40 pm +1,Delta,SAN‐ICN,17h02m,1,SEA,4:40 pm – 11:42 pm,Delta,ICN‐SAN,23h02m,2,"SEA, LAX",1826,20220405-1554,cheap
7:30 am – 4:15 pm +1,Air Canada,SAN‐ICN,16h45m,1,YVR,5:45 pm – 6:33 pm,Air Canada,ICN‐SAN,16h48m,1,YVR,1565,20220405-1552,best
7:30 am – 4:15 pm +1,Air Canada,SAN‐ICN,16h45m,1,YVR,5:45 pm – 6:33 pm,Air Canada,ICN‐SAN,16h48m,1,YVR,1376,20220405-1552,best
12:45 pm – 4:15 pm +2,Air Canada,SAN‐ICN,35h30m,1,YVR,5:45 pm – 6:33 pm,Air Canada,ICN‐SAN,16h48m,1,YVR,1283,20220405-1552,best
7:47 am – 2:45 pm +1,United Airlines,SAN‐ICN,14h58m,1,SFO,4:40 pm – 2:35 pm,United Airlines,ICN‐SAN,13h55m,1,SFO,2007,20220405-1552,best
6:15 am – 2:45 pm +1,United Airlines,SAN‐ICN,16h30m,1,SFO,4:40 pm – 2:35 pm,United Airlines,ICN‐SAN,13h55m,1,SFO,2007,20220405-1552,best
7:38 am – 4:40 pm +1,Delta,SAN‐ICN,17h02m,1,SEA,4:40 pm – 6:11 pm,Delta,ICN‐SAN,17h31m,1,SEA,1822,20220405-1552,best
7:47 am – 2:45 pm +1,United Airlines,SAN‐ICN,14h58m,1,SFO,4:40 pm – 6:09 pm,United Airlines,ICN‐SAN,17h29m,1,SFO,2007,20220405-1552,best
7:38 am – 4:40 pm +1,Delta,SAN‐ICN,17h02m,1,SEA,2:30 pm – 2:35 pm,Delta,ICN‐SAN,16h05m,1,LAX,1977,20220405-1552,best
6:30 am – 4:15 pm +1,"United Airlines, Air Canada",SAN‐ICN,17h45m,2,"LAX, YVR",5:45 pm – 6:33 pm,Air Canada,ICN‐SAN,16h48m,1,YVR,1791,20220405-1552,best
7:38 am – 4:40 pm +1,Delta,SAN‐ICN,17h02m,1,SEA,4:40 pm – 6:12 pm,Delta,ICN‐SAN,17h32m,2,"SEA, SLC",1826,20220405-1552,best
6:15 am – 5:50 pm +1,Korean Air,SAN‐ICN,19h35m,1,LAX,4:40 pm – 6:11 pm,Korean Air,ICN‐SAN,17h31m,1,SEA,1763,20220405-1552,best
7:30 am – 4:15 pm +1,Air Canada,SAN‐ICN,16h45m,1,YVR,4:40 pm – 6:59 pm,"Korean Air, Alaska Airlines",ICN‐SAN,18h19m,1,SEA,1894,20220405-1552,best
6:15 am – 5:50 pm +1,Korean Air,SAN‐ICN,19h35m,1,LAX,2:30 pm – 2:35 pm,Korean Air,ICN‐SAN,16h05m,1,LAX,1911,20220405-1552,best
6:15 am – 2:45 pm +1,United Airlines,SAN‐ICN,16h30m,1,SFO,4:40 pm – 6:09 pm,United Airlines,ICN‐SAN,17h29m,1,SFO,2007,20220405-1552,best
7:47 am – 2:45 pm +1,United Airlines,SAN‐ICN,14h58m,1,SFO,4:40 pm – 8:24 pm,United Airlines,ICN‐SAN,19h44m,1,SFO,2007,20220405-1552,best
7:47 am – 2:45 pm +1,United Airlines,SAN‐ICN,14h58m,1,SFO,4:40 pm – 7:55 pm,United Airlines,ICN‐SAN,19h15m,2,"SFO, LAX",2011,20220405-1552,best
7:47 am – 2:45 pm +1,United Airlines,SAN‐ICN,14h58m,1,SFO,4:40 pm – 7:55 pm,United Airlines,ICN‐SAN,19h15m,2,"SFO, LAX",2011,20220405-1552,best
7:47 am – 2:45 pm +1,United Airlines,SAN‐ICN,14h58m,1,SFO,4:40 pm – 2:35 pm,United Airlines,ICN‐SAN,13h55m,1,SFO,2007,20220405-1557,fast
6:30 am – 2:45 pm +1,United Airlines,SAN‐ICN,16h15m,2,"LAX, SFO",4:40 pm – 2:35 pm,United Airlines,ICN‐SAN,13h55m,1,SFO,2284,20220405-1557,fast
6:15 am – 2:45 pm +1,United Airlines,SAN‐ICN,16h30m,1,SFO,4:40 pm – 2:35 pm,United Airlines,ICN‐SAN,13h55m,1,SFO,2007,20220405-1557,fast
7:47 am – 2:45 pm +1,United Airlines,SAN‐ICN,14h58m,1,SFO,4:40 pm – 6:09 pm,United Airlines,ICN‐SAN,17h29m,1,SFO,2007,20220405-1557,fast
8:00 am – 4:40 pm +1,"Alaska Airlines, Korean Air",SAN‐ICN,16h40m,1,SEA,2:30 pm – 2:35 pm,Korean Air,ICN‐SAN,16h05m,1,LAX,6087,20220405-1557,fast
7:30 am – 4:15 pm +1,Air Canada,SAN‐ICN,16h45m,1,YVR,2:30 pm – 2:35 pm,Korean Air,ICN‐SAN,16h05m,1,LAX,1860,20220405-1557,fast
7:38 am – 4:40 pm +1,Delta,SAN‐ICN,17h02m,1,SEA,2:30 pm – 2:35 pm,Delta,ICN‐SAN,16h05m,1,LAX,1977,20220405-1557,fast
7:38 am – 4:40 pm +1,Korean Air,SAN‐ICN,17h02m,1,SEA,2:30 pm – 2:35 pm,Korean Air,ICN‐SAN,16h05m,1,LAX,2305,20220405-1557,fast
7:30 am – 4:15 pm +1,Air Canada,SAN‐ICN,16h45m,1,YVR,4:40 pm – 5:06 pm,"Korean Air, Alaska Airlines",ICN‐SAN,16h26m,1,SEA,1894,20220405-1557,fast
7:30 am – 4:15 pm +1,Air Canada,SAN‐ICN,16h45m,1,YVR,5:45 pm – 6:33 pm,Air Canada,ICN‐SAN,16h48m,1,YVR,1376,20220405-1557,fast
6:30 am – 2:45 pm +1,United Airlines,SAN‐ICN,16h15m,2,"LAX, SFO",4:40 pm – 6:09 pm,United Airlines,ICN‐SAN,17h29m,1,SFO,2284,20220405-1557,fast
7:38 am – 4:40 pm +1,"Delta, Korean Air",SAN‐ICN,17h02m,1,SEA,5:45 pm – 6:33 pm,Air Canada,ICN‐SAN,16h48m,1,YVR,2326,20220405-1557,fast
8:00 am – 4:40 pm +1,"Alaska Airlines, Korean Air",SAN‐ICN,16h40m,1,SEA,9:25 pm – 10:36 pm,"Korean Air, Alaska Airlines",ICN‐SAN,17h11m,1,HNL,5629,20220405-1557,fast
7:30 am – 4:15 pm +1,Air Canada,SAN‐ICN,16h45m,1,YVR,9:25 pm – 10:36 pm,"Korean Air, Alaska Airlines",ICN‐SAN,17h11m,1,HNL,2897,20220405-1557,fast
6:15 am – 2:45 pm +1,United Airlines,SAN‐ICN,16h30m,1,SFO,4:40 pm – 6:09 pm,United Airlines,ICN‐SAN,17h29m,1,SFO,2007,20220405-1557,fast
