Out Time,Out Airline,Out Cities,Out Duration,Out Stops,Out Stop Cities,Return Time,Return Airline,Return Cities,Return Duration,Return Stops,Return Stop Cities,Price,timestamp,sort
8:00 am – 4:00 pm +1,Air Canada,SAN‐ICN,16h00m,1,YVR,5:45 pm – 12:12 pm +1,Air Canada,ICN‐SAN,34h27m,1,YVR,1196,20220405-1750,cheap
8:00 am – 4:00 pm +1,Air Canada,SAN‐ICN,16h00m,1,YVR,5:45 pm – 6:37 pm,Air Canada,ICN‐SAN,16h52m,1,YVR,1253,20220405-1750,cheap
8:00 am – 4:00 pm +1,Air Canada,SAN‐ICN,16h00m,1,YVR,5:45 pm – 10:17 am +1,Air Canada,ICN‐SAN,32h32m,2,"YVR, YYZ",1338,20220405-1750,cheap
8:00 am – 4:00 pm +1,Air Canada,SAN‐ICN,16h00m,1,YVR,6:40 pm – 10:17 am +1,Air Canada,ICN‐SAN,31h37m,1,YYZ,1344,20220405-1750,cheap
8:00 am – 4:00 pm +1,Air Canada,SAN‐ICN,16h00m,1,YVR,5:45 pm – 10:17 am +1,Air Canada,ICN‐SAN,32h32m,2,"YVR, YYZ",1344,20220405-1750,cheap
8:00 am – 4:00 pm +1,Air Canada,SAN‐ICN,16h00m,1,YVR,5:45 pm – 10:17 am +1,Air Canada,ICN‐SAN,32h32m,2,"YVR, YYZ",1366,20220405-1750,cheap
8:00 am – 4:00 pm +1,Air Canada,SAN‐ICN,16h00m,1,YVR,5:45 pm – 10:17 am +1,Air Canada,ICN‐SAN,32h32m,2,"YVR, YYZ",1366,20220405-1750,cheap
7:45 pm – 11:10 am +2,"Alaska Airlines, China Airlines",SAN‐ICN,23h25m,2,"SFO, TPE",8:45 pm – 11:49 pm,"China Airlines, Alaska Airlines",ICN‐SAN,19h04m,2,"TPE, SFO",1474,20220405-1750,cheap
6:05 pm – 11:10 am +2,"Alaska Airlines, China Airlines",SAN‐ICN,25h05m,2,"SFO, TPE",8:45 pm – 11:49 pm,"China Airlines, Alaska Airlines",ICN‐SAN,19h04m,2,"TPE, SFO",1474,20220405-1750,cheap
4:15 pm – 11:10 am +2,"Alaska Airlines, China Airlines",SAN‐ICN,26h55m,2,"SFO, TPE",8:45 pm – 11:49 pm,"China Airlines, Alaska Airlines",ICN‐SAN,19h04m,2,"TPE, SFO",1474,20220405-1750,cheap
2:35 pm – 11:10 am +2,"Alaska Airlines, China Airlines",SAN‐ICN,28h35m,2,"SFO, TPE",8:45 pm – 11:49 pm,"China Airlines, Alaska Airlines",ICN‐SAN,19h04m,2,"TPE, SFO",1474,20220405-1750,cheap
6:15 am – 5:45 pm +1,"Alaska Airlines, Asiana Airlines",SAN‐ICN,19h30m,1,SEA,8:40 pm – 6:52 pm,"Asiana Airlines, Alaska Airlines",ICN‐SAN,14h12m,1,SFO,1491,20220405-1750,cheap
6:15 am – 5:45 pm +1,"Alaska Airlines, Asiana Airlines",SAN‐ICN,19h30m,1,SEA,8:40 pm – 9:42 pm,"Asiana Airlines, Alaska Airlines",ICN‐SAN,17h02m,1,SFO,1491,20220405-1750,cheap
6:15 am – 5:45 pm +1,"Alaska Airlines, Asiana Airlines",SAN‐ICN,19h30m,1,SEA,8:40 pm – 11:49 pm,"Asiana Airlines, Alaska Airlines",ICN‐SAN,19h09m,1,SFO,1491,20220405-1750,cheap
6:15 am – 5:45 pm +1,"Alaska Airlines, Asiana Airlines",SAN‐ICN,19h30m,1,SEA,6:20 pm – 11:59 pm,"Asiana Airlines, Alaska Airlines",ICN‐SAN,21h39m,1,SEA,1491,20220405-1750,cheap
8:00 am – 4:00 pm +1,Air Canada,SAN‐ICN,16h00m,1,YVR,5:45 pm – 12:12 pm +1,Air Canada,ICN‐SAN,34h27m,1,YVR,1340,20220405-1747,best
8:00 am – 4:00 pm +1,Air Canada,SAN‐ICN,16h00m,1,YVR,5:45 pm – 6:37 pm,Air Canada,ICN‐SAN,16h52m,1,YVR,1253,20220405-1747,best
8:00 am – 4:00 pm +1,Air Canada,SAN‐ICN,16h00m,1,YVR,5:45 pm – 12:12 pm +1,Air Canada,ICN‐SAN,34h27m,1,YVR,1196,20220405-1747,best
6:15 am – 5:45 pm +1,"Alaska Airlines, Asiana Airlines",SAN‐ICN,19h30m,1,SEA,8:40 pm – 6:52 pm,"Asiana Airlines, Alaska Airlines",ICN‐SAN,14h12m,1,SFO,1491,20220405-1747,best
6:15 am – 5:45 pm +1,"Alaska Airlines, Asiana Airlines",SAN‐ICN,19h30m,1,SEA,8:40 pm – 7:55 pm,Asiana Airlines,ICN‐SAN,15h15m,1,LAX,1523,20220405-1747,best
8:12 pm – 4:30 am +2,Asiana Airlines,SAN‐ICN,16h18m,1,SFO,8:40 pm – 7:55 pm,Asiana Airlines,ICN‐SAN,15h15m,1,LAX,1818,20220405-1747,best
6:53 pm – 4:30 am +2,Asiana Airlines,SAN‐ICN,17h37m,1,SFO,8:40 pm – 7:55 pm,Asiana Airlines,ICN‐SAN,15h15m,1,LAX,1761,20220405-1747,best
6:15 am – 5:45 pm +1,"Alaska Airlines, Asiana Airlines",SAN‐ICN,19h30m,1,SEA,8:40 pm – 9:42 pm,"Asiana Airlines, Alaska Airlines",ICN‐SAN,17h02m,1,SFO,1491,20220405-1747,best
8:00 am – 4:00 pm +1,Air Canada,SAN‐ICN,16h00m,1,YVR,5:45 pm – 8:24 pm,"Air Canada, United Airlines",ICN‐SAN,18h39m,2,"YVR, SFO",1652,20220405-1747,best
8:00 am – 4:00 pm +1,Air Canada,SAN‐ICN,16h00m,1,YVR,5:45 pm – 7:55 pm,"Air Canada, United Airlines",ICN‐SAN,18h10m,2,"YVR, LAX",1678,20220405-1747,best
8:00 am – 4:00 pm +1,Air Canada,SAN‐ICN,16h00m,1,YVR,5:45 pm – 8:24 pm,"Air Canada, United Airlines",ICN‐SAN,18h39m,2,"YVR, SFO",1652,20220405-1747,best
6:15 am – 5:35 pm +1,Asiana Airlines,SAN‐ICN,19h20m,1,LAX,8:40 pm – 7:55 pm,Asiana Airlines,ICN‐SAN,15h15m,1,LAX,1761,20220405-1747,best
8:00 am – 4:00 pm +1,Air Canada,SAN‐ICN,16h00m,1,YVR,7:20 pm – 7:58 pm,"Korean Air, Alaska Airlines",ICN‐SAN,16h38m,1,SEA,1877,20220405-1747,best
6:15 am – 4:00 pm +1,"United Airlines, Air Canada",SAN‐ICN,17h45m,2,"LAX, YVR",5:45 pm – 6:37 pm,Air Canada,ICN‐SAN,16h52m,1,YVR,1720,20220405-1747,best
6:15 am – 5:45 pm +1,"Alaska Airlines, Asiana Airlines",SAN‐ICN,19h30m,1,SEA,8:40 pm – 11:49 pm,"Asiana Airlines, Alaska Airlines",ICN‐SAN,19h09m,1,SFO,1491,20220405-1747,best
6:05 am – 4:00 pm +1,"United Airlines, Air Canada",SAN‐ICN,17h55m,2,"SFO, YVR",5:45 pm – 6:37 pm,Air Canada,ICN‐SAN,16h52m,1,YVR,1695,20220405-1747,best
6:15 am – 5:45 pm +1,"Alaska Airlines, Asiana Airlines",SAN‐ICN,19h30m,1,SEA,8:40 pm – 11:33 pm,Asiana Airlines,ICN‐SAN,18h53m,1,LAX,1523,20220405-1747,best
8:00 am – 2:45 pm +1,United Airlines,SAN‐ICN,14h45m,1,SFO,4:40 pm – 2:35 pm,United Airlines,ICN‐SAN,13h55m,1,SFO,2330,20220405-1752,fast
6:15 am – 2:45 pm +1,United Airlines,SAN‐ICN,16h30m,2,"LAX, SFO",4:40 pm – 2:35 pm,United Airlines,ICN‐SAN,13h55m,1,SFO,2416,20220405-1752,fast
6:05 am – 2:45 pm +1,United Airlines,SAN‐ICN,16h40m,1,SFO,4:40 pm – 2:35 pm,United Airlines,ICN‐SAN,13h55m,1,SFO,2330,20220405-1752,fast
8:00 am – 4:00 pm +1,Air Canada,SAN‐ICN,16h00m,1,YVR,7:20 pm – 6:11 pm,Korean Air,ICN‐SAN,14h51m,1,SEA,1877,20220405-1752,fast
8:12 pm – 4:30 am +2,"United Airlines, Asiana Airlines",SAN‐ICN,16h18m,1,SFO,7:20 pm – 6:11 pm,Korean Air,ICN‐SAN,14h51m,1,SEA,2245,20220405-1752,fast
8:12 pm – 4:30 am +2,Asiana Airlines,SAN‐ICN,16h18m,1,SFO,8:40 pm – 7:55 pm,Asiana Airlines,ICN‐SAN,15h15m,1,LAX,1818,20220405-1752,fast
8:12 pm – 4:30 am +2,Asiana Airlines,SAN‐ICN,16h18m,1,SFO,8:40 pm – 8:24 pm,Asiana Airlines,ICN‐SAN,15h44m,1,SFO,2055,20220405-1752,fast
8:00 am – 2:45 pm +1,United Airlines,SAN‐ICN,14h45m,1,SFO,4:40 pm – 6:09 pm,United Airlines,ICN‐SAN,17h29m,1,SFO,2330,20220405-1752,fast
8:15 am – 5:45 pm +1,Korean Air,SAN‐ICN,17h30m,1,HNL,7:20 pm – 6:11 pm,Korean Air,ICN‐SAN,14h51m,1,SEA,3656,20220405-1752,fast
8:00 am – 4:00 pm +1,Air Canada,SAN‐ICN,16h00m,1,YVR,7:20 pm – 7:58 pm,"Korean Air, Alaska Airlines",ICN‐SAN,16h38m,1,SEA,1877,20220405-1752,fast
6:05 am – 4:00 pm +1,"United Airlines, Air Canada",SAN‐ICN,17h55m,2,"SFO, YVR",7:20 pm – 6:11 pm,Korean Air,ICN‐SAN,14h51m,1,SEA,1996,20220405-1752,fast
8:00 am – 4:00 pm +1,Air Canada,SAN‐ICN,16h00m,1,YVR,5:45 pm – 6:37 pm,Air Canada,ICN‐SAN,16h52m,1,YVR,1253,20220405-1752,fast
6:53 pm – 4:30 am +2,Asiana Airlines,SAN‐ICN,17h37m,1,SFO,8:40 pm – 7:55 pm,Asiana Airlines,ICN‐SAN,15h15m,1,LAX,1761,20220405-1752,fast
6:53 pm – 4:30 am +2,Asiana Airlines,SAN‐ICN,17h37m,1,SFO,8:40 pm – 8:24 pm,Asiana Airlines,ICN‐SAN,15h44m,1,SFO,1998,20220405-1752,fast
6:20 am – 5:35 pm +1,"Alaska Airlines, Asiana Airlines",SAN‐ICN,19h15m,2,"SFO, LAX",8:40 pm – 6:52 pm,"Asiana Airlines, Alaska Airlines",ICN‐SAN,14h12m,1,SFO,2853,20220405-1752,fast
