Out Time,Out Airline,Out Cities,Out Duration,Out Stops,Out Stop Cities,Return Time,Return Airline,Return Cities,Return Duration,Return Stops,Return Stop Cities,Price,timestamp,sort
7:25 pm – 5:00 am +2,"Alaska Airlines, Asiana Airlines",SAN‐ICN,17h35m,1,SFO,6:20 pm – 5:04 pm,"Asiana Airlines, Alaska Airlines",ICN‐SAN,14h44m,1,SEA,1136,20220405-0932,cheap
7:25 pm – 5:00 am +2,"Alaska Airlines, Asiana Airlines",SAN‐ICN,17h35m,1,SFO,6:20 pm – 6:45 pm,"Asiana Airlines, Alaska Airlines",ICN‐SAN,16h25m,1,SEA,1136,20220405-0932,cheap
7:25 pm – 5:00 am +2,"Alaska Airlines, Asiana Airlines",SAN‐ICN,17h35m,1,SFO,8:40 pm – 9:20 pm,"Asiana Airlines, Alaska Airlines",ICN‐SAN,16h40m,1,SFO,1136,20220405-0932,cheap
4:25 pm – 5:00 am +2,"Alaska Airlines, Asiana Airlines",SAN‐ICN,20h35m,1,SFO,6:20 pm – 5:04 pm,"Asiana Airlines, Alaska Airlines",ICN‐SAN,14h44m,1,SEA,1136,20220405-0932,cheap
7:25 pm – 5:00 am +2,"Alaska Airlines, Asiana Airlines",SAN‐ICN,17h35m,1,SFO,8:40 pm – 11:05 pm,"Asiana Airlines, Alaska Airlines",ICN‐SAN,18h25m,1,SFO,1136,20220405-0932,cheap
7:25 pm – 5:00 am +2,"Alaska Airlines, Asiana Airlines",SAN‐ICN,17h35m,1,SFO,6:20 pm – 9:37 pm,"Asiana Airlines, Alaska Airlines",ICN‐SAN,19h17m,1,SEA,1136,20220405-0932,cheap
4:25 pm – 5:00 am +2,"Alaska Airlines, Asiana Airlines",SAN‐ICN,20h35m,1,SFO,6:20 pm – 6:45 pm,"Asiana Airlines, Alaska Airlines",ICN‐SAN,16h25m,1,SEA,1136,20220405-0932,cheap
4:25 pm – 5:00 am +2,"Alaska Airlines, Asiana Airlines",SAN‐ICN,20h35m,1,SFO,8:40 pm – 9:20 pm,"Asiana Airlines, Alaska Airlines",ICN‐SAN,16h40m,1,SFO,1136,20220405-0932,cheap
7:25 pm – 5:00 am +2,"Alaska Airlines, Asiana Airlines",SAN‐ICN,17h35m,1,SFO,6:20 pm – 11:37 pm,"Asiana Airlines, Alaska Airlines",ICN‐SAN,21h17m,1,SEA,1136,20220405-0932,cheap
4:25 pm – 5:00 am +2,"Alaska Airlines, Asiana Airlines",SAN‐ICN,20h35m,1,SFO,8:40 pm – 11:05 pm,"Asiana Airlines, Alaska Airlines",ICN‐SAN,18h25m,1,SFO,1136,20220405-0932,cheap
12:35 pm – 5:00 am +2,"Alaska Airlines, Asiana Airlines",SAN‐ICN,24h25m,1,SFO,6:20 pm – 5:04 pm,"Asiana Airlines, Alaska Airlines",ICN‐SAN,14h44m,1,SEA,1136,20220405-0932,cheap
4:25 pm – 5:00 am +2,"Alaska Airlines, Asiana Airlines",SAN‐ICN,20h35m,1,SFO,6:20 pm – 9:37 pm,"Asiana Airlines, Alaska Airlines",ICN‐SAN,19h17m,1,SEA,1136,20220405-0932,cheap
12:35 pm – 5:00 am +2,"Alaska Airlines, Asiana Airlines",SAN‐ICN,24h25m,1,SFO,6:20 pm – 6:45 pm,"Asiana Airlines, Alaska Airlines",ICN‐SAN,16h25m,1,SEA,1136,20220405-0932,cheap
10:45 am – 5:00 am +2,"Alaska Airlines, Asiana Airlines",SAN‐ICN,26h15m,1,SFO,6:20 pm – 5:04 pm,"Asiana Airlines, Alaska Airlines",ICN‐SAN,14h44m,1,SEA,1136,20220405-0932,cheap
12:35 pm – 5:00 am +2,"Alaska Airlines, Asiana Airlines",SAN‐ICN,24h25m,1,SFO,8:40 pm – 9:20 pm,"Asiana Airlines, Alaska Airlines",ICN‐SAN,16h40m,1,SFO,1136,20220405-0932,cheap
7:25 pm – 5:00 am +2,"Alaska Airlines, Asiana Airlines",SAN‐ICN,17h35m,1,SFO,6:20 pm – 5:04 pm,"Asiana Airlines, Alaska Airlines",ICN‐SAN,14h44m,1,SEA,1136,20220405-0929,best
7:25 pm – 5:00 am +2,"Alaska Airlines, Asiana Airlines",SAN‐ICN,17h35m,1,SFO,6:20 pm – 6:45 pm,"Asiana Airlines, Alaska Airlines",ICN‐SAN,16h25m,1,SEA,1136,20220405-0929,best
7:25 pm – 5:00 am +2,"Alaska Airlines, Asiana Airlines",SAN‐ICN,17h35m,1,SFO,8:40 pm – 9:20 pm,"Asiana Airlines, Alaska Airlines",ICN‐SAN,16h40m,1,SFO,1136,20220405-0929,best
4:25 pm – 5:00 am +2,"Alaska Airlines, Asiana Airlines",SAN‐ICN,20h35m,1,SFO,6:20 pm – 5:04 pm,"Asiana Airlines, Alaska Airlines",ICN‐SAN,14h44m,1,SEA,1136,20220405-0929,best
7:25 pm – 5:00 am +2,"Alaska Airlines, Asiana Airlines",SAN‐ICN,17h35m,1,SFO,8:40 pm – 11:05 pm,"Asiana Airlines, Alaska Airlines",ICN‐SAN,18h25m,1,SFO,1136,20220405-0929,best
7:25 pm – 5:00 am +2,"Alaska Airlines, Asiana Airlines",SAN‐ICN,17h35m,1,SFO,6:20 pm – 9:37 pm,"Asiana Airlines, Alaska Airlines",ICN‐SAN,19h17m,1,SEA,1136,20220405-0929,best
4:25 pm – 5:00 am +2,"Alaska Airlines, Asiana Airlines",SAN‐ICN,20h35m,1,SFO,6:20 pm – 6:45 pm,"Asiana Airlines, Alaska Airlines",ICN‐SAN,16h25m,1,SEA,1136,20220405-0929,best
4:25 pm – 5:00 am +2,"Alaska Airlines, Asiana Airlines",SAN‐ICN,20h35m,1,SFO,8:40 pm – 9:20 pm,"Asiana Airlines, Alaska Airlines",ICN‐SAN,16h40m,1,SFO,1136,20220405-0929,best
7:25 pm – 5:00 am +2,"Alaska Airlines, Asiana Airlines",SAN‐ICN,17h35m,1,SFO,6:20 pm – 11:37 pm,"Asiana Airlines, Alaska Airlines",ICN‐SAN,21h17m,1,SEA,1136,20220405-0929,best
4:25 pm – 5:00 am +2,"Alaska Airlines, Asiana Airlines",SAN‐ICN,20h35m,1,SFO,8:40 pm – 11:05 pm,"Asiana Airlines, Alaska Airlines",ICN‐SAN,18h25m,1,SFO,1136,20220405-0929,best
7:25 pm – 5:00 am +2,"Alaska Airlines, Asiana Airlines",SAN‐ICN,17h35m,1,SFO,2:40 pm – 7:40 pm,Asiana Airlines,ICN‐SAN,21h00m,1,LAX,1160,20220405-0929,best
12:35 pm – 5:00 am +2,"Alaska Airlines, Asiana Airlines",SAN‐ICN,24h25m,1,SFO,6:20 pm – 5:04 pm,"Asiana Airlines, Alaska Airlines",ICN‐SAN,14h44m,1,SEA,1136,20220405-0929,best
6:15 am – 2:55 pm +1,United Airlines,SAN‐ICN,16h40m,1,SFO,4:50 pm – 2:56 pm,United Airlines,ICN‐SAN,14h06m,1,SFO,1549,20220405-0929,best
4:25 pm – 5:00 am +2,"Alaska Airlines, Asiana Airlines",SAN‐ICN,20h35m,1,SFO,6:20 pm – 9:37 pm,"Asiana Airlines, Alaska Airlines",ICN‐SAN,19h17m,1,SEA,1136,20220405-0929,best
7:46 am – 2:55 pm +1,United Airlines,SAN‐ICN,15h09m,1,SFO,4:50 pm – 2:56 pm,United Airlines,ICN‐SAN,14h06m,1,SFO,1614,20220405-0929,best
7:46 am – 2:55 pm +1,United Airlines,SAN‐ICN,15h09m,1,SFO,4:50 pm – 2:56 pm,United Airlines,ICN‐SAN,14h06m,1,SFO,1614,20220405-0934,fast
7:46 am – 2:55 pm +1,United Airlines,SAN‐ICN,15h09m,1,SFO,2:30 pm – 1:39 pm,"Korean Air, Delta",ICN‐SAN,15h09m,1,LAX,2089,20220405-0934,fast
6:15 am – 2:55 pm +1,United Airlines,SAN‐ICN,16h40m,1,SFO,4:50 pm – 2:56 pm,United Airlines,ICN‐SAN,14h06m,1,SFO,1549,20220405-0934,fast
8:00 am – 4:40 pm +1,"Alaska Airlines, Korean Air",SAN‐ICN,16h40m,1,SEA,4:00 pm – 2:28 pm,"Korean Air, Alaska Airlines",ICN‐SAN,14h28m,1,SFO,2035,20220405-0934,fast
6:15 am – 2:55 pm +1,United Airlines,SAN‐ICN,16h40m,1,SFO,2:30 pm – 1:39 pm,"Korean Air, Delta",ICN‐SAN,15h09m,1,LAX,2089,20220405-0934,fast
8:00 am – 4:40 pm +1,"Alaska Airlines, Korean Air",SAN‐ICN,16h40m,1,SEA,2:30 pm – 1:39 pm,"Korean Air, Delta",ICN‐SAN,15h09m,1,LAX,2433,20220405-0934,fast
8:00 am – 4:40 pm +1,"Alaska Airlines, Korean Air",SAN‐ICN,16h40m,1,SEA,2:30 pm – 1:39 pm,Korean Air,ICN‐SAN,15h09m,1,LAX,2434,20220405-0934,fast
7:25 pm – 5:00 am +2,"Alaska Airlines, Asiana Airlines",SAN‐ICN,17h35m,1,SFO,6:20 pm – 5:04 pm,"Asiana Airlines, Alaska Airlines",ICN‐SAN,14h44m,1,SEA,1136,20220405-0934,fast
8:00 am – 5:45 pm +1,"Alaska Airlines, Asiana Airlines",SAN‐ICN,17h45m,1,SEA,6:20 pm – 5:04 pm,"Asiana Airlines, Alaska Airlines",ICN‐SAN,14h44m,1,SEA,2106,20220405-0934,fast
7:13 am – 4:40 pm +1,Delta,SAN‐ICN,17h27m,1,SEA,2:30 pm – 1:39 pm,Delta,ICN‐SAN,15h09m,1,LAX,2010,20220405-0934,fast
7:13 am – 4:40 pm +1,Korean Air,SAN‐ICN,17h27m,1,SEA,2:30 pm – 1:39 pm,Korean Air,ICN‐SAN,15h09m,1,LAX,2405,20220405-0934,fast
7:29 pm – 5:00 am +2,Asiana Airlines,SAN‐ICN,17h31m,1,SFO,2:30 pm – 1:39 pm,"Korean Air, Delta",ICN‐SAN,15h09m,1,LAX,3025,20220405-0934,fast
8:15 am – 6:05 pm +1,Korean Air,SAN‐ICN,17h50m,1,HNL,2:30 pm – 1:39 pm,Korean Air,ICN‐SAN,15h09m,1,LAX,3872,20220405-0934,fast
7:46 am – 2:55 pm +1,United Airlines,SAN‐ICN,15h09m,1,SFO,4:50 pm – 6:59 pm,United Airlines,ICN‐SAN,18h09m,1,SFO,1614,20220405-0934,fast
6:25 am – 5:20 pm +1,"Alaska Airlines, Korean Air",SAN‐ICN,18h55m,1,SFO,4:00 pm – 2:28 pm,"Korean Air, Alaska Airlines",ICN‐SAN,14h28m,1,SFO,1521,20220405-0934,fast
