Out Time,Out Airline,Out Cities,Out Duration,Out Stops,Out Stop Cities,Return Time,Return Airline,Return Cities,Return Duration,Return Stops,Return Stop Cities,Price,timestamp,sort
8:00 pm – 4:00 pm +2,Air Canada,EWR‐ICN,31h00m,2,"YUL, YVR",5:45 pm – 7:40 am +1,Air Canada,ICN‐EWR,26h55m,2,"YVR, YUL",1265,20220407-0824,cheap
9:05 am – 5:10 pm +1,Air Canada,EWR‐ICN,19h05m,1,YYZ,5:45 pm – 7:40 am +1,Air Canada,ICN‐EWR,26h55m,2,"YVR, YUL",1270,20220407-0824,cheap
9:05 am – 5:10 pm +1,Air Canada,EWR‐ICN,19h05m,1,YYZ,5:45 pm – 7:40 am +1,Air Canada,ICN‐EWR,26h55m,2,"YVR, YUL",1270,20220407-0824,cheap
6:25 am – 4:00 pm +1,Air Canada,EWR‐ICN,20h35m,2,"YYZ, YVR",5:45 pm – 7:40 am +1,Air Canada,ICN‐EWR,26h55m,2,"YVR, YUL",1270,20220407-0824,cheap
6:25 am – 4:00 pm +1,Air Canada,EWR‐ICN,20h35m,2,"YYZ, YVR",5:45 pm – 7:40 am +1,Air Canada,ICN‐EWR,26h55m,2,"YVR, YUL",1270,20220407-0824,cheap
9:05 am – 5:10 pm +1,Air Canada,EWR‐ICN,19h05m,1,YYZ,5:45 pm – 9:59 am +1,Air Canada,ICN‐EWR,29h14m,2,"YVR, YUL",1270,20220407-0824,cheap
9:05 am – 5:10 pm +1,Air Canada,EWR‐ICN,19h05m,1,YYZ,5:45 pm – 9:59 am +1,Air Canada,ICN‐EWR,29h14m,2,"YVR, YUL",1270,20220407-0824,cheap
9:05 am – 5:10 pm +1,Air Canada,EWR‐ICN,19h05m,1,YYZ,5:45 pm – 9:59 am +1,Air Canada,ICN‐EWR,29h14m,2,"YVR, YUL",1270,20220407-0824,cheap
6:25 am – 5:10 pm +1,Air Canada,EWR‐ICN,21h45m,1,YYZ,5:45 pm – 7:40 am +1,Air Canada,ICN‐EWR,26h55m,2,"YVR, YUL",1270,20220407-0824,cheap
6:25 am – 5:10 pm +1,Air Canada,EWR‐ICN,21h45m,1,YYZ,5:45 pm – 7:40 am +1,Air Canada,ICN‐EWR,26h55m,2,"YVR, YUL",1270,20220407-0824,cheap
9:05 am – 5:10 pm +1,Air Canada,EWR‐ICN,19h05m,1,YYZ,5:45 pm – 10:11 am +1,Air Canada,ICN‐EWR,29h26m,2,"YVR, YYZ",1276,20220407-0824,cheap
9:05 am – 5:10 pm +1,Air Canada,EWR‐ICN,19h05m,1,YYZ,5:45 pm – 12:46 am +1,"Air Canada, United Airlines",ICN‐EWR,20h01m,2,"YVR, DEN",1755,20220407-0824,cheap
6:25 am – 4:00 pm +1,Air Canada,EWR‐ICN,20h35m,2,"YYZ, YVR",5:45 pm – 12:46 am +1,"Air Canada, United Airlines",ICN‐EWR,20h01m,2,"YVR, DEN",1755,20220407-0824,cheap
6:25 am – 5:10 pm +1,Air Canada,EWR‐ICN,21h45m,1,YYZ,5:45 pm – 12:46 am +1,"Air Canada, United Airlines",ICN‐EWR,20h01m,2,"YVR, DEN",1755,20220407-0824,cheap
9:05 am – 5:10 pm +1,Air Canada,EWR‐ICN,19h05m,1,YYZ,5:45 pm – 5:17 am +1,"Air Canada, United Airlines",ICN‐EWR,24h32m,2,"YVR, DEN",1755,20220407-0824,cheap
9:05 am – 5:10 pm +1,Air Canada,EWR‐ICN,19h05m,1,YYZ,5:45 pm – 9:59 am +1,Air Canada,ICN‐EWR,29h14m,2,"YVR, YUL",1294,20220407-0821,best
9:36 am – 4:30 pm +1,Korean Air,EWR‐ICN,17h54m,1,DTW,9:30 am – 2:00 pm,Korean Air,ICN‐EWR,17h30m,1,BOS,1908,20220407-0821,best
8:00 pm – 4:00 pm +2,Air Canada,EWR‐ICN,31h00m,2,"YUL, YVR",5:45 pm – 7:40 am +1,Air Canada,ICN‐EWR,26h55m,2,"YVR, YUL",1265,20220407-0821,best
7:00 am – 3:00 pm +1,Korean Air,EWR‐ICN,19h00m,1,ATL,9:30 am – 2:00 pm,Korean Air,ICN‐EWR,17h30m,1,BOS,1908,20220407-0821,best
9:36 am – 4:30 pm +1,Korean Air,EWR‐ICN,17h54m,1,DTW,6:40 pm – 11:23 pm,Korean Air,ICN‐EWR,17h43m,1,ATL,2026,20220407-0821,best
8:45 am – 4:20 pm +1,Korean Air,EWR‐ICN,18h35m,1,ATL,9:30 am – 2:00 pm,Korean Air,ICN‐EWR,17h30m,1,BOS,1995,20220407-0821,best
8:40 am – 4:25 pm +1,Korean Air,EWR‐ICN,18h45m,1,BOS,9:30 am – 2:00 pm,Korean Air,ICN‐EWR,17h30m,1,BOS,1995,20220407-0821,best
7:00 am – 3:00 pm +1,Korean Air,EWR‐ICN,19h00m,1,ATL,6:40 pm – 11:23 pm,Korean Air,ICN‐EWR,17h43m,1,ATL,2026,20220407-0821,best
9:05 am – 5:10 pm +1,Air Canada,EWR‐ICN,19h05m,1,YYZ,5:45 pm – 12:46 am +1,"Air Canada, United Airlines",ICN‐EWR,20h01m,2,"YVR, DEN",1755,20220407-0821,best
9:05 am – 5:10 pm +1,Air Canada,EWR‐ICN,19h05m,1,YYZ,5:45 pm – 7:40 am +1,Air Canada,ICN‐EWR,26h55m,2,"YVR, YUL",1270,20220407-0821,best
9:05 am – 5:10 pm +1,Air Canada,EWR‐ICN,19h05m,1,YYZ,5:45 pm – 7:40 am +1,Air Canada,ICN‐EWR,26h55m,2,"YVR, YUL",1270,20220407-0821,best
8:45 am – 4:20 pm +1,Korean Air,EWR‐ICN,18h35m,1,ATL,6:40 pm – 11:23 pm,Korean Air,ICN‐EWR,17h43m,1,ATL,2113,20220407-0821,best
7:00 am – 4:20 pm +1,Korean Air,EWR‐ICN,20h20m,1,ATL,9:30 am – 2:00 pm,Korean Air,ICN‐EWR,17h30m,1,BOS,1995,20220407-0821,best
8:40 am – 4:25 pm +1,Korean Air,EWR‐ICN,18h45m,1,BOS,6:40 pm – 11:23 pm,Korean Air,ICN‐EWR,17h43m,1,ATL,2113,20220407-0821,best
6:00 am – 2:45 pm +1,United Airlines,EWR‐ICN,19h45m,1,SFO,4:40 pm – 10:08 pm,United Airlines,ICN‐EWR,18h28m,1,SFO,2001,20220407-0821,best
9:36 am – 4:30 pm +1,Korean Air,EWR‐ICN,17h54m,1,DTW,9:20 am – 3:35 pm,Korean Air,ICN‐EWR,19h15m,1,ATL,2146,20220407-0821,best
9:36 am – 4:30 pm +1,Delta,EWR‐ICN,17h54m,1,DTW,2:30 pm – 10:59 pm,Delta,ICN‐EWR,21h29m,2,"LAX, DTW",1894,20220407-0821,best
9:36 am – 4:30 pm +1,Korean Air,EWR‐ICN,17h54m,1,DTW,9:30 am – 2:00 pm,Korean Air,ICN‐EWR,17h30m,1,BOS,1908,20220407-0827,fast
9:36 am – 4:30 pm +1,Korean Air,EWR‐ICN,17h54m,1,DTW,6:40 pm – 11:23 pm,Korean Air,ICN‐EWR,17h43m,1,ATL,2026,20220407-0827,fast
8:45 am – 4:20 pm +1,Korean Air,EWR‐ICN,18h35m,1,ATL,9:30 am – 2:00 pm,Korean Air,ICN‐EWR,17h30m,1,BOS,1995,20220407-0827,fast
8:40 am – 4:25 pm +1,Korean Air,EWR‐ICN,18h45m,1,BOS,9:30 am – 2:00 pm,Korean Air,ICN‐EWR,17h30m,1,BOS,1995,20220407-0827,fast
8:45 am – 4:20 pm +1,Korean Air,EWR‐ICN,18h35m,1,ATL,6:40 pm – 11:23 pm,Korean Air,ICN‐EWR,17h43m,1,ATL,2113,20220407-0827,fast
8:40 am – 4:25 pm +1,Korean Air,EWR‐ICN,18h45m,1,BOS,6:40 pm – 11:23 pm,Korean Air,ICN‐EWR,17h43m,1,ATL,2113,20220407-0827,fast
7:00 am – 3:00 pm +1,Korean Air,EWR‐ICN,19h00m,1,ATL,9:30 am – 2:00 pm,Korean Air,ICN‐EWR,17h30m,1,BOS,1908,20220407-0827,fast
7:00 am – 3:00 pm +1,Korean Air,EWR‐ICN,19h00m,1,ATL,6:40 pm – 11:23 pm,Korean Air,ICN‐EWR,17h43m,1,ATL,2026,20220407-0827,fast
9:05 am – 5:10 pm +1,Air Canada,EWR‐ICN,19h05m,1,YYZ,6:40 pm – 11:23 pm,"Korean Air, Delta",ICN‐EWR,17h43m,1,ATL,2762,20220407-0827,fast
9:36 am – 4:30 pm +1,Delta,EWR‐ICN,17h54m,1,DTW,6:40 pm – 12:45 am +1,Delta,ICN‐EWR,19h05m,1,ATL,2165,20220407-0827,fast
9:36 am – 4:30 pm +1,Korean Air,EWR‐ICN,17h54m,1,DTW,9:20 am – 3:35 pm,Korean Air,ICN‐EWR,19h15m,1,ATL,2146,20220407-0827,fast
7:00 am – 3:00 pm +1,Korean Air,EWR‐ICN,19h00m,1,ATL,8:40 pm – 1:58 am +1,Asiana Airlines,ICN‐EWR,18h18m,1,SFO,3273,20220407-0827,fast
6:25 am – 3:15 pm +1,Delta,EWR‐ICN,19h50m,2,"MSP, SEA",6:40 pm – 11:23 pm,Delta,ICN‐EWR,17h43m,1,ATL,2169,20220407-0827,fast
6:00 am – 3:00 pm +1,Delta,EWR‐ICN,20h00m,1,ATL,6:40 pm – 11:23 pm,Delta,ICN‐EWR,17h43m,1,ATL,3123,20220407-0827,fast
7:00 am – 4:20 pm +1,Korean Air,EWR‐ICN,20h20m,1,ATL,9:30 am – 2:00 pm,Korean Air,ICN‐EWR,17h30m,1,BOS,1995,20220407-0827,fast
