Out Time,Out Airline,Out Cities,Out Duration,Out Stops,Out Stop Cities,Return Time,Return Airline,Return Cities,Return Duration,Return Stops,Return Stop Cities,Price,timestamp,sort
9:05 am – 5:10 pm +1,Air Canada,EWR‐ICN,19h05m,1,YYZ,5:50 pm – 7:52 am +1,Air Canada,ICN‐EWR,27h02m,2,"YVR, YQB",1446,20220406-0039,cheap
9:05 am – 5:10 pm +1,Air Canada,EWR‐ICN,19h05m,1,YYZ,5:50 pm – 8:34 am +1,Air Canada,ICN‐EWR,27h44m,2,"YVR, YUL",1446,20220406-0039,cheap
8:01 am – 5:10 pm +1,Air Canada,EWR‐ICN,20h09m,1,YYZ,5:50 pm – 7:52 am +1,Air Canada,ICN‐EWR,27h02m,2,"YVR, YQB",1446,20220406-0039,cheap
8:01 am – 5:10 pm +1,Air Canada,EWR‐ICN,20h09m,1,YYZ,5:50 pm – 8:34 am +1,Air Canada,ICN‐EWR,27h44m,2,"YVR, YUL",1446,20220406-0039,cheap
8:01 am – 5:10 pm +1,Air Canada,EWR‐ICN,20h09m,1,YYZ,5:50 pm – 8:08 am +1,Air Canada,ICN‐EWR,27h18m,2,"YVR, YYZ",1474,20220406-0039,cheap
8:01 am – 5:10 pm +1,Air Canada,EWR‐ICN,20h09m,1,YYZ,5:50 pm – 8:08 am +1,Air Canada,ICN‐EWR,27h18m,2,"YVR, YYZ",1474,20220406-0039,cheap
8:01 am – 5:10 pm +1,Air Canada,EWR‐ICN,20h09m,1,YYZ,5:50 pm – 8:08 am +1,Air Canada,ICN‐EWR,27h18m,2,"YVR, YYZ",1474,20220406-0039,cheap
8:01 am – 5:10 pm +1,Air Canada,EWR‐ICN,20h09m,1,YYZ,5:50 pm – 8:08 am +1,Air Canada,ICN‐EWR,27h18m,2,"YVR, YYZ",1474,20220406-0039,cheap
8:01 am – 5:10 pm +1,Air Canada,EWR‐ICN,20h09m,1,YYZ,5:50 pm – 8:08 am +1,Air Canada,ICN‐EWR,27h18m,2,"YVR, YYZ",1474,20220406-0039,cheap
6:29 am – 2:55 pm +1,United Airlines,EWR‐ICN,19h26m,1,SFO,4:50 pm – 7:00 am +1,United Airlines,ICN‐EWR,27h10m,1,SFO,1566,20220406-0039,cheap
6:29 am – 2:55 pm +1,United Airlines,EWR‐ICN,19h26m,1,SFO,4:50 pm – 7:00 am +1,United Airlines,ICN‐EWR,27h10m,2,"SFO, LAS",1571,20220406-0039,cheap
6:29 am – 2:55 pm +1,United Airlines,EWR‐ICN,19h26m,1,SFO,4:50 pm – 7:49 am +1,United Airlines,ICN‐EWR,27h59m,2,"SFO, LAS",1571,20220406-0039,cheap
8:00 pm – 2:55 pm +2,United Airlines,EWR‐ICN,29h55m,2,"ORD, SFO",4:50 pm – 9:49 pm,United Airlines,ICN‐EWR,17h59m,1,SFO,1572,20220406-0039,cheap
7:17 pm – 2:55 pm +2,United Airlines,EWR‐ICN,30h38m,2,"LAS, SFO",4:50 pm – 9:49 pm,United Airlines,ICN‐EWR,17h59m,1,SFO,1572,20220406-0039,cheap
8:41 pm – 2:55 pm +2,United Airlines,EWR‐ICN,29h14m,2,"DEN, SFO",4:50 pm – 9:49 pm,United Airlines,ICN‐EWR,17h59m,1,SFO,1740,20220406-0039,cheap
11:50 pm – 6:10 pm +2,Turkish Airlines,EWR‐ICN,29h20m,1,IST,6:40 pm – 10:59 pm,Korean Air,ICN‐EWR,17h19m,1,ATL,2079,20220406-0037,best
9:05 am – 5:10 pm +1,Air Canada,EWR‐ICN,19h05m,1,YYZ,5:50 pm – 7:52 am +1,Air Canada,ICN‐EWR,27h02m,2,"YVR, YQB",1446,20220406-0037,best
9:05 am – 5:10 pm +1,Air Canada,EWR‐ICN,19h05m,1,YYZ,5:50 pm – 8:34 am +1,Air Canada,ICN‐EWR,27h44m,2,"YVR, YUL",1446,20220406-0037,best
9:30 am – 4:30 pm +1,Korean Air,EWR‐ICN,18h00m,1,DTW,6:40 pm – 10:59 pm,Korean Air,ICN‐EWR,17h19m,1,ATL,2026,20220406-0037,best
8:01 am – 5:10 pm +1,Air Canada,EWR‐ICN,20h09m,1,YYZ,5:50 pm – 7:52 am +1,Air Canada,ICN‐EWR,27h02m,2,"YVR, YQB",1446,20220406-0037,best
9:30 am – 4:30 pm +1,Korean Air,EWR‐ICN,18h00m,1,DTW,10:45 am – 3:45 pm,Korean Air,ICN‐EWR,18h00m,1,DTW,2027,20220406-0037,best
6:29 am – 2:55 pm +1,United Airlines,EWR‐ICN,19h26m,1,SFO,4:50 pm – 9:49 pm,United Airlines,ICN‐EWR,17h59m,1,SFO,1955,20220406-0037,best
8:01 am – 5:10 pm +1,Air Canada,EWR‐ICN,20h09m,1,YYZ,5:50 pm – 8:34 am +1,Air Canada,ICN‐EWR,27h44m,2,"YVR, YUL",1446,20220406-0037,best
8:01 am – 5:10 pm +1,Air Canada,EWR‐ICN,20h09m,1,YYZ,5:50 pm – 8:08 am +1,Air Canada,ICN‐EWR,27h18m,2,"YVR, YYZ",1474,20220406-0037,best
8:01 am – 5:10 pm +1,Air Canada,EWR‐ICN,20h09m,1,YYZ,5:50 pm – 8:08 am +1,Air Canada,ICN‐EWR,27h18m,2,"YVR, YYZ",1474,20220406-0037,best
8:01 am – 5:10 pm +1,Air Canada,EWR‐ICN,20h09m,1,YYZ,5:50 pm – 8:08 am +1,Air Canada,ICN‐EWR,27h18m,2,"YVR, YYZ",1474,20220406-0037,best
8:01 am – 5:10 pm +1,Air Canada,EWR‐ICN,20h09m,1,YYZ,5:50 pm – 8:08 am +1,Air Canada,ICN‐EWR,27h18m,2,"YVR, YYZ",1474,20220406-0037,best
8:01 am – 5:10 pm +1,Air Canada,EWR‐ICN,20h09m,1,YYZ,5:50 pm – 8:08 am +1,Air Canada,ICN‐EWR,27h18m,2,"YVR, YYZ",1474,20220406-0037,best
6:29 am – 2:55 pm +1,United Airlines,EWR‐ICN,19h26m,1,SFO,4:50 pm – 7:00 am +1,United Airlines,ICN‐EWR,27h10m,1,SFO,1566,20220406-0037,best
6:29 am – 2:55 pm +1,United Airlines,EWR‐ICN,19h26m,1,SFO,4:50 pm – 7:00 am +1,United Airlines,ICN‐EWR,27h10m,2,"SFO, LAS",1571,20220406-0037,best
6:00 am – 5:50 pm +1,Delta,EWR‐ICN,22h50m,2,"ATL, LAX",6:40 pm – 10:59 pm,Delta,ICN‐EWR,17h19m,1,ATL,1894,20220406-0037,best
11:25 am – 5:30 pm +1,"ANA, Korean Air",EWR‐ICN,17h05m,1,NRT,6:40 pm – 10:59 pm,Korean Air,ICN‐EWR,17h19m,1,ATL,6355,20220406-0042,fast
9:30 am – 4:30 pm +1,Korean Air,EWR‐ICN,18h00m,1,DTW,6:40 pm – 10:59 pm,Korean Air,ICN‐EWR,17h19m,1,ATL,2026,20220406-0042,fast
11:25 am – 5:30 pm +1,"ANA, Korean Air",EWR‐ICN,17h05m,1,NRT,9:30 am – 2:49 pm,Korean Air,ICN‐EWR,18h19m,1,BOS,6355,20220406-0042,fast
11:25 am – 5:30 pm +1,"ANA, Korean Air",EWR‐ICN,17h05m,1,NRT,9:20 am – 3:14 pm,Korean Air,ICN‐EWR,18h54m,1,ATL,6355,20220406-0042,fast
9:30 am – 4:30 pm +1,Korean Air,EWR‐ICN,18h00m,1,DTW,10:45 am – 3:45 pm,Korean Air,ICN‐EWR,18h00m,1,DTW,2027,20220406-0042,fast
8:40 am – 4:25 pm +1,Korean Air,EWR‐ICN,18h45m,1,BOS,6:40 pm – 10:59 pm,Korean Air,ICN‐EWR,17h19m,1,ATL,2144,20220406-0042,fast
11:25 am – 5:30 pm +1,"ANA, Korean Air",EWR‐ICN,17h05m,1,NRT,2:40 pm – 8:53 pm,Asiana Airlines,ICN‐EWR,19h13m,1,LAX,5203,20220406-0042,fast
9:30 am – 4:30 pm +1,Korean Air,EWR‐ICN,18h00m,1,DTW,9:30 am – 2:49 pm,Korean Air,ICN‐EWR,18h19m,1,BOS,2517,20220406-0042,fast
8:00 am – 4:20 pm +1,Korean Air,EWR‐ICN,19h20m,1,ATL,6:40 pm – 10:59 pm,Korean Air,ICN‐EWR,17h19m,1,ATL,2144,20220406-0042,fast
8:40 am – 4:25 pm +1,Korean Air,EWR‐ICN,18h45m,1,BOS,10:45 am – 3:45 pm,Korean Air,ICN‐EWR,18h00m,1,DTW,2145,20220406-0042,fast
6:29 am – 2:55 pm +1,United Airlines,EWR‐ICN,19h26m,1,SFO,6:40 pm – 10:59 pm,Korean Air,ICN‐EWR,17h19m,1,ATL,2445,20220406-0042,fast
9:30 am – 4:30 pm +1,Korean Air,EWR‐ICN,18h00m,1,DTW,9:20 am – 3:14 pm,Korean Air,ICN‐EWR,18h54m,1,ATL,2392,20220406-0042,fast
8:40 am – 4:25 pm +1,Korean Air,EWR‐ICN,18h45m,1,BOS,9:30 am – 2:49 pm,Korean Air,ICN‐EWR,18h19m,1,BOS,2605,20220406-0042,fast
9:30 am – 4:30 pm +1,Delta,EWR‐ICN,18h00m,1,DTW,6:40 pm – 12:48 am +1,Delta,ICN‐EWR,19h08m,1,ATL,2239,20220406-0042,fast
8:00 am – 4:20 pm +1,Korean Air,EWR‐ICN,19h20m,1,ATL,10:45 am – 3:45 pm,Korean Air,ICN‐EWR,18h00m,1,DTW,2145,20220406-0042,fast
