Out Time,Out Airline,Out Cities,Out Duration,Out Stops,Out Stop Cities,Return Time,Return Airline,Return Cities,Return Duration,Return Stops,Return Stop Cities,Price,timestamp,sort
9:05 am – 5:10 pm +1,Air Canada,EWR‐ICN,19h05m,1,YYZ,5:50 pm – 7:52 am +1,Air Canada,ICN‐EWR,27h02m,2,"YVR, YQB",1560,20220406-0055,cheap
9:05 am – 5:10 pm +1,Air Canada,EWR‐ICN,19h05m,1,YYZ,5:50 pm – 8:34 am +1,Air Canada,ICN‐EWR,27h44m,2,"YVR, YUL",1560,20220406-0055,cheap
8:01 am – 5:10 pm +1,Air Canada,EWR‐ICN,20h09m,1,YYZ,5:50 pm – 7:52 am +1,Air Canada,ICN‐EWR,27h02m,2,"YVR, YQB",1560,20220406-0055,cheap
8:01 am – 5:10 pm +1,Air Canada,EWR‐ICN,20h09m,1,YYZ,5:50 pm – 8:34 am +1,Air Canada,ICN‐EWR,27h44m,2,"YVR, YUL",1560,20220406-0055,cheap
9:05 am – 5:10 pm +1,Air Canada,EWR‐ICN,19h05m,1,YYZ,5:50 pm – 9:57 am +1,Air Canada,ICN‐EWR,29h07m,2,"YVR, YUL",1560,20220406-0055,cheap
9:05 am – 5:10 pm +1,Air Canada,EWR‐ICN,19h05m,1,YYZ,5:50 pm – 9:57 am +1,Air Canada,ICN‐EWR,29h07m,2,"YVR, YUL",1560,20220406-0055,cheap
8:01 am – 5:10 pm +1,Air Canada,EWR‐ICN,20h09m,1,YYZ,5:50 pm – 8:08 am +1,Air Canada,ICN‐EWR,27h18m,2,"YVR, YYZ",1588,20220406-0055,cheap
8:01 am – 5:10 pm +1,Air Canada,EWR‐ICN,20h09m,1,YYZ,5:50 pm – 8:08 am +1,Air Canada,ICN‐EWR,27h18m,2,"YVR, YYZ",1588,20220406-0055,cheap
8:01 am – 5:10 pm +1,Air Canada,EWR‐ICN,20h09m,1,YYZ,5:50 pm – 8:08 am +1,Air Canada,ICN‐EWR,27h18m,2,"YVR, YYZ",1588,20220406-0055,cheap
8:01 am – 5:10 pm +1,Air Canada,EWR‐ICN,20h09m,1,YYZ,5:50 pm – 8:08 am +1,Air Canada,ICN‐EWR,27h18m,2,"YVR, YYZ",1588,20220406-0055,cheap
6:29 am – 2:55 pm +1,United Airlines,EWR‐ICN,19h26m,1,SFO,4:50 pm – 9:49 pm,United Airlines,ICN‐EWR,17h59m,1,SFO,1736,20220406-0055,cheap
6:29 am – 2:55 pm +1,United Airlines,EWR‐ICN,19h26m,1,SFO,4:50 pm – 12:49 am +1,United Airlines,ICN‐EWR,20h59m,1,SFO,1736,20220406-0055,cheap
6:29 am – 2:55 pm +1,United Airlines,EWR‐ICN,19h26m,1,SFO,4:50 pm – 5:12 am +1,United Airlines,ICN‐EWR,25h22m,1,SFO,1736,20220406-0055,cheap
6:29 am – 2:55 pm +1,United Airlines,EWR‐ICN,19h26m,1,SFO,4:50 pm – 6:50 am +1,United Airlines,ICN‐EWR,27h00m,1,SFO,1736,20220406-0055,cheap
6:29 am – 2:55 pm +1,United Airlines,EWR‐ICN,19h26m,1,SFO,4:50 pm – 5:38 am +1,United Airlines,ICN‐EWR,25h48m,2,"SFO, DEN",1741,20220406-0055,cheap
11:50 pm – 6:10 pm +2,Turkish Airlines,EWR‐ICN,29h20m,1,IST,6:40 pm – 10:59 pm,Korean Air,ICN‐EWR,17h19m,1,ATL,2218,20220406-0052,best
6:29 am – 2:55 pm +1,United Airlines,EWR‐ICN,19h26m,1,SFO,4:50 pm – 9:49 pm,United Airlines,ICN‐EWR,17h59m,1,SFO,1736,20220406-0052,best
9:05 am – 5:10 pm +1,Air Canada,EWR‐ICN,19h05m,1,YYZ,5:50 pm – 7:52 am +1,Air Canada,ICN‐EWR,27h02m,2,"YVR, YQB",1560,20220406-0052,best
6:29 am – 2:55 pm +1,United Airlines,EWR‐ICN,19h26m,1,SFO,4:50 pm – 12:49 am +1,United Airlines,ICN‐EWR,20h59m,1,SFO,1736,20220406-0052,best
6:29 am – 2:55 pm +1,United Airlines,EWR‐ICN,19h26m,1,SFO,4:50 pm – 5:12 am +1,United Airlines,ICN‐EWR,25h22m,1,SFO,1736,20220406-0052,best
9:05 am – 5:10 pm +1,Air Canada,EWR‐ICN,19h05m,1,YYZ,5:50 pm – 8:34 am +1,Air Canada,ICN‐EWR,27h44m,2,"YVR, YUL",1560,20220406-0052,best
8:01 am – 5:10 pm +1,Air Canada,EWR‐ICN,20h09m,1,YYZ,5:50 pm – 7:52 am +1,Air Canada,ICN‐EWR,27h02m,2,"YVR, YQB",1560,20220406-0052,best
8:01 am – 5:10 pm +1,Air Canada,EWR‐ICN,20h09m,1,YYZ,5:50 pm – 8:08 am +1,Air Canada,ICN‐EWR,27h18m,2,"YVR, YYZ",1588,20220406-0052,best
8:01 am – 5:10 pm +1,Air Canada,EWR‐ICN,20h09m,1,YYZ,5:50 pm – 8:08 am +1,Air Canada,ICN‐EWR,27h18m,2,"YVR, YYZ",1588,20220406-0052,best
8:01 am – 5:10 pm +1,Air Canada,EWR‐ICN,20h09m,1,YYZ,5:50 pm – 8:08 am +1,Air Canada,ICN‐EWR,27h18m,2,"YVR, YYZ",1588,20220406-0052,best
6:29 am – 2:55 pm +1,United Airlines,EWR‐ICN,19h26m,1,SFO,4:50 pm – 11:33 pm,United Airlines,ICN‐EWR,19h43m,2,"SFO, DEN",2177,20220406-0052,best
8:01 am – 5:10 pm +1,Air Canada,EWR‐ICN,20h09m,1,YYZ,5:50 pm – 8:34 am +1,Air Canada,ICN‐EWR,27h44m,2,"YVR, YUL",1560,20220406-0052,best
6:29 am – 2:55 pm +1,United Airlines,EWR‐ICN,19h26m,1,SFO,4:50 pm – 5:38 am +1,United Airlines,ICN‐EWR,25h48m,2,"SFO, DEN",1741,20220406-0052,best
6:29 am – 2:55 pm +1,United Airlines,EWR‐ICN,19h26m,1,SFO,4:50 pm – 5:38 am +1,United Airlines,ICN‐EWR,25h48m,2,"SFO, DEN",1746,20220406-0052,best
6:29 am – 2:55 pm +1,United Airlines,EWR‐ICN,19h26m,1,SFO,4:50 pm – 5:38 am +1,United Airlines,ICN‐EWR,25h48m,2,"SFO, DEN",1746,20220406-0052,best
9:05 am – 5:10 pm +1,Air Canada,EWR‐ICN,19h05m,1,YYZ,5:50 pm – 9:57 am +1,Air Canada,ICN‐EWR,29h07m,2,"YVR, YUL",1560,20220406-0052,best
11:25 am – 5:30 pm +1,"ANA, Korean Air",EWR‐ICN,17h05m,1,NRT,6:40 pm – 10:59 pm,Korean Air,ICN‐EWR,17h19m,1,ATL,6355,20220406-0057,fast
11:25 am – 5:30 pm +1,"ANA, Korean Air",EWR‐ICN,17h05m,1,NRT,9:30 am – 2:49 pm,Korean Air,ICN‐EWR,18h19m,1,BOS,6355,20220406-0057,fast
8:40 am – 4:25 pm +1,Korean Air,EWR‐ICN,18h45m,1,BOS,6:40 pm – 10:59 pm,Korean Air,ICN‐EWR,17h19m,1,ATL,2564,20220406-0057,fast
8:00 am – 4:20 pm +1,Korean Air,EWR‐ICN,19h20m,1,ATL,6:40 pm – 10:59 pm,Korean Air,ICN‐EWR,17h19m,1,ATL,2564,20220406-0057,fast
8:40 am – 4:25 pm +1,Korean Air,EWR‐ICN,18h45m,1,BOS,10:45 am – 3:45 pm,Korean Air,ICN‐EWR,18h00m,1,DTW,2659,20220406-0057,fast
8:40 am – 4:25 pm +1,Korean Air,EWR‐ICN,18h45m,1,BOS,9:30 am – 2:49 pm,Korean Air,ICN‐EWR,18h19m,1,BOS,2893,20220406-0057,fast
8:00 am – 4:20 pm +1,Korean Air,EWR‐ICN,19h20m,1,ATL,10:45 am – 3:45 pm,Korean Air,ICN‐EWR,18h00m,1,DTW,2659,20220406-0057,fast
6:29 am – 2:55 pm +1,United Airlines,EWR‐ICN,19h26m,1,SFO,4:50 pm – 9:49 pm,United Airlines,ICN‐EWR,17h59m,1,SFO,1736,20220406-0057,fast
6:05 am – 3:15 pm +1,Delta,EWR‐ICN,20h10m,2,"DTW, SEA",6:40 pm – 10:59 pm,Delta,ICN‐EWR,17h19m,1,ATL,6039,20220406-0057,fast
7:00 am – 4:20 pm +1,Korean Air,EWR‐ICN,20h20m,1,ATL,6:40 pm – 10:59 pm,Korean Air,ICN‐EWR,17h19m,1,ATL,2564,20220406-0057,fast
8:40 am – 4:25 pm +1,Korean Air,EWR‐ICN,18h45m,1,BOS,9:20 am – 3:14 pm,Korean Air,ICN‐EWR,18h54m,1,ATL,2659,20220406-0057,fast
8:00 am – 4:20 pm +1,Korean Air,EWR‐ICN,19h20m,1,ATL,9:30 am – 2:49 pm,Korean Air,ICN‐EWR,18h19m,1,BOS,2893,20220406-0057,fast
7:00 am – 4:20 pm +1,Delta,EWR‐ICN,20h20m,1,ATL,6:40 pm – 10:59 pm,Delta,ICN‐EWR,17h19m,1,ATL,6785,20220406-0057,fast
8:00 am – 4:20 pm +1,Korean Air,EWR‐ICN,19h20m,1,ATL,9:20 am – 3:14 pm,Korean Air,ICN‐EWR,18h54m,1,ATL,2630,20220406-0057,fast
9:05 am – 5:10 pm +1,Air Canada,EWR‐ICN,19h05m,1,YYZ,9:35 am – 3:45 pm,"Korean Air, Air Canada",ICN‐EWR,19h10m,1,YYZ,9217,20220406-0057,fast
