Out Time,Out Airline,Out Cities,Out Duration,Out Stops,Out Stop Cities,Return Time,Return Airline,Return Cities,Return Duration,Return Stops,Return Stop Cities,Price,timestamp,sort
5:45 pm – 4:00 pm +3,Air Canada,EWR‐ICN,57h15m,2,"YUL, YVR",5:45 pm – 4:49 pm +1,Air Canada,ICN‐EWR,36h04m,1,YVR,1253,20220409-0018,cheap
9:05 am – 5:10 pm +1,Air Canada,EWR‐ICN,19h05m,1,YYZ,5:45 pm – 7:40 am +1,Air Canada,ICN‐EWR,26h55m,2,"YVR, YUL",1333,20220409-0018,cheap
9:05 am – 5:10 pm +1,Air Canada,EWR‐ICN,19h05m,1,YYZ,5:45 pm – 7:40 am +1,Air Canada,ICN‐EWR,26h55m,2,"YVR, YUL",1333,20220409-0018,cheap
9:05 am – 5:10 pm +1,Air Canada,EWR‐ICN,19h05m,1,YYZ,5:45 pm – 9:59 am +1,Air Canada,ICN‐EWR,29h14m,2,"YVR, YUL",1333,20220409-0018,cheap
9:05 am – 5:10 pm +1,Air Canada,EWR‐ICN,19h05m,1,YYZ,5:45 pm – 9:59 am +1,Air Canada,ICN‐EWR,29h14m,2,"YVR, YUL",1333,20220409-0018,cheap
9:05 am – 5:10 pm +1,Air Canada,EWR‐ICN,19h05m,1,YYZ,5:45 pm – 9:59 am +1,Air Canada,ICN‐EWR,29h14m,2,"YVR, YUL",1333,20220409-0018,cheap
6:25 am – 5:10 pm +1,Air Canada,EWR‐ICN,21h45m,1,YYZ,5:45 pm – 7:40 am +1,Air Canada,ICN‐EWR,26h55m,2,"YVR, YUL",1333,20220409-0018,cheap
6:25 am – 5:10 pm +1,Air Canada,EWR‐ICN,21h45m,1,YYZ,5:45 pm – 7:40 am +1,Air Canada,ICN‐EWR,26h55m,2,"YVR, YUL",1333,20220409-0018,cheap
9:05 am – 5:10 pm +1,Air Canada,EWR‐ICN,19h05m,1,YYZ,5:45 pm – 9:06 am +1,Air Canada,ICN‐EWR,28h21m,2,"YVR, YYZ",1339,20220409-0018,cheap
9:05 am – 5:10 pm +1,Air Canada,EWR‐ICN,19h05m,1,YYZ,5:45 pm – 7:45 am +1,Air Canada,ICN‐EWR,27h00m,2,"YVR, YQB",1478,20220409-0018,cheap
7:12 am – 5:10 pm +1,"United Airlines, Air Canada",EWR‐ICN,20h58m,1,YYZ,5:45 pm – 7:20 am +1,"Air Canada, United Airlines",ICN‐EWR,26h35m,1,YVR,1806,20220409-0018,cheap
6:00 am – 5:20 pm +1,Delta,EWR‐ICN,22h20m,2,"DTW, LAX",6:40 pm – 11:23 pm,Delta,ICN‐EWR,17h43m,1,ATL,1819,20220409-0018,cheap
5:00 pm – 4:20 am +2,Delta,EWR‐ICN,22h20m,2,"DTW, LAX",6:40 pm – 11:23 pm,Delta,ICN‐EWR,17h43m,1,ATL,1819,20220409-0018,cheap
6:00 am – 5:20 pm +1,Delta,EWR‐ICN,22h20m,2,"DTW, LAX",6:40 pm – 12:45 am +1,Delta,ICN‐EWR,19h05m,1,ATL,1819,20220409-0018,cheap
5:00 pm – 4:20 am +2,Delta,EWR‐ICN,22h20m,2,"DTW, LAX",6:40 pm – 12:45 am +1,Delta,ICN‐EWR,19h05m,1,ATL,1819,20220409-0018,cheap
9:05 am – 5:10 pm +1,Air Canada,EWR‐ICN,19h05m,1,YYZ,5:45 pm – 9:59 am +1,Air Canada,ICN‐EWR,29h14m,2,"YVR, YUL",1494,20220409-0016,best
8:40 am – 4:25 pm +1,Korean Air,EWR‐ICN,18h45m,1,BOS,6:40 pm – 11:26 pm,Korean Air,ICN‐EWR,17h46m,1,ATL,1830,20220409-0016,best
5:45 pm – 4:00 pm +3,Air Canada,EWR‐ICN,57h15m,2,"YUL, YVR",5:45 pm – 4:49 pm +1,Air Canada,ICN‐EWR,36h04m,1,YVR,1253,20220409-0016,best
9:05 am – 5:10 pm +1,Air Canada,EWR‐ICN,19h05m,1,YYZ,5:45 pm – 7:40 am +1,Air Canada,ICN‐EWR,26h55m,2,"YVR, YUL",1333,20220409-0016,best
9:05 am – 5:10 pm +1,Air Canada,EWR‐ICN,19h05m,1,YYZ,5:45 pm – 7:40 am +1,Air Canada,ICN‐EWR,26h55m,2,"YVR, YUL",1333,20220409-0016,best
8:40 am – 4:25 pm +1,Korean Air,EWR‐ICN,18h45m,1,BOS,10:45 am – 3:58 pm,Korean Air,ICN‐EWR,18h13m,1,DTW,2021,20220409-0016,best
8:40 am – 4:25 pm +1,Korean Air,EWR‐ICN,18h45m,1,BOS,9:30 am – 2:01 pm,Korean Air,ICN‐EWR,17h31m,1,BOS,2090,20220409-0016,best
5:00 pm – 4:20 am +2,Delta,EWR‐ICN,22h20m,2,"DTW, LAX",6:40 pm – 11:23 pm,Delta,ICN‐EWR,17h43m,1,ATL,1819,20220409-0016,best
6:00 am – 5:20 pm +1,Delta,EWR‐ICN,22h20m,2,"DTW, LAX",6:40 pm – 11:23 pm,Delta,ICN‐EWR,17h43m,1,ATL,1819,20220409-0016,best
8:40 am – 4:25 pm +1,Korean Air,EWR‐ICN,18h45m,1,BOS,9:30 am – 2:00 pm,"Korean Air, Delta",ICN‐EWR,17h30m,1,BOS,2167,20220409-0016,best
9:05 am – 5:10 pm +1,Air Canada,EWR‐ICN,19h05m,1,YYZ,5:45 pm – 9:06 am +1,Air Canada,ICN‐EWR,28h21m,2,"YVR, YYZ",1339,20220409-0016,best
9:05 am – 5:10 pm +1,Air Canada,EWR‐ICN,19h05m,1,YYZ,5:45 pm – 7:45 am +1,Air Canada,ICN‐EWR,27h00m,2,"YVR, YQB",1478,20220409-0016,best
9:05 am – 5:10 pm +1,Air Canada,EWR‐ICN,19h05m,1,YYZ,5:45 pm – 9:59 am +1,Air Canada,ICN‐EWR,29h14m,2,"YVR, YUL",1333,20220409-0016,best
9:05 am – 5:10 pm +1,Air Canada,EWR‐ICN,19h05m,1,YYZ,5:45 pm – 9:59 am +1,Air Canada,ICN‐EWR,29h14m,2,"YVR, YUL",1333,20220409-0016,best
9:05 am – 5:10 pm +1,Air Canada,EWR‐ICN,19h05m,1,YYZ,5:45 pm – 9:59 am +1,Air Canada,ICN‐EWR,29h14m,2,"YVR, YUL",1333,20220409-0016,best
5:00 pm – 4:20 am +2,Delta,EWR‐ICN,22h20m,2,"DTW, LAX",6:40 pm – 12:45 am +1,Delta,ICN‐EWR,19h05m,1,ATL,1819,20220409-0016,best
8:40 am – 4:25 pm +1,Korean Air,EWR‐ICN,18h45m,1,BOS,10:45 am – 3:57 pm,"Korean Air, Delta",ICN‐EWR,18h12m,1,DTW,2167,20220409-0016,best
8:45 am – 4:20 pm +1,Delta,EWR‐ICN,18h35m,1,ATL,9:30 am – 2:00 pm,Delta,ICN‐EWR,17h30m,1,BOS,5435,20220409-0021,fast
8:45 am – 4:20 pm +1,Korean Air,EWR‐ICN,18h35m,1,ATL,9:30 am – 2:01 pm,Korean Air,ICN‐EWR,17h31m,1,BOS,2516,20220409-0021,fast
8:40 am – 4:25 pm +1,Korean Air,EWR‐ICN,18h45m,1,BOS,9:30 am – 2:00 pm,"Korean Air, Delta",ICN‐EWR,17h30m,1,BOS,2167,20220409-0021,fast
8:40 am – 4:25 pm +1,Korean Air,EWR‐ICN,18h45m,1,BOS,9:30 am – 2:01 pm,Korean Air,ICN‐EWR,17h31m,1,BOS,2090,20220409-0021,fast
8:45 am – 4:20 pm +1,Delta,EWR‐ICN,18h35m,1,ATL,6:40 pm – 11:23 pm,Delta,ICN‐EWR,17h43m,1,ATL,5435,20220409-0021,fast
8:45 am – 4:20 pm +1,Korean Air,EWR‐ICN,18h35m,1,ATL,6:40 pm – 11:26 pm,Korean Air,ICN‐EWR,17h46m,1,ATL,2516,20220409-0021,fast
8:40 am – 4:25 pm +1,Korean Air,EWR‐ICN,18h45m,1,BOS,6:40 pm – 11:26 pm,Korean Air,ICN‐EWR,17h46m,1,ATL,1830,20220409-0021,fast
8:45 am – 4:20 pm +1,Delta,EWR‐ICN,18h35m,1,ATL,10:45 am – 3:57 pm,Delta,ICN‐EWR,18h12m,1,DTW,5435,20220409-0021,fast
8:45 am – 4:20 pm +1,Korean Air,EWR‐ICN,18h35m,1,ATL,10:45 am – 3:58 pm,Korean Air,ICN‐EWR,18h13m,1,DTW,2516,20220409-0021,fast
8:40 am – 4:25 pm +1,Korean Air,EWR‐ICN,18h45m,1,BOS,10:45 am – 3:57 pm,"Korean Air, Delta",ICN‐EWR,18h12m,1,DTW,2167,20220409-0021,fast
8:40 am – 4:25 pm +1,Korean Air,EWR‐ICN,18h45m,1,BOS,10:45 am – 3:58 pm,Korean Air,ICN‐EWR,18h13m,1,DTW,2021,20220409-0021,fast
6:25 am – 3:20 pm +1,"Air Canada, Korean Air",EWR‐ICN,19h55m,1,YYZ,9:30 am – 2:01 pm,Korean Air,ICN‐EWR,17h31m,1,BOS,4451,20220409-0021,fast
6:00 am – 2:45 pm +1,United Airlines,EWR‐ICN,19h45m,1,SFO,6:40 pm – 11:23 pm,"Korean Air, Delta",ICN‐EWR,17h43m,1,ATL,2925,20220409-0021,fast
6:00 am – 2:45 pm +1,United Airlines,EWR‐ICN,19h45m,1,SFO,6:40 pm – 11:26 pm,Korean Air,ICN‐EWR,17h46m,1,ATL,2409,20220409-0021,fast
6:25 am – 3:15 pm +1,Delta,EWR‐ICN,19h50m,2,"MSP, SEA",6:40 pm – 11:23 pm,Delta,ICN‐EWR,17h43m,1,ATL,2118,20220409-0021,fast
