Out Time,Out Airline,Out Cities,Out Duration,Out Stops,Out Stop Cities,Return Time,Return Airline,Return Cities,Return Duration,Return Stops,Return Stop Cities,Price,timestamp,sort
6:05 pm – 4:15 pm +2,Air Canada,EWR‐ICN,33h10m,1,YVR,6:00 pm – 8:34 am +1,Air Canada,ICN‐EWR,27h34m,2,"YVR, YUL",1386,20220405-2222,cheap
8:00 am – 3:40 pm +1,Air Canada,EWR‐ICN,18h40m,1,YYZ,6:00 pm – 8:34 am +1,Air Canada,ICN‐EWR,27h34m,2,"YVR, YUL",1655,20220405-2222,cheap
8:00 am – 3:40 pm +1,Air Canada,EWR‐ICN,18h40m,1,YYZ,6:00 pm – 9:57 am +1,Air Canada,ICN‐EWR,28h57m,2,"YVR, YUL",1655,20220405-2222,cheap
8:00 am – 3:40 pm +1,Air Canada,EWR‐ICN,18h40m,1,YYZ,6:00 pm – 9:57 am +1,Air Canada,ICN‐EWR,28h57m,2,"YVR, YUL",1655,20220405-2222,cheap
6:00 am – 3:40 pm +1,Air Canada,EWR‐ICN,20h40m,1,YYZ,6:00 pm – 8:34 am +1,Air Canada,ICN‐EWR,27h34m,2,"YVR, YUL",1655,20220405-2222,cheap
6:00 am – 3:40 pm +1,Air Canada,EWR‐ICN,20h40m,2,"YUL, YYZ",6:00 pm – 8:34 am +1,Air Canada,ICN‐EWR,27h34m,2,"YVR, YUL",1655,20220405-2222,cheap
8:00 am – 3:40 pm +1,Air Canada,EWR‐ICN,18h40m,1,YYZ,6:00 pm – 7:56 am +1,Air Canada,ICN‐EWR,26h56m,2,"YVR, YYZ",1661,20220405-2222,cheap
6:00 am – 3:40 pm +1,Air Canada,EWR‐ICN,20h40m,1,YYZ,6:00 pm – 7:56 am +1,Air Canada,ICN‐EWR,26h56m,2,"YVR, YYZ",1661,20220405-2222,cheap
6:00 am – 3:40 pm +1,Air Canada,EWR‐ICN,20h40m,2,"YUL, YYZ",6:00 pm – 7:56 am +1,Air Canada,ICN‐EWR,26h56m,2,"YVR, YYZ",1661,20220405-2222,cheap
8:00 am – 3:40 pm +1,Air Canada,EWR‐ICN,18h40m,1,YYZ,6:00 pm – 10:11 am +1,Air Canada,ICN‐EWR,29h11m,2,"YVR, YYZ",1661,20220405-2222,cheap
8:00 am – 3:40 pm +1,Air Canada,EWR‐ICN,18h40m,1,YYZ,6:00 pm – 10:11 am +1,Air Canada,ICN‐EWR,29h11m,2,"YVR, YYZ",1661,20220405-2222,cheap
9:30 am – 4:30 pm +1,Delta,EWR‐ICN,18h00m,1,DTW,10:45 am – 3:43 pm,Delta,ICN‐EWR,17h58m,1,DTW,1665,20220405-2222,cheap
6:00 am – 4:30 pm +1,Delta,EWR‐ICN,21h30m,1,DTW,10:45 am – 3:43 pm,Delta,ICN‐EWR,17h58m,1,DTW,1665,20220405-2222,cheap
9:30 am – 4:30 pm +1,Delta,EWR‐ICN,18h00m,1,DTW,10:45 am – 12:22 am +1,Delta,ICN‐EWR,26h37m,1,DTW,1665,20220405-2222,cheap
6:00 am – 4:30 pm +1,Delta,EWR‐ICN,21h30m,1,DTW,10:45 am – 12:22 am +1,Delta,ICN‐EWR,26h37m,1,DTW,1665,20220405-2222,cheap
6:00 am – 3:40 pm +1,Air Canada,EWR‐ICN,20h40m,1,YYZ,6:00 pm – 7:56 am +1,Air Canada,ICN‐EWR,26h56m,2,"YVR, YYZ",1848,20220405-2220,best
9:30 am – 4:30 pm +1,Delta,EWR‐ICN,18h00m,1,DTW,10:45 am – 3:43 pm,Delta,ICN‐EWR,17h58m,1,DTW,1665,20220405-2220,best
6:05 pm – 4:15 pm +2,Air Canada,EWR‐ICN,33h10m,1,YVR,6:00 pm – 8:34 am +1,Air Canada,ICN‐EWR,27h34m,2,"YVR, YUL",1386,20220405-2220,best
6:00 am – 4:30 pm +1,Delta,EWR‐ICN,21h30m,1,DTW,10:45 am – 3:43 pm,Delta,ICN‐EWR,17h58m,1,DTW,1665,20220405-2220,best
6:34 am – 3:15 pm +1,American Airlines,EWR‐ICN,19h41m,1,DFW,5:25 pm – 10:00 pm,American Airlines,ICN‐EWR,17h35m,1,DFW,2012,20220405-2220,best
6:00 am – 4:30 pm +1,Korean Air,EWR‐ICN,21h30m,1,DTW,10:45 am – 3:43 pm,Korean Air,ICN‐EWR,17h58m,1,DTW,1875,20220405-2220,best
6:34 am – 3:15 pm +1,American Airlines,EWR‐ICN,19h41m,1,DFW,5:25 pm – 11:28 pm,American Airlines,ICN‐EWR,19h03m,1,DFW,2012,20220405-2220,best
9:30 am – 4:30 pm +1,Korean Air,EWR‐ICN,18h00m,1,DTW,5:25 pm – 10:00 pm,"Korean Air, American Airlines",ICN‐EWR,17h35m,1,DFW,2342,20220405-2220,best
9:30 am – 4:30 pm +1,Korean Air,EWR‐ICN,18h00m,1,DTW,9:20 am – 4:43 pm,Korean Air,ICN‐EWR,20h23m,1,ATL,2113,20220405-2220,best
8:00 am – 5:05 pm +1,Korean Air,EWR‐ICN,20h05m,1,ATL,10:45 am – 3:43 pm,Korean Air,ICN‐EWR,17h58m,1,DTW,2205,20220405-2220,best
9:30 am – 4:30 pm +1,Delta,EWR‐ICN,18h00m,1,DTW,10:45 am – 12:22 am +1,Delta,ICN‐EWR,26h37m,1,DTW,1665,20220405-2220,best
9:30 am – 4:30 pm +1,Korean Air,EWR‐ICN,18h00m,1,DTW,2:40 pm – 10:42 pm,"Asiana Airlines, JetBlue",ICN‐EWR,21h02m,1,LAX,2151,20220405-2220,best
9:30 am – 4:30 pm +1,Korean Air,EWR‐ICN,18h00m,1,DTW,5:25 pm – 11:28 pm,"Korean Air, American Airlines",ICN‐EWR,19h03m,1,DFW,2342,20220405-2220,best
6:55 am – 5:35 pm +1,Asiana Airlines,EWR‐ICN,21h40m,1,LAX,2:40 pm – 8:54 pm,Asiana Airlines,ICN‐EWR,19h14m,1,LAX,2131,20220405-2220,best
8:00 am – 3:40 pm +1,Air Canada,EWR‐ICN,18h40m,1,YYZ,6:00 pm – 7:56 am +1,Air Canada,ICN‐EWR,26h56m,2,"YVR, YYZ",1661,20220405-2220,best
8:00 am – 3:40 pm +1,Air Canada,EWR‐ICN,18h40m,1,YYZ,6:00 pm – 7:56 am +1,Air Canada,ICN‐EWR,26h56m,2,"YVR, YYZ",1683,20220405-2220,best
8:00 am – 3:40 pm +1,Air Canada,EWR‐ICN,18h40m,1,YYZ,6:00 pm – 7:56 am +1,Air Canada,ICN‐EWR,26h56m,2,"YVR, YYZ",1683,20220405-2220,best
9:30 am – 4:30 pm +1,Korean Air,EWR‐ICN,18h00m,1,DTW,5:25 pm – 10:00 pm,"Korean Air, American Airlines",ICN‐EWR,17h35m,1,DFW,2342,20220405-2225,fast
9:30 am – 4:30 pm +1,Delta,EWR‐ICN,18h00m,1,DTW,10:45 am – 3:43 pm,Delta,ICN‐EWR,17h58m,1,DTW,1665,20220405-2225,fast
6:30 am – 2:55 pm +1,United Airlines,EWR‐ICN,19h25m,1,SFO,5:25 pm – 10:00 pm,"Korean Air, American Airlines",ICN‐EWR,17h35m,1,DFW,3462,20220405-2225,fast
9:30 am – 4:30 pm +1,Korean Air,EWR‐ICN,18h00m,1,DTW,5:25 pm – 11:28 pm,"Korean Air, American Airlines",ICN‐EWR,19h03m,1,DFW,2342,20220405-2225,fast
9:30 am – 4:30 pm +1,Korean Air,EWR‐ICN,18h00m,1,DTW,2:40 pm – 8:54 pm,"Asiana Airlines, United Airlines",ICN‐EWR,19h14m,1,LAX,2398,20220405-2225,fast
9:30 am – 4:30 pm +1,Korean Air,EWR‐ICN,18h00m,1,DTW,9:35 am – 3:50 pm,"Korean Air, Air Canada",ICN‐EWR,19h15m,1,YYZ,9588,20220405-2225,fast
6:34 am – 3:15 pm +1,American Airlines,EWR‐ICN,19h41m,1,DFW,5:25 pm – 10:00 pm,American Airlines,ICN‐EWR,17h35m,1,DFW,2012,20220405-2225,fast
6:30 am – 2:55 pm +1,United Airlines,EWR‐ICN,19h25m,1,SFO,4:50 pm – 9:44 pm,United Airlines,ICN‐EWR,17h54m,1,SFO,4368,20220405-2225,fast
6:30 am – 2:55 pm +1,United Airlines,EWR‐ICN,19h25m,1,SFO,10:45 am – 3:43 pm,Korean Air,ICN‐EWR,17h58m,1,DTW,2439,20220405-2225,fast
8:00 am – 5:05 pm +1,Korean Air,EWR‐ICN,20h05m,1,ATL,10:45 am – 3:43 pm,Korean Air,ICN‐EWR,17h58m,1,DTW,2205,20220405-2225,fast
6:00 am – 3:40 pm +1,Air Canada,EWR‐ICN,20h40m,1,YYZ,5:25 pm – 10:00 pm,"Korean Air, American Airlines",ICN‐EWR,17h35m,1,DFW,3829,20220405-2225,fast
6:00 am – 3:40 pm +1,Air Canada,EWR‐ICN,20h40m,2,"YUL, YYZ",5:25 pm – 10:00 pm,"Korean Air, American Airlines",ICN‐EWR,17h35m,1,DFW,3829,20220405-2225,fast
9:30 am – 4:30 pm +1,Korean Air,EWR‐ICN,18h00m,1,DTW,9:20 am – 4:43 pm,Korean Air,ICN‐EWR,20h23m,1,ATL,2113,20220405-2225,fast
6:30 am – 2:55 pm +1,United Airlines,EWR‐ICN,19h25m,1,SFO,2:40 pm – 8:54 pm,"Asiana Airlines, United Airlines",ICN‐EWR,19h14m,1,LAX,2473,20220405-2225,fast
6:34 am – 3:15 pm +1,American Airlines,EWR‐ICN,19h41m,1,DFW,5:25 pm – 11:28 pm,American Airlines,ICN‐EWR,19h03m,1,DFW,2012,20220405-2225,fast
