Out Time,Out Airline,Out Cities,Out Duration,Out Stops,Out Stop Cities,Return Time,Return Airline,Return Cities,Return Duration,Return Stops,Return Stop Cities,Price,timestamp,sort
7:50 pm – 6:25 am +2,LOT,EWR‐ICN,21h35m,1,WAW,5:45 pm – 7:42 am +1,Air Canada,ICN‐EWR,26h57m,2,"YVR, YUL",1707,20220406-0318,cheap
8:45 pm – 8:45 am +2,Lufthansa,EWR‐ICN,23h00m,1,MUC,10:15 am – 6:55 pm,Lufthansa,ICN‐EWR,21h40m,1,MUC,1797,20220406-0318,cheap
9:45 pm – 11:15 am +2,Lufthansa,EWR‐ICN,24h30m,1,FRA,10:15 am – 6:55 pm,Lufthansa,ICN‐EWR,21h40m,1,MUC,1814,20220406-0318,cheap
6:15 pm – 8:45 am +2,Lufthansa,EWR‐ICN,25h30m,2,"ZRH, MUC",10:15 am – 6:55 pm,Lufthansa,ICN‐EWR,21h40m,1,MUC,1814,20220406-0318,cheap
6:15 pm – 8:45 am +2,Lufthansa,EWR‐ICN,25h30m,2,"ZRH, MUC",10:15 am – 6:55 pm,Lufthansa,ICN‐EWR,21h40m,1,MUC,1814,20220406-0318,cheap
5:50 pm – 8:45 am +2,Lufthansa,EWR‐ICN,25h55m,2,"AMS, MUC",10:15 am – 6:55 pm,Lufthansa,ICN‐EWR,21h40m,1,MUC,1814,20220406-0318,cheap
5:50 pm – 8:45 am +2,Lufthansa,EWR‐ICN,25h55m,2,"AMS, MUC",10:15 am – 6:55 pm,Lufthansa,ICN‐EWR,21h40m,1,MUC,1814,20220406-0318,cheap
7:30 pm – 11:15 am +2,Lufthansa,EWR‐ICN,26h45m,1,FRA,10:15 am – 6:55 pm,Lufthansa,ICN‐EWR,21h40m,1,MUC,1814,20220406-0318,cheap
5:25 pm – 8:45 am +2,Lufthansa,EWR‐ICN,26h20m,1,MUC,10:15 am – 6:55 pm,Lufthansa,ICN‐EWR,21h40m,1,MUC,1815,20220406-0318,cheap
9:00 pm – 8:45 am +2,Lufthansa,EWR‐ICN,22h45m,2,"LHR, MUC",10:15 am – 6:55 pm,Lufthansa,ICN‐EWR,21h40m,1,MUC,1819,20220406-0318,cheap
8:00 pm – 8:45 am +2,Lufthansa,EWR‐ICN,23h45m,2,"LHR, MUC",10:15 am – 6:55 pm,Lufthansa,ICN‐EWR,21h40m,1,MUC,1819,20220406-0318,cheap
7:00 pm – 8:45 am +2,Lufthansa,EWR‐ICN,24h45m,2,"LHR, MUC",10:15 am – 6:55 pm,Lufthansa,ICN‐EWR,21h40m,1,MUC,1819,20220406-0318,cheap
7:00 pm – 8:45 am +2,Lufthansa,EWR‐ICN,24h45m,2,"LHR, MUC",10:15 am – 6:55 pm,Lufthansa,ICN‐EWR,21h40m,1,MUC,1819,20220406-0318,cheap
6:00 pm – 8:45 am +2,Lufthansa,EWR‐ICN,25h45m,2,"LHR, MUC",10:15 am – 6:55 pm,Lufthansa,ICN‐EWR,21h40m,1,MUC,1819,20220406-0318,cheap
6:00 pm – 8:45 am +2,Lufthansa,EWR‐ICN,25h45m,2,"LHR, MUC",10:15 am – 6:55 pm,Lufthansa,ICN‐EWR,21h40m,1,MUC,1819,20220406-0318,cheap
7:50 pm – 6:25 am +2,LOT,EWR‐ICN,21h35m,1,WAW,5:45 pm – 7:42 am +1,Air Canada,ICN‐EWR,26h57m,2,"YVR, YUL",1707,20220406-0316,best
9:30 am – 4:30 pm +1,Korean Air,EWR‐ICN,18h00m,1,DTW,9:30 am – 2:00 pm,Korean Air,ICN‐EWR,17h30m,1,BOS,2104,20220406-0316,best
7:50 pm – 6:25 am +2,LOT,EWR‐ICN,21h35m,1,WAW,5:45 pm – 7:42 am +1,Air Canada,ICN‐EWR,26h57m,2,"YVR, YUL",1707,20220406-0316,best
9:30 am – 4:30 pm +1,Korean Air,EWR‐ICN,18h00m,1,DTW,6:40 pm – 11:23 pm,Korean Air,ICN‐EWR,17h43m,1,ATL,2104,20220406-0316,best
9:30 am – 4:30 pm +1,Korean Air,EWR‐ICN,18h00m,1,DTW,10:45 am – 3:57 pm,Korean Air,ICN‐EWR,18h12m,1,DTW,2104,20220406-0316,best
6:29 am – 2:45 pm +1,United Airlines,EWR‐ICN,19h16m,1,SFO,4:40 pm – 9:25 pm,United Airlines,ICN‐EWR,17h45m,1,SFO,2139,20220406-0316,best
6:29 am – 2:45 pm +1,United Airlines,EWR‐ICN,19h16m,1,SFO,4:40 pm – 1:07 am +1,United Airlines,ICN‐EWR,21h27m,1,SFO,1968,20220406-0316,best
8:40 am – 4:25 pm +1,Korean Air,EWR‐ICN,18h45m,1,BOS,9:30 am – 2:00 pm,Korean Air,ICN‐EWR,17h30m,1,BOS,2337,20220406-0316,best
8:40 am – 4:25 pm +1,Korean Air,EWR‐ICN,18h45m,1,BOS,6:40 pm – 11:23 pm,Korean Air,ICN‐EWR,17h43m,1,ATL,2337,20220406-0316,best
8:40 am – 4:25 pm +1,Korean Air,EWR‐ICN,18h45m,1,BOS,10:45 am – 3:57 pm,Korean Air,ICN‐EWR,18h12m,1,DTW,2337,20220406-0316,best
9:30 am – 4:30 pm +1,Korean Air,EWR‐ICN,18h00m,1,DTW,9:20 am – 3:35 pm,Korean Air,ICN‐EWR,19h15m,1,ATL,2356,20220406-0316,best
8:00 am – 4:20 pm +1,Korean Air,EWR‐ICN,19h20m,1,ATL,9:30 am – 2:00 pm,Korean Air,ICN‐EWR,17h30m,1,BOS,2420,20220406-0316,best
8:45 pm – 8:45 am +2,Lufthansa,EWR‐ICN,23h00m,1,MUC,10:15 am – 6:55 pm,Lufthansa,ICN‐EWR,21h40m,1,MUC,1797,20220406-0316,best
8:00 am – 4:20 pm +1,Korean Air,EWR‐ICN,19h20m,1,ATL,6:40 pm – 11:23 pm,Korean Air,ICN‐EWR,17h43m,1,ATL,2421,20220406-0316,best
6:05 am – 4:40 pm +1,Delta,EWR‐ICN,21h35m,2,"DTW, SEA",9:30 am – 2:00 pm,Delta,ICN‐EWR,17h30m,1,BOS,2169,20220406-0316,best
6:05 am – 4:40 pm +1,Delta,EWR‐ICN,21h35m,2,"DTW, SEA",6:40 pm – 11:23 pm,Delta,ICN‐EWR,17h43m,1,ATL,2169,20220406-0316,best
8:00 am – 4:20 pm +1,Korean Air,EWR‐ICN,19h20m,1,ATL,10:45 am – 3:57 pm,Korean Air,ICN‐EWR,18h12m,1,DTW,2421,20220406-0316,best
9:30 am – 4:30 pm +1,Korean Air,EWR‐ICN,18h00m,1,DTW,9:30 am – 2:00 pm,Korean Air,ICN‐EWR,17h30m,1,BOS,2104,20220406-0321,fast
9:30 am – 4:30 pm +1,Korean Air,EWR‐ICN,18h00m,1,DTW,6:40 pm – 11:23 pm,Korean Air,ICN‐EWR,17h43m,1,ATL,2104,20220406-0321,fast
9:30 am – 4:30 pm +1,Korean Air,EWR‐ICN,18h00m,1,DTW,10:45 am – 3:57 pm,Korean Air,ICN‐EWR,18h12m,1,DTW,2104,20220406-0321,fast
8:40 am – 4:25 pm +1,Korean Air,EWR‐ICN,18h45m,1,BOS,9:30 am – 2:00 pm,Korean Air,ICN‐EWR,17h30m,1,BOS,2337,20220406-0321,fast
8:40 am – 4:25 pm +1,Korean Air,EWR‐ICN,18h45m,1,BOS,6:40 pm – 11:23 pm,Korean Air,ICN‐EWR,17h43m,1,ATL,2337,20220406-0321,fast
8:00 am – 4:20 pm +1,Korean Air,EWR‐ICN,19h20m,1,ATL,9:30 am – 2:00 pm,Korean Air,ICN‐EWR,17h30m,1,BOS,2420,20220406-0321,fast
8:40 am – 4:25 pm +1,Korean Air,EWR‐ICN,18h45m,1,BOS,10:45 am – 3:57 pm,Korean Air,ICN‐EWR,18h12m,1,DTW,2337,20220406-0321,fast
7:45 am – 4:15 pm +1,"American Airlines, Korean Air",EWR‐ICN,19h30m,1,ORD,9:30 am – 2:00 pm,Korean Air,ICN‐EWR,17h30m,1,BOS,3446,20220406-0321,fast
6:29 am – 2:45 pm +1,United Airlines,EWR‐ICN,19h16m,1,SFO,4:40 pm – 9:25 pm,United Airlines,ICN‐EWR,17h45m,1,SFO,2139,20220406-0321,fast
8:00 am – 4:20 pm +1,Korean Air,EWR‐ICN,19h20m,1,ATL,6:40 pm – 11:23 pm,Korean Air,ICN‐EWR,17h43m,1,ATL,2421,20220406-0321,fast
9:30 am – 4:30 pm +1,Delta,EWR‐ICN,18h00m,1,DTW,6:40 pm – 12:45 am +1,Delta,ICN‐EWR,19h05m,1,ATL,3323,20220406-0321,fast
9:30 am – 4:30 pm +1,Korean Air,EWR‐ICN,18h00m,1,DTW,9:20 am – 3:35 pm,Korean Air,ICN‐EWR,19h15m,1,ATL,2356,20220406-0321,fast
9:30 am – 4:30 pm +1,"Delta, Korean Air",EWR‐ICN,18h00m,1,DTW,2:40 pm – 8:59 pm,"Asiana Airlines, United Airlines",ICN‐EWR,19h19m,1,LAX,3264,20220406-0321,fast
8:00 am – 4:20 pm +1,Korean Air,EWR‐ICN,19h20m,1,ATL,10:45 am – 3:57 pm,Korean Air,ICN‐EWR,18h12m,1,DTW,2421,20220406-0321,fast
7:45 am – 4:15 pm +1,"American Airlines, Korean Air",EWR‐ICN,19h30m,1,ORD,10:45 am – 3:57 pm,Korean Air,ICN‐EWR,18h12m,1,DTW,3229,20220406-0321,fast
