Out Time,Out Airline,Out Cities,Out Duration,Out Stops,Out Stop Cities,Return Time,Return Airline,Return Cities,Return Duration,Return Stops,Return Stop Cities,Price,timestamp,sort
6:59 am – 3:15 pm +1,American Airlines,EWR‐ICN,19h16m,1,DFW,5:25 pm – 11:26 pm,American Airlines,ICN‐EWR,19h01m,1,DFW,1754,20220406-0653,cheap
8:55 pm – 8:45 am +2,Lufthansa,EWR‐ICN,22h50m,1,MUC,10:15 am – 7:10 pm,Lufthansa,ICN‐EWR,21h55m,1,MUC,1797,20220406-0653,cheap
5:30 pm – 8:45 am +2,Lufthansa,EWR‐ICN,26h15m,1,MUC,10:15 am – 7:10 pm,Lufthansa,ICN‐EWR,21h55m,1,MUC,1797,20220406-0653,cheap
6:15 pm – 8:45 am +2,Lufthansa,EWR‐ICN,25h30m,2,"ZRH, MUC",10:15 am – 7:10 pm,Lufthansa,ICN‐EWR,21h55m,1,MUC,1814,20220406-0653,cheap
6:15 pm – 8:45 am +2,Lufthansa,EWR‐ICN,25h30m,2,"ZRH, MUC",10:15 am – 7:10 pm,Lufthansa,ICN‐EWR,21h55m,1,MUC,1814,20220406-0653,cheap
5:50 pm – 8:45 am +2,Lufthansa,EWR‐ICN,25h55m,2,"AMS, MUC",10:15 am – 7:10 pm,Lufthansa,ICN‐EWR,21h55m,1,MUC,1814,20220406-0653,cheap
5:50 pm – 8:45 am +2,Lufthansa,EWR‐ICN,25h55m,2,"AMS, MUC",10:15 am – 7:10 pm,Lufthansa,ICN‐EWR,21h55m,1,MUC,1814,20220406-0653,cheap
7:30 pm – 11:15 am +2,Lufthansa,EWR‐ICN,26h45m,1,FRA,10:15 am – 7:10 pm,Lufthansa,ICN‐EWR,21h55m,1,MUC,1814,20220406-0653,cheap
6:30 pm – 8:45 am +2,Lufthansa,EWR‐ICN,25h15m,2,"CDG, MUC",10:15 am – 7:10 pm,Lufthansa,ICN‐EWR,21h55m,1,MUC,1815,20220406-0653,cheap
6:59 am – 3:15 pm +1,American Airlines,EWR‐ICN,19h16m,1,DFW,5:25 pm – 6:59 am +1,American Airlines,ICN‐EWR,26h34m,2,"DFW, PHX",1817,20220406-0653,cheap
6:59 am – 3:15 pm +1,American Airlines,EWR‐ICN,19h16m,1,DFW,5:25 pm – 6:59 am +1,American Airlines,ICN‐EWR,26h34m,2,"DFW, PHX",1817,20220406-0653,cheap
8:55 pm – 11:15 am +2,Lufthansa,EWR‐ICN,25h20m,2,"MUC, FRA",10:15 am – 7:10 pm,Lufthansa,ICN‐EWR,21h55m,1,MUC,1821,20220406-0653,cheap
8:55 pm – 11:15 am +2,Lufthansa,EWR‐ICN,25h20m,2,"MUC, FRA",10:15 am – 7:10 pm,Lufthansa,ICN‐EWR,21h55m,1,MUC,1821,20220406-0653,cheap
8:55 pm – 11:15 am +2,Lufthansa,EWR‐ICN,25h20m,2,"MUC, FRA",10:15 am – 7:10 pm,Lufthansa,ICN‐EWR,21h55m,1,MUC,1821,20220406-0653,cheap
8:55 pm – 8:45 am +2,Lufthansa,EWR‐ICN,22h50m,1,MUC,10:15 am – 9:35 pm,"Lufthansa, United Airlines",ICN‐EWR,24h20m,2,"MUC, BOS",1825,20220406-0653,cheap
8:55 pm – 8:45 am +2,Lufthansa,EWR‐ICN,22h50m,1,MUC,10:15 am – 7:10 pm,Lufthansa,ICN‐EWR,21h55m,1,MUC,1836,20220406-0650,best
6:59 am – 3:15 pm +1,American Airlines,EWR‐ICN,19h16m,1,DFW,5:25 pm – 11:26 pm,American Airlines,ICN‐EWR,19h01m,1,DFW,1754,20220406-0650,best
9:36 am – 4:30 pm +1,Korean Air,EWR‐ICN,17h54m,1,DTW,10:45 am – 3:57 pm,Korean Air,ICN‐EWR,18h12m,1,DTW,2157,20220406-0650,best
9:36 am – 4:30 pm +1,"Delta, Korean Air",EWR‐ICN,17h54m,1,DTW,6:40 pm – 12:45 am +1,"Korean Air, Delta",ICN‐EWR,19h05m,1,ATL,2102,20220406-0650,best
9:36 am – 4:30 pm +1,Korean Air,EWR‐ICN,17h54m,1,DTW,9:30 am – 2:00 pm,Korean Air,ICN‐EWR,17h30m,1,BOS,2363,20220406-0650,best
9:36 am – 4:30 pm +1,"Delta, Korean Air",EWR‐ICN,17h54m,1,DTW,6:40 pm – 11:23 pm,"Korean Air, Delta",ICN‐EWR,17h43m,1,ATL,2354,20220406-0650,best
8:40 am – 4:25 pm +1,Korean Air,EWR‐ICN,18h45m,1,BOS,10:45 am – 3:57 pm,Korean Air,ICN‐EWR,18h12m,1,DTW,2280,20220406-0650,best
8:40 am – 4:25 pm +1,Korean Air,EWR‐ICN,18h45m,1,BOS,9:30 am – 2:00 pm,Korean Air,ICN‐EWR,17h30m,1,BOS,2375,20220406-0650,best
6:00 am – 2:45 pm +1,United Airlines,EWR‐ICN,19h45m,1,SFO,4:40 pm – 10:08 pm,United Airlines,ICN‐EWR,18h28m,1,SFO,2140,20220406-0650,best
8:45 am – 4:20 pm +1,Korean Air,EWR‐ICN,18h35m,1,ATL,10:45 am – 3:57 pm,Korean Air,ICN‐EWR,18h12m,1,DTW,2414,20220406-0650,best
6:00 am – 4:30 pm +1,Korean Air,EWR‐ICN,21h30m,1,DTW,10:45 am – 3:57 pm,Korean Air,ICN‐EWR,18h12m,1,DTW,2157,20220406-0650,best
6:00 am – 2:45 pm +1,United Airlines,EWR‐ICN,19h45m,1,SFO,4:40 pm – 11:58 pm,United Airlines,ICN‐EWR,20h18m,1,SFO,2140,20220406-0650,best
8:45 am – 4:20 pm +1,Korean Air,EWR‐ICN,18h35m,1,ATL,9:30 am – 2:00 pm,Korean Air,ICN‐EWR,17h30m,1,BOS,2608,20220406-0650,best
7:00 am – 4:20 pm +1,"Delta, Korean Air",EWR‐ICN,20h20m,1,ATL,6:40 pm – 12:45 am +1,"Korean Air, Delta",ICN‐EWR,19h05m,1,ATL,2255,20220406-0650,best
6:25 am – 3:15 pm +1,Delta,EWR‐ICN,19h50m,2,"MSP, SEA",10:45 am – 3:57 pm,Delta,ICN‐EWR,18h12m,1,DTW,2269,20220406-0650,best
8:40 am – 4:25 pm +1,Korean Air,EWR‐ICN,18h45m,1,BOS,6:40 pm – 11:23 pm,Korean Air,ICN‐EWR,17h43m,1,ATL,2608,20220406-0650,best
9:36 am – 4:30 pm +1,Korean Air,EWR‐ICN,17h54m,1,DTW,9:30 am – 2:00 pm,Korean Air,ICN‐EWR,17h30m,1,BOS,2363,20220406-0656,fast
9:36 am – 4:30 pm +1,"Delta, Korean Air",EWR‐ICN,17h54m,1,DTW,6:40 pm – 11:23 pm,"Korean Air, Delta",ICN‐EWR,17h43m,1,ATL,2354,20220406-0656,fast
8:45 am – 4:20 pm +1,Korean Air,EWR‐ICN,18h35m,1,ATL,9:30 am – 2:00 pm,Korean Air,ICN‐EWR,17h30m,1,BOS,2608,20220406-0656,fast
9:36 am – 4:30 pm +1,Korean Air,EWR‐ICN,17h54m,1,DTW,10:45 am – 3:57 pm,Korean Air,ICN‐EWR,18h12m,1,DTW,2157,20220406-0656,fast
8:40 am – 4:25 pm +1,Korean Air,EWR‐ICN,18h45m,1,BOS,9:30 am – 2:00 pm,Korean Air,ICN‐EWR,17h30m,1,BOS,2375,20220406-0656,fast
8:45 am – 4:20 pm +1,Korean Air,EWR‐ICN,18h35m,1,ATL,6:40 pm – 11:23 pm,Korean Air,ICN‐EWR,17h43m,1,ATL,2733,20220406-0656,fast
8:40 am – 4:25 pm +1,Korean Air,EWR‐ICN,18h45m,1,BOS,6:40 pm – 11:23 pm,Korean Air,ICN‐EWR,17h43m,1,ATL,2608,20220406-0656,fast
8:45 am – 4:20 pm +1,Korean Air,EWR‐ICN,18h35m,1,ATL,10:45 am – 3:57 pm,Korean Air,ICN‐EWR,18h12m,1,DTW,2414,20220406-0656,fast
8:40 am – 4:25 pm +1,Korean Air,EWR‐ICN,18h45m,1,BOS,10:45 am – 3:57 pm,Korean Air,ICN‐EWR,18h12m,1,DTW,2280,20220406-0656,fast
9:36 am – 4:30 pm +1,"Delta, Korean Air",EWR‐ICN,17h54m,1,DTW,6:40 pm – 12:45 am +1,"Korean Air, Delta",ICN‐EWR,19h05m,1,ATL,2102,20220406-0656,fast
9:36 am – 4:30 pm +1,Korean Air,EWR‐ICN,17h54m,1,DTW,9:20 am – 3:35 pm,Korean Air,ICN‐EWR,19h15m,1,ATL,2596,20220406-0656,fast
7:00 am – 4:20 pm +1,"Delta, Korean Air",EWR‐ICN,20h20m,1,ATL,9:30 am – 2:00 pm,"Korean Air, Delta",ICN‐EWR,17h30m,1,BOS,2606,20220406-0656,fast
8:45 am – 4:20 pm +1,Korean Air,EWR‐ICN,18h35m,1,ATL,9:20 am – 3:35 pm,Korean Air,ICN‐EWR,19h15m,1,ATL,2733,20220406-0656,fast
8:40 am – 4:25 pm +1,Korean Air,EWR‐ICN,18h45m,1,BOS,9:20 am – 3:35 pm,Korean Air,ICN‐EWR,19h15m,1,ATL,2608,20220406-0656,fast
6:25 am – 3:15 pm +1,Delta,EWR‐ICN,19h50m,2,"MSP, SEA",10:45 am – 3:57 pm,Delta,ICN‐EWR,18h12m,1,DTW,2269,20220406-0656,fast
