Out Time,Out Airline,Out Cities,Out Duration,Out Stops,Out Stop Cities,Return Time,Return Airline,Return Cities,Return Duration,Return Stops,Return Stop Cities,Price,timestamp,sort
6:34 am – 3:15 pm +1,American Airlines,EWR‐ICN,19h41m,1,DFW,5:25 pm – 10:00 pm,American Airlines,ICN‐EWR,17h35m,1,DFW,1330,20220405-2145,cheap
6:34 am – 3:15 pm +1,American Airlines,EWR‐ICN,19h41m,1,DFW,5:25 pm – 11:28 pm,American Airlines,ICN‐EWR,19h03m,1,DFW,1330,20220405-2145,cheap
7:42 pm – 3:15 pm +2,American Airlines,EWR‐ICN,30h33m,2,"ORD, DFW",5:25 pm – 10:00 pm,American Airlines,ICN‐EWR,17h35m,1,DFW,1334,20220405-2145,cheap
7:42 pm – 3:15 pm +2,American Airlines,EWR‐ICN,30h33m,2,"ORD, DFW",5:25 pm – 10:00 pm,American Airlines,ICN‐EWR,17h35m,1,DFW,1374,20220405-2145,cheap
9:30 am – 4:30 pm +1,Korean Air,EWR‐ICN,18h00m,1,DTW,4:50 pm – 11:09 pm,United Airlines,ICN‐EWR,19h19m,1,SFO,1424,20220405-2145,cheap
9:31 pm – 2:55 pm +2,United Airlines,EWR‐ICN,28h24m,2,"DEN, SFO",4:50 pm – 9:44 pm,United Airlines,ICN‐EWR,17h54m,1,SFO,1436,20220405-2145,cheap
9:31 pm – 2:55 pm +2,United Airlines,EWR‐ICN,28h24m,2,"DEN, SFO",4:50 pm – 11:09 pm,United Airlines,ICN‐EWR,19h19m,1,SFO,1436,20220405-2145,cheap
9:31 pm – 2:55 pm +2,United Airlines,EWR‐ICN,28h24m,2,"DEN, SFO",4:50 pm – 12:17 am +1,United Airlines,ICN‐EWR,20h27m,2,"SFO, LAX",1440,20220405-2145,cheap
9:30 am – 4:30 pm +1,Korean Air,EWR‐ICN,18h00m,1,DTW,6:40 pm – 11:01 pm,Korean Air,ICN‐EWR,17h21m,1,ATL,1521,20220405-2145,cheap
9:30 am – 4:30 pm +1,Korean Air,EWR‐ICN,18h00m,1,DTW,10:45 am – 4:24 pm,Korean Air,ICN‐EWR,18h39m,1,DTW,1521,20220405-2145,cheap
6:00 am – 4:30 pm +1,Korean Air,EWR‐ICN,21h30m,1,DTW,6:40 pm – 11:01 pm,Korean Air,ICN‐EWR,17h21m,1,ATL,1554,20220405-2145,cheap
6:00 am – 4:30 pm +1,Korean Air,EWR‐ICN,21h30m,1,DTW,10:45 am – 4:24 pm,Korean Air,ICN‐EWR,18h39m,1,DTW,1554,20220405-2145,cheap
9:31 pm – 2:55 pm +2,United Airlines,EWR‐ICN,28h24m,2,"DEN, SFO",4:50 pm – 11:19 pm,United Airlines,ICN‐EWR,19h29m,2,"SFO, DEN",1564,20220405-2145,cheap
9:31 pm – 2:55 pm +2,United Airlines,EWR‐ICN,28h24m,2,"DEN, SFO",4:50 pm – 11:55 pm,United Airlines,ICN‐EWR,20h05m,2,"SFO, IAH",1564,20220405-2145,cheap
9:30 am – 4:30 pm +1,Delta,EWR‐ICN,18h00m,1,DTW,6:40 pm – 12:59 am +1,Delta,ICN‐EWR,19h19m,1,ATL,1565,20220405-2145,cheap
9:30 am – 4:30 pm +1,Delta,EWR‐ICN,18h00m,1,DTW,6:40 pm – 12:59 am +1,Delta,ICN‐EWR,19h19m,1,ATL,1565,20220405-2142,best
6:34 am – 3:15 pm +1,American Airlines,EWR‐ICN,19h41m,1,DFW,5:25 pm – 10:00 pm,American Airlines,ICN‐EWR,17h35m,1,DFW,1330,20220405-2142,best
9:30 am – 4:30 pm +1,Korean Air,EWR‐ICN,18h00m,1,DTW,6:40 pm – 11:01 pm,Korean Air,ICN‐EWR,17h21m,1,ATL,1521,20220405-2142,best
9:30 am – 4:30 pm +1,Korean Air,EWR‐ICN,18h00m,1,DTW,10:45 am – 4:24 pm,Korean Air,ICN‐EWR,18h39m,1,DTW,1521,20220405-2142,best
6:34 am – 3:15 pm +1,American Airlines,EWR‐ICN,19h41m,1,DFW,5:25 pm – 11:28 pm,American Airlines,ICN‐EWR,19h03m,1,DFW,1330,20220405-2142,best
9:30 am – 4:30 pm +1,Delta,EWR‐ICN,18h00m,1,DTW,6:40 pm – 12:59 am +1,Delta,ICN‐EWR,19h19m,1,ATL,1565,20220405-2142,best
6:00 am – 4:30 pm +1,Korean Air,EWR‐ICN,21h30m,1,DTW,6:40 pm – 11:01 pm,Korean Air,ICN‐EWR,17h21m,1,ATL,1554,20220405-2142,best
6:00 am – 4:30 pm +1,Delta,EWR‐ICN,21h30m,1,DTW,6:40 pm – 11:01 pm,Delta,ICN‐EWR,17h21m,1,ATL,1565,20220405-2142,best
9:30 am – 4:30 pm +1,Korean Air,EWR‐ICN,18h00m,1,DTW,9:20 am – 3:04 pm,Korean Air,ICN‐EWR,18h44m,1,ATL,1782,20220405-2142,best
9:30 am – 4:30 pm +1,Delta,EWR‐ICN,18h00m,1,DTW,10:45 am – 7:33 pm,Delta,ICN‐EWR,21h48m,1,DTW,1565,20220405-2142,best
6:00 am – 4:30 pm +1,Korean Air,EWR‐ICN,21h30m,1,DTW,10:45 am – 4:24 pm,Korean Air,ICN‐EWR,18h39m,1,DTW,1554,20220405-2142,best
6:00 am – 4:30 pm +1,Delta,EWR‐ICN,21h30m,1,DTW,10:45 am – 4:24 pm,Delta,ICN‐EWR,18h39m,1,DTW,1565,20220405-2142,best
6:30 am – 2:55 pm +1,United Airlines,EWR‐ICN,19h25m,1,SFO,4:50 pm – 9:44 pm,United Airlines,ICN‐EWR,17h54m,1,SFO,1786,20220405-2142,best
6:00 am – 4:30 pm +1,Delta,EWR‐ICN,21h30m,1,DTW,6:40 pm – 12:59 am +1,Delta,ICN‐EWR,19h19m,1,ATL,1565,20220405-2142,best
8:00 am – 5:05 pm +1,Korean Air,EWR‐ICN,20h05m,1,ATL,10:45 am – 4:24 pm,Korean Air,ICN‐EWR,18h39m,1,DTW,1782,20220405-2142,best
6:30 am – 2:55 pm +1,United Airlines,EWR‐ICN,19h25m,1,SFO,4:50 pm – 11:09 pm,United Airlines,ICN‐EWR,19h19m,1,SFO,1786,20220405-2142,best
11:25 am – 5:30 pm +1,"ANA, Korean Air",EWR‐ICN,17h05m,1,NRT,6:40 pm – 11:01 pm,Korean Air,ICN‐EWR,17h21m,1,ATL,4367,20220405-2147,fast
9:30 am – 4:30 pm +1,Korean Air,EWR‐ICN,18h00m,1,DTW,6:40 pm – 11:01 pm,Korean Air,ICN‐EWR,17h21m,1,ATL,1521,20220405-2147,fast
9:30 am – 4:30 pm +1,Korean Air,EWR‐ICN,18h00m,1,DTW,5:25 pm – 10:00 pm,"Korean Air, American Airlines",ICN‐EWR,17h35m,1,DFW,2242,20220405-2147,fast
9:30 am – 4:30 pm +1,Korean Air,EWR‐ICN,18h00m,1,DTW,10:45 am – 4:24 pm,Korean Air,ICN‐EWR,18h39m,1,DTW,1521,20220405-2147,fast
9:30 am – 4:30 pm +1,Korean Air,EWR‐ICN,18h00m,1,DTW,9:20 am – 3:04 pm,Korean Air,ICN‐EWR,18h44m,1,ATL,1782,20220405-2147,fast
6:34 am – 3:15 pm +1,American Airlines,EWR‐ICN,19h41m,1,DFW,5:25 pm – 10:00 pm,American Airlines,ICN‐EWR,17h35m,1,DFW,1330,20220405-2147,fast
9:30 am – 4:30 pm +1,Korean Air,EWR‐ICN,18h00m,1,DTW,4:50 pm – 11:09 pm,United Airlines,ICN‐EWR,19h19m,1,SFO,1424,20220405-2147,fast
9:30 am – 4:30 pm +1,Delta,EWR‐ICN,18h00m,1,DTW,6:40 pm – 12:59 am +1,Delta,ICN‐EWR,19h19m,1,ATL,1565,20220405-2147,fast
6:30 am – 2:55 pm +1,United Airlines,EWR‐ICN,19h25m,1,SFO,4:50 pm – 9:44 pm,United Airlines,ICN‐EWR,17h54m,1,SFO,1786,20220405-2147,fast
8:00 am – 5:05 pm +1,Korean Air,EWR‐ICN,20h05m,1,ATL,6:40 pm – 11:01 pm,"Korean Air, Delta",ICN‐EWR,17h21m,1,ATL,1925,20220405-2147,fast
9:30 am – 4:30 pm +1,Korean Air,EWR‐ICN,18h00m,1,DTW,10:00 am – 4:40 pm,"Asiana Airlines, ANA",ICN‐EWR,19h40m,1,NRT,8228,20220405-2147,fast
7:00 am – 5:05 pm +1,Korean Air,EWR‐ICN,21h05m,1,ATL,6:40 pm – 11:01 pm,Korean Air,ICN‐EWR,17h21m,1,ATL,1900,20220405-2147,fast
7:00 am – 5:05 pm +1,"Delta, Korean Air",EWR‐ICN,21h05m,1,ATL,6:40 pm – 11:01 pm,"Korean Air, Delta",ICN‐EWR,17h21m,1,ATL,2049,20220405-2147,fast
6:00 am – 4:15 pm +1,Air Canada,EWR‐ICN,21h15m,2,"YUL, YVR",6:40 pm – 11:01 pm,Korean Air,ICN‐EWR,17h21m,1,ATL,2413,20220405-2147,fast
6:34 am – 3:15 pm +1,American Airlines,EWR‐ICN,19h41m,1,DFW,5:25 pm – 11:28 pm,American Airlines,ICN‐EWR,19h03m,1,DFW,1330,20220405-2147,fast
