Out Time,Out Airline,Out Cities,Out Duration,Out Stops,Out Stop Cities,Return Time,Return Airline,Return Cities,Return Duration,Return Stops,Return Stop Cities,Price,timestamp,sort
7:40 pm – 6:25 am +2,LOT,EWR‐ICN,21h45m,1,WAW,8:05 am – 5:50 pm +2,LOT,ICN‐EWR,70h45m,2,"WAW, RZE",1437,20220406-0247,cheap
6:00 am – 4:15 pm +1,Air Canada,EWR‐ICN,21h15m,2,"YUL, YVR",6:40 pm – 10:01 pm,Air Canada,ICN‐EWR,16h21m,1,YYZ,1621,20220406-0247,cheap
6:25 am – 4:15 pm +1,Air Canada,EWR‐ICN,20h50m,2,"YYZ, YVR",6:40 pm – 10:01 pm,Air Canada,ICN‐EWR,16h21m,1,YYZ,1627,20220406-0247,cheap
6:25 am – 4:15 pm +1,Air Canada,EWR‐ICN,20h50m,2,"YYZ, YVR",6:40 pm – 10:01 pm,Air Canada,ICN‐EWR,16h21m,1,YYZ,1627,20220406-0247,cheap
9:29 pm – 5:10 pm +2,Air Canada,EWR‐ICN,30h41m,2,"YQB, YYZ",6:40 pm – 10:01 pm,Air Canada,ICN‐EWR,16h21m,1,YYZ,1754,20220406-0247,cheap
9:29 pm – 5:10 pm +2,Air Canada,EWR‐ICN,30h41m,2,"YQB, YYZ",6:40 pm – 10:01 pm,Air Canada,ICN‐EWR,16h21m,1,YYZ,1754,20220406-0247,cheap
9:29 pm – 5:10 pm +2,Air Canada,EWR‐ICN,30h41m,2,"YQB, YYZ",6:40 pm – 10:01 pm,Air Canada,ICN‐EWR,16h21m,1,YYZ,1754,20220406-0247,cheap
8:58 pm – 5:10 pm +2,Air Canada,EWR‐ICN,31h12m,1,YYZ,6:40 pm – 10:01 pm,Air Canada,ICN‐EWR,16h21m,1,YYZ,1754,20220406-0247,cheap
7:40 pm – 6:25 am +2,LOT,EWR‐ICN,21h45m,1,WAW,6:40 pm – 10:01 pm,Air Canada,ICN‐EWR,16h21m,1,YYZ,1806,20220406-0247,cheap
7:40 pm – 6:25 am +2,LOT,EWR‐ICN,21h45m,1,WAW,6:40 pm – 7:56 am +1,Air Canada,ICN‐EWR,26h16m,1,YYZ,1806,20220406-0247,cheap
9:45 pm – 10:30 am +2,Lufthansa,EWR‐ICN,23h45m,1,FRA,10:15 am – 6:55 pm,Lufthansa,ICN‐EWR,21h40m,1,MUC,1814,20220406-0247,cheap
7:30 pm – 10:30 am +2,Lufthansa,EWR‐ICN,26h00m,1,FRA,10:15 am – 6:55 pm,Lufthansa,ICN‐EWR,21h40m,1,MUC,1814,20220406-0247,cheap
8:45 pm – 10:30 am +2,Lufthansa,EWR‐ICN,24h45m,2,"MUC, FRA",10:15 am – 6:55 pm,Lufthansa,ICN‐EWR,21h40m,1,MUC,1821,20220406-0247,cheap
9:45 pm – 10:30 am +2,Lufthansa,EWR‐ICN,23h45m,1,FRA,10:15 am – 10:01 pm,"Lufthansa, Air Canada",ICN‐EWR,24h46m,2,"MUC, YYZ",1837,20220406-0247,cheap
10:00 pm – 10:30 am +2,Lufthansa,EWR‐ICN,23h30m,2,"LHR, FRA",10:15 am – 6:55 pm,Lufthansa,ICN‐EWR,21h40m,1,MUC,1843,20220406-0247,cheap
7:40 pm – 6:25 am +2,LOT,EWR‐ICN,21h45m,1,WAW,8:05 am – 5:50 pm +2,LOT,ICN‐EWR,70h45m,2,"WAW, RZE",1468,20220406-0245,best
6:25 am – 4:15 pm +1,Air Canada,EWR‐ICN,20h50m,2,"YYZ, YVR",6:40 pm – 10:01 pm,Air Canada,ICN‐EWR,16h21m,1,YYZ,1627,20220406-0245,best
7:40 pm – 6:25 am +2,LOT,EWR‐ICN,21h45m,1,WAW,8:05 am – 5:50 pm +2,LOT,ICN‐EWR,70h45m,2,"WAW, RZE",1437,20220406-0245,best
6:25 am – 4:15 pm +1,Air Canada,EWR‐ICN,20h50m,2,"YYZ, YVR",6:40 pm – 10:01 pm,Air Canada,ICN‐EWR,16h21m,1,YYZ,1627,20220406-0245,best
6:00 am – 4:15 pm +1,Air Canada,EWR‐ICN,21h15m,2,"YUL, YVR",6:40 pm – 10:01 pm,Air Canada,ICN‐EWR,16h21m,1,YYZ,1621,20220406-0245,best
7:40 pm – 6:25 am +2,LOT,EWR‐ICN,21h45m,1,WAW,6:40 pm – 10:01 pm,Air Canada,ICN‐EWR,16h21m,1,YYZ,1806,20220406-0245,best
9:30 am – 4:30 pm +1,"Delta, Korean Air",EWR‐ICN,18h00m,1,DTW,10:45 am – 3:45 pm,Korean Air,ICN‐EWR,18h00m,1,DTW,2466,20220406-0245,best
7:40 pm – 6:25 am +2,LOT,EWR‐ICN,21h45m,1,WAW,10:45 am – 3:45 pm,Korean Air,ICN‐EWR,18h00m,1,DTW,2316,20220406-0245,best
9:30 am – 4:30 pm +1,Korean Air,EWR‐ICN,18h00m,1,DTW,9:20 am – 4:45 pm,Korean Air,ICN‐EWR,20h25m,1,ATL,2612,20220406-0245,best
9:45 pm – 10:30 am +2,Lufthansa,EWR‐ICN,23h45m,1,FRA,10:15 am – 6:55 pm,Lufthansa,ICN‐EWR,21h40m,1,MUC,1814,20220406-0245,best
8:58 pm – 5:10 pm +2,Air Canada,EWR‐ICN,31h12m,1,YYZ,6:40 pm – 10:01 pm,Air Canada,ICN‐EWR,16h21m,1,YYZ,1754,20220406-0245,best
6:29 am – 2:45 pm +1,United Airlines,EWR‐ICN,19h16m,1,SFO,4:40 pm – 11:31 pm,United Airlines,ICN‐EWR,19h51m,2,"SFO, DEN",2506,20220406-0245,best
10:00 pm – 10:30 am +2,Lufthansa,EWR‐ICN,23h30m,2,"LHR, FRA",10:15 am – 6:55 pm,Lufthansa,ICN‐EWR,21h40m,1,MUC,1843,20220406-0245,best
7:40 pm – 6:25 am +2,LOT,EWR‐ICN,21h45m,1,WAW,6:40 pm – 7:56 am +1,Air Canada,ICN‐EWR,26h16m,1,YYZ,1806,20220406-0245,best
8:45 pm – 10:30 am +2,Lufthansa,EWR‐ICN,24h45m,2,"MUC, FRA",10:15 am – 6:55 pm,Lufthansa,ICN‐EWR,21h40m,1,MUC,1821,20220406-0245,best
7:30 pm – 10:30 am +2,Lufthansa,EWR‐ICN,26h00m,1,FRA,10:15 am – 6:55 pm,Lufthansa,ICN‐EWR,21h40m,1,MUC,1814,20220406-0245,best
6:29 am – 2:45 pm +1,United Airlines,EWR‐ICN,19h16m,1,SFO,4:40 pm – 11:57 pm,United Airlines,ICN‐EWR,20h17m,2,"SFO, IAD",2506,20220406-0245,best
9:30 am – 4:30 pm +1,"Delta, Korean Air",EWR‐ICN,18h00m,1,DTW,10:45 am – 3:45 pm,Korean Air,ICN‐EWR,18h00m,1,DTW,2466,20220406-0250,fast
9:30 am – 4:30 pm +1,Korean Air,EWR‐ICN,18h00m,1,DTW,9:20 am – 3:07 pm,Korean Air,ICN‐EWR,18h47m,1,ATL,3086,20220406-0250,fast
9:30 am – 4:30 pm +1,Korean Air,EWR‐ICN,18h00m,1,DTW,5:25 pm – 11:26 pm,"Korean Air, American Airlines",ICN‐EWR,19h01m,1,DFW,3367,20220406-0250,fast
6:29 am – 2:45 pm +1,United Airlines,EWR‐ICN,19h16m,1,SFO,4:40 pm – 9:25 pm,United Airlines,ICN‐EWR,17h45m,1,SFO,4128,20220406-0250,fast
6:25 am – 4:15 pm +1,Air Canada,EWR‐ICN,20h50m,2,"YYZ, YVR",6:40 pm – 10:01 pm,Air Canada,ICN‐EWR,16h21m,1,YYZ,1627,20220406-0250,fast
6:25 am – 4:15 pm +1,Air Canada,EWR‐ICN,20h50m,2,"YYZ, YVR",6:40 pm – 10:01 pm,Air Canada,ICN‐EWR,16h21m,1,YYZ,1627,20220406-0250,fast
9:30 am – 4:30 pm +1,Korean Air,EWR‐ICN,18h00m,1,DTW,9:35 am – 3:51 pm,"Korean Air, Air Canada",ICN‐EWR,19h16m,1,YYZ,8438,20220406-0250,fast
9:30 am – 4:30 pm +1,"Delta, Korean Air",EWR‐ICN,18h00m,1,DTW,2:40 pm – 8:59 pm,"Asiana Airlines, United Airlines",ICN‐EWR,19h19m,1,LAX,3924,20220406-0250,fast
9:30 am – 4:30 pm +1,Korean Air,EWR‐ICN,18h00m,1,DTW,2:40 pm – 8:59 pm,Asiana Airlines,ICN‐EWR,19h19m,1,LAX,4094,20220406-0250,fast
8:00 am – 4:20 pm +1,Korean Air,EWR‐ICN,19h20m,1,ATL,10:45 am – 3:45 pm,Korean Air,ICN‐EWR,18h00m,1,DTW,3259,20220406-0250,fast
6:00 am – 4:15 pm +1,Air Canada,EWR‐ICN,21h15m,2,"YUL, YVR",6:40 pm – 10:01 pm,Air Canada,ICN‐EWR,16h21m,1,YYZ,1621,20220406-0250,fast
9:30 am – 4:30 pm +1,"Delta, Korean Air",EWR‐ICN,18h00m,1,DTW,10:00 am – 4:45 pm,"Asiana Airlines, ANA",ICN‐EWR,19h45m,1,NRT,9165,20220406-0250,fast
6:25 am – 3:20 pm +1,"Air Canada, Korean Air",EWR‐ICN,19h55m,1,YYZ,10:45 am – 3:45 pm,Korean Air,ICN‐EWR,18h00m,1,DTW,9478,20220406-0250,fast
7:40 pm – 6:25 am +2,LOT,EWR‐ICN,21h45m,1,WAW,6:40 pm – 10:01 pm,Air Canada,ICN‐EWR,16h21m,1,YYZ,1806,20220406-0250,fast
9:30 am – 4:30 pm +1,Korean Air,EWR‐ICN,18h00m,1,DTW,9:20 am – 4:45 pm,Korean Air,ICN‐EWR,20h25m,1,ATL,2612,20220406-0250,fast
