Out Time,Out Airline,Out Cities,Out Duration,Out Stops,Out Stop Cities,Return Time,Return Airline,Return Cities,Return Duration,Return Stops,Return Stop Cities,Price,timestamp,sort
6:34 am – 3:15 pm +1,American Airlines,EWR‐ICN,19h41m,1,DFW,5:25 pm – 10:00 pm,American Airlines,ICN‐EWR,17h35m,1,DFW,1330,20220405-2107,cheap
6:34 am – 3:15 pm +1,American Airlines,EWR‐ICN,19h41m,1,DFW,5:25 pm – 11:28 pm,American Airlines,ICN‐EWR,19h03m,1,DFW,1330,20220405-2107,cheap
9:30 am – 4:30 pm +1,Korean Air,EWR‐ICN,18h00m,1,DTW,4:50 pm – 9:44 pm,United Airlines,ICN‐EWR,17h54m,1,SFO,1424,20220405-2107,cheap
7:42 pm – 3:15 pm +2,American Airlines,EWR‐ICN,30h33m,2,"ORD, DFW",5:25 pm – 10:00 pm,American Airlines,ICN‐EWR,17h35m,1,DFW,1474,20220405-2107,cheap
9:30 am – 4:30 pm +1,Korean Air,EWR‐ICN,18h00m,1,DTW,6:40 pm – 11:02 pm,Korean Air,ICN‐EWR,17h22m,1,ATL,1521,20220405-2107,cheap
9:30 am – 4:30 pm +1,Korean Air,EWR‐ICN,18h00m,1,DTW,10:45 am – 4:24 pm,Korean Air,ICN‐EWR,18h39m,1,DTW,1521,20220405-2107,cheap
6:00 am – 4:30 pm +1,Korean Air,EWR‐ICN,21h30m,1,DTW,6:40 pm – 11:02 pm,Korean Air,ICN‐EWR,17h22m,1,ATL,1554,20220405-2107,cheap
6:00 am – 4:30 pm +1,Korean Air,EWR‐ICN,21h30m,1,DTW,10:45 am – 4:24 pm,Korean Air,ICN‐EWR,18h39m,1,DTW,1554,20220405-2107,cheap
9:30 am – 4:30 pm +1,Delta,EWR‐ICN,18h00m,1,DTW,6:40 pm – 12:59 am +1,Delta,ICN‐EWR,19h19m,1,ATL,1565,20220405-2107,cheap
6:00 am – 4:30 pm +1,Delta,EWR‐ICN,21h30m,1,DTW,6:40 pm – 11:02 pm,Delta,ICN‐EWR,17h22m,1,ATL,1565,20220405-2107,cheap
6:00 am – 4:30 pm +1,Delta,EWR‐ICN,21h30m,1,DTW,10:45 am – 4:24 pm,Delta,ICN‐EWR,18h39m,1,DTW,1565,20220405-2107,cheap
6:00 am – 4:30 pm +1,Delta,EWR‐ICN,21h30m,1,DTW,6:40 pm – 12:59 am +1,Delta,ICN‐EWR,19h19m,1,ATL,1565,20220405-2107,cheap
9:30 am – 4:30 pm +1,Delta,EWR‐ICN,18h00m,1,DTW,10:45 am – 12:22 am +1,Delta,ICN‐EWR,26h37m,1,DTW,1565,20220405-2107,cheap
6:00 am – 4:30 pm +1,Delta,EWR‐ICN,21h30m,1,DTW,10:45 am – 12:22 am +1,Delta,ICN‐EWR,26h37m,1,DTW,1565,20220405-2107,cheap
9:30 am – 4:30 pm +1,Delta,EWR‐ICN,18h00m,1,DTW,6:40 pm – 8:42 am +1,Delta,ICN‐EWR,27h02m,2,"ATL, DTW",1569,20220405-2107,cheap
9:30 am – 4:30 pm +1,Delta,EWR‐ICN,18h00m,1,DTW,6:40 pm – 12:59 am +1,Delta,ICN‐EWR,19h19m,1,ATL,1565,20220405-2104,best
6:34 am – 3:15 pm +1,American Airlines,EWR‐ICN,19h41m,1,DFW,5:25 pm – 10:00 pm,American Airlines,ICN‐EWR,17h35m,1,DFW,1330,20220405-2104,best
9:30 am – 4:30 pm +1,Korean Air,EWR‐ICN,18h00m,1,DTW,6:40 pm – 11:02 pm,Korean Air,ICN‐EWR,17h22m,1,ATL,1521,20220405-2104,best
6:34 am – 3:15 pm +1,American Airlines,EWR‐ICN,19h41m,1,DFW,5:25 pm – 11:28 pm,American Airlines,ICN‐EWR,19h03m,1,DFW,1330,20220405-2104,best
9:30 am – 4:30 pm +1,Korean Air,EWR‐ICN,18h00m,1,DTW,10:45 am – 4:24 pm,Korean Air,ICN‐EWR,18h39m,1,DTW,1521,20220405-2104,best
9:30 am – 4:30 pm +1,Delta,EWR‐ICN,18h00m,1,DTW,6:40 pm – 12:59 am +1,Delta,ICN‐EWR,19h19m,1,ATL,1565,20220405-2104,best
6:00 am – 4:30 pm +1,Korean Air,EWR‐ICN,21h30m,1,DTW,6:40 pm – 11:02 pm,Korean Air,ICN‐EWR,17h22m,1,ATL,1554,20220405-2104,best
9:30 am – 4:30 pm +1,Korean Air,EWR‐ICN,18h00m,1,DTW,9:30 am – 3:35 pm,Korean Air,ICN‐EWR,19h05m,1,BOS,1687,20220405-2104,best
6:00 am – 4:30 pm +1,Delta,EWR‐ICN,21h30m,1,DTW,6:40 pm – 11:02 pm,Delta,ICN‐EWR,17h22m,1,ATL,1565,20220405-2104,best
9:30 am – 4:30 pm +1,Delta,EWR‐ICN,18h00m,1,DTW,4:40 pm – 11:28 pm,Delta,ICN‐EWR,19h48m,2,"SEA, MSP",1644,20220405-2104,best
6:00 am – 4:30 pm +1,Korean Air,EWR‐ICN,21h30m,1,DTW,10:45 am – 4:24 pm,Korean Air,ICN‐EWR,18h39m,1,DTW,1554,20220405-2104,best
9:30 am – 4:30 pm +1,Korean Air,EWR‐ICN,18h00m,1,DTW,9:20 am – 3:20 pm,Korean Air,ICN‐EWR,19h00m,1,ATL,1782,20220405-2104,best
9:00 am – 5:40 pm +1,Korean Air,EWR‐ICN,19h40m,1,BOS,6:40 pm – 11:02 pm,Korean Air,ICN‐EWR,17h22m,1,ATL,1781,20220405-2104,best
6:00 am – 4:30 pm +1,Delta,EWR‐ICN,21h30m,1,DTW,10:45 am – 4:24 pm,Delta,ICN‐EWR,18h39m,1,DTW,1565,20220405-2104,best
6:30 am – 2:55 pm +1,United Airlines,EWR‐ICN,19h25m,1,SFO,4:50 pm – 9:44 pm,United Airlines,ICN‐EWR,17h54m,1,SFO,1786,20220405-2104,best
6:00 am – 4:30 pm +1,Delta,EWR‐ICN,21h30m,1,DTW,6:40 pm – 12:59 am +1,Delta,ICN‐EWR,19h19m,1,ATL,1565,20220405-2104,best
9:30 am – 4:30 pm +1,Korean Air,EWR‐ICN,18h00m,1,DTW,6:40 pm – 11:02 pm,Korean Air,ICN‐EWR,17h22m,1,ATL,1521,20220405-2109,fast
9:30 am – 4:30 pm +1,Korean Air,EWR‐ICN,18h00m,1,DTW,5:25 pm – 10:00 pm,"Korean Air, American Airlines",ICN‐EWR,17h35m,1,DFW,2242,20220405-2109,fast
9:00 am – 4:25 pm +1,Delta,EWR‐ICN,18h25m,1,BOS,6:40 pm – 11:02 pm,Delta,ICN‐EWR,17h22m,1,ATL,6335,20220405-2109,fast
9:30 am – 4:30 pm +1,Korean Air,EWR‐ICN,18h00m,1,DTW,4:50 pm – 9:44 pm,United Airlines,ICN‐EWR,17h54m,1,SFO,1424,20220405-2109,fast
9:30 am – 4:30 pm +1,Korean Air,EWR‐ICN,18h00m,1,DTW,10:45 am – 4:24 pm,Korean Air,ICN‐EWR,18h39m,1,DTW,1521,20220405-2109,fast
9:30 am – 4:30 pm +1,Korean Air,EWR‐ICN,18h00m,1,DTW,9:20 am – 3:20 pm,Korean Air,ICN‐EWR,19h00m,1,ATL,1782,20220405-2109,fast
9:00 am – 5:40 pm +1,Korean Air,EWR‐ICN,19h40m,1,BOS,6:40 pm – 11:02 pm,Korean Air,ICN‐EWR,17h22m,1,ATL,1781,20220405-2109,fast
6:34 am – 3:15 pm +1,"American Airlines, Korean Air",EWR‐ICN,19h41m,1,DFW,6:40 pm – 11:02 pm,Korean Air,ICN‐EWR,17h22m,1,ATL,2242,20220405-2109,fast
9:00 am – 4:25 pm +1,Delta,EWR‐ICN,18h25m,1,BOS,10:45 am – 4:24 pm,Delta,ICN‐EWR,18h39m,1,DTW,6335,20220405-2109,fast
9:30 am – 4:30 pm +1,Korean Air,EWR‐ICN,18h00m,1,DTW,9:30 am – 3:35 pm,Korean Air,ICN‐EWR,19h05m,1,BOS,1687,20220405-2109,fast
9:00 am – 5:40 pm +1,Korean Air,EWR‐ICN,19h40m,1,BOS,5:25 pm – 10:00 pm,"Korean Air, American Airlines",ICN‐EWR,17h35m,1,DFW,2517,20220405-2109,fast
6:34 am – 3:15 pm +1,American Airlines,EWR‐ICN,19h41m,1,DFW,5:25 pm – 10:00 pm,American Airlines,ICN‐EWR,17h35m,1,DFW,1330,20220405-2109,fast
9:30 am – 4:30 pm +1,Delta,EWR‐ICN,18h00m,1,DTW,6:40 pm – 12:59 am +1,Delta,ICN‐EWR,19h19m,1,ATL,1565,20220405-2109,fast
6:30 am – 2:55 pm +1,United Airlines,EWR‐ICN,19h25m,1,SFO,4:50 pm – 9:44 pm,United Airlines,ICN‐EWR,17h54m,1,SFO,1786,20220405-2109,fast
5:00 am – 2:55 pm +1,United Airlines,EWR‐ICN,20h55m,2,"ORD, SFO",5:25 pm – 8:49 pm,"Air Canada, United Airlines",ICN‐EWR,16h24m,1,YYZ,5559,20220405-2109,fast
