Out Time,Out Airline,Out Cities,Out Duration,Out Stops,Out Stop Cities,Return Time,Return Airline,Return Cities,Return Duration,Return Stops,Return Stop Cities,Price,timestamp,sort
9:29 pm – 5:10 pm +3,Air Canada,EWR‐ICN,54h41m,2,"YQB, YYZ",6:40 pm – 11:47 am +1,Air Canada,ICN‐EWR,30h07m,2,"YYZ-YTZ, YUL",1233,20220406-0103,cheap
6:00 am – 4:15 pm +1,Air Canada,EWR‐ICN,21h15m,2,"YUL, YVR",6:40 pm – 10:01 pm,Air Canada,ICN‐EWR,16h21m,1,YYZ,1270,20220406-0103,cheap
6:00 am – 4:15 pm +1,Air Canada,EWR‐ICN,21h15m,2,"YUL, YVR",6:40 pm – 7:52 am +1,Air Canada,ICN‐EWR,26h12m,2,"YYZ, YQB",1270,20220406-0103,cheap
6:00 am – 4:15 pm +1,Air Canada,EWR‐ICN,21h15m,2,"YUL, YVR",6:40 pm – 8:08 am +1,Air Canada,ICN‐EWR,26h28m,1,YYZ,1270,20220406-0103,cheap
6:25 am – 4:15 pm +1,Air Canada,EWR‐ICN,20h50m,2,"YYZ, YVR",6:40 pm – 10:01 pm,Air Canada,ICN‐EWR,16h21m,1,YYZ,1276,20220406-0103,cheap
9:29 pm – 5:10 pm +2,Air Canada,EWR‐ICN,30h41m,2,"YQB, YYZ",6:40 pm – 10:01 pm,Air Canada,ICN‐EWR,16h21m,1,YYZ,1489,20220406-0103,cheap
9:29 pm – 5:10 pm +2,Air Canada,EWR‐ICN,30h41m,2,"YQB, YYZ",6:40 pm – 10:01 pm,Air Canada,ICN‐EWR,16h21m,1,YYZ,1489,20220406-0103,cheap
9:29 pm – 5:10 pm +2,Air Canada,EWR‐ICN,30h41m,2,"YQB, YYZ",6:40 pm – 10:01 pm,Air Canada,ICN‐EWR,16h21m,1,YYZ,1489,20220406-0103,cheap
8:58 pm – 5:10 pm +2,Air Canada,EWR‐ICN,31h12m,1,YYZ,6:40 pm – 10:01 pm,Air Canada,ICN‐EWR,16h21m,1,YYZ,1489,20220406-0103,cheap
6:25 am – 4:15 pm +1,Air Canada,EWR‐ICN,20h50m,2,"YYZ, YVR",6:40 pm – 10:01 pm,Air Canada,ICN‐EWR,16h21m,1,YYZ,1566,20220406-0103,cheap
7:00 am – 4:15 pm +1,"United Airlines, Air Canada",EWR‐ICN,20h15m,2,"SEA, YVR",4:50 pm – 11:33 pm,United Airlines,ICN‐EWR,19h43m,2,"SFO, DEN",1603,20220406-0103,cheap
6:29 am – 2:55 pm +1,United Airlines,EWR‐ICN,19h26m,1,SFO,4:50 pm – 9:49 pm,United Airlines,ICN‐EWR,17h59m,1,SFO,1606,20220406-0103,cheap
6:29 am – 2:55 pm +1,United Airlines,EWR‐ICN,19h26m,1,SFO,4:50 pm – 12:49 am +1,United Airlines,ICN‐EWR,20h59m,1,SFO,1606,20220406-0103,cheap
6:29 am – 2:55 pm +1,United Airlines,EWR‐ICN,19h26m,1,SFO,4:50 pm – 5:12 am +1,United Airlines,ICN‐EWR,25h22m,1,SFO,1606,20220406-0103,cheap
6:29 am – 2:55 pm +1,United Airlines,EWR‐ICN,19h26m,1,SFO,4:50 pm – 6:50 am +1,United Airlines,ICN‐EWR,27h00m,1,SFO,1606,20220406-0103,cheap
6:00 am – 4:15 pm +1,Air Canada,EWR‐ICN,21h15m,2,"YUL, YVR",6:40 pm – 10:01 pm,Air Canada,ICN‐EWR,16h21m,1,YYZ,1361,20220406-0100,best
6:25 am – 4:15 pm +1,Air Canada,EWR‐ICN,20h50m,2,"YYZ, YVR",6:40 pm – 10:01 pm,Air Canada,ICN‐EWR,16h21m,1,YYZ,1276,20220406-0100,best
9:29 pm – 5:10 pm +3,Air Canada,EWR‐ICN,54h41m,2,"YQB, YYZ",6:40 pm – 11:47 am +1,Air Canada,ICN‐EWR,30h07m,2,"YYZ-YTZ, YUL",1233,20220406-0100,best
6:00 am – 4:15 pm +1,Air Canada,EWR‐ICN,21h15m,2,"YUL, YVR",6:40 pm – 10:01 pm,Air Canada,ICN‐EWR,16h21m,1,YYZ,1270,20220406-0100,best
6:29 am – 2:55 pm +1,United Airlines,EWR‐ICN,19h26m,1,SFO,4:50 pm – 9:49 pm,United Airlines,ICN‐EWR,17h59m,1,SFO,1606,20220406-0100,best
6:25 am – 4:15 pm +1,Air Canada,EWR‐ICN,20h50m,2,"YYZ, YVR",6:40 pm – 10:01 pm,Air Canada,ICN‐EWR,16h21m,1,YYZ,1566,20220406-0100,best
6:29 am – 2:55 pm +1,United Airlines,EWR‐ICN,19h26m,1,SFO,4:50 pm – 11:33 pm,United Airlines,ICN‐EWR,19h43m,2,"SFO, DEN",1611,20220406-0100,best
6:29 am – 2:55 pm +1,United Airlines,EWR‐ICN,19h26m,1,SFO,4:50 pm – 11:42 pm,United Airlines,ICN‐EWR,19h52m,2,"SFO, IAD",1611,20220406-0100,best
6:29 am – 2:55 pm +1,United Airlines,EWR‐ICN,19h26m,1,SFO,4:50 pm – 12:49 am +1,United Airlines,ICN‐EWR,20h59m,1,SFO,1606,20220406-0100,best
6:00 am – 4:15 pm +1,Air Canada,EWR‐ICN,21h15m,2,"YUL, YVR",6:40 pm – 8:08 am +1,Air Canada,ICN‐EWR,26h28m,1,YYZ,1270,20220406-0100,best
6:29 am – 2:55 pm +1,United Airlines,EWR‐ICN,19h26m,1,SFO,4:50 pm – 5:12 am +1,United Airlines,ICN‐EWR,25h22m,1,SFO,1606,20220406-0100,best
6:00 am – 4:15 pm +1,Air Canada,EWR‐ICN,21h15m,2,"YUL, YVR",6:40 pm – 7:52 am +1,Air Canada,ICN‐EWR,26h12m,2,"YYZ, YQB",1270,20220406-0100,best
8:58 pm – 5:10 pm +2,Air Canada,EWR‐ICN,31h12m,1,YYZ,6:40 pm – 10:01 pm,Air Canada,ICN‐EWR,16h21m,1,YYZ,1489,20220406-0100,best
6:29 am – 2:55 pm +1,United Airlines,EWR‐ICN,19h26m,1,SFO,4:50 pm – 5:38 am +1,United Airlines,ICN‐EWR,25h48m,2,"SFO, DEN",1611,20220406-0100,best
6:29 am – 2:55 pm +1,United Airlines,EWR‐ICN,19h26m,1,SFO,4:50 pm – 6:50 am +1,United Airlines,ICN‐EWR,27h00m,1,SFO,1606,20220406-0100,best
9:29 pm – 5:10 pm +2,Air Canada,EWR‐ICN,30h41m,2,"YQB, YYZ",6:40 pm – 10:01 pm,Air Canada,ICN‐EWR,16h21m,1,YYZ,1489,20220406-0100,best
9:29 pm – 5:10 pm +2,Air Canada,EWR‐ICN,30h41m,2,"YQB, YYZ",6:40 pm – 10:01 pm,Air Canada,ICN‐EWR,16h21m,1,YYZ,1489,20220406-0100,best
11:25 am – 5:30 pm +1,"ANA, Korean Air",EWR‐ICN,17h05m,1,NRT,6:40 pm – 10:01 pm,Air Canada,ICN‐EWR,16h21m,1,YYZ,4354,20220406-0105,fast
9:30 am – 4:30 pm +1,Korean Air,EWR‐ICN,18h00m,1,DTW,10:45 am – 3:45 pm,Korean Air,ICN‐EWR,18h00m,1,DTW,2516,20220406-0105,fast
9:30 am – 4:30 pm +1,Korean Air,EWR‐ICN,18h00m,1,DTW,5:25 pm – 11:28 pm,"Korean Air, American Airlines",ICN‐EWR,19h03m,1,DFW,3167,20220406-0105,fast
9:30 am – 4:30 pm +1,Korean Air,EWR‐ICN,18h00m,1,DTW,9:35 am – 3:45 pm,"Korean Air, Air Canada",ICN‐EWR,19h10m,1,YYZ,8338,20220406-0105,fast
6:25 am – 4:15 pm +1,Air Canada,EWR‐ICN,20h50m,2,"YYZ, YVR",6:40 pm – 10:01 pm,Air Canada,ICN‐EWR,16h21m,1,YYZ,1276,20220406-0105,fast
6:25 am – 4:15 pm +1,Air Canada,EWR‐ICN,20h50m,2,"YYZ, YVR",6:40 pm – 10:01 pm,Air Canada,ICN‐EWR,16h21m,1,YYZ,1566,20220406-0105,fast
8:00 am – 4:20 pm +1,Korean Air,EWR‐ICN,19h20m,1,ATL,10:45 am – 3:45 pm,Korean Air,ICN‐EWR,18h00m,1,DTW,2530,20220406-0105,fast
6:29 am – 2:55 pm +1,United Airlines,EWR‐ICN,19h26m,1,SFO,4:50 pm – 9:49 pm,United Airlines,ICN‐EWR,17h59m,1,SFO,1606,20220406-0105,fast
6:00 am – 4:15 pm +1,Air Canada,EWR‐ICN,21h15m,2,"YUL, YVR",6:40 pm – 10:01 pm,Air Canada,ICN‐EWR,16h21m,1,YYZ,1270,20220406-0105,fast
6:39 am – 3:15 pm +1,"American Airlines, Korean Air",EWR‐ICN,19h36m,1,DFW,10:45 am – 3:45 pm,Korean Air,ICN‐EWR,18h00m,1,DTW,2567,20220406-0105,fast
6:25 am – 3:20 pm +1,"Air Canada, Korean Air",EWR‐ICN,19h55m,1,YYZ,10:45 am – 3:45 pm,Korean Air,ICN‐EWR,18h00m,1,DTW,4251,20220406-0105,fast
8:00 am – 4:20 pm +1,Korean Air,EWR‐ICN,19h20m,1,ATL,5:25 pm – 11:28 pm,"Korean Air, American Airlines",ICN‐EWR,19h03m,1,DFW,3167,20220406-0105,fast
9:30 am – 4:30 pm +1,Korean Air,EWR‐ICN,18h00m,1,DTW,9:20 am – 4:45 pm,Korean Air,ICN‐EWR,20h25m,1,ATL,2517,20220406-0105,fast
8:00 am – 4:20 pm +1,Korean Air,EWR‐ICN,19h20m,1,ATL,9:35 am – 3:45 pm,"Korean Air, Air Canada",ICN‐EWR,19h10m,1,YYZ,8338,20220406-0105,fast
6:39 am – 3:15 pm +1,American Airlines,EWR‐ICN,19h36m,1,DFW,5:25 pm – 11:28 pm,American Airlines,ICN‐EWR,19h03m,1,DFW,3020,20220406-0105,fast
