Out Time,Out Airline,Out Cities,Out Duration,Out Stops,Out Stop Cities,Return Time,Return Airline,Return Cities,Return Duration,Return Stops,Return Stop Cities,Price,timestamp,sort
8:00 pm – 4:15 pm +2,Air Canada,EWR‐ICN,31h15m,2,"YUL, YVR",5:50 pm – 7:40 am +1,Air Canada,ICN‐EWR,26h50m,2,"YVR, YUL",928,20220409-0429,cheap
9:05 am – 5:10 pm +1,Air Canada,EWR‐ICN,19h05m,1,YYZ,5:50 pm – 7:40 am +1,Air Canada,ICN‐EWR,26h50m,2,"YVR, YUL",933,20220409-0429,cheap
9:05 am – 5:10 pm +1,Air Canada,EWR‐ICN,19h05m,1,YYZ,5:50 pm – 7:40 am +1,Air Canada,ICN‐EWR,26h50m,2,"YVR, YUL",933,20220409-0429,cheap
9:05 am – 5:10 pm +1,Air Canada,EWR‐ICN,19h05m,1,YYZ,5:50 pm – 7:45 am +1,Air Canada,ICN‐EWR,26h55m,2,"YVR, YQB",933,20220409-0429,cheap
9:05 am – 5:10 pm +1,Air Canada,EWR‐ICN,19h05m,1,YYZ,5:50 pm – 10:04 am +1,Air Canada,ICN‐EWR,29h14m,2,"YVR, YUL",933,20220409-0429,cheap
9:05 am – 5:10 pm +1,Air Canada,EWR‐ICN,19h05m,1,YYZ,5:50 pm – 10:04 am +1,Air Canada,ICN‐EWR,29h14m,2,"YVR, YUL",933,20220409-0429,cheap
9:05 am – 5:10 pm +1,Air Canada,EWR‐ICN,19h05m,1,YYZ,5:50 pm – 10:04 am +1,Air Canada,ICN‐EWR,29h14m,2,"YVR, YUL",933,20220409-0429,cheap
9:05 am – 5:10 pm +1,Air Canada,EWR‐ICN,19h05m,1,YYZ,5:50 pm – 7:58 am +1,Air Canada,ICN‐EWR,27h08m,2,"YVR, YYZ",960,20220409-0429,cheap
9:05 am – 5:10 pm +1,Air Canada,EWR‐ICN,19h05m,1,YYZ,5:50 pm – 7:58 am +1,Air Canada,ICN‐EWR,27h08m,2,"YVR, YYZ",960,20220409-0429,cheap
9:05 am – 5:10 pm +1,Air Canada,EWR‐ICN,19h05m,1,YYZ,5:50 pm – 7:58 am +1,Air Canada,ICN‐EWR,27h08m,2,"YVR, YYZ",960,20220409-0429,cheap
7:09 am – 3:15 pm +1,American Airlines,EWR‐ICN,19h06m,1,DFW,5:25 pm – 11:01 pm,American Airlines,ICN‐EWR,18h36m,1,DFW,1176,20220409-0429,cheap
5:20 am – 3:15 pm +1,American Airlines,EWR‐ICN,20h55m,1,DFW,5:25 pm – 11:01 pm,American Airlines,ICN‐EWR,18h36m,1,DFW,1176,20220409-0429,cheap
7:09 am – 3:15 pm +1,American Airlines,EWR‐ICN,19h06m,1,DFW,5:25 pm – 1:03 am +1,American Airlines,ICN‐EWR,20h38m,1,DFW,1176,20220409-0429,cheap
5:20 am – 3:15 pm +1,American Airlines,EWR‐ICN,20h55m,1,DFW,5:25 pm – 1:03 am +1,American Airlines,ICN‐EWR,20h38m,1,DFW,1176,20220409-0429,cheap
5:05 am – 3:15 pm +1,American Airlines,EWR‐ICN,21h10m,2,"CLT, DFW",5:25 pm – 11:01 pm,American Airlines,ICN‐EWR,18h36m,1,DFW,1179,20220409-0429,cheap
9:05 am – 5:10 pm +1,Air Canada,EWR‐ICN,19h05m,1,YYZ,5:50 pm – 7:58 am +1,Air Canada,ICN‐EWR,27h08m,2,"YVR, YYZ",1037,20220409-0427,best
7:09 am – 3:15 pm +1,American Airlines,EWR‐ICN,19h06m,1,DFW,5:25 pm – 11:01 pm,American Airlines,ICN‐EWR,18h36m,1,DFW,1176,20220409-0427,best
8:00 pm – 4:15 pm +2,Air Canada,EWR‐ICN,31h15m,2,"YUL, YVR",5:50 pm – 7:40 am +1,Air Canada,ICN‐EWR,26h50m,2,"YVR, YUL",928,20220409-0427,best
6:10 am – 2:45 pm +1,United Airlines,EWR‐ICN,19h35m,1,SFO,4:50 pm – 10:08 pm,United Airlines,ICN‐EWR,18h18m,1,SFO,1232,20220409-0427,best
7:09 am – 3:15 pm +1,American Airlines,EWR‐ICN,19h06m,1,DFW,5:25 pm – 1:03 am +1,American Airlines,ICN‐EWR,20h38m,1,DFW,1176,20220409-0427,best
7:09 am – 3:15 pm +1,American Airlines,EWR‐ICN,19h06m,1,DFW,5:25 pm – 12:13 am +1,American Airlines,ICN‐EWR,19h48m,2,"DFW, CLT",1222,20220409-0427,best
9:05 am – 5:10 pm +1,Air Canada,EWR‐ICN,19h05m,1,YYZ,5:50 pm – 7:40 am +1,Air Canada,ICN‐EWR,26h50m,2,"YVR, YUL",933,20220409-0427,best
9:05 am – 5:10 pm +1,Air Canada,EWR‐ICN,19h05m,1,YYZ,5:50 pm – 7:45 am +1,Air Canada,ICN‐EWR,26h55m,2,"YVR, YQB",933,20220409-0427,best
5:20 am – 3:15 pm +1,American Airlines,EWR‐ICN,20h55m,1,DFW,5:25 pm – 11:01 pm,American Airlines,ICN‐EWR,18h36m,1,DFW,1176,20220409-0427,best
7:09 am – 3:15 pm +1,American Airlines,EWR‐ICN,19h06m,1,DFW,5:25 pm – 1:05 am +1,American Airlines,ICN‐EWR,20h40m,2,"DFW, ORD",1180,20220409-0427,best
6:10 am – 2:45 pm +1,United Airlines,EWR‐ICN,19h35m,1,SFO,4:50 pm – 11:23 pm,United Airlines,ICN‐EWR,19h33m,2,"SFO, LAX",1236,20220409-0427,best
6:10 am – 2:45 pm +1,United Airlines,EWR‐ICN,19h35m,1,SFO,4:50 pm – 11:29 pm,United Airlines,ICN‐EWR,19h39m,2,"SFO, IAD",1236,20220409-0427,best
9:05 am – 5:10 pm +1,Air Canada,EWR‐ICN,19h05m,1,YYZ,5:50 pm – 7:40 am +1,Air Canada,ICN‐EWR,26h50m,2,"YVR, YUL",933,20220409-0427,best
6:10 am – 2:45 pm +1,United Airlines,EWR‐ICN,19h35m,1,SFO,4:50 pm – 11:58 pm,United Airlines,ICN‐EWR,20h08m,1,SFO,1232,20220409-0427,best
9:05 am – 5:10 pm +1,Air Canada,EWR‐ICN,19h05m,1,YYZ,5:50 pm – 7:58 am +1,Air Canada,ICN‐EWR,27h08m,2,"YVR, YYZ",960,20220409-0427,best
9:05 am – 5:10 pm +1,Air Canada,EWR‐ICN,19h05m,1,YYZ,5:50 pm – 7:58 am +1,Air Canada,ICN‐EWR,27h08m,2,"YVR, YYZ",960,20220409-0427,best
9:05 am – 5:10 pm +1,Air Canada,EWR‐ICN,19h05m,1,YYZ,5:50 pm – 7:58 am +1,Air Canada,ICN‐EWR,27h08m,2,"YVR, YYZ",960,20220409-0427,best
9:36 am – 4:30 pm +1,Korean Air,EWR‐ICN,17h54m,1,DTW,6:40 pm – 11:03 pm,Korean Air,ICN‐EWR,17h23m,1,ATL,1554,20220409-0432,fast
9:36 am – 4:30 pm +1,"Delta, Korean Air",EWR‐ICN,17h54m,1,DTW,6:40 pm – 11:03 pm,"Korean Air, Delta",ICN‐EWR,17h23m,1,ATL,1649,20220409-0432,fast
9:36 am – 4:30 pm +1,Korean Air,EWR‐ICN,17h54m,1,DTW,10:45 am – 3:49 pm,Korean Air,ICN‐EWR,18h04m,1,DTW,1520,20220409-0432,fast
9:36 am – 4:30 pm +1,"Delta, Korean Air",EWR‐ICN,17h54m,1,DTW,10:45 am – 3:49 pm,Korean Air,ICN‐EWR,18h04m,1,DTW,1567,20220409-0432,fast
8:45 am – 4:20 pm +1,Korean Air,EWR‐ICN,18h35m,1,ATL,6:40 pm – 11:03 pm,Korean Air,ICN‐EWR,17h23m,1,ATL,2807,20220409-0432,fast
8:40 am – 4:25 pm +1,"Delta, Korean Air",EWR‐ICN,18h45m,1,BOS,6:40 pm – 11:03 pm,"Korean Air, Delta",ICN‐EWR,17h23m,1,ATL,1724,20220409-0432,fast
9:36 am – 4:30 pm +1,Korean Air,EWR‐ICN,17h54m,1,DTW,8:40 pm – 1:58 am +1,Asiana Airlines,ICN‐EWR,18h18m,1,SFO,2216,20220409-0432,fast
7:00 am – 3:00 pm +1,Delta,EWR‐ICN,19h00m,1,ATL,6:40 pm – 11:03 pm,Delta,ICN‐EWR,17h23m,1,ATL,1565,20220409-0432,fast
7:15 am – 3:15 pm +1,"Alaska Airlines, Korean Air",EWR‐ICN,19h00m,1,SEA,6:40 pm – 11:03 pm,Korean Air,ICN‐EWR,17h23m,1,ATL,4658,20220409-0432,fast
8:45 am – 4:20 pm +1,Korean Air,EWR‐ICN,18h35m,1,ATL,10:45 am – 3:49 pm,Korean Air,ICN‐EWR,18h04m,1,DTW,2807,20220409-0432,fast
9:36 am – 4:30 pm +1,Korean Air,EWR‐ICN,17h54m,1,DTW,9:20 am – 3:13 pm,Korean Air,ICN‐EWR,18h53m,1,ATL,1968,20220409-0432,fast
8:40 am – 4:25 pm +1,Korean Air,EWR‐ICN,18h45m,1,BOS,10:45 am – 3:49 pm,Korean Air,ICN‐EWR,18h04m,1,DTW,1592,20220409-0432,fast
8:45 am – 4:20 pm +1,Korean Air,EWR‐ICN,18h35m,1,ATL,8:40 pm – 1:58 am +1,Asiana Airlines,ICN‐EWR,18h18m,1,SFO,2938,20220409-0432,fast
9:36 am – 4:30 pm +1,Korean Air,EWR‐ICN,17h54m,1,DTW,9:30 am – 3:33 pm,Korean Air,ICN‐EWR,19h03m,1,BOS,1829,20220409-0432,fast
9:36 am – 4:30 pm +1,"Delta, Korean Air",EWR‐ICN,17h54m,1,DTW,9:30 am – 3:33 pm,"Korean Air, Delta",ICN‐EWR,19h03m,1,BOS,1841,20220409-0432,fast
