Out Time,Out Airline,Out Cities,Out Duration,Out Stops,Out Stop Cities,Return Time,Return Airline,Return Cities,Return Duration,Return Stops,Return Stop Cities,Price,timestamp,sort
7:55 pm – 5:10 pm +2,Air Canada,EWR‐ICN,32h15m,2,"YUL, YYZ",5:50 pm – 2:57 pm +1,Air Canada,ICN‐EWR,34h07m,2,"YVR, YUL",1023,20220405-2323,cheap
8:15 pm – 2:55 pm +2,United Airlines,EWR‐ICN,29h40m,1,SFO,4:50 pm – 9:49 pm,United Airlines,ICN‐EWR,17h59m,1,SFO,1232,20220405-2323,cheap
9:05 am – 5:10 pm +1,Air Canada,EWR‐ICN,19h05m,1,YYZ,5:50 pm – 9:57 am +1,Air Canada,ICN‐EWR,29h07m,2,"YVR, YUL",1354,20220405-2323,cheap
9:05 am – 5:10 pm +1,Air Canada,EWR‐ICN,19h05m,1,YYZ,5:50 pm – 9:57 am +1,Air Canada,ICN‐EWR,29h07m,2,"YVR, YUL",1354,20220405-2323,cheap
7:34 pm – 2:55 pm +2,United Airlines,EWR‐ICN,30h21m,2,"IAD, SFO",4:50 pm – 9:49 pm,United Airlines,ICN‐EWR,17h59m,1,SFO,1536,20220405-2323,cheap
6:30 am – 2:55 pm +1,United Airlines,EWR‐ICN,19h25m,1,SFO,4:50 pm – 12:49 am +1,United Airlines,ICN‐EWR,20h59m,1,SFO,1700,20220405-2323,cheap
6:30 am – 2:55 pm +1,United Airlines,EWR‐ICN,19h25m,1,SFO,4:50 pm – 5:12 am +1,United Airlines,ICN‐EWR,25h22m,1,SFO,1700,20220405-2323,cheap
10:00 pm – 2:55 pm +2,United Airlines,EWR‐ICN,27h55m,2,"ORD, SFO",4:50 pm – 9:49 pm,United Airlines,ICN‐EWR,17h59m,1,SFO,1775,20220405-2323,cheap
10:00 pm – 2:55 pm +2,United Airlines,EWR‐ICN,27h55m,2,"ORD, SFO",4:50 pm – 11:34 pm,United Airlines,ICN‐EWR,19h44m,2,"SFO, DEN",1779,20220405-2323,cheap
5:00 am – 2:55 pm +1,United Airlines,EWR‐ICN,20h55m,2,"ORD, SFO",4:50 pm – 9:49 pm,United Airlines,ICN‐EWR,17h59m,1,SFO,1786,20220405-2323,cheap
9:00 am – 4:25 pm +1,Korean Air,EWR‐ICN,18h25m,1,BOS,4:50 pm – 12:49 am +1,United Airlines,ICN‐EWR,20h59m,1,SFO,1786,20220405-2323,cheap
5:00 am – 2:55 pm +1,United Airlines,EWR‐ICN,20h55m,2,"ORD, SFO",4:50 pm – 12:49 am +1,United Airlines,ICN‐EWR,20h59m,1,SFO,1786,20220405-2323,cheap
6:00 am – 3:50 pm +1,"Delta, Korean Air",EWR‐ICN,20h50m,1,ATL,4:50 pm – 12:49 am +1,United Airlines,ICN‐EWR,20h59m,1,SFO,1788,20220405-2323,cheap
7:20 am – 5:45 pm +1,"Alaska Airlines, Asiana Airlines",EWR‐ICN,21h25m,1,SEA,6:20 pm – 6:05 am +1,"Asiana Airlines, Alaska Airlines",ICN‐EWR,24h45m,1,SEA,1832,20220405-2323,cheap
6:00 am – 3:15 pm +1,Delta,EWR‐ICN,20h15m,2,"DTW, SEA",2:30 pm – 10:59 pm,Delta,ICN‐EWR,21h29m,2,"LAX, ATL",1894,20220405-2323,cheap
8:15 pm – 2:55 pm +2,United Airlines,EWR‐ICN,29h40m,1,SFO,4:50 pm – 9:49 pm,United Airlines,ICN‐EWR,17h59m,1,SFO,1232,20220405-2321,best
7:55 pm – 5:10 pm +2,Air Canada,EWR‐ICN,32h15m,2,"YUL, YYZ",5:50 pm – 2:57 pm +1,Air Canada,ICN‐EWR,34h07m,2,"YVR, YUL",1023,20220405-2321,best
6:30 am – 2:55 pm +1,United Airlines,EWR‐ICN,19h25m,1,SFO,4:50 pm – 12:49 am +1,United Airlines,ICN‐EWR,20h59m,1,SFO,1700,20220405-2321,best
9:05 am – 5:10 pm +1,Air Canada,EWR‐ICN,19h05m,1,YYZ,5:50 pm – 9:57 am +1,Air Canada,ICN‐EWR,29h07m,2,"YVR, YUL",1354,20220405-2321,best
9:05 am – 5:10 pm +1,Air Canada,EWR‐ICN,19h05m,1,YYZ,5:50 pm – 9:57 am +1,Air Canada,ICN‐EWR,29h07m,2,"YVR, YUL",1354,20220405-2321,best
5:00 am – 2:55 pm +1,United Airlines,EWR‐ICN,20h55m,2,"ORD, SFO",4:50 pm – 9:49 pm,United Airlines,ICN‐EWR,17h59m,1,SFO,1786,20220405-2321,best
9:00 am – 4:25 pm +1,Korean Air,EWR‐ICN,18h25m,1,BOS,9:30 am – 2:49 pm,Korean Air,ICN‐EWR,18h19m,1,BOS,2090,20220405-2321,best
6:30 am – 2:55 pm +1,United Airlines,EWR‐ICN,19h25m,1,SFO,4:50 pm – 5:12 am +1,United Airlines,ICN‐EWR,25h22m,1,SFO,1700,20220405-2321,best
6:00 am – 3:15 pm +1,Delta,EWR‐ICN,20h15m,2,"DTW, SEA",9:30 am – 2:49 pm,Delta,ICN‐EWR,18h19m,1,BOS,1994,20220405-2321,best
8:00 am – 3:50 pm +1,Korean Air,EWR‐ICN,18h50m,1,ATL,9:30 am – 2:49 pm,Korean Air,ICN‐EWR,18h19m,1,BOS,2124,20220405-2321,best
7:34 pm – 2:55 pm +2,United Airlines,EWR‐ICN,30h21m,2,"IAD, SFO",4:50 pm – 9:49 pm,United Airlines,ICN‐EWR,17h59m,1,SFO,1536,20220405-2321,best
9:00 am – 4:25 pm +1,Delta,EWR‐ICN,18h25m,1,BOS,9:30 am – 2:49 pm,Delta,ICN‐EWR,18h19m,1,BOS,2165,20220405-2321,best
5:00 am – 2:55 pm +1,United Airlines,EWR‐ICN,20h55m,2,"ORD, SFO",4:50 pm – 12:49 am +1,United Airlines,ICN‐EWR,20h59m,1,SFO,1786,20220405-2321,best
8:00 am – 3:50 pm +1,Delta,EWR‐ICN,18h50m,1,ATL,9:30 am – 2:49 pm,Delta,ICN‐EWR,18h19m,1,BOS,2165,20220405-2321,best
7:00 am – 3:50 pm +1,Korean Air,EWR‐ICN,19h50m,1,ATL,9:30 am – 2:49 pm,Korean Air,ICN‐EWR,18h19m,1,BOS,2124,20220405-2321,best
6:00 am – 3:15 pm +1,Delta,EWR‐ICN,20h15m,2,"DTW, SEA",2:30 pm – 10:59 pm,Delta,ICN‐EWR,21h29m,2,"LAX, ATL",1894,20220405-2321,best
9:00 am – 4:25 pm +1,Korean Air,EWR‐ICN,18h25m,1,BOS,9:30 am – 2:49 pm,Korean Air,ICN‐EWR,18h19m,1,BOS,2090,20220405-2326,fast
9:00 am – 4:25 pm +1,Delta,EWR‐ICN,18h25m,1,BOS,9:30 am – 2:49 pm,Delta,ICN‐EWR,18h19m,1,BOS,2165,20220405-2326,fast
8:00 am – 3:50 pm +1,Korean Air,EWR‐ICN,18h50m,1,ATL,9:30 am – 2:49 pm,Korean Air,ICN‐EWR,18h19m,1,BOS,2124,20220405-2326,fast
8:00 am – 3:50 pm +1,Delta,EWR‐ICN,18h50m,1,ATL,9:30 am – 2:49 pm,Delta,ICN‐EWR,18h19m,1,BOS,2165,20220405-2326,fast
9:00 am – 4:25 pm +1,Korean Air,EWR‐ICN,18h25m,1,BOS,9:20 am – 3:14 pm,Korean Air,ICN‐EWR,18h54m,1,ATL,2209,20220405-2326,fast
8:00 am – 4:20 pm +1,Korean Air,EWR‐ICN,19h20m,1,ATL,9:30 am – 2:49 pm,Korean Air,ICN‐EWR,18h19m,1,BOS,2518,20220405-2326,fast
8:00 am – 3:50 pm +1,Korean Air,EWR‐ICN,18h50m,1,ATL,9:20 am – 3:14 pm,Korean Air,ICN‐EWR,18h54m,1,ATL,2244,20220405-2326,fast
7:00 am – 3:50 pm +1,Korean Air,EWR‐ICN,19h50m,1,ATL,9:30 am – 2:49 pm,Korean Air,ICN‐EWR,18h19m,1,BOS,2124,20220405-2326,fast
8:00 am – 4:20 pm +1,Korean Air,EWR‐ICN,19h20m,1,ATL,9:20 am – 3:14 pm,Korean Air,ICN‐EWR,18h54m,1,ATL,2643,20220405-2326,fast
6:00 am – 3:15 pm +1,Delta,EWR‐ICN,20h15m,2,"DTW, SEA",9:30 am – 2:49 pm,Delta,ICN‐EWR,18h19m,1,BOS,1994,20220405-2326,fast
7:00 am – 3:50 pm +1,Korean Air,EWR‐ICN,19h50m,1,ATL,9:20 am – 3:14 pm,Korean Air,ICN‐EWR,18h54m,1,ATL,2244,20220405-2326,fast
9:00 am – 4:25 pm +1,Korean Air,EWR‐ICN,18h25m,1,BOS,9:20 am – 4:43 pm,Korean Air,ICN‐EWR,20h23m,1,ATL,2327,20220405-2326,fast
5:00 am – 2:55 pm +1,United Airlines,EWR‐ICN,20h55m,2,"ORD, SFO",4:50 pm – 9:49 pm,United Airlines,ICN‐EWR,17h59m,1,SFO,1786,20220405-2326,fast
6:00 am – 3:50 pm +1,"Delta, Korean Air",EWR‐ICN,20h50m,1,ATL,9:30 am – 2:49 pm,"Korean Air, Delta",ICN‐EWR,18h19m,1,BOS,2166,20220405-2326,fast
9:00 am – 4:25 pm +1,Korean Air,EWR‐ICN,18h25m,1,BOS,4:50 pm – 12:49 am +1,United Airlines,ICN‐EWR,20h59m,1,SFO,1786,20220405-2326,fast
