Out Time,Out Airline,Out Cities,Out Duration,Out Stops,Out Stop Cities,Return Time,Return Airline,Return Cities,Return Duration,Return Stops,Return Stop Cities,Price,timestamp,sort
9:05 am – 5:10 pm +1,Air Canada,EWR‐ICN,19h05m,1,YYZ,5:50 pm – 7:52 am +1,Air Canada,ICN‐EWR,27h02m,2,"YVR, YQB",1871,20220406-0225,cheap
9:05 am – 5:10 pm +1,Air Canada,EWR‐ICN,19h05m,1,YYZ,5:50 pm – 8:34 am +1,Air Canada,ICN‐EWR,27h44m,2,"YVR, YUL",1871,20220406-0225,cheap
8:01 am – 5:10 pm +1,Air Canada,EWR‐ICN,20h09m,1,YYZ,5:50 pm – 7:52 am +1,Air Canada,ICN‐EWR,27h02m,2,"YVR, YQB",1871,20220406-0225,cheap
8:01 am – 5:10 pm +1,Air Canada,EWR‐ICN,20h09m,1,YYZ,5:50 pm – 8:34 am +1,Air Canada,ICN‐EWR,27h44m,2,"YVR, YUL",1871,20220406-0225,cheap
9:05 am – 5:10 pm +1,Air Canada,EWR‐ICN,19h05m,1,YYZ,5:50 pm – 9:57 am +1,Air Canada,ICN‐EWR,29h07m,2,"YVR, YUL",1871,20220406-0225,cheap
9:05 am – 5:10 pm +1,Air Canada,EWR‐ICN,19h05m,1,YYZ,5:50 pm – 9:57 am +1,Air Canada,ICN‐EWR,29h07m,2,"YVR, YUL",1871,20220406-0225,cheap
9:05 am – 5:10 pm +1,Air Canada,EWR‐ICN,19h05m,1,YYZ,5:50 pm – 7:56 am +1,Air Canada,ICN‐EWR,27h06m,2,"YVR, YYZ",1899,20220406-0225,cheap
9:05 am – 5:10 pm +1,Air Canada,EWR‐ICN,19h05m,1,YYZ,5:50 pm – 7:56 am +1,Air Canada,ICN‐EWR,27h06m,2,"YVR, YYZ",1899,20220406-0225,cheap
9:05 am – 5:10 pm +1,Air Canada,EWR‐ICN,19h05m,1,YYZ,5:50 pm – 7:56 am +1,Air Canada,ICN‐EWR,27h06m,2,"YVR, YYZ",1899,20220406-0225,cheap
8:01 am – 5:10 pm +1,Air Canada,EWR‐ICN,20h09m,1,YYZ,5:50 pm – 7:56 am +1,Air Canada,ICN‐EWR,27h06m,2,"YVR, YYZ",1899,20220406-0225,cheap
8:01 am – 5:10 pm +1,Air Canada,EWR‐ICN,20h09m,1,YYZ,5:50 pm – 7:56 am +1,Air Canada,ICN‐EWR,27h06m,2,"YVR, YYZ",1899,20220406-0225,cheap
8:01 am – 5:10 pm +1,Air Canada,EWR‐ICN,20h09m,1,YYZ,5:50 pm – 7:56 am +1,Air Canada,ICN‐EWR,27h06m,2,"YVR, YYZ",1899,20220406-0225,cheap
9:30 am – 4:30 pm +1,"Delta, Korean Air",EWR‐ICN,18h00m,1,DTW,6:40 pm – 12:48 am +1,"Korean Air, Delta",ICN‐EWR,19h08m,1,ATL,2015,20220406-0225,cheap
9:30 am – 4:30 pm +1,Korean Air,EWR‐ICN,18h00m,1,DTW,10:45 am – 3:45 pm,Korean Air,ICN‐EWR,18h00m,1,DTW,2040,20220406-0225,cheap
9:05 am – 5:10 pm +1,Air Canada,EWR‐ICN,19h05m,1,YYZ,8:40 pm – 7:00 am +1,"Asiana Airlines, Alaska Airlines",ICN‐EWR,23h20m,1,LAX,2075,20220406-0225,cheap
11:50 pm – 6:10 pm +2,Turkish Airlines,EWR‐ICN,29h20m,1,IST,6:40 pm – 10:59 pm,Korean Air,ICN‐EWR,17h19m,1,ATL,2436,20220406-0223,best
9:30 am – 4:30 pm +1,Korean Air,EWR‐ICN,18h00m,1,DTW,10:45 am – 3:45 pm,Korean Air,ICN‐EWR,18h00m,1,DTW,2040,20220406-0223,best
9:05 am – 5:10 pm +1,Air Canada,EWR‐ICN,19h05m,1,YYZ,5:50 pm – 7:52 am +1,Air Canada,ICN‐EWR,27h02m,2,"YVR, YQB",1871,20220406-0223,best
9:30 am – 4:30 pm +1,"Delta, Korean Air",EWR‐ICN,18h00m,1,DTW,6:40 pm – 12:48 am +1,"Korean Air, Delta",ICN‐EWR,19h08m,1,ATL,2015,20220406-0223,best
9:30 am – 4:30 pm +1,"Delta, Korean Air",EWR‐ICN,18h00m,1,DTW,6:40 pm – 10:59 pm,"Korean Air, Delta",ICN‐EWR,17h19m,1,ATL,2266,20220406-0223,best
8:40 am – 4:25 pm +1,Korean Air,EWR‐ICN,18h45m,1,BOS,10:45 am – 3:45 pm,Korean Air,ICN‐EWR,18h00m,1,DTW,2173,20220406-0223,best
9:30 am – 4:30 pm +1,Korean Air,EWR‐ICN,18h00m,1,DTW,9:30 am – 2:49 pm,Korean Air,ICN‐EWR,18h19m,1,BOS,2374,20220406-0223,best
9:30 am – 4:30 pm +1,Korean Air,EWR‐ICN,18h00m,1,DTW,9:20 am – 3:14 pm,Korean Air,ICN‐EWR,18h54m,1,ATL,2375,20220406-0223,best
8:40 am – 4:25 pm +1,Korean Air,EWR‐ICN,18h45m,1,BOS,6:40 pm – 10:59 pm,Korean Air,ICN‐EWR,17h19m,1,ATL,2495,20220406-0223,best
6:05 am – 4:40 pm +1,Delta,EWR‐ICN,21h35m,2,"DTW, SEA",6:40 pm – 10:59 pm,Delta,ICN‐EWR,17h19m,1,ATL,2269,20220406-0223,best
6:05 am – 4:40 pm +1,Delta,EWR‐ICN,21h35m,2,"DTW, SEA",10:45 am – 3:45 pm,Delta,ICN‐EWR,18h00m,1,DTW,2269,20220406-0223,best
6:00 am – 5:50 pm +1,Delta,EWR‐ICN,22h50m,2,"ATL, LAX",6:40 pm – 10:59 pm,Delta,ICN‐EWR,17h19m,1,ATL,2269,20220406-0223,best
8:00 am – 4:20 pm +1,Korean Air,EWR‐ICN,19h20m,1,ATL,6:40 pm – 10:59 pm,Korean Air,ICN‐EWR,17h19m,1,ATL,2738,20220406-0223,best
6:05 am – 4:40 pm +1,Delta,EWR‐ICN,21h35m,2,"DTW, SEA",6:40 pm – 12:48 am +1,Delta,ICN‐EWR,19h08m,1,ATL,2269,20220406-0223,best
6:00 am – 5:50 pm +1,Delta,EWR‐ICN,22h50m,2,"ATL, LAX",10:45 am – 3:45 pm,Delta,ICN‐EWR,18h00m,1,DTW,2269,20220406-0223,best
8:40 am – 4:25 pm +1,Korean Air,EWR‐ICN,18h45m,1,BOS,9:20 am – 3:14 pm,Korean Air,ICN‐EWR,18h54m,1,ATL,2718,20220406-0223,best
8:00 am – 4:20 pm +1,Korean Air,EWR‐ICN,19h20m,1,ATL,10:45 am – 3:45 pm,Korean Air,ICN‐EWR,18h00m,1,DTW,2768,20220406-0223,best
11:25 am – 5:30 pm +1,"ANA, Korean Air",EWR‐ICN,17h05m,1,NRT,6:40 pm – 10:59 pm,Korean Air,ICN‐EWR,17h19m,1,ATL,6355,20220406-0227,fast
9:30 am – 4:30 pm +1,"Delta, Korean Air",EWR‐ICN,18h00m,1,DTW,6:40 pm – 10:59 pm,"Korean Air, Delta",ICN‐EWR,17h19m,1,ATL,2266,20220406-0227,fast
11:25 am – 5:30 pm +1,"ANA, Korean Air",EWR‐ICN,17h05m,1,NRT,9:30 am – 2:49 pm,Korean Air,ICN‐EWR,18h19m,1,BOS,6355,20220406-0227,fast
9:30 am – 4:30 pm +1,"Delta, Korean Air",EWR‐ICN,18h00m,1,DTW,6:20 pm – 11:08 pm,"Asiana Airlines, United Airlines",ICN‐EWR,17h48m,1,SEA,2466,20220406-0227,fast
11:25 am – 5:30 pm +1,"ANA, Korean Air",EWR‐ICN,17h05m,1,NRT,9:20 am – 3:14 pm,Korean Air,ICN‐EWR,18h54m,1,ATL,6355,20220406-0227,fast
9:30 am – 4:30 pm +1,Korean Air,EWR‐ICN,18h00m,1,DTW,10:45 am – 3:45 pm,Korean Air,ICN‐EWR,18h00m,1,DTW,2040,20220406-0227,fast
8:40 am – 4:25 pm +1,Korean Air,EWR‐ICN,18h45m,1,BOS,6:40 pm – 10:59 pm,Korean Air,ICN‐EWR,17h19m,1,ATL,2495,20220406-0227,fast
9:30 am – 4:30 pm +1,Korean Air,EWR‐ICN,18h00m,1,DTW,9:30 am – 2:49 pm,Korean Air,ICN‐EWR,18h19m,1,BOS,2374,20220406-0227,fast
8:00 am – 4:20 pm +1,Korean Air,EWR‐ICN,19h20m,1,ATL,6:40 pm – 10:59 pm,Korean Air,ICN‐EWR,17h19m,1,ATL,2738,20220406-0227,fast
8:40 am – 4:25 pm +1,Korean Air,EWR‐ICN,18h45m,1,BOS,10:45 am – 3:45 pm,Korean Air,ICN‐EWR,18h00m,1,DTW,2173,20220406-0227,fast
7:45 am – 4:15 pm +1,"American Airlines, Korean Air",EWR‐ICN,19h30m,1,ORD,6:40 pm – 10:59 pm,Korean Air,ICN‐EWR,17h19m,1,ATL,3230,20220406-0227,fast
9:30 am – 4:30 pm +1,Korean Air,EWR‐ICN,18h00m,1,DTW,9:20 am – 3:14 pm,Korean Air,ICN‐EWR,18h54m,1,ATL,2375,20220406-0227,fast
9:05 am – 5:10 pm +1,Air Canada,EWR‐ICN,19h05m,1,YYZ,10:45 am – 3:45 pm,"Korean Air, Delta",ICN‐EWR,18h00m,1,DTW,2184,20220406-0227,fast
9:30 am – 4:30 pm +1,"Delta, Korean Air",EWR‐ICN,18h00m,1,DTW,6:40 pm – 12:48 am +1,"Korean Air, Delta",ICN‐EWR,19h08m,1,ATL,2015,20220406-0227,fast
7:45 am – 4:15 pm +1,"American Airlines, Korean Air",EWR‐ICN,19h30m,1,ORD,6:20 pm – 11:08 pm,"Asiana Airlines, United Airlines",ICN‐EWR,17h48m,1,SEA,3116,20220406-0227,fast
