Out Time,Out Airline,Out Cities,Out Duration,Out Stops,Out Stop Cities,Return Time,Return Airline,Return Cities,Return Duration,Return Stops,Return Stop Cities,Price,timestamp,sort
10:55 pm – 6:25 am +3,LOT,EWR‐ICN,42h30m,1,WAW,11:20 am – 5:50 pm +1,LOT,ICN‐EWR,43h30m,1,WAW,1359,20220406-0403,cheap
6:25 am – 4:00 pm +1,Air Canada,EWR‐ICN,20h35m,2,"YYZ, YVR",5:45 pm – 7:42 am +1,Air Canada,ICN‐EWR,26h57m,2,"YVR, YUL",1396,20220406-0403,cheap
6:25 am – 4:00 pm +1,Air Canada,EWR‐ICN,20h35m,2,"YYZ, YVR",5:45 pm – 7:42 am +1,Air Canada,ICN‐EWR,26h57m,2,"YVR, YUL",1396,20220406-0403,cheap
6:25 am – 4:00 pm +1,Air Canada,EWR‐ICN,20h35m,2,"YYZ, YVR",6:40 pm – 10:01 pm,Air Canada,ICN‐EWR,16h21m,1,YYZ,1477,20220406-0403,cheap
6:25 am – 4:00 pm +1,Air Canada,EWR‐ICN,20h35m,2,"YYZ, YVR",5:45 pm – 7:56 am +1,Air Canada,ICN‐EWR,27h11m,2,"YVR, YYZ",1622,20220406-0403,cheap
6:25 am – 4:00 pm +1,Air Canada,EWR‐ICN,20h35m,2,"YYZ, YVR",5:45 pm – 7:56 am +1,Air Canada,ICN‐EWR,27h11m,2,"YVR, YYZ",1622,20220406-0403,cheap
6:25 am – 4:00 pm +1,Air Canada,EWR‐ICN,20h35m,2,"YYZ, YVR",5:45 pm – 7:56 am +1,Air Canada,ICN‐EWR,27h11m,2,"YVR, YYZ",1622,20220406-0403,cheap
6:25 am – 4:00 pm +1,Air Canada,EWR‐ICN,20h35m,2,"YYZ, YVR",4:40 pm – 1:07 am +1,United Airlines,ICN‐EWR,21h27m,1,SFO,1625,20220406-0403,cheap
6:25 am – 4:00 pm +1,Air Canada,EWR‐ICN,20h35m,2,"YYZ, YVR",6:40 pm – 7:56 am +1,Air Canada,ICN‐EWR,26h16m,1,YYZ,1628,20220406-0403,cheap
6:25 am – 4:00 pm +1,Air Canada,EWR‐ICN,20h35m,2,"YYZ, YVR",4:40 pm – 11:54 pm,United Airlines,ICN‐EWR,20h14m,2,"SFO, IAD",1630,20220406-0403,cheap
8:45 pm – 8:45 am +2,Lufthansa,EWR‐ICN,23h00m,1,MUC,10:15 am – 7:10 pm,Lufthansa,ICN‐EWR,21h55m,1,MUC,1797,20220406-0403,cheap
5:40 pm – 8:45 am +2,Lufthansa,EWR‐ICN,26h05m,1,MUC,10:15 am – 7:10 pm,Lufthansa,ICN‐EWR,21h55m,1,MUC,1797,20220406-0403,cheap
9:45 pm – 11:15 am +2,Lufthansa,EWR‐ICN,24h30m,1,FRA,10:15 am – 7:10 pm,Lufthansa,ICN‐EWR,21h55m,1,MUC,1814,20220406-0403,cheap
6:30 pm – 8:45 am +2,Lufthansa,EWR‐ICN,25h15m,2,"CDG, MUC",10:15 am – 7:10 pm,Lufthansa,ICN‐EWR,21h55m,1,MUC,1814,20220406-0403,cheap
6:15 pm – 8:45 am +2,Lufthansa,EWR‐ICN,25h30m,2,"ZRH, MUC",10:15 am – 7:10 pm,Lufthansa,ICN‐EWR,21h55m,1,MUC,1814,20220406-0403,cheap
10:55 pm – 6:25 am +3,LOT,EWR‐ICN,42h30m,1,WAW,11:20 am – 5:50 pm +1,LOT,ICN‐EWR,43h30m,1,WAW,1401,20220406-0401,best
6:25 am – 4:00 pm +1,Air Canada,EWR‐ICN,20h35m,2,"YYZ, YVR",6:40 pm – 10:01 pm,Air Canada,ICN‐EWR,16h21m,1,YYZ,1477,20220406-0401,best
10:55 pm – 6:25 am +3,LOT,EWR‐ICN,42h30m,1,WAW,11:20 am – 5:50 pm +1,LOT,ICN‐EWR,43h30m,1,WAW,1359,20220406-0401,best
8:45 am – 4:20 pm +1,Korean Air,EWR‐ICN,18h35m,1,ATL,6:40 pm – 11:23 pm,Korean Air,ICN‐EWR,17h43m,1,ATL,2278,20220406-0401,best
8:45 am – 4:20 pm +1,Korean Air,EWR‐ICN,18h35m,1,ATL,10:45 am – 3:57 pm,Korean Air,ICN‐EWR,18h12m,1,DTW,2279,20220406-0401,best
6:35 am – 4:00 pm +1,"United Airlines, Air Canada",EWR‐ICN,20h25m,2,"ORD, YVR",6:40 pm – 10:01 pm,Air Canada,ICN‐EWR,16h21m,1,YYZ,2120,20220406-0401,best
5:05 pm – 4:30 am +2,"Alaska Airlines, Asiana Airlines",EWR‐ICN,22h25m,1,SFO,6:40 pm – 10:01 pm,Air Canada,ICN‐EWR,16h21m,1,YYZ,2119,20220406-0401,best
7:00 am – 3:50 pm +1,Korean Air,EWR‐ICN,19h50m,1,ATL,6:40 pm – 11:23 pm,Korean Air,ICN‐EWR,17h43m,1,ATL,2277,20220406-0401,best
7:00 am – 3:50 pm +1,Korean Air,EWR‐ICN,19h50m,1,ATL,10:45 am – 3:57 pm,Korean Air,ICN‐EWR,18h12m,1,DTW,2278,20220406-0401,best
7:00 am – 4:20 pm +1,Korean Air,EWR‐ICN,20h20m,1,ATL,6:40 pm – 11:23 pm,Korean Air,ICN‐EWR,17h43m,1,ATL,2278,20220406-0401,best
7:00 am – 4:20 pm +1,Korean Air,EWR‐ICN,20h20m,1,ATL,10:45 am – 3:57 pm,Korean Air,ICN‐EWR,18h12m,1,DTW,2279,20220406-0401,best
5:00 am – 4:00 pm +1,"United Airlines, Air Canada",EWR‐ICN,22h00m,2,"ORD, YVR",6:40 pm – 10:01 pm,Air Canada,ICN‐EWR,16h21m,1,YYZ,2120,20220406-0401,best
6:29 am – 2:45 pm +1,United Airlines,EWR‐ICN,19h16m,1,SFO,4:40 pm – 1:07 am +1,United Airlines,ICN‐EWR,21h27m,1,SFO,2139,20220406-0401,best
8:45 pm – 8:45 am +2,Lufthansa,EWR‐ICN,23h00m,1,MUC,10:15 am – 7:10 pm,Lufthansa,ICN‐EWR,21h55m,1,MUC,1797,20220406-0401,best
9:45 pm – 8:45 am +2,Lufthansa,EWR‐ICN,22h00m,2,"FRA, MUC",10:15 am – 7:10 pm,Lufthansa,ICN‐EWR,21h55m,1,MUC,1832,20220406-0401,best
6:29 am – 2:45 pm +1,United Airlines,EWR‐ICN,19h16m,1,SFO,4:40 pm – 9:25 pm,United Airlines,ICN‐EWR,17h45m,1,SFO,2789,20220406-0401,best
7:12 am – 5:45 pm +1,Asiana Airlines,EWR‐ICN,21h33m,1,SEA,2:40 pm – 8:59 pm,Asiana Airlines,ICN‐EWR,19h19m,1,LAX,2369,20220406-0401,best
8:45 am – 4:20 pm +1,Korean Air,EWR‐ICN,18h35m,1,ATL,6:40 pm – 11:23 pm,Korean Air,ICN‐EWR,17h43m,1,ATL,2278,20220406-0406,fast
6:35 am – 4:00 pm +1,"United Airlines, Air Canada",EWR‐ICN,20h25m,2,"ORD, YVR",6:40 pm – 10:01 pm,Air Canada,ICN‐EWR,16h21m,1,YYZ,2120,20220406-0406,fast
8:45 am – 4:20 pm +1,Korean Air,EWR‐ICN,18h35m,1,ATL,10:45 am – 3:57 pm,Korean Air,ICN‐EWR,18h12m,1,DTW,2279,20220406-0406,fast
6:25 am – 4:00 pm +1,Air Canada,EWR‐ICN,20h35m,2,"YYZ, YVR",6:40 pm – 10:01 pm,Air Canada,ICN‐EWR,16h21m,1,YYZ,1477,20220406-0406,fast
6:29 am – 2:45 pm +1,United Airlines,EWR‐ICN,19h16m,1,SFO,4:40 pm – 9:25 pm,United Airlines,ICN‐EWR,17h45m,1,SFO,2789,20220406-0406,fast
7:00 am – 3:50 pm +1,Korean Air,EWR‐ICN,19h50m,1,ATL,6:40 pm – 11:23 pm,Korean Air,ICN‐EWR,17h43m,1,ATL,2277,20220406-0406,fast
7:20 am – 5:45 pm +1,"Alaska Airlines, Asiana Airlines",EWR‐ICN,21h25m,1,SEA,6:40 pm – 10:01 pm,Air Canada,ICN‐EWR,16h21m,1,YYZ,2119,20220406-0406,fast
8:45 am – 4:20 pm +1,"Delta, Korean Air",EWR‐ICN,18h35m,1,ATL,9:20 am – 3:35 pm,Korean Air,ICN‐EWR,19h15m,1,ATL,4542,20220406-0406,fast
8:45 am – 4:20 pm +1,Korean Air,EWR‐ICN,18h35m,1,ATL,2:40 pm – 8:59 pm,Asiana Airlines,ICN‐EWR,19h19m,1,LAX,3913,20220406-0406,fast
7:00 am – 3:50 pm +1,Korean Air,EWR‐ICN,19h50m,1,ATL,10:45 am – 3:57 pm,Korean Air,ICN‐EWR,18h12m,1,DTW,2278,20220406-0406,fast
7:00 am – 4:20 pm +1,Korean Air,EWR‐ICN,20h20m,1,ATL,6:40 pm – 11:23 pm,Korean Air,ICN‐EWR,17h43m,1,ATL,2278,20220406-0406,fast
6:59 am – 3:15 pm +1,American Airlines,EWR‐ICN,19h16m,1,DFW,5:25 pm – 11:26 pm,American Airlines,ICN‐EWR,19h01m,1,DFW,3020,20220406-0406,fast
6:25 am – 4:00 pm +1,Air Canada,EWR‐ICN,20h35m,2,"YYZ, YVR",6:40 pm – 11:23 pm,"Korean Air, Delta",ICN‐EWR,17h43m,1,ATL,2122,20220406-0406,fast
8:45 am – 4:20 pm +1,"Delta, Korean Air",EWR‐ICN,18h35m,1,ATL,10:00 am – 4:45 pm,ANA,ICN‐EWR,19h45m,1,NRT,4579,20220406-0406,fast
5:00 am – 4:00 pm +1,"United Airlines, Air Canada",EWR‐ICN,22h00m,2,"ORD, YVR",6:40 pm – 10:01 pm,Air Canada,ICN‐EWR,16h21m,1,YYZ,2120,20220406-0406,fast
