Out Time,Out Airline,Out Cities,Out Duration,Out Stops,Out Stop Cities,Return Time,Return Airline,Return Cities,Return Duration,Return Stops,Return Stop Cities,Price,timestamp,sort
6:15 pm – 4:00 pm +2,Air Canada,EWR‐ICN,32h45m,1,YVR,5:45 pm – 7:40 am +1,Air Canada,ICN‐EWR,26h55m,2,"YVR, YUL",1215,20220409-0004,cheap
9:05 am – 5:10 pm +1,Air Canada,EWR‐ICN,19h05m,1,YYZ,5:45 pm – 7:40 am +1,Air Canada,ICN‐EWR,26h55m,2,"YVR, YUL",1220,20220409-0004,cheap
9:05 am – 5:10 pm +1,Air Canada,EWR‐ICN,19h05m,1,YYZ,5:45 pm – 7:40 am +1,Air Canada,ICN‐EWR,26h55m,2,"YVR, YUL",1220,20220409-0004,cheap
9:05 am – 5:10 pm +1,Air Canada,EWR‐ICN,19h05m,1,YYZ,5:45 pm – 7:45 am +1,Air Canada,ICN‐EWR,27h00m,2,"YVR, YQB",1220,20220409-0004,cheap
9:05 am – 5:10 pm +1,Air Canada,EWR‐ICN,19h05m,1,YYZ,5:45 pm – 9:59 am +1,Air Canada,ICN‐EWR,29h14m,2,"YVR, YUL",1220,20220409-0004,cheap
9:05 am – 5:10 pm +1,Air Canada,EWR‐ICN,19h05m,1,YYZ,5:45 pm – 9:59 am +1,Air Canada,ICN‐EWR,29h14m,2,"YVR, YUL",1220,20220409-0004,cheap
9:05 am – 5:10 pm +1,Air Canada,EWR‐ICN,19h05m,1,YYZ,5:45 pm – 9:59 am +1,Air Canada,ICN‐EWR,29h14m,2,"YVR, YUL",1220,20220409-0004,cheap
6:25 am – 5:10 pm +1,Air Canada,EWR‐ICN,21h45m,1,YYZ,5:45 pm – 7:40 am +1,Air Canada,ICN‐EWR,26h55m,2,"YVR, YUL",1220,20220409-0004,cheap
6:25 am – 5:10 pm +1,Air Canada,EWR‐ICN,21h45m,1,YYZ,5:45 pm – 7:40 am +1,Air Canada,ICN‐EWR,26h55m,2,"YVR, YUL",1220,20220409-0004,cheap
8:05 am – 5:10 pm +1,"United Airlines, Air Canada",EWR‐ICN,20h05m,1,YYZ,5:45 pm – 7:20 am +1,"Air Canada, United Airlines",ICN‐EWR,26h35m,1,YVR,1462,20220409-0004,cheap
7:12 am – 5:10 pm +1,"United Airlines, Air Canada",EWR‐ICN,20h58m,1,YYZ,5:45 pm – 7:20 am +1,"Air Canada, United Airlines",ICN‐EWR,26h35m,1,YVR,1462,20220409-0004,cheap
9:36 am – 4:30 pm +1,Delta,EWR‐ICN,17h54m,1,DTW,7:20 pm – 5:41 am +1,Delta,ICN‐EWR,23h21m,2,"SEA, SLC",1719,20220409-0004,cheap
9:36 am – 4:30 pm +1,Delta,EWR‐ICN,17h54m,1,DTW,7:20 pm – 5:41 am +1,Delta,ICN‐EWR,23h21m,2,"SEA, SLC",1719,20220409-0004,cheap
6:25 am – 3:15 pm +1,Delta,EWR‐ICN,19h50m,2,"MSP, SEA",7:20 pm – 5:41 am +1,Delta,ICN‐EWR,23h21m,2,"SEA, SLC",1719,20220409-0004,cheap
6:25 am – 3:15 pm +1,Delta,EWR‐ICN,19h50m,2,"MSP, SEA",7:20 pm – 5:41 am +1,Delta,ICN‐EWR,23h21m,2,"SEA, SLC",1719,20220409-0004,cheap
9:05 am – 5:10 pm +1,Air Canada,EWR‐ICN,19h05m,1,YYZ,5:45 pm – 9:59 am +1,Air Canada,ICN‐EWR,29h14m,2,"YVR, YUL",1355,20220409-0001,best
9:36 am – 4:30 pm +1,Korean Air,EWR‐ICN,17h54m,1,DTW,6:40 pm – 11:26 pm,Korean Air,ICN‐EWR,17h46m,1,ATL,1813,20220409-0001,best
6:15 pm – 4:00 pm +2,Air Canada,EWR‐ICN,32h45m,1,YVR,5:45 pm – 7:40 am +1,Air Canada,ICN‐EWR,26h55m,2,"YVR, YUL",1215,20220409-0001,best
9:36 am – 4:30 pm +1,Korean Air,EWR‐ICN,17h54m,1,DTW,10:45 am – 3:58 pm,Korean Air,ICN‐EWR,18h13m,1,DTW,1813,20220409-0001,best
9:36 am – 4:30 pm +1,Korean Air,EWR‐ICN,17h54m,1,DTW,6:40 pm – 12:45 am +1,"Korean Air, Delta",ICN‐EWR,19h05m,1,ATL,1776,20220409-0001,best
9:36 am – 4:30 pm +1,Korean Air,EWR‐ICN,17h54m,1,DTW,9:30 am – 2:01 pm,Korean Air,ICN‐EWR,17h31m,1,BOS,1909,20220409-0001,best
6:00 am – 2:45 pm +1,United Airlines,EWR‐ICN,19h45m,1,SFO,4:40 pm – 10:00 pm,United Airlines,ICN‐EWR,18h20m,1,SFO,1740,20220409-0001,best
9:36 am – 4:30 pm +1,Korean Air,EWR‐ICN,17h54m,1,DTW,9:30 am – 2:00 pm,"Korean Air, Delta",ICN‐EWR,17h30m,1,BOS,1976,20220409-0001,best
8:40 am – 4:25 pm +1,Korean Air,EWR‐ICN,18h45m,1,BOS,6:40 pm – 11:26 pm,Korean Air,ICN‐EWR,17h46m,1,ATL,1900,20220409-0001,best
8:40 am – 4:25 pm +1,Korean Air,EWR‐ICN,18h45m,1,BOS,10:45 am – 3:58 pm,Korean Air,ICN‐EWR,18h13m,1,DTW,1900,20220409-0001,best
9:05 am – 5:10 pm +1,Air Canada,EWR‐ICN,19h05m,1,YYZ,5:45 pm – 7:40 am +1,Air Canada,ICN‐EWR,26h55m,2,"YVR, YUL",1220,20220409-0001,best
9:05 am – 5:10 pm +1,Air Canada,EWR‐ICN,19h05m,1,YYZ,5:45 pm – 7:40 am +1,Air Canada,ICN‐EWR,26h55m,2,"YVR, YUL",1220,20220409-0001,best
9:05 am – 5:10 pm +1,Air Canada,EWR‐ICN,19h05m,1,YYZ,5:45 pm – 7:45 am +1,Air Canada,ICN‐EWR,27h00m,2,"YVR, YQB",1220,20220409-0001,best
8:40 am – 4:25 pm +1,Korean Air,EWR‐ICN,18h45m,1,BOS,9:30 am – 2:01 pm,Korean Air,ICN‐EWR,17h31m,1,BOS,1996,20220409-0001,best
6:00 am – 2:45 pm +1,United Airlines,EWR‐ICN,19h45m,1,SFO,4:40 pm – 12:45 am +1,United Airlines,ICN‐EWR,21h05m,1,SFO,1740,20220409-0001,best
8:40 am – 4:25 pm +1,"Delta, Korean Air",EWR‐ICN,18h45m,1,BOS,9:30 am – 2:00 pm,"Korean Air, Delta",ICN‐EWR,17h30m,1,BOS,2066,20220409-0001,best
9:36 am – 4:30 pm +1,Delta,EWR‐ICN,17h54m,1,DTW,2:30 pm – 10:59 pm,Delta,ICN‐EWR,21h29m,2,"LAX, DTW",1794,20220409-0001,best
9:36 am – 4:30 pm +1,Korean Air,EWR‐ICN,17h54m,1,DTW,9:30 am – 2:00 pm,"Korean Air, Delta",ICN‐EWR,17h30m,1,BOS,1976,20220409-0007,fast
9:36 am – 4:30 pm +1,Korean Air,EWR‐ICN,17h54m,1,DTW,9:30 am – 2:01 pm,Korean Air,ICN‐EWR,17h31m,1,BOS,1909,20220409-0007,fast
9:36 am – 4:30 pm +1,Korean Air,EWR‐ICN,17h54m,1,DTW,6:40 pm – 11:26 pm,Korean Air,ICN‐EWR,17h46m,1,ATL,1813,20220409-0007,fast
9:36 am – 4:30 pm +1,Korean Air,EWR‐ICN,17h54m,1,DTW,10:45 am – 3:58 pm,Korean Air,ICN‐EWR,18h13m,1,DTW,1813,20220409-0007,fast
8:40 am – 4:25 pm +1,"Delta, Korean Air",EWR‐ICN,18h45m,1,BOS,9:30 am – 2:00 pm,"Korean Air, Delta",ICN‐EWR,17h30m,1,BOS,2066,20220409-0007,fast
8:40 am – 4:25 pm +1,Korean Air,EWR‐ICN,18h45m,1,BOS,9:30 am – 2:01 pm,Korean Air,ICN‐EWR,17h31m,1,BOS,1996,20220409-0007,fast
8:40 am – 4:25 pm +1,Korean Air,EWR‐ICN,18h45m,1,BOS,6:40 pm – 11:26 pm,Korean Air,ICN‐EWR,17h46m,1,ATL,1900,20220409-0007,fast
8:40 am – 4:25 pm +1,Korean Air,EWR‐ICN,18h45m,1,BOS,10:45 am – 3:58 pm,Korean Air,ICN‐EWR,18h13m,1,DTW,1900,20220409-0007,fast
9:36 am – 4:30 pm +1,Korean Air,EWR‐ICN,17h54m,1,DTW,6:40 pm – 12:45 am +1,"Korean Air, Delta",ICN‐EWR,19h05m,1,ATL,1776,20220409-0007,fast
9:36 am – 4:30 pm +1,Korean Air,EWR‐ICN,17h54m,1,DTW,9:20 am – 3:35 pm,Korean Air,ICN‐EWR,19h15m,1,ATL,2027,20220409-0007,fast
9:36 am – 4:30 pm +1,Korean Air,EWR‐ICN,17h54m,1,DTW,2:40 pm – 8:56 pm,Asiana Airlines,ICN‐EWR,19h16m,1,LAX,2580,20220409-0007,fast
9:36 am – 4:30 pm +1,"Delta, Korean Air",EWR‐ICN,17h54m,1,DTW,2:40 pm – 8:56 pm,"Asiana Airlines, United Airlines",ICN‐EWR,19h16m,1,LAX,2706,20220409-0007,fast
7:00 am – 4:20 pm +1,"Delta, Korean Air",EWR‐ICN,20h20m,1,ATL,9:30 am – 2:00 pm,"Korean Air, Delta",ICN‐EWR,17h30m,1,BOS,2266,20220409-0007,fast
8:40 am – 4:25 pm +1,Korean Air,EWR‐ICN,18h45m,1,BOS,9:20 am – 3:35 pm,Korean Air,ICN‐EWR,19h15m,1,ATL,2114,20220409-0007,fast
8:40 am – 4:25 pm +1,"Delta, Korean Air",EWR‐ICN,18h45m,1,BOS,2:40 pm – 8:56 pm,"Asiana Airlines, United Airlines",ICN‐EWR,19h16m,1,LAX,2446,20220409-0007,fast
