Out Time,Out Airline,Out Cities,Out Duration,Out Stops,Out Stop Cities,Return Time,Return Airline,Return Cities,Return Duration,Return Stops,Return Stop Cities,Price,timestamp,sort
7:05 pm – 5:45 pm +2,"Alaska Airlines, Asiana Airlines",EWR‐ICN,33h40m,1,SEA,1:30 am – 8:02 pm,"Qatar Airways, Amtrak",ICN‐EWR,31h32m,2,"DOH, PHL-PHL",1535,20220405-2300,cheap
6:30 am – 2:55 pm +1,United Airlines,EWR‐ICN,19h25m,1,SFO,4:50 pm – 7:07 am +1,United Airlines,ICN‐EWR,27h17m,1,SFO,1564,20220405-2300,cheap
6:30 am – 2:55 pm +1,United Airlines,EWR‐ICN,19h25m,1,SFO,4:50 pm – 8:14 am +1,United Airlines,ICN‐EWR,28h24m,1,SFO,1575,20220405-2300,cheap
9:31 pm – 2:55 pm +2,United Airlines,EWR‐ICN,28h24m,2,"DEN, SFO",4:50 pm – 9:44 pm,United Airlines,ICN‐EWR,17h54m,1,SFO,1591,20220405-2300,cheap
9:31 pm – 2:55 pm +2,United Airlines,EWR‐ICN,28h24m,2,"DEN, SFO",4:50 pm – 9:44 pm,United Airlines,ICN‐EWR,17h54m,1,SFO,1591,20220405-2300,cheap
8:30 pm – 2:55 pm +2,United Airlines,EWR‐ICN,29h25m,2,"LAX, SFO",4:50 pm – 9:44 pm,United Airlines,ICN‐EWR,17h54m,1,SFO,1591,20220405-2300,cheap
8:30 pm – 2:55 pm +2,United Airlines,EWR‐ICN,29h25m,2,"LAX, SFO",4:50 pm – 9:44 pm,United Airlines,ICN‐EWR,17h54m,1,SFO,1591,20220405-2300,cheap
8:15 pm – 2:55 pm +2,United Airlines,EWR‐ICN,29h40m,1,SFO,4:50 pm – 9:44 pm,United Airlines,ICN‐EWR,17h54m,1,SFO,1591,20220405-2300,cheap
9:31 pm – 2:55 pm +2,United Airlines,EWR‐ICN,28h24m,2,"DEN, SFO",4:50 pm – 11:09 pm,United Airlines,ICN‐EWR,19h19m,1,SFO,1591,20220405-2300,cheap
9:31 pm – 2:55 pm +2,United Airlines,EWR‐ICN,28h24m,2,"DEN, SFO",4:50 pm – 11:09 pm,United Airlines,ICN‐EWR,19h19m,1,SFO,1591,20220405-2300,cheap
8:30 pm – 2:55 pm +2,United Airlines,EWR‐ICN,29h25m,2,"LAX, SFO",4:50 pm – 11:09 pm,United Airlines,ICN‐EWR,19h19m,1,SFO,1591,20220405-2300,cheap
8:30 pm – 2:55 pm +2,United Airlines,EWR‐ICN,29h25m,2,"LAX, SFO",4:50 pm – 11:09 pm,United Airlines,ICN‐EWR,19h19m,1,SFO,1591,20220405-2300,cheap
8:15 pm – 2:55 pm +2,United Airlines,EWR‐ICN,29h40m,1,SFO,4:50 pm – 11:09 pm,United Airlines,ICN‐EWR,19h19m,1,SFO,1591,20220405-2300,cheap
7:55 pm – 4:15 pm +2,Air Canada,EWR‐ICN,31h20m,2,"YUL, YVR",6:40 pm – 10:01 pm,Air Canada,ICN‐EWR,16h21m,1,YYZ,1617,20220405-2300,cheap
7:55 pm – 4:15 pm +2,Air Canada,EWR‐ICN,31h20m,2,"YUL, YVR",6:40 pm – 10:01 pm,Air Canada,ICN‐EWR,16h21m,1,YYZ,1617,20220405-2300,cheap
11:50 pm – 6:10 pm +2,Turkish Airlines,EWR‐ICN,29h20m,1,IST,6:40 pm – 10:01 pm,Air Canada,ICN‐EWR,16h21m,1,YYZ,2151,20220405-2257,best
6:30 am – 2:55 pm +1,United Airlines,EWR‐ICN,19h25m,1,SFO,4:50 pm – 9:44 pm,United Airlines,ICN‐EWR,17h54m,1,SFO,1766,20220405-2257,best
7:05 pm – 5:45 pm +2,"Alaska Airlines, Asiana Airlines",EWR‐ICN,33h40m,1,SEA,1:30 am – 8:02 pm,"Qatar Airways, Amtrak",ICN‐EWR,31h32m,2,"DOH, PHL-PHL",1535,20220405-2257,best
6:30 am – 2:55 pm +1,United Airlines,EWR‐ICN,19h25m,1,SFO,4:50 pm – 11:09 pm,United Airlines,ICN‐EWR,19h19m,1,SFO,1775,20220405-2257,best
9:30 am – 4:30 pm +1,Korean Air,EWR‐ICN,18h00m,1,DTW,9:20 am – 3:14 pm,Korean Air,ICN‐EWR,18h54m,1,ATL,2096,20220405-2257,best
6:30 am – 2:55 pm +1,United Airlines,EWR‐ICN,19h25m,1,SFO,4:50 pm – 12:44 am +1,United Airlines,ICN‐EWR,20h54m,1,SFO,1775,20220405-2257,best
9:30 am – 4:30 pm +1,Korean Air,EWR‐ICN,18h00m,1,DTW,9:20 am – 4:43 pm,Korean Air,ICN‐EWR,20h23m,1,ATL,2096,20220405-2257,best
9:30 am – 4:30 pm +1,Delta,EWR‐ICN,18h00m,1,DTW,2:30 pm – 10:59 pm,Delta,ICN‐EWR,21h29m,2,"LAX, ATL",1919,20220405-2257,best
7:00 am – 3:50 pm +1,Korean Air,EWR‐ICN,19h50m,1,ATL,9:20 am – 3:14 pm,Korean Air,ICN‐EWR,18h54m,1,ATL,2096,20220405-2257,best
9:30 am – 4:30 pm +1,Delta,EWR‐ICN,18h00m,1,DTW,2:30 pm – 11:25 pm,Delta,ICN‐EWR,21h55m,2,"LAX, MSP",1919,20220405-2257,best
9:30 am – 4:30 pm +1,Delta,EWR‐ICN,18h00m,1,DTW,1:55 pm – 12:24 am +1,Delta,ICN‐EWR,23h29m,2,"SEA, DTW",1819,20220405-2257,best
9:30 am – 4:30 pm +1,"Delta, Korean Air",EWR‐ICN,18h00m,1,DTW,9:20 am – 4:43 pm,"Korean Air, Delta",ICN‐EWR,20h23m,1,ATL,2174,20220405-2257,best
5:00 am – 2:55 pm +1,United Airlines,EWR‐ICN,20h55m,2,"ORD, SFO",4:50 pm – 9:44 pm,United Airlines,ICN‐EWR,17h54m,1,SFO,1941,20220405-2257,best
9:30 am – 4:30 pm +1,Korean Air,EWR‐ICN,18h00m,1,DTW,5:25 pm – 11:28 pm,"Korean Air, American Airlines",ICN‐EWR,19h03m,1,DFW,2325,20220405-2257,best
7:00 am – 3:50 pm +1,"Delta, Korean Air",EWR‐ICN,19h50m,1,ATL,9:20 am – 3:14 pm,"Korean Air, Delta",ICN‐EWR,18h54m,1,ATL,2174,20220405-2257,best
9:30 am – 4:30 pm +1,Delta,EWR‐ICN,18h00m,1,DTW,2:30 pm – 12:24 am +1,Delta,ICN‐EWR,22h54m,2,"LAX, DTW",1919,20220405-2257,best
9:30 am – 4:30 pm +1,Delta,EWR‐ICN,18h00m,1,DTW,2:30 pm – 12:24 am +1,Delta,ICN‐EWR,22h54m,2,"LAX, DTW",1919,20220405-2257,best
11:25 am – 6:15 pm +1,"ANA, Asiana Airlines",EWR‐ICN,17h50m,1,NRT,6:40 pm – 10:01 pm,Air Canada,ICN‐EWR,16h21m,1,YYZ,4479,20220405-2302,fast
9:30 am – 4:30 pm +1,"Delta, Korean Air",EWR‐ICN,18h00m,1,DTW,6:40 pm – 10:01 pm,Air Canada,ICN‐EWR,16h21m,1,YYZ,2950,20220405-2302,fast
7:59 am – 3:40 pm +1,Air Canada,EWR‐ICN,18h41m,1,YYZ,6:40 pm – 10:01 pm,Air Canada,ICN‐EWR,16h21m,1,YYZ,2637,20220405-2302,fast
9:30 am – 4:30 pm +1,Korean Air,EWR‐ICN,18h00m,1,DTW,12:00 pm – 4:40 pm,"Asiana Airlines, ANA",ICN‐EWR,17h40m,1,NRT,7885,20220405-2302,fast
7:08 am – 3:40 pm +1,Air Canada,EWR‐ICN,19h32m,1,YYZ,6:40 pm – 10:01 pm,Air Canada,ICN‐EWR,16h21m,1,YYZ,2637,20220405-2302,fast
8:00 am – 3:50 pm +1,Korean Air,EWR‐ICN,18h50m,1,ATL,12:00 pm – 4:40 pm,"Asiana Airlines, ANA",ICN‐EWR,17h40m,1,NRT,8018,20220405-2302,fast
11:25 am – 6:15 pm +1,"ANA, Asiana Airlines",EWR‐ICN,17h50m,1,NRT,9:20 am – 3:14 pm,Korean Air,ICN‐EWR,18h54m,1,ATL,6390,20220405-2302,fast
9:30 am – 4:30 pm +1,Korean Air,EWR‐ICN,18h00m,1,DTW,9:20 am – 3:14 pm,Korean Air,ICN‐EWR,18h54m,1,ATL,2096,20220405-2302,fast
6:00 am – 3:40 pm +1,Air Canada,EWR‐ICN,20h40m,1,YYZ,6:40 pm – 10:01 pm,Air Canada,ICN‐EWR,16h21m,1,YYZ,2637,20220405-2302,fast
9:30 am – 4:30 pm +1,Korean Air,EWR‐ICN,18h00m,1,DTW,5:25 pm – 11:28 pm,"Korean Air, American Airlines",ICN‐EWR,19h03m,1,DFW,2325,20220405-2302,fast
11:25 am – 6:15 pm +1,"ANA, Asiana Airlines",EWR‐ICN,17h50m,1,NRT,2:40 pm – 8:54 pm,Asiana Airlines,ICN‐EWR,19h14m,1,LAX,4741,20220405-2302,fast
9:30 am – 4:30 pm +1,"Delta, Korean Air",EWR‐ICN,18h00m,1,DTW,2:40 pm – 8:54 pm,Asiana Airlines,ICN‐EWR,19h14m,1,LAX,3286,20220405-2302,fast
6:30 am – 2:55 pm +1,United Airlines,EWR‐ICN,19h25m,1,SFO,4:50 pm – 9:44 pm,United Airlines,ICN‐EWR,17h54m,1,SFO,1766,20220405-2302,fast
7:00 am – 3:50 pm +1,"Delta, Korean Air",EWR‐ICN,19h50m,1,ATL,12:00 pm – 4:40 pm,"Asiana Airlines, ANA",ICN‐EWR,17h40m,1,NRT,7887,20220405-2302,fast
9:30 am – 4:30 pm +1,Korean Air,EWR‐ICN,18h00m,1,DTW,10:00 am – 4:40 pm,"Asiana Airlines, ANA",ICN‐EWR,19h40m,1,NRT,7885,20220405-2302,fast
