Out Time,Out Airline,Out Cities,Out Duration,Out Stops,Out Stop Cities,Return Time,Return Airline,Return Cities,Return Duration,Return Stops,Return Stop Cities,Price,timestamp,sort
8:00 pm – 4:00 pm +3,Air Canada,EWR‐ICN,55h00m,2,"YUL, YVR",5:50 pm – 7:40 am +1,Air Canada,ICN‐EWR,26h50m,2,"YVR, YUL",1065,20220409-0352,cheap
9:05 am – 5:10 pm +1,Air Canada,EWR‐ICN,19h05m,1,YYZ,5:50 pm – 7:40 am +1,Air Canada,ICN‐EWR,26h50m,2,"YVR, YUL",1108,20220409-0352,cheap
9:05 am – 5:10 pm +1,Air Canada,EWR‐ICN,19h05m,1,YYZ,5:50 pm – 7:40 am +1,Air Canada,ICN‐EWR,26h50m,2,"YVR, YUL",1108,20220409-0352,cheap
9:05 am – 5:10 pm +1,Air Canada,EWR‐ICN,19h05m,1,YYZ,5:50 pm – 7:45 am +1,Air Canada,ICN‐EWR,26h55m,2,"YVR, YQB",1108,20220409-0352,cheap
9:05 am – 5:10 pm +1,Air Canada,EWR‐ICN,19h05m,1,YYZ,5:50 pm – 9:59 am +1,Air Canada,ICN‐EWR,29h09m,2,"YVR, YUL",1108,20220409-0352,cheap
9:05 am – 5:10 pm +1,Air Canada,EWR‐ICN,19h05m,1,YYZ,5:50 pm – 9:59 am +1,Air Canada,ICN‐EWR,29h09m,2,"YVR, YUL",1108,20220409-0352,cheap
9:05 am – 5:10 pm +1,Air Canada,EWR‐ICN,19h05m,1,YYZ,5:50 pm – 9:59 am +1,Air Canada,ICN‐EWR,29h09m,2,"YVR, YUL",1108,20220409-0352,cheap
9:05 am – 5:10 pm +1,Air Canada,EWR‐ICN,19h05m,1,YYZ,5:50 pm – 9:06 am +1,Air Canada,ICN‐EWR,28h16m,2,"YVR, YYZ",1114,20220409-0352,cheap
9:05 am – 5:10 pm +1,Air Canada,EWR‐ICN,19h05m,1,YYZ,5:50 pm – 7:56 am +1,Air Canada,ICN‐EWR,27h06m,2,"YVR, YYZ",1135,20220409-0352,cheap
9:05 am – 5:10 pm +1,Air Canada,EWR‐ICN,19h05m,1,YYZ,5:50 pm – 7:56 am +1,Air Canada,ICN‐EWR,27h06m,2,"YVR, YYZ",1135,20220409-0352,cheap
9:05 am – 5:10 pm +1,Air Canada,EWR‐ICN,19h05m,1,YYZ,5:50 pm – 7:56 am +1,Air Canada,ICN‐EWR,27h06m,2,"YVR, YYZ",1135,20220409-0352,cheap
9:05 am – 5:10 pm +1,Air Canada,EWR‐ICN,19h05m,1,YYZ,5:50 pm – 7:56 am +1,Air Canada,ICN‐EWR,27h06m,2,"YVR, YYZ",1135,20220409-0352,cheap
9:05 am – 5:10 pm +1,Air Canada,EWR‐ICN,19h05m,1,YYZ,5:50 pm – 7:56 am +1,Air Canada,ICN‐EWR,27h06m,2,"YVR, YYZ",1135,20220409-0352,cheap
9:05 am – 5:10 pm +1,Air Canada,EWR‐ICN,19h05m,1,YYZ,5:50 pm – 9:06 am +1,Air Canada,ICN‐EWR,28h16m,2,"YVR, YYZ",1135,20220409-0352,cheap
9:56 am – 5:10 pm +1,"United Airlines, Air Canada",EWR‐ICN,18h14m,1,YYZ,5:50 pm – 7:20 am +1,"Air Canada, United Airlines",ICN‐EWR,26h30m,1,YVR,1312,20220409-0352,cheap
9:05 am – 5:10 pm +1,Air Canada,EWR‐ICN,19h05m,1,YYZ,5:50 pm – 9:59 am +1,Air Canada,ICN‐EWR,29h09m,2,"YVR, YUL",1214,20220409-0350,best
9:36 am – 4:30 pm +1,Korean Air,EWR‐ICN,17h54m,1,DTW,6:40 pm – 11:26 pm,Korean Air,ICN‐EWR,17h46m,1,ATL,1628,20220409-0350,best
8:00 pm – 4:00 pm +3,Air Canada,EWR‐ICN,55h00m,2,"YUL, YVR",5:50 pm – 7:40 am +1,Air Canada,ICN‐EWR,26h50m,2,"YVR, YUL",1065,20220409-0350,best
9:36 am – 4:30 pm +1,Korean Air,EWR‐ICN,17h54m,1,DTW,10:45 am – 3:58 pm,Korean Air,ICN‐EWR,18h13m,1,DTW,1616,20220409-0350,best
9:36 am – 4:30 pm +1,Delta,EWR‐ICN,17h54m,1,DTW,6:40 pm – 11:23 pm,Delta,ICN‐EWR,17h43m,1,ATL,1665,20220409-0350,best
9:36 am – 4:30 pm +1,Delta,EWR‐ICN,17h54m,1,DTW,10:45 am – 3:57 pm,Delta,ICN‐EWR,18h12m,1,DTW,1665,20220409-0350,best
9:05 am – 5:10 pm +1,Air Canada,EWR‐ICN,19h05m,1,YYZ,5:50 pm – 7:40 am +1,Air Canada,ICN‐EWR,26h50m,2,"YVR, YUL",1108,20220409-0350,best
9:05 am – 5:10 pm +1,Air Canada,EWR‐ICN,19h05m,1,YYZ,5:50 pm – 7:40 am +1,Air Canada,ICN‐EWR,26h50m,2,"YVR, YUL",1108,20220409-0350,best
9:05 am – 5:10 pm +1,Air Canada,EWR‐ICN,19h05m,1,YYZ,5:50 pm – 7:45 am +1,Air Canada,ICN‐EWR,26h55m,2,"YVR, YQB",1108,20220409-0350,best
7:00 am – 3:00 pm +1,Delta,EWR‐ICN,19h00m,1,ATL,6:40 pm – 11:23 pm,Delta,ICN‐EWR,17h43m,1,ATL,1665,20220409-0350,best
7:09 am – 3:15 pm +1,American Airlines,EWR‐ICN,19h06m,1,DFW,5:25 pm – 11:01 pm,American Airlines,ICN‐EWR,18h36m,1,DFW,1618,20220409-0350,best
9:36 am – 4:30 pm +1,Delta,EWR‐ICN,17h54m,1,DTW,6:40 pm – 12:45 am +1,Delta,ICN‐EWR,19h05m,1,ATL,1665,20220409-0350,best
7:00 am – 3:50 pm +1,Korean Air,EWR‐ICN,19h50m,1,ATL,6:40 pm – 11:26 pm,Korean Air,ICN‐EWR,17h46m,1,ATL,1628,20220409-0350,best
9:05 am – 5:10 pm +1,Air Canada,EWR‐ICN,19h05m,1,YYZ,5:50 pm – 7:56 am +1,Air Canada,ICN‐EWR,27h06m,2,"YVR, YYZ",1135,20220409-0350,best
9:05 am – 5:10 pm +1,Air Canada,EWR‐ICN,19h05m,1,YYZ,5:50 pm – 7:56 am +1,Air Canada,ICN‐EWR,27h06m,2,"YVR, YYZ",1135,20220409-0350,best
9:05 am – 5:10 pm +1,Air Canada,EWR‐ICN,19h05m,1,YYZ,5:50 pm – 7:56 am +1,Air Canada,ICN‐EWR,27h06m,2,"YVR, YYZ",1135,20220409-0350,best
9:05 am – 5:10 pm +1,Air Canada,EWR‐ICN,19h05m,1,YYZ,5:50 pm – 7:56 am +1,Air Canada,ICN‐EWR,27h06m,2,"YVR, YYZ",1135,20220409-0350,best
9:36 am – 4:30 pm +1,Korean Air,EWR‐ICN,17h54m,1,DTW,9:30 am – 2:01 pm,Korean Air,ICN‐EWR,17h31m,1,BOS,1877,20220409-0355,fast
9:36 am – 4:30 pm +1,Delta,EWR‐ICN,17h54m,1,DTW,6:40 pm – 11:23 pm,Delta,ICN‐EWR,17h43m,1,ATL,1665,20220409-0355,fast
9:36 am – 4:30 pm +1,Korean Air,EWR‐ICN,17h54m,1,DTW,6:40 pm – 11:26 pm,Korean Air,ICN‐EWR,17h46m,1,ATL,1628,20220409-0355,fast
9:36 am – 4:30 pm +1,Delta,EWR‐ICN,17h54m,1,DTW,10:45 am – 3:57 pm,Delta,ICN‐EWR,18h12m,1,DTW,1665,20220409-0355,fast
9:36 am – 4:30 pm +1,Korean Air,EWR‐ICN,17h54m,1,DTW,10:45 am – 3:58 pm,Korean Air,ICN‐EWR,18h13m,1,DTW,1616,20220409-0355,fast
8:40 am – 4:25 pm +1,Korean Air,EWR‐ICN,18h45m,1,BOS,9:30 am – 2:01 pm,Korean Air,ICN‐EWR,17h31m,1,BOS,1948,20220409-0355,fast
8:40 am – 4:25 pm +1,Korean Air,EWR‐ICN,18h45m,1,BOS,6:40 pm – 11:26 pm,Korean Air,ICN‐EWR,17h46m,1,ATL,1703,20220409-0355,fast
7:00 am – 3:00 pm +1,Delta,EWR‐ICN,19h00m,1,ATL,6:40 pm – 11:23 pm,Delta,ICN‐EWR,17h43m,1,ATL,1665,20220409-0355,fast
8:40 am – 4:25 pm +1,Korean Air,EWR‐ICN,18h45m,1,BOS,10:45 am – 3:58 pm,Korean Air,ICN‐EWR,18h13m,1,DTW,1687,20220409-0355,fast
9:36 am – 4:30 pm +1,Delta,EWR‐ICN,17h54m,1,DTW,6:40 pm – 12:45 am +1,Delta,ICN‐EWR,19h05m,1,ATL,1665,20220409-0355,fast
9:36 am – 4:30 pm +1,Korean Air,EWR‐ICN,17h54m,1,DTW,6:40 pm – 12:47 am +1,"Korean Air, Delta",ICN‐EWR,19h07m,1,ATL,1750,20220409-0355,fast
9:36 am – 4:30 pm +1,Korean Air,EWR‐ICN,17h54m,1,DTW,9:20 am – 3:35 pm,Korean Air,ICN‐EWR,19h15m,1,ATL,1996,20220409-0355,fast
7:00 am – 3:00 pm +1,Delta,EWR‐ICN,19h00m,1,ATL,10:45 am – 3:57 pm,Delta,ICN‐EWR,18h12m,1,DTW,1665,20220409-0355,fast
7:00 am – 3:50 pm +1,Korean Air,EWR‐ICN,19h50m,1,ATL,9:30 am – 2:01 pm,Korean Air,ICN‐EWR,17h31m,1,BOS,1877,20220409-0355,fast
6:25 am – 3:15 pm +1,Delta,EWR‐ICN,19h50m,2,"MSP, SEA",6:40 pm – 11:23 pm,Delta,ICN‐EWR,17h43m,1,ATL,1669,20220409-0355,fast
