Out Time,Out Airline,Out Cities,Out Duration,Out Stops,Out Stop Cities,Return Time,Return Airline,Return Cities,Return Duration,Return Stops,Return Stop Cities,Price,timestamp,sort
9:05 am – 5:10 pm +1,Air Canada,EWR‐ICN,19h05m,1,YYZ,5:45 pm – 7:40 am +1,Air Canada,ICN‐EWR,26h55m,2,"YVR, YUL",1220,20220409-0151,cheap
9:05 am – 5:10 pm +1,Air Canada,EWR‐ICN,19h05m,1,YYZ,5:45 pm – 7:40 am +1,Air Canada,ICN‐EWR,26h55m,2,"YVR, YUL",1220,20220409-0151,cheap
9:05 am – 5:10 pm +1,Air Canada,EWR‐ICN,19h05m,1,YYZ,5:45 pm – 7:45 am +1,Air Canada,ICN‐EWR,27h00m,2,"YVR, YQB",1220,20220409-0151,cheap
9:05 am – 5:10 pm +1,Air Canada,EWR‐ICN,19h05m,1,YYZ,5:45 pm – 9:59 am +1,Air Canada,ICN‐EWR,29h14m,2,"YVR, YUL",1220,20220409-0151,cheap
9:05 am – 5:10 pm +1,Air Canada,EWR‐ICN,19h05m,1,YYZ,5:45 pm – 9:59 am +1,Air Canada,ICN‐EWR,29h14m,2,"YVR, YUL",1220,20220409-0151,cheap
9:05 am – 5:10 pm +1,Air Canada,EWR‐ICN,19h05m,1,YYZ,5:45 pm – 9:59 am +1,Air Canada,ICN‐EWR,29h14m,2,"YVR, YUL",1220,20220409-0151,cheap
6:25 am – 5:10 pm +1,Air Canada,EWR‐ICN,21h45m,1,YYZ,5:45 pm – 7:40 am +1,Air Canada,ICN‐EWR,26h55m,2,"YVR, YUL",1220,20220409-0151,cheap
6:25 am – 5:10 pm +1,Air Canada,EWR‐ICN,21h45m,1,YYZ,5:45 pm – 7:40 am +1,Air Canada,ICN‐EWR,26h55m,2,"YVR, YUL",1220,20220409-0151,cheap
9:05 am – 5:10 pm +1,Air Canada,EWR‐ICN,19h05m,1,YYZ,5:45 pm – 9:06 am +1,Air Canada,ICN‐EWR,28h21m,2,"YVR, YYZ",1332,20220409-0151,cheap
9:05 am – 5:10 pm +1,Air Canada,EWR‐ICN,19h05m,1,YYZ,5:45 pm – 9:06 am +1,Air Canada,ICN‐EWR,28h21m,2,"YVR, YYZ",1353,20220409-0151,cheap
9:05 am – 5:10 pm +1,Air Canada,EWR‐ICN,19h05m,1,YYZ,5:45 pm – 9:06 am +1,Air Canada,ICN‐EWR,28h21m,2,"YVR, YYZ",1353,20220409-0151,cheap
9:05 am – 5:10 pm +1,Air Canada,EWR‐ICN,19h05m,1,YYZ,5:45 pm – 9:06 am +1,Air Canada,ICN‐EWR,28h21m,2,"YVR, YYZ",1353,20220409-0151,cheap
9:05 am – 5:10 pm +1,Air Canada,EWR‐ICN,19h05m,1,YYZ,5:45 pm – 9:06 am +1,Air Canada,ICN‐EWR,28h21m,2,"YVR, YYZ",1353,20220409-0151,cheap
9:05 am – 5:10 pm +1,Air Canada,EWR‐ICN,19h05m,1,YYZ,5:45 pm – 9:06 am +1,Air Canada,ICN‐EWR,28h21m,2,"YVR, YYZ",1353,20220409-0151,cheap
9:56 am – 5:10 pm +1,"United Airlines, Air Canada",EWR‐ICN,18h14m,1,YYZ,5:45 pm – 7:20 am +1,"Air Canada, United Airlines",ICN‐EWR,26h35m,1,YVR,1462,20220409-0151,cheap
8:55 pm – 8:45 am +2,Lufthansa,EWR‐ICN,22h50m,1,MUC,10:15 am – 7:10 pm,Lufthansa,ICN‐EWR,21h55m,1,MUC,1834,20220409-0148,best
6:10 am – 2:45 pm +1,United Airlines,EWR‐ICN,19h35m,1,SFO,4:40 pm – 10:00 pm,United Airlines,ICN‐EWR,18h20m,1,SFO,1682,20220409-0148,best
9:05 am – 5:10 pm +1,Air Canada,EWR‐ICN,19h05m,1,YYZ,5:45 pm – 7:40 am +1,Air Canada,ICN‐EWR,26h55m,2,"YVR, YUL",1220,20220409-0148,best
9:36 am – 4:30 pm +1,Korean Air,EWR‐ICN,17h54m,1,DTW,6:40 pm – 11:26 pm,Korean Air,ICN‐EWR,17h46m,1,ATL,1837,20220409-0148,best
9:36 am – 4:30 pm +1,Korean Air,EWR‐ICN,17h54m,1,DTW,10:45 am – 3:58 pm,Korean Air,ICN‐EWR,18h13m,1,DTW,1813,20220409-0148,best
9:05 am – 5:10 pm +1,Air Canada,EWR‐ICN,19h05m,1,YYZ,5:45 pm – 7:40 am +1,Air Canada,ICN‐EWR,26h55m,2,"YVR, YUL",1220,20220409-0148,best
9:05 am – 5:10 pm +1,Air Canada,EWR‐ICN,19h05m,1,YYZ,5:45 pm – 7:45 am +1,Air Canada,ICN‐EWR,27h00m,2,"YVR, YQB",1220,20220409-0148,best
7:00 am – 3:50 pm +1,Korean Air,EWR‐ICN,19h50m,1,ATL,6:40 pm – 11:26 pm,Korean Air,ICN‐EWR,17h46m,1,ATL,1837,20220409-0148,best
7:00 am – 3:50 pm +1,Korean Air,EWR‐ICN,19h50m,1,ATL,10:45 am – 3:58 pm,Korean Air,ICN‐EWR,18h13m,1,DTW,1813,20220409-0148,best
7:00 am – 3:50 pm +1,Korean Air,EWR‐ICN,19h50m,1,ATL,6:40 pm – 12:47 am +1,"Korean Air, Delta",ICN‐EWR,19h07m,1,ATL,1776,20220409-0148,best
8:40 am – 4:25 pm +1,Korean Air,EWR‐ICN,18h45m,1,BOS,10:45 am – 3:58 pm,Korean Air,ICN‐EWR,18h13m,1,DTW,1900,20220409-0148,best
8:40 am – 4:25 pm +1,Korean Air,EWR‐ICN,18h45m,1,BOS,6:40 pm – 11:26 pm,Korean Air,ICN‐EWR,17h46m,1,ATL,1928,20220409-0148,best
9:56 am – 5:10 pm +1,"United Airlines, Air Canada",EWR‐ICN,18h14m,1,YYZ,5:45 pm – 7:20 am +1,"Air Canada, United Airlines",ICN‐EWR,26h35m,1,YVR,1462,20220409-0148,best
9:36 am – 4:30 pm +1,Korean Air,EWR‐ICN,17h54m,1,DTW,9:30 am – 2:01 pm,Korean Air,ICN‐EWR,17h31m,1,BOS,2027,20220409-0148,best
9:05 am – 5:10 pm +1,Air Canada,EWR‐ICN,19h05m,1,YYZ,5:45 pm – 9:59 am +1,Air Canada,ICN‐EWR,29h14m,2,"YVR, YUL",1220,20220409-0148,best
9:05 am – 5:10 pm +1,Air Canada,EWR‐ICN,19h05m,1,YYZ,5:45 pm – 9:59 am +1,Air Canada,ICN‐EWR,29h14m,2,"YVR, YUL",1220,20220409-0148,best
9:36 am – 4:30 pm +1,Delta,EWR‐ICN,17h54m,1,DTW,9:30 am – 2:00 pm,Delta,ICN‐EWR,17h30m,1,BOS,5135,20220409-0154,fast
9:36 am – 4:30 pm +1,Korean Air,EWR‐ICN,17h54m,1,DTW,9:30 am – 2:01 pm,Korean Air,ICN‐EWR,17h31m,1,BOS,2027,20220409-0154,fast
9:36 am – 4:30 pm +1,Korean Air,EWR‐ICN,17h54m,1,DTW,6:40 pm – 11:26 pm,Korean Air,ICN‐EWR,17h46m,1,ATL,1837,20220409-0154,fast
8:45 am – 4:20 pm +1,Delta,EWR‐ICN,18h35m,1,ATL,9:30 am – 2:00 pm,Delta,ICN‐EWR,17h30m,1,BOS,5135,20220409-0154,fast
9:36 am – 4:30 pm +1,Korean Air,EWR‐ICN,17h54m,1,DTW,10:45 am – 3:58 pm,Korean Air,ICN‐EWR,18h13m,1,DTW,1813,20220409-0154,fast
8:40 am – 4:25 pm +1,Korean Air,EWR‐ICN,18h45m,1,BOS,9:30 am – 2:01 pm,Korean Air,ICN‐EWR,17h31m,1,BOS,2114,20220409-0154,fast
7:00 am – 3:00 pm +1,Delta,EWR‐ICN,19h00m,1,ATL,9:30 am – 2:00 pm,Delta,ICN‐EWR,17h30m,1,BOS,5135,20220409-0154,fast
8:40 am – 4:25 pm +1,Korean Air,EWR‐ICN,18h45m,1,BOS,6:40 pm – 11:26 pm,Korean Air,ICN‐EWR,17h46m,1,ATL,1928,20220409-0154,fast
8:40 am – 4:25 pm +1,Korean Air,EWR‐ICN,18h45m,1,BOS,10:45 am – 3:58 pm,Korean Air,ICN‐EWR,18h13m,1,DTW,1900,20220409-0154,fast
9:36 am – 4:30 pm +1,Korean Air,EWR‐ICN,17h54m,1,DTW,9:20 am – 3:35 pm,Korean Air,ICN‐EWR,19h15m,1,ATL,2027,20220409-0154,fast
9:05 am – 5:10 pm +1,Air Canada,EWR‐ICN,19h05m,1,YYZ,10:45 am – 3:58 pm,"Korean Air, Delta",ICN‐EWR,18h13m,1,DTW,2165,20220409-0154,fast
7:00 am – 3:50 pm +1,Korean Air,EWR‐ICN,19h50m,1,ATL,9:30 am – 2:01 pm,Korean Air,ICN‐EWR,17h31m,1,BOS,2027,20220409-0154,fast
7:00 am – 3:50 pm +1,Korean Air,EWR‐ICN,19h50m,1,ATL,6:40 pm – 11:26 pm,Korean Air,ICN‐EWR,17h46m,1,ATL,1837,20220409-0154,fast
7:00 am – 4:20 pm +1,Korean Air,EWR‐ICN,20h20m,1,ATL,9:30 am – 2:01 pm,Korean Air,ICN‐EWR,17h31m,1,BOS,2114,20220409-0154,fast
6:59 am – 3:15 pm +1,American Airlines,EWR‐ICN,19h16m,1,DFW,5:25 pm – 11:01 pm,American Airlines,ICN‐EWR,18h36m,1,DFW,2302,20220409-0154,fast
