Out Time,Out Airline,Out Cities,Out Duration,Out Stops,Out Stop Cities,Return Time,Return Airline,Return Cities,Return Duration,Return Stops,Return Stop Cities,Price,timestamp,sort
10:09 pm – 2:45 pm +2,United Airlines,EWR‐ICN,27h36m,2,"DEN, SFO",4:40 pm – 12:40 am +1,United Airlines,ICN‐EWR,21h00m,2,"SFO, LAX",1706,20220406-0255,cheap
9:05 am – 5:10 pm +1,Air Canada,EWR‐ICN,19h05m,1,YYZ,5:45 pm – 9:57 am +1,Air Canada,ICN‐EWR,29h12m,2,"YVR, YUL",1710,20220406-0255,cheap
9:05 am – 5:10 pm +1,Air Canada,EWR‐ICN,19h05m,1,YYZ,5:45 pm – 9:57 am +1,Air Canada,ICN‐EWR,29h12m,2,"YVR, YUL",1710,20220406-0255,cheap
9:05 am – 5:10 pm +1,Air Canada,EWR‐ICN,19h05m,1,YYZ,5:45 pm – 9:57 am +1,Air Canada,ICN‐EWR,29h12m,2,"YVR, YUL",1710,20220406-0255,cheap
9:05 am – 5:10 pm +1,Air Canada,EWR‐ICN,19h05m,1,YYZ,5:45 pm – 10:11 am +1,Air Canada,ICN‐EWR,29h26m,2,"YVR, YYZ",1716,20220406-0255,cheap
9:05 am – 5:10 pm +1,Air Canada,EWR‐ICN,19h05m,1,YYZ,5:45 pm – 7:56 am +1,Air Canada,ICN‐EWR,27h11m,2,"YVR, YYZ",1738,20220406-0255,cheap
9:05 am – 5:10 pm +1,Air Canada,EWR‐ICN,19h05m,1,YYZ,5:45 pm – 7:56 am +1,Air Canada,ICN‐EWR,27h11m,2,"YVR, YYZ",1738,20220406-0255,cheap
9:05 am – 5:10 pm +1,Air Canada,EWR‐ICN,19h05m,1,YYZ,5:45 pm – 10:11 am +1,Air Canada,ICN‐EWR,29h26m,2,"YVR, YYZ",1738,20220406-0255,cheap
9:05 am – 5:10 pm +1,Air Canada,EWR‐ICN,19h05m,1,YYZ,5:45 pm – 10:11 am +1,Air Canada,ICN‐EWR,29h26m,2,"YVR, YYZ",1738,20220406-0255,cheap
9:05 am – 5:10 pm +1,Air Canada,EWR‐ICN,19h05m,1,YYZ,5:45 pm – 7:56 am +1,Air Canada,ICN‐EWR,27h11m,2,"YVR, YYZ",1776,20220406-0255,cheap
9:05 am – 5:10 pm +1,Air Canada,EWR‐ICN,19h05m,1,YYZ,5:45 pm – 10:11 am +1,Air Canada,ICN‐EWR,29h26m,2,"YVR, YYZ",1776,20220406-0255,cheap
8:45 pm – 9:45 am +2,Lufthansa,EWR‐ICN,24h00m,1,MUC,10:15 am – 6:55 pm,Lufthansa,ICN‐EWR,21h40m,1,MUC,1815,20220406-0255,cheap
9:45 pm – 9:45 am +2,Lufthansa,EWR‐ICN,23h00m,2,"FRA, MUC",10:15 am – 6:55 pm,Lufthansa,ICN‐EWR,21h40m,1,MUC,1836,20220406-0255,cheap
7:30 pm – 9:45 am +2,Lufthansa,EWR‐ICN,25h15m,2,"FRA, MUC",10:15 am – 6:55 pm,Lufthansa,ICN‐EWR,21h40m,1,MUC,1836,20220406-0255,cheap
7:30 pm – 9:45 am +2,Lufthansa,EWR‐ICN,25h15m,2,"FRA, MUC",10:15 am – 6:55 pm,Lufthansa,ICN‐EWR,21h40m,1,MUC,1836,20220406-0255,cheap
8:45 pm – 9:45 am +2,Lufthansa,EWR‐ICN,24h00m,1,MUC,10:15 am – 6:55 pm,Lufthansa,ICN‐EWR,21h40m,1,MUC,1836,20220406-0252,best
10:43 am – 4:25 pm +1,Korean Air,EWR‐ICN,16h42m,1,BOS,9:30 am – 2:49 pm,Korean Air,ICN‐EWR,18h19m,1,BOS,2660,20220406-0252,best
10:09 pm – 2:45 pm +2,United Airlines,EWR‐ICN,27h36m,2,"DEN, SFO",4:40 pm – 12:40 am +1,United Airlines,ICN‐EWR,21h00m,2,"SFO, LAX",1706,20220406-0252,best
10:43 am – 4:25 pm +1,Korean Air,EWR‐ICN,16h42m,1,BOS,9:20 am – 3:14 pm,Korean Air,ICN‐EWR,18h54m,1,ATL,2755,20220406-0252,best
8:45 pm – 9:45 am +2,Lufthansa,EWR‐ICN,24h00m,1,MUC,10:15 am – 6:55 pm,Lufthansa,ICN‐EWR,21h40m,1,MUC,1815,20220406-0252,best
9:05 am – 5:10 pm +1,Air Canada,EWR‐ICN,19h05m,1,YYZ,5:45 pm – 7:56 am +1,Air Canada,ICN‐EWR,27h11m,2,"YVR, YYZ",1738,20220406-0252,best
9:05 am – 5:10 pm +1,Air Canada,EWR‐ICN,19h05m,1,YYZ,5:45 pm – 7:56 am +1,Air Canada,ICN‐EWR,27h11m,2,"YVR, YYZ",1738,20220406-0252,best
9:45 pm – 9:45 am +2,Lufthansa,EWR‐ICN,23h00m,2,"FRA, MUC",10:15 am – 6:55 pm,Lufthansa,ICN‐EWR,21h40m,1,MUC,1836,20220406-0252,best
9:05 am – 5:10 pm +1,Air Canada,EWR‐ICN,19h05m,1,YYZ,5:45 pm – 7:56 am +1,Air Canada,ICN‐EWR,27h11m,2,"YVR, YYZ",1776,20220406-0252,best
7:00 am – 3:50 pm +1,Korean Air,EWR‐ICN,19h50m,1,ATL,9:30 am – 2:49 pm,Korean Air,ICN‐EWR,18h19m,1,BOS,2660,20220406-0252,best
6:00 am – 5:50 pm +1,Delta,EWR‐ICN,22h50m,2,"ATL, LAX",9:30 am – 2:49 pm,Delta,ICN‐EWR,18h19m,1,BOS,2269,20220406-0252,best
8:00 pm – 9:45 am +2,Lufthansa,EWR‐ICN,24h45m,2,"LHR, MUC",10:15 am – 6:55 pm,Lufthansa,ICN‐EWR,21h40m,1,MUC,1844,20220406-0252,best
9:00 pm – 9:45 am +2,Lufthansa,EWR‐ICN,23h45m,2,"LHR, MUC",10:15 am – 6:55 pm,Lufthansa,ICN‐EWR,21h40m,1,MUC,1844,20220406-0252,best
7:30 pm – 9:45 am +2,Lufthansa,EWR‐ICN,25h15m,2,"FRA, MUC",10:15 am – 6:55 pm,Lufthansa,ICN‐EWR,21h40m,1,MUC,1836,20220406-0252,best
7:30 pm – 9:45 am +2,Lufthansa,EWR‐ICN,25h15m,2,"FRA, MUC",10:15 am – 6:55 pm,Lufthansa,ICN‐EWR,21h40m,1,MUC,1836,20220406-0252,best
7:30 pm – 9:45 am +2,Lufthansa,EWR‐ICN,25h15m,2,"FRA, MUC",10:15 am – 6:55 pm,Lufthansa,ICN‐EWR,21h40m,1,MUC,1836,20220406-0252,best
9:05 am – 5:10 pm +1,Air Canada,EWR‐ICN,19h05m,1,YYZ,5:45 pm – 9:57 am +1,Air Canada,ICN‐EWR,29h12m,2,"YVR, YUL",1710,20220406-0252,best
10:43 am – 4:25 pm +1,Korean Air,EWR‐ICN,16h42m,1,BOS,9:30 am – 2:49 pm,Korean Air,ICN‐EWR,18h19m,1,BOS,2660,20220406-0257,fast
10:43 am – 4:25 pm +1,Korean Air,EWR‐ICN,16h42m,1,BOS,9:20 am – 3:14 pm,Korean Air,ICN‐EWR,18h54m,1,ATL,2755,20220406-0257,fast
6:29 am – 2:45 pm +1,United Airlines,EWR‐ICN,19h16m,1,SFO,4:40 pm – 9:25 pm,United Airlines,ICN‐EWR,17h45m,1,SFO,3380,20220406-0257,fast
8:00 am – 3:50 pm +1,Korean Air,EWR‐ICN,18h50m,1,ATL,9:30 am – 2:49 pm,Korean Air,ICN‐EWR,18h19m,1,BOS,3381,20220406-0257,fast
8:00 am – 4:20 pm +1,Korean Air,EWR‐ICN,19h20m,1,ATL,9:30 am – 2:49 pm,Korean Air,ICN‐EWR,18h19m,1,BOS,3381,20220406-0257,fast
8:00 am – 3:50 pm +1,Korean Air,EWR‐ICN,18h50m,1,ATL,9:20 am – 3:14 pm,Korean Air,ICN‐EWR,18h54m,1,ATL,3481,20220406-0257,fast
7:00 am – 3:50 pm +1,Korean Air,EWR‐ICN,19h50m,1,ATL,9:30 am – 2:49 pm,Korean Air,ICN‐EWR,18h19m,1,BOS,2660,20220406-0257,fast
8:00 am – 4:20 pm +1,Korean Air,EWR‐ICN,19h20m,1,ATL,9:20 am – 3:14 pm,Korean Air,ICN‐EWR,18h54m,1,ATL,3481,20220406-0257,fast
6:39 am – 3:15 pm +1,American Airlines,EWR‐ICN,19h36m,1,DFW,5:25 pm – 11:26 pm,American Airlines,ICN‐EWR,19h01m,1,DFW,3020,20220406-0257,fast
7:00 am – 3:50 pm +1,Korean Air,EWR‐ICN,19h50m,1,ATL,9:20 am – 3:14 pm,Korean Air,ICN‐EWR,18h54m,1,ATL,2755,20220406-0257,fast
7:00 am – 3:50 pm +1,Delta,EWR‐ICN,19h50m,1,ATL,9:20 am – 3:14 pm,Delta,ICN‐EWR,18h54m,1,ATL,5135,20220406-0257,fast
6:05 am – 3:15 pm +1,Delta,EWR‐ICN,20h10m,2,"DTW, SEA",1:55 pm – 7:30 pm,Delta,ICN‐EWR,18h35m,2,"SEA, DTW",3169,20220406-0257,fast
6:29 am – 2:45 pm +1,United Airlines,EWR‐ICN,19h16m,1,SFO,10:00 am – 4:45 pm,United Airlines,ICN‐EWR,19h45m,1,NRT,4460,20220406-0257,fast
8:00 am – 3:50 pm +1,Delta,EWR‐ICN,18h50m,1,ATL,9:20 am – 4:43 pm,Delta,ICN‐EWR,20h23m,1,ATL,5135,20220406-0257,fast
6:29 am – 2:45 pm +1,United Airlines,EWR‐ICN,19h16m,1,SFO,10:00 am – 5:10 pm,United Airlines,ICN‐EWR,20h10m,1,NRT-HND,4472,20220406-0257,fast
