Out Time,Out Airline,Out Cities,Out Duration,Out Stops,Out Stop Cities,Return Time,Return Airline,Return Cities,Return Duration,Return Stops,Return Stop Cities,Price,timestamp,sort
6:00 am – 4:15 pm +1,Air Canada,EWR‐ICN,21h15m,2,"YUL, YVR",5:50 pm – 4:44 pm +1,Air Canada,ICN‐EWR,35h54m,1,YVR,1259,20220405-2338,cheap
6:00 am – 4:15 pm +1,Air Canada,EWR‐ICN,21h15m,2,"YUL, YVR",6:40 pm – 10:01 pm,Air Canada,ICN‐EWR,16h21m,1,YYZ,1264,20220405-2338,cheap
6:00 am – 4:15 pm +1,Air Canada,EWR‐ICN,21h15m,2,"YUL, YVR",6:40 pm – 7:52 am +1,Air Canada,ICN‐EWR,26h12m,2,"YYZ, YQB",1264,20220405-2338,cheap
6:00 am – 4:15 pm +1,Air Canada,EWR‐ICN,21h15m,2,"YUL, YVR",6:40 pm – 8:08 am +1,Air Canada,ICN‐EWR,26h28m,1,YYZ,1264,20220405-2338,cheap
6:00 am – 4:15 pm +1,Air Canada,EWR‐ICN,21h15m,2,"YUL, YVR",6:40 pm – 8:34 am +1,Air Canada,ICN‐EWR,26h54m,2,"YYZ, YUL",1264,20220405-2338,cheap
6:00 am – 4:15 pm +1,Air Canada,EWR‐ICN,21h15m,2,"YUL, YVR",6:40 pm – 8:34 am +1,Air Canada,ICN‐EWR,26h54m,2,"YYZ, YUL",1264,20220405-2338,cheap
6:00 am – 4:15 pm +1,Air Canada,EWR‐ICN,21h15m,2,"YUL, YVR",6:40 pm – 8:34 am +1,Air Canada,ICN‐EWR,26h54m,2,"YYZ, YUL",1264,20220405-2338,cheap
6:25 am – 4:15 pm +1,Air Canada,EWR‐ICN,20h50m,2,"YYZ, YVR",6:40 pm – 10:01 pm,Air Canada,ICN‐EWR,16h21m,1,YYZ,1270,20220405-2338,cheap
6:25 am – 4:15 pm +1,Air Canada,EWR‐ICN,20h50m,2,"YYZ, YVR",6:40 pm – 10:01 pm,Air Canada,ICN‐EWR,16h21m,1,YYZ,1270,20220405-2338,cheap
8:58 pm – 5:10 pm +2,Air Canada,EWR‐ICN,31h12m,1,YYZ,6:40 pm – 10:01 pm,Air Canada,ICN‐EWR,16h21m,1,YYZ,1270,20220405-2338,cheap
5:10 pm – 5:00 am +2,"Alaska Airlines, Asiana Airlines",EWR‐ICN,22h50m,1,SFO,4:50 pm – 9:49 pm,United Airlines,ICN‐EWR,17h59m,1,SFO,1350,20220405-2338,cheap
6:30 am – 2:55 pm +1,United Airlines,EWR‐ICN,19h25m,1,SFO,4:50 pm – 9:49 pm,United Airlines,ICN‐EWR,17h59m,1,SFO,1536,20220405-2338,cheap
6:30 am – 2:55 pm +1,United Airlines,EWR‐ICN,19h25m,1,SFO,4:50 pm – 12:49 am +1,United Airlines,ICN‐EWR,20h59m,1,SFO,1536,20220405-2338,cheap
6:30 am – 2:55 pm +1,United Airlines,EWR‐ICN,19h25m,1,SFO,4:50 pm – 5:12 am +1,United Airlines,ICN‐EWR,25h22m,1,SFO,1536,20220405-2338,cheap
6:30 am – 2:55 pm +1,United Airlines,EWR‐ICN,19h25m,1,SFO,4:50 pm – 7:00 am +1,United Airlines,ICN‐EWR,27h10m,1,SFO,1536,20220405-2338,cheap
6:25 am – 4:15 pm +1,Air Canada,EWR‐ICN,20h50m,2,"YYZ, YVR",6:40 pm – 10:01 pm,Air Canada,ICN‐EWR,16h21m,1,YYZ,1270,20220405-2336,best
6:00 am – 4:15 pm +1,Air Canada,EWR‐ICN,21h15m,2,"YUL, YVR",5:50 pm – 4:44 pm +1,Air Canada,ICN‐EWR,35h54m,1,YVR,1259,20220405-2336,best
6:25 am – 4:15 pm +1,Air Canada,EWR‐ICN,20h50m,2,"YYZ, YVR",6:40 pm – 10:01 pm,Air Canada,ICN‐EWR,16h21m,1,YYZ,1270,20220405-2336,best
6:00 am – 4:15 pm +1,Air Canada,EWR‐ICN,21h15m,2,"YUL, YVR",6:40 pm – 10:01 pm,Air Canada,ICN‐EWR,16h21m,1,YYZ,1264,20220405-2336,best
6:30 am – 2:55 pm +1,United Airlines,EWR‐ICN,19h25m,1,SFO,4:50 pm – 9:49 pm,United Airlines,ICN‐EWR,17h59m,1,SFO,1536,20220405-2336,best
6:30 am – 2:55 pm +1,United Airlines,EWR‐ICN,19h25m,1,SFO,4:50 pm – 12:49 am +1,United Airlines,ICN‐EWR,20h59m,1,SFO,1536,20220405-2336,best
8:58 pm – 5:10 pm +2,Air Canada,EWR‐ICN,31h12m,1,YYZ,6:40 pm – 10:01 pm,Air Canada,ICN‐EWR,16h21m,1,YYZ,1270,20220405-2336,best
6:00 am – 4:15 pm +1,Air Canada,EWR‐ICN,21h15m,2,"YUL, YVR",6:40 pm – 8:08 am +1,Air Canada,ICN‐EWR,26h28m,1,YYZ,1264,20220405-2336,best
6:30 am – 2:55 pm +1,United Airlines,EWR‐ICN,19h25m,1,SFO,4:50 pm – 5:12 am +1,United Airlines,ICN‐EWR,25h22m,1,SFO,1536,20220405-2336,best
6:00 am – 4:15 pm +1,Air Canada,EWR‐ICN,21h15m,2,"YUL, YVR",6:40 pm – 7:52 am +1,Air Canada,ICN‐EWR,26h12m,2,"YYZ, YQB",1264,20220405-2336,best
6:00 am – 4:15 pm +1,Air Canada,EWR‐ICN,21h15m,2,"YUL, YVR",6:40 pm – 8:34 am +1,Air Canada,ICN‐EWR,26h54m,2,"YYZ, YUL",1264,20220405-2336,best
6:00 am – 4:15 pm +1,Air Canada,EWR‐ICN,21h15m,2,"YUL, YVR",6:40 pm – 8:34 am +1,Air Canada,ICN‐EWR,26h54m,2,"YYZ, YUL",1264,20220405-2336,best
6:00 am – 4:15 pm +1,Air Canada,EWR‐ICN,21h15m,2,"YUL, YVR",6:40 pm – 8:34 am +1,Air Canada,ICN‐EWR,26h54m,2,"YYZ, YUL",1264,20220405-2336,best
6:30 am – 2:55 pm +1,United Airlines,EWR‐ICN,19h25m,1,SFO,4:50 pm – 7:00 am +1,United Airlines,ICN‐EWR,27h10m,1,SFO,1536,20220405-2336,best
7:51 pm – 5:10 pm +2,Air Canada,EWR‐ICN,32h19m,1,YYZ,6:40 pm – 10:01 pm,Air Canada,ICN‐EWR,16h21m,1,YYZ,1560,20220405-2336,best
6:25 am – 4:15 pm +1,Air Canada,EWR‐ICN,20h50m,2,"YYZ, YVR",6:40 pm – 8:08 am +1,Air Canada,ICN‐EWR,26h28m,1,YYZ,1560,20220405-2336,best
11:25 am – 5:30 pm +1,"ANA, Korean Air",EWR‐ICN,17h05m,1,NRT,9:20 am – 3:14 pm,Korean Air,ICN‐EWR,18h54m,1,ATL,6355,20220405-2341,fast
6:34 am – 3:15 pm +1,"American Airlines, Korean Air",EWR‐ICN,19h41m,1,DFW,6:40 pm – 10:01 pm,Air Canada,ICN‐EWR,16h21m,1,YYZ,2666,20220405-2341,fast
7:00 am – 3:50 pm +1,"Delta, Korean Air",EWR‐ICN,19h50m,1,ATL,6:40 pm – 10:01 pm,Air Canada,ICN‐EWR,16h21m,1,YYZ,2016,20220405-2341,fast
8:00 am – 3:50 pm +1,Korean Air,EWR‐ICN,18h50m,1,ATL,4:50 pm – 9:49 pm,United Airlines,ICN‐EWR,17h59m,1,SFO,2041,20220405-2341,fast
6:25 am – 4:15 pm +1,Air Canada,EWR‐ICN,20h50m,2,"YYZ, YVR",6:40 pm – 10:01 pm,Air Canada,ICN‐EWR,16h21m,1,YYZ,1270,20220405-2341,fast
6:25 am – 4:15 pm +1,Air Canada,EWR‐ICN,20h50m,2,"YYZ, YVR",6:40 pm – 10:01 pm,Air Canada,ICN‐EWR,16h21m,1,YYZ,1270,20220405-2341,fast
6:00 am – 3:50 pm +1,"Delta, Korean Air",EWR‐ICN,20h50m,1,ATL,6:40 pm – 10:01 pm,Air Canada,ICN‐EWR,16h21m,1,YYZ,2016,20220405-2341,fast
6:30 am – 2:55 pm +1,United Airlines,EWR‐ICN,19h25m,1,SFO,4:50 pm – 9:49 pm,United Airlines,ICN‐EWR,17h59m,1,SFO,1536,20220405-2341,fast
6:00 am – 4:15 pm +1,Air Canada,EWR‐ICN,21h15m,2,"YUL, YVR",6:40 pm – 10:01 pm,Air Canada,ICN‐EWR,16h21m,1,YYZ,1264,20220405-2341,fast
8:00 am – 3:50 pm +1,"Delta, Korean Air",EWR‐ICN,18h50m,1,ATL,9:20 am – 3:14 pm,"Korean Air, Delta",ICN‐EWR,18h54m,1,ATL,2291,20220405-2341,fast
7:00 am – 3:50 pm +1,"Delta, Korean Air",EWR‐ICN,19h50m,1,ATL,4:50 pm – 9:49 pm,United Airlines,ICN‐EWR,17h59m,1,SFO,1748,20220405-2341,fast
8:00 am – 3:50 pm +1,Korean Air,EWR‐ICN,18h50m,1,ATL,5:25 pm – 11:28 pm,"Korean Air, American Airlines",ICN‐EWR,19h03m,1,DFW,2792,20220405-2341,fast
8:00 am – 3:50 pm +1,"Delta, Korean Air",EWR‐ICN,18h50m,1,ATL,2:40 pm – 8:53 pm,"Asiana Airlines, United Airlines",ICN‐EWR,19h13m,1,LAX,2336,20220405-2341,fast
8:00 am – 4:20 pm +1,Korean Air,EWR‐ICN,19h20m,1,ATL,9:20 am – 3:14 pm,Korean Air,ICN‐EWR,18h54m,1,ATL,2541,20220405-2341,fast
6:30 am – 2:55 pm +1,United Airlines,EWR‐ICN,19h25m,1,SFO,9:20 am – 3:14 pm,Korean Air,ICN‐EWR,18h54m,1,ATL,2586,20220405-2341,fast
