Out Time,Out Airline,Out Cities,Out Duration,Out Stops,Out Stop Cities,Return Time,Return Airline,Return Cities,Return Duration,Return Stops,Return Stop Cities,Price,timestamp,sort
7:30 am – 1:15 am +2,"Air Canada, Singapore Airlines",SAN‐SIN,26h45m,2,"YVR, NRT",11:55 pm – 6:33 pm +1,"Singapore Airlines, Air Canada",SIN‐SAN,33h38m,2,"NRT, YVR",1210,20220404-1809,cheap
7:30 am – 12:35 am +2,Air Canada,SAN‐SIN,26h05m,2,"YVR, NRT",11:55 pm – 6:33 pm +1,"Singapore Airlines, Air Canada",SIN‐SAN,33h38m,2,"NRT, YVR",1215,20220404-1809,cheap
8:15 am – 12:20 am +2,"Alaska Airlines, Japan Airlines",SAN‐SIN,25h05m,2,"SFO, NRT",8:10 am – 8:07 am +1,"Japan Airlines, Alaska Airlines",SIN‐SAN,38h57m,2,"NRT, DFW",1398,20220404-1809,cheap
1:15 pm – 12:20 am +2,Japan Airlines,SAN‐SIN,20h05m,1,NRT,8:10 am – 11:58 pm,"Japan Airlines, Alaska Airlines",SIN‐SAN,30h48m,2,"NRT, SFO",1414,20220404-1809,cheap
8:15 am – 12:20 am +2,Japan Airlines,SAN‐SIN,25h05m,2,"SFO, NRT",8:10 am – 11:58 pm,"Japan Airlines, Alaska Airlines",SIN‐SAN,30h48m,2,"NRT, SFO",1418,20220404-1809,cheap
1:15 pm – 12:20 am +2,American Airlines,SAN‐SIN,20h05m,1,NRT,8:10 am – 8:07 am +1,American Airlines,SIN‐SAN,38h57m,2,"NRT, DFW",1458,20220404-1809,cheap
1:15 pm – 12:20 am +2,Japan Airlines,SAN‐SIN,20h05m,1,NRT,8:10 am – 4:02 pm,"Japan Airlines, Alaska Airlines",SIN‐SAN,22h52m,2,"NRT, SFO",1464,20220404-1809,cheap
1:15 pm – 12:20 am +2,Japan Airlines,SAN‐SIN,20h05m,1,NRT,8:10 am – 9:45 pm,"Japan Airlines, Alaska Airlines",SIN‐SAN,28h35m,2,"NRT, SFO",1464,20220404-1809,cheap
1:15 pm – 12:20 am +2,Japan Airlines,SAN‐SIN,20h05m,1,NRT,8:10 am – 5:42 pm,"Japan Airlines, Alaska Airlines",SIN‐SAN,24h32m,2,"NRT, SFO",1496,20220404-1809,cheap
1:15 pm – 12:20 am +2,Japan Airlines,SAN‐SIN,20h05m,1,NRT,8:10 am – 6:57 pm,"Japan Airlines, Alaska Airlines",SIN‐SAN,25h47m,2,"NRT, SFO",1496,20220404-1809,cheap
1:15 pm – 12:20 am +2,Japan Airlines,SAN‐SIN,20h05m,1,NRT,9:50 pm – 11:15 am +1,Japan Airlines,SIN‐SAN,28h25m,1,HND-NRT,1511,20220404-1809,cheap
7:47 am – 12:35 am +2,United Airlines,SAN‐SIN,25h48m,2,"SFO, NRT",1:10 pm – 10:17 am +1,"EVA Air, United Airlines",SIN‐SAN,36h07m,2,"TPE, SFO",1523,20220404-1809,cheap
6:15 am – 12:35 am +2,United Airlines,SAN‐SIN,27h20m,2,"SFO, NRT",1:10 pm – 10:17 am +1,"EVA Air, United Airlines",SIN‐SAN,36h07m,2,"TPE, SFO",1523,20220404-1809,cheap
8:15 am – 12:20 am +2,Japan Airlines,SAN‐SIN,25h05m,2,"SFO, NRT",9:50 pm – 11:15 am +1,Japan Airlines,SIN‐SAN,28h25m,1,HND-NRT,1542,20220404-1809,cheap
8:45 pm – 9:40 pm +2,"Alaska Airlines, Singapore Airlines",SAN‐SIN,33h55m,2,"SEA, YVR",9:25 am – 11:58 pm,Singapore Airlines,SIN‐SAN,29h33m,1,SFO,1549,20220404-1809,cheap
1:15 pm – 12:20 am +2,Japan Airlines,SAN‐SIN,20h05m,1,NRT,8:10 am – 4:02 pm,"Japan Airlines, Alaska Airlines",SIN‐SAN,22h52m,2,"NRT, SFO",1464,20220404-1807,best
1:15 pm – 12:20 am +2,Japan Airlines,SAN‐SIN,20h05m,1,NRT,8:10 am – 4:02 pm,"Japan Airlines, Alaska Airlines",SIN‐SAN,22h52m,2,"NRT, SFO",1464,20220404-1807,best
7:30 am – 1:15 am +2,"Air Canada, Singapore Airlines",SAN‐SIN,26h45m,2,"YVR, NRT",11:55 pm – 6:33 pm +1,"Singapore Airlines, Air Canada",SIN‐SAN,33h38m,2,"NRT, YVR",1210,20220404-1807,best
1:15 pm – 12:20 am +2,Japan Airlines,SAN‐SIN,20h05m,1,NRT,8:10 am – 5:42 pm,"Japan Airlines, Alaska Airlines",SIN‐SAN,24h32m,2,"NRT, SFO",1496,20220404-1807,best
1:15 pm – 12:20 am +2,Japan Airlines,SAN‐SIN,20h05m,1,NRT,8:10 am – 6:57 pm,"Japan Airlines, Alaska Airlines",SIN‐SAN,25h47m,2,"NRT, SFO",1496,20220404-1807,best
6:20 am – 7:10 pm +1,Singapore Airlines,SAN‐SIN,21h50m,1,SFO,9:25 am – 1:23 pm,"Singapore Airlines, Alaska Airlines",SIN‐SAN,18h58m,1,SFO,1862,20220404-1807,best
6:20 am – 7:10 pm +1,Singapore Airlines,SAN‐SIN,21h50m,1,SFO,6:40 pm – 11:58 pm,Singapore Airlines,SIN‐SAN,20h18m,1,SFO,1811,20220404-1807,best
1:15 pm – 12:20 am +2,Japan Airlines,SAN‐SIN,20h05m,1,NRT,8:10 am – 9:45 pm,"Japan Airlines, Alaska Airlines",SIN‐SAN,28h35m,2,"NRT, SFO",1464,20220404-1807,best
1:15 pm – 12:20 am +2,Japan Airlines,SAN‐SIN,20h05m,1,NRT,9:50 pm – 11:15 am +1,Japan Airlines,SIN‐SAN,28h25m,1,HND-NRT,1511,20220404-1807,best
6:20 am – 7:10 pm +1,Singapore Airlines,SAN‐SIN,21h50m,1,SFO,9:25 am – 4:02 pm,"Singapore Airlines, Alaska Airlines",SIN‐SAN,21h37m,1,SFO,1862,20220404-1807,best
1:15 pm – 12:20 am +2,Japan Airlines,SAN‐SIN,20h05m,1,NRT,8:10 am – 11:58 pm,"Japan Airlines, Alaska Airlines",SIN‐SAN,30h48m,2,"NRT, SFO",1414,20220404-1807,best
1:15 pm – 12:20 am +2,Japan Airlines,SAN‐SIN,20h05m,1,NRT,1:10 am – 1:39 pm,Korean Air,SIN‐SAN,27h29m,2,"ICN, LAX",1621,20220404-1807,best
6:20 am – 7:10 pm +1,Singapore Airlines,SAN‐SIN,21h50m,1,SFO,9:25 am – 11:58 pm,Singapore Airlines,SIN‐SAN,29h33m,1,SFO,1555,20220404-1807,best
1:15 pm – 12:20 am +2,Japan Airlines,SAN‐SIN,20h05m,1,NRT,8:10 am – 5:06 pm,Japan Airlines,SIN‐SAN,23h56m,2,"NRT, SEA",1961,20220404-1807,best
1:15 pm – 12:20 am +2,Japan Airlines,SAN‐SIN,20h05m,1,NRT,9:25 am – 1:23 pm,Singapore Airlines,SIN‐SAN,18h58m,1,SFO,2346,20220404-1807,best
1:15 pm – 12:20 am +2,Japan Airlines,SAN‐SIN,20h05m,1,NRT,9:25 am – 4:02 pm,Singapore Airlines,SIN‐SAN,21h37m,1,SFO,2285,20220404-1807,best
6:20 am – 7:10 pm +1,Singapore Airlines,SAN‐SIN,21h50m,1,SFO,6:40 pm – 7:32 am +1,"Singapore Airlines, Alaska Airlines",SIN‐SAN,27h52m,1,SFO,1811,20220404-1807,best
8:01 pm – 6:15 am +2,United Airlines,SAN‐SIN,19h14m,1,SFO,8:45 am – 12:23 pm,United Airlines,SIN‐SAN,18h38m,1,SFO,4284,20220404-1811,fast
1:15 pm – 12:20 am +2,Japan Airlines,SAN‐SIN,20h05m,1,NRT,9:25 am – 1:23 pm,Singapore Airlines,SIN‐SAN,18h58m,1,SFO,2346,20220404-1811,fast
6:05 pm – 5:45 am +2,Singapore Airlines,SAN‐SIN,20h40m,1,SFO,9:25 am – 1:23 pm,"Singapore Airlines, Alaska Airlines",SIN‐SAN,18h58m,1,SFO,5712,20220404-1811,fast
8:01 pm – 6:15 am +2,United Airlines,SAN‐SIN,19h14m,1,SFO,8:45 am – 2:35 pm,United Airlines,SIN‐SAN,20h50m,1,SFO,4284,20220404-1811,fast
6:20 am – 7:10 pm +1,Singapore Airlines,SAN‐SIN,21h50m,1,SFO,9:25 am – 1:23 pm,"Singapore Airlines, Alaska Airlines",SIN‐SAN,18h58m,1,SFO,1862,20220404-1811,fast
6:05 pm – 5:45 am +2,Singapore Airlines,SAN‐SIN,20h40m,1,SFO,6:40 pm – 11:58 pm,Singapore Airlines,SIN‐SAN,20h18m,1,SFO,5016,20220404-1811,fast
1:15 pm – 12:20 am +2,Japan Airlines,SAN‐SIN,20h05m,1,NRT,9:25 am – 4:02 pm,Singapore Airlines,SIN‐SAN,21h37m,1,SFO,2285,20220404-1811,fast
4:05 pm – 6:15 am +2,United Airlines,SAN‐SIN,23h10m,1,SFO,8:45 am – 12:23 pm,United Airlines,SIN‐SAN,18h38m,1,SFO,4795,20220404-1811,fast
6:20 am – 7:10 pm +1,Singapore Airlines,SAN‐SIN,21h50m,1,SFO,6:40 pm – 11:58 pm,Singapore Airlines,SIN‐SAN,20h18m,1,SFO,1811,20220404-1811,fast
4:15 pm – 5:45 am +2,Singapore Airlines,SAN‐SIN,22h30m,1,SFO,6:40 pm – 11:58 pm,Singapore Airlines,SIN‐SAN,20h18m,1,SFO,2261,20220404-1811,fast
1:15 pm – 12:20 am +2,Japan Airlines,SAN‐SIN,20h05m,1,NRT,8:10 am – 4:02 pm,"Japan Airlines, Alaska Airlines",SIN‐SAN,22h52m,2,"NRT, SFO",1464,20220404-1811,fast
6:15 am – 9:40 pm +1,Singapore Airlines,SAN‐SIN,24h25m,2,"SEA, YVR",9:25 am – 1:23 pm,Singapore Airlines,SIN‐SAN,18h58m,1,SFO,2660,20220404-1811,fast
6:20 am – 7:10 pm +1,Singapore Airlines,SAN‐SIN,21h50m,1,SFO,9:25 am – 4:02 pm,"Singapore Airlines, Alaska Airlines",SIN‐SAN,21h37m,1,SFO,1862,20220404-1811,fast
4:05 pm – 6:15 am +2,United Airlines,SAN‐SIN,23h10m,1,SFO,8:45 am – 2:35 pm,United Airlines,SIN‐SAN,20h50m,1,SFO,4795,20220404-1811,fast
1:15 pm – 12:20 am +2,Japan Airlines,SAN‐SIN,20h05m,1,NRT,8:10 am – 5:06 pm,Japan Airlines,SIN‐SAN,23h56m,2,"NRT, SEA",1961,20220404-1811,fast
