Out Time,Out Airline,Out Cities,Out Duration,Out Stops,Out Stop Cities,Return Time,Return Airline,Return Cities,Return Duration,Return Stops,Return Stop Cities,Price,timestamp,sort
8:00 am – 12:20 am +2,Japan Airlines,SAN‐SIN,25h20m,2,"SEA, NRT",9:50 pm – 4:02 pm +1,Japan Airlines,SIN‐SAN,33h12m,2,"HND-NRT, SFO",1101,20220404-1903,cheap
8:00 am – 1:15 am +2,"Air Canada, Singapore Airlines",SAN‐SIN,26h15m,2,"YVR, NRT",11:55 pm – 6:33 pm +1,"Singapore Airlines, Air Canada",SIN‐SAN,33h38m,2,"NRT, YVR",1210,20220404-1903,cheap
8:00 am – 12:35 am +2,Air Canada,SAN‐SIN,25h35m,2,"YVR, NRT",11:55 pm – 6:33 pm +1,"Singapore Airlines, Air Canada",SIN‐SAN,33h38m,2,"NRT, YVR",1215,20220404-1903,cheap
8:00 am – 12:20 am +2,"Air Canada, Japan Airlines",SAN‐SIN,25h20m,2,"YVR, NRT",11:55 pm – 6:33 pm +1,"Singapore Airlines, Air Canada",SIN‐SAN,33h38m,2,"NRT, YVR",1294,20220404-1903,cheap
8:00 am – 12:20 am +2,Japan Airlines,SAN‐SIN,25h20m,2,"SEA, NRT",9:50 pm – 11:15 am +1,Japan Airlines,SIN‐SAN,28h25m,1,HND-NRT,1324,20220404-1903,cheap
8:00 am – 12:00 pm +2,"United Airlines, EVA Air",SAN‐SIN,37h00m,2,"SFO, TPE",8:45 am – 12:23 pm,United Airlines,SIN‐SAN,18h38m,1,SFO,1336,20220404-1903,cheap
6:05 am – 12:00 pm +2,"United Airlines, EVA Air",SAN‐SIN,38h55m,2,"SFO, TPE",8:45 am – 12:23 pm,United Airlines,SIN‐SAN,18h38m,1,SFO,1336,20220404-1903,cheap
8:00 am – 12:00 pm +2,"United Airlines, EVA Air",SAN‐SIN,37h00m,2,"SFO, TPE",8:45 am – 2:35 pm,United Airlines,SIN‐SAN,20h50m,1,SFO,1336,20220404-1903,cheap
6:05 am – 12:00 pm +2,"United Airlines, EVA Air",SAN‐SIN,38h55m,2,"SFO, TPE",8:45 am – 2:35 pm,United Airlines,SIN‐SAN,20h50m,1,SFO,1336,20220404-1903,cheap
8:00 am – 12:00 pm +2,"United Airlines, EVA Air",SAN‐SIN,37h00m,2,"SFO, TPE",8:45 am – 8:24 pm,United Airlines,SIN‐SAN,26h39m,1,SFO,1336,20220404-1903,cheap
6:05 am – 12:00 pm +2,"United Airlines, EVA Air",SAN‐SIN,38h55m,2,"SFO, TPE",8:45 am – 8:24 pm,United Airlines,SIN‐SAN,26h39m,1,SFO,1336,20220404-1903,cheap
8:00 am – 1:15 am +2,"Air Canada, Singapore Airlines",SAN‐SIN,26h15m,2,"YVR, NRT",12:10 am – 6:33 pm,"Singapore Airlines, Air Canada",SIN‐SAN,33h23m,2,"ICN, YVR",1341,20220404-1903,cheap
8:00 am – 12:20 am +2,Japan Airlines,SAN‐SIN,25h20m,2,"SEA, NRT",1:10 am – 6:11 pm,Korean Air,SIN‐SAN,32h01m,2,"ICN, SEA",1343,20220404-1903,cheap
8:00 am – 12:35 am +2,Air Canada,SAN‐SIN,25h35m,2,"YVR, NRT",12:10 am – 6:33 pm,"Singapore Airlines, Air Canada",SIN‐SAN,33h23m,2,"ICN, YVR",1346,20220404-1903,cheap
1:15 pm – 12:20 am +2,Japan Airlines,SAN‐SIN,20h05m,1,NRT,9:50 pm – 4:02 pm +1,Japan Airlines,SIN‐SAN,33h12m,2,"HND-NRT, SFO",1349,20220404-1903,cheap
1:15 pm – 12:20 am +2,Japan Airlines,SAN‐SIN,20h05m,1,NRT,8:10 am – 4:02 pm,"Japan Airlines, Alaska Airlines",SIN‐SAN,22h52m,2,"NRT, SFO",1496,20220404-1901,best
1:15 pm – 12:20 am +2,Japan Airlines,SAN‐SIN,20h05m,1,NRT,8:10 am – 4:02 pm,"Japan Airlines, Alaska Airlines",SIN‐SAN,22h52m,2,"NRT, SFO",1411,20220404-1901,best
8:00 am – 12:20 am +2,Japan Airlines,SAN‐SIN,25h20m,2,"SEA, NRT",9:50 pm – 4:02 pm +1,Japan Airlines,SIN‐SAN,33h12m,2,"HND-NRT, SFO",1101,20220404-1901,best
8:00 am – 12:35 am +2,United Airlines,SAN‐SIN,25h35m,2,"SFO, NRT",8:45 am – 12:23 pm,United Airlines,SIN‐SAN,18h38m,1,SFO,1408,20220404-1901,best
1:15 pm – 12:20 am +2,Japan Airlines,SAN‐SIN,20h05m,1,NRT,8:10 am – 5:42 pm,"Japan Airlines, Alaska Airlines",SIN‐SAN,24h32m,2,"NRT, SFO",1436,20220404-1901,best
1:15 pm – 12:20 am +2,Japan Airlines,SAN‐SIN,20h05m,1,NRT,8:10 am – 6:57 pm,"Japan Airlines, Alaska Airlines",SIN‐SAN,25h47m,2,"NRT, SFO",1411,20220404-1901,best
6:15 am – 12:35 am +2,"United Airlines, ANA",SAN‐SIN,27h20m,2,"LAX, NRT",8:45 am – 12:23 pm,United Airlines,SIN‐SAN,18h38m,1,SFO,1412,20220404-1901,best
6:15 am – 12:35 am +2,"United Airlines, ANA",SAN‐SIN,27h20m,2,"LAX, NRT",8:45 am – 12:23 pm,United Airlines,SIN‐SAN,18h38m,1,SFO,1413,20220404-1901,best
6:15 am – 12:35 am +2,"United Airlines, ANA",SAN‐SIN,27h20m,2,"LAX, NRT",8:45 am – 2:35 pm,United Airlines,SIN‐SAN,20h50m,1,SFO,1412,20220404-1901,best
6:15 am – 12:35 am +2,"United Airlines, ANA",SAN‐SIN,27h20m,2,"LAX, NRT",8:45 am – 2:35 pm,United Airlines,SIN‐SAN,20h50m,1,SFO,1413,20220404-1901,best
1:15 pm – 12:20 am +2,Japan Airlines,SAN‐SIN,20h05m,1,NRT,9:50 pm – 11:15 am +1,Japan Airlines,SIN‐SAN,28h25m,1,HND-NRT,1511,20220404-1901,best
1:15 pm – 12:20 am +2,Japan Airlines,SAN‐SIN,20h05m,1,NRT,8:10 am – 9:45 pm,"Japan Airlines, Alaska Airlines",SIN‐SAN,28h35m,2,"NRT, SFO",1496,20220404-1901,best
1:15 pm – 12:20 am +2,Japan Airlines,SAN‐SIN,20h05m,1,NRT,8:10 am – 11:58 pm,"Japan Airlines, Alaska Airlines",SIN‐SAN,30h48m,2,"NRT, SFO",1464,20220404-1901,best
1:15 pm – 12:20 am +2,Japan Airlines,SAN‐SIN,20h05m,1,NRT,9:50 pm – 4:02 pm +1,Japan Airlines,SIN‐SAN,33h12m,2,"HND-NRT, SFO",1349,20220404-1901,best
8:00 am – 12:20 am +2,Japan Airlines,SAN‐SIN,25h20m,2,"SEA, NRT",9:50 pm – 11:15 am +1,Japan Airlines,SIN‐SAN,28h25m,1,HND-NRT,1324,20220404-1901,best
1:15 pm – 12:20 am +2,Japan Airlines,SAN‐SIN,20h05m,1,NRT,1:10 am – 2:35 pm,Korean Air,SIN‐SAN,28h25m,2,"ICN, LAX",1621,20220404-1901,best
8:00 am – 12:00 pm +2,"United Airlines, EVA Air",SAN‐SIN,37h00m,2,"SFO, TPE",8:45 am – 12:23 pm,United Airlines,SIN‐SAN,18h38m,1,SFO,1336,20220404-1901,best
6:53 pm – 6:15 am +2,United Airlines,SAN‐SIN,20h22m,1,SFO,8:45 am – 12:23 pm,United Airlines,SIN‐SAN,18h38m,1,SFO,2394,20220404-1905,fast
6:05 pm – 5:45 am +2,"Alaska Airlines, Singapore Airlines",SAN‐SIN,20h40m,1,SFO,9:25 am – 1:23 pm,"Singapore Airlines, Alaska Airlines",SIN‐SAN,18h58m,1,SFO,5712,20220404-1905,fast
6:20 am – 7:10 pm +1,Singapore Airlines,SAN‐SIN,21h50m,1,SFO,9:25 am – 1:23 pm,"Singapore Airlines, Alaska Airlines",SIN‐SAN,18h58m,1,SFO,8116,20220404-1905,fast
6:05 pm – 5:45 am +2,Singapore Airlines,SAN‐SIN,20h40m,1,SFO,6:40 pm – 11:58 pm,Singapore Airlines,SIN‐SAN,20h18m,1,SFO,2430,20220404-1905,fast
6:53 pm – 6:15 am +2,United Airlines,SAN‐SIN,20h22m,1,SFO,8:45 am – 2:35 pm,United Airlines,SIN‐SAN,20h50m,1,SFO,2394,20220404-1905,fast
4:15 pm – 5:45 am +2,Singapore Airlines,SAN‐SIN,22h30m,1,SFO,9:25 am – 1:23 pm,"Singapore Airlines, Alaska Airlines",SIN‐SAN,18h58m,1,SFO,5712,20220404-1905,fast
3:59 pm – 6:15 am +2,United Airlines,SAN‐SIN,23h16m,1,SFO,8:45 am – 12:23 pm,United Airlines,SIN‐SAN,18h38m,1,SFO,2394,20220404-1905,fast
6:20 am – 7:10 pm +1,Singapore Airlines,SAN‐SIN,21h50m,1,SFO,6:40 pm – 11:58 pm,Singapore Airlines,SIN‐SAN,20h18m,1,SFO,3838,20220404-1905,fast
4:15 pm – 5:45 am +2,Singapore Airlines,SAN‐SIN,22h30m,1,SFO,6:40 pm – 11:58 pm,Singapore Airlines,SIN‐SAN,20h18m,1,SFO,2430,20220404-1905,fast
1:15 pm – 12:20 am +2,Japan Airlines,SAN‐SIN,20h05m,1,NRT,8:10 am – 4:02 pm,"Japan Airlines, Alaska Airlines",SIN‐SAN,22h52m,2,"NRT, SFO",1411,20220404-1905,fast
1:15 pm – 12:20 am +2,Japan Airlines,SAN‐SIN,20h05m,1,NRT,8:10 am – 5:06 pm,Japan Airlines,SIN‐SAN,23h56m,2,"NRT, SEA",2081,20220404-1905,fast
3:59 pm – 6:15 am +2,United Airlines,SAN‐SIN,23h16m,1,SFO,8:45 am – 2:35 pm,United Airlines,SIN‐SAN,20h50m,1,SFO,2394,20220404-1905,fast
8:00 am – 12:35 am +2,United Airlines,SAN‐SIN,25h35m,2,"SFO, NRT",8:45 am – 12:23 pm,United Airlines,SIN‐SAN,18h38m,1,SFO,1408,20220404-1905,fast
1:29 pm – 6:15 am +2,United Airlines,SAN‐SIN,25h46m,1,SFO,8:45 am – 12:23 pm,United Airlines,SIN‐SAN,18h38m,1,SFO,2394,20220404-1905,fast
1:15 pm – 12:20 am +2,Japan Airlines,SAN‐SIN,20h05m,1,NRT,8:10 am – 5:42 pm,"Japan Airlines, Alaska Airlines",SIN‐SAN,24h32m,2,"NRT, SFO",1436,20220404-1905,fast
