Out Time,Out Airline,Out Cities,Out Duration,Out Stops,Out Stop Cities,Return Time,Return Airline,Return Cities,Return Duration,Return Stops,Return Stop Cities,Price,timestamp,sort
12:48 pm – 12:20 am +3,Japan Airlines,SAN‐SIN,44h32m,2,"DFW, NRT",8:10 am – 11:15 am,Japan Airlines,SIN‐SAN,18h05m,1,NRT,886,20220404-1520,cheap
11:00 pm – 12:20 am +3,"Alaska Airlines, Japan Airlines",SAN‐SIN,34h20m,2,"JFK, NRT",8:10 am – 11:15 am,Japan Airlines,SIN‐SAN,18h05m,1,NRT,944,20220404-1520,cheap
2:38 pm – 12:20 am +3,American Airlines,SAN‐SIN,42h42m,2,"DFW, NRT",8:10 am – 11:15 am,American Airlines,SIN‐SAN,18h05m,1,NRT,1010,20220404-1520,cheap
1:45 pm – 12:20 am +3,American Airlines,SAN‐SIN,43h35m,2,"DFW, NRT",8:10 am – 11:15 am,American Airlines,SIN‐SAN,18h05m,1,NRT,1031,20220404-1520,cheap
6:15 am – 12:35 am +2,ANA,SAN‐SIN,27h20m,2,"SFO, NRT",6:10 am – 2:56 pm,ANA,SIN‐SAN,23h46m,2,"NRT, SFO",1073,20220404-1520,cheap
6:15 am – 12:35 am +2,ANA,SAN‐SIN,27h20m,2,"SFO, NRT",6:10 am – 6:59 pm,ANA,SIN‐SAN,27h49m,2,"NRT, SFO",1073,20220404-1520,cheap
6:15 am – 12:35 am +2,ANA,SAN‐SIN,27h20m,2,"SFO, NRT",6:10 am – 11:34 pm,ANA,SIN‐SAN,32h24m,2,"NRT, LAX",1073,20220404-1520,cheap
8:00 am – 12:35 am +2,"Alaska Airlines, ANA",SAN‐SIN,25h35m,2,"SEA, NRT",6:10 am – 2:56 pm,ANA,SIN‐SAN,23h46m,2,"NRT, SFO",1079,20220404-1520,cheap
8:00 am – 12:35 am +2,"Alaska Airlines, ANA",SAN‐SIN,25h35m,2,"SEA, NRT",6:10 am – 11:34 pm,ANA,SIN‐SAN,32h24m,2,"NRT, LAX",1079,20220404-1520,cheap
6:15 am – 12:35 am +2,"Alaska Airlines, ANA",SAN‐SIN,27h20m,2,"SEA, NRT",6:10 am – 2:56 pm,ANA,SIN‐SAN,23h46m,2,"NRT, SFO",1080,20220404-1520,cheap
7:46 am – 12:35 am +2,ANA,SAN‐SIN,25h49m,2,"SFO, NRT",6:10 am – 2:56 pm,ANA,SIN‐SAN,23h46m,2,"NRT, SFO",1092,20220404-1520,cheap
7:46 am – 12:35 am +2,ANA,SAN‐SIN,25h49m,2,"SFO, NRT",6:10 am – 6:59 pm,ANA,SIN‐SAN,27h49m,2,"NRT, SFO",1092,20220404-1520,cheap
7:46 am – 12:35 am +2,ANA,SAN‐SIN,25h49m,2,"SFO, NRT",6:10 am – 11:34 pm,ANA,SIN‐SAN,32h24m,2,"NRT, LAX",1092,20220404-1520,cheap
7:46 am – 12:35 am +2,ANA,SAN‐SIN,25h49m,2,"SFO, NRT",10:10 pm – 11:34 pm +1,ANA,SIN‐SAN,40h24m,2,"HND-NRT, LAX",1102,20220404-1520,cheap
6:20 am – 12:35 am +2,"United Airlines, ANA",SAN‐SIN,27h15m,2,"LAX, NRT",6:10 am – 2:56 pm,United Airlines,SIN‐SAN,23h46m,2,"NRT, SFO",1117,20220404-1520,cheap
11:00 pm – 12:20 am +3,"Alaska Airlines, Japan Airlines",SAN‐SIN,34h20m,2,"JFK, NRT",8:10 am – 11:15 am,Japan Airlines,SIN‐SAN,18h05m,1,NRT,944,20220404-1518,best
11:00 pm – 12:20 am +3,"Alaska Airlines, Japan Airlines",SAN‐SIN,34h20m,2,"JFK, NRT",8:10 am – 11:15 am,Japan Airlines,SIN‐SAN,18h05m,1,NRT,944,20220404-1518,best
12:48 pm – 12:20 am +3,Japan Airlines,SAN‐SIN,44h32m,2,"DFW, NRT",8:10 am – 11:15 am,Japan Airlines,SIN‐SAN,18h05m,1,NRT,886,20220404-1518,best
7:46 am – 12:35 am +2,ANA,SAN‐SIN,25h49m,2,"SFO, NRT",6:10 am – 2:56 pm,ANA,SIN‐SAN,23h46m,2,"NRT, SFO",1092,20220404-1518,best
8:00 am – 12:35 am +2,"Alaska Airlines, ANA",SAN‐SIN,25h35m,2,"SEA, NRT",6:10 am – 2:56 pm,ANA,SIN‐SAN,23h46m,2,"NRT, SFO",1079,20220404-1518,best
8:00 am – 12:35 am +2,"Alaska Airlines, ANA",SAN‐SIN,25h35m,2,"SEA, NRT",8:10 am – 11:15 am,Japan Airlines,SIN‐SAN,18h05m,1,NRT,1376,20220404-1518,best
7:46 am – 12:35 am +2,ANA,SAN‐SIN,25h49m,2,"SFO, NRT",8:10 am – 11:15 am,Japan Airlines,SIN‐SAN,18h05m,1,NRT,1376,20220404-1518,best
6:15 am – 12:35 am +2,ANA,SAN‐SIN,27h20m,2,"SFO, NRT",6:10 am – 2:56 pm,ANA,SIN‐SAN,23h46m,2,"NRT, SFO",1073,20220404-1518,best
6:15 am – 12:35 am +2,"Alaska Airlines, ANA",SAN‐SIN,27h20m,2,"SEA, NRT",6:10 am – 2:56 pm,ANA,SIN‐SAN,23h46m,2,"NRT, SFO",1080,20220404-1518,best
6:20 am – 12:35 am +2,"United Airlines, ANA",SAN‐SIN,27h15m,2,"LAX, NRT",6:10 am – 2:56 pm,United Airlines,SIN‐SAN,23h46m,2,"NRT, SFO",1117,20220404-1518,best
6:20 am – 12:35 am +2,"United Airlines, ANA",SAN‐SIN,27h15m,2,"LAX, NRT",6:10 am – 2:56 pm,United Airlines,SIN‐SAN,23h46m,2,"NRT, SFO",1117,20220404-1518,best
10:00 pm – 7:10 pm +2,Singapore Airlines,SAN‐SIN,30h10m,1,SFO,8:10 am – 11:15 am,Japan Airlines,SIN‐SAN,18h05m,1,NRT,1307,20220404-1518,best
7:46 am – 12:35 am +2,ANA,SAN‐SIN,25h49m,2,"SFO, NRT",6:10 am – 6:59 pm,ANA,SIN‐SAN,27h49m,2,"NRT, SFO",1092,20220404-1518,best
6:15 am – 12:35 am +2,ANA,SAN‐SIN,27h20m,2,"SFO, NRT",6:10 am – 6:59 pm,ANA,SIN‐SAN,27h49m,2,"NRT, SFO",1073,20220404-1518,best
7:46 am – 12:35 am +2,ANA,SAN‐SIN,25h49m,2,"SFO, NRT",6:10 am – 2:56 pm,ANA,SIN‐SAN,23h46m,2,"NRT, SFO",1279,20220404-1518,best
6:15 am – 12:35 am +2,ANA,SAN‐SIN,27h20m,2,"SFO, NRT",6:10 am – 2:56 pm,ANA,SIN‐SAN,23h46m,2,"NRT, SFO",1251,20220404-1518,best
6:25 am – 7:10 pm +1,Singapore Airlines,SAN‐SIN,21h45m,1,SFO,9:25 am – 1:28 pm,Singapore Airlines,SIN‐SAN,19h03m,1,SFO,7593,20220404-1522,fast
6:25 am – 7:10 pm +1,Singapore Airlines,SAN‐SIN,21h45m,1,SFO,6:40 pm – 11:05 pm,Singapore Airlines,SIN‐SAN,19h25m,1,SFO,1845,20220404-1522,fast
6:25 am – 7:10 pm +1,Singapore Airlines,SAN‐SIN,21h45m,1,SFO,9:25 am – 2:28 pm,Singapore Airlines,SIN‐SAN,20h03m,1,SFO,1782,20220404-1522,fast
6:15 am – 9:40 pm +1,Singapore Airlines,SAN‐SIN,24h25m,2,"SEA, YVR",9:25 am – 1:28 pm,Singapore Airlines,SIN‐SAN,19h03m,1,SFO,7854,20220404-1522,fast
8:00 am – 12:35 am +2,"Alaska Airlines, ANA",SAN‐SIN,25h35m,2,"SEA, NRT",8:10 am – 11:15 am,Japan Airlines,SIN‐SAN,18h05m,1,NRT,1376,20220404-1522,fast
6:15 am – 9:40 pm +1,Singapore Airlines,SAN‐SIN,24h25m,2,"SEA, YVR",6:40 pm – 11:05 pm,Singapore Airlines,SIN‐SAN,19h25m,1,SFO,2112,20220404-1522,fast
7:46 am – 12:35 am +2,ANA,SAN‐SIN,25h49m,2,"SFO, NRT",8:10 am – 11:15 am,Japan Airlines,SIN‐SAN,18h05m,1,NRT,1376,20220404-1522,fast
2:15 pm – 5:45 am +2,"Alaska Airlines, Singapore Airlines",SAN‐SIN,24h30m,1,SFO,6:40 pm – 11:05 pm,"Singapore Airlines, Alaska Airlines",SIN‐SAN,19h25m,1,SFO,2232,20220404-1522,fast
6:15 am – 9:40 pm +1,Singapore Airlines,SAN‐SIN,24h25m,2,"SEA, YVR",9:25 am – 2:28 pm,Singapore Airlines,SIN‐SAN,20h03m,1,SFO,2029,20220404-1522,fast
8:00 am – 12:35 am +2,"Alaska Airlines, ANA",SAN‐SIN,25h35m,2,"SEA, NRT",6:40 pm – 11:05 pm,Singapore Airlines,SIN‐SAN,19h25m,1,SFO,2912,20220404-1522,fast
12:35 pm – 5:45 am +2,"Alaska Airlines, Singapore Airlines",SAN‐SIN,26h10m,1,SFO,6:40 pm – 11:05 pm,"Singapore Airlines, Alaska Airlines",SIN‐SAN,19h25m,1,SFO,2232,20220404-1522,fast
6:15 am – 1:15 am +2,"Delta, Singapore Airlines",SAN‐SIN,28h00m,2,"LAX, NRT",8:10 am – 11:15 am,Japan Airlines,SIN‐SAN,18h05m,1,NRT,1380,20220404-1522,fast
6:25 am – 7:10 pm +1,"Alaska Airlines, Singapore Airlines",SAN‐SIN,21h45m,1,SFO,1:45 am – 11:15 am,"Cebu Pacific, Japan Airlines",SIN‐SAN,24h30m,2,"MNL, NRT",1731,20220404-1522,fast
6:15 am – 12:35 am +2,"Alaska Airlines, ANA",SAN‐SIN,27h20m,2,"SEA, NRT",6:40 pm – 11:05 pm,Singapore Airlines,SIN‐SAN,19h25m,1,SFO,2886,20220404-1522,fast
10:45 am – 5:45 am +2,"Alaska Airlines, Singapore Airlines",SAN‐SIN,28h00m,1,SFO,6:40 pm – 11:05 pm,"Singapore Airlines, Alaska Airlines",SIN‐SAN,19h25m,1,SFO,2232,20220404-1522,fast
