Out Time,Out Airline,Out Cities,Out Duration,Out Stops,Out Stop Cities,Return Time,Return Airline,Return Cities,Return Duration,Return Stops,Return Stop Cities,Price,timestamp,sort
8:00 am – 12:35 am +2,Air Canada,SAN‐SIN,25h35m,2,"YVR, NRT",6:10 am – 6:37 pm,Air Canada,SIN‐SAN,27h27m,2,"NRT, YVR",1035,20220404-2042,cheap
8:00 am – 12:35 am +2,Air Canada,SAN‐SIN,25h35m,2,"YVR, NRT",6:10 am – 12:12 pm +1,Air Canada,SIN‐SAN,45h02m,2,"NRT, YVR",1035,20220404-2042,cheap
8:00 am – 1:15 am +2,"Air Canada, Singapore Airlines",SAN‐SIN,26h15m,2,"YVR, NRT",6:10 am – 6:37 pm,Air Canada,SIN‐SAN,27h27m,2,"NRT, YVR",1089,20220404-2042,cheap
8:00 am – 12:35 am +2,ANA,SAN‐SIN,25h35m,2,"SFO, NRT",6:10 am – 2:35 pm,ANA,SIN‐SAN,23h25m,2,"NRT, SFO",1133,20220404-2042,cheap
6:05 am – 12:35 am +2,ANA,SAN‐SIN,27h30m,2,"SFO, NRT",6:10 am – 2:35 pm,ANA,SIN‐SAN,23h25m,2,"NRT, SFO",1133,20220404-2042,cheap
8:00 am – 12:35 am +2,ANA,SAN‐SIN,25h35m,2,"SFO, NRT",6:10 am – 6:09 pm,ANA,SIN‐SAN,26h59m,2,"NRT, SFO",1133,20220404-2042,cheap
6:05 am – 12:35 am +2,ANA,SAN‐SIN,27h30m,2,"SFO, NRT",6:10 am – 6:09 pm,ANA,SIN‐SAN,26h59m,2,"NRT, SFO",1133,20220404-2042,cheap
8:00 am – 12:35 am +2,ANA,SAN‐SIN,25h35m,2,"SFO, NRT",6:10 am – 11:33 pm,ANA,SIN‐SAN,32h23m,2,"NRT, LAX",1133,20220404-2042,cheap
6:05 am – 12:35 am +2,ANA,SAN‐SIN,27h30m,2,"SFO, NRT",6:10 am – 11:33 pm,ANA,SIN‐SAN,32h23m,2,"NRT, LAX",1133,20220404-2042,cheap
8:46 pm – 6:15 am +3,United Airlines,SAN‐SIN,42h29m,2,"LAX, SFO",8:45 am – 12:23 pm,United Airlines,SIN‐SAN,18h38m,1,SFO,1141,20220404-2042,cheap
8:46 pm – 6:15 am +3,United Airlines,SAN‐SIN,42h29m,2,"LAX, SFO",8:45 am – 12:23 pm,United Airlines,SIN‐SAN,18h38m,1,SFO,1141,20220404-2042,cheap
8:46 pm – 6:15 am +3,United Airlines,SAN‐SIN,42h29m,2,"LAX, SFO",8:45 am – 12:23 pm,United Airlines,SIN‐SAN,18h38m,1,SFO,1141,20220404-2042,cheap
8:46 pm – 6:15 am +3,United Airlines,SAN‐SIN,42h29m,2,"LAX, SFO",8:45 am – 12:23 pm,United Airlines,SIN‐SAN,18h38m,1,SFO,1141,20220404-2042,cheap
8:46 pm – 6:15 am +3,United Airlines,SAN‐SIN,42h29m,2,"LAX, SFO",8:45 am – 2:35 pm,United Airlines,SIN‐SAN,20h50m,1,SFO,1141,20220404-2042,cheap
8:46 pm – 6:15 am +3,United Airlines,SAN‐SIN,42h29m,2,"LAX, SFO",8:45 am – 2:35 pm,United Airlines,SIN‐SAN,20h50m,1,SFO,1141,20220404-2042,cheap
8:00 am – 12:35 am +2,ANA,SAN‐SIN,25h35m,2,"SFO, NRT",6:10 am – 2:35 pm,ANA,SIN‐SAN,23h25m,2,"NRT, SFO",1181,20220404-2039,best
8:00 am – 12:35 am +2,United Airlines,SAN‐SIN,25h35m,2,"SFO, NRT",8:45 am – 12:23 pm,United Airlines,SIN‐SAN,18h38m,1,SFO,1171,20220404-2039,best
8:00 am – 12:35 am +2,Air Canada,SAN‐SIN,25h35m,2,"YVR, NRT",6:10 am – 6:37 pm,Air Canada,SIN‐SAN,27h27m,2,"NRT, YVR",1035,20220404-2039,best
8:00 am – 12:35 am +2,United Airlines,SAN‐SIN,25h35m,2,"SFO, NRT",8:45 am – 12:23 pm,United Airlines,SIN‐SAN,18h38m,1,SFO,1188,20220404-2039,best
6:15 am – 12:35 am +2,"United Airlines, ANA",SAN‐SIN,27h20m,2,"LAX, NRT",8:45 am – 12:23 pm,United Airlines,SIN‐SAN,18h38m,1,SFO,1176,20220404-2039,best
6:15 am – 12:35 am +2,"United Airlines, ANA",SAN‐SIN,27h20m,2,"LAX, NRT",8:45 am – 12:23 pm,United Airlines,SIN‐SAN,18h38m,1,SFO,1176,20220404-2039,best
8:00 am – 12:35 am +2,United Airlines,SAN‐SIN,25h35m,2,"SFO, NRT",8:45 am – 2:35 pm,United Airlines,SIN‐SAN,20h50m,1,SFO,1188,20220404-2039,best
6:05 am – 12:35 am +2,"United Airlines, ANA",SAN‐SIN,27h30m,2,"SFO, NRT",8:45 am – 12:23 pm,United Airlines,SIN‐SAN,18h38m,1,SFO,1192,20220404-2039,best
8:12 pm – 6:15 am +2,United Airlines,SAN‐SIN,19h03m,1,SFO,8:45 am – 12:23 pm,United Airlines,SIN‐SAN,18h38m,1,SFO,1702,20220404-2039,best
6:15 am – 12:35 am +2,"United Airlines, ANA",SAN‐SIN,27h20m,2,"LAX, NRT",8:45 am – 2:35 pm,United Airlines,SIN‐SAN,20h50m,1,SFO,1176,20220404-2039,best
6:15 am – 12:35 am +2,"United Airlines, ANA",SAN‐SIN,27h20m,2,"LAX, NRT",8:45 am – 2:35 pm,United Airlines,SIN‐SAN,20h50m,1,SFO,1176,20220404-2039,best
7:35 am – 12:20 am +2,Japan Airlines,SAN‐SIN,25h45m,2,"SEA, NRT",8:10 am – 11:15 am,Japan Airlines,SIN‐SAN,18h05m,1,NRT,1397,20220404-2039,best
6:53 pm – 6:15 am +2,United Airlines,SAN‐SIN,20h22m,1,SFO,8:45 am – 12:23 pm,United Airlines,SIN‐SAN,18h38m,1,SFO,1702,20220404-2039,best
8:00 am – 12:35 am +2,ANA,SAN‐SIN,25h35m,2,"SFO, NRT",6:10 am – 2:35 pm,ANA,SIN‐SAN,23h25m,2,"NRT, SFO",1133,20220404-2039,best
8:00 am – 12:35 am +2,ANA,SAN‐SIN,25h35m,2,"SFO, HND-NRT",6:10 am – 2:35 pm,ANA,SIN‐SAN,23h25m,2,"NRT, SFO",1142,20220404-2039,best
8:00 am – 12:35 am +2,ANA,SAN‐SIN,25h35m,2,"SFO, NRT",6:10 am – 2:35 pm,ANA,SIN‐SAN,23h25m,2,"NRT, SFO",1151,20220404-2039,best
8:12 pm – 6:15 am +2,United Airlines,SAN‐SIN,19h03m,1,SFO,8:45 am – 2:35 pm,United Airlines,SIN‐SAN,20h50m,1,SFO,1702,20220404-2039,best
8:12 pm – 6:15 am +2,United Airlines,SAN‐SIN,19h03m,1,SFO,8:45 am – 12:23 pm,United Airlines,SIN‐SAN,18h38m,1,SFO,1702,20220404-2044,fast
6:53 pm – 6:15 am +2,United Airlines,SAN‐SIN,20h22m,1,SFO,8:45 am – 12:23 pm,United Airlines,SIN‐SAN,18h38m,1,SFO,1702,20220404-2044,fast
8:12 pm – 6:15 am +2,United Airlines,SAN‐SIN,19h03m,1,SFO,8:45 am – 2:35 pm,United Airlines,SIN‐SAN,20h50m,1,SFO,1702,20220404-2044,fast
5:15 pm – 5:45 am +2,"Alaska Airlines, Singapore Airlines",SAN‐SIN,21h30m,1,SFO,9:25 am – 1:32 pm,"Singapore Airlines, Alaska Airlines",SIN‐SAN,19h07m,1,SFO,5412,20220404-2044,fast
6:25 am – 7:10 pm +1,Singapore Airlines,SAN‐SIN,21h45m,1,SFO,9:25 am – 1:32 pm,"Singapore Airlines, Alaska Airlines",SIN‐SAN,19h07m,1,SFO,5412,20220404-2044,fast
6:53 pm – 6:15 am +2,United Airlines,SAN‐SIN,20h22m,1,SFO,8:45 am – 2:35 pm,United Airlines,SIN‐SAN,20h50m,1,SFO,1702,20220404-2044,fast
5:15 pm – 5:45 am +2,Singapore Airlines,SAN‐SIN,21h30m,1,SFO,6:40 pm – 11:49 pm,Singapore Airlines,SIN‐SAN,20h09m,1,SFO,2158,20220404-2044,fast
3:59 pm – 6:15 am +2,United Airlines,SAN‐SIN,23h16m,1,SFO,8:45 am – 12:23 pm,United Airlines,SIN‐SAN,18h38m,1,SFO,1702,20220404-2044,fast
6:25 am – 7:10 pm +1,Singapore Airlines,SAN‐SIN,21h45m,1,SFO,6:40 pm – 11:49 pm,"Singapore Airlines, Alaska Airlines",SIN‐SAN,20h09m,1,SFO,2206,20220404-2044,fast
5:15 pm – 5:45 am +2,"Alaska Airlines, Singapore Airlines",SAN‐SIN,21h30m,1,SFO,9:25 am – 3:02 pm,Singapore Airlines,SIN‐SAN,20h37m,1,SFO,1788,20220404-2044,fast
6:25 am – 7:10 pm +1,Singapore Airlines,SAN‐SIN,21h45m,1,SFO,9:25 am – 3:02 pm,Singapore Airlines,SIN‐SAN,20h37m,1,SFO,1865,20220404-2044,fast
3:10 pm – 5:45 am +2,Singapore Airlines,SAN‐SIN,23h35m,1,SFO,9:25 am – 1:32 pm,"Singapore Airlines, Alaska Airlines",SIN‐SAN,19h07m,1,SFO,5412,20220404-2044,fast
8:25 am – 12:20 am +2,Japan Airlines,SAN‐SIN,24h55m,2,"SFO, NRT",8:10 am – 11:15 am,Japan Airlines,SIN‐SAN,18h05m,1,NRT,3035,20220404-2044,fast
8:12 pm – 6:15 am +2,United Airlines,SAN‐SIN,19h03m,1,SFO,8:45 am – 6:09 pm,United Airlines,SIN‐SAN,24h24m,1,SFO,1702,20220404-2044,fast
8:00 am – 12:35 am +2,Air Canada,SAN‐SIN,25h35m,2,"YVR, NRT",8:10 am – 11:15 am,Japan Airlines,SIN‐SAN,18h05m,1,NRT,1712,20220404-2044,fast
