Out Time,Out Airline,Out Cities,Out Duration,Out Stops,Out Stop Cities,Return Time,Return Airline,Return Cities,Return Duration,Return Stops,Return Stop Cities,Price,timestamp,sort
12:55 pm – 4:00 pm +2,Air Canada,SAN‐ICN,35h05m,1,YVR,5:45 pm – 6:37 pm,Air Canada,ICN‐SAN,16h52m,1,YVR,946,20220408-1330,cheap
8:00 am – 2:45 pm +1,United Airlines,SAN‐ICN,14h45m,1,SFO,4:40 pm – 2:35 pm,United Airlines,ICN‐SAN,13h55m,1,SFO,1123,20220408-1330,cheap
6:15 am – 2:45 pm +1,United Airlines,SAN‐ICN,16h30m,1,SFO,4:40 pm – 2:35 pm,United Airlines,ICN‐SAN,13h55m,1,SFO,1123,20220408-1330,cheap
7:05 am – 3:15 pm +1,Delta,SAN‐ICN,16h10m,1,SEA,7:20 pm – 6:11 pm,Delta,ICN‐SAN,14h51m,1,SEA,1123,20220408-1330,cheap
8:00 am – 2:45 pm +1,United Airlines,SAN‐ICN,14h45m,1,SFO,4:40 pm – 6:09 pm,United Airlines,ICN‐SAN,17h29m,1,SFO,1123,20220408-1330,cheap
6:29 am – 2:45 pm +1,United Airlines,SAN‐ICN,16h16m,2,"LAX, SFO",4:40 pm – 6:09 pm,United Airlines,ICN‐SAN,17h29m,1,SFO,1123,20220408-1330,cheap
6:15 am – 2:45 pm +1,United Airlines,SAN‐ICN,16h30m,1,SFO,4:40 pm – 6:09 pm,United Airlines,ICN‐SAN,17h29m,1,SFO,1123,20220408-1330,cheap
8:00 am – 2:45 pm +1,United Airlines,SAN‐ICN,14h45m,1,SFO,4:40 pm – 8:24 pm,United Airlines,ICN‐SAN,19h44m,1,SFO,1123,20220408-1330,cheap
7:05 am – 3:15 pm +1,Delta,SAN‐ICN,16h10m,1,SEA,7:20 pm – 10:30 pm,Delta,ICN‐SAN,19h10m,1,SEA,1123,20220408-1330,cheap
6:29 am – 2:45 pm +1,United Airlines,SAN‐ICN,16h16m,2,"LAX, SFO",4:40 pm – 8:24 pm,United Airlines,ICN‐SAN,19h44m,1,SFO,1123,20220408-1330,cheap
6:15 am – 2:45 pm +1,United Airlines,SAN‐ICN,16h30m,1,SFO,4:40 pm – 8:24 pm,United Airlines,ICN‐SAN,19h44m,1,SFO,1123,20220408-1330,cheap
8:00 am – 2:45 pm +1,United Airlines,SAN‐ICN,14h45m,1,SFO,4:40 pm – 11:59 pm,United Airlines,ICN‐SAN,23h19m,1,SFO,1123,20220408-1330,cheap
6:29 am – 2:45 pm +1,United Airlines,SAN‐ICN,16h16m,2,"LAX, SFO",4:40 pm – 11:59 pm,United Airlines,ICN‐SAN,23h19m,1,SFO,1123,20220408-1330,cheap
6:15 am – 2:45 pm +1,United Airlines,SAN‐ICN,16h30m,1,SFO,4:40 pm – 11:59 pm,United Airlines,ICN‐SAN,23h19m,1,SFO,1123,20220408-1330,cheap
6:13 pm – 2:45 pm +2,United Airlines,SAN‐ICN,28h32m,2,"DEN, SFO",4:40 pm – 2:35 pm,United Airlines,ICN‐SAN,13h55m,1,SFO,1123,20220408-1330,cheap
12:55 pm – 4:00 pm +2,Air Canada,SAN‐ICN,35h05m,1,YVR,5:45 pm – 6:37 pm,Air Canada,ICN‐SAN,16h52m,1,YVR,1014,20220408-1327,best
8:00 am – 2:45 pm +1,United Airlines,SAN‐ICN,14h45m,1,SFO,4:40 pm – 2:35 pm,United Airlines,ICN‐SAN,13h55m,1,SFO,1123,20220408-1327,best
12:55 pm – 4:00 pm +2,Air Canada,SAN‐ICN,35h05m,1,YVR,5:45 pm – 6:37 pm,Air Canada,ICN‐SAN,16h52m,1,YVR,946,20220408-1327,best
10:20 am – 5:20 pm +1,"Alaska Airlines, Korean Air",SAN‐ICN,15h00m,1,SFO,4:00 pm – 2:56 pm,"Korean Air, Alaska Airlines",ICN‐SAN,14h56m,1,SFO,1166,20220408-1327,best
6:29 am – 2:45 pm +1,United Airlines,SAN‐ICN,16h16m,2,"LAX, SFO",4:40 pm – 2:35 pm,United Airlines,ICN‐SAN,13h55m,1,SFO,1127,20220408-1327,best
6:15 am – 2:45 pm +1,United Airlines,SAN‐ICN,16h30m,1,SFO,4:40 pm – 2:35 pm,United Airlines,ICN‐SAN,13h55m,1,SFO,1123,20220408-1327,best
7:05 am – 3:15 pm +1,Delta,SAN‐ICN,16h10m,1,SEA,7:20 pm – 6:11 pm,Delta,ICN‐SAN,14h51m,1,SEA,1123,20220408-1327,best
7:05 am – 3:15 pm +1,Korean Air,SAN‐ICN,16h10m,1,SEA,7:20 pm – 6:11 pm,Korean Air,ICN‐SAN,14h51m,1,SEA,1156,20220408-1327,best
10:20 am – 5:20 pm +1,"Alaska Airlines, Korean Air",SAN‐ICN,15h00m,1,SFO,7:20 pm – 7:59 pm,"Korean Air, Alaska Airlines",ICN‐SAN,16h39m,1,SEA,1166,20220408-1327,best
10:20 am – 5:20 pm +1,"Alaska Airlines, Korean Air",SAN‐ICN,15h00m,1,SFO,7:20 pm – 6:11 pm,"Korean Air, Delta",ICN‐SAN,14h51m,1,SEA,1204,20220408-1327,best
6:15 am – 3:15 pm +1,Korean Air,SAN‐ICN,17h00m,1,SEA,7:20 pm – 6:11 pm,Korean Air,ICN‐SAN,14h51m,1,SEA,1156,20220408-1327,best
7:30 am – 3:15 pm +1,"Alaska Airlines, Korean Air",SAN‐ICN,15h45m,1,SEA,7:20 pm – 6:11 pm,"Korean Air, Delta",ICN‐SAN,14h51m,1,SEA,1204,20220408-1327,best
8:00 am – 2:45 pm +1,United Airlines,SAN‐ICN,14h45m,1,SFO,4:40 pm – 6:09 pm,United Airlines,ICN‐SAN,17h29m,1,SFO,1123,20220408-1327,best
7:05 am – 3:15 pm +1,"Delta, Korean Air",SAN‐ICN,16h10m,1,SEA,7:20 pm – 6:11 pm,"Korean Air, Delta",ICN‐SAN,14h51m,1,SEA,1204,20220408-1327,best
7:45 pm – 4:00 am +2,"Alaska Airlines, Asiana Airlines",SAN‐ICN,16h15m,1,SFO,6:20 pm – 7:59 pm,"Asiana Airlines, Alaska Airlines",ICN‐SAN,17h39m,1,SEA,1127,20220408-1327,best
7:30 am – 3:15 pm +1,"Alaska Airlines, Korean Air",SAN‐ICN,15h45m,1,SEA,4:00 pm – 2:56 pm,"Korean Air, Alaska Airlines",ICN‐SAN,14h56m,1,SFO,1203,20220408-1327,best
8:25 am – 5:20 pm +1,"Alaska Airlines, Korean Air",SAN‐ICN,16h55m,1,SFO,4:00 pm – 2:56 pm,"Korean Air, Alaska Airlines",ICN‐SAN,14h56m,1,SFO,1166,20220408-1327,best
8:00 am – 2:45 pm +1,United Airlines,SAN‐ICN,14h45m,1,SFO,4:40 pm – 2:35 pm,United Airlines,ICN‐SAN,13h55m,1,SFO,1123,20220408-1332,fast
8:00 am – 2:45 pm +1,United Airlines,SAN‐ICN,14h45m,1,SFO,7:20 pm – 6:11 pm,Delta,ICN‐SAN,14h51m,1,SEA,1584,20220408-1332,fast
8:00 am – 2:45 pm +1,United Airlines,SAN‐ICN,14h45m,1,SFO,7:20 pm – 6:11 pm,Korean Air,ICN‐SAN,14h51m,1,SEA,2016,20220408-1332,fast
8:00 am – 2:45 pm +1,United Airlines,SAN‐ICN,14h45m,1,SFO,7:20 pm – 6:11 pm,"Korean Air, Delta",ICN‐SAN,14h51m,1,SEA,2016,20220408-1332,fast
10:20 am – 5:20 pm +1,"Alaska Airlines, Korean Air",SAN‐ICN,15h00m,1,SFO,7:20 pm – 6:11 pm,"Korean Air, Delta",ICN‐SAN,14h51m,1,SEA,1204,20220408-1332,fast
10:20 am – 5:20 pm +1,"Alaska Airlines, Korean Air",SAN‐ICN,15h00m,1,SFO,4:00 pm – 2:56 pm,"Korean Air, Alaska Airlines",ICN‐SAN,14h56m,1,SFO,1166,20220408-1332,fast
6:29 am – 2:45 pm +1,United Airlines,SAN‐ICN,16h16m,2,"LAX, SFO",4:40 pm – 2:35 pm,United Airlines,ICN‐SAN,13h55m,1,SFO,1127,20220408-1332,fast
6:15 am – 2:45 pm +1,United Airlines,SAN‐ICN,16h30m,1,SFO,4:40 pm – 2:35 pm,United Airlines,ICN‐SAN,13h55m,1,SFO,1123,20220408-1332,fast
7:30 am – 3:15 pm +1,"Alaska Airlines, Korean Air",SAN‐ICN,15h45m,1,SEA,7:20 pm – 6:11 pm,"Korean Air, Delta",ICN‐SAN,14h51m,1,SEA,1204,20220408-1332,fast
7:30 am – 3:15 pm +1,"Alaska Airlines, Korean Air",SAN‐ICN,15h45m,1,SEA,4:00 pm – 2:56 pm,"Korean Air, Alaska Airlines",ICN‐SAN,14h56m,1,SFO,1203,20220408-1332,fast
7:05 am – 3:15 pm +1,Delta,SAN‐ICN,16h10m,1,SEA,7:20 pm – 6:11 pm,Delta,ICN‐SAN,14h51m,1,SEA,1123,20220408-1332,fast
7:05 am – 3:15 pm +1,Korean Air,SAN‐ICN,16h10m,1,SEA,7:20 pm – 6:11 pm,Korean Air,ICN‐SAN,14h51m,1,SEA,1156,20220408-1332,fast
7:05 am – 3:15 pm +1,"Delta, Korean Air",SAN‐ICN,16h10m,1,SEA,7:20 pm – 6:11 pm,"Korean Air, Delta",ICN‐SAN,14h51m,1,SEA,1204,20220408-1332,fast
7:05 am – 3:15 pm +1,"Delta, Korean Air",SAN‐ICN,16h10m,1,SEA,7:20 pm – 6:11 pm,Delta,ICN‐SAN,14h51m,1,SEA,1625,20220408-1332,fast
10:20 am – 5:20 pm +1,"Alaska Airlines, Korean Air",SAN‐ICN,15h00m,1,SFO,2:30 pm – 2:35 pm,"Korean Air, Delta",ICN‐SAN,16h05m,1,LAX,1490,20220408-1332,fast
