Out Time,Out Airline,Out Cities,Out Duration,Out Stops,Out Stop Cities,Return Time,Return Airline,Return Cities,Return Duration,Return Stops,Return Stop Cities,Price,timestamp,sort
12:55 pm – 4:00 pm +2,Air Canada,SAN‐ICN,35h05m,1,YVR,5:45 pm – 12:12 pm +1,Air Canada,ICN‐SAN,34h27m,1,YVR,1311,20220405-1835,cheap
9:00 pm – 11:10 am +2,"Alaska Airlines, China Airlines",SAN‐ICN,22h10m,2,"SFO, TPE",8:45 pm – 11:49 pm,"China Airlines, Alaska Airlines",ICN‐SAN,19h04m,2,"TPE, SFO",1438,20220405-1835,cheap
7:40 pm – 11:10 am +2,"Alaska Airlines, China Airlines",SAN‐ICN,23h30m,2,"SFO, TPE",8:45 pm – 11:49 pm,"China Airlines, Alaska Airlines",ICN‐SAN,19h04m,2,"TPE, SFO",1438,20220405-1835,cheap
3:10 pm – 11:10 am +2,"Alaska Airlines, China Airlines",SAN‐ICN,28h00m,2,"SFO, TPE",8:45 pm – 11:49 pm,"China Airlines, Alaska Airlines",ICN‐SAN,19h04m,2,"TPE, SFO",1438,20220405-1835,cheap
8:00 am – 4:00 pm +1,Air Canada,SAN‐ICN,16h00m,1,YVR,5:45 pm – 6:37 pm,Air Canada,ICN‐SAN,16h52m,1,YVR,1457,20220405-1835,cheap
8:00 am – 4:00 pm +1,Air Canada,SAN‐ICN,16h00m,1,YVR,6:40 pm – 10:17 am +1,Air Canada,ICN‐SAN,31h37m,1,YYZ,1462,20220405-1835,cheap
7:05 am – 3:15 pm +1,Korean Air,SAN‐ICN,16h10m,1,SEA,4:40 pm – 6:11 pm,Korean Air,ICN‐SAN,17h31m,1,SEA,1694,20220405-1835,cheap
7:05 am – 3:15 pm +1,Korean Air,SAN‐ICN,16h10m,1,SEA,4:40 pm – 6:11 pm,Korean Air,ICN‐SAN,17h31m,1,SEA,1694,20220405-1835,cheap
6:15 am – 3:15 pm +1,"Alaska Airlines, Korean Air",SAN‐ICN,17h00m,1,SEA,4:40 pm – 6:11 pm,Korean Air,ICN‐SAN,17h31m,1,SEA,1714,20220405-1835,cheap
8:25 pm – 4:00 pm +2,"Alaska Airlines, Air Canada",SAN‐ICN,27h35m,2,"SEA, YVR",5:45 pm – 6:37 pm,Air Canada,ICN‐SAN,16h52m,1,YVR,1720,20220405-1835,cheap
8:00 am – 4:00 pm +1,Air Canada,SAN‐ICN,16h00m,1,YVR,10:00 am – 6:37 pm,"Asiana Airlines, Air Canada",ICN‐SAN,24h37m,2,"NRT, YVR",1741,20220405-1835,cheap
8:00 am – 4:00 pm +1,Air Canada,SAN‐ICN,16h00m,1,YVR,5:45 pm – 11:50 pm,Air Canada,ICN‐SAN,22h05m,2,"YVR, DEN",1744,20220405-1835,cheap
6:15 am – 3:15 pm +1,"Alaska Airlines, Korean Air",SAN‐ICN,17h00m,1,SEA,4:40 pm – 6:11 pm,Korean Air,ICN‐SAN,17h31m,1,SEA,1750,20220405-1835,cheap
7:05 am – 3:15 pm +1,Delta,SAN‐ICN,16h10m,1,SEA,4:40 pm – 10:30 pm,Delta,ICN‐SAN,21h50m,1,SEA,1750,20220405-1835,cheap
6:15 am – 3:15 pm +1,"Alaska Airlines, Korean Air",SAN‐ICN,17h00m,1,SEA,4:40 pm – 11:59 pm,"Korean Air, Alaska Airlines",ICN‐SAN,23h19m,1,SEA,1751,20220405-1835,cheap
12:55 pm – 4:00 pm +2,Air Canada,SAN‐ICN,35h05m,1,YVR,5:45 pm – 12:12 pm +1,Air Canada,ICN‐SAN,34h27m,1,YVR,1482,20220405-1833,best
8:00 am – 4:00 pm +1,Air Canada,SAN‐ICN,16h00m,1,YVR,5:45 pm – 6:37 pm,Air Canada,ICN‐SAN,16h52m,1,YVR,1457,20220405-1833,best
12:55 pm – 4:00 pm +2,Air Canada,SAN‐ICN,35h05m,1,YVR,5:45 pm – 12:12 pm +1,Air Canada,ICN‐SAN,34h27m,1,YVR,1311,20220405-1833,best
8:00 am – 2:45 pm +1,United Airlines,SAN‐ICN,14h45m,1,SFO,4:40 pm – 2:35 pm,United Airlines,ICN‐SAN,13h55m,1,SFO,1960,20220405-1833,best
7:05 am – 3:15 pm +1,Korean Air,SAN‐ICN,16h10m,1,SEA,2:30 pm – 2:35 pm,Korean Air,ICN‐SAN,16h05m,1,LAX,1763,20220405-1833,best
7:05 am – 3:15 pm +1,Korean Air,SAN‐ICN,16h10m,1,SEA,4:40 pm – 6:11 pm,Korean Air,ICN‐SAN,17h31m,1,SEA,1694,20220405-1833,best
7:05 am – 3:15 pm +1,Korean Air,SAN‐ICN,16h10m,1,SEA,4:40 pm – 6:11 pm,Korean Air,ICN‐SAN,17h31m,1,SEA,1694,20220405-1833,best
6:05 am – 2:45 pm +1,United Airlines,SAN‐ICN,16h40m,1,SFO,4:40 pm – 2:35 pm,United Airlines,ICN‐SAN,13h55m,1,SFO,1960,20220405-1833,best
6:15 am – 3:15 pm +1,"Alaska Airlines, Korean Air",SAN‐ICN,17h00m,1,SEA,2:30 pm – 2:35 pm,Korean Air,ICN‐SAN,16h05m,1,LAX,1786,20220405-1833,best
6:15 am – 3:15 pm +1,"Alaska Airlines, Korean Air",SAN‐ICN,17h00m,1,SEA,4:40 pm – 6:11 pm,Korean Air,ICN‐SAN,17h31m,1,SEA,1714,20220405-1833,best
7:05 am – 3:15 pm +1,Delta,SAN‐ICN,16h10m,1,SEA,4:40 pm – 6:12 pm,Delta,ICN‐SAN,17h32m,2,"SEA, SLC",1754,20220405-1833,best
6:15 am – 3:15 pm +1,"Alaska Airlines, Korean Air",SAN‐ICN,17h00m,1,SEA,4:40 pm – 6:11 pm,Korean Air,ICN‐SAN,17h31m,1,SEA,1750,20220405-1833,best
8:00 am – 2:45 pm +1,United Airlines,SAN‐ICN,14h45m,1,SFO,4:40 pm – 6:09 pm,United Airlines,ICN‐SAN,17h29m,1,SFO,2050,20220405-1833,best
7:05 am – 4:40 pm +1,Delta,SAN‐ICN,17h35m,1,SEA,2:30 pm – 2:35 pm,Delta,ICN‐SAN,16h05m,1,LAX,2049,20220405-1833,best
6:15 am – 4:00 pm +1,"United Airlines, Air Canada",SAN‐ICN,17h45m,2,"LAX, YVR",5:45 pm – 6:37 pm,Air Canada,ICN‐SAN,16h52m,1,YVR,1853,20220405-1833,best
6:15 am – 4:00 pm +1,"Alaska Airlines, Air Canada",SAN‐ICN,17h45m,2,"SEA, YVR",5:45 pm – 6:37 pm,Air Canada,ICN‐SAN,16h52m,1,YVR,1840,20220405-1833,best
6:20 am – 4:00 pm +1,"Alaska Airlines, Air Canada",SAN‐ICN,17h40m,2,"PDX, YVR",5:45 pm – 6:37 pm,Air Canada,ICN‐SAN,16h52m,1,YVR,1862,20220405-1833,best
8:00 am – 2:45 pm +1,United Airlines,SAN‐ICN,14h45m,1,SFO,4:40 pm – 2:35 pm,United Airlines,ICN‐SAN,13h55m,1,SFO,1960,20220405-1838,fast
8:00 am – 2:45 pm +1,United Airlines,SAN‐ICN,14h45m,1,SFO,4:40 pm – 3:02 pm,"Asiana Airlines, Alaska Airlines",ICN‐SAN,14h22m,1,SFO,2813,20220405-1838,fast
7:05 am – 3:15 pm +1,"Delta, Korean Air",SAN‐ICN,16h10m,1,SEA,4:40 pm – 2:35 pm,United Airlines,ICN‐SAN,13h55m,1,SFO,1904,20220405-1838,fast
7:05 am – 3:15 pm +1,Delta,SAN‐ICN,16h10m,1,SEA,4:40 pm – 3:02 pm,"Asiana Airlines, Alaska Airlines",ICN‐SAN,14h22m,1,SFO,2747,20220405-1838,fast
6:05 am – 2:45 pm +1,United Airlines,SAN‐ICN,16h40m,1,SFO,4:40 pm – 2:35 pm,United Airlines,ICN‐SAN,13h55m,1,SFO,1960,20220405-1838,fast
8:00 am – 2:45 pm +1,United Airlines,SAN‐ICN,14h45m,1,SFO,2:30 pm – 2:35 pm,"Korean Air, Delta",ICN‐SAN,16h05m,1,LAX,2180,20220405-1838,fast
8:00 am – 4:00 pm +1,Air Canada,SAN‐ICN,16h00m,1,YVR,2:30 pm – 2:35 pm,"Korean Air, Delta",ICN‐SAN,16h05m,1,LAX,2081,20220405-1838,fast
8:00 am – 2:45 pm +1,United Airlines,SAN‐ICN,14h45m,1,SFO,4:40 pm – 6:09 pm,United Airlines,ICN‐SAN,17h29m,1,SFO,2050,20220405-1838,fast
7:05 am – 3:15 pm +1,Korean Air,SAN‐ICN,16h10m,1,SEA,2:30 pm – 2:35 pm,Korean Air,ICN‐SAN,16h05m,1,LAX,1763,20220405-1838,fast
8:00 am – 2:45 pm +1,United Airlines,SAN‐ICN,14h45m,1,SFO,9:25 pm – 11:07 pm,"Korean Air, Alaska Airlines",ICN‐SAN,17h42m,1,HNL,2969,20220405-1838,fast
6:05 am – 2:45 pm +1,United Airlines,SAN‐ICN,16h40m,1,SFO,2:30 pm – 2:35 pm,"Korean Air, Delta",ICN‐SAN,16h05m,1,LAX,2180,20220405-1838,fast
8:00 am – 4:00 pm +1,Air Canada,SAN‐ICN,16h00m,1,YVR,5:45 pm – 6:37 pm,Air Canada,ICN‐SAN,16h52m,1,YVR,1457,20220405-1838,fast
6:15 am – 3:15 pm +1,"Alaska Airlines, Korean Air",SAN‐ICN,17h00m,1,SEA,2:30 pm – 2:35 pm,Korean Air,ICN‐SAN,16h05m,1,LAX,1786,20220405-1838,fast
7:05 am – 3:15 pm +1,Korean Air,SAN‐ICN,16h10m,1,SEA,10:00 am – 11:15 am,"Asiana Airlines, Japan Airlines",ICN‐SAN,17h15m,1,NRT,7169,20220405-1838,fast
8:00 am – 4:00 pm +1,Air Canada,SAN‐ICN,16h00m,1,YVR,4:40 pm – 6:11 pm,Korean Air,ICN‐SAN,17h31m,1,SEA,2001,20220405-1838,fast
