Out Time,Out Airline,Out Cities,Out Duration,Out Stops,Out Stop Cities,Return Time,Return Airline,Return Cities,Return Duration,Return Stops,Return Stop Cities,Price,timestamp,sort
12:55 pm – 4:00 pm +2,Air Canada,SAN‐ICN,35h05m,1,YVR,6:40 pm – 8:55 pm +1,Air Canada,ICN‐SAN,42h15m,2,"YYZ-YTZ, YUL",1393,20220405-1820,cheap
7:40 pm – 11:10 am +2,"Alaska Airlines, China Airlines",SAN‐ICN,23h30m,2,"SFO, TPE",8:45 pm – 11:49 pm,"China Airlines, Alaska Airlines",ICN‐SAN,19h04m,2,"TPE, SFO",1474,20220405-1820,cheap
8:00 am – 4:00 pm +1,Air Canada,SAN‐ICN,16h00m,1,YVR,6:40 pm – 10:17 am +1,Air Canada,ICN‐SAN,31h37m,1,YYZ,1483,20220405-1820,cheap
9:00 pm – 11:10 am +2,"Alaska Airlines, China Airlines",SAN‐ICN,22h10m,2,"SFO, TPE",8:45 pm – 11:49 pm,"China Airlines, Alaska Airlines",ICN‐SAN,19h04m,2,"TPE, SFO",1514,20220405-1820,cheap
5:15 pm – 11:10 am +2,"Alaska Airlines, China Airlines",SAN‐ICN,25h55m,2,"SFO, TPE",8:45 pm – 11:49 pm,"China Airlines, Alaska Airlines",ICN‐SAN,19h04m,2,"TPE, SFO",1514,20220405-1820,cheap
3:10 pm – 11:10 am +2,"Alaska Airlines, China Airlines",SAN‐ICN,28h00m,2,"SFO, TPE",8:45 pm – 11:49 pm,"China Airlines, Alaska Airlines",ICN‐SAN,19h04m,2,"TPE, SFO",1514,20220405-1820,cheap
7:05 am – 3:15 pm +1,Delta,SAN‐ICN,16h10m,1,SEA,7:20 pm – 6:11 pm,Delta,ICN‐SAN,14h51m,1,SEA,1693,20220405-1820,cheap
7:05 am – 3:15 pm +1,Delta,SAN‐ICN,16h10m,1,SEA,7:20 pm – 10:30 pm,Delta,ICN‐SAN,19h10m,1,SEA,1693,20220405-1820,cheap
7:05 am – 3:15 pm +1,Delta,SAN‐ICN,16h10m,1,SEA,7:20 pm – 11:42 pm,Delta,ICN‐SAN,20h22m,2,"SEA, LAX",1697,20220405-1820,cheap
7:05 am – 3:15 pm +1,Delta,SAN‐ICN,16h10m,1,SEA,7:20 pm – 11:42 pm,Delta,ICN‐SAN,20h22m,2,"SEA, LAX",1697,20220405-1820,cheap
7:05 am – 3:15 pm +1,Delta,SAN‐ICN,16h10m,1,SEA,7:20 pm – 11:50 pm,Delta,ICN‐SAN,20h30m,2,"SEA, SLC",1697,20220405-1820,cheap
7:05 am – 3:15 pm +1,Delta,SAN‐ICN,16h10m,1,SEA,7:20 pm – 10:12 am +1,Delta,ICN‐SAN,30h52m,1,SEA,1704,20220405-1820,cheap
7:05 am – 3:15 pm +1,Korean Air,SAN‐ICN,16h10m,1,SEA,4:40 pm – 6:11 pm,Korean Air,ICN‐SAN,17h31m,1,SEA,1716,20220405-1820,cheap
7:05 am – 3:15 pm +1,Korean Air,SAN‐ICN,16h10m,1,SEA,7:20 pm – 8:50 am +1,"Korean Air, Alaska Airlines",ICN‐SAN,29h30m,1,SEA,1728,20220405-1820,cheap
10:25 pm – 5:20 pm +2,"Alaska Airlines, Korean Air",SAN‐ICN,26h55m,1,SFO,7:20 pm – 6:11 pm,Korean Air,ICN‐SAN,14h51m,1,SEA,1733,20220405-1820,cheap
7:40 pm – 11:10 am +2,"Alaska Airlines, China Airlines",SAN‐ICN,23h30m,2,"SFO, TPE",8:45 pm – 11:49 pm,"China Airlines, Alaska Airlines",ICN‐SAN,19h04m,2,"TPE, SFO",1474,20220405-1818,best
7:05 am – 3:15 pm +1,Delta,SAN‐ICN,16h10m,1,SEA,7:20 pm – 6:11 pm,Delta,ICN‐SAN,14h51m,1,SEA,1693,20220405-1818,best
12:55 pm – 4:00 pm +2,Air Canada,SAN‐ICN,35h05m,1,YVR,6:40 pm – 8:55 pm +1,Air Canada,ICN‐SAN,42h15m,2,"YYZ-YTZ, YUL",1393,20220405-1818,best
7:05 am – 3:15 pm +1,Korean Air,SAN‐ICN,16h10m,1,SEA,4:40 pm – 6:11 pm,Korean Air,ICN‐SAN,17h31m,1,SEA,1716,20220405-1818,best
7:05 am – 3:15 pm +1,Korean Air,SAN‐ICN,16h10m,1,SEA,2:30 pm – 2:35 pm,Korean Air,ICN‐SAN,16h05m,1,LAX,1870,20220405-1818,best
7:05 am – 3:15 pm +1,Delta,SAN‐ICN,16h10m,1,SEA,4:40 pm – 6:11 pm,Delta,ICN‐SAN,17h31m,1,SEA,1773,20220405-1818,best
6:15 am – 5:50 pm +1,Korean Air,SAN‐ICN,19h35m,1,LAX,7:20 pm – 6:11 pm,Korean Air,ICN‐SAN,14h51m,1,SEA,1763,20220405-1818,best
6:05 am – 2:45 pm +1,United Airlines,SAN‐ICN,16h40m,1,SFO,4:40 pm – 2:35 pm,United Airlines,ICN‐SAN,13h55m,1,SFO,2175,20220405-1818,best
7:05 am – 3:15 pm +1,Delta,SAN‐ICN,16h10m,1,SEA,7:20 pm – 10:30 pm,Delta,ICN‐SAN,19h10m,1,SEA,1693,20220405-1818,best
7:05 am – 3:15 pm +1,Delta,SAN‐ICN,16h10m,1,SEA,4:40 pm – 6:12 pm,Delta,ICN‐SAN,17h32m,2,"SEA, SLC",1777,20220405-1818,best
3:15 pm – 4:50 am +2,Korean Air,SAN‐ICN,21h35m,1,LAX,7:20 pm – 6:11 pm,Korean Air,ICN‐SAN,14h51m,1,SEA,1763,20220405-1818,best
7:05 am – 3:15 pm +1,Korean Air,SAN‐ICN,16h10m,1,SEA,7:40 pm – 11:42 pm,Korean Air,ICN‐SAN,20h02m,1,LAX,1823,20220405-1818,best
6:15 am – 5:50 pm +1,Korean Air,SAN‐ICN,19h35m,1,LAX,4:40 pm – 6:11 pm,Korean Air,ICN‐SAN,17h31m,1,SEA,1763,20220405-1818,best
7:05 am – 3:15 pm +1,Delta,SAN‐ICN,16h10m,1,SEA,7:20 pm – 11:42 pm,Delta,ICN‐SAN,20h22m,2,"SEA, LAX",1697,20220405-1818,best
7:05 am – 3:15 pm +1,Delta,SAN‐ICN,16h10m,1,SEA,7:20 pm – 11:42 pm,Delta,ICN‐SAN,20h22m,2,"SEA, LAX",1697,20220405-1818,best
7:05 am – 3:15 pm +1,Delta,SAN‐ICN,16h10m,1,SEA,7:20 pm – 11:50 pm,Delta,ICN‐SAN,20h30m,2,"SEA, SLC",1697,20220405-1818,best
6:15 am – 5:50 pm +1,Delta,SAN‐ICN,19h35m,1,LAX,4:40 pm – 6:11 pm,Delta,ICN‐SAN,17h31m,1,SEA,1823,20220405-1818,best
6:05 am – 2:45 pm +1,United Airlines,SAN‐ICN,16h40m,1,SFO,4:40 pm – 2:35 pm,United Airlines,ICN‐SAN,13h55m,1,SFO,2175,20220405-1823,fast
8:00 am – 4:00 pm +1,Air Canada,SAN‐ICN,16h00m,1,YVR,7:20 pm – 6:11 pm,Delta,ICN‐SAN,14h51m,1,SEA,1970,20220405-1823,fast
7:05 am – 3:15 pm +1,Delta,SAN‐ICN,16h10m,1,SEA,7:20 pm – 6:11 pm,Delta,ICN‐SAN,14h51m,1,SEA,1693,20220405-1823,fast
8:00 am – 4:00 pm +1,Air Canada,SAN‐ICN,16h00m,1,YVR,2:30 pm – 2:35 pm,Korean Air,ICN‐SAN,16h05m,1,LAX,2211,20220405-1823,fast
7:05 am – 3:15 pm +1,Korean Air,SAN‐ICN,16h10m,1,SEA,2:30 pm – 2:35 pm,Korean Air,ICN‐SAN,16h05m,1,LAX,1870,20220405-1823,fast
8:15 am – 5:45 pm +1,Korean Air,SAN‐ICN,17h30m,1,HNL,7:20 pm – 6:11 pm,Korean Air,ICN‐SAN,14h51m,1,SEA,3704,20220405-1823,fast
7:05 am – 4:40 pm +1,Korean Air,SAN‐ICN,17h35m,1,SEA,7:20 pm – 6:11 pm,Korean Air,ICN‐SAN,14h51m,1,SEA,2801,20220405-1823,fast
8:00 am – 4:00 pm +1,Air Canada,SAN‐ICN,16h00m,1,YVR,4:40 pm – 6:11 pm,Korean Air,ICN‐SAN,17h31m,1,SEA,2001,20220405-1823,fast
8:15 am – 5:45 pm +1,Korean Air,SAN‐ICN,17h30m,1,HNL,2:30 pm – 2:35 pm,Korean Air,ICN‐SAN,16h05m,1,LAX,3866,20220405-1823,fast
7:05 am – 4:40 pm +1,Korean Air,SAN‐ICN,17h35m,1,SEA,2:30 pm – 2:35 pm,Korean Air,ICN‐SAN,16h05m,1,LAX,2978,20220405-1823,fast
7:05 am – 3:15 pm +1,Korean Air,SAN‐ICN,16h10m,1,SEA,4:40 pm – 6:11 pm,Korean Air,ICN‐SAN,17h31m,1,SEA,1716,20220405-1823,fast
7:05 am – 3:15 pm +1,Delta,SAN‐ICN,16h10m,1,SEA,4:40 pm – 6:11 pm,Delta,ICN‐SAN,17h31m,1,SEA,1773,20220405-1823,fast
7:05 am – 3:15 pm +1,Delta,SAN‐ICN,16h10m,1,SEA,4:40 pm – 6:12 pm,Delta,ICN‐SAN,17h32m,2,"SEA, SLC",1777,20220405-1823,fast
7:05 am – 3:15 pm +1,Korean Air,SAN‐ICN,16h10m,1,SEA,9:25 pm – 11:07 pm,"Korean Air, Alaska Airlines",ICN‐SAN,17h42m,1,HNL,3838,20220405-1823,fast
8:00 am – 4:00 pm +1,Air Canada,SAN‐ICN,16h00m,1,YVR,9:05 pm – 11:07 pm,"Korean Air, Alaska Airlines",ICN‐SAN,18h02m,1,HNL,2947,20220405-1823,fast
