Out Time,Out Airline,Out Cities,Out Duration,Out Stops,Out Stop Cities,Return Time,Return Airline,Return Cities,Return Duration,Return Stops,Return Stop Cities,Price,timestamp,sort
8:00 am – 4:00 pm +1,Air Canada,SAN‐ICN,16h00m,1,YVR,5:45 pm – 6:37 pm,Air Canada,ICN‐SAN,16h52m,1,YVR,954,20220408-1135,cheap
8:00 am – 4:00 pm +1,Air Canada,SAN‐ICN,16h00m,1,YVR,5:45 pm – 12:12 pm +1,Air Canada,ICN‐SAN,34h27m,1,YVR,954,20220408-1135,cheap
8 am ‐ 9 am – 4 pm ‐ 5 pm +1,Major Airline,SAN‐ICN,16h00m,1,,5 pm ‐ 6 pm – 6 pm ‐ 7 pm,Major Airline,ICN‐SAN,16h52m,1,,1157,20220408-1135,cheap
6:20 am – 4:00 pm +1,"Alaska Airlines, Air Canada",SAN‐ICN,17h40m,2,"PDX, YVR",5:45 pm – 6:37 pm,Air Canada,ICN‐SAN,16h52m,1,YVR,1176,20220408-1135,cheap
8:00 am – 4:00 pm +1,Air Canada,SAN‐ICN,16h00m,1,YVR,9:00 am – 6:37 pm,"Asiana Airlines, Air Canada",ICN‐SAN,25h37m,2,"NRT, YVR",1199,20220408-1135,cheap
8:00 am – 4:00 pm +1,Air Canada,SAN‐ICN,16h00m,1,YVR,5:45 pm – 10:17 am +1,Air Canada,ICN‐SAN,32h32m,2,"YVR, YYZ",1206,20220408-1135,cheap
8:00 am – 4:00 pm +1,Air Canada,SAN‐ICN,16h00m,1,YVR,5:45 pm – 10:17 am +1,Air Canada,ICN‐SAN,32h32m,2,"YVR, YYZ",1228,20220408-1135,cheap
8:00 am – 4:00 pm +1,Air Canada,SAN‐ICN,16h00m,1,YVR,5:45 pm – 10:17 am +1,Air Canada,ICN‐SAN,32h32m,2,"YVR, YYZ",1228,20220408-1135,cheap
8:00 am – 4:00 pm +1,Air Canada,SAN‐ICN,16h00m,1,YVR,5:45 pm – 10:17 am +1,Air Canada,ICN‐SAN,32h32m,2,"YVR, YYZ",1228,20220408-1135,cheap
8:00 am – 4:00 pm +1,Air Canada,SAN‐ICN,16h00m,1,YVR,5:45 pm – 10:17 am +1,Air Canada,ICN‐SAN,32h32m,2,"YVR, YYZ",1228,20220408-1135,cheap
8:00 am – 4:00 pm +1,Air Canada,SAN‐ICN,16h00m,1,YVR,5:45 pm – 10:17 am +1,Air Canada,ICN‐SAN,32h32m,2,"YVR, YYZ",1228,20220408-1135,cheap
8:00 am – 4:00 pm +1,Air Canada,SAN‐ICN,16h00m,1,YVR,10:35 am – 6:37 pm,"Jeju Air, Air Canada",ICN‐SAN,24h02m,2,"NRT, YVR",1246,20220408-1135,cheap
8:00 am – 4:00 pm +1,Air Canada,SAN‐ICN,16h00m,1,YVR,6:40 pm – 10:17 am +1,Air Canada,ICN‐SAN,31h37m,1,YYZ,1313,20220408-1135,cheap
7:05 am – 3:15 pm +1,Korean Air,SAN‐ICN,16h10m,1,SEA,7:20 pm – 6:11 pm,Korean Air,ICN‐SAN,14h51m,1,SEA,1364,20220408-1135,cheap
6:15 am – 3:15 pm +1,Korean Air,SAN‐ICN,17h00m,1,SEA,7:20 pm – 6:11 pm,Korean Air,ICN‐SAN,14h51m,1,SEA,1364,20220408-1135,cheap
8:00 am – 4:00 pm +1,Air Canada,SAN‐ICN,16h00m,1,YVR,5:45 pm – 6:37 pm,Air Canada,ICN‐SAN,16h52m,1,YVR,1023,20220408-1132,best
8:00 am – 4:00 pm +1,Air Canada,SAN‐ICN,16h00m,1,YVR,5:45 pm – 6:37 pm,Air Canada,ICN‐SAN,16h52m,1,YVR,954,20220408-1132,best
10:20 am – 5:20 pm +1,"Alaska Airlines, Korean Air",SAN‐ICN,15h00m,1,SFO,7:20 pm – 6:11 pm,Korean Air,ICN‐SAN,14h51m,1,SEA,1376,20220408-1132,best
6:20 am – 4:00 pm +1,"Alaska Airlines, Air Canada",SAN‐ICN,17h40m,2,"PDX, YVR",5:45 pm – 6:37 pm,Air Canada,ICN‐SAN,16h52m,1,YVR,1176,20220408-1132,best
7:05 am – 3:15 pm +1,Korean Air,SAN‐ICN,16h10m,1,SEA,7:20 pm – 6:11 pm,Korean Air,ICN‐SAN,14h51m,1,SEA,1364,20220408-1132,best
6:15 am – 3:15 pm +1,Korean Air,SAN‐ICN,17h00m,1,SEA,7:20 pm – 6:11 pm,Korean Air,ICN‐SAN,14h51m,1,SEA,1364,20220408-1132,best
7:35 am – 3:15 pm +1,"Alaska Airlines, Korean Air",SAN‐ICN,15h40m,1,SEA,7:20 pm – 6:11 pm,Korean Air,ICN‐SAN,14h51m,1,SEA,1415,20220408-1132,best
8:25 am – 5:20 pm +1,"Alaska Airlines, Korean Air",SAN‐ICN,16h55m,1,SFO,7:20 pm – 6:11 pm,Korean Air,ICN‐SAN,14h51m,1,SEA,1376,20220408-1132,best
8 am ‐ 9 am – 4 pm ‐ 5 pm +1,Major Airline,SAN‐ICN,16h00m,1,,5 pm ‐ 6 pm – 6 pm ‐ 7 pm,Major Airline,ICN‐SAN,16h52m,1,,1157,20220408-1132,best
6:35 am – 5:20 pm +1,Korean Air,SAN‐ICN,18h45m,1,LAX,7:20 pm – 6:11 pm,Korean Air,ICN‐SAN,14h51m,1,SEA,1364,20220408-1132,best
7:05 am – 3:15 pm +1,Delta,SAN‐ICN,16h10m,1,SEA,7:20 pm – 6:11 pm,Delta,ICN‐SAN,14h51m,1,SEA,1441,20220408-1132,best
10:20 am – 5:20 pm +1,"Alaska Airlines, Korean Air",SAN‐ICN,15h00m,1,SFO,7:20 pm – 6:11 pm,"Korean Air, Delta",ICN‐SAN,14h51m,1,SEA,1522,20220408-1132,best
6:15 am – 3:15 pm +1,"Alaska Airlines, Korean Air",SAN‐ICN,17h00m,1,SEA,7:20 pm – 6:11 pm,Korean Air,ICN‐SAN,14h51m,1,SEA,1415,20220408-1132,best
7:35 am – 3:15 pm +1,"Alaska Airlines, Korean Air",SAN‐ICN,15h40m,1,SEA,7:20 pm – 6:11 pm,"Korean Air, Delta",ICN‐SAN,14h51m,1,SEA,1522,20220408-1132,best
6:25 am – 5:20 pm +1,"Alaska Airlines, Korean Air",SAN‐ICN,18h55m,1,SFO,7:20 pm – 6:11 pm,Korean Air,ICN‐SAN,14h51m,1,SEA,1376,20220408-1132,best
7:20 am – 3:15 pm +1,Korean Air,SAN‐ICN,15h55m,1,SEA,7:20 pm – 6:11 pm,"Korean Air, Delta",ICN‐SAN,14h51m,1,SEA,1523,20220408-1132,best
8:00 am – 2:45 pm +1,United Airlines,SAN‐ICN,14h45m,1,SFO,4:40 pm – 2:35 pm,United Airlines,ICN‐SAN,13h55m,1,SFO,1647,20220408-1137,fast
10:20 am – 5:20 pm +1,"Alaska Airlines, Korean Air",SAN‐ICN,15h00m,1,SFO,7:20 pm – 6:11 pm,Korean Air,ICN‐SAN,14h51m,1,SEA,1376,20220408-1137,fast
10:20 am – 5:20 pm +1,"Alaska Airlines, Korean Air",SAN‐ICN,15h00m,1,SFO,7:20 pm – 6:11 pm,"Korean Air, Delta",ICN‐SAN,14h51m,1,SEA,1522,20220408-1137,fast
6:15 am – 2:45 pm +1,United Airlines,SAN‐ICN,16h30m,1,SFO,4:40 pm – 2:35 pm,United Airlines,ICN‐SAN,13h55m,1,SFO,1647,20220408-1137,fast
7:35 am – 3:15 pm +1,"Alaska Airlines, Korean Air",SAN‐ICN,15h40m,1,SEA,7:20 pm – 6:11 pm,Korean Air,ICN‐SAN,14h51m,1,SEA,1415,20220408-1137,fast
7:35 am – 3:15 pm +1,"Alaska Airlines, Korean Air",SAN‐ICN,15h40m,1,SEA,7:20 pm – 6:11 pm,"Korean Air, Delta",ICN‐SAN,14h51m,1,SEA,1522,20220408-1137,fast
8:12 pm – 4:00 am +2,Asiana Airlines,SAN‐ICN,15h48m,1,SFO,7:20 pm – 6:11 pm,"Korean Air, Delta",ICN‐SAN,14h51m,1,SEA,4765,20220408-1137,fast
7:20 am – 3:15 pm +1,Korean Air,SAN‐ICN,15h55m,1,SEA,7:20 pm – 6:11 pm,"Korean Air, Delta",ICN‐SAN,14h51m,1,SEA,1523,20220408-1137,fast
8:00 am – 4:00 pm +1,Air Canada,SAN‐ICN,16h00m,1,YVR,7:20 pm – 6:11 pm,"Korean Air, Delta",ICN‐SAN,14h51m,1,SEA,2300,20220408-1137,fast
8:00 am – 2:45 pm +1,United Airlines,SAN‐ICN,14h45m,1,SFO,2:30 pm – 2:45 pm,Korean Air,ICN‐SAN,16h15m,1,LAX,2165,20220408-1137,fast
7:05 am – 3:15 pm +1,Korean Air,SAN‐ICN,16h10m,1,SEA,7:20 pm – 6:11 pm,Korean Air,ICN‐SAN,14h51m,1,SEA,1364,20220408-1137,fast
7:05 am – 3:15 pm +1,Delta,SAN‐ICN,16h10m,1,SEA,7:20 pm – 6:11 pm,Delta,ICN‐SAN,14h51m,1,SEA,1441,20220408-1137,fast
7:05 am – 3:15 pm +1,"Delta, Korean Air",SAN‐ICN,16h10m,1,SEA,7:20 pm – 6:11 pm,"Korean Air, Delta",ICN‐SAN,14h51m,1,SEA,1830,20220408-1137,fast
7:05 am – 3:15 pm +1,"Delta, Korean Air",SAN‐ICN,16h10m,1,SEA,7:20 pm – 6:11 pm,Korean Air,ICN‐SAN,14h51m,1,SEA,1831,20220408-1137,fast
10:20 am – 5:20 pm +1,"Alaska Airlines, Korean Air",SAN‐ICN,15h00m,1,SFO,2:30 pm – 2:35 pm,"Korean Air, Delta",ICN‐SAN,16h05m,1,LAX,1613,20220408-1137,fast
