Out Time,Out Airline,Out Cities,Out Duration,Out Stops,Out Stop Cities,Return Time,Return Airline,Return Cities,Return Duration,Return Stops,Return Stop Cities,Price,timestamp,sort
12:55 pm – 4:00 pm +2,Air Canada,SAN‐ICN,35h05m,1,YVR,5:45 pm – 6:37 pm,Air Canada,ICN‐SAN,16h52m,1,YVR,1301,20220405-1907,cheap
1:15 pm – 11:25 am +2,"Japan Airlines, ZIPAIR",SAN‐ICN,30h10m,1,NRT,7:45 am – 2:50 pm,Multiple Airlines,ICN‐SAN,23h05m,2,"NRT, LAX-LAX",1576,20220405-1907,cheap
7:05 am – 3:15 pm +1,Delta,SAN‐ICN,16h10m,1,SEA,7:20 pm – 6:11 pm,Delta,ICN‐SAN,14h51m,1,SEA,1580,20220405-1907,cheap
7:05 am – 3:15 pm +1,Delta,SAN‐ICN,16h10m,1,SEA,7:20 pm – 10:30 pm,Delta,ICN‐SAN,19h10m,1,SEA,1580,20220405-1907,cheap
7:05 am – 3:15 pm +1,Delta,SAN‐ICN,16h10m,1,SEA,7:20 pm – 11:42 pm,Delta,ICN‐SAN,20h22m,2,"SEA, LAX",1584,20220405-1907,cheap
7:05 am – 3:15 pm +1,Delta,SAN‐ICN,16h10m,1,SEA,7:20 pm – 11:42 pm,Delta,ICN‐SAN,20h22m,2,"SEA, LAX",1584,20220405-1907,cheap
7:05 am – 3:15 pm +1,Delta,SAN‐ICN,16h10m,1,SEA,7:20 pm – 11:50 pm,Delta,ICN‐SAN,20h30m,2,"SEA, SLC",1584,20220405-1907,cheap
7:05 am – 3:15 pm +1,Delta,SAN‐ICN,16h10m,1,SEA,7:20 pm – 11:50 pm,Delta,ICN‐SAN,20h30m,2,"SEA, SLC",1584,20220405-1907,cheap
7:05 am – 3:15 pm +1,Delta,SAN‐ICN,16h10m,1,SEA,7:20 pm – 8:58 am +1,Delta,ICN‐SAN,29h38m,2,"SEA, SLC",1584,20220405-1907,cheap
7:14 pm – 3:15 pm +2,Delta,SAN‐ICN,28h01m,1,SEA,7:20 pm – 6:11 pm,Delta,ICN‐SAN,14h51m,1,SEA,1591,20220405-1907,cheap
3:20 pm – 3:15 pm +2,Delta,SAN‐ICN,31h55m,1,SEA,7:20 pm – 6:11 pm,Delta,ICN‐SAN,14h51m,1,SEA,1591,20220405-1907,cheap
7:05 am – 3:15 pm +1,Delta,SAN‐ICN,16h10m,1,SEA,7:20 pm – 10:12 am +1,Delta,ICN‐SAN,30h52m,1,SEA,1591,20220405-1907,cheap
7:14 pm – 3:15 pm +2,Delta,SAN‐ICN,28h01m,1,SEA,7:20 pm – 10:30 pm,Delta,ICN‐SAN,19h10m,1,SEA,1591,20220405-1907,cheap
7:14 pm – 3:15 pm +2,Delta,SAN‐ICN,28h01m,1,SEA,7:20 pm – 11:42 pm,Delta,ICN‐SAN,20h22m,2,"SEA, LAX",1595,20220405-1907,cheap
7:14 pm – 3:15 pm +2,Delta,SAN‐ICN,28h01m,1,SEA,7:20 pm – 11:42 pm,Delta,ICN‐SAN,20h22m,2,"SEA, LAX",1595,20220405-1907,cheap
12:55 pm – 4:00 pm +2,Air Canada,SAN‐ICN,35h05m,1,YVR,5:45 pm – 6:37 pm,Air Canada,ICN‐SAN,16h52m,1,YVR,1471,20220405-1905,best
7:05 am – 3:15 pm +1,Delta,SAN‐ICN,16h10m,1,SEA,7:20 pm – 6:11 pm,Delta,ICN‐SAN,14h51m,1,SEA,1580,20220405-1905,best
12:55 pm – 4:00 pm +2,Air Canada,SAN‐ICN,35h05m,1,YVR,5:45 pm – 6:37 pm,Air Canada,ICN‐SAN,16h52m,1,YVR,1301,20220405-1905,best
8:00 am – 2:45 pm +1,United Airlines,SAN‐ICN,14h45m,1,SFO,4:40 pm – 2:35 pm,United Airlines,ICN‐SAN,13h55m,1,SFO,1964,20220405-1905,best
7:05 am – 3:15 pm +1,Korean Air,SAN‐ICN,16h10m,1,SEA,2:30 pm – 2:35 pm,Korean Air,ICN‐SAN,16h05m,1,LAX,1764,20220405-1905,best
6:15 am – 2:45 pm +1,United Airlines,SAN‐ICN,16h30m,1,SFO,4:40 pm – 2:35 pm,United Airlines,ICN‐SAN,13h55m,1,SFO,1964,20220405-1905,best
7:05 am – 3:15 pm +1,Delta,SAN‐ICN,16h10m,1,SEA,7:20 pm – 10:30 pm,Delta,ICN‐SAN,19h10m,1,SEA,1580,20220405-1905,best
7:05 am – 3:15 pm +1,Korean Air,SAN‐ICN,16h10m,1,SEA,4:40 pm – 6:11 pm,Korean Air,ICN‐SAN,17h31m,1,SEA,1765,20220405-1905,best
6:25 am – 5:20 pm +1,"Alaska Airlines, Korean Air",SAN‐ICN,18h55m,1,SFO,7:20 pm – 6:11 pm,Korean Air,ICN‐SAN,14h51m,1,SEA,1737,20220405-1905,best
6:15 am – 5:50 pm +1,Korean Air,SAN‐ICN,19h35m,1,LAX,7:20 pm – 6:11 pm,Korean Air,ICN‐SAN,14h51m,1,SEA,1764,20220405-1905,best
8:00 am – 2:45 pm +1,United Airlines,SAN‐ICN,14h45m,1,SFO,4:40 pm – 6:09 pm,United Airlines,ICN‐SAN,17h29m,1,SFO,2024,20220405-1905,best
6:29 am – 2:45 pm +1,United Airlines,SAN‐ICN,16h16m,2,"LAX, SFO",4:40 pm – 2:35 pm,United Airlines,ICN‐SAN,13h55m,1,SFO,2102,20220405-1905,best
7:05 am – 3:15 pm +1,Korean Air,SAN‐ICN,16h10m,1,SEA,7:40 pm – 11:42 pm,Korean Air,ICN‐SAN,20h02m,1,LAX,1718,20220405-1905,best
6:15 am – 5:45 pm +1,Korean Air,SAN‐ICN,19h30m,2,"LAX, HNL",7:20 pm – 6:11 pm,Korean Air,ICN‐SAN,14h51m,1,SEA,1778,20220405-1905,best
7:05 am – 3:15 pm +1,Delta,SAN‐ICN,16h10m,1,SEA,7:20 pm – 11:42 pm,Delta,ICN‐SAN,20h22m,2,"SEA, LAX",1584,20220405-1905,best
7:05 am – 3:15 pm +1,Delta,SAN‐ICN,16h10m,1,SEA,7:20 pm – 11:42 pm,Delta,ICN‐SAN,20h22m,2,"SEA, LAX",1584,20220405-1905,best
3:15 pm – 4:50 am +2,Korean Air,SAN‐ICN,21h35m,1,LAX,7:20 pm – 6:11 pm,Korean Air,ICN‐SAN,14h51m,1,SEA,1765,20220405-1905,best
8:00 am – 2:45 pm +1,United Airlines,SAN‐ICN,14h45m,1,SFO,4:40 pm – 2:35 pm,United Airlines,ICN‐SAN,13h55m,1,SFO,1964,20220405-1909,fast
6:29 am – 2:45 pm +1,United Airlines,SAN‐ICN,16h16m,2,"LAX, SFO",4:40 pm – 2:35 pm,United Airlines,ICN‐SAN,13h55m,1,SFO,2102,20220405-1909,fast
6:15 am – 2:45 pm +1,United Airlines,SAN‐ICN,16h30m,1,SFO,4:40 pm – 2:35 pm,United Airlines,ICN‐SAN,13h55m,1,SFO,1964,20220405-1909,fast
7:05 am – 3:15 pm +1,Delta,SAN‐ICN,16h10m,1,SEA,7:20 pm – 6:11 pm,Delta,ICN‐SAN,14h51m,1,SEA,1580,20220405-1909,fast
8:15 pm – 4:20 am +2,Asiana Airlines,SAN‐ICN,16h05m,1,LAX,8:40 pm – 7:39 pm,Asiana Airlines,ICN‐SAN,14h59m,1,LAX,2744,20220405-1909,fast
8:12 pm – 4:30 am +2,Asiana Airlines,SAN‐ICN,16h18m,1,SFO,8:40 pm – 7:39 pm,Asiana Airlines,ICN‐SAN,14h59m,1,LAX,3190,20220405-1909,fast
6:15 am – 2:45 pm +1,United Airlines,SAN‐ICN,16h30m,1,SFO,7:20 pm – 6:11 pm,Delta,ICN‐SAN,14h51m,1,SEA,1982,20220405-1909,fast
8:15 pm – 4:20 am +2,Asiana Airlines,SAN‐ICN,16h05m,1,LAX,8:40 pm – 8:24 pm,Asiana Airlines,ICN‐SAN,15h44m,1,SFO,3727,20220405-1909,fast
9:50 am – 5:45 pm +1,"Alaska Airlines, Asiana Airlines",SAN‐ICN,15h55m,1,SEA,6:20 pm – 6:23 pm,"Asiana Airlines, Alaska Airlines",ICN‐SAN,16h03m,1,SEA,4174,20220405-1909,fast
8:12 pm – 4:30 am +2,Asiana Airlines,SAN‐ICN,16h18m,1,SFO,8:40 pm – 8:24 pm,Asiana Airlines,ICN‐SAN,15h44m,1,SFO,4174,20220405-1909,fast
8:15 pm – 4:20 am +2,Asiana Airlines,SAN‐ICN,16h05m,1,LAX,2:30 pm – 2:35 pm,Korean Air,ICN‐SAN,16h05m,1,LAX,3845,20220405-1909,fast
8:00 am – 2:45 pm +1,United Airlines,SAN‐ICN,14h45m,1,SFO,4:40 pm – 6:09 pm,United Airlines,ICN‐SAN,17h29m,1,SFO,2024,20220405-1909,fast
7:05 am – 3:15 pm +1,Korean Air,SAN‐ICN,16h10m,1,SEA,2:30 pm – 2:35 pm,Korean Air,ICN‐SAN,16h05m,1,LAX,1764,20220405-1909,fast
8:15 am – 5:45 pm +1,Korean Air,SAN‐ICN,17h30m,1,HNL,7:20 pm – 6:11 pm,Korean Air,ICN‐SAN,14h51m,1,SEA,3704,20220405-1909,fast
6:53 pm – 4:30 am +2,Asiana Airlines,SAN‐ICN,17h37m,1,SFO,8:40 pm – 7:39 pm,Asiana Airlines,ICN‐SAN,14h59m,1,LAX,2744,20220405-1909,fast
