Out Time,Out Airline,Out Cities,Out Duration,Out Stops,Out Stop Cities,Return Time,Return Airline,Return Cities,Return Duration,Return Stops,Return Stop Cities,Price,timestamp,sort
12:55 pm – 4:15 pm +2,Air Canada,SAN‐ICN,35h20m,1,YVR,5:50 pm – 6:33 pm,Air Canada,ICN‐SAN,16h43m,1,YVR,846,20220408-1423,cheap
8:00 am – 2:45 pm +1,United Airlines,SAN‐ICN,14h45m,1,SFO,4:50 pm – 2:58 pm,United Airlines,ICN‐SAN,14h08m,1,SFO,1123,20220408-1423,cheap
8:00 am – 2:45 pm +1,United Airlines,SAN‐ICN,14h45m,1,SFO,4:50 pm – 4:30 pm,United Airlines,ICN‐SAN,15h40m,1,SFO,1123,20220408-1423,cheap
6:15 am – 2:45 pm +1,United Airlines,SAN‐ICN,16h30m,1,SFO,4:50 pm – 2:58 pm,United Airlines,ICN‐SAN,14h08m,1,SFO,1123,20220408-1423,cheap
7:05 am – 3:15 pm +1,Delta,SAN‐ICN,16h10m,1,SEA,7:20 pm – 6:28 pm,Delta,ICN‐SAN,15h08m,1,SEA,1123,20220408-1423,cheap
8:00 am – 2:45 pm +1,United Airlines,SAN‐ICN,14h45m,1,SFO,4:50 pm – 5:53 pm,United Airlines,ICN‐SAN,17h03m,1,SFO,1123,20220408-1423,cheap
6:15 am – 2:45 pm +1,United Airlines,SAN‐ICN,16h30m,1,SFO,4:50 pm – 4:30 pm,United Airlines,ICN‐SAN,15h40m,1,SFO,1123,20220408-1423,cheap
6:29 am – 2:45 pm +1,United Airlines,SAN‐ICN,16h16m,2,"LAX, SFO",4:50 pm – 5:53 pm,United Airlines,ICN‐SAN,17h03m,1,SFO,1123,20220408-1423,cheap
6:15 am – 2:45 pm +1,United Airlines,SAN‐ICN,16h30m,1,SFO,4:50 pm – 5:53 pm,United Airlines,ICN‐SAN,17h03m,1,SFO,1123,20220408-1423,cheap
8:00 am – 2:45 pm +1,United Airlines,SAN‐ICN,14h45m,1,SFO,4:50 pm – 8:16 pm,United Airlines,ICN‐SAN,19h26m,1,SFO,1123,20220408-1423,cheap
7:05 am – 3:15 pm +1,Delta,SAN‐ICN,16h10m,1,SEA,7:20 pm – 10:12 pm,Delta,ICN‐SAN,18h52m,1,SEA,1123,20220408-1423,cheap
8:00 am – 2:45 pm +1,United Airlines,SAN‐ICN,14h45m,1,SFO,4:50 pm – 9:41 pm,United Airlines,ICN‐SAN,20h51m,1,SFO,1123,20220408-1423,cheap
6:29 am – 2:45 pm +1,United Airlines,SAN‐ICN,16h16m,2,"LAX, SFO",4:50 pm – 8:16 pm,United Airlines,ICN‐SAN,19h26m,1,SFO,1123,20220408-1423,cheap
6:15 am – 2:45 pm +1,United Airlines,SAN‐ICN,16h30m,1,SFO,4:50 pm – 8:16 pm,United Airlines,ICN‐SAN,19h26m,1,SFO,1123,20220408-1423,cheap
6:29 am – 2:45 pm +1,United Airlines,SAN‐ICN,16h16m,2,"LAX, SFO",4:50 pm – 9:41 pm,United Airlines,ICN‐SAN,20h51m,1,SFO,1123,20220408-1423,cheap
12:55 pm – 4:15 pm +2,Air Canada,SAN‐ICN,35h20m,1,YVR,5:50 pm – 6:33 pm,Air Canada,ICN‐SAN,16h43m,1,YVR,904,20220408-1420,best
8:00 am – 2:45 pm +1,United Airlines,SAN‐ICN,14h45m,1,SFO,4:50 pm – 2:58 pm,United Airlines,ICN‐SAN,14h08m,1,SFO,1123,20220408-1420,best
12:55 pm – 4:15 pm +2,Air Canada,SAN‐ICN,35h20m,1,YVR,5:50 pm – 6:33 pm,Air Canada,ICN‐SAN,16h43m,1,YVR,846,20220408-1420,best
8:00 am – 2:45 pm +1,United Airlines,SAN‐ICN,14h45m,1,SFO,4:50 pm – 4:30 pm,United Airlines,ICN‐SAN,15h40m,1,SFO,1123,20220408-1420,best
10:20 am – 5:20 pm +1,"Alaska Airlines, Korean Air",SAN‐ICN,15h00m,1,SFO,4:00 pm – 2:17 pm,"Korean Air, Alaska Airlines",ICN‐SAN,14h17m,1,SFO,1174,20220408-1420,best
6:29 am – 2:45 pm +1,United Airlines,SAN‐ICN,16h16m,2,"LAX, SFO",4:50 pm – 2:58 pm,United Airlines,ICN‐SAN,14h08m,1,SFO,1127,20220408-1420,best
6:15 am – 2:45 pm +1,United Airlines,SAN‐ICN,16h30m,1,SFO,4:50 pm – 2:58 pm,United Airlines,ICN‐SAN,14h08m,1,SFO,1123,20220408-1420,best
10:20 am – 5:20 pm +1,"Alaska Airlines, Korean Air",SAN‐ICN,15h00m,1,SFO,7:20 pm – 6:28 pm,Korean Air,ICN‐SAN,15h08m,1,SEA,1203,20220408-1420,best
9:50 am – 5:45 pm +1,"Alaska Airlines, Asiana Airlines",SAN‐ICN,15h55m,1,SEA,2:40 pm – 1:33 pm,Asiana Airlines,ICN‐SAN,14h53m,1,LAX,1147,20220408-1420,best
7:05 am – 3:15 pm +1,Delta,SAN‐ICN,16h10m,1,SEA,7:20 pm – 6:28 pm,Delta,ICN‐SAN,15h08m,1,SEA,1123,20220408-1420,best
7:45 pm – 4:00 am +2,"Alaska Airlines, Asiana Airlines",SAN‐ICN,16h15m,1,SFO,2:40 pm – 1:33 pm,Asiana Airlines,ICN‐SAN,14h53m,1,LAX,1147,20220408-1420,best
7:05 am – 3:15 pm +1,Korean Air,SAN‐ICN,16h10m,1,SEA,7:20 pm – 6:28 pm,Korean Air,ICN‐SAN,15h08m,1,SEA,1156,20220408-1420,best
6:15 am – 2:45 pm +1,United Airlines,SAN‐ICN,16h30m,1,SFO,4:50 pm – 4:30 pm,United Airlines,ICN‐SAN,15h40m,1,SFO,1123,20220408-1420,best
8:00 am – 2:45 pm +1,United Airlines,SAN‐ICN,14h45m,1,SFO,4:50 pm – 5:53 pm,United Airlines,ICN‐SAN,17h03m,1,SFO,1123,20220408-1420,best
10:20 am – 5:20 pm +1,"Alaska Airlines, Korean Air",SAN‐ICN,15h00m,1,SFO,4:00 pm – 3:47 pm,"Korean Air, Alaska Airlines",ICN‐SAN,15h47m,1,SFO,1174,20220408-1420,best
10:20 am – 5:20 pm +1,"Alaska Airlines, Korean Air",SAN‐ICN,15h00m,1,SFO,7:20 pm – 6:28 pm,"Korean Air, Delta",ICN‐SAN,15h08m,1,SEA,1204,20220408-1420,best
6:29 am – 2:45 pm +1,United Airlines,SAN‐ICN,16h16m,2,"LAX, SFO",4:50 pm – 4:30 pm,United Airlines,ICN‐SAN,15h40m,1,SFO,1127,20220408-1420,best
8:00 am – 2:45 pm +1,United Airlines,SAN‐ICN,14h45m,1,SFO,4:50 pm – 2:58 pm,United Airlines,ICN‐SAN,14h08m,1,SFO,1123,20220408-1426,fast
10:20 am – 5:20 pm +1,"Alaska Airlines, Korean Air",SAN‐ICN,15h00m,1,SFO,4:00 pm – 2:17 pm,"Korean Air, Alaska Airlines",ICN‐SAN,14h17m,1,SFO,1174,20220408-1426,fast
8:00 am – 2:45 pm +1,United Airlines,SAN‐ICN,14h45m,1,SFO,2:40 pm – 1:33 pm,"Asiana Airlines, United Airlines",ICN‐SAN,14h53m,1,LAX,1968,20220408-1426,fast
8:00 am – 2:45 pm +1,United Airlines,SAN‐ICN,14h45m,1,SFO,7:20 pm – 6:28 pm,"Korean Air, Delta",ICN‐SAN,15h08m,1,SEA,2016,20220408-1426,fast
8:00 am – 2:45 pm +1,United Airlines,SAN‐ICN,14h45m,1,SFO,7:20 pm – 6:28 pm,Korean Air,ICN‐SAN,15h08m,1,SEA,2016,20220408-1426,fast
10:20 am – 5:20 pm +1,"Alaska Airlines, Korean Air",SAN‐ICN,15h00m,1,SFO,8:40 pm – 7:39 pm,Asiana Airlines,ICN‐SAN,14h59m,1,LAX,1952,20220408-1426,fast
7:30 am – 3:15 pm +1,"Alaska Airlines, Korean Air",SAN‐ICN,15h45m,1,SEA,4:00 pm – 2:17 pm,"Korean Air, Alaska Airlines",ICN‐SAN,14h17m,1,SFO,1203,20220408-1426,fast
7:20 am – 3:15 pm +1,Korean Air,SAN‐ICN,15h55m,1,SEA,4:50 pm – 2:58 pm,United Airlines,ICN‐SAN,14h08m,1,SFO,1638,20220408-1426,fast
10:20 am – 5:20 pm +1,"Alaska Airlines, Korean Air",SAN‐ICN,15h00m,1,SFO,7:20 pm – 6:28 pm,Korean Air,ICN‐SAN,15h08m,1,SEA,1203,20220408-1426,fast
10:20 am – 5:20 pm +1,"Alaska Airlines, Korean Air",SAN‐ICN,15h00m,1,SFO,7:20 pm – 6:28 pm,"Korean Air, Delta",ICN‐SAN,15h08m,1,SEA,1204,20220408-1426,fast
7:05 am – 3:15 pm +1,Delta,SAN‐ICN,16h10m,1,SEA,4:50 pm – 2:58 pm,United Airlines,ICN‐SAN,14h08m,1,SFO,1566,20220408-1426,fast
6:29 am – 2:45 pm +1,United Airlines,SAN‐ICN,16h16m,2,"LAX, SFO",4:50 pm – 2:58 pm,United Airlines,ICN‐SAN,14h08m,1,SFO,1127,20220408-1426,fast
8:00 am – 2:45 pm +1,United Airlines,SAN‐ICN,14h45m,1,SFO,4:50 pm – 4:30 pm,United Airlines,ICN‐SAN,15h40m,1,SFO,1123,20220408-1426,fast
7:05 am – 3:15 pm +1,Korean Air,SAN‐ICN,16h10m,1,SEA,4:00 pm – 2:17 pm,"Korean Air, Alaska Airlines",ICN‐SAN,14h17m,1,SFO,1203,20220408-1426,fast
7:05 am – 3:15 pm +1,"Delta, Korean Air",SAN‐ICN,16h10m,1,SEA,4:00 pm – 2:17 pm,"Korean Air, Alaska Airlines",ICN‐SAN,14h17m,1,SFO,1204,20220408-1426,fast
