Out Time,Out Airline,Out Cities,Out Duration,Out Stops,Out Stop Cities,Return Time,Return Airline,Return Cities,Return Duration,Return Stops,Return Stop Cities,Price,timestamp,sort
12:55 pm – 4:00 pm +2,Air Canada,SAN‐ICN,35h05m,1,YVR,5:45 pm – 6:37 pm,Air Canada,ICN‐SAN,16h52m,1,YVR,991,20220408-1213,cheap
8:00 am – 4:00 pm +1,Air Canada,SAN‐ICN,16h00m,1,YVR,5:45 pm – 6:37 pm,Air Canada,ICN‐SAN,16h52m,1,YVR,999,20220408-1213,cheap
6:15 am – 5:45 pm +1,"Alaska Airlines, Asiana Airlines",SAN‐ICN,19h30m,1,SEA,8:40 pm – 9:40 pm,"Asiana Airlines, Alaska Airlines",ICN‐SAN,17h00m,1,SFO,1136,20220408-1213,cheap
6:15 am – 5:45 pm +1,"Alaska Airlines, Asiana Airlines",SAN‐ICN,19h30m,1,SEA,8:40 pm – 11:47 pm,"Asiana Airlines, Alaska Airlines",ICN‐SAN,19h07m,1,SFO,1136,20220408-1213,cheap
8:25 am – 4:00 am +2,"Alaska Airlines, Asiana Airlines",SAN‐ICN,27h35m,1,SFO,8:40 pm – 9:40 pm,"Asiana Airlines, Alaska Airlines",ICN‐SAN,17h00m,1,SFO,1137,20220408-1213,cheap
6:15 am – 5:45 pm +1,"Alaska Airlines, Asiana Airlines",SAN‐ICN,19h30m,1,SEA,8:40 pm – 7:32 am +1,"Asiana Airlines, Alaska Airlines",ICN‐SAN,26h52m,1,SFO,1137,20220408-1213,cheap
6:25 am – 4:00 am +2,"Alaska Airlines, Asiana Airlines",SAN‐ICN,29h35m,1,SFO,8:40 pm – 9:40 pm,"Asiana Airlines, Alaska Airlines",ICN‐SAN,17h00m,1,SFO,1137,20220408-1213,cheap
8:25 am – 4:00 am +2,"Alaska Airlines, Asiana Airlines",SAN‐ICN,27h35m,1,SFO,8:40 pm – 11:47 pm,"Asiana Airlines, Alaska Airlines",ICN‐SAN,19h07m,1,SFO,1137,20220408-1213,cheap
6:15 am – 5:45 pm +1,"Alaska Airlines, Asiana Airlines",SAN‐ICN,19h30m,1,SEA,8:40 pm – 9:37 am +1,"Asiana Airlines, Alaska Airlines",ICN‐SAN,28h57m,1,SFO,1137,20220408-1213,cheap
6:25 am – 4:00 am +2,"Alaska Airlines, Asiana Airlines",SAN‐ICN,29h35m,1,SFO,8:40 pm – 11:47 pm,"Asiana Airlines, Alaska Airlines",ICN‐SAN,19h07m,1,SFO,1137,20220408-1213,cheap
7:05 am – 3:15 pm +1,Delta,SAN‐ICN,16h10m,1,SEA,7:20 pm – 10:12 am +1,Delta,ICN‐SAN,30h52m,1,SEA,1141,20220408-1213,cheap
6:15 am – 5:45 pm +1,"Alaska Airlines, Asiana Airlines",SAN‐ICN,19h30m,1,SEA,8:40 pm – 8:39 am +1,Asiana Airlines,ICN‐SAN,27h59m,1,SFO,1167,20220408-1213,cheap
8:25 am – 5:20 pm +1,"Alaska Airlines, Korean Air",SAN‐ICN,16h55m,1,SFO,4:00 pm – 9:40 pm,"Korean Air, Alaska Airlines",ICN‐SAN,21h40m,1,SFO,1183,20220408-1213,cheap
6:25 am – 5:20 pm +1,"Alaska Airlines, Korean Air",SAN‐ICN,18h55m,1,SFO,4:00 pm – 9:40 pm,"Korean Air, Alaska Airlines",ICN‐SAN,21h40m,1,SFO,1183,20220408-1213,cheap
8:25 am – 5:20 pm +1,"Alaska Airlines, Korean Air",SAN‐ICN,16h55m,1,SFO,4:00 pm – 11:47 pm,"Korean Air, Alaska Airlines",ICN‐SAN,23h47m,1,SFO,1183,20220408-1213,cheap
12:55 pm – 4:00 pm +2,Air Canada,SAN‐ICN,35h05m,1,YVR,5:45 pm – 6:37 pm,Air Canada,ICN‐SAN,16h52m,1,YVR,1070,20220408-1210,best
8:00 am – 4:00 pm +1,Air Canada,SAN‐ICN,16h00m,1,YVR,5:45 pm – 6:37 pm,Air Canada,ICN‐SAN,16h52m,1,YVR,999,20220408-1210,best
12:55 pm – 4:00 pm +2,Air Canada,SAN‐ICN,35h05m,1,YVR,5:45 pm – 6:37 pm,Air Canada,ICN‐SAN,16h52m,1,YVR,991,20220408-1210,best
6:15 am – 5:45 pm +1,"Alaska Airlines, Asiana Airlines",SAN‐ICN,19h30m,1,SEA,8:40 pm – 9:40 pm,"Asiana Airlines, Alaska Airlines",ICN‐SAN,17h00m,1,SFO,1136,20220408-1210,best
7:05 am – 3:15 pm +1,Delta,SAN‐ICN,16h10m,1,SEA,7:20 pm – 6:11 pm,Delta,ICN‐SAN,14h51m,1,SEA,1414,20220408-1210,best
7:05 am – 3:15 pm +1,Korean Air,SAN‐ICN,16h10m,1,SEA,7:20 pm – 6:11 pm,Korean Air,ICN‐SAN,14h51m,1,SEA,1445,20220408-1210,best
6:15 am – 5:45 pm +1,"Alaska Airlines, Asiana Airlines",SAN‐ICN,19h30m,1,SEA,8:40 pm – 11:47 pm,"Asiana Airlines, Alaska Airlines",ICN‐SAN,19h07m,1,SFO,1136,20220408-1210,best
7:05 am – 3:15 pm +1,Korean Air,SAN‐ICN,16h10m,1,SEA,2:30 pm – 2:35 pm,Korean Air,ICN‐SAN,16h05m,1,LAX,1445,20220408-1210,best
6:20 am – 4:00 pm +1,"Alaska Airlines, Air Canada",SAN‐ICN,17h40m,2,"PDX, YVR",5:45 pm – 6:37 pm,Air Canada,ICN‐SAN,16h52m,1,YVR,1292,20220408-1210,best
8:25 am – 5:20 pm +1,"Alaska Airlines, Korean Air",SAN‐ICN,16h55m,1,SFO,4:00 pm – 9:40 pm,"Korean Air, Alaska Airlines",ICN‐SAN,21h40m,1,SFO,1183,20220408-1210,best
8:25 am – 5:20 pm +1,"Alaska Airlines, Korean Air",SAN‐ICN,16h55m,1,SFO,7:20 pm – 6:11 pm,Korean Air,ICN‐SAN,14h51m,1,SEA,1458,20220408-1210,best
6:15 am – 3:15 pm +1,"Alaska Airlines, Korean Air",SAN‐ICN,17h00m,1,SEA,7:20 pm – 6:11 pm,Korean Air,ICN‐SAN,14h51m,1,SEA,1496,20220408-1210,best
7:20 am – 3:15 pm +1,Korean Air,SAN‐ICN,15h55m,1,SEA,2:30 pm – 2:35 pm,"Korean Air, Delta",ICN‐SAN,16h05m,1,LAX,1496,20220408-1210,best
7:05 am – 3:15 pm +1,Delta,SAN‐ICN,16h10m,1,SEA,2:30 pm – 2:35 pm,Delta,ICN‐SAN,16h05m,1,LAX,1494,20220408-1210,best
6:35 am – 5:20 pm +1,Korean Air,SAN‐ICN,18h45m,1,LAX,7:20 pm – 6:11 pm,Korean Air,ICN‐SAN,14h51m,1,SEA,1445,20220408-1210,best
8:25 am – 5:20 pm +1,"Alaska Airlines, Korean Air",SAN‐ICN,16h55m,1,SFO,2:30 pm – 2:45 pm,Korean Air,ICN‐SAN,16h15m,1,LAX,1458,20220408-1210,best
8:25 am – 5:20 pm +1,"Alaska Airlines, Korean Air",SAN‐ICN,16h55m,1,SFO,2:30 pm – 2:35 pm,"Korean Air, Delta",ICN‐SAN,16h05m,1,LAX,1495,20220408-1210,best
6:29 am – 2:45 pm +1,United Airlines,SAN‐ICN,16h16m,2,"LAX, SFO",4:40 pm – 2:35 pm,United Airlines,ICN‐SAN,13h55m,1,SFO,1641,20220408-1215,fast
8:12 pm – 4:00 am +2,Asiana Airlines,SAN‐ICN,15h48m,1,SFO,7:20 pm – 6:11 pm,Korean Air,ICN‐SAN,14h51m,1,SEA,3816,20220408-1215,fast
7:20 am – 3:15 pm +1,Korean Air,SAN‐ICN,15h55m,1,SEA,7:20 pm – 6:11 pm,"Korean Air, Delta",ICN‐SAN,14h51m,1,SEA,1659,20220408-1215,fast
7:05 am – 3:15 pm +1,Delta,SAN‐ICN,16h10m,1,SEA,7:20 pm – 6:11 pm,Delta,ICN‐SAN,14h51m,1,SEA,1414,20220408-1215,fast
7:05 am – 3:15 pm +1,Korean Air,SAN‐ICN,16h10m,1,SEA,7:20 pm – 6:11 pm,Korean Air,ICN‐SAN,14h51m,1,SEA,1445,20220408-1215,fast
10:20 am – 5:20 pm +1,"Alaska Airlines, Korean Air",SAN‐ICN,15h00m,1,SFO,2:30 pm – 2:35 pm,"Korean Air, Delta",ICN‐SAN,16h05m,1,LAX,3782,20220408-1215,fast
10:20 am – 5:20 pm +1,"Alaska Airlines, Korean Air",SAN‐ICN,15h00m,1,SFO,2:30 pm – 2:45 pm,Korean Air,ICN‐SAN,16h15m,1,LAX,3694,20220408-1215,fast
8:12 pm – 4:00 am +2,Asiana Airlines,SAN‐ICN,15h48m,1,SFO,8:40 pm – 8:24 pm,Asiana Airlines,ICN‐SAN,15h44m,1,SFO,4085,20220408-1215,fast
8:25 am – 5:20 pm +1,"Alaska Airlines, Korean Air",SAN‐ICN,16h55m,1,SFO,7:20 pm – 6:11 pm,Korean Air,ICN‐SAN,14h51m,1,SEA,1458,20220408-1215,fast
8:25 am – 5:20 pm +1,"Alaska Airlines, Korean Air",SAN‐ICN,16h55m,1,SFO,7:20 pm – 6:11 pm,"Korean Air, Delta",ICN‐SAN,14h51m,1,SEA,1658,20220408-1215,fast
6:15 am – 3:15 pm +1,"Alaska Airlines, Korean Air",SAN‐ICN,17h00m,1,SEA,7:20 pm – 6:11 pm,Korean Air,ICN‐SAN,14h51m,1,SEA,1496,20220408-1215,fast
6:15 am – 3:15 pm +1,"Alaska Airlines, Korean Air",SAN‐ICN,17h00m,1,SEA,7:20 pm – 6:11 pm,"Korean Air, Delta",ICN‐SAN,14h51m,1,SEA,1658,20220408-1215,fast
6:15 am – 3:15 pm +1,Korean Air,SAN‐ICN,17h00m,1,SEA,7:20 pm – 6:11 pm,Korean Air,ICN‐SAN,14h51m,1,SEA,7615,20220408-1215,fast
7:20 am – 3:15 pm +1,Korean Air,SAN‐ICN,15h55m,1,SEA,2:30 pm – 2:35 pm,"Korean Air, Delta",ICN‐SAN,16h05m,1,LAX,1496,20220408-1215,fast
8:12 pm – 4:00 am +2,Asiana Airlines,SAN‐ICN,15h48m,1,SFO,2:30 pm – 2:45 pm,Korean Air,ICN‐SAN,16h15m,1,LAX,3816,20220408-1215,fast
