Out Time,Out Airline,Out Cities,Out Duration,Out Stops,Out Stop Cities,Return Time,Return Airline,Return Cities,Return Duration,Return Stops,Return Stop Cities,Price,timestamp,sort
8:00 am – 4:00 pm +1,Air Canada,SAN‐ICN,16h00m,1,YVR,5:45 pm – 6:37 pm,Air Canada,ICN‐SAN,16h52m,1,YVR,946,20220408-1220,cheap
8:00 am – 4:00 pm +1,Air Canada,SAN‐ICN,16h00m,1,YVR,5:45 pm – 12:12 pm +1,Air Canada,ICN‐SAN,34h27m,1,YVR,946,20220408-1220,cheap
7:05 am – 3:15 pm +1,Delta,SAN‐ICN,16h10m,1,SEA,7:20 pm – 6:11 pm,Delta,ICN‐SAN,14h51m,1,SEA,1123,20220408-1220,cheap
7:05 am – 3:15 pm +1,Delta,SAN‐ICN,16h10m,1,SEA,7:20 pm – 10:30 pm,Delta,ICN‐SAN,19h10m,1,SEA,1123,20220408-1220,cheap
7:40 pm – 4:00 am +2,"Alaska Airlines, Asiana Airlines",SAN‐ICN,16h20m,1,SFO,8:40 pm – 9:40 pm,"Asiana Airlines, Alaska Airlines",ICN‐SAN,17h00m,1,SFO,1127,20220408-1220,cheap
7:40 pm – 4:00 am +2,"Alaska Airlines, Asiana Airlines",SAN‐ICN,16h20m,1,SFO,8:40 pm – 11:47 pm,"Asiana Airlines, Alaska Airlines",ICN‐SAN,19h07m,1,SFO,1127,20220408-1220,cheap
5:15 pm – 4:00 am +2,"Alaska Airlines, Asiana Airlines",SAN‐ICN,18h45m,1,SFO,8:40 pm – 9:40 pm,"Asiana Airlines, Alaska Airlines",ICN‐SAN,17h00m,1,SFO,1127,20220408-1220,cheap
7:05 am – 3:15 pm +1,Delta,SAN‐ICN,16h10m,1,SEA,7:20 pm – 11:42 pm,Delta,ICN‐SAN,20h22m,2,"SEA, LAX",1127,20220408-1220,cheap
7:05 am – 3:15 pm +1,Delta,SAN‐ICN,16h10m,1,SEA,7:20 pm – 11:42 pm,Delta,ICN‐SAN,20h22m,2,"SEA, LAX",1127,20220408-1220,cheap
7:05 am – 3:15 pm +1,Delta,SAN‐ICN,16h10m,1,SEA,7:20 pm – 11:50 pm,Delta,ICN‐SAN,20h30m,2,"SEA, SLC",1127,20220408-1220,cheap
7:05 am – 3:15 pm +1,Delta,SAN‐ICN,16h10m,1,SEA,7:20 pm – 11:50 pm,Delta,ICN‐SAN,20h30m,2,"SEA, SLC",1127,20220408-1220,cheap
5:15 pm – 4:00 am +2,"Alaska Airlines, Asiana Airlines",SAN‐ICN,18h45m,1,SFO,8:40 pm – 11:47 pm,"Asiana Airlines, Alaska Airlines",ICN‐SAN,19h07m,1,SFO,1127,20220408-1220,cheap
7:11 pm – 3:15 pm +2,Delta,SAN‐ICN,28h04m,2,"SLC, SEA",7:20 pm – 6:11 pm,Delta,ICN‐SAN,14h51m,1,SEA,1127,20220408-1220,cheap
7:11 pm – 3:15 pm +2,Delta,SAN‐ICN,28h04m,2,"SLC, SEA",7:20 pm – 6:11 pm,Delta,ICN‐SAN,14h51m,1,SEA,1127,20220408-1220,cheap
7:40 pm – 4:00 am +2,"Alaska Airlines, Asiana Airlines",SAN‐ICN,16h20m,1,SFO,8:40 pm – 7:32 am +1,"Asiana Airlines, Alaska Airlines",ICN‐SAN,26h52m,1,SFO,1127,20220408-1220,cheap
8:00 am – 4:00 pm +1,Air Canada,SAN‐ICN,16h00m,1,YVR,5:45 pm – 6:37 pm,Air Canada,ICN‐SAN,16h52m,1,YVR,1014,20220408-1218,best
8:00 am – 4:00 pm +1,Air Canada,SAN‐ICN,16h00m,1,YVR,5:45 pm – 6:37 pm,Air Canada,ICN‐SAN,16h52m,1,YVR,946,20220408-1218,best
7:05 am – 3:15 pm +1,Delta,SAN‐ICN,16h10m,1,SEA,7:20 pm – 6:11 pm,Delta,ICN‐SAN,14h51m,1,SEA,1123,20220408-1218,best
7:05 am – 3:15 pm +1,Korean Air,SAN‐ICN,16h10m,1,SEA,7:20 pm – 6:11 pm,Korean Air,ICN‐SAN,14h51m,1,SEA,1156,20220408-1218,best
7:40 pm – 4:00 am +2,"Alaska Airlines, Asiana Airlines",SAN‐ICN,16h20m,1,SFO,8:40 pm – 9:40 pm,"Asiana Airlines, Alaska Airlines",ICN‐SAN,17h00m,1,SFO,1127,20220408-1218,best
7:05 am – 3:15 pm +1,Korean Air,SAN‐ICN,16h10m,1,SEA,4:00 pm – 2:56 pm,"Korean Air, Alaska Airlines",ICN‐SAN,14h56m,1,SFO,1203,20220408-1218,best
8:00 am – 2:45 pm +1,United Airlines,SAN‐ICN,14h45m,1,SFO,4:40 pm – 2:35 pm,United Airlines,ICN‐SAN,13h55m,1,SFO,1349,20220408-1218,best
7:05 am – 3:15 pm +1,Korean Air,SAN‐ICN,16h10m,1,SEA,4:00 pm – 4:31 pm,"Korean Air, Alaska Airlines",ICN‐SAN,16h31m,1,SFO,1203,20220408-1218,best
7:40 pm – 4:00 am +2,"Alaska Airlines, Asiana Airlines",SAN‐ICN,16h20m,1,SFO,8:40 pm – 11:47 pm,"Asiana Airlines, Alaska Airlines",ICN‐SAN,19h07m,1,SFO,1127,20220408-1218,best
7:05 am – 3:15 pm +1,Delta,SAN‐ICN,16h10m,1,SEA,7:20 pm – 10:30 pm,Delta,ICN‐SAN,19h10m,1,SEA,1123,20220408-1218,best
6:25 am – 5:20 pm +1,"Alaska Airlines, Korean Air",SAN‐ICN,18h55m,1,SFO,4:00 pm – 2:56 pm,"Korean Air, Alaska Airlines",ICN‐SAN,14h56m,1,SFO,1172,20220408-1218,best
5:15 pm – 4:00 am +2,"Alaska Airlines, Asiana Airlines",SAN‐ICN,18h45m,1,SFO,8:40 pm – 9:40 pm,"Asiana Airlines, Alaska Airlines",ICN‐SAN,17h00m,1,SFO,1127,20220408-1218,best
3:30 pm – 4:20 am +2,Korean Air,SAN‐ICN,20h50m,1,LAX,7:20 pm – 6:11 pm,Korean Air,ICN‐SAN,14h51m,1,SEA,1156,20220408-1218,best
6:25 am – 5:20 pm +1,"Alaska Airlines, Korean Air",SAN‐ICN,18h55m,1,SFO,7:20 pm – 6:11 pm,Korean Air,ICN‐SAN,14h51m,1,SEA,1203,20220408-1218,best
6:15 am – 2:45 pm +1,United Airlines,SAN‐ICN,16h30m,1,SFO,4:40 pm – 2:35 pm,United Airlines,ICN‐SAN,13h55m,1,SFO,1349,20220408-1218,best
3:15 pm – 4:20 am +2,Delta,SAN‐ICN,21h05m,1,LAX,7:20 pm – 6:11 pm,Delta,ICN‐SAN,14h51m,1,SEA,1203,20220408-1218,best
8:00 am – 2:45 pm +1,United Airlines,SAN‐ICN,14h45m,1,SFO,4:40 pm – 2:35 pm,United Airlines,ICN‐SAN,13h55m,1,SFO,1349,20220408-1223,fast
8:00 am – 2:45 pm +1,United Airlines,SAN‐ICN,14h45m,1,SFO,7:20 pm – 6:11 pm,Delta,ICN‐SAN,14h51m,1,SEA,1584,20220408-1223,fast
10:20 am – 5:20 pm +1,"Alaska Airlines, Korean Air",SAN‐ICN,15h00m,1,SFO,7:20 pm – 6:11 pm,Korean Air,ICN‐SAN,14h51m,1,SEA,3408,20220408-1223,fast
7:05 am – 3:15 pm +1,Korean Air,SAN‐ICN,16h10m,1,SEA,4:40 pm – 2:35 pm,United Airlines,ICN‐SAN,13h55m,1,SFO,1602,20220408-1223,fast
6:29 am – 2:45 pm +1,United Airlines,SAN‐ICN,16h16m,2,"LAX, SFO",4:40 pm – 2:35 pm,United Airlines,ICN‐SAN,13h55m,1,SFO,1353,20220408-1223,fast
6:15 am – 2:45 pm +1,United Airlines,SAN‐ICN,16h30m,1,SFO,4:40 pm – 2:35 pm,United Airlines,ICN‐SAN,13h55m,1,SFO,1349,20220408-1223,fast
8:12 pm – 4:00 am +2,"United Airlines, Asiana Airlines",SAN‐ICN,15h48m,1,SFO,7:20 pm – 6:11 pm,Delta,ICN‐SAN,14h51m,1,SEA,2803,20220408-1223,fast
7:20 am – 3:15 pm +1,Korean Air,SAN‐ICN,15h55m,1,SEA,7:20 pm – 6:11 pm,"Korean Air, Delta",ICN‐SAN,14h51m,1,SEA,1518,20220408-1223,fast
8:12 pm – 4:00 am +2,Asiana Airlines,SAN‐ICN,15h48m,1,SFO,7:20 pm – 6:19 pm,"Korean Air, Alaska Airlines",ICN‐SAN,14h59m,1,SEA,2835,20220408-1223,fast
8:00 am – 4:00 pm +1,Air Canada,SAN‐ICN,16h00m,1,YVR,7:20 pm – 6:11 pm,Delta,ICN‐SAN,14h51m,1,SEA,1525,20220408-1223,fast
8:00 am – 4:00 pm +1,Air Canada,SAN‐ICN,16h00m,1,YVR,7:20 pm – 6:11 pm,Korean Air,ICN‐SAN,14h51m,1,SEA,1531,20220408-1223,fast
8:00 am – 4:00 pm +1,Air Canada,SAN‐ICN,16h00m,1,YVR,7:20 pm – 6:11 pm,"Korean Air, Delta",ICN‐SAN,14h51m,1,SEA,1957,20220408-1223,fast
8:00 am – 4:00 pm +1,Air Canada,SAN‐ICN,16h00m,1,YVR,4:00 pm – 2:56 pm,"Korean Air, Alaska Airlines",ICN‐SAN,14h56m,1,SFO,1550,20220408-1223,fast
8:00 am – 4:00 pm +1,Air Canada,SAN‐ICN,16h00m,1,YVR,7:20 pm – 6:19 pm,"Korean Air, Alaska Airlines",ICN‐SAN,14h59m,1,SEA,1550,20220408-1223,fast
7:05 am – 3:15 pm +1,Delta,SAN‐ICN,16h10m,1,SEA,7:20 pm – 6:11 pm,Delta,ICN‐SAN,14h51m,1,SEA,1123,20220408-1223,fast
