Out Time,Out Airline,Out Cities,Out Duration,Out Stops,Out Stop Cities,Return Time,Return Airline,Return Cities,Return Duration,Return Stops,Return Stop Cities,Price,timestamp,sort
7:05 am – 3:15 pm +1,Delta,SAN‐ICN,16h10m,1,SEA,7:20 pm – 6:11 pm,Delta,ICN‐SAN,14h51m,1,SEA,1133,20220408-0652,cheap
7:05 am – 3:15 pm +1,Delta,SAN‐ICN,16h10m,1,SEA,7:20 pm – 10:30 pm,Delta,ICN‐SAN,19h10m,1,SEA,1133,20220408-0652,cheap
7:05 am – 3:15 pm +1,Delta,SAN‐ICN,16h10m,1,SEA,7:20 pm – 10:12 am +1,Delta,ICN‐SAN,30h52m,1,SEA,1141,20220408-0652,cheap
7:05 am – 3:15 pm +1,Delta,SAN‐ICN,16h10m,1,SEA,7:20 pm – 12:25 pm +1,Delta,ICN‐SAN,33h05m,1,SEA,1141,20220408-0652,cheap
7:05 am – 3:15 pm +1,Korean Air,SAN‐ICN,16h10m,1,SEA,7:20 pm – 6:11 pm,Korean Air,ICN‐SAN,14h51m,1,SEA,1173,20220408-0652,cheap
5:02 pm – 3:15 pm +2,Delta,SAN‐ICN,30h13m,2,"SLC, SEA",7:20 pm – 6:11 pm,Delta,ICN‐SAN,14h51m,1,SEA,1187,20220408-0652,cheap
7:14 pm – 3:15 pm +2,Delta,SAN‐ICN,28h01m,1,SEA,7:20 pm – 6:11 pm,Delta,ICN‐SAN,14h51m,1,SEA,1192,20220408-0652,cheap
3:20 pm – 3:15 pm +2,Delta,SAN‐ICN,31h55m,1,SEA,7:20 pm – 6:11 pm,Delta,ICN‐SAN,14h51m,1,SEA,1192,20220408-0652,cheap
7:14 pm – 3:15 pm +2,Delta,SAN‐ICN,28h01m,1,SEA,7:20 pm – 10:30 pm,Delta,ICN‐SAN,19h10m,1,SEA,1192,20220408-0652,cheap
8:00 am – 4:00 pm +1,Air Canada,SAN‐ICN,16h00m,1,YVR,9:00 am – 6:37 pm,"Asiana Airlines, Air Canada",ICN‐SAN,25h37m,2,"NRT, YVR",1201,20220408-0652,cheap
8:00 am – 4:00 pm +1,Air Canada,SAN‐ICN,16h00m,1,YVR,6:40 pm – 10:17 am +1,Air Canada,ICN‐SAN,31h37m,1,YYZ,1206,20220408-0652,cheap
7:05 am – 3:15 pm +1,Korean Air,SAN‐ICN,16h10m,1,SEA,7:20 pm – 6:11 pm,"Korean Air, Delta",ICN‐SAN,14h51m,1,SEA,1215,20220408-0652,cheap
8:00 am – 4:00 pm +1,Air Canada,SAN‐ICN,16h00m,1,YVR,10:35 am – 6:37 pm,"Jeju Air, Air Canada",ICN‐SAN,24h02m,2,"NRT, YVR",1240,20220408-0652,cheap
8:25 pm – 3:15 pm +2,"Alaska Airlines, Korean Air",SAN‐ICN,26h50m,1,SEA,7:20 pm – 6:11 pm,Korean Air,ICN‐SAN,14h51m,1,SEA,1243,20220408-0652,cheap
7:14 pm – 4:40 pm +2,Delta,SAN‐ICN,29h26m,1,SEA,7:20 pm – 6:11 pm,Delta,ICN‐SAN,14h51m,1,SEA,1267,20220408-0652,cheap
8:25 pm – 3:15 pm +2,"Alaska Airlines, Korean Air",SAN‐ICN,26h50m,1,SEA,7:20 pm – 6:11 pm,Korean Air,ICN‐SAN,14h51m,1,SEA,1275,20220408-0650,best
7:05 am – 3:15 pm +1,Delta,SAN‐ICN,16h10m,1,SEA,7:20 pm – 6:11 pm,Delta,ICN‐SAN,14h51m,1,SEA,1133,20220408-0650,best
7:05 am – 3:15 pm +1,Korean Air,SAN‐ICN,16h10m,1,SEA,7:20 pm – 6:11 pm,Korean Air,ICN‐SAN,14h51m,1,SEA,1173,20220408-0650,best
7:05 am – 3:15 pm +1,Korean Air,SAN‐ICN,16h10m,1,SEA,7:20 pm – 6:11 pm,"Korean Air, Delta",ICN‐SAN,14h51m,1,SEA,1215,20220408-0650,best
7:05 am – 3:15 pm +1,Delta,SAN‐ICN,16h10m,1,SEA,7:20 pm – 10:30 pm,Delta,ICN‐SAN,19h10m,1,SEA,1133,20220408-0650,best
6:53 pm – 4:00 am +2,Asiana Airlines,SAN‐ICN,17h07m,1,SFO,8:40 pm – 7:39 pm,Asiana Airlines,ICN‐SAN,14h59m,1,LAX,1546,20220408-0650,best
7:05 am – 3:15 pm +1,Korean Air,SAN‐ICN,16h10m,1,SEA,2:30 pm – 2:35 pm,Korean Air,ICN‐SAN,16h05m,1,LAX,1563,20220408-0650,best
7:05 am – 3:15 pm +1,Korean Air,SAN‐ICN,16h10m,1,SEA,2:30 pm – 2:35 pm,"Korean Air, Delta",ICN‐SAN,16h05m,1,LAX,1614,20220408-0650,best
6:53 pm – 4:00 am +2,Asiana Airlines,SAN‐ICN,17h07m,1,SFO,8:40 pm – 11:49 pm,"Asiana Airlines, Alaska Airlines",ICN‐SAN,19h09m,1,SFO,1413,20220408-0650,best
6:15 am – 5:20 pm +1,Korean Air,SAN‐ICN,19h05m,1,LAX,7:20 pm – 6:11 pm,Korean Air,ICN‐SAN,14h51m,1,SEA,1563,20220408-0650,best
6:15 am – 5:45 pm +1,Korean Air,SAN‐ICN,19h30m,2,"LAX, HNL",7:20 pm – 6:11 pm,Korean Air,ICN‐SAN,14h51m,1,SEA,1481,20220408-0650,best
6:29 am – 2:45 pm +1,United Airlines,SAN‐ICN,16h16m,2,"LAX, SFO",4:40 pm – 2:35 pm,United Airlines,ICN‐SAN,13h55m,1,SFO,1703,20220408-0650,best
8:15 pm – 4:00 am +2,Asiana Airlines,SAN‐ICN,15h45m,1,LAX,8:40 pm – 7:39 pm,Asiana Airlines,ICN‐SAN,14h59m,1,LAX,1799,20220408-0650,best
6:53 pm – 4:00 am +2,Asiana Airlines,SAN‐ICN,17h07m,1,SFO,8:40 pm – 11:28 pm,Asiana Airlines,ICN‐SAN,18h48m,1,LAX,1546,20220408-0650,best
3:15 pm – 4:20 am +2,Korean Air,SAN‐ICN,21h05m,1,LAX,7:20 pm – 6:11 pm,Korean Air,ICN‐SAN,14h51m,1,SEA,1563,20220408-0650,best
8:25 pm – 3:15 pm +2,"Alaska Airlines, Korean Air",SAN‐ICN,26h50m,1,SEA,7:20 pm – 6:11 pm,Korean Air,ICN‐SAN,14h51m,1,SEA,1243,20220408-0650,best
10:20 am – 5:20 pm +1,"Alaska Airlines, Korean Air",SAN‐ICN,15h00m,1,SFO,4:00 pm – 3:02 pm,"Korean Air, Alaska Airlines",ICN‐SAN,15h02m,1,SFO,4985,20220408-0655,fast
6:29 am – 2:45 pm +1,United Airlines,SAN‐ICN,16h16m,2,"LAX, SFO",4:40 pm – 2:35 pm,United Airlines,ICN‐SAN,13h55m,1,SFO,1703,20220408-0655,fast
8:12 pm – 4:00 am +2,"United Airlines, Asiana Airlines",SAN‐ICN,15h48m,1,SFO,7:20 pm – 6:11 pm,Delta,ICN‐SAN,14h51m,1,SEA,2015,20220408-0655,fast
8:12 pm – 4:00 am +2,Asiana Airlines,SAN‐ICN,15h48m,1,SFO,7:20 pm – 6:11 pm,"Korean Air, Delta",ICN‐SAN,14h51m,1,SEA,3649,20220408-0655,fast
8:15 pm – 4:00 am +2,Asiana Airlines,SAN‐ICN,15h45m,1,LAX,8:40 pm – 7:39 pm,Asiana Airlines,ICN‐SAN,14h59m,1,LAX,1799,20220408-0655,fast
8:12 pm – 4:00 am +2,Asiana Airlines,SAN‐ICN,15h48m,1,SFO,8:40 pm – 7:39 pm,Asiana Airlines,ICN‐SAN,14h59m,1,LAX,1870,20220408-0655,fast
8:00 am – 4:00 pm +1,Air Canada,SAN‐ICN,16h00m,1,YVR,7:20 pm – 6:11 pm,"Korean Air, Delta",ICN‐SAN,14h51m,1,SEA,2087,20220408-0655,fast
8:00 am – 4:00 pm +1,Air Canada,SAN‐ICN,16h00m,1,YVR,8:40 pm – 7:39 pm,"Asiana Airlines, United Airlines",ICN‐SAN,14h59m,1,LAX,2300,20220408-0655,fast
7:05 am – 3:15 pm +1,Delta,SAN‐ICN,16h10m,1,SEA,7:20 pm – 6:11 pm,Delta,ICN‐SAN,14h51m,1,SEA,1133,20220408-0655,fast
7:05 am – 3:15 pm +1,Korean Air,SAN‐ICN,16h10m,1,SEA,7:20 pm – 6:11 pm,Korean Air,ICN‐SAN,14h51m,1,SEA,1173,20220408-0655,fast
7:05 am – 3:15 pm +1,Korean Air,SAN‐ICN,16h10m,1,SEA,7:20 pm – 6:11 pm,"Korean Air, Delta",ICN‐SAN,14h51m,1,SEA,1215,20220408-0655,fast
7:05 am – 3:15 pm +1,Korean Air,SAN‐ICN,16h10m,1,SEA,7:20 pm – 6:11 pm,Delta,ICN‐SAN,14h51m,1,SEA,1720,20220408-0655,fast
7:05 am – 3:15 pm +1,"Delta, Korean Air",SAN‐ICN,16h10m,1,SEA,7:20 pm – 6:11 pm,Korean Air,ICN‐SAN,14h51m,1,SEA,1885,20220408-0655,fast
10:20 am – 5:20 pm +1,"Alaska Airlines, Korean Air",SAN‐ICN,15h00m,1,SFO,2:30 pm – 2:35 pm,Korean Air,ICN‐SAN,16h05m,1,LAX,3811,20220408-0655,fast
10:20 am – 5:20 pm +1,"Alaska Airlines, Korean Air",SAN‐ICN,15h00m,1,SFO,2:30 pm – 2:35 pm,"Korean Air, Delta",ICN‐SAN,16h05m,1,LAX,3900,20220408-0655,fast
