Out Time,Out Airline,Out Cities,Out Duration,Out Stops,Out Stop Cities,Return Time,Return Airline,Return Cities,Return Duration,Return Stops,Return Stop Cities,Price,timestamp,sort
12:55 pm – 4:00 pm +2,Air Canada,SAN‐ICN,35h05m,1,YVR,5:45 pm – 6:37 pm,Air Canada,ICN‐SAN,16h52m,1,YVR,1253,20220405-1851,cheap
9:00 pm – 11:10 am +2,"Alaska Airlines, China Airlines",SAN‐ICN,22h10m,2,"SFO, TPE",8:45 pm – 11:49 pm,"China Airlines, Alaska Airlines",ICN‐SAN,19h04m,2,"TPE, SFO",1398,20220405-1851,cheap
7:40 pm – 11:10 am +2,"Alaska Airlines, China Airlines",SAN‐ICN,23h30m,2,"SFO, TPE",8:45 pm – 11:49 pm,"China Airlines, Alaska Airlines",ICN‐SAN,19h04m,2,"TPE, SFO",1398,20220405-1851,cheap
5:15 pm – 11:10 am +2,"Alaska Airlines, China Airlines",SAN‐ICN,25h55m,2,"SFO, TPE",8:45 pm – 11:49 pm,"China Airlines, Alaska Airlines",ICN‐SAN,19h04m,2,"TPE, SFO",1398,20220405-1851,cheap
3:10 pm – 11:10 am +2,"Alaska Airlines, China Airlines",SAN‐ICN,28h00m,2,"SFO, TPE",8:45 pm – 11:49 pm,"China Airlines, Alaska Airlines",ICN‐SAN,19h04m,2,"TPE, SFO",1436,20220405-1851,cheap
7:40 pm – 4:30 am +2,"Alaska Airlines, Asiana Airlines",SAN‐ICN,16h50m,1,SFO,8:40 pm – 6:52 pm,"Asiana Airlines, Alaska Airlines",ICN‐SAN,14h12m,1,SFO,1491,20220405-1851,cheap
5:15 pm – 4:30 am +2,"Alaska Airlines, Asiana Airlines",SAN‐ICN,19h15m,1,SFO,8:40 pm – 6:52 pm,"Asiana Airlines, Alaska Airlines",ICN‐SAN,14h12m,1,SFO,1491,20220405-1851,cheap
7:40 pm – 4:30 am +2,"Alaska Airlines, Asiana Airlines",SAN‐ICN,16h50m,1,SFO,8:40 pm – 9:42 pm,"Asiana Airlines, Alaska Airlines",ICN‐SAN,17h02m,1,SFO,1491,20220405-1851,cheap
3:10 pm – 4:30 am +2,"Alaska Airlines, Asiana Airlines",SAN‐ICN,21h20m,1,SFO,8:40 pm – 6:52 pm,"Asiana Airlines, Alaska Airlines",ICN‐SAN,14h12m,1,SFO,1491,20220405-1851,cheap
7:40 pm – 4:30 am +2,"Alaska Airlines, Asiana Airlines",SAN‐ICN,16h50m,1,SFO,8:40 pm – 11:49 pm,"Asiana Airlines, Alaska Airlines",ICN‐SAN,19h09m,1,SFO,1491,20220405-1851,cheap
5:15 pm – 4:30 am +2,"Alaska Airlines, Asiana Airlines",SAN‐ICN,19h15m,1,SFO,8:40 pm – 9:42 pm,"Asiana Airlines, Alaska Airlines",ICN‐SAN,17h02m,1,SFO,1491,20220405-1851,cheap
3:10 pm – 4:30 am +2,"Alaska Airlines, Asiana Airlines",SAN‐ICN,21h20m,1,SFO,8:40 pm – 9:42 pm,"Asiana Airlines, Alaska Airlines",ICN‐SAN,17h02m,1,SFO,1491,20220405-1851,cheap
5:15 pm – 4:30 am +2,"Alaska Airlines, Asiana Airlines",SAN‐ICN,19h15m,1,SFO,8:40 pm – 11:49 pm,"Asiana Airlines, Alaska Airlines",ICN‐SAN,19h09m,1,SFO,1491,20220405-1851,cheap
7:40 pm – 4:30 am +2,"Alaska Airlines, Asiana Airlines",SAN‐ICN,16h50m,1,SFO,6:20 pm – 11:59 pm,"Asiana Airlines, Alaska Airlines",ICN‐SAN,21h39m,1,SEA,1491,20220405-1851,cheap
10:20 am – 4:30 am +2,"Alaska Airlines, Asiana Airlines",SAN‐ICN,26h10m,1,SFO,8:40 pm – 6:52 pm,"Asiana Airlines, Alaska Airlines",ICN‐SAN,14h12m,1,SFO,1491,20220405-1851,cheap
12:55 pm – 4:00 pm +2,Air Canada,SAN‐ICN,35h05m,1,YVR,5:45 pm – 6:37 pm,Air Canada,ICN‐SAN,16h52m,1,YVR,1411,20220405-1849,best
7:40 pm – 4:30 am +2,"Alaska Airlines, Asiana Airlines",SAN‐ICN,16h50m,1,SFO,8:40 pm – 6:52 pm,"Asiana Airlines, Alaska Airlines",ICN‐SAN,14h12m,1,SFO,1491,20220405-1849,best
12:55 pm – 4:00 pm +2,Air Canada,SAN‐ICN,35h05m,1,YVR,5:45 pm – 6:37 pm,Air Canada,ICN‐SAN,16h52m,1,YVR,1253,20220405-1849,best
7:05 am – 3:15 pm +1,Korean Air,SAN‐ICN,16h10m,1,SEA,4:00 pm – 3:02 pm,"Korean Air, Alaska Airlines",ICN‐SAN,15h02m,1,SFO,1547,20220405-1849,best
8:00 am – 2:45 pm +1,United Airlines,SAN‐ICN,14h45m,1,SFO,4:40 pm – 2:35 pm,United Airlines,ICN‐SAN,13h55m,1,SFO,1725,20220405-1849,best
5:15 pm – 4:30 am +2,"Alaska Airlines, Asiana Airlines",SAN‐ICN,19h15m,1,SFO,8:40 pm – 6:52 pm,"Asiana Airlines, Alaska Airlines",ICN‐SAN,14h12m,1,SFO,1491,20220405-1849,best
7:40 pm – 4:30 am +2,"Alaska Airlines, Asiana Airlines",SAN‐ICN,16h50m,1,SFO,8:40 pm – 9:42 pm,"Asiana Airlines, Alaska Airlines",ICN‐SAN,17h02m,1,SFO,1491,20220405-1849,best
6:05 am – 2:45 pm +1,United Airlines,SAN‐ICN,16h40m,1,SFO,4:40 pm – 2:35 pm,United Airlines,ICN‐SAN,13h55m,1,SFO,1725,20220405-1849,best
7:05 am – 3:15 pm +1,Korean Air,SAN‐ICN,16h10m,1,SEA,4:00 pm – 4:35 pm,"Korean Air, Alaska Airlines",ICN‐SAN,16h35m,1,SFO,1547,20220405-1849,best
8:25 am – 5:20 pm +1,"Alaska Airlines, Korean Air",SAN‐ICN,16h55m,1,SFO,4:00 pm – 3:02 pm,"Korean Air, Alaska Airlines",ICN‐SAN,15h02m,1,SFO,1694,20220405-1849,best
3:10 pm – 4:30 am +2,"Alaska Airlines, Asiana Airlines",SAN‐ICN,21h20m,1,SFO,8:40 pm – 6:52 pm,"Asiana Airlines, Alaska Airlines",ICN‐SAN,14h12m,1,SFO,1491,20220405-1849,best
7:40 pm – 4:30 am +2,"Alaska Airlines, Asiana Airlines",SAN‐ICN,16h50m,1,SFO,8:40 pm – 11:49 pm,"Asiana Airlines, Alaska Airlines",ICN‐SAN,19h09m,1,SFO,1491,20220405-1849,best
6:53 pm – 4:30 am +2,Asiana Airlines,SAN‐ICN,17h37m,1,SFO,8:40 pm – 6:52 pm,"Asiana Airlines, Alaska Airlines",ICN‐SAN,14h12m,1,SFO,1761,20220405-1849,best
7:05 am – 3:15 pm +1,Korean Air,SAN‐ICN,16h10m,1,SEA,2:30 pm – 2:35 pm,Korean Air,ICN‐SAN,16h05m,1,LAX,1763,20220405-1849,best
6:15 am – 2:45 pm +1,United Airlines,SAN‐ICN,16h30m,2,"LAX, SFO",4:40 pm – 2:35 pm,United Airlines,ICN‐SAN,13h55m,1,SFO,1819,20220405-1849,best
5:15 pm – 4:30 am +2,"Alaska Airlines, Asiana Airlines",SAN‐ICN,19h15m,1,SFO,8:40 pm – 9:42 pm,"Asiana Airlines, Alaska Airlines",ICN‐SAN,17h02m,1,SFO,1491,20220405-1849,best
7:05 am – 3:15 pm +1,Korean Air,SAN‐ICN,16h10m,1,SEA,4:40 pm – 6:11 pm,Korean Air,ICN‐SAN,17h31m,1,SEA,1694,20220405-1849,best
8:00 am – 2:45 pm +1,United Airlines,SAN‐ICN,14h45m,1,SFO,4:40 pm – 2:35 pm,United Airlines,ICN‐SAN,13h55m,1,SFO,1725,20220405-1854,fast
7:05 am – 3:15 pm +1,"Delta, Korean Air",SAN‐ICN,16h10m,1,SEA,4:40 pm – 2:35 pm,United Airlines,ICN‐SAN,13h55m,1,SFO,2103,20220405-1854,fast
6:15 am – 2:45 pm +1,United Airlines,SAN‐ICN,16h30m,2,"LAX, SFO",4:40 pm – 2:35 pm,United Airlines,ICN‐SAN,13h55m,1,SFO,1819,20220405-1854,fast
6:05 am – 2:45 pm +1,United Airlines,SAN‐ICN,16h40m,1,SFO,4:40 pm – 2:35 pm,United Airlines,ICN‐SAN,13h55m,1,SFO,1725,20220405-1854,fast
7:40 pm – 4:30 am +2,"Alaska Airlines, Asiana Airlines",SAN‐ICN,16h50m,1,SFO,4:40 pm – 2:35 pm,United Airlines,ICN‐SAN,13h55m,1,SFO,2153,20220405-1854,fast
8:00 am – 2:45 pm +1,United Airlines,SAN‐ICN,14h45m,1,SFO,2:30 pm – 2:35 pm,Korean Air,ICN‐SAN,16h05m,1,LAX,2140,20220405-1854,fast
7:40 pm – 4:30 am +2,"Alaska Airlines, Asiana Airlines",SAN‐ICN,16h50m,1,SFO,8:40 pm – 6:52 pm,"Asiana Airlines, Alaska Airlines",ICN‐SAN,14h12m,1,SFO,1491,20220405-1854,fast
7:05 am – 3:15 pm +1,Korean Air,SAN‐ICN,16h10m,1,SEA,4:00 pm – 3:02 pm,"Korean Air, Alaska Airlines",ICN‐SAN,15h02m,1,SFO,1547,20220405-1854,fast
8:12 pm – 4:30 am +2,Asiana Airlines,SAN‐ICN,16h18m,1,SFO,8:40 pm – 7:39 pm,Asiana Airlines,ICN‐SAN,14h59m,1,LAX,4176,20220405-1854,fast
6:53 pm – 4:30 am +2,"United Airlines, Asiana Airlines",SAN‐ICN,17h37m,1,SFO,4:40 pm – 2:35 pm,United Airlines,ICN‐SAN,13h55m,1,SFO,2123,20220405-1854,fast
8:00 am – 2:45 pm +1,United Airlines,SAN‐ICN,14h45m,1,SFO,8:40 pm – 9:42 pm,"Asiana Airlines, Alaska Airlines",ICN‐SAN,17h02m,1,SFO,1971,20220405-1854,fast
6:53 pm – 4:30 am +2,Asiana Airlines,SAN‐ICN,17h37m,1,SFO,8:40 pm – 6:52 pm,"Asiana Airlines, Alaska Airlines",ICN‐SAN,14h12m,1,SFO,1761,20220405-1854,fast
8:25 am – 5:20 pm +1,"Alaska Airlines, Korean Air",SAN‐ICN,16h55m,1,SFO,8:40 pm – 7:39 pm,Asiana Airlines,ICN‐SAN,14h59m,1,LAX,2706,20220405-1854,fast
8:25 am – 5:20 pm +1,"Alaska Airlines, Korean Air",SAN‐ICN,16h55m,1,SFO,4:00 pm – 3:02 pm,"Korean Air, Alaska Airlines",ICN‐SAN,15h02m,1,SFO,1694,20220405-1854,fast
9:50 am – 5:45 pm +1,"Alaska Airlines, Asiana Airlines",SAN‐ICN,15h55m,1,SEA,2:30 pm – 2:35 pm,Korean Air,ICN‐SAN,16h05m,1,LAX,3676,20220405-1854,fast
