Out Time,Out Airline,Out Cities,Out Duration,Out Stops,Out Stop Cities,Return Time,Return Airline,Return Cities,Return Duration,Return Stops,Return Stop Cities,Price,timestamp,sort
12:55 pm – 4:00 pm +2,Air Canada,SAN‐ICN,35h05m,1,YVR,5:45 pm – 6:37 pm,Air Canada,ICN‐SAN,16h52m,1,YVR,954,20220408-0645,cheap
7:05 am – 3:15 pm +1,Delta,SAN‐ICN,16h10m,1,SEA,7:20 pm – 6:11 pm,Delta,ICN‐SAN,14h51m,1,SEA,1133,20220408-0645,cheap
7:05 am – 3:15 pm +1,Delta,SAN‐ICN,16h10m,1,SEA,7:20 pm – 10:30 pm,Delta,ICN‐SAN,19h10m,1,SEA,1133,20220408-0645,cheap
7:40 pm – 4:00 am +2,"Alaska Airlines, Asiana Airlines",SAN‐ICN,16h20m,1,SFO,8:40 pm – 11:49 pm,"Asiana Airlines, Alaska Airlines",ICN‐SAN,19h09m,1,SFO,1136,20220408-0645,cheap
5:15 pm – 4:00 am +2,"Alaska Airlines, Asiana Airlines",SAN‐ICN,18h45m,1,SFO,8:40 pm – 11:49 pm,"Asiana Airlines, Alaska Airlines",ICN‐SAN,19h09m,1,SFO,1136,20220408-0645,cheap
7:40 pm – 4:00 am +2,"Alaska Airlines, Asiana Airlines",SAN‐ICN,16h20m,1,SFO,6:20 pm – 11:59 pm,"Asiana Airlines, Alaska Airlines",ICN‐SAN,21h39m,1,SEA,1136,20220408-0645,cheap
3:10 pm – 4:00 am +2,"Alaska Airlines, Asiana Airlines",SAN‐ICN,20h50m,1,SFO,8:40 pm – 11:49 pm,"Asiana Airlines, Alaska Airlines",ICN‐SAN,19h09m,1,SFO,1136,20220408-0645,cheap
5:15 pm – 4:00 am +2,"Alaska Airlines, Asiana Airlines",SAN‐ICN,18h45m,1,SFO,6:20 pm – 11:59 pm,"Asiana Airlines, Alaska Airlines",ICN‐SAN,21h39m,1,SEA,1136,20220408-0645,cheap
3:10 pm – 4:00 am +2,"Alaska Airlines, Asiana Airlines",SAN‐ICN,20h50m,1,SFO,6:20 pm – 11:59 pm,"Asiana Airlines, Alaska Airlines",ICN‐SAN,21h39m,1,SEA,1136,20220408-0645,cheap
7:05 am – 3:15 pm +1,Delta,SAN‐ICN,16h10m,1,SEA,7:20 pm – 11:42 pm,Delta,ICN‐SAN,20h22m,2,"SEA, LAX",1137,20220408-0645,cheap
7:05 am – 3:15 pm +1,Delta,SAN‐ICN,16h10m,1,SEA,7:20 pm – 11:42 pm,Delta,ICN‐SAN,20h22m,2,"SEA, LAX",1137,20220408-0645,cheap
7:05 am – 3:15 pm +1,Delta,SAN‐ICN,16h10m,1,SEA,7:20 pm – 11:50 pm,Delta,ICN‐SAN,20h30m,2,"SEA, SLC",1137,20220408-0645,cheap
7:05 am – 3:15 pm +1,Delta,SAN‐ICN,16h10m,1,SEA,7:20 pm – 11:50 pm,Delta,ICN‐SAN,20h30m,2,"SEA, SLC",1137,20220408-0645,cheap
7:05 am – 3:15 pm +1,Delta,SAN‐ICN,16h10m,1,SEA,7:20 pm – 8:58 am +1,Delta,ICN‐SAN,29h38m,2,"SEA, SLC",1137,20220408-0645,cheap
7:05 am – 3:15 pm +1,Delta,SAN‐ICN,16h10m,1,SEA,7:20 pm – 8:58 am +1,Delta,ICN‐SAN,29h38m,2,"SEA, SLC",1137,20220408-0645,cheap
12:55 pm – 4:00 pm +2,Air Canada,SAN‐ICN,35h05m,1,YVR,5:45 pm – 6:37 pm,Air Canada,ICN‐SAN,16h52m,1,YVR,1023,20220408-0642,best
7:05 am – 3:15 pm +1,Delta,SAN‐ICN,16h10m,1,SEA,7:20 pm – 6:11 pm,Delta,ICN‐SAN,14h51m,1,SEA,1133,20220408-0642,best
12:55 pm – 4:00 pm +2,Air Canada,SAN‐ICN,35h05m,1,YVR,5:45 pm – 6:37 pm,Air Canada,ICN‐SAN,16h52m,1,YVR,954,20220408-0642,best
7:05 am – 3:15 pm +1,Korean Air,SAN‐ICN,16h10m,1,SEA,7:20 pm – 6:11 pm,Korean Air,ICN‐SAN,14h51m,1,SEA,1173,20220408-0642,best
7:40 pm – 4:00 am +2,"Alaska Airlines, Asiana Airlines",SAN‐ICN,16h20m,1,SFO,8:40 pm – 11:49 pm,"Asiana Airlines, Alaska Airlines",ICN‐SAN,19h09m,1,SFO,1136,20220408-0642,best
7:05 am – 3:15 pm +1,Delta,SAN‐ICN,16h10m,1,SEA,7:20 pm – 10:30 pm,Delta,ICN‐SAN,19h10m,1,SEA,1133,20220408-0642,best
8:00 am – 2:45 pm +1,United Airlines,SAN‐ICN,14h45m,1,SFO,4:40 pm – 2:35 pm,United Airlines,ICN‐SAN,13h55m,1,SFO,1463,20220408-0642,best
6:15 am – 2:45 pm +1,United Airlines,SAN‐ICN,16h30m,1,SFO,4:40 pm – 2:35 pm,United Airlines,ICN‐SAN,13h55m,1,SFO,1363,20220408-0642,best
6:53 pm – 4:00 am +2,Asiana Airlines,SAN‐ICN,17h07m,1,SFO,8:40 pm – 11:49 pm,"Asiana Airlines, Alaska Airlines",ICN‐SAN,19h09m,1,SFO,1160,20220408-0642,best
5:15 pm – 4:00 am +2,"Alaska Airlines, Asiana Airlines",SAN‐ICN,18h45m,1,SFO,8:40 pm – 11:49 pm,"Asiana Airlines, Alaska Airlines",ICN‐SAN,19h09m,1,SFO,1136,20220408-0642,best
7:05 am – 3:15 pm +1,Delta,SAN‐ICN,16h10m,1,SEA,7:20 pm – 11:42 pm,Delta,ICN‐SAN,20h22m,2,"SEA, LAX",1137,20220408-0642,best
7:05 am – 3:15 pm +1,Delta,SAN‐ICN,16h10m,1,SEA,7:20 pm – 11:42 pm,Delta,ICN‐SAN,20h22m,2,"SEA, LAX",1137,20220408-0642,best
7:40 pm – 4:00 am +2,"Alaska Airlines, Asiana Airlines",SAN‐ICN,16h20m,1,SFO,6:20 pm – 11:59 pm,"Asiana Airlines, Alaska Airlines",ICN‐SAN,21h39m,1,SEA,1136,20220408-0642,best
7:05 am – 3:15 pm +1,Delta,SAN‐ICN,16h10m,1,SEA,7:20 pm – 11:50 pm,Delta,ICN‐SAN,20h30m,2,"SEA, SLC",1137,20220408-0642,best
7:05 am – 3:15 pm +1,Delta,SAN‐ICN,16h10m,1,SEA,7:20 pm – 11:50 pm,Delta,ICN‐SAN,20h30m,2,"SEA, SLC",1137,20220408-0642,best
6:53 pm – 4:00 am +2,Asiana Airlines,SAN‐ICN,17h07m,1,SFO,6:20 pm – 11:59 pm,"Asiana Airlines, Alaska Airlines",ICN‐SAN,21h39m,1,SEA,1160,20220408-0642,best
6:29 am – 2:45 pm +1,United Airlines,SAN‐ICN,16h16m,2,"LAX, SFO",4:40 pm – 2:35 pm,United Airlines,ICN‐SAN,13h55m,1,SFO,1467,20220408-0642,best
8:00 am – 2:45 pm +1,United Airlines,SAN‐ICN,14h45m,1,SFO,4:40 pm – 2:35 pm,United Airlines,ICN‐SAN,13h55m,1,SFO,1463,20220408-0647,fast
10:20 am – 5:20 pm +1,"Alaska Airlines, Korean Air",SAN‐ICN,15h00m,1,SFO,7:20 pm – 6:11 pm,Korean Air,ICN‐SAN,14h51m,1,SEA,3413,20220408-0647,fast
10:20 am – 5:20 pm +1,"Alaska Airlines, Korean Air",SAN‐ICN,15h00m,1,SFO,7:20 pm – 6:11 pm,"Korean Air, Delta",ICN‐SAN,14h51m,1,SEA,3809,20220408-0647,fast
7:05 am – 3:15 pm +1,Delta,SAN‐ICN,16h10m,1,SEA,4:40 pm – 2:35 pm,United Airlines,ICN‐SAN,13h55m,1,SFO,1660,20220408-0647,fast
7:05 am – 3:15 pm +1,Korean Air,SAN‐ICN,16h10m,1,SEA,4:40 pm – 2:35 pm,United Airlines,ICN‐SAN,13h55m,1,SFO,1702,20220408-0647,fast
6:29 am – 2:45 pm +1,United Airlines,SAN‐ICN,16h16m,2,"LAX, SFO",4:40 pm – 2:35 pm,United Airlines,ICN‐SAN,13h55m,1,SFO,1467,20220408-0647,fast
6:15 am – 2:45 pm +1,United Airlines,SAN‐ICN,16h30m,1,SFO,4:40 pm – 2:35 pm,United Airlines,ICN‐SAN,13h55m,1,SFO,1363,20220408-0647,fast
8:12 pm – 4:00 am +2,Asiana Airlines,SAN‐ICN,15h48m,1,SFO,7:20 pm – 6:11 pm,Korean Air,ICN‐SAN,14h51m,1,SEA,2425,20220408-0647,fast
8:12 pm – 4:00 am +2,Asiana Airlines,SAN‐ICN,15h48m,1,SFO,8:40 pm – 7:39 pm,Asiana Airlines,ICN‐SAN,14h59m,1,LAX,3136,20220408-0647,fast
8:00 am – 2:45 pm +1,United Airlines,SAN‐ICN,14h45m,1,SFO,2:30 pm – 2:35 pm,Korean Air,ICN‐SAN,16h05m,1,LAX,2394,20220408-0647,fast
7:05 am – 3:15 pm +1,Delta,SAN‐ICN,16h10m,1,SEA,7:20 pm – 6:11 pm,Delta,ICN‐SAN,14h51m,1,SEA,1133,20220408-0647,fast
7:05 am – 3:15 pm +1,Korean Air,SAN‐ICN,16h10m,1,SEA,7:20 pm – 6:11 pm,Korean Air,ICN‐SAN,14h51m,1,SEA,1173,20220408-0647,fast
7:05 am – 3:15 pm +1,Korean Air,SAN‐ICN,16h10m,1,SEA,7:20 pm – 6:11 pm,"Korean Air, Delta",ICN‐SAN,14h51m,1,SEA,1523,20220408-0647,fast
7:05 am – 3:15 pm +1,"Delta, Korean Air",SAN‐ICN,16h10m,1,SEA,7:20 pm – 6:11 pm,Korean Air,ICN‐SAN,14h51m,1,SEA,1659,20220408-0647,fast
7:05 am – 3:15 pm +1,Korean Air,SAN‐ICN,16h10m,1,SEA,7:20 pm – 6:11 pm,Delta,ICN‐SAN,14h51m,1,SEA,1720,20220408-0647,fast
