Out Time,Out Airline,Out Cities,Out Duration,Out Stops,Out Stop Cities,Return Time,Return Airline,Return Cities,Return Duration,Return Stops,Return Stop Cities,Price,timestamp,sort
12:55 pm – 4:00 pm +2,Air Canada,SAN‐ICN,35h05m,1,YVR,5:45 pm – 6:37 pm,Air Canada,ICN‐SAN,16h52m,1,YVR,1021,20220408-1252,cheap
9:50 am – 5:45 pm +1,"Alaska Airlines, Asiana Airlines",SAN‐ICN,15h55m,1,SEA,6:20 pm – 10:47 pm,"Asiana Airlines, Alaska Airlines",ICN‐SAN,20h27m,1,SEA,1220,20220408-1252,cheap
7:45 pm – 4:00 am +2,"Alaska Airlines, Asiana Airlines",SAN‐ICN,16h15m,1,SFO,6:20 pm – 10:47 pm,"Asiana Airlines, Alaska Airlines",ICN‐SAN,20h27m,1,SEA,1220,20220408-1252,cheap
5:15 pm – 4:00 am +2,"Alaska Airlines, Asiana Airlines",SAN‐ICN,18h45m,1,SFO,6:20 pm – 10:47 pm,"Asiana Airlines, Alaska Airlines",ICN‐SAN,20h27m,1,SEA,1220,20220408-1252,cheap
6:15 am – 5:45 pm +1,"Alaska Airlines, Asiana Airlines",SAN‐ICN,19h30m,1,SEA,6:20 pm – 10:47 pm,"Asiana Airlines, Alaska Airlines",ICN‐SAN,20h27m,1,SEA,1220,20220408-1252,cheap
3:10 pm – 4:00 am +2,"Alaska Airlines, Asiana Airlines",SAN‐ICN,20h50m,1,SFO,6:20 pm – 10:47 pm,"Asiana Airlines, Alaska Airlines",ICN‐SAN,20h27m,1,SEA,1220,20220408-1252,cheap
10:20 am – 4:00 am +2,"Alaska Airlines, Asiana Airlines",SAN‐ICN,25h40m,1,SFO,6:20 pm – 10:47 pm,"Asiana Airlines, Alaska Airlines",ICN‐SAN,20h27m,1,SEA,1220,20220408-1252,cheap
7:05 am – 3:15 pm +1,Delta,SAN‐ICN,16h10m,1,SEA,7:20 pm – 6:11 pm,Delta,ICN‐SAN,14h51m,1,SEA,1223,20220408-1252,cheap
7:05 am – 3:15 pm +1,Delta,SAN‐ICN,16h10m,1,SEA,7:20 pm – 10:30 pm,Delta,ICN‐SAN,19h10m,1,SEA,1223,20220408-1252,cheap
9:50 am – 5:45 pm +1,"Alaska Airlines, Asiana Airlines",SAN‐ICN,15h55m,1,SEA,8:40 pm – 7:32 am +1,"Asiana Airlines, Alaska Airlines",ICN‐SAN,26h52m,1,SFO,1226,20220408-1252,cheap
7:45 pm – 4:00 am +2,"Alaska Airlines, Asiana Airlines",SAN‐ICN,16h15m,1,SFO,8:40 pm – 7:32 am +1,"Asiana Airlines, Alaska Airlines",ICN‐SAN,26h52m,1,SFO,1226,20220408-1252,cheap
9:50 am – 5:45 pm +1,"Alaska Airlines, Asiana Airlines",SAN‐ICN,15h55m,1,SEA,8:40 pm – 9:37 am +1,"Asiana Airlines, Alaska Airlines",ICN‐SAN,28h57m,1,SFO,1226,20220408-1252,cheap
7:45 pm – 4:00 am +2,"Alaska Airlines, Asiana Airlines",SAN‐ICN,16h15m,1,SFO,8:40 pm – 9:37 am +1,"Asiana Airlines, Alaska Airlines",ICN‐SAN,28h57m,1,SFO,1226,20220408-1252,cheap
5:15 pm – 4:00 am +2,"Alaska Airlines, Asiana Airlines",SAN‐ICN,18h45m,1,SFO,8:40 pm – 7:32 am +1,"Asiana Airlines, Alaska Airlines",ICN‐SAN,26h52m,1,SFO,1226,20220408-1252,cheap
6:15 am – 5:45 pm +1,"Alaska Airlines, Asiana Airlines",SAN‐ICN,19h30m,1,SEA,8:40 pm – 7:32 am +1,"Asiana Airlines, Alaska Airlines",ICN‐SAN,26h52m,1,SFO,1226,20220408-1252,cheap
12:55 pm – 4:00 pm +2,Air Canada,SAN‐ICN,35h05m,1,YVR,5:45 pm – 6:37 pm,Air Canada,ICN‐SAN,16h52m,1,YVR,1107,20220408-1249,best
10:20 am – 5:20 pm +1,"Alaska Airlines, Korean Air",SAN‐ICN,15h00m,1,SFO,7:20 pm – 6:11 pm,Korean Air,ICN‐SAN,14h51m,1,SEA,1266,20220408-1249,best
12:55 pm – 4:00 pm +2,Air Canada,SAN‐ICN,35h05m,1,YVR,5:45 pm – 6:37 pm,Air Canada,ICN‐SAN,16h52m,1,YVR,1021,20220408-1249,best
7:05 am – 3:15 pm +1,Delta,SAN‐ICN,16h10m,1,SEA,7:20 pm – 6:11 pm,Delta,ICN‐SAN,14h51m,1,SEA,1223,20220408-1249,best
7:05 am – 3:15 pm +1,Korean Air,SAN‐ICN,16h10m,1,SEA,7:20 pm – 6:11 pm,Korean Air,ICN‐SAN,14h51m,1,SEA,1255,20220408-1249,best
8:25 am – 5:20 pm +1,"Alaska Airlines, Korean Air",SAN‐ICN,16h55m,1,SFO,7:20 pm – 6:11 pm,Korean Air,ICN‐SAN,14h51m,1,SEA,1266,20220408-1249,best
6:15 am – 3:15 pm +1,"Alaska Airlines, Korean Air",SAN‐ICN,17h00m,1,SEA,7:20 pm – 6:11 pm,Korean Air,ICN‐SAN,14h51m,1,SEA,1303,20220408-1249,best
6:15 am – 5:20 pm +1,Korean Air,SAN‐ICN,19h05m,1,LAX,7:20 pm – 6:11 pm,Korean Air,ICN‐SAN,14h51m,1,SEA,1255,20220408-1249,best
7:05 am – 3:15 pm +1,Delta,SAN‐ICN,16h10m,1,SEA,7:20 pm – 10:30 pm,Delta,ICN‐SAN,19h10m,1,SEA,1223,20220408-1249,best
3:15 pm – 4:20 am +2,Korean Air,SAN‐ICN,21h05m,1,LAX,7:20 pm – 6:11 pm,Korean Air,ICN‐SAN,14h51m,1,SEA,1255,20220408-1249,best
9:50 am – 5:45 pm +1,"Alaska Airlines, Asiana Airlines",SAN‐ICN,15h55m,1,SEA,6:20 pm – 10:47 pm,"Asiana Airlines, Alaska Airlines",ICN‐SAN,20h27m,1,SEA,1220,20220408-1249,best
7:45 pm – 4:00 am +2,"Alaska Airlines, Asiana Airlines",SAN‐ICN,16h15m,1,SFO,6:20 pm – 10:47 pm,"Asiana Airlines, Alaska Airlines",ICN‐SAN,20h27m,1,SEA,1220,20220408-1249,best
10:20 am – 5:20 pm +1,"Alaska Airlines, Korean Air",SAN‐ICN,15h00m,1,SFO,2:30 pm – 2:45 pm,Korean Air,ICN‐SAN,16h15m,1,LAX,1484,20220408-1249,best
7:05 am – 3:15 pm +1,Korean Air,SAN‐ICN,16h10m,1,SEA,2:30 pm – 2:45 pm,Korean Air,ICN‐SAN,16h15m,1,LAX,1480,20220408-1249,best
7:05 am – 4:40 pm +1,Korean Air,SAN‐ICN,17h35m,1,SEA,7:20 pm – 6:11 pm,Korean Air,ICN‐SAN,14h51m,1,SEA,1480,20220408-1249,best
7:05 am – 3:15 pm +1,"Delta, Korean Air",SAN‐ICN,16h10m,1,SEA,7:20 pm – 6:11 pm,Korean Air,ICN‐SAN,14h51m,1,SEA,1548,20220408-1249,best
7:05 am – 4:40 pm +1,Korean Air,SAN‐ICN,17h35m,1,SEA,7:20 pm – 6:11 pm,Korean Air,ICN‐SAN,14h51m,1,SEA,1484,20220408-1249,best
8:00 am – 2:45 pm +1,United Airlines,SAN‐ICN,14h45m,1,SFO,7:20 pm – 6:11 pm,"Korean Air, Delta",ICN‐SAN,14h51m,1,SEA,2066,20220408-1254,fast
10:20 am – 5:20 pm +1,"Alaska Airlines, Korean Air",SAN‐ICN,15h00m,1,SFO,7:20 pm – 6:11 pm,Korean Air,ICN‐SAN,14h51m,1,SEA,1266,20220408-1254,fast
10:20 am – 5:20 pm +1,"Alaska Airlines, Korean Air",SAN‐ICN,15h00m,1,SFO,7:20 pm – 6:19 pm,"Korean Air, Alaska Airlines",ICN‐SAN,14h59m,1,SEA,1682,20220408-1254,fast
8:12 pm – 4:00 am +2,Asiana Airlines,SAN‐ICN,15h48m,1,SFO,7:20 pm – 6:11 pm,"Korean Air, Delta",ICN‐SAN,14h51m,1,SEA,3608,20220408-1254,fast
8:12 pm – 4:00 am +2,Asiana Airlines,SAN‐ICN,15h48m,1,SFO,7:20 pm – 6:19 pm,"Korean Air, Alaska Airlines",ICN‐SAN,14h59m,1,SEA,2835,20220408-1254,fast
7:05 am – 3:15 pm +1,Delta,SAN‐ICN,16h10m,1,SEA,7:20 pm – 6:11 pm,Delta,ICN‐SAN,14h51m,1,SEA,1223,20220408-1254,fast
7:05 am – 3:15 pm +1,Korean Air,SAN‐ICN,16h10m,1,SEA,7:20 pm – 6:11 pm,Korean Air,ICN‐SAN,14h51m,1,SEA,1255,20220408-1254,fast
7:05 am – 3:15 pm +1,"Delta, Korean Air",SAN‐ICN,16h10m,1,SEA,7:20 pm – 6:11 pm,Korean Air,ICN‐SAN,14h51m,1,SEA,1548,20220408-1254,fast
7:05 am – 3:15 pm +1,Delta,SAN‐ICN,16h10m,1,SEA,7:20 pm – 6:11 pm,"Korean Air, Delta",ICN‐SAN,14h51m,1,SEA,2066,20220408-1254,fast
7:05 am – 3:15 pm +1,"Delta, Korean Air",SAN‐ICN,16h10m,1,SEA,7:20 pm – 6:11 pm,"Korean Air, Delta",ICN‐SAN,14h51m,1,SEA,2297,20220408-1254,fast
10:20 am – 5:20 pm +1,"Alaska Airlines, Korean Air",SAN‐ICN,15h00m,1,SFO,2:30 pm – 2:35 pm,"Korean Air, Delta",ICN‐SAN,16h05m,1,LAX,1657,20220408-1254,fast
7:05 am – 3:15 pm +1,"Delta, Korean Air",SAN‐ICN,16h10m,1,SEA,7:20 pm – 6:19 pm,"Korean Air, Alaska Airlines",ICN‐SAN,14h59m,1,SEA,1932,20220408-1254,fast
10:20 am – 5:20 pm +1,"Alaska Airlines, Korean Air",SAN‐ICN,15h00m,1,SFO,2:30 pm – 2:45 pm,Korean Air,ICN‐SAN,16h15m,1,LAX,1484,20220408-1254,fast
8:00 am – 2:45 pm +1,United Airlines,SAN‐ICN,14h45m,1,SFO,7:20 pm – 7:59 pm,"Korean Air, Alaska Airlines",ICN‐SAN,16h39m,1,SEA,1640,20220408-1254,fast
8:12 pm – 4:00 am +2,Asiana Airlines,SAN‐ICN,15h48m,1,SFO,8:40 pm – 8:24 pm,Asiana Airlines,ICN‐SAN,15h44m,1,SFO,3555,20220408-1254,fast
