Out Time,Out Airline,Out Cities,Out Duration,Out Stops,Out Stop Cities,Return Time,Return Airline,Return Cities,Return Duration,Return Stops,Return Stop Cities,Price,timestamp,sort
8:00 am – 4:00 pm +1,Air Canada,SAN‐ICN,16h00m,1,YVR,5:50 pm – 6:33 pm,Air Canada,ICN‐SAN,16h43m,1,YVR,846,20220408-1415,cheap
8:00 am – 4:00 pm +1,Air Canada,SAN‐ICN,16h00m,1,YVR,5:50 pm – 12:08 pm +1,Air Canada,ICN‐SAN,34h18m,1,YVR,846,20220408-1415,cheap
8:00 am – 4:00 pm +1,Air Canada,SAN‐ICN,16h00m,1,YVR,6:25 pm – 10:30 am +1,Air Canada,ICN‐SAN,32h05m,1,YYZ,851,20220408-1415,cheap
8 am ‐ 9 am – 4 pm ‐ 5 pm +1,Major Airline,SAN‐ICN,16h00m,1,,5 pm ‐ 6 pm – 6 pm ‐ 7 pm,Major Airline,ICN‐SAN,16h43m,1,,1047,20220408-1415,cheap
6:20 am – 4:00 pm +1,"Alaska Airlines, Air Canada",SAN‐ICN,17h40m,2,"PDX, YVR",5:50 pm – 6:33 pm,Air Canada,ICN‐SAN,16h43m,1,YVR,1049,20220408-1415,cheap
8:00 am – 4:00 pm +1,Air Canada,SAN‐ICN,16h00m,1,YVR,5:50 pm – 10:30 am +1,Air Canada,ICN‐SAN,32h40m,2,"YVR, YYZ",1106,20220408-1415,cheap
5:55 pm – 3:15 pm +2,American Airlines,SAN‐ICN,29h20m,2,"PHX, DFW",5:25 pm – 7:25 pm,American Airlines,ICN‐SAN,18h00m,1,DFW,1107,20220408-1415,cheap
5:55 pm – 3:15 pm +2,American Airlines,SAN‐ICN,29h20m,2,"PHX, DFW",5:25 pm – 7:25 pm,American Airlines,ICN‐SAN,18h00m,1,DFW,1107,20220408-1415,cheap
5:55 pm – 3:15 pm +2,American Airlines,SAN‐ICN,29h20m,2,"PHX, DFW",5:25 pm – 7:25 pm,American Airlines,ICN‐SAN,18h00m,1,DFW,1107,20220408-1415,cheap
9:00 pm – 11:10 am +2,"Alaska Airlines, China Airlines",SAN‐ICN,22h10m,2,"SFO, TPE",8:45 pm – 7:47 am +1,"China Airlines, Alaska Airlines",ICN‐SAN,27h02m,2,"TPE, SFO",1107,20220408-1415,cheap
5:55 pm – 3:15 pm +2,American Airlines,SAN‐ICN,29h20m,2,"PHX, DFW",5:25 pm – 9:25 pm,American Airlines,ICN‐SAN,20h00m,1,DFW,1107,20220408-1415,cheap
5:55 pm – 3:15 pm +2,American Airlines,SAN‐ICN,29h20m,2,"PHX, DFW",5:25 pm – 9:25 pm,American Airlines,ICN‐SAN,20h00m,1,DFW,1107,20220408-1415,cheap
5:55 pm – 3:15 pm +2,American Airlines,SAN‐ICN,29h20m,2,"PHX, DFW",5:25 pm – 9:25 pm,American Airlines,ICN‐SAN,20h00m,1,DFW,1107,20220408-1415,cheap
5:50 pm – 3:15 pm +2,American Airlines,SAN‐ICN,29h25m,1,DFW,5:25 pm – 7:25 pm,American Airlines,ICN‐SAN,18h00m,1,DFW,1111,20220408-1415,cheap
4:40 pm – 3:15 pm +2,American Airlines,SAN‐ICN,30h35m,1,DFW,5:25 pm – 7:25 pm,American Airlines,ICN‐SAN,18h00m,1,DFW,1111,20220408-1415,cheap
8:00 am – 4:00 pm +1,Air Canada,SAN‐ICN,16h00m,1,YVR,5:50 pm – 6:33 pm,Air Canada,ICN‐SAN,16h43m,1,YVR,904,20220408-1413,best
8:00 am – 4:00 pm +1,Air Canada,SAN‐ICN,16h00m,1,YVR,5:50 pm – 6:33 pm,Air Canada,ICN‐SAN,16h43m,1,YVR,846,20220408-1413,best
7:05 am – 3:15 pm +1,Delta,SAN‐ICN,16h10m,1,SEA,7:20 pm – 6:28 pm,Delta,ICN‐SAN,15h08m,1,SEA,1123,20220408-1413,best
6:53 pm – 4:00 am +2,Asiana Airlines,SAN‐ICN,17h07m,1,SFO,2:40 pm – 1:33 pm,Asiana Airlines,ICN‐SAN,14h53m,1,LAX,1151,20220408-1413,best
7:05 am – 3:15 pm +1,Korean Air,SAN‐ICN,16h10m,1,SEA,7:20 pm – 6:28 pm,Korean Air,ICN‐SAN,15h08m,1,SEA,1156,20220408-1413,best
6:53 pm – 4:00 am +2,Asiana Airlines,SAN‐ICN,17h07m,1,SFO,8:40 pm – 7:39 pm,Asiana Airlines,ICN‐SAN,14h59m,1,LAX,1151,20220408-1413,best
7:45 pm – 4:00 am +2,"Alaska Airlines, Asiana Airlines",SAN‐ICN,16h15m,1,SFO,2:40 pm – 1:33 pm,Asiana Airlines,ICN‐SAN,14h53m,1,LAX,1147,20220408-1413,best
9:50 am – 5:45 pm +1,"Alaska Airlines, Asiana Airlines",SAN‐ICN,15h55m,1,SEA,2:40 pm – 1:33 pm,Asiana Airlines,ICN‐SAN,14h53m,1,LAX,1147,20220408-1413,best
10:20 am – 5:20 pm +1,"Alaska Airlines, Korean Air",SAN‐ICN,15h00m,1,SFO,4:00 pm – 2:56 pm,"Korean Air, Alaska Airlines",ICN‐SAN,14h56m,1,SFO,1174,20220408-1413,best
7:45 pm – 4:00 am +2,"Alaska Airlines, Asiana Airlines",SAN‐ICN,16h15m,1,SFO,6:20 pm – 6:19 pm,"Asiana Airlines, Alaska Airlines",ICN‐SAN,15h59m,1,SEA,1127,20220408-1413,best
9:50 am – 5:45 pm +1,"Alaska Airlines, Asiana Airlines",SAN‐ICN,15h55m,1,SEA,6:20 pm – 6:19 pm,"Asiana Airlines, Alaska Airlines",ICN‐SAN,15h59m,1,SEA,1127,20220408-1413,best
6:15 am – 3:15 pm +1,Korean Air,SAN‐ICN,17h00m,1,SEA,7:20 pm – 6:28 pm,Korean Air,ICN‐SAN,15h08m,1,SEA,1156,20220408-1413,best
6:20 am – 4:00 pm +1,"Alaska Airlines, Air Canada",SAN‐ICN,17h40m,2,"PDX, YVR",5:50 pm – 6:33 pm,Air Canada,ICN‐SAN,16h43m,1,YVR,1049,20220408-1413,best
10:20 am – 5:20 pm +1,"Alaska Airlines, Korean Air",SAN‐ICN,15h00m,1,SFO,7:20 pm – 6:28 pm,Korean Air,ICN‐SAN,15h08m,1,SEA,1202,20220408-1413,best
7:30 am – 3:15 pm +1,"Alaska Airlines, Korean Air",SAN‐ICN,15h45m,1,SEA,7:20 pm – 6:28 pm,"Korean Air, Delta",ICN‐SAN,15h08m,1,SEA,1204,20220408-1413,best
10:20 am – 5:20 pm +1,"Alaska Airlines, Korean Air",SAN‐ICN,15h00m,1,SFO,7:20 pm – 6:28 pm,"Korean Air, Delta",ICN‐SAN,15h08m,1,SEA,1204,20220408-1413,best
10:20 am – 5:20 pm +1,"Alaska Airlines, Korean Air",SAN‐ICN,15h00m,1,SFO,4:00 pm – 2:56 pm,"Korean Air, Alaska Airlines",ICN‐SAN,14h56m,1,SFO,1174,20220408-1418,fast
10:20 am – 5:20 pm +1,"Alaska Airlines, Korean Air",SAN‐ICN,15h00m,1,SFO,7:20 pm – 6:28 pm,Korean Air,ICN‐SAN,15h08m,1,SEA,1202,20220408-1418,fast
10:20 am – 5:20 pm +1,"Alaska Airlines, Korean Air",SAN‐ICN,15h00m,1,SFO,7:20 pm – 6:28 pm,"Korean Air, Delta",ICN‐SAN,15h08m,1,SEA,1204,20220408-1418,fast
7:30 am – 3:15 pm +1,"Alaska Airlines, Korean Air",SAN‐ICN,15h45m,1,SEA,4:00 pm – 2:56 pm,"Korean Air, Alaska Airlines",ICN‐SAN,14h56m,1,SFO,1203,20220408-1418,fast
8:12 pm – 4:00 am +2,Asiana Airlines,SAN‐ICN,15h48m,1,SFO,2:40 pm – 1:33 pm,Asiana Airlines,ICN‐SAN,14h53m,1,LAX,1479,20220408-1418,fast
8:12 pm – 4:00 am +2,Asiana Airlines,SAN‐ICN,15h48m,1,SFO,8:40 pm – 7:39 pm,Asiana Airlines,ICN‐SAN,14h59m,1,LAX,1479,20220408-1418,fast
9:50 am – 5:45 pm +1,"Alaska Airlines, Asiana Airlines",SAN‐ICN,15h55m,1,SEA,2:40 pm – 1:33 pm,Asiana Airlines,ICN‐SAN,14h53m,1,LAX,1147,20220408-1418,fast
7:30 am – 3:15 pm +1,"Alaska Airlines, Korean Air",SAN‐ICN,15h45m,1,SEA,7:20 pm – 6:28 pm,Korean Air,ICN‐SAN,15h08m,1,SEA,1203,20220408-1418,fast
7:30 am – 3:15 pm +1,"Alaska Airlines, Korean Air",SAN‐ICN,15h45m,1,SEA,7:20 pm – 6:28 pm,"Korean Air, Delta",ICN‐SAN,15h08m,1,SEA,1204,20220408-1418,fast
7:20 am – 3:15 pm +1,Korean Air,SAN‐ICN,15h55m,1,SEA,7:20 pm – 6:28 pm,"Korean Air, Delta",ICN‐SAN,15h08m,1,SEA,1205,20220408-1418,fast
10:20 am – 5:20 pm +1,"Alaska Airlines, Korean Air",SAN‐ICN,15h00m,1,SFO,2:30 pm – 2:35 pm,Korean Air,ICN‐SAN,16h05m,1,LAX,1487,20220408-1418,fast
10:20 am – 5:20 pm +1,"Alaska Airlines, Korean Air",SAN‐ICN,15h00m,1,SFO,2:30 pm – 2:35 pm,"Korean Air, Delta",ICN‐SAN,16h05m,1,LAX,1490,20220408-1418,fast
7:05 am – 3:15 pm +1,Korean Air,SAN‐ICN,16h10m,1,SEA,4:00 pm – 2:56 pm,"Korean Air, Alaska Airlines",ICN‐SAN,14h56m,1,SFO,1202,20220408-1418,fast
7:05 am – 3:15 pm +1,"Delta, Korean Air",SAN‐ICN,16h10m,1,SEA,4:00 pm – 2:56 pm,"Korean Air, Alaska Airlines",ICN‐SAN,14h56m,1,SFO,1204,20220408-1418,fast
7:45 pm – 4:00 am +2,"Alaska Airlines, Asiana Airlines",SAN‐ICN,16h15m,1,SFO,2:40 pm – 1:33 pm,Asiana Airlines,ICN‐SAN,14h53m,1,LAX,1147,20220408-1418,fast
