Out Time,Out Airline,Out Cities,Out Duration,Out Stops,Out Stop Cities,Return Time,Return Airline,Return Cities,Return Duration,Return Stops,Return Stop Cities,Price,timestamp,sort
8:00 am – 4:00 pm +1,Air Canada,SAN‐ICN,16h00m,1,YVR,5:45 pm – 6:37 pm,Air Canada,ICN‐SAN,16h52m,1,YVR,1283,20220405-1937,cheap
8:00 am – 4:00 pm +1,Air Canada,SAN‐ICN,16h00m,1,YVR,5:45 pm – 12:12 pm +1,Air Canada,ICN‐SAN,34h27m,1,YVR,1283,20220405-1937,cheap
8:00 am – 2:45 pm +1,United Airlines,SAN‐ICN,14h45m,1,SFO,7:45 pm – 10:17 am +1,"EVA Air, United Airlines",ICN‐SAN,30h32m,2,"TPE, SFO",1319,20220405-1937,cheap
6:29 am – 2:45 pm +1,United Airlines,SAN‐ICN,16h16m,2,"LAX, SFO",7:45 pm – 10:17 am +1,"EVA Air, United Airlines",ICN‐SAN,30h32m,2,"TPE, SFO",1319,20220405-1937,cheap
6:15 am – 2:45 pm +1,United Airlines,SAN‐ICN,16h30m,1,SFO,7:45 pm – 10:17 am +1,"EVA Air, United Airlines",ICN‐SAN,30h32m,2,"TPE, SFO",1319,20220405-1937,cheap
8:00 am – 2:45 pm +1,United Airlines,SAN‐ICN,14h45m,1,SFO,7:45 pm – 12:23 pm +1,"EVA Air, United Airlines",ICN‐SAN,32h38m,2,"TPE, SFO",1319,20220405-1937,cheap
8:00 am – 4:00 pm +1,Air Canada,SAN‐ICN,16h00m,1,YVR,6:40 pm – 10:17 am +1,Air Canada,ICN‐SAN,31h37m,1,YYZ,1344,20220405-1937,cheap
8:00 am – 4:00 pm +1,Air Canada,SAN‐ICN,16h00m,1,YVR,5:45 pm – 10:17 am +1,Air Canada,ICN‐SAN,32h32m,2,"YVR, YYZ",1424,20220405-1937,cheap
8:00 am – 4:00 pm +1,Air Canada,SAN‐ICN,16h00m,1,YVR,5:45 pm – 10:17 am +1,Air Canada,ICN‐SAN,32h32m,2,"YVR, YYZ",1424,20220405-1937,cheap
8:00 am – 4:00 pm +1,Air Canada,SAN‐ICN,16h00m,1,YVR,5:45 pm – 10:17 am +1,Air Canada,ICN‐SAN,32h32m,2,"YVR, YYZ",1424,20220405-1937,cheap
8:00 am – 4:00 pm +1,Air Canada,SAN‐ICN,16h00m,1,YVR,5:45 pm – 10:17 am +1,Air Canada,ICN‐SAN,32h32m,2,"YVR, YYZ",1462,20220405-1937,cheap
8:00 am – 4:00 pm +1,Air Canada,SAN‐ICN,16h00m,1,YVR,5:45 pm – 10:17 am +1,Air Canada,ICN‐SAN,32h32m,2,"YVR, YYZ",1484,20220405-1937,cheap
7:40 pm – 4:30 am +2,"Alaska Airlines, Asiana Airlines",SAN‐ICN,16h50m,1,SFO,8:40 pm – 11:49 pm,"Asiana Airlines, Alaska Airlines",ICN‐SAN,19h09m,1,SFO,1491,20220405-1937,cheap
5:15 pm – 4:30 am +2,"Alaska Airlines, Asiana Airlines",SAN‐ICN,19h15m,1,SFO,8:40 pm – 11:49 pm,"Asiana Airlines, Alaska Airlines",ICN‐SAN,19h09m,1,SFO,1491,20220405-1937,cheap
3:10 pm – 4:30 am +2,"Alaska Airlines, Asiana Airlines",SAN‐ICN,21h20m,1,SFO,8:40 pm – 11:49 pm,"Asiana Airlines, Alaska Airlines",ICN‐SAN,19h09m,1,SFO,1491,20220405-1937,cheap
8:00 am – 4:00 pm +1,Air Canada,SAN‐ICN,16h00m,1,YVR,5:45 pm – 6:37 pm,Air Canada,ICN‐SAN,16h52m,1,YVR,1440,20220405-1935,best
8:00 am – 4:00 pm +1,Air Canada,SAN‐ICN,16h00m,1,YVR,5:45 pm – 6:37 pm,Air Canada,ICN‐SAN,16h52m,1,YVR,1283,20220405-1935,best
8:15 pm – 4:20 am +2,Asiana Airlines,SAN‐ICN,16h05m,1,LAX,8:40 pm – 7:39 pm,Asiana Airlines,ICN‐SAN,14h59m,1,LAX,1523,20220405-1935,best
8:00 am – 2:45 pm +1,United Airlines,SAN‐ICN,14h45m,1,SFO,4:40 pm – 2:35 pm,United Airlines,ICN‐SAN,13h55m,1,SFO,1725,20220405-1935,best
6:15 am – 2:45 pm +1,United Airlines,SAN‐ICN,16h30m,1,SFO,4:40 pm – 2:35 pm,United Airlines,ICN‐SAN,13h55m,1,SFO,1725,20220405-1935,best
6:29 am – 5:35 pm +1,Asiana Airlines,SAN‐ICN,19h06m,1,LAX,8:40 pm – 7:39 pm,Asiana Airlines,ICN‐SAN,14h59m,1,LAX,1523,20220405-1935,best
8:15 pm – 4:20 am +2,Asiana Airlines,SAN‐ICN,16h05m,1,LAX,8:40 pm – 11:28 pm,Asiana Airlines,ICN‐SAN,18h48m,1,LAX,1523,20220405-1935,best
6:15 am – 5:50 pm +1,Korean Air,SAN‐ICN,19h35m,1,LAX,7:20 pm – 6:11 pm,Korean Air,ICN‐SAN,14h51m,1,SEA,1547,20220405-1935,best
7:40 pm – 4:30 am +2,"Alaska Airlines, Asiana Airlines",SAN‐ICN,16h50m,1,SFO,8:40 pm – 11:49 pm,"Asiana Airlines, Alaska Airlines",ICN‐SAN,19h09m,1,SFO,1491,20220405-1935,best
8:25 am – 5:20 pm +1,"Alaska Airlines, Korean Air",SAN‐ICN,16h55m,1,SFO,7:20 pm – 6:11 pm,Korean Air,ICN‐SAN,14h51m,1,SEA,1694,20220405-1935,best
8:00 am – 2:45 pm +1,United Airlines,SAN‐ICN,14h45m,1,SFO,4:40 pm – 6:09 pm,United Airlines,ICN‐SAN,17h29m,1,SFO,1725,20220405-1935,best
6:53 pm – 4:30 am +2,Asiana Airlines,SAN‐ICN,17h37m,1,SFO,8:40 pm – 7:39 pm,Asiana Airlines,ICN‐SAN,14h59m,1,LAX,1761,20220405-1935,best
8:25 am – 5:20 pm +1,"Alaska Airlines, Korean Air",SAN‐ICN,16h55m,1,SFO,4:00 pm – 3:02 pm,"Korean Air, Alaska Airlines",ICN‐SAN,15h02m,1,SFO,1750,20220405-1935,best
6:15 am – 5:50 pm +1,Korean Air,SAN‐ICN,19h35m,1,LAX,4:00 pm – 3:02 pm,"Korean Air, Alaska Airlines",ICN‐SAN,15h02m,1,SFO,1595,20220405-1935,best
6:25 am – 5:20 pm +1,"Alaska Airlines, Korean Air",SAN‐ICN,18h55m,1,SFO,7:20 pm – 6:11 pm,Korean Air,ICN‐SAN,14h51m,1,SEA,1694,20220405-1935,best
5:15 pm – 4:30 am +2,"Alaska Airlines, Asiana Airlines",SAN‐ICN,19h15m,1,SFO,8:40 pm – 11:49 pm,"Asiana Airlines, Alaska Airlines",ICN‐SAN,19h09m,1,SFO,1491,20220405-1935,best
8:00 am – 2:45 pm +1,United Airlines,SAN‐ICN,14h45m,1,SFO,4:40 pm – 2:35 pm,United Airlines,ICN‐SAN,13h55m,1,SFO,1725,20220405-1940,fast
6:15 am – 2:45 pm +1,United Airlines,SAN‐ICN,16h30m,1,SFO,4:40 pm – 2:35 pm,United Airlines,ICN‐SAN,13h55m,1,SFO,1725,20220405-1940,fast
8:00 am – 2:45 pm +1,United Airlines,SAN‐ICN,14h45m,1,SFO,2:30 pm – 2:35 pm,Korean Air,ICN‐SAN,16h05m,1,LAX,2060,20220405-1940,fast
8:00 am – 4:00 pm +1,Air Canada,SAN‐ICN,16h00m,1,YVR,7:20 pm – 6:11 pm,Korean Air,ICN‐SAN,14h51m,1,SEA,1877,20220405-1940,fast
8:00 am – 4:00 pm +1,Air Canada,SAN‐ICN,16h00m,1,YVR,4:00 pm – 3:02 pm,"Korean Air, Alaska Airlines",ICN‐SAN,15h02m,1,SFO,2001,20220405-1940,fast
8:15 pm – 4:20 am +2,Asiana Airlines,SAN‐ICN,16h05m,1,LAX,8:40 pm – 7:39 pm,Asiana Airlines,ICN‐SAN,14h59m,1,LAX,1523,20220405-1940,fast
6:15 am – 2:45 pm +1,United Airlines,SAN‐ICN,16h30m,1,SFO,7:20 pm – 6:11 pm,"Korean Air, Delta",ICN‐SAN,14h51m,1,SEA,2346,20220405-1940,fast
7:40 pm – 4:30 am +2,"Alaska Airlines, Asiana Airlines",SAN‐ICN,16h50m,1,SFO,7:20 pm – 6:11 pm,Korean Air,ICN‐SAN,14h51m,1,SEA,2171,20220405-1940,fast
8:25 am – 5:20 pm +1,"Alaska Airlines, Korean Air",SAN‐ICN,16h55m,1,SFO,7:20 pm – 6:11 pm,Korean Air,ICN‐SAN,14h51m,1,SEA,1694,20220405-1940,fast
8:25 am – 5:20 pm +1,"Alaska Airlines, Korean Air",SAN‐ICN,16h55m,1,SFO,4:00 pm – 3:02 pm,"Korean Air, Alaska Airlines",ICN‐SAN,15h02m,1,SFO,1750,20220405-1940,fast
9:50 am – 5:45 pm +1,"Alaska Airlines, Asiana Airlines",SAN‐ICN,15h55m,1,SEA,6:20 pm – 6:23 pm,"Asiana Airlines, Alaska Airlines",ICN‐SAN,16h03m,1,SEA,4207,20220405-1940,fast
8:00 am – 2:45 pm +1,United Airlines,SAN‐ICN,14h45m,1,SFO,4:40 pm – 6:09 pm,United Airlines,ICN‐SAN,17h29m,1,SFO,1725,20220405-1940,fast
6:29 am – 2:45 pm +1,United Airlines,SAN‐ICN,16h16m,2,"LAX, SFO",2:30 pm – 2:35 pm,Korean Air,ICN‐SAN,16h05m,1,LAX,2060,20220405-1940,fast
8:15 am – 5:45 pm +1,Korean Air,SAN‐ICN,17h30m,1,HNL,7:20 pm – 6:11 pm,Korean Air,ICN‐SAN,14h51m,1,SEA,3671,20220405-1940,fast
8:12 pm – 4:30 am +2,"United Airlines, Asiana Airlines",SAN‐ICN,16h18m,1,SFO,2:30 pm – 2:35 pm,Korean Air,ICN‐SAN,16h05m,1,LAX,2369,20220405-1940,fast
