Out Time,Out Airline,Out Cities,Out Duration,Out Stops,Out Stop Cities,Return Time,Return Airline,Return Cities,Return Duration,Return Stops,Return Stop Cities,Price,timestamp,sort
7:11 pm – 3:15 pm +2,Delta,SAN‐ICN,28h04m,2,"SLC, SEA",7:20 pm – 6:11 pm,Delta,ICN‐SAN,14h51m,1,SEA,1187,20220408-0947,cheap
5:02 pm – 3:15 pm +2,Delta,SAN‐ICN,30h13m,2,"SLC, SEA",7:20 pm – 6:11 pm,Delta,ICN‐SAN,14h51m,1,SEA,1187,20220408-0947,cheap
7:11 pm – 3:15 pm +2,Delta,SAN‐ICN,28h04m,2,"SLC, SEA",7:20 pm – 10:30 pm,Delta,ICN‐SAN,19h10m,1,SEA,1187,20220408-0947,cheap
7:11 pm – 3:15 pm +2,Delta,SAN‐ICN,28h04m,2,"SLC, SEA",7:20 pm – 11:42 pm,Delta,ICN‐SAN,20h22m,2,"SEA, LAX",1187,20220408-0947,cheap
7:11 pm – 3:15 pm +2,Delta,SAN‐ICN,28h04m,2,"SLC, SEA",7:20 pm – 11:42 pm,Delta,ICN‐SAN,20h22m,2,"SEA, LAX",1187,20220408-0947,cheap
7:11 pm – 3:15 pm +2,Delta,SAN‐ICN,28h04m,2,"SLC, SEA",7:20 pm – 11:50 pm,Delta,ICN‐SAN,20h30m,2,"SEA, SLC",1187,20220408-0947,cheap
7:11 pm – 3:15 pm +2,Delta,SAN‐ICN,28h04m,2,"SLC, SEA",7:20 pm – 11:50 pm,Delta,ICN‐SAN,20h30m,2,"SEA, SLC",1187,20220408-0947,cheap
7:14 pm – 3:15 pm +2,Delta,SAN‐ICN,28h01m,1,SEA,7:20 pm – 6:11 pm,Delta,ICN‐SAN,14h51m,1,SEA,1191,20220408-0947,cheap
3:20 pm – 3:15 pm +2,Delta,SAN‐ICN,31h55m,1,SEA,7:20 pm – 6:11 pm,Delta,ICN‐SAN,14h51m,1,SEA,1191,20220408-0947,cheap
7:14 pm – 3:15 pm +2,Delta,SAN‐ICN,28h01m,1,SEA,7:20 pm – 10:30 pm,Delta,ICN‐SAN,19h10m,1,SEA,1191,20220408-0947,cheap
1:25 pm – 3:15 pm +2,Delta,SAN‐ICN,33h50m,1,SEA,7:20 pm – 6:11 pm,Delta,ICN‐SAN,14h51m,1,SEA,1191,20220408-0947,cheap
7:14 pm – 3:15 pm +2,Delta,SAN‐ICN,28h01m,1,SEA,7:20 pm – 11:42 pm,Delta,ICN‐SAN,20h22m,2,"SEA, LAX",1196,20220408-0947,cheap
7:14 pm – 3:15 pm +2,Delta,SAN‐ICN,28h01m,1,SEA,7:20 pm – 11:42 pm,Delta,ICN‐SAN,20h22m,2,"SEA, LAX",1196,20220408-0947,cheap
7:14 pm – 3:15 pm +2,Delta,SAN‐ICN,28h01m,1,SEA,7:20 pm – 11:50 pm,Delta,ICN‐SAN,20h30m,2,"SEA, SLC",1196,20220408-0947,cheap
7:14 pm – 3:15 pm +2,Delta,SAN‐ICN,28h01m,1,SEA,7:20 pm – 11:50 pm,Delta,ICN‐SAN,20h30m,2,"SEA, SLC",1196,20220408-0947,cheap
8:25 am – 5:20 pm +1,"Alaska Airlines, Korean Air",SAN‐ICN,16h55m,1,SFO,7:20 pm – 8:50 am +1,"Korean Air, Alaska Airlines",ICN‐SAN,29h30m,1,SEA,1324,20220408-0945,best
7:05 am – 3:15 pm +1,Delta,SAN‐ICN,16h10m,1,SEA,7:20 pm – 6:11 pm,Delta,ICN‐SAN,14h51m,1,SEA,1233,20220408-0945,best
7:11 pm – 3:15 pm +2,Delta,SAN‐ICN,28h04m,2,"SLC, SEA",7:20 pm – 6:11 pm,Delta,ICN‐SAN,14h51m,1,SEA,1187,20220408-0945,best
7:05 am – 3:15 pm +1,Korean Air,SAN‐ICN,16h10m,1,SEA,7:20 pm – 6:11 pm,Korean Air,ICN‐SAN,14h51m,1,SEA,1272,20220408-0945,best
8:25 am – 5:20 pm +1,"Alaska Airlines, Korean Air",SAN‐ICN,16h55m,1,SFO,7:20 pm – 6:11 pm,Korean Air,ICN‐SAN,14h51m,1,SEA,1277,20220408-0945,best
6:25 am – 5:20 pm +1,"Alaska Airlines, Korean Air",SAN‐ICN,18h55m,1,SFO,7:20 pm – 6:11 pm,Korean Air,ICN‐SAN,14h51m,1,SEA,1277,20220408-0945,best
7:05 am – 3:15 pm +1,Delta,SAN‐ICN,16h10m,1,SEA,7:20 pm – 10:30 pm,Delta,ICN‐SAN,19h10m,1,SEA,1233,20220408-0945,best
3:15 pm – 4:20 am +2,Korean Air,SAN‐ICN,21h05m,1,LAX,7:20 pm – 6:11 pm,Korean Air,ICN‐SAN,14h51m,1,SEA,1272,20220408-0945,best
8:15 pm – 4:00 am +2,Asiana Airlines,SAN‐ICN,15h45m,1,LAX,8:40 pm – 8:24 pm,Asiana Airlines,ICN‐SAN,15h44m,1,SFO,1579,20220408-0945,best
3:15 pm – 4:20 am +2,Delta,SAN‐ICN,21h05m,1,LAX,7:20 pm – 6:11 pm,Delta,ICN‐SAN,14h51m,1,SEA,1313,20220408-0945,best
7:05 am – 3:15 pm +1,Korean Air,SAN‐ICN,16h10m,1,SEA,4:00 pm – 3:02 pm,"Korean Air, Alaska Airlines",ICN‐SAN,15h02m,1,SFO,1569,20220408-0945,best
7:05 am – 3:15 pm +1,Korean Air,SAN‐ICN,16h10m,1,SEA,2:30 pm – 2:35 pm,Korean Air,ICN‐SAN,16h05m,1,LAX,1569,20220408-0945,best
7:05 am – 4:40 pm +1,Korean Air,SAN‐ICN,17h35m,1,SEA,7:20 pm – 6:11 pm,Korean Air,ICN‐SAN,14h51m,1,SEA,1569,20220408-0945,best
7:05 am – 4:40 pm +1,Korean Air,SAN‐ICN,17h35m,1,SEA,7:20 pm – 6:11 pm,Korean Air,ICN‐SAN,14h51m,1,SEA,1569,20220408-0945,best
7:05 am – 3:15 pm +1,Delta,SAN‐ICN,16h10m,1,SEA,7:20 pm – 11:42 pm,Delta,ICN‐SAN,20h22m,2,"SEA, LAX",1237,20220408-0945,best
7:05 am – 3:15 pm +1,Delta,SAN‐ICN,16h10m,1,SEA,7:20 pm – 11:42 pm,Delta,ICN‐SAN,20h22m,2,"SEA, LAX",1237,20220408-0945,best
7:05 am – 3:15 pm +1,Delta,SAN‐ICN,16h10m,1,SEA,7:20 pm – 11:50 pm,Delta,ICN‐SAN,20h30m,2,"SEA, SLC",1237,20220408-0945,best
8:15 pm – 4:00 am +2,Asiana Airlines,SAN‐ICN,15h45m,1,LAX,7:20 pm – 6:11 pm,"Korean Air, Delta",ICN‐SAN,14h51m,1,SEA,4321,20220408-0950,fast
8:00 am – 4:00 pm +1,Air Canada,SAN‐ICN,16h00m,1,YVR,7:20 pm – 6:11 pm,Korean Air,ICN‐SAN,14h51m,1,SEA,1962,20220408-0950,fast
8:00 am – 4:00 pm +1,Air Canada,SAN‐ICN,16h00m,1,YVR,7:20 pm – 6:11 pm,"Korean Air, Delta",ICN‐SAN,14h51m,1,SEA,2445,20220408-0950,fast
7:05 am – 3:15 pm +1,Delta,SAN‐ICN,16h10m,1,SEA,7:20 pm – 6:11 pm,Delta,ICN‐SAN,14h51m,1,SEA,1233,20220408-0950,fast
7:05 am – 3:15 pm +1,Korean Air,SAN‐ICN,16h10m,1,SEA,7:20 pm – 6:11 pm,Korean Air,ICN‐SAN,14h51m,1,SEA,1272,20220408-0950,fast
7:05 am – 3:15 pm +1,Delta,SAN‐ICN,16h10m,1,SEA,7:20 pm – 6:11 pm,Korean Air,ICN‐SAN,14h51m,1,SEA,1933,20220408-0950,fast
7:05 am – 3:15 pm +1,Delta,SAN‐ICN,16h10m,1,SEA,7:20 pm – 6:11 pm,"Korean Air, Delta",ICN‐SAN,14h51m,1,SEA,2416,20220408-0950,fast
10:20 am – 5:20 pm +1,"Alaska Airlines, Korean Air",SAN‐ICN,15h00m,1,SFO,2:30 pm – 2:35 pm,"Korean Air, Delta",ICN‐SAN,16h05m,1,LAX,3856,20220408-0950,fast
10:20 am – 5:20 pm +1,"Alaska Airlines, Korean Air",SAN‐ICN,15h00m,1,SFO,2:30 pm – 2:35 pm,Korean Air,ICN‐SAN,16h05m,1,LAX,3857,20220408-0950,fast
7:05 am – 3:15 pm +1,Korean Air,SAN‐ICN,16h10m,1,SEA,4:00 pm – 3:02 pm,"Korean Air, Alaska Airlines",ICN‐SAN,15h02m,1,SFO,1569,20220408-0950,fast
6:15 am – 2:45 pm +1,United Airlines,SAN‐ICN,16h30m,1,SFO,7:20 pm – 6:11 pm,Korean Air,ICN‐SAN,14h51m,1,SEA,2062,20220408-0950,fast
8:15 pm – 4:00 am +2,Asiana Airlines,SAN‐ICN,15h45m,1,LAX,8:40 pm – 8:24 pm,Asiana Airlines,ICN‐SAN,15h44m,1,SFO,1579,20220408-0950,fast
8:12 pm – 4:00 am +2,Asiana Airlines,SAN‐ICN,15h48m,1,SFO,8:40 pm – 8:24 pm,Asiana Airlines,ICN‐SAN,15h44m,1,SFO,2631,20220408-0950,fast
8:25 am – 5:20 pm +1,"Alaska Airlines, Korean Air",SAN‐ICN,16h55m,1,SFO,7:20 pm – 6:11 pm,Korean Air,ICN‐SAN,14h51m,1,SEA,1277,20220408-0950,fast
6:53 pm – 4:00 am +2,"United Airlines, Asiana Airlines",SAN‐ICN,17h07m,1,SFO,7:20 pm – 6:11 pm,Korean Air,ICN‐SAN,14h51m,1,SEA,2245,20220408-0950,fast
