Out Time,Out Airline,Out Cities,Out Duration,Out Stops,Out Stop Cities,Return Time,Return Airline,Return Cities,Return Duration,Return Stops,Return Stop Cities,Price,timestamp,sort
8:00 am – 4:00 pm +1,Air Canada,SAN‐ICN,16h00m,1,YVR,5:50 pm – 6:37 pm,Air Canada,ICN‐SAN,16h47m,1,YVR,991,20220408-1400,cheap
8:00 am – 4:00 pm +1,Air Canada,SAN‐ICN,16h00m,1,YVR,5:50 pm – 12:12 pm +1,Air Canada,ICN‐SAN,34h22m,1,YVR,991,20220408-1400,cheap
5:55 pm – 3:15 pm +2,American Airlines,SAN‐ICN,29h20m,2,"PHX, DFW",5:25 pm – 7:25 pm,American Airlines,ICN‐SAN,18h00m,1,DFW,1107,20220408-1400,cheap
5:55 pm – 3:15 pm +2,American Airlines,SAN‐ICN,29h20m,2,"PHX, DFW",5:25 pm – 7:25 pm,American Airlines,ICN‐SAN,18h00m,1,DFW,1107,20220408-1400,cheap
5:50 pm – 3:15 pm +2,American Airlines,SAN‐ICN,29h25m,1,DFW,5:25 pm – 7:25 pm,American Airlines,ICN‐SAN,18h00m,1,DFW,1111,20220408-1400,cheap
4:40 pm – 3:15 pm +2,American Airlines,SAN‐ICN,30h35m,1,DFW,5:25 pm – 7:25 pm,American Airlines,ICN‐SAN,18h00m,1,DFW,1111,20220408-1400,cheap
8:00 am – 2:45 pm +1,United Airlines,SAN‐ICN,14h45m,1,SFO,4:40 pm – 2:35 pm,United Airlines,ICN‐SAN,13h55m,1,SFO,1123,20220408-1400,cheap
6:15 am – 2:45 pm +1,United Airlines,SAN‐ICN,16h30m,1,SFO,4:40 pm – 2:35 pm,United Airlines,ICN‐SAN,13h55m,1,SFO,1123,20220408-1400,cheap
8:00 am – 2:45 pm +1,United Airlines,SAN‐ICN,14h45m,1,SFO,4:40 pm – 6:09 pm,United Airlines,ICN‐SAN,17h29m,1,SFO,1123,20220408-1400,cheap
6:29 am – 2:45 pm +1,United Airlines,SAN‐ICN,16h16m,2,"LAX, SFO",4:40 pm – 6:09 pm,United Airlines,ICN‐SAN,17h29m,1,SFO,1123,20220408-1400,cheap
6:15 am – 2:45 pm +1,United Airlines,SAN‐ICN,16h30m,1,SFO,4:40 pm – 6:09 pm,United Airlines,ICN‐SAN,17h29m,1,SFO,1123,20220408-1400,cheap
8:00 am – 2:45 pm +1,United Airlines,SAN‐ICN,14h45m,1,SFO,4:40 pm – 8:24 pm,United Airlines,ICN‐SAN,19h44m,1,SFO,1123,20220408-1400,cheap
6:29 am – 2:45 pm +1,United Airlines,SAN‐ICN,16h16m,2,"LAX, SFO",4:40 pm – 8:24 pm,United Airlines,ICN‐SAN,19h44m,1,SFO,1123,20220408-1400,cheap
6:15 am – 2:45 pm +1,United Airlines,SAN‐ICN,16h30m,1,SFO,4:40 pm – 8:24 pm,United Airlines,ICN‐SAN,19h44m,1,SFO,1123,20220408-1400,cheap
8:00 am – 2:45 pm +1,United Airlines,SAN‐ICN,14h45m,1,SFO,4:40 pm – 11:59 pm,United Airlines,ICN‐SAN,23h19m,1,SFO,1123,20220408-1400,cheap
8:00 am – 4:00 pm +1,Air Canada,SAN‐ICN,16h00m,1,YVR,5:50 pm – 6:37 pm,Air Canada,ICN‐SAN,16h47m,1,YVR,1063,20220408-1358,best
8:00 am – 4:00 pm +1,Air Canada,SAN‐ICN,16h00m,1,YVR,5:50 pm – 6:37 pm,Air Canada,ICN‐SAN,16h47m,1,YVR,991,20220408-1358,best
8:00 am – 2:45 pm +1,United Airlines,SAN‐ICN,14h45m,1,SFO,4:40 pm – 2:35 pm,United Airlines,ICN‐SAN,13h55m,1,SFO,1123,20220408-1358,best
6:15 am – 2:45 pm +1,United Airlines,SAN‐ICN,16h30m,1,SFO,4:40 pm – 2:35 pm,United Airlines,ICN‐SAN,13h55m,1,SFO,1123,20220408-1358,best
6:29 am – 2:45 pm +1,United Airlines,SAN‐ICN,16h16m,2,"LAX, SFO",4:40 pm – 2:35 pm,United Airlines,ICN‐SAN,13h55m,1,SFO,1127,20220408-1358,best
8:00 am – 2:45 pm +1,United Airlines,SAN‐ICN,14h45m,1,SFO,4:40 pm – 6:09 pm,United Airlines,ICN‐SAN,17h29m,1,SFO,1123,20220408-1358,best
7:30 am – 3:15 pm +1,"Alaska Airlines, Korean Air",SAN‐ICN,15h45m,1,SEA,7:20 pm – 6:11 pm,"Korean Air, Delta",ICN‐SAN,14h51m,1,SEA,1204,20220408-1358,best
7:20 am – 3:15 pm +1,Korean Air,SAN‐ICN,15h55m,1,SEA,7:20 pm – 6:11 pm,"Korean Air, Delta",ICN‐SAN,14h51m,1,SEA,1205,20220408-1358,best
6:15 am – 2:45 pm +1,United Airlines,SAN‐ICN,16h30m,1,SFO,4:40 pm – 6:09 pm,United Airlines,ICN‐SAN,17h29m,1,SFO,1123,20220408-1358,best
8:25 am – 5:20 pm +1,"Alaska Airlines, Korean Air",SAN‐ICN,16h55m,1,SFO,4:00 pm – 2:56 pm,"Korean Air, Alaska Airlines",ICN‐SAN,14h56m,1,SFO,1166,20220408-1358,best
7:30 am – 3:15 pm +1,"Alaska Airlines, Korean Air",SAN‐ICN,15h45m,1,SEA,4:00 pm – 2:56 pm,"Korean Air, Alaska Airlines",ICN‐SAN,14h56m,1,SFO,1203,20220408-1358,best
8:00 am – 2:45 pm +1,United Airlines,SAN‐ICN,14h45m,1,SFO,4:40 pm – 8:24 pm,United Airlines,ICN‐SAN,19h44m,1,SFO,1123,20220408-1358,best
7:20 am – 3:15 pm +1,Korean Air,SAN‐ICN,15h55m,1,SEA,4:00 pm – 2:56 pm,"Korean Air, Alaska Airlines",ICN‐SAN,14h56m,1,SFO,1205,20220408-1358,best
6:15 am – 3:15 pm +1,"Alaska Airlines, Korean Air",SAN‐ICN,17h00m,1,SEA,7:20 pm – 6:11 pm,"Korean Air, Delta",ICN‐SAN,14h51m,1,SEA,1204,20220408-1358,best
6:29 am – 2:45 pm +1,United Airlines,SAN‐ICN,16h16m,2,"LAX, SFO",4:40 pm – 6:09 pm,United Airlines,ICN‐SAN,17h29m,1,SFO,1123,20220408-1358,best
8:25 am – 5:20 pm +1,"Alaska Airlines, Korean Air",SAN‐ICN,16h55m,1,SFO,7:20 pm – 6:11 pm,"Korean Air, Delta",ICN‐SAN,14h51m,1,SEA,1204,20220408-1358,best
8:00 am – 2:45 pm +1,United Airlines,SAN‐ICN,14h45m,1,SFO,4:40 pm – 2:35 pm,United Airlines,ICN‐SAN,13h55m,1,SFO,1123,20220408-1402,fast
10:20 am – 5:20 pm +1,"Alaska Airlines, Korean Air",SAN‐ICN,15h00m,1,SFO,7:20 pm – 6:11 pm,"Korean Air, Delta",ICN‐SAN,14h51m,1,SEA,3496,20220408-1402,fast
10:20 am – 5:20 pm +1,"Alaska Airlines, Korean Air",SAN‐ICN,15h00m,1,SFO,7:20 pm – 6:11 pm,Korean Air,ICN‐SAN,14h51m,1,SEA,3608,20220408-1402,fast
6:29 am – 2:45 pm +1,United Airlines,SAN‐ICN,16h16m,2,"LAX, SFO",4:40 pm – 2:35 pm,United Airlines,ICN‐SAN,13h55m,1,SFO,1127,20220408-1402,fast
6:15 am – 2:45 pm +1,United Airlines,SAN‐ICN,16h30m,1,SFO,4:40 pm – 2:35 pm,United Airlines,ICN‐SAN,13h55m,1,SFO,1123,20220408-1402,fast
7:30 am – 3:15 pm +1,"Alaska Airlines, Korean Air",SAN‐ICN,15h45m,1,SEA,7:20 pm – 6:11 pm,"Korean Air, Delta",ICN‐SAN,14h51m,1,SEA,1204,20220408-1402,fast
7:30 am – 3:15 pm +1,"Alaska Airlines, Korean Air",SAN‐ICN,15h45m,1,SEA,7:20 pm – 6:11 pm,Korean Air,ICN‐SAN,14h51m,1,SEA,1403,20220408-1402,fast
8:12 pm – 4:00 am +2,Asiana Airlines,SAN‐ICN,15h48m,1,SFO,7:20 pm – 6:11 pm,"Korean Air, Delta",ICN‐SAN,14h51m,1,SEA,3732,20220408-1402,fast
7:30 am – 3:15 pm +1,"Alaska Airlines, Korean Air",SAN‐ICN,15h45m,1,SEA,4:00 pm – 2:56 pm,"Korean Air, Alaska Airlines",ICN‐SAN,14h56m,1,SFO,1203,20220408-1402,fast
8:12 pm – 4:00 am +2,Asiana Airlines,SAN‐ICN,15h48m,1,SFO,4:00 pm – 2:56 pm,"Korean Air, Alaska Airlines",ICN‐SAN,14h56m,1,SFO,3732,20220408-1402,fast
7:20 am – 3:15 pm +1,Korean Air,SAN‐ICN,15h55m,1,SEA,7:20 pm – 6:11 pm,"Korean Air, Delta",ICN‐SAN,14h51m,1,SEA,1205,20220408-1402,fast
7:20 am – 3:15 pm +1,Korean Air,SAN‐ICN,15h55m,1,SEA,4:00 pm – 2:56 pm,"Korean Air, Alaska Airlines",ICN‐SAN,14h56m,1,SFO,1205,20220408-1402,fast
8:00 am – 4:00 pm +1,Air Canada,SAN‐ICN,16h00m,1,YVR,7:20 pm – 6:11 pm,"Korean Air, Delta",ICN‐SAN,14h51m,1,SEA,1623,20220408-1402,fast
8:00 am – 4:00 pm +1,Air Canada,SAN‐ICN,16h00m,1,YVR,7:20 pm – 6:11 pm,Korean Air,ICN‐SAN,14h51m,1,SEA,2050,20220408-1402,fast
7:05 am – 3:15 pm +1,Korean Air,SAN‐ICN,16h10m,1,SEA,7:20 pm – 6:11 pm,Korean Air,ICN‐SAN,14h51m,1,SEA,1354,20220408-1402,fast
