Out Time,Out Airline,Out Cities,Out Duration,Out Stops,Out Stop Cities,Return Time,Return Airline,Return Cities,Return Duration,Return Stops,Return Stop Cities,Price,timestamp,sort
7:05 am – 3:15 pm +1,Delta,SAN‐ICN,16h10m,1,SEA,7:20 pm – 6:11 pm,Delta,ICN‐SAN,14h51m,1,SEA,1133,20220408-0731,cheap
7:05 am – 3:15 pm +1,Delta,SAN‐ICN,16h10m,1,SEA,7:20 pm – 10:30 pm,Delta,ICN‐SAN,19h10m,1,SEA,1133,20220408-0731,cheap
7:40 pm – 4:00 am +2,"Alaska Airlines, Asiana Airlines",SAN‐ICN,16h20m,1,SFO,8:40 pm – 11:49 pm,"Asiana Airlines, Alaska Airlines",ICN‐SAN,19h09m,1,SFO,1136,20220408-0731,cheap
5:15 pm – 4:00 am +2,"Alaska Airlines, Asiana Airlines",SAN‐ICN,18h45m,1,SFO,8:40 pm – 11:49 pm,"Asiana Airlines, Alaska Airlines",ICN‐SAN,19h09m,1,SFO,1136,20220408-0731,cheap
7:40 pm – 4:00 am +2,"Alaska Airlines, Asiana Airlines",SAN‐ICN,16h20m,1,SFO,6:20 pm – 11:59 pm,"Asiana Airlines, Alaska Airlines",ICN‐SAN,21h39m,1,SEA,1136,20220408-0731,cheap
3:10 pm – 4:00 am +2,"Alaska Airlines, Asiana Airlines",SAN‐ICN,20h50m,1,SFO,8:40 pm – 11:49 pm,"Asiana Airlines, Alaska Airlines",ICN‐SAN,19h09m,1,SFO,1136,20220408-0731,cheap
5:15 pm – 4:00 am +2,"Alaska Airlines, Asiana Airlines",SAN‐ICN,18h45m,1,SFO,6:20 pm – 11:59 pm,"Asiana Airlines, Alaska Airlines",ICN‐SAN,21h39m,1,SEA,1136,20220408-0731,cheap
3:10 pm – 4:00 am +2,"Alaska Airlines, Asiana Airlines",SAN‐ICN,20h50m,1,SFO,6:20 pm – 11:59 pm,"Asiana Airlines, Alaska Airlines",ICN‐SAN,21h39m,1,SEA,1136,20220408-0731,cheap
10:20 am – 4:00 am +2,"Alaska Airlines, Asiana Airlines",SAN‐ICN,25h40m,1,SFO,8:40 pm – 11:49 pm,"Asiana Airlines, Alaska Airlines",ICN‐SAN,19h09m,1,SFO,1136,20220408-0731,cheap
10:20 am – 4:00 am +2,"Alaska Airlines, Asiana Airlines",SAN‐ICN,25h40m,1,SFO,6:20 pm – 11:59 pm,"Asiana Airlines, Alaska Airlines",ICN‐SAN,21h39m,1,SEA,1136,20220408-0731,cheap
9:50 am – 5:45 pm +1,"Alaska Airlines, Asiana Airlines",SAN‐ICN,15h55m,1,SEA,8:40 pm – 11:49 pm,"Asiana Airlines, Alaska Airlines",ICN‐SAN,19h09m,1,SFO,1137,20220408-0731,cheap
7:05 am – 3:15 pm +1,Delta,SAN‐ICN,16h10m,1,SEA,7:20 pm – 11:42 pm,Delta,ICN‐SAN,20h22m,2,"SEA, LAX",1137,20220408-0731,cheap
7:05 am – 3:15 pm +1,Delta,SAN‐ICN,16h10m,1,SEA,7:20 pm – 11:50 pm,Delta,ICN‐SAN,20h30m,2,"SEA, SLC",1137,20220408-0731,cheap
7:35 am – 5:45 pm +1,"Alaska Airlines, Asiana Airlines",SAN‐ICN,18h10m,1,SEA,8:40 pm – 11:49 pm,"Asiana Airlines, Alaska Airlines",ICN‐SAN,19h09m,1,SFO,1137,20220408-0731,cheap
9:50 am – 5:45 pm +1,"Alaska Airlines, Asiana Airlines",SAN‐ICN,15h55m,1,SEA,8:40 pm – 7:34 am +1,"Asiana Airlines, Alaska Airlines",ICN‐SAN,26h54m,1,SFO,1137,20220408-0731,cheap
9:50 am – 5:45 pm +1,"Alaska Airlines, Asiana Airlines",SAN‐ICN,15h55m,1,SEA,8:40 pm – 11:49 pm,"Asiana Airlines, Alaska Airlines",ICN‐SAN,19h09m,1,SFO,1174,20220408-0729,best
8:00 am – 2:45 pm +1,United Airlines,SAN‐ICN,14h45m,1,SFO,4:40 pm – 2:35 pm,United Airlines,ICN‐SAN,13h55m,1,SFO,1198,20220408-0729,best
7:05 am – 3:15 pm +1,Delta,SAN‐ICN,16h10m,1,SEA,7:20 pm – 6:11 pm,Delta,ICN‐SAN,14h51m,1,SEA,1133,20220408-0729,best
10:20 am – 5:20 pm +1,"Alaska Airlines, Korean Air",SAN‐ICN,15h00m,1,SFO,7:20 pm – 6:11 pm,Korean Air,ICN‐SAN,14h51m,1,SEA,1177,20220408-0729,best
7:05 am – 3:15 pm +1,Korean Air,SAN‐ICN,16h10m,1,SEA,7:20 pm – 6:11 pm,Korean Air,ICN‐SAN,14h51m,1,SEA,1173,20220408-0729,best
6:15 am – 2:45 pm +1,United Airlines,SAN‐ICN,16h30m,1,SFO,4:40 pm – 2:35 pm,United Airlines,ICN‐SAN,13h55m,1,SFO,1198,20220408-0729,best
6:29 am – 2:45 pm +1,United Airlines,SAN‐ICN,16h16m,2,"LAX, SFO",4:40 pm – 2:35 pm,United Airlines,ICN‐SAN,13h55m,1,SFO,1202,20220408-0729,best
7:05 am – 3:15 pm +1,"Delta, Korean Air",SAN‐ICN,16h10m,1,SEA,7:20 pm – 6:11 pm,Korean Air,ICN‐SAN,14h51m,1,SEA,1215,20220408-0729,best
7:35 am – 3:15 pm +1,"Alaska Airlines, Korean Air",SAN‐ICN,15h40m,1,SEA,7:20 pm – 6:11 pm,Korean Air,ICN‐SAN,14h51m,1,SEA,1213,20220408-0729,best
8:25 am – 5:20 pm +1,"Alaska Airlines, Korean Air",SAN‐ICN,16h55m,1,SFO,7:20 pm – 6:11 pm,Korean Air,ICN‐SAN,14h51m,1,SEA,1177,20220408-0729,best
8:00 am – 4:00 pm +1,Air Canada,SAN‐ICN,16h00m,1,YVR,5:45 pm – 6:37 pm,Air Canada,ICN‐SAN,16h52m,1,YVR,1201,20220408-0729,best
9:50 am – 5:45 pm +1,"Alaska Airlines, Asiana Airlines",SAN‐ICN,15h55m,1,SEA,8:40 pm – 11:49 pm,"Asiana Airlines, Alaska Airlines",ICN‐SAN,19h09m,1,SFO,1137,20220408-0729,best
7:40 pm – 4:00 am +2,"Alaska Airlines, Asiana Airlines",SAN‐ICN,16h20m,1,SFO,8:40 pm – 11:49 pm,"Asiana Airlines, Alaska Airlines",ICN‐SAN,19h09m,1,SFO,1136,20220408-0729,best
6:15 am – 5:20 pm +1,Korean Air,SAN‐ICN,19h05m,1,LAX,7:20 pm – 6:11 pm,Korean Air,ICN‐SAN,14h51m,1,SEA,1173,20220408-0729,best
6:25 am – 5:20 pm +1,"Alaska Airlines, Korean Air",SAN‐ICN,18h55m,1,SFO,7:20 pm – 6:11 pm,Korean Air,ICN‐SAN,14h51m,1,SEA,1177,20220408-0729,best
6:15 am – 5:20 pm +1,Delta,SAN‐ICN,19h05m,1,LAX,7:20 pm – 6:11 pm,Delta,ICN‐SAN,14h51m,1,SEA,1213,20220408-0729,best
8:00 am – 2:45 pm +1,United Airlines,SAN‐ICN,14h45m,1,SFO,4:40 pm – 2:35 pm,United Airlines,ICN‐SAN,13h55m,1,SFO,1198,20220408-0733,fast
8:00 am – 2:45 pm +1,United Airlines,SAN‐ICN,14h45m,1,SFO,7:20 pm – 6:11 pm,Korean Air,ICN‐SAN,14h51m,1,SEA,1834,20220408-0733,fast
10:20 am – 5:20 pm +1,"Alaska Airlines, Korean Air",SAN‐ICN,15h00m,1,SFO,7:20 pm – 6:11 pm,Korean Air,ICN‐SAN,14h51m,1,SEA,1177,20220408-0733,fast
10:20 am – 5:20 pm +1,"Alaska Airlines, Korean Air",SAN‐ICN,15h00m,1,SFO,7:20 pm – 6:11 pm,"Korean Air, Delta",ICN‐SAN,14h51m,1,SEA,1658,20220408-0733,fast
10:20 am – 5:20 pm +1,"Alaska Airlines, Korean Air",SAN‐ICN,15h00m,1,SFO,4:00 pm – 3:02 pm,"Korean Air, Alaska Airlines",ICN‐SAN,15h02m,1,SFO,1477,20220408-0733,fast
6:29 am – 2:45 pm +1,United Airlines,SAN‐ICN,16h16m,2,"LAX, SFO",4:40 pm – 2:35 pm,United Airlines,ICN‐SAN,13h55m,1,SFO,1202,20220408-0733,fast
6:15 am – 2:45 pm +1,United Airlines,SAN‐ICN,16h30m,1,SFO,4:40 pm – 2:35 pm,United Airlines,ICN‐SAN,13h55m,1,SFO,1198,20220408-0733,fast
7:35 am – 3:15 pm +1,"Alaska Airlines, Korean Air",SAN‐ICN,15h40m,1,SEA,7:20 pm – 6:11 pm,Korean Air,ICN‐SAN,14h51m,1,SEA,1213,20220408-0733,fast
7:35 am – 3:15 pm +1,"Alaska Airlines, Korean Air",SAN‐ICN,15h40m,1,SEA,7:20 pm – 6:11 pm,"Korean Air, Delta",ICN‐SAN,14h51m,1,SEA,1658,20220408-0733,fast
7:35 am – 3:15 pm +1,Korean Air,SAN‐ICN,15h40m,1,SEA,7:20 pm – 6:11 pm,"Korean Air, Delta",ICN‐SAN,14h51m,1,SEA,2329,20220408-0733,fast
8:15 pm – 4:00 am +2,Asiana Airlines,SAN‐ICN,15h45m,1,LAX,8:40 pm – 7:39 pm,Asiana Airlines,ICN‐SAN,14h59m,1,LAX,4176,20220408-0733,fast
8:00 am – 2:45 pm +1,United Airlines,SAN‐ICN,14h45m,1,SFO,2:30 pm – 2:35 pm,Korean Air,ICN‐SAN,16h05m,1,LAX,1989,20220408-0733,fast
8:00 am – 2:45 pm +1,United Airlines,SAN‐ICN,14h45m,1,SFO,2:30 pm – 2:35 pm,"Korean Air, Delta",ICN‐SAN,16h05m,1,LAX,2069,20220408-0733,fast
7:05 am – 3:15 pm +1,Delta,SAN‐ICN,16h10m,1,SEA,7:20 pm – 6:11 pm,Delta,ICN‐SAN,14h51m,1,SEA,1133,20220408-0733,fast
7:05 am – 3:15 pm +1,Korean Air,SAN‐ICN,16h10m,1,SEA,7:20 pm – 6:11 pm,Korean Air,ICN‐SAN,14h51m,1,SEA,1173,20220408-0733,fast
