Out Time,Out Airline,Out Cities,Out Duration,Out Stops,Out Stop Cities,Return Time,Return Airline,Return Cities,Return Duration,Return Stops,Return Stop Cities,Price,timestamp,sort
8:00 am – 4:00 pm +1,Air Canada,SAN‐ICN,16h00m,1,YVR,5:45 pm – 6:37 pm,Air Canada,ICN‐SAN,16h52m,1,YVR,1004,20220408-0809,cheap
8:00 am – 4:00 pm +1,Air Canada,SAN‐ICN,16h00m,1,YVR,5:45 pm – 12:12 pm +1,Air Canada,ICN‐SAN,34h27m,1,YVR,1004,20220408-0809,cheap
7:05 am – 3:15 pm +1,Delta,SAN‐ICN,16h10m,1,SEA,7:20 pm – 6:11 pm,Delta,ICN‐SAN,14h51m,1,SEA,1133,20220408-0809,cheap
7:05 am – 3:15 pm +1,Delta,SAN‐ICN,16h10m,1,SEA,7:20 pm – 10:30 pm,Delta,ICN‐SAN,19h10m,1,SEA,1133,20220408-0809,cheap
7:11 pm – 3:15 pm +2,Delta,SAN‐ICN,28h04m,2,"SLC, SEA",7:20 pm – 6:11 pm,Delta,ICN‐SAN,14h51m,1,SEA,1137,20220408-0809,cheap
7:11 pm – 3:15 pm +2,Delta,SAN‐ICN,28h04m,2,"SLC, SEA",7:20 pm – 6:11 pm,Delta,ICN‐SAN,14h51m,1,SEA,1137,20220408-0809,cheap
7:11 pm – 3:15 pm +2,Delta,SAN‐ICN,28h04m,2,"SLC, SEA",7:20 pm – 6:11 pm,Delta,ICN‐SAN,14h51m,1,SEA,1137,20220408-0809,cheap
5:02 pm – 3:15 pm +2,Delta,SAN‐ICN,30h13m,2,"SLC, SEA",7:20 pm – 6:11 pm,Delta,ICN‐SAN,14h51m,1,SEA,1137,20220408-0809,cheap
5:02 pm – 3:15 pm +2,Delta,SAN‐ICN,30h13m,2,"SLC, SEA",7:20 pm – 6:11 pm,Delta,ICN‐SAN,14h51m,1,SEA,1137,20220408-0809,cheap
7:11 pm – 3:15 pm +2,Delta,SAN‐ICN,28h04m,2,"SLC, SEA",7:20 pm – 10:30 pm,Delta,ICN‐SAN,19h10m,1,SEA,1137,20220408-0809,cheap
7:11 pm – 3:15 pm +2,Delta,SAN‐ICN,28h04m,2,"SLC, SEA",7:20 pm – 10:30 pm,Delta,ICN‐SAN,19h10m,1,SEA,1137,20220408-0809,cheap
7:11 pm – 3:15 pm +2,Delta,SAN‐ICN,28h04m,2,"SLC, SEA",7:20 pm – 10:30 pm,Delta,ICN‐SAN,19h10m,1,SEA,1137,20220408-0809,cheap
6:25 am – 4:00 am +2,"Alaska Airlines, Asiana Airlines",SAN‐ICN,29h35m,1,SFO,8:40 pm – 11:49 pm,"Asiana Airlines, Alaska Airlines",ICN‐SAN,19h09m,1,SFO,1137,20220408-0809,cheap
7:14 pm – 3:15 pm +2,Delta,SAN‐ICN,28h01m,1,SEA,7:20 pm – 6:11 pm,Delta,ICN‐SAN,14h51m,1,SEA,1141,20220408-0809,cheap
3:20 pm – 3:15 pm +2,Delta,SAN‐ICN,31h55m,1,SEA,7:20 pm – 6:11 pm,Delta,ICN‐SAN,14h51m,1,SEA,1141,20220408-0809,cheap
8:00 am – 4:00 pm +1,Air Canada,SAN‐ICN,16h00m,1,YVR,5:45 pm – 6:37 pm,Air Canada,ICN‐SAN,16h52m,1,YVR,1078,20220408-0806,best
8:00 am – 4:00 pm +1,Air Canada,SAN‐ICN,16h00m,1,YVR,5:45 pm – 6:37 pm,Air Canada,ICN‐SAN,16h52m,1,YVR,1004,20220408-0806,best
7:05 am – 3:15 pm +1,Delta,SAN‐ICN,16h10m,1,SEA,7:20 pm – 6:11 pm,Delta,ICN‐SAN,14h51m,1,SEA,1133,20220408-0806,best
7:05 am – 3:15 pm +1,Korean Air,SAN‐ICN,16h10m,1,SEA,7:20 pm – 6:11 pm,Korean Air,ICN‐SAN,14h51m,1,SEA,1173,20220408-0806,best
7:05 am – 3:15 pm +1,Korean Air,SAN‐ICN,16h10m,1,SEA,7:20 pm – 6:11 pm,"Korean Air, Delta",ICN‐SAN,14h51m,1,SEA,1215,20220408-0806,best
6:15 am – 5:20 pm +1,Korean Air,SAN‐ICN,19h05m,1,LAX,7:20 pm – 6:11 pm,Korean Air,ICN‐SAN,14h51m,1,SEA,1173,20220408-0806,best
6:25 am – 5:20 pm +1,"Alaska Airlines, Korean Air",SAN‐ICN,18h55m,1,SFO,7:20 pm – 6:11 pm,Korean Air,ICN‐SAN,14h51m,1,SEA,1176,20220408-0806,best
6:15 am – 5:20 pm +1,Delta,SAN‐ICN,19h05m,1,LAX,7:20 pm – 6:11 pm,Delta,ICN‐SAN,14h51m,1,SEA,1213,20220408-0806,best
7:05 am – 3:15 pm +1,Delta,SAN‐ICN,16h10m,1,SEA,7:20 pm – 10:30 pm,Delta,ICN‐SAN,19h10m,1,SEA,1133,20220408-0806,best
3:15 pm – 4:20 am +2,Korean Air,SAN‐ICN,21h05m,1,LAX,7:20 pm – 6:11 pm,Korean Air,ICN‐SAN,14h51m,1,SEA,1173,20220408-0806,best
8:00 am – 2:45 pm +1,United Airlines,SAN‐ICN,14h45m,1,SFO,4:40 pm – 2:35 pm,United Airlines,ICN‐SAN,13h55m,1,SFO,1442,20220408-0806,best
3:15 pm – 4:20 am +2,Delta,SAN‐ICN,21h05m,1,LAX,7:20 pm – 6:11 pm,Delta,ICN‐SAN,14h51m,1,SEA,1213,20220408-0806,best
6:15 am – 2:45 pm +1,United Airlines,SAN‐ICN,16h30m,1,SFO,4:40 pm – 2:35 pm,United Airlines,ICN‐SAN,13h55m,1,SFO,1442,20220408-0806,best
8:00 am – 2:45 pm +1,United Airlines,SAN‐ICN,14h45m,1,SFO,4:40 pm – 6:09 pm,United Airlines,ICN‐SAN,17h29m,1,SFO,1442,20220408-0806,best
8 am ‐ 9 am – 4 pm ‐ 5 pm +1,Major Airline,SAN‐ICN,16h00m,1,,5 pm ‐ 6 pm – 6 pm ‐ 7 pm,Major Airline,ICN‐SAN,16h52m,1,,1207,20220408-0806,best
6:15 am – 5:20 pm +1,Delta,SAN‐ICN,19h05m,1,LAX,7:20 pm – 10:30 pm,Delta,ICN‐SAN,19h10m,1,SEA,1213,20220408-0806,best
8:00 am – 2:45 pm +1,United Airlines,SAN‐ICN,14h45m,1,SFO,4:40 pm – 2:35 pm,United Airlines,ICN‐SAN,13h55m,1,SFO,1442,20220408-0811,fast
8:00 am – 2:45 pm +1,United Airlines,SAN‐ICN,14h45m,1,SFO,7:20 pm – 6:11 pm,Delta,ICN‐SAN,14h51m,1,SEA,1881,20220408-0811,fast
8:00 am – 2:45 pm +1,United Airlines,SAN‐ICN,14h45m,1,SFO,7:20 pm – 6:11 pm,Korean Air,ICN‐SAN,14h51m,1,SEA,1908,20220408-0811,fast
8:00 am – 2:45 pm +1,United Airlines,SAN‐ICN,14h45m,1,SFO,7:20 pm – 6:11 pm,"Korean Air, Delta",ICN‐SAN,14h51m,1,SEA,1908,20220408-0811,fast
10:20 am – 5:20 pm +1,"Alaska Airlines, Korean Air",SAN‐ICN,15h00m,1,SFO,7:20 pm – 6:11 pm,Korean Air,ICN‐SAN,14h51m,1,SEA,3413,20220408-0811,fast
10:20 am – 5:20 pm +1,"Alaska Airlines, Korean Air",SAN‐ICN,15h00m,1,SFO,7:20 pm – 6:11 pm,"Korean Air, Delta",ICN‐SAN,14h51m,1,SEA,3501,20220408-0811,fast
6:15 am – 2:45 pm +1,United Airlines,SAN‐ICN,16h30m,1,SFO,4:40 pm – 2:35 pm,United Airlines,ICN‐SAN,13h55m,1,SFO,1442,20220408-0811,fast
8:12 pm – 4:00 am +2,"United Airlines, Asiana Airlines",SAN‐ICN,15h48m,1,SFO,7:20 pm – 6:11 pm,Delta,ICN‐SAN,14h51m,1,SEA,3836,20220408-0811,fast
8:12 pm – 4:00 am +2,"United Airlines, Asiana Airlines",SAN‐ICN,15h48m,1,SFO,7:20 pm – 6:11 pm,Korean Air,ICN‐SAN,14h51m,1,SEA,3863,20220408-0811,fast
8:12 pm – 4:00 am +2,"United Airlines, Asiana Airlines",SAN‐ICN,15h48m,1,SFO,7:20 pm – 6:11 pm,"Korean Air, Delta",ICN‐SAN,14h51m,1,SEA,3863,20220408-0811,fast
8:12 pm – 4:00 am +2,Asiana Airlines,SAN‐ICN,15h48m,1,SFO,7:20 pm – 6:11 pm,"Korean Air, Delta",ICN‐SAN,14h51m,1,SEA,3863,20220408-0811,fast
8:15 pm – 4:00 am +2,Asiana Airlines,SAN‐ICN,15h45m,1,LAX,8:40 pm – 7:39 pm,Asiana Airlines,ICN‐SAN,14h59m,1,LAX,2449,20220408-0811,fast
8:12 pm – 4:00 am +2,Asiana Airlines,SAN‐ICN,15h48m,1,SFO,8:40 pm – 7:39 pm,Asiana Airlines,ICN‐SAN,14h59m,1,LAX,4094,20220408-0811,fast
8:00 am – 4:00 pm +1,Air Canada,SAN‐ICN,16h00m,1,YVR,7:20 pm – 6:11 pm,Delta,ICN‐SAN,14h51m,1,SEA,1886,20220408-0811,fast
8:00 am – 4:00 pm +1,Air Canada,SAN‐ICN,16h00m,1,YVR,7:20 pm – 6:11 pm,Korean Air,ICN‐SAN,14h51m,1,SEA,1912,20220408-0811,fast
