Out Time,Out Airline,Out Cities,Out Duration,Out Stops,Out Stop Cities,Return Time,Return Airline,Return Cities,Return Duration,Return Stops,Return Stop Cities,Price,timestamp,sort
7:25 pm – 5:00 am +2,"Alaska Airlines, Asiana Airlines",SAN‐ICN,17h35m,1,SFO,8:40 pm – 6:57 pm,"Asiana Airlines, Alaska Airlines",ICN‐SAN,14h17m,1,SFO,1136,20220405-1120,cheap
7:25 pm – 5:00 am +2,"Alaska Airlines, Asiana Airlines",SAN‐ICN,17h35m,1,SFO,8:40 pm – 9:45 pm,"Asiana Airlines, Alaska Airlines",ICN‐SAN,17h05m,1,SFO,1136,20220405-1120,cheap
4:25 pm – 5:00 am +2,"Alaska Airlines, Asiana Airlines",SAN‐ICN,20h35m,1,SFO,8:40 pm – 6:57 pm,"Asiana Airlines, Alaska Airlines",ICN‐SAN,14h17m,1,SFO,1136,20220405-1120,cheap
7:25 pm – 5:00 am +2,"Alaska Airlines, Asiana Airlines",SAN‐ICN,17h35m,1,SFO,8:40 pm – 11:58 pm,"Asiana Airlines, Alaska Airlines",ICN‐SAN,19h18m,1,SFO,1136,20220405-1120,cheap
4:25 pm – 5:00 am +2,"Alaska Airlines, Asiana Airlines",SAN‐ICN,20h35m,1,SFO,8:40 pm – 9:45 pm,"Asiana Airlines, Alaska Airlines",ICN‐SAN,17h05m,1,SFO,1136,20220405-1120,cheap
7:25 pm – 5:00 am +2,"Alaska Airlines, Asiana Airlines",SAN‐ICN,17h35m,1,SFO,6:20 pm – 11:38 pm,"Asiana Airlines, Alaska Airlines",ICN‐SAN,21h18m,1,SEA,1136,20220405-1120,cheap
4:25 pm – 5:00 am +2,"Alaska Airlines, Asiana Airlines",SAN‐ICN,20h35m,1,SFO,8:40 pm – 11:58 pm,"Asiana Airlines, Alaska Airlines",ICN‐SAN,19h18m,1,SFO,1136,20220405-1120,cheap
10:45 am – 5:00 am +2,"Alaska Airlines, Asiana Airlines",SAN‐ICN,26h15m,1,SFO,8:40 pm – 6:57 pm,"Asiana Airlines, Alaska Airlines",ICN‐SAN,14h17m,1,SFO,1136,20220405-1120,cheap
4:25 pm – 5:00 am +2,"Alaska Airlines, Asiana Airlines",SAN‐ICN,20h35m,1,SFO,6:20 pm – 11:38 pm,"Asiana Airlines, Alaska Airlines",ICN‐SAN,21h18m,1,SEA,1136,20220405-1120,cheap
10:45 am – 5:00 am +2,"Alaska Airlines, Asiana Airlines",SAN‐ICN,26h15m,1,SFO,8:40 pm – 9:45 pm,"Asiana Airlines, Alaska Airlines",ICN‐SAN,17h05m,1,SFO,1136,20220405-1120,cheap
7:25 pm – 5:00 am +2,"Alaska Airlines, Asiana Airlines",SAN‐ICN,17h35m,1,SFO,8:40 pm – 7:32 am +1,"Asiana Airlines, Alaska Airlines",ICN‐SAN,26h52m,1,SFO,1136,20220405-1120,cheap
6:25 am – 5:00 am +2,"Alaska Airlines, Asiana Airlines",SAN‐ICN,30h35m,1,SFO,8:40 pm – 6:57 pm,"Asiana Airlines, Alaska Airlines",ICN‐SAN,14h17m,1,SFO,1136,20220405-1120,cheap
10:45 am – 5:00 am +2,"Alaska Airlines, Asiana Airlines",SAN‐ICN,26h15m,1,SFO,8:40 pm – 11:58 pm,"Asiana Airlines, Alaska Airlines",ICN‐SAN,19h18m,1,SFO,1136,20220405-1120,cheap
4:25 pm – 5:00 am +2,"Alaska Airlines, Asiana Airlines",SAN‐ICN,20h35m,1,SFO,8:40 pm – 7:32 am +1,"Asiana Airlines, Alaska Airlines",ICN‐SAN,26h52m,1,SFO,1136,20220405-1120,cheap
10:45 am – 5:00 am +2,"Alaska Airlines, Asiana Airlines",SAN‐ICN,26h15m,1,SFO,6:20 pm – 11:38 pm,"Asiana Airlines, Alaska Airlines",ICN‐SAN,21h18m,1,SEA,1136,20220405-1120,cheap
7:25 pm – 5:00 am +2,"Alaska Airlines, Asiana Airlines",SAN‐ICN,17h35m,1,SFO,8:40 pm – 11:58 pm,"Asiana Airlines, Alaska Airlines",ICN‐SAN,19h18m,1,SFO,1194,20220405-1118,best
7:25 pm – 5:00 am +2,"Alaska Airlines, Asiana Airlines",SAN‐ICN,17h35m,1,SFO,8:40 pm – 6:57 pm,"Asiana Airlines, Alaska Airlines",ICN‐SAN,14h17m,1,SFO,1136,20220405-1118,best
7:25 pm – 5:00 am +2,"Alaska Airlines, Asiana Airlines",SAN‐ICN,17h35m,1,SFO,8:40 pm – 9:45 pm,"Asiana Airlines, Alaska Airlines",ICN‐SAN,17h05m,1,SFO,1136,20220405-1118,best
4:25 pm – 5:00 am +2,"Alaska Airlines, Asiana Airlines",SAN‐ICN,20h35m,1,SFO,8:40 pm – 6:57 pm,"Asiana Airlines, Alaska Airlines",ICN‐SAN,14h17m,1,SFO,1136,20220405-1118,best
8:00 am – 5:45 pm +1,"Alaska Airlines, Asiana Airlines",SAN‐ICN,17h45m,1,SEA,8:40 pm – 6:57 pm,"Asiana Airlines, Alaska Airlines",ICN‐SAN,14h17m,1,SFO,1383,20220405-1118,best
7:25 pm – 5:00 am +2,"Alaska Airlines, Asiana Airlines",SAN‐ICN,17h35m,1,SFO,8:40 pm – 11:58 pm,"Asiana Airlines, Alaska Airlines",ICN‐SAN,19h18m,1,SFO,1136,20220405-1118,best
4:25 pm – 5:00 am +2,"Alaska Airlines, Asiana Airlines",SAN‐ICN,20h35m,1,SFO,8:40 pm – 9:45 pm,"Asiana Airlines, Alaska Airlines",ICN‐SAN,17h05m,1,SFO,1136,20220405-1118,best
7:47 am – 2:55 pm +1,United Airlines,SAN‐ICN,15h08m,1,SFO,4:50 pm – 2:56 pm,United Airlines,ICN‐SAN,14h06m,1,SFO,1627,20220405-1118,best
8:00 am – 5:45 pm +1,"Alaska Airlines, Asiana Airlines",SAN‐ICN,17h45m,1,SEA,8:40 pm – 9:45 pm,"Asiana Airlines, Alaska Airlines",ICN‐SAN,17h05m,1,SFO,1383,20220405-1118,best
6:15 am – 2:55 pm +1,United Airlines,SAN‐ICN,16h40m,1,SFO,4:50 pm – 2:56 pm,United Airlines,ICN‐SAN,14h06m,1,SFO,1627,20220405-1118,best
7:25 pm – 5:00 am +2,"Alaska Airlines, Asiana Airlines",SAN‐ICN,17h35m,1,SFO,6:20 pm – 11:38 pm,"Asiana Airlines, Alaska Airlines",ICN‐SAN,21h18m,1,SEA,1136,20220405-1118,best
4:25 pm – 5:00 am +2,"Alaska Airlines, Asiana Airlines",SAN‐ICN,20h35m,1,SFO,8:40 pm – 11:58 pm,"Asiana Airlines, Alaska Airlines",ICN‐SAN,19h18m,1,SFO,1136,20220405-1118,best
10:45 am – 5:00 am +2,"Alaska Airlines, Asiana Airlines",SAN‐ICN,26h15m,1,SFO,8:40 pm – 6:57 pm,"Asiana Airlines, Alaska Airlines",ICN‐SAN,14h17m,1,SFO,1136,20220405-1118,best
6:30 am – 5:35 pm +1,Asiana Airlines,SAN‐ICN,19h05m,1,LAX,8:40 pm – 6:57 pm,"Asiana Airlines, Alaska Airlines",ICN‐SAN,14h17m,1,SFO,1546,20220405-1118,best
7:47 am – 2:55 pm +1,United Airlines,SAN‐ICN,15h08m,1,SFO,4:50 pm – 6:59 pm,United Airlines,ICN‐SAN,18h09m,1,SFO,1627,20220405-1118,best
4:25 pm – 5:00 am +2,"Alaska Airlines, Asiana Airlines",SAN‐ICN,20h35m,1,SFO,6:20 pm – 11:38 pm,"Asiana Airlines, Alaska Airlines",ICN‐SAN,21h18m,1,SEA,1136,20220405-1118,best
7:47 am – 2:55 pm +1,United Airlines,SAN‐ICN,15h08m,1,SFO,4:50 pm – 2:56 pm,United Airlines,ICN‐SAN,14h06m,1,SFO,1627,20220405-1122,fast
7:47 am – 2:55 pm +1,United Airlines,SAN‐ICN,15h08m,1,SFO,2:30 pm – 1:39 pm,"Korean Air, Delta",ICN‐SAN,15h09m,1,LAX,1948,20220405-1122,fast
6:15 am – 2:55 pm +1,United Airlines,SAN‐ICN,16h40m,1,SFO,4:50 pm – 2:56 pm,United Airlines,ICN‐SAN,14h06m,1,SFO,1627,20220405-1122,fast
8:01 pm – 5:00 am +2,Asiana Airlines,SAN‐ICN,16h59m,1,SFO,8:40 pm – 6:59 pm,Asiana Airlines,ICN‐SAN,14h19m,1,SFO,3555,20220405-1122,fast
6:30 am – 2:55 pm +1,United Airlines,SAN‐ICN,16h25m,2,"LAX, SFO",2:30 pm – 1:39 pm,"Korean Air, Delta",ICN‐SAN,15h09m,1,LAX,2046,20220405-1122,fast
6:15 am – 2:55 pm +1,United Airlines,SAN‐ICN,16h40m,1,SFO,2:30 pm – 1:39 pm,"Korean Air, Delta",ICN‐SAN,15h09m,1,LAX,1948,20220405-1122,fast
8:00 am – 4:40 pm +1,"Alaska Airlines, Korean Air",SAN‐ICN,16h40m,1,SEA,2:30 pm – 1:39 pm,Korean Air,ICN‐SAN,15h09m,1,LAX,2575,20220405-1122,fast
8:00 am – 4:40 pm +1,"Alaska Airlines, Korean Air",SAN‐ICN,16h40m,1,SEA,2:30 pm – 1:39 pm,"Korean Air, Delta",ICN‐SAN,15h09m,1,LAX,2613,20220405-1122,fast
7:25 pm – 5:00 am +2,"Alaska Airlines, Asiana Airlines",SAN‐ICN,17h35m,1,SFO,8:40 pm – 6:57 pm,"Asiana Airlines, Alaska Airlines",ICN‐SAN,14h17m,1,SFO,1136,20220405-1122,fast
8:01 pm – 5:00 am +2,Asiana Airlines,SAN‐ICN,16h59m,1,SFO,8:40 pm – 7:40 pm,Asiana Airlines,ICN‐SAN,15h00m,1,LAX,4176,20220405-1122,fast
8:00 am – 5:45 pm +1,"Alaska Airlines, Asiana Airlines",SAN‐ICN,17h45m,1,SEA,8:40 pm – 6:57 pm,"Asiana Airlines, Alaska Airlines",ICN‐SAN,14h17m,1,SFO,1383,20220405-1122,fast
8:01 pm – 5:00 am +2,"United Airlines, Asiana Airlines",SAN‐ICN,16h59m,1,SFO,2:30 pm – 1:39 pm,"Korean Air, Delta",ICN‐SAN,15h09m,1,LAX,3679,20220405-1122,fast
8:01 pm – 5:00 am +2,Asiana Airlines,SAN‐ICN,16h59m,1,SFO,2:30 pm – 1:39 pm,"Korean Air, Delta",ICN‐SAN,15h09m,1,LAX,3747,20220405-1122,fast
7:38 am – 4:40 pm +1,Delta,SAN‐ICN,17h02m,1,SEA,2:30 pm – 1:39 pm,Delta,ICN‐SAN,15h09m,1,LAX,2137,20220405-1122,fast
7:38 am – 4:40 pm +1,Korean Air,SAN‐ICN,17h02m,1,SEA,2:30 pm – 1:39 pm,Korean Air,ICN‐SAN,15h09m,1,LAX,2515,20220405-1122,fast
