Out Time,Out Airline,Out Cities,Out Duration,Out Stops,Out Stop Cities,Return Time,Return Airline,Return Cities,Return Duration,Return Stops,Return Stop Cities,Price,timestamp,sort
8:00 am – 4:00 pm +1,Air Canada,SAN‐ICN,16h00m,1,YVR,5:45 pm – 12:12 pm +1,Air Canada,ICN‐SAN,34h27m,1,YVR,1004,20220408-0816,cheap
8:00 am – 4:00 pm +1,Air Canada,SAN‐ICN,16h00m,1,YVR,5:45 pm – 6:37 pm,Air Canada,ICN‐SAN,16h52m,1,YVR,1105,20220408-0816,cheap
8:00 am – 4:00 pm +1,Air Canada,SAN‐ICN,16h00m,1,YVR,6:40 pm – 10:17 am +1,Air Canada,ICN‐SAN,31h37m,1,YYZ,1110,20220408-0816,cheap
7:05 am – 3:15 pm +1,Delta,SAN‐ICN,16h10m,1,SEA,7:20 pm – 6:11 pm,Delta,ICN‐SAN,14h51m,1,SEA,1133,20220408-0816,cheap
7:05 am – 3:15 pm +1,Delta,SAN‐ICN,16h10m,1,SEA,7:20 pm – 10:30 pm,Delta,ICN‐SAN,19h10m,1,SEA,1133,20220408-0816,cheap
7:05 am – 3:15 pm +1,Delta,SAN‐ICN,16h10m,1,SEA,7:20 pm – 11:42 pm,Delta,ICN‐SAN,20h22m,2,"SEA, LAX",1137,20220408-0816,cheap
7:05 am – 3:15 pm +1,Delta,SAN‐ICN,16h10m,1,SEA,7:20 pm – 11:42 pm,Delta,ICN‐SAN,20h22m,2,"SEA, LAX",1137,20220408-0816,cheap
7:11 pm – 3:15 pm +2,Delta,SAN‐ICN,28h04m,2,"SLC, SEA",7:20 pm – 6:11 pm,Delta,ICN‐SAN,14h51m,1,SEA,1137,20220408-0816,cheap
7:11 pm – 3:15 pm +2,Delta,SAN‐ICN,28h04m,2,"SLC, SEA",7:20 pm – 6:11 pm,Delta,ICN‐SAN,14h51m,1,SEA,1137,20220408-0816,cheap
5:02 pm – 3:15 pm +2,Delta,SAN‐ICN,30h13m,2,"SLC, SEA",7:20 pm – 6:11 pm,Delta,ICN‐SAN,14h51m,1,SEA,1137,20220408-0816,cheap
8:25 pm – 5:45 pm +2,"Alaska Airlines, Asiana Airlines",SAN‐ICN,29h20m,1,SEA,8:40 pm – 9:42 pm,"Asiana Airlines, Alaska Airlines",ICN‐SAN,17h02m,1,SFO,1137,20220408-0816,cheap
6:25 am – 4:00 am +2,"Alaska Airlines, Asiana Airlines",SAN‐ICN,29h35m,1,SFO,8:40 pm – 9:42 pm,"Asiana Airlines, Alaska Airlines",ICN‐SAN,17h02m,1,SFO,1137,20220408-0816,cheap
7:11 pm – 3:15 pm +2,Delta,SAN‐ICN,28h04m,2,"SLC, SEA",7:20 pm – 10:30 pm,Delta,ICN‐SAN,19h10m,1,SEA,1137,20220408-0816,cheap
7:11 pm – 3:15 pm +2,Delta,SAN‐ICN,28h04m,2,"SLC, SEA",7:20 pm – 10:30 pm,Delta,ICN‐SAN,19h10m,1,SEA,1137,20220408-0816,cheap
7:11 pm – 3:15 pm +2,Delta,SAN‐ICN,28h04m,2,"SLC, SEA",7:20 pm – 11:42 pm,Delta,ICN‐SAN,20h22m,2,"SEA, LAX",1137,20220408-0816,cheap
8:00 am – 4:00 pm +1,Air Canada,SAN‐ICN,16h00m,1,YVR,6:40 pm – 10:17 am +1,Air Canada,ICN‐SAN,31h37m,1,YYZ,1154,20220408-0814,best
7:05 am – 3:15 pm +1,Delta,SAN‐ICN,16h10m,1,SEA,7:20 pm – 6:11 pm,Delta,ICN‐SAN,14h51m,1,SEA,1133,20220408-0814,best
8:00 am – 4:00 pm +1,Air Canada,SAN‐ICN,16h00m,1,YVR,5:45 pm – 12:12 pm +1,Air Canada,ICN‐SAN,34h27m,1,YVR,1004,20220408-0814,best
7:05 am – 3:15 pm +1,Korean Air,SAN‐ICN,16h10m,1,SEA,7:20 pm – 6:11 pm,Korean Air,ICN‐SAN,14h51m,1,SEA,1173,20220408-0814,best
8:00 am – 4:00 pm +1,Air Canada,SAN‐ICN,16h00m,1,YVR,5:45 pm – 6:37 pm,Air Canada,ICN‐SAN,16h52m,1,YVR,1105,20220408-0814,best
8:15 pm – 4:00 am +2,Asiana Airlines,SAN‐ICN,15h45m,1,LAX,8:40 pm – 9:42 pm,"Asiana Airlines, Alaska Airlines",ICN‐SAN,17h02m,1,SFO,1160,20220408-0814,best
6:15 am – 5:20 pm +1,Korean Air,SAN‐ICN,19h05m,1,LAX,7:20 pm – 6:11 pm,Korean Air,ICN‐SAN,14h51m,1,SEA,1173,20220408-0814,best
8:15 pm – 4:00 am +2,Asiana Airlines,SAN‐ICN,15h45m,1,LAX,8:40 pm – 11:49 pm,"Asiana Airlines, Alaska Airlines",ICN‐SAN,19h09m,1,SFO,1160,20220408-0814,best
6:15 am – 5:20 pm +1,Delta,SAN‐ICN,19h05m,1,LAX,7:20 pm – 6:11 pm,Delta,ICN‐SAN,14h51m,1,SEA,1213,20220408-0814,best
6:25 am – 5:20 pm +1,"Alaska Airlines, Korean Air",SAN‐ICN,18h55m,1,SFO,7:20 pm – 6:11 pm,Korean Air,ICN‐SAN,14h51m,1,SEA,1194,20220408-0814,best
7:05 am – 3:15 pm +1,Delta,SAN‐ICN,16h10m,1,SEA,7:20 pm – 10:30 pm,Delta,ICN‐SAN,19h10m,1,SEA,1133,20220408-0814,best
3:15 pm – 4:20 am +2,Korean Air,SAN‐ICN,21h05m,1,LAX,7:20 pm – 6:11 pm,Korean Air,ICN‐SAN,14h51m,1,SEA,1173,20220408-0814,best
3:15 pm – 4:20 am +2,Delta,SAN‐ICN,21h05m,1,LAX,7:20 pm – 6:11 pm,Delta,ICN‐SAN,14h51m,1,SEA,1213,20220408-0814,best
8:15 pm – 4:00 am +2,Asiana Airlines,SAN‐ICN,15h45m,1,LAX,8:40 pm – 7:39 pm,Asiana Airlines,ICN‐SAN,14h59m,1,LAX,1484,20220408-0814,best
7:05 am – 3:15 pm +1,Delta,SAN‐ICN,16h10m,1,SEA,7:20 pm – 11:42 pm,Delta,ICN‐SAN,20h22m,2,"SEA, LAX",1137,20220408-0814,best
7:05 am – 3:15 pm +1,Delta,SAN‐ICN,16h10m,1,SEA,7:20 pm – 11:42 pm,Delta,ICN‐SAN,20h22m,2,"SEA, LAX",1137,20220408-0814,best
7:05 am – 3:15 pm +1,"Delta, Korean Air",SAN‐ICN,16h10m,1,SEA,7:20 pm – 6:11 pm,Korean Air,ICN‐SAN,14h51m,1,SEA,1523,20220408-0814,best
8:00 am – 2:45 pm +1,United Airlines,SAN‐ICN,14h45m,1,SFO,7:20 pm – 6:11 pm,Korean Air,ICN‐SAN,14h51m,1,SEA,1834,20220408-0819,fast
8:15 pm – 4:00 am +2,Asiana Airlines,SAN‐ICN,15h45m,1,LAX,8:40 pm – 7:39 pm,Asiana Airlines,ICN‐SAN,14h59m,1,LAX,1484,20220408-0819,fast
8:00 am – 2:45 pm +1,United Airlines,SAN‐ICN,14h45m,1,SFO,2:30 pm – 2:35 pm,Korean Air,ICN‐SAN,16h05m,1,LAX,1989,20220408-0819,fast
8:00 am – 2:45 pm +1,United Airlines,SAN‐ICN,14h45m,1,SFO,2:30 pm – 2:35 pm,"Korean Air, Delta",ICN‐SAN,16h05m,1,LAX,1989,20220408-0819,fast
8:00 am – 4:00 pm +1,Air Canada,SAN‐ICN,16h00m,1,YVR,7:20 pm – 6:11 pm,Korean Air,ICN‐SAN,14h51m,1,SEA,1838,20220408-0819,fast
7:05 am – 3:15 pm +1,Delta,SAN‐ICN,16h10m,1,SEA,7:20 pm – 6:11 pm,Delta,ICN‐SAN,14h51m,1,SEA,1133,20220408-0819,fast
7:05 am – 3:15 pm +1,Korean Air,SAN‐ICN,16h10m,1,SEA,7:20 pm – 6:11 pm,Korean Air,ICN‐SAN,14h51m,1,SEA,1173,20220408-0819,fast
7:05 am – 3:15 pm +1,"Delta, Korean Air",SAN‐ICN,16h10m,1,SEA,7:20 pm – 6:11 pm,Korean Air,ICN‐SAN,14h51m,1,SEA,1523,20220408-0819,fast
7:05 am – 3:15 pm +1,Korean Air,SAN‐ICN,16h10m,1,SEA,7:20 pm – 6:11 pm,"Korean Air, Delta",ICN‐SAN,14h51m,1,SEA,1523,20220408-0819,fast
7:05 am – 3:15 pm +1,"Delta, Korean Air",SAN‐ICN,16h10m,1,SEA,7:20 pm – 6:11 pm,"Korean Air, Delta",ICN‐SAN,14h51m,1,SEA,1830,20220408-0819,fast
7:05 am – 3:15 pm +1,Delta,SAN‐ICN,16h10m,1,SEA,7:20 pm – 6:11 pm,Korean Air,ICN‐SAN,14h51m,1,SEA,1834,20220408-0819,fast
6:29 am – 2:45 pm +1,United Airlines,SAN‐ICN,16h16m,2,"LAX, SFO",7:20 pm – 6:11 pm,Korean Air,ICN‐SAN,14h51m,1,SEA,1834,20220408-0819,fast
7:05 am – 3:15 pm +1,Korean Air,SAN‐ICN,16h10m,1,SEA,4:00 pm – 3:02 pm,"Korean Air, Alaska Airlines",ICN‐SAN,15h02m,1,SFO,1609,20220408-0819,fast
7:05 am – 3:15 pm +1,"Delta, Korean Air",SAN‐ICN,16h10m,1,SEA,4:00 pm – 3:02 pm,"Korean Air, Alaska Airlines",ICN‐SAN,15h02m,1,SFO,1921,20220408-0819,fast
6:15 am – 2:45 pm +1,United Airlines,SAN‐ICN,16h30m,1,SFO,7:20 pm – 6:11 pm,Korean Air,ICN‐SAN,14h51m,1,SEA,1834,20220408-0819,fast
