Out Time,Out Airline,Out Cities,Out Duration,Out Stops,Out Stop Cities,Return Time,Return Airline,Return Cities,Return Duration,Return Stops,Return Stop Cities,Price,timestamp,sort
10:30 pm – 10:15 am +2,Etihad Airways,JFK‐HKT,24h45m,1,AUH,8:00 pm – 4:30 pm +1,Etihad Airways,HKT‐JFK,31h30m,1,AUH,1088,20220407-0848,cheap
12:30 pm – 7:05 am +2,"Air India, GoFirst",JFK‐HKT,31h35m,1,DEL,1:35 pm – 10:15 pm +1,"AirAsia, Turkish Airlines",HKT‐JFK,43h40m,2,"KUL, IST",1137,20220407-0848,cheap
9:55 pm – 7:20 am +2,Qatar Airways,JFK‐HKT,22h25m,1,DOH,7:10 pm – 2:55 pm +1,Qatar Airways,HKT‐JFK,30h45m,2,"BKK, DOH",1170,20220407-0848,cheap
1:00 am – 1:15 pm +1,Qatar Airways,JFK‐HKT,25h15m,1,DOH,7:10 pm – 2:55 pm +1,Qatar Airways,HKT‐JFK,30h45m,2,"BKK, DOH",1170,20220407-0848,cheap
9:55 pm – 1:15 pm +2,Qatar Airways,JFK‐HKT,28h20m,1,DOH,7:10 pm – 2:55 pm +1,Qatar Airways,HKT‐JFK,30h45m,2,"BKK, DOH",1170,20220407-0848,cheap
11:55 pm – 12:30 pm +2,Emirates,EWR‐HKT,25h35m,2,"ATH, DXB",10:30 am – 8:50 am +1,"Malaysia Airlines, Emirates",HKT‐JFK,33h20m,2,"KUL, DXB",1174,20220407-0848,cheap
11:00 pm – 12:30 pm +2,Emirates,JFK‐HKT,26h30m,1,DXB,10:30 am – 8:50 am +1,"Malaysia Airlines, Emirates",HKT‐JFK,33h20m,2,"KUL, DXB",1174,20220407-0848,cheap
11:10 am – 7:20 am +2,Qatar Airways,JFK‐HKT,33h10m,1,DOH,7:10 pm – 2:55 pm +1,Qatar Airways,HKT‐JFK,30h45m,2,"BKK, DOH",1174,20220407-0848,cheap
11:55 pm – 8:00 pm +2,Emirates,EWR‐HKT,33h05m,2,"ATH, DXB",10:30 am – 8:50 am +1,"Malaysia Airlines, Emirates",HKT‐JFK,33h20m,2,"KUL, DXB",1174,20220407-0848,cheap
11:10 am – 1:15 pm +2,Qatar Airways,JFK‐HKT,39h05m,1,DOH,7:10 pm – 2:55 pm +1,Qatar Airways,HKT‐JFK,30h45m,2,"BKK, DOH",1174,20220407-0848,cheap
1:00 am – 7:20 am +2,Qatar Airways,JFK‐HKT,43h20m,1,DOH,7:10 pm – 2:55 pm +1,Qatar Airways,HKT‐JFK,30h45m,2,"BKK, DOH",1174,20220407-0848,cheap
9:55 pm – 7:20 am +2,Qatar Airways,JFK‐HKT,22h25m,1,DOH,2:40 pm – 2:55 pm +1,Qatar Airways,HKT‐JFK,35h15m,2,"BKK, DOH",1179,20220407-0848,cheap
1:00 am – 1:15 pm +1,Qatar Airways,JFK‐HKT,25h15m,1,DOH,2:40 pm – 2:55 pm +1,Qatar Airways,HKT‐JFK,35h15m,2,"BKK, DOH",1179,20220407-0848,cheap
9:55 pm – 1:15 pm +2,Qatar Airways,JFK‐HKT,28h20m,1,DOH,2:40 pm – 2:55 pm +1,Qatar Airways,HKT‐JFK,35h15m,2,"BKK, DOH",1181,20220407-0848,cheap
11:00 pm – 8:00 pm +2,Emirates,JFK‐HKT,34h00m,1,DXB,10:30 am – 8:50 am +1,"Malaysia Airlines, Emirates",HKT‐JFK,33h20m,2,"KUL, DXB",1181,20220407-0848,cheap
10:30 pm – 10:15 am +2,Etihad Airways,JFK‐HKT,24h45m,1,AUH,8:00 pm – 4:30 pm +1,Etihad Airways,HKT‐JFK,31h30m,1,AUH,1153,20220407-0845,best
10:30 pm – 10:15 am +2,Etihad Airways,JFK‐HKT,24h45m,1,AUH,8:00 pm – 4:30 pm +1,Etihad Airways,HKT‐JFK,31h30m,1,AUH,1088,20220407-0845,best
9:55 pm – 7:20 am +2,Qatar Airways,JFK‐HKT,22h25m,1,DOH,11:55 pm – 2:55 pm +1,Qatar Airways,HKT‐JFK,26h00m,1,DOH,1249,20220407-0845,best
9:55 pm – 7:20 am +2,Qatar Airways,JFK‐HKT,22h25m,1,DOH,9:05 pm – 9:00 am +1,Qatar Airways,HKT‐JFK,22h55m,1,DOH,1359,20220407-0845,best
9:55 pm – 7:20 am +2,Qatar Airways,JFK‐HKT,22h25m,1,DOH,7:10 pm – 2:55 pm +1,Qatar Airways,HKT‐JFK,30h45m,2,"BKK, DOH",1170,20220407-0845,best
1:00 am – 1:15 pm +1,Qatar Airways,JFK‐HKT,25h15m,1,DOH,11:55 pm – 2:55 pm +1,Qatar Airways,HKT‐JFK,26h00m,1,DOH,1249,20220407-0845,best
1:00 am – 1:15 pm +1,Qatar Airways,JFK‐HKT,25h15m,1,DOH,9:05 pm – 9:00 am +1,Qatar Airways,HKT‐JFK,22h55m,1,DOH,1359,20220407-0845,best
1:00 am – 1:15 pm +1,Qatar Airways,JFK‐HKT,25h15m,1,DOH,7:10 pm – 2:55 pm +1,Qatar Airways,HKT‐JFK,30h45m,2,"BKK, DOH",1170,20220407-0845,best
9:55 pm – 7:20 am +2,Qatar Airways,JFK‐HKT,22h25m,1,DOH,2:40 pm – 2:55 pm +1,Qatar Airways,HKT‐JFK,35h15m,2,"BKK, DOH",1179,20220407-0845,best
9:55 pm – 1:15 pm +2,Qatar Airways,JFK‐HKT,28h20m,1,DOH,11:55 pm – 2:55 pm +1,Qatar Airways,HKT‐JFK,26h00m,1,DOH,1249,20220407-0845,best
9:55 pm – 1:15 pm +2,Qatar Airways,JFK‐HKT,28h20m,1,DOH,9:05 pm – 9:00 am +1,Qatar Airways,HKT‐JFK,22h55m,1,DOH,1359,20220407-0845,best
9:55 pm – 1:15 pm +2,Qatar Airways,JFK‐HKT,28h20m,1,DOH,7:10 pm – 2:55 pm +1,Qatar Airways,HKT‐JFK,30h45m,2,"BKK, DOH",1170,20220407-0845,best
9:55 pm – 7:20 am +2,Qatar Airways,JFK‐HKT,22h25m,1,DOH,9:05 pm – 2:55 pm +1,Qatar Airways,HKT‐JFK,28h50m,1,DOH,1360,20220407-0845,best
7:00 pm – 7:20 am +2,"JetBlue, Qatar Airways",LGA‐HKT,25h20m,2,"BOS, DOH",7:10 pm – 2:55 pm +1,"Bangkok Airways, Qatar Airways",HKT‐JFK,30h45m,2,"BKK, DOH",1320,20220407-0845,best
11:10 am – 7:20 am +2,Qatar Airways,JFK‐HKT,33h10m,1,DOH,11:55 pm – 2:55 pm +1,Qatar Airways,HKT‐JFK,26h00m,1,DOH,1257,20220407-0845,best
11:00 pm – 12:30 pm +2,Emirates,JFK‐HKT,26h30m,1,DXB,10:30 am – 8:50 am +1,"Malaysia Airlines, Emirates",HKT‐JFK,33h20m,2,"KUL, DXB",1174,20220407-0845,best
9:55 pm – 7:20 am +2,Qatar Airways,JFK‐HKT,22h25m,1,DOH,9:05 pm – 9:00 am +1,Qatar Airways,HKT‐JFK,22h55m,1,DOH,1359,20220407-0851,fast
9:55 pm – 7:20 am +2,"American Airlines, Qatar Airways",JFK‐HKT,22h25m,1,DOH,9:05 pm – 9:00 am +1,"Qatar Airways, American Airlines",HKT‐JFK,22h55m,1,DOH,1703,20220407-0851,fast
10:25 am – 7:20 pm +1,Singapore Airlines,EWR‐HKT,21h55m,1,SIN,12:10 am – 2:25 pm,Emirates,HKT‐JFK,25h15m,1,DXB,3371,20220407-0851,fast
9:55 pm – 7:20 am +2,Qatar Airways,JFK‐HKT,22h25m,1,DOH,12:10 am – 2:25 pm,Emirates,HKT‐JFK,25h15m,1,DXB,1620,20220407-0851,fast
10:25 am – 7:20 pm +1,Singapore Airlines,EWR‐HKT,21h55m,1,SIN,11:55 pm – 2:55 pm +1,Qatar Airways,HKT‐JFK,26h00m,1,DOH,3345,20220407-0851,fast
1:00 am – 1:15 pm +1,Qatar Airways,JFK‐HKT,25h15m,1,DOH,9:05 pm – 9:00 am +1,Qatar Airways,HKT‐JFK,22h55m,1,DOH,1359,20220407-0851,fast
1:00 am – 1:15 pm +1,"American Airlines, Qatar Airways",JFK‐HKT,25h15m,1,DOH,9:05 pm – 9:00 am +1,"Qatar Airways, American Airlines",HKT‐JFK,22h55m,1,DOH,1703,20220407-0851,fast
7:00 pm – 7:20 am +2,"American Airlines, Qatar Airways",JFK‐HKT,25h20m,2,"BOS, DOH",9:05 pm – 9:00 am +1,"Qatar Airways, American Airlines",HKT‐JFK,22h55m,1,DOH,1708,20220407-0851,fast
7:00 pm – 7:20 am +2,Qatar Airways,JFK‐HKT,25h20m,2,"BOS, DOH",9:05 pm – 9:00 am +1,Qatar Airways,HKT‐JFK,22h55m,1,DOH,1887,20220407-0851,fast
9:55 pm – 7:20 am +2,Qatar Airways,JFK‐HKT,22h25m,1,DOH,11:55 pm – 2:55 pm +1,Qatar Airways,HKT‐JFK,26h00m,1,DOH,1249,20220407-0851,fast
9:55 pm – 7:20 am +2,"American Airlines, Qatar Airways",JFK‐HKT,22h25m,1,DOH,11:55 pm – 2:55 pm +1,"Qatar Airways, American Airlines",HKT‐JFK,26h00m,1,DOH,1703,20220407-0851,fast
9:55 pm – 7:20 am +2,Qatar Airways,JFK‐HKT,22h25m,1,DOH,11:55 pm – 3:20 pm +1,Qatar Airways,HKT‐JFK,26h25m,2,"DOH, LHR",2384,20220407-0851,fast
10:30 pm – 9:35 am +2,Singapore Airlines,JFK‐HKT,24h05m,1,SIN,12:10 am – 2:25 pm,Emirates,HKT‐JFK,25h15m,1,DXB,3371,20220407-0851,fast
9:50 pm – 9:35 am +2,"SWISS, Thai Airways",EWR‐HKT,24h45m,2,"ZRH, BKK",12:10 am – 2:25 pm,Emirates,HKT‐JFK,25h15m,1,DXB,1954,20220407-0851,fast
10:30 pm – 10:15 am +2,Etihad Airways,JFK‐HKT,24h45m,1,AUH,12:10 am – 2:25 pm,Emirates,HKT‐JFK,25h15m,1,DXB,2014,20220407-0851,fast
