Out Time,Out Airline,Out Cities,Out Duration,Out Stops,Out Stop Cities,Return Time,Return Airline,Return Cities,Return Duration,Return Stops,Return Stop Cities,Price,timestamp,sort
8:55 pm – 9:35 am +2,Singapore Airlines,JFK‐HKT,25h40m,2,"FRA, SIN",8:10 pm – 11:10 am +2,Singapore Airlines,HKT‐JFK,50h00m,2,"SIN, FRA",922,20220409-1315,cheap
8:55 pm – 9:35 am +2,Singapore Airlines,JFK‐HKT,25h40m,2,"FRA, SIN",8:10 pm – 6:30 pm +1,Singapore Airlines,HKT‐JFK,33h20m,1,SIN,1081,20220409-1315,cheap
8:55 pm – 11:30 am +2,Singapore Airlines,JFK‐HKT,27h35m,2,"FRA, SIN",8:10 pm – 6:30 pm +1,Singapore Airlines,HKT‐JFK,33h20m,1,SIN,1081,20220409-1315,cheap
8:55 pm – 10:50 am +2,Singapore Airlines,JFK‐HKT,26h55m,2,"FRA, SIN",6:10 pm – 6:30 pm +1,Singapore Airlines,HKT‐JFK,35h20m,1,SIN,1081,20220409-1315,cheap
8:55 pm – 11:30 am +2,Singapore Airlines,JFK‐HKT,27h35m,2,"FRA, SIN",6:10 pm – 6:30 pm +1,Singapore Airlines,HKT‐JFK,35h20m,1,SIN,1081,20220409-1315,cheap
8:55 pm – 9:35 am +2,Singapore Airlines,JFK‐HKT,25h40m,2,"FRA, SIN",11:40 am – 6:30 pm +1,Singapore Airlines,HKT‐JFK,41h50m,1,SIN,1081,20220409-1315,cheap
8:55 pm – 7:10 pm +2,Singapore Airlines,JFK‐HKT,35h15m,2,"FRA, SIN",8:10 pm – 6:30 pm +1,Singapore Airlines,HKT‐JFK,33h20m,1,SIN,1081,20220409-1315,cheap
8:55 pm – 7:20 pm +2,Singapore Airlines,JFK‐HKT,35h25m,2,"FRA, SIN",8:10 pm – 6:30 pm +1,Singapore Airlines,HKT‐JFK,33h20m,1,SIN,1081,20220409-1315,cheap
8:55 pm – 10:50 am +2,Singapore Airlines,JFK‐HKT,26h55m,2,"FRA, SIN",11:40 am – 6:30 pm +1,Singapore Airlines,HKT‐JFK,41h50m,1,SIN,1081,20220409-1315,cheap
8:55 pm – 7:10 pm +2,Singapore Airlines,JFK‐HKT,35h15m,2,"FRA, SIN",6:10 pm – 6:30 pm +1,Singapore Airlines,HKT‐JFK,35h20m,1,SIN,1081,20220409-1315,cheap
8:55 pm – 11:30 am +2,Singapore Airlines,JFK‐HKT,27h35m,2,"FRA, SIN",11:40 am – 6:30 pm +1,Singapore Airlines,HKT‐JFK,41h50m,1,SIN,1104,20220409-1315,cheap
8:55 pm – 11:30 am +2,Singapore Airlines,JFK‐HKT,27h35m,2,"FRA, SIN",10:25 am – 6:30 pm +1,Singapore Airlines,HKT‐JFK,43h05m,1,SIN,1104,20220409-1315,cheap
8:55 pm – 10:50 am +2,Singapore Airlines,JFK‐HKT,26h55m,2,"FRA, SIN",8:10 pm – 6:30 pm +1,Singapore Airlines,HKT‐JFK,33h20m,1,SIN,1113,20220409-1315,cheap
8:55 pm – 9:35 am +2,Singapore Airlines,JFK‐HKT,25h40m,2,"FRA, SIN",6:10 pm – 6:30 pm +1,Singapore Airlines,HKT‐JFK,35h20m,1,SIN,1113,20220409-1315,cheap
11:35 am – 9:30 am +2,"ANA, Bangkok Airways",EWR‐HKT,34h55m,2,"NRT, BKK",2:40 pm – 10:15 am +1,"Bangkok Airways, ANA",HKT‐JFK,30h35m,2,"BKK, HND",1117,20220409-1315,cheap
11:35 am – 9:30 am +2,"ANA, Bangkok Airways",EWR‐HKT,34h55m,2,"NRT, BKK",2:40 pm – 10:15 am +1,"Bangkok Airways, ANA",HKT‐JFK,30h35m,2,"BKK, HND",1117,20220409-1312,best
1:55 pm – 12:10 am +2,Asiana Airlines,JFK‐HKT,23h15m,1,ICN,1:30 am – 11:35 am,Asiana Airlines,HKT‐JFK,21h05m,1,ICN,1296,20220409-1312,best
8:55 pm – 9:35 am +2,Singapore Airlines,JFK‐HKT,25h40m,2,"FRA, SIN",8:10 pm – 11:10 am +2,Singapore Airlines,HKT‐JFK,50h00m,2,"SIN, FRA",922,20220409-1312,best
8:55 pm – 9:35 am +2,Singapore Airlines,JFK‐HKT,25h40m,2,"FRA, SIN",1:30 am – 11:35 am,Asiana Airlines,HKT‐JFK,21h05m,1,ICN,1297,20220409-1312,best
8:55 pm – 10:50 am +2,Singapore Airlines,JFK‐HKT,26h55m,2,"FRA, SIN",1:30 am – 11:35 am,Asiana Airlines,HKT‐JFK,21h05m,1,ICN,1297,20220409-1312,best
8:55 pm – 11:30 am +2,Singapore Airlines,JFK‐HKT,27h35m,2,"FRA, SIN",1:30 am – 11:35 am,Asiana Airlines,HKT‐JFK,21h05m,1,ICN,1286,20220409-1312,best
8:55 pm – 9:35 am +2,Singapore Airlines,JFK‐HKT,25h40m,2,"FRA, SIN",8:10 pm – 11:10 am +1,Singapore Airlines,HKT‐JFK,26h00m,2,"SIN, FRA",1219,20220409-1312,best
8:55 pm – 9:35 am +2,Singapore Airlines,JFK‐HKT,25h40m,2,"FRA, SIN",6:10 pm – 6:00 am +1,Singapore Airlines,HKT‐EWR,22h50m,1,SIN,1391,20220409-1312,best
10:25 am – 7:20 pm +1,Singapore Airlines,EWR‐HKT,21h55m,1,SIN,6:10 pm – 6:00 am +1,Singapore Airlines,HKT‐EWR,22h50m,1,SIN,1583,20220409-1312,best
8:55 pm – 10:50 am +2,Singapore Airlines,JFK‐HKT,26h55m,2,"FRA, SIN",8:10 pm – 11:10 am +1,Singapore Airlines,HKT‐JFK,26h00m,2,"SIN, FRA",1219,20220409-1312,best
8:55 pm – 10:50 am +2,Singapore Airlines,JFK‐HKT,26h55m,2,"FRA, SIN",6:10 pm – 6:00 am +1,Singapore Airlines,HKT‐EWR,22h50m,1,SIN,1391,20220409-1312,best
8:55 pm – 9:35 am +2,Singapore Airlines,JFK‐HKT,25h40m,2,"FRA, SIN",8:10 pm – 6:30 pm +1,Singapore Airlines,HKT‐JFK,33h20m,1,SIN,1081,20220409-1312,best
8:55 pm – 11:30 am +2,Singapore Airlines,JFK‐HKT,27h35m,2,"FRA, SIN",8:10 pm – 11:10 am +1,Singapore Airlines,HKT‐JFK,26h00m,2,"SIN, FRA",1217,20220409-1312,best
8:55 pm – 9:35 am +2,Singapore Airlines,JFK‐HKT,25h40m,2,"FRA, SIN",6:10 pm – 11:10 am +1,Singapore Airlines,HKT‐JFK,28h00m,2,"SIN, FRA",1219,20220409-1312,best
10:25 am – 7:20 pm +1,Singapore Airlines,EWR‐HKT,21h55m,1,SIN,8:10 pm – 6:30 pm +1,Singapore Airlines,HKT‐JFK,33h20m,1,SIN,1281,20220409-1312,best
8:55 pm – 10:50 am +2,Singapore Airlines,JFK‐HKT,26h55m,2,"FRA, SIN",6:10 pm – 11:10 am +1,Singapore Airlines,HKT‐JFK,28h00m,2,"SIN, FRA",1219,20220409-1312,best
8:55 pm – 9:35 am +2,Singapore Airlines,JFK‐HKT,25h40m,2,"FRA, SIN",12:10 am – 2:25 pm,Emirates,HKT‐JFK,25h15m,1,DXB,1355,20220409-1312,best
1:55 pm – 12:10 am +2,Asiana Airlines,JFK‐HKT,23h15m,1,ICN,1:30 am – 11:35 am,Asiana Airlines,HKT‐JFK,21h05m,1,ICN,1296,20220409-1317,fast
10:25 am – 7:20 pm +1,Singapore Airlines,EWR‐HKT,21h55m,1,SIN,6:10 pm – 6:00 am +1,Singapore Airlines,HKT‐EWR,22h50m,1,SIN,1583,20220409-1317,fast
1:55 pm – 12:10 am +2,Asiana Airlines,JFK‐HKT,23h15m,1,ICN,9:05 pm – 8:30 am +1,Qatar Airways,HKT‐JFK,22h25m,1,DOH,1695,20220409-1317,fast
9:50 pm – 9:35 am +2,Thai Airways,JFK‐HKT,24h45m,2,"FRA, BKK",1:30 am – 11:35 am,Asiana Airlines,HKT‐JFK,21h05m,1,ICN,1767,20220409-1317,fast
1:55 pm – 12:10 am +2,Asiana Airlines,JFK‐HKT,23h15m,1,ICN,6:10 pm – 6:00 am +1,Singapore Airlines,HKT‐EWR,22h50m,1,SIN,1982,20220409-1317,fast
1:25 am – 2:00 pm +1,EVA Air,JFK‐HKT,25h35m,2,"TPE, BKK",1:30 am – 11:35 am,Asiana Airlines,HKT‐JFK,21h05m,1,ICN,1600,20220409-1317,fast
8:55 pm – 9:35 am +2,Singapore Airlines,JFK‐HKT,25h40m,2,"FRA, SIN",1:30 am – 11:35 am,Asiana Airlines,HKT‐JFK,21h05m,1,ICN,1297,20220409-1317,fast
10:30 pm – 9:35 am +2,Singapore Airlines,JFK‐HKT,24h05m,1,SIN,6:10 pm – 6:00 am +1,Singapore Airlines,HKT‐EWR,22h50m,1,SIN,1583,20220409-1317,fast
8:55 pm – 10:50 am +2,Singapore Airlines,JFK‐HKT,26h55m,2,"FRA, SIN",1:30 am – 11:35 am,Asiana Airlines,HKT‐JFK,21h05m,1,ICN,1297,20220409-1317,fast
1:55 pm – 12:10 am +2,Asiana Airlines,JFK‐HKT,23h15m,1,ICN,8:15 am – 10:05 pm,"THAI Smile, EVA Air",HKT‐JFK,24h50m,2,"BKK, TPE",2097,20220409-1317,fast
12:35 am – 1:15 pm +1,"American Airlines, Qatar Airways",JFK‐HKT,25h40m,1,DOH,9:05 pm – 8:30 am +1,"Qatar Airways, American Airlines",HKT‐JFK,22h25m,1,DOH,2118,20220409-1317,fast
10:30 pm – 10:50 am +2,Singapore Airlines,JFK‐HKT,25h20m,1,SIN,6:10 pm – 6:00 am +1,Singapore Airlines,HKT‐EWR,22h50m,1,SIN,1583,20220409-1317,fast
12:35 am – 1:15 pm +1,"American Airlines, Qatar Airways",JFK‐HKT,25h40m,1,DOH,9:05 pm – 8:45 am +1,"Qatar Airways, American Airlines",HKT‐JFK,22h40m,1,DOH,2118,20220409-1317,fast
1:25 am – 2:00 pm +1,EVA Air,JFK‐HKT,25h35m,2,"TPE, BKK",6:10 pm – 6:00 am +1,Singapore Airlines,HKT‐EWR,22h50m,1,SIN,1977,20220409-1317,fast
7:25 pm – 9:45 am +2,Malaysia Airlines,JFK‐HKT,27h20m,2,"LHR, KUL",1:30 am – 11:35 am,Asiana Airlines,HKT‐JFK,21h05m,1,ICN,1993,20220409-1317,fast
