Out Time,Out Airline,Out Cities,Out Duration,Out Stops,Out Stop Cities,Return Time,Return Airline,Return Cities,Return Duration,Return Stops,Return Stop Cities,Price,timestamp,sort
1:25 pm – 9:30 am +2,Japan Airlines,JFK‐HKT,33h05m,2,"HND, BKK",7:10 pm – 10:10 am +1,"Bangkok Airways, Japan Airlines",HKT‐JFK,26h00m,2,"BKK, NRT",1149,20220409-0925,cheap
1:25 pm – 6:20 pm +2,Japan Airlines,JFK‐HKT,41h55m,2,"HND, BKK",7:10 pm – 10:10 am +1,"Bangkok Airways, Japan Airlines",HKT‐JFK,26h00m,2,"BKK, NRT",1149,20220409-0925,cheap
1:25 pm – 9:30 am +2,Japan Airlines,JFK‐HKT,33h05m,2,"HND, BKK",2:40 pm – 10:10 am +1,Japan Airlines,HKT‐JFK,30h30m,2,"BKK, NRT",1193,20220409-0925,cheap
1:25 pm – 6:20 pm +2,Japan Airlines,JFK‐HKT,41h55m,2,"HND, BKK",2:40 pm – 10:10 am +1,Japan Airlines,HKT‐JFK,30h30m,2,"BKK, NRT",1193,20220409-0925,cheap
1:25 pm – 9:30 am +2,Japan Airlines,JFK‐HKT,33h05m,2,"HND, BKK",10:20 am – 10:10 am +1,Japan Airlines,HKT‐JFK,34h50m,2,"BKK, NRT",1196,20220409-0925,cheap
1:25 pm – 6:20 pm +2,Japan Airlines,JFK‐HKT,41h55m,2,"HND, BKK",10:20 am – 10:10 am +1,Japan Airlines,HKT‐JFK,34h50m,2,"BKK, NRT",1196,20220409-0925,cheap
1:25 pm – 9:30 am +2,Japan Airlines,JFK‐HKT,33h05m,2,"HND, BKK",2:40 pm – 10:10 am +1,Japan Airlines,HKT‐JFK,30h30m,2,"BKK, HND-NRT",1202,20220409-0925,cheap
1:25 pm – 9:30 am +2,Japan Airlines,JFK‐HKT,33h05m,2,"HND, BKK",10:20 am – 10:10 am +1,Japan Airlines,HKT‐JFK,34h50m,2,"BKK, HND-NRT",1202,20220409-0925,cheap
8:55 pm – 7:20 pm +2,Singapore Airlines,JFK‐HKT,35h25m,2,"FRA, SIN",8:10 pm – 6:30 pm +1,Singapore Airlines,HKT‐JFK,33h20m,1,SIN,1202,20220409-0925,cheap
1:25 pm – 6:20 pm +2,Japan Airlines,JFK‐HKT,41h55m,2,"HND, BKK",2:40 pm – 10:10 am +1,Japan Airlines,HKT‐JFK,30h30m,2,"BKK, HND-NRT",1202,20220409-0925,cheap
1:25 pm – 6:20 pm +2,Japan Airlines,JFK‐HKT,41h55m,2,"HND, BKK",7:10 pm – 10:10 am +1,Japan Airlines,HKT‐JFK,26h00m,2,"BKK, NRT",1214,20220409-0925,cheap
1:25 pm – 6:20 pm +2,Japan Airlines,JFK‐HKT,41h55m,2,"HND, BKK",2:40 pm – 10:10 am +1,Japan Airlines,HKT‐JFK,30h30m,2,"BKK, NRT",1214,20220409-0925,cheap
1:25 pm – 6:20 pm +2,Japan Airlines,JFK‐HKT,41h55m,2,"HND, BKK",2:40 pm – 10:10 am +1,Japan Airlines,HKT‐JFK,30h30m,2,"BKK, HND-NRT",1223,20220409-0925,cheap
1:55 pm – 12:10 am +2,Asiana Airlines,JFK‐HKT,23h15m,1,ICN,1:30 am – 11:35 am,Asiana Airlines,HKT‐JFK,21h05m,1,ICN,1235,20220409-0925,cheap
8:55 pm – 7:20 pm +2,Singapore Airlines,JFK‐HKT,35h25m,2,"FRA, SIN",8:10 pm – 11:10 am +1,Singapore Airlines,HKT‐JFK,26h00m,2,"SIN, FRA",1257,20220409-0925,cheap
1:55 pm – 12:10 am +2,Asiana Airlines,JFK‐HKT,23h15m,1,ICN,1:30 am – 11:35 am,Asiana Airlines,HKT‐JFK,21h05m,1,ICN,1311,20220409-0922,best
1:55 pm – 12:10 am +2,Asiana Airlines,JFK‐HKT,23h15m,1,ICN,1:30 am – 11:35 am,Asiana Airlines,HKT‐JFK,21h05m,1,ICN,1235,20220409-0922,best
1:25 pm – 9:30 am +2,Japan Airlines,JFK‐HKT,33h05m,2,"HND, BKK",7:10 pm – 10:10 am +1,"Bangkok Airways, Japan Airlines",HKT‐JFK,26h00m,2,"BKK, NRT",1149,20220409-0922,best
10:25 am – 7:20 pm +1,Singapore Airlines,EWR‐HKT,21h55m,1,SIN,8:10 pm – 11:10 am +1,Singapore Airlines,HKT‐JFK,26h00m,2,"SIN, FRA",1317,20220409-0922,best
10:25 am – 7:20 pm +1,Singapore Airlines,EWR‐HKT,21h55m,1,SIN,6:10 pm – 6:00 am +1,Singapore Airlines,HKT‐EWR,22h50m,1,SIN,1476,20220409-0922,best
10:25 am – 7:20 pm +1,Singapore Airlines,EWR‐HKT,21h55m,1,SIN,6:10 pm – 11:10 am +1,Singapore Airlines,HKT‐JFK,28h00m,2,"SIN, FRA",1317,20220409-0922,best
1:55 pm – 12:10 am +2,Asiana Airlines,JFK‐HKT,23h15m,1,ICN,7:10 pm – 11:35 am +1,"Bangkok Airways, Asiana Airlines",HKT‐JFK,27h25m,2,"BKK, ICN",1421,20220409-0922,best
10:25 am – 7:20 pm +1,Singapore Airlines,EWR‐HKT,21h55m,1,SIN,11:40 am – 6:00 am +1,Singapore Airlines,HKT‐EWR,29h20m,1,SIN,1476,20220409-0922,best
9:55 pm – 6:55 am +2,Qatar Airways,JFK‐HKT,22h00m,1,DOH,1:30 am – 11:35 am,Asiana Airlines,HKT‐JFK,21h05m,1,ICN,1581,20220409-0922,best
10:25 am – 7:20 pm +1,Singapore Airlines,EWR‐HKT,21h55m,1,SIN,10:25 am – 6:00 am +1,Singapore Airlines,HKT‐EWR,30h35m,1,SIN,1476,20220409-0922,best
10:25 am – 7:20 pm +1,Singapore Airlines,EWR‐HKT,21h55m,1,SIN,11:40 am – 11:10 am +1,Singapore Airlines,HKT‐JFK,34h30m,2,"SIN, FRA",1320,20220409-0922,best
10:25 am – 7:20 pm +1,Singapore Airlines,EWR‐HKT,21h55m,1,SIN,12:10 pm – 11:10 am +1,Singapore Airlines,HKT‐JFK,34h00m,2,"SIN, FRA",1317,20220409-0922,best
10:25 am – 7:20 pm +1,Singapore Airlines,EWR‐HKT,21h55m,1,SIN,12:10 pm – 6:00 am +1,Singapore Airlines,HKT‐EWR,28h50m,1,SIN,1526,20220409-0922,best
9:55 pm – 6:55 am +2,Qatar Airways,JFK‐HKT,22h00m,1,DOH,11:55 pm – 2:55 pm +1,Qatar Airways,HKT‐JFK,26h00m,1,DOH,1500,20220409-0922,best
10:25 am – 7:20 pm +1,Singapore Airlines,EWR‐HKT,21h55m,1,SIN,10:25 am – 11:10 am +1,Singapore Airlines,HKT‐JFK,35h45m,2,"SIN, FRA",1320,20220409-0922,best
1:55 pm – 12:10 am +2,Asiana Airlines,JFK‐HKT,23h15m,1,ICN,12:10 am – 2:25 pm,Emirates,HKT‐JFK,25h15m,1,DXB,1547,20220409-0922,best
9:55 pm – 6:55 am +2,Qatar Airways,JFK‐HKT,22h00m,1,DOH,1:30 am – 11:35 am,Asiana Airlines,HKT‐JFK,21h05m,1,ICN,1581,20220409-0928,fast
1:55 pm – 12:10 am +2,Asiana Airlines,JFK‐HKT,23h15m,1,ICN,1:30 am – 11:35 am,Asiana Airlines,HKT‐JFK,21h05m,1,ICN,1235,20220409-0928,fast
10:25 am – 7:20 pm +1,Singapore Airlines,EWR‐HKT,21h55m,1,SIN,6:10 pm – 6:00 am +1,Singapore Airlines,HKT‐EWR,22h50m,1,SIN,1476,20220409-0928,fast
6:45 pm – 6:55 am +2,"JetBlue, Qatar Airways",EWR‐HKT,25h10m,2,"BOS, DOH",1:30 am – 11:35 am,Asiana Airlines,HKT‐JFK,21h05m,1,ICN,1831,20220409-0928,fast
10:25 am – 7:20 pm +1,Singapore Airlines,EWR‐HKT,21h55m,1,SIN,12:10 am – 2:25 pm,Emirates,HKT‐JFK,25h15m,1,DXB,1903,20220409-0928,fast
9:55 pm – 6:55 am +2,Qatar Airways,JFK‐HKT,22h00m,1,DOH,12:10 am – 2:25 pm,Emirates,HKT‐JFK,25h15m,1,DXB,1531,20220409-0928,fast
10:25 am – 7:20 pm +1,Singapore Airlines,EWR‐HKT,21h55m,1,SIN,8:10 pm – 11:10 am +1,Singapore Airlines,HKT‐JFK,26h00m,2,"SIN, FRA",1317,20220409-0928,fast
9:55 pm – 6:55 am +2,Qatar Airways,JFK‐HKT,22h00m,1,DOH,11:55 pm – 2:55 pm +1,Qatar Airways,HKT‐JFK,26h00m,1,DOH,1500,20220409-0928,fast
6:45 pm – 6:55 am +2,"JetBlue, Qatar Airways",EWR‐HKT,25h10m,2,"BOS, DOH",6:10 pm – 6:00 am +1,Singapore Airlines,HKT‐EWR,22h50m,1,SIN,2162,20220409-0928,fast
1:55 pm – 12:10 am +2,Asiana Airlines,JFK‐HKT,23h15m,1,ICN,8:15 am – 10:05 pm,"THAI Smile, EVA Air",HKT‐JFK,24h50m,2,"BKK, TPE",2165,20220409-0928,fast
1:50 pm – 12:10 am +2,"Korean Air, Asiana Airlines",JFK‐HKT,23h20m,1,ICN,8:15 am – 10:05 pm,"THAI Smile, EVA Air",HKT‐JFK,24h50m,2,"BKK, TPE",8271,20220409-0928,fast
9:55 pm – 6:55 am +2,Qatar Airways,JFK‐HKT,22h00m,1,DOH,11:55 pm – 3:20 pm +1,Qatar Airways,HKT‐JFK,26h25m,2,"DOH, LHR",2959,20220409-0928,fast
1:55 pm – 12:10 am +2,Asiana Airlines,JFK‐HKT,23h15m,1,ICN,12:10 am – 2:25 pm,Emirates,HKT‐JFK,25h15m,1,DXB,1547,20220409-0928,fast
8:55 pm – 9:35 am +2,Singapore Airlines,JFK‐HKT,25h40m,2,"FRA, SIN",6:10 pm – 6:00 am +1,Singapore Airlines,HKT‐EWR,22h50m,1,SIN,1647,20220409-0928,fast
4:26 pm – 6:55 am +2,"JetBlue, Qatar Airways",EWR‐HKT,27h29m,2,"BOS, DOH",1:30 am – 11:35 am,Asiana Airlines,HKT‐JFK,21h05m,1,ICN,1831,20220409-0928,fast
