Out Time,Out Airline,Out Cities,Out Duration,Out Stops,Out Stop Cities,Return Time,Return Airline,Return Cities,Return Duration,Return Stops,Return Stop Cities,Price,timestamp,sort
1:25 pm – 9:30 am +2,Japan Airlines,JFK‐HKT,33h05m,2,"HND, BKK",7:10 pm – 10:10 am +1,Japan Airlines,HKT‐JFK,26h00m,2,"BKK, NRT",1149,20220409-1019,cheap
1:25 pm – 9:30 am +2,Japan Airlines,JFK‐HKT,33h05m,2,"HND, BKK",2:40 pm – 10:10 am +1,Japan Airlines,HKT‐JFK,30h30m,2,"BKK, NRT",1149,20220409-1019,cheap
1:25 pm – 6:20 pm +2,Japan Airlines,JFK‐HKT,41h55m,2,"HND, BKK",7:10 pm – 10:10 am +1,Japan Airlines,HKT‐JFK,26h00m,2,"BKK, NRT",1149,20220409-1019,cheap
1:25 pm – 6:20 pm +2,Japan Airlines,JFK‐HKT,41h55m,2,"HND, BKK",2:40 pm – 10:10 am +1,Japan Airlines,HKT‐JFK,30h30m,2,"BKK, NRT",1149,20220409-1019,cheap
1:25 pm – 9:30 am +2,Japan Airlines,JFK‐HKT,33h05m,2,"HND, BKK",10:20 am – 10:10 am +1,Japan Airlines,HKT‐JFK,34h50m,2,"BKK, NRT",1153,20220409-1019,cheap
1:25 pm – 6:20 pm +2,Japan Airlines,JFK‐HKT,41h55m,2,"HND, BKK",10:20 am – 10:10 am +1,Japan Airlines,HKT‐JFK,34h50m,2,"BKK, NRT",1153,20220409-1019,cheap
1:25 pm – 9:30 am +2,Japan Airlines,JFK‐HKT,33h05m,2,"HND, BKK",2:40 pm – 10:10 am +1,Japan Airlines,HKT‐JFK,30h30m,2,"BKK, HND-NRT",1158,20220409-1019,cheap
1:25 pm – 9:30 am +2,Japan Airlines,JFK‐HKT,33h05m,2,"HND, BKK",10:20 am – 10:10 am +1,Japan Airlines,HKT‐JFK,34h50m,2,"BKK, HND-NRT",1158,20220409-1019,cheap
1:25 pm – 6:20 pm +2,Japan Airlines,JFK‐HKT,41h55m,2,"HND, BKK",2:40 pm – 10:10 am +1,Japan Airlines,HKT‐JFK,30h30m,2,"BKK, HND-NRT",1158,20220409-1019,cheap
1:25 pm – 6:20 pm +2,Japan Airlines,JFK‐HKT,41h55m,2,"HND, BKK",7:10 pm – 10:10 am +1,Japan Airlines,HKT‐JFK,26h00m,2,"BKK, NRT",1162,20220409-1019,cheap
1:25 pm – 6:20 pm +2,Japan Airlines,JFK‐HKT,41h55m,2,"HND, BKK",2:40 pm – 10:10 am +1,Japan Airlines,HKT‐JFK,30h30m,2,"BKK, NRT",1162,20220409-1019,cheap
1:25 pm – 6:20 pm +2,Japan Airlines,JFK‐HKT,41h55m,2,"HND, BKK",2:40 pm – 10:10 am +1,Japan Airlines,HKT‐JFK,30h30m,2,"BKK, HND-NRT",1171,20220409-1019,cheap
1:55 pm – 12:10 am +2,Asiana Airlines,JFK‐HKT,23h15m,1,ICN,1:30 am – 11:35 am,Asiana Airlines,HKT‐JFK,21h05m,1,ICN,1235,20220409-1019,cheap
11:35 am – 9:30 am +2,"ANA, Bangkok Airways",EWR‐HKT,34h55m,2,"NRT, BKK",2:40 pm – 5:10 pm +1,"Bangkok Airways, ANA",HKT‐EWR,37h30m,2,"BKK, HND",1261,20220409-1019,cheap
8:55 pm – 7:20 pm +2,Singapore Airlines,JFK‐HKT,35h25m,2,"FRA, SIN",8:10 pm – 11:10 am +1,Singapore Airlines,HKT‐JFK,26h00m,2,"SIN, FRA",1288,20220409-1019,cheap
1:25 pm – 9:30 am +2,Japan Airlines,JFK‐HKT,33h05m,2,"HND, BKK",7:10 pm – 10:10 am +1,Japan Airlines,HKT‐JFK,26h00m,2,"BKK, NRT",1205,20220409-1016,best
1:55 pm – 12:10 am +2,Asiana Airlines,JFK‐HKT,23h15m,1,ICN,1:30 am – 11:35 am,Asiana Airlines,HKT‐JFK,21h05m,1,ICN,1235,20220409-1016,best
1:25 pm – 9:30 am +2,Japan Airlines,JFK‐HKT,33h05m,2,"HND, BKK",7:10 pm – 10:10 am +1,Japan Airlines,HKT‐JFK,26h00m,2,"BKK, NRT",1149,20220409-1016,best
10:25 am – 7:20 pm +1,Singapore Airlines,EWR‐HKT,21h55m,1,SIN,6:10 pm – 6:00 am +1,Singapore Airlines,HKT‐EWR,22h50m,1,SIN,1483,20220409-1016,best
10:25 am – 7:20 pm +1,Singapore Airlines,EWR‐HKT,21h55m,1,SIN,8:10 pm – 11:10 am +1,Singapore Airlines,HKT‐JFK,26h00m,2,"SIN, FRA",1317,20220409-1016,best
10:25 am – 7:20 pm +1,Singapore Airlines,EWR‐HKT,21h55m,1,SIN,6:10 pm – 11:10 am +1,Singapore Airlines,HKT‐JFK,28h00m,2,"SIN, FRA",1317,20220409-1016,best
9:55 pm – 6:55 am +2,Qatar Airways,JFK‐HKT,22h00m,1,DOH,1:30 am – 11:35 am,Asiana Airlines,HKT‐JFK,21h05m,1,ICN,1580,20220409-1016,best
10:30 pm – 9:35 am +2,Singapore Airlines,JFK‐HKT,24h05m,1,SIN,6:10 pm – 6:00 am +1,Singapore Airlines,HKT‐EWR,22h50m,1,SIN,1508,20220409-1016,best
10:30 pm – 9:35 am +2,Singapore Airlines,JFK‐HKT,24h05m,1,SIN,8:10 pm – 11:10 am +1,Singapore Airlines,HKT‐JFK,26h00m,2,"SIN, FRA",1341,20220409-1016,best
10:30 pm – 10:50 am +2,Singapore Airlines,JFK‐HKT,25h20m,1,SIN,6:10 pm – 6:00 am +1,Singapore Airlines,HKT‐EWR,22h50m,1,SIN,1508,20220409-1016,best
10:25 am – 7:20 pm +1,Singapore Airlines,EWR‐HKT,21h55m,1,SIN,11:40 am – 6:00 am +1,Singapore Airlines,HKT‐EWR,29h20m,1,SIN,1483,20220409-1016,best
10:30 pm – 10:50 am +2,Singapore Airlines,JFK‐HKT,25h20m,1,SIN,8:10 pm – 11:10 am +1,Singapore Airlines,HKT‐JFK,26h00m,2,"SIN, FRA",1341,20220409-1016,best
9:55 pm – 6:55 am +2,Qatar Airways,JFK‐HKT,22h00m,1,DOH,12:10 am – 2:25 pm,Emirates,HKT‐JFK,25h15m,1,DXB,1531,20220409-1016,best
9:55 pm – 6:55 am +2,Qatar Airways,JFK‐HKT,22h00m,1,DOH,11:55 pm – 2:55 pm +1,Qatar Airways,HKT‐JFK,26h00m,1,DOH,1500,20220409-1016,best
1:55 pm – 12:10 am +2,Asiana Airlines,JFK‐HKT,23h15m,1,ICN,12:10 am – 2:25 pm,Emirates,HKT‐JFK,25h15m,1,DXB,1547,20220409-1016,best
10:25 am – 7:20 pm +1,Singapore Airlines,EWR‐HKT,21h55m,1,SIN,12:10 pm – 6:00 am +1,Singapore Airlines,HKT‐EWR,28h50m,1,SIN,1526,20220409-1016,best
10:30 pm – 9:35 am +2,Singapore Airlines,JFK‐HKT,24h05m,1,SIN,6:10 pm – 11:10 am +1,Singapore Airlines,HKT‐JFK,28h00m,2,"SIN, FRA",1341,20220409-1016,best
10:25 am – 7:20 pm +1,Singapore Airlines,EWR‐HKT,21h55m,1,SIN,1:30 am – 11:35 am,Asiana Airlines,HKT‐JFK,21h05m,1,ICN,1966,20220409-1021,fast
9:55 pm – 6:55 am +2,Qatar Airways,JFK‐HKT,22h00m,1,DOH,1:30 am – 11:35 am,Asiana Airlines,HKT‐JFK,21h05m,1,ICN,1580,20220409-1021,fast
1:55 pm – 12:10 am +2,Asiana Airlines,JFK‐HKT,23h15m,1,ICN,1:30 am – 11:35 am,Asiana Airlines,HKT‐JFK,21h05m,1,ICN,1235,20220409-1021,fast
10:25 am – 7:20 pm +1,Singapore Airlines,EWR‐HKT,21h55m,1,SIN,6:10 pm – 6:00 am +1,Singapore Airlines,HKT‐EWR,22h50m,1,SIN,1483,20220409-1021,fast
7:00 pm – 6:55 am +2,"JetBlue, Qatar Airways",LGA‐HKT,24h55m,2,"BOS, DOH",1:30 am – 11:35 am,Asiana Airlines,HKT‐JFK,21h05m,1,ICN,1831,20220409-1021,fast
6:45 pm – 6:55 am +2,"JetBlue, Qatar Airways",EWR‐HKT,25h10m,2,"BOS, DOH",1:30 am – 11:35 am,Asiana Airlines,HKT‐JFK,21h05m,1,ICN,1831,20220409-1021,fast
10:25 am – 7:20 pm +1,Singapore Airlines,EWR‐HKT,21h55m,1,SIN,8:15 am – 10:05 pm,"THAI Smile, EVA Air",HKT‐JFK,24h50m,2,"BKK, TPE",2440,20220409-1021,fast
9:50 pm – 10:35 am +2,Thai Airways,JFK‐HKT,25h45m,2,"FRA, BKK",1:30 am – 11:35 am,Asiana Airlines,HKT‐JFK,21h05m,1,ICN,2388,20220409-1021,fast
10:30 pm – 9:35 am +2,Singapore Airlines,JFK‐HKT,24h05m,1,SIN,6:10 pm – 6:00 am +1,Singapore Airlines,HKT‐EWR,22h50m,1,SIN,1508,20220409-1021,fast
10:25 am – 7:20 pm +1,Singapore Airlines,EWR‐HKT,21h55m,1,SIN,12:10 am – 2:25 pm,Emirates,HKT‐JFK,25h15m,1,DXB,1903,20220409-1021,fast
9:55 pm – 6:55 am +2,Qatar Airways,JFK‐HKT,22h00m,1,DOH,12:10 am – 2:25 pm,Emirates,HKT‐JFK,25h15m,1,DXB,1531,20220409-1021,fast
10:25 am – 7:20 pm +1,Singapore Airlines,EWR‐HKT,21h55m,1,SIN,8:10 pm – 11:10 am +1,Singapore Airlines,HKT‐JFK,26h00m,2,"SIN, FRA",1317,20220409-1021,fast
9:55 pm – 6:55 am +2,Qatar Airways,JFK‐HKT,22h00m,1,DOH,11:55 pm – 2:55 pm +1,Qatar Airways,HKT‐JFK,26h00m,1,DOH,1500,20220409-1021,fast
5:00 pm – 6:55 am +2,Qatar Airways,LGA‐HKT,26h55m,2,"BOS, DOH",1:30 am – 11:35 am,Asiana Airlines,HKT‐JFK,21h05m,1,ICN,1812,20220409-1021,fast
9:55 pm – 6:55 am +2,"American Airlines, Qatar Airways",JFK‐HKT,22h00m,1,DOH,11:55 pm – 2:55 pm +1,"Qatar Airways, American Airlines",HKT‐JFK,26h00m,1,DOH,2170,20220409-1021,fast
