Out Time,Out Airline,Out Cities,Out Duration,Out Stops,Out Stop Cities,Return Time,Return Airline,Return Cities,Return Duration,Return Stops,Return Stop Cities,Price,timestamp,sort
8:55 pm – 7:20 pm +2,Singapore Airlines,JFK‐HKT,35h25m,2,"FRA, SIN",8:10 pm – 11:10 am +2,Singapore Airlines,HKT‐JFK,50h00m,2,"SIN, FRA",919,20220407-1155,cheap
11:55 pm – 12:30 pm +2,Emirates,EWR‐HKT,25h35m,2,"ATH, DXB",12:10 am – 2:25 pm,Emirates,HKT‐JFK,25h15m,1,DXB,1101,20220407-1155,cheap
10:20 pm – 12:30 pm +2,Emirates,JFK‐HKT,27h10m,2,"MXP, DXB",12:10 am – 2:25 pm,Emirates,HKT‐JFK,25h15m,1,DXB,1101,20220407-1155,cheap
11:55 pm – 12:30 pm +2,Emirates,EWR‐HKT,25h35m,2,"ATH, DXB",12:10 am – 9:20 pm,Emirates,HKT‐EWR,32h10m,2,"DXB, ATH",1101,20220407-1155,cheap
10:20 pm – 12:30 pm +2,Emirates,JFK‐HKT,27h10m,2,"MXP, DXB",12:10 am – 9:20 pm,Emirates,HKT‐EWR,32h10m,2,"DXB, ATH",1101,20220407-1155,cheap
11:55 pm – 12:30 pm +2,Emirates,EWR‐HKT,25h35m,2,"ATH, DXB",12:10 am – 8:50 am +1,Emirates,HKT‐JFK,43h40m,1,DXB,1101,20220407-1155,cheap
10:20 pm – 12:30 pm +2,Emirates,JFK‐HKT,27h10m,2,"MXP, DXB",12:10 am – 8:50 am +1,Emirates,HKT‐JFK,43h40m,1,DXB,1101,20220407-1155,cheap
8:55 pm – 7:10 pm +2,Singapore Airlines,JFK‐HKT,35h15m,2,"FRA, SIN",8:00 pm – 4:30 pm +1,Etihad Airways,HKT‐JFK,31h30m,1,AUH,1159,20220407-1155,cheap
10:20 pm – 12:30 pm +2,Emirates,JFK‐HKT,27h10m,2,"MXP, DXB",10:30 am – 8:50 am +1,"Malaysia Airlines, Emirates",HKT‐JFK,33h20m,2,"KUL, DXB",1174,20220407-1155,cheap
8:55 pm – 7:20 pm +2,Singapore Airlines,JFK‐HKT,35h25m,2,"FRA, SIN",8:00 pm – 4:30 pm +1,Etihad Airways,HKT‐JFK,31h30m,1,AUH,1190,20220407-1155,cheap
10:35 am – 6:55 am +2,Qatar Airways,JFK‐HKT,33h20m,1,DOH,7:10 pm – 2:55 pm +1,Qatar Airways,HKT‐JFK,30h45m,2,"BKK, DOH",1210,20220407-1155,cheap
10:35 am – 6:55 am +2,Qatar Airways,JFK‐HKT,33h20m,1,DOH,2:40 pm – 2:55 pm +1,Qatar Airways,HKT‐JFK,35h15m,2,"BKK, DOH",1210,20220407-1155,cheap
10:35 am – 1:15 pm +2,Qatar Airways,JFK‐HKT,39h40m,1,DOH,7:10 pm – 2:55 pm +1,Qatar Airways,HKT‐JFK,30h45m,2,"BKK, DOH",1210,20220407-1155,cheap
10:35 am – 1:15 pm +2,Qatar Airways,JFK‐HKT,39h40m,1,DOH,2:40 pm – 2:55 pm +1,Qatar Airways,HKT‐JFK,35h15m,2,"BKK, DOH",1210,20220407-1155,cheap
10:35 am – 6:55 am +2,Qatar Airways,JFK‐HKT,33h20m,1,DOH,10:20 am – 2:55 pm +1,Qatar Airways,HKT‐JFK,39h35m,2,"BKK, DOH",1213,20220407-1155,cheap
8:55 pm – 7:20 pm +2,Singapore Airlines,JFK‐HKT,35h25m,2,"FRA, SIN",8:10 pm – 11:10 am +2,Singapore Airlines,HKT‐JFK,50h00m,2,"SIN, FRA",974,20220407-1153,best
11:55 pm – 12:30 pm +2,Emirates,EWR‐HKT,25h35m,2,"ATH, DXB",12:10 am – 2:25 pm,Emirates,HKT‐JFK,25h15m,1,DXB,1101,20220407-1153,best
8:55 pm – 7:20 pm +2,Singapore Airlines,JFK‐HKT,35h25m,2,"FRA, SIN",8:10 pm – 11:10 am +2,Singapore Airlines,HKT‐JFK,50h00m,2,"SIN, FRA",919,20220407-1153,best
10:20 pm – 12:30 pm +2,Emirates,JFK‐HKT,27h10m,2,"MXP, DXB",12:10 am – 2:25 pm,Emirates,HKT‐JFK,25h15m,1,DXB,1101,20220407-1153,best
10:25 am – 7:20 pm +1,Singapore Airlines,EWR‐HKT,21h55m,1,SIN,6:10 pm – 6:00 am +1,Singapore Airlines,HKT‐EWR,22h50m,1,SIN,1652,20220407-1153,best
9:55 pm – 6:55 am +2,Qatar Airways,JFK‐HKT,22h00m,1,DOH,12:10 am – 2:25 pm,Emirates,HKT‐JFK,25h15m,1,DXB,1463,20220407-1153,best
9:55 pm – 6:55 am +2,Qatar Airways,JFK‐HKT,22h00m,1,DOH,11:55 pm – 2:55 pm +1,Qatar Airways,HKT‐JFK,26h00m,1,DOH,1441,20220407-1153,best
10:25 am – 7:20 pm +1,Singapore Airlines,EWR‐HKT,21h55m,1,SIN,8:10 pm – 11:10 am +1,Singapore Airlines,HKT‐JFK,26h00m,2,"SIN, FRA",1547,20220407-1153,best
8:55 pm – 9:35 am +2,Singapore Airlines,JFK‐HKT,25h40m,2,"FRA, SIN",6:10 pm – 6:00 am +1,Singapore Airlines,HKT‐EWR,22h50m,1,SIN,1547,20220407-1153,best
9:55 pm – 6:55 am +2,Qatar Airways,JFK‐HKT,22h00m,1,DOH,8:00 pm – 4:30 pm +1,Etihad Airways,HKT‐JFK,31h30m,1,AUH,1388,20220407-1153,best
8:55 pm – 10:50 am +2,Singapore Airlines,JFK‐HKT,26h55m,2,"FRA, SIN",6:10 pm – 6:00 am +1,Singapore Airlines,HKT‐EWR,22h50m,1,SIN,1547,20220407-1153,best
10:25 am – 7:20 pm +1,Singapore Airlines,EWR‐HKT,21h55m,1,SIN,6:10 pm – 11:10 am +1,Singapore Airlines,HKT‐JFK,28h00m,2,"SIN, FRA",1547,20220407-1153,best
8:55 pm – 9:35 am +2,Singapore Airlines,JFK‐HKT,25h40m,2,"FRA, SIN",8:10 pm – 11:10 am +1,Singapore Airlines,HKT‐JFK,26h00m,2,"SIN, FRA",1427,20220407-1153,best
9:55 pm – 6:55 am +2,Qatar Airways,JFK‐HKT,22h00m,1,DOH,7:10 pm – 2:55 pm +1,Qatar Airways,HKT‐JFK,30h45m,2,"BKK, DOH",1385,20220407-1153,best
10:30 pm – 9:35 am +2,Singapore Airlines,JFK‐HKT,24h05m,1,SIN,6:10 pm – 6:00 am +1,Singapore Airlines,HKT‐EWR,22h50m,1,SIN,1719,20220407-1153,best
8:55 pm – 10:50 am +2,Singapore Airlines,JFK‐HKT,26h55m,2,"FRA, SIN",8:10 pm – 11:10 am +1,Singapore Airlines,HKT‐JFK,26h00m,2,"SIN, FRA",1433,20220407-1153,best
11:55 pm – 12:30 pm +2,Emirates,EWR‐HKT,25h35m,2,"ATH, DXB",12:10 am – 9:20 pm,Emirates,HKT‐EWR,32h10m,2,"DXB, ATH",1101,20220407-1153,best
10:25 am – 7:20 pm +1,Singapore Airlines,EWR‐HKT,21h55m,1,SIN,6:10 pm – 6:00 am +1,Singapore Airlines,HKT‐EWR,22h50m,1,SIN,1652,20220407-1158,fast
10:30 pm – 9:35 am +2,Singapore Airlines,JFK‐HKT,24h05m,1,SIN,6:10 pm – 6:00 am +1,Singapore Airlines,HKT‐EWR,22h50m,1,SIN,1719,20220407-1158,fast
10:25 am – 7:20 pm +1,Singapore Airlines,EWR‐HKT,21h55m,1,SIN,12:10 am – 2:25 pm,Emirates,HKT‐JFK,25h15m,1,DXB,1764,20220407-1158,fast
9:55 pm – 6:55 am +2,Qatar Airways,JFK‐HKT,22h00m,1,DOH,12:10 am – 2:25 pm,Emirates,HKT‐JFK,25h15m,1,DXB,1463,20220407-1158,fast
10:25 am – 7:20 pm +1,Singapore Airlines,EWR‐HKT,21h55m,1,SIN,8:10 pm – 11:10 am +1,Singapore Airlines,HKT‐JFK,26h00m,2,"SIN, FRA",1547,20220407-1158,fast
9:55 pm – 6:55 am +2,Qatar Airways,JFK‐HKT,22h00m,1,DOH,11:55 pm – 2:55 pm +1,Qatar Airways,HKT‐JFK,26h00m,1,DOH,1441,20220407-1158,fast
9:55 pm – 6:55 am +2,"American Airlines, Qatar Airways",JFK‐HKT,22h00m,1,DOH,11:55 pm – 2:55 pm +1,"Qatar Airways, American Airlines",HKT‐JFK,26h00m,1,DOH,1816,20220407-1158,fast
10:30 pm – 10:50 am +2,Singapore Airlines,JFK‐HKT,25h20m,1,SIN,6:10 pm – 6:00 am +1,Singapore Airlines,HKT‐EWR,22h50m,1,SIN,1719,20220407-1158,fast
8:55 pm – 9:35 am +2,Singapore Airlines,JFK‐HKT,25h40m,2,"FRA, SIN",6:10 pm – 6:00 am +1,Singapore Airlines,HKT‐EWR,22h50m,1,SIN,1547,20220407-1158,fast
10:30 pm – 9:35 am +2,Singapore Airlines,JFK‐HKT,24h05m,1,SIN,12:10 am – 2:25 pm,Emirates,HKT‐JFK,25h15m,1,DXB,1962,20220407-1158,fast
8:55 pm – 10:50 am +2,Singapore Airlines,JFK‐HKT,26h55m,2,"FRA, SIN",6:10 pm – 6:00 am +1,Singapore Airlines,HKT‐EWR,22h50m,1,SIN,1547,20220407-1158,fast
7:25 pm – 6:55 am +2,Qatar Airways,JFK‐HKT,24h30m,2,"BOS, DOH",12:10 am – 2:25 pm,Emirates,HKT‐JFK,25h15m,1,DXB,1626,20220407-1158,fast
10:25 am – 7:20 pm +1,Singapore Airlines,EWR‐HKT,21h55m,1,SIN,6:10 pm – 11:10 am +1,Singapore Airlines,HKT‐JFK,28h00m,2,"SIN, FRA",1547,20220407-1158,fast
7:25 pm – 6:55 am +2,Qatar Airways,JFK‐HKT,24h30m,2,"BOS, DOH",11:55 pm – 2:25 pm +1,British Airways,HKT‐JFK,25h30m,2,"DOH, LHR",3796,20220407-1158,fast
7:25 pm – 6:55 am +2,Qatar Airways,JFK‐HKT,24h30m,2,"BOS, DOH",11:55 pm – 2:55 pm +1,Qatar Airways,HKT‐JFK,26h00m,1,DOH,1615,20220407-1158,fast
