Out Time,Out Airline,Out Cities,Out Duration,Out Stops,Out Stop Cities,Return Time,Return Airline,Return Cities,Return Duration,Return Stops,Return Stop Cities,Price,timestamp,sort
8:55 pm – 10:50 am +3,Singapore Airlines,JFK‐HKT,50h55m,2,"FRA, SIN",8:10 pm – 11:10 am +2,Singapore Airlines,HKT‐JFK,50h00m,2,"SIN, FRA",877,20220407-1048,cheap
11:55 pm – 12:30 pm +2,Emirates,EWR‐HKT,25h35m,2,"ATH, DXB",12:10 am – 9:20 pm,Emirates,HKT‐EWR,32h10m,2,"DXB, ATH",1112,20220407-1048,cheap
11:00 pm – 12:30 pm +2,Emirates,JFK‐HKT,26h30m,1,DXB,12:10 am – 9:20 pm,Emirates,HKT‐EWR,32h10m,2,"DXB, ATH",1112,20220407-1048,cheap
10:20 pm – 12:30 pm +2,Emirates,JFK‐HKT,27h10m,2,"MXP, DXB",12:10 am – 9:20 pm,Emirates,HKT‐EWR,32h10m,2,"DXB, ATH",1112,20220407-1048,cheap
11:55 pm – 12:30 pm +2,Emirates,EWR‐HKT,25h35m,2,"ATH, DXB",12:10 am – 8:50 am +1,Emirates,HKT‐JFK,43h40m,1,DXB,1112,20220407-1048,cheap
11:00 pm – 12:30 pm +2,Emirates,JFK‐HKT,26h30m,1,DXB,12:10 am – 8:50 am +1,Emirates,HKT‐JFK,43h40m,1,DXB,1112,20220407-1048,cheap
11:20 am – 12:30 pm +2,Emirates,JFK‐HKT,38h10m,1,DXB,12:10 am – 9:20 pm,Emirates,HKT‐EWR,32h10m,2,"DXB, ATH",1112,20220407-1048,cheap
10:20 pm – 12:30 pm +2,Emirates,JFK‐HKT,27h10m,2,"MXP, DXB",12:10 am – 8:50 am +1,Emirates,HKT‐JFK,43h40m,1,DXB,1112,20220407-1048,cheap
11:10 am – 10:45 pm +1,"Qatar Airways, Thai Vietjet Air",JFK‐HKT,24h35m,2,"DOH, BKK",11:15 pm – 2:55 pm +1,"Thai Vietjet Air, Qatar Airways",HKT‐JFK,26h40m,2,"BKK, DOH",1182,20220407-1048,cheap
11:10 am – 10:45 pm +1,"Qatar Airways, Thai Vietjet Air",JFK‐HKT,24h35m,2,"DOH, BKK",10:00 pm – 2:55 pm +1,"Thai Vietjet Air, Qatar Airways",HKT‐JFK,27h55m,2,"BKK, DOH",1182,20220407-1048,cheap
11:10 am – 10:45 pm +1,"Qatar Airways, Thai Vietjet Air",JFK‐HKT,24h35m,2,"DOH, BKK",11:15 pm – 10:45 pm +1,"Thai Vietjet Air, Qatar Airways",HKT‐JFK,34h30m,2,"BKK, DOH",1182,20220407-1048,cheap
11:10 am – 10:45 pm +1,"Qatar Airways, Thai Vietjet Air",JFK‐HKT,24h35m,2,"DOH, BKK",11:15 pm – 10:45 pm +1,"Thai Vietjet Air, Qatar Airways",HKT‐JFK,34h30m,2,"BKK, DOH",1182,20220407-1048,cheap
11:10 am – 10:45 pm +1,"Qatar Airways, Thai Vietjet Air",JFK‐HKT,24h35m,2,"DOH, BKK",10:00 pm – 10:45 pm +1,"Thai Vietjet Air, Qatar Airways",HKT‐JFK,35h45m,2,"BKK, DOH",1182,20220407-1048,cheap
11:10 am – 10:45 pm +1,"Qatar Airways, Thai Vietjet Air",JFK‐HKT,24h35m,2,"DOH, BKK",10:00 pm – 10:45 pm +1,"Thai Vietjet Air, Qatar Airways",HKT‐JFK,35h45m,2,"BKK, DOH",1182,20220407-1048,cheap
11:55 pm – 12:30 pm +2,Emirates,EWR‐HKT,25h35m,2,"ATH, DXB",10:30 am – 6:55 pm +1,"Malaysia Airlines, Emirates",HKT‐JFK,43h25m,2,"KUL, DXB",1196,20220407-1048,cheap
11:00 pm – 12:30 pm +2,Emirates,JFK‐HKT,26h30m,1,DXB,12:10 am – 2:25 pm,Emirates,HKT‐JFK,25h15m,1,DXB,1314,20220407-1046,best
9:55 pm – 6:55 am +2,Qatar Airways,JFK‐HKT,22h00m,1,DOH,11:55 pm – 2:55 pm +1,Qatar Airways,HKT‐JFK,26h00m,1,DOH,1335,20220407-1046,best
10:25 am – 7:20 pm +1,Singapore Airlines,EWR‐HKT,21h55m,1,SIN,6:10 pm – 6:00 am +1,Singapore Airlines,HKT‐EWR,22h50m,1,SIN,1641,20220407-1046,best
9:55 pm – 6:55 am +2,Qatar Airways,JFK‐HKT,22h00m,1,DOH,12:10 am – 2:25 pm,Emirates,HKT‐JFK,25h15m,1,DXB,1440,20220407-1046,best
11:00 pm – 12:30 pm +2,Emirates,JFK‐HKT,26h30m,1,DXB,12:10 am – 2:25 pm,Emirates,HKT‐JFK,25h15m,1,DXB,1269,20220407-1046,best
9:55 pm – 6:55 am +2,Qatar Airways,JFK‐HKT,22h00m,1,DOH,8:00 pm – 4:30 pm +1,Etihad Airways,HKT‐JFK,31h30m,1,AUH,1314,20220407-1046,best
11:55 pm – 12:30 pm +2,Emirates,EWR‐HKT,25h35m,2,"ATH, DXB",12:10 am – 2:25 pm,Emirates,HKT‐JFK,25h15m,1,DXB,1275,20220407-1046,best
10:25 am – 7:20 pm +1,Singapore Airlines,EWR‐HKT,21h55m,1,SIN,8:10 pm – 11:10 am +1,Singapore Airlines,HKT‐JFK,26h00m,2,"SIN, FRA",1555,20220407-1046,best
10:20 pm – 12:30 pm +2,Emirates,JFK‐HKT,27h10m,2,"MXP, DXB",12:10 am – 2:25 pm,Emirates,HKT‐JFK,25h15m,1,DXB,1275,20220407-1046,best
10:25 am – 7:20 pm +1,Singapore Airlines,EWR‐HKT,21h55m,1,SIN,5:35 pm – 6:00 am +1,Singapore Airlines,HKT‐EWR,23h25m,1,SIN,1731,20220407-1046,best
1:00 am – 1:15 pm +1,Qatar Airways,JFK‐HKT,25h15m,1,DOH,12:10 am – 2:25 pm,Emirates,HKT‐JFK,25h15m,1,DXB,1443,20220407-1046,best
10:25 am – 7:20 pm +1,Singapore Airlines,EWR‐HKT,21h55m,1,SIN,6:10 pm – 11:10 am +1,Singapore Airlines,HKT‐JFK,28h00m,2,"SIN, FRA",1555,20220407-1046,best
9:55 pm – 1:15 pm +2,Qatar Airways,JFK‐HKT,28h20m,1,DOH,11:55 pm – 2:55 pm +1,Qatar Airways,HKT‐JFK,26h00m,1,DOH,1335,20220407-1046,best
11:00 pm – 12:30 pm +2,Emirates,JFK‐HKT,26h30m,1,DXB,12:10 am – 9:20 pm,Emirates,HKT‐EWR,32h10m,2,"DXB, ATH",1112,20220407-1046,best
10:25 am – 7:20 pm +1,Singapore Airlines,EWR‐HKT,21h55m,1,SIN,5:35 pm – 11:10 am +1,Singapore Airlines,HKT‐JFK,28h35m,2,"SIN, FRA",1542,20220407-1046,best
11:10 am – 6:55 am +2,Qatar Airways,JFK‐HKT,32h45m,1,DOH,11:55 pm – 2:55 pm +1,Qatar Airways,HKT‐JFK,26h00m,1,DOH,1257,20220407-1046,best
10:25 am – 7:20 pm +1,Singapore Airlines,EWR‐HKT,21h55m,1,SIN,6:10 pm – 6:00 am +1,Singapore Airlines,HKT‐EWR,22h50m,1,SIN,1641,20220407-1051,fast
10:25 am – 7:20 pm +1,Singapore Airlines,EWR‐HKT,21h55m,1,SIN,5:35 pm – 6:00 am +1,Singapore Airlines,HKT‐EWR,23h25m,1,SIN,1731,20220407-1051,fast
10:30 pm – 9:35 am +2,Singapore Airlines,JFK‐HKT,24h05m,1,SIN,6:10 pm – 6:00 am +1,Singapore Airlines,HKT‐EWR,22h50m,1,SIN,2193,20220407-1051,fast
10:25 am – 7:20 pm +1,Singapore Airlines,EWR‐HKT,21h55m,1,SIN,12:10 am – 2:25 pm,Emirates,HKT‐JFK,25h15m,1,DXB,1814,20220407-1051,fast
9:55 pm – 6:55 am +2,Qatar Airways,JFK‐HKT,22h00m,1,DOH,12:10 am – 2:25 pm,Emirates,HKT‐JFK,25h15m,1,DXB,1440,20220407-1051,fast
10:25 am – 7:20 pm +1,Singapore Airlines,EWR‐HKT,21h55m,1,SIN,8:10 pm – 11:10 am +1,Singapore Airlines,HKT‐JFK,26h00m,2,"SIN, FRA",1555,20220407-1051,fast
9:55 pm – 6:55 am +2,Qatar Airways,JFK‐HKT,22h00m,1,DOH,11:55 pm – 2:55 pm +1,Qatar Airways,HKT‐JFK,26h00m,1,DOH,1335,20220407-1051,fast
9:55 pm – 6:55 am +2,"American Airlines, Qatar Airways",JFK‐HKT,22h00m,1,DOH,11:55 pm – 2:55 pm +1,"Qatar Airways, American Airlines",HKT‐JFK,26h00m,1,DOH,1671,20220407-1051,fast
10:30 pm – 10:50 am +2,Singapore Airlines,JFK‐HKT,25h20m,1,SIN,6:10 pm – 6:00 am +1,Singapore Airlines,HKT‐EWR,22h50m,1,SIN,2452,20220407-1051,fast
8:55 pm – 9:35 am +2,Singapore Airlines,JFK‐HKT,25h40m,2,"FRA, SIN",6:10 pm – 6:00 am +1,Singapore Airlines,HKT‐EWR,22h50m,1,SIN,1686,20220407-1051,fast
9:55 pm – 6:55 am +2,Qatar Airways,JFK‐HKT,22h00m,1,DOH,8:00 pm – 11:55 am +1,"Thai Vietjet Air, SAUDIA",HKT‐JFK,26h55m,2,"BKK, JED",1336,20220407-1051,fast
7:25 pm – 6:55 am +2,Qatar Airways,JFK‐HKT,24h30m,2,"BOS, DOH",12:10 am – 2:25 pm,Emirates,HKT‐JFK,25h15m,1,DXB,1678,20220407-1051,fast
8:55 pm – 10:50 am +2,Singapore Airlines,JFK‐HKT,26h55m,2,"FRA, SIN",6:10 pm – 6:00 am +1,Singapore Airlines,HKT‐EWR,22h50m,1,SIN,1874,20220407-1051,fast
10:25 am – 7:20 pm +1,Singapore Airlines,EWR‐HKT,21h55m,1,SIN,6:10 pm – 11:10 am +1,Singapore Airlines,HKT‐JFK,28h00m,2,"SIN, FRA",1555,20220407-1051,fast
10:30 pm – 10:15 am +2,Etihad Airways,JFK‐HKT,24h45m,1,AUH,12:10 am – 2:25 pm,Emirates,HKT‐JFK,25h15m,1,DXB,1886,20220407-1051,fast
