Out Time,Out Airline,Out Cities,Out Duration,Out Stops,Out Stop Cities,Return Time,Return Airline,Return Cities,Return Duration,Return Stops,Return Stop Cities,Price,timestamp,sort
8:55 pm – 9:35 am +3,Singapore Airlines,JFK‐HKT,49h40m,2,"FRA, SIN",7:10 pm – 11:10 am +2,"Bangkok Airways, Singapore Airlines",HKT‐JFK,51h00m,3,"BKK, SIN, ...",1031,20220407-1033,cheap
8:55 pm – 7:20 pm +2,Singapore Airlines,JFK‐HKT,35h25m,2,"FRA, SIN",10:25 am – 11:10 am +1,Singapore Airlines,HKT‐JFK,35h45m,2,"SIN, FRA",1085,20220407-1033,cheap
11:10 am – 1:15 pm +2,Qatar Airways,JFK‐HKT,39h05m,1,DOH,2:40 pm – 2:55 pm +1,Qatar Airways,HKT‐JFK,35h15m,2,"BKK, DOH",1174,20220407-1033,cheap
11:55 pm – 12:30 pm +2,Emirates,EWR‐HKT,25h35m,2,"ATH, DXB",10:30 am – 6:55 pm +1,"Malaysia Airlines, Emirates",HKT‐JFK,43h25m,2,"KUL, DXB",1196,20220407-1033,cheap
11:10 am – 1:15 pm +2,Qatar Airways,JFK‐HKT,39h05m,1,DOH,7:10 pm – 2:55 pm +1,"Bangkok Airways, Qatar Airways",HKT‐JFK,30h45m,2,"BKK, DOH",1196,20220407-1033,cheap
11:00 pm – 12:30 pm +2,Emirates,JFK‐HKT,26h30m,1,DXB,10:30 am – 6:55 pm +1,"Malaysia Airlines, Emirates",HKT‐JFK,43h25m,2,"KUL, DXB",1196,20220407-1033,cheap
10:20 pm – 12:30 pm +2,Emirates,JFK‐HKT,27h10m,2,"MXP, DXB",10:30 am – 6:55 pm +1,"Malaysia Airlines, Emirates",HKT‐JFK,43h25m,2,"KUL, DXB",1196,20220407-1033,cheap
11:55 pm – 12:30 pm +2,Emirates,EWR‐HKT,25h35m,2,"ATH, DXB",10:30 am – 6:55 pm +1,"Malaysia Airlines, Emirates",HKT‐JFK,43h25m,3,"KUL, DXB, ...",1200,20220407-1033,cheap
11:00 pm – 12:30 pm +2,Emirates,JFK‐HKT,26h30m,1,DXB,10:30 am – 6:55 pm +1,"Malaysia Airlines, Emirates",HKT‐JFK,43h25m,3,"KUL, DXB, ...",1200,20220407-1033,cheap
10:20 pm – 12:30 pm +2,Emirates,JFK‐HKT,27h10m,2,"MXP, DXB",10:30 am – 6:55 pm +1,"Malaysia Airlines, Emirates",HKT‐JFK,43h25m,3,"KUL, DXB, ...",1200,20220407-1033,cheap
11:55 pm – 12:30 pm +2,Emirates,EWR‐HKT,25h35m,2,"ATH, DXB",2:40 pm – 2:25 pm +1,"Bangkok Airways, Emirates",HKT‐JFK,34h45m,2,"BKK, DXB",1204,20220407-1033,cheap
11:00 pm – 12:30 pm +2,Emirates,JFK‐HKT,26h30m,1,DXB,2:40 pm – 2:25 pm +1,"Bangkok Airways, Emirates",HKT‐JFK,34h45m,2,"BKK, DXB",1204,20220407-1033,cheap
10:20 pm – 12:30 pm +2,Emirates,JFK‐HKT,27h10m,2,"MXP, DXB",2:40 pm – 2:25 pm +1,"Bangkok Airways, Emirates",HKT‐JFK,34h45m,2,"BKK, DXB",1204,20220407-1033,cheap
11:00 pm – 12:30 pm +2,Emirates,JFK‐HKT,26h30m,1,DXB,10:20 am – 2:25 pm +1,Emirates,HKT‐JFK,39h05m,2,"BKK, DXB",1209,20220407-1033,cheap
8:55 pm – 7:20 pm +2,Singapore Airlines,JFK‐HKT,35h25m,2,"FRA, SIN",9:30 am – 10:15 am +1,"Thai AirAsia, ANA",HKT‐JFK,35h45m,2,"DMK-BKK, HND",1211,20220407-1033,cheap
11:10 am – 1:15 pm +2,Qatar Airways,JFK‐HKT,39h05m,1,DOH,2:40 pm – 2:55 pm +1,Qatar Airways,HKT‐JFK,35h15m,2,"BKK, DOH",1213,20220407-1031,best
8:45 pm – 6:55 am +2,"Lufthansa, THAI Smile",EWR‐HKT,23h10m,2,"MUC, BOM",12:10 am – 2:25 pm,Emirates,HKT‐JFK,25h15m,1,DXB,1639,20220407-1031,best
10:25 am – 7:20 pm +1,Singapore Airlines,EWR‐HKT,21h55m,1,SIN,6:10 pm – 11:10 am +1,Singapore Airlines,HKT‐JFK,28h00m,2,"SIN, FRA",1675,20220407-1031,best
11:00 pm – 12:30 pm +2,Emirates,JFK‐HKT,26h30m,1,DXB,12:10 am – 2:25 pm,Emirates,HKT‐JFK,25h15m,1,DXB,1564,20220407-1031,best
11:00 pm – 12:30 pm +2,Emirates,JFK‐HKT,26h30m,1,DXB,7:10 pm – 2:25 pm +1,Emirates,HKT‐JFK,30h15m,2,"BKK, DXB",1309,20220407-1031,best
10:25 am – 7:20 pm +1,Singapore Airlines,EWR‐HKT,21h55m,1,SIN,10:25 am – 6:00 am +1,Singapore Airlines,HKT‐EWR,30h35m,1,SIN,1707,20220407-1031,best
11:55 pm – 12:30 pm +2,Emirates,EWR‐HKT,25h35m,2,"ATH, DXB",12:10 am – 2:25 pm,Emirates,HKT‐JFK,25h15m,1,DXB,1570,20220407-1031,best
11:55 pm – 12:30 pm +2,Emirates,EWR‐HKT,25h35m,2,"ATH, DXB",7:10 pm – 2:25 pm +1,Emirates,HKT‐JFK,30h15m,2,"BKK, DXB",1309,20220407-1031,best
10:25 am – 7:20 pm +1,Singapore Airlines,EWR‐HKT,21h55m,1,SIN,8:10 pm – 11:10 am +1,Singapore Airlines,HKT‐JFK,26h00m,2,"SIN, FRA",1874,20220407-1031,best
8:55 pm – 9:35 am +2,Singapore Airlines,JFK‐HKT,25h40m,2,"FRA, SIN",6:10 pm – 11:10 am +1,Singapore Airlines,HKT‐JFK,28h00m,2,"SIN, FRA",1561,20220407-1031,best
9:55 pm – 1:15 pm +2,Qatar Airways,JFK‐HKT,28h20m,1,DOH,11:55 pm – 2:55 pm +1,Qatar Airways,HKT‐JFK,26h00m,1,DOH,1533,20220407-1031,best
10:25 am – 7:20 pm +1,Singapore Airlines,EWR‐HKT,21h55m,1,SIN,10:25 am – 11:10 am +1,Singapore Airlines,HKT‐JFK,35h45m,2,"SIN, FRA",1475,20220407-1031,best
10:20 pm – 12:30 pm +2,Emirates,JFK‐HKT,27h10m,2,"MXP, DXB",12:10 am – 2:25 pm,Emirates,HKT‐JFK,25h15m,1,DXB,1570,20220407-1031,best
10:20 pm – 12:30 pm +2,Emirates,JFK‐HKT,27h10m,2,"MXP, DXB",7:10 pm – 2:25 pm +1,Emirates,HKT‐JFK,30h15m,2,"BKK, DXB",1309,20220407-1031,best
11:00 pm – 12:30 pm +2,Emirates,JFK‐HKT,26h30m,1,DXB,2:40 pm – 2:25 pm +1,"Bangkok Airways, Emirates",HKT‐JFK,34h45m,2,"BKK, DXB",1204,20220407-1031,best
8:55 pm – 10:50 am +2,Singapore Airlines,JFK‐HKT,26h55m,2,"FRA, SIN",6:10 pm – 11:10 am +1,Singapore Airlines,HKT‐JFK,28h00m,2,"SIN, FRA",1561,20220407-1031,best
10:25 am – 7:20 pm +1,Singapore Airlines,EWR‐HKT,21h55m,1,SIN,6:10 pm – 6:00 am +1,Singapore Airlines,HKT‐EWR,22h50m,1,SIN,2193,20220407-1035,fast
10:25 am – 7:20 pm +1,Singapore Airlines,EWR‐HKT,21h55m,1,SIN,12:10 am – 2:25 pm,Emirates,HKT‐JFK,25h15m,1,DXB,1986,20220407-1035,fast
10:25 am – 7:20 pm +1,Singapore Airlines,EWR‐HKT,21h55m,1,SIN,8:10 pm – 11:10 am +1,Singapore Airlines,HKT‐JFK,26h00m,2,"SIN, FRA",1874,20220407-1035,fast
10:25 am – 7:20 pm +1,Singapore Airlines,EWR‐HKT,21h55m,1,SIN,11:55 pm – 2:55 pm +1,Qatar Airways,HKT‐JFK,26h00m,1,DOH,2016,20220407-1035,fast
8:45 pm – 6:55 am +2,"Lufthansa, THAI Smile",EWR‐HKT,23h10m,2,"MUC, BOM",12:10 am – 2:25 pm,Emirates,HKT‐JFK,25h15m,1,DXB,1639,20220407-1035,fast
10:25 am – 7:20 pm +1,Singapore Airlines,EWR‐HKT,21h55m,1,SIN,7:40 pm – 11:35 am +1,"THAI Smile, Asiana Airlines",HKT‐JFK,26h55m,2,"BKK, ICN",3302,20220407-1035,fast
10:30 pm – 9:35 am +2,Singapore Airlines,JFK‐HKT,24h05m,1,SIN,12:10 am – 2:25 pm,Emirates,HKT‐JFK,25h15m,1,DXB,2036,20220407-1035,fast
10:25 am – 7:20 pm +1,Singapore Airlines,EWR‐HKT,21h55m,1,SIN,6:10 pm – 11:10 am +1,Singapore Airlines,HKT‐JFK,28h00m,2,"SIN, FRA",1675,20220407-1035,fast
10:30 pm – 10:15 am +2,Etihad Airways,JFK‐HKT,24h45m,1,AUH,12:10 am – 2:25 pm,Emirates,HKT‐JFK,25h15m,1,DXB,2014,20220407-1035,fast
10:30 pm – 9:35 am +2,Singapore Airlines,JFK‐HKT,24h05m,1,SIN,8:10 pm – 11:10 am +1,Singapore Airlines,HKT‐JFK,26h00m,2,"SIN, FRA",1874,20220407-1035,fast
10:30 pm – 10:50 am +2,Singapore Airlines,JFK‐HKT,25h20m,1,SIN,12:10 am – 2:25 pm,Emirates,HKT‐JFK,25h15m,1,DXB,2036,20220407-1035,fast
11:55 pm – 12:30 pm +2,Emirates,EWR‐HKT,25h35m,2,"ATH, DXB",12:10 am – 2:25 pm,Emirates,HKT‐JFK,25h15m,1,DXB,1570,20220407-1035,fast
10:30 pm – 9:35 am +2,Singapore Airlines,JFK‐HKT,24h05m,1,SIN,7:40 pm – 11:35 am +1,"THAI Smile, Asiana Airlines",HKT‐JFK,26h55m,2,"BKK, ICN",3302,20220407-1035,fast
10:25 am – 7:20 pm +1,Singapore Airlines,EWR‐HKT,21h55m,1,SIN,11:40 am – 6:00 am +1,Singapore Airlines,HKT‐EWR,29h20m,1,SIN,2193,20220407-1035,fast
10:30 pm – 10:50 am +2,Singapore Airlines,JFK‐HKT,25h20m,1,SIN,8:10 pm – 11:10 am +1,Singapore Airlines,HKT‐JFK,26h00m,2,"SIN, FRA",1874,20220407-1035,fast
