Out Time,Out Airline,Out Cities,Out Duration,Out Stops,Out Stop Cities,Return Time,Return Airline,Return Cities,Return Duration,Return Stops,Return Stop Cities,Price,timestamp,sort
6:45 pm – 9:35 am +2,"PLAY, Thai Airways",SWF‐HKT,27h50m,3,"KEF, CDG, ...",7:40 pm – 5:35 pm +1,"Thai Airways, PLAY",HKT‐SWF,32h55m,3,"BKK, CDG, ...",1262,20220407-1547,cheap
6:45 pm – 11:00 am +2,"PLAY, Thai Airways",SWF‐HKT,29h15m,3,"KEF, CDG, ...",5:05 pm – 5:35 pm +1,"Thai Airways, PLAY",HKT‐SWF,35h30m,3,"BKK, CDG, ...",1262,20220407-1547,cheap
8:55 pm – 7:20 pm +2,Singapore Airlines,JFK‐HKT,35h25m,2,"FRA, SIN",11:55 pm – 10:45 pm +1,Qatar Airways,HKT‐JFK,33h50m,1,DOH,1265,20220407-1547,cheap
6:45 pm – 10:20 am +2,"PLAY, Thai Airways",SWF‐HKT,28h35m,3,"KEF, CDG, ...",7:40 pm – 5:35 pm +1,"Thai Airways, PLAY",HKT‐SWF,32h55m,3,"BKK, CDG, ...",1266,20220407-1547,cheap
6:45 pm – 9:35 am +2,"PLAY, Thai Airways",SWF‐HKT,27h50m,3,"KEF, CDG, ...",9:15 pm – 5:35 pm +1,"Thai Airways, PLAY",HKT‐SWF,31h20m,3,"BKK, CDG, ...",1318,20220407-1547,cheap
6:45 pm – 10:35 am +2,"PLAY, Thai Airways",SWF‐HKT,28h50m,3,"KEF, CDG, ...",9:15 pm – 5:35 pm +1,"Thai Airways, PLAY",HKT‐SWF,31h20m,3,"BKK, CDG, ...",1318,20220407-1547,cheap
6:45 pm – 11:00 am +2,"PLAY, Thai Airways",SWF‐HKT,29h15m,3,"KEF, CDG, ...",9:15 pm – 5:35 pm +1,"Thai Airways, PLAY",HKT‐SWF,31h20m,3,"BKK, CDG, ...",1318,20220407-1547,cheap
6:45 pm – 10:35 am +2,"PLAY, Thai Airways",SWF‐HKT,28h50m,3,"KEF, CDG, ...",7:40 pm – 5:35 pm +1,"Thai Airways, PLAY",HKT‐SWF,32h55m,3,"BKK, CDG, ...",1318,20220407-1547,cheap
6:45 pm – 12:20 pm +2,"PLAY, Thai Airways",SWF‐HKT,30h35m,3,"KEF, CDG, ...",9:15 pm – 5:35 pm +1,"Thai Airways, PLAY",HKT‐SWF,31h20m,3,"BKK, CDG, ...",1318,20220407-1547,cheap
6:45 pm – 11:00 am +2,"PLAY, Thai Airways",SWF‐HKT,29h15m,3,"KEF, CDG, ...",7:40 pm – 5:35 pm +1,"Thai Airways, PLAY",HKT‐SWF,32h55m,3,"BKK, CDG, ...",1318,20220407-1547,cheap
6:45 pm – 9:35 am +2,"PLAY, Thai Airways",SWF‐HKT,27h50m,3,"KEF, CDG, ...",5:05 pm – 5:35 pm +1,"Thai Airways, PLAY",HKT‐SWF,35h30m,3,"BKK, CDG, ...",1318,20220407-1547,cheap
6:45 pm – 12:20 pm +2,"PLAY, Thai Airways",SWF‐HKT,30h35m,3,"KEF, CDG, ...",7:40 pm – 5:35 pm +1,"Thai Airways, PLAY",HKT‐SWF,32h55m,3,"BKK, CDG, ...",1318,20220407-1547,cheap
6:45 pm – 10:35 am +2,"PLAY, Thai Airways",SWF‐HKT,28h50m,3,"KEF, CDG, ...",5:05 pm – 5:35 pm +1,"Thai Airways, PLAY",HKT‐SWF,35h30m,3,"BKK, CDG, ...",1318,20220407-1547,cheap
6:45 pm – 4:25 pm +2,"PLAY, Thai Airways",SWF‐HKT,34h40m,3,"KEF, CDG, ...",9:15 pm – 5:35 pm +1,"Thai Airways, PLAY",HKT‐SWF,31h20m,3,"BKK, CDG, ...",1318,20220407-1547,cheap
6:45 pm – 12:20 pm +2,"PLAY, Thai Airways",SWF‐HKT,30h35m,3,"KEF, CDG, ...",5:05 pm – 5:35 pm +1,"Thai Airways, PLAY",HKT‐SWF,35h30m,3,"BKK, CDG, ...",1318,20220407-1547,cheap
8:55 pm – 11:30 am +2,Singapore Airlines,JFK‐HKT,27h35m,2,"FRA, SIN",12:10 pm – 11:10 am +1,Singapore Airlines,HKT‐JFK,34h00m,2,"SIN, FRA",1658,20220407-1544,best
8:55 pm – 9:35 am +2,Singapore Airlines,JFK‐HKT,25h40m,2,"FRA, SIN",8:10 pm – 11:10 am +1,Singapore Airlines,HKT‐JFK,26h00m,2,"SIN, FRA",1483,20220407-1544,best
6:45 pm – 9:35 am +2,"PLAY, Thai Airways",SWF‐HKT,27h50m,3,"KEF, CDG, ...",7:40 pm – 5:35 pm +1,"Thai Airways, PLAY",HKT‐SWF,32h55m,3,"BKK, CDG, ...",1262,20220407-1544,best
10:25 am – 7:20 pm +1,Singapore Airlines,EWR‐HKT,21h55m,1,SIN,8:10 pm – 11:10 am +1,Singapore Airlines,HKT‐JFK,26h00m,2,"SIN, FRA",1805,20220407-1544,best
8:55 pm – 9:35 am +2,Singapore Airlines,JFK‐HKT,25h40m,2,"FRA, SIN",6:10 pm – 6:00 am +1,Singapore Airlines,HKT‐EWR,22h50m,1,SIN,1806,20220407-1544,best
8:55 pm – 10:50 am +2,Singapore Airlines,JFK‐HKT,26h55m,2,"FRA, SIN",8:10 pm – 11:10 am +1,Singapore Airlines,HKT‐JFK,26h00m,2,"SIN, FRA",1476,20220407-1544,best
9:55 pm – 6:55 am +2,Qatar Airways,JFK‐HKT,22h00m,1,DOH,11:55 pm – 2:55 pm +1,Qatar Airways,HKT‐JFK,26h00m,1,DOH,1776,20220407-1544,best
10:25 am – 7:20 pm +1,Singapore Airlines,EWR‐HKT,21h55m,1,SIN,6:10 pm – 6:00 am +1,Singapore Airlines,HKT‐EWR,22h50m,1,SIN,2152,20220407-1544,best
8:55 pm – 10:50 am +2,Singapore Airlines,JFK‐HKT,26h55m,2,"FRA, SIN",6:10 pm – 6:00 am +1,Singapore Airlines,HKT‐EWR,22h50m,1,SIN,1806,20220407-1544,best
8:55 pm – 11:30 am +2,Singapore Airlines,JFK‐HKT,27h35m,2,"FRA, SIN",8:10 pm – 11:10 am +1,Singapore Airlines,HKT‐JFK,26h00m,2,"SIN, FRA",1483,20220407-1544,best
8:55 pm – 9:35 am +2,Singapore Airlines,JFK‐HKT,25h40m,2,"FRA, SIN",6:10 pm – 11:10 am +1,Singapore Airlines,HKT‐JFK,28h00m,2,"SIN, FRA",1483,20220407-1544,best
9:55 pm – 6:55 am +2,Qatar Airways,JFK‐HKT,22h00m,1,DOH,12:10 am – 2:25 pm,Emirates,HKT‐JFK,25h15m,1,DXB,1870,20220407-1544,best
8:55 pm – 11:30 am +2,Singapore Airlines,JFK‐HKT,27h35m,2,"FRA, SIN",6:10 pm – 6:00 am +1,Singapore Airlines,HKT‐EWR,22h50m,1,SIN,1792,20220407-1544,best
10:25 am – 7:20 pm +1,Singapore Airlines,EWR‐HKT,21h55m,1,SIN,6:10 pm – 11:10 am +1,Singapore Airlines,HKT‐JFK,28h00m,2,"SIN, FRA",1805,20220407-1544,best
8:55 pm – 10:50 am +2,Singapore Airlines,JFK‐HKT,26h55m,2,"FRA, SIN",6:10 pm – 11:10 am +1,Singapore Airlines,HKT‐JFK,28h00m,2,"SIN, FRA",1483,20220407-1544,best
8:55 pm – 11:30 am +2,Singapore Airlines,JFK‐HKT,27h35m,2,"FRA, SIN",6:10 pm – 11:10 am +1,Singapore Airlines,HKT‐JFK,28h00m,2,"SIN, FRA",1483,20220407-1544,best
8:55 pm – 11:30 am +2,Singapore Airlines,JFK‐HKT,27h35m,2,"FRA, SIN",12:10 am – 2:25 pm,Emirates,HKT‐JFK,25h15m,1,DXB,1718,20220407-1544,best
10:25 am – 7:20 pm +1,Singapore Airlines,EWR‐HKT,21h55m,1,SIN,6:10 pm – 6:00 am +1,Singapore Airlines,HKT‐EWR,22h50m,1,SIN,2152,20220407-1550,fast
10:25 am – 7:20 pm +1,Singapore Airlines,EWR‐HKT,21h55m,1,SIN,12:10 am – 2:25 pm,Emirates,HKT‐JFK,25h15m,1,DXB,2138,20220407-1550,fast
9:55 pm – 6:55 am +2,Qatar Airways,JFK‐HKT,22h00m,1,DOH,12:10 am – 2:25 pm,Emirates,HKT‐JFK,25h15m,1,DXB,1870,20220407-1550,fast
10:25 am – 7:20 pm +1,Singapore Airlines,EWR‐HKT,21h55m,1,SIN,8:10 pm – 11:10 am +1,Singapore Airlines,HKT‐JFK,26h00m,2,"SIN, FRA",1805,20220407-1550,fast
9:55 pm – 6:55 am +2,Qatar Airways,JFK‐HKT,22h00m,1,DOH,11:55 pm – 2:55 pm +1,Qatar Airways,HKT‐JFK,26h00m,1,DOH,1776,20220407-1550,fast
9:55 pm – 6:55 am +2,"American Airlines, Qatar Airways",JFK‐HKT,22h00m,1,DOH,11:55 pm – 2:55 pm +1,"Qatar Airways, American Airlines",HKT‐JFK,26h00m,1,DOH,5268,20220407-1550,fast
8:55 pm – 9:35 am +2,Singapore Airlines,JFK‐HKT,25h40m,2,"FRA, SIN",6:10 pm – 6:00 am +1,Singapore Airlines,HKT‐EWR,22h50m,1,SIN,1806,20220407-1550,fast
10:30 pm – 11:30 am +2,Singapore Airlines,JFK‐HKT,26h00m,1,SIN,6:10 pm – 6:00 am +1,Singapore Airlines,HKT‐EWR,22h50m,1,SIN,2263,20220407-1550,fast
8:55 pm – 10:50 am +2,Singapore Airlines,JFK‐HKT,26h55m,2,"FRA, SIN",6:10 pm – 6:00 am +1,Singapore Airlines,HKT‐EWR,22h50m,1,SIN,1806,20220407-1550,fast
10:25 am – 7:20 pm +1,Singapore Airlines,EWR‐HKT,21h55m,1,SIN,6:10 pm – 11:10 am +1,Singapore Airlines,HKT‐JFK,28h00m,2,"SIN, FRA",1805,20220407-1550,fast
10:30 pm – 9:35 am +2,Singapore Airlines,JFK‐HKT,24h05m,1,SIN,8:10 pm – 11:10 am +1,Singapore Airlines,HKT‐JFK,26h00m,2,"SIN, FRA",2119,20220407-1550,fast
10:25 am – 7:20 pm +1,Singapore Airlines,EWR‐HKT,21h55m,1,SIN,12:10 am – 5:25 pm,Emirates,HKT‐LGA,28h15m,2,"DXB, BOS",2521,20220407-1550,fast
7:00 pm – 6:55 am +2,"JetBlue, Qatar Airways",LGA‐HKT,24h55m,2,"BOS, DOH",9:15 pm – 11:35 am +1,"THAI Smile, Asiana Airlines",HKT‐JFK,25h20m,2,"BKK, ICN",3694,20220407-1550,fast
8:55 pm – 11:30 am +2,Singapore Airlines,JFK‐HKT,27h35m,2,"FRA, SIN",6:10 pm – 6:00 am +1,Singapore Airlines,HKT‐EWR,22h50m,1,SIN,1792,20220407-1550,fast
10:25 am – 7:20 pm +1,Singapore Airlines,EWR‐HKT,21h55m,1,SIN,12:10 pm – 6:00 am +1,Singapore Airlines,HKT‐EWR,28h50m,1,SIN,2237,20220407-1550,fast
