Out Time,Out Airline,Out Cities,Out Duration,Out Stops,Out Stop Cities,Return Time,Return Airline,Return Cities,Return Duration,Return Stops,Return Stop Cities,Price,timestamp,sort
4:45 pm – 9:45 am +2,Finnair,JFK‐HKT,30h00m,1,ARN,11:30 am – 5:00 pm +1,Finnair,HKT‐JFK,40h30m,2,"HEL, ARN",1000,20220407-0730,cheap
4:45 pm – 9:45 am +2,Finnair,JFK‐HKT,30h00m,1,ARN,11:30 am – 5:00 pm +1,Finnair,HKT‐JFK,40h30m,2,"HEL, ARN",1000,20220407-0730,cheap
4:45 pm – 9:45 am +2,Finnair,JFK‐HKT,30h00m,1,ARN,11:30 am – 5:00 pm +1,Finnair,HKT‐JFK,40h30m,2,"HEL, ARN",1000,20220407-0730,cheap
4:45 pm – 9:45 am +2,Finnair,JFK‐HKT,30h00m,1,ARN,11:30 am – 5:00 pm +2,Finnair,HKT‐JFK,64h30m,2,"HEL, ARN",1000,20220407-0730,cheap
4:45 pm – 9:45 am +2,Finnair,JFK‐HKT,30h00m,1,ARN,11:30 am – 2:40 pm +1,Finnair,HKT‐JFK,38h10m,1,HEL,1058,20220407-0730,cheap
12:30 pm – 7:05 am +2,"Air India, GoFirst",JFK‐HKT,31h35m,1,DEL,10:00 am – 10:15 am +1,"Nok Air, ANA",HKT‐JFK,35h15m,2,"DMK-BKK, HND",1168,20220407-0730,cheap
12:30 pm – 7:05 am +2,"Air India, GoFirst",JFK‐HKT,31h35m,1,DEL,12:45 pm – 10:15 am +1,"Thai AirAsia, ANA",HKT‐JFK,32h30m,2,"BKK, HND",1172,20220407-0730,cheap
12:30 pm – 7:05 am +2,"Air India, GoFirst",JFK‐HKT,31h35m,1,DEL,1:20 pm – 10:15 am +1,"Thai Vietjet Air, ANA",HKT‐JFK,31h55m,2,"BKK, HND",1179,20220407-0730,cheap
12:30 pm – 7:05 am +2,"Air India, GoFirst",JFK‐HKT,31h35m,1,DEL,5:20 pm – 10:15 am +1,"Thai Vietjet Air, ANA",HKT‐JFK,27h55m,2,"BKK, HND",1184,20220407-0730,cheap
8:55 pm – 7:10 pm +2,Singapore Airlines,JFK‐HKT,35h15m,2,"FRA, SIN",12:45 pm – 10:15 am +1,"Thai AirAsia, ANA",HKT‐JFK,32h30m,2,"BKK, HND",1222,20220407-0730,cheap
8:55 pm – 7:10 pm +2,Singapore Airlines,JFK‐HKT,35h15m,2,"FRA, SIN",10:15 am – 10:15 am +1,"Thai Vietjet Air, ANA",HKT‐JFK,35h00m,2,"BKK, HND",1224,20220407-0730,cheap
8:55 pm – 7:10 pm +2,Singapore Airlines,JFK‐HKT,35h15m,2,"FRA, SIN",1:20 pm – 10:15 am +1,"Thai Vietjet Air, ANA",HKT‐JFK,31h55m,2,"BKK, HND",1229,20220407-0730,cheap
8:55 pm – 7:10 pm +2,Singapore Airlines,JFK‐HKT,35h15m,2,"FRA, SIN",5:20 pm – 10:15 am +1,"Thai Vietjet Air, ANA",HKT‐JFK,27h55m,2,"BKK, HND",1235,20220407-0730,cheap
8:55 pm – 7:10 pm +2,Singapore Airlines,JFK‐HKT,35h15m,2,"FRA, SIN",11:55 am – 10:15 am +1,"Thai AirAsia, ANA",HKT‐JFK,33h20m,2,"DMK-BKK, HND",1236,20220407-0730,cheap
8:55 pm – 7:10 pm +2,Singapore Airlines,JFK‐HKT,35h15m,2,"FRA, SIN",9:30 am – 10:15 am +1,"Thai AirAsia, ANA",HKT‐JFK,35h45m,2,"DMK-BKK, HND",1236,20220407-0730,cheap
4:45 pm – 9:45 am +2,Finnair,JFK‐HKT,30h00m,1,ARN,11:30 am – 5:00 pm +1,Finnair,HKT‐JFK,40h30m,2,"HEL, ARN",1151,20220407-0728,best
9:55 pm – 7:20 am +2,Qatar Airways,JFK‐HKT,22h25m,1,DOH,11:55 pm – 2:55 pm +1,Qatar Airways,HKT‐JFK,26h00m,1,DOH,1352,20220407-0728,best
4:45 pm – 9:45 am +2,Finnair,JFK‐HKT,30h00m,1,ARN,11:30 am – 5:00 pm +1,Finnair,HKT‐JFK,40h30m,2,"HEL, ARN",1000,20220407-0728,best
9:55 pm – 1:15 pm +2,Qatar Airways,JFK‐HKT,28h20m,1,DOH,11:55 pm – 2:55 pm +1,Qatar Airways,HKT‐JFK,26h00m,1,DOH,1352,20220407-0728,best
4:45 pm – 9:45 am +2,Finnair,JFK‐HKT,30h00m,1,ARN,11:30 am – 2:40 pm +1,Finnair,HKT‐JFK,38h10m,1,HEL,1058,20220407-0728,best
9:55 pm – 7:20 am +2,Qatar Airways,JFK‐HKT,22h25m,1,DOH,7:10 pm – 2:55 pm +1,"Bangkok Airways, Qatar Airways",HKT‐JFK,30h45m,2,"BKK, DOH",1459,20220407-0728,best
8:45 pm – 6:55 am +2,"Lufthansa, THAI Smile",EWR‐HKT,23h10m,2,"MUC, BOM",11:55 pm – 2:55 pm +1,Qatar Airways,HKT‐JFK,26h00m,1,DOH,1585,20220407-0728,best
11:10 am – 7:20 am +2,Qatar Airways,JFK‐HKT,33h10m,1,DOH,11:55 pm – 2:55 pm +1,Qatar Airways,HKT‐JFK,26h00m,1,DOH,1356,20220407-0728,best
8:45 pm – 6:55 am +2,"Lufthansa, THAI Smile",EWR‐HKT,23h10m,2,"MUC, BOM",9:45 pm – 8:50 am +1,Emirates,HKT‐JFK,22h05m,1,DXB,1772,20220407-0728,best
9:55 pm – 7:20 am +2,Qatar Airways,JFK‐HKT,22h25m,1,DOH,9:45 pm – 8:50 am +1,Emirates,HKT‐JFK,22h05m,1,DXB,1802,20220407-0728,best
4:45 pm – 9:45 am +2,Finnair,JFK‐HKT,30h00m,1,ARN,11:30 am – 5:00 pm +1,Finnair,HKT‐JFK,40h30m,2,"HEL, ARN",1000,20220407-0728,best
4:45 pm – 9:45 am +2,Finnair,JFK‐HKT,30h00m,1,ARN,11:30 am – 5:00 pm +1,Finnair,HKT‐JFK,40h30m,2,"HEL, ARN",1000,20220407-0728,best
7:00 pm – 7:20 am +2,Qatar Airways,JFK‐HKT,25h20m,2,"BOS, DOH",11:55 pm – 2:55 pm +1,Qatar Airways,HKT‐JFK,26h00m,1,DOH,1612,20220407-0728,best
9:55 pm – 7:20 am +2,Qatar Airways,JFK‐HKT,22h25m,1,DOH,9:05 pm – 9:00 am +1,Qatar Airways,HKT‐JFK,22h55m,1,DOH,1807,20220407-0728,best
10:25 am – 7:20 pm +1,Singapore Airlines,EWR‐HKT,21h55m,1,SIN,8:10 pm – 11:10 am +1,Singapore Airlines,HKT‐JFK,26h00m,2,"SIN, FRA",1858,20220407-0728,best
8:45 pm – 6:55 am +2,"Lufthansa, THAI Smile",EWR‐HKT,23h10m,2,"MUC, BOM",12:10 am – 2:25 pm,Emirates,HKT‐JFK,25h15m,1,DXB,1772,20220407-0728,best
11:20 am – 8:00 pm +1,Emirates,JFK‐HKT,21h40m,1,DXB,9:45 pm – 8:50 am +1,Emirates,HKT‐JFK,22h05m,1,DXB,2104,20220407-0733,fast
9:55 pm – 7:20 am +2,Qatar Airways,JFK‐HKT,22h25m,1,DOH,9:45 pm – 8:50 am +1,Emirates,HKT‐JFK,22h05m,1,DXB,1802,20220407-0733,fast
11:20 am – 8:00 pm +1,Emirates,JFK‐HKT,21h40m,1,DXB,9:05 pm – 9:00 am +1,Qatar Airways,HKT‐JFK,22h55m,1,DOH,2367,20220407-0733,fast
10:25 am – 7:20 pm +1,Singapore Airlines,EWR‐HKT,21h55m,1,SIN,6:10 pm – 6:00 am +1,Singapore Airlines,HKT‐EWR,22h50m,1,SIN,2624,20220407-0733,fast
8:45 pm – 6:55 am +2,"Lufthansa, THAI Smile",EWR‐HKT,23h10m,2,"MUC, BOM",9:45 pm – 8:50 am +1,Emirates,HKT‐JFK,22h05m,1,DXB,1772,20220407-0733,fast
9:55 pm – 7:20 am +2,Qatar Airways,JFK‐HKT,22h25m,1,DOH,9:05 pm – 9:00 am +1,Qatar Airways,HKT‐JFK,22h55m,1,DOH,1807,20220407-0733,fast
9:55 pm – 7:20 am +2,"American Airlines, Qatar Airways",JFK‐HKT,22h25m,1,DOH,9:05 pm – 9:00 am +1,"Qatar Airways, American Airlines",HKT‐JFK,22h55m,1,DOH,4292,20220407-0733,fast
11:20 am – 8:00 pm +1,Emirates,JFK‐HKT,21h40m,1,DXB,12:10 am – 2:25 pm,Emirates,HKT‐JFK,25h15m,1,DXB,2104,20220407-0733,fast
9:55 pm – 7:20 am +2,Qatar Airways,JFK‐HKT,22h25m,1,DOH,9:20 pm – 11:05 am +1,"Thai Vietjet Air, Asiana Airlines",HKT‐JFK,24h45m,2,"BKK, ICN",1733,20220407-0733,fast
6:20 pm – 6:30 am +2,SWISS,EWR‐HKT,25h10m,1,ZRH,9:45 pm – 8:50 am +1,Emirates,HKT‐JFK,22h05m,1,DXB,8336,20220407-0733,fast
7:00 pm – 7:20 am +2,Qatar Airways,JFK‐HKT,25h20m,2,"BOS, DOH",9:45 pm – 8:50 am +1,Emirates,HKT‐JFK,22h05m,1,DXB,1988,20220407-0733,fast
9:55 pm – 7:20 am +2,Qatar Airways,JFK‐HKT,22h25m,1,DOH,12:10 am – 2:25 pm,Emirates,HKT‐JFK,25h15m,1,DXB,1802,20220407-0733,fast
11:20 am – 8:00 pm +1,Emirates,JFK‐HKT,21h40m,1,DXB,11:55 pm – 2:55 pm +1,Qatar Airways,HKT‐JFK,26h00m,1,DOH,1976,20220407-0733,fast
11:55 pm – 12:30 pm +2,Emirates,EWR‐HKT,25h35m,1,DXB,9:45 pm – 8:50 am +1,Emirates,HKT‐JFK,22h05m,1,DXB,2115,20220407-0733,fast
10:25 am – 7:20 pm +1,Singapore Airlines,EWR‐HKT,21h55m,1,SIN,8:10 pm – 11:10 am +1,Singapore Airlines,HKT‐JFK,26h00m,2,"SIN, FRA",1858,20220407-0733,fast
