Out Time,Out Airline,Out Cities,Out Duration,Out Stops,Out Stop Cities,Return Time,Return Airline,Return Cities,Return Duration,Return Stops,Return Stop Cities,Price,timestamp,sort
10:30 pm – 10:15 am +2,Etihad Airways,JFK‐HKT,24h45m,1,AUH,8:00 pm – 4:30 pm +1,Etihad Airways,HKT‐JFK,31h30m,1,AUH,1028,20220407-0929,cheap
8:55 pm – 4:55 pm +3,Singapore Airlines,JFK‐HKT,57h00m,2,"FRA, SIN",8:10 pm – 11:10 am +1,Singapore Airlines,HKT‐JFK,26h00m,2,"SIN, FRA",1050,20220407-0929,cheap
8:55 pm – 7:20 pm +2,Singapore Airlines,JFK‐HKT,35h25m,2,"FRA, SIN",8:10 pm – 11:10 am +1,Singapore Airlines,HKT‐JFK,26h00m,2,"SIN, FRA",1092,20220407-0929,cheap
8:55 pm – 7:20 pm +2,Singapore Airlines,JFK‐HKT,35h25m,2,"FRA, SIN",10:25 am – 11:10 am +1,Singapore Airlines,HKT‐JFK,35h45m,2,"SIN, FRA",1127,20220407-0929,cheap
12:30 pm – 7:05 am +2,"Air India, GoFirst",JFK‐HKT,31h35m,1,DEL,8:50 am – 11:55 am +1,"Thai AirAsia, SAUDIA",HKT‐JFK,38h05m,2,"BKK, JED",1155,20220407-0929,cheap
12:30 pm – 7:05 am +2,"Air India, GoFirst",JFK‐HKT,31h35m,1,DEL,9:00 am – 11:55 am +1,"Thai Vietjet Air, SAUDIA",HKT‐JFK,37h55m,2,"BKK, JED",1163,20220407-0929,cheap
12:30 pm – 7:05 am +2,"Air India, GoFirst",JFK‐HKT,31h35m,1,DEL,10:20 am – 11:55 am +1,"Bangkok Airways, SAUDIA",HKT‐JFK,36h35m,2,"BKK, JED",1164,20220407-0929,cheap
8:55 pm – 10:50 am +2,Singapore Airlines,JFK‐HKT,26h55m,2,"FRA, SIN",8:10 pm – 11:10 am +1,Singapore Airlines,HKT‐JFK,26h00m,2,"SIN, FRA",1166,20220407-0929,cheap
12:30 pm – 7:05 am +2,"Air India, GoFirst",JFK‐HKT,31h35m,1,DEL,11:20 am – 11:55 am +1,"Thai Lion Air, SAUDIA",HKT‐JFK,35h35m,2,"DMK-BKK, JED",1169,20220407-0929,cheap
12:30 pm – 7:05 am +2,"Air India, GoFirst",JFK‐HKT,31h35m,1,DEL,6:45 pm – 11:55 am +1,"Thai Vietjet Air, SAUDIA",HKT‐JFK,28h10m,2,"BKK, JED",1173,20220407-0929,cheap
11:10 am – 1:15 pm +2,Qatar Airways,JFK‐HKT,39h05m,1,DOH,11:55 pm – 2:55 pm +1,Qatar Airways,HKT‐JFK,26h00m,1,DOH,1179,20220407-0929,cheap
8:55 pm – 4:55 pm +2,Singapore Airlines,JFK‐HKT,33h00m,2,"FRA, SIN",8:10 pm – 11:10 am +1,Singapore Airlines,HKT‐JFK,26h00m,2,"SIN, FRA",1182,20220407-0929,cheap
8:55 pm – 4:55 pm +2,Singapore Airlines,JFK‐HKT,33h00m,2,"FRA, SIN",10:25 am – 11:10 am +1,Singapore Airlines,HKT‐JFK,35h45m,2,"SIN, FRA",1182,20220407-0929,cheap
12:30 pm – 7:05 am +2,"Air India, GoFirst",JFK‐HKT,31h35m,1,DEL,8:00 pm – 11:55 am +1,"Thai Vietjet Air, SAUDIA",HKT‐JFK,26h55m,2,"BKK, JED",1183,20220407-0929,cheap
8:55 pm – 5:10 pm +2,Singapore Airlines,JFK‐HKT,33h15m,2,"FRA, SIN",8:10 pm – 11:10 am +1,Singapore Airlines,HKT‐JFK,26h00m,2,"SIN, FRA",1191,20220407-0929,cheap
1:00 am – 7:05 pm +1,"Qatar Airways, Bangkok Airways",JFK‐HKT,31h05m,2,"DOH, BKK",11:55 pm – 2:55 pm +1,Qatar Airways,HKT‐JFK,26h00m,1,DOH,1223,20220407-0926,best
10:30 pm – 10:15 am +2,Etihad Airways,JFK‐HKT,24h45m,1,AUH,8:00 pm – 4:30 pm +1,Etihad Airways,HKT‐JFK,31h30m,1,AUH,1028,20220407-0926,best
8:55 pm – 10:50 am +2,Singapore Airlines,JFK‐HKT,26h55m,2,"FRA, SIN",8:10 pm – 11:10 am +1,Singapore Airlines,HKT‐JFK,26h00m,2,"SIN, FRA",1166,20220407-0926,best
9:55 pm – 6:55 am +2,Qatar Airways,JFK‐HKT,22h00m,1,DOH,11:55 pm – 2:55 pm +1,Qatar Airways,HKT‐JFK,26h00m,1,DOH,1326,20220407-0926,best
10:25 am – 7:20 pm +1,Singapore Airlines,EWR‐HKT,21h55m,1,SIN,8:10 pm – 11:10 am +1,Singapore Airlines,HKT‐JFK,26h00m,2,"SIN, FRA",1453,20220407-0926,best
8:55 pm – 10:50 am +2,Singapore Airlines,JFK‐HKT,26h55m,2,"FRA, SIN",6:10 pm – 6:00 am +1,Singapore Airlines,HKT‐EWR,22h50m,1,SIN,1459,20220407-0926,best
1:00 am – 1:15 pm +1,Qatar Airways,JFK‐HKT,25h15m,1,DOH,11:55 pm – 2:55 pm +1,Qatar Airways,HKT‐JFK,26h00m,1,DOH,1283,20220407-0926,best
8:55 pm – 7:20 pm +2,Singapore Airlines,JFK‐HKT,35h25m,2,"FRA, SIN",8:10 pm – 11:10 am +1,Singapore Airlines,HKT‐JFK,26h00m,2,"SIN, FRA",1092,20220407-0926,best
8:55 pm – 9:35 am +2,Singapore Airlines,JFK‐HKT,25h40m,1,SIN,8:10 pm – 11:10 am +1,Singapore Airlines,HKT‐JFK,26h00m,1,SIN,1468,20220407-0926,best
8:55 pm – 9:35 am +2,Singapore Airlines,JFK‐HKT,25h40m,1,SIN,6:10 pm – 6:00 am +1,Singapore Airlines,HKT‐EWR,22h50m,1,SIN,1570,20220407-0926,best
8:55 pm – 4:55 pm +2,Singapore Airlines,JFK‐HKT,33h00m,2,"FRA, SIN",8:10 pm – 11:10 am +1,Singapore Airlines,HKT‐JFK,26h00m,2,"SIN, FRA",1182,20220407-0926,best
9:55 pm – 6:55 am +2,Qatar Airways,JFK‐HKT,22h00m,1,DOH,9:05 pm – 2:55 pm +1,Qatar Airways,HKT‐JFK,28h50m,1,DOH,1372,20220407-0926,best
8:55 pm – 5:10 pm +2,Singapore Airlines,JFK‐HKT,33h15m,2,"FRA, SIN",8:10 pm – 11:10 am +1,Singapore Airlines,HKT‐JFK,26h00m,2,"SIN, FRA",1191,20220407-0926,best
10:30 pm – 9:35 am +2,Singapore Airlines,JFK‐HKT,24h05m,1,SIN,8:10 pm – 11:10 am +1,Singapore Airlines,HKT‐JFK,26h00m,2,"SIN, FRA",1453,20220407-0926,best
11:10 am – 6:55 am +2,Qatar Airways,JFK‐HKT,32h45m,1,DOH,11:55 pm – 2:55 pm +1,Qatar Airways,HKT‐JFK,26h00m,1,DOH,1232,20220407-0926,best
10:25 am – 7:20 pm +1,Singapore Airlines,EWR‐HKT,21h55m,1,SIN,6:10 pm – 6:00 am +1,Singapore Airlines,HKT‐EWR,22h50m,1,SIN,1752,20220407-0926,best
10:25 am – 7:20 pm +1,Singapore Airlines,EWR‐HKT,21h55m,1,SIN,9:45 pm – 8:50 am +1,Emirates,HKT‐JFK,22h05m,1,DXB,1909,20220407-0931,fast
10:25 am – 7:20 pm +1,Singapore Airlines,EWR‐HKT,21h55m,1,SIN,6:10 pm – 6:00 am +1,Singapore Airlines,HKT‐EWR,22h50m,1,SIN,1752,20220407-0931,fast
9:55 pm – 6:55 am +2,"American Airlines, Qatar Airways",JFK‐HKT,22h00m,1,DOH,9:05 pm – 9:00 am +1,"Qatar Airways, American Airlines",HKT‐JFK,22h55m,1,DOH,4784,20220407-0931,fast
10:30 pm – 9:35 am +2,Singapore Airlines,JFK‐HKT,24h05m,1,SIN,9:45 pm – 8:50 am +1,Emirates,HKT‐JFK,22h05m,1,DXB,1909,20220407-0931,fast
10:30 pm – 10:15 am +2,Etihad Airways,JFK‐HKT,24h45m,1,AUH,9:45 pm – 8:50 am +1,Emirates,HKT‐JFK,22h05m,1,DXB,1822,20220407-0931,fast
10:30 pm – 9:35 am +2,Singapore Airlines,JFK‐HKT,24h05m,1,SIN,6:10 pm – 6:00 am +1,Singapore Airlines,HKT‐EWR,22h50m,1,SIN,1752,20220407-0931,fast
1:00 am – 1:15 pm +1,Qatar Airways,JFK‐HKT,25h15m,1,DOH,9:45 pm – 8:50 am +1,Emirates,HKT‐JFK,22h05m,1,DXB,1511,20220407-0931,fast
10:30 pm – 10:50 am +2,Singapore Airlines,JFK‐HKT,25h20m,1,SIN,9:45 pm – 8:50 am +1,Emirates,HKT‐JFK,22h05m,1,DXB,1909,20220407-0931,fast
11:55 pm – 12:30 pm +2,Emirates,EWR‐HKT,25h35m,2,"ATH, DXB",9:45 pm – 8:50 am +1,Emirates,HKT‐JFK,22h05m,1,DXB,1749,20220407-0931,fast
7:00 pm – 6:55 am +2,Qatar Airways,JFK‐HKT,24h55m,2,"BOS, DOH",9:05 pm – 9:00 am +1,Qatar Airways,HKT‐JFK,22h55m,1,DOH,1937,20220407-0931,fast
7:00 pm – 6:55 am +2,"American Airlines, Qatar Airways",JFK‐HKT,24h55m,2,"BOS, DOH",9:05 pm – 9:00 am +1,"Qatar Airways, American Airlines",HKT‐JFK,22h55m,1,DOH,4789,20220407-0931,fast
10:25 am – 7:20 pm +1,Singapore Airlines,EWR‐HKT,21h55m,1,SIN,8:10 pm – 11:10 am +1,Singapore Airlines,HKT‐JFK,26h00m,2,"SIN, FRA",1453,20220407-0931,fast
9:55 pm – 6:55 am +2,Qatar Airways,JFK‐HKT,22h00m,1,DOH,11:55 pm – 2:55 pm +1,Qatar Airways,HKT‐JFK,26h00m,1,DOH,1326,20220407-0931,fast
9:55 pm – 6:55 am +2,"American Airlines, Qatar Airways",JFK‐HKT,22h00m,1,DOH,11:55 pm – 2:55 pm +1,"Qatar Airways, American Airlines",HKT‐JFK,26h00m,1,DOH,4611,20220407-0931,fast
10:30 pm – 10:50 am +2,Singapore Airlines,JFK‐HKT,25h20m,1,SIN,6:10 pm – 6:00 am +1,Singapore Airlines,HKT‐EWR,22h50m,1,SIN,1752,20220407-0931,fast
