Out Time,Out Airline,Out Cities,Out Duration,Out Stops,Out Stop Cities,Return Time,Return Airline,Return Cities,Return Duration,Return Stops,Return Stop Cities,Price,timestamp,sort
8:55 pm – 11:30 am +2,Singapore Airlines,JFK‐HKT,27h35m,2,"FRA, SIN",8:10 pm – 11:10 am +2,Singapore Airlines,HKT‐JFK,50h00m,2,"SIN, FRA",875,20220409-1252,cheap
8:55 pm – 11:30 am +2,Singapore Airlines,JFK‐HKT,27h35m,2,"FRA, SIN",8:10 pm – 6:30 pm +1,Singapore Airlines,HKT‐JFK,33h20m,1,SIN,972,20220409-1252,cheap
8:55 pm – 7:10 pm +2,Singapore Airlines,JFK‐HKT,35h15m,2,"FRA, SIN",8:10 pm – 6:30 pm +1,Singapore Airlines,HKT‐JFK,33h20m,1,SIN,972,20220409-1252,cheap
8:55 pm – 11:30 am +2,Singapore Airlines,JFK‐HKT,27h35m,2,"FRA, SIN",6:10 pm – 6:30 pm +1,Singapore Airlines,HKT‐JFK,35h20m,1,SIN,990,20220409-1252,cheap
8:55 pm – 7:10 pm +2,Singapore Airlines,JFK‐HKT,35h15m,2,"FRA, SIN",6:10 pm – 6:30 pm +1,Singapore Airlines,HKT‐JFK,35h20m,1,SIN,990,20220409-1252,cheap
8:55 pm – 9:35 am +2,Singapore Airlines,JFK‐HKT,25h40m,2,"FRA, SIN",8:10 pm – 6:30 pm +1,Singapore Airlines,HKT‐JFK,33h20m,1,SIN,998,20220409-1252,cheap
8:55 pm – 10:50 am +2,Singapore Airlines,JFK‐HKT,26h55m,2,"FRA, SIN",8:10 pm – 6:30 pm +1,Singapore Airlines,HKT‐JFK,33h20m,1,SIN,998,20220409-1252,cheap
8:55 pm – 9:35 am +2,Singapore Airlines,JFK‐HKT,25h40m,2,"FRA, SIN",6:10 pm – 6:30 pm +1,Singapore Airlines,HKT‐JFK,35h20m,1,SIN,998,20220409-1252,cheap
8:55 pm – 10:50 am +2,Singapore Airlines,JFK‐HKT,26h55m,2,"FRA, SIN",6:10 pm – 6:30 pm +1,Singapore Airlines,HKT‐JFK,35h20m,1,SIN,998,20220409-1252,cheap
8:55 pm – 5:10 pm +2,Singapore Airlines,JFK‐HKT,33h15m,2,"FRA, SIN",8:10 pm – 6:30 pm +1,Singapore Airlines,HKT‐JFK,33h20m,1,SIN,998,20220409-1252,cheap
8:55 pm – 5:10 pm +2,Singapore Airlines,JFK‐HKT,33h15m,2,"FRA, SIN",6:10 pm – 6:30 pm +1,Singapore Airlines,HKT‐JFK,35h20m,1,SIN,998,20220409-1252,cheap
8:55 pm – 7:20 pm +2,Singapore Airlines,JFK‐HKT,35h25m,2,"FRA, SIN",8:10 pm – 6:30 pm +1,Singapore Airlines,HKT‐JFK,33h20m,1,SIN,998,20220409-1252,cheap
8:55 pm – 7:20 pm +2,Singapore Airlines,JFK‐HKT,35h25m,2,"FRA, SIN",6:10 pm – 6:30 pm +1,Singapore Airlines,HKT‐JFK,35h20m,1,SIN,998,20220409-1252,cheap
9:55 pm – 6:55 am +2,Qatar Airways,JFK‐HKT,22h00m,1,DOH,11:55 pm – 10:45 pm +1,Qatar Airways,HKT‐JFK,33h50m,1,DOH,1100,20220409-1252,cheap
1:00 am – 1:15 pm +1,Qatar Airways,JFK‐HKT,25h15m,1,DOH,11:55 pm – 10:45 pm +1,Qatar Airways,HKT‐JFK,33h50m,1,DOH,1100,20220409-1252,cheap
8:55 pm – 11:30 am +2,Singapore Airlines,JFK‐HKT,27h35m,2,"FRA, SIN",8:10 pm – 11:10 am +2,Singapore Airlines,HKT‐JFK,50h00m,2,"SIN, FRA",903,20220409-1250,best
1:55 pm – 12:10 am +2,Asiana Airlines,JFK‐HKT,23h15m,1,ICN,1:30 am – 11:35 am,Asiana Airlines,HKT‐JFK,21h05m,1,ICN,1204,20220409-1250,best
8:55 pm – 11:30 am +2,Singapore Airlines,JFK‐HKT,27h35m,2,"FRA, SIN",8:10 pm – 11:10 am +2,Singapore Airlines,HKT‐JFK,50h00m,2,"SIN, FRA",875,20220409-1250,best
8:55 pm – 9:35 am +2,Singapore Airlines,JFK‐HKT,25h40m,2,"FRA, SIN",1:30 am – 11:35 am,Asiana Airlines,HKT‐JFK,21h05m,1,ICN,1228,20220409-1250,best
9:55 pm – 6:55 am +2,Qatar Airways,JFK‐HKT,22h00m,1,DOH,11:55 pm – 2:55 pm +1,Qatar Airways,HKT‐JFK,26h00m,1,DOH,1187,20220409-1250,best
8:55 pm – 10:50 am +2,Singapore Airlines,JFK‐HKT,26h55m,2,"FRA, SIN",1:30 am – 11:35 am,Asiana Airlines,HKT‐JFK,21h05m,1,ICN,1228,20220409-1250,best
8:55 pm – 11:30 am +2,Singapore Airlines,JFK‐HKT,27h35m,2,"FRA, SIN",1:30 am – 11:35 am,Asiana Airlines,HKT‐JFK,21h05m,1,ICN,1210,20220409-1250,best
8:55 pm – 9:35 am +2,Singapore Airlines,JFK‐HKT,25h40m,2,"FRA, SIN",8:10 pm – 11:10 am +1,Singapore Airlines,HKT‐JFK,26h00m,2,"SIN, FRA",1116,20220409-1250,best
10:25 am – 7:20 pm +1,Singapore Airlines,EWR‐HKT,21h55m,1,SIN,6:10 pm – 6:00 am +1,Singapore Airlines,HKT‐EWR,22h50m,1,SIN,1483,20220409-1250,best
8:55 pm – 10:50 am +2,Singapore Airlines,JFK‐HKT,26h55m,2,"FRA, SIN",8:10 pm – 11:10 am +1,Singapore Airlines,HKT‐JFK,26h00m,2,"SIN, FRA",1107,20220409-1250,best
8:55 pm – 9:35 am +2,Singapore Airlines,JFK‐HKT,25h40m,2,"FRA, SIN",6:10 pm – 11:10 am +1,Singapore Airlines,HKT‐JFK,28h00m,2,"SIN, FRA",1107,20220409-1250,best
9:55 pm – 6:55 am +2,Qatar Airways,JFK‐HKT,22h00m,1,DOH,1:30 am – 11:35 am,Asiana Airlines,HKT‐JFK,21h05m,1,ICN,1478,20220409-1250,best
9:55 pm – 6:55 am +2,Qatar Airways,JFK‐HKT,22h00m,1,DOH,2:40 pm – 8:30 am +1,Qatar Airways,HKT‐JFK,28h50m,2,"BKK, DOH",1231,20220409-1250,best
1:00 am – 1:15 pm +1,Qatar Airways,JFK‐HKT,25h15m,1,DOH,11:55 pm – 2:55 pm +1,Qatar Airways,HKT‐JFK,26h00m,1,DOH,1187,20220409-1250,best
8:55 pm – 10:50 am +2,Singapore Airlines,JFK‐HKT,26h55m,2,"FRA, SIN",6:10 pm – 11:10 am +1,Singapore Airlines,HKT‐JFK,28h00m,2,"SIN, FRA",1116,20220409-1250,best
8:55 pm – 9:35 am +2,Singapore Airlines,JFK‐HKT,25h40m,2,"FRA, SIN",8:10 pm – 6:30 pm +1,Singapore Airlines,HKT‐JFK,33h20m,1,SIN,998,20220409-1250,best
10:25 am – 7:20 pm +1,Singapore Airlines,EWR‐HKT,21h55m,1,SIN,8:10 pm – 6:30 pm +1,Singapore Airlines,HKT‐JFK,33h20m,1,SIN,1206,20220409-1250,best
9:55 pm – 6:55 am +2,Qatar Airways,JFK‐HKT,22h00m,1,DOH,1:30 am – 11:35 am,Asiana Airlines,HKT‐JFK,21h05m,1,ICN,1478,20220409-1255,fast
1:55 pm – 12:10 am +2,Asiana Airlines,JFK‐HKT,23h15m,1,ICN,1:30 am – 11:35 am,Asiana Airlines,HKT‐JFK,21h05m,1,ICN,1204,20220409-1255,fast
10:25 am – 7:20 pm +1,Singapore Airlines,EWR‐HKT,21h55m,1,SIN,6:10 pm – 6:00 am +1,Singapore Airlines,HKT‐EWR,22h50m,1,SIN,1483,20220409-1255,fast
10:25 am – 7:20 pm +1,Singapore Airlines,EWR‐HKT,21h55m,1,SIN,5:35 pm – 6:00 am +1,Singapore Airlines,HKT‐EWR,23h25m,1,SIN,1526,20220409-1255,fast
7:00 pm – 6:55 am +2,"JetBlue, Qatar Airways",LGA‐HKT,24h55m,2,"BOS, DOH",1:30 am – 11:35 am,Asiana Airlines,HKT‐JFK,21h05m,1,ICN,1725,20220409-1255,fast
1:55 pm – 12:10 am +2,Asiana Airlines,JFK‐HKT,23h15m,1,ICN,6:10 pm – 6:00 am +1,Singapore Airlines,HKT‐EWR,22h50m,1,SIN,1982,20220409-1255,fast
1:00 am – 1:15 pm +1,Qatar Airways,JFK‐HKT,25h15m,1,DOH,1:30 am – 11:35 am,Asiana Airlines,HKT‐JFK,21h05m,1,ICN,1512,20220409-1255,fast
8:55 pm – 9:35 am +2,Singapore Airlines,JFK‐HKT,25h40m,2,"FRA, SIN",1:30 am – 11:35 am,Asiana Airlines,HKT‐JFK,21h05m,1,ICN,1228,20220409-1255,fast
10:30 pm – 9:35 am +2,Singapore Airlines,JFK‐HKT,24h05m,1,SIN,6:10 pm – 6:00 am +1,Singapore Airlines,HKT‐EWR,22h50m,1,SIN,1512,20220409-1255,fast
6:00 pm – 6:55 am +2,"JetBlue, Qatar Airways",LGA‐HKT,25h55m,2,"BOS, DOH",1:30 am – 11:35 am,Asiana Airlines,HKT‐JFK,21h05m,1,ICN,1725,20220409-1255,fast
9:55 pm – 6:55 am +2,Qatar Airways,JFK‐HKT,22h00m,1,DOH,12:10 am – 2:25 pm,Emirates,HKT‐JFK,25h15m,1,DXB,1536,20220409-1255,fast
9:55 pm – 6:55 am +2,Qatar Airways,JFK‐HKT,22h00m,1,DOH,11:55 pm – 2:55 pm +1,Qatar Airways,HKT‐JFK,26h00m,1,DOH,1187,20220409-1255,fast
8:55 pm – 10:50 am +2,Singapore Airlines,JFK‐HKT,26h55m,2,"FRA, SIN",1:30 am – 11:35 am,Asiana Airlines,HKT‐JFK,21h05m,1,ICN,1228,20220409-1255,fast
9:55 pm – 6:55 am +2,"American Airlines, Qatar Airways",JFK‐HKT,22h00m,1,DOH,11:55 pm – 2:55 pm +1,"Qatar Airways, American Airlines",HKT‐JFK,26h00m,1,DOH,1780,20220409-1255,fast
1:55 pm – 12:10 am +2,Asiana Airlines,JFK‐HKT,23h15m,1,ICN,8:15 am – 10:05 pm,"THAI Smile, EVA Air",HKT‐JFK,24h50m,2,"BKK, TPE",2093,20220409-1255,fast
