Out Time,Out Airline,Out Cities,Out Duration,Out Stops,Out Stop Cities,Return Time,Return Airline,Return Cities,Return Duration,Return Stops,Return Stop Cities,Price,timestamp,sort
8:55 pm – 7:20 pm +2,Singapore Airlines,JFK‐HKT,35h25m,2,"FRA, SIN",8:10 pm – 11:10 am +2,Singapore Airlines,HKT‐JFK,50h00m,2,"SIN, FRA",1029,20220409-1213,cheap
8:55 pm – 7:20 pm +2,Singapore Airlines,JFK‐HKT,35h25m,2,"FRA, SIN",8:10 pm – 6:30 pm +1,Singapore Airlines,HKT‐JFK,33h20m,1,SIN,1125,20220409-1213,cheap
8:55 pm – 9:35 am +2,Singapore Airlines,JFK‐HKT,25h40m,2,"FRA, SIN",8:10 pm – 6:30 pm +1,Singapore Airlines,HKT‐JFK,33h20m,1,SIN,1184,20220409-1213,cheap
8:55 pm – 10:50 am +2,Singapore Airlines,JFK‐HKT,26h55m,2,"FRA, SIN",8:10 pm – 6:30 pm +1,Singapore Airlines,HKT‐JFK,33h20m,1,SIN,1184,20220409-1213,cheap
8:55 pm – 5:10 pm +2,Singapore Airlines,JFK‐HKT,33h15m,2,"FRA, SIN",8:10 pm – 6:30 pm +1,Singapore Airlines,HKT‐JFK,33h20m,1,SIN,1184,20220409-1213,cheap
8:55 pm – 7:10 pm +2,Singapore Airlines,JFK‐HKT,35h15m,2,"FRA, SIN",8:10 pm – 6:30 pm +1,Singapore Airlines,HKT‐JFK,33h20m,1,SIN,1184,20220409-1213,cheap
8:55 pm – 7:20 pm +2,Singapore Airlines,JFK‐HKT,35h25m,2,"FRA, SIN",8:10 pm – 6:30 pm +1,Singapore Airlines,HKT‐JFK,33h20m,1,SIN,1184,20220409-1213,cheap
8:55 pm – 9:35 am +2,Singapore Airlines,JFK‐HKT,25h40m,2,"FRA, SIN",6:10 pm – 6:30 pm +1,Singapore Airlines,HKT‐JFK,35h20m,1,SIN,1232,20220409-1213,cheap
8:55 pm – 10:50 am +2,Singapore Airlines,JFK‐HKT,26h55m,2,"FRA, SIN",6:10 pm – 6:30 pm +1,Singapore Airlines,HKT‐JFK,35h20m,1,SIN,1232,20220409-1213,cheap
8:55 pm – 5:10 pm +2,Singapore Airlines,JFK‐HKT,33h15m,2,"FRA, SIN",6:10 pm – 6:30 pm +1,Singapore Airlines,HKT‐JFK,35h20m,1,SIN,1232,20220409-1213,cheap
8:55 pm – 7:10 pm +2,Singapore Airlines,JFK‐HKT,35h15m,2,"FRA, SIN",6:10 pm – 6:30 pm +1,Singapore Airlines,HKT‐JFK,35h20m,1,SIN,1233,20220409-1213,cheap
1:00 am – 1:15 pm +1,Qatar Airways,JFK‐HKT,25h15m,1,DOH,11:55 pm – 2:55 pm +1,Qatar Airways,HKT‐JFK,26h00m,1,DOH,1234,20220409-1213,cheap
1:00 am – 1:15 pm +1,Qatar Airways,JFK‐HKT,25h15m,1,DOH,11:55 pm – 10:45 pm +1,Qatar Airways,HKT‐JFK,33h50m,1,DOH,1240,20220409-1213,cheap
10:35 am – 6:55 am +2,Qatar Airways,JFK‐HKT,33h20m,1,DOH,11:55 pm – 2:55 pm +1,Qatar Airways,HKT‐JFK,26h00m,1,DOH,1240,20220409-1213,cheap
10:35 am – 1:15 pm +2,Qatar Airways,JFK‐HKT,39h40m,1,DOH,11:55 pm – 2:55 pm +1,Qatar Airways,HKT‐JFK,26h00m,1,DOH,1240,20220409-1213,cheap
1:00 am – 1:15 pm +1,Qatar Airways,JFK‐HKT,25h15m,1,DOH,11:55 pm – 2:55 pm +1,Qatar Airways,HKT‐JFK,26h00m,1,DOH,1288,20220409-1211,best
1:55 pm – 12:10 am +2,Asiana Airlines,JFK‐HKT,23h15m,1,ICN,1:30 am – 11:35 am,Asiana Airlines,HKT‐JFK,21h05m,1,ICN,1343,20220409-1211,best
8:55 pm – 7:20 pm +2,Singapore Airlines,JFK‐HKT,35h25m,2,"FRA, SIN",8:10 pm – 11:10 am +2,Singapore Airlines,HKT‐JFK,50h00m,2,"SIN, FRA",1029,20220409-1211,best
1:00 am – 1:15 pm +1,Qatar Airways,JFK‐HKT,25h15m,1,DOH,9:05 pm – 8:30 am +1,Qatar Airways,HKT‐JFK,22h25m,1,DOH,1255,20220409-1211,best
9:55 pm – 6:55 am +2,Qatar Airways,JFK‐HKT,22h00m,1,DOH,9:05 pm – 8:30 am +1,Qatar Airways,HKT‐JFK,22h25m,1,DOH,1426,20220409-1211,best
10:25 am – 7:20 pm +1,Singapore Airlines,EWR‐HKT,21h55m,1,SIN,6:10 pm – 6:00 am +1,Singapore Airlines,HKT‐EWR,22h50m,1,SIN,1583,20220409-1211,best
10:25 am – 7:20 pm +1,Singapore Airlines,EWR‐HKT,21h55m,1,SIN,8:10 pm – 11:10 am +1,Singapore Airlines,HKT‐JFK,26h00m,2,"SIN, FRA",1415,20220409-1211,best
9:55 pm – 6:55 am +2,Qatar Airways,JFK‐HKT,22h00m,1,DOH,1:30 am – 11:35 am,Asiana Airlines,HKT‐JFK,21h05m,1,ICN,1525,20220409-1211,best
8:55 pm – 9:35 am +2,Singapore Airlines,JFK‐HKT,25h40m,2,"FRA, SIN",1:30 am – 11:35 am,Asiana Airlines,HKT‐JFK,21h05m,1,ICN,1414,20220409-1211,best
9:55 pm – 6:55 am +2,Qatar Airways,JFK‐HKT,22h00m,1,DOH,11:55 pm – 2:55 pm +1,Qatar Airways,HKT‐JFK,26h00m,1,DOH,1376,20220409-1211,best
1:00 am – 1:15 pm +1,Qatar Airways,JFK‐HKT,25h15m,1,DOH,11:55 pm – 2:55 pm +1,Qatar Airways,HKT‐JFK,26h00m,1,DOH,1234,20220409-1211,best
10:25 am – 7:20 pm +1,Singapore Airlines,EWR‐HKT,21h55m,1,SIN,6:10 pm – 11:10 am +1,Singapore Airlines,HKT‐JFK,28h00m,2,"SIN, FRA",1415,20220409-1211,best
8:55 pm – 9:35 am +2,Singapore Airlines,JFK‐HKT,25h40m,2,"FRA, SIN",6:10 pm – 6:00 am +1,Singapore Airlines,HKT‐EWR,22h50m,1,SIN,1486,20220409-1211,best
10:25 am – 7:20 pm +1,Singapore Airlines,EWR‐HKT,21h55m,1,SIN,8:10 pm – 6:30 pm +1,Singapore Airlines,HKT‐JFK,33h20m,1,SIN,1306,20220409-1211,best
8:55 pm – 9:35 am +2,Singapore Airlines,JFK‐HKT,25h40m,2,"FRA, SIN",8:10 pm – 11:10 am +1,Singapore Airlines,HKT‐JFK,26h00m,2,"SIN, FRA",1345,20220409-1211,best
4:30 pm – 6:55 am +2,Qatar Airways,LGA‐HKT,27h25m,2,"ORD, DOH",9:05 pm – 8:30 am +1,Qatar Airways,HKT‐JFK,22h25m,1,DOH,1428,20220409-1211,best
10:30 pm – 9:35 am +2,Singapore Airlines,JFK‐HKT,24h05m,1,SIN,6:10 pm – 6:00 am +1,Singapore Airlines,HKT‐EWR,22h50m,1,SIN,1608,20220409-1211,best
9:55 pm – 6:55 am +2,Qatar Airways,JFK‐HKT,22h00m,1,DOH,1:30 am – 11:35 am,Asiana Airlines,HKT‐JFK,21h05m,1,ICN,1525,20220409-1216,fast
1:55 pm – 12:10 am +2,Asiana Airlines,JFK‐HKT,23h15m,1,ICN,1:30 am – 11:35 am,Asiana Airlines,HKT‐JFK,21h05m,1,ICN,1343,20220409-1216,fast
9:55 pm – 6:55 am +2,Qatar Airways,JFK‐HKT,22h00m,1,DOH,9:05 pm – 8:30 am +1,Qatar Airways,HKT‐JFK,22h25m,1,DOH,1426,20220409-1216,fast
9:55 pm – 6:55 am +2,"American Airlines, Qatar Airways",JFK‐HKT,22h00m,1,DOH,9:05 pm – 8:30 am +1,"Qatar Airways, American Airlines",HKT‐JFK,22h25m,1,DOH,1953,20220409-1216,fast
9:55 pm – 6:55 am +2,"American Airlines, Qatar Airways",JFK‐HKT,22h00m,1,DOH,9:05 pm – 8:45 am +1,"Qatar Airways, American Airlines",HKT‐JFK,22h40m,1,DOH,1953,20220409-1216,fast
10:25 am – 7:20 pm +1,Singapore Airlines,EWR‐HKT,21h55m,1,SIN,6:10 pm – 6:00 am +1,Singapore Airlines,HKT‐EWR,22h50m,1,SIN,1583,20220409-1216,fast
1:55 pm – 12:10 am +2,Asiana Airlines,JFK‐HKT,23h15m,1,ICN,9:05 pm – 8:30 am +1,Qatar Airways,HKT‐JFK,22h25m,1,DOH,1725,20220409-1216,fast
7:00 pm – 6:55 am +2,"JetBlue, Qatar Airways",LGA‐HKT,24h55m,2,"BOS, DOH",1:30 am – 11:35 am,Asiana Airlines,HKT‐JFK,21h05m,1,ICN,1773,20220409-1216,fast
10:15 pm – 10:15 am +2,Etihad Airways,JFK‐HKT,25h00m,1,AUH,1:30 am – 11:35 am,Asiana Airlines,HKT‐JFK,21h05m,1,ICN,1910,20220409-1216,fast
1:55 pm – 12:10 am +2,Asiana Airlines,JFK‐HKT,23h15m,1,ICN,6:10 pm – 6:00 am +1,Singapore Airlines,HKT‐EWR,22h50m,1,SIN,2012,20220409-1216,fast
1:50 pm – 12:10 am +2,"Korean Air, Asiana Airlines",JFK‐HKT,23h20m,1,ICN,6:10 pm – 6:00 am +1,Singapore Airlines,HKT‐EWR,22h50m,1,SIN,5188,20220409-1216,fast
1:00 am – 1:15 pm +1,Qatar Airways,JFK‐HKT,25h15m,1,DOH,1:30 am – 11:35 am,Asiana Airlines,HKT‐JFK,21h05m,1,ICN,1530,20220409-1216,fast
1:25 am – 2:00 pm +1,EVA Air,JFK‐HKT,25h35m,2,"TPE, BKK",1:30 am – 11:35 am,Asiana Airlines,HKT‐JFK,21h05m,1,ICN,1593,20220409-1216,fast
1:25 am – 2:00 pm +1,EVA Air,JFK‐HKT,25h35m,2,"TPE, BKK",1:30 am – 11:35 am,Asiana Airlines,HKT‐JFK,21h05m,1,ICN,1593,20220409-1216,fast
8:55 pm – 9:35 am +2,Singapore Airlines,JFK‐HKT,25h40m,2,"FRA, SIN",1:30 am – 11:35 am,Asiana Airlines,HKT‐JFK,21h05m,1,ICN,1414,20220409-1216,fast
