Out Time,Out Airline,Out Cities,Out Duration,Out Stops,Out Stop Cities,Return Time,Return Airline,Return Cities,Return Duration,Return Stops,Return Stop Cities,Price,timestamp,sort
8:55 pm – 7:10 pm +2,Singapore Airlines,JFK‐HKT,35h15m,2,"FRA, SIN",2:40 pm – 11:10 am +2,"Bangkok Airways, Singapore Airlines",HKT‐JFK,55h30m,3,"BKK, SIN, ...",1211,20220407-1805,cheap
3:00 pm – 6:20 pm +2,"ANA, Bangkok Airways",JFK‐HKT,40h20m,2,"HND, BKK",2:40 pm – 10:15 am +1,"Bangkok Airways, ANA",HKT‐JFK,30h35m,2,"BKK, HND",1304,20220407-1805,cheap
8:55 pm – 7:20 pm +2,Singapore Airlines,JFK‐HKT,35h25m,2,"FRA, SIN",6:10 pm – 6:00 am +1,Singapore Airlines,HKT‐EWR,22h50m,1,SIN,1342,20220407-1805,cheap
8:55 pm – 7:20 pm +2,Singapore Airlines,JFK‐HKT,35h25m,2,"FRA, SIN",11:40 am – 6:00 am +1,Singapore Airlines,HKT‐EWR,29h20m,1,SIN,1342,20220407-1805,cheap
8:55 pm – 7:20 pm +2,Singapore Airlines,JFK‐HKT,35h25m,2,"FRA, SIN",10:25 am – 6:00 am +1,Singapore Airlines,HKT‐EWR,30h35m,1,SIN,1342,20220407-1805,cheap
8:55 pm – 7:20 pm +2,Singapore Airlines,JFK‐HKT,35h25m,2,"FRA, SIN",9:05 pm – 8:30 am +1,Qatar Airways,HKT‐JFK,22h25m,1,DOH,1350,20220407-1805,cheap
8:55 pm – 7:20 pm +2,Singapore Airlines,JFK‐HKT,35h25m,2,"FRA, SIN",11:55 pm – 2:55 pm +1,Qatar Airways,HKT‐JFK,26h00m,1,DOH,1350,20220407-1805,cheap
8:55 pm – 7:20 pm +2,Singapore Airlines,JFK‐HKT,35h25m,2,"FRA, SIN",9:05 pm – 2:55 pm +1,Qatar Airways,HKT‐JFK,28h50m,1,DOH,1350,20220407-1805,cheap
8:55 pm – 7:10 pm +2,Singapore Airlines,JFK‐HKT,35h15m,2,"FRA, SIN",8:10 pm – 6:30 pm +1,Singapore Airlines,HKT‐JFK,33h20m,1,SIN,1376,20220407-1805,cheap
8:55 pm – 7:20 pm +2,Singapore Airlines,JFK‐HKT,35h25m,2,"FRA, SIN",8:10 pm – 6:30 pm +1,Singapore Airlines,HKT‐JFK,33h20m,1,SIN,1386,20220407-1805,cheap
3:00 pm – 6:20 pm +2,"ANA, Bangkok Airways",JFK‐HKT,40h20m,2,"HND, BKK",9:05 pm – 8:30 am +1,Qatar Airways,HKT‐JFK,22h25m,1,DOH,1408,20220407-1805,cheap
8:55 pm – 9:35 am +3,Singapore Airlines,JFK‐HKT,49h40m,2,"FRA, SIN",9:05 pm – 8:30 am +1,Qatar Airways,HKT‐JFK,22h25m,1,DOH,1415,20220407-1805,cheap
8:55 pm – 10:50 am +3,Singapore Airlines,JFK‐HKT,50h55m,2,"FRA, SIN",9:05 pm – 8:30 am +1,Qatar Airways,HKT‐JFK,22h25m,1,DOH,1415,20220407-1805,cheap
8:55 pm – 7:10 pm +2,Singapore Airlines,JFK‐HKT,35h15m,2,"FRA, SIN",9:05 pm – 8:30 am +1,Qatar Airways,HKT‐JFK,22h25m,1,DOH,1423,20220407-1805,cheap
8:55 pm – 7:20 pm +2,Singapore Airlines,JFK‐HKT,35h25m,2,"FRA, SIN",1:30 am – 11:35 am,Asiana Airlines,HKT‐JFK,21h05m,1,ICN,1448,20220407-1805,cheap
8:55 pm – 7:10 pm +2,Singapore Airlines,JFK‐HKT,35h15m,2,"FRA, SIN",2:40 pm – 11:10 am +2,"Bangkok Airways, Singapore Airlines",HKT‐JFK,55h30m,3,"BKK, SIN, ...",1266,20220407-1802,best
1:55 pm – 12:10 am +2,Asiana Airlines,JFK‐HKT,23h15m,1,ICN,1:30 am – 11:35 am,Asiana Airlines,HKT‐JFK,21h05m,1,ICN,1625,20220407-1802,best
1:55 pm – 12:10 am +2,Asiana Airlines,JFK‐HKT,23h15m,1,ICN,9:05 pm – 8:30 am +1,Qatar Airways,HKT‐JFK,22h25m,1,DOH,1694,20220407-1802,best
8:55 pm – 9:35 am +2,Singapore Airlines,JFK‐HKT,25h40m,2,"FRA, SIN",6:10 pm – 6:00 am +1,Singapore Airlines,HKT‐EWR,22h50m,1,SIN,1583,20220407-1802,best
8:55 pm – 10:50 am +2,Singapore Airlines,JFK‐HKT,26h55m,2,"FRA, SIN",6:10 pm – 6:00 am +1,Singapore Airlines,HKT‐EWR,22h50m,1,SIN,1583,20220407-1802,best
10:25 am – 7:20 pm +1,Singapore Airlines,EWR‐HKT,21h55m,1,SIN,6:10 pm – 6:00 am +1,Singapore Airlines,HKT‐EWR,22h50m,1,SIN,1944,20220407-1802,best
8:55 pm – 11:30 am +2,Singapore Airlines,JFK‐HKT,27h35m,2,"FRA, SIN",6:10 pm – 6:00 am +1,Singapore Airlines,HKT‐EWR,22h50m,1,SIN,1569,20220407-1802,best
1:55 pm – 12:10 am +2,Asiana Airlines,JFK‐HKT,23h15m,1,ICN,11:55 pm – 2:55 pm +1,Qatar Airways,HKT‐JFK,26h00m,1,DOH,1694,20220407-1802,best
1:55 pm – 12:10 am +2,Asiana Airlines,JFK‐HKT,23h15m,1,ICN,9:05 pm – 2:55 pm +1,Qatar Airways,HKT‐JFK,28h50m,1,DOH,1694,20220407-1802,best
8:55 pm – 11:30 am +2,Singapore Airlines,JFK‐HKT,27h35m,2,"FRA, SIN",9:05 pm – 8:30 am +1,Qatar Airways,HKT‐JFK,22h25m,1,DOH,1730,20220407-1802,best
1:55 pm – 12:10 am +2,Asiana Airlines,JFK‐HKT,23h15m,1,ICN,12:10 am – 2:25 pm,Emirates,HKT‐JFK,25h15m,1,DXB,1904,20220407-1802,best
8:55 pm – 7:20 pm +2,Singapore Airlines,JFK‐HKT,35h25m,2,"FRA, SIN",6:10 pm – 6:00 am +1,Singapore Airlines,HKT‐EWR,22h50m,1,SIN,1342,20220407-1802,best
8:55 pm – 9:35 am +2,Singapore Airlines,JFK‐HKT,25h40m,2,"FRA, SIN",11:40 am – 6:00 am +1,Singapore Airlines,HKT‐EWR,29h20m,1,SIN,1583,20220407-1802,best
8:55 pm – 7:20 pm +2,Singapore Airlines,JFK‐HKT,35h25m,2,"FRA, SIN",9:05 pm – 8:30 am +1,Qatar Airways,HKT‐JFK,22h25m,1,DOH,1350,20220407-1802,best
8:55 pm – 9:35 am +2,Singapore Airlines,JFK‐HKT,25h40m,2,"FRA, SIN",8:10 pm – 11:10 am +1,Singapore Airlines,HKT‐JFK,26h00m,2,"SIN, FRA",1697,20220407-1802,best
9:50 pm – 9:35 am +2,Thai Airways,JFK‐HKT,24h45m,2,"FRA, BKK",7:40 pm – 10:15 am +1,Thai Airways,HKT‐JFK,25h35m,2,"BKK, HND",1690,20220407-1802,best
10:25 am – 7:20 pm +1,Singapore Airlines,EWR‐HKT,21h55m,1,SIN,1:30 am – 11:35 am,Asiana Airlines,HKT‐JFK,21h05m,1,ICN,2427,20220407-1808,fast
1:55 pm – 12:10 am +2,Asiana Airlines,JFK‐HKT,23h15m,1,ICN,1:30 am – 11:35 am,Asiana Airlines,HKT‐JFK,21h05m,1,ICN,1625,20220407-1808,fast
10:25 am – 7:20 pm +1,Singapore Airlines,EWR‐HKT,21h55m,1,SIN,6:10 pm – 6:00 am +1,Singapore Airlines,HKT‐EWR,22h50m,1,SIN,1944,20220407-1808,fast
1:55 pm – 12:10 am +2,Asiana Airlines,JFK‐HKT,23h15m,1,ICN,9:05 pm – 8:30 am +1,Qatar Airways,HKT‐JFK,22h25m,1,DOH,1694,20220407-1808,fast
9:50 pm – 9:35 am +2,Thai Airways,JFK‐HKT,24h45m,2,"FRA, BKK",1:30 am – 11:35 am,Asiana Airlines,HKT‐JFK,21h05m,1,ICN,1756,20220407-1808,fast
1:55 pm – 12:10 am +2,Asiana Airlines,JFK‐HKT,23h15m,1,ICN,6:10 pm – 6:00 am +1,Singapore Airlines,HKT‐EWR,22h50m,1,SIN,2279,20220407-1808,fast
1:25 am – 1:50 pm +1,EVA Air,JFK‐HKT,25h25m,2,"TPE, BKK",1:30 am – 11:35 am,Asiana Airlines,HKT‐JFK,21h05m,1,ICN,1952,20220407-1808,fast
9:50 pm – 10:20 am +2,Thai Airways,JFK‐HKT,25h30m,2,"FRA, BKK",1:30 am – 11:35 am,Asiana Airlines,HKT‐JFK,21h05m,1,ICN,1954,20220407-1808,fast
10:25 am – 7:20 pm +1,Singapore Airlines,EWR‐HKT,21h55m,1,SIN,8:15 am – 10:05 pm,"THAI Smile, EVA Air",HKT‐JFK,24h50m,2,"BKK, TPE",2765,20220407-1808,fast
9:50 pm – 9:35 am +2,Thai Airways,JFK‐HKT,24h45m,2,"FRA, BKK",9:05 pm – 8:30 am +1,Qatar Airways,HKT‐JFK,22h25m,1,DOH,1677,20220407-1808,fast
9:50 pm – 9:35 am +2,Thai Airways,JFK‐HKT,24h45m,2,"FRA, BKK",6:10 pm – 6:00 am +1,Singapore Airlines,HKT‐EWR,22h50m,1,SIN,2138,20220407-1808,fast
11:00 pm – 12:30 pm +2,Emirates,JFK‐HKT,26h30m,1,DXB,1:30 am – 11:35 am,Asiana Airlines,HKT‐JFK,21h05m,1,ICN,2200,20220407-1808,fast
1:00 am – 1:15 pm +1,"American Airlines, Qatar Airways",JFK‐HKT,25h15m,1,DOH,9:05 pm – 8:30 am +1,"Qatar Airways, American Airlines",HKT‐JFK,22h25m,1,DOH,5268,20220407-1808,fast
1:25 am – 1:50 pm +1,EVA Air,JFK‐HKT,25h25m,2,"TPE, BKK",9:05 pm – 8:30 am +1,Qatar Airways,HKT‐JFK,22h25m,1,DOH,1803,20220407-1808,fast
10:25 am – 7:20 pm +1,Singapore Airlines,EWR‐HKT,21h55m,1,SIN,8:10 pm – 11:10 am +1,Singapore Airlines,HKT‐JFK,26h00m,2,"SIN, FRA",2036,20220407-1808,fast
