Out Time,Out Airline,Out Cities,Out Duration,Out Stops,Out Stop Cities,Return Time,Return Airline,Return Cities,Return Duration,Return Stops,Return Stop Cities,Price,timestamp,sort
8:15 am – 9:35 am +2,"Alaska Airlines, Singapore Airlines",EWR‐HKT,38h20m,3,"LAX, NRT, ...",11:40 am – 11:10 am +2,Singapore Airlines,HKT‐JFK,58h30m,2,"SIN, FRA",1034,20220407-0825,cheap
9:55 pm – 7:20 am +2,Qatar Airways,JFK‐HKT,22h25m,1,DOH,7:10 pm – 9:00 am +2,Qatar Airways,HKT‐JFK,48h50m,2,"BKK, DOH",1155,20220407-0825,cheap
9:55 pm – 7:20 am +2,Qatar Airways,JFK‐HKT,22h25m,1,DOH,7:10 pm – 9:00 am +2,Qatar Airways,HKT‐JFK,48h50m,2,"BKK, DOH",1158,20220407-0825,cheap
9:55 pm – 7:20 am +2,Qatar Airways,JFK‐HKT,22h25m,1,DOH,11:55 pm – 2:55 pm +1,Qatar Airways,HKT‐JFK,26h00m,1,DOH,1210,20220407-0825,cheap
12:30 pm – 6:55 am +2,"Air India, THAI Smile",JFK‐HKT,31h25m,2,"DEL, BOM",9:45 pm – 8:50 am +1,Emirates,HKT‐JFK,22h05m,1,DXB,1210,20220407-0825,cheap
11:10 am – 7:20 am +2,Qatar Airways,JFK‐HKT,33h10m,1,DOH,11:55 pm – 2:55 pm +1,Qatar Airways,HKT‐JFK,26h00m,1,DOH,1214,20220407-0825,cheap
9:55 pm – 7:20 am +2,Qatar Airways,JFK‐HKT,22h25m,1,DOH,11:55 pm – 9:00 am +2,Qatar Airways,HKT‐JFK,44h05m,1,DOH,1214,20220407-0825,cheap
9:55 pm – 1:15 pm +2,Qatar Airways,JFK‐HKT,28h20m,1,DOH,11:55 pm – 2:55 pm +1,Qatar Airways,HKT‐JFK,26h00m,1,DOH,1256,20220407-0825,cheap
12:30 pm – 7:05 am +2,"Air India, GoFirst",JFK‐HKT,31h35m,1,DEL,9:45 pm – 8:50 am +1,Emirates,HKT‐JFK,22h05m,1,DXB,1258,20220407-0825,cheap
11:10 am – 1:15 pm +2,Qatar Airways,JFK‐HKT,39h05m,1,DOH,11:55 pm – 2:55 pm +1,Qatar Airways,HKT‐JFK,26h00m,1,DOH,1260,20220407-0825,cheap
11:55 pm – 12:30 pm +2,Emirates,EWR‐HKT,25h35m,2,"ATH, DXB",9:45 pm – 8:50 am +1,Emirates,HKT‐JFK,22h05m,1,DXB,1275,20220407-0825,cheap
11:00 pm – 12:30 pm +2,Emirates,JFK‐HKT,26h30m,1,DXB,9:45 pm – 8:50 am +1,Emirates,HKT‐JFK,22h05m,1,DXB,1275,20220407-0825,cheap
11:55 pm – 12:30 pm +2,Emirates,EWR‐HKT,25h35m,2,"ATH, DXB",9:45 pm – 6:55 pm +1,Emirates,HKT‐JFK,32h10m,2,"DXB, MXP",1275,20220407-0825,cheap
11:00 pm – 12:30 pm +2,Emirates,JFK‐HKT,26h30m,1,DXB,9:45 pm – 6:55 pm +1,Emirates,HKT‐JFK,32h10m,2,"DXB, MXP",1275,20220407-0825,cheap
9:55 pm – 1:15 pm +2,Qatar Airways,JFK‐HKT,28h20m,1,DOH,11:55 pm – 9:00 am +2,Qatar Airways,HKT‐JFK,44h05m,1,DOH,1276,20220407-0825,cheap
9:55 pm – 7:20 am +2,Qatar Airways,JFK‐HKT,22h25m,1,DOH,7:10 pm – 9:00 am +2,Qatar Airways,HKT‐JFK,48h50m,2,"BKK, DOH",1182,20220407-0822,best
9:55 pm – 7:20 am +2,Qatar Airways,JFK‐HKT,22h25m,1,DOH,11:55 pm – 2:55 pm +1,Qatar Airways,HKT‐JFK,26h00m,1,DOH,1210,20220407-0822,best
11:20 am – 8:00 pm +1,Emirates,JFK‐HKT,21h40m,1,DXB,9:45 pm – 8:50 am +1,Emirates,HKT‐JFK,22h05m,1,DXB,1457,20220407-0822,best
9:55 pm – 7:20 am +2,Qatar Airways,JFK‐HKT,22h25m,1,DOH,9:05 pm – 9:00 am +1,Qatar Airways,HKT‐JFK,22h55m,1,DOH,1363,20220407-0822,best
11:55 pm – 12:30 pm +2,Emirates,EWR‐HKT,25h35m,2,"ATH, DXB",9:45 pm – 8:50 am +1,Emirates,HKT‐JFK,22h05m,1,DXB,1275,20220407-0822,best
11:00 pm – 12:30 pm +2,Emirates,JFK‐HKT,26h30m,1,DXB,9:45 pm – 8:50 am +1,Emirates,HKT‐JFK,22h05m,1,DXB,1275,20220407-0822,best
9:55 pm – 7:20 am +2,Qatar Airways,JFK‐HKT,22h25m,1,DOH,9:45 pm – 8:50 am +1,Emirates,HKT‐JFK,22h05m,1,DXB,1486,20220407-0822,best
9:55 pm – 1:15 pm +2,Qatar Airways,JFK‐HKT,28h20m,1,DOH,11:55 pm – 2:55 pm +1,Qatar Airways,HKT‐JFK,26h00m,1,DOH,1256,20220407-0822,best
4:30 pm – 7:20 am +2,Qatar Airways,LGA‐HKT,27h50m,2,"ORD, DOH",11:55 pm – 2:55 pm +1,Qatar Airways,HKT‐JFK,26h00m,1,DOH,1322,20220407-0822,best
11:20 am – 8:00 pm +1,Emirates,JFK‐HKT,21h40m,1,DXB,9:45 pm – 2:25 pm +1,Emirates,HKT‐JFK,27h40m,1,DXB,1536,20220407-0822,best
9:55 pm – 1:15 pm +2,Qatar Airways,JFK‐HKT,28h20m,1,DOH,9:05 pm – 9:00 am +1,Qatar Airways,HKT‐JFK,22h55m,1,DOH,1425,20220407-0822,best
3:44 pm – 7:20 am +2,Qatar Airways,JFK‐HKT,28h36m,2,"ORD, DOH",11:55 pm – 2:55 pm +1,Qatar Airways,HKT‐JFK,26h00m,1,DOH,1322,20220407-0822,best
4:30 pm – 7:20 am +2,Qatar Airways,LGA‐HKT,27h50m,2,"ORD, DOH",9:05 pm – 9:00 am +1,Qatar Airways,HKT‐JFK,22h55m,1,DOH,1475,20220407-0822,best
9:55 pm – 11:45 am +2,"Qatar Airways, Malaysia Airlines",JFK‐HKT,26h50m,2,"DOH, KUL",9:45 pm – 8:50 am +1,Emirates,HKT‐JFK,22h05m,1,DXB,1472,20220407-0822,best
11:10 am – 7:20 am +2,Qatar Airways,JFK‐HKT,33h10m,1,DOH,11:55 pm – 2:55 pm +1,Qatar Airways,HKT‐JFK,26h00m,1,DOH,1214,20220407-0822,best
9:55 pm – 7:20 am +2,Qatar Airways,JFK‐HKT,22h25m,1,DOH,9:05 pm – 2:55 pm +1,Qatar Airways,HKT‐JFK,28h50m,1,DOH,1449,20220407-0822,best
11:20 am – 8:00 pm +1,Emirates,JFK‐HKT,21h40m,1,DXB,9:45 pm – 8:50 am +1,Emirates,HKT‐JFK,22h05m,1,DXB,1457,20220407-0828,fast
10:25 am – 7:20 pm +1,Singapore Airlines,EWR‐HKT,21h55m,1,SIN,9:45 pm – 8:50 am +1,Emirates,HKT‐JFK,22h05m,1,DXB,1965,20220407-0828,fast
9:55 pm – 7:20 am +2,Qatar Airways,JFK‐HKT,22h25m,1,DOH,9:45 pm – 8:50 am +1,Emirates,HKT‐JFK,22h05m,1,DXB,1486,20220407-0828,fast
10:25 am – 7:20 pm +1,Singapore Airlines,EWR‐HKT,21h55m,1,SIN,6:10 pm – 6:00 am +1,Singapore Airlines,HKT‐EWR,22h50m,1,SIN,1917,20220407-0828,fast
8:45 pm – 6:55 am +2,"Lufthansa, THAI Smile",EWR‐HKT,23h10m,2,"MUC, BOM",9:45 pm – 8:50 am +1,Emirates,HKT‐JFK,22h05m,1,DXB,4794,20220407-0828,fast
9:55 pm – 7:20 am +2,Qatar Airways,JFK‐HKT,22h25m,1,DOH,9:05 pm – 9:00 am +1,Qatar Airways,HKT‐JFK,22h55m,1,DOH,1363,20220407-0828,fast
9:55 pm – 7:20 am +2,"American Airlines, Qatar Airways",JFK‐HKT,22h25m,1,DOH,9:05 pm – 9:00 am +1,"Qatar Airways, American Airlines",HKT‐JFK,22h55m,1,DOH,1776,20220407-0828,fast
8:45 pm – 6:55 am +2,"Lufthansa, THAI Smile",EWR‐HKT,23h10m,2,"MUC, BOM",9:05 pm – 9:00 am +1,Qatar Airways,HKT‐JFK,22h55m,1,DOH,5209,20220407-0828,fast
10:30 pm – 9:35 am +2,Singapore Airlines,JFK‐HKT,24h05m,1,SIN,9:45 pm – 8:50 am +1,Emirates,HKT‐JFK,22h05m,1,DXB,1999,20220407-0828,fast
11:00 pm – 10:20 am +2,"Lufthansa, Thai Airways",EWR‐HKT,24h20m,2,"LHR, BKK",9:45 pm – 8:50 am +1,Emirates,HKT‐JFK,22h05m,1,DXB,4765,20220407-0828,fast
10:30 pm – 9:35 am +2,Singapore Airlines,JFK‐HKT,24h05m,1,SIN,6:10 pm – 6:00 am +1,Singapore Airlines,HKT‐EWR,22h50m,1,SIN,1917,20220407-0828,fast
11:20 am – 8:00 pm +1,Emirates,JFK‐HKT,21h40m,1,DXB,12:10 am – 2:25 pm,Emirates,HKT‐JFK,25h15m,1,DXB,2104,20220407-0828,fast
7:15 pm – 7:20 am +2,Qatar Airways,JFK‐HKT,25h05m,2,"LHR, DOH",9:45 pm – 8:50 am +1,Emirates,HKT‐JFK,22h05m,1,DXB,2376,20220407-0828,fast
11:00 pm – 10:20 am +2,"Lufthansa, Thai Airways",EWR‐HKT,24h20m,2,"LHR, BKK",9:05 pm – 9:00 am +1,Qatar Airways,HKT‐JFK,22h55m,1,DOH,5180,20220407-0828,fast
10:30 pm – 10:50 am +2,Singapore Airlines,JFK‐HKT,25h20m,1,SIN,9:45 pm – 8:50 am +1,Emirates,HKT‐JFK,22h05m,1,DXB,2011,20220407-0828,fast
