Out Time,Out Airline,Out Cities,Out Duration,Out Stops,Out Stop Cities,Return Time,Return Airline,Return Cities,Return Duration,Return Stops,Return Stop Cities,Price,timestamp,sort
12:30 pm – 7:05 am +2,"Air India, GoFirst",JFK‐HKT,31h35m,1,DEL,1:35 pm – 10:15 pm +1,"AirAsia, Turkish Airlines",HKT‐JFK,43h40m,2,"KUL, IST",1087,20220407-0840,cheap
9:55 pm – 7:20 am +2,Qatar Airways,JFK‐HKT,22h25m,1,DOH,7:10 pm – 2:55 pm +1,Qatar Airways,HKT‐JFK,30h45m,2,"BKK, DOH",1103,20220407-0840,cheap
9:55 pm – 7:20 am +2,Qatar Airways,JFK‐HKT,22h25m,1,DOH,2:40 pm – 2:55 pm +1,Qatar Airways,HKT‐JFK,35h15m,2,"BKK, DOH",1103,20220407-0840,cheap
9:55 pm – 7:20 am +2,Qatar Airways,JFK‐HKT,22h25m,1,DOH,10:20 am – 2:55 pm +1,Qatar Airways,HKT‐JFK,39h35m,2,"BKK, DOH",1106,20220407-0840,cheap
11:10 am – 7:20 am +2,Qatar Airways,JFK‐HKT,33h10m,1,DOH,7:10 pm – 2:55 pm +1,Qatar Airways,HKT‐JFK,30h45m,2,"BKK, DOH",1107,20220407-0840,cheap
11:10 am – 7:20 am +2,Qatar Airways,JFK‐HKT,33h10m,1,DOH,2:40 pm – 2:55 pm +1,Qatar Airways,HKT‐JFK,35h15m,2,"BKK, DOH",1107,20220407-0840,cheap
11:10 am – 7:20 am +2,Qatar Airways,JFK‐HKT,33h10m,1,DOH,10:20 am – 2:55 pm +1,Qatar Airways,HKT‐JFK,39h35m,2,"BKK, DOH",1110,20220407-0840,cheap
9:55 pm – 7:20 am +2,Qatar Airways,JFK‐HKT,22h25m,1,DOH,7:10 pm – 9:00 am +2,Qatar Airways,HKT‐JFK,48h50m,2,"BKK, DOH",1120,20220407-0840,cheap
12:30 pm – 7:05 am +2,"Air India, GoFirst",JFK‐HKT,31h35m,1,DEL,8:50 am – 2:55 pm +1,"Thai AirAsia, Qatar Airways",HKT‐JFK,41h05m,2,"BKK, DOH",1185,20220407-0840,cheap
12:30 pm – 7:05 am +2,"Air India, GoFirst",JFK‐HKT,31h35m,1,DEL,8:20 pm – 2:55 pm +1,"Thai AirAsia, Qatar Airways",HKT‐JFK,29h35m,2,"DMK-BKK, DOH",1201,20220407-0840,cheap
9:55 pm – 1:15 pm +2,Qatar Airways,JFK‐HKT,28h20m,1,DOH,7:10 pm – 2:55 pm +1,"Bangkok Airways, Qatar Airways",HKT‐JFK,30h45m,2,"BKK, DOH",1206,20220407-0840,cheap
11:10 am – 1:15 pm +2,Qatar Airways,JFK‐HKT,39h05m,1,DOH,7:10 pm – 2:55 pm +1,"Bangkok Airways, Qatar Airways",HKT‐JFK,30h45m,2,"BKK, DOH",1207,20220407-0840,cheap
9:55 pm – 1:15 pm +2,Qatar Airways,JFK‐HKT,28h20m,1,DOH,2:40 pm – 2:55 pm +1,"Bangkok Airways, Qatar Airways",HKT‐JFK,35h15m,2,"BKK, DOH",1209,20220407-0840,cheap
12:30 pm – 7:05 am +2,"Air India, GoFirst",JFK‐HKT,31h35m,1,DEL,9:00 am – 2:55 pm +1,"Thai Vietjet Air, Qatar Airways",HKT‐JFK,40h55m,2,"BKK, DOH",1210,20220407-0840,cheap
9:55 pm – 1:15 pm +2,Qatar Airways,JFK‐HKT,28h20m,1,DOH,10:20 am – 2:55 pm +1,"Bangkok Airways, Qatar Airways",HKT‐JFK,39h35m,2,"BKK, DOH",1212,20220407-0840,cheap
9:55 pm – 7:20 am +2,Qatar Airways,JFK‐HKT,22h25m,1,DOH,7:10 pm – 2:55 pm +1,Qatar Airways,HKT‐JFK,30h45m,2,"BKK, DOH",1142,20220407-0838,best
9:55 pm – 7:20 am +2,Qatar Airways,JFK‐HKT,22h25m,1,DOH,7:10 pm – 2:55 pm +1,Qatar Airways,HKT‐JFK,30h45m,2,"BKK, DOH",1103,20220407-0838,best
9:55 pm – 7:20 am +2,Qatar Airways,JFK‐HKT,22h25m,1,DOH,11:55 pm – 2:55 pm +1,Qatar Airways,HKT‐JFK,26h00m,1,DOH,1295,20220407-0838,best
9:55 pm – 7:20 am +2,Qatar Airways,JFK‐HKT,22h25m,1,DOH,2:40 pm – 2:55 pm +1,Qatar Airways,HKT‐JFK,35h15m,2,"BKK, DOH",1103,20220407-0838,best
9:55 pm – 7:20 am +2,Qatar Airways,JFK‐HKT,22h25m,1,DOH,2:40 pm – 9:00 am +1,Qatar Airways,HKT‐JFK,29h20m,2,"BKK, DOH",1316,20220407-0838,best
7:00 pm – 7:20 am +2,Qatar Airways,LGA‐HKT,25h20m,2,"BOS, DOH",7:10 pm – 2:55 pm +1,Qatar Airways,HKT‐JFK,30h45m,2,"BKK, DOH",1218,20220407-0838,best
7:00 pm – 7:20 am +2,Qatar Airways,JFK‐HKT,25h20m,2,"BOS, DOH",7:10 pm – 2:55 pm +1,Qatar Airways,HKT‐JFK,30h45m,2,"BKK, DOH",1227,20220407-0838,best
6:00 pm – 7:20 am +2,Qatar Airways,LGA‐HKT,26h20m,2,"BOS, DOH",7:10 pm – 2:55 pm +1,Qatar Airways,HKT‐JFK,30h45m,2,"BKK, DOH",1218,20220407-0838,best
7:00 pm – 7:20 am +2,Qatar Airways,LGA‐HKT,25h20m,2,"BOS, DOH",11:55 pm – 2:55 pm +1,Qatar Airways,HKT‐JFK,26h00m,1,DOH,1412,20220407-0838,best
6:00 pm – 7:20 am +2,Qatar Airways,LGA‐HKT,26h20m,2,"BOS, DOH",11:55 pm – 2:55 pm +1,Qatar Airways,HKT‐JFK,26h00m,1,DOH,1430,20220407-0838,best
4:30 pm – 7:20 am +2,Qatar Airways,LGA‐HKT,27h50m,2,"ORD, DOH",7:10 pm – 2:55 pm +1,Qatar Airways,HKT‐JFK,30h45m,2,"BKK, DOH",1228,20220407-0838,best
11:10 am – 7:20 am +2,Qatar Airways,JFK‐HKT,33h10m,1,DOH,7:10 pm – 2:55 pm +1,Qatar Airways,HKT‐JFK,30h45m,2,"BKK, DOH",1107,20220407-0838,best
9:55 pm – 1:15 pm +2,Qatar Airways,JFK‐HKT,28h20m,1,DOH,7:10 pm – 2:55 pm +1,"Bangkok Airways, Qatar Airways",HKT‐JFK,30h45m,2,"BKK, DOH",1206,20220407-0838,best
9:55 pm – 7:20 am +2,Qatar Airways,JFK‐HKT,22h25m,1,DOH,10:20 am – 2:55 pm +1,Qatar Airways,HKT‐JFK,39h35m,2,"BKK, DOH",1106,20220407-0838,best
3:44 pm – 7:20 am +2,Qatar Airways,JFK‐HKT,28h36m,2,"ORD, DOH",7:10 pm – 2:55 pm +1,Qatar Airways,HKT‐JFK,30h45m,2,"BKK, DOH",1228,20220407-0838,best
9:55 pm – 1:15 pm +2,Qatar Airways,JFK‐HKT,28h20m,1,DOH,11:55 pm – 2:55 pm +1,Qatar Airways,HKT‐JFK,26h00m,1,DOH,1359,20220407-0838,best
10:30 pm – 9:35 am +2,Singapore Airlines,JFK‐HKT,24h05m,1,SIN,6:10 pm – 6:00 am +1,Singapore Airlines,HKT‐EWR,22h50m,1,SIN,2784,20220407-0843,fast
9:55 pm – 7:20 am +2,Qatar Airways,JFK‐HKT,22h25m,1,DOH,12:10 am – 2:25 pm,Emirates,HKT‐JFK,25h15m,1,DXB,1620,20220407-0843,fast
9:55 pm – 7:20 am +2,Qatar Airways,JFK‐HKT,22h25m,1,DOH,9:15 pm – 11:35 am +1,"THAI Smile, Asiana Airlines",HKT‐JFK,25h20m,2,"BKK, ICN",1642,20220407-0843,fast
10:30 pm – 10:50 am +2,Singapore Airlines,JFK‐HKT,25h20m,1,SIN,6:10 pm – 6:00 am +1,Singapore Airlines,HKT‐EWR,22h50m,1,SIN,2784,20220407-0843,fast
9:55 pm – 7:20 am +2,Qatar Airways,JFK‐HKT,22h25m,1,DOH,11:55 pm – 2:55 pm +1,Qatar Airways,HKT‐JFK,26h00m,1,DOH,1295,20220407-0843,fast
9:55 pm – 7:20 am +2,"American Airlines, Qatar Airways",JFK‐HKT,22h25m,1,DOH,11:55 pm – 2:55 pm +1,"Qatar Airways, American Airlines",HKT‐JFK,26h00m,1,DOH,1595,20220407-0843,fast
8:55 pm – 9:35 am +2,Singapore Airlines,JFK‐HKT,25h40m,2,"FRA, SIN",6:10 pm – 6:00 am +1,Singapore Airlines,HKT‐EWR,22h50m,1,SIN,2275,20220407-0843,fast
10:30 pm – 9:35 am +2,Singapore Airlines,JFK‐HKT,24h05m,1,SIN,12:10 am – 2:25 pm,Emirates,HKT‐JFK,25h15m,1,DXB,2575,20220407-0843,fast
10:30 pm – 10:15 am +2,Etihad Airways,JFK‐HKT,24h45m,1,AUH,12:10 am – 2:25 pm,Emirates,HKT‐JFK,25h15m,1,DXB,2063,20220407-0843,fast
9:55 pm – 7:20 am +2,Qatar Airways,JFK‐HKT,22h25m,1,DOH,10:00 pm – 2:55 pm +1,"Thai Vietjet Air, Qatar Airways",HKT‐JFK,27h55m,2,"BKK, DOH",1459,20220407-0843,fast
7:00 pm – 7:20 am +2,Qatar Airways,LGA‐HKT,25h20m,2,"BOS, DOH",12:10 am – 2:25 pm,Emirates,HKT‐JFK,25h15m,1,DXB,1789,20220407-0843,fast
7:00 pm – 7:20 am +2,Qatar Airways,JFK‐HKT,25h20m,2,"BOS, DOH",12:10 am – 2:25 pm,Emirates,HKT‐JFK,25h15m,1,DXB,2203,20220407-0843,fast
10:30 pm – 10:50 am +2,Singapore Airlines,JFK‐HKT,25h20m,1,SIN,12:10 am – 2:25 pm,Emirates,HKT‐JFK,25h15m,1,DXB,2575,20220407-0843,fast
10:30 pm – 10:15 am +2,Etihad Airways,JFK‐HKT,24h45m,1,AUH,11:55 pm – 2:55 pm +1,Qatar Airways,HKT‐JFK,26h00m,1,DOH,2152,20220407-0843,fast
11:55 pm – 12:30 pm +2,Emirates,EWR‐HKT,25h35m,1,DXB,12:10 am – 2:25 pm,Emirates,HKT‐JFK,25h15m,1,DXB,1738,20220407-0843,fast
