Out Time,Out Airline,Out Cities,Out Duration,Out Stops,Out Stop Cities,Return Time,Return Airline,Return Cities,Return Duration,Return Stops,Return Stop Cities,Price,timestamp,sort
4:40 pm – 6:15 am +2,United Airlines,EWR‐SIN,25h35m,1,SFO,8:45 am – 10:00 pm,United Airlines,SIN‐EWR,25h15m,1,SFO,915,20220408-1359,cheap
4:35 pm – 6:15 am +2,United Airlines,LGA‐SIN,25h40m,2,"DEN, SFO",8:45 am – 10:00 pm,United Airlines,SIN‐EWR,25h15m,1,SFO,915,20220408-1359,cheap
2:21 pm – 6:15 am +2,United Airlines,LGA‐SIN,27h54m,2,"DEN, SFO",8:45 am – 10:00 pm,United Airlines,SIN‐EWR,25h15m,1,SFO,915,20220408-1359,cheap
2:21 pm – 6:15 am +2,United Airlines,LGA‐SIN,27h54m,2,"DEN, SFO",8:45 am – 10:00 pm,United Airlines,SIN‐EWR,25h15m,1,SFO,915,20220408-1359,cheap
4:40 pm – 6:15 am +2,United Airlines,EWR‐SIN,25h35m,1,SFO,8:45 am – 12:45 am +1,United Airlines,SIN‐EWR,28h00m,1,SFO,915,20220408-1359,cheap
12:29 pm – 6:15 am +2,United Airlines,LGA‐SIN,29h46m,2,"IAH, SFO",8:45 am – 10:00 pm,United Airlines,SIN‐EWR,25h15m,1,SFO,915,20220408-1359,cheap
12:00 pm – 6:15 am +2,United Airlines,EWR‐SIN,30h15m,1,SFO,8:45 am – 10:00 pm,United Airlines,SIN‐EWR,25h15m,1,SFO,915,20220408-1359,cheap
12:29 pm – 6:15 am +2,United Airlines,LGA‐SIN,29h46m,2,"IAH, SFO",8:45 am – 12:45 am +1,United Airlines,SIN‐EWR,28h00m,1,SFO,915,20220408-1359,cheap
12:00 pm – 6:15 am +2,United Airlines,EWR‐SIN,30h15m,1,SFO,8:45 am – 12:45 am +1,United Airlines,SIN‐EWR,28h00m,1,SFO,915,20220408-1359,cheap
4:40 pm – 6:15 am +2,United Airlines,EWR‐SIN,25h35m,1,SFO,8:45 am – 5:30 am +1,United Airlines,SIN‐JFK,32h45m,1,SFO,915,20220408-1359,cheap
12:29 pm – 6:15 am +2,United Airlines,LGA‐SIN,29h46m,2,"IAH, SFO",8:45 am – 5:30 am +1,United Airlines,SIN‐JFK,32h45m,1,SFO,915,20220408-1359,cheap
12:00 pm – 6:15 am +2,United Airlines,EWR‐SIN,30h15m,1,SFO,8:45 am – 5:30 am +1,United Airlines,SIN‐JFK,32h45m,1,SFO,915,20220408-1359,cheap
4:40 pm – 6:15 am +2,United Airlines,EWR‐SIN,25h35m,1,SFO,8:45 am – 9:52 pm,United Airlines,SIN‐LGA,25h07m,2,"SFO, DEN",919,20220408-1359,cheap
4:35 pm – 6:15 am +2,United Airlines,LGA‐SIN,25h40m,2,"DEN, SFO",8:45 am – 9:52 pm,United Airlines,SIN‐LGA,25h07m,2,"SFO, DEN",919,20220408-1359,cheap
4:40 pm – 6:15 am +2,United Airlines,EWR‐SIN,25h35m,1,SFO,8:45 am – 11:11 pm,United Airlines,SIN‐LGA,26h26m,2,"SFO, IAH",919,20220408-1359,cheap
8:55 pm – 6:50 am +2,Singapore Airlines,JFK‐SIN,21h55m,1,FRA,1:55 pm – 11:10 am +1,Singapore Airlines,SIN‐JFK,33h15m,1,FRA,1012,20220408-1356,best
6:40 pm – 6:15 am +2,United Airlines,EWR‐SIN,23h35m,1,SFO,8:45 am – 8:06 pm,United Airlines,SIN‐EWR,23h21m,1,SFO,1054,20220408-1356,best
4:40 pm – 6:15 am +2,United Airlines,EWR‐SIN,25h35m,1,SFO,8:45 am – 10:00 pm,United Airlines,SIN‐EWR,25h15m,1,SFO,915,20220408-1356,best
6:40 pm – 6:15 am +2,United Airlines,EWR‐SIN,23h35m,1,SFO,8:45 am – 7:20 pm,United Airlines,SIN‐EWR,22h35m,1,SFO,1054,20220408-1356,best
4:40 pm – 6:15 am +2,United Airlines,EWR‐SIN,25h35m,1,SFO,8:45 am – 7:20 pm,United Airlines,SIN‐EWR,22h35m,1,SFO,985,20220408-1356,best
8:55 pm – 6:50 am +2,Singapore Airlines,JFK‐SIN,21h55m,1,FRA,11:50 am – 6:30 pm,Singapore Airlines,SIN‐JFK,18h40m,0,,1310,20220408-1356,best
6:40 pm – 6:15 am +2,United Airlines,EWR‐SIN,23h35m,1,SFO,8:45 am – 10:00 pm,United Airlines,SIN‐EWR,25h15m,1,SFO,985,20220408-1356,best
4:40 pm – 6:15 am +2,United Airlines,EWR‐SIN,25h35m,1,SFO,8:45 am – 8:06 pm,United Airlines,SIN‐EWR,23h21m,1,SFO,985,20220408-1356,best
4:40 pm – 6:15 am +2,United Airlines,EWR‐SIN,25h35m,1,SFO,8:45 am – 9:52 pm,United Airlines,SIN‐LGA,25h07m,2,"SFO, DEN",919,20220408-1356,best
5:30 pm – 6:15 am +2,United Airlines,JFK‐SIN,24h45m,1,SFO,8:45 am – 10:00 pm,United Airlines,SIN‐EWR,25h15m,1,SFO,985,20220408-1356,best
4:35 pm – 6:15 am +2,United Airlines,LGA‐SIN,25h40m,2,"DEN, SFO",8:45 am – 10:00 pm,United Airlines,SIN‐EWR,25h15m,1,SFO,915,20220408-1356,best
6:40 pm – 6:15 am +2,United Airlines,EWR‐SIN,23h35m,1,SFO,8:45 am – 9:00 pm,United Airlines,SIN‐LGA,24h15m,2,"SFO, DEN",1058,20220408-1356,best
6:40 pm – 6:15 am +2,United Airlines,EWR‐SIN,23h35m,1,SFO,6:10 am – 4:40 pm,"ANA, United Airlines",SIN‐EWR,22h30m,1,NRT,1156,20220408-1356,best
4:40 pm – 6:15 am +2,United Airlines,EWR‐SIN,25h35m,1,SFO,8:45 am – 11:11 pm,United Airlines,SIN‐LGA,26h26m,2,"SFO, IAH",919,20220408-1356,best
10:25 am – 5:10 pm +1,Singapore Airlines,EWR‐SIN,18h45m,0,,11:50 am – 6:30 pm,Singapore Airlines,SIN‐JFK,18h40m,0,,1513,20220408-1356,best
5:30 pm – 6:15 am +2,United Airlines,JFK‐SIN,24h45m,1,SFO,8:45 am – 9:52 pm,United Airlines,SIN‐LGA,25h07m,2,"SFO, DEN",989,20220408-1356,best
10:25 am – 5:10 pm +1,Singapore Airlines,EWR‐SIN,18h45m,0,,11:35 pm – 6:00 am +1,Singapore Airlines,SIN‐EWR,18h25m,0,,2830,20220408-1404,fast
10:30 pm – 5:20 am +2,Singapore Airlines,JFK‐SIN,18h50m,0,,11:35 pm – 6:00 am +1,Singapore Airlines,SIN‐EWR,18h25m,0,,2830,20220408-1404,fast
10:25 am – 5:10 pm +1,Singapore Airlines,EWR‐SIN,18h45m,0,,11:50 am – 6:30 pm,Singapore Airlines,SIN‐JFK,18h40m,0,,1513,20220408-1404,fast
10:30 pm – 5:20 am +2,Singapore Airlines,JFK‐SIN,18h50m,0,,11:50 am – 6:30 pm,Singapore Airlines,SIN‐JFK,18h40m,0,,1513,20220408-1404,fast
8:55 pm – 6:50 am +2,Singapore Airlines,JFK‐SIN,21h55m,1,FRA,11:35 pm – 6:00 am +1,Singapore Airlines,SIN‐EWR,18h25m,0,,2631,20220408-1404,fast
8:55 pm – 6:50 am +2,Singapore Airlines,JFK‐SIN,21h55m,1,FRA,11:50 am – 6:30 pm,Singapore Airlines,SIN‐JFK,18h40m,0,,1310,20220408-1404,fast
10:25 am – 5:10 pm +1,Singapore Airlines,EWR‐SIN,18h45m,0,,6:10 am – 4:40 pm,ANA,SIN‐EWR,22h30m,1,NRT,1985,20220408-1404,fast
10:30 pm – 5:20 am +2,Singapore Airlines,JFK‐SIN,18h50m,0,,6:10 am – 4:40 pm,ANA,SIN‐EWR,22h30m,1,NRT,1985,20220408-1404,fast
10:25 am – 5:10 pm +1,Singapore Airlines,EWR‐SIN,18h45m,0,,9:40 pm – 8:50 am +1,Emirates,SIN‐JFK,23h10m,1,DXB,1938,20220408-1404,fast
10:25 am – 5:10 pm +1,Singapore Airlines,EWR‐SIN,18h45m,0,,11:55 pm – 11:10 am +1,Singapore Airlines,SIN‐JFK,23h15m,1,FRA,1368,20220408-1404,fast
10:30 pm – 5:20 am +2,Singapore Airlines,JFK‐SIN,18h50m,0,,9:40 pm – 8:50 am +1,Emirates,SIN‐JFK,23h10m,1,DXB,1938,20220408-1404,fast
10:30 pm – 5:20 am +2,Singapore Airlines,JFK‐SIN,18h50m,0,,11:55 pm – 11:10 am +1,Singapore Airlines,SIN‐JFK,23h15m,1,FRA,1368,20220408-1404,fast
10:25 am – 5:10 pm +1,Singapore Airlines,EWR‐SIN,18h45m,0,,2:40 am – 2:55 pm,Qatar Airways,SIN‐JFK,24h15m,1,DOH,1740,20220408-1404,fast
1:25 am – 1:45 pm +1,"EVA Air, STARLUX Airlines",JFK‐SIN,24h20m,1,TPE,11:50 am – 6:30 pm,Singapore Airlines,SIN‐JFK,18h40m,0,,3866,20220408-1404,fast
10:25 am – 5:10 pm +1,Singapore Airlines,EWR‐SIN,18h45m,0,,6:40 pm – 6:59 am +1,Singapore Airlines,SIN‐EWR,24h19m,1,SFO,1922,20220408-1404,fast
