Out Time,Out Airline,Out Cities,Out Duration,Out Stops,Out Stop Cities,Return Time,Return Airline,Return Cities,Return Duration,Return Stops,Return Stop Cities,Price,timestamp,sort
4:15 pm – 6:00 pm +3,Finnair,JFK‐SIN,61h45m,2,"DFW, HEL",9:50 pm – 5:00 pm +1,Finnair,SIN‐JFK,31h10m,2,"HEL, ARN",936,20220404-1104,cheap
1:50 pm – 11:40 pm +1,Korean Air,JFK‐SIN,21h50m,1,ICN,1:10 am – 11:20 am,Korean Air,SIN‐JFK,22h10m,1,ICN,991,20220404-1104,cheap
9:50 am – 11:40 pm +1,Korean Air,JFK‐SIN,25h50m,2,"BOS, ICN",1:10 am – 1:23 pm,Korean Air,SIN‐LGA,24h13m,2,"ICN, BOS",1029,20220404-1104,cheap
10:00 am – 11:40 pm +1,"Delta, Korean Air",LGA‐SIN,25h40m,2,"BOS, ICN",1:10 am – 1:23 pm,Korean Air,SIN‐LGA,24h13m,2,"ICN, BOS",1079,20220404-1104,cheap
9:30 am – 11:40 pm +1,"Delta, Korean Air",JFK‐SIN,26h10m,2,"IAD, ICN",1:10 am – 1:23 pm,Korean Air,SIN‐LGA,24h13m,2,"ICN, BOS",1079,20220404-1104,cheap
1:00 am – 3:45 pm +1,Qatar Airways,JFK‐SIN,26h45m,1,DOH,2:40 am – 2:55 pm,Qatar Airways,SIN‐JFK,24h15m,1,DOH,1120,20220404-1104,cheap
8:45 am – 11:40 pm +1,Delta,LGA‐SIN,26h55m,2,"ORD, ICN",1:10 am – 3:11 pm,Delta,SIN‐LGA,26h01m,2,"ICN, ORD",1125,20220404-1104,cheap
8:30 am – 11:40 pm +1,Delta,JFK‐SIN,27h10m,2,"ORD, ICN",1:10 am – 3:11 pm,Delta,SIN‐LGA,26h01m,2,"ICN, ORD",1125,20220404-1104,cheap
7:30 am – 11:40 pm +1,Delta,LGA‐SIN,28h10m,2,"ORD, ICN",1:10 am – 3:11 pm,Delta,SIN‐LGA,26h01m,2,"ICN, ORD",1125,20220404-1104,cheap
8:45 am – 11:40 pm +1,Delta,LGA‐SIN,26h55m,2,"ORD, ICN",1:10 am – 5:46 pm,Delta,SIN‐LGA,28h36m,2,"ICN, ORD",1125,20220404-1104,cheap
6:05 am – 11:40 pm +1,Delta,LGA‐SIN,29h35m,2,"ORD, ICN",1:10 am – 3:11 pm,Delta,SIN‐LGA,26h01m,2,"ICN, ORD",1125,20220404-1104,cheap
8:30 am – 11:40 pm +1,Delta,JFK‐SIN,27h10m,2,"ORD, ICN",1:10 am – 5:46 pm,Delta,SIN‐LGA,28h36m,2,"ICN, ORD",1125,20220404-1104,cheap
8:45 am – 11:40 pm +1,Delta,LGA‐SIN,26h55m,2,"ORD, ICN",1:10 am – 6:39 pm,Delta,SIN‐JFK,29h29m,2,"ICN, ORD",1125,20220404-1104,cheap
8:30 am – 11:40 pm +1,Delta,JFK‐SIN,27h10m,2,"ORD, ICN",1:10 am – 6:39 pm,Delta,SIN‐JFK,29h29m,2,"ICN, ORD",1125,20220404-1104,cheap
7:30 am – 11:40 pm +1,Delta,LGA‐SIN,28h10m,2,"ORD, ICN",1:10 am – 5:46 pm,Delta,SIN‐LGA,28h36m,2,"ICN, ORD",1125,20220404-1104,cheap
4:15 pm – 6:00 pm +3,Finnair,JFK‐SIN,61h45m,2,"DFW, HEL",9:50 pm – 5:00 pm +1,Finnair,SIN‐JFK,31h10m,2,"HEL, ARN",1056,20220404-1102,best
1:50 pm – 11:40 pm +1,Korean Air,JFK‐SIN,21h50m,1,ICN,1:10 am – 11:20 am,Korean Air,SIN‐JFK,22h10m,1,ICN,991,20220404-1102,best
4:15 pm – 6:00 pm +3,Finnair,JFK‐SIN,61h45m,2,"DFW, HEL",9:50 pm – 5:00 pm +1,Finnair,SIN‐JFK,31h10m,2,"HEL, ARN",936,20220404-1102,best
10:25 am – 5:10 pm +1,Singapore Airlines,EWR‐SIN,18h45m,0,,11:50 am – 6:30 pm,Singapore Airlines,SIN‐JFK,18h40m,0,,1672,20220404-1102,best
8:55 pm – 6:50 am +2,Singapore Airlines,JFK‐SIN,21h55m,1,FRA,11:50 am – 6:30 pm,Singapore Airlines,SIN‐JFK,18h40m,0,,1570,20220404-1102,best
10:25 am – 5:10 pm +1,Singapore Airlines,EWR‐SIN,18h45m,0,,11:35 pm – 6:00 am +1,Singapore Airlines,SIN‐EWR,18h25m,0,,1713,20220404-1102,best
10:30 pm – 5:20 am +2,Singapore Airlines,JFK‐SIN,18h50m,0,,11:50 am – 6:30 pm,Singapore Airlines,SIN‐JFK,18h40m,0,,1713,20220404-1102,best
9:50 am – 11:40 pm +1,Korean Air,JFK‐SIN,25h50m,2,"BOS, ICN",1:10 am – 1:23 pm,Korean Air,SIN‐LGA,24h13m,2,"ICN, BOS",1029,20220404-1102,best
8:55 pm – 6:50 am +2,Singapore Airlines,JFK‐SIN,21h55m,1,FRA,11:35 pm – 6:00 am +1,Singapore Airlines,SIN‐EWR,18h25m,0,,1611,20220404-1102,best
1:50 pm – 11:40 pm +1,Korean Air,JFK‐SIN,21h50m,1,ICN,1:10 am – 1:23 pm,Korean Air,SIN‐LGA,24h13m,2,"ICN, BOS",1295,20220404-1102,best
10:00 am – 11:40 pm +1,"Delta, Korean Air",LGA‐SIN,25h40m,2,"BOS, ICN",1:10 am – 1:23 pm,Korean Air,SIN‐LGA,24h13m,2,"ICN, BOS",1079,20220404-1102,best
10:30 pm – 5:20 am +2,Singapore Airlines,JFK‐SIN,18h50m,0,,11:35 pm – 6:00 am +1,Singapore Airlines,SIN‐EWR,18h25m,0,,1753,20220404-1102,best
6:35 pm – 7:50 am +2,Singapore Airlines,EWR‐SIN,25h15m,1,LAX,11:50 am – 6:30 pm,Singapore Airlines,SIN‐JFK,18h40m,0,,1598,20220404-1102,best
9:30 am – 11:40 pm +1,"Delta, Korean Air",JFK‐SIN,26h10m,2,"IAD, ICN",1:10 am – 1:23 pm,Korean Air,SIN‐LGA,24h13m,2,"ICN, BOS",1079,20220404-1102,best
10:25 am – 5:10 pm +1,Singapore Airlines,EWR‐SIN,18h45m,0,,11:55 pm – 11:10 am +1,Singapore Airlines,SIN‐JFK,23h15m,1,FRA,1570,20220404-1102,best
8:55 pm – 4:25 pm +2,Singapore Airlines,JFK‐SIN,31h30m,1,FRA,11:50 am – 6:30 pm,Singapore Airlines,SIN‐JFK,18h40m,0,,1331,20220404-1102,best
1:45 pm – 12:20 am +2,Japan Airlines,JFK‐SIN,22h35m,1,NRT,2:40 am – 2:55 pm,Qatar Airways,SIN‐JFK,24h15m,1,DOH,1379,20220404-1102,best
10:25 am – 5:10 pm +1,Singapore Airlines,EWR‐SIN,18h45m,0,,11:35 pm – 6:00 am +1,Singapore Airlines,SIN‐EWR,18h25m,0,,1713,20220404-1107,fast
10:30 pm – 5:20 am +2,Singapore Airlines,JFK‐SIN,18h50m,0,,11:35 pm – 6:00 am +1,Singapore Airlines,SIN‐EWR,18h25m,0,,1753,20220404-1107,fast
10:25 am – 5:10 pm +1,Singapore Airlines,EWR‐SIN,18h45m,0,,11:50 am – 6:30 pm,Singapore Airlines,SIN‐JFK,18h40m,0,,1672,20220404-1107,fast
10:30 pm – 5:20 am +2,Singapore Airlines,JFK‐SIN,18h50m,0,,11:50 am – 6:30 pm,Singapore Airlines,SIN‐JFK,18h40m,0,,1713,20220404-1107,fast
8:55 pm – 5:55 am +2,SWISS,JFK‐SIN,21h00m,1,ZRH,11:35 pm – 6:00 am +1,Singapore Airlines,SIN‐EWR,18h25m,0,,3657,20220404-1107,fast
8:55 pm – 5:55 am +2,SWISS,JFK‐SIN,21h00m,1,ZRH,11:50 am – 6:30 pm,Singapore Airlines,SIN‐JFK,18h40m,0,,3653,20220404-1107,fast
11:20 am – 8:55 pm +1,Emirates,JFK‐SIN,21h35m,1,DXB,11:50 am – 6:30 pm,Singapore Airlines,SIN‐JFK,18h40m,0,,2539,20220404-1107,fast
8:55 pm – 6:50 am +2,Singapore Airlines,JFK‐SIN,21h55m,1,FRA,11:35 pm – 6:00 am +1,Singapore Airlines,SIN‐EWR,18h25m,0,,1611,20220404-1107,fast
1:50 pm – 11:40 pm +1,Korean Air,JFK‐SIN,21h50m,1,ICN,11:50 am – 6:30 pm,Singapore Airlines,SIN‐JFK,18h40m,0,,1563,20220404-1107,fast
8:55 pm – 6:50 am +2,Singapore Airlines,JFK‐SIN,21h55m,1,FRA,11:50 am – 6:30 pm,Singapore Airlines,SIN‐JFK,18h40m,0,,1570,20220404-1107,fast
10:30 pm – 5:20 am +2,Singapore Airlines,JFK‐SIN,18h50m,0,,1:10 am – 11:20 am,Korean Air,SIN‐JFK,22h10m,1,ICN,2195,20220404-1107,fast
1:45 pm – 12:20 am +2,Japan Airlines,JFK‐SIN,22h35m,1,NRT,11:50 am – 6:30 pm,Singapore Airlines,SIN‐JFK,18h40m,0,,1723,20220404-1107,fast
10:25 am – 5:10 pm +1,Singapore Airlines,EWR‐SIN,18h45m,0,,11:55 pm – 11:10 am +1,Singapore Airlines,SIN‐JFK,23h15m,1,FRA,1570,20220404-1107,fast
10:30 pm – 5:20 am +2,Singapore Airlines,JFK‐SIN,18h50m,0,,11:55 pm – 11:10 am +1,Singapore Airlines,SIN‐JFK,23h15m,1,FRA,1611,20220404-1107,fast
10:25 am – 5:10 pm +1,Singapore Airlines,EWR‐SIN,18h45m,0,,11:30 pm – 11:05 am +1,Turkish Airlines,SIN‐JFK,23h35m,1,IST,1877,20220404-1107,fast
