Out Time,Out Airline,Out Cities,Out Duration,Out Stops,Out Stop Cities,Return Time,Return Airline,Return Cities,Return Duration,Return Stops,Return Stop Cities,Price,timestamp,sort
12:00 pm – 12:35 am +2,ANA,EWR‐SIN,24h35m,1,NRT,6:10 am – 4:45 pm,ANA,SIN‐EWR,22h35m,1,NRT,1028,20220404-1618,cheap
12:00 pm – 12:35 am +2,ANA,EWR‐SIN,24h35m,1,NRT,10:10 pm – 10:15 am +1,ANA,SIN‐JFK,24h05m,1,HND,1031,20220404-1618,cheap
12:00 pm – 12:35 am +2,ANA,EWR‐SIN,24h35m,1,NRT,10:10 pm – 5:10 pm +1,ANA,SIN‐EWR,31h00m,1,HND,1031,20220404-1618,cheap
8:15 am – 12:35 am +2,ANA,EWR‐SIN,28h20m,2,"SFO, NRT",6:10 am – 4:45 pm,ANA,SIN‐EWR,22h35m,1,NRT,1032,20220404-1618,cheap
6:00 am – 12:35 am +2,ANA,EWR‐SIN,30h35m,2,"LAX, NRT",6:10 am – 4:45 pm,ANA,SIN‐EWR,22h35m,1,NRT,1032,20220404-1618,cheap
8:15 am – 12:35 am +2,ANA,EWR‐SIN,28h20m,2,"SFO, NRT",10:10 pm – 10:15 am +1,ANA,SIN‐JFK,24h05m,1,HND,1035,20220404-1618,cheap
6:00 am – 12:35 am +2,ANA,EWR‐SIN,30h35m,2,"LAX, NRT",10:10 pm – 10:15 am +1,ANA,SIN‐JFK,24h05m,1,HND,1035,20220404-1618,cheap
10:55 am – 12:35 am +2,ANA,EWR‐SIN,25h40m,1,HND-NRT,6:10 am – 4:45 pm,ANA,SIN‐EWR,22h35m,1,NRT,1037,20220404-1618,cheap
10:55 am – 12:35 am +2,ANA,EWR‐SIN,25h40m,1,HND-NRT,10:10 pm – 10:15 am +1,ANA,SIN‐JFK,24h05m,1,HND,1040,20220404-1618,cheap
12:00 pm – 12:35 am +2,ANA,EWR‐SIN,24h35m,1,NRT,10:10 pm – 8:24 pm +1,ANA,SIN‐LGA,34h14m,2,"HND, ORD",1041,20220404-1618,cheap
12:00 pm – 12:35 am +2,ANA,EWR‐SIN,24h35m,1,NRT,10:10 pm – 9:33 pm +1,ANA,SIN‐EWR,35h23m,2,"HND, ORD",1041,20220404-1618,cheap
10:55 am – 12:35 am +2,ANA,EWR‐SIN,25h40m,1,HND-NRT,10:10 pm – 5:10 pm +1,ANA,SIN‐EWR,31h00m,1,HND,1050,20220404-1618,cheap
12:00 pm – 12:35 am +2,ANA,EWR‐SIN,24h35m,1,NRT,10:10 pm – 4:45 pm +1,ANA,SIN‐EWR,30h35m,1,HND-NRT,1051,20220404-1618,cheap
12:00 pm – 12:35 am +2,United Airlines,EWR‐SIN,24h35m,1,NRT,8:45 am – 5:30 am +1,United Airlines,SIN‐JFK,32h45m,1,SFO,1057,20220404-1618,cheap
10:55 am – 12:35 am +2,ANA,EWR‐SIN,25h40m,1,HND-NRT,10:10 pm – 4:45 pm +1,ANA,SIN‐EWR,30h35m,1,HND-NRT,1059,20220404-1618,cheap
12:00 pm – 12:35 am +2,ANA,EWR‐SIN,24h35m,1,NRT,6:10 am – 4:45 pm,ANA,SIN‐EWR,22h35m,1,NRT,1028,20220404-1615,best
12:00 pm – 12:35 am +2,ANA,EWR‐SIN,24h35m,1,NRT,6:10 am – 4:45 pm,ANA,SIN‐EWR,22h35m,1,NRT,1028,20220404-1615,best
10:55 am – 12:35 am +2,ANA,EWR‐SIN,25h40m,1,HND-NRT,6:10 am – 4:45 pm,ANA,SIN‐EWR,22h35m,1,NRT,1037,20220404-1615,best
8:55 pm – 6:50 am +2,Singapore Airlines,JFK‐SIN,21h55m,1,FRA,11:50 am – 6:30 pm,Singapore Airlines,SIN‐JFK,18h40m,0,,1389,20220404-1615,best
12:00 pm – 12:35 am +2,ANA,EWR‐SIN,24h35m,1,NRT,10:10 pm – 10:15 am +1,ANA,SIN‐JFK,24h05m,1,HND,1031,20220404-1615,best
12:00 pm – 12:35 am +2,"United Airlines, ANA",EWR‐SIN,24h35m,1,NRT,8:45 am – 9:52 pm,United Airlines,SIN‐LGA,25h07m,2,"SFO, DEN",1066,20220404-1615,best
10:55 am – 12:35 am +2,ANA,EWR‐SIN,25h40m,1,HND-NRT,10:10 pm – 10:15 am +1,ANA,SIN‐JFK,24h05m,1,HND,1040,20220404-1615,best
8:15 am – 12:35 am +2,ANA,EWR‐SIN,28h20m,2,"SFO, NRT",6:10 am – 4:45 pm,ANA,SIN‐EWR,22h35m,1,NRT,1032,20220404-1615,best
12:00 pm – 12:35 am +2,United Airlines,EWR‐SIN,24h35m,1,NRT,8:45 am – 7:21 pm,United Airlines,SIN‐EWR,22h36m,1,SFO,1233,20220404-1615,best
12:00 pm – 12:35 am +2,ANA,EWR‐SIN,24h35m,1,NRT,6:10 am – 9:30 pm,ANA,SIN‐EWR,27h20m,2,"NRT, SFO",1077,20220404-1615,best
6:00 am – 12:35 am +2,ANA,EWR‐SIN,30h35m,2,"LAX, NRT",6:10 am – 4:45 pm,ANA,SIN‐EWR,22h35m,1,NRT,1032,20220404-1615,best
12:00 pm – 12:35 am +2,United Airlines,EWR‐SIN,24h35m,1,NRT,8:45 am – 9:25 pm,United Airlines,SIN‐EWR,24h40m,1,SFO,1233,20220404-1615,best
6:30 am – 12:35 am +2,United Airlines,JFK‐SIN,30h05m,2,"SFO, NRT",6:10 am – 4:45 pm,United Airlines,SIN‐EWR,22h35m,1,NRT,1064,20220404-1615,best
10:25 am – 5:10 pm +1,Singapore Airlines,EWR‐SIN,18h45m,0,,11:50 am – 6:30 pm,Singapore Airlines,SIN‐JFK,18h40m,0,,1724,20220404-1615,best
6:30 am – 12:35 am +2,United Airlines,JFK‐SIN,30h05m,2,"SFO, HND-NRT",6:10 am – 4:45 pm,United Airlines,SIN‐EWR,22h35m,1,NRT,1073,20220404-1615,best
10:55 am – 12:35 am +2,ANA,EWR‐SIN,25h40m,1,HND-NRT,6:10 am – 9:30 pm,ANA,SIN‐EWR,27h20m,2,"NRT, SFO",1085,20220404-1615,best
10:25 am – 5:10 pm +1,Singapore Airlines,EWR‐SIN,18h45m,0,,11:35 pm – 6:00 am +1,Singapore Airlines,SIN‐EWR,18h25m,0,,1987,20220404-1620,fast
10:30 pm – 5:20 am +2,Singapore Airlines,JFK‐SIN,18h50m,0,,11:35 pm – 6:00 am +1,Singapore Airlines,SIN‐EWR,18h25m,0,,1987,20220404-1620,fast
10:25 am – 5:10 pm +1,Singapore Airlines,EWR‐SIN,18h45m,0,,11:50 am – 6:30 pm,Singapore Airlines,SIN‐JFK,18h40m,0,,1724,20220404-1620,fast
10:30 pm – 5:20 am +2,Singapore Airlines,JFK‐SIN,18h50m,0,,11:50 am – 6:30 pm,Singapore Airlines,SIN‐JFK,18h40m,0,,1823,20220404-1620,fast
10:25 am – 5:10 pm +1,Singapore Airlines,EWR‐SIN,18h45m,0,,1:10 pm – 10:05 pm,EVA Air,SIN‐JFK,20h55m,1,TPE,2017,20220404-1620,fast
11:20 am – 8:55 pm +1,Emirates,JFK‐SIN,21h35m,1,DXB,11:50 am – 6:30 pm,Singapore Airlines,SIN‐JFK,18h40m,0,,2732,20220404-1620,fast
8:55 pm – 6:50 am +2,Singapore Airlines,JFK‐SIN,21h55m,1,FRA,11:35 pm – 6:00 am +1,Singapore Airlines,SIN‐EWR,18h25m,0,,1693,20220404-1620,fast
8:55 pm – 6:50 am +2,Singapore Airlines,JFK‐SIN,21h55m,1,FRA,11:50 am – 6:30 pm,Singapore Airlines,SIN‐JFK,18h40m,0,,1389,20220404-1620,fast
1:25 am – 12:00 pm +1,EVA Air,JFK‐SIN,22h35m,1,TPE,11:35 pm – 6:00 am +1,Singapore Airlines,SIN‐EWR,18h25m,0,,2436,20220404-1620,fast
1:25 am – 12:00 pm +1,EVA Air,JFK‐SIN,22h35m,1,TPE,11:50 am – 6:30 pm,Singapore Airlines,SIN‐JFK,18h40m,0,,2096,20220404-1620,fast
1:35 am – 12:40 pm +1,Philippine Airlines,JFK‐SIN,23h05m,1,MNL,11:50 am – 6:30 pm,Singapore Airlines,SIN‐JFK,18h40m,0,,2600,20220404-1620,fast
10:25 am – 5:10 pm +1,Singapore Airlines,EWR‐SIN,18h45m,0,,9:25 pm – 8:30 am +1,Qatar Airways,SIN‐JFK,23h05m,1,DOH,1854,20220404-1620,fast
10:30 pm – 5:20 am +2,Singapore Airlines,JFK‐SIN,18h50m,0,,9:25 pm – 8:30 am +1,Qatar Airways,SIN‐JFK,23h05m,1,DOH,1854,20220404-1620,fast
10:25 am – 5:10 pm +1,Singapore Airlines,EWR‐SIN,18h45m,0,,11:55 pm – 11:10 am +1,Singapore Airlines,SIN‐JFK,23h15m,1,FRA,1695,20220404-1620,fast
10:30 pm – 5:20 am +2,Singapore Airlines,JFK‐SIN,18h50m,0,,11:55 pm – 11:10 am +1,Singapore Airlines,SIN‐JFK,23h15m,1,FRA,1846,20220404-1620,fast
