Out Time,Out Airline,Out Cities,Out Duration,Out Stops,Out Stop Cities,Return Time,Return Airline,Return Cities,Return Duration,Return Stops,Return Stop Cities,Price,timestamp,sort
6:35 pm – 6:15 am +3,United Airlines,JFK‐SIN,47h40m,2,"LAX, SFO",8:45 am – 5:30 am +1,United Airlines,SIN‐JFK,32h45m,1,SFO,979,20220404-1446,cheap
12:00 pm – 12:35 am +2,ANA,EWR‐SIN,24h35m,1,NRT,6:10 am – 4:45 pm,ANA,SIN‐EWR,22h35m,1,NRT,1036,20220404-1446,cheap
10:55 am – 12:35 am +2,ANA,EWR‐SIN,25h40m,1,HND-NRT,6:10 am – 4:45 pm,ANA,SIN‐EWR,22h35m,1,NRT,1055,20220404-1446,cheap
12:00 pm – 12:35 am +2,United Airlines,EWR‐SIN,24h35m,1,NRT,8:45 am – 5:30 am +1,United Airlines,SIN‐JFK,32h45m,1,SFO,1065,20220404-1446,cheap
12:00 pm – 12:35 am +2,"United Airlines, ANA",EWR‐SIN,24h35m,1,NRT,8:45 am – 5:37 am +1,United Airlines,SIN‐EWR,32h52m,2,"SFO, DEN",1074,20220404-1446,cheap
8:15 am – 12:35 am +2,ANA,EWR‐SIN,28h20m,2,"SFO, NRT",6:10 am – 4:45 pm,ANA,SIN‐EWR,22h35m,1,NRT,1079,20220404-1446,cheap
12:00 pm – 12:35 am +2,"United Airlines, ANA",EWR‐SIN,24h35m,1,NRT,8:45 am – 7:05 am +1,United Airlines,SIN‐EWR,34h20m,1,SFO,1081,20220404-1446,cheap
12:00 pm – 12:35 am +2,"United Airlines, ANA",EWR‐SIN,24h35m,1,NRT,8:45 am – 8:20 am +1,United Airlines,SIN‐EWR,35h35m,1,SFO,1081,20220404-1446,cheap
7:20 am – 12:20 am +2,"JetBlue, Japan Airlines",EWR‐SIN,29h00m,2,"SFO, NRT",9:25 pm – 8:30 am +1,JetBlue,SIN‐JFK,23h05m,1,DOH,1154,20220404-1446,cheap
7:00 am – 12:20 am +2,"JetBlue, Japan Airlines",JFK‐SIN,29h20m,2,"LAX, NRT",9:25 pm – 8:30 am +1,JetBlue,SIN‐JFK,23h05m,1,DOH,1154,20220404-1446,cheap
7:20 am – 12:20 am +2,"JetBlue, Japan Airlines",EWR‐SIN,29h00m,2,"SFO, NRT",2:40 am – 10:45 pm,JetBlue,SIN‐JFK,32h05m,1,DOH,1154,20220404-1446,cheap
7:00 am – 12:20 am +2,"JetBlue, Japan Airlines",JFK‐SIN,29h20m,2,"LAX, NRT",2:40 am – 10:45 pm,JetBlue,SIN‐JFK,32h05m,1,DOH,1154,20220404-1446,cheap
7:20 am – 12:20 am +2,Japan Airlines,EWR‐SIN,29h00m,2,"SEA, NRT",9:50 pm – 10:10 am +1,Japan Airlines,SIN‐JFK,24h20m,1,HND-NRT,1172,20220404-1446,cheap
12:00 pm – 12:35 am +2,"United Airlines, ANA",EWR‐SIN,24h35m,1,NRT,8:45 am – 1:07 am +1,United Airlines,SIN‐EWR,28h22m,1,SFO,1177,20220404-1446,cheap
12:00 pm – 12:35 am +2,"United Airlines, ANA",EWR‐SIN,24h35m,1,NRT,8:45 am – 5:37 am +1,United Airlines,SIN‐EWR,32h52m,2,"SFO, DEN",1181,20220404-1446,cheap
12:00 pm – 12:35 am +2,ANA,EWR‐SIN,24h35m,1,NRT,6:10 am – 4:45 pm,ANA,SIN‐EWR,22h35m,1,NRT,1036,20220404-1443,best
12:00 pm – 12:35 am +2,ANA,EWR‐SIN,24h35m,1,NRT,6:10 am – 4:45 pm,ANA,SIN‐EWR,22h35m,1,NRT,1036,20220404-1443,best
6:35 pm – 6:15 am +3,United Airlines,JFK‐SIN,47h40m,2,"LAX, SFO",8:45 am – 5:30 am +1,United Airlines,SIN‐JFK,32h45m,1,SFO,979,20220404-1443,best
10:55 am – 12:35 am +2,ANA,EWR‐SIN,25h40m,1,HND-NRT,6:10 am – 4:45 pm,ANA,SIN‐EWR,22h35m,1,NRT,1055,20220404-1443,best
8:55 pm – 6:50 am +2,Singapore Airlines,JFK‐SIN,21h55m,1,FRA,11:50 am – 6:30 pm,Singapore Airlines,SIN‐JFK,18h40m,0,,1487,20220404-1443,best
8:55 pm – 6:50 am +2,Singapore Airlines,JFK‐SIN,21h55m,1,FRA,11:35 pm – 6:00 am +1,Singapore Airlines,SIN‐EWR,18h25m,0,,1487,20220404-1443,best
8:15 am – 12:35 am +2,ANA,EWR‐SIN,28h20m,2,"SFO, NRT",6:10 am – 4:45 pm,ANA,SIN‐EWR,22h35m,1,NRT,1079,20220404-1443,best
10:25 am – 5:10 pm +1,Singapore Airlines,EWR‐SIN,18h45m,0,,11:50 am – 6:30 pm,Singapore Airlines,SIN‐JFK,18h40m,0,,1824,20220404-1443,best
12:00 pm – 12:35 am +2,ANA,EWR‐SIN,24h35m,1,NRT,1:10 pm – 10:05 pm,EVA Air,SIN‐JFK,20h55m,1,TPE,1463,20220404-1443,best
12:00 pm – 12:35 am +2,"United Airlines, ANA",EWR‐SIN,24h35m,1,NRT,8:45 am – 1:07 am +1,United Airlines,SIN‐EWR,28h22m,1,SFO,1177,20220404-1443,best
10:25 am – 5:10 pm +1,Singapore Airlines,EWR‐SIN,18h45m,0,,11:35 pm – 6:00 am +1,Singapore Airlines,SIN‐EWR,18h25m,0,,1824,20220404-1443,best
12:00 pm – 12:35 am +2,ANA,EWR‐SIN,24h35m,1,NRT,9:25 pm – 8:30 am +1,JetBlue,SIN‐JFK,23h05m,1,DOH,1294,20220404-1443,best
12:00 pm – 12:35 am +2,ANA,EWR‐SIN,24h35m,1,NRT,9:25 pm – 8:30 am +1,"Qatar Airways, JetBlue",SIN‐JFK,23h05m,1,DOH,1294,20220404-1443,best
10:30 pm – 5:20 am +2,Singapore Airlines,JFK‐SIN,18h50m,0,,11:50 am – 6:30 pm,Singapore Airlines,SIN‐JFK,18h40m,0,,1824,20220404-1443,best
5:40 pm – 6:15 am +2,United Airlines,JFK‐SIN,24h35m,1,SFO,6:10 am – 4:45 pm,"ANA, United Airlines",SIN‐EWR,22h35m,1,NRT,1466,20220404-1443,best
12:00 pm – 12:35 am +2,"United Airlines, ANA",EWR‐SIN,24h35m,1,NRT,8:45 am – 9:52 pm,United Airlines,SIN‐LGA,25h07m,2,"SFO, DEN",1319,20220404-1443,best
5:15 pm – 6:15 am +2,United Airlines,EWR‐SIN,25h00m,1,SFO,6:10 am – 4:45 pm,"ANA, United Airlines",SIN‐EWR,22h35m,1,NRT,1466,20220404-1443,best
10:25 am – 5:10 pm +1,Singapore Airlines,EWR‐SIN,18h45m,0,,11:35 pm – 6:00 am +1,Singapore Airlines,SIN‐EWR,18h25m,0,,1824,20220404-1448,fast
10:30 pm – 5:20 am +2,Singapore Airlines,JFK‐SIN,18h50m,0,,11:35 pm – 6:00 am +1,Singapore Airlines,SIN‐EWR,18h25m,0,,1824,20220404-1448,fast
10:25 am – 5:10 pm +1,Singapore Airlines,EWR‐SIN,18h45m,0,,11:50 am – 6:30 pm,Singapore Airlines,SIN‐JFK,18h40m,0,,1824,20220404-1448,fast
10:30 pm – 5:20 am +2,Singapore Airlines,JFK‐SIN,18h50m,0,,11:50 am – 6:30 pm,Singapore Airlines,SIN‐JFK,18h40m,0,,1824,20220404-1448,fast
8:55 pm – 6:50 am +2,Singapore Airlines,JFK‐SIN,21h55m,1,FRA,11:35 pm – 6:00 am +1,Singapore Airlines,SIN‐EWR,18h25m,0,,1487,20220404-1448,fast
1:50 pm – 11:40 pm +1,Korean Air,JFK‐SIN,21h50m,1,ICN,11:50 am – 6:30 pm,Singapore Airlines,SIN‐JFK,18h40m,0,,2533,20220404-1448,fast
8:55 pm – 6:50 am +2,Singapore Airlines,JFK‐SIN,21h55m,1,FRA,11:50 am – 6:30 pm,Singapore Airlines,SIN‐JFK,18h40m,0,,1487,20220404-1448,fast
1:35 am – 12:25 pm +1,China Airlines,JFK‐SIN,22h50m,1,TPE,11:35 pm – 6:00 am +1,Singapore Airlines,SIN‐EWR,18h25m,0,,1917,20220404-1448,fast
1:25 am – 12:00 pm +1,EVA Air,JFK‐SIN,22h35m,1,TPE,11:50 am – 6:30 pm,Singapore Airlines,SIN‐JFK,18h40m,0,,2561,20220404-1448,fast
1:35 am – 12:25 pm +1,China Airlines,JFK‐SIN,22h50m,1,TPE,11:50 am – 6:30 pm,Singapore Airlines,SIN‐JFK,18h40m,0,,2257,20220404-1448,fast
10:25 am – 5:10 pm +1,Singapore Airlines,EWR‐SIN,18h45m,0,,9:25 pm – 8:30 am +1,Qatar Airways,SIN‐JFK,23h05m,1,DOH,2115,20220404-1448,fast
10:25 am – 5:10 pm +1,Singapore Airlines,EWR‐SIN,18h45m,0,,9:25 pm – 8:30 am +1,JetBlue,SIN‐JFK,23h05m,1,DOH,2151,20220404-1448,fast
10:30 pm – 5:20 am +2,Singapore Airlines,JFK‐SIN,18h50m,0,,9:25 pm – 8:30 am +1,Qatar Airways,SIN‐JFK,23h05m,1,DOH,2115,20220404-1448,fast
10:30 pm – 5:20 am +2,Singapore Airlines,JFK‐SIN,18h50m,0,,9:25 pm – 8:30 am +1,JetBlue,SIN‐JFK,23h05m,1,DOH,2151,20220404-1448,fast
10:25 am – 5:10 pm +1,Singapore Airlines,EWR‐SIN,18h45m,0,,11:55 pm – 11:10 am +1,Singapore Airlines,SIN‐JFK,23h15m,1,FRA,1795,20220404-1448,fast
