Out Time,Out Airline,Out Cities,Out Duration,Out Stops,Out Stop Cities,Return Time,Return Airline,Return Cities,Return Duration,Return Stops,Return Stop Cities,Price,timestamp,sort
12:45 pm – 5:30 pm +2,Turkish Airlines,JFK‐SIN,40h45m,1,IST,11:30 pm – 11:05 am +1,Turkish Airlines,SIN‐JFK,23h35m,1,IST,819,20220404-1143,cheap
11:55 pm – 5:30 pm +2,Turkish Airlines,JFK‐SIN,29h35m,1,IST,11:30 pm – 11:05 am +1,Turkish Airlines,SIN‐JFK,23h35m,1,IST,827,20220404-1143,cheap
11:50 pm – 5:30 pm +2,Turkish Airlines,EWR‐SIN,29h40m,1,IST,11:30 pm – 11:05 am +1,Turkish Airlines,SIN‐JFK,23h35m,1,IST,827,20220404-1143,cheap
6:55 pm – 5:30 pm +2,Turkish Airlines,JFK‐SIN,34h35m,1,IST,11:30 pm – 11:05 am +1,Turkish Airlines,SIN‐JFK,23h35m,1,IST,827,20220404-1143,cheap
11:55 pm – 5:30 pm +2,Turkish Airlines,JFK‐SIN,29h35m,1,IST,11:30 pm – 5:15 pm +1,Turkish Airlines,SIN‐JFK,29h45m,1,IST,847,20220404-1143,cheap
11:50 pm – 5:30 pm +2,Turkish Airlines,EWR‐SIN,29h40m,1,IST,11:30 pm – 5:15 pm +1,Turkish Airlines,SIN‐JFK,29h45m,1,IST,847,20220404-1143,cheap
8:55 pm – 4:25 pm +2,Singapore Airlines,JFK‐SIN,31h30m,1,FRA,11:55 pm – 11:10 am +1,Singapore Airlines,SIN‐JFK,23h15m,0,,968,20220404-1143,cheap
8:55 pm – 4:25 pm +2,Singapore Airlines,JFK‐SIN,31h30m,1,FRA,11:55 pm – 11:10 am +1,Singapore Airlines,SIN‐JFK,23h15m,1,FRA,988,20220404-1143,cheap
1:00 am – 3:45 pm +1,Qatar Airways,JFK‐SIN,26h45m,1,DOH,2:40 am – 2:55 pm,Qatar Airways,SIN‐JFK,24h15m,1,DOH,1023,20220404-1143,cheap
1:50 pm – 11:40 pm +1,Korean Air,JFK‐SIN,21h50m,1,ICN,11:30 pm – 11:05 am +1,Turkish Airlines,SIN‐JFK,23h35m,1,IST,1038,20220404-1143,cheap
1:50 pm – 11:40 pm +1,Korean Air,JFK‐SIN,21h50m,1,ICN,11:30 pm – 5:15 pm +1,Turkish Airlines,SIN‐JFK,29h45m,1,IST,1038,20220404-1143,cheap
1:50 pm – 11:40 pm +1,Korean Air,JFK‐SIN,21h50m,1,ICN,11:30 pm – 10:15 pm +1,Turkish Airlines,SIN‐JFK,34h45m,1,IST,1038,20220404-1143,cheap
1:50 pm – 11:40 pm +1,Korean Air,JFK‐SIN,21h50m,1,ICN,11:30 pm – 10:20 pm +1,Turkish Airlines,SIN‐EWR,34h50m,1,IST,1038,20220404-1143,cheap
8:30 am – 11:40 pm +1,Korean Air,JFK‐SIN,27h10m,2,"ATL, ICN",11:30 pm – 11:05 am +1,Turkish Airlines,SIN‐JFK,23h35m,1,IST,1047,20220404-1143,cheap
8:00 am – 11:40 pm +1,Korean Air,EWR‐SIN,27h40m,2,"ATL, ICN",11:30 pm – 11:05 am +1,Turkish Airlines,SIN‐JFK,23h35m,1,IST,1047,20220404-1143,cheap
11:55 pm – 5:30 pm +2,Turkish Airlines,JFK‐SIN,29h35m,1,IST,11:30 pm – 11:05 am +1,Turkish Airlines,SIN‐JFK,23h35m,1,IST,840,20220404-1140,best
1:50 pm – 11:40 pm +1,Korean Air,JFK‐SIN,21h50m,1,ICN,11:30 pm – 11:05 am +1,Turkish Airlines,SIN‐JFK,23h35m,1,IST,1038,20220404-1140,best
12:45 pm – 5:30 pm +2,Turkish Airlines,JFK‐SIN,40h45m,1,IST,11:30 pm – 11:05 am +1,Turkish Airlines,SIN‐JFK,23h35m,1,IST,819,20220404-1140,best
11:55 pm – 5:30 pm +2,Turkish Airlines,JFK‐SIN,29h35m,1,IST,11:30 pm – 11:05 am +1,Turkish Airlines,SIN‐JFK,23h35m,1,IST,827,20220404-1140,best
11:50 pm – 5:30 pm +2,Turkish Airlines,EWR‐SIN,29h40m,1,IST,11:30 pm – 11:05 am +1,Turkish Airlines,SIN‐JFK,23h35m,1,IST,827,20220404-1140,best
10:25 am – 5:10 pm +1,Singapore Airlines,EWR‐SIN,18h45m,0,,11:55 pm – 11:10 am +1,Singapore Airlines,SIN‐JFK,23h15m,1,FRA,1290,20220404-1140,best
8:55 pm – 6:50 am +2,Singapore Airlines,JFK‐SIN,21h55m,1,FRA,11:55 pm – 11:10 am +1,Singapore Airlines,SIN‐JFK,23h15m,1,FRA,1188,20220404-1140,best
1:50 pm – 11:40 pm +1,Korean Air,JFK‐SIN,21h50m,1,ICN,8:35 pm – 11:55 am +1,SAUDIA,SIN‐JFK,27h20m,2,"MLE, JED",1073,20220404-1140,best
10:25 am – 5:10 pm +1,Singapore Airlines,EWR‐SIN,18h45m,0,,11:50 am – 6:30 pm,Singapore Airlines,SIN‐JFK,18h40m,0,,1572,20220404-1140,best
1:50 pm – 11:40 pm +1,Korean Air,JFK‐SIN,21h50m,1,ICN,2:40 am – 2:55 pm,JetBlue,SIN‐JFK,24h15m,1,DOH,1161,20220404-1140,best
10:25 am – 5:10 pm +1,Singapore Airlines,EWR‐SIN,18h45m,0,,11:35 pm – 6:00 am +1,Singapore Airlines,SIN‐EWR,18h25m,0,,1572,20220404-1140,best
8:55 pm – 6:50 am +2,Singapore Airlines,JFK‐SIN,21h55m,1,FRA,11:50 am – 6:30 pm,Singapore Airlines,SIN‐JFK,18h40m,0,,1470,20220404-1140,best
1:50 pm – 11:40 pm +1,Korean Air,JFK‐SIN,21h50m,1,ICN,11:30 pm – 5:15 pm +1,Turkish Airlines,SIN‐JFK,29h45m,1,IST,1038,20220404-1140,best
6:55 pm – 5:30 pm +2,Turkish Airlines,JFK‐SIN,34h35m,1,IST,11:30 pm – 11:05 am +1,Turkish Airlines,SIN‐JFK,23h35m,1,IST,827,20220404-1140,best
8:55 pm – 4:25 pm +2,Singapore Airlines,JFK‐SIN,31h30m,1,FRA,11:55 pm – 11:10 am +1,Singapore Airlines,SIN‐JFK,23h15m,0,,968,20220404-1140,best
10:30 pm – 5:20 am +2,Singapore Airlines,JFK‐SIN,18h50m,0,,11:55 pm – 11:10 am +1,Singapore Airlines,SIN‐JFK,23h15m,1,FRA,1331,20220404-1140,best
8:30 am – 11:40 pm +1,Korean Air,JFK‐SIN,27h10m,2,"ATL, ICN",11:30 pm – 11:05 am +1,Turkish Airlines,SIN‐JFK,23h35m,1,IST,1047,20220404-1140,best
10:25 am – 5:10 pm +1,Singapore Airlines,EWR‐SIN,18h45m,0,,11:35 pm – 6:00 am +1,Singapore Airlines,SIN‐EWR,18h25m,0,,1572,20220404-1145,fast
10:30 pm – 5:20 am +2,Singapore Airlines,JFK‐SIN,18h50m,0,,11:35 pm – 6:00 am +1,Singapore Airlines,SIN‐EWR,18h25m,0,,1613,20220404-1145,fast
10:25 am – 5:10 pm +1,Singapore Airlines,EWR‐SIN,18h45m,0,,11:50 am – 6:30 pm,Singapore Airlines,SIN‐JFK,18h40m,0,,1572,20220404-1145,fast
10:30 pm – 5:20 am +2,Singapore Airlines,JFK‐SIN,18h50m,0,,11:50 am – 6:30 pm,Singapore Airlines,SIN‐JFK,18h40m,0,,1613,20220404-1145,fast
8:55 pm – 5:55 am +2,SWISS,JFK‐SIN,21h00m,1,ZRH,11:35 pm – 6:00 am +1,Singapore Airlines,SIN‐EWR,18h25m,0,,3597,20220404-1145,fast
8:55 pm – 5:55 am +2,SWISS,JFK‐SIN,21h00m,1,ZRH,11:50 am – 6:30 pm,Singapore Airlines,SIN‐JFK,18h40m,0,,3602,20220404-1145,fast
1:50 pm – 11:40 pm +1,Korean Air,JFK‐SIN,21h50m,1,ICN,11:35 pm – 6:00 am +1,Singapore Airlines,SIN‐EWR,18h25m,0,,1509,20220404-1145,fast
8:55 pm – 6:50 am +2,Singapore Airlines,JFK‐SIN,21h55m,1,FRA,11:35 pm – 6:00 am +1,Singapore Airlines,SIN‐EWR,18h25m,0,,1470,20220404-1145,fast
1:50 pm – 11:40 pm +1,Korean Air,JFK‐SIN,21h50m,1,ICN,11:50 am – 6:30 pm,Singapore Airlines,SIN‐JFK,18h40m,0,,1509,20220404-1145,fast
7:55 am – 5:45 pm +1,British Airways,JFK‐SIN,21h50m,1,LHR,11:50 am – 6:30 pm,Singapore Airlines,SIN‐JFK,18h40m,0,,6538,20220404-1145,fast
8:55 pm – 6:50 am +2,Singapore Airlines,JFK‐SIN,21h55m,1,FRA,11:50 am – 6:30 pm,Singapore Airlines,SIN‐JFK,18h40m,0,,1470,20220404-1145,fast
7:25 pm – 5:55 am +2,SWISS,JFK‐SIN,22h30m,2,"GVA, ZRH",11:35 pm – 6:00 am +1,Singapore Airlines,SIN‐EWR,18h25m,0,,3654,20220404-1145,fast
7:25 pm – 5:55 am +2,SWISS,JFK‐SIN,22h30m,2,"GVA, ZRH",11:50 am – 6:30 pm,Singapore Airlines,SIN‐JFK,18h40m,0,,3669,20220404-1145,fast
1:45 pm – 12:20 am +2,Japan Airlines,JFK‐SIN,22h35m,1,NRT,11:50 am – 6:30 pm,Singapore Airlines,SIN‐JFK,18h40m,0,,1668,20220404-1145,fast
10:25 am – 5:10 pm +1,Singapore Airlines,EWR‐SIN,18h45m,0,,11:55 pm – 11:10 am +1,Singapore Airlines,SIN‐JFK,23h15m,1,FRA,1290,20220404-1145,fast
