Out Time,Out Airline,Out Cities,Out Duration,Out Stops,Out Stop Cities,Return Time,Return Airline,Return Cities,Return Duration,Return Stops,Return Stop Cities,Price,timestamp,sort
6:55 pm – 5:30 pm +2,Turkish Airlines,JFK‐SIN,34h35m,1,IST,11:30 pm – 10:15 pm +1,Turkish Airlines,SIN‐JFK,34h45m,1,IST,972,20220404-1243,cheap
11:15 am – 12:35 am +2,ANA,EWR‐SIN,25h20m,1,NRT,6:10 am – 4:45 pm,ANA,SIN‐EWR,22h35m,1,NRT,985,20220404-1243,cheap
11:15 am – 12:35 am +2,ANA,EWR‐SIN,25h20m,1,NRT,10:10 pm – 10:15 am +1,ANA,SIN‐JFK,24h05m,1,HND,988,20220404-1243,cheap
11:15 am – 12:35 am +2,ANA,EWR‐SIN,25h20m,1,NRT,10:10 pm – 8:14 pm +1,ANA,SIN‐LGA,34h04m,2,"HND, ORD",992,20220404-1243,cheap
11:15 am – 12:35 am +2,ANA,EWR‐SIN,25h20m,1,NRT,10:10 pm – 9:13 pm +1,ANA,SIN‐EWR,35h03m,2,"HND, ORD",992,20220404-1243,cheap
11:15 am – 12:35 am +2,ANA,EWR‐SIN,25h20m,1,NRT,10:10 pm – 4:45 pm +1,ANA,SIN‐EWR,30h35m,1,HND-NRT,998,20220404-1243,cheap
6:55 pm – 5:30 pm +2,Turkish Airlines,JFK‐SIN,34h35m,1,IST,11:30 pm – 11:05 am +1,Turkish Airlines,SIN‐JFK,23h35m,1,IST,1000,20220404-1243,cheap
11:25 am – 12:35 am +2,United Airlines,EWR‐SIN,25h10m,1,NRT,6:10 am – 4:40 pm,United Airlines,SIN‐EWR,22h30m,1,NRT,1008,20220404-1243,cheap
11:25 am – 12:35 am +2,United Airlines,EWR‐SIN,25h10m,1,NRT,10:10 pm – 10:15 am +1,ANA,SIN‐JFK,24h05m,1,HND,1014,20220404-1243,cheap
8:30 pm – 12:35 am +3,United Airlines,EWR‐SIN,40h05m,2,"LAX, NRT",6:10 am – 4:40 pm,United Airlines,SIN‐EWR,22h30m,1,NRT,1016,20220404-1243,cheap
6:30 am – 12:35 am +2,"United Airlines, ANA",EWR‐SIN,30h05m,2,"LAX, NRT",6:10 am – 4:40 pm,United Airlines,SIN‐EWR,22h30m,1,NRT,1017,20220404-1243,cheap
11:25 am – 12:35 am +2,United Airlines,EWR‐SIN,25h10m,1,NRT,6:10 am – 8:14 pm,United Airlines,SIN‐LGA,26h04m,2,"NRT, ORD",1018,20220404-1243,cheap
11:25 am – 12:35 am +2,United Airlines,EWR‐SIN,25h10m,1,NRT,6:10 am – 11:28 pm,United Airlines,SIN‐LGA,29h18m,2,"NRT, ORD",1018,20220404-1243,cheap
11:25 am – 12:35 am +2,United Airlines,EWR‐SIN,25h10m,1,NRT,6:10 am – 11:42 pm,United Airlines,SIN‐EWR,29h32m,2,"NRT, IAD",1018,20220404-1243,cheap
11:25 am – 12:35 am +2,United Airlines,EWR‐SIN,25h10m,1,NRT,6:10 am – 12:34 am +1,United Airlines,SIN‐EWR,30h24m,2,"NRT, LAX",1018,20220404-1243,cheap
11:15 am – 12:35 am +2,ANA,EWR‐SIN,25h20m,1,NRT,6:10 am – 4:45 pm,ANA,SIN‐EWR,22h35m,1,NRT,996,20220404-1241,best
11:15 am – 12:35 am +2,ANA,EWR‐SIN,25h20m,1,NRT,6:10 am – 4:45 pm,ANA,SIN‐EWR,22h35m,1,NRT,985,20220404-1241,best
6:55 pm – 5:30 pm +2,Turkish Airlines,JFK‐SIN,34h35m,1,IST,11:30 pm – 10:15 pm +1,Turkish Airlines,SIN‐JFK,34h45m,1,IST,972,20220404-1241,best
11:25 am – 12:35 am +2,United Airlines,EWR‐SIN,25h10m,1,NRT,6:10 am – 4:40 pm,United Airlines,SIN‐EWR,22h30m,1,NRT,1008,20220404-1241,best
10:25 am – 5:10 pm +1,Singapore Airlines,EWR‐SIN,18h45m,0,,11:50 am – 6:30 pm,Singapore Airlines,SIN‐JFK,18h40m,0,,1572,20220404-1241,best
10:25 am – 5:10 pm +1,Singapore Airlines,EWR‐SIN,18h45m,0,,11:35 pm – 6:00 am +1,Singapore Airlines,SIN‐EWR,18h25m,0,,1572,20220404-1241,best
8:55 pm – 6:50 am +2,Singapore Airlines,JFK‐SIN,21h55m,1,FRA,11:50 am – 6:30 pm,Singapore Airlines,SIN‐JFK,18h40m,0,,1470,20220404-1241,best
11:15 am – 12:35 am +2,ANA,EWR‐SIN,25h20m,1,NRT,10:10 pm – 10:15 am +1,ANA,SIN‐JFK,24h05m,1,HND,988,20220404-1241,best
10:30 pm – 5:20 am +2,Singapore Airlines,JFK‐SIN,18h50m,0,,11:50 am – 6:30 pm,Singapore Airlines,SIN‐JFK,18h40m,0,,1613,20220404-1241,best
11:25 am – 12:35 am +2,United Airlines,EWR‐SIN,25h10m,1,NRT,10:10 pm – 10:15 am +1,ANA,SIN‐JFK,24h05m,1,HND,1014,20220404-1241,best
8:55 pm – 6:50 am +2,Singapore Airlines,JFK‐SIN,21h55m,1,FRA,11:35 pm – 6:00 am +1,Singapore Airlines,SIN‐EWR,18h25m,0,,1470,20220404-1241,best
10:30 pm – 5:20 am +2,Singapore Airlines,JFK‐SIN,18h50m,0,,11:35 pm – 6:00 am +1,Singapore Airlines,SIN‐EWR,18h25m,0,,1613,20220404-1241,best
11:25 am – 12:35 am +2,United Airlines,EWR‐SIN,25h10m,1,NRT,6:10 am – 8:14 pm,United Airlines,SIN‐LGA,26h04m,2,"NRT, ORD",1018,20220404-1241,best
11:25 am – 12:35 am +2,United Airlines,EWR‐SIN,25h10m,1,NRT,6:10 am – 8:53 pm,"ANA, United Airlines",SIN‐EWR,26h43m,2,"NRT, LAX",1023,20220404-1241,best
10:25 am – 5:10 pm +1,Singapore Airlines,EWR‐SIN,18h45m,0,,11:55 pm – 11:10 am +1,Singapore Airlines,SIN‐JFK,23h15m,1,FRA,1470,20220404-1241,best
11:25 am – 12:35 am +2,United Airlines,EWR‐SIN,25h10m,1,NRT,6:10 am – 9:19 pm,"ANA, United Airlines",SIN‐LGA,27h09m,2,"NRT, ORD",1023,20220404-1241,best
8:55 pm – 4:25 pm +2,Singapore Airlines,JFK‐SIN,31h30m,1,FRA,11:50 am – 6:30 pm,Singapore Airlines,SIN‐JFK,18h40m,0,,1245,20220404-1241,best
10:25 am – 5:10 pm +1,Singapore Airlines,EWR‐SIN,18h45m,0,,11:35 pm – 6:00 am +1,Singapore Airlines,SIN‐EWR,18h25m,0,,1572,20220404-1246,fast
10:30 pm – 5:20 am +2,Singapore Airlines,JFK‐SIN,18h50m,0,,11:35 pm – 6:00 am +1,Singapore Airlines,SIN‐EWR,18h25m,0,,1613,20220404-1246,fast
10:25 am – 5:10 pm +1,Singapore Airlines,EWR‐SIN,18h45m,0,,11:50 am – 6:30 pm,Singapore Airlines,SIN‐JFK,18h40m,0,,1572,20220404-1246,fast
10:30 pm – 5:20 am +2,Singapore Airlines,JFK‐SIN,18h50m,0,,11:50 am – 6:30 pm,Singapore Airlines,SIN‐JFK,18h40m,0,,1613,20220404-1246,fast
8:55 pm – 5:55 am +2,SWISS,JFK‐SIN,21h00m,1,ZRH,11:35 pm – 6:00 am +1,Singapore Airlines,SIN‐EWR,18h25m,0,,3627,20220404-1246,fast
8:55 pm – 5:55 am +2,SWISS,JFK‐SIN,21h00m,1,ZRH,11:50 am – 6:30 pm,Singapore Airlines,SIN‐JFK,18h40m,0,,3621,20220404-1246,fast
8:55 pm – 6:40 am +2,SWISS,JFK‐SIN,21h45m,1,ZRH,11:35 pm – 6:00 am +1,Singapore Airlines,SIN‐EWR,18h25m,0,,3670,20220404-1246,fast
8:55 pm – 6:50 am +2,Singapore Airlines,JFK‐SIN,21h55m,1,FRA,11:35 pm – 6:00 am +1,Singapore Airlines,SIN‐EWR,18h25m,0,,1470,20220404-1246,fast
8:55 pm – 6:40 am +2,SWISS,JFK‐SIN,21h45m,1,ZRH,11:50 am – 6:30 pm,Singapore Airlines,SIN‐JFK,18h40m,0,,3654,20220404-1246,fast
8:55 pm – 6:50 am +2,Singapore Airlines,JFK‐SIN,21h55m,1,FRA,11:50 am – 6:30 pm,Singapore Airlines,SIN‐JFK,18h40m,0,,1470,20220404-1246,fast
10:25 am – 5:10 pm +1,Singapore Airlines,EWR‐SIN,18h45m,0,,6:10 am – 4:45 pm,ANA,SIN‐EWR,22h35m,1,NRT,2027,20220404-1246,fast
10:30 pm – 5:20 am +2,Singapore Airlines,JFK‐SIN,18h50m,0,,6:10 am – 4:45 pm,ANA,SIN‐EWR,22h35m,1,NRT,2040,20220404-1246,fast
10:25 am – 5:10 pm +1,Singapore Airlines,EWR‐SIN,18h45m,0,,11:55 pm – 11:10 am +1,Singapore Airlines,SIN‐JFK,23h15m,1,FRA,1470,20220404-1246,fast
10:30 pm – 5:20 am +2,Singapore Airlines,JFK‐SIN,18h50m,0,,11:55 pm – 11:10 am +1,Singapore Airlines,SIN‐JFK,23h15m,1,FRA,1511,20220404-1246,fast
6:20 pm – 5:55 am +2,SWISS,EWR‐SIN,23h35m,1,ZRH,11:50 am – 6:30 pm,Singapore Airlines,SIN‐JFK,18h40m,0,,7632,20220404-1246,fast
