Out Time,Out Airline,Out Cities,Out Duration,Out Stops,Out Stop Cities,Return Time,Return Airline,Return Cities,Return Duration,Return Stops,Return Stop Cities,Price,timestamp,sort
12:30 pm – 12:20 am +2,Japan Airlines,JFK‐SIN,23h50m,1,NRT,9:50 pm – 11:05 am +1,Japan Airlines,SIN‐JFK,25h15m,1,HND,923,20220404-1704,cheap
12:30 pm – 5:40 pm +2,Japan Airlines,JFK‐SIN,41h10m,1,NRT-HND,9:50 pm – 11:05 am +1,Japan Airlines,SIN‐JFK,25h15m,1,HND,934,20220404-1704,cheap
12:30 pm – 12:20 am +2,Japan Airlines,JFK‐SIN,23h50m,1,NRT,8:10 am – 11:05 am +1,Japan Airlines,SIN‐JFK,38h55m,1,NRT-HND,935,20220404-1704,cheap
12:30 pm – 12:20 am +2,American Airlines,JFK‐SIN,23h50m,1,NRT,9:50 pm – 11:05 am +1,American Airlines,SIN‐JFK,25h15m,1,HND,947,20220404-1704,cheap
9:30 am – 12:20 am +2,American Airlines,LGA‐SIN,26h50m,2,"ORD, NRT",9:50 pm – 11:05 am +1,American Airlines,SIN‐JFK,25h15m,1,HND,1079,20220404-1704,cheap
9:30 am – 12:20 am +2,Japan Airlines,LGA‐SIN,26h50m,2,"ORD, NRT",9:50 pm – 11:05 am +1,Japan Airlines,SIN‐JFK,25h15m,1,HND,1093,20220404-1704,cheap
8:30 am – 12:20 am +2,Japan Airlines,LGA‐SIN,27h50m,2,"ORD, NRT",9:50 pm – 11:05 am +1,Japan Airlines,SIN‐JFK,25h15m,1,HND,1093,20220404-1704,cheap
12:30 pm – 12:20 am +2,Japan Airlines,JFK‐SIN,23h50m,1,NRT,8:35 pm – 11:55 am +1,SAUDIA,SIN‐JFK,27h20m,2,"MLE, JED",1108,20220404-1704,cheap
8:45 am – 12:20 am +2,American Airlines,JFK‐SIN,27h35m,2,"ORD, NRT",9:50 pm – 11:05 am +1,American Airlines,SIN‐JFK,25h15m,1,HND,1114,20220404-1704,cheap
6:54 am – 12:20 am +2,Japan Airlines,EWR‐SIN,29h26m,2,"ORD, NRT",9:50 pm – 11:05 am +1,Japan Airlines,SIN‐JFK,25h15m,1,HND,1128,20220404-1704,cheap
9:30 am – 12:20 am +2,Japan Airlines,LGA‐SIN,26h50m,2,"ORD, NRT",8:35 pm – 11:55 am +1,SAUDIA,SIN‐JFK,27h20m,2,"MLE, JED",1143,20220404-1704,cheap
8:30 am – 12:20 am +2,Japan Airlines,LGA‐SIN,27h50m,2,"ORD, NRT",8:35 pm – 11:55 am +1,SAUDIA,SIN‐JFK,27h20m,2,"MLE, JED",1143,20220404-1704,cheap
6:54 am – 12:20 am +2,Japan Airlines,EWR‐SIN,29h26m,2,"ORD, NRT",8:35 pm – 11:55 am +1,SAUDIA,SIN‐JFK,27h20m,2,"MLE, JED",1143,20220404-1704,cheap
8:55 pm – 4:25 pm +2,Singapore Airlines,JFK‐SIN,31h30m,1,FRA,8:35 pm – 11:55 am +1,SAUDIA,SIN‐JFK,27h20m,2,"MLE, JED",1157,20220404-1704,cheap
12:30 pm – 12:20 am +2,Japan Airlines,JFK‐SIN,23h50m,1,NRT,11:30 pm – 10:15 pm +1,Turkish Airlines,SIN‐JFK,34h45m,1,IST,1167,20220404-1704,cheap
12:30 pm – 12:20 am +2,Japan Airlines,JFK‐SIN,23h50m,1,NRT,9:50 pm – 11:05 am +1,Japan Airlines,SIN‐JFK,25h15m,1,HND,962,20220404-1702,best
12:30 pm – 12:20 am +2,Japan Airlines,JFK‐SIN,23h50m,1,NRT,9:50 pm – 11:05 am +1,Japan Airlines,SIN‐JFK,25h15m,1,HND,923,20220404-1702,best
12:30 pm – 12:20 am +2,American Airlines,JFK‐SIN,23h50m,1,NRT,9:50 pm – 11:05 am +1,American Airlines,SIN‐JFK,25h15m,1,HND,947,20220404-1702,best
8:55 pm – 6:50 am +2,Singapore Airlines,JFK‐SIN,21h55m,1,FRA,11:50 am – 6:30 pm,Singapore Airlines,SIN‐JFK,18h40m,0,,1389,20220404-1702,best
8:55 pm – 6:50 am +2,Singapore Airlines,JFK‐SIN,21h55m,1,FRA,11:35 pm – 6:00 am +1,Singapore Airlines,SIN‐EWR,18h25m,0,,1389,20220404-1702,best
10:25 am – 5:10 pm +1,Singapore Airlines,EWR‐SIN,18h45m,0,,11:50 am – 6:30 pm,Singapore Airlines,SIN‐JFK,18h40m,0,,1564,20220404-1702,best
10:25 am – 5:10 pm +1,Singapore Airlines,EWR‐SIN,18h45m,0,,11:35 pm – 6:00 am +1,Singapore Airlines,SIN‐EWR,18h25m,0,,1555,20220404-1702,best
12:30 pm – 12:20 am +2,Japan Airlines,JFK‐SIN,23h50m,1,NRT,8:35 pm – 11:55 am +1,SAUDIA,SIN‐JFK,27h20m,2,"MLE, JED",1108,20220404-1702,best
12:30 pm – 12:20 am +2,Japan Airlines,JFK‐SIN,23h50m,1,NRT,1:10 pm – 10:05 pm,EVA Air,SIN‐JFK,20h55m,1,TPE,1405,20220404-1702,best
9:30 am – 12:20 am +2,American Airlines,LGA‐SIN,26h50m,2,"ORD, NRT",9:50 pm – 11:05 am +1,American Airlines,SIN‐JFK,25h15m,1,HND,1079,20220404-1702,best
12:30 pm – 12:20 am +2,Japan Airlines,JFK‐SIN,23h50m,1,NRT,2:40 am – 2:55 pm,Qatar Airways,SIN‐JFK,24h15m,1,DOH,1254,20220404-1702,best
9:30 am – 12:20 am +2,Japan Airlines,LGA‐SIN,26h50m,2,"ORD, NRT",9:50 pm – 11:05 am +1,Japan Airlines,SIN‐JFK,25h15m,1,HND,1093,20220404-1702,best
8:30 am – 12:20 am +2,Japan Airlines,LGA‐SIN,27h50m,2,"ORD, NRT",9:50 pm – 11:05 am +1,Japan Airlines,SIN‐JFK,25h15m,1,HND,1093,20220404-1702,best
10:25 am – 5:10 pm +1,Singapore Airlines,EWR‐SIN,18h45m,0,,11:55 pm – 11:10 am +1,Singapore Airlines,SIN‐JFK,23h15m,1,FRA,1526,20220404-1702,best
8:45 am – 12:20 am +2,American Airlines,JFK‐SIN,27h35m,2,"ORD, NRT",9:50 pm – 11:05 am +1,American Airlines,SIN‐JFK,25h15m,1,HND,1114,20220404-1702,best
8:55 pm – 6:50 am +2,Singapore Airlines,JFK‐SIN,21h55m,1,FRA,11:55 pm – 11:10 am +1,Singapore Airlines,SIN‐JFK,23h15m,1,FRA,1408,20220404-1702,best
10:25 am – 5:10 pm +1,Singapore Airlines,EWR‐SIN,18h45m,0,,11:35 pm – 6:00 am +1,Singapore Airlines,SIN‐EWR,18h25m,0,,1555,20220404-1707,fast
10:30 pm – 5:20 am +2,Singapore Airlines,JFK‐SIN,18h50m,0,,11:35 pm – 6:00 am +1,Singapore Airlines,SIN‐EWR,18h25m,0,,1828,20220404-1707,fast
10:25 am – 5:10 pm +1,Singapore Airlines,EWR‐SIN,18h45m,0,,11:50 am – 6:30 pm,Singapore Airlines,SIN‐JFK,18h40m,0,,1564,20220404-1707,fast
10:30 pm – 5:20 am +2,Singapore Airlines,JFK‐SIN,18h50m,0,,11:50 am – 6:30 pm,Singapore Airlines,SIN‐JFK,18h40m,0,,1828,20220404-1707,fast
10:25 am – 5:10 pm +1,Singapore Airlines,EWR‐SIN,18h45m,0,,1:10 pm – 10:05 pm,EVA Air,SIN‐JFK,20h55m,1,TPE,1971,20220404-1707,fast
10:30 pm – 5:20 am +2,Singapore Airlines,JFK‐SIN,18h50m,0,,1:10 pm – 10:05 pm,EVA Air,SIN‐JFK,20h55m,1,TPE,2021,20220404-1707,fast
8:55 pm – 6:50 am +2,Singapore Airlines,JFK‐SIN,21h55m,1,FRA,11:35 pm – 6:00 am +1,Singapore Airlines,SIN‐EWR,18h25m,0,,1389,20220404-1707,fast
8:55 pm – 6:50 am +2,Singapore Airlines,JFK‐SIN,21h55m,1,FRA,11:50 am – 6:30 pm,Singapore Airlines,SIN‐JFK,18h40m,0,,1389,20220404-1707,fast
10:25 am – 5:10 pm +1,Singapore Airlines,EWR‐SIN,18h45m,0,,9:40 pm – 8:50 am +1,Emirates,SIN‐JFK,23h10m,1,DXB,2060,20220404-1707,fast
10:25 am – 5:10 pm +1,Singapore Airlines,EWR‐SIN,18h45m,0,,11:55 pm – 11:10 am +1,Singapore Airlines,SIN‐JFK,23h15m,1,FRA,1526,20220404-1707,fast
10:30 pm – 5:20 am +2,Singapore Airlines,JFK‐SIN,18h50m,0,,9:40 pm – 8:50 am +1,Emirates,SIN‐JFK,23h10m,1,DXB,2098,20220404-1707,fast
10:30 pm – 5:20 am +2,Singapore Airlines,JFK‐SIN,18h50m,0,,11:55 pm – 11:10 am +1,Singapore Airlines,SIN‐JFK,23h15m,1,FRA,1689,20220404-1707,fast
12:30 pm – 12:20 am +2,Japan Airlines,JFK‐SIN,23h50m,1,NRT,11:35 pm – 6:00 am +1,Singapore Airlines,SIN‐EWR,18h25m,0,,1591,20220404-1707,fast
10:25 am – 5:10 pm +1,Singapore Airlines,EWR‐SIN,18h45m,0,,11:30 pm – 11:05 am +1,Turkish Airlines,SIN‐JFK,23h35m,1,IST,1936,20220404-1707,fast
10:30 pm – 5:20 am +2,Singapore Airlines,JFK‐SIN,18h50m,0,,11:30 pm – 11:05 am +1,Turkish Airlines,SIN‐JFK,23h35m,1,IST,1991,20220404-1707,fast
