Out Time,Out Airline,Out Cities,Out Duration,Out Stops,Out Stop Cities,Return Time,Return Airline,Return Cities,Return Duration,Return Stops,Return Stop Cities,Price,timestamp,sort
6:00 am – 6:15 am +2,United Airlines,EWR‐SIN,36h15m,1,SFO,8:45 am – 5:30 am +1,United Airlines,SIN‐JFK,32h45m,1,SFO,928,20220408-0956,cheap
6:00 pm – 6:15 am +2,United Airlines,EWR‐SIN,24h15m,1,SFO,8:45 am – 5:30 am +1,United Airlines,SIN‐JFK,32h45m,1,SFO,1022,20220408-0956,cheap
5:30 pm – 6:15 am +2,United Airlines,JFK‐SIN,24h45m,1,SFO,8:45 am – 5:30 am +1,United Airlines,SIN‐JFK,32h45m,1,SFO,1022,20220408-0956,cheap
5:00 pm – 6:15 am +2,United Airlines,EWR‐SIN,25h15m,1,SFO,8:45 am – 5:30 am +1,United Airlines,SIN‐JFK,32h45m,1,SFO,1022,20220408-0956,cheap
4:00 pm – 6:15 am +2,United Airlines,EWR‐SIN,26h15m,1,SFO,8:45 am – 5:30 am +1,United Airlines,SIN‐JFK,32h45m,1,SFO,1022,20220408-0956,cheap
1:00 pm – 6:15 am +2,United Airlines,LGA‐SIN,29h15m,2,"ORD, SFO",8:45 am – 5:30 am +1,United Airlines,SIN‐JFK,32h45m,1,SFO,1022,20220408-0956,cheap
1:00 pm – 6:15 am +2,United Airlines,LGA‐SIN,29h15m,2,"ORD, SFO",8:45 am – 5:30 am +1,United Airlines,SIN‐JFK,32h45m,1,SFO,1022,20220408-0956,cheap
12:00 pm – 6:15 am +2,United Airlines,EWR‐SIN,30h15m,1,SFO,8:45 am – 5:30 am +1,United Airlines,SIN‐JFK,32h45m,1,SFO,1022,20220408-0956,cheap
10:18 am – 12:35 am +2,United Airlines,LGA‐SIN,26h17m,2,"IAD, NRT",8:45 am – 5:30 am +1,United Airlines,SIN‐JFK,32h45m,1,SFO,1030,20220408-0956,cheap
6:30 am – 6:15 am +2,United Airlines,JFK‐SIN,35h45m,1,SFO,8:45 am – 7:23 pm,United Airlines,SIN‐EWR,22h38m,1,SFO,1032,20220408-0956,cheap
6:00 am – 6:15 am +2,United Airlines,EWR‐SIN,36h15m,1,SFO,8:45 am – 7:23 pm,United Airlines,SIN‐EWR,22h38m,1,SFO,1032,20220408-0956,cheap
6:30 am – 6:15 am +2,United Airlines,JFK‐SIN,35h45m,1,SFO,8:45 am – 8:08 pm,United Airlines,SIN‐EWR,23h23m,1,SFO,1032,20220408-0956,cheap
6:00 pm – 6:15 am +2,United Airlines,EWR‐SIN,24h15m,1,SFO,8:45 am – 7:54 am +1,United Airlines,SIN‐EWR,35h09m,1,SFO,1032,20220408-0956,cheap
6:00 am – 6:15 am +2,United Airlines,EWR‐SIN,36h15m,1,SFO,8:45 am – 8:08 pm,United Airlines,SIN‐EWR,23h23m,1,SFO,1032,20220408-0956,cheap
5:30 pm – 6:15 am +2,United Airlines,JFK‐SIN,24h45m,1,SFO,8:45 am – 7:54 am +1,United Airlines,SIN‐EWR,35h09m,1,SFO,1032,20220408-0956,cheap
1:50 pm – 11:40 pm +1,Korean Air,JFK‐SIN,21h50m,1,ICN,1:10 am – 11:20 am,Korean Air,SIN‐JFK,22h10m,1,ICN,1046,20220408-0953,best
1:50 pm – 11:40 pm +1,Korean Air,JFK‐SIN,21h50m,1,ICN,1:10 am – 11:20 am,Korean Air,SIN‐JFK,22h10m,1,ICN,1038,20220408-0953,best
6:00 am – 6:15 am +2,United Airlines,EWR‐SIN,36h15m,1,SFO,8:45 am – 5:30 am +1,United Airlines,SIN‐JFK,32h45m,1,SFO,928,20220408-0953,best
1:50 pm – 11:40 pm +1,Korean Air,JFK‐SIN,21h50m,1,ICN,1:10 am – 11:20 am,Korean Air,SIN‐JFK,22h10m,1,ICN,1148,20220408-0953,best
5:30 pm – 6:15 am +2,United Airlines,JFK‐SIN,24h45m,1,SFO,8:45 am – 7:23 pm,United Airlines,SIN‐EWR,22h38m,1,SFO,1125,20220408-0953,best
6:00 pm – 6:15 am +2,United Airlines,EWR‐SIN,24h15m,1,SFO,8:45 am – 8:08 pm,United Airlines,SIN‐EWR,23h23m,1,SFO,1125,20220408-0953,best
6:00 pm – 6:15 am +2,United Airlines,EWR‐SIN,24h15m,1,SFO,8:45 am – 7:23 pm,United Airlines,SIN‐EWR,22h38m,1,SFO,1125,20220408-0953,best
5:00 pm – 6:15 am +2,United Airlines,EWR‐SIN,25h15m,1,SFO,8:45 am – 7:23 pm,United Airlines,SIN‐EWR,22h38m,1,SFO,1125,20220408-0953,best
1:50 pm – 11:40 pm +1,Korean Air,JFK‐SIN,21h50m,1,ICN,1:10 am – 1:20 pm,Korean Air,SIN‐LGA,24h10m,2,"ICN, BOS",1079,20220408-0953,best
8:45 am – 11:40 pm +1,Korean Air,EWR‐SIN,26h55m,2,"ATL, ICN",1:10 am – 11:20 am,Korean Air,SIN‐JFK,22h10m,1,ICN,1035,20220408-0953,best
10:00 am – 11:40 pm +1,Korean Air,LGA‐SIN,25h40m,2,"BOS, ICN",1:10 am – 11:20 am,Korean Air,SIN‐JFK,22h10m,1,ICN,1084,20220408-0953,best
8:30 am – 11:40 pm +1,Korean Air,LGA‐SIN,27h10m,2,"ATL, ICN",1:10 am – 11:20 am,Korean Air,SIN‐JFK,22h10m,1,ICN,1035,20220408-0953,best
9:30 am – 11:40 pm +1,Korean Air,JFK‐SIN,26h10m,2,"IAD, ICN",1:10 am – 11:20 am,Korean Air,SIN‐JFK,22h10m,1,ICN,1084,20220408-0953,best
8:05 am – 11:40 pm +1,Korean Air,JFK‐SIN,27h35m,2,"ATL, ICN",1:10 am – 11:20 am,Korean Air,SIN‐JFK,22h10m,1,ICN,1035,20220408-0953,best
6:25 am – 11:40 pm +1,Korean Air,JFK‐SIN,29h15m,2,"ATL, ICN",1:10 am – 11:20 am,Korean Air,SIN‐JFK,22h10m,1,ICN,1035,20220408-0953,best
1:50 pm – 11:40 pm +1,Korean Air,JFK‐SIN,21h50m,1,ICN,2:40 am – 2:55 pm,Qatar Airways,SIN‐JFK,24h15m,1,DOH,1277,20220408-0953,best
1:50 pm – 11:40 pm +1,Delta,JFK‐SIN,21h50m,1,ICN,1:10 am – 3:00 pm,Delta,SIN‐JFK,25h50m,2,"ICN, ORD",1187,20220408-0953,best
10:25 am – 5:10 pm +1,Singapore Airlines,EWR‐SIN,18h45m,0,,11:35 pm – 6:00 am +1,Singapore Airlines,SIN‐EWR,18h25m,0,,1947,20220408-0958,fast
10:30 pm – 5:20 am +2,Singapore Airlines,JFK‐SIN,18h50m,0,,11:35 pm – 6:00 am +1,Singapore Airlines,SIN‐EWR,18h25m,0,,1971,20220408-0958,fast
10:25 am – 5:10 pm +1,Singapore Airlines,EWR‐SIN,18h45m,0,,11:50 am – 6:30 pm,Singapore Airlines,SIN‐JFK,18h40m,0,,1808,20220408-0958,fast
10:30 pm – 5:20 am +2,Singapore Airlines,JFK‐SIN,18h50m,0,,11:50 am – 6:30 pm,Singapore Airlines,SIN‐JFK,18h40m,0,,1833,20220408-0958,fast
1:50 pm – 11:40 pm +1,Korean Air,JFK‐SIN,21h50m,1,ICN,11:35 pm – 6:00 am +1,Singapore Airlines,SIN‐EWR,18h25m,0,,1927,20220408-0958,fast
8:55 pm – 6:50 am +2,Singapore Airlines,JFK‐SIN,21h55m,1,FRA,11:35 pm – 6:00 am +1,Singapore Airlines,SIN‐EWR,18h25m,0,,1720,20220408-0958,fast
1:50 pm – 11:40 pm +1,Korean Air,JFK‐SIN,21h50m,1,ICN,11:50 am – 6:30 pm,Singapore Airlines,SIN‐JFK,18h40m,0,,1930,20220408-0958,fast
8:55 pm – 6:50 am +2,Singapore Airlines,JFK‐SIN,21h55m,1,FRA,11:50 am – 6:30 pm,Singapore Airlines,SIN‐JFK,18h40m,0,,1661,20220408-0958,fast
10:25 am – 5:10 pm +1,Singapore Airlines,EWR‐SIN,18h45m,0,,11:55 pm – 11:10 am +1,Singapore Airlines,SIN‐JFK,23h15m,1,FRA,1639,20220408-0958,fast
10:30 pm – 5:20 am +2,Singapore Airlines,JFK‐SIN,18h50m,0,,11:55 pm – 11:10 am +1,Singapore Airlines,SIN‐JFK,23h15m,1,FRA,1663,20220408-0958,fast
6:15 pm – 5:55 am +2,SWISS,EWR‐SIN,23h40m,1,ZRH,11:35 pm – 6:00 am +1,Singapore Airlines,SIN‐EWR,18h25m,0,,7632,20220408-0958,fast
10:30 pm – 5:20 am +2,Singapore Airlines,JFK‐SIN,18h50m,0,,6:40 pm – 5:57 am +1,Singapore Airlines,SIN‐JFK,23h17m,1,SFO,2100,20220408-0958,fast
12:30 pm – 12:20 am +2,Japan Airlines,JFK‐SIN,23h50m,1,NRT,11:35 pm – 6:00 am +1,Singapore Airlines,SIN‐EWR,18h25m,0,,1544,20220408-0958,fast
10:25 am – 5:10 pm +1,Singapore Airlines,EWR‐SIN,18h45m,0,,11:30 pm – 11:05 am +1,Turkish Airlines,SIN‐JFK,23h35m,1,IST,2119,20220408-0958,fast
6:15 pm – 5:55 am +2,SWISS,EWR‐SIN,23h40m,1,ZRH,11:50 am – 6:30 pm,Singapore Airlines,SIN‐JFK,18h40m,0,,7632,20220408-0958,fast
