Out Time,Out Airline,Out Cities,Out Duration,Out Stops,Out Stop Cities,Return Time,Return Airline,Return Cities,Return Duration,Return Stops,Return Stop Cities,Price,timestamp,sort
11:55 pm – 5:30 pm +2,Turkish Airlines,JFK‐SIN,29h35m,1,IST,11:30 pm – 11:05 am +1,Turkish Airlines,SIN‐JFK,23h35m,1,IST,859,20220404-1120,cheap
11:50 pm – 5:30 pm +2,Turkish Airlines,EWR‐SIN,29h40m,1,IST,11:30 pm – 11:05 am +1,Turkish Airlines,SIN‐JFK,23h35m,1,IST,859,20220404-1120,cheap
6:55 pm – 5:30 pm +2,Turkish Airlines,JFK‐SIN,34h35m,1,IST,11:30 pm – 11:05 am +1,Turkish Airlines,SIN‐JFK,23h35m,1,IST,859,20220404-1120,cheap
12:45 pm – 5:30 pm +2,Turkish Airlines,JFK‐SIN,40h45m,1,IST,11:30 pm – 11:05 am +1,Turkish Airlines,SIN‐JFK,23h35m,1,IST,859,20220404-1120,cheap
11:55 pm – 5:30 pm +2,Turkish Airlines,JFK‐SIN,29h35m,1,IST,11:30 pm – 5:15 pm +1,Turkish Airlines,SIN‐JFK,29h45m,1,IST,879,20220404-1120,cheap
11:50 pm – 5:30 pm +2,Turkish Airlines,EWR‐SIN,29h40m,1,IST,11:30 pm – 5:15 pm +1,Turkish Airlines,SIN‐JFK,29h45m,1,IST,879,20220404-1120,cheap
8:55 pm – 6:50 am +2,Singapore Airlines,JFK‐SIN,21h55m,1,FRA,1:55 pm – 11:10 am +1,Singapore Airlines,SIN‐JFK,33h15m,1,FRA,970,20220404-1120,cheap
9:00 am – 11:40 pm +1,Korean Air,LGA‐SIN,26h40m,2,"ATL, ICN",1:10 am – 11:20 am,Korean Air,SIN‐JFK,22h10m,1,ICN,979,20220404-1120,cheap
8:30 am – 11:40 pm +1,Korean Air,JFK‐SIN,27h10m,2,"ATL, ICN",1:10 am – 11:20 am,Korean Air,SIN‐JFK,22h10m,1,ICN,979,20220404-1120,cheap
8:00 am – 11:40 pm +1,Korean Air,EWR‐SIN,27h40m,2,"ATL, ICN",1:10 am – 11:20 am,Korean Air,SIN‐JFK,22h10m,1,ICN,979,20220404-1120,cheap
7:30 am – 11:40 pm +1,Korean Air,LGA‐SIN,28h10m,2,"ATL, ICN",1:10 am – 11:20 am,Korean Air,SIN‐JFK,22h10m,1,ICN,979,20220404-1120,cheap
6:00 am – 11:40 pm +1,Korean Air,JFK‐SIN,29h40m,2,"ATL, ICN",1:10 am – 11:20 am,Korean Air,SIN‐JFK,22h10m,1,ICN,979,20220404-1120,cheap
11:15 am – 12:35 am +2,ANA,EWR‐SIN,25h20m,1,NRT,10:10 pm – 8:14 pm +1,ANA,SIN‐LGA,34h04m,2,"HND, ORD",989,20220404-1120,cheap
11:15 am – 12:35 am +2,ANA,EWR‐SIN,25h20m,1,NRT,10:10 pm – 9:13 pm +1,ANA,SIN‐EWR,35h03m,2,"HND, ORD",989,20220404-1120,cheap
1:50 pm – 11:40 pm +1,Korean Air,JFK‐SIN,21h50m,1,ICN,1:10 am – 11:20 am,Korean Air,SIN‐JFK,22h10m,1,ICN,991,20220404-1120,cheap
11:55 pm – 5:30 pm +2,Turkish Airlines,JFK‐SIN,29h35m,1,IST,11:30 pm – 11:05 am +1,Turkish Airlines,SIN‐JFK,23h35m,1,IST,879,20220404-1117,best
1:50 pm – 11:40 pm +1,Korean Air,JFK‐SIN,21h50m,1,ICN,1:10 am – 11:20 am,Korean Air,SIN‐JFK,22h10m,1,ICN,991,20220404-1117,best
11:55 pm – 5:30 pm +2,Turkish Airlines,JFK‐SIN,29h35m,1,IST,11:30 pm – 11:05 am +1,Turkish Airlines,SIN‐JFK,23h35m,1,IST,859,20220404-1117,best
11:15 am – 12:35 am +2,ANA,EWR‐SIN,25h20m,1,NRT,6:10 am – 4:50 pm,ANA,SIN‐EWR,22h40m,1,NRT,995,20220404-1117,best
1:45 pm – 12:20 am +2,Japan Airlines,JFK‐SIN,22h35m,1,NRT,11:30 pm – 11:05 am +1,Turkish Airlines,SIN‐JFK,23h35m,1,IST,1005,20220404-1117,best
11:25 am – 12:35 am +2,United Airlines,EWR‐SIN,25h10m,1,NRT,6:10 am – 4:40 pm,"ANA, United Airlines",SIN‐EWR,22h30m,1,NRT,1020,20220404-1117,best
8:55 pm – 6:50 am +2,Singapore Airlines,JFK‐SIN,21h55m,1,FRA,11:55 pm – 11:10 am +1,Singapore Airlines,SIN‐JFK,23h15m,0,,1069,20220404-1117,best
8:55 pm – 6:50 am +2,Singapore Airlines,JFK‐SIN,21h55m,1,FRA,11:55 pm – 11:10 am +1,Singapore Airlines,SIN‐JFK,23h15m,1,FRA,1056,20220404-1117,best
8:55 pm – 6:50 am +2,Singapore Airlines,JFK‐SIN,21h55m,1,FRA,11:50 am – 6:30 pm,Singapore Airlines,SIN‐JFK,18h40m,0,,1334,20220404-1117,best
1:50 pm – 11:40 pm +1,Korean Air,JFK‐SIN,21h50m,1,ICN,11:30 pm – 11:05 am +1,Turkish Airlines,SIN‐JFK,23h35m,1,IST,1085,20220404-1117,best
11:25 am – 12:35 am +2,United Airlines,EWR‐SIN,25h10m,1,NRT,9:00 am – 7:13 pm,United Airlines,SIN‐EWR,22h13m,1,SFO,1114,20220404-1117,best
8:55 pm – 6:50 am +2,Singapore Airlines,JFK‐SIN,21h55m,1,FRA,11:35 pm – 6:00 am +1,Singapore Airlines,SIN‐EWR,18h25m,0,,1334,20220404-1117,best
10:19 am – 12:35 am +2,United Airlines,EWR‐SIN,26h16m,2,"IAD, NRT",6:10 am – 4:40 pm,"ANA, United Airlines",SIN‐EWR,22h30m,1,NRT,1024,20220404-1117,best
10:15 am – 12:35 am +2,United Airlines,LGA‐SIN,26h20m,2,"IAD, NRT",6:10 am – 4:40 pm,"ANA, United Airlines",SIN‐EWR,22h30m,1,NRT,1024,20220404-1117,best
11:15 am – 12:35 am +2,ANA,EWR‐SIN,25h20m,1,NRT,10:10 pm – 10:15 am +1,ANA,SIN‐JFK,24h05m,1,HND,992,20220404-1117,best
10:15 am – 12:35 am +2,"United Airlines, ANA",LGA‐SIN,26h20m,2,"IAD, NRT",6:10 am – 4:50 pm,ANA,SIN‐EWR,22h40m,1,NRT,1026,20220404-1117,best
9:00 am – 11:40 pm +1,Korean Air,LGA‐SIN,26h40m,2,"ATL, ICN",1:10 am – 11:20 am,Korean Air,SIN‐JFK,22h10m,1,ICN,979,20220404-1117,best
10:25 am – 5:10 pm +1,Singapore Airlines,EWR‐SIN,18h45m,0,,11:35 pm – 6:00 am +1,Singapore Airlines,SIN‐EWR,18h25m,0,,1672,20220404-1122,fast
10:30 pm – 5:20 am +2,Singapore Airlines,JFK‐SIN,18h50m,0,,11:35 pm – 6:00 am +1,Singapore Airlines,SIN‐EWR,18h25m,0,,1672,20220404-1122,fast
10:25 am – 5:10 pm +1,Singapore Airlines,EWR‐SIN,18h45m,0,,11:50 am – 6:30 pm,Singapore Airlines,SIN‐JFK,18h40m,0,,1672,20220404-1122,fast
10:30 pm – 5:20 am +2,Singapore Airlines,JFK‐SIN,18h50m,0,,11:50 am – 6:30 pm,Singapore Airlines,SIN‐JFK,18h40m,0,,1672,20220404-1122,fast
1:50 pm – 11:40 pm +1,Korean Air,JFK‐SIN,21h50m,1,ICN,11:35 pm – 6:00 am +1,Singapore Airlines,SIN‐EWR,18h25m,0,,2023,20220404-1122,fast
8:55 pm – 6:50 am +2,Singapore Airlines,JFK‐SIN,21h55m,1,FRA,11:35 pm – 6:00 am +1,Singapore Airlines,SIN‐EWR,18h25m,0,,1334,20220404-1122,fast
1:50 pm – 11:40 pm +1,Korean Air,JFK‐SIN,21h50m,1,ICN,11:50 am – 6:30 pm,Singapore Airlines,SIN‐JFK,18h40m,0,,1669,20220404-1122,fast
8:55 pm – 6:50 am +2,Singapore Airlines,JFK‐SIN,21h55m,1,FRA,11:50 am – 6:30 pm,Singapore Airlines,SIN‐JFK,18h40m,0,,1334,20220404-1122,fast
1:45 pm – 12:20 am +2,Japan Airlines,JFK‐SIN,22h35m,1,NRT,11:35 pm – 6:00 am +1,Singapore Airlines,SIN‐EWR,18h25m,0,,1530,20220404-1122,fast
1:45 pm – 12:20 am +2,Japan Airlines,JFK‐SIN,22h35m,1,NRT,11:50 am – 6:30 pm,Singapore Airlines,SIN‐JFK,18h40m,0,,1530,20220404-1122,fast
10:25 am – 5:10 pm +1,Singapore Airlines,EWR‐SIN,18h45m,0,,11:55 pm – 11:10 am +1,Singapore Airlines,SIN‐JFK,23h15m,1,FRA,1390,20220404-1122,fast
10:25 am – 5:10 pm +1,Singapore Airlines,EWR‐SIN,18h45m,0,,11:55 pm – 11:10 am +1,Singapore Airlines,SIN‐JFK,23h15m,0,,1408,20220404-1122,fast
10:30 pm – 5:20 am +2,Singapore Airlines,JFK‐SIN,18h50m,0,,11:55 pm – 11:10 am +1,Singapore Airlines,SIN‐JFK,23h15m,1,FRA,1390,20220404-1122,fast
10:30 pm – 5:20 am +2,Singapore Airlines,JFK‐SIN,18h50m,0,,11:55 pm – 11:10 am +1,Singapore Airlines,SIN‐JFK,23h15m,0,,1408,20220404-1122,fast
10:25 am – 5:10 pm +1,Singapore Airlines,EWR‐SIN,18h45m,0,,11:30 pm – 11:05 am +1,Turkish Airlines,SIN‐JFK,23h35m,1,IST,1599,20220404-1122,fast
