Out Time,Out Airline,Out Cities,Out Duration,Out Stops,Out Stop Cities,Return Time,Return Airline,Return Cities,Return Duration,Return Stops,Return Stop Cities,Price,timestamp,sort
12:30 pm – 12:20 am +2,American Airlines,JFK‐SIN,23h50m,1,NRT,8:10 am – 10:15 pm,American Airlines,SIN‐JFK,26h05m,2,"NRT, SFO",961,20220404-1625,cheap
9:30 am – 12:20 am +2,American Airlines,LGA‐SIN,26h50m,2,"ORD, NRT",8:10 am – 10:15 pm,American Airlines,SIN‐JFK,26h05m,2,"NRT, SFO",965,20220404-1625,cheap
12:00 pm – 12:35 am +2,United Airlines,EWR‐SIN,24h35m,1,NRT,8:45 am – 9:08 pm,United Airlines,SIN‐EWR,24h23m,1,SFO,1065,20220404-1625,cheap
12:00 pm – 12:35 am +2,United Airlines,EWR‐SIN,24h35m,1,NRT,8:45 am – 5:30 am +1,United Airlines,SIN‐JFK,32h45m,1,SFO,1065,20220404-1625,cheap
12:00 pm – 12:35 am +2,"United Airlines, ANA",EWR‐SIN,24h35m,1,NRT,8:45 am – 10:08 pm,United Airlines,SIN‐EWR,25h23m,1,SFO,1070,20220404-1625,cheap
12:00 pm – 12:35 am +2,"United Airlines, ANA",EWR‐SIN,24h35m,1,NRT,8:45 am – 11:58 pm,United Airlines,SIN‐EWR,27h13m,1,SFO,1070,20220404-1625,cheap
8:45 am – 12:20 am +2,American Airlines,JFK‐SIN,27h35m,2,"ORD, NRT",8:10 am – 10:15 pm,American Airlines,SIN‐JFK,26h05m,2,"NRT, SFO",1072,20220404-1625,cheap
12:30 pm – 12:20 am +2,Japan Airlines,JFK‐SIN,23h50m,1,NRT,9:50 pm – 11:05 am +1,Japan Airlines,SIN‐JFK,25h15m,1,HND,1103,20220404-1625,cheap
12:30 pm – 12:20 am +2,Japan Airlines,JFK‐SIN,23h50m,1,NRT,11:30 pm – 10:15 pm +1,Turkish Airlines,SIN‐JFK,34h45m,1,IST,1106,20220404-1625,cheap
12:30 pm – 12:20 am +2,Japan Airlines,JFK‐SIN,23h50m,1,NRT,8:10 am – 11:05 am +1,Japan Airlines,SIN‐JFK,38h55m,1,NRT-HND,1115,20220404-1625,cheap
1:50 pm – 11:40 pm +1,Korean Air,JFK‐SIN,21h50m,1,ICN,1:10 am – 11:20 am,Korean Air,SIN‐JFK,22h10m,1,ICN,1132,20220404-1625,cheap
8:45 am – 11:40 pm +1,Korean Air,EWR‐SIN,26h55m,2,"ATL, ICN",1:10 am – 11:20 am,Korean Air,SIN‐JFK,22h10m,1,ICN,1137,20220404-1625,cheap
8:30 am – 11:40 pm +1,Korean Air,LGA‐SIN,27h10m,2,"ATL, ICN",1:10 am – 11:20 am,Korean Air,SIN‐JFK,22h10m,1,ICN,1137,20220404-1625,cheap
8:05 am – 11:40 pm +1,Korean Air,JFK‐SIN,27h35m,2,"ATL, ICN",1:10 am – 11:20 am,Korean Air,SIN‐JFK,22h10m,1,ICN,1137,20220404-1625,cheap
6:25 am – 11:40 pm +1,Korean Air,JFK‐SIN,29h15m,2,"ATL, ICN",1:10 am – 11:20 am,Korean Air,SIN‐JFK,22h10m,1,ICN,1137,20220404-1625,cheap
12:30 pm – 12:20 am +2,Japan Airlines,JFK‐SIN,23h50m,1,NRT,2:40 am – 10:45 pm,JetBlue,SIN‐JFK,32h05m,1,DOH,1249,20220404-1622,best
12:30 pm – 12:20 am +2,American Airlines,JFK‐SIN,23h50m,1,NRT,8:10 am – 10:15 pm,American Airlines,SIN‐JFK,26h05m,2,"NRT, SFO",961,20220404-1622,best
1:50 pm – 11:40 pm +1,Korean Air,JFK‐SIN,21h50m,1,ICN,1:10 am – 11:20 am,Korean Air,SIN‐JFK,22h10m,1,ICN,1132,20220404-1622,best
12:00 pm – 12:35 am +2,United Airlines,EWR‐SIN,24h35m,1,NRT,8:45 am – 9:08 pm,United Airlines,SIN‐EWR,24h23m,1,SFO,1065,20220404-1622,best
12:00 pm – 12:35 am +2,"United Airlines, ANA",EWR‐SIN,24h35m,1,NRT,8:45 am – 10:08 pm,United Airlines,SIN‐EWR,25h23m,1,SFO,1070,20220404-1622,best
12:00 pm – 12:35 am +2,"United Airlines, ANA",EWR‐SIN,24h35m,1,NRT,8:45 am – 11:58 pm,United Airlines,SIN‐EWR,27h13m,1,SFO,1070,20220404-1622,best
8:55 pm – 6:50 am +2,Singapore Airlines,JFK‐SIN,21h55m,1,FRA,11:50 am – 6:30 pm,Singapore Airlines,SIN‐JFK,18h40m,0,,1487,20220404-1622,best
9:30 am – 12:20 am +2,American Airlines,LGA‐SIN,26h50m,2,"ORD, NRT",8:10 am – 10:15 pm,American Airlines,SIN‐JFK,26h05m,2,"NRT, SFO",965,20220404-1622,best
12:30 pm – 12:20 am +2,Japan Airlines,JFK‐SIN,23h50m,1,NRT,9:50 pm – 11:05 am +1,Japan Airlines,SIN‐JFK,25h15m,1,HND,1103,20220404-1622,best
8:55 pm – 6:50 am +2,Singapore Airlines,JFK‐SIN,21h55m,1,FRA,11:35 pm – 6:00 am +1,Singapore Airlines,SIN‐EWR,18h25m,0,,1487,20220404-1622,best
12:00 pm – 12:35 am +2,United Airlines,EWR‐SIN,24h35m,1,NRT,8:45 am – 9:00 pm,United Airlines,SIN‐LGA,24h15m,2,"SFO, DEN",1176,20220404-1622,best
12:00 pm – 12:35 am +2,"United Airlines, ANA",EWR‐SIN,24h35m,1,NRT,8:45 am – 9:52 pm,United Airlines,SIN‐LGA,25h07m,2,"SFO, DEN",1181,20220404-1622,best
12:00 pm – 12:35 am +2,"United Airlines, ANA",EWR‐SIN,24h35m,1,NRT,8:45 am – 10:15 pm,United Airlines,SIN‐EWR,25h30m,2,"SFO, LAS",1181,20220404-1622,best
8:45 am – 11:40 pm +1,Korean Air,EWR‐SIN,26h55m,2,"ATL, ICN",1:10 am – 11:20 am,Korean Air,SIN‐JFK,22h10m,1,ICN,1137,20220404-1622,best
12:00 pm – 12:35 am +2,"United Airlines, ANA",EWR‐SIN,24h35m,1,NRT,8:45 am – 10:38 pm,United Airlines,SIN‐EWR,25h53m,2,"SFO, LAX",1181,20220404-1622,best
12:30 pm – 12:20 am +2,Japan Airlines,JFK‐SIN,23h50m,1,NRT,8:10 am – 10:15 pm,Japan Airlines,SIN‐JFK,26h05m,2,"NRT, SFO",1201,20220404-1622,best
10:25 am – 5:10 pm +1,Singapore Airlines,EWR‐SIN,18h45m,0,,11:35 pm – 6:00 am +1,Singapore Airlines,SIN‐EWR,18h25m,0,,1824,20220404-1627,fast
10:30 pm – 5:20 am +2,Singapore Airlines,JFK‐SIN,18h50m,0,,11:35 pm – 6:00 am +1,Singapore Airlines,SIN‐EWR,18h25m,0,,1824,20220404-1627,fast
10:25 am – 5:10 pm +1,Singapore Airlines,EWR‐SIN,18h45m,0,,11:50 am – 6:30 pm,Singapore Airlines,SIN‐JFK,18h40m,0,,1824,20220404-1627,fast
10:30 pm – 5:20 am +2,Singapore Airlines,JFK‐SIN,18h50m,0,,11:50 am – 6:30 pm,Singapore Airlines,SIN‐JFK,18h40m,0,,1824,20220404-1627,fast
8:55 pm – 6:50 am +2,Singapore Airlines,JFK‐SIN,21h55m,1,FRA,11:35 pm – 6:00 am +1,Singapore Airlines,SIN‐EWR,18h25m,0,,1487,20220404-1627,fast
8:55 pm – 6:50 am +2,Singapore Airlines,JFK‐SIN,21h55m,1,FRA,11:50 am – 6:30 pm,Singapore Airlines,SIN‐JFK,18h40m,0,,1487,20220404-1627,fast
10:25 am – 5:10 pm +1,Singapore Airlines,EWR‐SIN,18h45m,0,,11:55 pm – 11:10 am +1,Singapore Airlines,SIN‐JFK,23h15m,1,FRA,1795,20220404-1627,fast
10:30 pm – 5:20 am +2,Singapore Airlines,JFK‐SIN,18h50m,0,,11:55 pm – 11:10 am +1,Singapore Airlines,SIN‐JFK,23h15m,1,FRA,1795,20220404-1627,fast
12:30 pm – 12:20 am +2,Japan Airlines,JFK‐SIN,23h50m,1,NRT,11:35 pm – 6:00 am +1,Singapore Airlines,SIN‐EWR,18h25m,0,,1973,20220404-1627,fast
12:30 pm – 12:20 am +2,Japan Airlines,JFK‐SIN,23h50m,1,NRT,11:50 am – 6:30 pm,Singapore Airlines,SIN‐JFK,18h40m,0,,1633,20220404-1627,fast
11:20 am – 8:55 pm +1,Emirates,JFK‐SIN,21h35m,1,DXB,1:10 pm – 10:05 pm,EVA Air,SIN‐JFK,20h55m,1,TPE,2201,20220404-1627,fast
1:50 pm – 11:40 pm +1,Korean Air,JFK‐SIN,21h50m,1,ICN,1:10 pm – 10:05 pm,EVA Air,SIN‐JFK,20h55m,1,TPE,1630,20220404-1627,fast
8:55 pm – 6:50 am +2,Singapore Airlines,JFK‐SIN,21h55m,1,FRA,1:10 pm – 10:05 pm,EVA Air,SIN‐JFK,20h55m,1,TPE,1832,20220404-1627,fast
12:00 pm – 12:35 am +2,ANA,EWR‐SIN,24h35m,1,NRT,11:35 pm – 6:00 am +1,Singapore Airlines,SIN‐EWR,18h25m,0,,2031,20220404-1627,fast
10:25 am – 5:10 pm +1,Singapore Airlines,EWR‐SIN,18h45m,0,,6:40 pm – 6:59 am +1,Singapore Airlines,SIN‐EWR,24h19m,1,SFO,2512,20220404-1627,fast
