Out Time,Out Airline,Out Cities,Out Duration,Out Stops,Out Stop Cities,Return Time,Return Airline,Return Cities,Return Duration,Return Stops,Return Stop Cities,Price,timestamp,sort
1:10 pm – 11:40 pm +1,Korean Air,JFK‐SIN,22h30m,1,ICN,1:10 am – 11:20 am,Korean Air,SIN‐JFK,22h10m,1,ICN,962,20220404-0814,cheap
1:10 pm – 11:40 pm +1,Korean Air,JFK‐SIN,22h30m,1,ICN,1:10 am – 1:25 pm,Korean Air,SIN‐LGA,24h15m,2,"ICN, BOS",1003,20220404-0814,cheap
1:10 pm – 11:40 pm +1,Korean Air,JFK‐SIN,22h30m,1,ICN,1:10 am – 2:21 pm,Korean Air,SIN‐JFK,25h11m,2,"ICN, BOS",1003,20220404-0814,cheap
1:10 pm – 11:40 pm +1,Korean Air,JFK‐SIN,22h30m,1,ICN,1:10 am – 3:00 pm,Korean Air,SIN‐JFK,25h50m,2,"ICN, ATL",1003,20220404-0814,cheap
1:10 pm – 11:40 pm +1,Korean Air,JFK‐SIN,22h30m,1,ICN,1:10 am – 3:04 pm,Korean Air,SIN‐EWR,25h54m,2,"ICN, ATL",1003,20220404-0814,cheap
1:10 pm – 11:40 pm +1,Korean Air,JFK‐SIN,22h30m,1,ICN,1:10 am – 3:22 pm,Korean Air,SIN‐JFK,26h12m,2,"ICN, BOS",1003,20220404-0814,cheap
9:30 am – 11:40 pm +1,Korean Air,JFK‐SIN,26h10m,2,"IAD, ICN",1:10 am – 11:20 am,Korean Air,SIN‐JFK,22h10m,1,ICN,1018,20220404-0814,cheap
9:30 am – 11:40 pm +1,Korean Air,JFK‐SIN,26h10m,2,"IAD, ICN",1:10 am – 1:25 pm,Korean Air,SIN‐LGA,24h15m,2,"ICN, BOS",1029,20220404-0814,cheap
9:30 am – 11:40 pm +1,Korean Air,JFK‐SIN,26h10m,2,"IAD, ICN",1:10 am – 2:21 pm,Korean Air,SIN‐JFK,25h11m,2,"ICN, BOS",1029,20220404-0814,cheap
1:50 pm – 11:40 pm +1,Korean Air,JFK‐SIN,21h50m,1,ICN,1:10 am – 11:20 am,Korean Air,SIN‐JFK,22h10m,1,ICN,1038,20220404-0814,cheap
6:45 pm – 11:40 pm +2,Korean Air,JFK‐SIN,40h55m,2,"ATL, ICN",1:10 am – 11:20 am,Korean Air,SIN‐JFK,22h10m,1,ICN,1042,20220404-0814,cheap
1:50 pm – 11:40 pm +1,Korean Air,JFK‐SIN,21h50m,1,ICN,1:10 am – 1:25 pm,Korean Air,SIN‐LGA,24h15m,2,"ICN, BOS",1049,20220404-0814,cheap
1:50 pm – 11:40 pm +1,Korean Air,JFK‐SIN,21h50m,1,ICN,1:10 am – 2:21 pm,Korean Air,SIN‐JFK,25h11m,2,"ICN, BOS",1049,20220404-0814,cheap
1:50 pm – 11:40 pm +1,Korean Air,JFK‐SIN,21h50m,1,ICN,1:10 am – 3:00 pm,Korean Air,SIN‐JFK,25h50m,2,"ICN, ATL",1049,20220404-0814,cheap
1:50 pm – 11:40 pm +1,Korean Air,JFK‐SIN,21h50m,1,ICN,1:10 am – 3:04 pm,Korean Air,SIN‐EWR,25h54m,2,"ICN, ATL",1049,20220404-0814,cheap
1:10 pm – 11:40 pm +1,Korean Air,JFK‐SIN,22h30m,1,ICN,1:10 am – 11:20 am,Korean Air,SIN‐JFK,22h10m,1,ICN,974,20220404-0812,best
1:10 pm – 11:40 pm +1,Korean Air,JFK‐SIN,22h30m,1,ICN,1:10 am – 11:20 am,Korean Air,SIN‐JFK,22h10m,1,ICN,962,20220404-0812,best
1:50 pm – 11:40 pm +1,Korean Air,JFK‐SIN,21h50m,1,ICN,1:10 am – 11:20 am,Korean Air,SIN‐JFK,22h10m,1,ICN,1038,20220404-0812,best
1:10 pm – 11:40 pm +1,Korean Air,JFK‐SIN,22h30m,1,ICN,1:10 am – 1:25 pm,Korean Air,SIN‐LGA,24h15m,2,"ICN, BOS",1003,20220404-0812,best
1:50 pm – 11:40 pm +1,Korean Air,JFK‐SIN,21h50m,1,ICN,1:10 am – 1:25 pm,Korean Air,SIN‐LGA,24h15m,2,"ICN, BOS",1049,20220404-0812,best
1:10 pm – 11:40 pm +1,Korean Air,JFK‐SIN,22h30m,1,ICN,1:10 am – 2:21 pm,Korean Air,SIN‐JFK,25h11m,2,"ICN, BOS",1003,20220404-0812,best
1:10 pm – 11:40 pm +1,Korean Air,JFK‐SIN,22h30m,1,ICN,1:10 am – 3:00 pm,Korean Air,SIN‐JFK,25h50m,2,"ICN, ATL",1003,20220404-0812,best
1:10 pm – 11:40 pm +1,Korean Air,JFK‐SIN,22h30m,1,ICN,1:10 am – 3:04 pm,Korean Air,SIN‐EWR,25h54m,2,"ICN, ATL",1003,20220404-0812,best
1:50 pm – 11:40 pm +1,Korean Air,JFK‐SIN,21h50m,1,ICN,1:10 am – 2:21 pm,Korean Air,SIN‐JFK,25h11m,2,"ICN, BOS",1049,20220404-0812,best
1:10 pm – 11:40 pm +1,Korean Air,JFK‐SIN,22h30m,1,ICN,1:10 am – 3:22 pm,Korean Air,SIN‐JFK,26h12m,2,"ICN, BOS",1003,20220404-0812,best
9:30 am – 11:40 pm +1,Korean Air,JFK‐SIN,26h10m,2,"IAD, ICN",1:10 am – 11:20 am,Korean Air,SIN‐JFK,22h10m,1,ICN,1018,20220404-0812,best
1:50 pm – 11:40 pm +1,Korean Air,JFK‐SIN,21h50m,1,ICN,1:10 am – 3:00 pm,Korean Air,SIN‐JFK,25h50m,2,"ICN, ATL",1049,20220404-0812,best
1:50 pm – 11:40 pm +1,Korean Air,JFK‐SIN,21h50m,1,ICN,1:10 am – 3:04 pm,Korean Air,SIN‐EWR,25h54m,2,"ICN, ATL",1049,20220404-0812,best
1:50 pm – 11:40 pm +1,Korean Air,JFK‐SIN,21h50m,1,ICN,1:10 am – 3:22 pm,Korean Air,SIN‐JFK,26h12m,2,"ICN, BOS",1049,20220404-0812,best
1:10 pm – 11:40 pm +1,Korean Air,JFK‐SIN,22h30m,1,ICN,1:10 am – 2:43 pm,Korean Air,SIN‐LGA,25h33m,2,"ICN, ATL",1051,20220404-0812,best
1:50 pm – 11:40 pm +1,Korean Air,JFK‐SIN,21h50m,1,ICN,1:10 am – 2:43 pm,Korean Air,SIN‐LGA,25h33m,2,"ICN, ATL",1097,20220404-0812,best
10:25 am – 5:10 pm +1,Singapore Airlines,EWR‐SIN,18h45m,0,,11:35 pm – 6:00 am +1,Singapore Airlines,SIN‐EWR,18h25m,0,,1774,20220404-0817,fast
10:30 pm – 5:20 am +2,Singapore Airlines,JFK‐SIN,18h50m,0,,11:35 pm – 6:00 am +1,Singapore Airlines,SIN‐EWR,18h25m,0,,2140,20220404-0817,fast
10:25 am – 5:10 pm +1,Singapore Airlines,EWR‐SIN,18h45m,0,,11:50 am – 6:30 pm,Singapore Airlines,SIN‐JFK,18h40m,0,,1774,20220404-0817,fast
10:30 pm – 5:20 am +2,Singapore Airlines,JFK‐SIN,18h50m,0,,11:50 am – 6:30 pm,Singapore Airlines,SIN‐JFK,18h40m,0,,2140,20220404-0817,fast
8:55 pm – 6:50 am +2,Singapore Airlines,JFK‐SIN,21h55m,1,FRA,11:35 pm – 6:00 am +1,Singapore Airlines,SIN‐EWR,18h25m,0,,1610,20220404-0817,fast
8:55 pm – 6:50 am +2,Singapore Airlines,JFK‐SIN,21h55m,0,,11:35 pm – 6:00 am +1,Singapore Airlines,SIN‐EWR,18h25m,0,,1641,20220404-0817,fast
8:55 pm – 6:50 am +2,Singapore Airlines,JFK‐SIN,21h55m,1,FRA,11:50 am – 6:30 pm,Singapore Airlines,SIN‐JFK,18h40m,0,,1621,20220404-0817,fast
8:55 pm – 6:50 am +2,Singapore Airlines,JFK‐SIN,21h55m,0,,11:50 am – 6:30 pm,Singapore Airlines,SIN‐JFK,18h40m,0,,1641,20220404-0817,fast
1:10 pm – 11:40 pm +1,Korean Air,JFK‐SIN,22h30m,1,ICN,11:35 pm – 6:00 am +1,Singapore Airlines,SIN‐EWR,18h25m,0,,1555,20220404-0817,fast
1:10 pm – 11:40 pm +1,Korean Air,JFK‐SIN,22h30m,1,ICN,11:50 am – 6:30 pm,Singapore Airlines,SIN‐JFK,18h40m,0,,1555,20220404-0817,fast
1:35 pm – 12:20 am +2,Japan Airlines,JFK‐SIN,22h45m,1,NRT,11:35 pm – 6:00 am +1,Singapore Airlines,SIN‐EWR,18h25m,0,,2005,20220404-0817,fast
1:35 pm – 12:20 am +2,Japan Airlines,JFK‐SIN,22h45m,1,NRT,11:50 am – 6:30 pm,Singapore Airlines,SIN‐JFK,18h40m,0,,1707,20220404-0817,fast
6:20 pm – 5:55 am +2,SWISS,EWR‐SIN,23h35m,1,ZRH,11:35 pm – 6:00 am +1,Singapore Airlines,SIN‐EWR,18h25m,0,,3644,20220404-0817,fast
10:25 am – 5:10 pm +1,Singapore Airlines,EWR‐SIN,18h45m,0,,11:55 pm – 11:10 am +1,Singapore Airlines,SIN‐JFK,23h15m,1,FRA,6368,20220404-0817,fast
10:30 pm – 5:20 am +2,Singapore Airlines,JFK‐SIN,18h50m,0,,11:55 pm – 11:10 am +1,Singapore Airlines,SIN‐JFK,23h15m,1,FRA,6671,20220404-0817,fast
