Out Time,Out Airline,Out Cities,Out Duration,Out Stops,Out Stop Cities,Return Time,Return Airline,Return Cities,Return Duration,Return Stops,Return Stop Cities,Price,timestamp,sort
11:50 pm – 5:30 pm +2,Turkish Airlines,EWR‐SIN,29h40m,1,IST,11:30 pm – 11:05 am +1,Turkish Airlines,SIN‐JFK,23h35m,1,IST,849,20220404-1057,cheap
12:45 pm – 5:30 pm +2,Turkish Airlines,JFK‐SIN,40h45m,1,IST,11:30 pm – 11:05 am +1,Turkish Airlines,SIN‐JFK,23h35m,1,IST,849,20220404-1057,cheap
11:55 pm – 5:30 pm +2,Turkish Airlines,JFK‐SIN,29h35m,1,IST,11:30 pm – 11:05 am +1,Turkish Airlines,SIN‐JFK,23h35m,1,IST,867,20220404-1057,cheap
6:55 pm – 5:30 pm +2,Turkish Airlines,JFK‐SIN,34h35m,1,IST,11:30 pm – 11:05 am +1,Turkish Airlines,SIN‐JFK,23h35m,1,IST,867,20220404-1057,cheap
11:50 pm – 5:30 pm +2,Turkish Airlines,EWR‐SIN,29h40m,1,IST,11:30 pm – 5:15 pm +1,Turkish Airlines,SIN‐JFK,29h45m,1,IST,869,20220404-1057,cheap
11:55 pm – 5:30 pm +2,Turkish Airlines,JFK‐SIN,29h35m,1,IST,11:30 pm – 5:15 pm +1,Turkish Airlines,SIN‐JFK,29h45m,1,IST,886,20220404-1057,cheap
8:59 am – 12:35 am +2,ANA,LGA‐SIN,27h36m,2,"ORD, NRT",6:10 am – 4:50 pm,ANA,SIN‐EWR,22h40m,1,NRT,977,20220404-1057,cheap
8:00 am – 12:35 am +2,ANA,LGA‐SIN,28h35m,2,"ORD, NRT",6:10 am – 4:50 pm,ANA,SIN‐EWR,22h40m,1,NRT,977,20220404-1057,cheap
8:59 am – 12:35 am +2,ANA,LGA‐SIN,27h36m,2,"ORD, NRT",10:10 pm – 10:15 am +1,ANA,SIN‐JFK,24h05m,1,HND,980,20220404-1057,cheap
8:00 am – 12:35 am +2,ANA,LGA‐SIN,28h35m,2,"ORD, NRT",10:10 pm – 10:15 am +1,ANA,SIN‐JFK,24h05m,1,HND,980,20220404-1057,cheap
11:25 am – 12:35 am +2,ANA,EWR‐SIN,25h10m,1,NRT,10:10 pm – 8:14 pm +1,ANA,SIN‐LGA,34h04m,2,"HND, ORD",986,20220404-1057,cheap
11:25 am – 12:35 am +2,ANA,EWR‐SIN,25h10m,1,NRT,10:10 pm – 9:13 pm +1,ANA,SIN‐EWR,35h03m,2,"HND, ORD",986,20220404-1057,cheap
11:25 am – 12:35 am +2,ANA,EWR‐SIN,25h10m,1,NRT,6:10 am – 4:50 pm,ANA,SIN‐EWR,22h40m,1,NRT,989,20220404-1057,cheap
8:59 am – 12:35 am +2,ANA,LGA‐SIN,27h36m,2,"ORD, NRT",10:10 pm – 8:14 pm +1,ANA,SIN‐LGA,34h04m,2,"HND, ORD",990,20220404-1057,cheap
8:00 am – 12:35 am +2,ANA,LGA‐SIN,28h35m,2,"ORD, NRT",10:10 pm – 8:14 pm +1,ANA,SIN‐LGA,34h04m,2,"HND, ORD",990,20220404-1057,cheap
11:50 pm – 5:30 pm +2,Turkish Airlines,EWR‐SIN,29h40m,1,IST,11:30 pm – 11:05 am +1,Turkish Airlines,SIN‐JFK,23h35m,1,IST,867,20220404-1055,best
11:25 am – 12:35 am +2,ANA,EWR‐SIN,25h10m,1,NRT,6:10 am – 4:50 pm,ANA,SIN‐EWR,22h40m,1,NRT,989,20220404-1055,best
11:50 pm – 5:30 pm +2,Turkish Airlines,EWR‐SIN,29h40m,1,IST,11:30 pm – 11:05 am +1,Turkish Airlines,SIN‐JFK,23h35m,1,IST,849,20220404-1055,best
11:25 am – 12:35 am +2,United Airlines,EWR‐SIN,25h10m,1,NRT,6:10 am – 4:40 pm,United Airlines,SIN‐EWR,22h30m,1,NRT,1008,20220404-1055,best
11:25 am – 12:35 am +2,ANA,EWR‐SIN,25h10m,1,NRT,10:10 pm – 10:15 am +1,ANA,SIN‐JFK,24h05m,1,HND,992,20220404-1055,best
8:59 am – 12:35 am +2,ANA,LGA‐SIN,27h36m,2,"ORD, NRT",6:10 am – 4:50 pm,ANA,SIN‐EWR,22h40m,1,NRT,977,20220404-1055,best
11:20 am – 8:55 pm +1,Emirates,JFK‐SIN,21h35m,1,DXB,9:10 pm – 8:50 am +1,Emirates,SIN‐JFK,23h40m,1,DXB,1109,20220404-1055,best
8:59 am – 12:35 am +2,United Airlines,LGA‐SIN,27h36m,2,"ORD, NRT",6:10 am – 4:40 pm,United Airlines,SIN‐EWR,22h30m,1,NRT,1012,20220404-1055,best
8:00 am – 12:35 am +2,ANA,LGA‐SIN,28h35m,2,"ORD, NRT",6:10 am – 4:50 pm,ANA,SIN‐EWR,22h40m,1,NRT,977,20220404-1055,best
8:00 am – 12:35 am +2,United Airlines,LGA‐SIN,28h35m,2,"ORD, NRT",6:10 am – 4:40 pm,United Airlines,SIN‐EWR,22h30m,1,NRT,1012,20220404-1055,best
10:25 am – 5:10 pm +1,Singapore Airlines,EWR‐SIN,18h45m,0,,11:50 am – 6:30 pm,Singapore Airlines,SIN‐JFK,18h40m,0,,1613,20220404-1055,best
11:55 pm – 5:30 pm +2,Turkish Airlines,JFK‐SIN,29h35m,1,IST,11:30 pm – 11:05 am +1,Turkish Airlines,SIN‐JFK,23h35m,1,IST,867,20220404-1055,best
8:55 pm – 6:50 am +2,Singapore Airlines,JFK‐SIN,21h55m,1,FRA,11:50 am – 6:30 pm,Singapore Airlines,SIN‐JFK,18h40m,0,,1470,20220404-1055,best
11:25 am – 12:35 am +2,ANA,EWR‐SIN,25h10m,1,NRT,11:30 pm – 11:05 am +1,Turkish Airlines,SIN‐JFK,23h35m,1,IST,1105,20220404-1055,best
11:25 am – 12:35 am +2,United Airlines,EWR‐SIN,25h10m,1,NRT,6:10 am – 8:53 pm,United Airlines,SIN‐EWR,26h43m,2,"NRT, LAX",1018,20220404-1055,best
11:25 am – 12:35 am +2,United Airlines,EWR‐SIN,25h10m,1,NRT,6:10 am – 8:14 pm,United Airlines,SIN‐LGA,26h04m,2,"NRT, ORD",1018,20220404-1055,best
10:25 am – 5:10 pm +1,Singapore Airlines,EWR‐SIN,18h45m,0,,11:35 pm – 6:00 am +1,Singapore Airlines,SIN‐EWR,18h25m,0,,1653,20220404-1059,fast
10:30 pm – 5:20 am +2,Singapore Airlines,JFK‐SIN,18h50m,0,,11:35 pm – 6:00 am +1,Singapore Airlines,SIN‐EWR,18h25m,0,,1653,20220404-1059,fast
10:25 am – 5:10 pm +1,Singapore Airlines,EWR‐SIN,18h45m,0,,11:50 am – 6:30 pm,Singapore Airlines,SIN‐JFK,18h40m,0,,1613,20220404-1059,fast
10:30 pm – 5:20 am +2,Singapore Airlines,JFK‐SIN,18h50m,0,,11:50 am – 6:30 pm,Singapore Airlines,SIN‐JFK,18h40m,0,,1613,20220404-1059,fast
8:55 pm – 5:55 am +2,SWISS,JFK‐SIN,21h00m,1,ZRH,11:35 pm – 6:00 am +1,Singapore Airlines,SIN‐EWR,18h25m,0,,3602,20220404-1059,fast
8:55 pm – 5:55 am +2,SWISS,JFK‐SIN,21h00m,1,ZRH,11:50 am – 6:30 pm,Singapore Airlines,SIN‐JFK,18h40m,0,,3597,20220404-1059,fast
8:55 pm – 6:40 am +2,SWISS,JFK‐SIN,21h45m,1,ZRH,11:35 pm – 6:00 am +1,Singapore Airlines,SIN‐EWR,18h25m,0,,3644,20220404-1059,fast
8:55 pm – 6:50 am +2,Singapore Airlines,JFK‐SIN,21h55m,1,FRA,11:35 pm – 6:00 am +1,Singapore Airlines,SIN‐EWR,18h25m,0,,1511,20220404-1059,fast
8:55 pm – 6:40 am +2,SWISS,JFK‐SIN,21h45m,1,ZRH,11:50 am – 6:30 pm,Singapore Airlines,SIN‐JFK,18h40m,0,,3629,20220404-1059,fast
8:55 pm – 6:50 am +2,Singapore Airlines,JFK‐SIN,21h55m,1,FRA,11:50 am – 6:30 pm,Singapore Airlines,SIN‐JFK,18h40m,0,,1470,20220404-1059,fast
10:25 am – 5:10 pm +1,Singapore Airlines,EWR‐SIN,18h45m,0,,11:55 pm – 11:10 am +1,Singapore Airlines,SIN‐JFK,23h15m,1,FRA,1511,20220404-1059,fast
6:20 pm – 5:55 am +2,SWISS,EWR‐SIN,23h35m,1,ZRH,11:35 pm – 6:00 am +1,Singapore Airlines,SIN‐EWR,18h25m,0,,7562,20220404-1059,fast
10:30 pm – 5:20 am +2,Singapore Airlines,JFK‐SIN,18h50m,0,,11:55 pm – 11:10 am +1,Singapore Airlines,SIN‐JFK,23h15m,1,FRA,1511,20220404-1059,fast
6:20 pm – 5:55 am +2,SWISS,EWR‐SIN,23h35m,1,ZRH,11:50 am – 6:30 pm,Singapore Airlines,SIN‐JFK,18h40m,0,,7562,20220404-1059,fast
10:25 am – 5:10 pm +1,Singapore Airlines,EWR‐SIN,18h45m,0,,11:30 pm – 11:05 am +1,Turkish Airlines,SIN‐JFK,23h35m,1,IST,1611,20220404-1059,fast
