Out Time,Out Airline,Out Cities,Out Duration,Out Stops,Out Stop Cities,Return Time,Return Airline,Return Cities,Return Duration,Return Stops,Return Stop Cities,Price,timestamp,sort
1:25 pm – 5:40 pm +2,Japan Airlines,JFK‐SIN,40h15m,1,HND,9:50 pm – 11:05 am +1,Japan Airlines,SIN‐JFK,25h15m,1,HND,929,20220404-1656,cheap
3:00 pm – 5:15 pm +2,ANA,JFK‐SIN,38h15m,1,HND,6:10 am – 4:40 pm,ANA,SIN‐EWR,22h30m,1,NRT,1027,20220404-1656,cheap
12:00 pm – 12:35 am +2,ANA,EWR‐SIN,24h35m,1,NRT,6:10 am – 4:40 pm,ANA,SIN‐EWR,22h30m,1,NRT,1028,20220404-1656,cheap
10:55 am – 12:35 am +2,ANA,EWR‐SIN,25h40m,1,HND-NRT,6:10 am – 4:40 pm,ANA,SIN‐EWR,22h30m,1,NRT,1037,20220404-1656,cheap
12:00 pm – 12:35 am +2,ANA,EWR‐SIN,24h35m,1,NRT,6:10 am – 8:24 pm,ANA,SIN‐LGA,26h14m,2,"NRT, ORD",1038,20220404-1656,cheap
10:55 am – 12:35 am +2,ANA,EWR‐SIN,25h40m,1,HND-NRT,6:10 am – 8:24 pm,ANA,SIN‐LGA,26h14m,2,"NRT, ORD",1047,20220404-1656,cheap
12:00 pm – 12:35 am +2,United Airlines,EWR‐SIN,24h35m,1,NRT,8:45 am – 12:53 am +1,United Airlines,SIN‐EWR,28h08m,1,SFO,1057,20220404-1656,cheap
12:00 pm – 12:35 am +2,United Airlines,EWR‐SIN,24h35m,1,NRT,8:45 am – 5:30 am +1,United Airlines,SIN‐JFK,32h45m,1,SFO,1057,20220404-1656,cheap
12:00 pm – 12:35 am +2,United Airlines,EWR‐SIN,24h35m,1,NRT,8:45 am – 9:25 pm,United Airlines,SIN‐LGA,24h40m,2,"SFO, ORD",1061,20220404-1656,cheap
12:00 pm – 12:35 am +2,"United Airlines, ANA",EWR‐SIN,24h35m,1,NRT,8:45 am – 9:00 pm,United Airlines,SIN‐LGA,24h15m,2,"SFO, DEN",1066,20220404-1656,cheap
12:00 pm – 12:35 am +2,"United Airlines, ANA",EWR‐SIN,24h35m,1,NRT,8:45 am – 9:52 pm,United Airlines,SIN‐LGA,25h07m,2,"SFO, DEN",1066,20220404-1656,cheap
12:00 pm – 12:35 am +2,"United Airlines, ANA",EWR‐SIN,24h35m,1,NRT,8:45 am – 11:10 pm,United Airlines,SIN‐LGA,26h25m,2,"SFO, ORD",1066,20220404-1656,cheap
12:00 pm – 12:35 am +2,"United Airlines, ANA",EWR‐SIN,24h35m,1,NRT,8:45 am – 11:30 pm,United Airlines,SIN‐LGA,26h45m,2,"SFO, DEN",1066,20220404-1656,cheap
10:55 am – 12:35 am +2,United Airlines,EWR‐SIN,25h40m,1,HND-NRT,8:45 am – 12:53 am +1,United Airlines,SIN‐EWR,28h08m,1,SFO,1066,20220404-1656,cheap
12:00 pm – 12:35 am +2,"United Airlines, ANA",EWR‐SIN,24h35m,1,NRT,8:45 am – 5:17 am +1,United Airlines,SIN‐EWR,32h32m,2,"SFO, DEN",1066,20220404-1656,cheap
1:25 pm – 5:40 pm +2,Japan Airlines,JFK‐SIN,40h15m,1,HND,9:50 pm – 11:05 am +1,Japan Airlines,SIN‐JFK,25h15m,1,HND,961,20220404-1654,best
12:00 pm – 12:35 am +2,ANA,EWR‐SIN,24h35m,1,NRT,6:10 am – 4:40 pm,ANA,SIN‐EWR,22h30m,1,NRT,1028,20220404-1654,best
1:25 pm – 5:40 pm +2,Japan Airlines,JFK‐SIN,40h15m,1,HND,9:50 pm – 11:05 am +1,Japan Airlines,SIN‐JFK,25h15m,1,HND,929,20220404-1654,best
8:55 pm – 6:50 am +2,Singapore Airlines,JFK‐SIN,21h55m,1,FRA,11:50 am – 6:30 pm,Singapore Airlines,SIN‐JFK,18h40m,0,,1389,20220404-1654,best
10:25 am – 5:10 pm +1,Singapore Airlines,EWR‐SIN,18h45m,0,,11:50 am – 6:30 pm,Singapore Airlines,SIN‐JFK,18h40m,0,,1564,20220404-1654,best
10:55 am – 12:35 am +2,ANA,EWR‐SIN,25h40m,1,HND-NRT,6:10 am – 4:40 pm,ANA,SIN‐EWR,22h30m,1,NRT,1037,20220404-1654,best
8:55 pm – 6:50 am +2,Singapore Airlines,JFK‐SIN,21h55m,1,FRA,11:35 pm – 6:00 am +1,Singapore Airlines,SIN‐EWR,18h25m,0,,1389,20220404-1654,best
10:25 am – 5:10 pm +1,Singapore Airlines,EWR‐SIN,18h45m,0,,11:35 pm – 6:00 am +1,Singapore Airlines,SIN‐EWR,18h25m,0,,1564,20220404-1654,best
12:00 pm – 12:35 am +2,"United Airlines, ANA",EWR‐SIN,24h35m,1,NRT,8:45 am – 9:00 pm,United Airlines,SIN‐LGA,24h15m,2,"SFO, DEN",1066,20220404-1654,best
12:00 pm – 12:35 am +2,"United Airlines, ANA",EWR‐SIN,24h35m,1,NRT,8:45 am – 9:52 pm,United Airlines,SIN‐LGA,25h07m,2,"SFO, DEN",1066,20220404-1654,best
12:00 pm – 12:35 am +2,United Airlines,EWR‐SIN,24h35m,1,NRT,8:45 am – 9:25 pm,United Airlines,SIN‐LGA,24h40m,2,"SFO, ORD",1061,20220404-1654,best
12:00 pm – 12:35 am +2,ANA,EWR‐SIN,24h35m,1,NRT,6:10 am – 8:24 pm,ANA,SIN‐LGA,26h14m,2,"NRT, ORD",1038,20220404-1654,best
12:00 pm – 12:35 am +2,United Airlines,EWR‐SIN,24h35m,1,NRT,8:45 am – 7:23 pm,United Airlines,SIN‐EWR,22h38m,1,SFO,1233,20220404-1654,best
12:00 pm – 12:35 am +2,"United Airlines, ANA",EWR‐SIN,24h35m,1,NRT,8:45 am – 11:10 pm,United Airlines,SIN‐LGA,26h25m,2,"SFO, ORD",1066,20220404-1654,best
8:15 am – 12:35 am +2,ANA,EWR‐SIN,28h20m,2,"SFO, NRT",6:10 am – 4:40 pm,ANA,SIN‐EWR,22h30m,1,NRT,1071,20220404-1654,best
12:00 pm – 12:35 am +2,"United Airlines, ANA",EWR‐SIN,24h35m,1,NRT,8:45 am – 11:30 pm,United Airlines,SIN‐LGA,26h45m,2,"SFO, DEN",1066,20220404-1654,best
10:55 am – 12:35 am +2,United Airlines,EWR‐SIN,25h40m,1,HND-NRT,8:45 am – 9:25 pm,United Airlines,SIN‐LGA,24h40m,2,"SFO, ORD",1070,20220404-1654,best
10:25 am – 5:10 pm +1,Singapore Airlines,EWR‐SIN,18h45m,0,,11:35 pm – 6:00 am +1,Singapore Airlines,SIN‐EWR,18h25m,0,,1564,20220404-1659,fast
10:30 pm – 5:20 am +2,Singapore Airlines,JFK‐SIN,18h50m,0,,11:35 pm – 6:00 am +1,Singapore Airlines,SIN‐EWR,18h25m,0,,1724,20220404-1659,fast
10:25 am – 5:10 pm +1,Singapore Airlines,EWR‐SIN,18h45m,0,,11:50 am – 6:30 pm,Singapore Airlines,SIN‐JFK,18h40m,0,,1564,20220404-1659,fast
10:30 pm – 5:20 am +2,Singapore Airlines,JFK‐SIN,18h50m,0,,11:50 am – 6:30 pm,Singapore Airlines,SIN‐JFK,18h40m,0,,1724,20220404-1659,fast
10:25 am – 5:10 pm +1,Singapore Airlines,EWR‐SIN,18h45m,0,,1:10 pm – 10:05 pm,EVA Air,SIN‐JFK,20h55m,1,TPE,1971,20220404-1659,fast
8:55 pm – 6:50 am +2,Singapore Airlines,JFK‐SIN,21h55m,1,FRA,11:35 pm – 6:00 am +1,Singapore Airlines,SIN‐EWR,18h25m,0,,1389,20220404-1659,fast
8:55 pm – 6:50 am +2,Singapore Airlines,JFK‐SIN,21h55m,1,FRA,11:50 am – 6:30 pm,Singapore Airlines,SIN‐JFK,18h40m,0,,1389,20220404-1659,fast
10:25 am – 5:10 pm +1,Singapore Airlines,EWR‐SIN,18h45m,0,,6:10 am – 4:40 pm,ANA,SIN‐EWR,22h30m,1,NRT,2119,20220404-1659,fast
10:25 am – 5:10 pm +1,Singapore Airlines,EWR‐SIN,18h45m,0,,9:25 pm – 8:30 am +1,Qatar Airways,SIN‐JFK,23h05m,1,DOH,1925,20220404-1659,fast
10:25 am – 5:10 pm +1,Singapore Airlines,EWR‐SIN,18h45m,0,,11:55 pm – 11:10 am +1,Singapore Airlines,SIN‐JFK,23h15m,1,FRA,1535,20220404-1659,fast
10:30 pm – 5:20 am +2,Singapore Airlines,JFK‐SIN,18h50m,0,,11:55 pm – 11:10 am +1,Singapore Airlines,SIN‐JFK,23h15m,1,FRA,1689,20220404-1659,fast
10:25 am – 5:10 pm +1,Singapore Airlines,EWR‐SIN,18h45m,0,,11:30 pm – 11:05 am +1,Turkish Airlines,SIN‐JFK,23h35m,1,IST,1936,20220404-1659,fast
10:25 am – 5:10 pm +1,Singapore Airlines,EWR‐SIN,18h45m,0,,12:30 am – 12:25 pm,Lufthansa,SIN‐EWR,23h55m,1,MUC,2078,20220404-1659,fast
10:30 pm – 5:20 am +2,Singapore Airlines,JFK‐SIN,18h50m,0,,9:25 am – 9:24 pm,Singapore Airlines,SIN‐JFK,23h59m,1,SFO,3021,20220404-1659,fast
8:55 pm – 6:50 am +2,Singapore Airlines,JFK‐SIN,21h55m,1,FRA,1:10 pm – 10:05 pm,EVA Air,SIN‐JFK,20h55m,1,TPE,1752,20220404-1659,fast
