Out Time,Out Airline,Out Cities,Out Duration,Out Stops,Out Stop Cities,Return Time,Return Airline,Return Cities,Return Duration,Return Stops,Return Stop Cities,Price,timestamp,sort
4:15 pm – 6:00 pm +3,Finnair,JFK‐SIN,61h45m,2,"DFW, HEL",9:50 pm – 5:00 pm +1,Finnair,SIN‐JFK,31h10m,2,"HEL, ARN",971,20220404-1158,cheap
9:30 am – 11:40 pm +1,Korean Air,JFK‐SIN,26h10m,2,"IAD, ICN",1:10 am – 1:23 pm,Korean Air,SIN‐LGA,24h13m,2,"ICN, BOS",979,20220404-1158,cheap
9:30 am – 11:40 pm +1,Korean Air,JFK‐SIN,26h10m,2,"IAD, ICN",1:10 am – 1:58 pm,Korean Air,SIN‐JFK,24h48m,2,"ICN, BOS",979,20220404-1158,cheap
10:25 am – 12:20 am +2,Japan Airlines,JFK‐SIN,25h55m,1,HND-NRT,11:30 pm – 10:15 pm +1,Turkish Airlines,SIN‐JFK,34h45m,1,IST,1017,20220404-1158,cheap
10:25 am – 12:20 am +2,Japan Airlines,JFK‐SIN,25h55m,1,HND-NRT,9:50 pm – 4:36 pm +1,Japan Airlines,SIN‐LGA,30h46m,2,"HND, ORD",1050,20220404-1158,cheap
9:30 am – 11:40 pm +1,Korean Air,JFK‐SIN,26h10m,2,"IAD, ICN",11:30 pm – 10:15 pm +1,Turkish Airlines,SIN‐JFK,34h45m,1,IST,1064,20220404-1158,cheap
10:25 am – 12:20 am +2,Japan Airlines,JFK‐SIN,25h55m,1,HND-NRT,9:50 pm – 11:05 am +1,Japan Airlines,SIN‐JFK,25h15m,1,HND,1082,20220404-1158,cheap
11:15 am – 12:35 am +2,ANA,EWR‐SIN,25h20m,1,NRT,11:30 pm – 10:15 pm +1,Turkish Airlines,SIN‐JFK,34h45m,1,IST,1102,20220404-1158,cheap
10:25 am – 12:20 am +2,Japan Airlines,JFK‐SIN,25h55m,1,HND-NRT,7:50 pm – 4:30 pm +1,Etihad Airways,SIN‐JFK,32h40m,1,AUH,1123,20220404-1158,cheap
7:05 am – 11:40 pm +1,Delta,JFK‐SIN,28h35m,2,"LAX, ICN",1:10 am – 3:11 pm,Delta,SIN‐LGA,26h01m,2,"ICN, ORD",1125,20220404-1158,cheap
7:05 am – 11:40 pm +1,Delta,JFK‐SIN,28h35m,2,"LAX, ICN",1:10 am – 5:46 pm,Delta,SIN‐LGA,28h36m,2,"ICN, ORD",1125,20220404-1158,cheap
7:05 am – 11:40 pm +1,Delta,JFK‐SIN,28h35m,2,"LAX, ICN",1:10 am – 6:39 pm,Delta,SIN‐JFK,29h29m,2,"ICN, ORD",1125,20220404-1158,cheap
7:05 am – 11:40 pm +1,Delta,JFK‐SIN,28h35m,2,"LAX, ICN",1:10 am – 8:13 pm,Delta,SIN‐LGA,31h03m,2,"ICN, ORD",1125,20220404-1158,cheap
7:05 am – 11:40 pm +1,Delta,JFK‐SIN,28h35m,2,"LAX, ICN",1:10 am – 10:14 pm,Delta,SIN‐LGA,33h04m,2,"ICN, ORD",1125,20220404-1158,cheap
1:00 am – 3:45 pm +1,Qatar Airways,JFK‐SIN,26h45m,1,DOH,2:40 am – 2:55 pm,Qatar Airways,SIN‐JFK,24h15m,1,DOH,1146,20220404-1158,cheap
10:25 am – 12:20 am +2,Japan Airlines,JFK‐SIN,25h55m,1,HND-NRT,11:30 pm – 10:15 pm +1,Turkish Airlines,SIN‐JFK,34h45m,1,IST,1049,20220404-1155,best
10:25 am – 5:10 pm +1,Singapore Airlines,EWR‐SIN,18h45m,0,,11:50 am – 6:30 pm,Singapore Airlines,SIN‐JFK,18h40m,0,,1672,20220404-1155,best
4:15 pm – 6:00 pm +3,Finnair,JFK‐SIN,61h45m,2,"DFW, HEL",9:50 pm – 5:00 pm +1,Finnair,SIN‐JFK,31h10m,2,"HEL, ARN",971,20220404-1155,best
10:25 am – 5:10 pm +1,Singapore Airlines,EWR‐SIN,18h45m,0,,11:35 pm – 6:00 am +1,Singapore Airlines,SIN‐EWR,18h25m,0,,1672,20220404-1155,best
8:55 pm – 6:50 am +2,Singapore Airlines,JFK‐SIN,21h55m,1,FRA,11:50 am – 6:30 pm,Singapore Airlines,SIN‐JFK,18h40m,0,,1570,20220404-1155,best
1:50 pm – 11:40 pm +1,Korean Air,JFK‐SIN,21h50m,1,ICN,1:10 am – 11:20 am,Korean Air,SIN‐JFK,22h10m,1,ICN,1314,20220404-1155,best
8:55 pm – 6:50 am +2,Singapore Airlines,JFK‐SIN,21h55m,1,FRA,11:35 pm – 6:00 am +1,Singapore Airlines,SIN‐EWR,18h25m,0,,1570,20220404-1155,best
9:30 am – 11:40 pm +1,Korean Air,JFK‐SIN,26h10m,2,"IAD, ICN",1:10 am – 1:23 pm,Korean Air,SIN‐LGA,24h13m,2,"ICN, BOS",979,20220404-1155,best
10:25 am – 12:20 am +2,Japan Airlines,JFK‐SIN,25h55m,1,HND-NRT,9:50 pm – 11:05 am +1,Japan Airlines,SIN‐JFK,25h15m,1,HND,1082,20220404-1155,best
9:30 am – 11:40 pm +1,Korean Air,JFK‐SIN,26h10m,2,"IAD, ICN",1:10 am – 1:58 pm,Korean Air,SIN‐JFK,24h48m,2,"ICN, BOS",979,20220404-1155,best
10:25 am – 12:20 am +2,Japan Airlines,JFK‐SIN,25h55m,1,HND-NRT,11:30 pm – 11:05 am +1,Turkish Airlines,SIN‐JFK,23h35m,1,IST,1164,20220404-1155,best
10:25 am – 5:10 pm +1,Singapore Airlines,EWR‐SIN,18h45m,0,,11:55 pm – 11:10 am +1,Singapore Airlines,SIN‐JFK,23h15m,1,FRA,1570,20220404-1155,best
10:25 am – 12:20 am +2,Japan Airlines,JFK‐SIN,25h55m,1,HND-NRT,2:40 am – 2:55 pm,JetBlue,SIN‐JFK,24h15m,1,DOH,1158,20220404-1155,best
1:50 pm – 11:40 pm +1,Korean Air,JFK‐SIN,21h50m,1,ICN,1:10 am – 1:23 pm,Korean Air,SIN‐LGA,24h13m,2,"ICN, BOS",1337,20220404-1155,best
9:30 am – 11:40 pm +1,Korean Air,JFK‐SIN,26h10m,2,"IAD, ICN",1:10 am – 11:20 am,Korean Air,SIN‐JFK,22h10m,1,ICN,1239,20220404-1155,best
1:45 pm – 12:20 am +2,Japan Airlines,JFK‐SIN,22h35m,1,NRT,9:50 pm – 11:05 am +1,Japan Airlines,SIN‐JFK,25h15m,1,HND,1329,20220404-1155,best
1:45 pm – 12:20 am +2,Japan Airlines,JFK‐SIN,22h35m,1,NRT,2:40 am – 2:55 pm,JetBlue,SIN‐JFK,24h15m,1,DOH,1342,20220404-1155,best
10:25 am – 5:10 pm +1,Singapore Airlines,EWR‐SIN,18h45m,0,,11:35 pm – 6:00 am +1,Singapore Airlines,SIN‐EWR,18h25m,0,,1672,20220404-1200,fast
10:30 pm – 5:20 am +2,Singapore Airlines,JFK‐SIN,18h50m,0,,11:35 pm – 6:00 am +1,Singapore Airlines,SIN‐EWR,18h25m,0,,2025,20220404-1200,fast
10:25 am – 5:10 pm +1,Singapore Airlines,EWR‐SIN,18h45m,0,,11:50 am – 6:30 pm,Singapore Airlines,SIN‐JFK,18h40m,0,,1672,20220404-1200,fast
10:30 pm – 5:20 am +2,Singapore Airlines,JFK‐SIN,18h50m,0,,11:50 am – 6:30 pm,Singapore Airlines,SIN‐JFK,18h40m,0,,2025,20220404-1200,fast
8:55 pm – 5:55 am +2,SWISS,JFK‐SIN,21h00m,1,ZRH,11:35 pm – 6:00 am +1,Singapore Airlines,SIN‐EWR,18h25m,0,,3650,20220404-1200,fast
8:55 pm – 5:55 am +2,SWISS,JFK‐SIN,21h00m,1,ZRH,11:50 am – 6:30 pm,Singapore Airlines,SIN‐JFK,18h40m,0,,3656,20220404-1200,fast
8:55 pm – 6:50 am +2,Singapore Airlines,JFK‐SIN,21h55m,1,FRA,11:35 pm – 6:00 am +1,Singapore Airlines,SIN‐EWR,18h25m,0,,1570,20220404-1200,fast
1:50 pm – 11:40 pm +1,Korean Air,JFK‐SIN,21h50m,1,ICN,11:50 am – 6:30 pm,Singapore Airlines,SIN‐JFK,18h40m,0,,1868,20220404-1200,fast
8:55 pm – 6:50 am +2,Singapore Airlines,JFK‐SIN,21h55m,1,FRA,11:50 am – 6:30 pm,Singapore Airlines,SIN‐JFK,18h40m,0,,1570,20220404-1200,fast
10:25 am – 5:10 pm +1,Singapore Airlines,EWR‐SIN,18h45m,0,,1:10 am – 11:20 am,Korean Air,SIN‐JFK,22h10m,1,ICN,2128,20220404-1200,fast
1:45 pm – 12:20 am +2,Japan Airlines,JFK‐SIN,22h35m,1,NRT,11:35 pm – 6:00 am +1,Singapore Airlines,SIN‐EWR,18h25m,0,,2059,20220404-1200,fast
1:45 pm – 12:20 am +2,Japan Airlines,JFK‐SIN,22h35m,1,NRT,11:50 am – 6:30 pm,Singapore Airlines,SIN‐JFK,18h40m,0,,1723,20220404-1200,fast
10:25 am – 5:10 pm +1,Singapore Airlines,EWR‐SIN,18h45m,0,,11:55 pm – 11:10 am +1,Singapore Airlines,SIN‐JFK,23h15m,1,FRA,1570,20220404-1200,fast
10:30 pm – 5:20 am +2,Singapore Airlines,JFK‐SIN,18h50m,0,,11:55 pm – 11:10 am +1,Singapore Airlines,SIN‐JFK,23h15m,1,FRA,1923,20220404-1200,fast
10:25 am – 5:10 pm +1,Singapore Airlines,EWR‐SIN,18h45m,0,,11:30 pm – 11:05 am +1,Turkish Airlines,SIN‐JFK,23h35m,1,IST,1877,20220404-1200,fast
