Out Time,Out Airline,Out Cities,Out Duration,Out Stops,Out Stop Cities,Return Time,Return Airline,Return Cities,Return Duration,Return Stops,Return Stop Cities,Price,timestamp,sort
11:25 am – 12:35 am +2,ANA,EWR‐SIN,25h10m,1,NRT,10:10 pm – 8:14 pm +1,ANA,SIN‐LGA,34h04m,2,"HND, ORD",983,20220404-0830,cheap
11:25 am – 12:35 am +2,ANA,EWR‐SIN,25h10m,1,NRT,10:10 pm – 9:27 pm +1,ANA,SIN‐EWR,35h17m,2,"HND, ORD",983,20220404-0830,cheap
11:25 am – 12:35 am +2,ANA,EWR‐SIN,25h10m,1,NRT,10:10 pm – 10:15 am +1,ANA,SIN‐JFK,24h05m,1,HND,990,20220404-0830,cheap
11:25 am – 12:35 am +2,ANA,EWR‐SIN,25h10m,1,NRT,6:10 am – 4:40 pm,ANA,SIN‐EWR,22h30m,1,NRT,991,20220404-0830,cheap
11:25 am – 12:35 am +2,ANA,EWR‐SIN,25h10m,1,NRT,10:10 pm – 4:40 pm +1,ANA,SIN‐EWR,30h30m,1,HND-NRT,1000,20220404-0830,cheap
11:25 am – 12:35 am +2,ANA,EWR‐SIN,25h10m,1,NRT,6:10 am – 10:15 am +1,ANA,SIN‐JFK,40h05m,1,NRT-HND,1002,20220404-0830,cheap
10:20 am – 12:35 am +2,United Airlines,EWR‐SIN,26h15m,2,"IAD, NRT",6:10 am – 4:40 pm,"ANA, United Airlines",SIN‐EWR,22h30m,1,NRT,1024,20220404-0830,cheap
10:17 am – 12:35 am +2,United Airlines,LGA‐SIN,26h18m,2,"IAD, NRT",6:10 am – 4:40 pm,"ANA, United Airlines",SIN‐EWR,22h30m,1,NRT,1024,20220404-0830,cheap
8:59 am – 12:35 am +2,United Airlines,LGA‐SIN,27h36m,2,"ORD, NRT",6:10 am – 4:40 pm,"ANA, United Airlines",SIN‐EWR,22h30m,1,NRT,1024,20220404-0830,cheap
8:00 am – 12:35 am +2,United Airlines,LGA‐SIN,28h35m,2,"ORD, NRT",6:10 am – 4:40 pm,"ANA, United Airlines",SIN‐EWR,22h30m,1,NRT,1024,20220404-0830,cheap
7:00 am – 12:35 am +2,United Airlines,LGA‐SIN,29h35m,2,"IAH, NRT",6:10 am – 4:40 pm,"ANA, United Airlines",SIN‐EWR,22h30m,1,NRT,1024,20220404-0830,cheap
6:00 am – 12:35 am +2,United Airlines,LGA‐SIN,30h35m,2,"IAD, NRT",6:10 am – 4:40 pm,"ANA, United Airlines",SIN‐EWR,22h30m,1,NRT,1024,20220404-0830,cheap
5:44 am – 12:35 am +2,United Airlines,EWR‐SIN,30h51m,2,"IAH, NRT",6:10 am – 4:40 pm,"ANA, United Airlines",SIN‐EWR,22h30m,1,NRT,1024,20220404-0830,cheap
6:30 am – 12:35 am +2,"United Airlines, ANA",EWR‐SIN,30h05m,2,"LAX, NRT",6:10 am – 4:40 pm,"ANA, United Airlines",SIN‐EWR,22h30m,1,NRT,1029,20220404-0830,cheap
10:00 am – 11:40 pm +1,Korean Air,LGA‐SIN,25h40m,2,"BOS, ICN",1:10 am – 11:20 am,Korean Air,SIN‐JFK,22h10m,1,ICN,1069,20220404-0830,cheap
11:25 am – 12:35 am +2,ANA,EWR‐SIN,25h10m,1,NRT,6:10 am – 4:40 pm,ANA,SIN‐EWR,22h30m,1,NRT,1021,20220404-0827,best
11:25 am – 12:35 am +2,ANA,EWR‐SIN,25h10m,1,NRT,6:10 am – 4:40 pm,ANA,SIN‐EWR,22h30m,1,NRT,991,20220404-0827,best
11:25 am – 12:35 am +2,ANA,EWR‐SIN,25h10m,1,NRT,10:10 pm – 8:14 pm +1,ANA,SIN‐LGA,34h04m,2,"HND, ORD",983,20220404-0827,best
10:20 am – 12:35 am +2,United Airlines,EWR‐SIN,26h15m,2,"IAD, NRT",6:10 am – 4:40 pm,"ANA, United Airlines",SIN‐EWR,22h30m,1,NRT,1024,20220404-0827,best
10:17 am – 12:35 am +2,United Airlines,LGA‐SIN,26h18m,2,"IAD, NRT",6:10 am – 4:40 pm,"ANA, United Airlines",SIN‐EWR,22h30m,1,NRT,1024,20220404-0827,best
11:25 am – 12:35 am +2,ANA,EWR‐SIN,25h10m,1,NRT,10:10 pm – 10:15 am +1,ANA,SIN‐JFK,24h05m,1,HND,990,20220404-0827,best
8:59 am – 12:35 am +2,United Airlines,LGA‐SIN,27h36m,2,"ORD, NRT",6:10 am – 4:40 pm,"ANA, United Airlines",SIN‐EWR,22h30m,1,NRT,1024,20220404-0827,best
10:00 am – 11:40 pm +1,Korean Air,LGA‐SIN,25h40m,2,"BOS, ICN",1:10 am – 11:20 am,Korean Air,SIN‐JFK,22h10m,1,ICN,1069,20220404-0827,best
9:45 am – 11:40 pm +1,Korean Air,JFK‐SIN,25h55m,2,"BOS, ICN",1:10 am – 11:20 am,Korean Air,SIN‐JFK,22h10m,1,ICN,1069,20220404-0827,best
8:00 am – 12:35 am +2,United Airlines,LGA‐SIN,28h35m,2,"ORD, NRT",6:10 am – 4:40 pm,"ANA, United Airlines",SIN‐EWR,22h30m,1,NRT,1024,20220404-0827,best
1:50 pm – 11:40 pm +1,Korean Air,JFK‐SIN,21h50m,1,ICN,1:10 am – 11:20 am,Korean Air,SIN‐JFK,22h10m,1,ICN,1286,20220404-0827,best
9:30 am – 11:40 pm +1,Korean Air,JFK‐SIN,26h10m,2,"IAD, ICN",1:10 am – 11:20 am,Korean Air,SIN‐JFK,22h10m,1,ICN,1069,20220404-0827,best
1:35 pm – 12:20 am +2,Japan Airlines,JFK‐SIN,22h45m,1,NRT,2:40 am – 2:55 pm,"Qatar Airways, JetBlue",SIN‐JFK,24h15m,1,DOH,1149,20220404-0827,best
1:10 pm – 11:40 pm +1,Korean Air,JFK‐SIN,22h30m,1,ICN,1:10 am – 11:20 am,Korean Air,SIN‐JFK,22h10m,1,ICN,1278,20220404-0827,best
9:00 am – 11:40 pm +1,Korean Air,EWR‐SIN,26h40m,2,"BOS, ICN",1:10 am – 11:20 am,Korean Air,SIN‐JFK,22h10m,1,ICN,1069,20220404-0827,best
7:00 am – 12:35 am +2,United Airlines,LGA‐SIN,29h35m,2,"IAH, NRT",6:10 am – 4:40 pm,"ANA, United Airlines",SIN‐EWR,22h30m,1,NRT,1024,20220404-0827,best
6:30 am – 12:35 am +2,"United Airlines, ANA",EWR‐SIN,30h05m,2,"LAX, NRT",6:10 am – 4:40 pm,"ANA, United Airlines",SIN‐EWR,22h30m,1,NRT,1029,20220404-0827,best
10:25 am – 5:10 pm +1,Singapore Airlines,EWR‐SIN,18h45m,0,,11:50 am – 6:30 pm,Singapore Airlines,SIN‐JFK,18h40m,0,,1774,20220404-0832,fast
10:30 pm – 5:20 am +2,Singapore Airlines,JFK‐SIN,18h50m,0,,11:50 am – 6:30 pm,Singapore Airlines,SIN‐JFK,18h40m,0,,1774,20220404-0832,fast
1:50 pm – 11:40 pm +1,Korean Air,JFK‐SIN,21h50m,1,ICN,11:50 am – 6:30 pm,Singapore Airlines,SIN‐JFK,18h40m,0,,1550,20220404-0832,fast
8:55 pm – 6:50 am +2,Singapore Airlines,JFK‐SIN,21h55m,1,FRA,11:50 am – 6:30 pm,Singapore Airlines,SIN‐JFK,18h40m,0,,1738,20220404-0832,fast
8:55 pm – 6:50 am +2,Singapore Airlines,JFK‐SIN,21h55m,2,"FRA, SIN-FRA",11:50 am – 6:30 pm,Singapore Airlines,SIN‐JFK,18h40m,0,,1759,20220404-0832,fast
10:25 am – 5:10 pm +1,Singapore Airlines,EWR‐SIN,18h45m,0,,1:10 am – 11:20 am,Korean Air,SIN‐JFK,22h10m,1,ICN,2197,20220404-0832,fast
10:30 pm – 5:20 am +2,Singapore Airlines,JFK‐SIN,18h50m,0,,1:10 am – 11:20 am,Korean Air,SIN‐JFK,22h10m,1,ICN,2197,20220404-0832,fast
10:25 am – 5:10 pm +1,Singapore Airlines,EWR‐SIN,18h45m,0,,6:10 am – 4:40 pm,ANA,SIN‐EWR,22h30m,1,NRT,2064,20220404-0832,fast
10:30 pm – 5:20 am +2,Singapore Airlines,JFK‐SIN,18h50m,0,,6:10 am – 4:40 pm,ANA,SIN‐EWR,22h30m,1,NRT,2063,20220404-0832,fast
1:35 pm – 12:20 am +2,Japan Airlines,JFK‐SIN,22h45m,1,NRT,11:50 am – 6:30 pm,Singapore Airlines,SIN‐JFK,18h40m,0,,1530,20220404-0832,fast
10:25 am – 5:10 pm +1,Singapore Airlines,EWR‐SIN,18h45m,0,,11:55 pm – 11:10 am +1,Singapore Airlines,SIN‐JFK,23h15m,1,FRA,1842,20220404-0832,fast
10:25 am – 5:10 pm +1,Singapore Airlines,EWR‐SIN,18h45m,0,,11:55 pm – 11:10 am +1,Singapore Airlines,SIN‐JFK,23h15m,0,,1939,20220404-0832,fast
10:25 am – 5:10 pm +1,Singapore Airlines,EWR‐SIN,18h45m,0,,6:40 pm – 5:56 am +1,Singapore Airlines,SIN‐JFK,23h16m,1,SFO,3152,20220404-0832,fast
10:30 pm – 5:20 am +2,Singapore Airlines,JFK‐SIN,18h50m,0,,11:55 pm – 11:10 am +1,Singapore Airlines,SIN‐JFK,23h15m,1,FRA,1842,20220404-0832,fast
10:30 pm – 5:20 am +2,Singapore Airlines,JFK‐SIN,18h50m,0,,11:55 pm – 11:10 am +1,Singapore Airlines,SIN‐JFK,23h15m,0,,1939,20220404-0832,fast
