Out Time,Out Airline,Out Cities,Out Duration,Out Stops,Out Stop Cities,Return Time,Return Airline,Return Cities,Return Duration,Return Stops,Return Stop Cities,Price,timestamp,sort
8:55 pm – 6:50 am +2,Singapore Airlines,JFK‐SIN,21h55m,1,FRA,1:55 pm – 11:10 am +1,Singapore Airlines,SIN‐JFK,33h15m,1,FRA,1265,20220408-1156,cheap
1:50 pm – 11:40 pm +1,Korean Air,JFK‐SIN,21h50m,1,ICN,1:10 am – 11:20 am,Korean Air,SIN‐JFK,22h10m,1,ICN,1192,20220408-1156,cheap
6:10 am – 6:15 am +2,United Airlines,EWR‐SIN,36h05m,1,SFO,8:45 am – 12:45 am +1,United Airlines,SIN‐EWR,28h00m,1,SFO,928,20220408-1156,cheap
1:50 pm – 11:40 pm +1,Korean Air,JFK‐SIN,21h50m,1,ICN,1:10 am – 1:24 pm,Korean Air,SIN‐LGA,24h14m,2,"ICN, BOS",1090,20220408-1156,cheap
6:40 pm – 6:15 am +2,United Airlines,EWR‐SIN,23h35m,1,SFO,8:45 am – 7:20 pm,United Airlines,SIN‐EWR,22h35m,1,SFO,1193,20220408-1156,cheap
6:40 pm – 6:15 am +2,United Airlines,EWR‐SIN,23h35m,1,SFO,8:45 am – 8:06 pm,United Airlines,SIN‐EWR,23h21m,1,SFO,1193,20220408-1156,cheap
8:55 pm – 6:50 am +2,Singapore Airlines,JFK‐SIN,21h55m,1,FRA,11:50 am – 6:30 pm,Singapore Airlines,SIN‐JFK,18h40m,0,,1472,20220408-1156,cheap
5:30 pm – 6:15 am +2,United Airlines,JFK‐SIN,24h45m,1,SFO,8:45 am – 7:20 pm,United Airlines,SIN‐EWR,22h35m,1,SFO,1193,20220408-1156,cheap
9:55 pm – 8:55 am +2,Qatar Airways,JFK‐SIN,23h00m,1,DOH,2:40 am – 2:55 pm,Qatar Airways,SIN‐JFK,24h15m,1,DOH,1097,20220408-1156,cheap
8:55 pm – 6:50 am +2,Singapore Airlines,JFK‐SIN,21h55m,1,FRA,11:55 pm – 11:10 am +1,Singapore Airlines,SIN‐JFK,23h15m,1,FRA,1240,20220408-1156,cheap
10:25 am – 5:10 pm +1,Singapore Airlines,EWR‐SIN,18h45m,0,,11:50 am – 6:30 pm,Singapore Airlines,SIN‐JFK,18h40m,0,,1638,20220408-1156,cheap
5:30 pm – 6:15 am +2,United Airlines,JFK‐SIN,24h45m,1,SFO,8:45 am – 8:06 pm,United Airlines,SIN‐EWR,23h21m,1,SFO,1193,20220408-1156,cheap
1:50 pm – 11:40 pm +1,Korean Air,JFK‐SIN,21h50m,1,ICN,1:10 am – 11:20 am,Korean Air,SIN‐JFK,22h10m,1,ICN,1285,20220408-1156,cheap
4:40 pm – 6:15 am +2,United Airlines,EWR‐SIN,25h35m,1,SFO,8:45 am – 7:20 pm,United Airlines,SIN‐EWR,22h35m,1,SFO,1193,20220408-1156,cheap
6:40 pm – 6:15 am +2,United Airlines,EWR‐SIN,23h35m,1,SFO,8:45 am – 12:45 am +1,United Airlines,SIN‐EWR,28h00m,1,SFO,1089,20220408-1156,cheap
8:55 pm – 6:50 am +2,Singapore Airlines,JFK‐SIN,21h55m,1,FRA,11:35 pm – 6:00 am +1,Singapore Airlines,SIN‐EWR,18h25m,0,,1472,20220408-1156,cheap
6:40 pm – 6:15 am +2,United Airlines,EWR‐SIN,23h35m,1,SFO,8:45 am – 10:00 pm,United Airlines,SIN‐EWR,25h15m,1,SFO,1193,20220408-1156,cheap
8:55 pm – 6:50 am +2,Singapore Airlines,JFK‐SIN,21h55m,1,FRA,1:55 pm – 11:10 am +1,Singapore Airlines,SIN‐JFK,33h15m,1,FRA,1265,20220408-1153,best
1:50 pm – 11:40 pm +1,Korean Air,JFK‐SIN,21h50m,1,ICN,1:10 am – 11:20 am,Korean Air,SIN‐JFK,22h10m,1,ICN,1192,20220408-1153,best
6:10 am – 6:15 am +2,United Airlines,EWR‐SIN,36h05m,1,SFO,8:45 am – 12:45 am +1,United Airlines,SIN‐EWR,28h00m,1,SFO,928,20220408-1153,best
1:50 pm – 11:40 pm +1,Korean Air,JFK‐SIN,21h50m,1,ICN,1:10 am – 1:24 pm,Korean Air,SIN‐LGA,24h14m,2,"ICN, BOS",1090,20220408-1153,best
6:40 pm – 6:15 am +2,United Airlines,EWR‐SIN,23h35m,1,SFO,8:45 am – 7:20 pm,United Airlines,SIN‐EWR,22h35m,1,SFO,1193,20220408-1153,best
6:40 pm – 6:15 am +2,United Airlines,EWR‐SIN,23h35m,1,SFO,8:45 am – 8:06 pm,United Airlines,SIN‐EWR,23h21m,1,SFO,1193,20220408-1153,best
8:55 pm – 6:50 am +2,Singapore Airlines,JFK‐SIN,21h55m,1,FRA,11:50 am – 6:30 pm,Singapore Airlines,SIN‐JFK,18h40m,0,,1472,20220408-1153,best
5:30 pm – 6:15 am +2,United Airlines,JFK‐SIN,24h45m,1,SFO,8:45 am – 7:20 pm,United Airlines,SIN‐EWR,22h35m,1,SFO,1193,20220408-1153,best
9:55 pm – 8:55 am +2,Qatar Airways,JFK‐SIN,23h00m,1,DOH,2:40 am – 2:55 pm,Qatar Airways,SIN‐JFK,24h15m,1,DOH,1097,20220408-1153,best
8:55 pm – 6:50 am +2,Singapore Airlines,JFK‐SIN,21h55m,1,FRA,11:55 pm – 11:10 am +1,Singapore Airlines,SIN‐JFK,23h15m,1,FRA,1240,20220408-1153,best
10:25 am – 5:10 pm +1,Singapore Airlines,EWR‐SIN,18h45m,0,,11:50 am – 6:30 pm,Singapore Airlines,SIN‐JFK,18h40m,0,,1638,20220408-1153,best
5:30 pm – 6:15 am +2,United Airlines,JFK‐SIN,24h45m,1,SFO,8:45 am – 8:06 pm,United Airlines,SIN‐EWR,23h21m,1,SFO,1193,20220408-1153,best
1:50 pm – 11:40 pm +1,Korean Air,JFK‐SIN,21h50m,1,ICN,1:10 am – 11:20 am,Korean Air,SIN‐JFK,22h10m,1,ICN,1285,20220408-1153,best
4:40 pm – 6:15 am +2,United Airlines,EWR‐SIN,25h35m,1,SFO,8:45 am – 7:20 pm,United Airlines,SIN‐EWR,22h35m,1,SFO,1193,20220408-1153,best
6:40 pm – 6:15 am +2,United Airlines,EWR‐SIN,23h35m,1,SFO,8:45 am – 12:45 am +1,United Airlines,SIN‐EWR,28h00m,1,SFO,1089,20220408-1153,best
8:55 pm – 6:50 am +2,Singapore Airlines,JFK‐SIN,21h55m,1,FRA,11:35 pm – 6:00 am +1,Singapore Airlines,SIN‐EWR,18h25m,0,,1472,20220408-1153,best
6:40 pm – 6:15 am +2,United Airlines,EWR‐SIN,23h35m,1,SFO,8:45 am – 10:00 pm,United Airlines,SIN‐EWR,25h15m,1,SFO,1193,20220408-1153,best
10:25 am – 5:10 pm +1,Singapore Airlines,EWR‐SIN,18h45m,0,,11:35 pm – 6:00 am +1,Singapore Airlines,SIN‐EWR,18h25m,0,,1613,20220408-1158,fast
10:30 pm – 5:20 am +2,Singapore Airlines,JFK‐SIN,18h50m,0,,11:35 pm – 6:00 am +1,Singapore Airlines,SIN‐EWR,18h25m,0,,1639,20220408-1158,fast
10:25 am – 5:10 pm +1,Singapore Airlines,EWR‐SIN,18h45m,0,,11:50 am – 6:30 pm,Singapore Airlines,SIN‐JFK,18h40m,0,,1638,20220408-1158,fast
10:30 pm – 5:20 am +2,Singapore Airlines,JFK‐SIN,18h50m,0,,11:50 am – 6:30 pm,Singapore Airlines,SIN‐JFK,18h40m,0,,1663,20220408-1158,fast
8:55 pm – 6:50 am +2,Singapore Airlines,JFK‐SIN,21h55m,1,FRA,11:35 pm – 6:00 am +1,Singapore Airlines,SIN‐EWR,18h25m,0,,1472,20220408-1158,fast
1:50 pm – 11:40 pm +1,Korean Air,JFK‐SIN,21h50m,1,ICN,11:50 am – 6:30 pm,Singapore Airlines,SIN‐JFK,18h40m,0,,1563,20220408-1158,fast
8:55 pm – 6:50 am +2,Singapore Airlines,JFK‐SIN,21h55m,1,FRA,11:50 am – 6:30 pm,Singapore Airlines,SIN‐JFK,18h40m,0,,1472,20220408-1158,fast
10:25 am – 5:10 pm +1,Singapore Airlines,EWR‐SIN,18h45m,0,,6:10 am – 4:35 pm,ANA,SIN‐JFK,22h25m,1,NRT,2467,20220408-1158,fast
10:30 pm – 5:20 am +2,Singapore Airlines,JFK‐SIN,18h50m,0,,6:10 am – 4:35 pm,ANA,SIN‐JFK,22h25m,1,NRT,2518,20220408-1158,fast
10:25 am – 5:10 pm +1,Singapore Airlines,EWR‐SIN,18h45m,0,,6:10 am – 4:40 pm,ANA,SIN‐EWR,22h30m,1,NRT,2628,20220408-1158,fast
10:30 pm – 5:20 am +2,Singapore Airlines,JFK‐SIN,18h50m,0,,6:10 am – 4:40 pm,ANA,SIN‐EWR,22h30m,1,NRT,2679,20220408-1158,fast
9:55 pm – 8:55 am +2,JetBlue,JFK‐SIN,23h00m,1,DOH,11:35 pm – 6:00 am +1,Singapore Airlines,SIN‐EWR,18h25m,0,,1661,20220408-1158,fast
9:55 pm – 8:55 am +2,JetBlue,JFK‐SIN,23h00m,1,DOH,11:50 am – 6:30 pm,Singapore Airlines,SIN‐JFK,18h40m,0,,1661,20220408-1158,fast
10:25 am – 5:10 pm +1,Singapore Airlines,EWR‐SIN,18h45m,0,,11:55 pm – 11:10 am +1,Singapore Airlines,SIN‐JFK,23h15m,1,FRA,1468,20220408-1158,fast
6:40 pm – 6:15 am +2,United Airlines,EWR‐SIN,23h35m,1,SFO,11:35 pm – 6:00 am +1,Singapore Airlines,SIN‐EWR,18h25m,0,,1672,20220408-1158,fast
