Out Time,Out Airline,Out Cities,Out Duration,Out Stops,Out Stop Cities,Return Time,Return Airline,Return Cities,Return Duration,Return Stops,Return Stop Cities,Price,timestamp,sort
12:00 pm – 12:35 am +2,ANA,EWR‐SIN,24h35m,1,NRT,6:10 am – 4:45 pm,ANA,SIN‐EWR,22h35m,1,NRT,1036,20220404-1539,cheap
10:55 am – 12:35 am +2,ANA,EWR‐SIN,25h40m,1,HND-NRT,6:10 am – 4:45 pm,ANA,SIN‐EWR,22h35m,1,NRT,1055,20220404-1539,cheap
8:15 am – 12:35 am +2,ANA,EWR‐SIN,28h20m,2,"SFO, NRT",6:10 am – 4:45 pm,ANA,SIN‐EWR,22h35m,1,NRT,1079,20220404-1539,cheap
7:20 am – 12:20 am +2,Japan Airlines,EWR‐SIN,29h00m,2,"SEA, NRT",9:50 pm – 10:10 am +1,Japan Airlines,SIN‐JFK,24h20m,1,HND-NRT,1172,20220404-1539,cheap
12:00 pm – 12:35 am +2,United Airlines,EWR‐SIN,24h35m,1,NRT,8:45 am – 5:30 am +1,United Airlines,SIN‐JFK,32h45m,1,SFO,1172,20220404-1539,cheap
6:30 am – 12:35 am +2,United Airlines,JFK‐SIN,30h05m,2,"SFO, NRT",8:45 am – 5:30 am +1,United Airlines,SIN‐JFK,32h45m,1,SFO,1176,20220404-1539,cheap
12:00 pm – 12:35 am +2,ANA,EWR‐SIN,24h35m,1,NRT,6:10 am – 9:30 pm,ANA,SIN‐EWR,27h20m,2,"NRT, SFO",1192,20220404-1539,cheap
10:55 am – 12:35 am +2,ANA,EWR‐SIN,25h40m,1,HND-NRT,6:10 am – 9:30 pm,ANA,SIN‐EWR,27h20m,2,"NRT, SFO",1200,20220404-1539,cheap
7:20 am – 12:20 am +2,Japan Airlines,EWR‐SIN,29h00m,2,"SEA, NRT",9:50 pm – 2:33 pm +1,Japan Airlines,SIN‐LGA,28h43m,2,"HND-NRT, ORD",1209,20220404-1539,cheap
7:20 am – 12:20 am +2,Japan Airlines,EWR‐SIN,29h00m,2,"SEA, NRT",9:50 pm – 3:34 pm +1,Japan Airlines,SIN‐LGA,29h44m,2,"HND-NRT, ORD",1209,20220404-1539,cheap
10:50 am – 12:35 am +2,Air Canada,LGA‐SIN,25h45m,2,"YUL, NRT",6:10 am – 8:27 pm,Air Canada,SIN‐EWR,26h17m,2,"NRT, YUL",1214,20220404-1539,cheap
10:40 am – 12:35 am +2,Air Canada,EWR‐SIN,25h55m,2,"YUL, NRT",6:10 am – 8:27 pm,Air Canada,SIN‐EWR,26h17m,2,"NRT, YUL",1214,20220404-1539,cheap
10:50 am – 12:35 am +2,Air Canada,LGA‐SIN,25h45m,2,"YUL, NRT",6:10 am – 8:44 pm,Air Canada,SIN‐LGA,26h34m,2,"NRT, YUL",1214,20220404-1539,cheap
10:40 am – 12:35 am +2,Air Canada,EWR‐SIN,25h55m,2,"YUL, NRT",6:10 am – 8:44 pm,Air Canada,SIN‐LGA,26h34m,2,"NRT, YUL",1214,20220404-1539,cheap
8:35 am – 12:35 am +2,Air Canada,LGA‐SIN,28h00m,2,"YUL, NRT",6:10 am – 8:27 pm,Air Canada,SIN‐EWR,26h17m,2,"NRT, YUL",1214,20220404-1539,cheap
12:00 pm – 12:35 am +2,ANA,EWR‐SIN,24h35m,1,NRT,6:10 am – 4:45 pm,ANA,SIN‐EWR,22h35m,1,NRT,1036,20220404-1537,best
12:00 pm – 12:35 am +2,ANA,EWR‐SIN,24h35m,1,NRT,6:10 am – 4:45 pm,ANA,SIN‐EWR,22h35m,1,NRT,1036,20220404-1537,best
10:55 am – 12:35 am +2,ANA,EWR‐SIN,25h40m,1,HND-NRT,6:10 am – 4:45 pm,ANA,SIN‐EWR,22h35m,1,NRT,1055,20220404-1537,best
8:55 pm – 6:50 am +2,Singapore Airlines,JFK‐SIN,21h55m,1,FRA,11:50 am – 6:30 pm,Singapore Airlines,SIN‐JFK,18h40m,0,,1487,20220404-1537,best
8:15 am – 12:35 am +2,ANA,EWR‐SIN,28h20m,2,"SFO, NRT",6:10 am – 4:45 pm,ANA,SIN‐EWR,22h35m,1,NRT,1079,20220404-1537,best
10:25 am – 5:10 pm +1,Singapore Airlines,EWR‐SIN,18h45m,0,,11:50 am – 6:30 pm,Singapore Airlines,SIN‐JFK,18h40m,0,,1824,20220404-1537,best
8:55 pm – 6:50 am +2,Singapore Airlines,JFK‐SIN,21h55m,1,FRA,11:35 pm – 6:00 am +1,Singapore Airlines,SIN‐EWR,18h25m,0,,1633,20220404-1537,best
12:00 pm – 12:35 am +2,ANA,EWR‐SIN,24h35m,1,NRT,1:10 pm – 10:05 pm,EVA Air,SIN‐JFK,20h55m,1,TPE,1463,20220404-1537,best
10:30 pm – 5:20 am +2,Singapore Airlines,JFK‐SIN,18h50m,0,,11:50 am – 6:30 pm,Singapore Airlines,SIN‐JFK,18h40m,0,,1824,20220404-1537,best
12:00 pm – 12:35 am +2,ANA,EWR‐SIN,24h35m,1,NRT,9:25 pm – 8:30 am +1,"Qatar Airways, JetBlue",SIN‐JFK,23h05m,1,DOH,1294,20220404-1537,best
12:00 pm – 12:35 am +2,ANA,EWR‐SIN,24h35m,1,NRT,6:10 am – 9:30 pm,ANA,SIN‐EWR,27h20m,2,"NRT, SFO",1192,20220404-1537,best
12:00 pm – 12:35 am +2,ANA,EWR‐SIN,24h35m,1,NRT,2:40 am – 2:55 pm,Qatar Airways,SIN‐JFK,24h15m,1,DOH,1344,20220404-1537,best
8:55 pm – 6:50 am +2,Singapore Airlines,JFK‐SIN,21h55m,1,FRA,11:55 pm – 11:10 am +1,Singapore Airlines,SIN‐JFK,23h15m,1,FRA,1513,20220404-1537,best
10:55 am – 12:35 am +2,ANA,EWR‐SIN,25h40m,1,HND-NRT,6:10 am – 9:30 pm,ANA,SIN‐EWR,27h20m,2,"NRT, SFO",1200,20220404-1537,best
10:25 am – 5:10 pm +1,Singapore Airlines,EWR‐SIN,18h45m,0,,11:35 pm – 6:00 am +1,Singapore Airlines,SIN‐EWR,18h25m,0,,1961,20220404-1537,best
8:59 am – 12:35 am +2,ANA,LGA‐SIN,27h36m,2,"ORD, NRT",6:10 am – 4:45 pm,ANA,SIN‐EWR,22h35m,1,NRT,1324,20220404-1537,best
10:25 am – 5:10 pm +1,Singapore Airlines,EWR‐SIN,18h45m,0,,11:35 pm – 6:00 am +1,Singapore Airlines,SIN‐EWR,18h25m,0,,1961,20220404-1542,fast
10:30 pm – 5:20 am +2,Singapore Airlines,JFK‐SIN,18h50m,0,,11:35 pm – 6:00 am +1,Singapore Airlines,SIN‐EWR,18h25m,0,,1961,20220404-1542,fast
10:25 am – 5:10 pm +1,Singapore Airlines,EWR‐SIN,18h45m,0,,11:50 am – 6:30 pm,Singapore Airlines,SIN‐JFK,18h40m,0,,1824,20220404-1542,fast
10:30 pm – 5:20 am +2,Singapore Airlines,JFK‐SIN,18h50m,0,,11:50 am – 6:30 pm,Singapore Airlines,SIN‐JFK,18h40m,0,,1824,20220404-1542,fast
11:20 am – 8:55 pm +1,Emirates,JFK‐SIN,21h35m,1,DXB,11:50 am – 6:30 pm,Singapore Airlines,SIN‐JFK,18h40m,0,,2787,20220404-1542,fast
8:55 pm – 6:50 am +2,Singapore Airlines,JFK‐SIN,21h55m,1,FRA,11:35 pm – 6:00 am +1,Singapore Airlines,SIN‐EWR,18h25m,0,,1633,20220404-1542,fast
1:50 pm – 11:40 pm +1,Korean Air,JFK‐SIN,21h50m,1,ICN,11:50 am – 6:30 pm,Singapore Airlines,SIN‐JFK,18h40m,0,,4800,20220404-1542,fast
8:55 pm – 6:50 am +2,Singapore Airlines,JFK‐SIN,21h55m,1,FRA,11:50 am – 6:30 pm,Singapore Airlines,SIN‐JFK,18h40m,0,,1487,20220404-1542,fast
1:25 am – 12:00 pm +1,EVA Air,JFK‐SIN,22h35m,1,TPE,11:35 pm – 6:00 am +1,Singapore Airlines,SIN‐EWR,18h25m,0,,2224,20220404-1542,fast
1:25 am – 12:00 pm +1,EVA Air,JFK‐SIN,22h35m,1,TPE,11:50 am – 6:30 pm,Singapore Airlines,SIN‐JFK,18h40m,0,,2224,20220404-1542,fast
10:25 am – 5:10 pm +1,Singapore Airlines,EWR‐SIN,18h45m,0,,9:25 pm – 8:30 am +1,Qatar Airways,SIN‐JFK,23h05m,1,DOH,2115,20220404-1542,fast
10:30 pm – 5:20 am +2,Singapore Airlines,JFK‐SIN,18h50m,0,,9:25 pm – 8:30 am +1,Qatar Airways,SIN‐JFK,23h05m,1,DOH,2114,20220404-1542,fast
10:25 am – 5:10 pm +1,Singapore Airlines,EWR‐SIN,18h45m,0,,11:55 pm – 11:10 am +1,Singapore Airlines,SIN‐JFK,23h15m,1,FRA,1795,20220404-1542,fast
10:30 pm – 5:20 am +2,Singapore Airlines,JFK‐SIN,18h50m,0,,11:55 pm – 11:10 am +1,Singapore Airlines,SIN‐JFK,23h15m,1,FRA,1795,20220404-1542,fast
11:20 am – 8:55 pm +1,Emirates,JFK‐SIN,21h35m,1,DXB,1:10 pm – 10:05 pm,EVA Air,SIN‐JFK,20h55m,1,TPE,2201,20220404-1542,fast
