Out Time,Out Airline,Out Cities,Out Duration,Out Stops,Out Stop Cities,Return Time,Return Airline,Return Cities,Return Duration,Return Stops,Return Stop Cities,Price,timestamp,sort
10:25 am – 12:20 am +2,Japan Airlines,JFK‐SIN,25h55m,1,HND-NRT,11:30 pm – 10:15 pm +1,Turkish Airlines,SIN‐JFK,34h45m,1,IST,1014,20220404-1345,cheap
10:25 am – 12:20 am +2,Japan Airlines,JFK‐SIN,25h55m,1,HND-NRT,9:50 pm – 7:00 am +2,Japan Airlines,SIN‐EWR,45h10m,2,"HND, LAX",1014,20220404-1345,cheap
10:25 am – 12:20 am +2,Japan Airlines,JFK‐SIN,25h55m,1,HND-NRT,8:10 am – 7:00 am +1,Japan Airlines,SIN‐EWR,34h50m,2,"NRT, LAX",1015,20220404-1345,cheap
10:25 am – 12:20 am +2,Japan Airlines,JFK‐SIN,25h55m,1,HND-NRT,7:50 pm – 4:30 pm +1,Etihad Airways,SIN‐JFK,32h40m,1,AUH,1123,20220404-1345,cheap
10:25 am – 12:20 am +2,Japan Airlines,JFK‐SIN,25h55m,1,HND-NRT,8:10 am – 7:00 am +1,"Japan Airlines, Alaska Airlines",SIN‐EWR,34h50m,2,"NRT, LAX",1133,20220404-1345,cheap
12:00 pm – 12:35 am +2,ANA,EWR‐SIN,24h35m,1,NRT,11:30 pm – 10:15 pm +1,Turkish Airlines,SIN‐JFK,34h45m,1,IST,1148,20220404-1345,cheap
10:25 am – 12:20 am +2,Japan Airlines,JFK‐SIN,25h55m,1,HND-NRT,11:30 pm – 11:05 am +1,Turkish Airlines,SIN‐JFK,23h35m,1,IST,1164,20220404-1345,cheap
10:25 am – 12:20 am +2,Japan Airlines,JFK‐SIN,25h55m,1,HND-NRT,9:50 pm – 11:05 am +1,Japan Airlines,SIN‐JFK,25h15m,1,HND,1179,20220404-1345,cheap
10:25 am – 12:20 am +2,Japan Airlines,JFK‐SIN,25h55m,1,HND-NRT,9:50 pm – 9:43 pm +1,Japan Airlines,SIN‐JFK,35h53m,2,"HND, LAX",1216,20220404-1345,cheap
1:45 pm – 12:20 am +2,Japan Airlines,JFK‐SIN,22h35m,1,NRT,11:30 pm – 10:15 pm +1,Turkish Airlines,SIN‐JFK,34h45m,1,IST,1241,20220404-1345,cheap
10:25 am – 12:20 am +2,Japan Airlines,JFK‐SIN,25h55m,1,HND-NRT,2:40 pm – 10:15 am +1,"Thai AirAsia, ANA",SIN‐JFK,31h35m,2,"DMK-BKK, HND",1257,20220404-1345,cheap
8:20 am – 12:20 am +2,Japan Airlines,EWR‐SIN,28h00m,2,"SFO, NRT",11:30 pm – 10:15 pm +1,Turkish Airlines,SIN‐JFK,34h45m,1,IST,1259,20220404-1345,cheap
10:25 am – 12:20 am +2,Japan Airlines,JFK‐SIN,25h55m,1,HND-NRT,9:50 pm – 3:34 pm +1,Japan Airlines,SIN‐LGA,29h44m,2,"HND, ORD",1267,20220404-1345,cheap
10:25 am – 12:20 am +2,Japan Airlines,JFK‐SIN,25h55m,1,HND-NRT,9:50 pm – 4:48 pm +1,Japan Airlines,SIN‐EWR,30h58m,2,"HND, ORD",1267,20220404-1345,cheap
10:25 am – 12:20 am +2,Japan Airlines,JFK‐SIN,25h55m,1,HND-NRT,9:50 pm – 5:37 pm +1,Japan Airlines,SIN‐LGA,31h47m,2,"HND, ORD",1267,20220404-1345,cheap
10:25 am – 12:20 am +2,Japan Airlines,JFK‐SIN,25h55m,1,HND-NRT,11:30 pm – 10:15 pm +1,Turkish Airlines,SIN‐JFK,34h45m,1,IST,1049,20220404-1342,best
10:25 am – 5:10 pm +1,Singapore Airlines,EWR‐SIN,18h45m,0,,11:50 am – 6:30 pm,Singapore Airlines,SIN‐JFK,18h40m,0,,1752,20220404-1342,best
10:25 am – 12:20 am +2,Japan Airlines,JFK‐SIN,25h55m,1,HND-NRT,11:30 pm – 10:15 pm +1,Turkish Airlines,SIN‐JFK,34h45m,1,IST,1014,20220404-1342,best
8:55 pm – 6:50 am +2,Singapore Airlines,JFK‐SIN,21h55m,1,FRA,11:50 am – 6:30 pm,Singapore Airlines,SIN‐JFK,18h40m,0,,1583,20220404-1342,best
10:25 am – 12:20 am +2,Japan Airlines,JFK‐SIN,25h55m,1,HND-NRT,1:10 pm – 10:05 pm,EVA Air,SIN‐JFK,20h55m,1,TPE,1323,20220404-1342,best
8:55 pm – 6:50 am +2,Singapore Airlines,JFK‐SIN,21h55m,1,FRA,11:35 pm – 6:00 am +1,Singapore Airlines,SIN‐EWR,18h25m,0,,1622,20220404-1342,best
10:25 am – 12:20 am +2,Japan Airlines,JFK‐SIN,25h55m,1,HND-NRT,11:30 pm – 11:05 am +1,Turkish Airlines,SIN‐JFK,23h35m,1,IST,1164,20220404-1342,best
1:45 pm – 12:20 am +2,Japan Airlines,JFK‐SIN,22h35m,1,NRT,1:10 pm – 10:05 pm,EVA Air,SIN‐JFK,20h55m,1,TPE,1549,20220404-1342,best
1:45 pm – 12:20 am +2,Japan Airlines,JFK‐SIN,22h35m,1,NRT,11:30 pm – 11:05 am +1,Turkish Airlines,SIN‐JFK,23h35m,1,IST,1390,20220404-1342,best
10:25 am – 12:20 am +2,Japan Airlines,JFK‐SIN,25h55m,1,HND-NRT,9:50 pm – 11:05 am +1,Japan Airlines,SIN‐JFK,25h15m,1,HND,1179,20220404-1342,best
8:55 pm – 4:25 pm +2,Singapore Airlines,JFK‐SIN,31h30m,1,FRA,11:50 am – 6:30 pm,Singapore Airlines,SIN‐JFK,18h40m,0,,1413,20220404-1342,best
10:25 am – 5:10 pm +1,Singapore Airlines,EWR‐SIN,18h45m,0,,11:35 pm – 6:00 am +1,Singapore Airlines,SIN‐EWR,18h25m,0,,1961,20220404-1342,best
10:25 am – 12:20 am +2,Japan Airlines,JFK‐SIN,25h55m,1,HND-NRT,1:10 am – 11:20 am,Korean Air,SIN‐JFK,22h10m,1,ICN,1384,20220404-1342,best
10:25 am – 12:20 am +2,Japan Airlines,JFK‐SIN,25h55m,1,HND-NRT,10:30 am – 11:00 pm,Philippine Airlines,SIN‐JFK,24h30m,1,MNL,1373,20220404-1342,best
1:45 pm – 12:20 am +2,Japan Airlines,JFK‐SIN,22h35m,1,NRT,9:50 pm – 11:05 am +1,Japan Airlines,SIN‐JFK,25h15m,1,HND,1454,20220404-1342,best
1:45 pm – 12:20 am +2,Japan Airlines,JFK‐SIN,22h35m,1,NRT,1:10 am – 11:20 am,Korean Air,SIN‐JFK,22h10m,1,ICN,1611,20220404-1342,best
10:30 pm – 5:20 am +2,Singapore Airlines,JFK‐SIN,18h50m,0,,11:50 am – 6:30 pm,Singapore Airlines,SIN‐JFK,18h40m,0,,2072,20220404-1342,best
10:25 am – 5:10 pm +1,Singapore Airlines,EWR‐SIN,18h45m,0,,11:35 pm – 6:00 am +1,Singapore Airlines,SIN‐EWR,18h25m,0,,1961,20220404-1348,fast
10:30 pm – 5:20 am +2,Singapore Airlines,JFK‐SIN,18h50m,0,,11:35 pm – 6:00 am +1,Singapore Airlines,SIN‐EWR,18h25m,0,,2112,20220404-1348,fast
10:25 am – 5:10 pm +1,Singapore Airlines,EWR‐SIN,18h45m,0,,11:50 am – 6:30 pm,Singapore Airlines,SIN‐JFK,18h40m,0,,1752,20220404-1348,fast
10:30 pm – 5:20 am +2,Singapore Airlines,JFK‐SIN,18h50m,0,,11:50 am – 6:30 pm,Singapore Airlines,SIN‐JFK,18h40m,0,,2072,20220404-1348,fast
10:25 am – 5:10 pm +1,Singapore Airlines,EWR‐SIN,18h45m,0,,1:10 pm – 10:05 pm,EVA Air,SIN‐JFK,20h55m,1,TPE,2067,20220404-1348,fast
10:30 pm – 5:20 am +2,Singapore Airlines,JFK‐SIN,18h50m,0,,1:10 pm – 10:05 pm,EVA Air,SIN‐JFK,20h55m,1,TPE,2294,20220404-1348,fast
8:55 pm – 6:50 am +2,Singapore Airlines,JFK‐SIN,21h55m,1,FRA,11:35 pm – 6:00 am +1,Singapore Airlines,SIN‐EWR,18h25m,0,,1622,20220404-1348,fast
8:55 pm – 6:50 am +2,Singapore Airlines,JFK‐SIN,21h55m,1,FRA,11:50 am – 6:30 pm,Singapore Airlines,SIN‐JFK,18h40m,0,,1583,20220404-1348,fast
1:45 pm – 12:20 am +2,Japan Airlines,JFK‐SIN,22h35m,1,NRT,11:35 pm – 6:00 am +1,Singapore Airlines,SIN‐EWR,18h25m,0,,2120,20220404-1348,fast
1:45 pm – 12:20 am +2,Japan Airlines,JFK‐SIN,22h35m,1,NRT,11:50 am – 6:30 pm,Singapore Airlines,SIN‐JFK,18h40m,0,,1783,20220404-1348,fast
10:25 am – 5:10 pm +1,Singapore Airlines,EWR‐SIN,18h45m,0,,11:55 pm – 11:10 am +1,Singapore Airlines,SIN‐JFK,23h15m,1,FRA,1807,20220404-1348,fast
10:30 pm – 5:20 am +2,Singapore Airlines,JFK‐SIN,18h50m,0,,11:55 pm – 11:10 am +1,Singapore Airlines,SIN‐JFK,23h15m,1,FRA,2063,20220404-1348,fast
10:25 am – 5:10 pm +1,Singapore Airlines,EWR‐SIN,18h45m,0,,11:30 pm – 11:05 am +1,Turkish Airlines,SIN‐JFK,23h35m,1,IST,2025,20220404-1348,fast
10:30 pm – 5:20 am +2,Singapore Airlines,JFK‐SIN,18h50m,0,,11:30 pm – 11:05 am +1,Turkish Airlines,SIN‐JFK,23h35m,1,IST,2256,20220404-1348,fast
8:55 pm – 6:50 am +2,Singapore Airlines,JFK‐SIN,21h55m,1,FRA,1:10 pm – 10:05 pm,EVA Air,SIN‐JFK,20h55m,1,TPE,1832,20220404-1348,fast
