Out Time,Out Airline,Out Cities,Out Duration,Out Stops,Out Stop Cities,Return Time,Return Airline,Return Cities,Return Duration,Return Stops,Return Stop Cities,Price,timestamp,sort
12:30 pm – 12:20 am +2,Japan Airlines,JFK‐SIN,23h50m,1,NRT,9:50 pm – 11:05 am +1,Japan Airlines,SIN‐JFK,25h15m,1,HND,887,20220404-1438,cheap
12:30 pm – 12:20 am +2,Japan Airlines,JFK‐SIN,23h50m,1,NRT,8:10 am – 11:05 am +1,Japan Airlines,SIN‐JFK,38h55m,1,NRT-HND,899,20220404-1438,cheap
12:30 pm – 12:20 am +2,American Airlines,JFK‐SIN,23h50m,1,NRT,8:10 am – 10:15 pm,American Airlines,SIN‐JFK,26h05m,2,"NRT, SFO",941,20220404-1438,cheap
9:30 am – 12:20 am +2,American Airlines,LGA‐SIN,26h50m,2,"ORD, NRT",8:10 am – 10:15 pm,American Airlines,SIN‐JFK,26h05m,2,"NRT, SFO",945,20220404-1438,cheap
9:30 am – 12:20 am +2,Japan Airlines,LGA‐SIN,26h50m,2,"ORD, NRT",9:50 pm – 11:05 am +1,Japan Airlines,SIN‐JFK,25h15m,1,HND,948,20220404-1438,cheap
8:30 am – 12:20 am +2,Japan Airlines,LGA‐SIN,27h50m,2,"ORD, NRT",9:50 pm – 11:05 am +1,Japan Airlines,SIN‐JFK,25h15m,1,HND,948,20220404-1438,cheap
12:30 pm – 12:20 am +2,Japan Airlines,JFK‐SIN,23h50m,1,NRT,12:30 am – 5:35 pm,"Scoot, PLAY",SIN‐SWF,29h05m,2,"BER, KEF",996,20220404-1438,cheap
12:30 pm – 12:20 am +2,Japan Airlines,JFK‐SIN,23h50m,1,NRT,11:30 pm – 10:15 pm +1,Turkish Airlines,SIN‐JFK,34h45m,1,IST,1006,20220404-1438,cheap
12:00 pm – 12:35 am +2,"United Airlines, ANA",EWR‐SIN,24h35m,1,NRT,8:45 am – 6:34 am +1,United Airlines,SIN‐EWR,33h49m,2,"SFO, LAS",1074,20220404-1438,cheap
12:00 pm – 12:35 am +2,"United Airlines, ANA",EWR‐SIN,24h35m,1,NRT,8:45 am – 6:58 am +1,United Airlines,SIN‐EWR,34h13m,2,"SFO, SLC",1074,20220404-1438,cheap
12:00 pm – 12:35 am +2,"United Airlines, ANA",EWR‐SIN,24h35m,1,NRT,8:45 am – 6:58 am +1,United Airlines,SIN‐EWR,34h13m,2,"SFO, SLC",1074,20220404-1438,cheap
12:00 pm – 12:35 am +2,"United Airlines, ANA",EWR‐SIN,24h35m,1,NRT,8:45 am – 6:58 am +1,United Airlines,SIN‐EWR,34h13m,2,"SFO, SLC",1074,20220404-1438,cheap
12:00 pm – 12:35 am +2,"United Airlines, ANA",EWR‐SIN,24h35m,1,NRT,8:45 am – 7:05 am +1,United Airlines,SIN‐EWR,34h20m,1,SFO,1081,20220404-1438,cheap
12:00 pm – 12:35 am +2,"United Airlines, ANA",EWR‐SIN,24h35m,1,NRT,8:45 am – 8:20 am +1,United Airlines,SIN‐EWR,35h35m,1,SFO,1081,20220404-1438,cheap
12:00 pm – 12:35 am +2,ANA,EWR‐SIN,24h35m,1,NRT,11:30 pm – 10:15 pm +1,Turkish Airlines,SIN‐JFK,34h45m,1,IST,1149,20220404-1438,cheap
12:30 pm – 12:20 am +2,Japan Airlines,JFK‐SIN,23h50m,1,NRT,9:50 pm – 11:05 am +1,Japan Airlines,SIN‐JFK,25h15m,1,HND,944,20220404-1436,best
12:30 pm – 12:20 am +2,Japan Airlines,JFK‐SIN,23h50m,1,NRT,9:50 pm – 11:05 am +1,Japan Airlines,SIN‐JFK,25h15m,1,HND,887,20220404-1436,best
12:30 pm – 12:20 am +2,American Airlines,JFK‐SIN,23h50m,1,NRT,8:10 am – 10:15 pm,American Airlines,SIN‐JFK,26h05m,2,"NRT, SFO",941,20220404-1436,best
9:30 am – 12:20 am +2,Japan Airlines,LGA‐SIN,26h50m,2,"ORD, NRT",9:50 pm – 11:05 am +1,Japan Airlines,SIN‐JFK,25h15m,1,HND,948,20220404-1436,best
9:30 am – 12:20 am +2,American Airlines,LGA‐SIN,26h50m,2,"ORD, NRT",8:10 am – 10:15 pm,American Airlines,SIN‐JFK,26h05m,2,"NRT, SFO",945,20220404-1436,best
8:30 am – 12:20 am +2,Japan Airlines,LGA‐SIN,27h50m,2,"ORD, NRT",9:50 pm – 11:05 am +1,Japan Airlines,SIN‐JFK,25h15m,1,HND,948,20220404-1436,best
12:30 pm – 12:20 am +2,Japan Airlines,JFK‐SIN,23h50m,1,NRT,1:10 pm – 10:05 pm,EVA Air,SIN‐JFK,20h55m,1,TPE,1317,20220404-1436,best
8:55 pm – 6:50 am +2,Singapore Airlines,JFK‐SIN,21h55m,1,FRA,11:50 am – 6:30 pm,Singapore Airlines,SIN‐JFK,18h40m,0,,1487,20220404-1436,best
12:30 pm – 12:20 am +2,Japan Airlines,JFK‐SIN,23h50m,1,NRT,2:40 am – 2:55 pm,Qatar Airways,SIN‐JFK,24h15m,1,DOH,1187,20220404-1436,best
12:00 pm – 12:35 am +2,"United Airlines, ANA",EWR‐SIN,24h35m,1,NRT,8:45 am – 9:52 pm,United Airlines,SIN‐LGA,25h07m,2,"SFO, DEN",1181,20220404-1436,best
12:30 pm – 12:20 am +2,Japan Airlines,JFK‐SIN,23h50m,1,NRT,8:10 am – 10:15 pm,Japan Airlines,SIN‐JFK,26h05m,2,"NRT, SFO",1185,20220404-1436,best
10:25 am – 5:10 pm +1,Singapore Airlines,EWR‐SIN,18h45m,0,,11:50 am – 6:30 pm,Singapore Airlines,SIN‐JFK,18h40m,0,,1664,20220404-1436,best
12:00 pm – 12:35 am +2,"United Airlines, ANA",EWR‐SIN,24h35m,1,NRT,8:45 am – 11:29 pm,United Airlines,SIN‐EWR,26h44m,2,"SFO, LAS",1181,20220404-1436,best
12:00 pm – 12:35 am +2,"United Airlines, ANA",EWR‐SIN,24h35m,1,NRT,8:45 am – 11:29 pm,United Airlines,SIN‐EWR,26h44m,2,"SFO, LAS",1181,20220404-1436,best
12:00 pm – 12:35 am +2,United Airlines,EWR‐SIN,24h35m,1,NRT,8:45 am – 7:21 pm,United Airlines,SIN‐EWR,22h36m,1,SFO,1310,20220404-1436,best
12:00 pm – 12:35 am +2,"United Airlines, ANA",EWR‐SIN,24h35m,1,NRT,8:45 am – 11:30 pm,United Airlines,SIN‐LGA,26h45m,2,"SFO, DEN",1181,20220404-1436,best
10:25 am – 5:10 pm +1,Singapore Airlines,EWR‐SIN,18h45m,0,,11:35 pm – 6:00 am +1,Singapore Airlines,SIN‐EWR,18h25m,0,,1961,20220404-1440,fast
10:30 pm – 5:20 am +2,Singapore Airlines,JFK‐SIN,18h50m,0,,11:35 pm – 6:00 am +1,Singapore Airlines,SIN‐EWR,18h25m,0,,2075,20220404-1440,fast
10:25 am – 5:10 pm +1,Singapore Airlines,EWR‐SIN,18h45m,0,,11:50 am – 6:30 pm,Singapore Airlines,SIN‐JFK,18h40m,0,,1664,20220404-1440,fast
10:30 pm – 5:20 am +2,Singapore Airlines,JFK‐SIN,18h50m,0,,11:50 am – 6:30 pm,Singapore Airlines,SIN‐JFK,18h40m,0,,1824,20220404-1440,fast
10:25 am – 5:10 pm +1,Singapore Airlines,EWR‐SIN,18h45m,0,,1:10 pm – 10:05 pm,EVA Air,SIN‐JFK,20h55m,1,TPE,2032,20220404-1440,fast
8:55 pm – 6:50 am +2,Singapore Airlines,JFK‐SIN,21h55m,1,FRA,11:35 pm – 6:00 am +1,Singapore Airlines,SIN‐EWR,18h25m,0,,1793,20220404-1440,fast
8:55 pm – 6:50 am +2,Singapore Airlines,JFK‐SIN,21h55m,1,FRA,11:50 am – 6:30 pm,Singapore Airlines,SIN‐JFK,18h40m,0,,1487,20220404-1440,fast
10:25 am – 5:10 pm +1,Singapore Airlines,EWR‐SIN,18h45m,0,,11:55 pm – 11:10 am +1,Singapore Airlines,SIN‐JFK,23h15m,1,FRA,1587,20220404-1440,fast
10:30 pm – 5:20 am +2,Singapore Airlines,JFK‐SIN,18h50m,0,,11:55 pm – 11:10 am +1,Singapore Airlines,SIN‐JFK,23h15m,1,FRA,1587,20220404-1440,fast
10:25 am – 5:10 pm +1,Singapore Airlines,EWR‐SIN,18h45m,0,,11:30 pm – 11:05 am +1,Turkish Airlines,SIN‐JFK,23h35m,1,IST,1990,20220404-1440,fast
10:30 pm – 5:20 am +2,Singapore Airlines,JFK‐SIN,18h50m,0,,11:30 pm – 11:05 am +1,Turkish Airlines,SIN‐JFK,23h35m,1,IST,2025,20220404-1440,fast
12:30 pm – 12:20 am +2,Japan Airlines,JFK‐SIN,23h50m,1,NRT,11:50 am – 6:30 pm,Singapore Airlines,SIN‐JFK,18h40m,0,,1546,20220404-1440,fast
11:20 am – 8:55 pm +1,Emirates,JFK‐SIN,21h35m,1,DXB,1:10 pm – 10:05 pm,EVA Air,SIN‐JFK,20h55m,1,TPE,2024,20220404-1440,fast
10:25 am – 5:10 pm +1,Singapore Airlines,EWR‐SIN,18h45m,0,,6:40 pm – 7:00 am +1,Singapore Airlines,SIN‐EWR,24h20m,1,LAX,1845,20220404-1440,fast
10:25 am – 5:10 pm +1,Singapore Airlines,EWR‐SIN,18h45m,0,,6:40 pm – 7:00 am +1,Singapore Airlines,SIN‐JFK,24h20m,1,SFO,2091,20220404-1440,fast
