Out Time,Out Airline,Out Cities,Out Duration,Out Stops,Out Stop Cities,Return Time,Return Airline,Return Cities,Return Duration,Return Stops,Return Stop Cities,Price,timestamp,sort
11:50 pm – 5:30 pm +2,Turkish Airlines,EWR‐SIN,29h40m,1,IST,11:30 pm – 10:20 pm +1,Turkish Airlines,SIN‐EWR,34h50m,1,IST,889,20220404-1001,cheap
6:30 pm – 6:45 am +2,United Airlines,EWR‐SIN,24h15m,1,SFO,9:00 am – 12:49 am +1,United Airlines,SIN‐EWR,27h49m,1,SFO,906,20220404-1001,cheap
5:30 pm – 6:45 am +2,United Airlines,EWR‐SIN,25h15m,1,SFO,9:00 am – 12:49 am +1,United Airlines,SIN‐EWR,27h49m,1,SFO,906,20220404-1001,cheap
5:30 pm – 6:45 am +2,United Airlines,JFK‐SIN,25h15m,1,SFO,9:00 am – 12:49 am +1,United Airlines,SIN‐EWR,27h49m,1,SFO,906,20220404-1001,cheap
4:40 pm – 6:45 am +2,United Airlines,LGA‐SIN,26h05m,2,"DEN, SFO",9:00 am – 12:49 am +1,United Airlines,SIN‐EWR,27h49m,1,SFO,906,20220404-1001,cheap
3:45 pm – 6:45 am +2,United Airlines,EWR‐SIN,27h00m,1,SFO,9:00 am – 12:49 am +1,United Airlines,SIN‐EWR,27h49m,1,SFO,906,20220404-1001,cheap
3:45 pm – 6:45 am +2,United Airlines,LGA‐SIN,27h00m,2,"IAD, SFO",9:00 am – 12:49 am +1,United Airlines,SIN‐EWR,27h49m,1,SFO,906,20220404-1001,cheap
3:00 pm – 6:45 am +2,United Airlines,EWR‐SIN,27h45m,2,"DCA, SFO",9:00 am – 12:49 am +1,United Airlines,SIN‐EWR,27h49m,1,SFO,906,20220404-1001,cheap
2:38 pm – 6:45 am +2,United Airlines,LGA‐SIN,28h07m,2,"IAD, SFO",9:00 am – 12:49 am +1,United Airlines,SIN‐EWR,27h49m,1,SFO,906,20220404-1001,cheap
2:15 pm – 6:45 am +2,United Airlines,EWR‐SIN,28h30m,1,SFO,9:00 am – 12:49 am +1,United Airlines,SIN‐EWR,27h49m,1,SFO,906,20220404-1001,cheap
2:06 pm – 6:45 am +2,United Airlines,LGA‐SIN,28h39m,2,"DEN, SFO",9:00 am – 12:49 am +1,United Airlines,SIN‐EWR,27h49m,1,SFO,906,20220404-1001,cheap
2:06 pm – 6:45 am +2,United Airlines,LGA‐SIN,28h39m,2,"DEN, SFO",9:00 am – 12:49 am +1,United Airlines,SIN‐EWR,27h49m,1,SFO,906,20220404-1001,cheap
12:00 pm – 6:45 am +2,United Airlines,EWR‐SIN,30h45m,1,SFO,9:00 am – 12:49 am +1,United Airlines,SIN‐EWR,27h49m,1,SFO,906,20220404-1001,cheap
11:59 am – 6:45 am +2,United Airlines,EWR‐SIN,30h46m,2,"LAX, SFO",9:00 am – 12:49 am +1,United Airlines,SIN‐EWR,27h49m,1,SFO,906,20220404-1001,cheap
10:15 am – 6:45 am +2,United Airlines,EWR‐SIN,32h30m,1,SFO,9:00 am – 12:49 am +1,United Airlines,SIN‐EWR,27h49m,1,SFO,906,20220404-1001,cheap
11:50 pm – 5:30 pm +2,Turkish Airlines,EWR‐SIN,29h40m,1,IST,11:30 pm – 10:20 pm +1,Turkish Airlines,SIN‐EWR,34h50m,1,IST,891,20220404-0959,best
6:30 pm – 6:45 am +2,United Airlines,EWR‐SIN,24h15m,1,SFO,9:00 am – 7:13 pm,United Airlines,SIN‐EWR,22h13m,1,SFO,1008,20220404-0959,best
11:50 pm – 5:30 pm +2,Turkish Airlines,EWR‐SIN,29h40m,1,IST,11:30 pm – 10:20 pm +1,Turkish Airlines,SIN‐EWR,34h50m,1,IST,889,20220404-0959,best
1:10 pm – 11:40 pm +1,Korean Air,JFK‐SIN,22h30m,1,ICN,1:10 am – 11:20 am,Korean Air,SIN‐JFK,22h10m,1,ICN,1040,20220404-0959,best
6:30 pm – 6:45 am +2,United Airlines,EWR‐SIN,24h15m,1,SFO,9:00 am – 9:55 pm,United Airlines,SIN‐LGA,24h55m,2,"SFO, DEN",910,20220404-0959,best
5:30 pm – 6:45 am +2,United Airlines,EWR‐SIN,25h15m,1,SFO,9:00 am – 7:13 pm,United Airlines,SIN‐EWR,22h13m,1,SFO,1008,20220404-0959,best
5:30 pm – 6:45 am +2,United Airlines,JFK‐SIN,25h15m,1,SFO,9:00 am – 7:13 pm,United Airlines,SIN‐EWR,22h13m,1,SFO,1008,20220404-0959,best
5:30 pm – 6:45 am +2,United Airlines,JFK‐SIN,25h15m,1,SFO,9:00 am – 9:55 pm,United Airlines,SIN‐LGA,24h55m,2,"SFO, DEN",910,20220404-0959,best
5:30 pm – 6:45 am +2,United Airlines,EWR‐SIN,25h15m,1,SFO,9:00 am – 9:55 pm,United Airlines,SIN‐LGA,24h55m,2,"SFO, DEN",910,20220404-0959,best
1:50 pm – 11:40 pm +1,Delta,JFK‐SIN,21h50m,1,ICN,1:10 am – 11:20 am,Delta,SIN‐JFK,22h10m,1,ICN,1111,20220404-0959,best
6:30 pm – 6:45 am +2,United Airlines,EWR‐SIN,24h15m,1,SFO,9:00 am – 11:21 pm,United Airlines,SIN‐EWR,26h21m,2,"SFO, SEA",910,20220404-0959,best
6:30 pm – 6:45 am +2,United Airlines,EWR‐SIN,24h15m,1,SFO,9:00 am – 12:49 am +1,United Airlines,SIN‐EWR,27h49m,1,SFO,906,20220404-0959,best
1:50 pm – 11:40 pm +1,Korean Air,JFK‐SIN,21h50m,1,ICN,1:10 am – 1:23 pm,Korean Air,SIN‐LGA,24h13m,2,"ICN, BOS",1024,20220404-0959,best
3:45 pm – 6:45 am +2,United Airlines,EWR‐SIN,27h00m,1,SFO,9:00 am – 7:13 pm,United Airlines,SIN‐EWR,22h13m,1,SFO,1008,20220404-0959,best
1:50 pm – 11:40 pm +1,Korean Air,JFK‐SIN,21h50m,1,ICN,1:10 am – 1:58 pm,Korean Air,SIN‐JFK,24h48m,2,"ICN, BOS",1024,20220404-0959,best
5:30 pm – 6:45 am +2,United Airlines,EWR‐SIN,25h15m,1,SFO,9:00 am – 11:21 pm,United Airlines,SIN‐EWR,26h21m,2,"SFO, SEA",910,20220404-0959,best
5:30 pm – 6:45 am +2,United Airlines,JFK‐SIN,25h15m,1,SFO,9:00 am – 11:21 pm,United Airlines,SIN‐EWR,26h21m,2,"SFO, SEA",910,20220404-0959,best
10:25 am – 5:10 pm +1,Singapore Airlines,EWR‐SIN,18h45m,0,,11:35 pm – 6:00 am +1,Singapore Airlines,SIN‐EWR,18h25m,0,,2025,20220404-1004,fast
10:30 pm – 5:20 am +2,Singapore Airlines,JFK‐SIN,18h50m,0,,11:35 pm – 6:00 am +1,Singapore Airlines,SIN‐EWR,18h25m,0,,2025,20220404-1004,fast
10:25 am – 5:10 pm +1,Singapore Airlines,EWR‐SIN,18h45m,0,,11:50 am – 6:30 pm,Singapore Airlines,SIN‐JFK,18h40m,0,,1672,20220404-1004,fast
10:30 pm – 5:20 am +2,Singapore Airlines,JFK‐SIN,18h50m,0,,11:50 am – 6:30 pm,Singapore Airlines,SIN‐JFK,18h40m,0,,1672,20220404-1004,fast
8:55 pm – 6:50 am +2,Singapore Airlines,JFK‐SIN,21h55m,1,FRA,11:35 pm – 6:00 am +1,Singapore Airlines,SIN‐EWR,18h25m,0,,1796,20220404-1004,fast
1:50 pm – 11:40 pm +1,Korean Air,JFK‐SIN,21h50m,1,ICN,11:50 am – 6:30 pm,Singapore Airlines,SIN‐JFK,18h40m,0,,1550,20220404-1004,fast
7:55 am – 5:45 pm +1,British Airways,JFK‐SIN,21h50m,1,LHR,11:50 am – 6:30 pm,Singapore Airlines,SIN‐JFK,18h40m,0,,6593,20220404-1004,fast
8:55 pm – 6:50 am +2,Singapore Airlines,JFK‐SIN,21h55m,1,FRA,11:50 am – 6:30 pm,Singapore Airlines,SIN‐JFK,18h40m,0,,1443,20220404-1004,fast
10:30 pm – 5:20 am +2,Singapore Airlines,JFK‐SIN,18h50m,0,,1:10 am – 11:20 am,Korean Air,SIN‐JFK,22h10m,1,ICN,2067,20220404-1004,fast
7:25 pm – 5:55 am +2,SWISS,JFK‐SIN,22h30m,2,"GVA, ZRH",11:50 am – 6:30 pm,Singapore Airlines,SIN‐JFK,18h40m,0,,7635,20220404-1004,fast
1:35 pm – 12:20 am +2,Japan Airlines,JFK‐SIN,22h45m,1,NRT,11:50 am – 6:30 pm,Singapore Airlines,SIN‐JFK,18h40m,0,,1530,20220404-1004,fast
10:25 am – 5:10 pm +1,Singapore Airlines,EWR‐SIN,18h45m,0,,11:55 pm – 11:10 am +1,Singapore Airlines,SIN‐JFK,23h15m,1,FRA,1570,20220404-1004,fast
10:30 pm – 5:20 am +2,Singapore Airlines,JFK‐SIN,18h50m,0,,11:55 pm – 11:10 am +1,Singapore Airlines,SIN‐JFK,23h15m,1,FRA,1570,20220404-1004,fast
6:30 pm – 6:45 am +2,United Airlines,EWR‐SIN,24h15m,1,SFO,11:35 pm – 6:00 am +1,Singapore Airlines,SIN‐EWR,18h25m,0,,2990,20220404-1004,fast
6:30 pm – 6:45 am +2,United Airlines,EWR‐SIN,24h15m,1,SFO,11:50 am – 6:30 pm,Singapore Airlines,SIN‐JFK,18h40m,0,,1569,20220404-1004,fast
