Out Time,Out Airline,Out Cities,Out Duration,Out Stops,Out Stop Cities,Return Time,Return Airline,Return Cities,Return Duration,Return Stops,Return Stop Cities,Price,timestamp,sort
4:15 pm – 6:00 pm +3,Finnair,JFK‐SIN,61h45m,2,"DFW, HEL",9:50 pm – 2:40 pm +1,Finnair,SIN‐JFK,28h50m,1,HEL,1006,20220404-1251,cheap
1:45 pm – 12:20 am +2,Japan Airlines,JFK‐SIN,22h35m,1,NRT,9:50 pm – 11:05 am +1,Japan Airlines,SIN‐JFK,25h15m,1,HND,1135,20220404-1251,cheap
10:25 am – 12:20 am +2,Japan Airlines,JFK‐SIN,25h55m,1,HND-NRT,9:50 pm – 11:05 am +1,Japan Airlines,SIN‐JFK,25h15m,1,HND,1143,20220404-1251,cheap
1:00 am – 3:45 pm +1,Qatar Airways,JFK‐SIN,26h45m,1,DOH,2:40 am – 2:55 pm,Qatar Airways,SIN‐JFK,24h15m,1,DOH,1146,20220404-1251,cheap
7:20 am – 12:20 am +2,Japan Airlines,EWR‐SIN,29h00m,2,"SEA, NRT",9:50 pm – 11:05 am +1,Japan Airlines,SIN‐JFK,25h15m,1,HND,1146,20220404-1251,cheap
1:00 am – 3:45 pm +1,"JetBlue, Qatar Airways",JFK‐SIN,26h45m,1,DOH,2:40 am – 2:55 pm,"Qatar Airways, JetBlue",SIN‐JFK,24h15m,1,DOH,1160,20220404-1251,cheap
11:15 am – 12:35 am +2,ANA,EWR‐SIN,25h20m,1,NRT,11:30 pm – 10:15 pm +1,Turkish Airlines,SIN‐JFK,34h45m,1,IST,1167,20220404-1251,cheap
9:55 pm – 3:45 pm +2,Qatar Airways,JFK‐SIN,29h50m,1,DOH,2:40 am – 2:55 pm,Qatar Airways,SIN‐JFK,24h15m,1,DOH,1189,20220404-1251,cheap
1:00 am – 3:45 pm +1,Qatar Airways,JFK‐SIN,26h45m,1,DOH,11:30 pm – 10:15 pm +1,Turkish Airlines,SIN‐JFK,34h45m,1,IST,1194,20220404-1251,cheap
1:45 pm – 12:20 am +2,Japan Airlines,JFK‐SIN,22h35m,1,NRT,11:30 pm – 10:15 pm +1,Turkish Airlines,SIN‐JFK,34h45m,1,IST,1197,20220404-1251,cheap
10:25 am – 12:20 am +2,Japan Airlines,JFK‐SIN,25h55m,1,HND-NRT,11:30 pm – 10:15 pm +1,Turkish Airlines,SIN‐JFK,34h45m,1,IST,1206,20220404-1251,cheap
9:30 am – 12:20 am +2,Japan Airlines,LGA‐SIN,26h50m,2,"ORD, NRT",9:50 pm – 11:05 am +1,Japan Airlines,SIN‐JFK,25h15m,1,HND,1212,20220404-1251,cheap
8:30 am – 12:20 am +2,Japan Airlines,LGA‐SIN,27h50m,2,"ORD, NRT",9:50 pm – 11:05 am +1,Japan Airlines,SIN‐JFK,25h15m,1,HND,1212,20220404-1251,cheap
8:20 am – 12:20 am +2,Japan Airlines,EWR‐SIN,28h00m,2,"SFO, NRT",9:50 pm – 11:05 am +1,Japan Airlines,SIN‐JFK,25h15m,1,HND,1212,20220404-1251,cheap
7:45 am – 12:20 am +2,Japan Airlines,EWR‐SIN,28h35m,2,"ORD, NRT",9:50 pm – 11:05 am +1,Japan Airlines,SIN‐JFK,25h15m,1,HND,1212,20220404-1251,cheap
11:15 am – 12:35 am +2,ANA,EWR‐SIN,25h20m,1,NRT,11:30 pm – 10:15 pm +1,Turkish Airlines,SIN‐JFK,34h45m,1,IST,1191,20220404-1249,best
10:25 am – 5:10 pm +1,Singapore Airlines,EWR‐SIN,18h45m,0,,11:50 am – 6:30 pm,Singapore Airlines,SIN‐JFK,18h40m,0,,1672,20220404-1249,best
4:15 pm – 6:00 pm +3,Finnair,JFK‐SIN,61h45m,2,"DFW, HEL",9:50 pm – 2:40 pm +1,Finnair,SIN‐JFK,28h50m,1,HEL,1006,20220404-1249,best
10:25 am – 5:10 pm +1,Singapore Airlines,EWR‐SIN,18h45m,0,,11:35 pm – 6:00 am +1,Singapore Airlines,SIN‐EWR,18h25m,0,,1672,20220404-1249,best
8:55 pm – 6:50 am +2,Singapore Airlines,JFK‐SIN,21h55m,1,FRA,11:50 am – 6:30 pm,Singapore Airlines,SIN‐JFK,18h40m,0,,1560,20220404-1249,best
1:45 pm – 12:20 am +2,Japan Airlines,JFK‐SIN,22h35m,1,NRT,9:50 pm – 11:05 am +1,Japan Airlines,SIN‐JFK,25h15m,1,HND,1135,20220404-1249,best
8:55 pm – 6:50 am +2,Singapore Airlines,JFK‐SIN,21h55m,1,FRA,11:35 pm – 6:00 am +1,Singapore Airlines,SIN‐EWR,18h25m,0,,1570,20220404-1249,best
10:30 pm – 5:20 am +2,Singapore Airlines,JFK‐SIN,18h50m,0,,11:50 am – 6:30 pm,Singapore Airlines,SIN‐JFK,18h40m,0,,1872,20220404-1249,best
10:25 am – 5:10 pm +1,Singapore Airlines,EWR‐SIN,18h45m,0,,11:55 pm – 11:10 am +1,Singapore Airlines,SIN‐JFK,23h15m,1,FRA,1570,20220404-1249,best
10:30 pm – 5:20 am +2,Singapore Airlines,JFK‐SIN,18h50m,0,,11:35 pm – 6:00 am +1,Singapore Airlines,SIN‐EWR,18h25m,0,,1872,20220404-1249,best
10:25 am – 12:20 am +2,Japan Airlines,JFK‐SIN,25h55m,1,HND-NRT,9:50 pm – 11:05 am +1,Japan Airlines,SIN‐JFK,25h15m,1,HND,1143,20220404-1249,best
8:55 pm – 4:25 pm +2,Singapore Airlines,JFK‐SIN,31h30m,1,FRA,11:50 am – 6:30 pm,Singapore Airlines,SIN‐JFK,18h40m,0,,1345,20220404-1249,best
8:55 pm – 6:50 am +2,Singapore Airlines,JFK‐SIN,21h55m,1,FRA,11:55 pm – 11:10 am +1,Singapore Airlines,SIN‐JFK,23h15m,1,FRA,1462,20220404-1249,best
1:45 pm – 12:20 am +2,Japan Airlines,JFK‐SIN,22h35m,1,NRT,2:40 am – 2:55 pm,Qatar Airways,SIN‐JFK,24h15m,1,DOH,1379,20220404-1249,best
8:55 pm – 4:25 pm +2,Singapore Airlines,JFK‐SIN,31h30m,1,FRA,11:35 pm – 6:00 am +1,Singapore Airlines,SIN‐EWR,18h25m,0,,1345,20220404-1249,best
10:25 am – 5:10 pm +1,Singapore Airlines,EWR‐SIN,18h45m,0,,6:40 pm – 7:00 am +1,Singapore Airlines,SIN‐EWR,24h20m,1,LAX,1757,20220404-1249,best
1:00 am – 3:45 pm +1,Qatar Airways,JFK‐SIN,26h45m,1,DOH,2:40 am – 2:55 pm,Qatar Airways,SIN‐JFK,24h15m,1,DOH,1146,20220404-1249,best
10:25 am – 5:10 pm +1,Singapore Airlines,EWR‐SIN,18h45m,0,,11:35 pm – 6:00 am +1,Singapore Airlines,SIN‐EWR,18h25m,0,,1672,20220404-1254,fast
10:30 pm – 5:20 am +2,Singapore Airlines,JFK‐SIN,18h50m,0,,11:35 pm – 6:00 am +1,Singapore Airlines,SIN‐EWR,18h25m,0,,1872,20220404-1254,fast
10:25 am – 5:10 pm +1,Singapore Airlines,EWR‐SIN,18h45m,0,,11:50 am – 6:30 pm,Singapore Airlines,SIN‐JFK,18h40m,0,,1672,20220404-1254,fast
10:30 pm – 5:20 am +2,Singapore Airlines,JFK‐SIN,18h50m,0,,11:50 am – 6:30 pm,Singapore Airlines,SIN‐JFK,18h40m,0,,1872,20220404-1254,fast
8:55 pm – 5:55 am +2,SWISS,JFK‐SIN,21h00m,1,ZRH,11:35 pm – 6:00 am +1,Singapore Airlines,SIN‐EWR,18h25m,0,,3680,20220404-1254,fast
8:55 pm – 5:55 am +2,SWISS,JFK‐SIN,21h00m,1,ZRH,11:50 am – 6:30 pm,Singapore Airlines,SIN‐JFK,18h40m,0,,3677,20220404-1254,fast
8:55 pm – 6:50 am +2,Singapore Airlines,JFK‐SIN,21h55m,1,FRA,11:35 pm – 6:00 am +1,Singapore Airlines,SIN‐EWR,18h25m,0,,1570,20220404-1254,fast
7:55 am – 5:45 pm +1,British Airways,JFK‐SIN,21h50m,1,LHR,11:50 am – 6:30 pm,Singapore Airlines,SIN‐JFK,18h40m,0,,6949,20220404-1254,fast
8:55 pm – 6:50 am +2,Singapore Airlines,JFK‐SIN,21h55m,1,FRA,11:50 am – 6:30 pm,Singapore Airlines,SIN‐JFK,18h40m,0,,1560,20220404-1254,fast
10:25 am – 5:10 pm +1,Singapore Airlines,EWR‐SIN,18h45m,0,,1:10 am – 11:20 am,Korean Air,SIN‐JFK,22h10m,1,ICN,2144,20220404-1254,fast
1:45 pm – 12:20 am +2,Japan Airlines,JFK‐SIN,22h35m,1,NRT,11:35 pm – 6:00 am +1,Singapore Airlines,SIN‐EWR,18h25m,0,,2079,20220404-1254,fast
1:45 pm – 12:20 am +2,Japan Airlines,JFK‐SIN,22h35m,1,NRT,11:50 am – 6:30 pm,Singapore Airlines,SIN‐JFK,18h40m,0,,2079,20220404-1254,fast
10:25 am – 5:10 pm +1,Singapore Airlines,EWR‐SIN,18h45m,0,,11:55 pm – 11:10 am +1,Singapore Airlines,SIN‐JFK,23h15m,1,FRA,1570,20220404-1254,fast
10:30 pm – 5:20 am +2,Singapore Airlines,JFK‐SIN,18h50m,0,,11:55 pm – 11:10 am +1,Singapore Airlines,SIN‐JFK,23h15m,1,FRA,1771,20220404-1254,fast
10:25 am – 5:10 pm +1,Singapore Airlines,EWR‐SIN,18h45m,0,,12:10 am – 11:35 am,Asiana Airlines,SIN‐JFK,23h25m,1,ICN,3044,20220404-1254,fast
