Out Time,Out Airline,Out Cities,Out Duration,Out Stops,Out Stop Cities,Return Time,Return Airline,Return Cities,Return Duration,Return Stops,Return Stop Cities,Price,timestamp,sort
11:25 am – 12:35 am +2,ANA,EWR‐SIN,25h10m,1,NRT,6:10 am – 4:40 pm,ANA,SIN‐EWR,22h30m,1,NRT,983,20220404-0806,cheap
6:30 am – 12:35 am +2,ANA,EWR‐SIN,30h05m,2,"SFO, NRT",6:10 am – 4:40 pm,ANA,SIN‐EWR,22h30m,1,NRT,1014,20220404-0806,cheap
7:00 am – 12:35 am +2,"United Airlines, ANA",EWR‐SIN,29h35m,2,"SEA, NRT",6:10 am – 4:40 pm,United Airlines,SIN‐EWR,22h30m,1,NRT,1024,20220404-0806,cheap
6:30 am – 12:35 am +2,"United Airlines, ANA",JFK‐SIN,30h05m,2,"SFO, NRT",6:10 am – 4:40 pm,United Airlines,SIN‐EWR,22h30m,1,NRT,1024,20220404-0806,cheap
6:00 am – 12:35 am +2,"United Airlines, ANA",LGA‐SIN,30h35m,2,"IAH, NRT",6:10 am – 4:40 pm,United Airlines,SIN‐EWR,22h30m,1,NRT,1024,20220404-0806,cheap
5:44 am – 12:35 am +2,"United Airlines, ANA",EWR‐SIN,30h51m,2,"IAH, NRT",6:10 am – 4:40 pm,United Airlines,SIN‐EWR,22h30m,1,NRT,1024,20220404-0806,cheap
11:25 am – 12:35 am +2,United Airlines,EWR‐SIN,25h10m,1,NRT,6:10 am – 8:14 pm,United Airlines,SIN‐LGA,26h04m,2,"NRT, ORD",1025,20220404-0806,cheap
11:25 am – 12:35 am +2,United Airlines,EWR‐SIN,25h10m,1,NRT,6:10 am – 9:19 pm,United Airlines,SIN‐LGA,27h09m,2,"NRT, ORD",1025,20220404-0806,cheap
11:25 am – 12:35 am +2,United Airlines,EWR‐SIN,25h10m,1,NRT,6:10 am – 9:59 pm,United Airlines,SIN‐LGA,27h49m,2,"NRT, IAH",1025,20220404-0806,cheap
11:25 am – 12:35 am +2,United Airlines,EWR‐SIN,25h10m,1,NRT,6:10 am – 11:09 pm,United Airlines,SIN‐EWR,28h59m,2,"NRT, SFO",1025,20220404-0806,cheap
11:25 am – 12:35 am +2,United Airlines,EWR‐SIN,25h10m,1,NRT,6:10 am – 11:23 pm,United Airlines,SIN‐LGA,29h13m,2,"NRT, IAD",1025,20220404-0806,cheap
11:25 am – 12:35 am +2,United Airlines,EWR‐SIN,25h10m,1,NRT,6:10 am – 11:28 pm,United Airlines,SIN‐EWR,29h18m,2,"NRT, IAD",1025,20220404-0806,cheap
11:25 am – 12:35 am +2,United Airlines,EWR‐SIN,25h10m,1,NRT,6:10 am – 12:44 am +1,United Airlines,SIN‐EWR,30h34m,2,"NRT, SFO",1025,20220404-0806,cheap
11:25 am – 12:35 am +2,United Airlines,EWR‐SIN,25h10m,1,NRT,6:10 am – 5:00 am +1,United Airlines,SIN‐JFK,34h50m,2,"NRT, SFO",1025,20220404-0806,cheap
11:25 am – 12:35 am +2,United Airlines,EWR‐SIN,25h10m,1,NRT,6:10 am – 6:59 am +1,United Airlines,SIN‐JFK,36h49m,2,"NRT, LAX",1025,20220404-0806,cheap
11:25 am – 12:35 am +2,ANA,EWR‐SIN,25h10m,1,NRT,6:10 am – 4:40 pm,ANA,SIN‐EWR,22h30m,1,NRT,983,20220404-0804,best
11:25 am – 12:35 am +2,ANA,EWR‐SIN,25h10m,1,NRT,6:10 am – 4:40 pm,ANA,SIN‐EWR,22h30m,1,NRT,983,20220404-0804,best
10:25 am – 5:10 pm +1,Singapore Airlines,EWR‐SIN,18h45m,0,,11:50 am – 6:30 pm,Singapore Airlines,SIN‐JFK,18h40m,0,,1674,20220404-0804,best
11:25 am – 12:35 am +2,United Airlines,EWR‐SIN,25h10m,1,NRT,6:10 am – 8:14 pm,United Airlines,SIN‐LGA,26h04m,2,"NRT, ORD",1025,20220404-0804,best
11:25 am – 12:35 am +2,ANA,EWR‐SIN,25h10m,1,NRT,10:10 pm – 10:15 am +1,ANA,SIN‐JFK,24h05m,1,HND,1084,20220404-0804,best
10:25 am – 5:10 pm +1,Singapore Airlines,EWR‐SIN,18h45m,0,,11:35 pm – 6:00 am +1,Singapore Airlines,SIN‐EWR,18h25m,0,,1674,20220404-0804,best
11:25 am – 12:35 am +2,United Airlines,EWR‐SIN,25h10m,1,NRT,6:10 am – 9:19 pm,United Airlines,SIN‐LGA,27h09m,2,"NRT, ORD",1025,20220404-0804,best
7:00 am – 12:35 am +2,"United Airlines, ANA",EWR‐SIN,29h35m,2,"SEA, NRT",6:10 am – 4:40 pm,United Airlines,SIN‐EWR,22h30m,1,NRT,1024,20220404-0804,best
6:30 am – 12:35 am +2,ANA,EWR‐SIN,30h05m,2,"SFO, NRT",6:10 am – 4:40 pm,ANA,SIN‐EWR,22h30m,1,NRT,1014,20220404-0804,best
11:25 am – 12:35 am +2,United Airlines,EWR‐SIN,25h10m,1,NRT,6:10 am – 9:44 pm,"ANA, United Airlines",SIN‐EWR,27h34m,2,"NRT, SFO",1030,20220404-0804,best
11:25 am – 12:35 am +2,United Airlines,EWR‐SIN,25h10m,1,NRT,6:10 am – 9:59 pm,United Airlines,SIN‐LGA,27h49m,2,"NRT, IAH",1025,20220404-0804,best
6:30 am – 12:35 am +2,"United Airlines, ANA",JFK‐SIN,30h05m,2,"SFO, NRT",6:10 am – 4:40 pm,United Airlines,SIN‐EWR,22h30m,1,NRT,1024,20220404-0804,best
6:00 am – 12:35 am +2,"United Airlines, ANA",LGA‐SIN,30h35m,2,"IAH, NRT",6:10 am – 4:40 pm,United Airlines,SIN‐EWR,22h30m,1,NRT,1024,20220404-0804,best
11:25 am – 12:35 am +2,United Airlines,EWR‐SIN,25h10m,1,NRT,6:10 am – 8:54 pm,United Airlines,SIN‐EWR,26h44m,2,"NRT, LAX",1090,20220404-0804,best
11:25 am – 12:35 am +2,United Airlines,EWR‐SIN,25h10m,1,NRT,6:10 am – 10:53 pm,"ANA, United Airlines",SIN‐EWR,28h43m,2,"NRT, IAH",1030,20220404-0804,best
11:25 am – 12:35 am +2,United Airlines,EWR‐SIN,25h10m,1,NRT,6:10 am – 11:09 pm,United Airlines,SIN‐EWR,28h59m,2,"NRT, SFO",1025,20220404-0804,best
10:25 am – 5:10 pm +1,Singapore Airlines,EWR‐SIN,18h45m,0,,11:35 pm – 6:00 am +1,Singapore Airlines,SIN‐EWR,18h25m,0,,1674,20220404-0809,fast
10:30 pm – 5:20 am +2,Singapore Airlines,JFK‐SIN,18h50m,0,,11:35 pm – 6:00 am +1,Singapore Airlines,SIN‐EWR,18h25m,0,,2040,20220404-0809,fast
10:25 am – 5:10 pm +1,Singapore Airlines,EWR‐SIN,18h45m,0,,11:50 am – 6:30 pm,Singapore Airlines,SIN‐JFK,18h40m,0,,1674,20220404-0809,fast
10:30 pm – 5:20 am +2,Singapore Airlines,JFK‐SIN,18h50m,0,,11:50 am – 6:30 pm,Singapore Airlines,SIN‐JFK,18h40m,0,,2040,20220404-0809,fast
8:55 pm – 5:55 am +2,SWISS,JFK‐SIN,21h00m,1,ZRH,11:35 pm – 6:00 am +1,Singapore Airlines,SIN‐EWR,18h25m,0,,3563,20220404-0809,fast
8:55 pm – 5:55 am +2,SWISS,JFK‐SIN,21h00m,1,ZRH,11:50 am – 6:30 pm,Singapore Airlines,SIN‐JFK,18h40m,0,,3563,20220404-0809,fast
8:55 pm – 6:40 am +2,SWISS,JFK‐SIN,21h45m,1,ZRH,11:35 pm – 6:00 am +1,Singapore Airlines,SIN‐EWR,18h25m,0,,7562,20220404-0809,fast
11:20 am – 8:55 pm +1,Emirates,JFK‐SIN,21h35m,1,DXB,11:50 am – 6:30 pm,Singapore Airlines,SIN‐JFK,18h40m,0,,2447,20220404-0809,fast
8:55 pm – 6:50 am +2,Singapore Airlines,JFK‐SIN,21h55m,1,FRA,11:35 pm – 6:00 am +1,Singapore Airlines,SIN‐EWR,18h25m,0,,1638,20220404-0809,fast
8:55 pm – 6:40 am +2,SWISS,JFK‐SIN,21h45m,1,ZRH,11:50 am – 6:30 pm,Singapore Airlines,SIN‐JFK,18h40m,0,,7562,20220404-0809,fast
8:55 pm – 6:50 am +2,Singapore Airlines,JFK‐SIN,21h55m,1,FRA,11:50 am – 6:30 pm,Singapore Airlines,SIN‐JFK,18h40m,0,,1638,20220404-0809,fast
10:25 am – 5:10 pm +1,Singapore Airlines,EWR‐SIN,18h45m,0,,6:10 am – 4:40 pm,ANA,SIN‐EWR,22h30m,1,NRT,2018,20220404-0809,fast
10:25 am – 5:10 pm +1,Singapore Airlines,EWR‐SIN,18h45m,0,,11:55 pm – 11:10 am +1,Singapore Airlines,SIN‐JFK,23h15m,1,FRA,1521,20220404-0809,fast
10:30 pm – 5:20 am +2,Singapore Airlines,JFK‐SIN,18h50m,0,,11:55 pm – 11:10 am +1,Singapore Airlines,SIN‐JFK,23h15m,1,FRA,1888,20220404-0809,fast
10:25 am – 5:10 pm +1,Singapore Airlines,EWR‐SIN,18h45m,0,,11:30 pm – 11:05 am +1,Turkish Airlines,SIN‐JFK,23h35m,1,IST,1891,20220404-0809,fast
