Out Time,Out Airline,Out Cities,Out Duration,Out Stops,Out Stop Cities,Return Time,Return Airline,Return Cities,Return Duration,Return Stops,Return Stop Cities,Price,timestamp,sort
7:20 am – 12:20 am +2,Japan Airlines,EWR‐SIN,29h00m,2,"SEA, NRT",9:50 pm – 10:10 am +1,Japan Airlines,SIN‐JFK,24h20m,1,HND-NRT,1064,20220404-1431,cheap
7:00 am – 12:35 am +2,"United Airlines, ANA",EWR‐SIN,29h35m,2,"SEA, NRT",8:45 am – 1:07 am +1,United Airlines,SIN‐EWR,28h22m,1,SFO,1066,20220404-1431,cheap
7:00 am – 12:35 am +2,"United Airlines, ANA",EWR‐SIN,29h35m,2,"SEA, NRT",8:45 am – 5:30 am +1,United Airlines,SIN‐JFK,32h45m,1,SFO,1066,20220404-1431,cheap
7:00 am – 12:35 am +2,"United Airlines, ANA",EWR‐SIN,29h35m,2,"SEA, NRT",8:45 am – 9:52 pm,United Airlines,SIN‐LGA,25h07m,2,"SFO, DEN",1071,20220404-1431,cheap
7:00 am – 12:35 am +2,"United Airlines, ANA",EWR‐SIN,29h35m,2,"SEA, NRT",6:10 am – 4:45 pm,"ANA, United Airlines",SIN‐EWR,22h35m,1,NRT,1074,20220404-1431,cheap
6:29 am – 12:35 am +2,ANA,EWR‐SIN,30h06m,2,"SFO, NRT",10:10 pm – 10:15 am +1,ANA,SIN‐JFK,24h05m,1,HND,1074,20220404-1431,cheap
7:20 am – 12:20 am +2,Japan Airlines,EWR‐SIN,29h00m,2,"SEA, NRT",9:50 pm – 2:33 pm +1,Japan Airlines,SIN‐LGA,28h43m,2,"HND-NRT, ORD",1074,20220404-1431,cheap
7:20 am – 12:20 am +2,Japan Airlines,EWR‐SIN,29h00m,2,"SEA, NRT",9:50 pm – 3:34 pm +1,Japan Airlines,SIN‐LGA,29h44m,2,"HND-NRT, ORD",1074,20220404-1431,cheap
7:20 am – 12:20 am +2,Japan Airlines,EWR‐SIN,29h00m,2,"SEA, NRT",9:50 pm – 11:05 am +1,Japan Airlines,SIN‐JFK,25h15m,1,HND,1090,20220404-1431,cheap
7:20 am – 12:20 am +2,Japan Airlines,EWR‐SIN,29h00m,2,"SEA, NRT",8:35 pm – 11:55 am +1,SAUDIA,SIN‐JFK,27h20m,2,"MLE, RUH",1114,20220404-1431,cheap
8:55 pm – 4:25 pm +2,Singapore Airlines,JFK‐SIN,31h30m,1,FRA,11:55 pm – 11:10 am +1,Singapore Airlines,SIN‐JFK,23h15m,1,FRA,1118,20220404-1431,cheap
8:55 pm – 4:25 pm +2,Singapore Airlines,JFK‐SIN,31h30m,1,FRA,11:55 pm – 11:10 am +1,Singapore Airlines,SIN‐JFK,23h15m,0,,1142,20220404-1431,cheap
8:55 pm – 4:25 pm +2,Singapore Airlines,JFK‐SIN,31h30m,1,FRA,8:35 pm – 11:55 am +1,SAUDIA,SIN‐JFK,27h20m,2,"MLE, RUH",1189,20220404-1431,cheap
7:20 am – 12:20 am +2,Japan Airlines,EWR‐SIN,29h00m,2,"SEA, NRT",9:25 pm – 8:30 am +1,JetBlue,SIN‐JFK,23h05m,1,DOH,1220,20220404-1431,cheap
7:20 am – 12:20 am +2,Japan Airlines,EWR‐SIN,29h00m,2,"SEA, NRT",2:40 am – 10:45 pm,"Qatar Airways, JetBlue",SIN‐JFK,32h05m,1,DOH,1221,20220404-1431,cheap
6:29 am – 12:35 am +2,ANA,EWR‐SIN,30h06m,2,"SFO, NRT",10:10 pm – 10:15 am +1,ANA,SIN‐JFK,24h05m,1,HND,1074,20220404-1428,best
10:25 am – 5:10 pm +1,Singapore Airlines,EWR‐SIN,18h45m,0,,11:50 am – 6:30 pm,Singapore Airlines,SIN‐JFK,18h40m,0,,1661,20220404-1428,best
7:20 am – 12:20 am +2,Japan Airlines,EWR‐SIN,29h00m,2,"SEA, NRT",9:50 pm – 10:10 am +1,Japan Airlines,SIN‐JFK,24h20m,1,HND-NRT,1064,20220404-1428,best
8:55 pm – 6:50 am +2,Singapore Airlines,JFK‐SIN,21h55m,1,FRA,11:50 am – 6:30 pm,Singapore Airlines,SIN‐JFK,18h40m,0,,1493,20220404-1428,best
10:25 am – 5:10 pm +1,Singapore Airlines,EWR‐SIN,18h45m,0,,11:55 pm – 11:10 am +1,Singapore Airlines,SIN‐JFK,23h15m,1,FRA,1355,20220404-1428,best
10:25 am – 5:10 pm +1,Singapore Airlines,EWR‐SIN,18h45m,0,,11:35 pm – 6:00 am +1,Singapore Airlines,SIN‐EWR,18h25m,0,,1661,20220404-1428,best
8:55 pm – 6:50 am +2,Singapore Airlines,JFK‐SIN,21h55m,1,FRA,11:55 pm – 11:10 am +1,Singapore Airlines,SIN‐JFK,23h15m,1,FRA,1232,20220404-1428,best
8:55 pm – 6:50 am +2,Singapore Airlines,JFK‐SIN,21h55m,1,FRA,11:35 pm – 6:00 am +1,Singapore Airlines,SIN‐EWR,18h25m,0,,1493,20220404-1428,best
10:30 pm – 5:20 am +2,Singapore Airlines,JFK‐SIN,18h50m,0,,11:55 pm – 11:10 am +1,Singapore Airlines,SIN‐JFK,23h15m,1,FRA,1440,20220404-1428,best
10:30 pm – 5:20 am +2,Singapore Airlines,JFK‐SIN,18h50m,0,,11:50 am – 6:30 pm,Singapore Airlines,SIN‐JFK,18h40m,0,,1822,20220404-1428,best
7:00 am – 12:35 am +2,"United Airlines, ANA",EWR‐SIN,29h35m,2,"SEA, NRT",6:10 am – 4:45 pm,"ANA, United Airlines",SIN‐EWR,22h35m,1,NRT,1074,20220404-1428,best
10:30 pm – 5:20 am +2,Singapore Airlines,JFK‐SIN,18h50m,0,,11:35 pm – 6:00 am +1,Singapore Airlines,SIN‐EWR,18h25m,0,,1822,20220404-1428,best
8:55 pm – 4:25 pm +2,Singapore Airlines,JFK‐SIN,31h30m,1,FRA,11:50 am – 6:30 pm,Singapore Airlines,SIN‐JFK,18h40m,0,,1376,20220404-1428,best
10:25 am – 5:10 pm +1,Singapore Airlines,EWR‐SIN,18h45m,0,,9:00 am – 10:29 pm,Singapore Airlines,SIN‐JFK,25h29m,1,SEA,1623,20220404-1428,best
10:25 am – 5:10 pm +1,Singapore Airlines,EWR‐SIN,18h45m,0,,9:25 am – 10:59 pm,Singapore Airlines,SIN‐JFK,25h34m,1,SFO,1622,20220404-1428,best
1:25 am – 12:00 pm +1,EVA Air,JFK‐SIN,22h35m,1,TPE,1:10 pm – 10:05 pm,EVA Air,SIN‐JFK,20h55m,1,TPE,1536,20220404-1428,best
10:25 am – 5:10 pm +1,Singapore Airlines,EWR‐SIN,18h45m,0,,11:35 pm – 6:00 am +1,Singapore Airlines,SIN‐EWR,18h25m,0,,1661,20220404-1433,fast
10:30 pm – 5:20 am +2,Singapore Airlines,JFK‐SIN,18h50m,0,,11:35 pm – 6:00 am +1,Singapore Airlines,SIN‐EWR,18h25m,0,,1822,20220404-1433,fast
10:25 am – 5:10 pm +1,Singapore Airlines,EWR‐SIN,18h45m,0,,11:50 am – 6:30 pm,Singapore Airlines,SIN‐JFK,18h40m,0,,1661,20220404-1433,fast
10:30 pm – 5:20 am +2,Singapore Airlines,JFK‐SIN,18h50m,0,,11:50 am – 6:30 pm,Singapore Airlines,SIN‐JFK,18h40m,0,,1822,20220404-1433,fast
8:55 pm – 5:55 am +2,SWISS,JFK‐SIN,21h00m,1,ZRH,11:35 pm – 6:00 am +1,Singapore Airlines,SIN‐EWR,18h25m,0,,3619,20220404-1433,fast
8:55 pm – 5:55 am +2,SWISS,JFK‐SIN,21h00m,1,ZRH,11:50 am – 6:30 pm,Singapore Airlines,SIN‐JFK,18h40m,0,,3619,20220404-1433,fast
8:55 pm – 6:15 am +2,SWISS,JFK‐SIN,21h20m,1,ZRH,11:35 pm – 6:00 am +1,Singapore Airlines,SIN‐EWR,18h25m,0,,3634,20220404-1433,fast
8:55 pm – 6:15 am +2,SWISS,JFK‐SIN,21h20m,1,ZRH,11:50 am – 6:30 pm,Singapore Airlines,SIN‐JFK,18h40m,0,,3634,20220404-1433,fast
8:55 pm – 6:50 am +2,Singapore Airlines,JFK‐SIN,21h55m,1,FRA,11:35 pm – 6:00 am +1,Singapore Airlines,SIN‐EWR,18h25m,0,,1493,20220404-1433,fast
8:55 pm – 6:50 am +2,Singapore Airlines,JFK‐SIN,21h55m,1,FRA,11:50 am – 6:30 pm,Singapore Airlines,SIN‐JFK,18h40m,0,,1493,20220404-1433,fast
1:25 am – 12:00 pm +1,EVA Air,JFK‐SIN,22h35m,1,TPE,11:35 pm – 6:00 am +1,Singapore Airlines,SIN‐EWR,18h25m,0,,2093,20220404-1433,fast
1:25 am – 12:00 pm +1,EVA Air,JFK‐SIN,22h35m,1,TPE,11:50 am – 6:30 pm,Singapore Airlines,SIN‐JFK,18h40m,0,,2093,20220404-1433,fast
10:25 am – 5:10 pm +1,Singapore Airlines,EWR‐SIN,18h45m,0,,6:10 am – 4:45 pm,ANA,SIN‐EWR,22h35m,1,NRT,2165,20220404-1433,fast
10:30 pm – 5:20 am +2,Singapore Airlines,JFK‐SIN,18h50m,0,,6:10 am – 4:45 pm,ANA,SIN‐EWR,22h35m,1,NRT,2401,20220404-1433,fast
10:25 am – 5:10 pm +1,Singapore Airlines,EWR‐SIN,18h45m,0,,9:25 pm – 8:30 am +1,Qatar Airways,SIN‐JFK,23h05m,1,DOH,1797,20220404-1433,fast
