Out Time,Out Airline,Out Cities,Out Duration,Out Stops,Out Stop Cities,Return Time,Return Airline,Return Cities,Return Duration,Return Stops,Return Stop Cities,Price,timestamp,sort
6:30 am – 12:20 am +2,Japan Airlines,JFK‐SIN,29h50m,2,"SFO, NRT",9:50 pm – 10:10 am +1,Japan Airlines,SIN‐JFK,24h20m,1,HND-NRT,1068,20220408-0819,cheap
8:00 am – 6:15 am +2,United Airlines,EWR‐SIN,34h15m,1,SFO,8:45 am – 10:08 pm,United Airlines,SIN‐EWR,25h23m,1,SFO,1082,20220408-0819,cheap
8:00 am – 6:15 am +2,United Airlines,EWR‐SIN,34h15m,1,SFO,8:45 am – 11:58 pm,United Airlines,SIN‐EWR,27h13m,1,SFO,1082,20220408-0819,cheap
8:00 am – 6:15 am +2,United Airlines,EWR‐SIN,34h15m,1,SFO,8:45 am – 12:53 am +1,United Airlines,SIN‐EWR,28h08m,1,SFO,1082,20220408-0819,cheap
7:30 am – 12:20 am +2,"Alaska Airlines, Japan Airlines",JFK‐SIN,28h50m,2,"SFO, NRT",9:50 pm – 10:10 am +1,Japan Airlines,SIN‐JFK,24h20m,1,HND-NRT,1097,20220408-0819,cheap
7:20 am – 12:20 am +2,Japan Airlines,EWR‐SIN,29h00m,2,"SEA, NRT",9:50 pm – 10:10 am +1,Japan Airlines,SIN‐JFK,24h20m,1,HND-NRT,1146,20220408-0819,cheap
11:35 am – 12:35 am +2,ANA,EWR‐SIN,25h00m,1,NRT,6:10 am – 4:40 pm,ANA,SIN‐EWR,22h30m,1,NRT,1156,20220408-0819,cheap
8:25 am – 12:20 am +2,Japan Airlines,EWR‐SIN,27h55m,2,"SFO, NRT",9:50 pm – 10:10 am +1,Japan Airlines,SIN‐JFK,24h20m,1,HND-NRT,1158,20220408-0819,cheap
10:55 am – 12:35 am +2,ANA,EWR‐SIN,25h40m,1,HND-NRT,6:10 am – 4:40 pm,ANA,SIN‐EWR,22h30m,1,NRT,1166,20220408-0819,cheap
8:00 am – 12:35 am +2,ANA,EWR‐SIN,28h35m,2,"SFO, NRT",6:10 am – 4:40 pm,ANA,SIN‐EWR,22h30m,1,NRT,1189,20220408-0819,cheap
6:00 pm – 6:15 am +2,United Airlines,EWR‐SIN,24h15m,1,SFO,8:45 am – 10:08 pm,United Airlines,SIN‐EWR,25h23m,1,SFO,1191,20220408-0819,cheap
5:30 pm – 6:15 am +2,United Airlines,JFK‐SIN,24h45m,1,SFO,8:45 am – 10:08 pm,United Airlines,SIN‐EWR,25h23m,1,SFO,1191,20220408-0819,cheap
5:00 pm – 6:15 am +2,United Airlines,EWR‐SIN,25h15m,1,SFO,8:45 am – 10:08 pm,United Airlines,SIN‐EWR,25h23m,1,SFO,1191,20220408-0819,cheap
6:00 pm – 6:15 am +2,United Airlines,EWR‐SIN,24h15m,1,SFO,8:45 am – 11:58 pm,United Airlines,SIN‐EWR,27h13m,1,SFO,1191,20220408-0819,cheap
4:00 pm – 6:15 am +2,United Airlines,EWR‐SIN,26h15m,2,"LAX, SFO",8:45 am – 10:08 pm,United Airlines,SIN‐EWR,25h23m,1,SFO,1191,20220408-0819,cheap
8:55 pm – 4:25 pm +2,Singapore Airlines,JFK‐SIN,31h30m,1,FRA,11:55 pm – 11:10 am +1,Singapore Airlines,SIN‐JFK,23h15m,1,FRA,1510,20220408-0816,best
11:35 am – 12:35 am +2,ANA,EWR‐SIN,25h00m,1,NRT,6:10 am – 4:40 pm,ANA,SIN‐EWR,22h30m,1,NRT,1156,20220408-0816,best
6:30 am – 12:20 am +2,Japan Airlines,JFK‐SIN,29h50m,2,"SFO, NRT",9:50 pm – 10:10 am +1,Japan Airlines,SIN‐JFK,24h20m,1,HND-NRT,1068,20220408-0816,best
1:50 pm – 11:40 pm +1,Korean Air,JFK‐SIN,21h50m,1,ICN,1:40 pm – 11:15 pm,Philippine Airlines,SIN‐JFK,21h35m,1,MNL,1356,20220408-0816,best
10:55 am – 12:35 am +2,ANA,EWR‐SIN,25h40m,1,HND-NRT,6:10 am – 4:40 pm,ANA,SIN‐EWR,22h30m,1,NRT,1166,20220408-0816,best
11:35 am – 12:35 am +2,ANA,EWR‐SIN,25h00m,1,NRT,1:40 pm – 11:15 pm,Philippine Airlines,SIN‐JFK,21h35m,1,MNL,1285,20220408-0816,best
6:00 pm – 6:15 am +2,United Airlines,EWR‐SIN,24h15m,1,SFO,6:10 am – 4:40 pm,"ANA, United Airlines",SIN‐EWR,22h30m,1,NRT,1297,20220408-0816,best
5:30 pm – 6:15 am +2,United Airlines,JFK‐SIN,24h45m,1,SFO,6:10 am – 4:40 pm,"ANA, United Airlines",SIN‐EWR,22h30m,1,NRT,1297,20220408-0816,best
10:55 am – 12:35 am +2,ANA,EWR‐SIN,25h40m,1,HND-NRT,1:40 pm – 11:15 pm,Philippine Airlines,SIN‐JFK,21h35m,1,MNL,1293,20220408-0816,best
6:00 pm – 6:15 am +2,United Airlines,EWR‐SIN,24h15m,1,SFO,8:45 am – 10:08 pm,United Airlines,SIN‐EWR,25h23m,1,SFO,1191,20220408-0816,best
5:30 pm – 6:15 am +2,United Airlines,JFK‐SIN,24h45m,1,SFO,8:45 am – 10:08 pm,United Airlines,SIN‐EWR,25h23m,1,SFO,1191,20220408-0816,best
1:50 pm – 11:40 pm +1,Korean Air,JFK‐SIN,21h50m,1,ICN,10:30 am – 11:15 pm,Philippine Airlines,SIN‐JFK,24h45m,1,MNL,1356,20220408-0816,best
8:55 pm – 6:50 am +2,Singapore Airlines,JFK‐SIN,21h55m,1,FRA,11:50 am – 6:30 pm,Singapore Airlines,SIN‐JFK,18h40m,0,,1650,20220408-0816,best
5:00 pm – 6:15 am +2,United Airlines,EWR‐SIN,25h15m,1,SFO,8:45 am – 10:08 pm,United Airlines,SIN‐EWR,25h23m,1,SFO,1191,20220408-0816,best
6:00 pm – 6:15 am +2,United Airlines,EWR‐SIN,24h15m,1,SFO,8:45 am – 11:58 pm,United Airlines,SIN‐EWR,27h13m,1,SFO,1191,20220408-0816,best
11:35 am – 12:35 am +2,ANA,EWR‐SIN,25h00m,1,NRT,10:30 am – 11:15 pm,Philippine Airlines,SIN‐JFK,24h45m,1,MNL,1285,20220408-0816,best
8:00 am – 12:35 am +2,ANA,EWR‐SIN,28h35m,2,"SFO, NRT",6:10 am – 4:40 pm,ANA,SIN‐EWR,22h30m,1,NRT,1189,20220408-0816,best
10:25 am – 5:10 pm +1,Singapore Airlines,EWR‐SIN,18h45m,0,,11:35 pm – 6:00 am +1,Singapore Airlines,SIN‐EWR,18h25m,0,,2159,20220408-0821,fast
10:30 pm – 5:20 am +2,Singapore Airlines,JFK‐SIN,18h50m,0,,11:35 pm – 6:00 am +1,Singapore Airlines,SIN‐EWR,18h25m,0,,2056,20220408-0821,fast
10:25 am – 5:10 pm +1,Singapore Airlines,EWR‐SIN,18h45m,0,,11:50 am – 6:30 pm,Singapore Airlines,SIN‐JFK,18h40m,0,,1996,20220408-0821,fast
10:30 pm – 5:20 am +2,Singapore Airlines,JFK‐SIN,18h50m,0,,11:50 am – 6:30 pm,Singapore Airlines,SIN‐JFK,18h40m,0,,1996,20220408-0821,fast
1:50 pm – 11:40 pm +1,Korean Air,JFK‐SIN,21h50m,1,ICN,11:35 pm – 6:00 am +1,Singapore Airlines,SIN‐EWR,18h25m,0,,2074,20220408-0821,fast
8:55 pm – 6:50 am +2,Singapore Airlines,JFK‐SIN,21h55m,1,FRA,11:35 pm – 6:00 am +1,Singapore Airlines,SIN‐EWR,18h25m,0,,1720,20220408-0821,fast
1:50 pm – 11:40 pm +1,Korean Air,JFK‐SIN,21h50m,1,ICN,11:50 am – 6:30 pm,Singapore Airlines,SIN‐JFK,18h40m,0,,2074,20220408-0821,fast
8:55 pm – 6:50 am +2,Singapore Airlines,JFK‐SIN,21h55m,1,FRA,11:50 am – 6:30 pm,Singapore Airlines,SIN‐JFK,18h40m,0,,1650,20220408-0821,fast
10:25 am – 5:10 pm +1,Singapore Airlines,EWR‐SIN,18h45m,0,,9:25 pm – 8:30 am +1,Qatar Airways,SIN‐JFK,23h05m,1,DOH,2151,20220408-0821,fast
10:30 pm – 5:20 am +2,Singapore Airlines,JFK‐SIN,18h50m,0,,9:25 pm – 8:30 am +1,Qatar Airways,SIN‐JFK,23h05m,1,DOH,2151,20220408-0821,fast
10:25 am – 5:10 pm +1,Singapore Airlines,EWR‐SIN,18h45m,0,,11:55 pm – 11:10 am +1,Singapore Airlines,SIN‐JFK,23h15m,1,FRA,1826,20220408-0821,fast
10:30 pm – 5:20 am +2,Singapore Airlines,JFK‐SIN,18h50m,0,,11:55 pm – 11:10 am +1,Singapore Airlines,SIN‐JFK,23h15m,1,FRA,1803,20220408-0821,fast
6:15 pm – 5:55 am +2,SWISS,EWR‐SIN,23h40m,1,ZRH,11:35 pm – 6:00 am +1,Singapore Airlines,SIN‐EWR,18h25m,0,,3677,20220408-0821,fast
6:15 pm – 5:55 am +2,SWISS,EWR‐SIN,23h40m,1,ZRH,11:50 am – 6:30 pm,Singapore Airlines,SIN‐JFK,18h40m,0,,3677,20220408-0821,fast
11:20 am – 8:55 pm +1,Emirates,JFK‐SIN,21h35m,1,DXB,1:10 pm – 10:05 pm,EVA Air,SIN‐JFK,20h55m,1,TPE,1967,20220408-0821,fast
