Out Time,Out Airline,Out Cities,Out Duration,Out Stops,Out Stop Cities,Return Time,Return Airline,Return Cities,Return Duration,Return Stops,Return Stop Cities,Price,timestamp,sort
11:55 pm – 5:30 pm +2,Turkish Airlines,JFK‐SIN,29h35m,1,IST,11:30 pm – 11:05 am +1,Turkish Airlines,SIN‐JFK,23h35m,1,IST,819,20220404-1042,cheap
11:50 pm – 5:30 pm +2,Turkish Airlines,EWR‐SIN,29h40m,1,IST,11:30 pm – 11:05 am +1,Turkish Airlines,SIN‐JFK,23h35m,1,IST,819,20220404-1042,cheap
6:55 pm – 5:30 pm +2,Turkish Airlines,JFK‐SIN,34h35m,1,IST,11:30 pm – 11:05 am +1,Turkish Airlines,SIN‐JFK,23h35m,1,IST,819,20220404-1042,cheap
11:55 pm – 5:30 pm +2,Turkish Airlines,JFK‐SIN,29h35m,1,IST,11:30 pm – 10:15 pm +1,Turkish Airlines,SIN‐JFK,34h45m,1,IST,819,20220404-1042,cheap
11:55 pm – 5:30 pm +2,Turkish Airlines,JFK‐SIN,29h35m,1,IST,11:30 pm – 5:15 pm +1,Turkish Airlines,SIN‐JFK,29h45m,1,IST,839,20220404-1042,cheap
11:50 pm – 5:30 pm +2,Turkish Airlines,EWR‐SIN,29h40m,1,IST,11:30 pm – 5:15 pm +1,Turkish Airlines,SIN‐JFK,29h45m,1,IST,839,20220404-1042,cheap
8:55 pm – 4:25 pm +2,Singapore Airlines,JFK‐SIN,31h30m,1,FRA,11:55 pm – 11:10 am +1,Singapore Airlines,SIN‐JFK,23h15m,0,,968,20220404-1042,cheap
10:59 pm – 11:40 pm +2,Korean Air,JFK‐SIN,36h41m,2,"BOS, ICN",1:10 am – 11:20 am,Korean Air,SIN‐JFK,22h10m,1,ICN,968,20220404-1042,cheap
8:55 pm – 4:25 pm +2,Singapore Airlines,JFK‐SIN,31h30m,1,FRA,11:55 pm – 11:10 am +1,Singapore Airlines,SIN‐JFK,23h15m,1,FRA,975,20220404-1042,cheap
8:55 pm – 6:50 am +2,Singapore Airlines,JFK‐SIN,21h55m,0,,1:55 pm – 11:10 am +1,Singapore Airlines,SIN‐JFK,33h15m,1,FRA,1034,20220404-1042,cheap
8:55 pm – 6:50 am +2,Singapore Airlines,JFK‐SIN,21h55m,1,FRA,1:55 pm – 11:10 am +1,Singapore Airlines,SIN‐JFK,33h15m,1,FRA,1041,20220404-1042,cheap
8:59 am – 12:35 am +2,ANA,LGA‐SIN,27h36m,2,"ORD, NRT",6:10 am – 4:50 pm,ANA,SIN‐EWR,22h40m,1,NRT,1058,20220404-1042,cheap
8:55 pm – 6:50 am +2,Singapore Airlines,JFK‐SIN,21h55m,1,FRA,11:55 pm – 11:10 am +1,Singapore Airlines,SIN‐JFK,23h15m,1,FRA,1063,20220404-1042,cheap
8:59 am – 12:35 am +2,ANA,LGA‐SIN,27h36m,2,"ORD, NRT",6:10 am – 8:14 pm,ANA,SIN‐LGA,26h04m,2,"NRT, ORD",1068,20220404-1042,cheap
8:55 pm – 4:25 pm +2,Singapore Airlines,JFK‐SIN,31h30m,1,FRA,11:30 pm – 11:05 am +1,Turkish Airlines,SIN‐JFK,23h35m,1,IST,1070,20220404-1042,cheap
11:55 pm – 5:30 pm +2,Turkish Airlines,JFK‐SIN,29h35m,1,IST,11:30 pm – 11:05 am +1,Turkish Airlines,SIN‐JFK,23h35m,1,IST,847,20220404-1039,best
8:55 pm – 6:50 am +2,Singapore Airlines,JFK‐SIN,21h55m,0,,11:55 pm – 11:10 am +1,Singapore Airlines,SIN‐JFK,23h15m,0,,1084,20220404-1039,best
11:55 pm – 5:30 pm +2,Turkish Airlines,JFK‐SIN,29h35m,1,IST,11:30 pm – 11:05 am +1,Turkish Airlines,SIN‐JFK,23h35m,1,IST,819,20220404-1039,best
8:55 pm – 6:50 am +2,Singapore Airlines,JFK‐SIN,21h55m,1,FRA,11:55 pm – 11:10 am +1,Singapore Airlines,SIN‐JFK,23h15m,1,FRA,1063,20220404-1039,best
8:55 pm – 6:50 am +2,Singapore Airlines,JFK‐SIN,21h55m,0,,11:50 am – 6:30 pm,Singapore Airlines,SIN‐JFK,18h40m,0,,1361,20220404-1039,best
11:50 pm – 5:30 pm +2,Turkish Airlines,EWR‐SIN,29h40m,1,IST,11:30 pm – 11:05 am +1,Turkish Airlines,SIN‐JFK,23h35m,1,IST,819,20220404-1039,best
8:55 pm – 6:50 am +2,Singapore Airlines,JFK‐SIN,21h55m,1,FRA,11:50 am – 6:30 pm,Singapore Airlines,SIN‐JFK,18h40m,0,,1343,20220404-1039,best
10:25 am – 5:10 pm +1,Singapore Airlines,EWR‐SIN,18h45m,0,,11:55 pm – 11:10 am +1,Singapore Airlines,SIN‐JFK,23h15m,0,,1308,20220404-1039,best
8:55 pm – 6:50 am +2,Singapore Airlines,JFK‐SIN,21h55m,0,,11:35 pm – 6:00 am +1,Singapore Airlines,SIN‐EWR,18h25m,0,,1361,20220404-1039,best
8:55 pm – 6:50 am +2,Singapore Airlines,JFK‐SIN,21h55m,1,FRA,11:35 pm – 6:00 am +1,Singapore Airlines,SIN‐EWR,18h25m,0,,1343,20220404-1039,best
8:59 am – 12:35 am +2,ANA,LGA‐SIN,27h36m,2,"ORD, NRT",6:10 am – 4:50 pm,ANA,SIN‐EWR,22h40m,1,NRT,1058,20220404-1039,best
10:25 am – 5:10 pm +1,Singapore Airlines,EWR‐SIN,18h45m,0,,11:55 pm – 11:10 am +1,Singapore Airlines,SIN‐JFK,23h15m,1,FRA,1290,20220404-1039,best
6:55 pm – 5:30 pm +2,Turkish Airlines,JFK‐SIN,34h35m,1,IST,11:30 pm – 11:05 am +1,Turkish Airlines,SIN‐JFK,23h35m,1,IST,819,20220404-1039,best
10:25 am – 5:10 pm +1,Singapore Airlines,EWR‐SIN,18h45m,0,,11:50 am – 6:30 pm,Singapore Airlines,SIN‐JFK,18h40m,0,,1572,20220404-1039,best
8:00 am – 12:35 am +2,ANA,LGA‐SIN,28h35m,2,"ORD, NRT",6:10 am – 4:50 pm,ANA,SIN‐EWR,22h40m,1,NRT,1078,20220404-1039,best
8:55 pm – 4:25 pm +2,Singapore Airlines,JFK‐SIN,31h30m,1,FRA,11:55 pm – 11:10 am +1,Singapore Airlines,SIN‐JFK,23h15m,0,,968,20220404-1039,best
10:25 am – 5:10 pm +1,Singapore Airlines,EWR‐SIN,18h45m,0,,11:35 pm – 6:00 am +1,Singapore Airlines,SIN‐EWR,18h25m,0,,1572,20220404-1044,fast
10:30 pm – 5:20 am +2,Singapore Airlines,JFK‐SIN,18h50m,0,,11:35 pm – 6:00 am +1,Singapore Airlines,SIN‐EWR,18h25m,0,,1613,20220404-1044,fast
10:25 am – 5:10 pm +1,Singapore Airlines,EWR‐SIN,18h45m,0,,11:50 am – 6:30 pm,Singapore Airlines,SIN‐JFK,18h40m,0,,1572,20220404-1044,fast
10:30 pm – 5:20 am +2,Singapore Airlines,JFK‐SIN,18h50m,0,,11:50 am – 6:30 pm,Singapore Airlines,SIN‐JFK,18h40m,0,,1613,20220404-1044,fast
8:55 pm – 5:55 am +2,SWISS,JFK‐SIN,21h00m,1,ZRH,11:35 pm – 6:00 am +1,Singapore Airlines,SIN‐EWR,18h25m,0,,3599,20220404-1044,fast
8:55 pm – 5:55 am +2,SWISS,JFK‐SIN,21h00m,1,ZRH,11:50 am – 6:30 pm,Singapore Airlines,SIN‐JFK,18h40m,0,,3600,20220404-1044,fast
8:55 pm – 6:50 am +2,Singapore Airlines,JFK‐SIN,21h55m,1,FRA,11:35 pm – 6:00 am +1,Singapore Airlines,SIN‐EWR,18h25m,0,,1343,20220404-1044,fast
8:55 pm – 6:50 am +2,Singapore Airlines,JFK‐SIN,21h55m,0,,11:35 pm – 6:00 am +1,Singapore Airlines,SIN‐EWR,18h25m,0,,1361,20220404-1044,fast
8:55 pm – 6:50 am +2,Singapore Airlines,JFK‐SIN,21h55m,1,FRA,11:50 am – 6:30 pm,Singapore Airlines,SIN‐JFK,18h40m,0,,1343,20220404-1044,fast
8:55 pm – 6:50 am +2,Singapore Airlines,JFK‐SIN,21h55m,0,,11:50 am – 6:30 pm,Singapore Airlines,SIN‐JFK,18h40m,0,,1361,20220404-1044,fast
10:25 am – 5:10 pm +1,Singapore Airlines,EWR‐SIN,18h45m,0,,1:10 am – 11:20 am,Korean Air,SIN‐JFK,22h10m,1,ICN,2047,20220404-1044,fast
10:30 pm – 5:20 am +2,Singapore Airlines,JFK‐SIN,18h50m,0,,1:10 am – 11:20 am,Korean Air,SIN‐JFK,22h10m,1,ICN,2108,20220404-1044,fast
10:25 am – 5:10 pm +1,Singapore Airlines,EWR‐SIN,18h45m,0,,6:10 am – 4:50 pm,ANA,SIN‐EWR,22h40m,1,NRT,2033,20220404-1044,fast
10:30 pm – 5:20 am +2,Singapore Airlines,JFK‐SIN,18h50m,0,,6:10 am – 4:50 pm,ANA,SIN‐EWR,22h40m,1,NRT,2033,20220404-1044,fast
10:25 am – 5:10 pm +1,Singapore Airlines,EWR‐SIN,18h45m,0,,11:55 pm – 11:10 am +1,Singapore Airlines,SIN‐JFK,23h15m,1,FRA,1290,20220404-1044,fast
