Out Time,Out Airline,Out Cities,Out Duration,Out Stops,Out Stop Cities,Return Time,Return Airline,Return Cities,Return Duration,Return Stops,Return Stop Cities,Price,timestamp,sort
11:50 pm – 5:30 pm +2,Turkish Airlines,EWR‐SIN,29h40m,1,IST,11:30 pm – 10:15 pm +1,Turkish Airlines,SIN‐JFK,34h45m,1,IST,1027,20220404-0915,cheap
1:10 pm – 11:40 pm +1,Korean Air,JFK‐SIN,22h30m,1,ICN,11:30 pm – 10:15 pm +1,Turkish Airlines,SIN‐JFK,34h45m,1,IST,1185,20220404-0915,cheap
1:10 pm – 11:40 pm +1,Korean Air,JFK‐SIN,22h30m,1,ICN,11:30 pm – 10:20 pm +1,Turkish Airlines,SIN‐EWR,34h50m,1,IST,1185,20220404-0915,cheap
8:15 am – 1:15 am +2,Singapore Airlines,EWR‐SIN,29h00m,2,"LAX, NRT",1:55 pm – 11:10 am +1,Singapore Airlines,SIN‐JFK,33h15m,1,FRA,1192,20220404-0915,cheap
8:15 am – 1:15 am +2,"Alaska Airlines, Singapore Airlines",EWR‐SIN,29h00m,1,LAX,1:55 pm – 11:10 am +1,Singapore Airlines,SIN‐JFK,33h15m,1,FRA,1206,20220404-0915,cheap
11:25 am – 12:35 am +2,ANA,EWR‐SIN,25h10m,1,NRT,11:30 pm – 10:15 pm +1,Turkish Airlines,SIN‐JFK,34h45m,1,IST,1259,20220404-0915,cheap
11:25 am – 12:35 am +2,ANA,EWR‐SIN,25h10m,1,NRT,11:30 pm – 10:20 pm +1,Turkish Airlines,SIN‐EWR,34h50m,1,IST,1260,20220404-0915,cheap
11:50 pm – 5:30 pm +2,Turkish Airlines,EWR‐SIN,29h40m,1,IST,11:30 pm – 5:15 pm +1,Turkish Airlines,SIN‐JFK,29h45m,1,IST,1333,20220404-0915,cheap
1:10 pm – 11:40 pm +1,Korean Air,JFK‐SIN,22h30m,1,ICN,7:50 pm – 4:30 pm +1,Etihad Airways,SIN‐JFK,32h40m,1,AUH,1337,20220404-0915,cheap
9:30 am – 11:40 pm +1,Korean Air,EWR‐SIN,26h10m,2,"DTW, ICN",11:30 pm – 10:15 pm +1,Turkish Airlines,SIN‐JFK,34h45m,1,IST,1341,20220404-0915,cheap
9:30 am – 11:40 pm +1,Korean Air,EWR‐SIN,26h10m,2,"DTW, ICN",11:30 pm – 10:20 pm +1,Turkish Airlines,SIN‐EWR,34h50m,1,IST,1341,20220404-0915,cheap
11:25 am – 12:35 am +2,ANA,EWR‐SIN,25h10m,1,NRT,6:10 am – 11:23 pm,ANA,SIN‐LGA,29h13m,2,"NRT, IAD",1346,20220404-0915,cheap
8:00 am – 11:40 pm +1,Korean Air,LGA‐SIN,27h40m,2,"ATL, ICN",11:30 pm – 10:15 pm +1,Turkish Airlines,SIN‐JFK,34h45m,1,IST,1349,20220404-0915,cheap
8:00 am – 11:40 pm +1,Korean Air,LGA‐SIN,27h40m,2,"ATL, ICN",11:30 pm – 10:20 pm +1,Turkish Airlines,SIN‐EWR,34h50m,1,IST,1349,20220404-0915,cheap
8:00 am – 11:40 pm +1,Korean Air,EWR‐SIN,27h40m,2,"ATL, ICN",11:30 pm – 10:20 pm +1,Turkish Airlines,SIN‐EWR,34h50m,1,IST,1349,20220404-0915,cheap
11:50 pm – 5:30 pm +2,Turkish Airlines,EWR‐SIN,29h40m,1,IST,11:30 pm – 10:15 pm +1,Turkish Airlines,SIN‐JFK,34h45m,1,IST,1137,20220404-0913,best
10:25 am – 5:10 pm +1,Singapore Airlines,EWR‐SIN,18h45m,0,,11:50 am – 6:30 pm,Singapore Airlines,SIN‐JFK,18h40m,0,,1774,20220404-0913,best
11:50 pm – 5:30 pm +2,Turkish Airlines,EWR‐SIN,29h40m,1,IST,11:30 pm – 10:15 pm +1,Turkish Airlines,SIN‐JFK,34h45m,1,IST,1027,20220404-0913,best
10:30 pm – 5:20 am +2,Singapore Airlines,JFK‐SIN,18h50m,0,,11:50 am – 6:30 pm,Singapore Airlines,SIN‐JFK,18h40m,0,,1774,20220404-0913,best
10:25 am – 5:10 pm +1,Singapore Airlines,EWR‐SIN,18h45m,0,,11:35 pm – 6:00 am +1,Singapore Airlines,SIN‐EWR,18h25m,0,,1838,20220404-0913,best
8:55 pm – 6:50 am +2,Singapore Airlines,JFK‐SIN,21h55m,1,FRA,11:50 am – 6:30 pm,Singapore Airlines,SIN‐JFK,18h40m,0,,1738,20220404-0913,best
1:50 pm – 11:40 pm +1,Korean Air,JFK‐SIN,21h50m,1,ICN,9:50 pm – 11:25 am +1,Japan Airlines,SIN‐JFK,25h35m,1,HND-NRT,1403,20220404-0913,best
10:30 pm – 5:20 am +2,Singapore Airlines,JFK‐SIN,18h50m,0,,11:35 pm – 6:00 am +1,Singapore Airlines,SIN‐EWR,18h25m,0,,1838,20220404-0913,best
10:25 am – 5:10 pm +1,Singapore Airlines,EWR‐SIN,18h45m,0,,11:55 pm – 11:10 am +1,Singapore Airlines,SIN‐JFK,23h15m,0,,1759,20220404-0913,best
1:50 pm – 11:40 pm +1,Korean Air,JFK‐SIN,21h50m,1,ICN,11:50 am – 6:30 pm,Singapore Airlines,SIN‐JFK,18h40m,0,,1876,20220404-0913,best
8:55 pm – 6:50 am +2,Singapore Airlines,JFK‐SIN,21h55m,1,FRA,11:35 pm – 6:00 am +1,Singapore Airlines,SIN‐EWR,18h25m,0,,1802,20220404-0913,best
10:25 am – 5:10 pm +1,Singapore Airlines,EWR‐SIN,18h45m,0,,1:55 pm – 11:10 am +1,Singapore Airlines,SIN‐JFK,33h15m,1,FRA,1396,20220404-0913,best
10:25 am – 5:10 pm +1,Singapore Airlines,EWR‐SIN,18h45m,0,,11:55 pm – 11:10 am +1,Singapore Airlines,SIN‐JFK,23h15m,1,FRA,1738,20220404-0913,best
8:15 am – 1:15 am +2,"Alaska Airlines, Singapore Airlines",EWR‐SIN,29h00m,1,LAX,11:50 am – 6:30 pm,Singapore Airlines,SIN‐JFK,18h40m,0,,1583,20220404-0913,best
10:30 pm – 5:20 am +2,Singapore Airlines,JFK‐SIN,18h50m,0,,11:55 pm – 11:10 am +1,Singapore Airlines,SIN‐JFK,23h15m,0,,1759,20220404-0913,best
10:30 pm – 5:20 am +2,Singapore Airlines,JFK‐SIN,18h50m,0,,1:55 pm – 11:10 am +1,Singapore Airlines,SIN‐JFK,33h15m,1,FRA,1396,20220404-0913,best
8:15 am – 1:15 am +2,Singapore Airlines,EWR‐SIN,29h00m,2,"LAX, NRT",11:50 am – 6:30 pm,Singapore Airlines,SIN‐JFK,18h40m,0,,1570,20220404-0913,best
10:25 am – 5:10 pm +1,Singapore Airlines,EWR‐SIN,18h45m,0,,11:35 pm – 6:00 am +1,Singapore Airlines,SIN‐EWR,18h25m,0,,1838,20220404-0918,fast
10:30 pm – 5:20 am +2,Singapore Airlines,JFK‐SIN,18h50m,0,,11:35 pm – 6:00 am +1,Singapore Airlines,SIN‐EWR,18h25m,0,,1838,20220404-0918,fast
10:25 am – 5:10 pm +1,Singapore Airlines,EWR‐SIN,18h45m,0,,11:50 am – 6:30 pm,Singapore Airlines,SIN‐JFK,18h40m,0,,1774,20220404-0918,fast
10:30 pm – 5:20 am +2,Singapore Airlines,JFK‐SIN,18h50m,0,,11:50 am – 6:30 pm,Singapore Airlines,SIN‐JFK,18h40m,0,,1774,20220404-0918,fast
8:55 pm – 5:55 am +2,SWISS,JFK‐SIN,21h00m,1,ZRH,11:35 pm – 6:00 am +1,Singapore Airlines,SIN‐EWR,18h25m,0,,4309,20220404-0918,fast
8:55 pm – 5:55 am +2,SWISS,JFK‐SIN,21h00m,1,ZRH,11:50 am – 6:30 pm,Singapore Airlines,SIN‐JFK,18h40m,0,,4234,20220404-0918,fast
8:55 pm – 6:40 am +2,SWISS,JFK‐SIN,21h45m,1,ZRH,11:35 pm – 6:00 am +1,Singapore Airlines,SIN‐EWR,18h25m,0,,3657,20220404-0918,fast
1:50 pm – 11:40 pm +1,Korean Air,JFK‐SIN,21h50m,1,ICN,11:35 pm – 6:00 am +1,Singapore Airlines,SIN‐EWR,18h25m,0,,1901,20220404-0918,fast
11:20 am – 8:55 pm +1,Emirates,JFK‐SIN,21h35m,1,DXB,11:50 am – 6:30 pm,Singapore Airlines,SIN‐JFK,18h40m,0,,2501,20220404-0918,fast
8:55 pm – 6:50 am +2,Singapore Airlines,JFK‐SIN,21h55m,1,FRA,11:35 pm – 6:00 am +1,Singapore Airlines,SIN‐EWR,18h25m,0,,1802,20220404-0918,fast
8:55 pm – 6:40 am +2,SWISS,JFK‐SIN,21h45m,1,ZRH,11:50 am – 6:30 pm,Singapore Airlines,SIN‐JFK,18h40m,0,,3657,20220404-0918,fast
1:50 pm – 11:40 pm +1,Korean Air,JFK‐SIN,21h50m,1,ICN,11:50 am – 6:30 pm,Singapore Airlines,SIN‐JFK,18h40m,0,,1876,20220404-0918,fast
8:55 pm – 6:50 am +2,Singapore Airlines,JFK‐SIN,21h55m,1,FRA,11:50 am – 6:30 pm,Singapore Airlines,SIN‐JFK,18h40m,0,,1738,20220404-0918,fast
7:25 pm – 5:55 am +2,SWISS,JFK‐SIN,22h30m,2,"GVA, ZRH",11:50 am – 6:30 pm,Singapore Airlines,SIN‐JFK,18h40m,0,,4259,20220404-0918,fast
10:25 am – 5:10 pm +1,Singapore Airlines,EWR‐SIN,18h45m,0,,11:55 pm – 11:10 am +1,Singapore Airlines,SIN‐JFK,23h15m,1,FRA,1738,20220404-0918,fast
