Out Time,Out Airline,Out Cities,Out Duration,Out Stops,Out Stop Cities,Return Time,Return Airline,Return Cities,Return Duration,Return Stops,Return Stop Cities,Price,timestamp,sort
1:25 pm – 5:40 pm +2,Japan Airlines,JFK‐SIN,40h15m,1,HND,8:10 am – 10:10 am +1,Japan Airlines,SIN‐JFK,38h00m,1,NRT,895,20220408-1040,cheap
10:00 am – 12:20 am +2,"JetBlue, Japan Airlines",LGA‐SIN,26h20m,2,"BOS, NRT",8:35 pm – 11:55 am +1,SAUDIA,SIN‐JFK,27h20m,2,"MLE, RUH",1047,20220408-1040,cheap
9:26 am – 12:20 am +2,"JetBlue, Japan Airlines",EWR‐SIN,26h54m,2,"BOS, NRT",8:35 pm – 11:55 am +1,SAUDIA,SIN‐JFK,27h20m,2,"MLE, RUH",1047,20220408-1040,cheap
11:35 am – 12:35 am +2,ANA,EWR‐SIN,25h00m,1,NRT,6:10 am – 4:40 pm,ANA,SIN‐EWR,22h30m,1,NRT,1057,20220408-1040,cheap
10:55 am – 12:35 am +2,ANA,EWR‐SIN,25h40m,1,HND-NRT,6:10 am – 4:40 pm,ANA,SIN‐EWR,22h30m,1,NRT,1067,20220408-1040,cheap
11:35 am – 12:35 am +2,ANA,EWR‐SIN,25h00m,1,NRT,10:10 pm – 5:10 pm +1,ANA,SIN‐EWR,31h00m,1,HND,1095,20220408-1040,cheap
11:35 am – 12:35 am +2,ANA,EWR‐SIN,25h00m,1,NRT,10:10 pm – 4:40 pm +1,ANA,SIN‐EWR,30h30m,1,HND-NRT,1105,20220408-1040,cheap
11:35 am – 12:35 am +2,ANA,EWR‐SIN,25h00m,1,NRT,8:35 pm – 11:55 am +1,SAUDIA,SIN‐JFK,27h20m,2,"MLE, RUH",1109,20220408-1040,cheap
10:55 am – 12:35 am +2,ANA,EWR‐SIN,25h40m,1,HND-NRT,10:10 pm – 4:40 pm +1,ANA,SIN‐EWR,30h30m,1,HND-NRT,1113,20220408-1040,cheap
10:35 am – 8:55 am +2,Qatar Airways,JFK‐SIN,34h20m,1,DOH,8:35 pm – 11:55 am +1,SAUDIA,SIN‐JFK,27h20m,2,"MLE, RUH",1125,20220408-1040,cheap
10:55 am – 12:35 am +2,ANA,EWR‐SIN,25h40m,1,HND-NRT,8:35 pm – 11:55 am +1,SAUDIA,SIN‐JFK,27h20m,2,"MLE, RUH",1130,20220408-1040,cheap
7:30 am – 12:20 am +2,"Alaska Airlines, Japan Airlines",JFK‐SIN,28h50m,2,"SFO, NRT",8:35 pm – 11:55 am +1,SAUDIA,SIN‐JFK,27h20m,2,"MLE, RUH",1133,20220408-1040,cheap
10:35 am – 8:55 am +2,Qatar Airways,JFK‐SIN,34h20m,1,DOH,9:25 pm – 8:30 am +1,Qatar Airways,SIN‐JFK,23h05m,1,DOH,1133,20220408-1040,cheap
10:35 am – 8:55 am +2,Qatar Airways,JFK‐SIN,34h20m,1,DOH,2:40 am – 2:55 pm,Qatar Airways,SIN‐JFK,24h15m,1,DOH,1133,20220408-1040,cheap
8:05 am – 12:20 am +2,"American Airlines, Japan Airlines",JFK‐SIN,28h15m,2,"BOS, NRT",9:50 pm – 10:10 am +1,Japan Airlines,SIN‐JFK,24h20m,1,HND-NRT,1137,20220408-1040,cheap
10:25 am – 5:10 pm +1,Singapore Airlines,EWR‐SIN,18h45m,0,,1:55 pm – 11:10 am +1,Singapore Airlines,SIN‐JFK,33h15m,1,FRA,1362,20220408-1037,best
11:35 am – 12:35 am +2,ANA,EWR‐SIN,25h00m,1,NRT,6:10 am – 4:40 pm,ANA,SIN‐EWR,22h30m,1,NRT,1057,20220408-1037,best
1:25 pm – 5:40 pm +2,Japan Airlines,JFK‐SIN,40h15m,1,HND,8:10 am – 10:10 am +1,Japan Airlines,SIN‐JFK,38h00m,1,NRT,895,20220408-1037,best
10:55 am – 12:35 am +2,ANA,EWR‐SIN,25h40m,1,HND-NRT,6:10 am – 4:40 pm,ANA,SIN‐EWR,22h30m,1,NRT,1067,20220408-1037,best
10:25 am – 5:10 pm +1,Singapore Airlines,EWR‐SIN,18h45m,0,,11:50 am – 6:30 pm,Singapore Airlines,SIN‐JFK,18h40m,0,,1538,20220408-1037,best
10:25 am – 5:10 pm +1,Singapore Airlines,EWR‐SIN,18h45m,0,,11:35 pm – 6:00 am +1,Singapore Airlines,SIN‐EWR,18h25m,0,,1513,20220408-1037,best
10:25 am – 5:10 pm +1,Singapore Airlines,EWR‐SIN,18h45m,0,,11:55 pm – 11:10 am +1,Singapore Airlines,SIN‐JFK,23h15m,1,FRA,1363,20220408-1037,best
10:30 pm – 5:20 am +2,Singapore Airlines,JFK‐SIN,18h50m,0,,11:50 am – 6:30 pm,Singapore Airlines,SIN‐JFK,18h40m,0,,1563,20220408-1037,best
10:30 pm – 5:20 am +2,Singapore Airlines,JFK‐SIN,18h50m,0,,11:35 pm – 6:00 am +1,Singapore Airlines,SIN‐EWR,18h25m,0,,1539,20220408-1037,best
9:55 pm – 8:55 am +2,Qatar Airways,JFK‐SIN,23h00m,1,DOH,9:25 pm – 8:30 am +1,Qatar Airways,SIN‐JFK,23h05m,1,DOH,1172,20220408-1037,best
8:55 pm – 6:50 am +2,Singapore Airlines,JFK‐SIN,21h55m,1,FRA,11:50 am – 6:30 pm,Singapore Airlines,SIN‐JFK,18h40m,0,,1561,20220408-1037,best
9:55 pm – 8:55 am +2,JetBlue,JFK‐SIN,23h00m,1,DOH,9:25 pm – 8:30 am +1,JetBlue,SIN‐JFK,23h05m,1,DOH,1204,20220408-1037,best
9:55 pm – 8:55 am +2,"JetBlue, Qatar Airways",JFK‐SIN,23h00m,1,DOH,9:25 pm – 8:30 am +1,JetBlue,SIN‐JFK,23h05m,1,DOH,1204,20220408-1037,best
9:55 pm – 8:55 am +2,"JetBlue, Qatar Airways",JFK‐SIN,23h00m,1,DOH,9:25 pm – 8:30 am +1,"Qatar Airways, JetBlue",SIN‐JFK,23h05m,1,DOH,1204,20220408-1037,best
9:55 pm – 8:55 am +2,Qatar Airways,JFK‐SIN,23h00m,1,DOH,2:40 am – 2:55 pm,Qatar Airways,SIN‐JFK,24h15m,1,DOH,1172,20220408-1037,best
10:30 pm – 5:20 am +2,Singapore Airlines,JFK‐SIN,18h50m,0,,11:55 pm – 11:10 am +1,Singapore Airlines,SIN‐JFK,23h15m,1,FRA,1393,20220408-1037,best
11:35 am – 12:35 am +2,ANA,EWR‐SIN,25h00m,1,NRT,8:35 pm – 11:55 am +1,SAUDIA,SIN‐JFK,27h20m,2,"MLE, RUH",1109,20220408-1037,best
10:25 am – 5:10 pm +1,Singapore Airlines,EWR‐SIN,18h45m,0,,11:35 pm – 6:00 am +1,Singapore Airlines,SIN‐EWR,18h25m,0,,1513,20220408-1042,fast
10:30 pm – 5:20 am +2,Singapore Airlines,JFK‐SIN,18h50m,0,,11:35 pm – 6:00 am +1,Singapore Airlines,SIN‐EWR,18h25m,0,,1539,20220408-1042,fast
10:25 am – 5:10 pm +1,Singapore Airlines,EWR‐SIN,18h45m,0,,11:50 am – 6:30 pm,Singapore Airlines,SIN‐JFK,18h40m,0,,1538,20220408-1042,fast
10:30 pm – 5:20 am +2,Singapore Airlines,JFK‐SIN,18h50m,0,,11:50 am – 6:30 pm,Singapore Airlines,SIN‐JFK,18h40m,0,,1563,20220408-1042,fast
8:55 pm – 6:50 am +2,Singapore Airlines,JFK‐SIN,21h55m,1,FRA,11:35 pm – 6:00 am +1,Singapore Airlines,SIN‐EWR,18h25m,0,,1561,20220408-1042,fast
8:55 pm – 6:50 am +2,Singapore Airlines,JFK‐SIN,21h55m,1,FRA,11:50 am – 6:30 pm,Singapore Airlines,SIN‐JFK,18h40m,0,,1561,20220408-1042,fast
1:25 am – 12:00 pm +1,EVA Air,JFK‐SIN,22h35m,1,TPE,11:35 pm – 6:00 am +1,Singapore Airlines,SIN‐EWR,18h25m,0,,1717,20220408-1042,fast
1:25 am – 12:00 pm +1,EVA Air,JFK‐SIN,22h35m,1,TPE,11:50 am – 6:30 pm,Singapore Airlines,SIN‐JFK,18h40m,0,,1717,20220408-1042,fast
10:30 pm – 5:20 am +2,Singapore Airlines,JFK‐SIN,18h50m,0,,6:10 am – 4:40 pm,ANA,SIN‐EWR,22h30m,1,NRT,2027,20220408-1042,fast
10:25 am – 5:10 pm +1,Singapore Airlines,EWR‐SIN,18h45m,0,,9:25 pm – 8:30 am +1,Qatar Airways,SIN‐JFK,23h05m,1,DOH,1735,20220408-1042,fast
10:30 pm – 5:20 am +2,Singapore Airlines,JFK‐SIN,18h50m,0,,9:25 pm – 8:30 am +1,Qatar Airways,SIN‐JFK,23h05m,1,DOH,1784,20220408-1042,fast
10:25 am – 5:10 pm +1,Singapore Airlines,EWR‐SIN,18h45m,0,,11:55 pm – 11:10 am +1,Singapore Airlines,SIN‐JFK,23h15m,1,FRA,1363,20220408-1042,fast
10:30 pm – 5:20 am +2,Singapore Airlines,JFK‐SIN,18h50m,0,,11:55 pm – 11:10 am +1,Singapore Airlines,SIN‐JFK,23h15m,1,FRA,1393,20220408-1042,fast
10:25 am – 5:10 pm +1,Singapore Airlines,EWR‐SIN,18h45m,0,,2:40 am – 2:55 pm,Qatar Airways,SIN‐JFK,24h15m,1,DOH,1735,20220408-1042,fast
10:25 am – 5:10 pm +1,Singapore Airlines,EWR‐SIN,18h45m,0,,6:40 pm – 6:59 am +1,Singapore Airlines,SIN‐EWR,24h19m,1,SFO,1830,20220408-1042,fast
