Out Time,Out Airline,Out Cities,Out Duration,Out Stops,Out Stop Cities,Return Time,Return Airline,Return Cities,Return Duration,Return Stops,Return Stop Cities,Price,timestamp,sort
11:50 pm – 5:30 pm +2,Turkish Airlines,EWR‐SIN,29h40m,1,IST,11:30 pm – 10:15 pm +1,Turkish Airlines,SIN‐JFK,34h45m,1,IST,849,20220404-0954,cheap
11:50 pm – 5:30 pm +2,Turkish Airlines,EWR‐SIN,29h40m,1,IST,11:30 pm – 5:15 pm +1,Turkish Airlines,SIN‐JFK,29h45m,1,IST,997,20220404-0954,cheap
11:55 pm – 5:30 pm +2,Turkish Airlines,JFK‐SIN,29h35m,1,IST,11:30 pm – 5:15 pm +1,Turkish Airlines,SIN‐JFK,29h45m,1,IST,1004,20220404-0954,cheap
8:55 pm – 6:50 am +2,Singapore Airlines,JFK‐SIN,21h55m,1,FRA,1:55 pm – 11:10 am +1,Singapore Airlines,SIN‐JFK,33h15m,1,FRA,1091,20220404-0954,cheap
9:55 pm – 3:45 pm +2,Qatar Airways,JFK‐SIN,29h50m,1,DOH,2:40 am – 2:55 pm,Qatar Airways,SIN‐JFK,24h15m,1,DOH,1113,20220404-0954,cheap
9:55 pm – 3:45 pm +2,"JetBlue, Qatar Airways",JFK‐SIN,29h50m,1,DOH,2:40 am – 2:55 pm,JetBlue,SIN‐JFK,24h15m,1,DOH,1124,20220404-0954,cheap
9:55 pm – 3:45 pm +2,"JetBlue, Qatar Airways",JFK‐SIN,29h50m,1,DOH,2:40 am – 2:55 pm,"Qatar Airways, JetBlue",SIN‐JFK,24h15m,1,DOH,1124,20220404-0954,cheap
9:55 pm – 3:45 pm +2,"JetBlue, Qatar Airways",JFK‐SIN,29h50m,1,DOH,2:40 am – 10:45 pm,"Qatar Airways, JetBlue",SIN‐JFK,32h05m,1,DOH,1124,20220404-0954,cheap
11:55 pm – 5:30 pm +2,Turkish Airlines,JFK‐SIN,29h35m,1,IST,11:30 pm – 11:05 am +1,Turkish Airlines,SIN‐JFK,23h35m,1,IST,1138,20220404-0954,cheap
11:50 pm – 5:30 pm +2,Turkish Airlines,EWR‐SIN,29h40m,1,IST,11:30 pm – 11:05 am +1,Turkish Airlines,SIN‐JFK,23h35m,1,IST,1138,20220404-0954,cheap
6:55 pm – 5:30 pm +2,Turkish Airlines,JFK‐SIN,34h35m,1,IST,11:30 pm – 11:05 am +1,Turkish Airlines,SIN‐JFK,23h35m,1,IST,1138,20220404-0954,cheap
8:55 pm – 4:25 pm +2,Singapore Airlines,JFK‐SIN,31h30m,1,FRA,8:35 pm – 11:55 am +1,SAUDIA,SIN‐JFK,27h20m,2,"MLE, RUH",1138,20220404-0954,cheap
8:55 pm – 4:25 pm +2,Singapore Airlines,JFK‐SIN,31h30m,1,FRA,11:55 pm – 11:10 am +1,Singapore Airlines,SIN‐JFK,23h15m,0,,1149,20220404-0954,cheap
8:55 pm – 4:25 pm +2,Singapore Airlines,JFK‐SIN,31h30m,1,FRA,11:55 pm – 11:10 am +1,Singapore Airlines,SIN‐JFK,23h15m,1,FRA,1154,20220404-0954,cheap
9:26 am – 1:15 am +2,"JetBlue, Singapore Airlines",JFK‐SIN,27h49m,1,LAX,1:55 pm – 11:10 am +1,Singapore Airlines,SIN‐JFK,33h15m,1,FRA,1194,20220404-0954,cheap
11:50 pm – 5:30 pm +2,Turkish Airlines,EWR‐SIN,29h40m,1,IST,11:30 pm – 10:15 pm +1,Turkish Airlines,SIN‐JFK,34h45m,1,IST,874,20220404-0951,best
8:55 pm – 6:50 am +2,Singapore Airlines,JFK‐SIN,21h55m,1,FRA,11:50 am – 6:30 pm,Singapore Airlines,SIN‐JFK,18h40m,0,,1343,20220404-0951,best
11:50 pm – 5:30 pm +2,Turkish Airlines,EWR‐SIN,29h40m,1,IST,11:30 pm – 10:15 pm +1,Turkish Airlines,SIN‐JFK,34h45m,1,IST,849,20220404-0951,best
8:55 pm – 6:50 am +2,Singapore Airlines,JFK‐SIN,21h55m,1,FRA,11:35 pm – 6:00 am +1,Singapore Airlines,SIN‐EWR,18h25m,0,,1343,20220404-0951,best
10:25 am – 5:10 pm +1,Singapore Airlines,EWR‐SIN,18h45m,0,,11:50 am – 6:30 pm,Singapore Airlines,SIN‐JFK,18h40m,0,,1572,20220404-0951,best
8:55 pm – 6:50 am +2,Singapore Airlines,JFK‐SIN,21h55m,1,FRA,11:55 pm – 11:10 am +1,Singapore Airlines,SIN‐JFK,23h15m,1,FRA,1239,20220404-0951,best
10:25 am – 5:10 pm +1,Singapore Airlines,EWR‐SIN,18h45m,0,,11:35 pm – 6:00 am +1,Singapore Airlines,SIN‐EWR,18h25m,0,,1572,20220404-0951,best
10:30 pm – 5:20 am +2,Singapore Airlines,JFK‐SIN,18h50m,0,,11:50 am – 6:30 pm,Singapore Airlines,SIN‐JFK,18h40m,0,,1572,20220404-0951,best
8:55 pm – 4:25 pm +2,Singapore Airlines,JFK‐SIN,31h30m,1,FRA,11:50 am – 6:30 pm,Singapore Airlines,SIN‐JFK,18h40m,0,,1231,20220404-0951,best
8:55 pm – 6:50 am +2,Singapore Airlines,JFK‐SIN,21h55m,1,FRA,1:55 pm – 11:10 am +1,Singapore Airlines,SIN‐JFK,33h15m,1,FRA,1091,20220404-0951,best
10:30 pm – 5:20 am +2,Singapore Airlines,JFK‐SIN,18h50m,0,,11:35 pm – 6:00 am +1,Singapore Airlines,SIN‐EWR,18h25m,0,,1572,20220404-0951,best
8:55 pm – 4:25 pm +2,Singapore Airlines,JFK‐SIN,31h30m,1,FRA,11:35 pm – 6:00 am +1,Singapore Airlines,SIN‐EWR,18h25m,0,,1231,20220404-0951,best
10:25 am – 5:10 pm +1,Singapore Airlines,EWR‐SIN,18h45m,0,,11:55 pm – 11:10 am +1,Singapore Airlines,SIN‐JFK,23h15m,1,FRA,1470,20220404-0951,best
10:30 pm – 5:20 am +2,Singapore Airlines,JFK‐SIN,18h50m,0,,11:55 pm – 11:10 am +1,Singapore Airlines,SIN‐JFK,23h15m,1,FRA,1470,20220404-0951,best
8:55 pm – 4:25 pm +2,Singapore Airlines,JFK‐SIN,31h30m,1,FRA,11:55 pm – 11:10 am +1,Singapore Airlines,SIN‐JFK,23h15m,0,,1149,20220404-0951,best
10:25 am – 5:10 pm +1,Singapore Airlines,EWR‐SIN,18h45m,0,,1:55 pm – 11:10 am +1,Singapore Airlines,SIN‐JFK,33h15m,1,FRA,1295,20220404-0951,best
8:55 pm – 4:25 pm +2,Singapore Airlines,JFK‐SIN,31h30m,1,FRA,11:55 pm – 11:10 am +1,Singapore Airlines,SIN‐JFK,23h15m,1,FRA,1154,20220404-0951,best
10:25 am – 5:10 pm +1,Singapore Airlines,EWR‐SIN,18h45m,0,,11:35 pm – 6:00 am +1,Singapore Airlines,SIN‐EWR,18h25m,0,,1572,20220404-0956,fast
10:30 pm – 5:20 am +2,Singapore Airlines,JFK‐SIN,18h50m,0,,11:35 pm – 6:00 am +1,Singapore Airlines,SIN‐EWR,18h25m,0,,1572,20220404-0956,fast
10:25 am – 5:10 pm +1,Singapore Airlines,EWR‐SIN,18h45m,0,,11:50 am – 6:30 pm,Singapore Airlines,SIN‐JFK,18h40m,0,,1572,20220404-0956,fast
10:30 pm – 5:20 am +2,Singapore Airlines,JFK‐SIN,18h50m,0,,11:50 am – 6:30 pm,Singapore Airlines,SIN‐JFK,18h40m,0,,1572,20220404-0956,fast
7:55 am – 5:45 pm +1,British Airways,JFK‐SIN,21h50m,1,LHR,11:35 pm – 6:00 am +1,Singapore Airlines,SIN‐EWR,18h25m,0,,6631,20220404-0956,fast
8:55 pm – 6:50 am +2,Singapore Airlines,JFK‐SIN,21h55m,1,FRA,11:35 pm – 6:00 am +1,Singapore Airlines,SIN‐EWR,18h25m,0,,1343,20220404-0956,fast
7:55 am – 5:45 pm +1,British Airways,JFK‐SIN,21h50m,1,LHR,11:50 am – 6:30 pm,Singapore Airlines,SIN‐JFK,18h40m,0,,6631,20220404-0956,fast
8:55 pm – 6:50 am +2,Singapore Airlines,JFK‐SIN,21h55m,1,FRA,11:50 am – 6:30 pm,Singapore Airlines,SIN‐JFK,18h40m,0,,1343,20220404-0956,fast
10:25 am – 5:10 pm +1,Singapore Airlines,EWR‐SIN,18h45m,0,,11:55 pm – 11:10 am +1,Singapore Airlines,SIN‐JFK,23h15m,1,FRA,1470,20220404-0956,fast
10:30 pm – 5:20 am +2,Singapore Airlines,JFK‐SIN,18h50m,0,,11:55 pm – 11:10 am +1,Singapore Airlines,SIN‐JFK,23h15m,1,FRA,1470,20220404-0956,fast
10:25 am – 5:10 pm +1,Singapore Airlines,EWR‐SIN,18h45m,0,,2:40 am – 2:55 pm,JetBlue,SIN‐JFK,24h15m,1,DOH,1674,20220404-0956,fast
10:30 pm – 5:20 am +2,Singapore Airlines,JFK‐SIN,18h50m,0,,2:40 am – 2:55 pm,JetBlue,SIN‐JFK,24h15m,1,DOH,1674,20220404-0956,fast
10:25 am – 5:10 pm +1,Singapore Airlines,EWR‐SIN,18h45m,0,,6:40 pm – 7:00 am +1,Singapore Airlines,SIN‐JFK,24h20m,1,SFO,1904,20220404-0956,fast
10:30 pm – 5:20 am +2,Singapore Airlines,JFK‐SIN,18h50m,0,,6:40 pm – 7:00 am +1,Singapore Airlines,SIN‐JFK,24h20m,1,SFO,1904,20220404-0956,fast
10:25 am – 5:10 pm +1,Singapore Airlines,EWR‐SIN,18h45m,0,,6:40 pm – 7:05 am +1,Singapore Airlines,SIN‐EWR,24h25m,1,SFO,1904,20220404-0956,fast
