Out Time,Out Airline,Out Cities,Out Duration,Out Stops,Out Stop Cities,Return Time,Return Airline,Return Cities,Return Duration,Return Stops,Return Stop Cities,Price,timestamp,sort
8:55 pm – 4:25 pm +2,Singapore Airlines,JFK‐SIN,31h30m,1,FRA,1:55 pm – 11:10 am +1,Singapore Airlines,SIN‐JFK,33h15m,1,FRA,1051,20220404-0822,cheap
9:55 pm – 3:45 pm +2,"JetBlue, Qatar Airways",JFK‐SIN,29h50m,1,DOH,2:40 am – 2:55 pm,"Qatar Airways, JetBlue",SIN‐JFK,24h15m,1,DOH,1160,20220404-0822,cheap
9:55 pm – 3:45 pm +2,Qatar Airways,JFK‐SIN,29h50m,1,DOH,2:40 am – 2:55 pm,Qatar Airways,SIN‐JFK,24h15m,1,DOH,1189,20220404-0822,cheap
8:25 am – 11:40 pm +1,Korean Air,JFK‐SIN,27h15m,2,"ATL, ICN",2:40 am – 2:55 pm,JetBlue,SIN‐JFK,24h15m,1,DOH,1200,20220404-0822,cheap
8:00 am – 11:40 pm +1,Korean Air,LGA‐SIN,27h40m,2,"ATL, ICN",2:40 am – 2:55 pm,"Qatar Airways, JetBlue",SIN‐JFK,24h15m,1,DOH,1200,20220404-0822,cheap
9:30 am – 11:40 pm +1,Korean Air,EWR‐SIN,26h10m,2,"DTW, ICN",2:40 am – 2:55 pm,"Qatar Airways, JetBlue",SIN‐JFK,24h15m,1,DOH,1242,20220404-0822,cheap
9:25 am – 11:40 pm +1,Korean Air,LGA‐SIN,26h15m,2,"DTW, ICN",2:40 am – 2:55 pm,"Qatar Airways, JetBlue",SIN‐JFK,24h15m,1,DOH,1242,20220404-0822,cheap
6:00 am – 11:40 pm +1,Korean Air,JFK‐SIN,29h40m,2,"ATL, ICN",2:40 am – 2:55 pm,"Qatar Airways, JetBlue",SIN‐JFK,24h15m,1,DOH,1242,20220404-0822,cheap
11:25 am – 12:35 am +2,ANA,EWR‐SIN,25h10m,1,NRT,2:40 am – 2:55 pm,JetBlue,SIN‐JFK,24h15m,1,DOH,1249,20220404-0822,cheap
8:55 pm – 6:50 am +2,Singapore Airlines,JFK‐SIN,21h55m,1,FRA,1:55 pm – 11:10 am +1,Singapore Airlines,SIN‐JFK,33h15m,1,FRA,1255,20220404-0822,cheap
8:55 pm – 6:50 am +2,Singapore Airlines,JFK‐SIN,21h55m,3,"FRA, SIN-FRA, ...",1:55 pm – 11:10 am +1,Singapore Airlines,SIN‐JFK,33h15m,1,FRA,1277,20220404-0822,cheap
9:55 pm – 3:45 pm +2,"JetBlue, Qatar Airways",JFK‐SIN,29h50m,1,DOH,2:40 am – 10:45 pm,"Qatar Airways, JetBlue",SIN‐JFK,32h05m,1,DOH,1301,20220404-0822,cheap
8:55 pm – 4:25 pm +2,Singapore Airlines,JFK‐SIN,31h30m,1,FRA,2:40 am – 2:55 pm,"Qatar Airways, JetBlue",SIN‐JFK,24h15m,1,DOH,1307,20220404-0822,cheap
1:10 pm – 11:40 pm +1,Korean Air,JFK‐SIN,22h30m,1,ICN,2:40 am – 2:55 pm,JetBlue,SIN‐JFK,24h15m,1,DOH,1315,20220404-0822,cheap
9:55 pm – 3:45 pm +2,Qatar Airways,JFK‐SIN,29h50m,1,DOH,2:40 am – 10:45 pm,Qatar Airways,SIN‐JFK,32h05m,1,DOH,1324,20220404-0822,cheap
8:55 pm – 4:25 pm +2,Singapore Airlines,JFK‐SIN,31h30m,1,FRA,1:55 pm – 11:10 am +1,Singapore Airlines,SIN‐JFK,33h15m,1,FRA,1115,20220404-0819,best
10:25 am – 5:10 pm +1,Singapore Airlines,EWR‐SIN,18h45m,0,,11:50 am – 6:30 pm,Singapore Airlines,SIN‐JFK,18h40m,0,,1774,20220404-0819,best
8:55 pm – 4:25 pm +2,Singapore Airlines,JFK‐SIN,31h30m,1,FRA,1:55 pm – 11:10 am +1,Singapore Airlines,SIN‐JFK,33h15m,1,FRA,1051,20220404-0819,best
8:55 pm – 6:50 am +2,Singapore Airlines,JFK‐SIN,21h55m,1,FRA,11:50 am – 6:30 pm,Singapore Airlines,SIN‐JFK,18h40m,0,,1621,20220404-0819,best
1:10 pm – 11:40 pm +1,Korean Air,JFK‐SIN,22h30m,1,ICN,9:50 pm – 7:55 am +1,Japan Airlines,SIN‐JFK,22h05m,1,HND,1400,20220404-0819,best
1:10 pm – 11:40 pm +1,Korean Air,JFK‐SIN,22h30m,1,ICN,2:40 am – 2:55 pm,JetBlue,SIN‐JFK,24h15m,1,DOH,1315,20220404-0819,best
10:30 pm – 5:20 am +2,Singapore Airlines,JFK‐SIN,18h50m,0,,11:50 am – 6:30 pm,Singapore Airlines,SIN‐JFK,18h40m,0,,1838,20220404-0819,best
8:55 pm – 6:50 am +2,Singapore Airlines,JFK‐SIN,21h55m,3,"FRA, SIN-FRA, ...",11:50 am – 6:30 pm,Singapore Airlines,SIN‐JFK,18h40m,0,,1641,20220404-0819,best
11:25 am – 12:35 am +2,ANA,EWR‐SIN,25h10m,1,NRT,2:40 am – 2:55 pm,JetBlue,SIN‐JFK,24h15m,1,DOH,1249,20220404-0819,best
8:55 pm – 4:25 pm +2,Singapore Airlines,JFK‐SIN,31h30m,1,FRA,11:50 am – 6:30 pm,Singapore Airlines,SIN‐JFK,18h40m,0,,1407,20220404-0819,best
11:25 am – 12:35 am +2,ANA,EWR‐SIN,25h10m,1,NRT,9:50 pm – 7:55 am +1,Japan Airlines,SIN‐JFK,22h05m,1,HND,1454,20220404-0819,best
9:30 am – 11:40 pm +1,Korean Air,EWR‐SIN,26h10m,2,"DTW, ICN",2:40 am – 2:55 pm,"Qatar Airways, JetBlue",SIN‐JFK,24h15m,1,DOH,1242,20220404-0819,best
9:25 am – 11:40 pm +1,Korean Air,LGA‐SIN,26h15m,2,"DTW, ICN",2:40 am – 2:55 pm,JetBlue,SIN‐JFK,24h15m,1,DOH,1242,20220404-0819,best
11:25 am – 12:35 am +2,United Airlines,EWR‐SIN,25h10m,1,NRT,6:10 am – 4:40 pm,United Airlines,SIN‐EWR,22h30m,1,NRT,1496,20220404-0819,best
8:25 am – 11:40 pm +1,Korean Air,JFK‐SIN,27h15m,2,"ATL, ICN",2:40 am – 2:55 pm,"Qatar Airways, JetBlue",SIN‐JFK,24h15m,1,DOH,1200,20220404-0819,best
10:25 am – 5:10 pm +1,Singapore Airlines,EWR‐SIN,18h45m,0,,1:55 pm – 11:10 am +1,Singapore Airlines,SIN‐JFK,33h15m,1,FRA,1405,20220404-0819,best
8:00 am – 11:40 pm +1,Korean Air,LGA‐SIN,27h40m,2,"ATL, ICN",2:40 am – 2:55 pm,"Qatar Airways, JetBlue",SIN‐JFK,24h15m,1,DOH,1200,20220404-0819,best
10:25 am – 5:10 pm +1,Singapore Airlines,EWR‐SIN,18h45m,0,,11:35 pm – 6:00 am +1,Singapore Airlines,SIN‐EWR,18h25m,0,,2140,20220404-0824,fast
10:30 pm – 5:20 am +2,Singapore Airlines,JFK‐SIN,18h50m,0,,11:35 pm – 6:00 am +1,Singapore Airlines,SIN‐EWR,18h25m,0,,2204,20220404-0824,fast
10:25 am – 5:10 pm +1,Singapore Airlines,EWR‐SIN,18h45m,0,,11:50 am – 6:30 pm,Singapore Airlines,SIN‐JFK,18h40m,0,,1774,20220404-0824,fast
10:30 pm – 5:20 am +2,Singapore Airlines,JFK‐SIN,18h50m,0,,11:50 am – 6:30 pm,Singapore Airlines,SIN‐JFK,18h40m,0,,1838,20220404-0824,fast
8:55 pm – 5:55 am +2,SWISS,JFK‐SIN,21h00m,1,ZRH,11:35 pm – 6:00 am +1,Singapore Airlines,SIN‐EWR,18h25m,0,,5276,20220404-0824,fast
8:55 pm – 5:55 am +2,SWISS,JFK‐SIN,21h00m,1,ZRH,11:50 am – 6:30 pm,Singapore Airlines,SIN‐JFK,18h40m,0,,4235,20220404-0824,fast
8:55 pm – 6:40 am +2,SWISS,JFK‐SIN,21h45m,1,ZRH,11:35 pm – 6:00 am +1,Singapore Airlines,SIN‐EWR,18h25m,0,,4686,20220404-0824,fast
11:20 am – 8:55 pm +1,Emirates,JFK‐SIN,21h35m,1,DXB,11:50 am – 6:30 pm,Singapore Airlines,SIN‐JFK,18h40m,0,,2502,20220404-0824,fast
8:55 pm – 6:50 am +2,Singapore Airlines,JFK‐SIN,21h55m,1,FRA,11:35 pm – 6:00 am +1,Singapore Airlines,SIN‐EWR,18h25m,0,,1988,20220404-0824,fast
8:55 pm – 6:50 am +2,Singapore Airlines,JFK‐SIN,21h55m,3,"FRA, SIN-FRA, ...",11:35 pm – 6:00 am +1,Singapore Airlines,SIN‐EWR,18h25m,0,,2034,20220404-0824,fast
8:55 pm – 6:40 am +2,SWISS,JFK‐SIN,21h45m,1,ZRH,11:50 am – 6:30 pm,Singapore Airlines,SIN‐JFK,18h40m,0,,3657,20220404-0824,fast
7:55 am – 5:45 pm +1,British Airways,JFK‐SIN,21h50m,1,LHR,11:50 am – 6:30 pm,Singapore Airlines,SIN‐JFK,18h40m,0,,6593,20220404-0824,fast
8:55 pm – 6:50 am +2,Singapore Airlines,JFK‐SIN,21h55m,1,FRA,11:50 am – 6:30 pm,Singapore Airlines,SIN‐JFK,18h40m,0,,1621,20220404-0824,fast
8:55 pm – 6:50 am +2,Singapore Airlines,JFK‐SIN,21h55m,3,"FRA, SIN-FRA, ...",11:50 am – 6:30 pm,Singapore Airlines,SIN‐JFK,18h40m,0,,1641,20220404-0824,fast
10:25 am – 5:10 pm +1,Singapore Airlines,EWR‐SIN,18h45m,0,,9:50 pm – 7:55 am +1,Japan Airlines,SIN‐JFK,22h05m,1,HND,2033,20220404-0824,fast
