Out Time,Out Airline,Out Cities,Out Duration,Out Stops,Out Stop Cities,Return Time,Return Airline,Return Cities,Return Duration,Return Stops,Return Stop Cities,Price,timestamp,sort
8:45 am – 11:40 pm +1,Korean Air,EWR‐SIN,26h55m,2,"ATL, ICN",1:10 am – 11:20 am,Korean Air,SIN‐JFK,22h10m,1,ICN,1043,20220408-1048,cheap
8:45 am – 11:40 pm +1,Korean Air,EWR‐SIN,26h55m,2,"ATL, ICN",1:10 am – 9:00 pm,Korean Air,SIN‐JFK,31h50m,1,ICN,1043,20220408-1048,cheap
8:30 am – 11:40 pm +1,Korean Air,LGA‐SIN,27h10m,2,"ATL, ICN",1:10 am – 11:20 am,Korean Air,SIN‐JFK,22h10m,1,ICN,1046,20220408-1048,cheap
8:05 am – 11:40 pm +1,Korean Air,JFK‐SIN,27h35m,2,"ATL, ICN",1:10 am – 11:20 am,Korean Air,SIN‐JFK,22h10m,1,ICN,1046,20220408-1048,cheap
6:25 am – 11:40 pm +1,Korean Air,JFK‐SIN,29h15m,2,"ATL, ICN",1:10 am – 11:20 am,Korean Air,SIN‐JFK,22h10m,1,ICN,1046,20220408-1048,cheap
8:30 am – 11:40 pm +1,Korean Air,LGA‐SIN,27h10m,2,"ATL, ICN",1:10 am – 9:00 pm,Korean Air,SIN‐JFK,31h50m,1,ICN,1046,20220408-1048,cheap
8:05 am – 11:40 pm +1,Korean Air,JFK‐SIN,27h35m,2,"ATL, ICN",1:10 am – 9:00 pm,Korean Air,SIN‐JFK,31h50m,1,ICN,1046,20220408-1048,cheap
6:25 am – 11:40 pm +1,Korean Air,JFK‐SIN,29h15m,2,"ATL, ICN",1:10 am – 9:00 pm,Korean Air,SIN‐JFK,31h50m,1,ICN,1046,20220408-1048,cheap
8:40 am – 11:40 pm +1,Korean Air,EWR‐SIN,27h00m,2,"BOS, ICN",1:10 am – 11:20 am,Korean Air,SIN‐JFK,22h10m,1,ICN,1060,20220408-1048,cheap
8:40 am – 11:40 pm +1,Korean Air,EWR‐SIN,27h00m,2,"BOS, ICN",1:10 am – 9:00 pm,Korean Air,SIN‐JFK,31h50m,1,ICN,1060,20220408-1048,cheap
1:50 pm – 11:40 pm +1,Korean Air,JFK‐SIN,21h50m,1,ICN,1:10 am – 11:20 am,Korean Air,SIN‐JFK,22h10m,1,ICN,1080,20220408-1048,cheap
1:50 pm – 11:40 pm +1,Korean Air,JFK‐SIN,21h50m,1,ICN,1:10 am – 9:00 pm,Korean Air,SIN‐JFK,31h50m,1,ICN,1080,20220408-1048,cheap
10:00 am – 11:40 pm +1,Korean Air,LGA‐SIN,25h40m,2,"BOS, ICN",1:10 am – 11:20 am,Korean Air,SIN‐JFK,22h10m,1,ICN,1084,20220408-1048,cheap
9:30 am – 11:40 pm +1,Korean Air,JFK‐SIN,26h10m,2,"BOS, ICN",1:10 am – 11:20 am,Korean Air,SIN‐JFK,22h10m,1,ICN,1084,20220408-1048,cheap
9:30 am – 11:40 pm +1,Korean Air,JFK‐SIN,26h10m,2,"IAD, ICN",1:10 am – 11:20 am,Korean Air,SIN‐JFK,22h10m,1,ICN,1084,20220408-1048,cheap
10:25 am – 5:10 pm +1,Singapore Airlines,EWR‐SIN,18h45m,0,,1:55 pm – 11:10 am +1,Singapore Airlines,SIN‐JFK,33h15m,1,FRA,1412,20220408-1045,best
1:50 pm – 11:40 pm +1,Korean Air,JFK‐SIN,21h50m,1,ICN,1:10 am – 11:20 am,Korean Air,SIN‐JFK,22h10m,1,ICN,1080,20220408-1045,best
8:45 am – 11:40 pm +1,Korean Air,EWR‐SIN,26h55m,2,"ATL, ICN",1:10 am – 11:20 am,Korean Air,SIN‐JFK,22h10m,1,ICN,1043,20220408-1045,best
1:50 pm – 11:40 pm +1,Korean Air,JFK‐SIN,21h50m,1,ICN,1:10 am – 11:20 am,Korean Air,SIN‐JFK,22h10m,1,ICN,1148,20220408-1045,best
1:50 pm – 11:40 pm +1,Korean Air,JFK‐SIN,21h50m,1,ICN,1:10 am – 1:20 pm,Korean Air,SIN‐LGA,24h10m,2,"ICN, BOS",1140,20220408-1045,best
10:00 am – 11:40 pm +1,Korean Air,LGA‐SIN,25h40m,2,"BOS, ICN",1:10 am – 11:20 am,Korean Air,SIN‐JFK,22h10m,1,ICN,1084,20220408-1045,best
1:50 pm – 11:40 pm +1,Korean Air,JFK‐SIN,21h50m,1,ICN,1:10 am – 2:00 pm,Korean Air,SIN‐EWR,24h50m,2,"ICN, BOS",1129,20220408-1045,best
8:30 am – 11:40 pm +1,Korean Air,LGA‐SIN,27h10m,2,"ATL, ICN",1:10 am – 11:20 am,Korean Air,SIN‐JFK,22h10m,1,ICN,1046,20220408-1045,best
9:30 am – 11:40 pm +1,Korean Air,JFK‐SIN,26h10m,2,"BOS, ICN",1:10 am – 11:20 am,Korean Air,SIN‐JFK,22h10m,1,ICN,1084,20220408-1045,best
9:30 am – 11:40 pm +1,Korean Air,JFK‐SIN,26h10m,2,"IAD, ICN",1:10 am – 11:20 am,Korean Air,SIN‐JFK,22h10m,1,ICN,1084,20220408-1045,best
8:40 am – 11:40 pm +1,Korean Air,EWR‐SIN,27h00m,2,"BOS, ICN",1:10 am – 11:20 am,Korean Air,SIN‐JFK,22h10m,1,ICN,1060,20220408-1045,best
8:05 am – 11:40 pm +1,Korean Air,JFK‐SIN,27h35m,2,"ATL, ICN",1:10 am – 11:20 am,Korean Air,SIN‐JFK,22h10m,1,ICN,1046,20220408-1045,best
10:25 am – 5:10 pm +1,Singapore Airlines,EWR‐SIN,18h45m,0,,11:55 pm – 11:10 am +1,Singapore Airlines,SIN‐JFK,23h15m,1,FRA,1334,20220408-1045,best
1:50 pm – 11:40 pm +1,Delta,JFK‐SIN,21h50m,1,ICN,1:10 am – 2:22 pm,Delta,SIN‐LGA,25h12m,2,"ICN, BOS",1187,20220408-1045,best
6:25 am – 11:40 pm +1,Korean Air,JFK‐SIN,29h15m,2,"ATL, ICN",1:10 am – 11:20 am,Korean Air,SIN‐JFK,22h10m,1,ICN,1046,20220408-1045,best
1:50 pm – 11:40 pm +1,Delta,JFK‐SIN,21h50m,1,ICN,1:10 am – 3:00 pm,Delta,SIN‐JFK,25h50m,2,"ICN, ORD",1187,20220408-1045,best
10:25 am – 5:10 pm +1,Singapore Airlines,EWR‐SIN,18h45m,0,,11:35 pm – 6:00 am +1,Singapore Airlines,SIN‐EWR,18h25m,0,,1776,20220408-1050,fast
10:30 pm – 5:20 am +2,Singapore Airlines,JFK‐SIN,18h50m,0,,11:35 pm – 6:00 am +1,Singapore Airlines,SIN‐EWR,18h25m,0,,2032,20220408-1050,fast
10:25 am – 5:10 pm +1,Singapore Airlines,EWR‐SIN,18h45m,0,,11:50 am – 6:30 pm,Singapore Airlines,SIN‐JFK,18h40m,0,,1638,20220408-1050,fast
10:30 pm – 5:20 am +2,Singapore Airlines,JFK‐SIN,18h50m,0,,11:50 am – 6:30 pm,Singapore Airlines,SIN‐JFK,18h40m,0,,1996,20220408-1050,fast
1:50 pm – 11:40 pm +1,Korean Air,JFK‐SIN,21h50m,1,ICN,11:35 pm – 6:00 am +1,Singapore Airlines,SIN‐EWR,18h25m,0,,1563,20220408-1050,fast
8:55 pm – 6:50 am +2,Singapore Airlines,JFK‐SIN,21h55m,1,FRA,11:35 pm – 6:00 am +1,Singapore Airlines,SIN‐EWR,18h25m,0,,1720,20220408-1050,fast
1:50 pm – 11:40 pm +1,Korean Air,JFK‐SIN,21h50m,1,ICN,11:50 am – 6:30 pm,Singapore Airlines,SIN‐JFK,18h40m,0,,1563,20220408-1050,fast
8:55 pm – 6:50 am +2,Singapore Airlines,JFK‐SIN,21h55m,1,FRA,11:50 am – 6:30 pm,Singapore Airlines,SIN‐JFK,18h40m,0,,1661,20220408-1050,fast
10:25 am – 5:10 pm +1,Singapore Airlines,EWR‐SIN,18h45m,0,,1:10 am – 11:20 am,Korean Air,SIN‐JFK,22h10m,1,ICN,2081,20220408-1050,fast
10:25 am – 5:10 pm +1,Singapore Airlines,EWR‐SIN,18h45m,0,,11:55 pm – 11:10 am +1,Singapore Airlines,SIN‐JFK,23h15m,1,FRA,1334,20220408-1050,fast
10:30 pm – 5:20 am +2,Singapore Airlines,JFK‐SIN,18h50m,0,,11:55 pm – 11:10 am +1,Singapore Airlines,SIN‐JFK,23h15m,1,FRA,1696,20220408-1050,fast
10:30 pm – 5:20 am +2,Singapore Airlines,JFK‐SIN,18h50m,0,,6:40 pm – 5:57 am +1,Singapore Airlines,SIN‐JFK,23h17m,1,SFO,2776,20220408-1050,fast
11:20 am – 8:55 pm +1,Emirates,JFK‐SIN,21h35m,1,DXB,1:10 pm – 10:05 pm,EVA Air,SIN‐JFK,20h55m,1,TPE,2340,20220408-1050,fast
6:00 pm – 6:15 am +2,United Airlines,EWR‐SIN,24h15m,1,SFO,11:35 pm – 6:00 am +1,Singapore Airlines,SIN‐EWR,18h25m,0,,1592,20220408-1050,fast
6:00 pm – 6:15 am +2,United Airlines,EWR‐SIN,24h15m,1,SFO,11:50 am – 6:30 pm,Singapore Airlines,SIN‐JFK,18h40m,0,,1592,20220408-1050,fast
