Out Time,Out Airline,Out Cities,Out Duration,Out Stops,Out Stop Cities,Return Time,Return Airline,Return Cities,Return Duration,Return Stops,Return Stop Cities,Price,timestamp,sort
1:25 pm – 5:40 pm +2,Japan Airlines,JFK‐SIN,40h15m,1,HND,9:50 pm – 10:10 am +1,Japan Airlines,SIN‐JFK,24h20m,1,HND-NRT,930,20220408-0857,cheap
11:35 am – 12:35 am +2,ANA,EWR‐SIN,25h00m,1,NRT,6:10 am – 4:40 pm,ANA,SIN‐EWR,22h30m,1,NRT,1050,20220408-0857,cheap
10:55 am – 12:35 am +2,ANA,EWR‐SIN,25h40m,1,HND-NRT,6:10 am – 4:40 pm,ANA,SIN‐EWR,22h30m,1,NRT,1059,20220408-0857,cheap
9:35 pm – 12:20 am +3,Japan Airlines,JFK‐SIN,38h45m,2,"BOS, NRT",9:50 pm – 10:10 am +1,Japan Airlines,SIN‐JFK,24h20m,1,HND-NRT,1118,20220408-0857,cheap
11:35 am – 12:35 am +2,ANA,EWR‐SIN,25h00m,1,NRT,10:10 pm – 5:10 pm +1,ANA,SIN‐EWR,31h00m,1,HND,1158,20220408-0857,cheap
8:25 am – 12:20 am +2,Japan Airlines,EWR‐SIN,27h55m,2,"SFO, NRT",9:50 pm – 10:10 am +1,Japan Airlines,SIN‐JFK,24h20m,1,HND-NRT,1164,20220408-0857,cheap
10:55 am – 12:35 am +2,ANA,EWR‐SIN,25h40m,1,HND-NRT,10:10 pm – 5:10 pm +1,ANA,SIN‐EWR,31h00m,1,HND,1167,20220408-0857,cheap
11:35 am – 12:35 am +2,ANA,EWR‐SIN,25h00m,1,NRT,10:10 pm – 4:40 pm +1,ANA,SIN‐EWR,30h30m,1,HND-NRT,1168,20220408-0857,cheap
10:55 am – 12:35 am +2,ANA,EWR‐SIN,25h40m,1,HND-NRT,10:10 pm – 4:40 pm +1,ANA,SIN‐EWR,30h30m,1,HND-NRT,1177,20220408-0857,cheap
7:20 am – 12:20 am +2,Japan Airlines,EWR‐SIN,29h00m,2,"SEA, NRT",9:50 pm – 10:10 am +1,Japan Airlines,SIN‐JFK,24h20m,1,HND-NRT,1192,20220408-0857,cheap
11:50 pm – 5:30 pm +2,Turkish Airlines,EWR‐SIN,29h40m,1,IST,11:30 pm – 11:05 am +1,Turkish Airlines,SIN‐JFK,23h35m,1,IST,1241,20220408-0857,cheap
6:55 pm – 5:30 pm +2,Turkish Airlines,JFK‐SIN,34h35m,1,IST,11:30 pm – 11:05 am +1,Turkish Airlines,SIN‐JFK,23h35m,1,IST,1241,20220408-0857,cheap
7:30 am – 12:20 am +2,"Alaska Airlines, Japan Airlines",JFK‐SIN,28h50m,2,"SFO, NRT",9:25 pm – 8:30 am +1,JetBlue,SIN‐JFK,23h05m,1,DOH,1279,20220408-0857,cheap
7:30 am – 12:20 am +2,"Alaska Airlines, Japan Airlines",JFK‐SIN,28h50m,2,"SFO, NRT",2:40 am – 10:45 pm,JetBlue,SIN‐JFK,32h05m,1,DOH,1279,20220408-0857,cheap
9:00 am – 12:20 am +2,Japan Airlines,JFK‐SIN,27h20m,2,"SFO, NRT",9:50 pm – 10:10 am +1,Japan Airlines,SIN‐JFK,24h20m,1,HND-NRT,1285,20220408-0857,cheap
1:25 pm – 5:40 pm +2,Japan Airlines,JFK‐SIN,40h15m,1,HND,9:50 pm – 10:10 am +1,Japan Airlines,SIN‐JFK,24h20m,1,HND-NRT,970,20220408-0854,best
11:35 am – 12:35 am +2,ANA,EWR‐SIN,25h00m,1,NRT,6:10 am – 4:40 pm,ANA,SIN‐EWR,22h30m,1,NRT,1050,20220408-0854,best
1:25 pm – 5:40 pm +2,Japan Airlines,JFK‐SIN,40h15m,1,HND,9:50 pm – 10:10 am +1,Japan Airlines,SIN‐JFK,24h20m,1,HND-NRT,930,20220408-0854,best
10:55 am – 12:35 am +2,ANA,EWR‐SIN,25h40m,1,HND-NRT,6:10 am – 4:40 pm,ANA,SIN‐EWR,22h30m,1,NRT,1059,20220408-0854,best
8:55 pm – 6:50 am +2,Singapore Airlines,JFK‐SIN,21h55m,1,FRA,11:50 am – 6:30 pm,Singapore Airlines,SIN‐JFK,18h40m,0,,1561,20220408-0854,best
1:25 am – 12:00 pm +1,EVA Air,JFK‐SIN,22h35m,1,TPE,1:10 pm – 10:05 pm,EVA Air,SIN‐JFK,20h55m,1,TPE,1343,20220408-0854,best
10:25 am – 5:10 pm +1,Singapore Airlines,EWR‐SIN,18h45m,0,,11:50 am – 6:30 pm,Singapore Airlines,SIN‐JFK,18h40m,0,,1733,20220408-0854,best
8:55 pm – 6:50 am +2,Singapore Airlines,JFK‐SIN,21h55m,1,FRA,11:35 pm – 6:00 am +1,Singapore Airlines,SIN‐EWR,18h25m,0,,1552,20220408-0854,best
8:55 pm – 6:50 am +2,Singapore Airlines,JFK‐SIN,21h55m,1,FRA,11:55 pm – 11:10 am +1,Singapore Airlines,SIN‐JFK,23h15m,1,FRA,1350,20220408-0854,best
1:25 am – 1:50 pm +1,EVA Air,JFK‐SIN,24h25m,1,TPE,1:10 pm – 10:05 pm,EVA Air,SIN‐JFK,20h55m,1,TPE,1343,20220408-0854,best
10:25 am – 5:10 pm +1,Singapore Airlines,EWR‐SIN,18h45m,0,,11:35 pm – 6:00 am +1,Singapore Airlines,SIN‐EWR,18h25m,0,,1733,20220408-0854,best
10:25 am – 5:10 pm +1,Singapore Airlines,EWR‐SIN,18h45m,0,,11:55 pm – 11:10 am +1,Singapore Airlines,SIN‐JFK,23h15m,1,FRA,1563,20220408-0854,best
11:35 am – 12:35 am +2,ANA,EWR‐SIN,25h00m,1,NRT,9:25 pm – 8:30 am +1,JetBlue,SIN‐JFK,23h05m,1,DOH,1330,20220408-0854,best
11:35 am – 12:35 am +2,ANA,EWR‐SIN,25h00m,1,NRT,10:10 pm – 10:15 am +1,ANA,SIN‐JFK,24h05m,1,HND,1298,20220408-0854,best
12:00 pm – 12:35 am +2,ANA,JFK‐SIN,24h35m,1,NRT,6:10 am – 4:40 pm,ANA,SIN‐EWR,22h30m,1,NRT,1442,20220408-0854,best
6:00 pm – 6:15 am +2,United Airlines,EWR‐SIN,24h15m,1,SFO,6:10 am – 4:40 pm,"ANA, United Airlines",SIN‐EWR,22h30m,1,NRT,1470,20220408-0854,best
11:35 am – 12:35 am +2,ANA,EWR‐SIN,25h00m,1,NRT,6:10 am – 4:35 pm,ANA,SIN‐JFK,22h25m,1,NRT,1442,20220408-0854,best
10:25 am – 5:10 pm +1,Singapore Airlines,EWR‐SIN,18h45m,0,,11:35 pm – 6:00 am +1,Singapore Airlines,SIN‐EWR,18h25m,0,,1733,20220408-0859,fast
10:30 pm – 5:20 am +2,Singapore Airlines,JFK‐SIN,18h50m,0,,11:35 pm – 6:00 am +1,Singapore Airlines,SIN‐EWR,18h25m,0,,1896,20220408-0859,fast
10:25 am – 5:10 pm +1,Singapore Airlines,EWR‐SIN,18h45m,0,,11:50 am – 6:30 pm,Singapore Airlines,SIN‐JFK,18h40m,0,,1733,20220408-0859,fast
10:30 pm – 5:20 am +2,Singapore Airlines,JFK‐SIN,18h50m,0,,11:50 am – 6:30 pm,Singapore Airlines,SIN‐JFK,18h40m,0,,1896,20220408-0859,fast
11:20 am – 8:55 pm +1,Emirates,JFK‐SIN,21h35m,1,DXB,11:50 am – 6:30 pm,Singapore Airlines,SIN‐JFK,18h40m,0,,2498,20220408-0859,fast
8:55 pm – 6:50 am +2,Singapore Airlines,JFK‐SIN,21h55m,1,FRA,11:35 pm – 6:00 am +1,Singapore Airlines,SIN‐EWR,18h25m,0,,1552,20220408-0859,fast
8:55 pm – 6:50 am +2,Singapore Airlines,JFK‐SIN,21h55m,1,FRA,11:50 am – 6:30 pm,Singapore Airlines,SIN‐JFK,18h40m,0,,1561,20220408-0859,fast
1:25 am – 12:00 pm +1,EVA Air,JFK‐SIN,22h35m,1,TPE,11:35 pm – 6:00 am +1,Singapore Airlines,SIN‐EWR,18h25m,0,,1745,20220408-0859,fast
1:25 am – 12:00 pm +1,EVA Air,JFK‐SIN,22h35m,1,TPE,11:50 am – 6:30 pm,Singapore Airlines,SIN‐JFK,18h40m,0,,1745,20220408-0859,fast
10:30 pm – 5:20 am +2,Singapore Airlines,JFK‐SIN,18h50m,0,,6:10 am – 4:40 pm,ANA,SIN‐EWR,22h30m,1,NRT,2432,20220408-0859,fast
10:25 am – 5:10 pm +1,Singapore Airlines,EWR‐SIN,18h45m,0,,9:25 pm – 8:30 am +1,Qatar Airways,SIN‐JFK,23h05m,1,DOH,1848,20220408-0859,fast
10:25 am – 5:10 pm +1,Singapore Airlines,EWR‐SIN,18h45m,0,,11:55 pm – 11:10 am +1,Singapore Airlines,SIN‐JFK,23h15m,1,FRA,1563,20220408-0859,fast
10:30 pm – 5:20 am +2,Singapore Airlines,JFK‐SIN,18h50m,0,,11:55 pm – 11:10 am +1,Singapore Airlines,SIN‐JFK,23h15m,1,FRA,1704,20220408-0859,fast
10:25 am – 5:10 pm +1,Singapore Airlines,EWR‐SIN,18h45m,0,,11:30 pm – 11:05 am +1,Turkish Airlines,SIN‐JFK,23h35m,1,IST,1917,20220408-0859,fast
10:30 pm – 5:20 am +2,Singapore Airlines,JFK‐SIN,18h50m,0,,1:25 am – 1:10 pm,SWISS,SIN‐EWR,23h45m,1,ZRH,2281,20220408-0859,fast
