Out Time,Out Airline,Out Cities,Out Duration,Out Stops,Out Stop Cities,Return Time,Return Airline,Return Cities,Return Duration,Return Stops,Return Stop Cities,Price,timestamp,sort
12:30 pm – 12:20 am +2,Japan Airlines,JFK‐SIN,23h50m,1,NRT,9:50 pm – 11:05 am +1,Japan Airlines,SIN‐JFK,25h15m,1,HND,887,20220404-1423,cheap
12:30 pm – 5:40 pm +2,Japan Airlines,JFK‐SIN,41h10m,1,NRT-HND,9:50 pm – 11:05 am +1,Japan Airlines,SIN‐JFK,25h15m,1,HND,898,20220404-1423,cheap
12:30 pm – 12:20 am +2,Japan Airlines,JFK‐SIN,23h50m,1,NRT,8:10 am – 11:05 am +1,Japan Airlines,SIN‐JFK,38h55m,1,NRT-HND,899,20220404-1423,cheap
12:30 pm – 12:20 am +2,American Airlines,JFK‐SIN,23h50m,1,NRT,9:50 pm – 11:05 am +1,American Airlines,SIN‐JFK,25h15m,1,HND,929,20220404-1423,cheap
12:30 pm – 12:20 am +2,American Airlines,JFK‐SIN,23h50m,1,NRT,8:10 am – 10:15 pm,American Airlines,SIN‐JFK,26h05m,2,"NRT, SFO",941,20220404-1423,cheap
9:30 am – 12:20 am +2,American Airlines,LGA‐SIN,26h50m,2,"ORD, NRT",9:50 pm – 11:05 am +1,American Airlines,SIN‐JFK,25h15m,1,HND,969,20220404-1423,cheap
8:30 am – 12:20 am +2,American Airlines,LGA‐SIN,27h50m,2,"ORD, NRT",9:50 pm – 11:05 am +1,American Airlines,SIN‐JFK,25h15m,1,HND,969,20220404-1423,cheap
7:45 am – 12:20 am +2,American Airlines,EWR‐SIN,28h35m,2,"ORD, NRT",9:50 pm – 11:05 am +1,American Airlines,SIN‐JFK,25h15m,1,HND,969,20220404-1423,cheap
7:30 am – 12:20 am +2,American Airlines,LGA‐SIN,28h50m,2,"ORD, NRT",9:50 pm – 11:05 am +1,American Airlines,SIN‐JFK,25h15m,1,HND,969,20220404-1423,cheap
9:30 am – 12:20 am +2,American Airlines,LGA‐SIN,26h50m,2,"ORD, NRT",8:10 am – 10:15 pm,American Airlines,SIN‐JFK,26h05m,2,"NRT, SFO",980,20220404-1423,cheap
8:30 am – 12:20 am +2,American Airlines,LGA‐SIN,27h50m,2,"ORD, NRT",8:10 am – 10:15 pm,American Airlines,SIN‐JFK,26h05m,2,"NRT, SFO",980,20220404-1423,cheap
7:45 am – 12:20 am +2,American Airlines,EWR‐SIN,28h35m,2,"ORD, NRT",8:10 am – 10:15 pm,American Airlines,SIN‐JFK,26h05m,2,"NRT, SFO",980,20220404-1423,cheap
7:30 am – 12:20 am +2,American Airlines,LGA‐SIN,28h50m,2,"ORD, NRT",8:10 am – 10:15 pm,American Airlines,SIN‐JFK,26h05m,2,"NRT, SFO",980,20220404-1423,cheap
8:55 pm – 4:25 pm +2,Singapore Airlines,JFK‐SIN,31h30m,1,FRA,11:55 pm – 11:10 am +1,Singapore Airlines,SIN‐JFK,23h15m,1,FRA,981,20220404-1423,cheap
8:30 am – 12:20 am +2,Japan Airlines,LGA‐SIN,27h50m,2,"ORD, NRT",9:50 pm – 11:05 am +1,Japan Airlines,SIN‐JFK,25h15m,1,HND,983,20220404-1423,cheap
12:30 pm – 12:20 am +2,Japan Airlines,JFK‐SIN,23h50m,1,NRT,9:50 pm – 11:05 am +1,Japan Airlines,SIN‐JFK,25h15m,1,HND,944,20220404-1421,best
12:30 pm – 12:20 am +2,Japan Airlines,JFK‐SIN,23h50m,1,NRT,9:50 pm – 11:05 am +1,Japan Airlines,SIN‐JFK,25h15m,1,HND,887,20220404-1421,best
12:30 pm – 12:20 am +2,American Airlines,JFK‐SIN,23h50m,1,NRT,9:50 pm – 11:05 am +1,American Airlines,SIN‐JFK,25h15m,1,HND,929,20220404-1421,best
12:30 pm – 12:20 am +2,American Airlines,JFK‐SIN,23h50m,1,NRT,8:10 am – 10:15 pm,American Airlines,SIN‐JFK,26h05m,2,"NRT, SFO",941,20220404-1421,best
12:30 pm – 12:20 am +2,Japan Airlines,JFK‐SIN,23h50m,1,NRT,8:35 pm – 11:55 am +1,SAUDIA,SIN‐JFK,27h20m,2,"MLE, JED",1010,20220404-1421,best
10:25 am – 5:10 pm +1,Singapore Airlines,EWR‐SIN,18h45m,0,,11:55 pm – 11:10 am +1,Singapore Airlines,SIN‐JFK,23h15m,1,FRA,1293,20220404-1421,best
12:30 pm – 12:20 am +2,American Airlines,JFK‐SIN,23h50m,1,NRT,8:10 am – 11:30 pm,American Airlines,SIN‐LGA,27h20m,2,"NRT, DFW",1028,20220404-1421,best
8:55 pm – 6:50 am +2,Singapore Airlines,JFK‐SIN,21h55m,1,FRA,11:55 pm – 11:10 am +1,Singapore Airlines,SIN‐JFK,23h15m,1,FRA,1196,20220404-1421,best
9:30 am – 12:20 am +2,American Airlines,LGA‐SIN,26h50m,2,"ORD, NRT",9:50 pm – 11:05 am +1,American Airlines,SIN‐JFK,25h15m,1,HND,969,20220404-1421,best
9:30 am – 12:20 am +2,American Airlines,LGA‐SIN,26h50m,2,"ORD, NRT",8:10 am – 10:15 pm,American Airlines,SIN‐JFK,26h05m,2,"NRT, SFO",980,20220404-1421,best
12:30 pm – 12:20 am +2,American Airlines,JFK‐SIN,23h50m,1,NRT,8:10 am – 11:26 pm,American Airlines,SIN‐EWR,27h16m,2,"NRT, DFW",1086,20220404-1421,best
10:30 pm – 5:20 am +2,Singapore Airlines,JFK‐SIN,18h50m,0,,11:55 pm – 11:10 am +1,Singapore Airlines,SIN‐JFK,23h15m,1,FRA,1293,20220404-1421,best
12:30 pm – 12:20 am +2,Japan Airlines,JFK‐SIN,23h50m,1,NRT,1:10 pm – 10:05 pm,EVA Air,SIN‐JFK,20h55m,1,TPE,1316,20220404-1421,best
12:30 pm – 12:20 am +2,Japan Airlines,JFK‐SIN,23h50m,1,NRT,2:40 am – 2:55 pm,Qatar Airways,SIN‐JFK,24h15m,1,DOH,1155,20220404-1421,best
8:30 am – 12:20 am +2,American Airlines,LGA‐SIN,27h50m,2,"ORD, NRT",9:50 pm – 11:05 am +1,American Airlines,SIN‐JFK,25h15m,1,HND,969,20220404-1421,best
8:30 am – 12:20 am +2,American Airlines,LGA‐SIN,27h50m,2,"ORD, NRT",8:10 am – 10:15 pm,American Airlines,SIN‐JFK,26h05m,2,"NRT, SFO",980,20220404-1421,best
10:25 am – 5:10 pm +1,Singapore Airlines,EWR‐SIN,18h45m,0,,11:35 pm – 6:00 am +1,Singapore Airlines,SIN‐EWR,18h25m,0,,1713,20220404-1426,fast
10:30 pm – 5:20 am +2,Singapore Airlines,JFK‐SIN,18h50m,0,,11:35 pm – 6:00 am +1,Singapore Airlines,SIN‐EWR,18h25m,0,,1828,20220404-1426,fast
10:25 am – 5:10 pm +1,Singapore Airlines,EWR‐SIN,18h45m,0,,11:50 am – 6:30 pm,Singapore Airlines,SIN‐JFK,18h40m,0,,1646,20220404-1426,fast
10:30 pm – 5:20 am +2,Singapore Airlines,JFK‐SIN,18h50m,0,,11:50 am – 6:30 pm,Singapore Airlines,SIN‐JFK,18h40m,0,,1822,20220404-1426,fast
8:55 pm – 6:50 am +2,Singapore Airlines,JFK‐SIN,21h55m,1,FRA,11:35 pm – 6:00 am +1,Singapore Airlines,SIN‐EWR,18h25m,0,,1606,20220404-1426,fast
8:55 pm – 6:50 am +2,Singapore Airlines,JFK‐SIN,21h55m,1,FRA,11:50 am – 6:30 pm,Singapore Airlines,SIN‐JFK,18h40m,0,,1493,20220404-1426,fast
10:25 am – 5:10 pm +1,Singapore Airlines,EWR‐SIN,18h45m,0,,9:40 pm – 8:50 am +1,Emirates,SIN‐JFK,23h10m,1,DXB,1813,20220404-1426,fast
10:25 am – 5:10 pm +1,Singapore Airlines,EWR‐SIN,18h45m,0,,11:55 pm – 11:10 am +1,Singapore Airlines,SIN‐JFK,23h15m,1,FRA,1293,20220404-1426,fast
10:30 pm – 5:20 am +2,Singapore Airlines,JFK‐SIN,18h50m,0,,11:55 pm – 11:10 am +1,Singapore Airlines,SIN‐JFK,23h15m,1,FRA,1293,20220404-1426,fast
12:30 pm – 12:20 am +2,Japan Airlines,JFK‐SIN,23h50m,1,NRT,11:35 pm – 6:00 am +1,Singapore Airlines,SIN‐EWR,18h25m,0,,1819,20220404-1426,fast
10:25 am – 5:10 pm +1,Singapore Airlines,EWR‐SIN,18h45m,0,,11:30 pm – 11:05 am +1,Turkish Airlines,SIN‐JFK,23h35m,1,IST,1872,20220404-1426,fast
12:30 pm – 12:20 am +2,Japan Airlines,JFK‐SIN,23h50m,1,NRT,11:50 am – 6:30 pm,Singapore Airlines,SIN‐JFK,18h40m,0,,1479,20220404-1426,fast
10:25 am – 5:10 pm +1,Singapore Airlines,EWR‐SIN,18h45m,0,,2:40 am – 2:55 pm,Qatar Airways,SIN‐JFK,24h15m,1,DOH,1762,20220404-1426,fast
10:25 am – 5:10 pm +1,Singapore Airlines,EWR‐SIN,18h45m,0,,6:40 pm – 7:00 am +1,Singapore Airlines,SIN‐EWR,24h20m,1,LAX,1743,20220404-1426,fast
10:30 pm – 5:20 am +2,Singapore Airlines,JFK‐SIN,18h50m,0,,2:40 am – 2:55 pm,Qatar Airways,SIN‐JFK,24h15m,1,DOH,1909,20220404-1426,fast
