Out Time,Out Airline,Out Cities,Out Duration,Out Stops,Out Stop Cities,Return Time,Return Airline,Return Cities,Return Duration,Return Stops,Return Stop Cities,Price,timestamp,sort
11:50 pm – 5:30 pm +2,Turkish Airlines,EWR‐SIN,29h40m,1,IST,11:30 pm – 11:05 am +1,Turkish Airlines,SIN‐JFK,23h35m,1,IST,947,20220404-1205,cheap
11:50 pm – 5:30 pm +2,Turkish Airlines,EWR‐SIN,29h40m,1,IST,11:30 pm – 5:15 pm +1,Turkish Airlines,SIN‐JFK,29h45m,1,IST,967,20220404-1205,cheap
11:15 am – 12:35 am +2,ANA,EWR‐SIN,25h20m,1,NRT,6:10 am – 4:50 pm,ANA,SIN‐EWR,22h40m,1,NRT,983,20220404-1205,cheap
11:15 am – 12:35 am +2,ANA,EWR‐SIN,25h20m,1,NRT,6:10 am – 8:14 pm,ANA,SIN‐LGA,26h04m,2,"NRT, ORD",993,20220404-1205,cheap
8:30 pm – 12:35 am +3,ANA,EWR‐SIN,40h05m,2,"LAX, NRT",6:10 am – 4:50 pm,ANA,SIN‐EWR,22h40m,1,NRT,1009,20220404-1205,cheap
11:25 am – 12:35 am +2,United Airlines,EWR‐SIN,25h10m,1,NRT,6:10 am – 4:40 pm,United Airlines,SIN‐EWR,22h30m,1,NRT,1015,20220404-1205,cheap
8:30 pm – 12:35 am +3,United Airlines,EWR‐SIN,40h05m,2,"LAX, NRT",6:10 am – 4:40 pm,United Airlines,SIN‐EWR,22h30m,1,NRT,1019,20220404-1205,cheap
11:25 am – 12:35 am +2,United Airlines,EWR‐SIN,25h10m,1,NRT,6:10 am – 8:14 pm,United Airlines,SIN‐LGA,26h04m,2,"NRT, ORD",1025,20220404-1205,cheap
11:25 am – 12:35 am +2,United Airlines,EWR‐SIN,25h10m,1,NRT,6:10 am – 9:19 pm,United Airlines,SIN‐LGA,27h09m,2,"NRT, ORD",1025,20220404-1205,cheap
11:25 am – 12:35 am +2,United Airlines,EWR‐SIN,25h10m,1,NRT,6:10 am – 10:07 pm,United Airlines,SIN‐LGA,27h57m,2,"NRT, IAH",1025,20220404-1205,cheap
11:25 am – 12:35 am +2,United Airlines,EWR‐SIN,25h10m,1,NRT,6:10 am – 11:13 pm,United Airlines,SIN‐LGA,29h03m,2,"NRT, IAH",1025,20220404-1205,cheap
11:25 am – 12:35 am +2,United Airlines,EWR‐SIN,25h10m,1,NRT,6:10 am – 11:23 pm,United Airlines,SIN‐LGA,29h13m,2,"NRT, IAD",1025,20220404-1205,cheap
11:25 am – 12:35 am +2,United Airlines,EWR‐SIN,25h10m,1,NRT,6:10 am – 11:42 pm,United Airlines,SIN‐EWR,29h32m,2,"NRT, IAD",1025,20220404-1205,cheap
11:25 am – 12:35 am +2,"United Airlines, ANA",EWR‐SIN,25h10m,1,NRT,6:10 am – 10:44 pm,United Airlines,SIN‐EWR,28h34m,2,"NRT, IAH",1030,20220404-1205,cheap
11:25 am – 12:35 am +2,United Airlines,EWR‐SIN,25h10m,1,NRT,6:10 am – 7:20 am +1,United Airlines,SIN‐EWR,37h10m,2,"NRT, IAD",1030,20220404-1205,cheap
11:50 pm – 5:30 pm +2,Turkish Airlines,EWR‐SIN,29h40m,1,IST,11:30 pm – 11:05 am +1,Turkish Airlines,SIN‐JFK,23h35m,1,IST,952,20220404-1203,best
11:15 am – 12:35 am +2,ANA,EWR‐SIN,25h20m,1,NRT,6:10 am – 4:50 pm,ANA,SIN‐EWR,22h40m,1,NRT,983,20220404-1203,best
11:50 pm – 5:30 pm +2,Turkish Airlines,EWR‐SIN,29h40m,1,IST,11:30 pm – 11:05 am +1,Turkish Airlines,SIN‐JFK,23h35m,1,IST,947,20220404-1203,best
11:25 am – 12:35 am +2,United Airlines,EWR‐SIN,25h10m,1,NRT,6:10 am – 4:40 pm,United Airlines,SIN‐EWR,22h30m,1,NRT,1015,20220404-1203,best
10:25 am – 5:10 pm +1,Singapore Airlines,EWR‐SIN,18h45m,0,,11:50 am – 6:30 pm,Singapore Airlines,SIN‐JFK,18h40m,0,,1713,20220404-1203,best
11:15 am – 12:35 am +2,ANA,EWR‐SIN,25h20m,1,NRT,6:10 am – 8:14 pm,ANA,SIN‐LGA,26h04m,2,"NRT, ORD",993,20220404-1203,best
11:15 am – 12:35 am +2,ANA,EWR‐SIN,25h20m,1,NRT,11:30 pm – 11:05 am +1,Turkish Airlines,SIN‐JFK,23h35m,1,IST,1101,20220404-1203,best
8:55 pm – 6:50 am +2,Singapore Airlines,JFK‐SIN,21h55m,1,FRA,11:50 am – 6:30 pm,Singapore Airlines,SIN‐JFK,18h40m,0,,1570,20220404-1203,best
11:25 am – 12:35 am +2,United Airlines,EWR‐SIN,25h10m,1,NRT,6:10 am – 8:14 pm,United Airlines,SIN‐LGA,26h04m,2,"NRT, ORD",1025,20220404-1203,best
10:25 am – 5:10 pm +1,Singapore Airlines,EWR‐SIN,18h45m,0,,11:35 pm – 6:00 am +1,Singapore Airlines,SIN‐EWR,18h25m,0,,1753,20220404-1203,best
11:15 am – 12:35 am +2,ANA,EWR‐SIN,25h20m,1,NRT,6:10 am – 9:19 pm,"ANA, United Airlines",SIN‐LGA,27h09m,2,"NRT, ORD",1032,20220404-1203,best
11:25 am – 12:35 am +2,United Airlines,EWR‐SIN,25h10m,1,NRT,6:10 am – 9:19 pm,United Airlines,SIN‐LGA,27h09m,2,"NRT, ORD",1025,20220404-1203,best
11:25 am – 12:35 am +2,United Airlines,EWR‐SIN,25h10m,1,NRT,6:10 am – 10:07 pm,United Airlines,SIN‐LGA,27h57m,2,"NRT, IAH",1025,20220404-1203,best
1:50 pm – 11:40 pm +1,Korean Air,JFK‐SIN,21h50m,1,ICN,11:30 pm – 11:05 am +1,Turkish Airlines,SIN‐JFK,23h35m,1,IST,1357,20220404-1203,best
8:55 pm – 6:50 am +2,Singapore Airlines,JFK‐SIN,21h55m,1,FRA,11:35 pm – 6:00 am +1,Singapore Airlines,SIN‐EWR,18h25m,0,,1611,20220404-1203,best
11:25 am – 12:35 am +2,"United Airlines, ANA",EWR‐SIN,25h10m,1,NRT,6:10 am – 10:44 pm,United Airlines,SIN‐EWR,28h34m,2,"NRT, IAH",1030,20220404-1203,best
10:25 am – 5:10 pm +1,Singapore Airlines,EWR‐SIN,18h45m,0,,11:35 pm – 6:00 am +1,Singapore Airlines,SIN‐EWR,18h25m,0,,1753,20220404-1208,fast
10:30 pm – 5:20 am +2,Singapore Airlines,JFK‐SIN,18h50m,0,,11:35 pm – 6:00 am +1,Singapore Airlines,SIN‐EWR,18h25m,0,,1913,20220404-1208,fast
10:25 am – 5:10 pm +1,Singapore Airlines,EWR‐SIN,18h45m,0,,11:50 am – 6:30 pm,Singapore Airlines,SIN‐JFK,18h40m,0,,1713,20220404-1208,fast
10:30 pm – 5:20 am +2,Singapore Airlines,JFK‐SIN,18h50m,0,,11:50 am – 6:30 pm,Singapore Airlines,SIN‐JFK,18h40m,0,,1872,20220404-1208,fast
8:55 pm – 5:55 am +2,SWISS,JFK‐SIN,21h00m,1,ZRH,11:35 pm – 6:00 am +1,Singapore Airlines,SIN‐EWR,18h25m,0,,3650,20220404-1208,fast
8:55 pm – 5:55 am +2,SWISS,JFK‐SIN,21h00m,1,ZRH,11:50 am – 6:30 pm,Singapore Airlines,SIN‐JFK,18h40m,0,,3650,20220404-1208,fast
8:55 pm – 6:40 am +2,SWISS,JFK‐SIN,21h45m,1,ZRH,11:35 pm – 6:00 am +1,Singapore Airlines,SIN‐EWR,18h25m,0,,7562,20220404-1208,fast
8:55 pm – 6:50 am +2,Singapore Airlines,JFK‐SIN,21h55m,1,FRA,11:35 pm – 6:00 am +1,Singapore Airlines,SIN‐EWR,18h25m,0,,1611,20220404-1208,fast
8:55 pm – 6:40 am +2,SWISS,JFK‐SIN,21h45m,1,ZRH,11:50 am – 6:30 pm,Singapore Airlines,SIN‐JFK,18h40m,0,,7562,20220404-1208,fast
8:55 pm – 6:50 am +2,Singapore Airlines,JFK‐SIN,21h55m,1,FRA,11:50 am – 6:30 pm,Singapore Airlines,SIN‐JFK,18h40m,0,,1570,20220404-1208,fast
10:25 am – 5:10 pm +1,Singapore Airlines,EWR‐SIN,18h45m,0,,6:10 am – 4:50 pm,ANA,SIN‐EWR,22h40m,1,NRT,2105,20220404-1208,fast
10:25 am – 5:10 pm +1,Singapore Airlines,EWR‐SIN,18h45m,0,,11:55 pm – 11:10 am +1,Singapore Airlines,SIN‐JFK,23h15m,1,FRA,1611,20220404-1208,fast
10:30 pm – 5:20 am +2,Singapore Airlines,JFK‐SIN,18h50m,0,,11:55 pm – 11:10 am +1,Singapore Airlines,SIN‐JFK,23h15m,1,FRA,1771,20220404-1208,fast
10:25 am – 5:10 pm +1,Singapore Airlines,EWR‐SIN,18h45m,0,,11:30 pm – 11:05 am +1,Turkish Airlines,SIN‐JFK,23h35m,1,IST,1668,20220404-1208,fast
10:30 pm – 5:20 am +2,Singapore Airlines,JFK‐SIN,18h50m,0,,11:30 pm – 11:05 am +1,Turkish Airlines,SIN‐JFK,23h35m,1,IST,1898,20220404-1208,fast
