Out Time,Out Airline,Out Cities,Out Duration,Out Stops,Out Stop Cities,Return Time,Return Airline,Return Cities,Return Duration,Return Stops,Return Stop Cities,Price,timestamp,sort
8:55 pm – 4:25 pm +2,Singapore Airlines,JFK‐SIN,31h30m,1,FRA,1:55 pm – 11:10 am +1,Singapore Airlines,SIN‐JFK,33h15m,1,FRA,1072,20220408-1110,cheap
9:55 pm – 3:45 pm +2,Qatar Airways,JFK‐SIN,29h50m,1,DOH,2:40 am – 2:55 pm,Qatar Airways,SIN‐JFK,24h15m,1,DOH,1127,20220408-1110,cheap
9:55 pm – 3:45 pm +2,Qatar Airways,JFK‐SIN,29h50m,1,DOH,2:40 am – 10:45 pm,Qatar Airways,SIN‐JFK,32h05m,1,DOH,1127,20220408-1110,cheap
8:55 pm – 4:25 pm +2,Singapore Airlines,JFK‐SIN,31h30m,1,FRA,11:55 pm – 11:10 am +1,Singapore Airlines,SIN‐JFK,23h15m,1,FRA,1143,20220408-1110,cheap
4:35 pm – 6:15 am +2,United Airlines,LGA‐SIN,25h40m,2,"DEN, SFO",8:45 am – 6:58 am +1,United Airlines,SIN‐EWR,34h13m,2,"SFO, SLC",1160,20220408-1110,cheap
9:55 pm – 3:45 pm +2,"JetBlue, Qatar Airways",JFK‐SIN,29h50m,1,DOH,2:40 am – 10:45 pm,"Qatar Airways, JetBlue",SIN‐JFK,32h05m,1,DOH,1168,20220408-1110,cheap
9:55 pm – 3:45 pm +2,"JetBlue, Qatar Airways",JFK‐SIN,29h50m,1,DOH,2:40 am – 10:45 pm,JetBlue,SIN‐JFK,32h05m,1,DOH,1168,20220408-1110,cheap
10:25 am – 5:10 pm +1,Singapore Airlines,EWR‐SIN,18h45m,0,,1:55 pm – 11:10 am +1,Singapore Airlines,SIN‐JFK,33h15m,1,FRA,1209,20220408-1110,cheap
6:40 pm – 6:15 am +2,United Airlines,EWR‐SIN,23h35m,1,SFO,8:45 am – 6:58 am +1,United Airlines,SIN‐EWR,34h13m,2,"SFO, SLC",1229,20220408-1110,cheap
5:30 pm – 6:15 am +2,United Airlines,JFK‐SIN,24h45m,1,SFO,8:45 am – 6:58 am +1,United Airlines,SIN‐EWR,34h13m,2,"SFO, SLC",1229,20220408-1110,cheap
4:40 pm – 6:15 am +2,United Airlines,EWR‐SIN,25h35m,1,SFO,8:45 am – 6:58 am +1,United Airlines,SIN‐EWR,34h13m,2,"SFO, SLC",1229,20220408-1110,cheap
3:00 pm – 6:15 am +2,United Airlines,LGA‐SIN,27h15m,2,"ORD, SFO",8:45 am – 6:58 am +1,United Airlines,SIN‐EWR,34h13m,2,"SFO, SLC",1229,20220408-1110,cheap
2:21 pm – 6:15 am +2,United Airlines,LGA‐SIN,27h54m,2,"DEN, SFO",8:45 am – 6:58 am +1,United Airlines,SIN‐EWR,34h13m,2,"SFO, SLC",1229,20220408-1110,cheap
2:21 pm – 6:15 am +2,United Airlines,LGA‐SIN,27h54m,2,"DEN, SFO",8:45 am – 6:58 am +1,United Airlines,SIN‐EWR,34h13m,2,"SFO, SLC",1229,20220408-1110,cheap
2:21 pm – 6:15 am +2,United Airlines,LGA‐SIN,27h54m,2,"DEN, SFO",8:45 am – 6:58 am +1,United Airlines,SIN‐EWR,34h13m,2,"SFO, SLC",1229,20220408-1110,cheap
8:55 pm – 4:25 pm +2,Singapore Airlines,JFK‐SIN,31h30m,1,FRA,1:55 pm – 11:10 am +1,Singapore Airlines,SIN‐JFK,33h15m,1,FRA,1165,20220408-1108,best
10:25 am – 5:10 pm +1,Singapore Airlines,EWR‐SIN,18h45m,0,,11:50 am – 6:30 pm,Singapore Airlines,SIN‐JFK,18h40m,0,,1538,20220408-1108,best
8:55 pm – 4:25 pm +2,Singapore Airlines,JFK‐SIN,31h30m,1,FRA,1:55 pm – 11:10 am +1,Singapore Airlines,SIN‐JFK,33h15m,1,FRA,1072,20220408-1108,best
10:25 am – 5:10 pm +1,Singapore Airlines,EWR‐SIN,18h45m,0,,11:35 pm – 6:00 am +1,Singapore Airlines,SIN‐EWR,18h25m,0,,1513,20220408-1108,best
10:25 am – 5:10 pm +1,Singapore Airlines,EWR‐SIN,18h45m,0,,11:55 pm – 11:10 am +1,Singapore Airlines,SIN‐JFK,23h15m,1,FRA,1368,20220408-1108,best
8:55 pm – 6:50 am +2,Singapore Airlines,JFK‐SIN,21h55m,1,FRA,11:50 am – 6:30 pm,Singapore Airlines,SIN‐JFK,18h40m,0,,1561,20220408-1108,best
8:55 pm – 6:50 am +2,Singapore Airlines,JFK‐SIN,21h55m,1,FRA,11:35 pm – 6:00 am +1,Singapore Airlines,SIN‐EWR,18h25m,0,,1561,20220408-1108,best
8:55 pm – 6:50 am +2,Singapore Airlines,JFK‐SIN,21h55m,1,FRA,11:55 pm – 11:10 am +1,Singapore Airlines,SIN‐JFK,23h15m,1,FRA,1338,20220408-1108,best
10:30 pm – 5:20 am +2,Singapore Airlines,JFK‐SIN,18h50m,0,,11:50 am – 6:30 pm,Singapore Airlines,SIN‐JFK,18h40m,0,,1733,20220408-1108,best
10:25 am – 5:10 pm +1,Singapore Airlines,EWR‐SIN,18h45m,0,,1:55 pm – 11:10 am +1,Singapore Airlines,SIN‐JFK,33h15m,1,FRA,1209,20220408-1108,best
10:30 pm – 5:20 am +2,Singapore Airlines,JFK‐SIN,18h50m,0,,11:35 pm – 6:00 am +1,Singapore Airlines,SIN‐EWR,18h25m,0,,1708,20220408-1108,best
8:55 pm – 4:25 pm +2,Singapore Airlines,JFK‐SIN,31h30m,1,FRA,11:50 am – 6:30 pm,Singapore Airlines,SIN‐JFK,18h40m,0,,1352,20220408-1108,best
10:30 pm – 5:20 am +2,Singapore Airlines,JFK‐SIN,18h50m,0,,11:55 pm – 11:10 am +1,Singapore Airlines,SIN‐JFK,23h15m,1,FRA,1563,20220408-1108,best
8:55 pm – 4:25 pm +2,Singapore Airlines,JFK‐SIN,31h30m,1,FRA,11:35 pm – 6:00 am +1,Singapore Airlines,SIN‐EWR,18h25m,0,,1352,20220408-1108,best
6:40 pm – 6:15 am +2,United Airlines,EWR‐SIN,23h35m,1,SFO,8:45 am – 8:06 pm,United Airlines,SIN‐EWR,23h21m,1,SFO,1523,20220408-1108,best
6:40 pm – 6:15 am +2,United Airlines,EWR‐SIN,23h35m,1,SFO,8:45 am – 7:20 pm,United Airlines,SIN‐EWR,22h35m,1,SFO,1523,20220408-1108,best
8:55 pm – 4:25 pm +2,Singapore Airlines,JFK‐SIN,31h30m,1,FRA,11:55 pm – 11:10 am +1,Singapore Airlines,SIN‐JFK,23h15m,1,FRA,1143,20220408-1108,best
10:25 am – 5:10 pm +1,Singapore Airlines,EWR‐SIN,18h45m,0,,11:35 pm – 6:00 am +1,Singapore Airlines,SIN‐EWR,18h25m,0,,1513,20220408-1113,fast
10:30 pm – 5:20 am +2,Singapore Airlines,JFK‐SIN,18h50m,0,,11:35 pm – 6:00 am +1,Singapore Airlines,SIN‐EWR,18h25m,0,,1708,20220408-1113,fast
10:25 am – 5:10 pm +1,Singapore Airlines,EWR‐SIN,18h45m,0,,11:50 am – 6:30 pm,Singapore Airlines,SIN‐JFK,18h40m,0,,1538,20220408-1113,fast
10:30 pm – 5:20 am +2,Singapore Airlines,JFK‐SIN,18h50m,0,,11:50 am – 6:30 pm,Singapore Airlines,SIN‐JFK,18h40m,0,,1733,20220408-1113,fast
8:55 pm – 5:55 am +2,SWISS,JFK‐SIN,21h00m,1,ZRH,11:35 pm – 6:00 am +1,Singapore Airlines,SIN‐EWR,18h25m,0,,3621,20220408-1113,fast
8:55 pm – 5:55 am +2,SWISS,JFK‐SIN,21h00m,1,ZRH,11:50 am – 6:30 pm,Singapore Airlines,SIN‐JFK,18h40m,0,,3621,20220408-1113,fast
8:55 pm – 6:50 am +2,Singapore Airlines,JFK‐SIN,21h55m,1,FRA,11:35 pm – 6:00 am +1,Singapore Airlines,SIN‐EWR,18h25m,0,,1561,20220408-1113,fast
8:55 pm – 6:50 am +2,Singapore Airlines,JFK‐SIN,21h55m,1,FRA,11:50 am – 6:30 pm,Singapore Airlines,SIN‐JFK,18h40m,0,,1561,20220408-1113,fast
10:25 am – 5:10 pm +1,Singapore Airlines,EWR‐SIN,18h45m,0,,6:10 am – 4:40 pm,ANA,SIN‐EWR,22h30m,1,NRT,1984,20220408-1113,fast
10:30 pm – 5:20 am +2,Singapore Airlines,JFK‐SIN,18h50m,0,,6:10 am – 4:40 pm,ANA,SIN‐EWR,22h30m,1,NRT,2087,20220408-1113,fast
10:25 am – 5:10 pm +1,Singapore Airlines,EWR‐SIN,18h45m,0,,9:40 pm – 8:50 am +1,Emirates,SIN‐JFK,23h10m,1,DXB,1924,20220408-1113,fast
10:25 am – 5:10 pm +1,Singapore Airlines,EWR‐SIN,18h45m,0,,11:55 pm – 11:10 am +1,Singapore Airlines,SIN‐JFK,23h15m,1,FRA,1368,20220408-1113,fast
10:30 pm – 5:20 am +2,Singapore Airlines,JFK‐SIN,18h50m,0,,9:40 pm – 8:50 am +1,Emirates,SIN‐JFK,23h10m,1,DXB,2025,20220408-1113,fast
10:30 pm – 5:20 am +2,Singapore Airlines,JFK‐SIN,18h50m,0,,11:55 pm – 11:10 am +1,Singapore Airlines,SIN‐JFK,23h15m,1,FRA,1563,20220408-1113,fast
10:25 am – 5:10 pm +1,Singapore Airlines,EWR‐SIN,18h45m,0,,11:30 pm – 11:05 am +1,Turkish Airlines,SIN‐JFK,23h35m,1,IST,1971,20220408-1113,fast
