Out Time,Out Airline,Out Cities,Out Duration,Out Stops,Out Stop Cities,Return Time,Return Airline,Return Cities,Return Duration,Return Stops,Return Stop Cities,Price,timestamp,sort
9:30 am – 12:20 am +2,Japan Airlines,LGA‐SIN,26h50m,2,"ORD, NRT",9:50 pm – 11:05 am +1,Japan Airlines,SIN‐JFK,25h15m,1,HND,966,20220408-0755,cheap
8:30 am – 12:20 am +2,Japan Airlines,LGA‐SIN,27h50m,2,"ORD, NRT",9:50 pm – 11:05 am +1,Japan Airlines,SIN‐JFK,25h15m,1,HND,966,20220408-0755,cheap
6:00 pm – 6:15 am +2,United Airlines,EWR‐SIN,24h15m,1,SFO,8:45 am – 7:23 pm,United Airlines,SIN‐EWR,22h38m,1,SFO,968,20220408-0755,cheap
6:00 pm – 6:15 am +2,United Airlines,EWR‐SIN,24h15m,1,SFO,8:45 am – 8:08 pm,United Airlines,SIN‐EWR,23h23m,1,SFO,968,20220408-0755,cheap
5:00 pm – 6:15 am +2,United Airlines,EWR‐SIN,25h15m,1,SFO,8:45 am – 7:23 pm,United Airlines,SIN‐EWR,22h38m,1,SFO,968,20220408-0755,cheap
6:00 pm – 6:15 am +2,United Airlines,EWR‐SIN,24h15m,1,SFO,8:45 am – 9:08 pm,United Airlines,SIN‐EWR,24h23m,1,SFO,968,20220408-0755,cheap
5:00 pm – 6:15 am +2,United Airlines,EWR‐SIN,25h15m,1,SFO,8:45 am – 8:08 pm,United Airlines,SIN‐EWR,23h23m,1,SFO,968,20220408-0755,cheap
4:00 pm – 6:15 am +2,United Airlines,EWR‐SIN,26h15m,1,SFO,8:45 am – 7:23 pm,United Airlines,SIN‐EWR,22h38m,1,SFO,968,20220408-0755,cheap
3:29 pm – 6:15 am +2,United Airlines,LGA‐SIN,26h46m,2,"IAH, SFO",8:45 am – 7:23 pm,United Airlines,SIN‐EWR,22h38m,1,SFO,968,20220408-0755,cheap
5:00 pm – 6:15 am +2,United Airlines,EWR‐SIN,25h15m,1,SFO,8:45 am – 9:08 pm,United Airlines,SIN‐EWR,24h23m,1,SFO,968,20220408-0755,cheap
6:00 pm – 6:15 am +2,United Airlines,EWR‐SIN,24h15m,1,SFO,8:45 am – 10:08 pm,United Airlines,SIN‐EWR,25h23m,1,SFO,968,20220408-0755,cheap
4:00 pm – 6:15 am +2,United Airlines,EWR‐SIN,26h15m,1,SFO,8:45 am – 8:08 pm,United Airlines,SIN‐EWR,23h23m,1,SFO,968,20220408-0755,cheap
3:00 pm – 6:15 am +2,United Airlines,LGA‐SIN,27h15m,2,"ORD, SFO",8:45 am – 7:23 pm,United Airlines,SIN‐EWR,22h38m,1,SFO,968,20220408-0755,cheap
3:00 pm – 6:15 am +2,United Airlines,LGA‐SIN,27h15m,2,"ORD, SFO",8:45 am – 7:23 pm,United Airlines,SIN‐EWR,22h38m,1,SFO,968,20220408-0755,cheap
3:29 pm – 6:15 am +2,United Airlines,LGA‐SIN,26h46m,2,"IAH, SFO",8:45 am – 8:08 pm,United Airlines,SIN‐EWR,23h23m,1,SFO,968,20220408-0755,cheap
8:55 pm – 4:25 pm +2,Singapore Airlines,JFK‐SIN,31h30m,1,FRA,11:55 pm – 11:10 am +1,Singapore Airlines,SIN‐JFK,23h15m,1,FRA,1201,20220408-0753,best
6:00 pm – 6:15 am +2,United Airlines,EWR‐SIN,24h15m,1,SFO,8:45 am – 7:23 pm,United Airlines,SIN‐EWR,22h38m,1,SFO,968,20220408-0753,best
9:30 am – 12:20 am +2,Japan Airlines,LGA‐SIN,26h50m,2,"ORD, NRT",9:50 pm – 11:05 am +1,Japan Airlines,SIN‐JFK,25h15m,1,HND,966,20220408-0753,best
6:00 pm – 6:15 am +2,United Airlines,EWR‐SIN,24h15m,1,SFO,8:45 am – 8:08 pm,United Airlines,SIN‐EWR,23h23m,1,SFO,968,20220408-0753,best
5:00 pm – 6:15 am +2,United Airlines,EWR‐SIN,25h15m,1,SFO,8:45 am – 7:23 pm,United Airlines,SIN‐EWR,22h38m,1,SFO,968,20220408-0753,best
5:00 pm – 6:15 am +2,United Airlines,EWR‐SIN,25h15m,1,SFO,8:45 am – 8:08 pm,United Airlines,SIN‐EWR,23h23m,1,SFO,968,20220408-0753,best
6:00 pm – 6:15 am +2,United Airlines,EWR‐SIN,24h15m,1,SFO,8:45 am – 9:08 pm,United Airlines,SIN‐EWR,24h23m,1,SFO,968,20220408-0753,best
4:00 pm – 6:15 am +2,United Airlines,EWR‐SIN,26h15m,1,SFO,8:45 am – 7:23 pm,United Airlines,SIN‐EWR,22h38m,1,SFO,968,20220408-0753,best
6:00 pm – 6:15 am +2,United Airlines,EWR‐SIN,24h15m,1,SFO,8:45 am – 9:00 pm,United Airlines,SIN‐LGA,24h15m,2,"SFO, DEN",972,20220408-0753,best
6:00 pm – 6:15 am +2,United Airlines,EWR‐SIN,24h15m,1,SFO,8:45 am – 10:08 pm,United Airlines,SIN‐EWR,25h23m,1,SFO,968,20220408-0753,best
5:00 pm – 6:15 am +2,United Airlines,EWR‐SIN,25h15m,1,SFO,8:45 am – 9:08 pm,United Airlines,SIN‐EWR,24h23m,1,SFO,968,20220408-0753,best
4:00 pm – 6:15 am +2,United Airlines,EWR‐SIN,26h15m,1,SFO,8:45 am – 8:08 pm,United Airlines,SIN‐EWR,23h23m,1,SFO,968,20220408-0753,best
3:00 pm – 6:15 am +2,United Airlines,LGA‐SIN,27h15m,2,"ORD, SFO",8:45 am – 7:23 pm,United Airlines,SIN‐EWR,22h38m,1,SFO,968,20220408-0753,best
3:00 pm – 6:15 am +2,United Airlines,LGA‐SIN,27h15m,2,"ORD, SFO",8:45 am – 7:23 pm,United Airlines,SIN‐EWR,22h38m,1,SFO,968,20220408-0753,best
5:00 pm – 6:15 am +2,United Airlines,EWR‐SIN,25h15m,1,SFO,8:45 am – 10:08 pm,United Airlines,SIN‐EWR,25h23m,1,SFO,968,20220408-0753,best
4:00 pm – 6:15 am +2,United Airlines,EWR‐SIN,26h15m,1,SFO,8:45 am – 9:08 pm,United Airlines,SIN‐EWR,24h23m,1,SFO,968,20220408-0753,best
6:00 pm – 6:15 am +2,United Airlines,EWR‐SIN,24h15m,1,SFO,8:45 am – 9:52 pm,United Airlines,SIN‐LGA,25h07m,2,"SFO, DEN",972,20220408-0753,best
10:25 am – 5:10 pm +1,Singapore Airlines,EWR‐SIN,18h45m,0,,11:35 pm – 6:00 am +1,Singapore Airlines,SIN‐EWR,18h25m,0,,1733,20220408-0758,fast
10:30 pm – 5:20 am +2,Singapore Airlines,JFK‐SIN,18h50m,0,,11:35 pm – 6:00 am +1,Singapore Airlines,SIN‐EWR,18h25m,0,,1896,20220408-0758,fast
10:25 am – 5:10 pm +1,Singapore Airlines,EWR‐SIN,18h45m,0,,11:50 am – 6:30 pm,Singapore Airlines,SIN‐JFK,18h40m,0,,1733,20220408-0758,fast
10:30 pm – 5:20 am +2,Singapore Airlines,JFK‐SIN,18h50m,0,,11:50 am – 6:30 pm,Singapore Airlines,SIN‐JFK,18h40m,0,,1896,20220408-0758,fast
10:25 am – 5:10 pm +1,Singapore Airlines,EWR‐SIN,18h45m,0,,1:10 pm – 10:05 pm,EVA Air,SIN‐JFK,20h55m,1,TPE,1963,20220408-0758,fast
8:55 pm – 6:50 am +2,Singapore Airlines,JFK‐SIN,21h55m,1,FRA,11:35 pm – 6:00 am +1,Singapore Airlines,SIN‐EWR,18h25m,0,,1561,20220408-0758,fast
8:55 pm – 6:50 am +2,Singapore Airlines,JFK‐SIN,21h55m,1,FRA,11:50 am – 6:30 pm,Singapore Airlines,SIN‐JFK,18h40m,0,,1552,20220408-0758,fast
10:25 am – 5:10 pm +1,Singapore Airlines,EWR‐SIN,18h45m,0,,9:40 pm – 8:50 am +1,Emirates,SIN‐JFK,23h10m,1,DXB,2045,20220408-0758,fast
10:25 am – 5:10 pm +1,Singapore Airlines,EWR‐SIN,18h45m,0,,11:55 pm – 11:10 am +1,Singapore Airlines,SIN‐JFK,23h15m,1,FRA,1379,20220408-0758,fast
10:30 pm – 5:20 am +2,Singapore Airlines,JFK‐SIN,18h50m,0,,11:55 pm – 11:10 am +1,Singapore Airlines,SIN‐JFK,23h15m,1,FRA,1543,20220408-0758,fast
10:30 pm – 5:20 am +2,Singapore Airlines,JFK‐SIN,18h50m,0,,6:40 pm – 5:57 am +1,Singapore Airlines,SIN‐JFK,23h17m,1,SFO,2703,20220408-0758,fast
12:30 pm – 12:20 am +2,Japan Airlines,JFK‐SIN,23h50m,1,NRT,11:35 pm – 6:00 am +1,Singapore Airlines,SIN‐EWR,18h25m,0,,1698,20220408-0758,fast
10:25 am – 5:10 pm +1,Singapore Airlines,EWR‐SIN,18h45m,0,,11:30 pm – 11:05 am +1,Turkish Airlines,SIN‐JFK,23h35m,1,IST,1917,20220408-0758,fast
12:30 pm – 12:20 am +2,Japan Airlines,JFK‐SIN,23h50m,1,NRT,11:50 am – 6:30 pm,Singapore Airlines,SIN‐JFK,18h40m,0,,1698,20220408-0758,fast
6:00 pm – 6:15 am +2,United Airlines,EWR‐SIN,24h15m,1,SFO,11:35 pm – 6:00 am +1,Singapore Airlines,SIN‐EWR,18h25m,0,,1583,20220408-0758,fast
