Out Time,Out Airline,Out Cities,Out Duration,Out Stops,Out Stop Cities,Return Time,Return Airline,Return Cities,Return Duration,Return Stops,Return Stop Cities,Price,timestamp,sort
11:35 am – 12:35 am +2,United Airlines,EWR‐SIN,25h00m,1,NRT,8:45 am – 8:08 pm,United Airlines,SIN‐EWR,23h23m,1,SFO,1079,20220408-0717,cheap
11:35 am – 12:35 am +2,United Airlines,EWR‐SIN,25h00m,1,NRT,8:45 am – 9:08 pm,United Airlines,SIN‐EWR,24h23m,1,SFO,1079,20220408-0717,cheap
11:35 am – 12:35 am +2,United Airlines,EWR‐SIN,25h00m,1,NRT,8:45 am – 10:08 pm,United Airlines,SIN‐EWR,25h23m,1,SFO,1079,20220408-0717,cheap
11:35 am – 12:35 am +2,United Airlines,EWR‐SIN,25h00m,1,NRT,8:45 am – 11:58 pm,United Airlines,SIN‐EWR,27h13m,1,SFO,1079,20220408-0717,cheap
11:35 am – 12:35 am +2,United Airlines,EWR‐SIN,25h00m,1,NRT,8:45 am – 5:30 am +1,United Airlines,SIN‐JFK,32h45m,1,SFO,1079,20220408-0717,cheap
11:35 am – 12:35 am +2,"United Airlines, ANA",EWR‐SIN,25h00m,1,NRT,8:45 am – 5:17 am +1,United Airlines,SIN‐EWR,32h32m,2,"SFO, DEN",1089,20220408-0717,cheap
11:35 am – 12:35 am +2,"United Airlines, ANA",EWR‐SIN,25h00m,1,NRT,8:45 am – 8:47 am +1,United Airlines,SIN‐EWR,36h02m,2,"SFO, IAD",1105,20220408-0717,cheap
11:35 am – 12:35 am +2,"United Airlines, ANA",EWR‐SIN,25h00m,1,NRT,8:45 am – 8:47 am +1,United Airlines,SIN‐EWR,36h02m,2,"SFO, IAD",1105,20220408-0717,cheap
11:35 am – 12:35 am +2,"United Airlines, ANA",EWR‐SIN,25h00m,1,NRT,8:45 am – 9:13 am +1,United Airlines,SIN‐EWR,36h28m,2,"SFO, ORD",1105,20220408-0717,cheap
11:35 am – 12:35 am +2,"United Airlines, ANA",EWR‐SIN,25h00m,1,NRT,8:45 am – 9:46 am +1,United Airlines,SIN‐EWR,37h01m,2,"SFO, IAD",1105,20220408-0717,cheap
9:30 am – 11:40 pm +1,Korean Air,JFK‐SIN,26h10m,2,"IAD, ICN",1:10 am – 11:20 am,Korean Air,SIN‐JFK,22h10m,1,ICN,1175,20220408-0717,cheap
9:30 am – 11:40 pm +1,Korean Air,JFK‐SIN,26h10m,2,"IAD, ICN",1:10 am – 9:00 pm,Korean Air,SIN‐JFK,31h50m,1,ICN,1175,20220408-0717,cheap
8:55 pm – 4:25 pm +2,Singapore Airlines,JFK‐SIN,31h30m,1,FRA,11:55 pm – 11:10 am +1,Singapore Airlines,SIN‐JFK,23h15m,1,FRA,1181,20220408-0717,cheap
11:35 am – 12:35 am +2,United Airlines,EWR‐SIN,25h00m,1,NRT,8:45 am – 7:23 pm,United Airlines,SIN‐EWR,22h38m,1,SFO,1188,20220408-0717,cheap
11:35 am – 12:35 am +2,United Airlines,EWR‐SIN,25h00m,1,NRT,8:45 am – 9:00 pm,United Airlines,SIN‐LGA,24h15m,2,"SFO, DEN",1193,20220408-0717,cheap
8:55 pm – 6:50 am +2,Singapore Airlines,JFK‐SIN,21h55m,1,FRA,11:55 pm – 11:10 am +1,Singapore Airlines,SIN‐JFK,23h15m,1,FRA,1499,20220408-0715,best
11:35 am – 12:35 am +2,United Airlines,EWR‐SIN,25h00m,1,NRT,8:45 am – 8:08 pm,United Airlines,SIN‐EWR,23h23m,1,SFO,1079,20220408-0715,best
11:35 am – 12:35 am +2,United Airlines,EWR‐SIN,25h00m,1,NRT,8:45 am – 9:08 pm,United Airlines,SIN‐EWR,24h23m,1,SFO,1079,20220408-0715,best
11:35 am – 12:35 am +2,United Airlines,EWR‐SIN,25h00m,1,NRT,8:45 am – 7:23 pm,United Airlines,SIN‐EWR,22h38m,1,SFO,1188,20220408-0715,best
11:35 am – 12:35 am +2,United Airlines,EWR‐SIN,25h00m,1,NRT,8:45 am – 10:08 pm,United Airlines,SIN‐EWR,25h23m,1,SFO,1079,20220408-0715,best
8:55 pm – 6:50 am +2,Singapore Airlines,JFK‐SIN,21h55m,1,FRA,11:50 am – 6:30 pm,Singapore Airlines,SIN‐JFK,18h40m,0,,1650,20220408-0715,best
11:35 am – 12:35 am +2,United Airlines,EWR‐SIN,25h00m,1,NRT,8:45 am – 11:58 pm,United Airlines,SIN‐EWR,27h13m,1,SFO,1079,20220408-0715,best
8:55 pm – 6:50 am +2,Singapore Airlines,JFK‐SIN,21h55m,1,FRA,11:55 pm – 11:10 am +1,Singapore Airlines,SIN‐JFK,23h15m,1,FRA,1351,20220408-0715,best
12:30 pm – 12:20 am +2,Japan Airlines,JFK‐SIN,23h50m,1,NRT,10:30 am – 11:00 pm,Philippine Airlines,SIN‐JFK,24h30m,1,MNL,1326,20220408-0715,best
6:00 pm – 6:15 am +2,United Airlines,EWR‐SIN,24h15m,1,SFO,8:45 am – 8:08 pm,United Airlines,SIN‐EWR,23h23m,1,SFO,1370,20220408-0715,best
9:30 am – 11:40 pm +1,Korean Air,JFK‐SIN,26h10m,2,"IAD, ICN",1:10 am – 11:20 am,Korean Air,SIN‐JFK,22h10m,1,ICN,1175,20220408-0715,best
11:35 am – 12:35 am +2,ANA,EWR‐SIN,25h00m,1,NRT,10:30 am – 11:00 pm,Philippine Airlines,SIN‐JFK,24h30m,1,MNL,1271,20220408-0715,best
11:35 am – 12:35 am +2,United Airlines,EWR‐SIN,25h00m,1,NRT,8:45 am – 9:00 pm,United Airlines,SIN‐LGA,24h15m,2,"SFO, DEN",1193,20220408-0715,best
11:35 am – 12:35 am +2,ANA,EWR‐SIN,25h00m,1,NRT,1:10 pm – 10:05 pm,EVA Air,SIN‐JFK,20h55m,1,TPE,1448,20220408-0715,best
10:25 am – 5:10 pm +1,Singapore Airlines,EWR‐SIN,18h45m,0,,11:55 pm – 11:10 am +1,Singapore Airlines,SIN‐JFK,23h15m,0,,1672,20220408-0715,best
12:30 pm – 12:20 am +2,Japan Airlines,JFK‐SIN,23h50m,1,NRT,1:10 pm – 10:05 pm,EVA Air,SIN‐JFK,20h55m,1,TPE,1518,20220408-0715,best
10:25 am – 5:10 pm +1,Singapore Airlines,EWR‐SIN,18h45m,0,,11:35 pm – 6:00 am +1,Singapore Airlines,SIN‐EWR,18h25m,0,,2159,20220408-0720,fast
10:30 pm – 5:20 am +2,Singapore Airlines,JFK‐SIN,18h50m,0,,11:35 pm – 6:00 am +1,Singapore Airlines,SIN‐EWR,18h25m,0,,2274,20220408-0720,fast
10:25 am – 5:10 pm +1,Singapore Airlines,EWR‐SIN,18h45m,0,,11:50 am – 6:30 pm,Singapore Airlines,SIN‐JFK,18h40m,0,,1996,20220408-0720,fast
10:30 pm – 5:20 am +2,Singapore Airlines,JFK‐SIN,18h50m,0,,11:50 am – 6:30 pm,Singapore Airlines,SIN‐JFK,18h40m,0,,2095,20220408-0720,fast
10:25 am – 5:10 pm +1,Singapore Airlines,EWR‐SIN,18h45m,0,,1:10 pm – 10:05 pm,EVA Air,SIN‐JFK,20h55m,1,TPE,2241,20220408-0720,fast
10:30 pm – 5:20 am +2,Singapore Airlines,JFK‐SIN,18h50m,0,,1:10 pm – 10:05 pm,EVA Air,SIN‐JFK,20h55m,1,TPE,2290,20220408-0720,fast
7:55 am – 5:45 pm +1,British Airways,JFK‐SIN,21h50m,1,LHR,11:35 pm – 6:00 am +1,Singapore Airlines,SIN‐EWR,18h25m,0,,6701,20220408-0720,fast
8:55 pm – 6:50 am +2,Singapore Airlines,JFK‐SIN,21h55m,1,FRA,11:35 pm – 6:00 am +1,Singapore Airlines,SIN‐EWR,18h25m,0,,1824,20220408-0720,fast
7:55 am – 5:45 pm +1,British Airways,JFK‐SIN,21h50m,1,LHR,11:50 am – 6:30 pm,Singapore Airlines,SIN‐JFK,18h40m,0,,6701,20220408-0720,fast
8:55 pm – 6:50 am +2,Singapore Airlines,JFK‐SIN,21h55m,1,FRA,11:50 am – 6:30 pm,Singapore Airlines,SIN‐JFK,18h40m,0,,1650,20220408-0720,fast
10:25 am – 5:10 pm +1,Singapore Airlines,EWR‐SIN,18h45m,0,,11:55 pm – 11:10 am +1,Singapore Airlines,SIN‐JFK,23h15m,1,FRA,1632,20220408-0720,fast
10:25 am – 5:10 pm +1,Singapore Airlines,EWR‐SIN,18h45m,0,,11:55 pm – 11:10 am +1,Singapore Airlines,SIN‐JFK,23h15m,0,,1672,20220408-0720,fast
10:30 pm – 5:20 am +2,Singapore Airlines,JFK‐SIN,18h50m,0,,11:55 pm – 11:10 am +1,Singapore Airlines,SIN‐JFK,23h15m,1,FRA,1694,20220408-0720,fast
10:30 pm – 5:20 am +2,Singapore Airlines,JFK‐SIN,18h50m,0,,11:55 pm – 11:10 am +1,Singapore Airlines,SIN‐JFK,23h15m,0,,1864,20220408-0720,fast
12:30 pm – 12:20 am +2,Japan Airlines,JFK‐SIN,23h50m,1,NRT,11:35 pm – 6:00 am +1,Singapore Airlines,SIN‐EWR,18h25m,0,,2109,20220408-0720,fast
