Out Time,Out Airline,Out Cities,Out Duration,Out Stops,Out Stop Cities,Return Time,Return Airline,Return Cities,Return Duration,Return Stops,Return Stop Cities,Price,timestamp,sort
11:55 pm – 5:30 pm +2,Turkish Airlines,JFK‐SIN,29h35m,1,IST,11:30 pm – 10:15 pm +1,Turkish Airlines,SIN‐JFK,34h45m,1,IST,899,20220404-1112,cheap
11:55 pm – 5:30 pm +2,Turkish Airlines,JFK‐SIN,29h35m,1,IST,11:30 pm – 11:05 am +1,Turkish Airlines,SIN‐JFK,23h35m,1,IST,904,20220404-1112,cheap
11:50 pm – 5:30 pm +2,Turkish Airlines,EWR‐SIN,29h40m,1,IST,11:30 pm – 11:05 am +1,Turkish Airlines,SIN‐JFK,23h35m,1,IST,904,20220404-1112,cheap
6:55 pm – 5:30 pm +2,Turkish Airlines,JFK‐SIN,34h35m,1,IST,11:30 pm – 11:05 am +1,Turkish Airlines,SIN‐JFK,23h35m,1,IST,904,20220404-1112,cheap
11:55 pm – 5:30 pm +2,Turkish Airlines,JFK‐SIN,29h35m,1,IST,11:30 pm – 5:15 pm +1,Turkish Airlines,SIN‐JFK,29h45m,1,IST,923,20220404-1112,cheap
11:50 pm – 5:30 pm +2,Turkish Airlines,EWR‐SIN,29h40m,1,IST,11:30 pm – 5:15 pm +1,Turkish Airlines,SIN‐JFK,29h45m,1,IST,923,20220404-1112,cheap
2:00 pm – 12:50 pm +2,"SAUDIA, Scoot",JFK‐SIN,34h50m,2,"JED, KUL",11:30 pm – 11:05 am +1,Turkish Airlines,SIN‐JFK,23h35m,1,IST,1059,20220404-1112,cheap
2:10 pm – 6:45 am +2,United Airlines,EWR‐SIN,28h35m,1,SFO,11:30 pm – 11:05 am +1,Turkish Airlines,SIN‐JFK,23h35m,1,IST,1064,20220404-1112,cheap
8:15 am – 6:45 am +2,United Airlines,EWR‐SIN,34h30m,1,SFO,11:30 pm – 11:05 am +1,Turkish Airlines,SIN‐JFK,23h35m,1,IST,1064,20220404-1112,cheap
6:40 pm – 6:45 am +2,United Airlines,EWR‐SIN,24h05m,1,SFO,11:30 pm – 10:15 pm +1,Turkish Airlines,SIN‐JFK,34h45m,1,IST,1064,20220404-1112,cheap
7:05 am – 11:40 pm +1,Delta,JFK‐SIN,28h35m,2,"LAX, ICN",11:30 pm – 11:05 am +1,Turkish Airlines,SIN‐JFK,23h35m,1,IST,1072,20220404-1112,cheap
11:15 am – 12:35 am +2,ANA,EWR‐SIN,25h20m,1,NRT,11:30 pm – 11:05 am +1,Turkish Airlines,SIN‐JFK,23h35m,1,IST,1105,20220404-1112,cheap
11:15 am – 12:35 am +2,ANA,EWR‐SIN,25h20m,1,NRT,11:30 pm – 5:15 pm +1,Turkish Airlines,SIN‐JFK,29h45m,1,IST,1106,20220404-1112,cheap
11:15 am – 12:35 am +2,ANA,EWR‐SIN,25h20m,1,NRT,11:30 pm – 10:15 pm +1,Turkish Airlines,SIN‐JFK,34h45m,1,IST,1106,20220404-1112,cheap
11:15 am – 12:35 am +2,ANA,EWR‐SIN,25h20m,1,NRT,11:30 pm – 10:20 pm +1,Turkish Airlines,SIN‐EWR,34h50m,1,IST,1106,20220404-1112,cheap
11:55 pm – 5:30 pm +2,Turkish Airlines,JFK‐SIN,29h35m,1,IST,11:30 pm – 11:05 am +1,Turkish Airlines,SIN‐JFK,23h35m,1,IST,919,20220404-1109,best
6:40 pm – 6:45 am +2,United Airlines,EWR‐SIN,24h05m,1,SFO,6:10 am – 4:40 pm,United Airlines,SIN‐EWR,22h30m,1,NRT,1174,20220404-1109,best
11:55 pm – 5:30 pm +2,Turkish Airlines,JFK‐SIN,29h35m,1,IST,11:30 pm – 10:15 pm +1,Turkish Airlines,SIN‐JFK,34h45m,1,IST,899,20220404-1109,best
5:30 pm – 6:45 am +2,United Airlines,JFK‐SIN,25h15m,1,SFO,6:10 am – 4:40 pm,United Airlines,SIN‐EWR,22h30m,1,NRT,1174,20220404-1109,best
5:15 pm – 6:45 am +2,United Airlines,EWR‐SIN,25h30m,1,SFO,6:10 am – 4:40 pm,United Airlines,SIN‐EWR,22h30m,1,NRT,1174,20220404-1109,best
11:25 am – 12:35 am +2,United Airlines,EWR‐SIN,25h10m,1,NRT,6:10 am – 4:40 pm,United Airlines,SIN‐EWR,22h30m,1,NRT,1183,20220404-1109,best
11:15 am – 12:35 am +2,ANA,EWR‐SIN,25h20m,1,NRT,6:10 am – 4:50 pm,ANA,SIN‐EWR,22h40m,1,NRT,1182,20220404-1109,best
11:15 am – 12:35 am +2,ANA,EWR‐SIN,25h20m,1,NRT,11:30 pm – 11:05 am +1,Turkish Airlines,SIN‐JFK,23h35m,1,IST,1105,20220404-1109,best
3:59 pm – 6:45 am +2,United Airlines,EWR‐SIN,26h46m,1,SFO,6:10 am – 4:40 pm,United Airlines,SIN‐EWR,22h30m,1,NRT,1174,20220404-1109,best
11:55 pm – 5:30 pm +2,Turkish Airlines,JFK‐SIN,29h35m,1,IST,11:30 pm – 11:05 am +1,Turkish Airlines,SIN‐JFK,23h35m,1,IST,904,20220404-1109,best
11:50 pm – 5:30 pm +2,Turkish Airlines,EWR‐SIN,29h40m,1,IST,11:30 pm – 11:05 am +1,Turkish Airlines,SIN‐JFK,23h35m,1,IST,904,20220404-1109,best
10:25 am – 5:10 pm +1,Singapore Airlines,EWR‐SIN,18h45m,0,,11:35 pm – 6:00 am +1,Singapore Airlines,SIN‐EWR,18h25m,0,,1672,20220404-1109,best
2:10 pm – 6:45 am +2,United Airlines,EWR‐SIN,28h35m,1,SFO,6:10 am – 4:40 pm,United Airlines,SIN‐EWR,22h30m,1,NRT,1174,20220404-1109,best
8:55 pm – 6:50 am +2,Singapore Airlines,JFK‐SIN,21h55m,0,,11:35 pm – 6:00 am +1,Singapore Airlines,SIN‐EWR,18h25m,0,,1590,20220404-1109,best
6:40 pm – 6:45 am +2,United Airlines,EWR‐SIN,24h05m,1,SFO,6:10 am – 8:53 pm,United Airlines,SIN‐EWR,26h43m,2,"NRT, LAX",1184,20220404-1109,best
6:40 pm – 6:45 am +2,United Airlines,EWR‐SIN,24h05m,1,SFO,6:10 am – 8:14 pm,United Airlines,SIN‐LGA,26h04m,2,"NRT, ORD",1184,20220404-1109,best
8:55 pm – 6:50 am +2,Singapore Airlines,JFK‐SIN,21h55m,1,FRA,11:35 pm – 6:00 am +1,Singapore Airlines,SIN‐EWR,18h25m,0,,1570,20220404-1109,best
10:25 am – 5:10 pm +1,Singapore Airlines,EWR‐SIN,18h45m,0,,11:35 pm – 6:00 am +1,Singapore Airlines,SIN‐EWR,18h25m,0,,1672,20220404-1114,fast
10:30 pm – 5:20 am +2,Singapore Airlines,JFK‐SIN,18h50m,0,,11:35 pm – 6:00 am +1,Singapore Airlines,SIN‐EWR,18h25m,0,,1713,20220404-1114,fast
10:25 am – 5:10 pm +1,Singapore Airlines,EWR‐SIN,18h45m,0,,11:50 am – 6:30 pm,Singapore Airlines,SIN‐JFK,18h40m,0,,2025,20220404-1114,fast
10:30 pm – 5:20 am +2,Singapore Airlines,JFK‐SIN,18h50m,0,,11:50 am – 6:30 pm,Singapore Airlines,SIN‐JFK,18h40m,0,,2066,20220404-1114,fast
8:55 pm – 5:55 am +2,SWISS,JFK‐SIN,21h00m,1,ZRH,11:35 pm – 6:00 am +1,Singapore Airlines,SIN‐EWR,18h25m,0,,4289,20220404-1114,fast
8:55 pm – 6:40 am +2,SWISS,JFK‐SIN,21h45m,1,ZRH,11:35 pm – 6:00 am +1,Singapore Airlines,SIN‐EWR,18h25m,0,,3640,20220404-1114,fast
11:20 am – 8:55 pm +1,Emirates,JFK‐SIN,21h35m,1,DXB,11:50 am – 6:30 pm,Singapore Airlines,SIN‐JFK,18h40m,0,,3522,20220404-1114,fast
8:55 pm – 6:50 am +2,Singapore Airlines,JFK‐SIN,21h55m,1,FRA,11:35 pm – 6:00 am +1,Singapore Airlines,SIN‐EWR,18h25m,0,,1570,20220404-1114,fast
8:55 pm – 6:50 am +2,Singapore Airlines,JFK‐SIN,21h55m,0,,11:35 pm – 6:00 am +1,Singapore Airlines,SIN‐EWR,18h25m,0,,1590,20220404-1114,fast
1:50 pm – 11:40 pm +1,Korean Air,JFK‐SIN,21h50m,1,ICN,11:50 am – 6:30 pm,Singapore Airlines,SIN‐JFK,18h40m,0,,3182,20220404-1114,fast
8:55 pm – 6:50 am +2,Singapore Airlines,JFK‐SIN,21h55m,1,FRA,11:50 am – 6:30 pm,Singapore Airlines,SIN‐JFK,18h40m,0,,1923,20220404-1114,fast
8:55 pm – 6:50 am +2,Singapore Airlines,JFK‐SIN,21h55m,0,,11:50 am – 6:30 pm,Singapore Airlines,SIN‐JFK,18h40m,0,,1968,20220404-1114,fast
7:25 pm – 5:55 am +2,SWISS,JFK‐SIN,22h30m,2,"GVA, ZRH",11:35 pm – 6:00 am +1,Singapore Airlines,SIN‐EWR,18h25m,0,,7635,20220404-1114,fast
7:25 pm – 5:55 am +2,SWISS,JFK‐SIN,22h30m,2,"GVA, ZRH",11:50 am – 6:30 pm,Singapore Airlines,SIN‐JFK,18h40m,0,,7635,20220404-1114,fast
7:25 pm – 6:40 am +2,SWISS,JFK‐SIN,23h15m,2,"GVA, ZRH",11:35 pm – 6:00 am +1,Singapore Airlines,SIN‐EWR,18h25m,0,,7635,20220404-1114,fast
