Out Time,Out Airline,Out Cities,Out Duration,Out Stops,Out Stop Cities,Return Time,Return Airline,Return Cities,Return Duration,Return Stops,Return Stop Cities,Price,timestamp,sort
11:50 pm – 5:30 pm +2,Turkish Airlines,EWR‐SIN,29h40m,1,IST,11:30 pm – 10:15 pm +1,Turkish Airlines,SIN‐JFK,34h45m,1,IST,947,20220404-1009,cheap
8:15 am – 1:15 am +2,"Alaska Airlines, Singapore Airlines",EWR‐SIN,29h00m,2,"LAX, NRT",1:55 pm – 11:10 am +1,Singapore Airlines,SIN‐JFK,33h15m,1,FRA,1076,20220404-1009,cheap
1:10 pm – 11:40 pm +1,Korean Air,JFK‐SIN,22h30m,1,ICN,11:30 pm – 10:15 pm +1,Turkish Airlines,SIN‐JFK,34h45m,1,IST,1079,20220404-1009,cheap
1:10 pm – 11:40 pm +1,Korean Air,JFK‐SIN,22h30m,1,ICN,11:30 pm – 10:20 pm +1,Turkish Airlines,SIN‐EWR,34h50m,1,IST,1079,20220404-1009,cheap
9:55 pm – 3:45 pm +2,Qatar Airways,JFK‐SIN,29h50m,1,DOH,2:40 am – 2:55 pm,Qatar Airways,SIN‐JFK,24h15m,1,DOH,1090,20220404-1009,cheap
11:00 pm – 3:00 pm +2,Emirates,JFK‐SIN,28h00m,1,DXB,12:50 am – 6:55 pm,Emirates,SIN‐JFK,30h05m,1,DXB,1109,20220404-1009,cheap
11:00 pm – 3:00 pm +2,Emirates,JFK‐SIN,28h00m,1,DXB,12:50 am – 6:55 pm,Emirates,SIN‐JFK,30h05m,2,"DXB, MXP",1127,20220404-1009,cheap
9:55 pm – 12:50 pm +2,"Malaysia Airlines, Scoot",JFK‐SIN,26h55m,2,"DOH, KUL",11:30 pm – 10:20 pm +1,Turkish Airlines,SIN‐EWR,34h50m,1,IST,1144,20220404-1009,cheap
9:55 pm – 12:50 pm +2,"Malaysia Airlines, Scoot",JFK‐SIN,26h55m,2,"DOH, KUL",11:30 pm – 10:15 pm +1,Turkish Airlines,SIN‐JFK,34h45m,1,IST,1146,20220404-1009,cheap
8:00 am – 1:15 am +2,"JetBlue, Singapore Airlines",JFK‐SIN,29h15m,2,"LAX, NRT",1:55 pm – 11:10 am +1,Singapore Airlines,SIN‐JFK,33h15m,1,FRA,1155,20220404-1009,cheap
9:55 pm – 3:45 pm +2,"JetBlue, Qatar Airways",JFK‐SIN,29h50m,1,DOH,2:40 am – 2:55 pm,"Qatar Airways, JetBlue",SIN‐JFK,24h15m,1,DOH,1160,20220404-1009,cheap
11:50 pm – 5:30 pm +2,Turkish Airlines,EWR‐SIN,29h40m,1,IST,11:30 pm – 11:05 am +1,Turkish Airlines,SIN‐JFK,23h35m,1,IST,1177,20220404-1009,cheap
1:10 pm – 11:40 pm +1,Korean Air,JFK‐SIN,22h30m,1,ICN,7:50 pm – 4:30 pm +1,Etihad Airways,SIN‐JFK,32h40m,1,AUH,1179,20220404-1009,cheap
11:50 pm – 5:30 pm +2,Turkish Airlines,EWR‐SIN,29h40m,1,IST,11:30 pm – 5:15 pm +1,Turkish Airlines,SIN‐JFK,29h45m,1,IST,1196,20220404-1009,cheap
9:55 pm – 11:25 am +2,Malaysia Airlines,JFK‐SIN,25h30m,2,"DOH, KUL",11:30 pm – 10:15 pm +1,Turkish Airlines,SIN‐JFK,34h45m,1,IST,1205,20220404-1009,cheap
11:50 pm – 5:30 pm +2,Turkish Airlines,EWR‐SIN,29h40m,1,IST,11:30 pm – 10:15 pm +1,Turkish Airlines,SIN‐JFK,34h45m,1,IST,987,20220404-1006,best
10:25 am – 5:10 pm +1,Singapore Airlines,EWR‐SIN,18h45m,0,,11:50 am – 6:30 pm,Singapore Airlines,SIN‐JFK,18h40m,0,,1672,20220404-1006,best
11:50 pm – 5:30 pm +2,Turkish Airlines,EWR‐SIN,29h40m,1,IST,11:30 pm – 10:15 pm +1,Turkish Airlines,SIN‐JFK,34h45m,1,IST,947,20220404-1006,best
10:25 am – 5:10 pm +1,Singapore Airlines,EWR‐SIN,18h45m,0,,11:35 pm – 6:00 am +1,Singapore Airlines,SIN‐EWR,18h25m,0,,1672,20220404-1006,best
10:30 pm – 5:20 am +2,Singapore Airlines,JFK‐SIN,18h50m,0,,11:50 am – 6:30 pm,Singapore Airlines,SIN‐JFK,18h40m,0,,1672,20220404-1006,best
8:55 pm – 6:50 am +2,Singapore Airlines,JFK‐SIN,21h55m,1,FRA,11:50 am – 6:30 pm,Singapore Airlines,SIN‐JFK,18h40m,0,,1570,20220404-1006,best
1:10 pm – 11:40 pm +1,Korean Air,JFK‐SIN,22h30m,1,ICN,9:50 pm – 8:05 am +1,Japan Airlines,SIN‐JFK,22h15m,1,HND,1339,20220404-1006,best
1:10 pm – 11:40 pm +1,Korean Air,JFK‐SIN,22h30m,1,ICN,2:40 am – 2:55 pm,JetBlue,SIN‐JFK,24h15m,1,DOH,1236,20220404-1006,best
8:55 pm – 6:50 am +2,Singapore Airlines,JFK‐SIN,21h55m,1,FRA,11:35 pm – 6:00 am +1,Singapore Airlines,SIN‐EWR,18h25m,0,,1570,20220404-1006,best
10:30 pm – 5:20 am +2,Singapore Airlines,JFK‐SIN,18h50m,0,,11:35 pm – 6:00 am +1,Singapore Airlines,SIN‐EWR,18h25m,0,,1672,20220404-1006,best
8:55 pm – 4:25 pm +2,Singapore Airlines,JFK‐SIN,31h30m,1,FRA,11:50 am – 6:30 pm,Singapore Airlines,SIN‐JFK,18h40m,0,,1345,20220404-1006,best
10:25 am – 5:10 pm +1,Singapore Airlines,EWR‐SIN,18h45m,0,,11:55 pm – 11:10 am +1,Singapore Airlines,SIN‐JFK,23h15m,1,FRA,1570,20220404-1006,best
8:55 pm – 6:50 am +2,Singapore Airlines,JFK‐SIN,21h55m,1,FRA,11:55 pm – 11:10 am +1,Singapore Airlines,SIN‐JFK,23h15m,1,FRA,1462,20220404-1006,best
6:30 pm – 6:45 am +2,United Airlines,EWR‐SIN,24h15m,1,SFO,6:10 am – 4:40 pm,United Airlines,SIN‐EWR,22h30m,1,NRT,1487,20220404-1006,best
1:10 pm – 11:40 pm +1,Korean Air,JFK‐SIN,22h30m,1,ICN,7:50 pm – 4:30 pm +1,Etihad Airways,SIN‐JFK,32h40m,1,AUH,1179,20220404-1006,best
8:55 pm – 4:25 pm +2,Singapore Airlines,JFK‐SIN,31h30m,1,FRA,11:35 pm – 6:00 am +1,Singapore Airlines,SIN‐EWR,18h25m,0,,1345,20220404-1006,best
8:15 am – 1:15 am +2,"Alaska Airlines, Singapore Airlines",EWR‐SIN,29h00m,2,"LAX, NRT",11:50 am – 6:30 pm,Singapore Airlines,SIN‐JFK,18h40m,0,,1400,20220404-1006,best
11:50 pm – 5:30 pm +2,Turkish Airlines,EWR‐SIN,29h40m,1,IST,11:30 pm – 10:15 pm +1,Turkish Airlines,SIN‐JFK,34h45m,1,IST,947,20220404-1011,fast
8:15 am – 1:15 am +2,"Alaska Airlines, Singapore Airlines",EWR‐SIN,29h00m,2,"LAX, NRT",1:55 pm – 11:10 am +1,Singapore Airlines,SIN‐JFK,33h15m,1,FRA,1076,20220404-1011,fast
1:10 pm – 11:40 pm +1,Korean Air,JFK‐SIN,22h30m,1,ICN,11:30 pm – 10:15 pm +1,Turkish Airlines,SIN‐JFK,34h45m,1,IST,1079,20220404-1011,fast
1:10 pm – 11:40 pm +1,Korean Air,JFK‐SIN,22h30m,1,ICN,11:30 pm – 10:20 pm +1,Turkish Airlines,SIN‐EWR,34h50m,1,IST,1079,20220404-1011,fast
9:55 pm – 3:45 pm +2,Qatar Airways,JFK‐SIN,29h50m,1,DOH,2:40 am – 2:55 pm,Qatar Airways,SIN‐JFK,24h15m,1,DOH,1090,20220404-1011,fast
11:00 pm – 3:00 pm +2,Emirates,JFK‐SIN,28h00m,1,DXB,12:50 am – 6:55 pm,Emirates,SIN‐JFK,30h05m,1,DXB,1109,20220404-1011,fast
11:00 pm – 3:00 pm +2,Emirates,JFK‐SIN,28h00m,1,DXB,12:50 am – 6:55 pm,Emirates,SIN‐JFK,30h05m,2,"DXB, MXP",1127,20220404-1011,fast
9:55 pm – 12:50 pm +2,"Malaysia Airlines, Scoot",JFK‐SIN,26h55m,2,"DOH, KUL",11:30 pm – 10:20 pm +1,Turkish Airlines,SIN‐EWR,34h50m,1,IST,1144,20220404-1011,fast
9:55 pm – 12:50 pm +2,"Malaysia Airlines, Scoot",JFK‐SIN,26h55m,2,"DOH, KUL",11:30 pm – 10:15 pm +1,Turkish Airlines,SIN‐JFK,34h45m,1,IST,1146,20220404-1011,fast
8:00 am – 1:15 am +2,"JetBlue, Singapore Airlines",JFK‐SIN,29h15m,2,"LAX, NRT",1:55 pm – 11:10 am +1,Singapore Airlines,SIN‐JFK,33h15m,1,FRA,1155,20220404-1011,fast
9:55 pm – 3:45 pm +2,"JetBlue, Qatar Airways",JFK‐SIN,29h50m,1,DOH,2:40 am – 2:55 pm,"Qatar Airways, JetBlue",SIN‐JFK,24h15m,1,DOH,1160,20220404-1011,fast
11:50 pm – 5:30 pm +2,Turkish Airlines,EWR‐SIN,29h40m,1,IST,11:30 pm – 11:05 am +1,Turkish Airlines,SIN‐JFK,23h35m,1,IST,1177,20220404-1011,fast
1:10 pm – 11:40 pm +1,Korean Air,JFK‐SIN,22h30m,1,ICN,7:50 pm – 4:30 pm +1,Etihad Airways,SIN‐JFK,32h40m,1,AUH,1179,20220404-1011,fast
11:50 pm – 5:30 pm +2,Turkish Airlines,EWR‐SIN,29h40m,1,IST,11:30 pm – 5:15 pm +1,Turkish Airlines,SIN‐JFK,29h45m,1,IST,1196,20220404-1011,fast
9:55 pm – 11:25 am +2,Malaysia Airlines,JFK‐SIN,25h30m,2,"DOH, KUL",11:30 pm – 10:15 pm +1,Turkish Airlines,SIN‐JFK,34h45m,1,IST,1205,20220404-1011,fast
