Out Time,Out Airline,Out Cities,Out Duration,Out Stops,Out Stop Cities,Return Time,Return Airline,Return Cities,Return Duration,Return Stops,Return Stop Cities,Price,timestamp,sort
12:00 pm – 12:35 am +2,ANA,EWR‐SIN,24h35m,1,NRT,6:10 am – 4:40 pm,ANA,SIN‐EWR,22h30m,1,NRT,1036,20220404-1633,cheap
12:00 pm – 12:35 am +2,ANA,EWR‐SIN,24h35m,1,NRT,6:10 am – 10:15 am +1,ANA,SIN‐JFK,40h05m,1,NRT-HND,1060,20220404-1633,cheap
8:15 am – 12:35 am +2,ANA,EWR‐SIN,28h20m,2,"SFO, NRT",6:10 am – 4:40 pm,ANA,SIN‐EWR,22h30m,1,NRT,1079,20220404-1633,cheap
7:20 am – 12:20 am +2,Japan Airlines,EWR‐SIN,29h00m,2,"SEA, NRT",9:50 pm – 10:10 am +1,Japan Airlines,SIN‐JFK,24h20m,1,HND-NRT,1166,20220404-1633,cheap
12:00 pm – 12:35 am +2,United Airlines,EWR‐SIN,24h35m,1,NRT,8:45 am – 12:53 am +1,United Airlines,SIN‐EWR,28h08m,1,SFO,1172,20220404-1633,cheap
12:00 pm – 12:35 am +2,United Airlines,EWR‐SIN,24h35m,1,NRT,8:45 am – 1:58 am +1,United Airlines,SIN‐EWR,29h13m,1,SFO,1172,20220404-1633,cheap
7:20 am – 12:20 am +2,Japan Airlines,EWR‐SIN,29h00m,2,"SEA, NRT",9:50 pm – 2:33 pm +1,Japan Airlines,SIN‐LGA,28h43m,2,"HND-NRT, ORD",1176,20220404-1633,cheap
7:20 am – 12:20 am +2,Japan Airlines,EWR‐SIN,29h00m,2,"SEA, NRT",9:50 pm – 3:34 pm +1,Japan Airlines,SIN‐LGA,29h44m,2,"HND-NRT, ORD",1176,20220404-1633,cheap
12:00 pm – 12:35 am +2,"United Airlines, ANA",EWR‐SIN,24h35m,1,NRT,8:45 am – 11:58 pm,United Airlines,SIN‐EWR,27h13m,1,SFO,1177,20220404-1633,cheap
12:00 pm – 12:35 am +2,"United Airlines, ANA",EWR‐SIN,24h35m,1,NRT,8:45 am – 6:52 am +1,United Airlines,SIN‐EWR,34h07m,2,"SFO, LAS",1181,20220404-1633,cheap
7:20 am – 12:20 am +2,Japan Airlines,EWR‐SIN,29h00m,2,"SEA, NRT",9:50 pm – 11:05 am +1,Japan Airlines,SIN‐JFK,25h15m,1,HND,1204,20220404-1633,cheap
10:50 am – 12:35 am +2,Air Canada,LGA‐SIN,25h45m,2,"YUL, NRT",6:10 am – 8:24 pm,Air Canada,SIN‐EWR,26h14m,2,"NRT, YUL",1214,20220404-1633,cheap
10:40 am – 12:35 am +2,Air Canada,EWR‐SIN,25h55m,2,"YUL, NRT",6:10 am – 8:24 pm,Air Canada,SIN‐EWR,26h14m,2,"NRT, YUL",1214,20220404-1633,cheap
10:50 am – 12:35 am +2,Air Canada,LGA‐SIN,25h45m,2,"YUL, NRT",6:10 am – 8:41 pm,Air Canada,SIN‐LGA,26h31m,2,"NRT, YUL",1214,20220404-1633,cheap
10:40 am – 12:35 am +2,Air Canada,EWR‐SIN,25h55m,2,"YUL, NRT",6:10 am – 8:41 pm,Air Canada,SIN‐LGA,26h31m,2,"NRT, YUL",1214,20220404-1633,cheap
12:00 pm – 12:35 am +2,ANA,EWR‐SIN,24h35m,1,NRT,6:10 am – 10:15 am +1,ANA,SIN‐JFK,40h05m,1,NRT-HND,1086,20220404-1630,best
12:00 pm – 12:35 am +2,ANA,EWR‐SIN,24h35m,1,NRT,6:10 am – 4:40 pm,ANA,SIN‐EWR,22h30m,1,NRT,1036,20220404-1630,best
8:15 am – 12:35 am +2,ANA,EWR‐SIN,28h20m,2,"SFO, NRT",6:10 am – 4:40 pm,ANA,SIN‐EWR,22h30m,1,NRT,1079,20220404-1630,best
8:55 pm – 6:50 am +2,Singapore Airlines,JFK‐SIN,21h55m,1,FRA,11:35 pm – 6:00 am +1,Singapore Airlines,SIN‐EWR,18h25m,0,,1487,20220404-1630,best
12:00 pm – 12:35 am +2,"United Airlines, ANA",EWR‐SIN,24h35m,1,NRT,8:45 am – 11:58 pm,United Airlines,SIN‐EWR,27h13m,1,SFO,1177,20220404-1630,best
8:55 pm – 6:50 am +2,Singapore Airlines,JFK‐SIN,21h55m,1,FRA,11:50 am – 6:30 pm,Singapore Airlines,SIN‐JFK,18h40m,0,,1622,20220404-1630,best
12:00 pm – 12:35 am +2,United Airlines,EWR‐SIN,24h35m,1,NRT,8:45 am – 8:08 pm,United Airlines,SIN‐EWR,23h23m,1,SFO,1310,20220404-1630,best
12:00 pm – 12:35 am +2,United Airlines,EWR‐SIN,24h35m,1,NRT,8:45 am – 9:08 pm,United Airlines,SIN‐EWR,24h23m,1,SFO,1310,20220404-1630,best
12:00 pm – 12:35 am +2,United Airlines,EWR‐SIN,24h35m,1,NRT,8:45 am – 12:53 am +1,United Airlines,SIN‐EWR,28h08m,1,SFO,1172,20220404-1630,best
12:00 pm – 12:35 am +2,ANA,EWR‐SIN,24h35m,1,NRT,1:10 pm – 10:05 pm,EVA Air,SIN‐JFK,20h55m,1,TPE,1462,20220404-1630,best
12:00 pm – 12:35 am +2,ANA,EWR‐SIN,24h35m,1,NRT,9:25 pm – 8:30 am +1,"Qatar Airways, JetBlue",SIN‐JFK,23h05m,1,DOH,1294,20220404-1630,best
12:00 pm – 12:35 am +2,United Airlines,EWR‐SIN,24h35m,1,NRT,8:45 am – 1:58 am +1,United Airlines,SIN‐EWR,29h13m,1,SFO,1172,20220404-1630,best
8:59 am – 12:35 am +2,ANA,LGA‐SIN,27h36m,2,"ORD, NRT",6:10 am – 4:40 pm,ANA,SIN‐EWR,22h30m,1,NRT,1285,20220404-1630,best
12:00 pm – 12:35 am +2,ANA,EWR‐SIN,24h35m,1,NRT,6:10 am – 8:24 pm,ANA,SIN‐LGA,26h14m,2,"NRT, ORD",1291,20220404-1630,best
10:50 am – 12:35 am +2,Air Canada,LGA‐SIN,25h45m,2,"YUL, NRT",6:10 am – 8:24 pm,Air Canada,SIN‐EWR,26h14m,2,"NRT, YUL",1214,20220404-1630,best
10:40 am – 12:35 am +2,Air Canada,EWR‐SIN,25h55m,2,"YUL, NRT",6:10 am – 8:24 pm,Air Canada,SIN‐EWR,26h14m,2,"NRT, YUL",1214,20220404-1630,best
10:25 am – 5:10 pm +1,Singapore Airlines,EWR‐SIN,18h45m,0,,11:35 pm – 6:00 am +1,Singapore Airlines,SIN‐EWR,18h25m,0,,1824,20220404-1635,fast
10:30 pm – 5:20 am +2,Singapore Airlines,JFK‐SIN,18h50m,0,,11:35 pm – 6:00 am +1,Singapore Airlines,SIN‐EWR,18h25m,0,,1975,20220404-1635,fast
10:25 am – 5:10 pm +1,Singapore Airlines,EWR‐SIN,18h45m,0,,11:50 am – 6:30 pm,Singapore Airlines,SIN‐JFK,18h40m,0,,1961,20220404-1635,fast
10:30 pm – 5:20 am +2,Singapore Airlines,JFK‐SIN,18h50m,0,,11:50 am – 6:30 pm,Singapore Airlines,SIN‐JFK,18h40m,0,,2070,20220404-1635,fast
8:55 pm – 6:50 am +2,Singapore Airlines,JFK‐SIN,21h55m,1,FRA,11:35 pm – 6:00 am +1,Singapore Airlines,SIN‐EWR,18h25m,0,,1487,20220404-1635,fast
1:50 pm – 11:40 pm +1,Korean Air,JFK‐SIN,21h50m,1,ICN,11:50 am – 6:30 pm,Singapore Airlines,SIN‐JFK,18h40m,0,,4799,20220404-1635,fast
8:55 pm – 6:50 am +2,Singapore Airlines,JFK‐SIN,21h55m,1,FRA,11:50 am – 6:30 pm,Singapore Airlines,SIN‐JFK,18h40m,0,,1622,20220404-1635,fast
1:35 am – 12:25 pm +1,China Airlines,JFK‐SIN,22h50m,1,TPE,11:35 pm – 6:00 am +1,Singapore Airlines,SIN‐EWR,18h25m,0,,2152,20220404-1635,fast
1:35 am – 12:25 pm +1,China Airlines,JFK‐SIN,22h50m,1,TPE,11:50 am – 6:30 pm,Singapore Airlines,SIN‐JFK,18h40m,0,,2152,20220404-1635,fast
10:25 am – 5:10 pm +1,Singapore Airlines,EWR‐SIN,18h45m,0,,9:25 pm – 8:30 am +1,JetBlue,SIN‐JFK,23h05m,1,DOH,2151,20220404-1635,fast
10:25 am – 5:10 pm +1,Singapore Airlines,EWR‐SIN,18h45m,0,,11:55 pm – 11:10 am +1,Singapore Airlines,SIN‐JFK,23h15m,1,FRA,1795,20220404-1635,fast
10:30 pm – 5:20 am +2,Singapore Airlines,JFK‐SIN,18h50m,0,,11:55 pm – 11:10 am +1,Singapore Airlines,SIN‐JFK,23h15m,1,FRA,1946,20220404-1635,fast
10:25 am – 5:10 pm +1,Singapore Airlines,EWR‐SIN,18h45m,0,,11:30 pm – 11:05 am +1,Turkish Airlines,SIN‐JFK,23h35m,1,IST,2201,20220404-1635,fast
11:20 am – 8:55 pm +1,Emirates,JFK‐SIN,21h35m,1,DXB,1:10 pm – 10:05 pm,EVA Air,SIN‐JFK,20h55m,1,TPE,2201,20220404-1635,fast
1:50 pm – 11:40 pm +1,Korean Air,JFK‐SIN,21h50m,1,ICN,1:10 pm – 10:05 pm,EVA Air,SIN‐JFK,20h55m,1,TPE,1630,20220404-1635,fast
