Out Time,Out Airline,Out Cities,Out Duration,Out Stops,Out Stop Cities,Return Time,Return Airline,Return Cities,Return Duration,Return Stops,Return Stop Cities,Price,timestamp,sort
12:45 pm – 5:30 pm +2,Turkish Airlines,JFK‐SIN,40h45m,1,IST,11:30 pm – 10:15 pm +1,Turkish Airlines,SIN‐JFK,34h45m,1,IST,972,20220404-1337,cheap
11:25 am – 12:35 am +2,ANA,EWR‐SIN,25h10m,1,NRT,6:10 am – 4:45 pm,ANA,SIN‐EWR,22h35m,1,NRT,1028,20220404-1337,cheap
11:25 am – 12:35 am +2,ANA,EWR‐SIN,25h10m,1,NRT,10:10 pm – 10:15 am +1,ANA,SIN‐JFK,24h05m,1,HND,1031,20220404-1337,cheap
11:25 am – 12:35 am +2,ANA,EWR‐SIN,25h10m,1,NRT,10:10 pm – 4:45 pm +1,ANA,SIN‐EWR,30h35m,1,HND-NRT,1050,20220404-1337,cheap
11:25 am – 12:35 am +2,United Airlines,EWR‐SIN,25h10m,1,NRT,6:10 am – 8:53 pm,United Airlines,SIN‐EWR,26h43m,2,"NRT, LAX",1070,20220404-1337,cheap
11:25 am – 12:35 am +2,United Airlines,EWR‐SIN,25h10m,1,NRT,6:10 am – 11:23 pm,United Airlines,SIN‐LGA,29h13m,2,"NRT, IAD",1070,20220404-1337,cheap
11:25 am – 12:35 am +2,United Airlines,EWR‐SIN,25h10m,1,NRT,6:10 am – 12:34 am +1,United Airlines,SIN‐EWR,30h24m,2,"NRT, LAX",1070,20220404-1337,cheap
11:25 am – 12:35 am +2,United Airlines,EWR‐SIN,25h10m,1,NRT,6:10 am – 5:12 am +1,United Airlines,SIN‐EWR,35h02m,2,"NRT, SFO",1070,20220404-1337,cheap
11:25 am – 12:35 am +2,United Airlines,EWR‐SIN,25h10m,1,NRT,6:10 am – 5:30 am +1,United Airlines,SIN‐JFK,35h20m,2,"NRT, SFO",1070,20220404-1337,cheap
11:25 am – 12:35 am +2,United Airlines,EWR‐SIN,25h10m,1,NRT,6:10 am – 11:42 pm,"ANA, United Airlines",SIN‐EWR,29h32m,2,"NRT, IAD",1073,20220404-1337,cheap
11:25 am – 12:35 am +2,United Airlines,EWR‐SIN,25h10m,1,NRT,6:10 am – 8:14 pm,"ANA, United Airlines",SIN‐LGA,26h04m,2,"NRT, ORD",1075,20220404-1337,cheap
11:25 am – 12:35 am +2,United Airlines,EWR‐SIN,25h10m,1,NRT,6:10 am – 9:19 pm,"ANA, United Airlines",SIN‐LGA,27h09m,2,"NRT, ORD",1075,20220404-1337,cheap
11:25 am – 12:35 am +2,United Airlines,EWR‐SIN,25h10m,1,NRT,6:10 am – 9:59 pm,"ANA, United Airlines",SIN‐LGA,27h49m,2,"NRT, IAH",1075,20220404-1337,cheap
11:25 am – 12:35 am +2,United Airlines,EWR‐SIN,25h10m,1,NRT,6:10 am – 10:44 pm,"ANA, United Airlines",SIN‐EWR,28h34m,2,"NRT, IAH",1075,20220404-1337,cheap
11:25 am – 12:35 am +2,United Airlines,EWR‐SIN,25h10m,1,NRT,6:10 am – 11:08 pm,"ANA, United Airlines",SIN‐EWR,28h58m,2,"NRT, SEA",1075,20220404-1337,cheap
12:45 pm – 5:30 pm +2,Turkish Airlines,JFK‐SIN,40h45m,1,IST,11:30 pm – 10:15 pm +1,Turkish Airlines,SIN‐JFK,34h45m,1,IST,977,20220404-1335,best
11:25 am – 12:35 am +2,ANA,EWR‐SIN,25h10m,1,NRT,6:10 am – 4:45 pm,ANA,SIN‐EWR,22h35m,1,NRT,1028,20220404-1335,best
12:45 pm – 5:30 pm +2,Turkish Airlines,JFK‐SIN,40h45m,1,IST,11:30 pm – 10:15 pm +1,Turkish Airlines,SIN‐JFK,34h45m,1,IST,972,20220404-1335,best
10:25 am – 5:10 pm +1,Singapore Airlines,EWR‐SIN,18h45m,0,,11:50 am – 6:30 pm,Singapore Airlines,SIN‐JFK,18h40m,0,,1661,20220404-1335,best
8:55 pm – 6:50 am +2,Singapore Airlines,JFK‐SIN,21h55m,1,FRA,11:50 am – 6:30 pm,Singapore Airlines,SIN‐JFK,18h40m,0,,1493,20220404-1335,best
11:25 am – 12:35 am +2,ANA,EWR‐SIN,25h10m,1,NRT,10:10 pm – 10:15 am +1,ANA,SIN‐JFK,24h05m,1,HND,1031,20220404-1335,best
10:25 am – 5:10 pm +1,Singapore Airlines,EWR‐SIN,18h45m,0,,11:35 pm – 6:00 am +1,Singapore Airlines,SIN‐EWR,18h25m,0,,1661,20220404-1335,best
8:55 pm – 6:50 am +2,Singapore Airlines,JFK‐SIN,21h55m,1,FRA,11:35 pm – 6:00 am +1,Singapore Airlines,SIN‐EWR,18h25m,0,,1493,20220404-1335,best
11:25 am – 12:35 am +2,United Airlines,EWR‐SIN,25h10m,1,NRT,6:10 am – 8:14 pm,"ANA, United Airlines",SIN‐LGA,26h04m,2,"NRT, ORD",1075,20220404-1335,best
11:25 am – 12:35 am +2,United Airlines,EWR‐SIN,25h10m,1,NRT,6:10 am – 8:53 pm,United Airlines,SIN‐EWR,26h43m,2,"NRT, LAX",1070,20220404-1335,best
11:25 am – 12:35 am +2,United Airlines,EWR‐SIN,25h10m,1,NRT,6:10 am – 9:19 pm,"ANA, United Airlines",SIN‐LGA,27h09m,2,"NRT, ORD",1075,20220404-1335,best
10:25 am – 5:10 pm +1,Singapore Airlines,EWR‐SIN,18h45m,0,,11:55 pm – 11:10 am +1,Singapore Airlines,SIN‐JFK,23h15m,1,FRA,1535,20220404-1335,best
8:55 pm – 4:25 pm +2,Singapore Airlines,JFK‐SIN,31h30m,1,FRA,11:50 am – 6:30 pm,Singapore Airlines,SIN‐JFK,18h40m,0,,1287,20220404-1335,best
11:25 am – 12:35 am +2,United Airlines,EWR‐SIN,25h10m,1,NRT,6:10 am – 9:59 pm,"ANA, United Airlines",SIN‐LGA,27h49m,2,"NRT, IAH",1075,20220404-1335,best
8:55 pm – 6:50 am +2,Singapore Airlines,JFK‐SIN,21h55m,1,FRA,11:55 pm – 11:10 am +1,Singapore Airlines,SIN‐JFK,23h15m,1,FRA,1408,20220404-1335,best
11:25 am – 12:35 am +2,United Airlines,EWR‐SIN,25h10m,1,NRT,6:10 am – 10:44 pm,"ANA, United Airlines",SIN‐EWR,28h34m,2,"NRT, IAH",1075,20220404-1335,best
8:55 pm – 4:25 pm +2,Singapore Airlines,JFK‐SIN,31h30m,1,FRA,11:35 pm – 6:00 am +1,Singapore Airlines,SIN‐EWR,18h25m,0,,1287,20220404-1335,best
10:25 am – 5:10 pm +1,Singapore Airlines,EWR‐SIN,18h45m,0,,11:35 pm – 6:00 am +1,Singapore Airlines,SIN‐EWR,18h25m,0,,1661,20220404-1340,fast
10:30 pm – 5:20 am +2,Singapore Airlines,JFK‐SIN,18h50m,0,,11:35 pm – 6:00 am +1,Singapore Airlines,SIN‐EWR,18h25m,0,,1972,20220404-1340,fast
10:25 am – 5:10 pm +1,Singapore Airlines,EWR‐SIN,18h45m,0,,11:50 am – 6:30 pm,Singapore Airlines,SIN‐JFK,18h40m,0,,1661,20220404-1340,fast
10:30 pm – 5:20 am +2,Singapore Airlines,JFK‐SIN,18h50m,0,,11:50 am – 6:30 pm,Singapore Airlines,SIN‐JFK,18h40m,0,,1972,20220404-1340,fast
8:55 pm – 5:55 am +2,SWISS,JFK‐SIN,21h00m,1,ZRH,11:35 pm – 6:00 am +1,Singapore Airlines,SIN‐EWR,18h25m,0,,3627,20220404-1340,fast
10:25 am – 5:10 pm +1,Singapore Airlines,EWR‐SIN,18h45m,0,,1:10 pm – 10:05 pm,EVA Air,SIN‐JFK,20h55m,1,TPE,1971,20220404-1340,fast
8:55 pm – 5:55 am +2,SWISS,JFK‐SIN,21h00m,1,ZRH,11:50 am – 6:30 pm,Singapore Airlines,SIN‐JFK,18h40m,0,,3614,20220404-1340,fast
8:55 pm – 6:40 am +2,SWISS,JFK‐SIN,21h45m,1,ZRH,11:35 pm – 6:00 am +1,Singapore Airlines,SIN‐EWR,18h25m,0,,7632,20220404-1340,fast
8:55 pm – 6:50 am +2,Singapore Airlines,JFK‐SIN,21h55m,1,FRA,11:35 pm – 6:00 am +1,Singapore Airlines,SIN‐EWR,18h25m,0,,1493,20220404-1340,fast
8:55 pm – 6:40 am +2,SWISS,JFK‐SIN,21h45m,1,ZRH,11:50 am – 6:30 pm,Singapore Airlines,SIN‐JFK,18h40m,0,,7632,20220404-1340,fast
8:55 pm – 6:50 am +2,Singapore Airlines,JFK‐SIN,21h55m,1,FRA,11:50 am – 6:30 pm,Singapore Airlines,SIN‐JFK,18h40m,0,,1493,20220404-1340,fast
10:25 am – 5:10 pm +1,Singapore Airlines,EWR‐SIN,18h45m,0,,9:40 pm – 8:50 am +1,Emirates,SIN‐JFK,23h10m,1,DXB,1882,20220404-1340,fast
10:25 am – 5:10 pm +1,Singapore Airlines,EWR‐SIN,18h45m,0,,11:55 pm – 11:10 am +1,Singapore Airlines,SIN‐JFK,23h15m,1,FRA,1535,20220404-1340,fast
10:30 pm – 5:20 am +2,Singapore Airlines,JFK‐SIN,18h50m,0,,11:55 pm – 11:10 am +1,Singapore Airlines,SIN‐JFK,23h15m,1,FRA,1846,20220404-1340,fast
6:15 pm – 5:55 am +2,SWISS,EWR‐SIN,23h40m,1,ZRH,11:35 pm – 6:00 am +1,Singapore Airlines,SIN‐EWR,18h25m,0,,3636,20220404-1340,fast
