Out Time,Out Airline,Out Cities,Out Duration,Out Stops,Out Stop Cities,Return Time,Return Airline,Return Cities,Return Duration,Return Stops,Return Stop Cities,Price,timestamp,sort
11:55 pm – 5:30 pm +2,Turkish Airlines,JFK‐SIN,29h35m,1,IST,11:30 pm – 11:05 am +1,Turkish Airlines,SIN‐JFK,23h35m,1,IST,828,20220404-1049,cheap
11:50 pm – 5:30 pm +2,Turkish Airlines,EWR‐SIN,29h40m,1,IST,11:30 pm – 11:05 am +1,Turkish Airlines,SIN‐JFK,23h35m,1,IST,828,20220404-1049,cheap
6:55 pm – 5:30 pm +2,Turkish Airlines,JFK‐SIN,34h35m,1,IST,11:30 pm – 11:05 am +1,Turkish Airlines,SIN‐JFK,23h35m,1,IST,828,20220404-1049,cheap
12:45 pm – 5:30 pm +2,Turkish Airlines,JFK‐SIN,40h45m,1,IST,11:30 pm – 11:05 am +1,Turkish Airlines,SIN‐JFK,23h35m,1,IST,828,20220404-1049,cheap
11:55 pm – 5:30 pm +2,Turkish Airlines,JFK‐SIN,29h35m,1,IST,11:30 pm – 5:15 pm +1,Turkish Airlines,SIN‐JFK,29h45m,1,IST,845,20220404-1049,cheap
11:50 pm – 5:30 pm +2,Turkish Airlines,EWR‐SIN,29h40m,1,IST,11:30 pm – 5:15 pm +1,Turkish Airlines,SIN‐JFK,29h45m,1,IST,845,20220404-1049,cheap
6:30 pm – 6:45 am +2,United Airlines,EWR‐SIN,24h15m,1,SFO,9:00 am – 7:13 pm,United Airlines,SIN‐EWR,22h13m,1,SFO,903,20220404-1049,cheap
5:30 pm – 6:45 am +2,United Airlines,EWR‐SIN,25h15m,1,SFO,9:00 am – 7:13 pm,United Airlines,SIN‐EWR,22h13m,1,SFO,903,20220404-1049,cheap
5:30 pm – 6:45 am +2,United Airlines,JFK‐SIN,25h15m,1,SFO,9:00 am – 7:13 pm,United Airlines,SIN‐EWR,22h13m,1,SFO,903,20220404-1049,cheap
4:40 pm – 6:45 am +2,United Airlines,LGA‐SIN,26h05m,2,"DEN, SFO",9:00 am – 7:13 pm,United Airlines,SIN‐EWR,22h13m,1,SFO,903,20220404-1049,cheap
3:55 pm – 6:45 am +2,United Airlines,EWR‐SIN,26h50m,1,SFO,9:00 am – 7:13 pm,United Airlines,SIN‐EWR,22h13m,1,SFO,903,20220404-1049,cheap
3:45 pm – 6:45 am +2,United Airlines,LGA‐SIN,27h00m,2,"IAD, SFO",9:00 am – 7:13 pm,United Airlines,SIN‐EWR,22h13m,1,SFO,903,20220404-1049,cheap
3:29 pm – 6:45 am +2,United Airlines,LGA‐SIN,27h16m,2,"IAH, SFO",9:00 am – 7:13 pm,United Airlines,SIN‐EWR,22h13m,1,SFO,903,20220404-1049,cheap
3:17 pm – 6:45 am +2,United Airlines,EWR‐SIN,27h28m,2,"ORD, SFO",9:00 am – 7:13 pm,United Airlines,SIN‐EWR,22h13m,1,SFO,903,20220404-1049,cheap
3:00 pm – 6:45 am +2,United Airlines,EWR‐SIN,27h45m,2,"DCA, SFO",9:00 am – 7:13 pm,United Airlines,SIN‐EWR,22h13m,1,SFO,903,20220404-1049,cheap
8:55 pm – 4:25 pm +2,Singapore Airlines,JFK‐SIN,31h30m,1,FRA,11:55 pm – 11:10 am +1,Singapore Airlines,SIN‐JFK,23h15m,1,FRA,1030,20220404-1047,best
6:30 pm – 6:45 am +2,United Airlines,EWR‐SIN,24h15m,1,SFO,9:00 am – 7:13 pm,United Airlines,SIN‐EWR,22h13m,1,SFO,903,20220404-1047,best
11:55 pm – 5:30 pm +2,Turkish Airlines,JFK‐SIN,29h35m,1,IST,11:30 pm – 11:05 am +1,Turkish Airlines,SIN‐JFK,23h35m,1,IST,828,20220404-1047,best
5:30 pm – 6:45 am +2,United Airlines,EWR‐SIN,25h15m,1,SFO,9:00 am – 7:13 pm,United Airlines,SIN‐EWR,22h13m,1,SFO,903,20220404-1047,best
5:30 pm – 6:45 am +2,United Airlines,JFK‐SIN,25h15m,1,SFO,9:00 am – 7:13 pm,United Airlines,SIN‐EWR,22h13m,1,SFO,903,20220404-1047,best
3:55 pm – 6:45 am +2,United Airlines,EWR‐SIN,26h50m,1,SFO,9:00 am – 7:13 pm,United Airlines,SIN‐EWR,22h13m,1,SFO,903,20220404-1047,best
6:30 pm – 6:45 am +2,United Airlines,EWR‐SIN,24h15m,1,SFO,9:00 am – 8:59 pm,United Airlines,SIN‐LGA,23h59m,2,"SFO, DEN",907,20220404-1047,best
4:40 pm – 6:45 am +2,United Airlines,LGA‐SIN,26h05m,2,"DEN, SFO",9:00 am – 7:13 pm,United Airlines,SIN‐EWR,22h13m,1,SFO,903,20220404-1047,best
3:17 pm – 6:45 am +2,United Airlines,EWR‐SIN,27h28m,2,"ORD, SFO",9:00 am – 7:13 pm,United Airlines,SIN‐EWR,22h13m,1,SFO,903,20220404-1047,best
6:30 pm – 6:45 am +2,United Airlines,EWR‐SIN,24h15m,1,SFO,9:00 am – 9:55 pm,United Airlines,SIN‐LGA,24h55m,2,"SFO, DEN",907,20220404-1047,best
3:45 pm – 6:45 am +2,United Airlines,LGA‐SIN,27h00m,2,"IAD, SFO",9:00 am – 7:13 pm,United Airlines,SIN‐EWR,22h13m,1,SFO,903,20220404-1047,best
5:30 pm – 6:45 am +2,United Airlines,JFK‐SIN,25h15m,1,SFO,9:00 am – 8:59 pm,United Airlines,SIN‐LGA,23h59m,2,"SFO, DEN",907,20220404-1047,best
5:30 pm – 6:45 am +2,United Airlines,EWR‐SIN,25h15m,1,SFO,9:00 am – 8:59 pm,United Airlines,SIN‐LGA,23h59m,2,"SFO, DEN",907,20220404-1047,best
6:30 pm – 6:45 am +2,United Airlines,EWR‐SIN,24h15m,1,SFO,9:00 am – 11:08 pm,United Airlines,SIN‐EWR,26h08m,2,"SFO, SEA",907,20220404-1047,best
3:29 pm – 6:45 am +2,United Airlines,LGA‐SIN,27h16m,2,"IAH, SFO",9:00 am – 7:13 pm,United Airlines,SIN‐EWR,22h13m,1,SFO,903,20220404-1047,best
2:15 pm – 6:45 am +2,United Airlines,EWR‐SIN,28h30m,1,SFO,9:00 am – 7:13 pm,United Airlines,SIN‐EWR,22h13m,1,SFO,903,20220404-1047,best
6:30 pm – 6:45 am +2,United Airlines,EWR‐SIN,24h15m,1,SFO,9:00 am – 11:28 pm,United Airlines,SIN‐LGA,26h28m,2,"SFO, ORD",907,20220404-1047,best
10:25 am – 5:10 pm +1,Singapore Airlines,EWR‐SIN,18h45m,0,,11:35 pm – 6:00 am +1,Singapore Airlines,SIN‐EWR,18h25m,0,,1572,20220404-1052,fast
10:30 pm – 5:20 am +2,Singapore Airlines,JFK‐SIN,18h50m,0,,11:35 pm – 6:00 am +1,Singapore Airlines,SIN‐EWR,18h25m,0,,1613,20220404-1052,fast
10:25 am – 5:10 pm +1,Singapore Airlines,EWR‐SIN,18h45m,0,,11:50 am – 6:30 pm,Singapore Airlines,SIN‐JFK,18h40m,0,,1572,20220404-1052,fast
10:30 pm – 5:20 am +2,Singapore Airlines,JFK‐SIN,18h50m,0,,11:50 am – 6:30 pm,Singapore Airlines,SIN‐JFK,18h40m,0,,1613,20220404-1052,fast
8:55 pm – 5:55 am +2,SWISS,JFK‐SIN,21h00m,1,ZRH,11:35 pm – 6:00 am +1,Singapore Airlines,SIN‐EWR,18h25m,0,,4162,20220404-1052,fast
8:55 pm – 5:55 am +2,SWISS,JFK‐SIN,21h00m,1,ZRH,11:50 am – 6:30 pm,Singapore Airlines,SIN‐JFK,18h40m,0,,4162,20220404-1052,fast
8:55 pm – 6:50 am +2,Singapore Airlines,JFK‐SIN,21h55m,1,FRA,11:35 pm – 6:00 am +1,Singapore Airlines,SIN‐EWR,18h25m,0,,1343,20220404-1052,fast
8:55 pm – 6:50 am +2,Singapore Airlines,JFK‐SIN,21h55m,1,FRA,11:50 am – 6:30 pm,Singapore Airlines,SIN‐JFK,18h40m,0,,1343,20220404-1052,fast
1:45 pm – 12:20 am +2,Japan Airlines,JFK‐SIN,22h35m,1,NRT,11:35 pm – 6:00 am +1,Singapore Airlines,SIN‐EWR,18h25m,0,,1650,20220404-1052,fast
1:45 pm – 12:20 am +2,Japan Airlines,JFK‐SIN,22h35m,1,NRT,11:50 am – 6:30 pm,Singapore Airlines,SIN‐JFK,18h40m,0,,1650,20220404-1052,fast
10:25 am – 5:10 pm +1,Singapore Airlines,EWR‐SIN,18h45m,0,,11:55 pm – 11:10 am +1,Singapore Airlines,SIN‐JFK,23h15m,1,FRA,1290,20220404-1052,fast
10:25 am – 5:10 pm +1,Singapore Airlines,EWR‐SIN,18h45m,0,,11:55 pm – 11:10 am +1,Singapore Airlines,SIN‐JFK,23h15m,0,,1308,20220404-1052,fast
6:20 pm – 5:55 am +2,SWISS,EWR‐SIN,23h35m,1,ZRH,11:35 pm – 6:00 am +1,Singapore Airlines,SIN‐EWR,18h25m,0,,2340,20220404-1052,fast
10:30 pm – 5:20 am +2,Singapore Airlines,JFK‐SIN,18h50m,0,,11:55 pm – 11:10 am +1,Singapore Airlines,SIN‐JFK,23h15m,1,FRA,1331,20220404-1052,fast
10:30 pm – 5:20 am +2,Singapore Airlines,JFK‐SIN,18h50m,0,,11:55 pm – 11:10 am +1,Singapore Airlines,SIN‐JFK,23h15m,0,,1358,20220404-1052,fast
