Out Time,Out Airline,Out Cities,Out Duration,Out Stops,Out Stop Cities,Return Time,Return Airline,Return Cities,Return Duration,Return Stops,Return Stop Cities,Price,timestamp,sort
11:55 pm – 5:30 pm +2,Turkish Airlines,JFK‐SIN,29h35m,1,IST,11:30 pm – 10:15 pm +1,Turkish Airlines,SIN‐JFK,34h45m,1,IST,907,20220404-0923,cheap
11:25 am – 12:35 am +2,ANA,EWR‐SIN,25h10m,1,NRT,6:10 am – 4:40 pm,ANA,SIN‐EWR,22h30m,1,NRT,991,20220404-0923,cheap
1:35 pm – 12:20 am +2,Japan Airlines,JFK‐SIN,22h45m,1,NRT,11:30 pm – 10:15 pm +1,Turkish Airlines,SIN‐JFK,34h45m,1,IST,1014,20220404-0923,cheap
1:35 pm – 12:20 am +2,Japan Airlines,JFK‐SIN,22h45m,1,NRT,11:30 pm – 10:20 pm +1,Turkish Airlines,SIN‐EWR,34h50m,1,IST,1014,20220404-0923,cheap
6:30 am – 12:35 am +2,United Airlines,JFK‐SIN,30h05m,2,"SFO, NRT",6:10 am – 4:40 pm,United Airlines,SIN‐EWR,22h30m,1,NRT,1019,20220404-0923,cheap
10:15 am – 12:20 am +2,Japan Airlines,JFK‐SIN,26h05m,1,HND-NRT,11:30 pm – 10:15 pm +1,Turkish Airlines,SIN‐JFK,34h45m,1,IST,1023,20220404-0923,cheap
10:15 am – 12:20 am +2,Japan Airlines,JFK‐SIN,26h05m,1,HND-NRT,11:30 pm – 10:20 pm +1,Turkish Airlines,SIN‐EWR,34h50m,1,IST,1023,20220404-0923,cheap
10:20 am – 12:35 am +2,United Airlines,EWR‐SIN,26h15m,2,"IAD, NRT",6:10 am – 4:40 pm,"ANA, United Airlines",SIN‐EWR,22h30m,1,NRT,1024,20220404-0923,cheap
10:17 am – 12:35 am +2,United Airlines,LGA‐SIN,26h18m,2,"IAD, NRT",6:10 am – 4:40 pm,"ANA, United Airlines",SIN‐EWR,22h30m,1,NRT,1024,20220404-0923,cheap
8:59 am – 12:35 am +2,United Airlines,LGA‐SIN,27h36m,2,"ORD, NRT",6:10 am – 4:40 pm,"ANA, United Airlines",SIN‐EWR,22h30m,1,NRT,1024,20220404-0923,cheap
8:00 am – 12:35 am +2,United Airlines,LGA‐SIN,28h35m,2,"ORD, NRT",6:10 am – 4:40 pm,"ANA, United Airlines",SIN‐EWR,22h30m,1,NRT,1024,20220404-0923,cheap
7:00 am – 12:35 am +2,United Airlines,LGA‐SIN,29h35m,2,"IAH, NRT",6:10 am – 4:40 pm,"ANA, United Airlines",SIN‐EWR,22h30m,1,NRT,1024,20220404-0923,cheap
6:30 am – 12:35 am +2,United Airlines,EWR‐SIN,30h05m,2,"LAX, NRT",6:10 am – 4:40 pm,"ANA, United Airlines",SIN‐EWR,22h30m,1,NRT,1024,20220404-0923,cheap
6:30 am – 12:35 am +2,United Airlines,EWR‐SIN,30h05m,2,"SFO, NRT",6:10 am – 4:40 pm,"ANA, United Airlines",SIN‐EWR,22h30m,1,NRT,1024,20220404-0923,cheap
6:00 am – 12:35 am +2,United Airlines,LGA‐SIN,30h35m,2,"IAD, NRT",6:10 am – 4:40 pm,"ANA, United Airlines",SIN‐EWR,22h30m,1,NRT,1024,20220404-0923,cheap
11:55 pm – 5:30 pm +2,Turkish Airlines,JFK‐SIN,29h35m,1,IST,11:30 pm – 10:15 pm +1,Turkish Airlines,SIN‐JFK,34h45m,1,IST,918,20220404-0921,best
11:25 am – 12:35 am +2,ANA,EWR‐SIN,25h10m,1,NRT,6:10 am – 4:40 pm,ANA,SIN‐EWR,22h30m,1,NRT,991,20220404-0921,best
11:55 pm – 5:30 pm +2,Turkish Airlines,JFK‐SIN,29h35m,1,IST,11:30 pm – 10:15 pm +1,Turkish Airlines,SIN‐JFK,34h45m,1,IST,907,20220404-0921,best
10:20 am – 12:35 am +2,United Airlines,EWR‐SIN,26h15m,2,"IAD, NRT",6:10 am – 4:40 pm,"ANA, United Airlines",SIN‐EWR,22h30m,1,NRT,1024,20220404-0921,best
10:17 am – 12:35 am +2,United Airlines,LGA‐SIN,26h18m,2,"IAD, NRT",6:10 am – 4:40 pm,"ANA, United Airlines",SIN‐EWR,22h30m,1,NRT,1024,20220404-0921,best
1:50 pm – 11:40 pm +1,Delta,JFK‐SIN,21h50m,1,ICN,1:10 am – 11:20 am,Delta,SIN‐JFK,22h10m,1,ICN,1219,20220404-0921,best
8:59 am – 12:35 am +2,United Airlines,LGA‐SIN,27h36m,2,"ORD, NRT",6:10 am – 4:40 pm,"ANA, United Airlines",SIN‐EWR,22h30m,1,NRT,1024,20220404-0921,best
8:00 am – 12:35 am +2,United Airlines,LGA‐SIN,28h35m,2,"ORD, NRT",6:10 am – 4:40 pm,"ANA, United Airlines",SIN‐EWR,22h30m,1,NRT,1024,20220404-0921,best
7:55 am – 12:35 am +2,"United Airlines, ANA",EWR‐SIN,28h40m,2,"DCA-IAD, NRT",6:10 am – 4:40 pm,ANA,SIN‐EWR,22h30m,1,NRT,1026,20220404-0921,best
7:00 am – 12:35 am +2,United Airlines,LGA‐SIN,29h35m,2,"IAH, NRT",6:10 am – 4:40 pm,"ANA, United Airlines",SIN‐EWR,22h30m,1,NRT,1024,20220404-0921,best
1:50 pm – 11:40 pm +1,Delta,JFK‐SIN,21h50m,1,ICN,1:10 am – 3:42 pm,Delta,SIN‐LGA,26h32m,2,"ICN, ORD",1121,20220404-0921,best
6:30 am – 12:35 am +2,United Airlines,EWR‐SIN,30h05m,2,"LAX, NRT",6:10 am – 4:40 pm,"ANA, United Airlines",SIN‐EWR,22h30m,1,NRT,1024,20220404-0921,best
6:30 am – 12:35 am +2,United Airlines,EWR‐SIN,30h05m,2,"SFO, NRT",6:10 am – 4:40 pm,"ANA, United Airlines",SIN‐EWR,22h30m,1,NRT,1024,20220404-0921,best
6:00 am – 12:35 am +2,United Airlines,LGA‐SIN,30h35m,2,"IAD, NRT",6:10 am – 4:40 pm,"ANA, United Airlines",SIN‐EWR,22h30m,1,NRT,1024,20220404-0921,best
1:50 pm – 11:40 pm +1,Delta,JFK‐SIN,21h50m,1,ICN,1:10 am – 1:25 pm,Delta,SIN‐LGA,24h15m,2,"ICN, BOS",1229,20220404-0921,best
6:30 am – 12:35 am +2,United Airlines,JFK‐SIN,30h05m,2,"SFO, NRT",6:10 am – 4:40 pm,United Airlines,SIN‐EWR,22h30m,1,NRT,1019,20220404-0921,best
1:50 pm – 11:40 pm +1,Delta,JFK‐SIN,21h50m,1,ICN,1:10 am – 5:29 pm,Delta,SIN‐LGA,28h19m,2,"ICN, ORD",1121,20220404-0921,best
10:25 am – 5:10 pm +1,Singapore Airlines,EWR‐SIN,18h45m,0,,11:35 pm – 6:00 am +1,Singapore Airlines,SIN‐EWR,18h25m,0,,1774,20220404-0926,fast
10:30 pm – 5:20 am +2,Singapore Airlines,JFK‐SIN,18h50m,0,,11:35 pm – 6:00 am +1,Singapore Airlines,SIN‐EWR,18h25m,0,,1774,20220404-0926,fast
10:25 am – 5:10 pm +1,Singapore Airlines,EWR‐SIN,18h45m,0,,11:50 am – 6:30 pm,Singapore Airlines,SIN‐JFK,18h40m,0,,1774,20220404-0926,fast
10:30 pm – 5:20 am +2,Singapore Airlines,JFK‐SIN,18h50m,0,,11:50 am – 6:30 pm,Singapore Airlines,SIN‐JFK,18h40m,0,,1774,20220404-0926,fast
1:50 pm – 11:40 pm +1,Korean Air,JFK‐SIN,21h50m,1,ICN,11:35 pm – 6:00 am +1,Singapore Airlines,SIN‐EWR,18h25m,0,,1555,20220404-0926,fast
8:55 pm – 6:50 am +2,Singapore Airlines,JFK‐SIN,21h55m,1,FRA,11:35 pm – 6:00 am +1,Singapore Airlines,SIN‐EWR,18h25m,0,,1621,20220404-0926,fast
8:55 pm – 6:50 am +2,Singapore Airlines,JFK‐SIN,21h55m,0,,11:35 pm – 6:00 am +1,Singapore Airlines,SIN‐EWR,18h25m,0,,1641,20220404-0926,fast
1:50 pm – 11:40 pm +1,Korean Air,JFK‐SIN,21h50m,1,ICN,11:50 am – 6:30 pm,Singapore Airlines,SIN‐JFK,18h40m,0,,1555,20220404-0926,fast
8:55 pm – 6:50 am +2,Singapore Airlines,JFK‐SIN,21h55m,1,FRA,11:50 am – 6:30 pm,Singapore Airlines,SIN‐JFK,18h40m,0,,1621,20220404-0926,fast
8:55 pm – 6:50 am +2,Singapore Airlines,JFK‐SIN,21h55m,0,,11:50 am – 6:30 pm,Singapore Airlines,SIN‐JFK,18h40m,0,,1641,20220404-0926,fast
1:35 pm – 12:20 am +2,Japan Airlines,JFK‐SIN,22h45m,1,NRT,11:35 pm – 6:00 am +1,Singapore Airlines,SIN‐EWR,18h25m,0,,1530,20220404-0926,fast
10:25 am – 5:10 pm +1,Singapore Airlines,EWR‐SIN,18h45m,0,,6:10 am – 4:40 pm,ANA,SIN‐EWR,22h30m,1,NRT,2065,20220404-0926,fast
10:30 pm – 5:20 am +2,Singapore Airlines,JFK‐SIN,18h50m,0,,6:10 am – 4:40 pm,ANA,SIN‐EWR,22h30m,1,NRT,2064,20220404-0926,fast
1:35 pm – 12:20 am +2,Japan Airlines,JFK‐SIN,22h45m,1,NRT,11:50 am – 6:30 pm,Singapore Airlines,SIN‐JFK,18h40m,0,,1530,20220404-0926,fast
10:25 am – 5:10 pm +1,Singapore Airlines,EWR‐SIN,18h45m,0,,11:55 pm – 11:10 am +1,Singapore Airlines,SIN‐JFK,23h15m,1,FRA,1621,20220404-0926,fast
