Out Time,Out Airline,Out Cities,Out Duration,Out Stops,Out Stop Cities,Return Time,Return Airline,Return Cities,Return Duration,Return Stops,Return Stop Cities,Price,timestamp,sort
11:55 pm – 5:30 pm +2,Turkish Airlines,JFK‐SIN,29h35m,1,IST,11:30 pm – 10:15 pm +1,Turkish Airlines,SIN‐JFK,34h45m,1,IST,1073,20220404-0908,cheap
1:35 pm – 12:20 am +2,Japan Airlines,JFK‐SIN,22h45m,1,NRT,9:50 pm – 10:55 am +1,Japan Airlines,SIN‐JFK,25h05m,1,HND,1135,20220404-0908,cheap
1:35 pm – 12:20 am +2,Japan Airlines,JFK‐SIN,22h45m,1,NRT,9:50 pm – 10:55 pm +1,"Japan Airlines, Alaska Airlines",SIN‐JFK,37h05m,2,"HND-NRT, SFO",1141,20220404-0908,cheap
1:35 pm – 12:20 am +2,Japan Airlines,JFK‐SIN,22h45m,1,NRT,2:40 am – 2:55 pm,JetBlue,SIN‐JFK,24h15m,1,DOH,1149,20220404-0908,cheap
10:15 am – 12:20 am +2,Japan Airlines,JFK‐SIN,26h05m,1,HND-NRT,9:50 pm – 10:55 pm +1,"Japan Airlines, Alaska Airlines",SIN‐JFK,37h05m,2,"HND-NRT, SFO",1150,20220404-0908,cheap
10:15 am – 12:20 am +2,Japan Airlines,JFK‐SIN,26h05m,1,HND-NRT,9:50 pm – 10:55 am +1,Japan Airlines,SIN‐JFK,25h05m,1,HND,1151,20220404-0908,cheap
10:15 am – 12:20 am +2,Japan Airlines,JFK‐SIN,26h05m,1,HND-NRT,2:40 am – 2:55 pm,JetBlue,SIN‐JFK,24h15m,1,DOH,1158,20220404-0908,cheap
1:00 am – 3:45 pm +1,"JetBlue, Qatar Airways",JFK‐SIN,26h45m,1,DOH,2:40 am – 2:55 pm,"Qatar Airways, JetBlue",SIN‐JFK,24h15m,1,DOH,1160,20220404-0908,cheap
9:55 pm – 3:45 pm +2,"JetBlue, Qatar Airways",JFK‐SIN,29h50m,1,DOH,2:40 am – 2:55 pm,"Qatar Airways, JetBlue",SIN‐JFK,24h15m,1,DOH,1160,20220404-0908,cheap
1:00 am – 3:45 pm +1,Qatar Airways,JFK‐SIN,26h45m,1,DOH,2:40 am – 2:55 pm,Qatar Airways,SIN‐JFK,24h15m,1,DOH,1174,20220404-0908,cheap
9:55 pm – 3:45 pm +2,Qatar Airways,JFK‐SIN,29h50m,1,DOH,2:40 am – 2:55 pm,Qatar Airways,SIN‐JFK,24h15m,1,DOH,1174,20220404-0908,cheap
9:30 am – 12:20 am +2,Japan Airlines,LGA‐SIN,26h50m,2,"ORD, NRT",2:40 am – 2:55 pm,JetBlue,SIN‐JFK,24h15m,1,DOH,1183,20220404-0908,cheap
8:30 am – 12:20 am +2,Japan Airlines,LGA‐SIN,27h50m,2,"ORD, NRT",2:40 am – 2:55 pm,JetBlue,SIN‐JFK,24h15m,1,DOH,1183,20220404-0908,cheap
7:45 am – 12:20 am +2,Japan Airlines,EWR‐SIN,28h35m,2,"ORD, NRT",2:40 am – 2:55 pm,JetBlue,SIN‐JFK,24h15m,1,DOH,1183,20220404-0908,cheap
7:20 am – 12:20 am +2,Japan Airlines,EWR‐SIN,29h00m,2,"SEA, NRT",2:40 am – 2:55 pm,JetBlue,SIN‐JFK,24h15m,1,DOH,1183,20220404-0908,cheap
11:55 pm – 5:30 pm +2,Turkish Airlines,JFK‐SIN,29h35m,1,IST,11:30 pm – 10:15 pm +1,Turkish Airlines,SIN‐JFK,34h45m,1,IST,1102,20220404-0905,best
1:35 pm – 12:20 am +2,Japan Airlines,JFK‐SIN,22h45m,1,NRT,9:50 pm – 10:55 am +1,Japan Airlines,SIN‐JFK,25h05m,1,HND,1135,20220404-0905,best
11:55 pm – 5:30 pm +2,Turkish Airlines,JFK‐SIN,29h35m,1,IST,11:30 pm – 10:15 pm +1,Turkish Airlines,SIN‐JFK,34h45m,1,IST,1073,20220404-0905,best
1:35 pm – 12:20 am +2,Japan Airlines,JFK‐SIN,22h45m,1,NRT,2:40 am – 2:55 pm,"Qatar Airways, JetBlue",SIN‐JFK,24h15m,1,DOH,1149,20220404-0905,best
10:25 am – 5:10 pm +1,Singapore Airlines,EWR‐SIN,18h45m,0,,11:50 am – 6:30 pm,Singapore Airlines,SIN‐JFK,18h40m,0,,1774,20220404-0905,best
8:55 pm – 6:50 am +2,Singapore Airlines,JFK‐SIN,21h55m,1,FRA,11:50 am – 6:30 pm,Singapore Airlines,SIN‐JFK,18h40m,0,,1725,20220404-0905,best
10:15 am – 12:20 am +2,Japan Airlines,JFK‐SIN,26h05m,1,HND-NRT,9:50 pm – 10:55 am +1,Japan Airlines,SIN‐JFK,25h05m,1,HND,1151,20220404-0905,best
10:15 am – 12:20 am +2,Japan Airlines,JFK‐SIN,26h05m,1,HND-NRT,2:40 am – 2:55 pm,JetBlue,SIN‐JFK,24h15m,1,DOH,1158,20220404-0905,best
6:30 pm – 6:45 am +2,United Airlines,EWR‐SIN,24h15m,1,SFO,9:00 am – 11:09 pm,United Airlines,SIN‐EWR,26h09m,1,SFO,1284,20220404-0905,best
10:30 pm – 5:20 am +2,Singapore Airlines,JFK‐SIN,18h50m,0,,11:50 am – 6:30 pm,Singapore Airlines,SIN‐JFK,18h40m,0,,1838,20220404-0905,best
11:25 am – 12:35 am +2,ANA,EWR‐SIN,25h10m,1,NRT,2:40 am – 2:55 pm,"Qatar Airways, JetBlue",SIN‐JFK,24h15m,1,DOH,1249,20220404-0905,best
1:10 pm – 11:40 pm +1,Korean Air,JFK‐SIN,22h30m,1,ICN,2:40 am – 2:55 pm,Qatar Airways,SIN‐JFK,24h15m,1,DOH,1414,20220404-0905,best
5:30 pm – 6:45 am +2,United Airlines,JFK‐SIN,25h15m,1,SFO,9:00 am – 11:09 pm,United Airlines,SIN‐EWR,26h09m,1,SFO,1284,20220404-0905,best
5:30 pm – 6:45 am +2,United Airlines,EWR‐SIN,25h15m,1,SFO,9:00 am – 11:09 pm,United Airlines,SIN‐EWR,26h09m,1,SFO,1284,20220404-0905,best
9:30 am – 12:20 am +2,Japan Airlines,LGA‐SIN,26h50m,2,"ORD, NRT",2:40 am – 2:55 pm,JetBlue,SIN‐JFK,24h15m,1,DOH,1183,20220404-0905,best
1:00 am – 3:45 pm +1,Qatar Airways,JFK‐SIN,26h45m,1,DOH,2:40 am – 2:55 pm,Qatar Airways,SIN‐JFK,24h15m,1,DOH,1174,20220404-0905,best
1:35 pm – 12:20 am +2,Japan Airlines,JFK‐SIN,22h45m,1,NRT,11:50 am – 6:30 pm,Singapore Airlines,SIN‐JFK,18h40m,0,,1835,20220404-0905,best
10:25 am – 5:10 pm +1,Singapore Airlines,EWR‐SIN,18h45m,0,,11:35 pm – 6:00 am +1,Singapore Airlines,SIN‐EWR,18h25m,0,,1990,20220404-0910,fast
10:30 pm – 5:20 am +2,Singapore Airlines,JFK‐SIN,18h50m,0,,11:35 pm – 6:00 am +1,Singapore Airlines,SIN‐EWR,18h25m,0,,2054,20220404-0910,fast
10:25 am – 5:10 pm +1,Singapore Airlines,EWR‐SIN,18h45m,0,,11:50 am – 6:30 pm,Singapore Airlines,SIN‐JFK,18h40m,0,,1774,20220404-0910,fast
10:30 pm – 5:20 am +2,Singapore Airlines,JFK‐SIN,18h50m,0,,11:50 am – 6:30 pm,Singapore Airlines,SIN‐JFK,18h40m,0,,1838,20220404-0910,fast
8:55 pm – 5:55 am +2,SWISS,JFK‐SIN,21h00m,1,ZRH,11:35 pm – 6:00 am +1,Singapore Airlines,SIN‐EWR,18h25m,0,,4116,20220404-0910,fast
8:55 pm – 5:55 am +2,SWISS,JFK‐SIN,21h00m,1,ZRH,11:50 am – 6:30 pm,Singapore Airlines,SIN‐JFK,18h40m,0,,3619,20220404-0910,fast
8:55 pm – 6:50 am +2,Singapore Airlines,JFK‐SIN,21h55m,1,FRA,11:35 pm – 6:00 am +1,Singapore Airlines,SIN‐EWR,18h25m,0,,1955,20220404-0910,fast
1:50 pm – 11:40 pm +1,Korean Air,JFK‐SIN,21h50m,1,ICN,11:50 am – 6:30 pm,Singapore Airlines,SIN‐JFK,18h40m,0,,1980,20220404-0910,fast
8:55 pm – 6:50 am +2,Singapore Airlines,JFK‐SIN,21h55m,1,FRA,11:50 am – 6:30 pm,Singapore Airlines,SIN‐JFK,18h40m,0,,1725,20220404-0910,fast
1:35 pm – 12:20 am +2,Japan Airlines,JFK‐SIN,22h45m,1,NRT,11:35 pm – 6:00 am +1,Singapore Airlines,SIN‐EWR,18h25m,0,,2240,20220404-0910,fast
1:35 pm – 12:20 am +2,Japan Airlines,JFK‐SIN,22h45m,1,NRT,11:50 am – 6:30 pm,Singapore Airlines,SIN‐JFK,18h40m,0,,1835,20220404-0910,fast
10:25 am – 5:10 pm +1,Singapore Airlines,EWR‐SIN,18h45m,0,,11:55 pm – 11:10 am +1,Singapore Airlines,SIN‐JFK,23h15m,1,FRA,1842,20220404-0910,fast
10:25 am – 5:10 pm +1,Singapore Airlines,EWR‐SIN,18h45m,0,,11:55 pm – 11:10 am +1,Singapore Airlines,SIN‐JFK,23h15m,0,,1939,20220404-0910,fast
10:30 pm – 5:20 am +2,Singapore Airlines,JFK‐SIN,18h50m,0,,11:55 pm – 11:10 am +1,Singapore Airlines,SIN‐JFK,23h15m,1,FRA,1972,20220404-0910,fast
10:30 pm – 5:20 am +2,Singapore Airlines,JFK‐SIN,18h50m,0,,11:55 pm – 11:10 am +1,Singapore Airlines,SIN‐JFK,23h15m,0,,2012,20220404-0910,fast
