Out Time,Out Airline,Out Cities,Out Duration,Out Stops,Out Stop Cities,Return Time,Return Airline,Return Cities,Return Duration,Return Stops,Return Stop Cities,Price,timestamp,sort
2:55 pm – 11:40 pm +2,Korean Air,JFK‐SIN,44h45m,2,"IAD, ICN",1:10 am – 11:20 am,Korean Air,SIN‐JFK,22h10m,1,ICN,912,20220404-1228,cheap
11:55 pm – 5:30 pm +2,Turkish Airlines,JFK‐SIN,29h35m,1,IST,11:30 pm – 11:05 am +1,Turkish Airlines,SIN‐JFK,23h35m,1,IST,942,20220404-1228,cheap
11:50 pm – 5:30 pm +2,Turkish Airlines,EWR‐SIN,29h40m,1,IST,11:30 pm – 11:05 am +1,Turkish Airlines,SIN‐JFK,23h35m,1,IST,942,20220404-1228,cheap
6:55 pm – 5:30 pm +2,Turkish Airlines,JFK‐SIN,34h35m,1,IST,11:30 pm – 11:05 am +1,Turkish Airlines,SIN‐JFK,23h35m,1,IST,942,20220404-1228,cheap
11:55 pm – 5:30 pm +2,Turkish Airlines,JFK‐SIN,29h35m,1,IST,11:30 pm – 5:15 pm +1,Turkish Airlines,SIN‐JFK,29h45m,1,IST,962,20220404-1228,cheap
11:50 pm – 5:30 pm +2,Turkish Airlines,EWR‐SIN,29h40m,1,IST,11:30 pm – 5:15 pm +1,Turkish Airlines,SIN‐JFK,29h45m,1,IST,962,20220404-1228,cheap
3:00 pm – 5:15 pm +2,ANA,JFK‐SIN,38h15m,1,HND,6:10 am – 4:50 pm,ANA,SIN‐EWR,22h40m,1,NRT,975,20220404-1228,cheap
11:15 am – 12:35 am +2,ANA,EWR‐SIN,25h20m,1,NRT,6:10 am – 4:50 pm,ANA,SIN‐EWR,22h40m,1,NRT,976,20220404-1228,cheap
8:59 am – 12:35 am +2,ANA,LGA‐SIN,27h36m,2,"ORD, NRT",6:10 am – 4:50 pm,ANA,SIN‐EWR,22h40m,1,NRT,980,20220404-1228,cheap
8:00 am – 12:35 am +2,ANA,LGA‐SIN,28h35m,2,"ORD, NRT",6:10 am – 4:50 pm,ANA,SIN‐EWR,22h40m,1,NRT,980,20220404-1228,cheap
11:15 am – 12:35 am +2,ANA,EWR‐SIN,25h20m,1,NRT,6:10 am – 8:14 pm,ANA,SIN‐LGA,26h04m,2,"NRT, ORD",986,20220404-1228,cheap
8:59 am – 12:35 am +2,ANA,LGA‐SIN,27h36m,2,"ORD, NRT",6:10 am – 8:14 pm,ANA,SIN‐LGA,26h04m,2,"NRT, ORD",990,20220404-1228,cheap
8:00 am – 12:35 am +2,ANA,LGA‐SIN,28h35m,2,"ORD, NRT",6:10 am – 8:14 pm,ANA,SIN‐LGA,26h04m,2,"NRT, ORD",990,20220404-1228,cheap
8:30 pm – 5:15 pm +2,ANA,EWR‐SIN,32h45m,2,"LAX, HND",6:10 am – 4:50 pm,ANA,SIN‐EWR,22h40m,1,NRT,1001,20220404-1228,cheap
6:30 am – 12:35 am +2,ANA,EWR‐SIN,30h05m,2,"LAX, NRT",6:10 am – 4:50 pm,ANA,SIN‐EWR,22h40m,1,NRT,1002,20220404-1228,cheap
11:55 pm – 5:30 pm +2,Turkish Airlines,JFK‐SIN,29h35m,1,IST,11:30 pm – 11:05 am +1,Turkish Airlines,SIN‐JFK,23h35m,1,IST,951,20220404-1225,best
11:15 am – 12:35 am +2,ANA,EWR‐SIN,25h20m,1,NRT,6:10 am – 4:50 pm,ANA,SIN‐EWR,22h40m,1,NRT,976,20220404-1225,best
2:55 pm – 11:40 pm +2,Korean Air,JFK‐SIN,44h45m,2,"IAD, ICN",1:10 am – 11:20 am,Korean Air,SIN‐JFK,22h10m,1,ICN,912,20220404-1225,best
11:25 am – 12:35 am +2,United Airlines,EWR‐SIN,25h10m,1,NRT,6:10 am – 4:40 pm,"ANA, United Airlines",SIN‐EWR,22h30m,1,NRT,1013,20220404-1225,best
11:25 am – 12:35 am +2,United Airlines,EWR‐SIN,25h10m,1,NRT,9:00 am – 7:13 pm,United Airlines,SIN‐EWR,22h13m,1,SFO,1073,20220404-1225,best
10:25 am – 5:10 pm +1,Singapore Airlines,EWR‐SIN,18h45m,0,,11:50 am – 6:30 pm,Singapore Airlines,SIN‐JFK,18h40m,0,,1572,20220404-1225,best
10:25 am – 5:10 pm +1,Singapore Airlines,EWR‐SIN,18h45m,0,,11:35 pm – 6:00 am +1,Singapore Airlines,SIN‐EWR,18h25m,0,,1572,20220404-1225,best
11:25 am – 12:35 am +2,United Airlines,EWR‐SIN,25h10m,1,NRT,9:00 am – 8:59 pm,United Airlines,SIN‐LGA,23h59m,2,"SFO, DEN",1009,20220404-1225,best
11:25 am – 12:35 am +2,United Airlines,EWR‐SIN,25h10m,1,NRT,9:00 am – 9:19 pm,United Airlines,SIN‐LGA,24h19m,2,"SFO, ORD",1009,20220404-1225,best
8:55 pm – 6:50 am +2,Singapore Airlines,JFK‐SIN,21h55m,1,FRA,11:50 am – 6:30 pm,Singapore Airlines,SIN‐JFK,18h40m,0,,1470,20220404-1225,best
8:59 am – 12:35 am +2,ANA,LGA‐SIN,27h36m,2,"ORD, NRT",6:10 am – 4:50 pm,ANA,SIN‐EWR,22h40m,1,NRT,980,20220404-1225,best
11:25 am – 12:35 am +2,United Airlines,EWR‐SIN,25h10m,1,NRT,9:00 am – 9:55 pm,United Airlines,SIN‐LGA,24h55m,2,"SFO, DEN",1009,20220404-1225,best
10:30 pm – 5:20 am +2,Singapore Airlines,JFK‐SIN,18h50m,0,,11:50 am – 6:30 pm,Singapore Airlines,SIN‐JFK,18h40m,0,,1613,20220404-1225,best
8:00 am – 12:35 am +2,ANA,LGA‐SIN,28h35m,2,"ORD, NRT",6:10 am – 4:50 pm,ANA,SIN‐EWR,22h40m,1,NRT,980,20220404-1225,best
11:15 am – 12:35 am +2,ANA,EWR‐SIN,25h20m,1,NRT,6:10 am – 8:14 pm,ANA,SIN‐LGA,26h04m,2,"NRT, ORD",986,20220404-1225,best
8:55 pm – 6:50 am +2,Singapore Airlines,JFK‐SIN,21h55m,1,FRA,11:35 pm – 6:00 am +1,Singapore Airlines,SIN‐EWR,18h25m,0,,1470,20220404-1225,best
11:15 am – 12:35 am +2,ANA,EWR‐SIN,25h20m,1,NRT,11:30 pm – 11:05 am +1,Turkish Airlines,SIN‐JFK,23h35m,1,IST,1102,20220404-1225,best
10:25 am – 5:10 pm +1,Singapore Airlines,EWR‐SIN,18h45m,0,,11:35 pm – 6:00 am +1,Singapore Airlines,SIN‐EWR,18h25m,0,,1572,20220404-1230,fast
10:30 pm – 5:20 am +2,Singapore Airlines,JFK‐SIN,18h50m,0,,11:35 pm – 6:00 am +1,Singapore Airlines,SIN‐EWR,18h25m,0,,1613,20220404-1230,fast
10:25 am – 5:10 pm +1,Singapore Airlines,EWR‐SIN,18h45m,0,,11:50 am – 6:30 pm,Singapore Airlines,SIN‐JFK,18h40m,0,,1572,20220404-1230,fast
10:30 pm – 5:20 am +2,Singapore Airlines,JFK‐SIN,18h50m,0,,11:50 am – 6:30 pm,Singapore Airlines,SIN‐JFK,18h40m,0,,1613,20220404-1230,fast
8:55 pm – 6:50 am +2,Singapore Airlines,JFK‐SIN,21h55m,1,FRA,11:35 pm – 6:00 am +1,Singapore Airlines,SIN‐EWR,18h25m,0,,1470,20220404-1230,fast
8:55 pm – 6:50 am +2,Singapore Airlines,JFK‐SIN,21h55m,1,FRA,11:50 am – 6:30 pm,Singapore Airlines,SIN‐JFK,18h40m,0,,1470,20220404-1230,fast
10:25 am – 5:10 pm +1,Singapore Airlines,EWR‐SIN,18h45m,0,,1:10 am – 11:20 am,Korean Air,SIN‐JFK,22h10m,1,ICN,1990,20220404-1230,fast
10:30 pm – 5:20 am +2,Singapore Airlines,JFK‐SIN,18h50m,0,,1:10 am – 11:20 am,Korean Air,SIN‐JFK,22h10m,1,ICN,2058,20220404-1230,fast
10:25 am – 5:10 pm +1,Singapore Airlines,EWR‐SIN,18h45m,0,,6:10 am – 4:50 pm,ANA,SIN‐EWR,22h40m,1,NRT,1882,20220404-1230,fast
10:30 pm – 5:20 am +2,Singapore Airlines,JFK‐SIN,18h50m,0,,6:10 am – 4:50 pm,ANA,SIN‐EWR,22h40m,1,NRT,1982,20220404-1230,fast
10:25 am – 5:10 pm +1,Singapore Airlines,EWR‐SIN,18h45m,0,,11:55 pm – 11:10 am +1,Singapore Airlines,SIN‐JFK,23h15m,1,FRA,1470,20220404-1230,fast
6:20 pm – 5:55 am +2,SWISS,EWR‐SIN,23h35m,1,ZRH,11:35 pm – 6:00 am +1,Singapore Airlines,SIN‐EWR,18h25m,0,,3654,20220404-1230,fast
10:30 pm – 5:20 am +2,Singapore Airlines,JFK‐SIN,18h50m,0,,11:55 pm – 11:10 am +1,Singapore Airlines,SIN‐JFK,23h15m,1,FRA,1511,20220404-1230,fast
6:20 pm – 5:55 am +2,SWISS,EWR‐SIN,23h35m,1,ZRH,11:50 am – 6:30 pm,Singapore Airlines,SIN‐JFK,18h40m,0,,3671,20220404-1230,fast
10:25 am – 5:10 pm +1,Singapore Airlines,EWR‐SIN,18h45m,0,,11:30 pm – 11:05 am +1,Turkish Airlines,SIN‐JFK,23h35m,1,IST,1545,20220404-1230,fast
