Out Time,Out Airline,Out Cities,Out Duration,Out Stops,Out Stop Cities,Return Time,Return Airline,Return Cities,Return Duration,Return Stops,Return Stop Cities,Price,timestamp,sort
8:55 pm – 4:25 pm +2,Singapore Airlines,JFK‐SIN,31h30m,1,FRA,11:55 pm – 11:10 am +1,Singapore Airlines,SIN‐JFK,23h15m,1,FRA,928,20220404-1220,cheap
8:55 pm – 4:25 pm +2,Singapore Airlines,JFK‐SIN,31h30m,1,FRA,11:55 pm – 11:10 am +1,Singapore Airlines,SIN‐JFK,23h15m,0,,936,20220404-1220,cheap
6:30 am – 12:20 am +2,American Airlines,JFK‐SIN,29h50m,2,"DFW, NRT",8:10 am – 10:13 pm,American Airlines,SIN‐LGA,26h03m,2,"NRT, DFW",941,20220404-1220,cheap
5:55 am – 12:20 am +2,American Airlines,LGA‐SIN,30h25m,2,"DFW, NRT",8:10 am – 10:13 pm,American Airlines,SIN‐LGA,26h03m,2,"NRT, DFW",941,20220404-1220,cheap
6:30 am – 12:20 am +2,American Airlines,JFK‐SIN,29h50m,2,"DFW, NRT",8:10 am – 11:28 pm,American Airlines,SIN‐EWR,27h18m,2,"NRT, DFW",941,20220404-1220,cheap
6:30 am – 12:20 am +2,American Airlines,JFK‐SIN,29h50m,2,"DFW, NRT",8:10 am – 11:30 pm,American Airlines,SIN‐LGA,27h20m,2,"NRT, DFW",941,20220404-1220,cheap
5:55 am – 12:20 am +2,American Airlines,LGA‐SIN,30h25m,2,"DFW, NRT",8:10 am – 11:28 pm,American Airlines,SIN‐EWR,27h18m,2,"NRT, DFW",941,20220404-1220,cheap
5:55 am – 12:20 am +2,American Airlines,LGA‐SIN,30h25m,2,"DFW, NRT",8:10 am – 11:30 pm,American Airlines,SIN‐LGA,27h20m,2,"NRT, DFW",941,20220404-1220,cheap
11:55 pm – 5:30 pm +2,Turkish Airlines,JFK‐SIN,29h35m,1,IST,11:30 pm – 11:05 am +1,Turkish Airlines,SIN‐JFK,23h35m,1,IST,942,20220404-1220,cheap
11:50 pm – 5:30 pm +2,Turkish Airlines,EWR‐SIN,29h40m,1,IST,11:30 pm – 11:05 am +1,Turkish Airlines,SIN‐JFK,23h35m,1,IST,942,20220404-1220,cheap
6:55 pm – 5:30 pm +2,Turkish Airlines,JFK‐SIN,34h35m,1,IST,11:30 pm – 11:05 am +1,Turkish Airlines,SIN‐JFK,23h35m,1,IST,942,20220404-1220,cheap
11:55 pm – 5:30 pm +2,Turkish Airlines,JFK‐SIN,29h35m,1,IST,11:30 pm – 5:15 pm +1,Turkish Airlines,SIN‐JFK,29h45m,1,IST,962,20220404-1220,cheap
11:50 pm – 5:30 pm +2,Turkish Airlines,EWR‐SIN,29h40m,1,IST,11:30 pm – 5:15 pm +1,Turkish Airlines,SIN‐JFK,29h45m,1,IST,962,20220404-1220,cheap
8:30 pm – 12:35 am +3,ANA,EWR‐SIN,40h05m,2,"LAX, NRT",6:10 am – 4:50 pm,ANA,SIN‐EWR,22h40m,1,NRT,980,20220404-1220,cheap
8:30 pm – 12:35 am +3,ANA,EWR‐SIN,40h05m,2,"LAX, NRT",6:10 am – 4:50 pm,ANA,SIN‐EWR,22h40m,1,NRT,996,20220404-1220,cheap
11:55 pm – 5:30 pm +2,Turkish Airlines,JFK‐SIN,29h35m,1,IST,11:30 pm – 11:05 am +1,Turkish Airlines,SIN‐JFK,23h35m,1,IST,951,20220404-1218,best
10:25 am – 5:10 pm +1,Singapore Airlines,EWR‐SIN,18h45m,0,,11:55 pm – 11:10 am +1,Singapore Airlines,SIN‐JFK,23h15m,1,FRA,1250,20220404-1218,best
8:55 pm – 4:25 pm +2,Singapore Airlines,JFK‐SIN,31h30m,1,FRA,11:55 pm – 11:10 am +1,Singapore Airlines,SIN‐JFK,23h15m,1,FRA,928,20220404-1218,best
8:55 pm – 6:50 am +2,Singapore Airlines,JFK‐SIN,21h55m,1,FRA,11:55 pm – 11:10 am +1,Singapore Airlines,SIN‐JFK,23h15m,1,FRA,1149,20220404-1218,best
10:25 am – 5:10 pm +1,Singapore Airlines,EWR‐SIN,18h45m,0,,11:50 am – 6:30 pm,Singapore Airlines,SIN‐JFK,18h40m,0,,1572,20220404-1218,best
10:25 am – 5:10 pm +1,Singapore Airlines,EWR‐SIN,18h45m,0,,11:35 pm – 6:00 am +1,Singapore Airlines,SIN‐EWR,18h25m,0,,1572,20220404-1218,best
8:55 pm – 6:50 am +2,Singapore Airlines,JFK‐SIN,21h55m,1,FRA,11:50 am – 6:30 pm,Singapore Airlines,SIN‐JFK,18h40m,0,,1470,20220404-1218,best
8:55 pm – 4:25 pm +2,Singapore Airlines,JFK‐SIN,31h30m,1,FRA,11:55 pm – 11:10 am +1,Singapore Airlines,SIN‐JFK,23h15m,0,,936,20220404-1218,best
8:55 pm – 6:50 am +2,Singapore Airlines,JFK‐SIN,21h55m,1,FRA,11:35 pm – 6:00 am +1,Singapore Airlines,SIN‐EWR,18h25m,0,,1470,20220404-1218,best
11:20 am – 8:55 pm +1,Emirates,JFK‐SIN,21h35m,1,DXB,9:10 pm – 8:50 am +1,Emirates,SIN‐JFK,23h40m,1,DXB,1261,20220404-1218,best
11:55 pm – 5:30 pm +2,Turkish Airlines,JFK‐SIN,29h35m,1,IST,11:30 pm – 11:05 am +1,Turkish Airlines,SIN‐JFK,23h35m,1,IST,942,20220404-1218,best
11:50 pm – 5:30 pm +2,Turkish Airlines,EWR‐SIN,29h40m,1,IST,11:30 pm – 11:05 am +1,Turkish Airlines,SIN‐JFK,23h35m,1,IST,942,20220404-1218,best
8:55 pm – 4:25 pm +2,Singapore Airlines,JFK‐SIN,31h30m,1,FRA,11:50 am – 6:30 pm,Singapore Airlines,SIN‐JFK,18h40m,0,,1245,20220404-1218,best
10:30 pm – 5:20 am +2,Singapore Airlines,JFK‐SIN,18h50m,0,,11:50 am – 6:30 pm,Singapore Airlines,SIN‐JFK,18h40m,0,,1716,20220404-1218,best
11:20 am – 8:55 pm +1,Emirates,JFK‐SIN,21h35m,1,DXB,12:50 am – 2:25 pm,Emirates,SIN‐JFK,25h35m,1,DXB,1261,20220404-1218,best
8:20 am – 12:20 am +2,American Airlines,JFK‐SIN,28h00m,2,"DFW, NRT",8:10 am – 10:13 pm,American Airlines,SIN‐LGA,26h03m,2,"NRT, DFW",1009,20220404-1218,best
10:25 am – 5:10 pm +1,Singapore Airlines,EWR‐SIN,18h45m,0,,11:35 pm – 6:00 am +1,Singapore Airlines,SIN‐EWR,18h25m,0,,1572,20220404-1222,fast
10:30 pm – 5:20 am +2,Singapore Airlines,JFK‐SIN,18h50m,0,,11:35 pm – 6:00 am +1,Singapore Airlines,SIN‐EWR,18h25m,0,,1772,20220404-1222,fast
10:25 am – 5:10 pm +1,Singapore Airlines,EWR‐SIN,18h45m,0,,11:50 am – 6:30 pm,Singapore Airlines,SIN‐JFK,18h40m,0,,1572,20220404-1222,fast
10:30 pm – 5:20 am +2,Singapore Airlines,JFK‐SIN,18h50m,0,,11:50 am – 6:30 pm,Singapore Airlines,SIN‐JFK,18h40m,0,,1716,20220404-1222,fast
8:55 pm – 6:50 am +2,Singapore Airlines,JFK‐SIN,21h55m,1,FRA,11:35 pm – 6:00 am +1,Singapore Airlines,SIN‐EWR,18h25m,0,,1470,20220404-1222,fast
8:55 pm – 6:50 am +2,Singapore Airlines,JFK‐SIN,21h55m,1,FRA,11:50 am – 6:30 pm,Singapore Airlines,SIN‐JFK,18h40m,0,,1470,20220404-1222,fast
10:25 am – 5:10 pm +1,Singapore Airlines,EWR‐SIN,18h45m,0,,1:10 am – 11:20 am,Korean Air,SIN‐JFK,22h10m,1,ICN,2047,20220404-1222,fast
10:25 am – 5:10 pm +1,Singapore Airlines,EWR‐SIN,18h45m,0,,6:10 am – 4:50 pm,ANA,SIN‐EWR,22h40m,1,NRT,2027,20220404-1222,fast
10:25 am – 5:10 pm +1,Singapore Airlines,EWR‐SIN,18h45m,0,,11:55 pm – 11:10 am +1,Singapore Airlines,SIN‐JFK,23h15m,1,FRA,1250,20220404-1222,fast
10:30 pm – 5:20 am +2,Singapore Airlines,JFK‐SIN,18h50m,0,,11:55 pm – 11:10 am +1,Singapore Airlines,SIN‐JFK,23h15m,1,FRA,1451,20220404-1222,fast
10:25 am – 5:10 pm +1,Singapore Airlines,EWR‐SIN,18h45m,0,,11:30 pm – 11:05 am +1,Turkish Airlines,SIN‐JFK,23h35m,1,IST,1545,20220404-1222,fast
10:25 am – 5:10 pm +1,Singapore Airlines,EWR‐SIN,18h45m,0,,9:10 pm – 8:50 am +1,Emirates,SIN‐JFK,23h40m,1,DXB,1763,20220404-1222,fast
10:30 pm – 5:20 am +2,Singapore Airlines,JFK‐SIN,18h50m,0,,11:30 pm – 11:05 am +1,Turkish Airlines,SIN‐JFK,23h35m,1,IST,1828,20220404-1222,fast
10:30 pm – 5:20 am +2,Singapore Airlines,JFK‐SIN,18h50m,0,,9:10 pm – 8:50 am +1,Emirates,SIN‐JFK,23h40m,1,DXB,2052,20220404-1222,fast
10:25 am – 5:10 pm +1,Singapore Airlines,EWR‐SIN,18h45m,0,,2:40 am – 2:55 pm,Qatar Airways,SIN‐JFK,24h15m,1,DOH,1698,20220404-1222,fast
