Out Time,Out Airline,Out Cities,Out Duration,Out Stops,Out Stop Cities,Return Time,Return Airline,Return Cities,Return Duration,Return Stops,Return Stop Cities,Price,timestamp,sort
7:30 am – 12:20 am +2,American Airlines,LGA‐SIN,28h50m,2,"DFW, NRT",8:10 am – 10:10 pm,American Airlines,SIN‐LGA,26h00m,2,"NRT, DFW",996,20220404-0838,cheap
6:44 am – 12:20 am +2,American Airlines,LGA‐SIN,29h36m,2,"DFW, NRT",8:10 am – 10:10 pm,American Airlines,SIN‐LGA,26h00m,2,"NRT, DFW",996,20220404-0838,cheap
6:34 am – 12:20 am +2,American Airlines,EWR‐SIN,29h46m,2,"DFW, NRT",8:10 am – 10:10 pm,American Airlines,SIN‐LGA,26h00m,2,"NRT, DFW",996,20220404-0838,cheap
6:30 am – 12:20 am +2,American Airlines,JFK‐SIN,29h50m,2,"DFW, NRT",8:10 am – 10:10 pm,American Airlines,SIN‐LGA,26h00m,2,"NRT, DFW",996,20220404-0838,cheap
7:30 am – 12:20 am +2,American Airlines,LGA‐SIN,28h50m,2,"DFW, NRT",8:10 am – 11:30 pm,American Airlines,SIN‐LGA,27h20m,2,"NRT, DFW",996,20220404-0838,cheap
5:55 am – 12:20 am +2,American Airlines,LGA‐SIN,30h25m,2,"DFW, NRT",8:10 am – 10:10 pm,American Airlines,SIN‐LGA,26h00m,2,"NRT, DFW",996,20220404-0838,cheap
6:44 am – 12:20 am +2,American Airlines,LGA‐SIN,29h36m,2,"DFW, NRT",8:10 am – 11:30 pm,American Airlines,SIN‐LGA,27h20m,2,"NRT, DFW",996,20220404-0838,cheap
6:34 am – 12:20 am +2,American Airlines,EWR‐SIN,29h46m,2,"DFW, NRT",8:10 am – 11:30 pm,American Airlines,SIN‐LGA,27h20m,2,"NRT, DFW",996,20220404-0838,cheap
6:30 am – 12:20 am +2,American Airlines,JFK‐SIN,29h50m,2,"DFW, NRT",8:10 am – 11:30 pm,American Airlines,SIN‐LGA,27h20m,2,"NRT, DFW",996,20220404-0838,cheap
5:55 am – 12:20 am +2,American Airlines,LGA‐SIN,30h25m,2,"DFW, NRT",8:10 am – 11:30 pm,American Airlines,SIN‐LGA,27h20m,2,"NRT, DFW",996,20220404-0838,cheap
5:30 pm – 6:45 am +2,United Airlines,JFK‐SIN,25h15m,1,SFO,6:10 am – 4:40 pm,United Airlines,SIN‐EWR,22h30m,1,NRT,1006,20220404-0838,cheap
4:40 pm – 6:45 am +2,United Airlines,LGA‐SIN,26h05m,2,"DEN, SFO",6:10 am – 4:40 pm,United Airlines,SIN‐EWR,22h30m,1,NRT,1011,20220404-0838,cheap
5:30 pm – 6:45 am +2,United Airlines,JFK‐SIN,25h15m,1,SFO,6:10 am – 8:14 pm,United Airlines,SIN‐LGA,26h04m,2,"NRT, ORD",1016,20220404-0838,cheap
5:30 pm – 6:45 am +2,United Airlines,JFK‐SIN,25h15m,1,SFO,6:10 am – 9:19 pm,United Airlines,SIN‐LGA,27h09m,2,"NRT, ORD",1016,20220404-0838,cheap
5:30 pm – 6:45 am +2,United Airlines,JFK‐SIN,25h15m,1,SFO,6:10 am – 9:59 pm,United Airlines,SIN‐LGA,27h49m,2,"NRT, IAH",1016,20220404-0838,cheap
9:55 pm – 3:45 pm +2,Qatar Airways,JFK‐SIN,29h50m,1,DOH,2:40 am – 2:55 pm,Qatar Airways,SIN‐JFK,24h15m,1,DOH,1058,20220404-0835,best
5:30 pm – 6:45 am +2,United Airlines,JFK‐SIN,25h15m,1,SFO,6:10 am – 4:40 pm,United Airlines,SIN‐EWR,22h30m,1,NRT,1006,20220404-0835,best
7:30 am – 12:20 am +2,American Airlines,LGA‐SIN,28h50m,2,"DFW, NRT",8:10 am – 10:10 pm,American Airlines,SIN‐LGA,26h00m,2,"NRT, DFW",996,20220404-0835,best
6:30 pm – 6:45 am +2,United Airlines,EWR‐SIN,24h15m,1,SFO,6:10 am – 4:40 pm,United Airlines,SIN‐EWR,22h30m,1,NRT,1071,20220404-0835,best
5:30 pm – 6:45 am +2,United Airlines,EWR‐SIN,25h15m,1,SFO,6:10 am – 4:40 pm,United Airlines,SIN‐EWR,22h30m,1,NRT,1071,20220404-0835,best
4:40 pm – 6:45 am +2,United Airlines,LGA‐SIN,26h05m,2,"DEN, SFO",6:10 am – 4:40 pm,United Airlines,SIN‐EWR,22h30m,1,NRT,1011,20220404-0835,best
3:45 pm – 6:45 am +2,United Airlines,EWR‐SIN,27h00m,1,SFO,6:10 am – 4:40 pm,United Airlines,SIN‐EWR,22h30m,1,NRT,1071,20220404-0835,best
5:30 pm – 6:45 am +2,United Airlines,JFK‐SIN,25h15m,1,SFO,6:10 am – 8:14 pm,United Airlines,SIN‐LGA,26h04m,2,"NRT, ORD",1016,20220404-0835,best
2:15 pm – 6:45 am +2,United Airlines,EWR‐SIN,28h30m,1,SFO,6:10 am – 4:40 pm,United Airlines,SIN‐EWR,22h30m,1,NRT,1071,20220404-0835,best
6:30 pm – 6:45 am +2,United Airlines,EWR‐SIN,24h15m,1,SFO,6:10 am – 8:14 pm,United Airlines,SIN‐LGA,26h04m,2,"NRT, ORD",1081,20220404-0835,best
3:45 pm – 6:45 am +2,United Airlines,LGA‐SIN,27h00m,2,"IAD, SFO",6:10 am – 4:40 pm,United Airlines,SIN‐EWR,22h30m,1,NRT,1076,20220404-0835,best
3:29 pm – 6:45 am +2,United Airlines,LGA‐SIN,27h16m,2,"IAH, SFO",6:10 am – 4:40 pm,United Airlines,SIN‐EWR,22h30m,1,NRT,1076,20220404-0835,best
5:30 pm – 6:45 am +2,United Airlines,JFK‐SIN,25h15m,1,SFO,6:10 am – 9:19 pm,United Airlines,SIN‐LGA,27h09m,2,"NRT, ORD",1016,20220404-0835,best
8:55 pm – 6:50 am +2,Singapore Airlines,JFK‐SIN,21h55m,1,FRA,11:50 am – 6:30 pm,Singapore Airlines,SIN‐JFK,18h40m,0,,1521,20220404-0835,best
5:30 pm – 6:45 am +2,United Airlines,JFK‐SIN,25h15m,1,SFO,6:10 am – 9:59 pm,United Airlines,SIN‐LGA,27h49m,2,"NRT, IAH",1016,20220404-0835,best
5:30 pm – 6:45 am +2,United Airlines,EWR‐SIN,25h15m,1,SFO,6:10 am – 8:14 pm,United Airlines,SIN‐LGA,26h04m,2,"NRT, ORD",1081,20220404-0835,best
6:30 pm – 6:45 am +2,United Airlines,EWR‐SIN,24h15m,1,SFO,6:10 am – 9:19 pm,United Airlines,SIN‐LGA,27h09m,2,"NRT, ORD",1081,20220404-0835,best
10:30 pm – 5:20 am +2,Singapore Airlines,JFK‐SIN,18h50m,0,,11:35 pm – 6:00 am +1,Singapore Airlines,SIN‐EWR,18h25m,0,,1674,20220404-0840,fast
10:30 pm – 5:20 am +2,Singapore Airlines,JFK‐SIN,18h50m,0,,11:50 am – 6:30 pm,Singapore Airlines,SIN‐JFK,18h40m,0,,1674,20220404-0840,fast
8:55 pm – 5:55 am +2,SWISS,JFK‐SIN,21h00m,1,ZRH,11:50 am – 6:30 pm,Singapore Airlines,SIN‐JFK,18h40m,0,,3566,20220404-0840,fast
11:20 am – 8:55 pm +1,Emirates,JFK‐SIN,21h35m,1,DXB,11:50 am – 6:30 pm,Singapore Airlines,SIN‐JFK,18h40m,0,,2447,20220404-0840,fast
8:55 pm – 6:50 am +2,Singapore Airlines,JFK‐SIN,21h55m,1,FRA,11:35 pm – 6:00 am +1,Singapore Airlines,SIN‐EWR,18h25m,0,,1521,20220404-0840,fast
8:55 pm – 6:50 am +2,Singapore Airlines,JFK‐SIN,21h55m,1,FRA,11:50 am – 6:30 pm,Singapore Airlines,SIN‐JFK,18h40m,0,,1521,20220404-0840,fast
10:30 pm – 5:20 am +2,Singapore Airlines,JFK‐SIN,18h50m,0,,6:10 am – 4:40 pm,ANA,SIN‐EWR,22h30m,1,NRT,1959,20220404-0840,fast
7:35 pm – 6:50 am +2,Lufthansa,EWR‐SIN,23h15m,1,FRA,11:35 pm – 6:00 am +1,Singapore Airlines,SIN‐EWR,18h25m,0,,2371,20220404-0840,fast
7:35 pm – 6:50 am +2,Lufthansa,EWR‐SIN,23h15m,1,FRA,11:50 am – 6:30 pm,Singapore Airlines,SIN‐JFK,18h40m,0,,2371,20220404-0840,fast
10:30 pm – 5:20 am +2,Singapore Airlines,JFK‐SIN,18h50m,0,,11:55 pm – 11:10 am +1,Singapore Airlines,SIN‐JFK,23h15m,1,FRA,1521,20220404-0840,fast
10:30 pm – 5:20 am +2,Singapore Airlines,JFK‐SIN,18h50m,0,,6:40 pm – 5:56 am +1,Singapore Airlines,SIN‐JFK,23h16m,1,SFO,3052,20220404-0840,fast
6:30 pm – 6:45 am +2,United Airlines,EWR‐SIN,24h15m,1,SFO,11:35 pm – 6:00 am +1,Singapore Airlines,SIN‐EWR,18h25m,0,,1514,20220404-0840,fast
6:30 pm – 6:45 am +2,United Airlines,EWR‐SIN,24h15m,1,SFO,11:50 am – 6:30 pm,Singapore Airlines,SIN‐JFK,18h40m,0,,1514,20220404-0840,fast
10:30 pm – 5:20 am +2,Singapore Airlines,JFK‐SIN,18h50m,0,,6:40 pm – 7:00 am +1,Singapore Airlines,SIN‐JFK,24h20m,1,SFO,3052,20220404-0840,fast
10:30 pm – 5:20 am +2,Singapore Airlines,JFK‐SIN,18h50m,0,,6:40 pm – 7:05 am +1,Singapore Airlines,SIN‐EWR,24h25m,1,SFO,3129,20220404-0840,fast
