Out Time,Out Airline,Out Cities,Out Duration,Out Stops,Out Stop Cities,Return Time,Return Airline,Return Cities,Return Duration,Return Stops,Return Stop Cities,Price,timestamp,sort
6:40 pm – 6:15 am +2,United Airlines,EWR‐SIN,23h35m,1,SFO,8:45 am – 7:20 pm,United Airlines,SIN‐EWR,22h35m,1,SFO,915,20220408-1226,cheap
6:40 pm – 6:15 am +2,United Airlines,EWR‐SIN,23h35m,1,SFO,8:45 am – 8:06 pm,United Airlines,SIN‐EWR,23h21m,1,SFO,915,20220408-1226,cheap
4:40 pm – 6:15 am +2,United Airlines,EWR‐SIN,25h35m,1,SFO,8:45 am – 7:20 pm,United Airlines,SIN‐EWR,22h35m,1,SFO,915,20220408-1226,cheap
6:40 pm – 6:15 am +2,United Airlines,EWR‐SIN,23h35m,1,SFO,8:45 am – 10:00 pm,United Airlines,SIN‐EWR,25h15m,1,SFO,915,20220408-1226,cheap
4:40 pm – 6:15 am +2,United Airlines,EWR‐SIN,25h35m,1,SFO,8:45 am – 8:06 pm,United Airlines,SIN‐EWR,23h21m,1,SFO,915,20220408-1226,cheap
2:21 pm – 6:15 am +2,United Airlines,LGA‐SIN,27h54m,2,"DEN, SFO",8:45 am – 7:20 pm,United Airlines,SIN‐EWR,22h35m,1,SFO,915,20220408-1226,cheap
4:40 pm – 6:15 am +2,United Airlines,EWR‐SIN,25h35m,1,SFO,8:45 am – 10:00 pm,United Airlines,SIN‐EWR,25h15m,1,SFO,915,20220408-1226,cheap
2:21 pm – 6:15 am +2,United Airlines,LGA‐SIN,27h54m,2,"DEN, SFO",8:45 am – 8:06 pm,United Airlines,SIN‐EWR,23h21m,1,SFO,915,20220408-1226,cheap
6:40 pm – 6:15 am +2,United Airlines,EWR‐SIN,23h35m,1,SFO,8:45 am – 12:45 am +1,United Airlines,SIN‐EWR,28h00m,1,SFO,915,20220408-1226,cheap
12:29 pm – 6:15 am +2,United Airlines,LGA‐SIN,29h46m,2,"IAH, SFO",8:45 am – 7:20 pm,United Airlines,SIN‐EWR,22h35m,1,SFO,915,20220408-1226,cheap
12:29 pm – 6:15 am +2,United Airlines,LGA‐SIN,29h46m,2,"IAH, SFO",8:45 am – 7:20 pm,United Airlines,SIN‐EWR,22h35m,1,SFO,915,20220408-1226,cheap
12:29 pm – 6:15 am +2,United Airlines,LGA‐SIN,29h46m,2,"IAH, SFO",8:45 am – 7:20 pm,United Airlines,SIN‐EWR,22h35m,1,SFO,915,20220408-1226,cheap
12:16 pm – 6:15 am +2,United Airlines,LGA‐SIN,29h59m,2,"DEN, SFO",8:45 am – 7:20 pm,United Airlines,SIN‐EWR,22h35m,1,SFO,915,20220408-1226,cheap
12:00 pm – 6:15 am +2,United Airlines,EWR‐SIN,30h15m,1,SFO,8:45 am – 7:20 pm,United Airlines,SIN‐EWR,22h35m,1,SFO,915,20220408-1226,cheap
4:40 pm – 6:15 am +2,United Airlines,EWR‐SIN,25h35m,1,SFO,8:45 am – 12:45 am +1,United Airlines,SIN‐EWR,28h00m,1,SFO,915,20220408-1226,cheap
1:25 am – 1:50 pm +1,EVA Air,JFK‐SIN,24h25m,1,TPE,8:35 pm – 11:55 am +1,SAUDIA,SIN‐JFK,27h20m,2,"MLE, RUH",1143,20220408-1223,best
7:55 pm – 12:00 pm +2,"Alaska Airlines, EVA Air",EWR‐SIN,28h05m,2,"SFO, TPE",1:10 pm – 5:57 am +1,"EVA Air, JetBlue",SIN‐JFK,28h47m,2,"TPE, SFO",1981,20220408-1223,best
8:55 pm – 4:55 pm +2,SWISS,JFK‐SIN,32h00m,1,ZRH,1:25 am – 1:10 pm,SWISS,SIN‐EWR,23h45m,1,ZRH,2341,20220408-1223,best
10:00 pm – 4:55 pm +2,SWISS,EWR‐SIN,30h55m,2,"DUB, ZRH",1:25 am – 1:10 pm,SWISS,SIN‐EWR,23h45m,1,ZRH,2342,20220408-1223,best
8:55 pm – 4:55 pm +2,SWISS,JFK‐SIN,32h00m,1,ZRH,1:25 am – 2:25 pm,SWISS,SIN‐JFK,25h00m,2,"ZRH, GVA",2368,20220408-1223,best
6:40 pm – 6:15 am +2,United Airlines,EWR‐SIN,23h35m,1,SFO,8:45 am – 7:20 pm,United Airlines,SIN‐EWR,22h35m,1,SFO,915,20220408-1228,fast
6:40 pm – 6:15 am +2,United Airlines,EWR‐SIN,23h35m,1,SFO,8:45 am – 8:06 pm,United Airlines,SIN‐EWR,23h21m,1,SFO,915,20220408-1228,fast
4:40 pm – 6:15 am +2,United Airlines,EWR‐SIN,25h35m,1,SFO,8:45 am – 7:20 pm,United Airlines,SIN‐EWR,22h35m,1,SFO,915,20220408-1228,fast
6:40 pm – 6:15 am +2,United Airlines,EWR‐SIN,23h35m,1,SFO,8:45 am – 10:00 pm,United Airlines,SIN‐EWR,25h15m,1,SFO,915,20220408-1228,fast
4:40 pm – 6:15 am +2,United Airlines,EWR‐SIN,25h35m,1,SFO,8:45 am – 8:06 pm,United Airlines,SIN‐EWR,23h21m,1,SFO,915,20220408-1228,fast
2:21 pm – 6:15 am +2,United Airlines,LGA‐SIN,27h54m,2,"DEN, SFO",8:45 am – 7:20 pm,United Airlines,SIN‐EWR,22h35m,1,SFO,915,20220408-1228,fast
4:40 pm – 6:15 am +2,United Airlines,EWR‐SIN,25h35m,1,SFO,8:45 am – 10:00 pm,United Airlines,SIN‐EWR,25h15m,1,SFO,915,20220408-1228,fast
2:21 pm – 6:15 am +2,United Airlines,LGA‐SIN,27h54m,2,"DEN, SFO",8:45 am – 8:06 pm,United Airlines,SIN‐EWR,23h21m,1,SFO,915,20220408-1228,fast
6:40 pm – 6:15 am +2,United Airlines,EWR‐SIN,23h35m,1,SFO,8:45 am – 12:45 am +1,United Airlines,SIN‐EWR,28h00m,1,SFO,915,20220408-1228,fast
12:29 pm – 6:15 am +2,United Airlines,LGA‐SIN,29h46m,2,"IAH, SFO",8:45 am – 7:20 pm,United Airlines,SIN‐EWR,22h35m,1,SFO,915,20220408-1228,fast
12:29 pm – 6:15 am +2,United Airlines,LGA‐SIN,29h46m,2,"IAH, SFO",8:45 am – 7:20 pm,United Airlines,SIN‐EWR,22h35m,1,SFO,915,20220408-1228,fast
12:29 pm – 6:15 am +2,United Airlines,LGA‐SIN,29h46m,2,"IAH, SFO",8:45 am – 7:20 pm,United Airlines,SIN‐EWR,22h35m,1,SFO,915,20220408-1228,fast
12:16 pm – 6:15 am +2,United Airlines,LGA‐SIN,29h59m,2,"DEN, SFO",8:45 am – 7:20 pm,United Airlines,SIN‐EWR,22h35m,1,SFO,915,20220408-1228,fast
12:00 pm – 6:15 am +2,United Airlines,EWR‐SIN,30h15m,1,SFO,8:45 am – 7:20 pm,United Airlines,SIN‐EWR,22h35m,1,SFO,915,20220408-1228,fast
4:40 pm – 6:15 am +2,United Airlines,EWR‐SIN,25h35m,1,SFO,8:45 am – 12:45 am +1,United Airlines,SIN‐EWR,28h00m,1,SFO,915,20220408-1228,fast
