Out Time,Out Airline,Out Cities,Out Duration,Out Stops,Out Stop Cities,Return Time,Return Airline,Return Cities,Return Duration,Return Stops,Return Stop Cities,Price,timestamp,sort
8:59 pm – 5:40 pm +3,Japan Airlines,JFK‐SIN,56h41m,2,"SFO, HND",9:50 pm – 10:00 am +1,Japan Airlines,SIN‐JFK,24h10m,1,HND-NRT,906,20220408-1619,cheap
6:40 pm – 6:15 am +2,United Airlines,EWR‐SIN,23h35m,1,SFO,8:45 am – 8:06 pm,United Airlines,SIN‐EWR,23h21m,1,SFO,918,20220408-1619,cheap
5:30 pm – 6:15 am +2,United Airlines,JFK‐SIN,24h45m,1,SFO,8:45 am – 8:06 pm,United Airlines,SIN‐EWR,23h21m,1,SFO,918,20220408-1619,cheap
6:40 pm – 6:15 am +2,United Airlines,EWR‐SIN,23h35m,1,SFO,8:45 am – 10:00 pm,United Airlines,SIN‐EWR,25h15m,1,SFO,918,20220408-1619,cheap
4:40 pm – 6:15 am +2,United Airlines,EWR‐SIN,25h35m,1,SFO,8:45 am – 8:06 pm,United Airlines,SIN‐EWR,23h21m,1,SFO,918,20220408-1619,cheap
4:35 pm – 6:15 am +2,United Airlines,LGA‐SIN,25h40m,2,"DEN, SFO",8:45 am – 8:06 pm,United Airlines,SIN‐EWR,23h21m,1,SFO,918,20220408-1619,cheap
4:00 pm – 6:15 am +2,United Airlines,EWR‐SIN,26h15m,2,"LAX, SFO",8:45 am – 8:06 pm,United Airlines,SIN‐EWR,23h21m,1,SFO,918,20220408-1619,cheap
5:30 pm – 6:15 am +2,United Airlines,JFK‐SIN,24h45m,1,SFO,8:45 am – 10:00 pm,United Airlines,SIN‐EWR,25h15m,1,SFO,918,20220408-1619,cheap
3:20 pm – 6:15 am +2,United Airlines,EWR‐SIN,26h55m,1,SFO,8:45 am – 8:06 pm,United Airlines,SIN‐EWR,23h21m,1,SFO,918,20220408-1619,cheap
3:00 pm – 6:15 am +2,United Airlines,LGA‐SIN,27h15m,2,"ORD, SFO",8:45 am – 8:06 pm,United Airlines,SIN‐EWR,23h21m,1,SFO,918,20220408-1619,cheap
3:00 pm – 6:15 am +2,United Airlines,EWR‐SIN,27h15m,2,"DCA, SFO",8:45 am – 8:06 pm,United Airlines,SIN‐EWR,23h21m,1,SFO,918,20220408-1619,cheap
4:40 pm – 6:15 am +2,United Airlines,EWR‐SIN,25h35m,1,SFO,8:45 am – 10:00 pm,United Airlines,SIN‐EWR,25h15m,1,SFO,918,20220408-1619,cheap
4:35 pm – 6:15 am +2,United Airlines,LGA‐SIN,25h40m,2,"DEN, SFO",8:45 am – 10:00 pm,United Airlines,SIN‐EWR,25h15m,1,SFO,918,20220408-1619,cheap
2:30 pm – 6:15 am +2,United Airlines,EWR‐SIN,27h45m,2,"DCA, SFO",8:45 am – 8:06 pm,United Airlines,SIN‐EWR,23h21m,1,SFO,918,20220408-1619,cheap
2:10 pm – 6:15 am +2,United Airlines,EWR‐SIN,28h05m,1,SFO,8:45 am – 8:06 pm,United Airlines,SIN‐EWR,23h21m,1,SFO,918,20220408-1619,cheap
8:55 pm – 6:50 am +2,Singapore Airlines,JFK‐SIN,21h55m,1,FRA,1:55 pm – 11:10 am +1,Singapore Airlines,SIN‐JFK,33h15m,1,FRA,1035,20220408-1617,best
8:55 pm – 6:50 am +2,Singapore Airlines,JFK‐SIN,21h55m,1,FRA,11:50 am – 6:30 pm,Singapore Airlines,SIN‐JFK,18h40m,0,,1212,20220408-1617,best
8:59 pm – 5:40 pm +3,Japan Airlines,JFK‐SIN,56h41m,2,"SFO, HND",9:50 pm – 10:00 am +1,Japan Airlines,SIN‐JFK,24h10m,1,HND-NRT,906,20220408-1617,best
6:40 pm – 6:15 am +2,United Airlines,EWR‐SIN,23h35m,1,SFO,8:45 am – 8:06 pm,United Airlines,SIN‐EWR,23h21m,1,SFO,918,20220408-1617,best
6:40 pm – 6:15 am +2,United Airlines,EWR‐SIN,23h35m,1,SFO,8:45 am – 10:00 pm,United Airlines,SIN‐EWR,25h15m,1,SFO,918,20220408-1617,best
5:30 pm – 6:15 am +2,United Airlines,JFK‐SIN,24h45m,1,SFO,8:45 am – 8:06 pm,United Airlines,SIN‐EWR,23h21m,1,SFO,918,20220408-1617,best
4:40 pm – 6:15 am +2,United Airlines,EWR‐SIN,25h35m,1,SFO,8:45 am – 8:06 pm,United Airlines,SIN‐EWR,23h21m,1,SFO,918,20220408-1617,best
6:40 pm – 6:15 am +2,United Airlines,EWR‐SIN,23h35m,1,SFO,8:45 am – 7:20 pm,United Airlines,SIN‐EWR,22h35m,1,SFO,1022,20220408-1617,best
6:40 pm – 6:15 am +2,United Airlines,EWR‐SIN,23h35m,1,SFO,6:10 am – 4:40 pm,"ANA, United Airlines",SIN‐EWR,22h30m,1,NRT,1025,20220408-1617,best
11:35 am – 12:35 am +2,ANA,EWR‐SIN,25h00m,1,NRT,6:10 am – 4:40 pm,ANA,SIN‐EWR,22h30m,1,NRT,996,20220408-1617,best
10:25 am – 5:10 pm +1,Singapore Airlines,EWR‐SIN,18h45m,0,,11:50 am – 6:30 pm,Singapore Airlines,SIN‐JFK,18h40m,0,,1443,20220408-1617,best
5:30 pm – 6:15 am +2,United Airlines,JFK‐SIN,24h45m,1,SFO,8:45 am – 10:00 pm,United Airlines,SIN‐EWR,25h15m,1,SFO,918,20220408-1617,best
5:30 pm – 6:15 am +2,United Airlines,JFK‐SIN,24h45m,1,SFO,6:10 am – 4:40 pm,"ANA, United Airlines",SIN‐EWR,22h30m,1,NRT,1025,20220408-1617,best
4:35 pm – 6:15 am +2,United Airlines,LGA‐SIN,25h40m,2,"DEN, SFO",8:45 am – 8:06 pm,United Airlines,SIN‐EWR,23h21m,1,SFO,918,20220408-1617,best
3:20 pm – 6:15 am +2,United Airlines,EWR‐SIN,26h55m,1,SFO,8:45 am – 8:06 pm,United Airlines,SIN‐EWR,23h21m,1,SFO,918,20220408-1617,best
4:40 pm – 6:15 am +2,United Airlines,EWR‐SIN,25h35m,1,SFO,8:45 am – 10:00 pm,United Airlines,SIN‐EWR,25h15m,1,SFO,918,20220408-1617,best
4:00 pm – 6:15 am +2,United Airlines,EWR‐SIN,26h15m,2,"LAX, SFO",8:45 am – 8:06 pm,United Airlines,SIN‐EWR,23h21m,1,SFO,918,20220408-1617,best
10:25 am – 5:10 pm +1,Singapore Airlines,EWR‐SIN,18h45m,0,,11:35 pm – 6:00 am +1,Singapore Airlines,SIN‐EWR,18h25m,0,,1613,20220408-1622,fast
10:30 pm – 5:20 am +2,Singapore Airlines,JFK‐SIN,18h50m,0,,11:35 pm – 6:00 am +1,Singapore Airlines,SIN‐EWR,18h25m,0,,1613,20220408-1622,fast
10:25 am – 5:10 pm +1,Singapore Airlines,EWR‐SIN,18h45m,0,,11:50 am – 6:30 pm,Singapore Airlines,SIN‐JFK,18h40m,0,,1443,20220408-1622,fast
10:30 pm – 5:20 am +2,Singapore Airlines,JFK‐SIN,18h50m,0,,11:50 am – 6:30 pm,Singapore Airlines,SIN‐JFK,18h40m,0,,1443,20220408-1622,fast
1:50 pm – 11:40 pm +1,Korean Air,JFK‐SIN,21h50m,1,ICN,11:35 pm – 6:00 am +1,Singapore Airlines,SIN‐EWR,18h25m,0,,1578,20220408-1622,fast
11:20 am – 8:55 pm +1,Emirates,JFK‐SIN,21h35m,1,DXB,11:50 am – 6:30 pm,Singapore Airlines,SIN‐JFK,18h40m,0,,2495,20220408-1622,fast
8:55 pm – 6:50 am +2,Singapore Airlines,JFK‐SIN,21h55m,1,FRA,11:35 pm – 6:00 am +1,Singapore Airlines,SIN‐EWR,18h25m,0,,1384,20220408-1622,fast
1:50 pm – 11:40 pm +1,Korean Air,JFK‐SIN,21h50m,1,ICN,11:50 am – 6:30 pm,Singapore Airlines,SIN‐JFK,18h40m,0,,1578,20220408-1622,fast
8:55 pm – 6:50 am +2,Singapore Airlines,JFK‐SIN,21h55m,1,FRA,11:50 am – 6:30 pm,Singapore Airlines,SIN‐JFK,18h40m,0,,1212,20220408-1622,fast
1:25 am – 12:00 pm +1,EVA Air,JFK‐SIN,22h35m,1,TPE,11:50 am – 6:30 pm,Singapore Airlines,SIN‐JFK,18h40m,0,,1675,20220408-1622,fast
10:25 am – 5:10 pm +1,Singapore Airlines,EWR‐SIN,18h45m,0,,9:25 pm – 8:30 am +1,JetBlue,SIN‐JFK,23h05m,1,DOH,1837,20220408-1622,fast
10:30 pm – 5:20 am +2,Singapore Airlines,JFK‐SIN,18h50m,0,,9:25 pm – 8:30 am +1,JetBlue,SIN‐JFK,23h05m,1,DOH,1837,20220408-1622,fast
10:25 am – 5:10 pm +1,Singapore Airlines,EWR‐SIN,18h45m,0,,11:55 pm – 11:10 am +1,Singapore Airlines,SIN‐JFK,23h15m,1,FRA,1281,20220408-1622,fast
10:30 pm – 5:20 am +2,Singapore Airlines,JFK‐SIN,18h50m,0,,11:55 pm – 11:10 am +1,Singapore Airlines,SIN‐JFK,23h15m,1,FRA,1281,20220408-1622,fast
6:15 pm – 5:55 am +2,SWISS,EWR‐SIN,23h40m,1,ZRH,11:35 pm – 6:00 am +1,Singapore Airlines,SIN‐EWR,18h25m,0,,3675,20220408-1622,fast
