Out Time,Out Airline,Out Cities,Out Duration,Out Stops,Out Stop Cities,Return Time,Return Airline,Return Cities,Return Duration,Return Stops,Return Stop Cities,Price,timestamp,sort
1:00 am – 3:45 pm +1,Qatar Airways,JFK‐SIN,26h45m,1,DOH,2:40 am – 2:55 pm,Qatar Airways,SIN‐JFK,24h15m,1,DOH,1097,20220408-1033,cheap
9:55 pm – 3:45 pm +2,Qatar Airways,JFK‐SIN,29h50m,1,DOH,2:40 am – 2:55 pm,Qatar Airways,SIN‐JFK,24h15m,1,DOH,1097,20220408-1033,cheap
8:55 pm – 6:50 am +2,Singapore Airlines,JFK‐SIN,21h55m,1,FRA,1:55 pm – 11:10 am +1,Singapore Airlines,SIN‐JFK,33h15m,1,FRA,1099,20220408-1033,cheap
8:55 pm – 4:25 pm +2,Singapore Airlines,JFK‐SIN,31h30m,1,FRA,1:55 pm – 11:10 am +1,Singapore Airlines,SIN‐JFK,33h15m,1,FRA,1109,20220408-1033,cheap
1:00 am – 3:45 pm +1,Qatar Airways,JFK‐SIN,26h45m,1,DOH,2:40 am – 10:45 pm,Qatar Airways,SIN‐JFK,32h05m,1,DOH,1127,20220408-1033,cheap
9:55 pm – 3:45 pm +2,Qatar Airways,JFK‐SIN,29h50m,1,DOH,2:40 am – 10:45 pm,Qatar Airways,SIN‐JFK,32h05m,1,DOH,1127,20220408-1033,cheap
8:55 pm – 6:50 am +2,Singapore Airlines,JFK‐SIN,21h55m,1,FRA,11:55 pm – 11:10 am +1,Singapore Airlines,SIN‐JFK,23h15m,1,FRA,1141,20220408-1033,cheap
1:00 am – 3:45 pm +1,"JetBlue, Qatar Airways",JFK‐SIN,26h45m,1,DOH,2:40 am – 10:45 pm,"Qatar Airways, JetBlue",SIN‐JFK,32h05m,1,DOH,1168,20220408-1033,cheap
9:55 pm – 3:45 pm +2,"JetBlue, Qatar Airways",JFK‐SIN,29h50m,1,DOH,2:40 am – 10:45 pm,"Qatar Airways, JetBlue",SIN‐JFK,32h05m,1,DOH,1168,20220408-1033,cheap
1:00 am – 3:45 pm +1,"JetBlue, Qatar Airways",JFK‐SIN,26h45m,1,DOH,2:40 am – 8:30 am +1,JetBlue,SIN‐JFK,41h50m,1,DOH,1171,20220408-1033,cheap
12:30 pm – 12:20 am +2,Japan Airlines,JFK‐SIN,23h50m,1,NRT,2:40 am – 10:45 pm,"Qatar Airways, JetBlue",SIN‐JFK,32h05m,1,DOH,1174,20220408-1033,cheap
8:30 am – 12:20 am +2,Japan Airlines,LGA‐SIN,27h50m,2,"ORD, NRT",2:40 am – 10:45 pm,JetBlue,SIN‐JFK,32h05m,1,DOH,1179,20220408-1033,cheap
12:30 pm – 12:20 am +2,Japan Airlines,JFK‐SIN,23h50m,1,NRT,2:40 am – 2:55 pm,Qatar Airways,SIN‐JFK,24h15m,1,DOH,1200,20220408-1033,cheap
12:30 pm – 12:20 am +2,Japan Airlines,JFK‐SIN,23h50m,1,NRT,2:40 am – 10:45 pm,Qatar Airways,SIN‐JFK,32h05m,1,DOH,1200,20220408-1033,cheap
10:25 am – 5:10 pm +1,Singapore Airlines,EWR‐SIN,18h45m,0,,1:55 pm – 11:10 am +1,Singapore Airlines,SIN‐JFK,33h15m,1,FRA,1208,20220408-1033,cheap
8:55 pm – 6:50 am +2,Singapore Airlines,JFK‐SIN,21h55m,1,FRA,1:55 pm – 11:10 am +1,Singapore Airlines,SIN‐JFK,33h15m,1,FRA,1215,20220408-1031,best
10:25 am – 5:10 pm +1,Singapore Airlines,EWR‐SIN,18h45m,0,,11:35 pm – 6:00 am +1,Singapore Airlines,SIN‐EWR,18h25m,0,,1513,20220408-1031,best
1:00 am – 3:45 pm +1,Qatar Airways,JFK‐SIN,26h45m,1,DOH,2:40 am – 2:55 pm,Qatar Airways,SIN‐JFK,24h15m,1,DOH,1097,20220408-1031,best
8:55 pm – 6:50 am +2,Singapore Airlines,JFK‐SIN,21h55m,1,FRA,11:50 am – 6:30 pm,Singapore Airlines,SIN‐JFK,18h40m,0,,1429,20220408-1031,best
8:55 pm – 6:50 am +2,Singapore Airlines,JFK‐SIN,21h55m,1,FRA,11:35 pm – 6:00 am +1,Singapore Airlines,SIN‐EWR,18h25m,0,,1374,20220408-1031,best
8:55 pm – 6:50 am +2,Singapore Airlines,JFK‐SIN,21h55m,1,FRA,11:55 pm – 11:10 am +1,Singapore Airlines,SIN‐JFK,23h15m,1,FRA,1141,20220408-1031,best
10:25 am – 5:10 pm +1,Singapore Airlines,EWR‐SIN,18h45m,0,,11:55 pm – 11:10 am +1,Singapore Airlines,SIN‐JFK,23h15m,1,FRA,1363,20220408-1031,best
10:25 am – 5:10 pm +1,Singapore Airlines,EWR‐SIN,18h45m,0,,11:50 am – 6:30 pm,Singapore Airlines,SIN‐JFK,18h40m,0,,1701,20220408-1031,best
1:50 pm – 11:40 pm +1,Korean Air,JFK‐SIN,21h50m,1,ICN,2:40 am – 2:55 pm,Qatar Airways,SIN‐JFK,24h15m,1,DOH,1245,20220408-1031,best
12:30 pm – 12:20 am +2,Japan Airlines,JFK‐SIN,23h50m,1,NRT,2:40 am – 2:55 pm,Qatar Airways,SIN‐JFK,24h15m,1,DOH,1200,20220408-1031,best
10:25 am – 5:10 pm +1,Singapore Airlines,EWR‐SIN,18h45m,0,,1:55 pm – 11:10 am +1,Singapore Airlines,SIN‐JFK,33h15m,1,FRA,1208,20220408-1031,best
10:30 pm – 5:20 am +2,Singapore Airlines,JFK‐SIN,18h50m,0,,11:35 pm – 6:00 am +1,Singapore Airlines,SIN‐EWR,18h25m,0,,1708,20220408-1031,best
8:55 pm – 6:50 am +2,Singapore Airlines,JFK‐SIN,21h55m,1,FRA,1:55 pm – 11:10 am +1,Singapore Airlines,SIN‐JFK,33h15m,1,FRA,1099,20220408-1031,best
8:55 pm – 6:50 am +2,Singapore Airlines,JFK‐SIN,21h55m,1,FRA,6:40 pm – 7:10 am +1,Singapore Airlines,SIN‐EWR,24h30m,1,LAX,1469,20220408-1031,best
1:25 am – 12:00 pm +1,EVA Air,JFK‐SIN,22h35m,1,TPE,1:10 pm – 10:05 pm,EVA Air,SIN‐JFK,20h55m,1,TPE,1482,20220408-1031,best
12:30 pm – 12:20 am +2,American Airlines,JFK‐SIN,23h50m,1,NRT,1:50 am – 2:33 pm,American Airlines,SIN‐LGA,24h43m,2,"HND, ORD",1280,20220408-1031,best
10:25 am – 5:10 pm +1,Singapore Airlines,EWR‐SIN,18h45m,0,,11:35 pm – 6:00 am +1,Singapore Airlines,SIN‐EWR,18h25m,0,,1513,20220408-1035,fast
10:30 pm – 5:20 am +2,Singapore Airlines,JFK‐SIN,18h50m,0,,11:35 pm – 6:00 am +1,Singapore Airlines,SIN‐EWR,18h25m,0,,1708,20220408-1035,fast
10:25 am – 5:10 pm +1,Singapore Airlines,EWR‐SIN,18h45m,0,,11:50 am – 6:30 pm,Singapore Airlines,SIN‐JFK,18h40m,0,,1701,20220408-1035,fast
10:30 pm – 5:20 am +2,Singapore Airlines,JFK‐SIN,18h50m,0,,11:50 am – 6:30 pm,Singapore Airlines,SIN‐JFK,18h40m,0,,1896,20220408-1035,fast
8:55 pm – 5:55 am +2,SWISS,JFK‐SIN,21h00m,1,ZRH,11:35 pm – 6:00 am +1,Singapore Airlines,SIN‐EWR,18h25m,0,,3621,20220408-1035,fast
8:55 pm – 5:55 am +2,SWISS,JFK‐SIN,21h00m,1,ZRH,11:50 am – 6:30 pm,Singapore Airlines,SIN‐JFK,18h40m,0,,4085,20220408-1035,fast
1:50 pm – 11:40 pm +1,Korean Air,JFK‐SIN,21h50m,1,ICN,11:35 pm – 6:00 am +1,Singapore Airlines,SIN‐EWR,18h25m,0,,1875,20220408-1035,fast
8:55 pm – 6:50 am +2,Singapore Airlines,JFK‐SIN,21h55m,1,FRA,11:35 pm – 6:00 am +1,Singapore Airlines,SIN‐EWR,18h25m,0,,1374,20220408-1035,fast
8:55 pm – 6:50 am +2,Singapore Airlines,JFK‐SIN,21h55m,1,FRA,11:50 am – 6:30 pm,Singapore Airlines,SIN‐JFK,18h40m,0,,1429,20220408-1035,fast
10:25 am – 5:10 pm +1,Singapore Airlines,EWR‐SIN,18h45m,0,,9:40 pm – 8:50 am +1,Emirates,SIN‐JFK,23h10m,1,DXB,2017,20220408-1035,fast
10:25 am – 5:10 pm +1,Singapore Airlines,EWR‐SIN,18h45m,0,,11:55 pm – 11:10 am +1,Singapore Airlines,SIN‐JFK,23h15m,1,FRA,1363,20220408-1035,fast
10:30 pm – 5:20 am +2,Singapore Airlines,JFK‐SIN,18h50m,0,,11:55 pm – 11:10 am +1,Singapore Airlines,SIN‐JFK,23h15m,1,FRA,1563,20220408-1035,fast
10:30 pm – 5:20 am +2,Singapore Airlines,JFK‐SIN,18h50m,0,,6:40 pm – 5:57 am +1,Singapore Airlines,SIN‐JFK,23h17m,1,SFO,2497,20220408-1035,fast
12:30 pm – 12:20 am +2,Japan Airlines,JFK‐SIN,23h50m,1,NRT,11:35 pm – 6:00 am +1,Singapore Airlines,SIN‐EWR,18h25m,0,,1489,20220408-1035,fast
10:25 am – 5:10 pm +1,Singapore Airlines,EWR‐SIN,18h45m,0,,11:30 pm – 11:05 am +1,Turkish Airlines,SIN‐JFK,23h35m,1,IST,1974,20220408-1035,fast
