Out Time,Out Airline,Out Cities,Out Duration,Out Stops,Out Stop Cities,Return Time,Return Airline,Return Cities,Return Duration,Return Stops,Return Stop Cities,Price,timestamp,sort
11:25 am – 10:20 am +2,"ANA, Thai Airways",EWR‐HKT,35h55m,2,"NRT, BKK",12:10 am – 9:20 pm,Emirates,HKT‐EWR,32h10m,2,"DXB, ATH",1383,20220406-1255,cheap
5:40 pm – 10:35 am +2,"TAP AIR PORTUGAL, Thai Airways",EWR‐HKT,29h55m,3,"LIS, LHR, ...",5:25 pm – 4:45 pm +1,"Thai AirAsia, ANA",HKT‐EWR,34h20m,2,"BKK, HND",1463,20220406-1255,cheap
5:40 pm – 3:25 pm +2,"TAP AIR PORTUGAL, Thai Airways",EWR‐HKT,34h45m,3,"LIS, LHR, ...",5:25 pm – 4:45 pm +1,"Thai AirAsia, ANA",HKT‐EWR,34h20m,2,"BKK, HND",1463,20220406-1255,cheap
5:40 pm – 10:35 am +2,"TAP AIR PORTUGAL, Thai Airways",EWR‐HKT,29h55m,3,"LIS, LHR, ...",9:15 pm – 9:00 pm +1,"Thai Airways, Air Caraïbes",HKT‐EWR,34h45m,2,"BKK, CDG-ORY",1501,20220406-1255,cheap
5:40 pm – 3:25 pm +2,"TAP AIR PORTUGAL, Thai Airways",EWR‐HKT,34h45m,3,"LIS, LHR, ...",9:15 pm – 9:00 pm +1,"Thai Airways, Air Caraïbes",HKT‐EWR,34h45m,2,"BKK, CDG-ORY",1501,20220406-1255,cheap
5:40 pm – 10:35 am +2,"TAP AIR PORTUGAL, Thai Airways",EWR‐HKT,29h55m,3,"LIS, LHR, ...",11:55 pm – 9:00 pm +1,"Qatar Airways, Air Caraïbes",HKT‐EWR,32h05m,2,"DOH, CDG-ORY",1599,20220406-1255,cheap
5:40 pm – 3:25 pm +2,"TAP AIR PORTUGAL, Thai Airways",EWR‐HKT,34h45m,3,"LIS, LHR, ...",11:55 pm – 9:00 pm +1,"Qatar Airways, Air Caraïbes",HKT‐EWR,32h05m,2,"DOH, CDG-ORY",1599,20220406-1255,cheap
8:30 pm – 12:55 pm +2,"Icelandair, Thai Airways",EWR‐HKT,29h25m,3,"KEF, BRU, ...",5:25 pm – 4:45 pm +1,"Thai AirAsia, ANA",HKT‐EWR,34h20m,2,"BKK, HND",1628,20220406-1255,cheap
6:20 pm – 6:55 am +2,Qatar Airways,EWR‐HKT,25h35m,2,"BOS, DOH",12:10 am – 9:20 pm,Emirates,HKT‐EWR,32h10m,2,"DXB, ATH",1638,20220406-1255,cheap
7:10 am – 12:55 pm +2,Multiple Airlines,EWR‐HKT,42h45m,3,"MIA, LIS, ...",12:10 am – 9:00 pm,"Emirates, Air Caraïbes",HKT‐EWR,31h50m,2,"DXB, CDG-ORY",1643,20220406-1255,cheap
11:25 am – 7:05 pm +2,"ANA, Bangkok Airways",EWR‐HKT,44h40m,2,"NRT, BKK",8:00 pm – 3:50 pm +1,Etihad Airways,HKT‐EWR,30h50m,2,"AUH, DUB",1648,20220406-1255,cheap
7:10 am – 12:55 pm +2,Multiple Airlines,EWR‐HKT,42h45m,3,"MIA, LIS, ...",11:55 pm – 9:00 pm +1,"Qatar Airways, French Bee",HKT‐EWR,32h05m,2,"DOH, CDG-ORY",1651,20220406-1255,cheap
8:15 am – 9:35 am +2,Singapore Airlines,EWR‐HKT,38h20m,3,"LAX, NRT, ...",12:10 am – 9:20 pm,Emirates,HKT‐EWR,32h10m,2,"DXB, ATH",1672,20220406-1255,cheap
6:05 pm – 12:55 pm +2,"Lufthansa, Thai Airways",EWR‐HKT,31h50m,1,FRA,5:10 pm – 10:20 pm +1,"AirAsia, Turkish Airlines",HKT‐EWR,40h10m,2,"KUL, IST",1674,20220406-1255,cheap
8:15 am – 9:35 am +2,"Alaska Airlines, Singapore Airlines",EWR‐HKT,38h20m,3,"LAX, NRT, ...",6:10 pm – 6:00 am +1,Singapore Airlines,HKT‐EWR,22h50m,1,SIN,1730,20220406-1255,cheap
6:20 pm – 6:55 am +2,Qatar Airways,EWR‐HKT,25h35m,2,"BOS, DOH",12:10 am – 9:20 pm,Emirates,HKT‐EWR,32h10m,2,"DXB, ATH",1672,20220406-1253,best
10:25 am – 7:20 pm +1,Singapore Airlines,EWR‐HKT,21h55m,1,SIN,6:10 pm – 6:00 am +1,Singapore Airlines,HKT‐EWR,22h50m,1,SIN,1768,20220406-1253,best
11:25 am – 10:20 am +2,"ANA, Thai Airways",EWR‐HKT,35h55m,2,"NRT, BKK",12:10 am – 9:20 pm,Emirates,HKT‐EWR,32h10m,2,"DXB, ATH",1383,20220406-1253,best
10:25 am – 7:20 pm +1,Singapore Airlines,EWR‐HKT,21h55m,1,SIN,11:40 am – 6:00 am +1,Singapore Airlines,HKT‐EWR,29h20m,1,SIN,1822,20220406-1253,best
10:25 am – 7:20 pm +1,Singapore Airlines,EWR‐HKT,21h55m,1,SIN,10:25 am – 6:00 am +1,Singapore Airlines,HKT‐EWR,30h35m,1,SIN,1822,20220406-1253,best
10:25 am – 7:20 pm +1,Singapore Airlines,EWR‐HKT,21h55m,1,SIN,12:10 am – 9:20 pm,Emirates,HKT‐EWR,32h10m,2,"DXB, ATH",1921,20220406-1253,best
6:20 pm – 6:55 am +2,Qatar Airways,EWR‐HKT,25h35m,2,"BOS, DOH",12:10 am – 9:20 pm,Emirates,HKT‐EWR,32h10m,2,"DXB, ATH",1638,20220406-1253,best
6:20 pm – 6:55 am +2,Qatar Airways,EWR‐HKT,25h35m,2,"BOS, DOH",11:55 pm – 9:01 pm +1,Qatar Airways,HKT‐EWR,32h06m,2,"DOH, ORD",1749,20220406-1253,best
9:50 pm – 10:20 am +2,"SWISS, Thai Airways",EWR‐HKT,25h30m,2,"ZRH, BKK",5:05 pm – 1:10 pm +1,"THAI Smile, SWISS",HKT‐EWR,31h05m,2,"BKK, ZRH",1953,20220406-1253,best
8:15 am – 9:35 am +2,"Alaska Airlines, Singapore Airlines",EWR‐HKT,38h20m,3,"LAX, NRT, ...",6:10 pm – 6:00 am +1,Singapore Airlines,HKT‐EWR,22h50m,1,SIN,1730,20220406-1253,best
6:20 pm – 6:55 am +2,Qatar Airways,EWR‐HKT,25h35m,2,"BOS, DOH",11:55 pm – 11:45 pm +1,Qatar Airways,HKT‐EWR,34h50m,2,"DOH, ORD",1749,20220406-1253,best
10:25 am – 5:10 pm +2,Singapore Airlines,EWR‐HKT,43h45m,1,SIN,6:10 pm – 6:00 am +1,Singapore Airlines,HKT‐EWR,22h50m,1,SIN,1755,20220406-1253,best
6:20 pm – 6:55 am +2,Qatar Airways,EWR‐HKT,25h35m,2,"BOS, DOH",7:10 pm – 9:20 pm +1,Emirates,HKT‐EWR,37h10m,3,"BKK, DXB, ...",1759,20220406-1253,best
6:20 pm – 12:30 pm +2,Emirates,EWR‐HKT,31h10m,2,"BOS, DXB",12:10 am – 9:20 pm,Emirates,HKT‐EWR,32h10m,2,"DXB, ATH",1746,20220406-1253,best
9:50 pm – 10:20 am +2,"SWISS, Thai Airways",EWR‐HKT,25h30m,2,"ZRH, BKK",8:10 pm – 12:45 pm +1,"Singapore Airlines, Lufthansa",HKT‐EWR,27h35m,2,"SIN, MUC",2379,20220406-1253,best
8:15 am – 10:50 am +2,Singapore Airlines,EWR‐HKT,39h35m,3,"LAX, NRT, ...",6:10 pm – 6:00 am +1,Singapore Airlines,HKT‐EWR,22h50m,1,SIN,1875,20220406-1253,best
10:25 am – 7:20 pm +1,Singapore Airlines,EWR‐HKT,21h55m,1,SIN,6:10 pm – 6:00 am +1,Singapore Airlines,HKT‐EWR,22h50m,1,SIN,1768,20220406-1258,fast
8:45 pm – 6:55 am +2,"Lufthansa, THAI Smile",EWR‐HKT,23h10m,2,"MUC, BOM",6:10 pm – 6:00 am +1,Singapore Airlines,HKT‐EWR,22h50m,1,SIN,5270,20220406-1258,fast
6:20 pm – 6:55 am +2,"JetBlue, Qatar Airways",EWR‐HKT,25h35m,2,"BOS, DOH",6:10 pm – 6:00 am +1,Singapore Airlines,HKT‐EWR,22h50m,1,SIN,2182,20220406-1258,fast
10:25 am – 7:20 pm +1,Singapore Airlines,EWR‐HKT,21h55m,1,SIN,11:40 am – 6:00 am +1,Singapore Airlines,HKT‐EWR,29h20m,1,SIN,1822,20220406-1258,fast
9:50 pm – 10:20 am +2,"SWISS, Thai Airways",EWR‐HKT,25h30m,2,"ZRH, BKK",8:00 pm – 10:50 am +1,"Etihad Airways, Austrian Airlines",HKT‐EWR,25h50m,2,"AUH, LHR",5156,20220406-1258,fast
8:45 pm – 6:55 am +2,"Lufthansa, THAI Smile",EWR‐HKT,23h10m,2,"MUC, BOM",7:40 pm – 1:10 pm +1,"THAI Smile, SWISS",HKT‐EWR,28h30m,2,"BKK, ZRH",5822,20220406-1258,fast
9:50 pm – 10:20 am +2,"SWISS, Thai Airways",EWR‐HKT,25h30m,2,"ZRH, BKK",8:00 pm – 11:45 am +1,"Etihad Airways, Lufthansa",HKT‐EWR,26h45m,2,"AUH, CDG",5128,20220406-1258,fast
9:50 pm – 10:20 am +2,"SWISS, Thai Airways",EWR‐HKT,25h30m,2,"ZRH, BKK",8:00 pm – 11:50 am +1,"Etihad Airways, Lufthansa",HKT‐EWR,26h50m,2,"AUH, DUB",5111,20220406-1258,fast
10:25 am – 7:20 pm +1,Singapore Airlines,EWR‐HKT,21h55m,1,SIN,10:25 am – 6:00 am +1,Singapore Airlines,HKT‐EWR,30h35m,1,SIN,1822,20220406-1258,fast
8:45 pm – 6:55 am +2,"Lufthansa, THAI Smile",EWR‐HKT,23h10m,2,"MUC, BOM",11:40 am – 6:00 am +1,Singapore Airlines,HKT‐EWR,29h20m,1,SIN,5270,20220406-1258,fast
9:50 pm – 10:20 am +2,"SWISS, Thai Airways",EWR‐HKT,25h30m,2,"ZRH, BKK",8:10 pm – 12:45 pm +1,"Singapore Airlines, Lufthansa",HKT‐EWR,27h35m,2,"SIN, MUC",2379,20220406-1258,fast
8:45 pm – 6:55 am +2,"Lufthansa, THAI Smile",EWR‐HKT,23h10m,2,"MUC, BOM",11:40 am – 7:00 am +1,Singapore Airlines,HKT‐EWR,30h20m,2,"SIN, SFO",5587,20220406-1258,fast
8:45 pm – 6:55 am +2,"Lufthansa, THAI Smile",EWR‐HKT,23h10m,2,"MUC, BOM",9:15 pm – 4:45 pm +1,"THAI Smile, ANA",HKT‐EWR,30h30m,2,"BKK, NRT",12097,20220406-1258,fast
8:45 pm – 6:55 am +2,"Lufthansa, THAI Smile",EWR‐HKT,23h10m,2,"MUC, BOM",10:25 am – 6:00 am +1,Singapore Airlines,HKT‐EWR,30h35m,1,SIN,5270,20220406-1258,fast
8:45 pm – 6:55 am +2,"Lufthansa, THAI Smile",EWR‐HKT,23h10m,2,"MUC, BOM",8:00 pm – 3:50 pm +1,Etihad Airways,HKT‐EWR,30h50m,2,"AUH, DUB",4981,20220406-1258,fast
