Out Time,Out Airline,Out Cities,Out Duration,Out Stops,Out Stop Cities,Return Time,Return Airline,Return Cities,Return Duration,Return Stops,Return Stop Cities,Price,timestamp,sort
11:00 pm – 7:00 pm +2,"TAP AIR PORTUGAL, Thai Airways",EWR‐HKT,33h00m,3,"LIS, LHR, ...",5:25 pm – 5:10 pm +1,"Thai AirAsia, ANA",HKT‐EWR,34h45m,2,"BKK, HND",1632,20220406-1310,cheap
11:00 pm – 7:00 pm +2,"TAP AIR PORTUGAL, Thai Airways",EWR‐HKT,33h00m,3,"LIS, LHR, ...",5:25 pm – 5:10 pm +1,"Thai AirAsia, ANA",HKT‐EWR,34h45m,2,"BKK, HND",1632,20220406-1310,cheap
11:00 pm – 7:45 pm +2,"TAP AIR PORTUGAL, Thai Airways",EWR‐HKT,33h45m,3,"LIS, LHR, ...",5:25 pm – 5:10 pm +1,"Thai AirAsia, ANA",HKT‐EWR,34h45m,2,"BKK, HND",1632,20220406-1310,cheap
11:00 pm – 7:45 pm +2,"TAP AIR PORTUGAL, Thai Airways",EWR‐HKT,33h45m,3,"LIS, LHR, ...",5:25 pm – 5:10 pm +1,"Thai AirAsia, ANA",HKT‐EWR,34h45m,2,"BKK, HND",1632,20220406-1310,cheap
11:00 pm – 8:35 pm +2,"TAP AIR PORTUGAL, Thai Airways",EWR‐HKT,34h35m,3,"LIS, LHR, ...",5:25 pm – 5:10 pm +1,"Thai AirAsia, ANA",HKT‐EWR,34h45m,2,"BKK, HND",1632,20220406-1310,cheap
11:00 pm – 7:00 pm +2,"TAP AIR PORTUGAL, Thai Airways",EWR‐HKT,33h00m,3,"LIS, LHR, ...",6:30 pm – 5:10 pm +1,"Thai Vietjet Air, ANA",HKT‐EWR,33h40m,2,"BKK, HND",1637,20220406-1310,cheap
11:00 pm – 7:00 pm +2,"TAP AIR PORTUGAL, Thai Airways",EWR‐HKT,33h00m,3,"LIS, LHR, ...",6:30 pm – 5:10 pm +1,"Thai Vietjet Air, ANA",HKT‐EWR,33h40m,2,"BKK, HND",1637,20220406-1310,cheap
11:55 pm – 12:30 pm +2,Emirates,EWR‐HKT,25h35m,2,"ATH, DXB",12:10 am – 9:20 pm,Emirates,HKT‐EWR,32h10m,2,"DXB, ATH",1694,20220406-1310,cheap
11:55 pm – 12:30 pm +2,Emirates,EWR‐HKT,25h35m,2,"ATH, DXB",7:10 pm – 9:20 pm +1,Emirates,HKT‐EWR,37h10m,3,"BKK, DXB, ...",1736,20220406-1310,cheap
11:55 pm – 12:30 pm +2,Emirates,EWR‐HKT,25h35m,2,"ATH, DXB",2:40 pm – 9:20 pm +1,Emirates,HKT‐EWR,41h40m,3,"BKK, DXB, ...",1736,20220406-1310,cheap
11:55 pm – 7:05 pm +2,"Emirates, Bangkok Airways",EWR‐HKT,32h10m,3,"ATH, DXB, ...",12:10 am – 9:20 pm,Emirates,HKT‐EWR,32h10m,2,"DXB, ATH",1737,20220406-1310,cheap
11:55 pm – 12:30 pm +2,Emirates,EWR‐HKT,25h35m,2,"ATH, DXB",10:20 am – 9:20 pm +1,Emirates,HKT‐EWR,46h00m,3,"BKK, DXB, ...",1739,20220406-1310,cheap
5:20 pm – 9:35 am +2,"SAS, Thai Airways",EWR‐HKT,29h15m,2,"ARN, BKK",7:40 pm – 12:55 pm +1,"Thai Airways, SAS",HKT‐EWR,28h15m,2,"BKK, ARN",1747,20220406-1310,cheap
11:00 pm – 7:00 pm +2,"TAP AIR PORTUGAL, Thai Airways",EWR‐HKT,33h00m,3,"LIS, LHR, ...",12:10 am – 9:00 pm,"Emirates, Air Caraïbes",HKT‐EWR,31h50m,2,"DXB, CDG-ORY",1757,20220406-1310,cheap
11:55 pm – 7:05 pm +2,"Emirates, Bangkok Airways",EWR‐HKT,32h10m,3,"ATH, DXB, ...",2:40 pm – 9:20 pm +1,"Bangkok Airways, Emirates",HKT‐EWR,41h40m,3,"BKK, DXB, ...",1757,20220406-1310,cheap
11:55 pm – 12:30 pm +2,Emirates,EWR‐HKT,25h35m,2,"ATH, DXB",12:10 am – 9:20 pm,Emirates,HKT‐EWR,32h10m,2,"DXB, ATH",1733,20220406-1308,best
10:25 am – 7:20 pm +1,Singapore Airlines,EWR‐HKT,21h55m,1,SIN,6:10 pm – 6:00 am +1,Singapore Airlines,HKT‐EWR,22h50m,1,SIN,2149,20220406-1308,best
10:25 am – 7:20 pm +1,Singapore Airlines,EWR‐HKT,21h55m,1,SIN,10:25 am – 6:00 am +1,Singapore Airlines,HKT‐EWR,30h35m,1,SIN,2027,20220406-1308,best
10:25 am – 7:20 pm +1,Singapore Airlines,EWR‐HKT,21h55m,1,SIN,11:40 am – 6:00 am +1,Singapore Airlines,HKT‐EWR,29h20m,1,SIN,2149,20220406-1308,best
10:25 am – 7:20 pm +1,Singapore Airlines,EWR‐HKT,21h55m,1,SIN,10:20 am – 6:00 am +1,"Bangkok Airways, Singapore Airlines",HKT‐EWR,30h40m,2,"BKK, SIN",2165,20220406-1308,best
10:25 am – 7:20 pm +1,Singapore Airlines,EWR‐HKT,21h55m,1,SIN,10:20 am – 6:00 am +1,"Bangkok Airways, Singapore Airlines",HKT‐EWR,30h40m,2,"BKK, SIN",2165,20220406-1308,best
10:25 am – 7:20 pm +1,Singapore Airlines,EWR‐HKT,21h55m,1,SIN,11:40 am – 7:00 am +1,Singapore Airlines,HKT‐EWR,30h20m,2,"SIN, SFO",2306,20220406-1308,best
9:50 pm – 10:20 am +2,"SWISS, Thai Airways",EWR‐HKT,25h30m,2,"ZRH, BKK",7:10 pm – 1:55 pm +1,Austrian Airlines,HKT‐EWR,29h45m,2,"BKK, VIE",1909,20220406-1308,best
10:25 am – 7:20 pm +1,Singapore Airlines,EWR‐HKT,21h55m,1,SIN,10:25 am – 7:00 am +1,Singapore Airlines,HKT‐EWR,31h35m,2,"SIN, SFO",2306,20220406-1308,best
11:55 pm – 12:30 pm +2,Emirates,EWR‐HKT,25h35m,2,"ATH, DXB",12:10 am – 9:20 pm,Emirates,HKT‐EWR,32h10m,2,"DXB, ATH",1694,20220406-1308,best
10:25 am – 7:20 pm +1,Singapore Airlines,EWR‐HKT,21h55m,1,SIN,12:10 am – 9:20 pm,Emirates,HKT‐EWR,32h10m,2,"DXB, ATH",2270,20220406-1308,best
8:45 pm – 10:50 am +2,"Lufthansa, Singapore Airlines",EWR‐HKT,27h05m,2,"MUC, SIN",8:10 pm – 12:25 pm +1,"Singapore Airlines, Lufthansa",HKT‐EWR,27h15m,2,"SIN, MUC",2370,20220406-1308,best
9:50 pm – 10:20 am +2,"SWISS, Thai Airways",EWR‐HKT,25h30m,2,"ZRH, BKK",8:10 pm – 12:25 pm +1,"Singapore Airlines, Lufthansa",HKT‐EWR,27h15m,2,"SIN, MUC",2370,20220406-1308,best
8:45 pm – 9:35 am +2,"Lufthansa, Singapore Airlines",EWR‐HKT,25h50m,2,"MUC, SIN",8:10 pm – 12:25 pm +1,"Singapore Airlines, Lufthansa",HKT‐EWR,27h15m,2,"SIN, MUC",2512,20220406-1308,best
9:50 pm – 10:20 am +2,"SWISS, Thai Airways",EWR‐HKT,25h30m,2,"ZRH, BKK",6:10 pm – 12:25 pm +1,"Singapore Airlines, Lufthansa",HKT‐EWR,29h15m,2,"SIN, MUC",2379,20220406-1308,best
8:45 pm – 9:35 am +2,"Lufthansa, Singapore Airlines",EWR‐HKT,25h50m,2,"MUC, SIN",6:10 pm – 12:25 pm +1,"Singapore Airlines, Lufthansa",HKT‐EWR,29h15m,2,"SIN, MUC",2512,20220406-1308,best
10:25 am – 7:20 pm +1,Singapore Airlines,EWR‐HKT,21h55m,1,SIN,6:10 pm – 6:00 am +1,Singapore Airlines,HKT‐EWR,22h50m,1,SIN,2149,20220406-1313,fast
8:45 pm – 6:55 am +2,"Lufthansa, THAI Smile",EWR‐HKT,23h10m,2,"MUC, BOM",6:10 pm – 6:00 am +1,Singapore Airlines,HKT‐EWR,22h50m,1,SIN,5458,20220406-1313,fast
10:25 am – 7:20 pm +1,Singapore Airlines,EWR‐HKT,21h55m,1,SIN,11:40 am – 6:00 am +1,Singapore Airlines,HKT‐EWR,29h20m,1,SIN,2149,20220406-1313,fast
9:50 pm – 10:20 am +2,"SWISS, Thai Airways",EWR‐HKT,25h30m,2,"ZRH, BKK",9:05 pm – 11:50 am +1,"Qatar Airways, Lufthansa",HKT‐EWR,25h45m,2,"DOH, DUB",5124,20220406-1313,fast
9:50 pm – 10:20 am +2,"SWISS, Thai Airways",EWR‐HKT,25h30m,2,"ZRH, BKK",12:10 am – 3:35 pm,"Emirates, Lufthansa",HKT‐EWR,26h25m,2,"DXB, CDG",5043,20220406-1313,fast
10:25 am – 7:20 pm +1,Singapore Airlines,EWR‐HKT,21h55m,1,SIN,11:40 am – 7:00 am +1,Singapore Airlines,HKT‐EWR,30h20m,2,"SIN, SFO",2306,20220406-1313,fast
9:50 pm – 10:20 am +2,"SWISS, Thai Airways",EWR‐HKT,25h30m,2,"ZRH, BKK",9:20 pm – 1:10 pm +1,Multiple Airlines,HKT‐EWR,26h50m,2,"SIN, ZRH",4889,20220406-1313,fast
9:50 pm – 10:20 am +2,"SWISS, Thai Airways",EWR‐HKT,25h30m,2,"ZRH, BKK",7:50 pm – 11:45 am +1,Multiple Airlines,HKT‐EWR,26h55m,2,"SIN, CDG",4911,20220406-1313,fast
10:25 am – 7:20 pm +1,Singapore Airlines,EWR‐HKT,21h55m,1,SIN,10:25 am – 6:00 am +1,Singapore Airlines,HKT‐EWR,30h35m,1,SIN,2027,20220406-1313,fast
8:45 pm – 6:55 am +2,"Lufthansa, THAI Smile",EWR‐HKT,23h10m,2,"MUC, BOM",11:40 am – 6:00 am +1,Singapore Airlines,HKT‐EWR,29h20m,1,SIN,5458,20220406-1313,fast
10:25 am – 7:20 pm +1,Singapore Airlines,EWR‐HKT,21h55m,1,SIN,10:20 am – 6:00 am +1,"Bangkok Airways, Singapore Airlines",HKT‐EWR,30h40m,2,"BKK, SIN",2165,20220406-1313,fast
10:25 am – 7:20 pm +1,Singapore Airlines,EWR‐HKT,21h55m,1,SIN,10:20 am – 6:00 am +1,"Bangkok Airways, Singapore Airlines",HKT‐EWR,30h40m,2,"BKK, SIN",2165,20220406-1313,fast
9:50 pm – 10:20 am +2,"SWISS, Thai Airways",EWR‐HKT,25h30m,2,"ZRH, BKK",8:10 pm – 12:25 pm +1,"Singapore Airlines, Lufthansa",HKT‐EWR,27h15m,2,"SIN, MUC",2370,20220406-1313,fast
8:45 pm – 9:35 am +2,"Lufthansa, Singapore Airlines",EWR‐HKT,25h50m,2,"MUC, SIN",8:10 pm – 12:25 pm +1,"Singapore Airlines, Lufthansa",HKT‐EWR,27h15m,2,"SIN, MUC",2512,20220406-1313,fast
9:50 pm – 10:20 am +2,"SWISS, Thai Airways",EWR‐HKT,25h30m,2,"ZRH, BKK",7:50 pm – 12:25 pm +1,"Scoot, Lufthansa",HKT‐EWR,27h35m,2,"SIN, MUC",2712,20220406-1313,fast
