Out Time,Out Airline,Out Cities,Out Duration,Out Stops,Out Stop Cities,Return Time,Return Airline,Return Cities,Return Duration,Return Stops,Return Stop Cities,Price,timestamp,sort
10:25 am – 7:20 pm +1,Singapore Airlines,EWR‐HKT,21h55m,1,SIN,6:10 pm – 6:00 am +1,Singapore Airlines,HKT‐EWR,22h50m,1,SIN,1476,20220409-1220,cheap
10:25 am – 7:20 pm +1,Singapore Airlines,EWR‐HKT,21h55m,1,SIN,11:40 am – 6:00 am +1,Singapore Airlines,HKT‐EWR,29h20m,1,SIN,1476,20220409-1220,cheap
10:25 am – 7:20 pm +1,Singapore Airlines,EWR‐HKT,21h55m,1,SIN,10:25 am – 6:00 am +1,Singapore Airlines,HKT‐EWR,30h35m,1,SIN,1476,20220409-1220,cheap
10:25 am – 5:10 pm +2,Singapore Airlines,EWR‐HKT,43h45m,1,SIN,6:10 pm – 6:00 am +1,Singapore Airlines,HKT‐EWR,22h50m,1,SIN,1476,20220409-1220,cheap
10:25 am – 5:10 pm +2,Singapore Airlines,EWR‐HKT,43h45m,1,SIN,11:40 am – 6:00 am +1,Singapore Airlines,HKT‐EWR,29h20m,1,SIN,1476,20220409-1220,cheap
10:25 am – 7:20 pm +1,Singapore Airlines,EWR‐HKT,21h55m,1,SIN,8:10 pm – 7:10 am +2,Singapore Airlines,HKT‐EWR,46h00m,3,"SIN, NRT, ...",1487,20220409-1220,cheap
9:00 am – 9:35 am +2,Singapore Airlines,EWR‐HKT,37h35m,3,"LAX, NRT, ...",11:40 am – 6:00 am +1,Singapore Airlines,HKT‐EWR,29h20m,1,SIN,1606,20220409-1220,cheap
9:00 am – 9:35 am +2,Singapore Airlines,EWR‐HKT,37h35m,3,"LAX, NRT, ...",10:25 am – 6:00 am +1,Singapore Airlines,HKT‐EWR,30h35m,1,SIN,1606,20220409-1220,cheap
9:00 am – 9:35 am +2,Singapore Airlines,EWR‐HKT,37h35m,3,"LAX, NRT, ...",6:10 pm – 6:00 am +1,Singapore Airlines,HKT‐EWR,22h50m,1,SIN,1616,20220409-1220,cheap
9:00 am – 10:50 am +2,Singapore Airlines,EWR‐HKT,38h50m,3,"LAX, NRT, ...",6:10 pm – 6:00 am +1,Singapore Airlines,HKT‐EWR,22h50m,1,SIN,1616,20220409-1220,cheap
10:25 am – 7:20 pm +1,Singapore Airlines,EWR‐HKT,21h55m,1,SIN,8:10 pm – 7:10 am +2,"Singapore Airlines, Alaska Airlines",HKT‐EWR,46h00m,3,"SIN, NRT, ...",1617,20220409-1220,cheap
9:00 am – 9:35 am +2,"Alaska Airlines, Singapore Airlines",EWR‐HKT,37h35m,3,"LAX, NRT, ...",6:10 pm – 6:00 am +1,Singapore Airlines,HKT‐EWR,22h50m,1,SIN,1648,20220409-1220,cheap
9:00 am – 10:50 am +2,"Alaska Airlines, Singapore Airlines",EWR‐HKT,38h50m,3,"LAX, NRT, ...",6:10 pm – 6:00 am +1,Singapore Airlines,HKT‐EWR,22h50m,1,SIN,1648,20220409-1220,cheap
9:00 am – 9:35 am +2,"Alaska Airlines, Singapore Airlines",EWR‐HKT,37h35m,3,"LAX, NRT, ...",11:40 am – 6:00 am +1,Singapore Airlines,HKT‐EWR,29h20m,1,SIN,1648,20220409-1220,cheap
9:00 am – 9:35 am +2,"Alaska Airlines, Singapore Airlines",EWR‐HKT,37h35m,3,"LAX, NRT, ...",10:25 am – 6:00 am +1,Singapore Airlines,HKT‐EWR,30h35m,1,SIN,1648,20220409-1220,cheap
4:26 pm – 6:55 am +2,"JetBlue, Qatar Airways",EWR‐HKT,27h29m,2,"BOS, DOH",11:55 pm – 9:28 pm +1,"Qatar Airways, JetBlue",HKT‐EWR,32h33m,2,"DOH, BOS",1794,20220409-1212,best
10:25 am – 7:20 pm +1,Singapore Airlines,EWR‐HKT,21h55m,1,SIN,6:10 pm – 6:00 am +1,Singapore Airlines,HKT‐EWR,22h50m,1,SIN,1476,20220409-1212,best
10:25 am – 7:20 pm +1,Singapore Airlines,EWR‐HKT,21h55m,1,SIN,11:40 am – 6:00 am +1,Singapore Airlines,HKT‐EWR,29h20m,1,SIN,1476,20220409-1212,best
10:25 am – 7:20 pm +1,Singapore Airlines,EWR‐HKT,21h55m,1,SIN,10:25 am – 6:00 am +1,Singapore Airlines,HKT‐EWR,30h35m,1,SIN,1476,20220409-1212,best
4:00 pm – 10:50 am +2,"Alaska Airlines, Singapore Airlines",EWR‐HKT,31h50m,2,"LAX, SIN",6:10 pm – 6:00 am +1,Singapore Airlines,HKT‐EWR,22h50m,1,SIN,1658,20220409-1212,best
10:25 am – 7:20 pm +1,Singapore Airlines,EWR‐HKT,21h55m,1,SIN,12:10 pm – 6:00 am +1,Singapore Airlines,HKT‐EWR,28h50m,1,SIN,1959,20220409-1212,best
10:25 am – 5:10 pm +2,Singapore Airlines,EWR‐HKT,43h45m,1,SIN,6:10 pm – 6:00 am +1,Singapore Airlines,HKT‐EWR,22h50m,1,SIN,1476,20220409-1212,best
10:25 am – 7:20 pm +1,Singapore Airlines,EWR‐HKT,21h55m,1,SIN,12:10 am – 9:20 pm,Emirates,HKT‐EWR,32h10m,2,"DXB, ATH",1889,20220409-1212,best
9:00 am – 9:35 am +2,Singapore Airlines,EWR‐HKT,37h35m,3,"LAX, NRT, ...",6:10 pm – 6:00 am +1,Singapore Airlines,HKT‐EWR,22h50m,1,SIN,1616,20220409-1212,best
4:00 pm – 10:50 am +2,"Alaska Airlines, Singapore Airlines",EWR‐HKT,31h50m,2,"LAX, SIN",11:40 am – 6:00 am +1,Singapore Airlines,HKT‐EWR,29h20m,1,SIN,1658,20220409-1212,best
9:00 am – 10:50 am +2,Singapore Airlines,EWR‐HKT,38h50m,3,"LAX, NRT, ...",6:10 pm – 6:00 am +1,Singapore Airlines,HKT‐EWR,22h50m,1,SIN,1616,20220409-1212,best
9:00 am – 9:35 am +2,"Alaska Airlines, Singapore Airlines",EWR‐HKT,37h35m,3,"LAX, NRT, ...",6:10 pm – 6:00 am +1,Singapore Airlines,HKT‐EWR,22h50m,1,SIN,1648,20220409-1212,best
6:45 pm – 6:55 am +2,Qatar Airways,EWR‐HKT,25h10m,2,"BOS, DOH",11:55 pm – 9:28 pm +1,Qatar Airways,HKT‐EWR,32h33m,2,"DOH, BOS",1754,20220409-1212,best
10:25 am – 7:20 pm +1,Singapore Airlines,EWR‐HKT,21h55m,1,SIN,11:40 am – 6:59 am +1,Singapore Airlines,HKT‐EWR,30h19m,2,"SIN, SFO",2166,20220409-1212,best
9:00 am – 10:50 am +2,"Alaska Airlines, Singapore Airlines",EWR‐HKT,38h50m,3,"LAX, NRT, ...",6:10 pm – 6:00 am +1,Singapore Airlines,HKT‐EWR,22h50m,1,SIN,1648,20220409-1212,best
4:26 pm – 6:55 am +2,Qatar Airways,EWR‐HKT,27h29m,2,"BOS, DOH",12:10 am – 9:20 pm,Emirates,HKT‐EWR,32h10m,2,"DXB, ATH",1759,20220409-1212,best
10:25 am – 7:20 pm +1,Singapore Airlines,EWR‐HKT,21h55m,1,SIN,6:10 pm – 6:00 am +1,Singapore Airlines,HKT‐EWR,22h50m,1,SIN,1476,20220409-1223,fast
10:25 am – 7:20 pm +1,Singapore Airlines,EWR‐HKT,21h55m,1,SIN,12:10 pm – 6:00 am +1,Singapore Airlines,HKT‐EWR,28h50m,1,SIN,1959,20220409-1223,fast
10:25 am – 7:20 pm +1,Singapore Airlines,EWR‐HKT,21h55m,1,SIN,11:40 am – 6:00 am +1,Singapore Airlines,HKT‐EWR,29h20m,1,SIN,1476,20220409-1223,fast
10:25 am – 7:20 pm +1,Singapore Airlines,EWR‐HKT,21h55m,1,SIN,11:40 am – 6:59 am +1,Singapore Airlines,HKT‐EWR,30h19m,2,"SIN, SFO",2166,20220409-1223,fast
9:50 pm – 9:30 am +2,"SWISS, Bangkok Airways",EWR‐HKT,24h40m,2,"ZRH, BKK",7:50 pm – 12:25 pm +1,"Scoot, Lufthansa",HKT‐EWR,27h35m,2,"SIN, MUC",2211,20220409-1223,fast
10:25 am – 7:20 pm +1,Singapore Airlines,EWR‐HKT,21h55m,1,SIN,10:25 am – 6:00 am +1,Singapore Airlines,HKT‐EWR,30h35m,1,SIN,1476,20220409-1223,fast
9:50 pm – 10:20 am +2,"SWISS, Thai Airways",EWR‐HKT,25h30m,2,"ZRH, BKK",8:10 pm – 12:25 pm +1,"Singapore Airlines, Lufthansa",HKT‐EWR,27h15m,2,"SIN, MUC",2178,20220409-1223,fast
8:55 pm – 9:35 am +2,"Lufthansa, Singapore Airlines",EWR‐HKT,25h40m,2,"MUC, SIN",8:10 pm – 12:25 pm +1,"Singapore Airlines, Lufthansa",HKT‐EWR,27h15m,2,"SIN, MUC",2511,20220409-1223,fast
6:45 pm – 6:55 am +2,Qatar Airways,EWR‐HKT,25h10m,2,"BOS, DOH",12:10 pm – 6:00 am +1,Singapore Airlines,HKT‐EWR,28h50m,1,SIN,3599,20220409-1223,fast
10:25 am – 7:20 pm +1,Singapore Airlines,EWR‐HKT,21h55m,1,SIN,12:10 am – 9:20 pm,Emirates,HKT‐EWR,32h10m,2,"DXB, ATH",1889,20220409-1223,fast
9:50 pm – 10:20 am +2,"SWISS, Thai Airways",EWR‐HKT,25h30m,2,"ZRH, BKK",8:10 pm – 1:50 pm +1,"Singapore Airlines, Lufthansa",HKT‐EWR,28h40m,2,"SIN, FRA",2195,20220409-1223,fast
8:55 pm – 10:50 am +2,"Lufthansa, Singapore Airlines",EWR‐HKT,26h55m,2,"MUC, SIN",8:10 pm – 12:25 pm +1,"Singapore Airlines, Lufthansa",HKT‐EWR,27h15m,2,"SIN, MUC",2511,20220409-1223,fast
8:55 pm – 9:35 am +2,"Lufthansa, Singapore Airlines",EWR‐HKT,25h40m,2,"MUC, SIN",8:10 pm – 1:50 pm +1,"Singapore Airlines, Lufthansa",HKT‐EWR,28h40m,2,"SIN, FRA",2528,20220409-1223,fast
11:55 pm – 12:30 pm +2,Emirates,EWR‐HKT,25h35m,2,"ATH, DXB",12:10 pm – 6:00 am +1,Singapore Airlines,HKT‐EWR,28h50m,1,SIN,3816,20220409-1223,fast
4:00 pm – 10:50 am +2,"Alaska Airlines, Singapore Airlines",EWR‐HKT,31h50m,2,"LAX, SIN",6:10 pm – 6:00 am +1,Singapore Airlines,HKT‐EWR,22h50m,1,SIN,1658,20220409-1223,fast
