Out Time,Out Airline,Out Cities,Out Duration,Out Stops,Out Stop Cities,Return Time,Return Airline,Return Cities,Return Duration,Return Stops,Return Stop Cities,Price,timestamp,sort
11:25 am – 10:40 am +2,"ANA, Thai Airways",EWR‐HKT,36h15m,2,"NRT, BKK",12:10 am – 9:20 pm,Emirates,HKT‐EWR,32h10m,2,"DXB, ATH",1387,20220406-1142,cheap
6:20 pm – 12:30 pm +2,Emirates,EWR‐HKT,31h10m,2,"BOS, DXB",12:10 am – 9:20 pm,Emirates,HKT‐EWR,32h10m,2,"DXB, ATH",1423,20220406-1142,cheap
7:10 am – 12:30 pm +2,Emirates,EWR‐HKT,42h20m,2,"BOS, DXB",12:10 am – 9:20 pm,Emirates,HKT‐EWR,32h10m,2,"DXB, ATH",1434,20220406-1142,cheap
5:35 pm – 10:35 am +2,"SAS, Thai Airways",EWR‐HKT,30h00m,2,"CPH, BKK",9:15 pm – 2:55 pm +1,"Thai Airways, SAS",HKT‐EWR,28h40m,2,"BKK, CPH",1474,20220406-1142,cheap
5:35 pm – 12:20 pm +2,"SAS, Thai Airways",EWR‐HKT,31h45m,2,"CPH, BKK",9:15 pm – 2:55 pm +1,"Thai Airways, SAS",HKT‐EWR,28h40m,2,"BKK, CPH",1474,20220406-1142,cheap
5:35 pm – 10:35 am +2,"SAS, Thai Airways",EWR‐HKT,30h00m,2,"CPH, BKK",5:05 pm – 2:55 pm +1,"Thai Airways, SAS",HKT‐EWR,32h50m,2,"BKK, CPH",1474,20220406-1142,cheap
5:35 pm – 10:35 am +2,"SAS, Thai Airways",EWR‐HKT,30h00m,2,"CPH, BKK",4:05 pm – 2:55 pm +1,"Thai Airways, SAS",HKT‐EWR,33h50m,2,"BKK, CPH",1474,20220406-1142,cheap
5:35 pm – 4:25 pm +2,"SAS, Thai Airways",EWR‐HKT,35h50m,2,"CPH, BKK",9:15 pm – 2:55 pm +1,"Thai Airways, SAS",HKT‐EWR,28h40m,2,"BKK, CPH",1474,20220406-1142,cheap
5:35 pm – 12:20 pm +2,"SAS, Thai Airways",EWR‐HKT,31h45m,2,"CPH, BKK",5:05 pm – 2:55 pm +1,"Thai Airways, SAS",HKT‐EWR,32h50m,2,"BKK, CPH",1474,20220406-1142,cheap
5:35 pm – 10:35 am +2,"SAS, Thai Airways",EWR‐HKT,30h00m,2,"CPH, BKK",9:15 pm – 9:05 pm +1,"Thai Airways, SAS",HKT‐EWR,34h50m,2,"BKK, CPH",1474,20220406-1142,cheap
5:35 pm – 12:20 pm +2,"SAS, Thai Airways",EWR‐HKT,31h45m,2,"CPH, BKK",4:05 pm – 2:55 pm +1,"Thai Airways, SAS",HKT‐EWR,33h50m,2,"BKK, CPH",1474,20220406-1142,cheap
5:35 pm – 12:20 pm +2,"SAS, Thai Airways",EWR‐HKT,31h45m,2,"CPH, BKK",9:15 pm – 9:05 pm +1,"Thai Airways, SAS",HKT‐EWR,34h50m,2,"BKK, CPH",1474,20220406-1142,cheap
5:35 pm – 4:25 pm +2,"SAS, Thai Airways",EWR‐HKT,35h50m,2,"CPH, BKK",5:05 pm – 2:55 pm +1,"Thai Airways, SAS",HKT‐EWR,32h50m,2,"BKK, CPH",1474,20220406-1142,cheap
5:35 pm – 4:25 pm +2,"SAS, Thai Airways",EWR‐HKT,35h50m,2,"CPH, BKK",4:05 pm – 2:55 pm +1,"Thai Airways, SAS",HKT‐EWR,33h50m,2,"BKK, CPH",1474,20220406-1142,cheap
5:35 pm – 4:25 pm +2,"SAS, Thai Airways",EWR‐HKT,35h50m,2,"CPH, BKK",9:15 pm – 9:05 pm +1,"Thai Airways, SAS",HKT‐EWR,34h50m,2,"BKK, CPH",1474,20220406-1142,cheap
6:20 pm – 6:55 am +2,"JetBlue, Qatar Airways",EWR‐HKT,25h35m,2,"BOS, DOH",11:55 pm – 9:07 pm +1,Qatar Airways,HKT‐EWR,32h12m,2,"DOH, ORD",1717,20220406-1140,best
10:25 am – 7:20 pm +1,Singapore Airlines,EWR‐HKT,21h55m,1,SIN,6:10 pm – 6:00 am +1,Singapore Airlines,HKT‐EWR,22h50m,1,SIN,1818,20220406-1140,best
10:25 am – 7:20 pm +1,Singapore Airlines,EWR‐HKT,21h55m,1,SIN,11:40 am – 6:00 am +1,Singapore Airlines,HKT‐EWR,29h20m,1,SIN,1818,20220406-1140,best
10:25 am – 7:20 pm +1,Singapore Airlines,EWR‐HKT,21h55m,1,SIN,10:25 am – 6:00 am +1,Singapore Airlines,HKT‐EWR,30h35m,1,SIN,1860,20220406-1140,best
10:25 am – 9:35 am +2,Singapore Airlines,EWR‐HKT,36h10m,1,SIN,6:10 pm – 6:00 am +1,Singapore Airlines,HKT‐EWR,22h50m,1,SIN,1818,20220406-1140,best
6:20 pm – 6:55 am +2,"JetBlue, Qatar Airways",EWR‐HKT,25h35m,2,"BOS, DOH",11:55 pm – 9:07 pm +1,Qatar Airways,HKT‐EWR,32h12m,2,"DOH, ORD",1681,20220406-1140,best
6:20 pm – 12:30 pm +2,Emirates,EWR‐HKT,31h10m,2,"BOS, DXB",12:10 am – 9:20 pm,Emirates,HKT‐EWR,32h10m,2,"DXB, ATH",1423,20220406-1140,best
10:25 am – 7:20 pm +1,Singapore Airlines,EWR‐HKT,21h55m,1,SIN,11:40 am – 7:00 am +1,Singapore Airlines,HKT‐EWR,30h20m,2,"SIN, SFO",2076,20220406-1140,best
10:25 am – 10:50 am +2,Singapore Airlines,EWR‐HKT,37h25m,1,SIN,6:10 pm – 6:00 am +1,Singapore Airlines,HKT‐EWR,22h50m,1,SIN,1860,20220406-1140,best
4:20 pm – 6:55 am +2,Qatar Airways,EWR‐HKT,27h35m,2,"BOS, DOH",11:55 pm – 9:07 pm +1,Qatar Airways,HKT‐EWR,32h12m,2,"DOH, ORD",1682,20220406-1140,best
6:20 pm – 6:55 am +2,Qatar Airways,EWR‐HKT,25h35m,2,"BOS, DOH",12:10 am – 9:20 pm,Emirates,HKT‐EWR,32h10m,2,"DXB, ATH",1790,20220406-1140,best
6:20 pm – 6:55 am +2,"JetBlue, Qatar Airways",EWR‐HKT,25h35m,2,"BOS, DOH",11:55 pm – 11:43 pm +1,Qatar Airways,HKT‐EWR,34h48m,2,"DOH, ORD",1681,20220406-1140,best
6:20 pm – 6:55 am +2,"JetBlue, Qatar Airways",EWR‐HKT,25h35m,2,"BOS, DOH",9:05 pm – 9:07 pm +1,Qatar Airways,HKT‐EWR,35h02m,2,"DOH, ORD",1681,20220406-1140,best
6:20 pm – 6:55 am +2,"JetBlue, Qatar Airways",EWR‐HKT,25h35m,2,"BOS, DOH",9:05 pm – 9:07 pm +1,Qatar Airways,HKT‐EWR,35h02m,2,"DOH, ORD",1681,20220406-1140,best
11:25 am – 10:40 am +2,"ANA, Thai Airways",EWR‐HKT,36h15m,2,"NRT, BKK",12:10 am – 9:20 pm,Emirates,HKT‐EWR,32h10m,2,"DXB, ATH",1387,20220406-1140,best
10:25 am – 7:20 pm +1,Singapore Airlines,EWR‐HKT,21h55m,1,SIN,9:05 pm – 9:07 pm +1,Qatar Airways,HKT‐EWR,35h02m,2,"DOH, ORD",1931,20220406-1140,best
10:25 am – 7:20 pm +1,Singapore Airlines,EWR‐HKT,21h55m,1,SIN,6:10 pm – 6:00 am +1,Singapore Airlines,HKT‐EWR,22h50m,1,SIN,1818,20220406-1144,fast
6:20 pm – 6:55 am +2,"JetBlue, Qatar Airways",EWR‐HKT,25h35m,2,"BOS, DOH",6:10 pm – 6:00 am +1,Singapore Airlines,HKT‐EWR,22h50m,1,SIN,2334,20220406-1144,fast
4:20 pm – 6:55 am +2,"JetBlue, Qatar Airways",EWR‐HKT,27h35m,2,"BOS, DOH",6:10 pm – 6:00 am +1,Singapore Airlines,HKT‐EWR,22h50m,1,SIN,2334,20220406-1144,fast
10:25 am – 7:20 pm +1,Singapore Airlines,EWR‐HKT,21h55m,1,SIN,11:40 am – 6:00 am +1,Singapore Airlines,HKT‐EWR,29h20m,1,SIN,1818,20220406-1144,fast
10:25 am – 7:20 pm +1,Singapore Airlines,EWR‐HKT,21h55m,1,SIN,11:40 am – 7:00 am +1,Singapore Airlines,HKT‐EWR,30h20m,2,"SIN, SFO",2076,20220406-1144,fast
10:25 am – 7:20 pm +1,Singapore Airlines,EWR‐HKT,21h55m,1,SIN,10:25 am – 6:00 am +1,Singapore Airlines,HKT‐EWR,30h35m,1,SIN,1860,20220406-1144,fast
10:25 am – 7:20 pm +1,Singapore Airlines,EWR‐HKT,21h55m,1,SIN,12:10 am – 9:20 pm,Emirates,HKT‐EWR,32h10m,2,"DXB, ATH",1811,20220406-1144,fast
10:25 am – 7:20 pm +1,Singapore Airlines,EWR‐HKT,21h55m,1,SIN,11:55 pm – 9:07 pm +1,"Qatar Airways, American Airlines",HKT‐EWR,32h12m,2,"DOH, ORD",2027,20220406-1144,fast
8:45 pm – 9:35 am +2,"Lufthansa, Singapore Airlines",EWR‐HKT,25h50m,2,"MUC, SIN",8:10 pm – 1:50 pm +1,"Singapore Airlines, Lufthansa",HKT‐EWR,28h40m,2,"SIN, FRA",2728,20220406-1144,fast
6:20 pm – 6:55 am +2,"JetBlue, Qatar Airways",EWR‐HKT,25h35m,2,"BOS, DOH",11:40 am – 6:00 am +1,Singapore Airlines,HKT‐EWR,29h20m,1,SIN,2334,20220406-1144,fast
8:45 pm – 9:35 am +2,"Lufthansa, Thai Airways",EWR‐HKT,25h50m,2,"MUC, BKK",1:30 pm – 7:55 am +1,"IndiGo, Air India",HKT‐EWR,29h25m,1,DEL,2680,20220406-1144,fast
11:50 pm – 7:20 pm +2,"Turkish Airlines, Singapore Airlines",EWR‐HKT,32h30m,2,"IST, SIN",6:10 pm – 6:00 am +1,Singapore Airlines,HKT‐EWR,22h50m,1,SIN,5876,20220406-1144,fast
7:35 pm – 9:35 am +2,"Lufthansa, Singapore Airlines",EWR‐HKT,27h00m,2,"FRA, SIN",8:10 pm – 1:50 pm +1,"Singapore Airlines, Lufthansa",HKT‐EWR,28h40m,2,"SIN, FRA",2745,20220406-1144,fast
8:45 pm – 10:50 am +2,"Lufthansa, Singapore Airlines",EWR‐HKT,27h05m,2,"MUC, SIN",8:10 pm – 1:50 pm +1,"Singapore Airlines, Lufthansa",HKT‐EWR,28h40m,2,"SIN, FRA",2728,20220406-1144,fast
10:00 pm – 11:30 am +2,Multiple Airlines,EWR‐HKT,26h30m,2,"LHR, SIN",7:10 pm – 1:55 pm +1,"Bangkok Airways, Austrian Airlines",HKT‐EWR,29h45m,2,"BKK, VIE",4939,20220406-1144,fast
