Out Time,Out Airline,Out Cities,Out Duration,Out Stops,Out Stop Cities,Return Time,Return Airline,Return Cities,Return Duration,Return Stops,Return Stop Cities,Price,timestamp,sort
11:25 am – 10:40 am +2,"ANA, Thai Airways",EWR‐HKT,36h15m,2,"NRT, BKK",12:10 am – 9:20 pm,Emirates,HKT‐EWR,32h10m,2,"DXB, ATH",1353,20220406-1050,cheap
11:55 pm – 12:30 pm +2,Emirates,EWR‐HKT,25h35m,2,"ATH, DXB",12:10 am – 9:20 pm,Emirates,HKT‐EWR,32h10m,2,"DXB, ATH",1354,20220406-1050,cheap
11:55 pm – 7:05 pm +2,"Emirates, Bangkok Airways",EWR‐HKT,32h10m,3,"ATH, DXB, ...",12:10 am – 9:20 pm,Emirates,HKT‐EWR,32h10m,2,"DXB, ATH",1403,20220406-1050,cheap
11:25 am – 10:40 am +2,"ANA, Thai Airways",EWR‐HKT,36h15m,2,"NRT, BKK",11:55 pm – 9:07 pm +1,Qatar Airways,HKT‐EWR,32h12m,2,"DOH, ORD",1457,20220406-1050,cheap
12:30 pm – 6:55 am +2,"American Airlines, Qatar Airways",EWR‐HKT,31h25m,2,"MIA, DOH",9:05 pm – 4:57 pm +1,"Qatar Airways, American Airlines",HKT‐EWR,30h52m,2,"DOH, ORD",1476,20220406-1050,cheap
12:30 pm – 6:55 am +2,"American Airlines, Qatar Airways",EWR‐HKT,31h25m,2,"MIA, DOH",11:55 pm – 9:07 pm +1,"Qatar Airways, American Airlines",HKT‐EWR,32h12m,2,"DOH, ORD",1476,20220406-1050,cheap
12:30 pm – 6:55 am +2,"American Airlines, Qatar Airways",EWR‐HKT,31h25m,2,"MIA, DOH",9:05 pm – 6:52 pm +1,"Qatar Airways, American Airlines",HKT‐EWR,32h47m,2,"DOH, DFW",1476,20220406-1050,cheap
12:30 pm – 6:55 am +2,"American Airlines, Qatar Airways",EWR‐HKT,31h25m,2,"MIA, DOH",9:05 pm – 7:19 pm +1,"Qatar Airways, American Airlines",HKT‐EWR,33h14m,2,"DOH, ORD",1476,20220406-1050,cheap
12:30 pm – 6:55 am +2,"American Airlines, Qatar Airways",EWR‐HKT,31h25m,2,"MIA, DOH",11:55 pm – 10:35 pm +1,"Qatar Airways, American Airlines",HKT‐EWR,33h40m,2,"DOH, MIA",1476,20220406-1050,cheap
12:30 pm – 6:55 am +2,"American Airlines, Qatar Airways",EWR‐HKT,31h25m,2,"MIA, DOH",11:55 pm – 11:43 pm +1,"Qatar Airways, American Airlines",HKT‐EWR,34h48m,2,"DOH, ORD",1476,20220406-1050,cheap
12:30 pm – 6:55 am +2,"American Airlines, Qatar Airways",EWR‐HKT,31h25m,2,"MIA, DOH",9:05 pm – 9:07 pm +1,"Qatar Airways, American Airlines",HKT‐EWR,35h02m,2,"DOH, ORD",1476,20220406-1050,cheap
12:30 pm – 6:55 am +2,"American Airlines, Qatar Airways",EWR‐HKT,31h25m,2,"MIA, DOH",9:05 pm – 9:07 pm +1,"Qatar Airways, American Airlines",HKT‐EWR,35h02m,2,"DOH, ORD",1476,20220406-1050,cheap
12:30 pm – 6:55 am +2,"American Airlines, Qatar Airways",EWR‐HKT,31h25m,2,"MIA, DOH",11:55 pm – 11:59 pm +1,"Qatar Airways, American Airlines",HKT‐EWR,35h04m,2,"DOH, MIA",1476,20220406-1050,cheap
8:00 am – 6:55 am +2,"American Airlines, Qatar Airways",EWR‐HKT,35h55m,2,"MIA, DOH",9:05 pm – 4:57 pm +1,"Qatar Airways, American Airlines",HKT‐EWR,30h52m,2,"DOH, ORD",1476,20220406-1050,cheap
12:30 pm – 6:55 am +2,"American Airlines, Qatar Airways",EWR‐HKT,31h25m,2,"MIA, DOH",9:05 pm – 9:53 pm +1,"Qatar Airways, American Airlines",HKT‐EWR,35h48m,2,"DOH, DFW",1476,20220406-1050,cheap
11:55 pm – 12:30 pm +2,Emirates,EWR‐HKT,25h35m,2,"ATH, DXB",12:10 am – 9:20 pm,Emirates,HKT‐EWR,32h10m,2,"DXB, ATH",1393,20220406-1047,best
10:25 am – 7:20 pm +1,Singapore Airlines,EWR‐HKT,21h55m,1,SIN,6:10 pm – 6:00 am +1,Singapore Airlines,HKT‐EWR,22h50m,1,SIN,1860,20220406-1047,best
11:25 am – 10:40 am +2,"ANA, Thai Airways",EWR‐HKT,36h15m,2,"NRT, BKK",12:10 am – 9:20 pm,Emirates,HKT‐EWR,32h10m,2,"DXB, ATH",1353,20220406-1047,best
10:25 am – 7:20 pm +1,Singapore Airlines,EWR‐HKT,21h55m,1,SIN,11:40 am – 6:00 am +1,Singapore Airlines,HKT‐EWR,29h20m,1,SIN,1860,20220406-1047,best
10:25 am – 7:20 pm +1,Singapore Airlines,EWR‐HKT,21h55m,1,SIN,10:25 am – 6:00 am +1,Singapore Airlines,HKT‐EWR,30h35m,1,SIN,1860,20220406-1047,best
11:55 pm – 12:30 pm +2,Emirates,EWR‐HKT,25h35m,2,"ATH, DXB",12:10 am – 9:20 pm,Emirates,HKT‐EWR,32h10m,2,"DXB, ATH",1354,20220406-1047,best
10:25 am – 7:20 pm +1,Singapore Airlines,EWR‐HKT,21h55m,1,SIN,11:40 am – 7:00 am +1,Singapore Airlines,HKT‐EWR,30h20m,2,"SIN, LAX",1801,20220406-1047,best
10:25 am – 7:20 pm +1,Singapore Airlines,EWR‐HKT,21h55m,1,SIN,11:40 am – 8:14 am +1,"Singapore Airlines, JetBlue",HKT‐EWR,31h34m,2,"SIN, LAX",1801,20220406-1047,best
10:25 am – 7:20 pm +1,Singapore Airlines,EWR‐HKT,21h55m,1,SIN,11:40 am – 8:14 am +1,"Singapore Airlines, JetBlue",HKT‐EWR,31h34m,2,"SIN, LAX",1801,20220406-1047,best
10:25 am – 7:20 pm +1,Singapore Airlines,EWR‐HKT,21h55m,1,SIN,10:25 am – 7:00 am +1,Singapore Airlines,HKT‐EWR,31h35m,2,"SIN, LAX",1801,20220406-1047,best
10:25 am – 7:20 pm +1,Singapore Airlines,EWR‐HKT,21h55m,1,SIN,12:10 am – 9:20 pm,Emirates,HKT‐EWR,32h10m,2,"DXB, ATH",1831,20220406-1047,best
12:30 pm – 6:55 am +2,"American Airlines, Qatar Airways",EWR‐HKT,31h25m,2,"MIA, DOH",9:05 pm – 4:57 pm +1,"Qatar Airways, American Airlines",HKT‐EWR,30h52m,2,"DOH, ORD",1476,20220406-1047,best
6:20 pm – 6:55 am +2,Qatar Airways,EWR‐HKT,25h35m,2,"BOS, DOH",11:55 pm – 9:07 pm +1,Qatar Airways,HKT‐EWR,32h12m,2,"DOH, ORD",1685,20220406-1047,best
1:47 pm – 6:55 am +2,"American Airlines, Qatar Airways",EWR‐HKT,30h08m,3,"CLT, MIA, ...",9:05 pm – 4:57 pm +1,"Qatar Airways, American Airlines",HKT‐EWR,30h52m,2,"DOH, ORD",1479,20220406-1047,best
10:25 am – 9:35 am +2,Singapore Airlines,EWR‐HKT,36h10m,1,SIN,6:10 pm – 6:00 am +1,Singapore Airlines,HKT‐EWR,22h50m,1,SIN,1860,20220406-1047,best
12:30 pm – 6:55 am +2,"American Airlines, Qatar Airways",EWR‐HKT,31h25m,2,"MIA, DOH",11:55 pm – 9:07 pm +1,"Qatar Airways, American Airlines",HKT‐EWR,32h12m,2,"DOH, ORD",1476,20220406-1047,best
8:15 am – 9:35 am +2,Singapore Airlines,EWR‐HKT,38h20m,3,"LAX, NRT, ...",6:10 pm – 6:00 am +1,Singapore Airlines,HKT‐EWR,22h50m,1,SIN,1650,20220406-1047,best
10:25 am – 7:20 pm +1,Singapore Airlines,EWR‐HKT,21h55m,1,SIN,6:10 pm – 6:00 am +1,Singapore Airlines,HKT‐EWR,22h50m,1,SIN,1860,20220406-1052,fast
10:25 am – 7:20 pm +1,Singapore Airlines,EWR‐HKT,21h55m,1,SIN,11:40 am – 6:00 am +1,Singapore Airlines,HKT‐EWR,29h20m,1,SIN,1860,20220406-1052,fast
10:25 am – 7:20 pm +1,Singapore Airlines,EWR‐HKT,21h55m,1,SIN,11:40 am – 7:00 am +1,Singapore Airlines,HKT‐EWR,30h20m,2,"SIN, LAX",1801,20220406-1052,fast
10:25 am – 7:20 pm +1,Singapore Airlines,EWR‐HKT,21h55m,1,SIN,11:40 am – 7:00 am +1,Singapore Airlines,HKT‐EWR,30h20m,2,"SIN, SFO",2529,20220406-1052,fast
10:25 am – 7:20 pm +1,Singapore Airlines,EWR‐HKT,21h55m,1,SIN,10:25 am – 6:00 am +1,Singapore Airlines,HKT‐EWR,30h35m,1,SIN,1860,20220406-1052,fast
10:25 am – 7:20 pm +1,Singapore Airlines,EWR‐HKT,21h55m,1,SIN,11:40 am – 8:14 am +1,"Singapore Airlines, JetBlue",HKT‐EWR,31h34m,2,"SIN, LAX",1801,20220406-1052,fast
10:25 am – 7:20 pm +1,Singapore Airlines,EWR‐HKT,21h55m,1,SIN,11:40 am – 8:14 am +1,"Singapore Airlines, JetBlue",HKT‐EWR,31h34m,2,"SIN, LAX",1801,20220406-1052,fast
10:25 am – 7:20 pm +1,Singapore Airlines,EWR‐HKT,21h55m,1,SIN,10:25 am – 7:00 am +1,Singapore Airlines,HKT‐EWR,31h35m,2,"SIN, LAX",1801,20220406-1052,fast
6:05 pm – 6:55 am +2,"British Airways, Qatar Airways",EWR‐HKT,25h50m,2,"LHR, DOH",9:05 pm – 1:50 pm +1,"Qatar Airways, British Airways",HKT‐EWR,27h45m,2,"DOH, LHR",3308,20220406-1052,fast
10:25 am – 7:20 pm +1,Singapore Airlines,EWR‐HKT,21h55m,1,SIN,12:10 am – 9:20 pm,Emirates,HKT‐EWR,32h10m,2,"DXB, ATH",1831,20220406-1052,fast
10:25 am – 7:20 pm +1,Singapore Airlines,EWR‐HKT,21h55m,1,SIN,11:55 pm – 9:07 pm +1,Qatar Airways,HKT‐EWR,32h12m,2,"DOH, ORD",1975,20220406-1052,fast
9:35 pm – 1:15 pm +2,"British Airways, Qatar Airways",EWR‐HKT,28h40m,2,"LHR, DOH",9:05 pm – 1:50 pm +1,"Qatar Airways, British Airways",HKT‐EWR,27h45m,2,"DOH, LHR",3566,20220406-1052,fast
9:35 pm – 1:15 pm +2,"British Airways, Qatar Airways",EWR‐HKT,28h40m,2,"LHR, DOH",9:05 pm – 1:50 pm +1,"Qatar Airways, British Airways",HKT‐EWR,27h45m,2,"DOH, LHR",3566,20220406-1052,fast
6:05 pm – 6:55 am +2,"British Airways, Qatar Airways",EWR‐HKT,25h50m,2,"LHR, DOH",11:55 pm – 7:30 pm +1,"Qatar Airways, British Airways",HKT‐EWR,30h35m,2,"DOH, LHR",3608,20220406-1052,fast
10:25 am – 7:20 pm +1,Singapore Airlines,EWR‐HKT,21h55m,1,SIN,11:55 pm – 11:43 pm +1,Qatar Airways,HKT‐EWR,34h48m,2,"DOH, ORD",1975,20220406-1052,fast
