Out Time,Out Airline,Out Cities,Out Duration,Out Stops,Out Stop Cities,Return Time,Return Airline,Return Cities,Return Duration,Return Stops,Return Stop Cities,Price,timestamp,sort
11:35 am – 10:20 am +2,"ANA, Thai Airways",EWR‐HKT,35h45m,2,"NRT, BKK",12:10 am – 9:20 pm,Emirates,HKT‐EWR,32h10m,2,"DXB, ATH",1427,20220406-1656,cheap
11:35 am – 7:05 pm +2,"ANA, Bangkok Airways",EWR‐HKT,44h30m,2,"NRT, BKK",12:10 am – 9:20 pm,Emirates,HKT‐EWR,32h10m,2,"DXB, ATH",1430,20220406-1656,cheap
11:00 pm – 1:05 pm +2,"TAP AIR PORTUGAL, Thai Airways",EWR‐HKT,27h05m,2,"LIS, FRA",5:25 pm – 5:10 pm +1,"Thai Vietjet Air, ANA",HKT‐EWR,34h45m,2,"BKK, HND",1524,20220406-1656,cheap
11:00 pm – 1:05 pm +2,"TAP AIR PORTUGAL, Thai Airways",EWR‐HKT,27h05m,2,"LIS, FRA",5:25 pm – 5:10 pm +1,"Thai AirAsia, ANA",HKT‐EWR,34h45m,2,"BKK, HND",1531,20220406-1656,cheap
11:00 pm – 1:05 pm +2,"TAP AIR PORTUGAL, Thai Airways",EWR‐HKT,27h05m,2,"LIS, FRA",12:10 am – 9:20 pm,Emirates,HKT‐EWR,32h10m,2,"DXB, ATH",1672,20220406-1656,cheap
11:00 pm – 1:05 pm +2,"TAP AIR PORTUGAL, Thai Airways",EWR‐HKT,27h05m,2,"LIS, FRA",10:00 pm – 9:20 pm +1,"Thai Vietjet Air, Emirates",HKT‐EWR,34h20m,2,"BKK, DXB",1723,20220406-1656,cheap
11:00 pm – 1:05 pm +2,"TAP AIR PORTUGAL, Thai Airways",EWR‐HKT,27h05m,2,"LIS, FRA",10:00 pm – 7:30 pm +1,"Thai Vietjet Air, Ethiopian Air",HKT‐EWR,32h30m,2,"BKK, ADD",1734,20220406-1656,cheap
11:00 pm – 1:05 pm +2,"TAP AIR PORTUGAL, Thai Airways",EWR‐HKT,27h05m,2,"LIS, FRA",9:15 pm – 7:30 pm +1,"Thai Airways, Ethiopian Air",HKT‐EWR,33h15m,2,"BKK, ADD",1743,20220406-1656,cheap
11:00 pm – 1:05 pm +2,"TAP AIR PORTUGAL, Thai Airways",EWR‐HKT,27h05m,2,"LIS, FRA",7:40 pm – 7:30 pm +1,"Thai Airways, Ethiopian Air",HKT‐EWR,34h50m,2,"BKK, ADD",1743,20220406-1656,cheap
11:00 pm – 1:05 pm +2,"TAP AIR PORTUGAL, Thai Airways",EWR‐HKT,27h05m,2,"LIS, FRA",8:00 pm – 7:30 pm +1,"Thai Vietjet Air, Ethiopian Air",HKT‐EWR,34h30m,2,"BKK, ADD",1760,20220406-1656,cheap
9:50 pm – 10:20 am +2,"SWISS, Thai Airways",EWR‐HKT,25h30m,2,"ZRH, BKK",8:15 am – 1:55 pm +1,"THAI Smile, Austrian Airlines",HKT‐EWR,40h40m,2,"BKK, VIE",1830,20220406-1656,cheap
11:35 am – 10:20 am +2,"ANA, Thai Airways",EWR‐HKT,35h45m,2,"NRT, BKK",9:05 pm – 7:11 pm +1,Qatar Airways,HKT‐EWR,33h06m,2,"DOH, ORD",1830,20220406-1656,cheap
9:50 pm – 10:20 am +2,"SWISS, Thai Airways",EWR‐HKT,25h30m,2,"ZRH, BKK",10:15 am – 8:10 pm +1,"THAI Smile, SWISS",HKT‐EWR,44h55m,2,"BKK, ZRH",1831,20220406-1656,cheap
9:50 pm – 10:20 am +2,"SWISS, Thai Airways",EWR‐HKT,25h30m,2,"ZRH, BKK",5:05 pm – 12:25 pm +1,"THAI Smile, Lufthansa",HKT‐EWR,30h20m,2,"BKK, MUC",1843,20220406-1656,cheap
9:50 pm – 10:20 am +2,"SWISS, Thai Airways",EWR‐HKT,25h30m,2,"ZRH, BKK",4:05 pm – 12:25 pm +1,"THAI Smile, Lufthansa",HKT‐EWR,31h20m,2,"BKK, MUC",1843,20220406-1656,cheap
11:55 pm – 12:30 pm +2,Emirates,EWR‐HKT,25h35m,2,"ATH, DXB",12:10 am – 9:20 pm,Emirates,HKT‐EWR,32h10m,2,"DXB, ATH",2004,20220406-1654,best
10:25 am – 7:20 pm +1,Singapore Airlines,EWR‐HKT,21h55m,1,SIN,6:10 pm – 6:00 am +1,Singapore Airlines,HKT‐EWR,22h50m,1,SIN,2093,20220406-1654,best
11:35 am – 10:20 am +2,"ANA, Thai Airways",EWR‐HKT,35h45m,2,"NRT, BKK",12:10 am – 9:20 pm,Emirates,HKT‐EWR,32h10m,2,"DXB, ATH",1427,20220406-1654,best
10:25 am – 7:20 pm +1,Singapore Airlines,EWR‐HKT,21h55m,1,SIN,11:40 am – 6:00 am +1,Singapore Airlines,HKT‐EWR,29h20m,1,SIN,2072,20220406-1654,best
10:25 am – 7:20 pm +1,Singapore Airlines,EWR‐HKT,21h55m,1,SIN,10:25 am – 6:00 am +1,Singapore Airlines,HKT‐EWR,30h35m,1,SIN,2072,20220406-1654,best
9:50 pm – 10:20 am +2,"SWISS, Thai Airways",EWR‐HKT,25h30m,2,"ZRH, BKK",5:05 pm – 12:25 pm +1,"THAI Smile, Lufthansa",HKT‐EWR,30h20m,2,"BKK, MUC",1843,20220406-1654,best
9:50 pm – 10:20 am +2,"SWISS, Thai Airways",EWR‐HKT,25h30m,2,"ZRH, BKK",4:05 pm – 12:25 pm +1,"THAI Smile, Lufthansa",HKT‐EWR,31h20m,2,"BKK, MUC",1843,20220406-1654,best
10:25 am – 7:20 pm +1,Singapore Airlines,EWR‐HKT,21h55m,1,SIN,11:40 am – 6:59 am +1,Singapore Airlines,HKT‐EWR,30h19m,2,"SIN, SFO",2341,20220406-1654,best
10:25 am – 9:35 am +2,Singapore Airlines,EWR‐HKT,36h10m,1,SIN,6:10 pm – 6:00 am +1,Singapore Airlines,HKT‐EWR,22h50m,1,SIN,2093,20220406-1654,best
10:25 am – 7:20 pm +1,Singapore Airlines,EWR‐HKT,21h55m,1,SIN,10:25 am – 6:59 am +1,Singapore Airlines,HKT‐EWR,31h34m,2,"SIN, SFO",2341,20220406-1654,best
10:25 am – 10:50 am +2,Singapore Airlines,EWR‐HKT,37h25m,1,SIN,6:10 pm – 6:00 am +1,Singapore Airlines,HKT‐EWR,22h50m,1,SIN,2072,20220406-1654,best
7:30 pm – 9:35 am +2,"Lufthansa, Singapore Airlines",EWR‐HKT,27h05m,2,"FRA, SIN",7:40 pm – 12:25 pm +1,"THAI Smile, Lufthansa",HKT‐EWR,27h45m,2,"BKK, MUC",2186,20220406-1654,best
10:25 am – 7:20 pm +1,Singapore Airlines,EWR‐HKT,21h55m,1,SIN,12:10 am – 9:20 pm,Emirates,HKT‐EWR,32h10m,2,"DXB, ATH",2262,20220406-1654,best
9:50 pm – 10:20 am +2,"SWISS, Thai Airways",EWR‐HKT,25h30m,2,"ZRH, BKK",1:00 pm – 12:25 pm +1,"THAI Smile, Lufthansa",HKT‐EWR,34h25m,2,"BKK, MUC",1843,20220406-1654,best
7:30 pm – 10:50 am +2,"Lufthansa, Singapore Airlines",EWR‐HKT,28h20m,2,"FRA, SIN",7:40 pm – 12:25 pm +1,"THAI Smile, Lufthansa",HKT‐EWR,27h45m,2,"BKK, MUC",2186,20220406-1654,best
11:55 pm – 12:30 pm +2,Emirates,EWR‐HKT,25h35m,2,"ATH, DXB",12:10 am – 9:20 pm,Emirates,HKT‐EWR,32h10m,2,"DXB, ATH",1946,20220406-1654,best
10:25 am – 7:20 pm +1,Singapore Airlines,EWR‐HKT,21h55m,1,SIN,6:10 pm – 6:00 am +1,Singapore Airlines,HKT‐EWR,22h50m,1,SIN,2093,20220406-1659,fast
10:25 am – 7:20 pm +1,Singapore Airlines,EWR‐HKT,21h55m,1,SIN,11:40 am – 6:00 am +1,Singapore Airlines,HKT‐EWR,29h20m,1,SIN,2072,20220406-1659,fast
10:00 pm – 9:35 am +2,"Lufthansa, Singapore Airlines",EWR‐HKT,24h35m,2,"LHR, SIN",7:50 pm – 12:25 pm +1,"Scoot, Lufthansa",HKT‐EWR,27h35m,2,"SIN, MUC",5272,20220406-1659,fast
10:25 am – 7:20 pm +1,Singapore Airlines,EWR‐HKT,21h55m,1,SIN,11:40 am – 6:59 am +1,Singapore Airlines,HKT‐EWR,30h19m,2,"SIN, SFO",2341,20220406-1659,fast
10:25 am – 7:20 pm +1,Singapore Airlines,EWR‐HKT,21h55m,1,SIN,10:25 am – 6:00 am +1,Singapore Airlines,HKT‐EWR,30h35m,1,SIN,2072,20220406-1659,fast
10:00 pm – 10:20 am +2,"Lufthansa, Thai Airways",EWR‐HKT,25h20m,2,"LHR, BKK",7:50 pm – 12:25 pm +1,"Scoot, Lufthansa",HKT‐EWR,27h35m,2,"SIN, MUC",5338,20220406-1659,fast
9:55 pm – 10:20 am +2,"Lufthansa, Thai Airways",EWR‐HKT,25h25m,2,"FRA, BKK",7:50 pm – 12:25 pm +1,"Scoot, Lufthansa",HKT‐EWR,27h35m,2,"SIN, MUC",5318,20220406-1659,fast
10:00 pm – 10:50 am +2,"Lufthansa, Singapore Airlines",EWR‐HKT,25h50m,2,"LHR, SIN",7:50 pm – 12:25 pm +1,"Scoot, Lufthansa",HKT‐EWR,27h35m,2,"SIN, MUC",5272,20220406-1659,fast
10:25 am – 7:20 pm +1,Singapore Airlines,EWR‐HKT,21h55m,1,SIN,10:25 am – 6:59 am +1,Singapore Airlines,HKT‐EWR,31h34m,2,"SIN, SFO",2341,20220406-1659,fast
10:25 am – 7:20 pm +1,Singapore Airlines,EWR‐HKT,21h55m,1,SIN,12:10 am – 9:20 pm,Emirates,HKT‐EWR,32h10m,2,"DXB, ATH",2262,20220406-1659,fast
10:00 pm – 11:30 am +2,Multiple Airlines,EWR‐HKT,26h30m,2,"LHR, SIN",7:50 pm – 12:25 pm +1,"Scoot, Lufthansa",HKT‐EWR,27h35m,2,"SIN, MUC",5284,20220406-1659,fast
7:30 pm – 9:35 am +2,"Lufthansa, Singapore Airlines",EWR‐HKT,27h05m,2,"FRA, SIN",8:10 pm – 12:25 pm +1,"Singapore Airlines, Lufthansa",HKT‐EWR,27h15m,2,"SIN, MUC",2528,20220406-1659,fast
6:45 pm – 1:15 pm +2,"JetBlue, Qatar Airways",EWR‐HKT,31h30m,2,"BOS, DOH",6:10 pm – 6:00 am +1,Singapore Airlines,HKT‐EWR,22h50m,1,SIN,3419,20220406-1659,fast
9:50 pm – 10:20 am +2,"SWISS, Thai Airways",EWR‐HKT,25h30m,2,"ZRH, BKK",6:10 pm – 12:25 pm +1,"Singapore Airlines, Lufthansa",HKT‐EWR,29h15m,2,"SIN, MUC",2379,20220406-1659,fast
7:30 pm – 9:35 am +2,"Lufthansa, Singapore Airlines",EWR‐HKT,27h05m,2,"FRA, SIN",7:40 pm – 12:25 pm +1,"THAI Smile, Lufthansa",HKT‐EWR,27h45m,2,"BKK, MUC",2186,20220406-1659,fast
