Out Time,Out Airline,Out Cities,Out Duration,Out Stops,Out Stop Cities,Return Time,Return Airline,Return Cities,Return Duration,Return Stops,Return Stop Cities,Price,timestamp,sort
8:29 pm – 5:10 pm +3,"Alaska Airlines, Singapore Airlines",EWR‐HKT,57h41m,3,"LAX, NRT, ...",10:25 am – 7:00 am +1,"Singapore Airlines, Alaska Airlines",HKT‐EWR,31h35m,2,"SIN, LAX",1190,20220406-0901,cheap
11:55 pm – 12:30 pm +2,Emirates,EWR‐HKT,25h35m,2,"ATH, DXB",9:45 pm – 9:20 pm +1,Emirates,HKT‐EWR,34h35m,2,"DXB, ATH",1455,20220406-0901,cheap
11:55 pm – 8:00 pm +2,Emirates,EWR‐HKT,33h05m,2,"ATH, DXB",9:45 pm – 9:20 pm +1,Emirates,HKT‐EWR,34h35m,2,"DXB, ATH",1455,20220406-0901,cheap
11:55 pm – 7:05 pm +2,"Emirates, Bangkok Airways",EWR‐HKT,32h10m,3,"ATH, DXB, ...",9:45 pm – 9:20 pm +1,Emirates,HKT‐EWR,34h35m,2,"DXB, ATH",1495,20220406-0901,cheap
5:20 pm – 7:05 am +2,"SAS, Thai Airways",EWR‐HKT,26h45m,1,ARN,2:40 pm – 10:00 pm +1,"Thai Airways, Air Caraïbes",HKT‐EWR,42h20m,2,"BKK, CDG-ORY",1668,20220406-0901,cheap
5:20 pm – 7:05 am +2,"SAS, Thai Airways",EWR‐HKT,26h45m,1,ARN,8:00 pm – 10:00 pm +1,Multiple Airlines,HKT‐EWR,37h00m,2,"BKK, CDG-ORY",1689,20220406-0901,cheap
8:45 pm – 10:35 am +2,"Lufthansa, Thai Airways",EWR‐HKT,26h50m,2,"MUC, BKK",9:15 pm – 6:55 pm +1,"Thai Airways, Lufthansa",HKT‐EWR,32h40m,2,"BKK, MUC",1690,20220406-0901,cheap
8:45 pm – 11:00 am +2,"Lufthansa, Thai Airways",EWR‐HKT,27h15m,2,"MUC, BKK",9:15 pm – 6:55 pm +1,"Thai Airways, Lufthansa",HKT‐EWR,32h40m,2,"BKK, MUC",1690,20220406-0901,cheap
8:45 pm – 3:25 pm +2,"Lufthansa, Thai Airways",EWR‐HKT,31h40m,2,"MUC, BKK",9:15 pm – 6:55 pm +1,"Thai Airways, Lufthansa",HKT‐EWR,32h40m,2,"BKK, MUC",1690,20220406-0901,cheap
8:45 pm – 4:25 pm +2,"Lufthansa, Thai Airways",EWR‐HKT,32h40m,2,"MUC, BKK",9:15 pm – 6:55 pm +1,"Thai Airways, Lufthansa",HKT‐EWR,32h40m,2,"BKK, MUC",1690,20220406-0901,cheap
5:20 pm – 7:05 am +2,"SAS, Thai Airways",EWR‐HKT,26h45m,1,ARN,9:45 pm – 9:20 pm +1,Emirates,HKT‐EWR,34h35m,2,"DXB, ATH",1744,20220406-0901,cheap
11:55 pm – 12:30 pm +2,Emirates,EWR‐HKT,25h35m,2,"ATH, DXB",12:10 am – 9:20 pm,Emirates,HKT‐EWR,32h10m,2,"DXB, ATH",1752,20220406-0901,cheap
1:46 pm – 7:20 am +2,Qatar Airways,EWR‐HKT,30h34m,2,"ORD, DOH",9:45 pm – 9:20 pm +1,Emirates,HKT‐EWR,34h35m,2,"DXB, ATH",1778,20220406-0901,cheap
11:55 pm – 7:05 pm +2,"Emirates, Bangkok Airways",EWR‐HKT,32h10m,3,"ATH, DXB, ...",12:10 am – 9:20 pm,Emirates,HKT‐EWR,32h10m,2,"DXB, ATH",1788,20220406-0901,cheap
1:46 pm – 7:20 am +2,Qatar Airways,EWR‐HKT,30h34m,2,"ORD, DOH",9:05 pm – 9:07 pm +1,Qatar Airways,HKT‐EWR,35h02m,2,"DOH, ORD",1797,20220406-0901,cheap
11:55 pm – 12:30 pm +2,Emirates,EWR‐HKT,25h35m,2,"ATH, DXB",9:45 pm – 9:20 pm +1,Emirates,HKT‐EWR,34h35m,2,"DXB, ATH",1487,20220406-0858,best
11:55 pm – 12:30 pm +2,Emirates,EWR‐HKT,25h35m,2,"ATH, DXB",9:45 pm – 9:20 pm +1,Emirates,HKT‐EWR,34h35m,2,"DXB, ATH",1455,20220406-0858,best
11:55 pm – 12:30 pm +2,Emirates,EWR‐HKT,25h35m,2,"ATH, DXB",12:10 am – 9:20 pm,Emirates,HKT‐EWR,32h10m,2,"DXB, ATH",1752,20220406-0858,best
11:55 pm – 8:00 pm +2,Emirates,EWR‐HKT,33h05m,2,"ATH, DXB",9:45 pm – 9:20 pm +1,Emirates,HKT‐EWR,34h35m,2,"DXB, ATH",1455,20220406-0858,best
11:55 pm – 7:05 pm +2,"Emirates, Bangkok Airways",EWR‐HKT,32h10m,3,"ATH, DXB, ...",9:45 pm – 9:20 pm +1,Emirates,HKT‐EWR,34h35m,2,"DXB, ATH",1495,20220406-0858,best
1:46 pm – 7:20 am +2,Qatar Airways,EWR‐HKT,30h34m,2,"ORD, DOH",9:45 pm – 9:20 pm +1,Emirates,HKT‐EWR,34h35m,2,"DXB, ATH",1778,20220406-0858,best
1:46 pm – 7:20 am +2,Qatar Airways,EWR‐HKT,30h34m,2,"ORD, DOH",9:05 pm – 9:07 pm +1,Qatar Airways,HKT‐EWR,35h02m,2,"DOH, ORD",1797,20220406-0858,best
1:46 pm – 7:20 am +2,Qatar Airways,EWR‐HKT,30h34m,2,"ORD, DOH",12:10 am – 9:20 pm,Emirates,HKT‐EWR,32h10m,2,"DXB, ATH",1956,20220406-0858,best
10:25 am – 7:20 pm +1,Singapore Airlines,EWR‐HKT,21h55m,1,SIN,10:25 am – 6:00 am +1,Singapore Airlines,HKT‐EWR,30h35m,1,SIN,2521,20220406-0858,best
1:46 pm – 7:20 am +2,Qatar Airways,EWR‐HKT,30h34m,2,"ORD, DOH",9:05 pm – 11:43 pm +1,Qatar Airways,HKT‐EWR,37h38m,2,"DOH, ORD",1797,20220406-0858,best
5:40 pm – 7:05 pm +2,"Austrian Airlines, Bangkok Airways",EWR‐HKT,38h25m,2,"VIE, BKK",7:10 pm – 1:55 pm +1,Austrian Airlines,HKT‐EWR,29h45m,2,"BKK, VIE",1909,20220406-0858,best
11:55 pm – 7:05 pm +2,"Emirates, Bangkok Airways",EWR‐HKT,32h10m,3,"ATH, DXB, ...",12:10 am – 9:20 pm,Emirates,HKT‐EWR,32h10m,2,"DXB, ATH",1788,20220406-0858,best
8:45 pm – 10:35 am +2,"Lufthansa, Thai Airways",EWR‐HKT,26h50m,2,"MUC, BKK",9:15 pm – 6:55 pm +1,"Thai Airways, Lufthansa",HKT‐EWR,32h40m,2,"BKK, MUC",1690,20220406-0858,best
11:55 pm – 12:30 pm +2,Emirates,EWR‐HKT,25h35m,2,"ATH, DXB",10:25 am – 7:00 am +1,Singapore Airlines,HKT‐EWR,31h35m,2,"SIN, LAX",2268,20220406-0858,best
8:45 pm – 11:00 am +2,"Lufthansa, Thai Airways",EWR‐HKT,27h15m,2,"MUC, BKK",9:15 pm – 6:55 pm +1,"Thai Airways, Lufthansa",HKT‐EWR,32h40m,2,"BKK, MUC",1690,20220406-0858,best
5:20 pm – 7:05 am +2,"SAS, Thai Airways",EWR‐HKT,26h45m,1,ARN,9:45 pm – 9:20 pm +1,Emirates,HKT‐EWR,34h35m,2,"DXB, ATH",1744,20220406-0858,best
7:35 pm – 7:05 am +2,"Lufthansa, Thai Airways",EWR‐HKT,24h30m,2,"FRA, ARN",7:50 pm – 12:45 pm +1,"Scoot, Lufthansa",HKT‐EWR,27h55m,2,"SIN, MUC",5827,20220406-0903,fast
10:25 am – 7:20 pm +1,Singapore Airlines,EWR‐HKT,21h55m,1,SIN,10:25 am – 6:00 am +1,Singapore Airlines,HKT‐EWR,30h35m,1,SIN,2521,20220406-0903,fast
11:00 pm – 12:30 pm +2,"Lufthansa, Emirates",EWR‐HKT,26h30m,2,"LHR-LGW, DXB",9:45 pm – 12:50 pm +1,"Emirates, Lufthansa",HKT‐EWR,26h05m,2,"DXB, LHR",8226,20220406-0903,fast
6:05 pm – 7:20 am +2,"British Airways, Qatar Airways",EWR‐HKT,26h15m,2,"LHR, DOH",9:05 pm – 1:50 pm +1,"Qatar Airways, British Airways",HKT‐EWR,27h45m,2,"DOH, LHR",3308,20220406-0903,fast
7:35 pm – 7:05 am +2,"Lufthansa, Thai Airways",EWR‐HKT,24h30m,2,"FRA, ARN",7:10 pm – 1:55 pm +1,Austrian Airlines,HKT‐EWR,29h45m,2,"BKK, VIE",5024,20220406-0903,fast
9:00 pm – 12:30 pm +2,"Lufthansa, Emirates",EWR‐HKT,28h30m,2,"LHR-LGW, DXB",9:45 pm – 12:50 pm +1,"Emirates, Lufthansa",HKT‐EWR,26h05m,2,"DXB, LHR",8226,20220406-0903,fast
9:50 pm – 10:40 am +2,"SWISS, Thai Airways",EWR‐HKT,25h50m,2,"ZRH, BKK",7:10 pm – 1:10 pm +1,Multiple Airlines,HKT‐EWR,29h00m,2,"BKK, ZRH",8021,20220406-0903,fast
11:00 pm – 12:30 pm +2,"Lufthansa, Emirates",EWR‐HKT,26h30m,2,"LHR-LGW, DXB",9:45 pm – 3:05 pm +1,"Emirates, Lufthansa",HKT‐EWR,28h20m,2,"DXB, LHR",8226,20220406-0903,fast
11:00 pm – 10:40 am +2,"Lufthansa, Thai Airways",EWR‐HKT,24h40m,2,"LHR, BKK",11:40 am – 7:00 am +1,Singapore Airlines,HKT‐EWR,30h20m,2,"SIN, LAX",6140,20220406-0903,fast
8:20 pm – 12:30 pm +2,"Lufthansa, Emirates",EWR‐HKT,29h10m,2,"LHR-LGW, DXB",9:45 pm – 12:50 pm +1,"Emirates, Lufthansa",HKT‐EWR,26h05m,2,"DXB, LHR",8226,20220406-0903,fast
11:00 pm – 10:40 am +2,"Lufthansa, Thai Airways",EWR‐HKT,24h40m,2,"LHR, BKK",9:05 pm – 4:57 pm +1,"Qatar Airways, American Airlines",HKT‐EWR,30h52m,2,"DOH, ORD",5060,20220406-0903,fast
7:35 pm – 7:05 am +2,"Lufthansa, Thai Airways",EWR‐HKT,24h30m,2,"FRA, ARN",5:05 pm – 1:55 pm +1,"THAI Smile, Austrian Airlines",HKT‐EWR,31h50m,2,"BKK, VIE",7123,20220406-0903,fast
8:30 am – 8:00 pm +1,"Lufthansa, Emirates",EWR‐HKT,24h30m,2,"LHR, DXB",5:05 pm – 1:55 pm +1,"THAI Smile, Austrian Airlines",HKT‐EWR,31h50m,2,"BKK, VIE",7299,20220406-0903,fast
9:35 pm – 1:15 pm +2,"British Airways, Qatar Airways",EWR‐HKT,28h40m,2,"LHR, DOH",9:05 pm – 1:50 pm +1,"Qatar Airways, British Airways",HKT‐EWR,27h45m,2,"DOH, LHR",4171,20220406-0903,fast
9:35 pm – 1:15 pm +2,"British Airways, Qatar Airways",EWR‐HKT,28h40m,2,"LHR, DOH",9:05 pm – 1:50 pm +1,"Qatar Airways, British Airways",HKT‐EWR,27h45m,2,"DOH, LHR",4598,20220406-0903,fast
