Out Time,Out Airline,Out Cities,Out Duration,Out Stops,Out Stop Cities,Return Time,Return Airline,Return Cities,Return Duration,Return Stops,Return Stop Cities,Price,timestamp,sort
6:05 pm – 3:05 pm +2,Multiple Airlines,EWR‐HKT,34h00m,3,"FRA, LIN, ...",5:05 pm – 5:10 pm +1,"Thai Airways, ANA",HKT‐EWR,35h05m,2,"BKK, HND",1686,20220406-1749,cheap
6:05 pm – 3:05 pm +2,Multiple Airlines,EWR‐HKT,34h00m,3,"FRA, LIN, ...",5:05 pm – 5:10 pm +1,"Thai Airways, ANA",HKT‐EWR,35h05m,2,"BKK, HND",1767,20220406-1749,cheap
6:05 pm – 3:05 pm +2,Multiple Airlines,EWR‐HKT,34h00m,3,"FRA, LIN, ...",12:10 am – 9:20 pm,Emirates,HKT‐EWR,32h10m,2,"DXB, ATH",1827,20220406-1749,cheap
5:20 pm – 1:15 pm +2,"SAS, Qatar Airways",EWR‐HKT,32h55m,2,"ARN, DOH",4:05 pm – 2:55 pm +1,"Thai Airways, SAS",HKT‐EWR,33h50m,2,"BKK, CPH",1833,20220406-1749,cheap
5:20 pm – 1:15 pm +2,"SAS, Qatar Airways",EWR‐HKT,32h55m,2,"ARN, DOH",5:05 pm – 2:55 pm +1,"Thai Airways, SAS",HKT‐EWR,32h50m,2,"BKK, CPH",1836,20220406-1749,cheap
7:00 pm – 3:05 pm +2,"Austrian Airlines, Thai Airways",EWR‐HKT,33h05m,1,LHR,2:40 pm – 3:10 pm +1,"Thai Airways, Lufthansa",HKT‐EWR,35h30m,2,"BKK, LHR",1876,20220406-1749,cheap
8:55 pm – 1:15 pm +2,"Lufthansa, Qatar Airways",EWR‐HKT,29h20m,3,"MUC, BUD, ...",5:05 pm – 5:10 pm +1,"Thai Airways, ANA",HKT‐EWR,35h05m,2,"BKK, HND",1883,20220406-1749,cheap
6:05 pm – 3:05 pm +2,Multiple Airlines,EWR‐HKT,34h00m,3,"FRA, LIN, ...",12:10 am – 9:20 pm,Emirates,HKT‐EWR,32h10m,2,"DXB, ATH",1908,20220406-1749,cheap
10:25 am – 7:20 pm +1,Singapore Airlines,EWR‐HKT,21h55m,1,SIN,8:10 pm – 7:10 am +2,Singapore Airlines,HKT‐EWR,46h00m,3,"SIN, NRT, ...",1913,20220406-1749,cheap
10:25 am – 7:20 pm +1,Singapore Airlines,EWR‐HKT,21h55m,1,SIN,6:10 pm – 7:10 am +2,Singapore Airlines,HKT‐EWR,48h00m,3,"SIN, NRT, ...",1913,20220406-1749,cheap
5:40 pm – 6:20 pm +2,Austrian Airlines,EWR‐HKT,37h40m,2,"VIE, BKK",7:10 pm – 1:55 pm +1,Austrian Airlines,HKT‐EWR,29h45m,2,"BKK, VIE",1931,20220406-1749,cheap
11:55 pm – 12:30 pm +2,Emirates,EWR‐HKT,25h35m,2,"ATH, DXB",12:10 am – 9:20 pm,Emirates,HKT‐EWR,32h10m,2,"DXB, ATH",2033,20220406-1749,cheap
8:55 pm – 6:20 pm +2,"Lufthansa, Bangkok Airways",EWR‐HKT,34h25m,2,"MUC, BKK",7:10 pm – 1:55 pm +1,Austrian Airlines,HKT‐EWR,29h45m,2,"BKK, VIE",2036,20220406-1749,cheap
10:25 am – 7:20 pm +1,Singapore Airlines,EWR‐HKT,21h55m,1,SIN,11:40 am – 7:10 am +1,Singapore Airlines,HKT‐EWR,30h30m,2,"SIN, LAX",2064,20220406-1749,cheap
10:25 am – 9:35 am +2,Singapore Airlines,EWR‐HKT,36h10m,1,SIN,11:40 am – 7:10 am +1,Singapore Airlines,HKT‐EWR,30h30m,2,"SIN, LAX",2064,20220406-1749,cheap
5:40 pm – 6:20 pm +2,Austrian Airlines,EWR‐HKT,37h40m,2,"VIE, BKK",7:10 pm – 1:55 pm +1,Austrian Airlines,HKT‐EWR,29h45m,2,"BKK, VIE",1952,20220406-1746,best
10:25 am – 7:20 pm +1,Singapore Airlines,EWR‐HKT,21h55m,1,SIN,6:10 pm – 6:00 am +1,Singapore Airlines,HKT‐EWR,22h50m,1,SIN,2252,20220406-1746,best
10:25 am – 7:20 pm +1,Singapore Airlines,EWR‐HKT,21h55m,1,SIN,11:40 am – 7:10 am +1,Singapore Airlines,HKT‐EWR,30h30m,2,"SIN, LAX",2064,20220406-1746,best
10:25 am – 7:20 pm +1,Singapore Airlines,EWR‐HKT,21h55m,1,SIN,11:40 am – 6:00 am +1,Singapore Airlines,HKT‐EWR,29h20m,1,SIN,2252,20220406-1746,best
10:25 am – 7:20 pm +1,Singapore Airlines,EWR‐HKT,21h55m,1,SIN,10:25 am – 6:00 am +1,Singapore Airlines,HKT‐EWR,30h35m,1,SIN,2252,20220406-1746,best
10:25 am – 7:20 pm +1,Singapore Airlines,EWR‐HKT,21h55m,1,SIN,12:10 am – 9:20 pm,Emirates,HKT‐EWR,32h10m,2,"DXB, ATH",2197,20220406-1746,best
10:25 am – 9:35 am +2,Singapore Airlines,EWR‐HKT,36h10m,1,SIN,6:10 pm – 6:00 am +1,Singapore Airlines,HKT‐EWR,22h50m,1,SIN,2252,20220406-1746,best
10:25 am – 7:20 pm +1,Singapore Airlines,EWR‐HKT,21h55m,1,SIN,11:40 am – 6:59 am +1,Singapore Airlines,HKT‐EWR,30h19m,2,"SIN, SFO",2579,20220406-1746,best
10:25 am – 10:50 am +2,Singapore Airlines,EWR‐HKT,37h25m,1,SIN,6:10 pm – 6:00 am +1,Singapore Airlines,HKT‐EWR,22h50m,1,SIN,2252,20220406-1746,best
11:55 pm – 12:30 pm +2,Emirates,EWR‐HKT,25h35m,2,"ATH, DXB",12:10 am – 9:20 pm,Emirates,HKT‐EWR,32h10m,2,"DXB, ATH",2033,20220406-1746,best
7:30 pm – 9:35 am +2,"Lufthansa, Singapore Airlines",EWR‐HKT,27h05m,2,"FRA, SIN",7:10 pm – 1:55 pm +1,Austrian Airlines,HKT‐EWR,29h45m,2,"BKK, VIE",2438,20220406-1746,best
8:55 pm – 6:20 pm +2,"Lufthansa, Bangkok Airways",EWR‐HKT,34h25m,2,"MUC, BKK",7:10 pm – 1:55 pm +1,Austrian Airlines,HKT‐EWR,29h45m,2,"BKK, VIE",2036,20220406-1746,best
9:50 pm – 10:40 am +2,"SWISS, Thai Airways",EWR‐HKT,25h50m,2,"ZRH, BKK",8:10 pm – 1:50 pm +1,"Singapore Airlines, Lufthansa",HKT‐EWR,28h40m,2,"SIN, FRA",2520,20220406-1746,best
6:45 pm – 12:30 pm +2,Emirates,EWR‐HKT,30h45m,2,"BOS, DXB",12:10 am – 9:20 pm,Emirates,HKT‐EWR,32h10m,2,"DXB, ATH",2072,20220406-1746,best
10:25 am – 9:35 am +2,Singapore Airlines,EWR‐HKT,36h10m,1,SIN,11:40 am – 7:10 am +1,Singapore Airlines,HKT‐EWR,30h30m,2,"SIN, LAX",2064,20220406-1746,best
5:40 pm – 6:20 pm +2,Austrian Airlines,EWR‐HKT,37h40m,2,"VIE, BKK",7:10 pm – 1:55 pm +1,Austrian Airlines,HKT‐EWR,29h45m,2,"BKK, VIE",1931,20220406-1746,best
10:25 am – 7:20 pm +1,Singapore Airlines,EWR‐HKT,21h55m,1,SIN,6:10 pm – 6:00 am +1,Singapore Airlines,HKT‐EWR,22h50m,1,SIN,2252,20220406-1752,fast
6:45 pm – 6:55 am +2,"JetBlue, Qatar Airways",EWR‐HKT,25h10m,2,"BOS, DOH",6:10 pm – 6:00 am +1,Singapore Airlines,HKT‐EWR,22h50m,1,SIN,3249,20220406-1752,fast
9:50 pm – 10:40 am +2,"SWISS, Thai Airways",EWR‐HKT,25h50m,2,"ZRH, BKK",6:10 pm – 6:00 am +1,Singapore Airlines,HKT‐EWR,22h50m,1,SIN,3478,20220406-1752,fast
4:26 pm – 6:55 am +2,"JetBlue, Qatar Airways",EWR‐HKT,27h29m,2,"BOS, DOH",6:10 pm – 6:00 am +1,Singapore Airlines,HKT‐EWR,22h50m,1,SIN,3249,20220406-1752,fast
10:25 am – 7:20 pm +1,Singapore Airlines,EWR‐HKT,21h55m,1,SIN,11:40 am – 6:00 am +1,Singapore Airlines,HKT‐EWR,29h20m,1,SIN,2252,20220406-1752,fast
9:35 pm – 1:15 pm +2,"British Airways, Qatar Airways",EWR‐HKT,28h40m,2,"LHR, DOH",6:10 pm – 6:00 am +1,Singapore Airlines,HKT‐EWR,22h50m,1,SIN,3452,20220406-1752,fast
9:50 pm – 9:30 am +2,"SWISS, Bangkok Airways",EWR‐HKT,24h40m,2,"ZRH, BKK",9:20 pm – 1:10 pm +1,Multiple Airlines,HKT‐EWR,26h50m,2,"SIN, ZRH",5214,20220406-1752,fast
10:25 am – 7:20 pm +1,Singapore Airlines,EWR‐HKT,21h55m,1,SIN,11:40 am – 6:59 am +1,Singapore Airlines,HKT‐EWR,30h19m,2,"SIN, SFO",2579,20220406-1752,fast
9:50 pm – 9:30 am +2,"SWISS, Bangkok Airways",EWR‐HKT,24h40m,2,"ZRH, BKK",7:50 pm – 12:25 pm +1,"Scoot, Lufthansa",HKT‐EWR,27h35m,2,"SIN, MUC",2537,20220406-1752,fast
10:25 am – 7:20 pm +1,Singapore Airlines,EWR‐HKT,21h55m,1,SIN,11:40 am – 7:10 am +1,Singapore Airlines,HKT‐EWR,30h30m,2,"SIN, LAX",2064,20220406-1752,fast
10:25 am – 7:20 pm +1,Singapore Airlines,EWR‐HKT,21h55m,1,SIN,10:25 am – 6:00 am +1,Singapore Airlines,HKT‐EWR,30h35m,1,SIN,2252,20220406-1752,fast
1:55 pm – 6:55 am +2,"American Airlines, Qatar Airways",EWR‐HKT,30h00m,2,"ORD, DOH",6:10 pm – 6:00 am +1,Singapore Airlines,HKT‐EWR,22h50m,1,SIN,2744,20220406-1752,fast
7:00 am – 12:10 am +2,"United Airlines, Asiana Airlines",EWR‐HKT,30h10m,2,"LAX, ICN",6:10 pm – 6:00 am +1,Singapore Airlines,HKT‐EWR,22h50m,1,SIN,3188,20220406-1752,fast
7:45 pm – 1:15 pm +2,Qatar Airways,EWR‐HKT,30h30m,2,"ORD, DOH",6:10 pm – 6:00 am +1,Singapore Airlines,HKT‐EWR,22h50m,1,SIN,2725,20220406-1752,fast
6:00 am – 12:10 am +2,"United Airlines, Asiana Airlines",EWR‐HKT,31h10m,2,"LAX, ICN",6:10 pm – 6:00 am +1,Singapore Airlines,HKT‐EWR,22h50m,1,SIN,3188,20220406-1752,fast
