Out Time,Out Airline,Out Cities,Out Duration,Out Stops,Out Stop Cities,Return Time,Return Airline,Return Cities,Return Duration,Return Stops,Return Stop Cities,Price,timestamp,sort
11:35 am – 9:30 am +2,"ANA, Bangkok Airways",EWR‐HKT,34h55m,2,"NRT, BKK",2:40 pm – 5:10 pm +1,"Bangkok Airways, ANA",HKT‐EWR,37h30m,2,"BKK, HND",1305,20220406-1819,cheap
11:35 am – 9:30 am +2,"ANA, Bangkok Airways",EWR‐HKT,34h55m,2,"NRT, BKK",12:10 am – 9:20 pm,Emirates,HKT‐EWR,32h10m,2,"DXB, ATH",1396,20220406-1819,cheap
11:35 am – 1:50 pm +2,"ANA, Bangkok Airways",EWR‐HKT,39h15m,2,"NRT, BKK",12:10 am – 9:20 pm,Emirates,HKT‐EWR,32h10m,2,"DXB, ATH",1397,20220406-1819,cheap
11:00 pm – 1:05 pm +2,"TAP AIR PORTUGAL, Thai Airways",EWR‐HKT,27h05m,2,"LIS, FRA",6:30 pm – 5:10 pm +1,"Thai Vietjet Air, ANA",HKT‐EWR,33h40m,2,"BKK, HND",1494,20220406-1819,cheap
11:00 pm – 1:05 pm +2,"TAP AIR PORTUGAL, Thai Airways",EWR‐HKT,27h05m,2,"LIS, FRA",5:05 pm – 5:10 pm +1,"Thai Airways, ANA",HKT‐EWR,35h05m,2,"BKK, HND",1500,20220406-1819,cheap
11:00 pm – 1:05 pm +2,"TAP AIR PORTUGAL, Thai Airways",EWR‐HKT,27h05m,2,"LIS, FRA",9:15 pm – 9:30 pm +1,"Thai Airways, TAP AIR PORTUGAL",HKT‐EWR,35h15m,3,"BKK, CDG-ORY, ...",1608,20220406-1819,cheap
11:00 pm – 1:05 pm +2,"TAP AIR PORTUGAL, Thai Airways",EWR‐HKT,27h05m,2,"LIS, FRA",9:15 pm – 9:30 pm +1,"Thai Airways, TAP AIR PORTUGAL",HKT‐EWR,35h15m,3,"BKK, CDG-ORY, ...",1608,20220406-1819,cheap
11:35 am – 9:30 am +2,"ANA, Bangkok Airways",EWR‐HKT,34h55m,2,"NRT, BKK",8:00 pm – 3:50 pm +1,Etihad Airways,HKT‐EWR,30h50m,2,"AUH, DUB",1611,20220406-1819,cheap
11:35 am – 1:50 pm +2,"ANA, Bangkok Airways",EWR‐HKT,39h15m,2,"NRT, BKK",8:00 pm – 3:50 pm +1,Etihad Airways,HKT‐EWR,30h50m,2,"AUH, DUB",1614,20220406-1819,cheap
11:35 am – 9:30 am +2,"ANA, Bangkok Airways",EWR‐HKT,34h55m,2,"NRT, BKK",8:00 pm – 3:50 pm +1,"Etihad Airways, Aer Lingus",HKT‐EWR,30h50m,2,"AUH, DUB",1636,20220406-1819,cheap
11:35 am – 1:50 pm +2,"ANA, Bangkok Airways",EWR‐HKT,39h15m,2,"NRT, BKK",8:00 pm – 3:50 pm +1,"Etihad Airways, Aer Lingus",HKT‐EWR,30h50m,2,"AUH, DUB",1639,20220406-1819,cheap
11:00 pm – 1:05 pm +2,"TAP AIR PORTUGAL, Thai Airways",EWR‐HKT,27h05m,2,"LIS, FRA",12:10 am – 9:20 pm,Emirates,HKT‐EWR,32h10m,2,"DXB, ATH",1663,20220406-1819,cheap
11:55 pm – 12:30 pm +2,Emirates,EWR‐HKT,25h35m,2,"ATH, DXB",12:10 am – 9:20 pm,Emirates,HKT‐EWR,32h10m,2,"DXB, ATH",1679,20220406-1819,cheap
10:25 am – 7:20 pm +1,Singapore Airlines,EWR‐HKT,21h55m,1,SIN,8:10 pm – 6:59 am +2,"Singapore Airlines, Alaska Airlines",HKT‐EWR,45h49m,2,"SIN, SFO",1692,20220406-1819,cheap
11:55 pm – 12:30 pm +2,Emirates,EWR‐HKT,25h35m,2,"ATH, DXB",7:10 pm – 9:20 pm +1,Emirates,HKT‐EWR,37h10m,3,"BKK, DXB, ...",1721,20220406-1819,cheap
11:35 am – 9:30 am +2,"ANA, Bangkok Airways",EWR‐HKT,34h55m,2,"NRT, BKK",2:40 pm – 5:10 pm +1,"Bangkok Airways, ANA",HKT‐EWR,37h30m,2,"BKK, HND",1305,20220406-1817,best
10:25 am – 7:20 pm +1,Singapore Airlines,EWR‐HKT,21h55m,1,SIN,6:10 pm – 6:00 am +1,Singapore Airlines,HKT‐EWR,22h50m,1,SIN,1833,20220406-1817,best
11:35 am – 9:30 am +2,"ANA, Bangkok Airways",EWR‐HKT,34h55m,2,"NRT, BKK",2:40 pm – 5:10 pm +1,"Bangkok Airways, ANA",HKT‐EWR,37h30m,2,"BKK, HND",1305,20220406-1817,best
10:25 am – 7:20 pm +1,Singapore Airlines,EWR‐HKT,21h55m,1,SIN,5:35 pm – 6:00 am +1,Singapore Airlines,HKT‐EWR,23h25m,1,SIN,1859,20220406-1817,best
10:25 am – 7:20 pm +1,Singapore Airlines,EWR‐HKT,21h55m,1,SIN,11:40 am – 6:00 am +1,Singapore Airlines,HKT‐EWR,29h20m,1,SIN,1833,20220406-1817,best
10:25 am – 7:20 pm +1,Singapore Airlines,EWR‐HKT,21h55m,1,SIN,10:25 am – 6:00 am +1,Singapore Airlines,HKT‐EWR,30h35m,1,SIN,1833,20220406-1817,best
9:50 pm – 10:20 am +2,"SWISS, Thai Airways",EWR‐HKT,25h30m,2,"ZRH, BKK",8:10 pm – 12:25 pm +1,"Singapore Airlines, Lufthansa",HKT‐EWR,27h15m,2,"SIN, MUC",1854,20220406-1817,best
10:25 am – 7:20 pm +1,Singapore Airlines,EWR‐HKT,21h55m,1,SIN,11:40 am – 6:59 am +1,Singapore Airlines,HKT‐EWR,30h19m,2,"SIN, SFO",2095,20220406-1817,best
9:50 pm – 10:20 am +2,"SWISS, Thai Airways",EWR‐HKT,25h30m,2,"ZRH, BKK",6:10 pm – 12:25 pm +1,"Singapore Airlines, Lufthansa",HKT‐EWR,29h15m,2,"SIN, MUC",1854,20220406-1817,best
10:25 am – 10:50 am +2,Singapore Airlines,EWR‐HKT,37h25m,1,SIN,6:10 pm – 6:00 am +1,Singapore Airlines,HKT‐EWR,22h50m,1,SIN,1833,20220406-1817,best
10:25 am – 7:20 pm +1,Singapore Airlines,EWR‐HKT,21h55m,1,SIN,12:10 am – 9:20 pm,Emirates,HKT‐EWR,32h10m,2,"DXB, ATH",1966,20220406-1817,best
10:25 am – 7:20 pm +1,Singapore Airlines,EWR‐HKT,21h55m,1,SIN,10:25 am – 6:59 am +1,Singapore Airlines,HKT‐EWR,31h34m,2,"SIN, SFO",2095,20220406-1817,best
11:55 pm – 12:30 pm +2,Emirates,EWR‐HKT,25h35m,2,"ATH, DXB",12:10 am – 9:20 pm,Emirates,HKT‐EWR,32h10m,2,"DXB, ATH",1679,20220406-1817,best
10:25 am – 10:50 am +2,Singapore Airlines,EWR‐HKT,37h25m,1,SIN,5:35 pm – 6:00 am +1,Singapore Airlines,HKT‐EWR,23h25m,1,SIN,1859,20220406-1817,best
10:25 am – 7:20 pm +1,Singapore Airlines,EWR‐HKT,21h55m,1,SIN,11:40 am – 2:55 pm +1,Singapore Airlines,HKT‐EWR,38h15m,2,"SIN, LAX",1790,20220406-1817,best
11:35 am – 9:30 am +2,"ANA, Bangkok Airways",EWR‐HKT,34h55m,2,"NRT, BKK",12:10 am – 9:20 pm,Emirates,HKT‐EWR,32h10m,2,"DXB, ATH",1396,20220406-1817,best
10:25 am – 7:20 pm +1,Singapore Airlines,EWR‐HKT,21h55m,1,SIN,10:25 am – 2:55 pm +1,Singapore Airlines,HKT‐EWR,39h30m,2,"SIN, LAX",1790,20220406-1817,best
10:25 am – 7:20 pm +1,Singapore Airlines,EWR‐HKT,21h55m,1,SIN,6:10 pm – 6:00 am +1,Singapore Airlines,HKT‐EWR,22h50m,1,SIN,1833,20220406-1821,fast
10:25 am – 7:20 pm +1,Singapore Airlines,EWR‐HKT,21h55m,1,SIN,5:35 pm – 6:00 am +1,Singapore Airlines,HKT‐EWR,23h25m,1,SIN,1859,20220406-1821,fast
9:50 pm – 10:20 am +2,"SWISS, Thai Airways",EWR‐HKT,25h30m,2,"ZRH, BKK",6:10 pm – 6:00 am +1,Singapore Airlines,HKT‐EWR,22h50m,1,SIN,3463,20220406-1821,fast
11:55 pm – 12:30 pm +2,Emirates,EWR‐HKT,25h35m,2,"ATH, DXB",5:35 pm – 6:00 am +1,Singapore Airlines,HKT‐EWR,23h25m,1,SIN,2560,20220406-1821,fast
11:00 pm – 1:05 pm +2,"TAP AIR PORTUGAL, Thai Airways",EWR‐HKT,27h05m,2,"LIS, FRA",5:35 pm – 6:00 am +1,Singapore Airlines,HKT‐EWR,23h25m,1,SIN,2398,20220406-1821,fast
10:25 am – 7:20 pm +1,Singapore Airlines,EWR‐HKT,21h55m,1,SIN,11:40 am – 6:00 am +1,Singapore Airlines,HKT‐EWR,29h20m,1,SIN,1833,20220406-1821,fast
10:25 am – 7:20 pm +1,Singapore Airlines,EWR‐HKT,21h55m,1,SIN,11:40 am – 6:59 am +1,Singapore Airlines,HKT‐EWR,30h19m,2,"SIN, SFO",2095,20220406-1821,fast
10:25 am – 7:20 pm +1,Singapore Airlines,EWR‐HKT,21h55m,1,SIN,10:25 am – 6:00 am +1,Singapore Airlines,HKT‐EWR,30h35m,1,SIN,1833,20220406-1821,fast
9:50 pm – 10:20 am +2,"SWISS, Thai Airways",EWR‐HKT,25h30m,2,"ZRH, BKK",8:10 pm – 12:25 pm +1,"Singapore Airlines, Lufthansa",HKT‐EWR,27h15m,2,"SIN, MUC",1854,20220406-1821,fast
7:00 am – 12:10 am +2,"United Airlines, Asiana Airlines",EWR‐HKT,30h10m,2,"LAX, ICN",6:10 pm – 6:00 am +1,Singapore Airlines,HKT‐EWR,22h50m,1,SIN,2108,20220406-1821,fast
7:00 am – 12:10 am +2,"JetBlue, Asiana Airlines",EWR‐HKT,30h10m,2,"LAX, ICN",6:10 pm – 6:00 am +1,Singapore Airlines,HKT‐EWR,22h50m,1,SIN,2828,20220406-1821,fast
7:45 pm – 1:15 pm +2,"American Airlines, Qatar Airways",EWR‐HKT,30h30m,2,"ORD, DOH",6:10 pm – 6:00 am +1,Singapore Airlines,HKT‐EWR,22h50m,1,SIN,2380,20220406-1821,fast
10:25 am – 7:20 pm +1,Singapore Airlines,EWR‐HKT,21h55m,1,SIN,10:25 am – 6:59 am +1,Singapore Airlines,HKT‐EWR,31h34m,2,"SIN, SFO",2095,20220406-1821,fast
6:00 am – 12:10 am +2,"United Airlines, Asiana Airlines",EWR‐HKT,31h10m,2,"LAX, ICN",6:10 pm – 6:00 am +1,Singapore Airlines,HKT‐EWR,22h50m,1,SIN,2108,20220406-1821,fast
3:59 pm – 9:35 am +2,Singapore Airlines,EWR‐HKT,30h36m,2,"SFO, SIN",5:35 pm – 6:00 am +1,Singapore Airlines,HKT‐EWR,23h25m,1,SIN,3619,20220406-1821,fast
