Out Time,Out Airline,Out Cities,Out Duration,Out Stops,Out Stop Cities,Return Time,Return Airline,Return Cities,Return Duration,Return Stops,Return Stop Cities,Price,timestamp,sort
11:55 pm – 12:30 pm +2,Emirates,EWR‐HKT,25h35m,2,"ATH, DXB",12:10 am – 9:20 pm,Emirates,HKT‐EWR,32h10m,2,"DXB, ATH",1275,20220406-1058,cheap
11:55 pm – 12:30 pm +2,Emirates,EWR‐HKT,25h35m,2,"ATH, DXB",2:40 pm – 9:20 pm +1,Emirates,HKT‐EWR,41h40m,3,"BKK, DXB, ...",1300,20220406-1058,cheap
11:55 pm – 7:05 pm +2,"Emirates, Bangkok Airways",EWR‐HKT,32h10m,3,"ATH, DXB, ...",12:10 am – 9:20 pm,Emirates,HKT‐EWR,32h10m,2,"DXB, ATH",1379,20220406-1058,cheap
11:25 am – 10:20 am +2,"ANA, Thai Airways",EWR‐HKT,35h55m,2,"NRT, BKK",12:10 am – 9:20 pm,Emirates,HKT‐EWR,32h10m,2,"DXB, ATH",1397,20220406-1058,cheap
11:55 pm – 7:05 pm +2,"Emirates, Bangkok Airways",EWR‐HKT,32h10m,3,"ATH, DXB, ...",2:40 pm – 9:20 pm +1,"Bangkok Airways, Emirates",HKT‐EWR,41h40m,3,"BKK, DXB, ...",1397,20220406-1058,cheap
5:40 pm – 11:30 am +2,"Austrian Airlines, Scoot",EWR‐HKT,30h50m,3,"VIE, ATH, ...",7:50 pm – 6:55 pm +1,"Scoot, Lufthansa",HKT‐EWR,34h05m,3,"SIN, ATH, ...",1464,20220406-1058,cheap
8:15 am – 9:35 am +2,"Alaska Airlines, Singapore Airlines",EWR‐HKT,38h20m,3,"LAX, NRT, ...",12:10 am – 9:20 pm,Emirates,HKT‐EWR,32h10m,2,"DXB, ATH",1476,20220406-1058,cheap
8:15 am – 10:50 am +2,"Alaska Airlines, Singapore Airlines",EWR‐HKT,39h35m,3,"LAX, NRT, ...",12:10 am – 9:20 pm,Emirates,HKT‐EWR,32h10m,2,"DXB, ATH",1476,20220406-1058,cheap
5:40 pm – 11:30 am +2,"Austrian Airlines, Scoot",EWR‐HKT,30h50m,3,"VIE, ATH, ...",7:50 pm – 3:50 pm +1,"Scoot, Lufthansa",HKT‐EWR,31h00m,2,"SIN, ATH",1478,20220406-1058,cheap
8:15 am – 9:35 am +2,"Alaska Airlines, Singapore Airlines",EWR‐HKT,38h20m,3,"LAX, NRT, ...",6:10 pm – 6:00 am +1,Singapore Airlines,HKT‐EWR,22h50m,1,SIN,1556,20220406-1058,cheap
8:15 am – 10:50 am +2,"Alaska Airlines, Singapore Airlines",EWR‐HKT,39h35m,3,"LAX, NRT, ...",6:10 pm – 6:00 am +1,Singapore Airlines,HKT‐EWR,22h50m,1,SIN,1556,20220406-1058,cheap
8:15 am – 9:35 am +2,"Alaska Airlines, Singapore Airlines",EWR‐HKT,38h20m,3,"LAX, NRT, ...",11:40 am – 6:00 am +1,Singapore Airlines,HKT‐EWR,29h20m,1,SIN,1556,20220406-1058,cheap
8:15 am – 5:10 pm +2,"Alaska Airlines, Singapore Airlines",EWR‐HKT,45h55m,3,"LAX, NRT, ...",6:10 pm – 6:00 am +1,Singapore Airlines,HKT‐EWR,22h50m,1,SIN,1556,20220406-1058,cheap
8:15 am – 10:50 am +2,"Alaska Airlines, Singapore Airlines",EWR‐HKT,39h35m,3,"LAX, NRT, ...",11:40 am – 6:00 am +1,Singapore Airlines,HKT‐EWR,29h20m,1,SIN,1556,20220406-1058,cheap
8:15 am – 9:35 am +2,"Alaska Airlines, Singapore Airlines",EWR‐HKT,38h20m,3,"LAX, NRT, ...",10:25 am – 6:00 am +1,Singapore Airlines,HKT‐EWR,30h35m,1,SIN,1556,20220406-1058,cheap
11:55 pm – 12:30 pm +2,Emirates,EWR‐HKT,25h35m,2,"ATH, DXB",12:10 am – 9:20 pm,Emirates,HKT‐EWR,32h10m,2,"DXB, ATH",1314,20220406-1055,best
10:25 am – 7:20 pm +1,Singapore Airlines,EWR‐HKT,21h55m,1,SIN,6:10 pm – 6:00 am +1,Singapore Airlines,HKT‐EWR,22h50m,1,SIN,1819,20220406-1055,best
11:55 pm – 12:30 pm +2,Emirates,EWR‐HKT,25h35m,2,"ATH, DXB",12:10 am – 9:20 pm,Emirates,HKT‐EWR,32h10m,2,"DXB, ATH",1275,20220406-1055,best
10:25 am – 7:20 pm +1,Singapore Airlines,EWR‐HKT,21h55m,1,SIN,11:40 am – 6:00 am +1,Singapore Airlines,HKT‐EWR,29h20m,1,SIN,1819,20220406-1055,best
10:25 am – 7:20 pm +1,Singapore Airlines,EWR‐HKT,21h55m,1,SIN,10:25 am – 6:00 am +1,Singapore Airlines,HKT‐EWR,30h35m,1,SIN,1819,20220406-1055,best
10:25 am – 7:20 pm +1,Singapore Airlines,EWR‐HKT,21h55m,1,SIN,12:10 am – 9:20 pm,Emirates,HKT‐EWR,32h10m,2,"DXB, ATH",1876,20220406-1055,best
10:25 am – 9:35 am +2,Singapore Airlines,EWR‐HKT,36h10m,1,SIN,6:10 pm – 6:00 am +1,Singapore Airlines,HKT‐EWR,22h50m,1,SIN,1819,20220406-1055,best
8:15 am – 9:35 am +2,"Alaska Airlines, Singapore Airlines",EWR‐HKT,38h20m,3,"LAX, NRT, ...",6:10 pm – 6:00 am +1,Singapore Airlines,HKT‐EWR,22h50m,1,SIN,1556,20220406-1055,best
8:45 pm – 6:55 am +2,"Lufthansa, THAI Smile",EWR‐HKT,23h10m,2,"MUC, BOM",11:50 am – 11:00 am +1,"Thai Airways, Austrian Airlines",HKT‐EWR,34h10m,1,LHR,1834,20220406-1055,best
10:25 am – 10:50 am +2,Singapore Airlines,EWR‐HKT,37h25m,1,SIN,6:10 pm – 6:00 am +1,Singapore Airlines,HKT‐EWR,22h50m,1,SIN,1819,20220406-1055,best
8:15 am – 10:50 am +2,"Alaska Airlines, Singapore Airlines",EWR‐HKT,39h35m,3,"LAX, NRT, ...",6:10 pm – 6:00 am +1,Singapore Airlines,HKT‐EWR,22h50m,1,SIN,1556,20220406-1055,best
11:55 pm – 12:30 pm +2,Emirates,EWR‐HKT,25h35m,2,"ATH, DXB",2:40 pm – 9:20 pm +1,Emirates,HKT‐EWR,41h40m,3,"BKK, DXB, ...",1300,20220406-1055,best
6:20 pm – 12:30 pm +2,Emirates,EWR‐HKT,31h10m,2,"BOS, DXB",12:10 am – 9:20 pm,Emirates,HKT‐EWR,32h10m,2,"DXB, ATH",1597,20220406-1055,best
11:25 am – 10:20 am +2,"ANA, Thai Airways",EWR‐HKT,35h55m,2,"NRT, BKK",12:10 am – 9:20 pm,Emirates,HKT‐EWR,32h10m,2,"DXB, ATH",1397,20220406-1055,best
11:55 pm – 7:05 pm +2,"Emirates, Bangkok Airways",EWR‐HKT,32h10m,3,"ATH, DXB, ...",12:10 am – 9:20 pm,Emirates,HKT‐EWR,32h10m,2,"DXB, ATH",1379,20220406-1055,best
10:25 am – 9:35 am +2,Singapore Airlines,EWR‐HKT,36h10m,1,SIN,11:40 am – 6:00 am +1,Singapore Airlines,HKT‐EWR,29h20m,1,SIN,1819,20220406-1055,best
10:25 am – 7:20 pm +1,Singapore Airlines,EWR‐HKT,21h55m,1,SIN,6:10 pm – 6:00 am +1,Singapore Airlines,HKT‐EWR,22h50m,1,SIN,1819,20220406-1100,fast
10:25 am – 7:20 pm +1,Singapore Airlines,EWR‐HKT,21h55m,1,SIN,11:40 am – 6:00 am +1,Singapore Airlines,HKT‐EWR,29h20m,1,SIN,1819,20220406-1100,fast
9:50 pm – 10:20 am +2,"SWISS, Thai Airways",EWR‐HKT,25h30m,2,"ZRH, BKK",9:05 pm – 11:55 am +1,"Qatar Airways, Lufthansa",HKT‐EWR,25h50m,2,"DOH, DUB",5124,20220406-1100,fast
10:25 am – 7:20 pm +1,Singapore Airlines,EWR‐HKT,21h55m,1,SIN,11:40 am – 7:00 am +1,Singapore Airlines,HKT‐EWR,30h20m,2,"SIN, SFO",2535,20220406-1100,fast
9:50 pm – 10:20 am +2,"SWISS, Thai Airways",EWR‐HKT,25h30m,2,"ZRH, BKK",9:20 pm – 1:10 pm +1,Multiple Airlines,HKT‐EWR,26h50m,2,"SIN, ZRH",4889,20220406-1100,fast
10:25 am – 7:20 pm +1,Singapore Airlines,EWR‐HKT,21h55m,1,SIN,10:25 am – 6:00 am +1,Singapore Airlines,HKT‐EWR,30h35m,1,SIN,1819,20220406-1100,fast
9:50 pm – 10:20 am +2,"SWISS, Thai Airways",EWR‐HKT,25h30m,2,"ZRH, BKK",7:50 pm – 11:55 am +1,Multiple Airlines,HKT‐EWR,27h05m,2,"SIN, CDG",4911,20220406-1100,fast
9:50 pm – 10:20 am +2,"SWISS, Thai Airways",EWR‐HKT,25h30m,2,"ZRH, BKK",7:10 pm – 11:55 am +1,Multiple Airlines,HKT‐EWR,27h45m,2,"BKK, CDG",4965,20220406-1100,fast
9:50 pm – 10:20 am +2,"SWISS, Thai Airways",EWR‐HKT,25h30m,2,"ZRH, BKK",6:10 pm – 11:00 am +1,"Singapore Airlines, Lufthansa",HKT‐EWR,27h50m,2,"SIN, LHR",4927,20220406-1100,fast
7:42 pm – 1:15 pm +2,"American Airlines, Qatar Airways",EWR‐HKT,30h33m,2,"ORD, DOH",6:10 pm – 6:00 am +1,Singapore Airlines,HKT‐EWR,22h50m,1,SIN,2244,20220406-1100,fast
9:50 pm – 10:20 am +2,"SWISS, Thai Airways",EWR‐HKT,25h30m,2,"ZRH, BKK",7:50 pm – 12:45 pm +1,"Scoot, Lufthansa",HKT‐EWR,27h55m,2,"SIN, MUC",2712,20220406-1100,fast
10:25 am – 7:20 pm +1,Singapore Airlines,EWR‐HKT,21h55m,1,SIN,10:25 am – 7:00 am +1,Singapore Airlines,HKT‐EWR,31h35m,2,"SIN, SFO",2529,20220406-1100,fast
9:50 pm – 10:20 am +2,"SWISS, Thai Airways",EWR‐HKT,25h30m,2,"ZRH, BKK",7:50 pm – 12:50 pm +1,Multiple Airlines,HKT‐EWR,28h00m,2,"SIN, LHR",4939,20220406-1100,fast
10:25 am – 7:20 pm +1,Singapore Airlines,EWR‐HKT,21h55m,1,SIN,12:10 am – 9:20 pm,Emirates,HKT‐EWR,32h10m,2,"DXB, ATH",1876,20220406-1100,fast
9:50 pm – 10:20 am +2,"SWISS, Thai Airways",EWR‐HKT,25h30m,2,"ZRH, BKK",7:10 pm – 12:45 pm +1,Multiple Airlines,HKT‐EWR,28h35m,2,"BKK, MUC",4967,20220406-1100,fast
