Out Time,Out Airline,Out Cities,Out Duration,Out Stops,Out Stop Cities,Return Time,Return Airline,Return Cities,Return Duration,Return Stops,Return Stop Cities,Price,timestamp,sort
11:35 am – 9:30 am +2,"ANA, Bangkok Airways",EWR‐HKT,34h55m,2,"NRT, BKK",12:10 am – 9:20 pm,Emirates,HKT‐EWR,32h10m,2,"DXB, ATH",1393,20220406-1842,cheap
11:35 am – 1:50 pm +2,"ANA, Bangkok Airways",EWR‐HKT,39h15m,2,"NRT, BKK",12:10 am – 9:20 pm,Emirates,HKT‐EWR,32h10m,2,"DXB, ATH",1394,20220406-1842,cheap
10:55 am – 9:30 am +2,"ANA, Bangkok Airways",EWR‐HKT,35h35m,2,"HND-NRT, BKK",12:10 am – 9:20 pm,Emirates,HKT‐EWR,32h10m,2,"DXB, ATH",1400,20220406-1842,cheap
10:55 am – 1:50 pm +2,"ANA, Bangkok Airways",EWR‐HKT,39h55m,2,"HND-NRT, BKK",12:10 am – 9:20 pm,Emirates,HKT‐EWR,32h10m,2,"DXB, ATH",1444,20220406-1842,cheap
11:35 am – 9:30 am +2,"ANA, Bangkok Airways",EWR‐HKT,34h55m,2,"NRT, BKK",8:00 pm – 3:50 pm +1,Etihad Airways,HKT‐EWR,30h50m,2,"AUH, DUB",1609,20220406-1842,cheap
11:00 pm – 3:05 pm +2,"TAP AIR PORTUGAL, Thai Airways",EWR‐HKT,29h05m,2,"LIS, LGW-LHR",5:05 pm – 5:10 pm +1,"Thai Airways, ANA",HKT‐EWR,35h05m,2,"BKK, HND",1628,20220406-1842,cheap
11:55 pm – 12:30 pm +2,Emirates,EWR‐HKT,25h35m,2,"ATH, DXB",12:10 am – 9:20 pm,Emirates,HKT‐EWR,32h10m,2,"DXB, ATH",1679,20220406-1842,cheap
9:00 am – 9:35 am +2,Singapore Airlines,EWR‐HKT,37h35m,3,"LAX, NRT, ...",11:40 am – 7:10 am +1,Singapore Airlines,HKT‐EWR,30h30m,2,"SIN, LAX",1723,20220406-1842,cheap
9:00 am – 10:50 am +2,Singapore Airlines,EWR‐HKT,38h50m,3,"LAX, NRT, ...",11:40 am – 7:10 am +1,Singapore Airlines,HKT‐EWR,30h30m,2,"SIN, LAX",1723,20220406-1842,cheap
9:00 am – 9:35 am +2,Singapore Airlines,EWR‐HKT,37h35m,3,"LAX, NRT, ...",12:10 am – 9:20 pm,Emirates,HKT‐EWR,32h10m,2,"DXB, ATH",1732,20220406-1842,cheap
4:00 pm – 9:35 am +2,Singapore Airlines,EWR‐HKT,30h35m,2,"LAX, SIN",6:10 pm – 6:00 am +1,Singapore Airlines,HKT‐EWR,22h50m,1,SIN,1736,20220406-1842,cheap
4:00 pm – 9:35 am +2,Singapore Airlines,EWR‐HKT,30h35m,2,"LAX, SIN",11:40 am – 6:00 am +1,Singapore Airlines,HKT‐EWR,29h20m,1,SIN,1736,20220406-1842,cheap
4:00 pm – 9:35 am +2,Singapore Airlines,EWR‐HKT,30h35m,2,"LAX, SIN",10:25 am – 6:00 am +1,Singapore Airlines,HKT‐EWR,30h35m,1,SIN,1736,20220406-1842,cheap
4:00 pm – 9:35 am +2,Singapore Airlines,EWR‐HKT,30h35m,2,"LAX, SIN",12:10 am – 9:20 pm,Emirates,HKT‐EWR,32h10m,2,"DXB, ATH",1749,20220406-1842,cheap
4:00 pm – 10:50 am +2,Singapore Airlines,EWR‐HKT,31h50m,2,"LAX, SIN",12:10 am – 9:20 pm,Emirates,HKT‐EWR,32h10m,2,"DXB, ATH",1749,20220406-1842,cheap
11:35 am – 9:30 am +2,"ANA, Bangkok Airways",EWR‐HKT,34h55m,2,"NRT, BKK",12:10 am – 9:20 pm,Emirates,HKT‐EWR,32h10m,2,"DXB, ATH",1432,20220406-1839,best
10:25 am – 7:20 pm +1,Singapore Airlines,EWR‐HKT,21h55m,1,SIN,6:10 pm – 6:00 am +1,Singapore Airlines,HKT‐EWR,22h50m,1,SIN,1775,20220406-1839,best
10:25 am – 7:20 pm +1,Singapore Airlines,EWR‐HKT,21h55m,1,SIN,11:40 am – 6:00 am +1,Singapore Airlines,HKT‐EWR,29h20m,1,SIN,1775,20220406-1839,best
10:25 am – 7:20 pm +1,Singapore Airlines,EWR‐HKT,21h55m,1,SIN,10:25 am – 6:00 am +1,Singapore Airlines,HKT‐EWR,30h35m,1,SIN,1775,20220406-1839,best
4:00 pm – 9:35 am +2,Singapore Airlines,EWR‐HKT,30h35m,2,"LAX, SIN",6:10 pm – 6:00 am +1,Singapore Airlines,HKT‐EWR,22h50m,1,SIN,1736,20220406-1839,best
10:25 am – 7:20 pm +1,Singapore Airlines,EWR‐HKT,21h55m,1,SIN,11:40 am – 7:10 am +1,Singapore Airlines,HKT‐EWR,30h30m,2,"SIN, LAX",1904,20220406-1839,best
10:25 am – 9:35 am +2,Singapore Airlines,EWR‐HKT,36h10m,1,SIN,6:10 pm – 6:00 am +1,Singapore Airlines,HKT‐EWR,22h50m,1,SIN,1775,20220406-1839,best
10:25 am – 10:50 am +2,Singapore Airlines,EWR‐HKT,37h25m,1,SIN,6:10 pm – 6:00 am +1,Singapore Airlines,HKT‐EWR,22h50m,1,SIN,1775,20220406-1839,best
4:00 pm – 9:35 am +2,Singapore Airlines,EWR‐HKT,30h35m,2,"LAX, SIN",11:40 am – 6:00 am +1,Singapore Airlines,HKT‐EWR,29h20m,1,SIN,1736,20220406-1839,best
4:00 pm – 9:35 am +2,Singapore Airlines,EWR‐HKT,30h35m,2,"LAX, SIN",10:25 am – 6:00 am +1,Singapore Airlines,HKT‐EWR,30h35m,1,SIN,1736,20220406-1839,best
11:55 pm – 12:30 pm +2,Emirates,EWR‐HKT,25h35m,2,"ATH, DXB",12:10 am – 9:20 pm,Emirates,HKT‐EWR,32h10m,2,"DXB, ATH",1679,20220406-1839,best
10:25 am – 7:20 pm +1,Singapore Airlines,EWR‐HKT,21h55m,1,SIN,12:10 am – 9:20 pm,Emirates,HKT‐EWR,32h10m,2,"DXB, ATH",2058,20220406-1839,best
10:25 am – 7:20 pm +1,Singapore Airlines,EWR‐HKT,21h55m,1,SIN,8:00 pm – 3:50 pm +1,Etihad Airways,HKT‐EWR,30h50m,2,"AUH, DUB",2305,20220406-1839,best
11:35 am – 9:30 am +2,"ANA, Bangkok Airways",EWR‐HKT,34h55m,2,"NRT, BKK",12:10 am – 9:20 pm,Emirates,HKT‐EWR,32h10m,2,"DXB, ATH",1393,20220406-1839,best
10:25 am – 9:35 am +2,Singapore Airlines,EWR‐HKT,36h10m,1,SIN,11:40 am – 6:00 am +1,Singapore Airlines,HKT‐EWR,29h20m,1,SIN,1775,20220406-1839,best
10:55 am – 9:30 am +2,"ANA, Bangkok Airways",EWR‐HKT,35h35m,2,"HND-NRT, BKK",12:10 am – 9:20 pm,Emirates,HKT‐EWR,32h10m,2,"DXB, ATH",1400,20220406-1839,best
10:25 am – 7:20 pm +1,Singapore Airlines,EWR‐HKT,21h55m,1,SIN,6:10 pm – 6:00 am +1,Singapore Airlines,HKT‐EWR,22h50m,1,SIN,1775,20220406-1844,fast
9:50 pm – 10:40 am +2,"SWISS, Thai Airways",EWR‐HKT,25h50m,2,"ZRH, BKK",6:10 pm – 6:00 am +1,Singapore Airlines,HKT‐EWR,22h50m,1,SIN,3867,20220406-1844,fast
4:26 pm – 6:55 am +2,"JetBlue, Qatar Airways",EWR‐HKT,27h29m,2,"BOS, DOH",6:10 pm – 6:00 am +1,Singapore Airlines,HKT‐EWR,22h50m,1,SIN,2833,20220406-1844,fast
10:25 am – 7:20 pm +1,Singapore Airlines,EWR‐HKT,21h55m,1,SIN,11:40 am – 6:00 am +1,Singapore Airlines,HKT‐EWR,29h20m,1,SIN,1775,20220406-1844,fast
10:25 am – 7:20 pm +1,Singapore Airlines,EWR‐HKT,21h55m,1,SIN,11:40 am – 6:59 am +1,Singapore Airlines,HKT‐EWR,30h19m,2,"SIN, SFO",2850,20220406-1844,fast
9:50 pm – 9:30 am +2,"SWISS, Bangkok Airways",EWR‐HKT,24h40m,2,"ZRH, BKK",7:50 pm – 12:25 pm +1,"Scoot, Lufthansa",HKT‐EWR,27h35m,2,"SIN, MUC",2537,20220406-1844,fast
10:25 am – 7:20 pm +1,Singapore Airlines,EWR‐HKT,21h55m,1,SIN,11:40 am – 7:10 am +1,Singapore Airlines,HKT‐EWR,30h30m,2,"SIN, LAX",1904,20220406-1844,fast
10:25 am – 7:20 pm +1,Singapore Airlines,EWR‐HKT,21h55m,1,SIN,10:25 am – 6:00 am +1,Singapore Airlines,HKT‐EWR,30h35m,1,SIN,1775,20220406-1844,fast
10:25 am – 7:20 pm +1,Singapore Airlines,EWR‐HKT,21h55m,1,SIN,8:00 pm – 3:50 pm +1,Etihad Airways,HKT‐EWR,30h50m,2,"AUH, DUB",2305,20220406-1844,fast
1:55 pm – 6:55 am +2,Qatar Airways,EWR‐HKT,30h00m,2,"ORD, DOH",6:10 pm – 6:00 am +1,Singapore Airlines,HKT‐EWR,22h50m,1,SIN,2813,20220406-1844,fast
7:00 am – 12:10 am +2,"United Airlines, Asiana Airlines",EWR‐HKT,30h10m,2,"LAX, ICN",6:10 pm – 6:00 am +1,Singapore Airlines,HKT‐EWR,22h50m,1,SIN,2439,20220406-1844,fast
7:00 am – 12:10 am +2,"JetBlue, Asiana Airlines",EWR‐HKT,30h10m,2,"LAX, ICN",6:10 pm – 6:00 am +1,Singapore Airlines,HKT‐EWR,22h50m,1,SIN,3249,20220406-1844,fast
4:00 pm – 9:35 am +2,Singapore Airlines,EWR‐HKT,30h35m,2,"LAX, SIN",6:10 pm – 6:00 am +1,Singapore Airlines,HKT‐EWR,22h50m,1,SIN,1736,20220406-1844,fast
6:00 am – 12:10 am +2,"United Airlines, Asiana Airlines",EWR‐HKT,31h10m,2,"LAX, ICN",6:10 pm – 6:00 am +1,Singapore Airlines,HKT‐EWR,22h50m,1,SIN,2529,20220406-1844,fast
10:25 am – 7:20 pm +1,Singapore Airlines,EWR‐HKT,21h55m,1,SIN,12:10 am – 9:20 pm,Emirates,HKT‐EWR,32h10m,2,"DXB, ATH",2058,20220406-1844,fast
