Out Time,Out Airline,Out Cities,Out Duration,Out Stops,Out Stop Cities,Return Time,Return Airline,Return Cities,Return Duration,Return Stops,Return Stop Cities,Price,timestamp,sort
5:40 pm – 1:15 pm +2,"TAP AIR PORTUGAL, Qatar Airways",EWR‐HKT,32h35m,3,"LIS, AMS, ...",6:30 pm – 5:10 pm +1,"Thai Vietjet Air, ANA",HKT‐EWR,33h40m,2,"BKK, HND",1546,20220406-1434,cheap
12:00 pm – 10:40 am +2,"ANA, Thai Airways",EWR‐HKT,35h40m,2,"NRT, BKK",12:10 am – 9:20 pm,Emirates,HKT‐EWR,32h10m,2,"DXB, ATH",1555,20220406-1434,cheap
5:40 pm – 1:15 pm +2,"TAP AIR PORTUGAL, Qatar Airways",EWR‐HKT,32h35m,3,"LIS, AMS, ...",5:05 pm – 5:10 pm +1,"Thai Airways, ANA",HKT‐EWR,35h05m,2,"BKK, HND",1556,20220406-1434,cheap
5:40 pm – 1:15 pm +2,"TAP AIR PORTUGAL, Qatar Airways",EWR‐HKT,32h35m,3,"LIS, AMS, ...",6:45 pm – 5:10 pm +1,"Thai Vietjet Air, ANA",HKT‐EWR,33h25m,2,"BKK, HND",1576,20220406-1434,cheap
2:10 pm – 6:55 am +2,"Porter Airlines, Qatar Airways",EWR‐HKT,29h45m,3,"YTZ, YUL, ...",6:30 pm – 5:10 pm +1,"Thai Vietjet Air, ANA",HKT‐EWR,33h40m,2,"BKK, HND",1583,20220406-1434,cheap
2:10 pm – 6:55 am +2,"Porter Airlines, Qatar Airways",EWR‐HKT,29h45m,3,"YTZ, YUL, ...",5:05 pm – 5:10 pm +1,"Thai Airways, ANA",HKT‐EWR,35h05m,2,"BKK, HND",1593,20220406-1434,cheap
2:10 pm – 6:55 am +2,"Porter Airlines, Qatar Airways",EWR‐HKT,29h45m,3,"YTZ, YUL, ...",6:45 pm – 5:10 pm +1,"Thai Vietjet Air, ANA",HKT‐EWR,33h25m,2,"BKK, HND",1613,20220406-1434,cheap
11:00 pm – 3:05 pm +2,"TAP AIR PORTUGAL, Thai Airways",EWR‐HKT,29h05m,2,"LIS, LHR",6:30 pm – 5:10 pm +1,"Thai Vietjet Air, ANA",HKT‐EWR,33h40m,2,"BKK, HND",1616,20220406-1434,cheap
11:00 pm – 3:05 pm +2,"TAP AIR PORTUGAL, Thai Airways",EWR‐HKT,29h05m,2,"LIS, LHR",6:30 pm – 5:10 pm +1,"Thai Vietjet Air, ANA",HKT‐EWR,33h40m,2,"BKK, HND",1616,20220406-1434,cheap
5:40 pm – 9:35 am +2,"TAP AIR PORTUGAL, Thai Airways",EWR‐HKT,28h55m,3,"LIS, MUC, ...",5:05 pm – 5:10 pm +1,"Thai Airways, ANA",HKT‐EWR,35h05m,2,"BKK, HND",1620,20220406-1434,cheap
11:55 pm – 12:30 pm +2,Emirates,EWR‐HKT,25h35m,2,"ATH, DXB",12:10 am – 9:20 pm,Emirates,HKT‐EWR,32h10m,2,"DXB, ATH",1694,20220406-1434,cheap
12:00 pm – 10:40 am +2,"ANA, Thai Airways",EWR‐HKT,35h40m,2,"NRT, BKK",7:10 pm – 9:20 pm +1,Emirates,HKT‐EWR,37h10m,3,"BKK, DXB, ...",1716,20220406-1434,cheap
11:55 pm – 7:05 pm +2,"Emirates, Bangkok Airways",EWR‐HKT,32h10m,3,"ATH, DXB, ...",12:10 am – 9:20 pm,Emirates,HKT‐EWR,32h10m,2,"DXB, ATH",1737,20220406-1434,cheap
11:55 pm – 12:30 pm +2,Emirates,EWR‐HKT,25h35m,2,"ATH, DXB",7:10 pm – 9:20 pm +1,Emirates,HKT‐EWR,37h10m,3,"BKK, DXB, ...",1760,20220406-1434,cheap
11:55 pm – 12:30 pm +2,Emirates,EWR‐HKT,25h35m,2,"ATH, DXB",2:40 pm – 9:20 pm +1,Emirates,HKT‐EWR,41h40m,3,"BKK, DXB, ...",1760,20220406-1434,cheap
11:55 pm – 12:30 pm +2,Emirates,EWR‐HKT,25h35m,2,"ATH, DXB",12:10 am – 9:20 pm,Emirates,HKT‐EWR,32h10m,2,"DXB, ATH",1733,20220406-1431,best
10:25 am – 7:20 pm +1,Singapore Airlines,EWR‐HKT,21h55m,1,SIN,6:10 pm – 6:00 am +1,Singapore Airlines,HKT‐EWR,22h50m,1,SIN,1833,20220406-1431,best
10:25 am – 7:20 pm +1,Singapore Airlines,EWR‐HKT,21h55m,1,SIN,5:35 pm – 6:00 am +1,Singapore Airlines,HKT‐EWR,23h25m,1,SIN,1859,20220406-1431,best
10:25 am – 7:20 pm +1,Singapore Airlines,EWR‐HKT,21h55m,1,SIN,11:40 am – 6:00 am +1,Singapore Airlines,HKT‐EWR,29h20m,1,SIN,1818,20220406-1431,best
10:25 am – 7:20 pm +1,Singapore Airlines,EWR‐HKT,21h55m,1,SIN,10:25 am – 6:00 am +1,Singapore Airlines,HKT‐EWR,30h35m,1,SIN,1833,20220406-1431,best
10:25 am – 7:20 pm +1,Singapore Airlines,EWR‐HKT,21h55m,1,SIN,11:40 am – 7:00 am +1,Singapore Airlines,HKT‐EWR,30h20m,2,"SIN, LAX",1790,20220406-1431,best
10:25 am – 7:20 pm +1,Singapore Airlines,EWR‐HKT,21h55m,1,SIN,10:25 am – 7:00 am +1,Singapore Airlines,HKT‐EWR,31h35m,2,"SIN, LAX",1790,20220406-1431,best
10:25 am – 9:35 am +2,Singapore Airlines,EWR‐HKT,36h10m,1,SIN,6:10 pm – 6:00 am +1,Singapore Airlines,HKT‐EWR,22h50m,1,SIN,1818,20220406-1431,best
10:25 am – 7:20 pm +1,Singapore Airlines,EWR‐HKT,21h55m,1,SIN,12:10 am – 9:20 pm,Emirates,HKT‐EWR,32h10m,2,"DXB, ATH",1921,20220406-1431,best
10:25 am – 9:35 am +2,Singapore Airlines,EWR‐HKT,36h10m,1,SIN,5:35 pm – 6:00 am +1,Singapore Airlines,HKT‐EWR,23h25m,1,SIN,1859,20220406-1431,best
11:55 pm – 12:30 pm +2,Emirates,EWR‐HKT,25h35m,2,"ATH, DXB",12:10 am – 9:20 pm,Emirates,HKT‐EWR,32h10m,2,"DXB, ATH",1694,20220406-1431,best
11:55 pm – 12:30 pm +2,Emirates,EWR‐HKT,25h35m,2,"ATH, DXB",12:10 am – 9:28 pm,Emirates,HKT‐EWR,32h18m,2,"DXB, BOS",1808,20220406-1431,best
6:20 pm – 6:55 am +2,Qatar Airways,EWR‐HKT,25h35m,2,"BOS, DOH",12:10 am – 9:20 pm,Emirates,HKT‐EWR,32h10m,2,"DXB, ATH",1926,20220406-1431,best
10:25 am – 9:35 am +2,Singapore Airlines,EWR‐HKT,36h10m,1,SIN,11:40 am – 6:00 am +1,Singapore Airlines,HKT‐EWR,29h20m,1,SIN,1833,20220406-1431,best
12:00 pm – 10:40 am +2,"ANA, Thai Airways",EWR‐HKT,35h40m,2,"NRT, BKK",12:10 am – 9:20 pm,Emirates,HKT‐EWR,32h10m,2,"DXB, ATH",1555,20220406-1431,best
10:25 am – 5:10 pm +2,Singapore Airlines,EWR‐HKT,43h45m,1,SIN,6:10 pm – 6:00 am +1,Singapore Airlines,HKT‐EWR,22h50m,1,SIN,1833,20220406-1431,best
10:25 am – 7:20 pm +1,Singapore Airlines,EWR‐HKT,21h55m,1,SIN,6:10 pm – 6:00 am +1,Singapore Airlines,HKT‐EWR,22h50m,1,SIN,1833,20220406-1436,fast
10:25 am – 7:20 pm +1,Singapore Airlines,EWR‐HKT,21h55m,1,SIN,5:35 pm – 6:00 am +1,Singapore Airlines,HKT‐EWR,23h25m,1,SIN,1859,20220406-1436,fast
6:20 pm – 6:55 am +2,"JetBlue, Qatar Airways",EWR‐HKT,25h35m,2,"BOS, DOH",6:10 pm – 6:00 am +1,Singapore Airlines,HKT‐EWR,22h50m,1,SIN,2471,20220406-1436,fast
6:20 pm – 6:55 am +2,Qatar Airways,EWR‐HKT,25h35m,2,"BOS, DOH",5:35 pm – 6:00 am +1,Singapore Airlines,HKT‐EWR,23h25m,1,SIN,2680,20220406-1436,fast
4:20 pm – 6:55 am +2,"JetBlue, Qatar Airways",EWR‐HKT,27h35m,2,"BOS, DOH",6:10 pm – 6:00 am +1,Singapore Airlines,HKT‐EWR,22h50m,1,SIN,2471,20220406-1436,fast
4:20 pm – 6:55 am +2,Qatar Airways,EWR‐HKT,27h35m,2,"BOS, DOH",5:35 pm – 6:00 am +1,Singapore Airlines,HKT‐EWR,23h25m,1,SIN,2680,20220406-1436,fast
10:25 am – 7:20 pm +1,Singapore Airlines,EWR‐HKT,21h55m,1,SIN,11:40 am – 6:00 am +1,Singapore Airlines,HKT‐EWR,29h20m,1,SIN,1818,20220406-1436,fast
9:35 pm – 1:15 pm +2,"British Airways, Qatar Airways",EWR‐HKT,28h40m,2,"LHR, DOH",6:10 pm – 6:00 am +1,Singapore Airlines,HKT‐EWR,22h50m,1,SIN,3202,20220406-1436,fast
9:45 pm – 10:40 am +2,"Lufthansa, Thai Airways",EWR‐HKT,25h55m,2,"FRA, BKK",8:00 pm – 10:50 am +1,"Etihad Airways, Lufthansa",HKT‐EWR,25h50m,2,"AUH, LHR",8241,20220406-1436,fast
9:45 pm – 10:40 am +2,"Lufthansa, Thai Airways",EWR‐HKT,25h55m,2,"FRA, BKK",8:10 pm – 11:15 am +1,"Singapore Airlines, Lufthansa",HKT‐EWR,26h05m,2,"SIN, AMS",7973,20220406-1436,fast
10:25 am – 7:20 pm +1,Singapore Airlines,EWR‐HKT,21h55m,1,SIN,11:40 am – 7:00 am +1,Singapore Airlines,HKT‐EWR,30h20m,2,"SIN, LAX",1790,20220406-1436,fast
9:45 pm – 10:40 am +2,"Lufthansa, Thai Airways",EWR‐HKT,25h55m,2,"FRA, BKK",12:10 am – 3:35 pm,"Emirates, Lufthansa",HKT‐EWR,26h25m,2,"DXB, CDG",8128,20220406-1436,fast
10:00 pm – 11:30 am +2,Multiple Airlines,EWR‐HKT,26h30m,2,"LHR, SIN",8:00 pm – 10:50 am +1,"Etihad Airways, Austrian Airlines",HKT‐EWR,25h50m,2,"AUH, LHR",8183,20220406-1436,fast
10:25 am – 7:20 pm +1,Singapore Airlines,EWR‐HKT,21h55m,1,SIN,10:25 am – 6:00 am +1,Singapore Airlines,HKT‐EWR,30h35m,1,SIN,1833,20220406-1436,fast
8:45 pm – 10:15 am +2,"Lufthansa, Etihad Airways",EWR‐HKT,26h30m,2,"MUC, AUH",8:10 pm – 11:15 am +1,"Singapore Airlines, Lufthansa",HKT‐EWR,26h05m,2,"SIN, AMS",8121,20220406-1436,fast
