Out Time,Out Airline,Out Cities,Out Duration,Out Stops,Out Stop Cities,Return Time,Return Airline,Return Cities,Return Duration,Return Stops,Return Stop Cities,Price,timestamp,sort
11:35 am – 2:00 pm +2,"ANA, Bangkok Airways",EWR‐HKT,39h25m,2,"NRT, BKK",12:10 am – 9:20 pm,Emirates,HKT‐EWR,32h10m,2,"DXB, ATH",1439,20220409-0846,cheap
11:35 am – 9:30 am +2,"ANA, Bangkok Airways",EWR‐HKT,34h55m,2,"NRT, BKK",12:10 am – 9:20 pm,Emirates,HKT‐EWR,32h10m,2,"DXB, ATH",1440,20220409-0846,cheap
10:55 am – 9:30 am +2,"ANA, Bangkok Airways",EWR‐HKT,35h35m,2,"HND-NRT, BKK",12:10 am – 9:20 pm,Emirates,HKT‐EWR,32h10m,2,"DXB, ATH",1445,20220409-0846,cheap
10:55 am – 2:00 pm +2,"ANA, Bangkok Airways",EWR‐HKT,40h05m,2,"HND-NRT, BKK",12:10 am – 9:20 pm,Emirates,HKT‐EWR,32h10m,2,"DXB, ATH",1448,20220409-0846,cheap
6:59 am – 9:35 am +2,"JetBlue, Singapore Airlines",EWR‐HKT,39h36m,3,"LAX, NRT, ...",12:10 am – 9:20 pm,Emirates,HKT‐EWR,32h10m,2,"DXB, ATH",1670,20220409-0846,cheap
6:59 am – 10:50 am +2,"JetBlue, Singapore Airlines",EWR‐HKT,40h51m,3,"LAX, NRT, ...",12:10 am – 9:20 pm,Emirates,HKT‐EWR,32h10m,2,"DXB, ATH",1670,20220409-0846,cheap
5:35 pm – 11:30 am +2,"Brussels Airlines, Scoot",EWR‐HKT,30h55m,2,"ATH, SIN",7:50 pm – 4:00 pm +1,"Scoot, Brussels Airlines",HKT‐EWR,31h10m,2,"SIN, ATH",1695,20220409-0846,cheap
9:00 pm – 9:35 am +3,"Alaska Airlines, Singapore Airlines",EWR‐HKT,49h35m,3,"LAX, NRT, ...",6:10 pm – 6:00 am +1,Singapore Airlines,HKT‐EWR,22h50m,1,SIN,1770,20220409-0846,cheap
9:00 pm – 9:35 am +3,"Alaska Airlines, Singapore Airlines",EWR‐HKT,49h35m,2,"LAX, SIN",6:10 pm – 6:00 am +1,Singapore Airlines,HKT‐EWR,22h50m,1,SIN,1781,20220409-0846,cheap
9:50 pm – 10:20 am +2,"SWISS, Thai Airways",EWR‐HKT,25h30m,2,"ZRH, BKK",10:15 am – 1:10 pm +1,"THAI Smile, SWISS",HKT‐EWR,37h55m,2,"BKK, ZRH",1827,20220409-0846,cheap
9:50 pm – 10:20 am +2,"SWISS, Thai Airways",EWR‐HKT,25h30m,2,"ZRH, BKK",8:15 am – 1:10 pm +1,"THAI Smile, SWISS",HKT‐EWR,39h55m,2,"BKK, ZRH",1827,20220409-0846,cheap
9:50 pm – 10:20 am +2,"SWISS, Thai Airways",EWR‐HKT,25h30m,2,"ZRH, BKK",8:15 am – 1:55 pm +1,"THAI Smile, Austrian Airlines",HKT‐EWR,40h40m,2,"BKK, VIE",1827,20220409-0846,cheap
9:50 pm – 9:30 am +2,"SWISS, Bangkok Airways",EWR‐HKT,24h40m,2,"ZRH, BKK",10:15 am – 8:10 pm +1,"THAI Smile, SWISS",HKT‐EWR,44h55m,2,"BKK, ZRH",1827,20220409-0846,cheap
9:50 pm – 9:30 am +2,"SWISS, Bangkok Airways",EWR‐HKT,24h40m,2,"ZRH, BKK",8:15 am – 8:10 pm +1,"THAI Smile, SWISS",HKT‐EWR,46h55m,2,"BKK, ZRH",1827,20220409-0846,cheap
11:35 am – 9:30 am +2,"ANA, Bangkok Airways",EWR‐HKT,34h55m,2,"NRT, BKK",7:10 pm – 4:40 pm +1,"Bangkok Airways, ANA",HKT‐EWR,32h30m,2,"BKK, NRT",1841,20220409-0846,cheap
6:59 am – 9:35 am +2,"JetBlue, Singapore Airlines",EWR‐HKT,39h36m,3,"LAX, NRT, ...",12:10 am – 9:20 pm,Emirates,HKT‐EWR,32h10m,2,"DXB, ATH",1670,20220409-0843,best
10:25 am – 7:20 pm +1,Singapore Airlines,EWR‐HKT,21h55m,1,SIN,6:10 pm – 6:00 am +1,Singapore Airlines,HKT‐EWR,22h50m,1,SIN,1869,20220409-0843,best
11:35 am – 2:00 pm +2,"ANA, Bangkok Airways",EWR‐HKT,39h25m,2,"NRT, BKK",12:10 am – 9:20 pm,Emirates,HKT‐EWR,32h10m,2,"DXB, ATH",1439,20220409-0843,best
10:25 am – 7:20 pm +1,Singapore Airlines,EWR‐HKT,21h55m,1,SIN,11:40 am – 6:00 am +1,Singapore Airlines,HKT‐EWR,29h20m,1,SIN,1869,20220409-0843,best
10:25 am – 7:20 pm +1,Singapore Airlines,EWR‐HKT,21h55m,1,SIN,12:10 pm – 6:00 am +1,Singapore Airlines,HKT‐EWR,28h50m,1,SIN,1928,20220409-0843,best
10:25 am – 7:20 pm +1,Singapore Airlines,EWR‐HKT,21h55m,1,SIN,10:25 am – 6:00 am +1,Singapore Airlines,HKT‐EWR,30h35m,1,SIN,1869,20220409-0843,best
10:25 am – 9:35 am +2,Singapore Airlines,EWR‐HKT,36h10m,1,SIN,6:10 pm – 6:00 am +1,Singapore Airlines,HKT‐EWR,22h50m,1,SIN,1885,20220409-0843,best
10:25 am – 10:50 am +2,Singapore Airlines,EWR‐HKT,37h25m,1,SIN,6:10 pm – 6:00 am +1,Singapore Airlines,HKT‐EWR,22h50m,1,SIN,1869,20220409-0843,best
10:25 am – 7:20 pm +1,Singapore Airlines,EWR‐HKT,21h55m,1,SIN,12:10 am – 9:20 pm,Emirates,HKT‐EWR,32h10m,2,"DXB, ATH",2049,20220409-0843,best
10:25 am – 11:30 am +2,Singapore Airlines,EWR‐HKT,38h05m,1,SIN,6:10 pm – 6:00 am +1,Singapore Airlines,HKT‐EWR,22h50m,1,SIN,1928,20220409-0843,best
11:55 pm – 12:30 pm +2,Emirates,EWR‐HKT,25h35m,1,DXB,12:10 am – 9:20 pm,Emirates,HKT‐EWR,32h10m,1,DXB,1930,20220409-0843,best
11:35 am – 9:30 am +2,"ANA, Bangkok Airways",EWR‐HKT,34h55m,2,"NRT, BKK",12:10 am – 9:20 pm,Emirates,HKT‐EWR,32h10m,2,"DXB, ATH",1440,20220409-0843,best
10:55 am – 9:30 am +2,"ANA, Bangkok Airways",EWR‐HKT,35h35m,2,"HND-NRT, BKK",12:10 am – 9:20 pm,Emirates,HKT‐EWR,32h10m,2,"DXB, ATH",1445,20220409-0843,best
11:55 pm – 12:30 pm +2,Emirates,EWR‐HKT,25h35m,2,"ATH, DXB",12:10 am – 9:20 pm,Emirates,HKT‐EWR,32h10m,2,"DXB, ATH",1894,20220409-0843,best
10:25 am – 9:35 am +2,Singapore Airlines,EWR‐HKT,36h10m,1,SIN,11:40 am – 6:00 am +1,Singapore Airlines,HKT‐EWR,29h20m,1,SIN,1869,20220409-0843,best
10:25 am – 9:35 am +2,Singapore Airlines,EWR‐HKT,36h10m,1,SIN,12:10 pm – 6:00 am +1,Singapore Airlines,HKT‐EWR,28h50m,1,SIN,1928,20220409-0843,best
10:25 am – 5:10 pm +2,Singapore Airlines,EWR‐HKT,43h45m,1,SIN,6:10 pm – 6:00 am +1,Singapore Airlines,HKT‐EWR,22h50m,1,SIN,1869,20220409-0843,best
10:25 am – 7:20 pm +1,Singapore Airlines,EWR‐HKT,21h55m,1,SIN,6:10 pm – 6:00 am +1,Singapore Airlines,HKT‐EWR,22h50m,1,SIN,1869,20220409-0848,fast
10:25 am – 7:20 pm +1,Singapore Airlines,EWR‐HKT,21h55m,1,SIN,12:10 pm – 6:00 am +1,Singapore Airlines,HKT‐EWR,28h50m,1,SIN,1928,20220409-0848,fast
10:25 am – 7:20 pm +1,Singapore Airlines,EWR‐HKT,21h55m,1,SIN,11:40 am – 6:00 am +1,Singapore Airlines,HKT‐EWR,29h20m,1,SIN,1869,20220409-0848,fast
10:25 am – 7:20 pm +1,Singapore Airlines,EWR‐HKT,21h55m,1,SIN,10:25 am – 6:00 am +1,Singapore Airlines,HKT‐EWR,30h35m,1,SIN,1869,20220409-0848,fast
10:25 am – 7:20 pm +1,Singapore Airlines,EWR‐HKT,21h55m,1,SIN,12:10 am – 9:20 pm,Emirates,HKT‐EWR,32h10m,2,"DXB, ATH",2049,20220409-0848,fast
4:00 pm – 10:50 am +2,Singapore Airlines,EWR‐HKT,31h50m,2,"LAX, SIN",6:10 pm – 6:00 am +1,Singapore Airlines,HKT‐EWR,22h50m,1,SIN,2441,20220409-0848,fast
11:55 pm – 12:30 pm +2,Emirates,EWR‐HKT,25h35m,2,"ATH, DXB",12:10 am – 9:20 pm,Emirates,HKT‐EWR,32h10m,2,"DXB, ATH",1894,20220409-0848,fast
11:55 pm – 12:30 pm +2,Emirates,EWR‐HKT,25h35m,1,DXB,12:10 am – 9:20 pm,Emirates,HKT‐EWR,32h10m,1,DXB,1930,20220409-0848,fast
10:25 am – 9:35 am +2,Singapore Airlines,EWR‐HKT,36h10m,1,SIN,6:10 pm – 6:00 am +1,Singapore Airlines,HKT‐EWR,22h50m,1,SIN,1885,20220409-0848,fast
6:05 pm – 10:20 am +2,"Lufthansa, Thai Airways",EWR‐HKT,29h15m,2,"FRA, BKK",7:10 pm – 1:55 pm +1,"Thai Airways, Austrian Airlines",HKT‐EWR,29h45m,3,"BKK, FRA, ...",1994,20220409-0848,fast
7:45 pm – 1:15 pm +2,"American Airlines, Qatar Airways",EWR‐HKT,30h30m,2,"ORD, DOH",9:05 pm – 3:28 pm +1,"Qatar Airways, American Airlines",HKT‐EWR,29h23m,3,"DOH, IAD, ...",2498,20220409-0848,fast
7:30 pm – 1:15 pm +2,"American Airlines, Qatar Airways",EWR‐HKT,30h45m,3,"CLT, ORD, ...",9:05 pm – 3:28 pm +1,"Qatar Airways, American Airlines",HKT‐EWR,29h23m,3,"DOH, IAD, ...",2388,20220409-0848,fast
10:25 am – 10:50 am +2,Singapore Airlines,EWR‐HKT,37h25m,1,SIN,6:10 pm – 6:00 am +1,Singapore Airlines,HKT‐EWR,22h50m,1,SIN,1869,20220409-0848,fast
6:45 pm – 1:15 pm +2,Qatar Airways,EWR‐HKT,31h30m,2,"BOS, DOH",12:10 pm – 6:00 am +1,Singapore Airlines,HKT‐EWR,28h50m,1,SIN,2956,20220409-0848,fast
10:25 am – 11:30 am +2,Singapore Airlines,EWR‐HKT,38h05m,1,SIN,6:10 pm – 6:00 am +1,Singapore Airlines,HKT‐EWR,22h50m,1,SIN,1928,20220409-0848,fast
