Out Time,Out Airline,Out Cities,Out Duration,Out Stops,Out Stop Cities,Return Time,Return Airline,Return Cities,Return Duration,Return Stops,Return Stop Cities,Price,timestamp,sort
1:55 pm – 7:20 am +2,"American Airlines, Qatar Airways",EWR‐HKT,30h25m,2,"DFW, DOH",11:55 pm – 9:00 pm +1,"Qatar Airways, American Airlines",HKT‐EWR,32h05m,2,"DOH, ORD",1364,20220406-0736,cheap
1:46 pm – 7:20 am +2,"American Airlines, Qatar Airways",EWR‐HKT,30h34m,2,"ORD, DOH",11:55 pm – 9:00 pm +1,"Qatar Airways, American Airlines",HKT‐EWR,32h05m,2,"DOH, ORD",1364,20220406-0736,cheap
12:21 pm – 7:20 am +2,"American Airlines, Qatar Airways",EWR‐HKT,31h59m,2,"ORD, DOH",11:55 pm – 9:00 pm +1,"Qatar Airways, American Airlines",HKT‐EWR,32h05m,2,"DOH, ORD",1364,20220406-0736,cheap
1:55 pm – 7:20 am +2,"American Airlines, Qatar Airways",EWR‐HKT,30h25m,2,"DFW, DOH",11:55 pm – 11:43 pm +1,"Qatar Airways, American Airlines",HKT‐EWR,34h48m,2,"DOH, ORD",1364,20220406-0736,cheap
1:46 pm – 7:20 am +2,"American Airlines, Qatar Airways",EWR‐HKT,30h34m,2,"ORD, DOH",11:55 pm – 11:43 pm +1,"Qatar Airways, American Airlines",HKT‐EWR,34h48m,2,"DOH, ORD",1364,20220406-0736,cheap
10:58 am – 7:20 am +2,"American Airlines, Qatar Airways",EWR‐HKT,33h22m,2,"DFW, DOH",11:55 pm – 9:00 pm +1,"Qatar Airways, American Airlines",HKT‐EWR,32h05m,2,"DOH, ORD",1364,20220406-0736,cheap
1:55 pm – 7:20 am +2,"American Airlines, Qatar Airways",EWR‐HKT,30h25m,2,"DFW, DOH",11:55 pm – 12:02 am +2,"Qatar Airways, American Airlines",HKT‐EWR,35h07m,2,"DOH, MIA",1364,20220406-0736,cheap
10:50 am – 7:20 am +2,"American Airlines, Qatar Airways",EWR‐HKT,33h30m,2,"ORD, DOH",11:55 pm – 9:00 pm +1,"Qatar Airways, American Airlines",HKT‐EWR,32h05m,2,"DOH, ORD",1364,20220406-0736,cheap
1:46 pm – 7:20 am +2,"American Airlines, Qatar Airways",EWR‐HKT,30h34m,2,"ORD, DOH",11:55 pm – 12:02 am +2,"Qatar Airways, American Airlines",HKT‐EWR,35h07m,2,"DOH, MIA",1364,20220406-0736,cheap
12:21 pm – 7:20 am +2,"American Airlines, Qatar Airways",EWR‐HKT,31h59m,2,"ORD, DOH",11:55 pm – 11:43 pm +1,"Qatar Airways, American Airlines",HKT‐EWR,34h48m,2,"DOH, ORD",1364,20220406-0736,cheap
12:21 pm – 7:20 am +2,"American Airlines, Qatar Airways",EWR‐HKT,31h59m,2,"ORD, DOH",11:55 pm – 12:02 am +2,"Qatar Airways, American Airlines",HKT‐EWR,35h07m,2,"DOH, MIA",1364,20220406-0736,cheap
10:58 am – 7:20 am +2,"American Airlines, Qatar Airways",EWR‐HKT,33h22m,2,"DFW, DOH",11:55 pm – 11:43 pm +1,"Qatar Airways, American Airlines",HKT‐EWR,34h48m,2,"DOH, ORD",1364,20220406-0736,cheap
10:50 am – 7:20 am +2,"American Airlines, Qatar Airways",EWR‐HKT,33h30m,2,"ORD, DOH",11:55 pm – 11:43 pm +1,"Qatar Airways, American Airlines",HKT‐EWR,34h48m,2,"DOH, ORD",1364,20220406-0736,cheap
10:58 am – 7:20 am +2,"American Airlines, Qatar Airways",EWR‐HKT,33h22m,2,"DFW, DOH",11:55 pm – 12:02 am +2,"Qatar Airways, American Airlines",HKT‐EWR,35h07m,2,"DOH, MIA",1364,20220406-0736,cheap
10:50 am – 7:20 am +2,"American Airlines, Qatar Airways",EWR‐HKT,33h30m,2,"ORD, DOH",11:55 pm – 12:02 am +2,"Qatar Airways, American Airlines",HKT‐EWR,35h07m,2,"DOH, MIA",1364,20220406-0736,cheap
1:55 pm – 7:20 am +2,"American Airlines, Qatar Airways",EWR‐HKT,30h25m,2,"DFW, DOH",11:55 pm – 9:00 pm +1,"Qatar Airways, American Airlines",HKT‐EWR,32h05m,2,"DOH, ORD",1364,20220406-0733,best
1:46 pm – 7:20 am +2,"American Airlines, Qatar Airways",EWR‐HKT,30h34m,2,"ORD, DOH",11:55 pm – 9:00 pm +1,"Qatar Airways, American Airlines",HKT‐EWR,32h05m,2,"DOH, ORD",1364,20220406-0733,best
1:43 pm – 7:20 am +2,"American Airlines, Qatar Airways",EWR‐HKT,30h37m,3,"CLT, BOS, ...",11:55 pm – 9:00 pm +1,"Qatar Airways, American Airlines",HKT‐EWR,32h05m,2,"DOH, ORD",1367,20220406-0733,best
1:43 pm – 7:20 am +2,"American Airlines, Qatar Airways",EWR‐HKT,30h37m,3,"CLT, ATL, ...",11:55 pm – 9:00 pm +1,"Qatar Airways, American Airlines",HKT‐EWR,32h05m,2,"DOH, ORD",1367,20220406-0733,best
1:43 pm – 7:20 am +2,"American Airlines, Qatar Airways",EWR‐HKT,30h37m,3,"CLT, BOS, ...",11:55 pm – 9:00 pm +1,"Qatar Airways, American Airlines",HKT‐EWR,32h05m,2,"DOH, ORD",1367,20220406-0733,best
1:46 pm – 7:20 am +2,"American Airlines, Qatar Airways",EWR‐HKT,30h34m,3,"ORD, BOS, ...",11:55 pm – 9:00 pm +1,"Qatar Airways, American Airlines",HKT‐EWR,32h05m,2,"DOH, ORD",1368,20220406-0733,best
12:21 pm – 7:20 am +2,"American Airlines, Qatar Airways",EWR‐HKT,31h59m,2,"ORD, DOH",11:55 pm – 9:00 pm +1,"Qatar Airways, American Airlines",HKT‐EWR,32h05m,2,"DOH, ORD",1364,20220406-0733,best
7:42 pm – 1:15 pm +2,"American Airlines, Qatar Airways",EWR‐HKT,30h33m,2,"ORD, DOH",11:55 pm – 9:00 pm +1,"Qatar Airways, American Airlines",HKT‐EWR,32h05m,2,"DOH, ORD",1404,20220406-0733,best
1:55 pm – 7:20 am +2,"American Airlines, Qatar Airways",EWR‐HKT,30h25m,2,"DFW, DOH",11:55 pm – 10:13 pm +1,"Qatar Airways, American Airlines",HKT‐EWR,33h18m,3,"DOH, PHL, ...",1367,20220406-0733,best
1:46 pm – 7:20 am +2,"American Airlines, Qatar Airways",EWR‐HKT,30h34m,2,"ORD, DOH",11:55 pm – 10:13 pm +1,"Qatar Airways, American Airlines",HKT‐EWR,33h18m,3,"DOH, PHL, ...",1367,20220406-0733,best
1:55 pm – 7:20 am +2,"American Airlines, Qatar Airways",EWR‐HKT,30h25m,2,"DFW, DOH",11:55 pm – 11:43 pm +1,"Qatar Airways, American Airlines",HKT‐EWR,34h48m,2,"DOH, ORD",1364,20220406-0733,best
1:46 pm – 7:20 am +2,"American Airlines, Qatar Airways",EWR‐HKT,30h34m,2,"ORD, DOH",11:55 pm – 11:43 pm +1,"Qatar Airways, American Airlines",HKT‐EWR,34h48m,2,"DOH, ORD",1364,20220406-0733,best
1:55 pm – 7:20 am +2,"American Airlines, Qatar Airways",EWR‐HKT,30h25m,2,"DFW, DOH",11:55 pm – 12:02 am +2,"Qatar Airways, American Airlines",HKT‐EWR,35h07m,2,"DOH, MIA",1364,20220406-0733,best
1:43 pm – 7:20 am +2,"American Airlines, Qatar Airways",EWR‐HKT,30h37m,3,"CLT, ORD, ...",11:55 pm – 9:00 pm +1,"Qatar Airways, American Airlines",HKT‐EWR,32h05m,2,"DOH, ORD",1407,20220406-0733,best
1:43 pm – 7:20 am +2,"American Airlines, Qatar Airways",EWR‐HKT,30h37m,3,"CLT, PHL, ...",11:55 pm – 9:00 pm +1,"Qatar Airways, American Airlines",HKT‐EWR,32h05m,2,"DOH, ORD",1407,20220406-0733,best
9:50 pm – 10:40 am +2,"SWISS, Thai Airways",EWR‐HKT,25h50m,2,"ZRH, BKK",8:10 am – 8:10 pm,SWISS,HKT‐EWR,23h00m,1,ZRH,1866,20220406-0738,fast
8:45 pm – 9:35 am +2,"Lufthansa, Singapore Airlines",EWR‐HKT,25h50m,2,"MUC, SIN",8:10 am – 8:10 pm,SWISS,HKT‐EWR,23h00m,1,ZRH,2679,20220406-0738,fast
6:05 pm – 7:20 am +2,"Lufthansa, Qatar Airways",EWR‐HKT,26h15m,2,"FRA, DOH",8:10 am – 8:10 pm,SWISS,HKT‐EWR,23h00m,1,ZRH,5149,20220406-0738,fast
8:45 pm – 10:15 am +2,"Lufthansa, Etihad Airways",EWR‐HKT,26h30m,2,"MUC, AUH",8:10 am – 8:10 pm,SWISS,HKT‐EWR,23h00m,1,ZRH,5120,20220406-0738,fast
8:45 pm – 10:40 am +2,"Lufthansa, Thai Airways",EWR‐HKT,26h55m,2,"MUC, BKK",8:10 am – 8:10 pm,SWISS,HKT‐EWR,23h00m,1,ZRH,4956,20220406-0738,fast
7:35 pm – 9:35 am +2,"Lufthansa, Singapore Airlines",EWR‐HKT,27h00m,2,"FRA, SIN",8:10 am – 8:10 pm,SWISS,HKT‐EWR,23h00m,1,ZRH,2695,20220406-0738,fast
8:45 pm – 10:50 am +2,"Lufthansa, Singapore Airlines",EWR‐HKT,27h05m,2,"MUC, SIN",8:10 am – 8:10 pm,SWISS,HKT‐EWR,23h00m,1,ZRH,2679,20220406-0738,fast
7:35 pm – 10:50 am +2,"Lufthansa, Singapore Airlines",EWR‐HKT,28h15m,2,"FRA, SIN",8:10 am – 8:10 pm,SWISS,HKT‐EWR,23h00m,1,ZRH,2695,20220406-0738,fast
9:50 pm – 10:40 am +2,"SWISS, Thai Airways",EWR‐HKT,25h50m,2,"ZRH, BKK",8:10 pm – 12:45 pm +1,"Singapore Airlines, Lufthansa",HKT‐EWR,27h35m,2,"SIN, MUC",3079,20220406-0738,fast
8:45 pm – 9:35 am +2,"Lufthansa, Singapore Airlines",EWR‐HKT,25h50m,2,"MUC, SIN",8:10 pm – 12:45 pm +1,"Singapore Airlines, Lufthansa",HKT‐EWR,27h35m,2,"SIN, MUC",7564,20220406-0738,fast
9:50 pm – 10:40 am +2,"SWISS, Thai Airways",EWR‐HKT,25h50m,2,"ZRH, BKK",7:50 pm – 12:45 pm +1,"Scoot, Lufthansa",HKT‐EWR,27h55m,2,"SIN, MUC",3112,20220406-0738,fast
9:50 pm – 10:40 am +2,"SWISS, Thai Airways",EWR‐HKT,25h50m,2,"ZRH, BKK",8:10 pm – 1:55 pm +1,"Singapore Airlines, Lufthansa",HKT‐EWR,28h45m,2,"SIN, FRA",3095,20220406-0738,fast
7:35 pm – 9:35 am +2,"Lufthansa, Singapore Airlines",EWR‐HKT,27h00m,2,"FRA, SIN",8:10 pm – 12:45 pm +1,"Singapore Airlines, Lufthansa",HKT‐EWR,27h35m,2,"SIN, MUC",4711,20220406-0738,fast
8:45 pm – 9:35 am +2,"Lufthansa, Singapore Airlines",EWR‐HKT,25h50m,2,"MUC, SIN",8:10 pm – 1:55 pm +1,"Singapore Airlines, Lufthansa",HKT‐EWR,28h45m,2,"SIN, FRA",7580,20220406-0738,fast
8:45 pm – 10:50 am +2,"Lufthansa, Singapore Airlines",EWR‐HKT,27h05m,2,"MUC, SIN",8:10 pm – 12:45 pm +1,"Singapore Airlines, Lufthansa",HKT‐EWR,27h35m,2,"SIN, MUC",7564,20220406-0738,fast
