Out Time,Out Airline,Out Cities,Out Duration,Out Stops,Out Stop Cities,Return Time,Return Airline,Return Cities,Return Duration,Return Stops,Return Stop Cities,Price,timestamp,sort
12:00 pm – 10:20 am +2,"ANA, Thai Airways",EWR‐HKT,35h20m,2,"NRT, BKK",12:10 am – 9:20 pm,Emirates,HKT‐EWR,32h10m,2,"DXB, ATH",1429,20220406-1641,cheap
10:55 am – 10:20 am +2,"ANA, Thai Airways",EWR‐HKT,36h25m,2,"HND-NRT, BKK",12:10 am – 9:20 pm,Emirates,HKT‐EWR,32h10m,2,"DXB, ATH",1475,20220406-1641,cheap
12:00 pm – 10:20 am +2,"ANA, Thai Airways",EWR‐HKT,35h20m,2,"NRT, BKK",2:40 pm – 7:30 pm +1,"Bangkok Airways, Ethiopian Air",HKT‐EWR,39h50m,3,"BKK, ADD, ...",1553,20220406-1641,cheap
12:00 pm – 10:20 am +2,"ANA, Thai Airways",EWR‐HKT,35h20m,2,"NRT, BKK",8:00 pm – 3:50 pm +1,Etihad Airways,HKT‐EWR,30h50m,2,"AUH, DUB",1605,20220406-1641,cheap
10:55 am – 10:20 am +2,"ANA, Thai Airways",EWR‐HKT,36h25m,2,"HND-NRT, BKK",8:00 pm – 3:50 pm +1,Etihad Airways,HKT‐EWR,30h50m,2,"AUH, DUB",1654,20220406-1641,cheap
9:50 pm – 1:15 pm +2,"SWISS, Qatar Airways",EWR‐HKT,28h25m,3,"ZRH, DXB, ...",5:25 pm – 5:10 pm +1,"Thai Vietjet Air, ANA",HKT‐EWR,34h45m,2,"BKK, HND",1742,20220406-1641,cheap
6:05 pm – 1:05 pm +2,"Lufthansa, Thai Airways",EWR‐HKT,32h00m,1,FRA,5:10 pm – 10:20 pm +1,"AirAsia, Turkish Airlines",HKT‐EWR,40h10m,2,"KUL, IST",1782,20220406-1641,cheap
10:25 am – 7:20 pm +1,Singapore Airlines,EWR‐HKT,21h55m,1,SIN,11:40 am – 6:00 am +1,Singapore Airlines,HKT‐EWR,29h20m,1,SIN,1783,20220406-1641,cheap
10:25 am – 7:20 pm +1,Singapore Airlines,EWR‐HKT,21h55m,1,SIN,10:25 am – 6:00 am +1,Singapore Airlines,HKT‐EWR,30h35m,1,SIN,1783,20220406-1641,cheap
10:25 am – 9:35 am +2,Singapore Airlines,EWR‐HKT,36h10m,1,SIN,6:10 pm – 6:00 am +1,Singapore Airlines,HKT‐EWR,22h50m,1,SIN,1783,20220406-1641,cheap
10:25 am – 9:35 am +2,Singapore Airlines,EWR‐HKT,36h10m,1,SIN,11:40 am – 6:00 am +1,Singapore Airlines,HKT‐EWR,29h20m,1,SIN,1783,20220406-1641,cheap
10:25 am – 5:10 pm +2,Singapore Airlines,EWR‐HKT,43h45m,1,SIN,6:10 pm – 6:00 am +1,Singapore Airlines,HKT‐EWR,22h50m,1,SIN,1783,20220406-1641,cheap
10:25 am – 9:35 am +2,Singapore Airlines,EWR‐HKT,36h10m,1,SIN,10:25 am – 6:00 am +1,Singapore Airlines,HKT‐EWR,30h35m,1,SIN,1783,20220406-1641,cheap
10:25 am – 10:50 am +2,Singapore Airlines,EWR‐HKT,37h25m,1,SIN,10:25 am – 6:00 am +1,Singapore Airlines,HKT‐EWR,30h35m,1,SIN,1783,20220406-1641,cheap
10:25 am – 5:10 pm +2,Singapore Airlines,EWR‐HKT,43h45m,1,SIN,11:40 am – 6:00 am +1,Singapore Airlines,HKT‐EWR,29h20m,1,SIN,1783,20220406-1641,cheap
11:55 pm – 12:30 pm +2,Emirates,EWR‐HKT,25h35m,2,"ATH, DXB",12:10 am – 9:20 pm,Emirates,HKT‐EWR,32h10m,2,"DXB, ATH",2004,20220406-1638,best
10:25 am – 7:20 pm +1,Singapore Airlines,EWR‐HKT,21h55m,1,SIN,6:10 pm – 6:00 am +1,Singapore Airlines,HKT‐EWR,22h50m,1,SIN,1797,20220406-1638,best
12:00 pm – 10:20 am +2,"ANA, Thai Airways",EWR‐HKT,35h20m,2,"NRT, BKK",12:10 am – 9:20 pm,Emirates,HKT‐EWR,32h10m,2,"DXB, ATH",1429,20220406-1638,best
10:25 am – 7:20 pm +1,Singapore Airlines,EWR‐HKT,21h55m,1,SIN,11:40 am – 6:00 am +1,Singapore Airlines,HKT‐EWR,29h20m,1,SIN,1783,20220406-1638,best
10:25 am – 7:20 pm +1,Singapore Airlines,EWR‐HKT,21h55m,1,SIN,10:25 am – 6:00 am +1,Singapore Airlines,HKT‐EWR,30h35m,1,SIN,1783,20220406-1638,best
10:25 am – 9:35 am +2,Singapore Airlines,EWR‐HKT,36h10m,1,SIN,6:10 pm – 6:00 am +1,Singapore Airlines,HKT‐EWR,22h50m,1,SIN,1783,20220406-1638,best
10:25 am – 10:50 am +2,Singapore Airlines,EWR‐HKT,37h25m,1,SIN,6:10 pm – 6:00 am +1,Singapore Airlines,HKT‐EWR,22h50m,1,SIN,1797,20220406-1638,best
10:25 am – 7:20 pm +1,Singapore Airlines,EWR‐HKT,21h55m,1,SIN,12:10 am – 9:20 pm,Emirates,HKT‐EWR,32h10m,2,"DXB, ATH",2181,20220406-1638,best
10:25 am – 9:35 am +2,Singapore Airlines,EWR‐HKT,36h10m,1,SIN,11:40 am – 6:00 am +1,Singapore Airlines,HKT‐EWR,29h20m,1,SIN,1783,20220406-1638,best
10:25 am – 5:10 pm +2,Singapore Airlines,EWR‐HKT,43h45m,1,SIN,6:10 pm – 6:00 am +1,Singapore Airlines,HKT‐EWR,22h50m,1,SIN,1783,20220406-1638,best
10:25 am – 9:35 am +2,Singapore Airlines,EWR‐HKT,36h10m,1,SIN,10:25 am – 6:00 am +1,Singapore Airlines,HKT‐EWR,30h35m,1,SIN,1783,20220406-1638,best
12:00 pm – 10:20 am +2,"ANA, Thai Airways",EWR‐HKT,35h20m,2,"NRT, BKK",8:00 pm – 3:50 pm +1,Etihad Airways,HKT‐EWR,30h50m,2,"AUH, DUB",1605,20220406-1638,best
10:25 am – 10:50 am +2,Singapore Airlines,EWR‐HKT,37h25m,1,SIN,11:40 am – 6:00 am +1,Singapore Airlines,HKT‐EWR,29h20m,1,SIN,1797,20220406-1638,best
9:50 pm – 10:20 am +2,"SWISS, Thai Airways",EWR‐HKT,25h30m,2,"ZRH, BKK",8:10 pm – 12:25 pm +1,"Singapore Airlines, Lufthansa",HKT‐EWR,27h15m,2,"SIN, MUC",2370,20220406-1638,best
11:55 pm – 12:30 pm +2,Emirates,EWR‐HKT,25h35m,2,"ATH, DXB",12:10 am – 9:20 pm,Emirates,HKT‐EWR,32h10m,2,"DXB, ATH",1965,20220406-1638,best
9:50 pm – 10:20 am +2,"SWISS, Thai Airways",EWR‐HKT,25h30m,2,"ZRH, BKK",1:00 pm – 1:55 pm +1,"THAI Smile, Austrian Airlines",HKT‐EWR,35h55m,2,"BKK, VIE",1827,20220406-1638,best
10:25 am – 7:20 pm +1,Singapore Airlines,EWR‐HKT,21h55m,1,SIN,6:10 pm – 6:00 am +1,Singapore Airlines,HKT‐EWR,22h50m,1,SIN,1797,20220406-1643,fast
10:25 am – 7:20 pm +1,Singapore Airlines,EWR‐HKT,21h55m,1,SIN,11:40 am – 6:00 am +1,Singapore Airlines,HKT‐EWR,29h20m,1,SIN,1783,20220406-1643,fast
9:50 pm – 10:20 am +2,"SWISS, Thai Airways",EWR‐HKT,25h30m,2,"ZRH, BKK",8:00 pm – 10:50 am +1,"Etihad Airways, Austrian Airlines",HKT‐EWR,25h50m,2,"AUH, LHR",5156,20220406-1643,fast
9:50 pm – 10:20 am +2,"SWISS, Thai Airways",EWR‐HKT,25h30m,2,"ZRH, BKK",12:10 am – 3:25 pm,"Emirates, Lufthansa",HKT‐EWR,26h15m,2,"DXB, CDG",5043,20220406-1643,fast
9:50 pm – 10:20 am +2,"SWISS, Thai Airways",EWR‐HKT,25h30m,2,"ZRH, BKK",8:00 pm – 11:20 am +1,"Etihad Airways, Lufthansa",HKT‐EWR,26h20m,2,"AUH, DUB",5111,20220406-1643,fast
9:50 pm – 10:20 am +2,"SWISS, Thai Airways",EWR‐HKT,25h30m,2,"ZRH, BKK",8:00 pm – 11:45 am +1,"Etihad Airways, Lufthansa",HKT‐EWR,26h45m,2,"AUH, CDG",5128,20220406-1643,fast
9:50 pm – 10:20 am +2,"SWISS, Thai Airways",EWR‐HKT,25h30m,2,"ZRH, BKK",9:15 pm – 1:10 pm +1,"Thai Airways, SWISS",HKT‐EWR,26h55m,2,"BKK, ZRH",1977,20220406-1643,fast
9:50 pm – 10:20 am +2,"SWISS, Thai Airways",EWR‐HKT,25h30m,2,"ZRH, BKK",7:50 pm – 11:45 am +1,Multiple Airlines,HKT‐EWR,26h55m,2,"SIN, CDG",4911,20220406-1643,fast
10:25 am – 7:20 pm +1,Singapore Airlines,EWR‐HKT,21h55m,1,SIN,10:25 am – 6:00 am +1,Singapore Airlines,HKT‐EWR,30h35m,1,SIN,1783,20220406-1643,fast
9:50 pm – 10:35 am +2,"SWISS, Thai Airways",EWR‐HKT,25h45m,2,"ZRH, BKK",9:15 pm – 1:10 pm +1,"Thai Airways, SWISS",HKT‐EWR,26h55m,2,"BKK, ZRH",1972,20220406-1643,fast
9:50 pm – 10:20 am +2,"SWISS, Thai Airways",EWR‐HKT,25h30m,2,"ZRH, BKK",8:10 pm – 12:25 pm +1,"Singapore Airlines, Lufthansa",HKT‐EWR,27h15m,2,"SIN, MUC",2370,20220406-1643,fast
9:50 pm – 10:20 am +2,"SWISS, Thai Airways",EWR‐HKT,25h30m,2,"ZRH, BKK",7:50 pm – 12:25 pm +1,"Scoot, Lufthansa",HKT‐EWR,27h35m,2,"SIN, MUC",2712,20220406-1643,fast
9:50 pm – 10:20 am +2,"SWISS, Thai Airways",EWR‐HKT,25h30m,2,"ZRH, BKK",7:10 pm – 11:45 am +1,Multiple Airlines,HKT‐EWR,27h35m,2,"BKK, ARN",4946,20220406-1643,fast
9:50 pm – 10:20 am +2,"SWISS, Thai Airways",EWR‐HKT,25h30m,2,"ZRH, BKK",7:10 pm – 11:45 am +1,Multiple Airlines,HKT‐EWR,27h35m,2,"BKK, CDG",4965,20220406-1643,fast
9:50 pm – 10:20 am +2,"SWISS, Thai Airways",EWR‐HKT,25h30m,2,"ZRH, BKK",7:50 pm – 12:35 pm +1,Multiple Airlines,HKT‐EWR,27h45m,2,"SIN, LHR",4939,20220406-1643,fast
