Out Time,Out Airline,Out Cities,Out Duration,Out Stops,Out Stop Cities,Return Time,Return Airline,Return Cities,Return Duration,Return Stops,Return Stop Cities,Price,timestamp,sort
10:25 am – 7:20 pm +1,Singapore Airlines,EWR‐HKT,21h55m,1,SIN,8:10 pm – 7:05 am +2,Singapore Airlines,HKT‐EWR,45h55m,3,"SIN, NRT, ...",1456,20220409-1338,cheap
10:25 am – 7:20 pm +1,Singapore Airlines,EWR‐HKT,21h55m,1,SIN,8:10 pm – 7:05 am +2,"Singapore Airlines, Alaska Airlines",HKT‐EWR,45h55m,3,"SIN, NRT, ...",1490,20220409-1338,cheap
10:25 am – 7:20 pm +1,Singapore Airlines,EWR‐HKT,21h55m,1,SIN,8:10 pm – 6:59 am +2,"Singapore Airlines, Alaska Airlines",HKT‐EWR,45h49m,2,"SIN, SFO",1518,20220409-1338,cheap
10:25 am – 7:20 pm +1,Singapore Airlines,EWR‐HKT,21h55m,1,SIN,6:10 pm – 6:59 am +2,"Singapore Airlines, Alaska Airlines",HKT‐EWR,47h49m,2,"SIN, SFO",1518,20220409-1338,cheap
6:45 pm – 6:55 am +2,"JetBlue, Qatar Airways",EWR‐HKT,25h10m,2,"BOS, DOH",11:55 pm – 7:40 pm +1,Qatar Airways,HKT‐EWR,30h45m,2,"DOH, ORD",1605,20220409-1338,cheap
4:26 pm – 6:55 am +2,Qatar Airways,EWR‐HKT,27h29m,2,"BOS, DOH",11:55 pm – 7:40 pm +1,Qatar Airways,HKT‐EWR,30h45m,2,"DOH, ORD",1605,20220409-1338,cheap
6:45 pm – 6:55 am +2,"JetBlue, Qatar Airways",EWR‐HKT,25h10m,2,"BOS, DOH",9:05 pm – 7:40 pm +1,Qatar Airways,HKT‐EWR,33h35m,2,"DOH, ORD",1605,20220409-1338,cheap
6:45 pm – 6:55 am +2,"JetBlue, Qatar Airways",EWR‐HKT,25h10m,2,"BOS, DOH",9:05 pm – 7:40 pm +1,Qatar Airways,HKT‐EWR,33h35m,2,"DOH, ORD",1605,20220409-1338,cheap
4:26 pm – 6:55 am +2,Qatar Airways,EWR‐HKT,27h29m,2,"BOS, DOH",9:05 pm – 7:40 pm +1,Qatar Airways,HKT‐EWR,33h35m,2,"DOH, ORD",1605,20220409-1338,cheap
4:26 pm – 6:55 am +2,Qatar Airways,EWR‐HKT,27h29m,2,"BOS, DOH",9:05 pm – 7:40 pm +1,Qatar Airways,HKT‐EWR,33h35m,2,"DOH, ORD",1605,20220409-1338,cheap
4:26 pm – 1:15 pm +2,Qatar Airways,EWR‐HKT,33h49m,2,"BOS, DOH",11:55 pm – 7:40 pm +1,Qatar Airways,HKT‐EWR,30h45m,2,"DOH, ORD",1605,20220409-1338,cheap
9:26 am – 6:55 am +2,Qatar Airways,EWR‐HKT,34h29m,2,"BOS, DOH",11:55 pm – 7:40 pm +1,Qatar Airways,HKT‐EWR,30h45m,2,"DOH, ORD",1605,20220409-1338,cheap
4:26 pm – 1:15 pm +2,Qatar Airways,EWR‐HKT,33h49m,2,"BOS, DOH",9:05 pm – 7:40 pm +1,Qatar Airways,HKT‐EWR,33h35m,2,"DOH, ORD",1605,20220409-1338,cheap
4:26 pm – 1:15 pm +2,Qatar Airways,EWR‐HKT,33h49m,2,"BOS, DOH",9:05 pm – 7:40 pm +1,Qatar Airways,HKT‐EWR,33h35m,2,"DOH, ORD",1605,20220409-1338,cheap
9:26 am – 6:55 am +2,Qatar Airways,EWR‐HKT,34h29m,2,"BOS, DOH",9:05 pm – 7:40 pm +1,Qatar Airways,HKT‐EWR,33h35m,2,"DOH, ORD",1605,20220409-1338,cheap
4:26 pm – 6:55 am +2,"JetBlue, Qatar Airways",EWR‐HKT,27h29m,2,"BOS, DOH",11:55 pm – 8:46 am +2,"Qatar Airways, JetBlue",HKT‐EWR,43h51m,2,"DOH, BOS",1616,20220409-1335,best
10:25 am – 7:20 pm +1,Singapore Airlines,EWR‐HKT,21h55m,1,SIN,6:10 pm – 6:00 am +1,Singapore Airlines,HKT‐EWR,22h50m,1,SIN,1742,20220409-1335,best
10:25 am – 7:20 pm +1,Singapore Airlines,EWR‐HKT,21h55m,1,SIN,8:10 pm – 7:05 am +2,Singapore Airlines,HKT‐EWR,45h55m,3,"SIN, NRT, ...",1456,20220409-1335,best
10:25 am – 7:20 pm +1,Singapore Airlines,EWR‐HKT,21h55m,1,SIN,11:40 am – 6:00 am +1,Singapore Airlines,HKT‐EWR,29h20m,1,SIN,1742,20220409-1335,best
10:25 am – 7:20 pm +1,Singapore Airlines,EWR‐HKT,21h55m,1,SIN,10:25 am – 6:00 am +1,Singapore Airlines,HKT‐EWR,30h35m,1,SIN,1742,20220409-1335,best
10:25 am – 7:20 pm +1,Singapore Airlines,EWR‐HKT,21h55m,1,SIN,12:10 pm – 6:00 am +1,Singapore Airlines,HKT‐EWR,28h50m,1,SIN,1849,20220409-1335,best
6:45 pm – 6:55 am +2,"JetBlue, Qatar Airways",EWR‐HKT,25h10m,2,"BOS, DOH",11:55 pm – 7:40 pm +1,Qatar Airways,HKT‐EWR,30h45m,2,"DOH, ORD",1605,20220409-1335,best
4:26 pm – 6:55 am +2,"JetBlue, Qatar Airways",EWR‐HKT,27h29m,2,"BOS, DOH",9:05 pm – 2:52 pm +1,"Qatar Airways, American Airlines",HKT‐EWR,28h47m,2,"DOH, ORD",1636,20220409-1335,best
4:26 pm – 6:55 am +2,Qatar Airways,EWR‐HKT,27h29m,2,"BOS, DOH",9:05 pm – 2:52 pm +1,"Qatar Airways, American Airlines",HKT‐EWR,28h47m,2,"DOH, ORD",1640,20220409-1335,best
10:25 am – 9:35 am +2,Singapore Airlines,EWR‐HKT,36h10m,1,SIN,6:10 pm – 6:00 am +1,Singapore Airlines,HKT‐EWR,22h50m,1,SIN,1742,20220409-1335,best
4:26 pm – 6:55 am +2,Qatar Airways,EWR‐HKT,27h29m,2,"BOS, DOH",11:55 pm – 7:40 pm +1,Qatar Airways,HKT‐EWR,30h45m,2,"DOH, ORD",1605,20220409-1335,best
4:30 pm – 6:55 am +2,Qatar Airways,EWR‐HKT,27h25m,2,"BOS, DOH",11:55 pm – 7:40 pm +1,Qatar Airways,HKT‐EWR,30h45m,2,"DOH, ORD",1644,20220409-1335,best
10:25 am – 10:50 am +2,Singapore Airlines,EWR‐HKT,37h25m,1,SIN,6:10 pm – 6:00 am +1,Singapore Airlines,HKT‐EWR,22h50m,1,SIN,1742,20220409-1335,best
6:45 pm – 6:55 am +2,"JetBlue, Qatar Airways",EWR‐HKT,25h10m,2,"BOS, DOH",9:05 pm – 7:40 pm +1,Qatar Airways,HKT‐EWR,33h35m,2,"DOH, ORD",1605,20220409-1335,best
6:45 pm – 6:55 am +2,"JetBlue, Qatar Airways",EWR‐HKT,25h10m,2,"BOS, DOH",9:05 pm – 7:40 pm +1,Qatar Airways,HKT‐EWR,33h35m,2,"DOH, ORD",1605,20220409-1335,best
6:45 pm – 6:55 am +2,"JetBlue, Qatar Airways",EWR‐HKT,25h10m,2,"BOS, DOH",11:55 pm – 9:27 pm +1,Qatar Airways,HKT‐EWR,32h32m,2,"DOH, ORD",1657,20220409-1335,best
6:45 pm – 6:55 am +2,Qatar Airways,EWR‐HKT,25h10m,2,"BOS, DOH",12:10 am – 9:20 pm,Emirates,HKT‐EWR,32h10m,2,"DXB, ATH",1705,20220409-1335,best
10:25 am – 7:20 pm +1,Singapore Airlines,EWR‐HKT,21h55m,1,SIN,6:10 pm – 6:00 am +1,Singapore Airlines,HKT‐EWR,22h50m,1,SIN,1742,20220409-1341,fast
10:25 am – 7:20 pm +1,Singapore Airlines,EWR‐HKT,21h55m,1,SIN,12:10 pm – 6:00 am +1,Singapore Airlines,HKT‐EWR,28h50m,1,SIN,1849,20220409-1341,fast
10:25 am – 7:20 pm +1,Singapore Airlines,EWR‐HKT,21h55m,1,SIN,11:40 am – 6:00 am +1,Singapore Airlines,HKT‐EWR,29h20m,1,SIN,1742,20220409-1341,fast
9:50 pm – 9:30 am +2,"SWISS, Bangkok Airways",EWR‐HKT,24h40m,2,"ZRH, BKK",7:50 pm – 12:25 pm +1,"Scoot, Lufthansa",HKT‐EWR,27h35m,2,"SIN, MUC",1886,20220409-1341,fast
10:25 am – 7:20 pm +1,Singapore Airlines,EWR‐HKT,21h55m,1,SIN,10:25 am – 6:00 am +1,Singapore Airlines,HKT‐EWR,30h35m,1,SIN,1742,20220409-1341,fast
10:25 am – 7:20 pm +1,Singapore Airlines,EWR‐HKT,21h55m,1,SIN,8:00 pm – 3:50 pm +1,Etihad Airways,HKT‐EWR,30h50m,2,"AUH, DUB",2030,20220409-1341,fast
6:45 pm – 6:55 am +2,Qatar Airways,EWR‐HKT,25h10m,2,"BOS, DOH",12:10 pm – 6:00 am +1,Singapore Airlines,HKT‐EWR,28h50m,1,SIN,2563,20220409-1341,fast
10:25 am – 7:20 pm +1,Singapore Airlines,EWR‐HKT,21h55m,1,SIN,12:10 am – 9:20 pm,Emirates,HKT‐EWR,32h10m,2,"DXB, ATH",1971,20220409-1341,fast
8:55 pm – 9:35 am +2,"Lufthansa, Singapore Airlines",EWR‐HKT,25h40m,2,"MUC, SIN",8:10 pm – 1:50 pm +1,"Singapore Airlines, Lufthansa",HKT‐EWR,28h40m,2,"SIN, FRA",2528,20220409-1341,fast
8:55 pm – 10:50 am +2,"Lufthansa, Singapore Airlines",EWR‐HKT,26h55m,2,"MUC, SIN",8:10 pm – 1:50 pm +1,"Singapore Airlines, Lufthansa",HKT‐EWR,28h40m,2,"SIN, FRA",2728,20220409-1341,fast
6:45 pm – 6:55 am +2,Qatar Airways,EWR‐HKT,25h10m,2,"BOS, DOH",9:15 pm – 4:40 pm +1,"THAI Smile, ANA",HKT‐EWR,30h25m,2,"BKK, NRT",9626,20220409-1341,fast
7:30 pm – 9:35 am +2,"Lufthansa, Singapore Airlines",EWR‐HKT,27h05m,2,"FRA, SIN",8:10 pm – 1:50 pm +1,"Singapore Airlines, Lufthansa",HKT‐EWR,28h40m,2,"SIN, FRA",2419,20220409-1341,fast
6:45 pm – 6:55 am +2,"JetBlue, Qatar Airways",EWR‐HKT,25h10m,2,"BOS, DOH",11:55 pm – 7:40 pm +1,Qatar Airways,HKT‐EWR,30h45m,2,"DOH, ORD",1605,20220409-1341,fast
4:26 pm – 6:55 am +2,"JetBlue, Qatar Airways",EWR‐HKT,27h29m,2,"BOS, DOH",9:05 pm – 2:52 pm +1,"Qatar Airways, American Airlines",HKT‐EWR,28h47m,2,"DOH, ORD",1636,20220409-1341,fast
4:26 pm – 6:55 am +2,Qatar Airways,EWR‐HKT,27h29m,2,"BOS, DOH",9:05 pm – 2:52 pm +1,"Qatar Airways, American Airlines",HKT‐EWR,28h47m,2,"DOH, ORD",1640,20220409-1341,fast
