Out Time,Out Airline,Out Cities,Out Duration,Out Stops,Out Stop Cities,Return Time,Return Airline,Return Cities,Return Duration,Return Stops,Return Stop Cities,Price,timestamp,sort
11:35 am – 9:30 am +2,"ANA, Bangkok Airways",EWR‐HKT,34h55m,2,"NRT, BKK",2:40 pm – 5:10 pm +1,"Bangkok Airways, ANA",HKT‐EWR,37h30m,2,"BKK, HND",1261,20220409-1410,cheap
10:25 am – 7:20 pm +1,Singapore Airlines,EWR‐HKT,21h55m,1,SIN,8:10 pm – 10:50 pm +1,"Singapore Airlines, JetBlue",HKT‐EWR,37h40m,2,"SIN, SFO",1319,20220409-1410,cheap
10:25 am – 7:20 pm +1,Singapore Airlines,EWR‐HKT,21h55m,1,SIN,6:10 pm – 10:50 pm +1,"Singapore Airlines, JetBlue",HKT‐EWR,39h40m,2,"SIN, SFO",1319,20220409-1410,cheap
10:25 am – 7:20 pm +1,Singapore Airlines,EWR‐HKT,21h55m,1,SIN,11:40 am – 10:50 pm +1,"Singapore Airlines, JetBlue",HKT‐EWR,46h10m,2,"SIN, SFO",1319,20220409-1410,cheap
10:25 am – 7:20 pm +1,Singapore Airlines,EWR‐HKT,21h55m,1,SIN,10:25 am – 10:50 pm +1,"Singapore Airlines, JetBlue",HKT‐EWR,47h25m,2,"SIN, SFO",1319,20220409-1410,cheap
10:25 am – 7:20 pm +1,Singapore Airlines,EWR‐HKT,21h55m,1,SIN,8:10 pm – 7:05 am +2,Singapore Airlines,HKT‐EWR,45h55m,3,"SIN, NRT, ...",1365,20220409-1410,cheap
10:25 am – 7:20 pm +1,Singapore Airlines,EWR‐HKT,21h55m,1,SIN,6:10 pm – 7:05 am +2,Singapore Airlines,HKT‐EWR,47h55m,3,"SIN, NRT, ...",1365,20220409-1410,cheap
10:25 am – 7:20 pm +1,Singapore Airlines,EWR‐HKT,21h55m,1,SIN,6:10 pm – 6:00 am +1,Singapore Airlines,HKT‐EWR,22h50m,1,SIN,1483,20220409-1410,cheap
10:25 am – 7:20 pm +1,Singapore Airlines,EWR‐HKT,21h55m,1,SIN,11:40 am – 6:00 am +1,Singapore Airlines,HKT‐EWR,29h20m,1,SIN,1483,20220409-1410,cheap
10:25 am – 7:20 pm +1,Singapore Airlines,EWR‐HKT,21h55m,1,SIN,10:25 am – 6:00 am +1,Singapore Airlines,HKT‐EWR,30h35m,1,SIN,1483,20220409-1410,cheap
10:25 am – 10:50 am +2,Singapore Airlines,EWR‐HKT,37h25m,1,SIN,6:10 pm – 6:00 am +1,Singapore Airlines,HKT‐EWR,22h50m,1,SIN,1483,20220409-1410,cheap
10:25 am – 5:10 pm +2,Singapore Airlines,EWR‐HKT,43h45m,1,SIN,6:10 pm – 6:00 am +1,Singapore Airlines,HKT‐EWR,22h50m,1,SIN,1483,20220409-1410,cheap
10:25 am – 10:50 am +2,Singapore Airlines,EWR‐HKT,37h25m,1,SIN,11:40 am – 6:00 am +1,Singapore Airlines,HKT‐EWR,29h20m,1,SIN,1483,20220409-1410,cheap
10:25 am – 10:50 am +2,Singapore Airlines,EWR‐HKT,37h25m,1,SIN,10:25 am – 6:00 am +1,Singapore Airlines,HKT‐EWR,30h35m,1,SIN,1483,20220409-1410,cheap
10:25 am – 5:10 pm +2,Singapore Airlines,EWR‐HKT,43h45m,1,SIN,11:40 am – 6:00 am +1,Singapore Airlines,HKT‐EWR,29h20m,1,SIN,1483,20220409-1410,cheap
11:35 am – 9:30 am +2,"ANA, Bangkok Airways",EWR‐HKT,34h55m,2,"NRT, BKK",2:40 pm – 5:10 pm +1,"Bangkok Airways, ANA",HKT‐EWR,37h30m,2,"BKK, HND",1261,20220409-1408,best
10:25 am – 7:20 pm +1,Singapore Airlines,EWR‐HKT,21h55m,1,SIN,6:10 pm – 6:00 am +1,Singapore Airlines,HKT‐EWR,22h50m,1,SIN,1483,20220409-1408,best
11:35 am – 9:30 am +2,"ANA, Bangkok Airways",EWR‐HKT,34h55m,2,"NRT, BKK",2:40 pm – 5:10 pm +1,"Bangkok Airways, ANA",HKT‐EWR,37h30m,2,"BKK, HND",1261,20220409-1408,best
10:25 am – 7:20 pm +1,Singapore Airlines,EWR‐HKT,21h55m,1,SIN,11:40 am – 6:00 am +1,Singapore Airlines,HKT‐EWR,29h20m,1,SIN,1483,20220409-1408,best
10:25 am – 7:20 pm +1,Singapore Airlines,EWR‐HKT,21h55m,1,SIN,12:10 pm – 6:00 am +1,Singapore Airlines,HKT‐EWR,28h50m,1,SIN,1526,20220409-1408,best
10:25 am – 7:20 pm +1,Singapore Airlines,EWR‐HKT,21h55m,1,SIN,10:25 am – 6:00 am +1,Singapore Airlines,HKT‐EWR,30h35m,1,SIN,1483,20220409-1408,best
10:25 am – 7:20 pm +1,Singapore Airlines,EWR‐HKT,21h55m,1,SIN,8:10 pm – 10:50 pm +1,"Singapore Airlines, JetBlue",HKT‐EWR,37h40m,2,"SIN, SFO",1319,20220409-1408,best
10:25 am – 7:20 pm +1,Singapore Airlines,EWR‐HKT,21h55m,1,SIN,6:10 pm – 10:50 pm +1,"Singapore Airlines, JetBlue",HKT‐EWR,39h40m,2,"SIN, SFO",1319,20220409-1408,best
10:25 am – 7:20 pm +1,Singapore Airlines,EWR‐HKT,21h55m,1,SIN,11:40 am – 6:59 am +1,Singapore Airlines,HKT‐EWR,30h19m,2,"SIN, SFO",1716,20220409-1408,best
10:25 am – 10:50 am +2,Singapore Airlines,EWR‐HKT,37h25m,1,SIN,6:10 pm – 6:00 am +1,Singapore Airlines,HKT‐EWR,22h50m,1,SIN,1483,20220409-1408,best
10:25 am – 7:20 pm +1,Singapore Airlines,EWR‐HKT,21h55m,1,SIN,11:40 am – 6:59 am +1,"Singapore Airlines, Alaska Airlines",HKT‐EWR,30h19m,2,"SIN, SFO",1704,20220409-1408,best
10:25 am – 7:20 pm +1,Singapore Airlines,EWR‐HKT,21h55m,1,SIN,10:25 am – 6:59 am +1,"Singapore Airlines, Alaska Airlines",HKT‐EWR,31h34m,2,"SIN, SFO",1704,20220409-1408,best
6:45 pm – 6:55 am +2,Qatar Airways,EWR‐HKT,25h10m,2,"BOS, DOH",11:55 pm – 7:40 pm +1,Qatar Airways,HKT‐EWR,30h45m,2,"DOH, ORD",1582,20220409-1408,best
6:45 pm – 6:55 am +2,Qatar Airways,EWR‐HKT,25h10m,2,"BOS, DOH",11:55 pm – 9:28 pm +1,Qatar Airways,HKT‐EWR,32h33m,2,"DOH, BOS",1523,20220409-1408,best
6:45 pm – 6:55 am +2,"JetBlue, Qatar Airways",EWR‐HKT,25h10m,2,"BOS, DOH",11:55 pm – 9:28 pm +1,"Qatar Airways, JetBlue",HKT‐EWR,32h33m,2,"DOH, BOS",1579,20220409-1408,best
6:45 pm – 6:55 am +2,"JetBlue, Qatar Airways",EWR‐HKT,25h10m,2,"BOS, DOH",11:55 pm – 9:28 pm +1,Qatar Airways,HKT‐EWR,32h33m,2,"DOH, BOS",1583,20220409-1408,best
6:45 pm – 6:55 am +2,Qatar Airways,EWR‐HKT,25h10m,2,"BOS, DOH",11:55 pm – 9:27 pm +1,Qatar Airways,HKT‐EWR,32h32m,2,"DOH, ORD",1588,20220409-1408,best
10:25 am – 7:20 pm +1,Singapore Airlines,EWR‐HKT,21h55m,1,SIN,6:10 pm – 6:00 am +1,Singapore Airlines,HKT‐EWR,22h50m,1,SIN,1483,20220409-1413,fast
4:26 pm – 6:55 am +2,"JetBlue, Qatar Airways",EWR‐HKT,27h29m,2,"BOS, DOH",6:10 pm – 6:00 am +1,Singapore Airlines,HKT‐EWR,22h50m,1,SIN,2108,20220409-1413,fast
10:25 am – 7:20 pm +1,Singapore Airlines,EWR‐HKT,21h55m,1,SIN,12:10 pm – 6:00 am +1,Singapore Airlines,HKT‐EWR,28h50m,1,SIN,1526,20220409-1413,fast
10:25 am – 7:20 pm +1,Singapore Airlines,EWR‐HKT,21h55m,1,SIN,11:40 am – 6:00 am +1,Singapore Airlines,HKT‐EWR,29h20m,1,SIN,1483,20220409-1413,fast
10:25 am – 7:20 pm +1,Singapore Airlines,EWR‐HKT,21h55m,1,SIN,11:40 am – 6:59 am +1,"Singapore Airlines, Alaska Airlines",HKT‐EWR,30h19m,2,"SIN, SFO",1704,20220409-1413,fast
10:25 am – 7:20 pm +1,Singapore Airlines,EWR‐HKT,21h55m,1,SIN,11:40 am – 6:59 am +1,Singapore Airlines,HKT‐EWR,30h19m,2,"SIN, SFO",1716,20220409-1413,fast
9:50 pm – 9:30 am +2,"SWISS, Bangkok Airways",EWR‐HKT,24h40m,2,"ZRH, BKK",7:50 pm – 12:25 pm +1,"Scoot, Lufthansa",HKT‐EWR,27h35m,2,"SIN, MUC",2211,20220409-1413,fast
10:25 am – 7:20 pm +1,Singapore Airlines,EWR‐HKT,21h55m,1,SIN,10:25 am – 6:00 am +1,Singapore Airlines,HKT‐EWR,30h35m,1,SIN,1483,20220409-1413,fast
10:25 am – 7:20 pm +1,Singapore Airlines,EWR‐HKT,21h55m,1,SIN,10:25 am – 6:59 am +1,"Singapore Airlines, Alaska Airlines",HKT‐EWR,31h34m,2,"SIN, SFO",1704,20220409-1413,fast
6:45 pm – 6:55 am +2,"JetBlue, Qatar Airways",EWR‐HKT,25h10m,2,"BOS, DOH",12:10 pm – 6:00 am +1,Singapore Airlines,HKT‐EWR,28h50m,1,SIN,2114,20220409-1413,fast
6:45 pm – 6:55 am +2,Qatar Airways,EWR‐HKT,25h10m,2,"BOS, DOH",12:10 pm – 6:00 am +1,Singapore Airlines,HKT‐EWR,28h50m,1,SIN,2296,20220409-1413,fast
10:25 am – 7:20 pm +1,Singapore Airlines,EWR‐HKT,21h55m,1,SIN,12:10 am – 9:20 pm,Emirates,HKT‐EWR,32h10m,2,"DXB, ATH",1887,20220409-1413,fast
9:50 pm – 10:20 am +2,"SWISS, Thai Airways",EWR‐HKT,25h30m,2,"ZRH, BKK",8:10 pm – 1:50 pm +1,"Singapore Airlines, Lufthansa",HKT‐EWR,28h40m,2,"SIN, FRA",2206,20220409-1413,fast
8:55 pm – 9:35 am +2,"Lufthansa, Singapore Airlines",EWR‐HKT,25h40m,2,"MUC, SIN",8:10 pm – 1:50 pm +1,"Singapore Airlines, Lufthansa",HKT‐EWR,28h40m,2,"SIN, FRA",2214,20220409-1413,fast
9:50 pm – 9:30 am +2,"SWISS, Bangkok Airways",EWR‐HKT,24h40m,2,"ZRH, BKK",7:10 pm – 1:55 pm +1,Austrian Airlines,HKT‐EWR,29h45m,2,"BKK, VIE",1898,20220409-1413,fast
