Out Time,Out Airline,Out Cities,Out Duration,Out Stops,Out Stop Cities,Return Time,Return Airline,Return Cities,Return Duration,Return Stops,Return Stop Cities,Price,timestamp,sort
12:15 pm – 7:05 am +2,"Air India, GoFirst",EWR‐HKT,31h50m,1,DEL,10:00 pm – 9:00 pm +2,Multiple Airlines,HKT‐EWR,58h00m,2,"DMK-BKK, CDG-ORY",1112,20220406-0837,cheap
12:15 pm – 7:05 am +2,"Air India, GoFirst",EWR‐HKT,31h50m,1,DEL,1:35 pm – 10:20 pm +1,"AirAsia, Turkish Airlines",HKT‐EWR,43h45m,2,"KUL, IST",1113,20220406-0837,cheap
6:05 pm – 1:05 pm +2,"Lufthansa, Thai Airways",EWR‐HKT,32h00m,1,FRA,5:05 pm – 3:55 pm +1,"Thai Airways, Lufthansa",HKT‐EWR,33h50m,2,"BKK, FRA",1370,20220406-0837,cheap
6:05 pm – 1:05 pm +2,"Lufthansa, Thai Airways",EWR‐HKT,32h00m,1,FRA,4:05 pm – 3:55 pm +1,"Thai Airways, Lufthansa",HKT‐EWR,34h50m,2,"BKK, FRA",1370,20220406-0837,cheap
6:05 pm – 1:05 pm +2,"Lufthansa, Thai Airways",EWR‐HKT,32h00m,1,FRA,5:05 pm – 1:55 pm +1,"Thai Airways, Austrian Airlines",HKT‐EWR,31h50m,3,"BKK, FRA, ...",1380,20220406-0837,cheap
6:05 pm – 1:05 pm +2,"Lufthansa, Thai Airways",EWR‐HKT,32h00m,1,FRA,4:05 pm – 1:55 pm +1,"Thai Airways, Austrian Airlines",HKT‐EWR,32h50m,3,"BKK, FRA, ...",1380,20220406-0837,cheap
6:05 pm – 1:05 pm +2,"Lufthansa, Thai Airways",EWR‐HKT,32h00m,1,FRA,1:00 pm – 1:55 pm +1,"Thai Airways, Austrian Airlines",HKT‐EWR,35h55m,3,"BKK, FRA, ...",1380,20220406-0837,cheap
6:05 pm – 1:05 pm +2,"Lufthansa, Thai Airways",EWR‐HKT,32h00m,1,FRA,7:40 pm – 3:55 pm +1,"Thai Airways, Lufthansa",HKT‐EWR,31h15m,2,"BKK, FRA",1389,20220406-0837,cheap
6:05 pm – 1:05 pm +2,"Lufthansa, Thai Airways",EWR‐HKT,32h00m,1,FRA,7:40 pm – 1:55 pm +1,"Thai Airways, Austrian Airlines",HKT‐EWR,29h15m,3,"BKK, FRA, ...",1399,20220406-0837,cheap
12:15 pm – 7:05 am +2,"Air India, GoFirst",EWR‐HKT,31h50m,1,DEL,12:10 am – 9:20 pm,Emirates,HKT‐EWR,32h10m,2,"DXB, ATH",1435,20220406-0837,cheap
12:15 pm – 7:05 am +2,"Air India, GoFirst",EWR‐HKT,31h50m,1,DEL,11:20 am – 9:05 pm +1,Multiple Airlines,HKT‐EWR,44h45m,2,"DMK-BKK, CPH",1463,20220406-0837,cheap
12:15 pm – 7:05 am +2,"Air India, GoFirst",EWR‐HKT,31h50m,1,DEL,4:40 pm – 9:05 pm +1,Multiple Airlines,HKT‐EWR,39h25m,2,"DMK-BKK, CPH",1466,20220406-0837,cheap
5:40 pm – 1:05 pm +2,Multiple Airlines,EWR‐HKT,32h25m,3,"LIS, MXP-LIN, ...",6:45 pm – 4:40 pm +1,"Thai Vietjet Air, ANA",HKT‐EWR,32h55m,2,"BKK, HND",1467,20220406-0837,cheap
5:40 pm – 1:05 pm +2,Multiple Airlines,EWR‐HKT,32h25m,3,"LIS, MXP, ...",6:45 pm – 4:40 pm +1,"Thai Vietjet Air, ANA",HKT‐EWR,32h55m,2,"BKK, HND",1467,20220406-0837,cheap
12:15 pm – 7:05 am +2,"Air India, GoFirst",EWR‐HKT,31h50m,1,DEL,5:15 pm – 9:05 pm +1,Multiple Airlines,HKT‐EWR,38h50m,2,"DMK-BKK, CPH",1467,20220406-0837,cheap
7:42 pm – 1:15 pm +2,Qatar Airways,EWR‐HKT,30h33m,2,"ORD, DOH",11:55 pm – 7:54 pm +1,Qatar Airways,HKT‐EWR,30h59m,2,"DOH, BOS",1475,20220406-0834,best
1:42 pm – 7:20 am +2,Qatar Airways,EWR‐HKT,30h38m,2,"ORD, DOH",11:55 pm – 7:54 pm +1,Qatar Airways,HKT‐EWR,30h59m,2,"DOH, BOS",1475,20220406-0834,best
12:21 pm – 7:20 am +2,Qatar Airways,EWR‐HKT,31h59m,2,"ORD, DOH",11:55 pm – 7:54 pm +1,Qatar Airways,HKT‐EWR,30h59m,2,"DOH, BOS",1475,20220406-0834,best
5:50 pm – 1:15 pm +2,Qatar Airways,EWR‐HKT,32h25m,2,"ORD, DOH",11:55 pm – 7:54 pm +1,Qatar Airways,HKT‐EWR,30h59m,2,"DOH, BOS",1475,20220406-0834,best
11:55 pm – 12:30 pm +2,Emirates,EWR‐HKT,25h35m,2,"ATH, DXB",12:10 am – 9:20 pm,Emirates,HKT‐EWR,32h10m,2,"DXB, ATH",1578,20220406-0834,best
1:42 pm – 7:20 am +2,Qatar Airways,EWR‐HKT,30h38m,2,"ORD, DOH",11:55 pm – 9:00 pm +1,Qatar Airways,HKT‐EWR,32h05m,2,"DOH, ORD",1584,20220406-0834,best
1:42 pm – 1:15 pm +2,Qatar Airways,EWR‐HKT,36h33m,2,"ORD, DOH",11:55 pm – 7:54 pm +1,Qatar Airways,HKT‐EWR,30h59m,2,"DOH, BOS",1475,20220406-0834,best
1:42 pm – 1:15 pm +2,Qatar Airways,EWR‐HKT,36h33m,2,"ORD, DOH",11:55 pm – 7:54 pm +1,Qatar Airways,HKT‐EWR,30h59m,2,"DOH, BOS",1475,20220406-0834,best
12:21 pm – 7:20 am +2,Qatar Airways,EWR‐HKT,31h59m,2,"ORD, DOH",11:55 pm – 9:00 pm +1,Qatar Airways,HKT‐EWR,32h05m,2,"DOH, ORD",1584,20220406-0834,best
5:50 pm – 1:15 pm +2,Qatar Airways,EWR‐HKT,32h25m,2,"ORD, DOH",11:55 pm – 9:00 pm +1,Qatar Airways,HKT‐EWR,32h05m,2,"DOH, ORD",1584,20220406-0834,best
12:21 pm – 1:15 pm +2,Qatar Airways,EWR‐HKT,37h54m,2,"ORD, DOH",11:55 pm – 7:54 pm +1,Qatar Airways,HKT‐EWR,30h59m,2,"DOH, BOS",1475,20220406-0834,best
12:21 pm – 1:15 pm +2,Qatar Airways,EWR‐HKT,37h54m,2,"ORD, DOH",11:55 pm – 7:54 pm +1,Qatar Airways,HKT‐EWR,30h59m,2,"DOH, BOS",1475,20220406-0834,best
1:42 pm – 7:20 am +2,Qatar Airways,EWR‐HKT,30h38m,2,"ORD, DOH",11:55 pm – 11:43 pm +1,Qatar Airways,HKT‐EWR,34h48m,2,"DOH, ORD",1584,20220406-0834,best
6:05 pm – 1:05 pm +2,"Lufthansa, Thai Airways",EWR‐HKT,32h00m,1,FRA,7:40 pm – 1:55 pm +1,"Thai Airways, Austrian Airlines",HKT‐EWR,29h15m,3,"BKK, FRA, ...",1399,20220406-0834,best
7:42 pm – 1:15 pm +2,Qatar Airways,EWR‐HKT,30h33m,2,"ORD, DOH",9:05 pm – 7:54 pm +1,Qatar Airways,HKT‐EWR,33h49m,2,"DOH, BOS",1667,20220406-0834,best
9:35 pm – 7:20 am +2,"British Airways, Qatar Airways",EWR‐HKT,22h45m,2,"LHR, DOH",11:55 pm – 1:50 pm +1,"Qatar Airways, British Airways",HKT‐EWR,24h55m,2,"DOH, LHR",3482,20220406-0840,fast
9:35 pm – 7:20 am +2,"British Airways, Qatar Airways",EWR‐HKT,22h45m,2,"LHR, DOH",9:05 pm – 1:50 pm +1,"Qatar Airways, British Airways",HKT‐EWR,27h45m,2,"DOH, LHR",3800,20220406-0840,fast
6:05 pm – 7:20 am +2,"British Airways, Qatar Airways",EWR‐HKT,26h15m,2,"LHR, DOH",11:55 pm – 1:50 pm +1,"Qatar Airways, British Airways",HKT‐EWR,24h55m,2,"DOH, LHR",3397,20220406-0840,fast
9:50 pm – 10:20 am +2,"SWISS, Thai Airways",EWR‐HKT,25h30m,2,"ZRH, BKK",8:00 pm – 11:00 am +1,"Etihad Airways, Lufthansa",HKT‐EWR,26h00m,2,"AUH, LHR",5156,20220406-0840,fast
9:50 pm – 10:20 am +2,"SWISS, Thai Airways",EWR‐HKT,25h30m,2,"ZRH, BKK",8:00 pm – 11:55 am +1,"Etihad Airways, Lufthansa",HKT‐EWR,26h55m,2,"AUH, DUB",5111,20220406-0840,fast
9:50 pm – 10:20 am +2,"SWISS, Thai Airways",EWR‐HKT,25h30m,2,"ZRH, BKK",8:00 pm – 11:55 am +1,"Etihad Airways, Lufthansa",HKT‐EWR,26h55m,2,"AUH, CDG",5128,20220406-0840,fast
9:50 pm – 10:20 am +2,"SWISS, Thai Airways",EWR‐HKT,25h30m,2,"ZRH, BKK",7:10 pm – 11:55 am +1,Multiple Airlines,HKT‐EWR,27h45m,2,"BKK, CDG",4965,20220406-0840,fast
9:35 pm – 7:20 am +2,"British Airways, Qatar Airways",EWR‐HKT,22h45m,2,"LHR, DOH",11:55 pm – 7:30 pm +1,"Qatar Airways, British Airways",HKT‐EWR,30h35m,2,"DOH, LHR",3482,20220406-0840,fast
9:35 pm – 7:20 am +2,"British Airways, Qatar Airways",EWR‐HKT,22h45m,2,"LHR, DOH",11:55 pm – 7:30 pm +1,"Qatar Airways, British Airways",HKT‐EWR,30h35m,2,"DOH, LHR",3536,20220406-0840,fast
9:35 pm – 7:20 am +2,"British Airways, Qatar Airways",EWR‐HKT,22h45m,2,"LHR, DOH",11:55 pm – 7:30 pm +1,"Qatar Airways, British Airways",HKT‐EWR,30h35m,2,"DOH, LHR",3800,20220406-0840,fast
9:35 pm – 1:15 pm +2,"British Airways, Qatar Airways",EWR‐HKT,28h40m,2,"LHR, DOH",11:55 pm – 1:50 pm +1,"Qatar Airways, British Airways",HKT‐EWR,24h55m,2,"DOH, LHR",3482,20220406-0840,fast
9:35 pm – 1:15 pm +2,"British Airways, Qatar Airways",EWR‐HKT,28h40m,2,"LHR, DOH",11:55 pm – 1:50 pm +1,"Qatar Airways, British Airways",HKT‐EWR,24h55m,2,"DOH, LHR",3482,20220406-0840,fast
10:25 am – 7:20 pm +1,Singapore Airlines,EWR‐HKT,21h55m,1,SIN,12:10 am – 9:20 pm,Emirates,HKT‐EWR,32h10m,2,"DXB, ATH",3112,20220406-0840,fast
9:50 pm – 10:20 am +2,"SWISS, Thai Airways",EWR‐HKT,25h30m,2,"ZRH, BKK",7:10 pm – 1:10 pm +1,Multiple Airlines,HKT‐EWR,29h00m,2,"BKK, ZRH",4954,20220406-0840,fast
9:50 pm – 10:20 am +2,"SWISS, Thai Airways",EWR‐HKT,25h30m,2,"ZRH, BKK",7:10 pm – 1:10 pm +1,Multiple Airlines,HKT‐EWR,29h00m,2,"BKK, ZRH",8021,20220406-0840,fast
