Out Time,Out Airline,Out Cities,Out Duration,Out Stops,Out Stop Cities,Return Time,Return Airline,Return Cities,Return Duration,Return Stops,Return Stop Cities,Price,timestamp,sort
11:35 am – 9:30 am +2,"ANA, Bangkok Airways",EWR‐HKT,34h55m,2,"NRT, BKK",12:10 am – 9:20 pm,Emirates,HKT‐EWR,32h10m,2,"DXB, ATH",1438,20220406-1850,cheap
11:35 am – 1:50 pm +2,"ANA, Bangkok Airways",EWR‐HKT,39h15m,2,"NRT, BKK",12:10 am – 9:20 pm,Emirates,HKT‐EWR,32h10m,2,"DXB, ATH",1442,20220406-1850,cheap
11:35 am – 9:30 am +2,"ANA, Bangkok Airways",EWR‐HKT,34h55m,2,"NRT, BKK",7:10 pm – 4:40 pm +1,"Bangkok Airways, ANA",HKT‐EWR,32h30m,2,"BKK, NRT",1616,20220406-1850,cheap
5:40 pm – 9:35 am +2,"TAP AIR PORTUGAL, Thai Airways",EWR‐HKT,28h55m,3,"LIS, MUC, ...",6:30 pm – 5:10 pm +1,"Thai Vietjet Air, ANA",HKT‐EWR,33h40m,2,"BKK, HND",1617,20220406-1850,cheap
5:40 pm – 10:20 am +2,"TAP AIR PORTUGAL, Thai Airways",EWR‐HKT,29h40m,3,"LIS, MUC, ...",6:30 pm – 5:10 pm +1,"Thai Vietjet Air, ANA",HKT‐EWR,33h40m,2,"BKK, HND",1617,20220406-1850,cheap
11:35 am – 1:50 pm +2,"ANA, Bangkok Airways",EWR‐HKT,39h15m,2,"NRT, BKK",7:10 pm – 4:40 pm +1,"Bangkok Airways, ANA",HKT‐EWR,32h30m,2,"BKK, NRT",1619,20220406-1850,cheap
10:55 am – 9:30 am +2,"ANA, Bangkok Airways",EWR‐HKT,35h35m,2,"HND-NRT, BKK",7:10 pm – 4:40 pm +1,"Bangkok Airways, ANA",HKT‐EWR,32h30m,2,"BKK, NRT",1624,20220406-1850,cheap
5:40 pm – 9:35 am +2,"TAP AIR PORTUGAL, Thai Airways",EWR‐HKT,28h55m,3,"LIS, MUC, ...",5:05 pm – 5:10 pm +1,"Thai Airways, ANA",HKT‐EWR,35h05m,2,"BKK, HND",1626,20220406-1850,cheap
5:40 pm – 10:20 am +2,"TAP AIR PORTUGAL, Thai Airways",EWR‐HKT,29h40m,3,"LIS, MUC, ...",5:05 pm – 5:10 pm +1,"Thai Airways, ANA",HKT‐EWR,35h05m,2,"BKK, HND",1626,20220406-1850,cheap
10:55 am – 1:50 pm +2,"ANA, Bangkok Airways",EWR‐HKT,39h55m,2,"HND-NRT, BKK",7:10 pm – 4:40 pm +1,"Bangkok Airways, ANA",HKT‐EWR,32h30m,2,"BKK, NRT",1627,20220406-1850,cheap
11:55 pm – 12:30 pm +2,Emirates,EWR‐HKT,25h35m,2,"ATH, DXB",12:10 am – 9:20 pm,Emirates,HKT‐EWR,32h10m,2,"DXB, ATH",1694,20220406-1850,cheap
9:50 pm – 12:30 pm +2,"SWISS, Emirates",EWR‐HKT,27h40m,3,"ZRH, TLV, ...",5:05 pm – 5:10 pm +1,"Thai Airways, ANA",HKT‐EWR,35h05m,2,"BKK, HND",1746,20220406-1850,cheap
6:45 pm – 12:30 pm +2,Emirates,EWR‐HKT,30h45m,2,"BOS, DXB",12:10 am – 9:20 pm,Emirates,HKT‐EWR,32h10m,2,"DXB, ATH",1802,20220406-1850,cheap
9:50 pm – 10:20 am +2,"SWISS, Thai Airways",EWR‐HKT,25h30m,2,"ZRH, BKK",8:15 am – 1:55 pm +1,"THAI Smile, Austrian Airlines",HKT‐EWR,40h40m,2,"BKK, VIE",1827,20220406-1850,cheap
9:50 pm – 10:20 am +2,"SWISS, Thai Airways",EWR‐HKT,25h30m,2,"ZRH, BKK",10:15 am – 8:10 pm +1,"THAI Smile, SWISS",HKT‐EWR,44h55m,2,"BKK, ZRH",1828,20220406-1850,cheap
11:35 am – 9:30 am +2,"ANA, Bangkok Airways",EWR‐HKT,34h55m,2,"NRT, BKK",12:10 am – 9:20 pm,Emirates,HKT‐EWR,32h10m,2,"DXB, ATH",1476,20220406-1847,best
10:25 am – 7:20 pm +1,Singapore Airlines,EWR‐HKT,21h55m,1,SIN,6:10 pm – 6:00 am +1,Singapore Airlines,HKT‐EWR,22h50m,1,SIN,2228,20220406-1847,best
10:25 am – 7:20 pm +1,Singapore Airlines,EWR‐HKT,21h55m,1,SIN,11:40 am – 6:00 am +1,Singapore Airlines,HKT‐EWR,29h20m,1,SIN,2252,20220406-1847,best
10:25 am – 7:20 pm +1,Singapore Airlines,EWR‐HKT,21h55m,1,SIN,10:25 am – 6:00 am +1,Singapore Airlines,HKT‐EWR,30h35m,1,SIN,2228,20220406-1847,best
11:55 pm – 12:30 pm +2,Emirates,EWR‐HKT,25h35m,2,"ATH, DXB",12:10 am – 9:20 pm,Emirates,HKT‐EWR,32h10m,2,"DXB, ATH",1694,20220406-1847,best
11:35 am – 9:30 am +2,"ANA, Bangkok Airways",EWR‐HKT,34h55m,2,"NRT, BKK",12:10 am – 9:20 pm,Emirates,HKT‐EWR,32h10m,2,"DXB, ATH",1438,20220406-1847,best
11:35 am – 9:30 am +2,"ANA, Bangkok Airways",EWR‐HKT,34h55m,2,"NRT, BKK",7:10 pm – 4:40 pm +1,"Bangkok Airways, ANA",HKT‐EWR,32h30m,2,"BKK, NRT",1616,20220406-1847,best
10:25 am – 9:35 am +2,Singapore Airlines,EWR‐HKT,36h10m,1,SIN,6:10 pm – 6:00 am +1,Singapore Airlines,HKT‐EWR,22h50m,1,SIN,2228,20220406-1847,best
10:25 am – 7:20 pm +1,Singapore Airlines,EWR‐HKT,21h55m,1,SIN,12:10 am – 9:20 pm,Emirates,HKT‐EWR,32h10m,2,"DXB, ATH",2314,20220406-1847,best
10:55 am – 9:30 am +2,"ANA, Bangkok Airways",EWR‐HKT,35h35m,2,"HND-NRT, BKK",7:10 pm – 4:40 pm +1,"Bangkok Airways, ANA",HKT‐EWR,32h30m,2,"BKK, NRT",1624,20220406-1847,best
6:45 pm – 12:30 pm +2,Emirates,EWR‐HKT,30h45m,2,"BOS, DXB",12:10 am – 9:20 pm,Emirates,HKT‐EWR,32h10m,2,"DXB, ATH",1802,20220406-1847,best
10:25 am – 10:50 am +2,Singapore Airlines,EWR‐HKT,37h25m,1,SIN,6:10 pm – 6:00 am +1,Singapore Airlines,HKT‐EWR,22h50m,1,SIN,2252,20220406-1847,best
11:35 am – 1:50 pm +2,"ANA, Bangkok Airways",EWR‐HKT,39h15m,2,"NRT, BKK",12:10 am – 9:20 pm,Emirates,HKT‐EWR,32h10m,2,"DXB, ATH",1442,20220406-1847,best
11:35 am – 1:50 pm +2,"ANA, Bangkok Airways",EWR‐HKT,39h15m,2,"NRT, BKK",7:10 pm – 4:40 pm +1,"Bangkok Airways, ANA",HKT‐EWR,32h30m,2,"BKK, NRT",1619,20220406-1847,best
9:50 pm – 10:20 am +2,"SWISS, Thai Airways",EWR‐HKT,25h30m,2,"ZRH, BKK",8:15 am – 1:55 pm +1,"THAI Smile, Austrian Airlines",HKT‐EWR,40h40m,2,"BKK, VIE",1827,20220406-1847,best
10:55 am – 1:50 pm +2,"ANA, Bangkok Airways",EWR‐HKT,39h55m,2,"HND-NRT, BKK",7:10 pm – 4:40 pm +1,"Bangkok Airways, ANA",HKT‐EWR,32h30m,2,"BKK, NRT",1627,20220406-1847,best
10:25 am – 7:20 pm +1,Singapore Airlines,EWR‐HKT,21h55m,1,SIN,6:10 pm – 6:00 am +1,Singapore Airlines,HKT‐EWR,22h50m,1,SIN,2228,20220406-1852,fast
9:50 pm – 10:20 am +2,"SWISS, Thai Airways",EWR‐HKT,25h30m,2,"ZRH, BKK",6:10 pm – 6:00 am +1,Singapore Airlines,HKT‐EWR,22h50m,1,SIN,3446,20220406-1852,fast
10:25 am – 7:20 pm +1,Singapore Airlines,EWR‐HKT,21h55m,1,SIN,11:40 am – 6:00 am +1,Singapore Airlines,HKT‐EWR,29h20m,1,SIN,2252,20220406-1852,fast
10:25 am – 7:20 pm +1,Singapore Airlines,EWR‐HKT,21h55m,1,SIN,10:25 am – 6:00 am +1,Singapore Airlines,HKT‐EWR,30h35m,1,SIN,2228,20220406-1852,fast
7:00 am – 12:10 am +2,"United Airlines, Asiana Airlines",EWR‐HKT,30h10m,2,"LAX, ICN",6:10 pm – 6:00 am +1,Singapore Airlines,HKT‐EWR,22h50m,1,SIN,2288,20220406-1852,fast
6:00 am – 12:10 am +2,"United Airlines, Asiana Airlines",EWR‐HKT,31h10m,2,"LAX, ICN",6:10 pm – 6:00 am +1,Singapore Airlines,HKT‐EWR,22h50m,1,SIN,2288,20220406-1852,fast
10:25 am – 7:20 pm +1,Singapore Airlines,EWR‐HKT,21h55m,1,SIN,12:10 am – 9:20 pm,Emirates,HKT‐EWR,32h10m,2,"DXB, ATH",2314,20220406-1852,fast
6:45 pm – 1:05 pm +2,"Air Canada, Thai Airways",EWR‐HKT,31h20m,2,"YYZ, FRA",6:10 pm – 6:00 am +1,Singapore Airlines,HKT‐EWR,22h50m,1,SIN,2525,20220406-1852,fast
6:45 pm – 1:15 pm +2,"JetBlue, Qatar Airways",EWR‐HKT,31h30m,2,"BOS, DOH",6:10 pm – 6:00 am +1,Singapore Airlines,HKT‐EWR,22h50m,1,SIN,2587,20220406-1852,fast
4:00 pm – 10:50 am +2,Singapore Airlines,EWR‐HKT,31h50m,2,"LAX, SIN",6:10 pm – 6:00 am +1,Singapore Airlines,HKT‐EWR,22h50m,1,SIN,2649,20220406-1852,fast
9:50 pm – 10:20 am +2,"SWISS, Thai Airways",EWR‐HKT,25h30m,2,"ZRH, BKK",11:40 am – 6:00 am +1,Singapore Airlines,HKT‐EWR,29h20m,1,SIN,3446,20220406-1852,fast
11:55 pm – 12:30 pm +2,Emirates,EWR‐HKT,25h35m,2,"ATH, DXB",12:10 am – 9:20 pm,Emirates,HKT‐EWR,32h10m,2,"DXB, ATH",1694,20220406-1852,fast
11:35 am – 9:30 am +2,"ANA, Bangkok Airways",EWR‐HKT,34h55m,2,"NRT, BKK",6:10 pm – 6:00 am +1,Singapore Airlines,HKT‐EWR,22h50m,1,SIN,1874,20220406-1852,fast
6:05 pm – 9:35 am +2,"Lufthansa, Singapore Airlines",EWR‐HKT,28h30m,2,"FRA, SIN",5:05 pm – 12:25 pm +1,"THAI Smile, Lufthansa",HKT‐EWR,30h20m,2,"BKK, MUC",2515,20220406-1852,fast
10:25 am – 9:35 am +2,Singapore Airlines,EWR‐HKT,36h10m,1,SIN,6:10 pm – 6:00 am +1,Singapore Airlines,HKT‐EWR,22h50m,1,SIN,2228,20220406-1852,fast
