Out Time,Out Airline,Out Cities,Out Duration,Out Stops,Out Stop Cities,Return Time,Return Airline,Return Cities,Return Duration,Return Stops,Return Stop Cities,Price,timestamp,sort
7:15 am – 7:20 am +2,"JetBlue, Qatar Airways",EWR‐HKT,37h05m,2,"BOS, DOH",11:55 pm – 10:28 pm +1,"Qatar Airways, JetBlue",HKT‐EWR,33h33m,2,"DOH, BOS",1416,20220406-0744,cheap
7:15 am – 7:20 am +2,"JetBlue, Qatar Airways",EWR‐HKT,37h05m,2,"BOS, DOH",11:55 pm – 11:43 pm +1,Qatar Airways,HKT‐EWR,34h48m,2,"DOH, ORD",1435,20220406-0744,cheap
7:15 am – 7:20 am +2,"JetBlue, Qatar Airways",EWR‐HKT,37h05m,2,"BOS, DOH",11:55 pm – 9:00 pm +1,Qatar Airways,HKT‐EWR,32h05m,2,"DOH, ORD",1496,20220406-0744,cheap
12:15 pm – 12:30 pm +2,"Air India, IndiGo",EWR‐HKT,37h15m,1,DEL,11:55 pm – 11:43 pm +1,Qatar Airways,HKT‐EWR,34h48m,2,"DOH, ORD",1498,20220406-0744,cheap
12:15 pm – 7:05 am +2,"Air India, GoFirst",EWR‐HKT,31h50m,1,DEL,11:55 pm – 11:43 pm +1,Qatar Airways,HKT‐EWR,34h48m,2,"DOH, ORD",1499,20220406-0744,cheap
12:15 pm – 10:35 am +2,"Air India, THAI Smile",EWR‐HKT,35h20m,3,"DEL, BOM, ...",8:45 pm – 10:20 pm +1,"THAI Smile, Turkish Airlines",HKT‐EWR,36h35m,2,"BOM, IST",1502,20220406-0744,cheap
12:15 pm – 10:35 am +2,"Air India, THAI Smile",EWR‐HKT,35h20m,3,"DEL, BOM, ...",12:10 am – 9:20 pm,Emirates,HKT‐EWR,32h10m,2,"DXB, ATH",1509,20220406-0744,cheap
12:15 pm – 10:35 am +2,"Air India, THAI Smile",EWR‐HKT,35h20m,3,"DEL, BOM, ...",12:10 am – 9:20 pm,Emirates,HKT‐EWR,32h10m,2,"DXB, ATH",1509,20220406-0744,cheap
6:05 pm – 1:05 pm +2,"Lufthansa, Thai Airways",EWR‐HKT,32h00m,1,FRA,7:40 pm – 3:55 pm +1,"Thai Airways, Lufthansa",HKT‐EWR,31h15m,2,"BKK, FRA",1527,20220406-0744,cheap
6:05 pm – 1:05 pm +2,"Lufthansa, Thai Airways",EWR‐HKT,32h00m,1,FRA,7:10 pm – 3:55 pm +1,"Thai Airways, Lufthansa",HKT‐EWR,31h45m,2,"BKK, FRA",1533,20220406-0744,cheap
12:15 pm – 7:05 am +2,"Air India, GoFirst",EWR‐HKT,31h50m,1,DEL,11:55 pm – 10:28 pm +1,Qatar Airways,HKT‐EWR,33h33m,2,"DOH, BOS",1537,20220406-0744,cheap
12:15 pm – 12:30 pm +2,"Air India, IndiGo",EWR‐HKT,37h15m,1,DEL,11:55 pm – 10:28 pm +1,Qatar Airways,HKT‐EWR,33h33m,2,"DOH, BOS",1537,20220406-0744,cheap
12:15 pm – 12:30 pm +2,"Air India, IndiGo",EWR‐HKT,37h15m,1,DEL,11:55 pm – 9:00 pm +1,Qatar Airways,HKT‐EWR,32h05m,2,"DOH, ORD",1543,20220406-0744,cheap
12:15 pm – 7:05 am +2,"Air India, GoFirst",EWR‐HKT,31h50m,1,DEL,11:55 pm – 9:00 pm +1,Qatar Airways,HKT‐EWR,32h05m,2,"DOH, ORD",1544,20220406-0744,cheap
12:15 pm – 12:30 pm +2,"Air India, IndiGo",EWR‐HKT,37h15m,1,DEL,12:10 am – 9:20 pm,Emirates,HKT‐EWR,32h10m,2,"DXB, ATH",1604,20220406-0744,cheap
1:42 pm – 7:20 am +2,"American Airlines, Qatar Airways",EWR‐HKT,30h38m,2,"ORD, DOH",11:55 pm – 9:00 pm +1,"Qatar Airways, American Airlines",HKT‐EWR,32h05m,2,"DOH, ORD",1610,20220406-0741,best
7:15 am – 7:20 am +2,"JetBlue, Qatar Airways",EWR‐HKT,37h05m,2,"BOS, DOH",11:55 pm – 10:28 pm +1,"Qatar Airways, JetBlue",HKT‐EWR,33h33m,2,"DOH, BOS",1416,20220406-0741,best
12:37 pm – 7:20 am +2,"American Airlines, Qatar Airways",EWR‐HKT,31h43m,2,"MIA, DOH",11:55 pm – 9:00 pm +1,"Qatar Airways, American Airlines",HKT‐EWR,32h05m,2,"DOH, ORD",1610,20220406-0741,best
7:42 pm – 1:15 pm +2,"American Airlines, Qatar Airways",EWR‐HKT,30h33m,2,"ORD, DOH",11:55 pm – 9:00 pm +1,"Qatar Airways, American Airlines",HKT‐EWR,32h05m,2,"DOH, ORD",1650,20220406-0741,best
12:21 pm – 7:20 am +2,"American Airlines, Qatar Airways",EWR‐HKT,31h59m,2,"ORD, DOH",11:55 pm – 9:00 pm +1,"Qatar Airways, American Airlines",HKT‐EWR,32h05m,2,"DOH, ORD",1610,20220406-0741,best
1:55 pm – 7:20 am +2,"American Airlines, Qatar Airways",EWR‐HKT,30h25m,2,"DFW, DOH",11:55 pm – 9:00 pm +1,"Qatar Airways, American Airlines",HKT‐EWR,32h05m,2,"DOH, ORD",1650,20220406-0741,best
1:43 pm – 7:20 am +2,"American Airlines, Qatar Airways",EWR‐HKT,30h37m,3,"CLT, ATL, ...",11:55 pm – 9:00 pm +1,"Qatar Airways, American Airlines",HKT‐EWR,32h05m,2,"DOH, ORD",1613,20220406-0741,best
1:43 pm – 7:20 am +2,"American Airlines, Qatar Airways",EWR‐HKT,30h37m,3,"CLT, BOS, ...",11:55 pm – 9:00 pm +1,"Qatar Airways, American Airlines",HKT‐EWR,32h05m,2,"DOH, ORD",1613,20220406-0741,best
1:43 pm – 7:20 am +2,"American Airlines, Qatar Airways",EWR‐HKT,30h37m,3,"CLT, ORD, ...",11:55 pm – 9:00 pm +1,"Qatar Airways, American Airlines",HKT‐EWR,32h05m,2,"DOH, ORD",1613,20220406-0741,best
1:43 pm – 7:20 am +2,"American Airlines, Qatar Airways",EWR‐HKT,30h37m,3,"CLT, BOS, ...",11:55 pm – 9:00 pm +1,"Qatar Airways, American Airlines",HKT‐EWR,32h05m,2,"DOH, ORD",1613,20220406-0741,best
1:43 pm – 7:20 am +2,"American Airlines, Qatar Airways",EWR‐HKT,30h37m,3,"CLT, PHL, ...",11:55 pm – 9:00 pm +1,"Qatar Airways, American Airlines",HKT‐EWR,32h05m,2,"DOH, ORD",1613,20220406-0741,best
1:43 pm – 7:20 am +2,"American Airlines, Qatar Airways",EWR‐HKT,30h37m,3,"CLT, PHL, ...",11:55 pm – 9:00 pm +1,"Qatar Airways, American Airlines",HKT‐EWR,32h05m,2,"DOH, ORD",1613,20220406-0741,best
1:42 pm – 7:20 am +2,"American Airlines, Qatar Airways",EWR‐HKT,30h38m,3,"ORD, BOS, ...",11:55 pm – 9:00 pm +1,"Qatar Airways, American Airlines",HKT‐EWR,32h05m,2,"DOH, ORD",1614,20220406-0741,best
1:42 pm – 7:20 am +2,"American Airlines, Qatar Airways",EWR‐HKT,30h38m,3,"ORD, PHL, ...",11:55 pm – 9:00 pm +1,"Qatar Airways, American Airlines",HKT‐EWR,32h05m,2,"DOH, ORD",1614,20220406-0741,best
7:15 am – 7:20 am +2,"JetBlue, Qatar Airways",EWR‐HKT,37h05m,2,"BOS, DOH",11:55 pm – 9:00 pm +1,Qatar Airways,HKT‐EWR,32h05m,2,"DOH, ORD",1496,20220406-0741,best
10:25 am – 7:20 pm +1,Singapore Airlines,EWR‐HKT,21h55m,1,SIN,9:15 pm – 4:40 pm +1,"THAI Smile, ANA",HKT‐EWR,30h25m,2,"BKK, NRT",9451,20220406-0746,fast
10:25 am – 7:20 pm +1,Singapore Airlines,EWR‐HKT,21h55m,1,SIN,8:00 pm – 3:50 pm +1,Etihad Airways,HKT‐EWR,30h50m,2,"AUH, DUB",2061,20220406-0746,fast
10:25 am – 7:20 pm +1,Singapore Airlines,EWR‐HKT,21h55m,1,SIN,10:25 am – 7:05 am +1,Singapore Airlines,HKT‐EWR,31h40m,2,"SIN, SFO",3116,20220406-0746,fast
11:00 pm – 10:20 am +2,"Lufthansa, Thai Airways",EWR‐HKT,24h20m,2,"LHR, BKK",9:15 pm – 4:40 pm +1,"THAI Smile, ANA",HKT‐EWR,30h25m,2,"BKK, NRT",12236,20220406-0746,fast
11:00 pm – 10:20 am +2,"Lufthansa, Thai Airways",EWR‐HKT,24h20m,2,"LHR, BKK",8:00 pm – 3:50 pm +1,Etihad Airways,HKT‐EWR,30h50m,2,"AUH, DUB",4894,20220406-0746,fast
6:05 pm – 7:20 am +2,"Lufthansa, Qatar Airways",EWR‐HKT,26h15m,2,"FRA, DOH",9:05 pm – 3:55 pm +1,"Qatar Airways, Lufthansa",HKT‐EWR,29h50m,2,"DOH, FRA",1615,20220406-0746,fast
11:55 pm – 12:30 pm +2,Emirates,EWR‐HKT,25h35m,2,"ATH, DXB",12:10 am – 9:20 pm,Emirates,HKT‐EWR,32h10m,2,"DXB, ATH",2070,20220406-0746,fast
5:35 pm – 6:35 am +2,"SAS, Thai Airways",EWR‐HKT,26h00m,1,CPH,12:10 am – 9:20 pm,Emirates,HKT‐EWR,32h10m,2,"DXB, ATH",2365,20220406-0746,fast
5:20 pm – 10:15 am +2,Etihad Airways,EWR‐HKT,29h55m,2,"DUB, AUH",8:00 pm – 3:50 pm +1,Etihad Airways,HKT‐EWR,30h50m,2,"AUH, DUB",2511,20220406-0746,fast
1:55 pm – 7:20 am +2,"American Airlines, Qatar Airways",EWR‐HKT,30h25m,2,"DFW, DOH",9:05 pm – 4:33 pm +1,"Qatar Airways, American Airlines",HKT‐EWR,30h28m,3,"DOH, IAD, ...",1762,20220406-0746,fast
1:42 pm – 7:20 am +2,"American Airlines, Qatar Airways",EWR‐HKT,30h38m,2,"ORD, DOH",9:05 pm – 4:33 pm +1,"Qatar Airways, American Airlines",HKT‐EWR,30h28m,3,"DOH, IAD, ...",1721,20220406-0746,fast
10:25 am – 7:20 pm +1,Singapore Airlines,EWR‐HKT,21h55m,1,SIN,11:40 am – 4:55 pm +1,Singapore Airlines,HKT‐EWR,40h15m,2,"SIN, LAX",2957,20220406-0746,fast
12:37 pm – 7:20 am +2,"American Airlines, Qatar Airways",EWR‐HKT,31h43m,2,"MIA, DOH",9:05 pm – 4:33 pm +1,"Qatar Airways, American Airlines",HKT‐EWR,30h28m,3,"DOH, IAD, ...",1721,20220406-0746,fast
1:55 pm – 7:20 am +2,"American Airlines, Qatar Airways",EWR‐HKT,30h25m,2,"DFW, DOH",11:55 pm – 9:00 pm +1,"Qatar Airways, American Airlines",HKT‐EWR,32h05m,2,"DOH, ORD",1650,20220406-0746,fast
7:42 pm – 1:15 pm +2,"American Airlines, Qatar Airways",EWR‐HKT,30h33m,2,"ORD, DOH",11:55 pm – 9:00 pm +1,"Qatar Airways, American Airlines",HKT‐EWR,32h05m,2,"DOH, ORD",1650,20220406-0746,fast
