Out Time,Out Airline,Out Cities,Out Duration,Out Stops,Out Stop Cities,Return Time,Return Airline,Return Cities,Return Duration,Return Stops,Return Stop Cities,Price,timestamp,sort
10:25 am – 7:20 pm +1,Singapore Airlines,EWR‐HKT,21h55m,1,SIN,8:10 pm – 7:05 am +2,Singapore Airlines,HKT‐EWR,45h55m,3,"SIN, NRT, ...",1320,20220409-1450,cheap
10:25 am – 7:20 pm +1,Singapore Airlines,EWR‐HKT,21h55m,1,SIN,6:10 pm – 7:05 am +2,Singapore Airlines,HKT‐EWR,47h55m,3,"SIN, NRT, ...",1320,20220409-1450,cheap
6:45 pm – 1:15 pm +2,Qatar Airways,EWR‐HKT,31h30m,2,"BOS, DOH",11:55 pm – 9:27 pm +1,Qatar Airways,HKT‐EWR,32h32m,2,"DOH, ORD",1445,20220409-1450,cheap
4:26 pm – 1:15 pm +2,Qatar Airways,EWR‐HKT,33h49m,2,"BOS, DOH",11:55 pm – 9:27 pm +1,Qatar Airways,HKT‐EWR,32h32m,2,"DOH, ORD",1445,20220409-1450,cheap
6:45 pm – 1:15 pm +2,Qatar Airways,EWR‐HKT,31h30m,2,"BOS, DOH",9:05 pm – 9:27 pm +1,Qatar Airways,HKT‐EWR,35h22m,2,"DOH, ORD",1445,20220409-1450,cheap
6:45 pm – 1:15 pm +2,Qatar Airways,EWR‐HKT,31h30m,2,"BOS, DOH",9:05 pm – 9:27 pm +1,Qatar Airways,HKT‐EWR,35h22m,2,"DOH, ORD",1445,20220409-1450,cheap
4:26 pm – 1:15 pm +2,Qatar Airways,EWR‐HKT,33h49m,2,"BOS, DOH",9:05 pm – 9:27 pm +1,Qatar Airways,HKT‐EWR,35h22m,2,"DOH, ORD",1445,20220409-1450,cheap
4:26 pm – 1:15 pm +2,Qatar Airways,EWR‐HKT,33h49m,2,"BOS, DOH",9:05 pm – 9:27 pm +1,Qatar Airways,HKT‐EWR,35h22m,2,"DOH, ORD",1445,20220409-1450,cheap
2:29 pm – 1:15 pm +2,Qatar Airways,EWR‐HKT,35h46m,2,"ORD, DOH",11:55 pm – 9:27 pm +1,Qatar Airways,HKT‐EWR,32h32m,2,"DOH, ORD",1455,20220409-1450,cheap
2:29 pm – 1:15 pm +2,Qatar Airways,EWR‐HKT,35h46m,2,"ORD, DOH",11:55 pm – 9:27 pm +1,Qatar Airways,HKT‐EWR,32h32m,2,"DOH, ORD",1455,20220409-1450,cheap
2:29 pm – 1:15 pm +2,Qatar Airways,EWR‐HKT,35h46m,2,"ORD, DOH",9:05 pm – 9:27 pm +1,Qatar Airways,HKT‐EWR,35h22m,2,"DOH, ORD",1455,20220409-1450,cheap
2:29 pm – 1:15 pm +2,Qatar Airways,EWR‐HKT,35h46m,2,"ORD, DOH",9:05 pm – 9:27 pm +1,Qatar Airways,HKT‐EWR,35h22m,2,"DOH, ORD",1455,20220409-1450,cheap
9:00 pm – 12:10 am +3,"Alaska Airlines, Asiana Airlines",EWR‐HKT,40h10m,2,"LAX, ICN",1:30 am – 8:56 pm,"Asiana Airlines, United Airlines",HKT‐EWR,30h26m,2,"ICN, LAX",1459,20220409-1450,cheap
6:45 pm – 1:15 pm +2,"JetBlue, Qatar Airways",EWR‐HKT,31h30m,2,"BOS, DOH",9:05 pm – 2:52 pm +1,"Qatar Airways, American Airlines",HKT‐EWR,28h47m,2,"DOH, ORD",1467,20220409-1450,cheap
6:45 pm – 1:15 pm +2,"JetBlue, Qatar Airways",EWR‐HKT,31h30m,2,"BOS, DOH",11:55 pm – 7:40 pm +1,"Qatar Airways, American Airlines",HKT‐EWR,30h45m,2,"DOH, ORD",1467,20220409-1450,cheap
6:45 pm – 1:15 pm +2,Qatar Airways,EWR‐HKT,31h30m,2,"BOS, DOH",11:55 pm – 9:27 pm +1,Qatar Airways,HKT‐EWR,32h32m,2,"DOH, ORD",1475,20220409-1447,best
10:25 am – 7:20 pm +1,Singapore Airlines,EWR‐HKT,21h55m,1,SIN,6:10 pm – 6:00 am +1,Singapore Airlines,HKT‐EWR,22h50m,1,SIN,1483,20220409-1447,best
10:25 am – 7:20 pm +1,Singapore Airlines,EWR‐HKT,21h55m,1,SIN,8:10 pm – 7:05 am +2,Singapore Airlines,HKT‐EWR,45h55m,3,"SIN, NRT, ...",1320,20220409-1447,best
10:25 am – 7:20 pm +1,Singapore Airlines,EWR‐HKT,21h55m,1,SIN,5:35 pm – 6:00 am +1,Singapore Airlines,HKT‐EWR,23h25m,1,SIN,1526,20220409-1447,best
10:25 am – 7:20 pm +1,Singapore Airlines,EWR‐HKT,21h55m,1,SIN,11:40 am – 6:00 am +1,Singapore Airlines,HKT‐EWR,29h20m,1,SIN,1483,20220409-1447,best
10:25 am – 7:20 pm +1,Singapore Airlines,EWR‐HKT,21h55m,1,SIN,12:10 pm – 6:00 am +1,Singapore Airlines,HKT‐EWR,28h50m,1,SIN,1526,20220409-1447,best
10:25 am – 7:20 pm +1,Singapore Airlines,EWR‐HKT,21h55m,1,SIN,10:25 am – 6:00 am +1,Singapore Airlines,HKT‐EWR,30h35m,1,SIN,1483,20220409-1447,best
10:25 am – 9:35 am +2,Singapore Airlines,EWR‐HKT,36h10m,1,SIN,6:10 pm – 6:00 am +1,Singapore Airlines,HKT‐EWR,22h50m,1,SIN,1483,20220409-1447,best
4:00 pm – 10:50 am +2,Singapore Airlines,EWR‐HKT,31h50m,2,"LAX, SIN",6:10 pm – 6:00 am +1,Singapore Airlines,HKT‐EWR,22h50m,1,SIN,1626,20220409-1447,best
10:25 am – 10:50 am +2,Singapore Airlines,EWR‐HKT,37h25m,1,SIN,6:10 pm – 6:00 am +1,Singapore Airlines,HKT‐EWR,22h50m,1,SIN,1483,20220409-1447,best
10:25 am – 7:20 pm +1,Singapore Airlines,EWR‐HKT,21h55m,1,SIN,11:40 am – 6:59 am +1,Singapore Airlines,HKT‐EWR,30h19m,2,"SIN, SFO",1715,20220409-1447,best
10:25 am – 9:35 am +2,Singapore Airlines,EWR‐HKT,36h10m,1,SIN,5:35 pm – 6:00 am +1,Singapore Airlines,HKT‐EWR,23h25m,1,SIN,1526,20220409-1447,best
10:25 am – 7:20 pm +1,Singapore Airlines,EWR‐HKT,21h55m,1,SIN,11:40 am – 6:59 am +1,"Singapore Airlines, Alaska Airlines",HKT‐EWR,30h19m,2,"SIN, SFO",1704,20220409-1447,best
4:00 pm – 10:50 am +2,Singapore Airlines,EWR‐HKT,31h50m,2,"LAX, SIN",5:35 pm – 6:00 am +1,Singapore Airlines,HKT‐EWR,23h25m,1,SIN,1670,20220409-1447,best
6:45 pm – 1:15 pm +2,"JetBlue, Qatar Airways",EWR‐HKT,31h30m,2,"BOS, DOH",9:05 pm – 2:52 pm +1,"Qatar Airways, American Airlines",HKT‐EWR,28h47m,2,"DOH, ORD",1467,20220409-1447,best
6:45 pm – 1:15 pm +2,Qatar Airways,EWR‐HKT,31h30m,2,"BOS, DOH",9:05 pm – 2:52 pm +1,"Qatar Airways, American Airlines",HKT‐EWR,28h47m,2,"DOH, ORD",1471,20220409-1447,best
10:25 am – 9:35 am +2,Singapore Airlines,EWR‐HKT,36h10m,1,SIN,11:40 am – 6:00 am +1,Singapore Airlines,HKT‐EWR,29h20m,1,SIN,1483,20220409-1447,best
10:25 am – 7:20 pm +1,Singapore Airlines,EWR‐HKT,21h55m,1,SIN,6:10 pm – 6:00 am +1,Singapore Airlines,HKT‐EWR,22h50m,1,SIN,1483,20220409-1452,fast
10:25 am – 7:20 pm +1,Singapore Airlines,EWR‐HKT,21h55m,1,SIN,5:35 pm – 6:00 am +1,Singapore Airlines,HKT‐EWR,23h25m,1,SIN,1526,20220409-1452,fast
10:25 am – 7:20 pm +1,Singapore Airlines,EWR‐HKT,21h55m,1,SIN,12:10 pm – 6:00 am +1,Singapore Airlines,HKT‐EWR,28h50m,1,SIN,1526,20220409-1452,fast
10:25 am – 7:20 pm +1,Singapore Airlines,EWR‐HKT,21h55m,1,SIN,11:40 am – 6:00 am +1,Singapore Airlines,HKT‐EWR,29h20m,1,SIN,1483,20220409-1452,fast
10:25 am – 7:20 pm +1,Singapore Airlines,EWR‐HKT,21h55m,1,SIN,11:40 am – 6:59 am +1,"Singapore Airlines, Alaska Airlines",HKT‐EWR,30h19m,2,"SIN, SFO",1704,20220409-1452,fast
10:25 am – 7:20 pm +1,Singapore Airlines,EWR‐HKT,21h55m,1,SIN,11:40 am – 6:59 am +1,Singapore Airlines,HKT‐EWR,30h19m,2,"SIN, SFO",1715,20220409-1452,fast
10:25 am – 7:20 pm +1,Singapore Airlines,EWR‐HKT,21h55m,1,SIN,10:25 am – 6:00 am +1,Singapore Airlines,HKT‐EWR,30h35m,1,SIN,1483,20220409-1452,fast
7:00 am – 12:10 am +2,"JetBlue, Asiana Airlines",EWR‐HKT,30h10m,2,"LAX, ICN",5:35 pm – 6:00 am +1,Singapore Airlines,HKT‐EWR,23h25m,1,SIN,2899,20220409-1452,fast
10:25 am – 7:20 pm +1,Singapore Airlines,EWR‐HKT,21h55m,1,SIN,12:10 am – 9:20 pm,Emirates,HKT‐EWR,32h10m,2,"DXB, ATH",1947,20220409-1452,fast
11:55 pm – 12:30 pm +2,Emirates,EWR‐HKT,25h35m,2,"ATH, DXB",12:10 pm – 6:00 am +1,Singapore Airlines,HKT‐EWR,28h50m,1,SIN,2529,20220409-1452,fast
4:00 pm – 10:50 am +2,Singapore Airlines,EWR‐HKT,31h50m,2,"LAX, SIN",6:10 pm – 6:00 am +1,Singapore Airlines,HKT‐EWR,22h50m,1,SIN,1626,20220409-1452,fast
6:45 pm – 1:15 pm +2,Qatar Airways,EWR‐HKT,31h30m,2,"BOS, DOH",5:35 pm – 6:00 am +1,Singapore Airlines,HKT‐EWR,23h25m,1,SIN,2291,20220409-1452,fast
4:00 pm – 10:50 am +2,Singapore Airlines,EWR‐HKT,31h50m,2,"LAX, SIN",5:35 pm – 6:00 am +1,Singapore Airlines,HKT‐EWR,23h25m,1,SIN,1670,20220409-1452,fast
7:30 pm – 9:35 am +2,"Lufthansa, Singapore Airlines",EWR‐HKT,27h05m,2,"FRA, SIN",7:10 pm – 1:55 pm +1,Austrian Airlines,HKT‐EWR,29h45m,2,"BKK, VIE",1912,20220409-1452,fast
11:55 pm – 12:30 pm +2,Emirates,EWR‐HKT,25h35m,2,"ATH, DXB",12:10 am – 9:20 pm,Emirates,HKT‐EWR,32h10m,2,"DXB, ATH",1729,20220409-1452,fast
