Out Time,Out Airline,Out Cities,Out Duration,Out Stops,Out Stop Cities,Return Time,Return Airline,Return Cities,Return Duration,Return Stops,Return Stop Cities,Price,timestamp,sort
11:55 pm – 12:30 pm +2,Emirates,EWR‐HKT,25h35m,2,"ATH, DXB",10:20 am – 9:20 pm +1,Emirates,HKT‐EWR,46h00m,3,"BKK, DXB, ...",1198,20220406-1019,cheap
11:55 pm – 12:30 pm +2,Emirates,EWR‐HKT,25h35m,2,"ATH, DXB",2:40 pm – 9:20 pm +1,"Bangkok Airways, Emirates",HKT‐EWR,41h40m,3,"BKK, DXB, ...",1208,20220406-1019,cheap
11:55 pm – 12:30 pm +2,Emirates,EWR‐HKT,25h35m,2,"ATH, DXB",7:10 pm – 9:20 pm +1,Emirates,HKT‐EWR,37h10m,3,"BKK, DXB, ...",1300,20220406-1019,cheap
11:55 pm – 7:05 pm +2,"Emirates, Bangkok Airways",EWR‐HKT,32h10m,3,"ATH, DXB, ...",2:40 pm – 9:20 pm +1,"Bangkok Airways, Emirates",HKT‐EWR,41h40m,3,"BKK, DXB, ...",1398,20220406-1019,cheap
12:30 pm – 1:15 pm +2,"American Airlines, Qatar Airways",EWR‐HKT,37h45m,2,"MIA, DOH",11:55 pm – 10:35 pm +1,"Qatar Airways, American Airlines",HKT‐EWR,33h40m,2,"DOH, MIA",1404,20220406-1019,cheap
12:30 pm – 1:15 pm +2,"American Airlines, Qatar Airways",EWR‐HKT,37h45m,2,"MIA, DOH",11:55 pm – 11:59 pm +1,"Qatar Airways, American Airlines",HKT‐EWR,35h04m,2,"DOH, MIA",1404,20220406-1019,cheap
8:00 am – 1:15 pm +2,"American Airlines, Qatar Airways",EWR‐HKT,42h15m,2,"MIA, DOH",11:55 pm – 10:35 pm +1,"Qatar Airways, American Airlines",HKT‐EWR,33h40m,2,"DOH, MIA",1404,20220406-1019,cheap
12:30 pm – 1:15 pm +2,"American Airlines, Qatar Airways",EWR‐HKT,37h45m,2,"MIA, DOH",11:55 pm – 10:38 pm +1,"Qatar Airways, American Airlines",HKT‐EWR,33h43m,3,"DOH, PHL, ...",1407,20220406-1019,cheap
12:30 pm – 1:15 pm +2,"American Airlines, Qatar Airways",EWR‐HKT,37h45m,2,"MIA, DOH",11:55 pm – 10:38 pm +1,"Qatar Airways, American Airlines",HKT‐EWR,33h43m,3,"DOH, BOS, ...",1407,20220406-1019,cheap
8:00 am – 1:15 pm +2,"American Airlines, Qatar Airways",EWR‐HKT,42h15m,2,"MIA, DOH",11:55 pm – 10:38 pm +1,"Qatar Airways, American Airlines",HKT‐EWR,33h43m,3,"DOH, PHL, ...",1407,20220406-1019,cheap
8:00 am – 1:15 pm +2,"American Airlines, Qatar Airways",EWR‐HKT,42h15m,2,"MIA, DOH",11:55 pm – 10:38 pm +1,"Qatar Airways, American Airlines",HKT‐EWR,33h43m,3,"DOH, BOS, ...",1407,20220406-1019,cheap
12:30 pm – 1:15 pm +2,"American Airlines, Qatar Airways",EWR‐HKT,37h45m,2,"MIA, DOH",11:55 pm – 11:43 pm +1,"Qatar Airways, American Airlines",HKT‐EWR,34h48m,3,"DOH, PHL, ...",1408,20220406-1019,cheap
12:30 pm – 1:15 pm +2,"American Airlines, Qatar Airways",EWR‐HKT,37h45m,2,"MIA, DOH",11:55 pm – 11:43 pm +1,"Qatar Airways, American Airlines",HKT‐EWR,34h48m,3,"DOH, PHL, ...",1408,20220406-1019,cheap
12:30 pm – 1:15 pm +2,"American Airlines, Qatar Airways",EWR‐HKT,37h45m,2,"MIA, DOH",11:55 pm – 11:43 pm +1,"Qatar Airways, American Airlines",HKT‐EWR,34h48m,3,"DOH, BOS, ...",1408,20220406-1019,cheap
12:30 pm – 1:15 pm +2,"American Airlines, Qatar Airways",EWR‐HKT,37h45m,2,"MIA, DOH",11:55 pm – 11:59 pm +1,"Qatar Airways, American Airlines",HKT‐EWR,35h04m,3,"DOH, BOS, ...",1408,20220406-1019,cheap
11:55 pm – 12:30 pm +2,Emirates,EWR‐HKT,25h35m,2,"ATH, DXB",12:10 am – 9:20 pm,Emirates,HKT‐EWR,32h10m,2,"DXB, ATH",1609,20220406-1016,best
10:25 am – 7:20 pm +1,Singapore Airlines,EWR‐HKT,21h55m,1,SIN,10:25 am – 6:00 am +1,Singapore Airlines,HKT‐EWR,30h35m,1,SIN,1772,20220406-1016,best
11:55 pm – 12:30 pm +2,Emirates,EWR‐HKT,25h35m,2,"ATH, DXB",10:20 am – 9:20 pm +1,Emirates,HKT‐EWR,46h00m,3,"BKK, DXB, ...",1198,20220406-1016,best
10:25 am – 7:20 pm +1,Singapore Airlines,EWR‐HKT,21h55m,1,SIN,6:10 pm – 6:00 am +1,Singapore Airlines,HKT‐EWR,22h50m,1,SIN,2193,20220406-1016,best
11:55 pm – 12:30 pm +2,Emirates,EWR‐HKT,25h35m,2,"ATH, DXB",7:10 pm – 9:20 pm +1,Emirates,HKT‐EWR,37h10m,3,"BKK, DXB, ...",1300,20220406-1016,best
11:55 pm – 12:30 pm +2,Emirates,EWR‐HKT,25h35m,2,"ATH, DXB",12:10 am – 9:20 pm,Emirates,HKT‐EWR,32h10m,2,"DXB, ATH",1578,20220406-1016,best
10:25 am – 7:20 pm +1,Singapore Airlines,EWR‐HKT,21h55m,1,SIN,10:25 am – 7:05 am +1,Singapore Airlines,HKT‐EWR,31h40m,2,"SIN, SFO",2007,20220406-1016,best
10:25 am – 7:20 pm +1,Singapore Airlines,EWR‐HKT,21h55m,1,SIN,11:40 am – 6:00 am +1,Singapore Airlines,HKT‐EWR,29h20m,1,SIN,2193,20220406-1016,best
11:55 pm – 12:30 pm +2,Emirates,EWR‐HKT,25h35m,2,"ATH, DXB",2:40 pm – 9:20 pm +1,"Bangkok Airways, Emirates",HKT‐EWR,41h40m,3,"BKK, DXB, ...",1208,20220406-1016,best
9:50 pm – 10:40 am +2,"SWISS, Thai Airways",EWR‐HKT,25h50m,2,"ZRH, BKK",7:10 pm – 1:10 pm +1,"Bangkok Airways, SWISS",HKT‐EWR,29h00m,2,"BKK, ZRH",1866,20220406-1016,best
10:25 am – 9:35 am +2,Singapore Airlines,EWR‐HKT,36h10m,1,SIN,10:25 am – 6:00 am +1,Singapore Airlines,HKT‐EWR,30h35m,1,SIN,1707,20220406-1016,best
10:25 am – 10:50 am +2,Singapore Airlines,EWR‐HKT,37h25m,1,SIN,10:25 am – 6:00 am +1,Singapore Airlines,HKT‐EWR,30h35m,1,SIN,1707,20220406-1016,best
6:20 pm – 1:15 pm +2,"JetBlue, Qatar Airways",EWR‐HKT,31h55m,2,"BOS, DOH",11:55 pm – 7:54 pm +1,"Qatar Airways, JetBlue",HKT‐EWR,30h59m,2,"DOH, BOS",1731,20220406-1016,best
6:35 pm – 10:50 am +2,Singapore Airlines,EWR‐HKT,29h15m,2,"LAX, SIN",6:10 pm – 6:00 am +1,Singapore Airlines,HKT‐EWR,22h50m,1,SIN,2357,20220406-1016,best
12:30 pm – 1:15 pm +2,"American Airlines, Qatar Airways",EWR‐HKT,37h45m,2,"MIA, DOH",11:55 pm – 10:35 pm +1,"Qatar Airways, American Airlines",HKT‐EWR,33h40m,2,"DOH, MIA",1404,20220406-1016,best
9:50 pm – 10:40 am +2,"SWISS, Thai Airways",EWR‐HKT,25h50m,2,"ZRH, BKK",8:10 pm – 12:45 pm +1,"Singapore Airlines, Lufthansa",HKT‐EWR,27h35m,2,"SIN, MUC",2190,20220406-1016,best
10:25 am – 7:20 pm +1,Singapore Airlines,EWR‐HKT,21h55m,1,SIN,6:10 pm – 6:00 am +1,Singapore Airlines,HKT‐EWR,22h50m,1,SIN,2193,20220406-1021,fast
10:25 am – 7:20 pm +1,Singapore Airlines,EWR‐HKT,21h55m,1,SIN,11:40 am – 6:00 am +1,Singapore Airlines,HKT‐EWR,29h20m,1,SIN,2193,20220406-1021,fast
6:35 pm – 10:50 am +2,Singapore Airlines,EWR‐HKT,29h15m,2,"LAX, SIN",6:10 pm – 6:00 am +1,Singapore Airlines,HKT‐EWR,22h50m,1,SIN,2357,20220406-1021,fast
10:25 am – 7:20 pm +1,Singapore Airlines,EWR‐HKT,21h55m,1,SIN,11:40 am – 7:05 am +1,Singapore Airlines,HKT‐EWR,30h25m,2,"SIN, SFO",2635,20220406-1021,fast
10:25 am – 7:20 pm +1,Singapore Airlines,EWR‐HKT,21h55m,1,SIN,10:25 am – 6:00 am +1,Singapore Airlines,HKT‐EWR,30h35m,1,SIN,1772,20220406-1021,fast
10:25 am – 7:20 pm +1,Singapore Airlines,EWR‐HKT,21h55m,1,SIN,11:55 pm – 7:54 pm +1,"Qatar Airways, JetBlue",HKT‐EWR,30h59m,2,"DOH, BOS",2402,20220406-1021,fast
9:50 pm – 10:40 am +2,"SWISS, Thai Airways",EWR‐HKT,25h50m,2,"ZRH, BKK",8:10 pm – 12:45 pm +1,"Singapore Airlines, Lufthansa",HKT‐EWR,27h35m,2,"SIN, MUC",2190,20220406-1021,fast
10:25 am – 7:20 pm +1,Singapore Airlines,EWR‐HKT,21h55m,1,SIN,10:25 am – 7:05 am +1,Singapore Airlines,HKT‐EWR,31h40m,2,"SIN, SFO",2007,20220406-1021,fast
9:50 pm – 10:40 am +2,"SWISS, Thai Airways",EWR‐HKT,25h50m,2,"ZRH, BKK",8:10 pm – 1:55 pm +1,"Singapore Airlines, Lufthansa",HKT‐EWR,28h45m,2,"SIN, FRA",2695,20220406-1021,fast
9:50 pm – 10:40 am +2,"SWISS, Thai Airways",EWR‐HKT,25h50m,2,"ZRH, BKK",7:10 pm – 1:10 pm +1,"Bangkok Airways, SWISS",HKT‐EWR,29h00m,2,"BKK, ZRH",1866,20220406-1021,fast
11:00 pm – 10:40 am +2,"Lufthansa, Thai Airways",EWR‐HKT,24h40m,2,"LHR, BKK",11:40 am – 7:05 am +1,Singapore Airlines,HKT‐EWR,30h25m,2,"SIN, SFO",5554,20220406-1021,fast
9:50 pm – 10:40 am +2,"SWISS, Thai Airways",EWR‐HKT,25h50m,2,"ZRH, BKK",6:10 pm – 12:45 pm +1,"Singapore Airlines, Lufthansa",HKT‐EWR,29h35m,2,"SIN, MUC",2190,20220406-1021,fast
10:25 am – 7:20 pm +1,Singapore Airlines,EWR‐HKT,21h55m,1,SIN,2:40 pm – 1:10 pm +1,"Bangkok Airways, SWISS",HKT‐EWR,33h30m,2,"BKK, ZRH",2818,20220406-1021,fast
10:00 pm – 11:30 am +2,Multiple Airlines,EWR‐HKT,26h30m,2,"LHR, SIN",7:10 pm – 1:10 pm +1,"Bangkok Airways, SWISS",HKT‐EWR,29h00m,2,"BKK, ZRH",4939,20220406-1021,fast
8:45 pm – 10:40 am +2,"Lufthansa, Thai Airways",EWR‐HKT,26h55m,2,"MUC, BKK",7:10 pm – 1:10 pm +1,"Bangkok Airways, SWISS",HKT‐EWR,29h00m,2,"BKK, ZRH",4956,20220406-1021,fast
