Out Time,Out Airline,Out Cities,Out Duration,Out Stops,Out Stop Cities,Return Time,Return Airline,Return Cities,Return Duration,Return Stops,Return Stop Cities,Price,timestamp,sort
12:00 pm – 10:20 am +2,"ANA, Thai Airways",EWR‐HKT,35h20m,2,"NRT, BKK",12:10 am – 9:20 pm,Emirates,HKT‐EWR,32h10m,2,"DXB, ATH",1451,20220406-1441,cheap
11:05 am – 6:55 am +2,"Porter Airlines, Qatar Airways",EWR‐HKT,32h50m,3,"YTZ, YUL, ...",5:25 pm – 5:10 pm +1,"Thai Vietjet Air, ANA",HKT‐EWR,34h45m,2,"BKK, HND",1519,20220406-1441,cheap
11:05 am – 6:55 am +2,"Porter Airlines, Qatar Airways",EWR‐HKT,32h50m,3,"YTZ, YUL, ...",6:45 pm – 5:10 pm +1,"Thai Vietjet Air, ANA",HKT‐EWR,33h25m,2,"BKK, HND",1529,20220406-1441,cheap
11:05 am – 6:55 am +2,"Porter Airlines, Qatar Airways",EWR‐HKT,32h50m,3,"YTZ, YUL, ...",5:25 pm – 5:10 pm +1,"Thai AirAsia, ANA",HKT‐EWR,34h45m,2,"BKK, HND",1540,20220406-1441,cheap
11:05 am – 6:55 am +2,"Porter Airlines, Qatar Airways",EWR‐HKT,32h50m,3,"YTZ, YUL, ...",9:15 pm – 9:00 pm +1,"Thai Airways, Air Caraïbes",HKT‐EWR,34h45m,2,"BKK, CDG-ORY",1573,20220406-1441,cheap
12:00 pm – 10:20 am +2,"ANA, Thai Airways",EWR‐HKT,35h20m,2,"NRT, BKK",7:10 pm – 9:20 pm +1,Emirates,HKT‐EWR,37h10m,3,"BKK, DXB, ...",1581,20220406-1441,cheap
2:10 pm – 6:55 am +2,"Porter Airlines, Qatar Airways",EWR‐HKT,29h45m,3,"YTZ, YUL, ...",9:15 pm – 9:00 pm +1,"Thai Airways, Air Caraïbes",HKT‐EWR,34h45m,2,"BKK, CDG-ORY",1625,20220406-1441,cheap
12:10 pm – 6:55 am +2,"Porter Airlines, Qatar Airways",EWR‐HKT,31h45m,3,"YTZ, YUL, ...",9:15 pm – 9:00 pm +1,"Thai Airways, Air Caraïbes",HKT‐EWR,34h45m,2,"BKK, CDG-ORY",1625,20220406-1441,cheap
12:00 pm – 10:20 am +2,"ANA, Thai Airways",EWR‐HKT,35h20m,2,"NRT, BKK",8:00 pm – 3:50 pm +1,Etihad Airways,HKT‐EWR,30h50m,2,"AUH, DUB",1645,20220406-1441,cheap
11:00 pm – 1:05 pm +2,"TAP AIR PORTUGAL, Thai Airways",EWR‐HKT,27h05m,2,"LIS, FRA",9:15 pm – 9:00 pm +1,"Thai Airways, Air Caraïbes",HKT‐EWR,34h45m,2,"BKK, CDG-ORY",1744,20220406-1441,cheap
10:25 am – 7:20 pm +1,Singapore Airlines,EWR‐HKT,21h55m,1,SIN,6:10 pm – 6:00 am +1,Singapore Airlines,HKT‐EWR,22h50m,1,SIN,1783,20220406-1441,cheap
10:25 am – 7:20 pm +1,Singapore Airlines,EWR‐HKT,21h55m,1,SIN,11:40 am – 6:00 am +1,Singapore Airlines,HKT‐EWR,29h20m,1,SIN,1783,20220406-1441,cheap
10:25 am – 7:20 pm +1,Singapore Airlines,EWR‐HKT,21h55m,1,SIN,10:25 am – 6:00 am +1,Singapore Airlines,HKT‐EWR,30h35m,1,SIN,1783,20220406-1441,cheap
10:25 am – 9:35 am +2,Singapore Airlines,EWR‐HKT,36h10m,1,SIN,6:10 pm – 6:00 am +1,Singapore Airlines,HKT‐EWR,22h50m,1,SIN,1783,20220406-1441,cheap
10:25 am – 9:35 am +2,Singapore Airlines,EWR‐HKT,36h10m,1,SIN,11:40 am – 6:00 am +1,Singapore Airlines,HKT‐EWR,29h20m,1,SIN,1783,20220406-1441,cheap
11:55 pm – 12:30 pm +2,Emirates,EWR‐HKT,25h35m,2,"ATH, DXB",12:10 am – 9:20 pm,Emirates,HKT‐EWR,32h10m,2,"DXB, ATH",1841,20220406-1438,best
10:25 am – 7:20 pm +1,Singapore Airlines,EWR‐HKT,21h55m,1,SIN,6:10 pm – 6:00 am +1,Singapore Airlines,HKT‐EWR,22h50m,1,SIN,1783,20220406-1438,best
12:00 pm – 10:20 am +2,"ANA, Thai Airways",EWR‐HKT,35h20m,2,"NRT, BKK",12:10 am – 9:20 pm,Emirates,HKT‐EWR,32h10m,2,"DXB, ATH",1451,20220406-1438,best
10:25 am – 7:20 pm +1,Singapore Airlines,EWR‐HKT,21h55m,1,SIN,11:40 am – 6:00 am +1,Singapore Airlines,HKT‐EWR,29h20m,1,SIN,1783,20220406-1438,best
10:25 am – 7:20 pm +1,Singapore Airlines,EWR‐HKT,21h55m,1,SIN,10:25 am – 6:00 am +1,Singapore Airlines,HKT‐EWR,30h35m,1,SIN,1783,20220406-1438,best
10:25 am – 9:35 am +2,Singapore Airlines,EWR‐HKT,36h10m,1,SIN,6:10 pm – 6:00 am +1,Singapore Airlines,HKT‐EWR,22h50m,1,SIN,1783,20220406-1438,best
12:00 pm – 10:20 am +2,"ANA, Thai Airways",EWR‐HKT,35h20m,2,"NRT, BKK",8:00 pm – 3:50 pm +1,Etihad Airways,HKT‐EWR,30h50m,2,"AUH, DUB",1645,20220406-1438,best
10:25 am – 9:35 am +2,Singapore Airlines,EWR‐HKT,36h10m,1,SIN,11:40 am – 6:00 am +1,Singapore Airlines,HKT‐EWR,29h20m,1,SIN,1783,20220406-1438,best
11:55 pm – 12:30 pm +2,Emirates,EWR‐HKT,25h35m,2,"ATH, DXB",12:10 am – 9:20 pm,Emirates,HKT‐EWR,32h10m,2,"DXB, ATH",1790,20220406-1438,best
10:25 am – 5:10 pm +2,Singapore Airlines,EWR‐HKT,43h45m,1,SIN,6:10 pm – 6:00 am +1,Singapore Airlines,HKT‐EWR,22h50m,1,SIN,1783,20220406-1438,best
10:25 am – 9:35 am +2,Singapore Airlines,EWR‐HKT,36h10m,1,SIN,10:25 am – 6:00 am +1,Singapore Airlines,HKT‐EWR,30h35m,1,SIN,1783,20220406-1438,best
7:30 pm – 9:35 am +2,"Lufthansa, Singapore Airlines",EWR‐HKT,27h05m,2,"FRA, SIN",7:10 pm – 1:55 pm +1,Austrian Airlines,HKT‐EWR,29h45m,2,"BKK, VIE",2038,20220406-1438,best
6:45 pm – 6:55 am +2,"JetBlue, Qatar Airways",EWR‐HKT,25h10m,2,"BOS, DOH",12:10 am – 9:20 pm,Emirates,HKT‐EWR,32h10m,2,"DXB, ATH",2001,20220406-1438,best
9:50 pm – 10:20 am +2,"SWISS, Thai Airways",EWR‐HKT,25h30m,2,"ZRH, BKK",8:10 pm – 12:25 pm +1,"Singapore Airlines, Lufthansa",HKT‐EWR,27h15m,2,"SIN, MUC",2176,20220406-1438,best
7:30 pm – 10:50 am +2,"Lufthansa, Singapore Airlines",EWR‐HKT,28h20m,2,"FRA, SIN",7:10 pm – 1:55 pm +1,Austrian Airlines,HKT‐EWR,29h45m,2,"BKK, VIE",2038,20220406-1438,best
10:25 am – 7:20 pm +1,Singapore Airlines,EWR‐HKT,21h55m,1,SIN,12:10 am – 9:20 pm,Emirates,HKT‐EWR,32h10m,2,"DXB, ATH",2181,20220406-1438,best
10:25 am – 7:20 pm +1,Singapore Airlines,EWR‐HKT,21h55m,1,SIN,6:10 pm – 6:00 am +1,Singapore Airlines,HKT‐EWR,22h50m,1,SIN,1783,20220406-1444,fast
6:45 pm – 6:55 am +2,"JetBlue, Qatar Airways",EWR‐HKT,25h10m,2,"BOS, DOH",6:10 pm – 6:00 am +1,Singapore Airlines,HKT‐EWR,22h50m,1,SIN,2471,20220406-1444,fast
4:26 pm – 6:55 am +2,"JetBlue, Qatar Airways",EWR‐HKT,27h29m,2,"BOS, DOH",6:10 pm – 6:00 am +1,Singapore Airlines,HKT‐EWR,22h50m,1,SIN,2471,20220406-1444,fast
10:25 am – 7:20 pm +1,Singapore Airlines,EWR‐HKT,21h55m,1,SIN,11:40 am – 6:00 am +1,Singapore Airlines,HKT‐EWR,29h20m,1,SIN,1783,20220406-1444,fast
10:25 am – 7:20 pm +1,Singapore Airlines,EWR‐HKT,21h55m,1,SIN,10:25 am – 6:00 am +1,Singapore Airlines,HKT‐EWR,30h35m,1,SIN,1783,20220406-1444,fast
9:50 pm – 10:20 am +2,"SWISS, Thai Airways",EWR‐HKT,25h30m,2,"ZRH, BKK",8:10 pm – 12:25 pm +1,"Singapore Airlines, Lufthansa",HKT‐EWR,27h15m,2,"SIN, MUC",2176,20220406-1444,fast
9:50 pm – 10:20 am +2,"SWISS, Thai Airways",EWR‐HKT,25h30m,2,"ZRH, BKK",7:10 pm – 11:45 am +1,Multiple Airlines,HKT‐EWR,27h35m,2,"BKK, CDG",4965,20220406-1444,fast
3:59 pm – 9:35 am +2,Singapore Airlines,EWR‐HKT,30h36m,2,"SFO, SIN",6:10 pm – 6:00 am +1,Singapore Airlines,HKT‐EWR,22h50m,1,SIN,3344,20220406-1444,fast
10:25 am – 7:20 pm +1,Singapore Airlines,EWR‐HKT,21h55m,1,SIN,7:40 pm – 4:45 pm +1,"THAI Smile, ANA",HKT‐EWR,32h05m,2,"BKK, NRT",9627,20220406-1444,fast
10:25 am – 7:20 pm +1,Singapore Airlines,EWR‐HKT,21h55m,1,SIN,12:10 am – 9:20 pm,Emirates,HKT‐EWR,32h10m,2,"DXB, ATH",2181,20220406-1444,fast
9:50 pm – 10:20 am +2,"SWISS, Thai Airways",EWR‐HKT,25h30m,2,"ZRH, BKK",8:10 pm – 1:50 pm +1,"Singapore Airlines, Lufthansa",HKT‐EWR,28h40m,2,"SIN, FRA",2395,20220406-1444,fast
10:25 am – 7:20 pm +1,Singapore Airlines,EWR‐HKT,21h55m,1,SIN,11:55 pm – 9:28 pm +1,"Qatar Airways, JetBlue",HKT‐EWR,32h33m,2,"DOH, BOS",2690,20220406-1444,fast
6:45 pm – 6:55 am +2,"JetBlue, Qatar Airways",EWR‐HKT,25h10m,2,"BOS, DOH",11:40 am – 6:00 am +1,Singapore Airlines,HKT‐EWR,29h20m,1,SIN,2471,20220406-1444,fast
10:25 am – 7:20 pm +1,Singapore Airlines,EWR‐HKT,21h55m,1,SIN,7:10 pm – 4:45 pm +1,"Bangkok Airways, ANA",HKT‐EWR,32h35m,2,"BKK, NRT",4442,20220406-1444,fast
3:59 pm – 10:50 am +2,Singapore Airlines,EWR‐HKT,31h51m,2,"SFO, SIN",6:10 pm – 6:00 am +1,Singapore Airlines,HKT‐EWR,22h50m,1,SIN,3344,20220406-1444,fast
