Out Time,Out Airline,Out Cities,Out Duration,Out Stops,Out Stop Cities,Return Time,Return Airline,Return Cities,Return Duration,Return Stops,Return Stop Cities,Price,timestamp,sort
11:25 am – 10:20 am +2,"ANA, Thai Airways",EWR‐HKT,35h55m,2,"NRT, BKK",12:10 am – 9:20 pm,Emirates,HKT‐EWR,32h10m,2,"DXB, ATH",1431,20220406-1149,cheap
11:55 pm – 12:30 pm +2,Emirates,EWR‐HKT,25h35m,2,"ATH, DXB",12:10 am – 9:20 pm,Emirates,HKT‐EWR,32h10m,2,"DXB, ATH",1448,20220406-1149,cheap
11:55 pm – 12:30 pm +2,Emirates,EWR‐HKT,25h35m,2,"ATH, DXB",7:10 pm – 9:20 pm +1,Emirates,HKT‐EWR,37h10m,3,"BKK, DXB, ...",1474,20220406-1149,cheap
11:55 pm – 12:30 pm +2,Emirates,EWR‐HKT,25h35m,2,"ATH, DXB",12:10 am – 3:36 pm +1,Emirates,HKT‐EWR,50h26m,2,"DXB, BOS",1475,20220406-1149,cheap
11:55 pm – 12:30 pm +2,Emirates,EWR‐HKT,25h35m,2,"ATH, DXB",2:40 pm – 9:20 pm +1,"Bangkok Airways, Emirates",HKT‐EWR,41h40m,3,"BKK, DXB, ...",1493,20220406-1149,cheap
10:25 am – 7:20 pm +1,Singapore Airlines,EWR‐HKT,21h55m,1,SIN,8:10 pm – 7:00 am +2,"Singapore Airlines, Alaska Airlines",HKT‐EWR,45h50m,2,"SIN, SFO",1497,20220406-1149,cheap
10:25 am – 7:20 pm +1,Singapore Airlines,EWR‐HKT,21h55m,1,SIN,6:10 pm – 7:00 am +2,"Singapore Airlines, Alaska Airlines",HKT‐EWR,47h50m,2,"SIN, SFO",1497,20220406-1149,cheap
11:55 pm – 12:30 pm +2,Emirates,EWR‐HKT,25h35m,2,"ATH, DXB",10:20 am – 9:20 pm +1,Emirates,HKT‐EWR,46h00m,3,"BKK, DXB, ...",1516,20220406-1149,cheap
11:55 pm – 7:05 pm +2,"Emirates, Bangkok Airways",EWR‐HKT,32h10m,3,"ATH, DXB, ...",7:10 pm – 9:20 pm +1,Emirates,HKT‐EWR,37h10m,3,"BKK, DXB, ...",1593,20220406-1149,cheap
6:05 pm – 11:00 am +2,"Lufthansa, Thai Airways",EWR‐HKT,29h55m,3,"FRA, ZRH, ...",4:05 pm – 1:10 pm +1,"Thai Airways, SWISS",HKT‐EWR,32h05m,2,"BKK, ZRH",1610,20220406-1149,cheap
6:05 pm – 12:20 pm +2,"Lufthansa, Thai Airways",EWR‐HKT,31h15m,3,"FRA, ZRH, ...",4:05 pm – 1:10 pm +1,"Thai Airways, SWISS",HKT‐EWR,32h05m,2,"BKK, ZRH",1610,20220406-1149,cheap
6:20 pm – 1:15 pm +2,"JetBlue, Qatar Airways",EWR‐HKT,31h55m,2,"BOS, DOH",11:55 pm – 8:31 am +2,"Qatar Airways, JetBlue",HKT‐EWR,43h36m,2,"DOH, BOS",1616,20220406-1149,cheap
9:50 pm – 9:35 am +2,"SWISS, Thai Airways",EWR‐HKT,24h45m,2,"ZRH, BKK",4:05 pm – 1:10 pm +1,"Thai Airways, SWISS",HKT‐EWR,32h05m,2,"BKK, ZRH",1653,20220406-1149,cheap
9:50 pm – 10:20 am +2,"SWISS, Thai Airways",EWR‐HKT,25h30m,2,"ZRH, BKK",4:05 pm – 1:10 pm +1,"Thai Airways, SWISS",HKT‐EWR,32h05m,2,"BKK, ZRH",1654,20220406-1149,cheap
11:55 pm – 7:05 pm +2,Multiple Airlines,EWR‐HKT,32h10m,3,"ORY-CDG, VIE, ...",11:55 pm – 9:00 pm +1,"Qatar Airways, French Bee",HKT‐EWR,32h05m,2,"DOH, CDG-ORY",1656,20220406-1149,cheap
11:55 pm – 12:30 pm +2,Emirates,EWR‐HKT,25h35m,2,"ATH, DXB",12:10 am – 9:20 pm,Emirates,HKT‐EWR,32h10m,2,"DXB, ATH",1487,20220406-1147,best
10:25 am – 7:20 pm +1,Singapore Airlines,EWR‐HKT,21h55m,1,SIN,6:10 pm – 6:00 am +1,Singapore Airlines,HKT‐EWR,22h50m,1,SIN,1752,20220406-1147,best
11:25 am – 10:20 am +2,"ANA, Thai Airways",EWR‐HKT,35h55m,2,"NRT, BKK",12:10 am – 9:20 pm,Emirates,HKT‐EWR,32h10m,2,"DXB, ATH",1431,20220406-1147,best
10:25 am – 7:20 pm +1,Singapore Airlines,EWR‐HKT,21h55m,1,SIN,11:40 am – 6:00 am +1,Singapore Airlines,HKT‐EWR,29h20m,1,SIN,1752,20220406-1147,best
10:25 am – 7:20 pm +1,Singapore Airlines,EWR‐HKT,21h55m,1,SIN,10:25 am – 6:00 am +1,Singapore Airlines,HKT‐EWR,30h35m,1,SIN,1752,20220406-1147,best
10:25 am – 7:20 pm +1,Singapore Airlines,EWR‐HKT,21h55m,1,SIN,10:20 am – 6:00 am +1,"Bangkok Airways, Singapore Airlines",HKT‐EWR,30h40m,2,"BKK, SIN",1890,20220406-1147,best
11:55 pm – 12:30 pm +2,Emirates,EWR‐HKT,25h35m,2,"ATH, DXB",12:10 am – 9:20 pm,Emirates,HKT‐EWR,32h10m,2,"DXB, ATH",1448,20220406-1147,best
10:25 am – 9:35 am +2,Singapore Airlines,EWR‐HKT,36h10m,1,SIN,6:10 pm – 6:00 am +1,Singapore Airlines,HKT‐EWR,22h50m,1,SIN,1752,20220406-1147,best
10:25 am – 10:50 am +2,Singapore Airlines,EWR‐HKT,37h25m,1,SIN,6:10 pm – 6:00 am +1,Singapore Airlines,HKT‐EWR,22h50m,1,SIN,1752,20220406-1147,best
10:25 am – 7:20 pm +1,Singapore Airlines,EWR‐HKT,21h55m,1,SIN,12:10 am – 9:20 pm,Emirates,HKT‐EWR,32h10m,2,"DXB, ATH",1871,20220406-1147,best
10:25 am – 7:20 pm +1,Singapore Airlines,EWR‐HKT,21h55m,1,SIN,10:25 am – 7:00 am +1,Singapore Airlines,HKT‐EWR,31h35m,2,"SIN, SFO",2076,20220406-1147,best
11:55 pm – 12:30 pm +2,Emirates,EWR‐HKT,25h35m,2,"ATH, DXB",7:10 pm – 9:20 pm +1,Emirates,HKT‐EWR,37h10m,3,"BKK, DXB, ...",1474,20220406-1147,best
10:25 am – 7:20 pm +1,Singapore Airlines,EWR‐HKT,21h55m,1,SIN,8:10 pm – 7:00 am +2,"Singapore Airlines, Alaska Airlines",HKT‐EWR,45h50m,2,"SIN, SFO",1497,20220406-1147,best
10:25 am – 9:35 am +2,Singapore Airlines,EWR‐HKT,36h10m,1,SIN,11:40 am – 6:00 am +1,Singapore Airlines,HKT‐EWR,29h20m,1,SIN,1752,20220406-1147,best
10:25 am – 7:20 pm +1,Singapore Airlines,EWR‐HKT,21h55m,1,SIN,6:10 pm – 7:00 am +2,"Singapore Airlines, Alaska Airlines",HKT‐EWR,47h50m,2,"SIN, SFO",1497,20220406-1147,best
10:25 am – 5:10 pm +2,Singapore Airlines,EWR‐HKT,43h45m,1,SIN,6:10 pm – 6:00 am +1,Singapore Airlines,HKT‐EWR,22h50m,1,SIN,1739,20220406-1147,best
10:25 am – 7:20 pm +1,Singapore Airlines,EWR‐HKT,21h55m,1,SIN,6:10 pm – 6:00 am +1,Singapore Airlines,HKT‐EWR,22h50m,1,SIN,1752,20220406-1152,fast
10:25 am – 7:20 pm +1,Singapore Airlines,EWR‐HKT,21h55m,1,SIN,11:40 am – 6:00 am +1,Singapore Airlines,HKT‐EWR,29h20m,1,SIN,1752,20220406-1152,fast
9:50 pm – 10:20 am +2,"SWISS, Thai Airways",EWR‐HKT,25h30m,2,"ZRH, BKK",9:05 pm – 11:50 am +1,"Qatar Airways, Lufthansa",HKT‐EWR,25h45m,2,"DOH, DUB",5124,20220406-1152,fast
9:50 pm – 10:20 am +2,"SWISS, Thai Airways",EWR‐HKT,25h30m,2,"ZRH, BKK",9:20 pm – 1:10 pm +1,Multiple Airlines,HKT‐EWR,26h50m,2,"SIN, ZRH",4889,20220406-1152,fast
9:50 pm – 10:20 am +2,"SWISS, Thai Airways",EWR‐HKT,25h30m,2,"ZRH, BKK",9:20 pm – 1:10 pm +1,Multiple Airlines,HKT‐EWR,26h50m,2,"SIN, ZRH",7977,20220406-1152,fast
9:50 pm – 10:20 am +2,"SWISS, Thai Airways",EWR‐HKT,25h30m,2,"ZRH, BKK",7:50 pm – 11:45 am +1,Multiple Airlines,HKT‐EWR,26h55m,2,"SIN, CDG",4911,20220406-1152,fast
10:25 am – 7:20 pm +1,Singapore Airlines,EWR‐HKT,21h55m,1,SIN,10:25 am – 6:00 am +1,Singapore Airlines,HKT‐EWR,30h35m,1,SIN,1752,20220406-1152,fast
10:25 am – 7:20 pm +1,Singapore Airlines,EWR‐HKT,21h55m,1,SIN,10:20 am – 6:00 am +1,"Bangkok Airways, Singapore Airlines",HKT‐EWR,30h40m,2,"BKK, SIN",1890,20220406-1152,fast
10:25 am – 7:20 pm +1,Singapore Airlines,EWR‐HKT,21h55m,1,SIN,10:20 am – 6:00 am +1,"Bangkok Airways, Singapore Airlines",HKT‐EWR,30h40m,2,"BKK, SIN",2441,20220406-1152,fast
9:50 pm – 10:20 am +2,"SWISS, Thai Airways",EWR‐HKT,25h30m,2,"ZRH, BKK",7:10 pm – 11:45 am +1,Multiple Airlines,HKT‐EWR,27h35m,2,"BKK, CDG",4965,20220406-1152,fast
9:50 pm – 10:20 am +2,"SWISS, Thai Airways",EWR‐HKT,25h30m,2,"ZRH, BKK",7:10 pm – 11:55 am +1,Multiple Airlines,HKT‐EWR,27h45m,2,"BKK, ARN",4946,20220406-1152,fast
9:50 pm – 10:20 am +2,"SWISS, Thai Airways",EWR‐HKT,25h30m,2,"ZRH, BKK",7:50 pm – 12:40 pm +1,Multiple Airlines,HKT‐EWR,27h50m,2,"SIN, LHR",4939,20220406-1152,fast
7:42 pm – 1:15 pm +2,"American Airlines, Qatar Airways",EWR‐HKT,30h33m,2,"ORD, DOH",6:10 pm – 6:00 am +1,Singapore Airlines,HKT‐EWR,22h50m,1,SIN,2429,20220406-1152,fast
10:25 am – 7:20 pm +1,Singapore Airlines,EWR‐HKT,21h55m,1,SIN,10:25 am – 7:00 am +1,Singapore Airlines,HKT‐EWR,31h35m,2,"SIN, SFO",2076,20220406-1152,fast
9:50 pm – 10:20 am +2,"SWISS, Thai Airways",EWR‐HKT,25h30m,2,"ZRH, BKK",7:10 pm – 12:40 pm +1,Multiple Airlines,HKT‐EWR,28h30m,2,"BKK, LHR",4993,20220406-1152,fast
