Out Time,Out Airline,Out Cities,Out Duration,Out Stops,Out Stop Cities,Return Time,Return Airline,Return Cities,Return Duration,Return Stops,Return Stop Cities,Price,timestamp,sort
11:35 am – 9:30 am +2,"ANA, Bangkok Airways",EWR‐HKT,34h55m,2,"NRT, BKK",2:40 pm – 5:10 pm +1,"Bangkok Airways, ANA",HKT‐EWR,37h30m,2,"BKK, HND",1017,20220409-1442,cheap
10:25 am – 7:20 pm +1,Singapore Airlines,EWR‐HKT,21h55m,1,SIN,8:10 pm – 10:50 pm +1,"Singapore Airlines, JetBlue",HKT‐EWR,37h40m,2,"SIN, SFO",1269,20220409-1442,cheap
10:25 am – 7:20 pm +1,Singapore Airlines,EWR‐HKT,21h55m,1,SIN,6:10 pm – 6:59 am +2,"Singapore Airlines, Alaska Airlines",HKT‐EWR,47h49m,2,"SIN, SFO",1358,20220409-1442,cheap
4:26 pm – 1:15 pm +2,Qatar Airways,EWR‐HKT,33h49m,2,"BOS, DOH",11:55 pm – 9:28 pm +1,Qatar Airways,HKT‐EWR,32h33m,2,"DOH, BOS",1421,20220409-1442,cheap
4:26 pm – 1:15 pm +2,Qatar Airways,EWR‐HKT,33h49m,2,"BOS, DOH",11:55 pm – 7:40 pm +1,Qatar Airways,HKT‐EWR,30h45m,2,"DOH, ORD",1436,20220409-1442,cheap
9:26 am – 1:15 pm +2,Qatar Airways,EWR‐HKT,40h49m,2,"BOS, DOH",11:55 pm – 7:40 pm +1,Qatar Airways,HKT‐EWR,30h45m,2,"DOH, ORD",1436,20220409-1442,cheap
4:00 pm – 10:50 am +2,Singapore Airlines,EWR‐HKT,31h50m,2,"LAX, SIN",8:10 pm – 10:50 pm +1,"Singapore Airlines, JetBlue",HKT‐EWR,37h40m,2,"SIN, SFO",1452,20220409-1442,cheap
11:55 pm – 12:30 pm +2,Emirates,EWR‐HKT,25h35m,2,"ATH, DXB",7:10 pm – 9:20 pm +1,Emirates,HKT‐EWR,37h10m,3,"BKK, DXB, ...",1555,20220409-1442,cheap
11:55 pm – 12:30 pm +2,Emirates,EWR‐HKT,25h35m,2,"ATH, DXB",2:40 pm – 9:20 pm +1,Emirates,HKT‐EWR,41h40m,3,"BKK, DXB, ...",1555,20220409-1442,cheap
11:55 pm – 12:30 pm +2,Emirates,EWR‐HKT,25h35m,2,"ATH, DXB",10:20 am – 9:20 pm +1,Emirates,HKT‐EWR,46h00m,3,"BKK, DXB, ...",1558,20220409-1442,cheap
11:35 am – 9:30 am +2,"ANA, Bangkok Airways",EWR‐HKT,34h55m,2,"NRT, BKK",12:10 am – 9:20 pm,Emirates,HKT‐EWR,32h10m,2,"DXB, ATH",1561,20220409-1442,cheap
4:00 pm – 10:50 am +2,Singapore Airlines,EWR‐HKT,31h50m,2,"LAX, SIN",11:40 am – 2:55 pm +1,Singapore Airlines,HKT‐EWR,38h15m,2,"SIN, LAX",1598,20220409-1442,cheap
4:00 pm – 10:50 am +2,Singapore Airlines,EWR‐HKT,31h50m,2,"LAX, SIN",10:25 am – 2:55 pm +1,Singapore Airlines,HKT‐EWR,39h30m,2,"SIN, LAX",1598,20220409-1442,cheap
6:56 pm – 1:15 pm +2,"American Airlines, Qatar Airways",EWR‐HKT,31h19m,2,"DFW, DOH",11:55 pm – 7:40 pm +1,"Qatar Airways, American Airlines",HKT‐EWR,30h45m,2,"DOH, ORD",1610,20220409-1442,cheap
6:56 pm – 1:15 pm +2,"American Airlines, Qatar Airways",EWR‐HKT,31h19m,2,"DFW, DOH",11:55 pm – 9:27 pm +1,"Qatar Airways, American Airlines",HKT‐EWR,32h32m,2,"DOH, ORD",1610,20220409-1442,cheap
11:35 am – 9:30 am +2,"ANA, Bangkok Airways",EWR‐HKT,34h55m,2,"NRT, BKK",2:40 pm – 5:10 pm +1,"Bangkok Airways, ANA",HKT‐EWR,37h30m,2,"BKK, HND",1017,20220409-1440,best
10:25 am – 7:20 pm +1,Singapore Airlines,EWR‐HKT,21h55m,1,SIN,6:10 pm – 6:00 am +1,Singapore Airlines,HKT‐EWR,22h50m,1,SIN,1642,20220409-1440,best
11:35 am – 9:30 am +2,"ANA, Bangkok Airways",EWR‐HKT,34h55m,2,"NRT, BKK",2:40 pm – 5:10 pm +1,"Bangkok Airways, ANA",HKT‐EWR,37h30m,2,"BKK, HND",1017,20220409-1440,best
10:25 am – 7:20 pm +1,Singapore Airlines,EWR‐HKT,21h55m,1,SIN,8:10 pm – 10:50 pm +1,"Singapore Airlines, JetBlue",HKT‐EWR,37h40m,2,"SIN, SFO",1269,20220409-1440,best
10:25 am – 7:20 pm +1,Singapore Airlines,EWR‐HKT,21h55m,1,SIN,11:40 am – 6:00 am +1,Singapore Airlines,HKT‐EWR,29h20m,1,SIN,1642,20220409-1440,best
10:25 am – 7:20 pm +1,Singapore Airlines,EWR‐HKT,21h55m,1,SIN,10:25 am – 6:00 am +1,Singapore Airlines,HKT‐EWR,30h35m,1,SIN,1642,20220409-1440,best
10:25 am – 7:20 pm +1,Singapore Airlines,EWR‐HKT,21h55m,1,SIN,12:10 pm – 6:00 am +1,Singapore Airlines,HKT‐EWR,28h50m,1,SIN,1749,20220409-1440,best
10:25 am – 9:35 am +2,Singapore Airlines,EWR‐HKT,36h10m,1,SIN,6:10 pm – 6:00 am +1,Singapore Airlines,HKT‐EWR,22h50m,1,SIN,1642,20220409-1440,best
10:25 am – 10:50 am +2,Singapore Airlines,EWR‐HKT,37h25m,1,SIN,6:10 pm – 6:00 am +1,Singapore Airlines,HKT‐EWR,22h50m,1,SIN,1642,20220409-1440,best
4:00 pm – 10:50 am +2,Singapore Airlines,EWR‐HKT,31h50m,2,"LAX, SIN",6:10 pm – 6:00 am +1,Singapore Airlines,HKT‐EWR,22h50m,1,SIN,1785,20220409-1440,best
4:26 pm – 1:15 pm +2,Qatar Airways,EWR‐HKT,33h49m,2,"BOS, DOH",11:55 pm – 7:40 pm +1,Qatar Airways,HKT‐EWR,30h45m,2,"DOH, ORD",1436,20220409-1440,best
10:25 am – 7:20 pm +1,Singapore Airlines,EWR‐HKT,21h55m,1,SIN,6:10 pm – 6:59 am +2,"Singapore Airlines, Alaska Airlines",HKT‐EWR,47h49m,2,"SIN, SFO",1358,20220409-1440,best
4:26 pm – 1:15 pm +2,Qatar Airways,EWR‐HKT,33h49m,2,"BOS, DOH",11:55 pm – 9:28 pm +1,Qatar Airways,HKT‐EWR,32h33m,2,"DOH, BOS",1421,20220409-1440,best
11:55 pm – 12:30 pm +2,Emirates,EWR‐HKT,25h35m,2,"ATH, DXB",12:10 am – 9:20 pm,Emirates,HKT‐EWR,32h10m,2,"DXB, ATH",1626,20220409-1440,best
10:25 am – 9:35 am +2,Singapore Airlines,EWR‐HKT,36h10m,1,SIN,11:40 am – 6:00 am +1,Singapore Airlines,HKT‐EWR,29h20m,1,SIN,1642,20220409-1440,best
6:56 pm – 1:15 pm +2,"American Airlines, Qatar Airways",EWR‐HKT,31h19m,2,"DFW, DOH",11:55 pm – 7:40 pm +1,"Qatar Airways, American Airlines",HKT‐EWR,30h45m,2,"DOH, ORD",1610,20220409-1440,best
10:25 am – 7:20 pm +1,Singapore Airlines,EWR‐HKT,21h55m,1,SIN,6:10 pm – 6:00 am +1,Singapore Airlines,HKT‐EWR,22h50m,1,SIN,1642,20220409-1444,fast
10:25 am – 7:20 pm +1,Singapore Airlines,EWR‐HKT,21h55m,1,SIN,12:10 pm – 6:00 am +1,Singapore Airlines,HKT‐EWR,28h50m,1,SIN,1749,20220409-1444,fast
10:25 am – 7:20 pm +1,Singapore Airlines,EWR‐HKT,21h55m,1,SIN,11:40 am – 6:00 am +1,Singapore Airlines,HKT‐EWR,29h20m,1,SIN,1642,20220409-1444,fast
9:50 pm – 9:30 am +2,"SWISS, Bangkok Airways",EWR‐HKT,24h40m,2,"ZRH, BKK",7:50 pm – 12:25 pm +1,"Scoot, Lufthansa",HKT‐EWR,27h35m,2,"SIN, MUC",2211,20220409-1444,fast
10:25 am – 7:20 pm +1,Singapore Airlines,EWR‐HKT,21h55m,1,SIN,10:25 am – 6:00 am +1,Singapore Airlines,HKT‐EWR,30h35m,1,SIN,1642,20220409-1444,fast
7:00 am – 12:10 am +2,"JetBlue, Asiana Airlines",EWR‐HKT,30h10m,2,"LAX, ICN",6:10 pm – 6:00 am +1,Singapore Airlines,HKT‐EWR,22h50m,1,SIN,2767,20220409-1444,fast
10:25 am – 7:20 pm +1,Singapore Airlines,EWR‐HKT,21h55m,1,SIN,12:10 am – 9:20 pm,Emirates,HKT‐EWR,32h10m,2,"DXB, ATH",1921,20220409-1444,fast
4:00 pm – 10:50 am +2,Singapore Airlines,EWR‐HKT,31h50m,2,"LAX, SIN",6:10 pm – 6:00 am +1,Singapore Airlines,HKT‐EWR,22h50m,1,SIN,1785,20220409-1444,fast
11:55 pm – 12:30 pm +2,Emirates,EWR‐HKT,25h35m,2,"ATH, DXB",12:10 am – 9:20 pm,Emirates,HKT‐EWR,32h10m,2,"DXB, ATH",1626,20220409-1444,fast
11:35 am – 9:30 am +2,"ANA, Bangkok Airways",EWR‐HKT,34h55m,2,"NRT, BKK",6:10 pm – 6:00 am +1,Singapore Airlines,HKT‐EWR,22h50m,1,SIN,1983,20220409-1444,fast
11:55 pm – 12:30 pm +2,Emirates,EWR‐HKT,25h35m,2,"ATH, DXB",12:10 am – 9:28 pm,Emirates,HKT‐EWR,32h18m,2,"DXB, BOS",1817,20220409-1444,fast
11:55 pm – 12:30 pm +2,Emirates,EWR‐HKT,25h35m,2,"ATH, DXB",12:10 am – 10:05 pm,Emirates,HKT‐EWR,32h55m,2,"DXB, MCO",6651,20220409-1444,fast
10:25 am – 9:35 am +2,Singapore Airlines,EWR‐HKT,36h10m,1,SIN,6:10 pm – 6:00 am +1,Singapore Airlines,HKT‐EWR,22h50m,1,SIN,1642,20220409-1444,fast
10:25 am – 7:20 pm +1,Singapore Airlines,EWR‐HKT,21h55m,1,SIN,8:10 pm – 10:50 pm +1,"Singapore Airlines, JetBlue",HKT‐EWR,37h40m,2,"SIN, SFO",1269,20220409-1444,fast
9:05 am – 12:10 am +2,"Air Canada, Asiana Airlines",EWR‐HKT,28h05m,2,"YYZ, ICN",1:30 am – 10:31 pm,"Asiana Airlines, Air Canada",HKT‐EWR,32h01m,2,"ICN, YYZ",2174,20220409-1444,fast
