Out Time,Out Airline,Out Cities,Out Duration,Out Stops,Out Stop Cities,Return Time,Return Airline,Return Cities,Return Duration,Return Stops,Return Stop Cities,Price,timestamp,sort
11:35 am – 9:30 am +2,"ANA, Bangkok Airways",EWR‐HKT,34h55m,2,"NRT, BKK",12:10 am – 9:20 pm,Emirates,HKT‐EWR,32h10m,2,"DXB, ATH",1395,20220406-1826,cheap
11:35 am – 1:50 pm +2,"ANA, Bangkok Airways",EWR‐HKT,39h15m,2,"NRT, BKK",12:10 am – 9:20 pm,Emirates,HKT‐EWR,32h10m,2,"DXB, ATH",1396,20220406-1826,cheap
11:35 am – 10:40 am +2,"ANA, Thai Airways",EWR‐HKT,36h05m,2,"NRT, BKK",12:10 am – 9:20 pm,Emirates,HKT‐EWR,32h10m,2,"DXB, ATH",1398,20220406-1826,cheap
10:55 am – 9:30 am +2,"ANA, Bangkok Airways",EWR‐HKT,35h35m,2,"HND-NRT, BKK",12:10 am – 9:20 pm,Emirates,HKT‐EWR,32h10m,2,"DXB, ATH",1402,20220406-1826,cheap
10:55 am – 1:50 pm +2,"ANA, Bangkok Airways",EWR‐HKT,39h55m,2,"HND-NRT, BKK",12:10 am – 9:20 pm,Emirates,HKT‐EWR,32h10m,2,"DXB, ATH",1444,20220406-1826,cheap
7:00 am – 12:10 am +2,"JetBlue, Asiana Airlines",EWR‐HKT,30h10m,2,"LAX, ICN",12:10 am – 9:20 pm,Emirates,HKT‐EWR,32h10m,2,"DXB, ATH",1528,20220406-1826,cheap
9:00 am – 9:35 am +2,Singapore Airlines,EWR‐HKT,37h35m,3,"LAX, NRT, ...",11:40 am – 6:59 am +1,Singapore Airlines,HKT‐EWR,30h19m,2,"SIN, SFO",1543,20220406-1826,cheap
9:00 am – 10:50 am +2,Singapore Airlines,EWR‐HKT,38h50m,3,"LAX, NRT, ...",11:40 am – 6:59 am +1,Singapore Airlines,HKT‐EWR,30h19m,2,"SIN, SFO",1543,20220406-1826,cheap
9:00 am – 9:35 am +2,"Alaska Airlines, Singapore Airlines",EWR‐HKT,37h35m,3,"LAX, NRT, ...",10:25 am – 6:59 am +1,"Singapore Airlines, Alaska Airlines",HKT‐EWR,31h34m,2,"SIN, SFO",1555,20220406-1826,cheap
11:35 am – 9:30 am +2,"ANA, Bangkok Airways",EWR‐HKT,34h55m,2,"NRT, BKK",8:00 pm – 3:50 pm +1,Etihad Airways,HKT‐EWR,30h50m,2,"AUH, DUB",1571,20220406-1826,cheap
11:35 am – 10:40 am +2,"ANA, Thai Airways",EWR‐HKT,36h05m,2,"NRT, BKK",8:00 pm – 3:50 pm +1,Etihad Airways,HKT‐EWR,30h50m,2,"AUH, DUB",1584,20220406-1826,cheap
5:40 pm – 9:30 am +2,"TAP AIR PORTUGAL, Thai Airways",EWR‐HKT,28h50m,3,"LIS, FRA, ...",6:45 pm – 5:10 pm +1,"Thai Vietjet Air, ANA",HKT‐EWR,33h25m,2,"BKK, HND",1589,20220406-1826,cheap
5:40 pm – 10:40 am +2,"TAP AIR PORTUGAL, Thai Airways",EWR‐HKT,30h00m,3,"LIS, FRA, ...",6:45 pm – 5:10 pm +1,"Thai Vietjet Air, ANA",HKT‐EWR,33h25m,2,"BKK, HND",1589,20220406-1826,cheap
5:40 pm – 9:30 am +2,"TAP AIR PORTUGAL, Thai Airways",EWR‐HKT,28h50m,3,"LIS, FRA, ...",5:25 pm – 5:10 pm +1,"Thai Vietjet Air, ANA",HKT‐EWR,34h45m,2,"BKK, HND",1589,20220406-1826,cheap
5:40 pm – 10:40 am +2,"TAP AIR PORTUGAL, Thai Airways",EWR‐HKT,30h00m,3,"LIS, FRA, ...",5:25 pm – 5:10 pm +1,"Thai Vietjet Air, ANA",HKT‐EWR,34h45m,2,"BKK, HND",1589,20220406-1826,cheap
11:35 am – 9:30 am +2,"ANA, Bangkok Airways",EWR‐HKT,34h55m,2,"NRT, BKK",12:10 am – 9:20 pm,Emirates,HKT‐EWR,32h10m,2,"DXB, ATH",1432,20220406-1824,best
10:25 am – 7:20 pm +1,Singapore Airlines,EWR‐HKT,21h55m,1,SIN,6:10 pm – 6:00 am +1,Singapore Airlines,HKT‐EWR,22h50m,1,SIN,1833,20220406-1824,best
11:35 am – 9:30 am +2,"ANA, Bangkok Airways",EWR‐HKT,34h55m,2,"NRT, BKK",12:10 am – 9:20 pm,Emirates,HKT‐EWR,32h10m,2,"DXB, ATH",1395,20220406-1824,best
10:25 am – 7:20 pm +1,Singapore Airlines,EWR‐HKT,21h55m,1,SIN,5:35 pm – 6:00 am +1,Singapore Airlines,HKT‐EWR,23h25m,1,SIN,1859,20220406-1824,best
10:25 am – 7:20 pm +1,Singapore Airlines,EWR‐HKT,21h55m,1,SIN,11:40 am – 6:59 am +1,"Singapore Airlines, Alaska Airlines",HKT‐EWR,30h19m,2,"SIN, SFO",1692,20220406-1824,best
10:25 am – 7:20 pm +1,Singapore Airlines,EWR‐HKT,21h55m,1,SIN,11:40 am – 6:00 am +1,Singapore Airlines,HKT‐EWR,29h20m,1,SIN,1833,20220406-1824,best
10:25 am – 7:20 pm +1,Singapore Airlines,EWR‐HKT,21h55m,1,SIN,10:25 am – 6:59 am +1,"Singapore Airlines, Alaska Airlines",HKT‐EWR,31h34m,2,"SIN, SFO",1692,20220406-1824,best
10:25 am – 7:20 pm +1,Singapore Airlines,EWR‐HKT,21h55m,1,SIN,10:25 am – 6:00 am +1,Singapore Airlines,HKT‐EWR,30h35m,1,SIN,1833,20220406-1824,best
10:25 am – 7:20 pm +1,Singapore Airlines,EWR‐HKT,21h55m,1,SIN,11:40 am – 7:10 am +1,Singapore Airlines,HKT‐EWR,30h30m,2,"SIN, LAX",1804,20220406-1824,best
10:25 am – 10:50 am +2,Singapore Airlines,EWR‐HKT,37h25m,1,SIN,6:10 pm – 6:00 am +1,Singapore Airlines,HKT‐EWR,22h50m,1,SIN,1833,20220406-1824,best
9:00 am – 9:35 am +2,"Alaska Airlines, Singapore Airlines",EWR‐HKT,37h35m,3,"LAX, NRT, ...",6:10 pm – 6:00 am +1,Singapore Airlines,HKT‐EWR,22h50m,1,SIN,1696,20220406-1824,best
10:25 am – 7:20 pm +1,Singapore Airlines,EWR‐HKT,21h55m,1,SIN,11:40 am – 4:30 pm +1,"Singapore Airlines, Alaska Airlines",HKT‐EWR,39h50m,2,"SIN, SFO",1709,20220406-1824,best
10:25 am – 7:20 pm +1,Singapore Airlines,EWR‐HKT,21h55m,1,SIN,12:10 am – 9:20 pm,Emirates,HKT‐EWR,32h10m,2,"DXB, ATH",1966,20220406-1824,best
9:00 am – 9:35 am +2,Singapore Airlines,EWR‐HKT,37h35m,3,"LAX, NRT, ...",5:35 pm – 6:00 am +1,Singapore Airlines,HKT‐EWR,23h25m,1,SIN,1690,20220406-1824,best
10:55 am – 9:30 am +2,"ANA, Bangkok Airways",EWR‐HKT,35h35m,2,"HND-NRT, BKK",12:10 am – 9:20 pm,Emirates,HKT‐EWR,32h10m,2,"DXB, ATH",1402,20220406-1824,best
10:25 am – 10:50 am +2,Singapore Airlines,EWR‐HKT,37h25m,1,SIN,5:35 pm – 6:00 am +1,Singapore Airlines,HKT‐EWR,23h25m,1,SIN,1859,20220406-1824,best
10:25 am – 7:20 pm +1,Singapore Airlines,EWR‐HKT,21h55m,1,SIN,6:10 pm – 6:00 am +1,Singapore Airlines,HKT‐EWR,22h50m,1,SIN,1833,20220406-1829,fast
10:25 am – 7:20 pm +1,Singapore Airlines,EWR‐HKT,21h55m,1,SIN,5:35 pm – 6:00 am +1,Singapore Airlines,HKT‐EWR,23h25m,1,SIN,1859,20220406-1829,fast
4:54 pm – 6:55 am +2,"JetBlue, Qatar Airways",EWR‐HKT,27h01m,2,"BOS, DOH",6:10 pm – 6:00 am +1,Singapore Airlines,HKT‐EWR,22h50m,1,SIN,2471,20220406-1829,fast
4:54 pm – 6:55 am +2,Qatar Airways,EWR‐HKT,27h01m,2,"BOS, DOH",5:35 pm – 6:00 am +1,Singapore Airlines,HKT‐EWR,23h25m,1,SIN,2680,20220406-1829,fast
10:25 am – 7:20 pm +1,Singapore Airlines,EWR‐HKT,21h55m,1,SIN,11:40 am – 6:00 am +1,Singapore Airlines,HKT‐EWR,29h20m,1,SIN,1833,20220406-1829,fast
10:25 am – 7:20 pm +1,Singapore Airlines,EWR‐HKT,21h55m,1,SIN,11:40 am – 6:59 am +1,"Singapore Airlines, Alaska Airlines",HKT‐EWR,30h19m,2,"SIN, SFO",1692,20220406-1829,fast
10:25 am – 7:20 pm +1,Singapore Airlines,EWR‐HKT,21h55m,1,SIN,11:40 am – 7:10 am +1,Singapore Airlines,HKT‐EWR,30h30m,2,"SIN, LAX",1804,20220406-1829,fast
10:25 am – 7:20 pm +1,Singapore Airlines,EWR‐HKT,21h55m,1,SIN,10:25 am – 6:00 am +1,Singapore Airlines,HKT‐EWR,30h35m,1,SIN,1833,20220406-1829,fast
1:55 pm – 6:55 am +2,"American Airlines, Qatar Airways",EWR‐HKT,30h00m,2,"ORD, DOH",6:10 pm – 6:00 am +1,Singapore Airlines,HKT‐EWR,22h50m,1,SIN,2380,20220406-1829,fast
8:55 pm – 9:35 am +2,"Lufthansa, Singapore Airlines",EWR‐HKT,25h40m,2,"MUC, SIN",8:10 pm – 12:25 pm +1,"Singapore Airlines, Lufthansa",HKT‐EWR,27h15m,2,"SIN, MUC",2387,20220406-1829,fast
7:00 am – 12:10 am +2,"JetBlue, Asiana Airlines",EWR‐HKT,30h10m,2,"LAX, ICN",6:10 pm – 6:00 am +1,Singapore Airlines,HKT‐EWR,22h50m,1,SIN,2018,20220406-1829,fast
7:00 am – 12:10 am +2,"United Airlines, Asiana Airlines",EWR‐HKT,30h10m,2,"LAX, ICN",6:10 pm – 6:00 am +1,Singapore Airlines,HKT‐EWR,22h50m,1,SIN,2108,20220406-1829,fast
7:20 am – 12:10 am +2,"Alaska Airlines, Asiana Airlines",EWR‐HKT,29h50m,2,"SEA, ICN",5:35 pm – 6:00 am +1,Singapore Airlines,HKT‐EWR,23h25m,1,SIN,2944,20220406-1829,fast
7:45 pm – 1:15 pm +2,"American Airlines, Qatar Airways",EWR‐HKT,30h30m,2,"ORD, DOH",6:10 pm – 6:00 am +1,Singapore Airlines,HKT‐EWR,22h50m,1,SIN,2496,20220406-1829,fast
10:25 am – 7:20 pm +1,Singapore Airlines,EWR‐HKT,21h55m,1,SIN,10:25 am – 6:59 am +1,"Singapore Airlines, Alaska Airlines",HKT‐EWR,31h34m,2,"SIN, SFO",1692,20220406-1829,fast
