Out Time,Out Airline,Out Cities,Out Duration,Out Stops,Out Stop Cities,Return Time,Return Airline,Return Cities,Return Duration,Return Stops,Return Stop Cities,Price,timestamp,sort
11:55 pm – 12:30 pm +2,Emirates,EWR‐HKT,25h35m,2,"ATH, DXB",7:10 pm – 9:20 pm +1,Emirates,HKT‐EWR,37h10m,3,"BKK, DXB, ...",1195,20220406-1027,cheap
11:55 pm – 12:30 pm +2,Emirates,EWR‐HKT,25h35m,2,"ATH, DXB",2:40 pm – 9:20 pm +1,Emirates,HKT‐EWR,41h40m,3,"BKK, DXB, ...",1195,20220406-1027,cheap
11:55 pm – 12:30 pm +2,Emirates,EWR‐HKT,25h35m,2,"ATH, DXB",10:20 am – 9:20 pm +1,Emirates,HKT‐EWR,46h00m,3,"BKK, DXB, ...",1198,20220406-1027,cheap
11:55 pm – 12:30 pm +2,Emirates,EWR‐HKT,25h35m,2,"ATH, DXB",12:10 am – 9:20 pm,Emirates,HKT‐EWR,32h10m,2,"DXB, ATH",1277,20220406-1027,cheap
11:55 pm – 7:05 pm +2,"Emirates, Bangkok Airways",EWR‐HKT,32h10m,3,"ATH, DXB, ...",2:40 pm – 9:20 pm +1,"Bangkok Airways, Emirates",HKT‐EWR,41h40m,3,"BKK, DXB, ...",1284,20220406-1027,cheap
12:30 pm – 1:15 pm +2,"American Airlines, Qatar Airways",EWR‐HKT,37h45m,2,"MIA, DOH",11:55 pm – 10:35 pm +1,"Qatar Airways, American Airlines",HKT‐EWR,33h40m,2,"DOH, MIA",1323,20220406-1027,cheap
12:30 pm – 1:15 pm +2,"American Airlines, Qatar Airways",EWR‐HKT,37h45m,2,"MIA, DOH",11:55 pm – 11:59 pm +1,"Qatar Airways, American Airlines",HKT‐EWR,35h04m,2,"DOH, MIA",1323,20220406-1027,cheap
8:00 am – 1:15 pm +2,"American Airlines, Qatar Airways",EWR‐HKT,42h15m,2,"MIA, DOH",11:55 pm – 10:35 pm +1,"Qatar Airways, American Airlines",HKT‐EWR,33h40m,2,"DOH, MIA",1323,20220406-1027,cheap
12:30 pm – 1:15 pm +2,"American Airlines, Qatar Airways",EWR‐HKT,37h45m,2,"MIA, DOH",11:55 pm – 10:38 pm +1,"Qatar Airways, American Airlines",HKT‐EWR,33h43m,3,"DOH, PHL, ...",1326,20220406-1027,cheap
8:00 am – 1:15 pm +2,"American Airlines, Qatar Airways",EWR‐HKT,42h15m,2,"MIA, DOH",11:55 pm – 10:38 pm +1,"Qatar Airways, American Airlines",HKT‐EWR,33h43m,3,"DOH, PHL, ...",1326,20220406-1027,cheap
12:30 pm – 1:15 pm +2,"American Airlines, Qatar Airways",EWR‐HKT,37h45m,2,"MIA, DOH",11:55 pm – 9:07 pm +1,"Qatar Airways, American Airlines",HKT‐EWR,32h12m,2,"DOH, ORD",1364,20220406-1027,cheap
12:30 pm – 1:15 pm +2,"American Airlines, Qatar Airways",EWR‐HKT,37h45m,2,"MIA, DOH",9:05 pm – 6:52 pm +1,"Qatar Airways, American Airlines",HKT‐EWR,32h47m,2,"DOH, DFW",1364,20220406-1027,cheap
12:30 pm – 1:15 pm +2,"American Airlines, Qatar Airways",EWR‐HKT,37h45m,2,"MIA, DOH",11:55 pm – 11:43 pm +1,"Qatar Airways, American Airlines",HKT‐EWR,34h48m,2,"DOH, ORD",1364,20220406-1027,cheap
12:30 pm – 1:15 pm +2,"American Airlines, Qatar Airways",EWR‐HKT,37h45m,2,"MIA, DOH",9:05 pm – 9:07 pm +1,"Qatar Airways, American Airlines",HKT‐EWR,35h02m,2,"DOH, ORD",1364,20220406-1027,cheap
12:30 pm – 1:15 pm +2,"American Airlines, Qatar Airways",EWR‐HKT,37h45m,2,"MIA, DOH",9:05 pm – 9:53 pm +1,"Qatar Airways, American Airlines",HKT‐EWR,35h48m,2,"DOH, DFW",1364,20220406-1027,cheap
11:55 pm – 12:30 pm +2,Emirates,EWR‐HKT,25h35m,2,"ATH, DXB",12:10 am – 9:20 pm,Emirates,HKT‐EWR,32h10m,2,"DXB, ATH",1314,20220406-1024,best
10:25 am – 7:20 pm +1,Singapore Airlines,EWR‐HKT,21h55m,1,SIN,6:10 pm – 6:00 am +1,Singapore Airlines,HKT‐EWR,22h50m,1,SIN,1652,20220406-1024,best
11:55 pm – 12:30 pm +2,Emirates,EWR‐HKT,25h35m,2,"ATH, DXB",7:10 pm – 9:20 pm +1,Emirates,HKT‐EWR,37h10m,3,"BKK, DXB, ...",1195,20220406-1024,best
10:25 am – 7:20 pm +1,Singapore Airlines,EWR‐HKT,21h55m,1,SIN,5:35 pm – 6:00 am +1,Singapore Airlines,HKT‐EWR,23h25m,1,SIN,1744,20220406-1024,best
10:25 am – 7:20 pm +1,Singapore Airlines,EWR‐HKT,21h55m,1,SIN,11:40 am – 6:00 am +1,Singapore Airlines,HKT‐EWR,29h20m,1,SIN,1652,20220406-1024,best
10:25 am – 7:20 pm +1,Singapore Airlines,EWR‐HKT,21h55m,1,SIN,10:25 am – 6:00 am +1,Singapore Airlines,HKT‐EWR,30h35m,1,SIN,1652,20220406-1024,best
11:55 pm – 12:30 pm +2,Emirates,EWR‐HKT,25h35m,2,"ATH, DXB",12:10 am – 9:20 pm,Emirates,HKT‐EWR,32h10m,2,"DXB, ATH",1277,20220406-1024,best
10:25 am – 9:35 am +2,Singapore Airlines,EWR‐HKT,36h10m,1,SIN,6:10 pm – 6:00 am +1,Singapore Airlines,HKT‐EWR,22h50m,1,SIN,1652,20220406-1024,best
8:15 am – 9:35 am +2,"Alaska Airlines, Singapore Airlines",EWR‐HKT,38h20m,3,"LAX, NRT, ...",6:10 pm – 6:00 am +1,Singapore Airlines,HKT‐EWR,22h50m,1,SIN,1419,20220406-1024,best
10:25 am – 7:20 pm +1,Singapore Airlines,EWR‐HKT,21h55m,1,SIN,12:10 am – 9:20 pm,Emirates,HKT‐EWR,32h10m,2,"DXB, ATH",1814,20220406-1024,best
11:55 pm – 12:30 pm +2,Emirates,EWR‐HKT,25h35m,2,"ATH, DXB",2:40 pm – 9:20 pm +1,Emirates,HKT‐EWR,41h40m,3,"BKK, DXB, ...",1195,20220406-1024,best
8:15 am – 9:35 am +2,Singapore Airlines,EWR‐HKT,38h20m,3,"LAX, NRT, ...",5:35 pm – 6:00 am +1,Singapore Airlines,HKT‐EWR,23h25m,1,SIN,1503,20220406-1024,best
10:25 am – 7:20 pm +1,Singapore Airlines,EWR‐HKT,21h55m,1,SIN,11:40 am – 7:05 am +1,Singapore Airlines,HKT‐EWR,30h25m,2,"SIN, SFO",1967,20220406-1024,best
10:25 am – 9:35 am +2,Singapore Airlines,EWR‐HKT,36h10m,1,SIN,5:35 pm – 6:00 am +1,Singapore Airlines,HKT‐EWR,23h25m,1,SIN,1744,20220406-1024,best
9:50 pm – 10:20 am +2,"SWISS, Thai Airways",EWR‐HKT,25h30m,2,"ZRH, BKK",8:10 pm – 12:45 pm +1,"Singapore Airlines, Lufthansa",HKT‐EWR,27h35m,2,"SIN, MUC",1854,20220406-1024,best
10:25 am – 7:20 pm +1,Singapore Airlines,EWR‐HKT,21h55m,1,SIN,10:25 am – 7:05 am +1,Singapore Airlines,HKT‐EWR,31h40m,2,"SIN, SFO",1967,20220406-1024,best
10:25 am – 7:20 pm +1,Singapore Airlines,EWR‐HKT,21h55m,1,SIN,6:10 pm – 6:00 am +1,Singapore Airlines,HKT‐EWR,22h50m,1,SIN,1652,20220406-1029,fast
10:25 am – 7:20 pm +1,Singapore Airlines,EWR‐HKT,21h55m,1,SIN,5:35 pm – 6:00 am +1,Singapore Airlines,HKT‐EWR,23h25m,1,SIN,1744,20220406-1029,fast
11:00 pm – 1:05 pm +2,"TAP AIR PORTUGAL, Thai Airways",EWR‐HKT,27h05m,2,"LIS, FRA",5:35 pm – 6:00 am +1,Singapore Airlines,HKT‐EWR,23h25m,1,SIN,2375,20220406-1029,fast
10:25 am – 7:20 pm +1,Singapore Airlines,EWR‐HKT,21h55m,1,SIN,11:40 am – 6:00 am +1,Singapore Airlines,HKT‐EWR,29h20m,1,SIN,1652,20220406-1029,fast
9:50 pm – 10:20 am +2,"SWISS, Thai Airways",EWR‐HKT,25h30m,2,"ZRH, BKK",8:00 pm – 11:00 am +1,"Etihad Airways, Austrian Airlines",HKT‐EWR,26h00m,2,"AUH, LHR",5156,20220406-1029,fast
9:50 pm – 10:20 am +2,"SWISS, Thai Airways",EWR‐HKT,25h30m,2,"ZRH, BKK",8:10 pm – 11:15 am +1,"Singapore Airlines, Lufthansa",HKT‐EWR,26h05m,2,"SIN, AMS",4889,20220406-1029,fast
6:35 pm – 10:50 am +2,Singapore Airlines,EWR‐HKT,29h15m,2,"LAX, SIN",6:10 pm – 6:00 am +1,Singapore Airlines,HKT‐EWR,22h50m,1,SIN,3128,20220406-1029,fast
10:25 am – 7:20 pm +1,Singapore Airlines,EWR‐HKT,21h55m,1,SIN,11:40 am – 7:05 am +1,Singapore Airlines,HKT‐EWR,30h25m,2,"SIN, SFO",1967,20220406-1029,fast
10:25 am – 7:20 pm +1,Singapore Airlines,EWR‐HKT,21h55m,1,SIN,9:15 pm – 4:40 pm +1,"THAI Smile, ANA",HKT‐EWR,30h25m,2,"BKK, NRT",9164,20220406-1029,fast
9:50 pm – 10:20 am +2,"SWISS, Thai Airways",EWR‐HKT,25h30m,2,"ZRH, BKK",8:00 pm – 11:55 am +1,"Etihad Airways, Lufthansa",HKT‐EWR,26h55m,2,"AUH, DUB",5111,20220406-1029,fast
9:50 pm – 10:20 am +2,"SWISS, Thai Airways",EWR‐HKT,25h30m,2,"ZRH, BKK",8:00 pm – 11:55 am +1,"Etihad Airways, Lufthansa",HKT‐EWR,26h55m,2,"AUH, CDG",5128,20220406-1029,fast
10:25 am – 7:20 pm +1,Singapore Airlines,EWR‐HKT,21h55m,1,SIN,10:25 am – 6:00 am +1,Singapore Airlines,HKT‐EWR,30h35m,1,SIN,1652,20220406-1029,fast
6:35 pm – 10:50 am +2,Singapore Airlines,EWR‐HKT,29h15m,2,"LAX, SIN",5:35 pm – 6:00 am +1,Singapore Airlines,HKT‐EWR,23h25m,1,SIN,3520,20220406-1029,fast
9:50 pm – 10:20 am +2,"SWISS, Thai Airways",EWR‐HKT,25h30m,2,"ZRH, BKK",8:10 pm – 12:45 pm +1,"Singapore Airlines, Lufthansa",HKT‐EWR,27h35m,2,"SIN, MUC",1854,20220406-1029,fast
9:50 pm – 10:20 am +2,"SWISS, Thai Airways",EWR‐HKT,25h30m,2,"ZRH, BKK",7:10 pm – 11:55 am +1,Multiple Airlines,HKT‐EWR,27h45m,2,"BKK, CDG",4965,20220406-1029,fast
