Out Time,Out Airline,Out Cities,Out Duration,Out Stops,Out Stop Cities,Return Time,Return Airline,Return Cities,Return Duration,Return Stops,Return Stop Cities,Price,timestamp,sort
11:55 pm – 12:30 pm +2,Emirates,EWR‐HKT,25h35m,2,"ATH, DXB",12:10 am – 9:20 pm,Emirates,HKT‐EWR,32h10m,2,"DXB, ATH",1275,20220406-1205,cheap
11:55 pm – 12:30 pm +2,Emirates,EWR‐HKT,25h35m,2,"ATH, DXB",7:10 pm – 9:20 pm +1,Emirates,HKT‐EWR,37h10m,3,"BKK, DXB, ...",1294,20220406-1205,cheap
11:55 pm – 12:30 pm +2,Emirates,EWR‐HKT,25h35m,2,"ATH, DXB",2:40 pm – 9:20 pm +1,Emirates,HKT‐EWR,41h40m,3,"BKK, DXB, ...",1294,20220406-1205,cheap
11:55 pm – 7:05 pm +2,"Emirates, Bangkok Airways",EWR‐HKT,32h10m,3,"ATH, DXB, ...",12:10 am – 9:20 pm,Emirates,HKT‐EWR,32h10m,2,"DXB, ATH",1379,20220406-1205,cheap
11:55 pm – 7:05 pm +2,"Emirates, Bangkok Airways",EWR‐HKT,32h10m,3,"ATH, DXB, ...",2:40 pm – 9:20 pm +1,"Bangkok Airways, Emirates",HKT‐EWR,41h40m,3,"BKK, DXB, ...",1396,20220406-1205,cheap
11:25 am – 10:40 am +2,"ANA, Thai Airways",EWR‐HKT,36h15m,2,"NRT, BKK",12:10 am – 9:20 pm,Emirates,HKT‐EWR,32h10m,2,"DXB, ATH",1450,20220406-1205,cheap
6:20 pm – 12:30 pm +2,Emirates,EWR‐HKT,31h10m,2,"BOS, DXB",12:10 am – 9:20 pm,Emirates,HKT‐EWR,32h10m,2,"DXB, ATH",1636,20220406-1205,cheap
10:25 am – 7:20 pm +1,Singapore Airlines,EWR‐HKT,21h55m,1,SIN,8:10 pm – 7:00 am +2,Singapore Airlines,HKT‐EWR,45h50m,3,"SIN, NRT, ...",1639,20220406-1205,cheap
10:25 am – 7:20 pm +1,Singapore Airlines,EWR‐HKT,21h55m,1,SIN,6:10 pm – 7:00 am +2,Singapore Airlines,HKT‐EWR,47h50m,3,"SIN, NRT, ...",1639,20220406-1205,cheap
7:10 am – 12:30 pm +2,Emirates,EWR‐HKT,42h20m,2,"BOS, DXB",12:10 am – 9:20 pm,Emirates,HKT‐EWR,32h10m,2,"DXB, ATH",1647,20220406-1205,cheap
10:55 pm – 7:20 pm +2,Multiple Airlines,EWR‐HKT,33h25m,3,"ORY-CDG, ZRH, ...",9:15 pm – 9:20 pm +1,"Thai Airways, Emirates",HKT‐EWR,35h05m,2,"BKK, DXB",1695,20220406-1205,cheap
8:15 am – 7:20 pm +2,"Alaska Airlines, Singapore Airlines",EWR‐HKT,48h05m,3,"LAX, NRT, ...",6:10 pm – 6:00 am +1,Singapore Airlines,HKT‐EWR,22h50m,1,SIN,1696,20220406-1205,cheap
10:55 pm – 1:15 pm +2,"French Bee, Qatar Airways",EWR‐HKT,27h20m,2,"ORY-CDG, DOH",9:15 pm – 9:20 pm +1,"Thai Airways, Emirates",HKT‐EWR,35h05m,2,"BKK, DXB",1703,20220406-1205,cheap
10:25 am – 7:20 pm +1,Singapore Airlines,EWR‐HKT,21h55m,1,SIN,6:10 pm – 6:00 am +1,Singapore Airlines,HKT‐EWR,22h50m,1,SIN,1768,20220406-1205,cheap
10:25 am – 7:20 pm +1,Singapore Airlines,EWR‐HKT,21h55m,1,SIN,11:40 am – 6:00 am +1,Singapore Airlines,HKT‐EWR,29h20m,1,SIN,1768,20220406-1205,cheap
11:55 pm – 12:30 pm +2,Emirates,EWR‐HKT,25h35m,2,"ATH, DXB",12:10 am – 9:20 pm,Emirates,HKT‐EWR,32h10m,2,"DXB, ATH",1314,20220406-1203,best
10:25 am – 7:20 pm +1,Singapore Airlines,EWR‐HKT,21h55m,1,SIN,6:10 pm – 6:00 am +1,Singapore Airlines,HKT‐EWR,22h50m,1,SIN,1768,20220406-1203,best
11:55 pm – 12:30 pm +2,Emirates,EWR‐HKT,25h35m,2,"ATH, DXB",12:10 am – 9:20 pm,Emirates,HKT‐EWR,32h10m,2,"DXB, ATH",1275,20220406-1203,best
10:25 am – 7:20 pm +1,Singapore Airlines,EWR‐HKT,21h55m,1,SIN,11:40 am – 6:00 am +1,Singapore Airlines,HKT‐EWR,29h20m,1,SIN,1768,20220406-1203,best
10:25 am – 7:20 pm +1,Singapore Airlines,EWR‐HKT,21h55m,1,SIN,10:25 am – 6:00 am +1,Singapore Airlines,HKT‐EWR,30h35m,1,SIN,1768,20220406-1203,best
11:55 pm – 12:30 pm +2,Emirates,EWR‐HKT,25h35m,2,"ATH, DXB",7:10 pm – 9:20 pm +1,Emirates,HKT‐EWR,37h10m,3,"BKK, DXB, ...",1294,20220406-1203,best
10:25 am – 9:35 am +2,Singapore Airlines,EWR‐HKT,36h10m,1,SIN,6:10 pm – 6:00 am +1,Singapore Airlines,HKT‐EWR,22h50m,1,SIN,1768,20220406-1203,best
10:25 am – 7:20 pm +1,Singapore Airlines,EWR‐HKT,21h55m,1,SIN,12:10 am – 9:20 pm,Emirates,HKT‐EWR,32h10m,2,"DXB, ATH",1865,20220406-1203,best
10:25 am – 10:50 am +2,Singapore Airlines,EWR‐HKT,37h25m,1,SIN,6:10 pm – 6:00 am +1,Singapore Airlines,HKT‐EWR,22h50m,1,SIN,1768,20220406-1203,best
10:25 am – 7:20 pm +1,Singapore Airlines,EWR‐HKT,21h55m,1,SIN,11:40 am – 7:00 am +1,Singapore Airlines,HKT‐EWR,30h20m,2,"SIN, SFO",2058,20220406-1203,best
9:50 pm – 10:40 am +2,"SWISS, Thai Airways",EWR‐HKT,25h50m,2,"ZRH, BKK",7:10 pm – 1:10 pm +1,"Bangkok Airways, SWISS",HKT‐EWR,29h00m,2,"BKK, ZRH",1866,20220406-1203,best
10:25 am – 7:20 pm +1,Singapore Airlines,EWR‐HKT,21h55m,1,SIN,10:25 am – 7:00 am +1,Singapore Airlines,HKT‐EWR,31h35m,2,"SIN, SFO",2058,20220406-1203,best
11:55 pm – 12:30 pm +2,Emirates,EWR‐HKT,25h35m,2,"ATH, DXB",2:40 pm – 9:20 pm +1,Emirates,HKT‐EWR,41h40m,3,"BKK, DXB, ...",1294,20220406-1203,best
6:20 pm – 10:40 am +2,"SWISS, Thai Airways",EWR‐HKT,29h20m,2,"ZRH, BKK",7:10 pm – 1:10 pm +1,"Bangkok Airways, SWISS",HKT‐EWR,29h00m,2,"BKK, ZRH",1866,20220406-1203,best
11:55 pm – 7:05 pm +2,"Emirates, Bangkok Airways",EWR‐HKT,32h10m,3,"ATH, DXB, ...",12:10 am – 9:20 pm,Emirates,HKT‐EWR,32h10m,2,"DXB, ATH",1379,20220406-1203,best
9:50 pm – 10:40 am +2,"SWISS, Thai Airways",EWR‐HKT,25h50m,2,"ZRH, BKK",7:10 pm – 1:55 pm +1,Austrian Airlines,HKT‐EWR,29h45m,2,"BKK, VIE",1909,20220406-1203,best
10:25 am – 7:20 pm +1,Singapore Airlines,EWR‐HKT,21h55m,1,SIN,6:10 pm – 6:00 am +1,Singapore Airlines,HKT‐EWR,22h50m,1,SIN,1768,20220406-1207,fast
10:25 am – 7:20 pm +1,Singapore Airlines,EWR‐HKT,21h55m,1,SIN,11:40 am – 6:00 am +1,Singapore Airlines,HKT‐EWR,29h20m,1,SIN,1768,20220406-1207,fast
10:25 am – 7:20 pm +1,Singapore Airlines,EWR‐HKT,21h55m,1,SIN,11:40 am – 7:00 am +1,Singapore Airlines,HKT‐EWR,30h20m,2,"SIN, SFO",2058,20220406-1207,fast
10:25 am – 7:20 pm +1,Singapore Airlines,EWR‐HKT,21h55m,1,SIN,10:25 am – 6:00 am +1,Singapore Airlines,HKT‐EWR,30h35m,1,SIN,1768,20220406-1207,fast
9:50 pm – 10:40 am +2,"SWISS, Thai Airways",EWR‐HKT,25h50m,2,"ZRH, BKK",7:50 pm – 11:45 am +1,Multiple Airlines,HKT‐EWR,26h55m,2,"SIN, CDG",4911,20220406-1207,fast
9:50 pm – 10:40 am +2,"SWISS, Thai Airways",EWR‐HKT,25h50m,2,"ZRH, BKK",8:10 pm – 12:45 pm +1,"Singapore Airlines, Lufthansa",HKT‐EWR,27h35m,2,"SIN, MUC",2190,20220406-1207,fast
8:45 pm – 9:35 am +2,"Lufthansa, Singapore Airlines",EWR‐HKT,25h50m,2,"MUC, SIN",8:10 pm – 12:45 pm +1,"Singapore Airlines, Lufthansa",HKT‐EWR,27h35m,2,"SIN, MUC",2323,20220406-1207,fast
10:00 pm – 11:30 am +2,Multiple Airlines,EWR‐HKT,26h30m,2,"LHR, SIN",7:50 pm – 11:45 am +1,Multiple Airlines,HKT‐EWR,26h55m,2,"SIN, CDG",7938,20220406-1207,fast
8:45 pm – 10:15 am +2,"Lufthansa, Etihad Airways",EWR‐HKT,26h30m,2,"MUC, AUH",7:50 pm – 11:45 am +1,Multiple Airlines,HKT‐EWR,26h55m,2,"SIN, CDG",8119,20220406-1207,fast
10:25 am – 7:20 pm +1,Singapore Airlines,EWR‐HKT,21h55m,1,SIN,10:25 am – 7:00 am +1,Singapore Airlines,HKT‐EWR,31h35m,2,"SIN, SFO",2058,20220406-1207,fast
9:50 pm – 10:40 am +2,"SWISS, Thai Airways",EWR‐HKT,25h50m,2,"ZRH, BKK",7:10 pm – 11:55 am +1,Multiple Airlines,HKT‐EWR,27h45m,2,"BKK, ARN",4946,20220406-1207,fast
9:50 pm – 10:40 am +2,"SWISS, Thai Airways",EWR‐HKT,25h50m,2,"ZRH, BKK",7:50 pm – 12:40 pm +1,Multiple Airlines,HKT‐EWR,27h50m,2,"SIN, LHR",4939,20220406-1207,fast
9:50 pm – 10:40 am +2,"SWISS, Thai Airways",EWR‐HKT,25h50m,2,"ZRH, BKK",7:50 pm – 12:45 pm +1,Multiple Airlines,HKT‐EWR,27h55m,2,"SIN, MUC",4903,20220406-1207,fast
8:45 pm – 10:40 am +2,"Lufthansa, Thai Airways",EWR‐HKT,26h55m,2,"MUC, BKK",7:50 pm – 11:45 am +1,Multiple Airlines,HKT‐EWR,26h55m,2,"SIN, CDG",7955,20220406-1207,fast
10:25 am – 7:20 pm +1,Singapore Airlines,EWR‐HKT,21h55m,1,SIN,12:10 am – 9:20 pm,Emirates,HKT‐EWR,32h10m,2,"DXB, ATH",1865,20220406-1207,fast
