Out Time,Out Airline,Out Cities,Out Duration,Out Stops,Out Stop Cities,Return Time,Return Airline,Return Cities,Return Duration,Return Stops,Return Stop Cities,Price,timestamp,sort
11:55 pm – 12:30 pm +2,Emirates,EWR‐HKT,25h35m,2,"ATH, DXB",12:10 am – 9:20 pm,Emirates,HKT‐EWR,32h10m,2,"DXB, ATH",1106,20220406-1034,cheap
11:55 pm – 7:05 pm +2,"Emirates, Bangkok Airways",EWR‐HKT,32h10m,3,"ATH, DXB, ...",12:10 am – 9:20 pm,Emirates,HKT‐EWR,32h10m,2,"DXB, ATH",1208,20220406-1034,cheap
11:55 pm – 12:30 pm +2,Emirates,EWR‐HKT,25h35m,2,"ATH, DXB",2:40 pm – 9:20 pm +1,"Bangkok Airways, Emirates",HKT‐EWR,41h40m,3,"BKK, DXB, ...",1208,20220406-1034,cheap
11:55 pm – 12:30 pm +2,Emirates,EWR‐HKT,25h35m,2,"ATH, DXB",7:10 pm – 9:20 pm +1,Emirates,HKT‐EWR,37h10m,3,"BKK, DXB, ...",1213,20220406-1034,cheap
11:55 pm – 12:30 pm +2,Emirates,EWR‐HKT,25h35m,2,"ATH, DXB",10:20 am – 9:20 pm +1,Emirates,HKT‐EWR,46h00m,3,"BKK, DXB, ...",1227,20220406-1034,cheap
11:00 pm – 3:05 pm +2,"TAP AIR PORTUGAL, Thai Airways",EWR‐HKT,29h05m,2,"LIS, LHR",9:15 pm – 9:30 pm +1,"Thai Airways, TAP AIR PORTUGAL",HKT‐EWR,35h15m,3,"BKK, LHR, ...",1257,20220406-1034,cheap
11:55 pm – 7:05 pm +2,"Emirates, Bangkok Airways",EWR‐HKT,32h10m,3,"ATH, DXB, ...",2:40 pm – 9:20 pm +1,"Bangkok Airways, Emirates",HKT‐EWR,41h40m,3,"BKK, DXB, ...",1284,20220406-1034,cheap
11:55 pm – 12:30 pm +2,Emirates,EWR‐HKT,25h35m,2,"ATH, DXB",12:10 am – 3:36 pm +1,Emirates,HKT‐EWR,50h26m,2,"DXB, BOS",1340,20220406-1034,cheap
6:20 pm – 12:30 pm +2,Emirates,EWR‐HKT,31h10m,2,"BOS, DXB",12:10 am – 9:20 pm,Emirates,HKT‐EWR,32h10m,2,"DXB, ATH",1383,20220406-1034,cheap
7:10 am – 12:30 pm +2,Emirates,EWR‐HKT,42h20m,2,"BOS, DXB",12:10 am – 9:20 pm,Emirates,HKT‐EWR,32h10m,2,"DXB, ATH",1394,20220406-1034,cheap
12:30 pm – 6:55 am +2,"American Airlines, Qatar Airways",EWR‐HKT,31h25m,2,"MIA, DOH",11:55 pm – 9:07 pm +1,"Qatar Airways, American Airlines",HKT‐EWR,32h12m,2,"DOH, ORD",1400,20220406-1034,cheap
12:30 pm – 6:55 am +2,"American Airlines, Qatar Airways",EWR‐HKT,31h25m,2,"MIA, DOH",11:55 pm – 10:35 pm +1,"Qatar Airways, American Airlines",HKT‐EWR,33h40m,2,"DOH, MIA",1400,20220406-1034,cheap
12:30 pm – 6:55 am +2,"American Airlines, Qatar Airways",EWR‐HKT,31h25m,2,"MIA, DOH",11:55 pm – 11:43 pm +1,"Qatar Airways, American Airlines",HKT‐EWR,34h48m,2,"DOH, ORD",1400,20220406-1034,cheap
12:30 pm – 6:55 am +2,"American Airlines, Qatar Airways",EWR‐HKT,31h25m,2,"MIA, DOH",11:55 pm – 11:59 pm +1,"Qatar Airways, American Airlines",HKT‐EWR,35h04m,2,"DOH, MIA",1400,20220406-1034,cheap
8:00 am – 6:55 am +2,"American Airlines, Qatar Airways",EWR‐HKT,35h55m,2,"MIA, DOH",11:55 pm – 9:07 pm +1,"Qatar Airways, American Airlines",HKT‐EWR,32h12m,2,"DOH, ORD",1400,20220406-1034,cheap
11:55 pm – 12:30 pm +2,Emirates,EWR‐HKT,25h35m,2,"ATH, DXB",12:10 am – 9:20 pm,Emirates,HKT‐EWR,32h10m,2,"DXB, ATH",1140,20220406-1032,best
10:25 am – 7:20 pm +1,Singapore Airlines,EWR‐HKT,21h55m,1,SIN,6:10 pm – 6:00 am +1,Singapore Airlines,HKT‐EWR,22h50m,1,SIN,1652,20220406-1032,best
11:55 pm – 12:30 pm +2,Emirates,EWR‐HKT,25h35m,2,"ATH, DXB",12:10 am – 9:20 pm,Emirates,HKT‐EWR,32h10m,2,"DXB, ATH",1106,20220406-1032,best
10:25 am – 7:20 pm +1,Singapore Airlines,EWR‐HKT,21h55m,1,SIN,5:35 pm – 6:00 am +1,Singapore Airlines,HKT‐EWR,23h25m,1,SIN,1744,20220406-1032,best
10:25 am – 7:20 pm +1,Singapore Airlines,EWR‐HKT,21h55m,1,SIN,11:40 am – 6:00 am +1,Singapore Airlines,HKT‐EWR,29h20m,1,SIN,1652,20220406-1032,best
10:25 am – 7:20 pm +1,Singapore Airlines,EWR‐HKT,21h55m,1,SIN,11:40 am – 7:00 am +1,Singapore Airlines,HKT‐EWR,30h20m,2,"SIN, LAX",1557,20220406-1032,best
10:25 am – 7:20 pm +1,Singapore Airlines,EWR‐HKT,21h55m,1,SIN,10:25 am – 6:00 am +1,Singapore Airlines,HKT‐EWR,30h35m,1,SIN,1652,20220406-1032,best
10:25 am – 7:20 pm +1,Singapore Airlines,EWR‐HKT,21h55m,1,SIN,10:25 am – 7:00 am +1,Singapore Airlines,HKT‐EWR,31h35m,2,"SIN, LAX",1557,20220406-1032,best
10:25 am – 7:20 pm +1,Singapore Airlines,EWR‐HKT,21h55m,1,SIN,11:40 am – 8:14 am +1,"Singapore Airlines, JetBlue",HKT‐EWR,31h34m,2,"SIN, LAX",1701,20220406-1032,best
10:25 am – 7:20 pm +1,Singapore Airlines,EWR‐HKT,21h55m,1,SIN,11:40 am – 8:14 am +1,"Singapore Airlines, JetBlue",HKT‐EWR,31h34m,2,"SIN, LAX",1701,20220406-1032,best
11:55 pm – 12:30 pm +2,Emirates,EWR‐HKT,25h35m,2,"ATH, DXB",7:10 pm – 9:20 pm +1,Emirates,HKT‐EWR,37h10m,3,"BKK, DXB, ...",1213,20220406-1032,best
10:25 am – 7:20 pm +1,Singapore Airlines,EWR‐HKT,21h55m,1,SIN,11:40 am – 3:10 pm +1,Singapore Airlines,HKT‐EWR,38h30m,2,"SIN, LAX",1557,20220406-1032,best
10:25 am – 7:20 pm +1,Singapore Airlines,EWR‐HKT,21h55m,1,SIN,12:10 am – 9:20 pm,Emirates,HKT‐EWR,32h10m,2,"DXB, ATH",1769,20220406-1032,best
10:25 am – 7:20 pm +1,Singapore Airlines,EWR‐HKT,21h55m,1,SIN,10:25 am – 3:10 pm +1,Singapore Airlines,HKT‐EWR,39h45m,2,"SIN, LAX",1557,20220406-1032,best
6:20 pm – 12:30 pm +2,Emirates,EWR‐HKT,31h10m,2,"BOS, DXB",12:10 am – 9:20 pm,Emirates,HKT‐EWR,32h10m,2,"DXB, ATH",1383,20220406-1032,best
12:30 pm – 6:55 am +2,"American Airlines, Qatar Airways",EWR‐HKT,31h25m,2,"MIA, DOH",11:55 pm – 9:07 pm +1,"Qatar Airways, American Airlines",HKT‐EWR,32h12m,2,"DOH, ORD",1400,20220406-1032,best
10:25 am – 7:20 pm +1,Singapore Airlines,EWR‐HKT,21h55m,1,SIN,6:10 pm – 6:00 am +1,Singapore Airlines,HKT‐EWR,22h50m,1,SIN,1652,20220406-1037,fast
10:25 am – 7:20 pm +1,Singapore Airlines,EWR‐HKT,21h55m,1,SIN,5:35 pm – 6:00 am +1,Singapore Airlines,HKT‐EWR,23h25m,1,SIN,1744,20220406-1037,fast
6:20 pm – 6:55 am +2,"JetBlue, Qatar Airways",EWR‐HKT,25h35m,2,"BOS, DOH",6:10 pm – 6:00 am +1,Singapore Airlines,HKT‐EWR,22h50m,1,SIN,2182,20220406-1037,fast
6:20 pm – 6:55 am +2,Qatar Airways,EWR‐HKT,25h35m,2,"BOS, DOH",5:35 pm – 6:00 am +1,Singapore Airlines,HKT‐EWR,23h25m,1,SIN,2361,20220406-1037,fast
10:25 am – 7:20 pm +1,Singapore Airlines,EWR‐HKT,21h55m,1,SIN,7:10 pm – 1:10 pm +1,"Bangkok Airways, SWISS",HKT‐EWR,29h00m,2,"BKK, ZRH",2867,20220406-1037,fast
4:21 pm – 6:55 am +2,Qatar Airways,EWR‐HKT,27h34m,2,"BOS, DOH",5:35 pm – 6:00 am +1,Singapore Airlines,HKT‐EWR,23h25m,1,SIN,2361,20220406-1037,fast
10:25 am – 7:20 pm +1,Singapore Airlines,EWR‐HKT,21h55m,1,SIN,11:40 am – 6:00 am +1,Singapore Airlines,HKT‐EWR,29h20m,1,SIN,1652,20220406-1037,fast
6:35 pm – 10:50 am +2,Singapore Airlines,EWR‐HKT,29h15m,2,"LAX, SIN",6:10 pm – 6:00 am +1,Singapore Airlines,HKT‐EWR,22h50m,1,SIN,2652,20220406-1037,fast
10:25 am – 7:20 pm +1,Singapore Airlines,EWR‐HKT,21h55m,1,SIN,11:40 am – 7:00 am +1,Singapore Airlines,HKT‐EWR,30h20m,2,"SIN, LAX",1557,20220406-1037,fast
10:25 am – 7:20 pm +1,Singapore Airlines,EWR‐HKT,21h55m,1,SIN,9:15 pm – 4:40 pm +1,"THAI Smile, ANA",HKT‐EWR,30h25m,2,"BKK, NRT",9205,20220406-1037,fast
10:25 am – 7:20 pm +1,Singapore Airlines,EWR‐HKT,21h55m,1,SIN,10:25 am – 6:00 am +1,Singapore Airlines,HKT‐EWR,30h35m,1,SIN,1652,20220406-1037,fast
11:00 pm – 9:35 am +2,Multiple Airlines,EWR‐HKT,23h35m,2,"LHR, BKK",7:10 pm – 1:10 pm +1,"Bangkok Airways, SWISS",HKT‐EWR,29h00m,2,"BKK, ZRH",5767,20220406-1037,fast
10:25 am – 7:20 pm +1,Singapore Airlines,EWR‐HKT,21h55m,1,SIN,11:55 pm – 7:54 pm +1,"Qatar Airways, JetBlue",HKT‐EWR,30h59m,2,"DOH, BOS",2333,20220406-1037,fast
10:25 am – 7:20 pm +1,Singapore Airlines,EWR‐HKT,21h55m,1,SIN,11:40 am – 8:14 am +1,"Singapore Airlines, JetBlue",HKT‐EWR,31h34m,2,"SIN, LAX",1701,20220406-1037,fast
10:25 am – 7:20 pm +1,Singapore Airlines,EWR‐HKT,21h55m,1,SIN,11:40 am – 8:14 am +1,"Singapore Airlines, JetBlue",HKT‐EWR,31h34m,2,"SIN, LAX",1701,20220406-1037,fast
