Out Time,Out Airline,Out Cities,Out Duration,Out Stops,Out Stop Cities,Return Time,Return Airline,Return Cities,Return Duration,Return Stops,Return Stop Cities,Price,timestamp,sort
10:25 am – 7:20 pm +1,Singapore Airlines,EWR‐HKT,21h55m,1,SIN,8:10 pm – 10:50 pm +1,"Singapore Airlines, JetBlue",HKT‐EWR,37h40m,2,"SIN, SFO",1319,20220409-1506,cheap
10:25 am – 7:20 pm +1,Singapore Airlines,EWR‐HKT,21h55m,1,SIN,8:10 pm – 6:00 am +2,Singapore Airlines,HKT‐EWR,44h50m,1,SIN,1362,20220409-1506,cheap
10:25 am – 7:20 pm +1,Singapore Airlines,EWR‐HKT,21h55m,1,SIN,6:10 pm – 6:00 am +2,Singapore Airlines,HKT‐EWR,46h50m,1,SIN,1362,20220409-1506,cheap
6:45 pm – 6:55 am +2,Qatar Airways,EWR‐HKT,25h10m,2,"BOS, DOH",11:55 pm – 7:40 pm +1,Qatar Airways,HKT‐EWR,30h45m,2,"DOH, ORD",1472,20220409-1506,cheap
4:26 pm – 6:55 am +2,Qatar Airways,EWR‐HKT,27h29m,2,"BOS, DOH",11:55 pm – 7:40 pm +1,Qatar Airways,HKT‐EWR,30h45m,2,"DOH, ORD",1472,20220409-1506,cheap
6:45 pm – 1:15 pm +2,Qatar Airways,EWR‐HKT,31h30m,2,"BOS, DOH",11:55 pm – 7:40 pm +1,Qatar Airways,HKT‐EWR,30h45m,2,"DOH, ORD",1472,20220409-1506,cheap
4:26 pm – 1:15 pm +2,Qatar Airways,EWR‐HKT,33h49m,2,"BOS, DOH",11:55 pm – 7:40 pm +1,Qatar Airways,HKT‐EWR,30h45m,2,"DOH, ORD",1472,20220409-1506,cheap
9:26 am – 6:55 am +2,Qatar Airways,EWR‐HKT,34h29m,2,"BOS, DOH",11:55 pm – 7:40 pm +1,Qatar Airways,HKT‐EWR,30h45m,2,"DOH, ORD",1472,20220409-1506,cheap
9:26 am – 1:15 pm +2,Qatar Airways,EWR‐HKT,40h49m,2,"BOS, DOH",11:55 pm – 7:40 pm +1,Qatar Airways,HKT‐EWR,30h45m,2,"DOH, ORD",1472,20220409-1506,cheap
10:25 am – 7:20 pm +1,Singapore Airlines,EWR‐HKT,21h55m,1,SIN,6:10 pm – 6:00 am +1,Singapore Airlines,HKT‐EWR,22h50m,1,SIN,1476,20220409-1506,cheap
10:25 am – 7:20 pm +1,Singapore Airlines,EWR‐HKT,21h55m,1,SIN,11:40 am – 6:00 am +1,Singapore Airlines,HKT‐EWR,29h20m,1,SIN,1476,20220409-1506,cheap
10:25 am – 7:20 pm +1,Singapore Airlines,EWR‐HKT,21h55m,1,SIN,10:25 am – 6:00 am +1,Singapore Airlines,HKT‐EWR,30h35m,1,SIN,1476,20220409-1506,cheap
10:25 am – 9:35 am +2,Singapore Airlines,EWR‐HKT,36h10m,1,SIN,6:10 pm – 6:00 am +1,Singapore Airlines,HKT‐EWR,22h50m,1,SIN,1476,20220409-1506,cheap
10:25 am – 10:50 am +2,Singapore Airlines,EWR‐HKT,37h25m,1,SIN,6:10 pm – 6:00 am +1,Singapore Airlines,HKT‐EWR,22h50m,1,SIN,1476,20220409-1506,cheap
10:25 am – 9:35 am +2,Singapore Airlines,EWR‐HKT,36h10m,1,SIN,11:40 am – 6:00 am +1,Singapore Airlines,HKT‐EWR,29h20m,1,SIN,1476,20220409-1506,cheap
6:45 pm – 6:55 am +2,"JetBlue, Qatar Airways",EWR‐HKT,25h10m,2,"BOS, DOH",11:55 pm – 7:40 pm +1,Qatar Airways,HKT‐EWR,30h45m,2,"DOH, ORD",1507,20220409-1503,best
10:25 am – 7:20 pm +1,Singapore Airlines,EWR‐HKT,21h55m,1,SIN,6:10 pm – 6:00 am +1,Singapore Airlines,HKT‐EWR,22h50m,1,SIN,1476,20220409-1503,best
10:25 am – 7:20 pm +1,Singapore Airlines,EWR‐HKT,21h55m,1,SIN,8:10 pm – 10:50 pm +1,"Singapore Airlines, JetBlue",HKT‐EWR,37h40m,2,"SIN, SFO",1319,20220409-1503,best
10:25 am – 7:20 pm +1,Singapore Airlines,EWR‐HKT,21h55m,1,SIN,11:40 am – 6:00 am +1,Singapore Airlines,HKT‐EWR,29h20m,1,SIN,1476,20220409-1503,best
10:25 am – 7:20 pm +1,Singapore Airlines,EWR‐HKT,21h55m,1,SIN,12:10 pm – 6:00 am +1,Singapore Airlines,HKT‐EWR,28h50m,1,SIN,1526,20220409-1503,best
10:25 am – 7:20 pm +1,Singapore Airlines,EWR‐HKT,21h55m,1,SIN,10:25 am – 6:00 am +1,Singapore Airlines,HKT‐EWR,30h35m,1,SIN,1476,20220409-1503,best
10:25 am – 9:35 am +2,Singapore Airlines,EWR‐HKT,36h10m,1,SIN,6:10 pm – 6:00 am +1,Singapore Airlines,HKT‐EWR,22h50m,1,SIN,1476,20220409-1503,best
10:25 am – 10:50 am +2,Singapore Airlines,EWR‐HKT,37h25m,1,SIN,6:10 pm – 6:00 am +1,Singapore Airlines,HKT‐EWR,22h50m,1,SIN,1476,20220409-1503,best
4:00 pm – 10:50 am +2,Singapore Airlines,EWR‐HKT,31h50m,2,"LAX, SIN",6:10 pm – 6:00 am +1,Singapore Airlines,HKT‐EWR,22h50m,1,SIN,1626,20220409-1503,best
6:45 pm – 6:55 am +2,Qatar Airways,EWR‐HKT,25h10m,2,"BOS, DOH",11:55 pm – 7:40 pm +1,Qatar Airways,HKT‐EWR,30h45m,2,"DOH, ORD",1472,20220409-1503,best
6:45 pm – 6:55 am +2,"JetBlue, Qatar Airways",EWR‐HKT,25h10m,2,"BOS, DOH",11:55 pm – 7:40 pm +1,"Qatar Airways, American Airlines",HKT‐EWR,30h45m,2,"DOH, ORD",1503,20220409-1503,best
6:45 pm – 6:55 am +2,"JetBlue, Qatar Airways",EWR‐HKT,25h10m,2,"BOS, DOH",11:55 pm – 7:40 pm +1,Qatar Airways,HKT‐EWR,30h45m,2,"DOH, ORD",1507,20220409-1503,best
4:26 pm – 6:55 am +2,Qatar Airways,EWR‐HKT,27h29m,2,"BOS, DOH",11:55 pm – 7:40 pm +1,Qatar Airways,HKT‐EWR,30h45m,2,"DOH, ORD",1472,20220409-1503,best
10:25 am – 7:20 pm +1,Singapore Airlines,EWR‐HKT,21h55m,1,SIN,8:10 pm – 6:00 am +2,Singapore Airlines,HKT‐EWR,44h50m,1,SIN,1362,20220409-1503,best
4:26 pm – 6:55 am +2,"JetBlue, Qatar Airways",EWR‐HKT,27h29m,2,"BOS, DOH",11:55 pm – 7:40 pm +1,"Qatar Airways, American Airlines",HKT‐EWR,30h45m,2,"DOH, ORD",1503,20220409-1503,best
4:26 pm – 6:55 am +2,"JetBlue, Qatar Airways",EWR‐HKT,27h29m,2,"BOS, DOH",11:55 pm – 7:40 pm +1,Qatar Airways,HKT‐EWR,30h45m,2,"DOH, ORD",1507,20220409-1503,best
10:25 am – 7:20 pm +1,Singapore Airlines,EWR‐HKT,21h55m,1,SIN,6:10 pm – 6:00 am +1,Singapore Airlines,HKT‐EWR,22h50m,1,SIN,1476,20220409-1508,fast
6:45 pm – 6:55 am +2,"JetBlue, Qatar Airways",EWR‐HKT,25h10m,2,"BOS, DOH",6:10 pm – 6:00 am +1,Singapore Airlines,HKT‐EWR,22h50m,1,SIN,2108,20220409-1508,fast
4:26 pm – 6:55 am +2,"JetBlue, Qatar Airways",EWR‐HKT,27h29m,2,"BOS, DOH",6:10 pm – 6:00 am +1,Singapore Airlines,HKT‐EWR,22h50m,1,SIN,2108,20220409-1508,fast
10:25 am – 7:20 pm +1,Singapore Airlines,EWR‐HKT,21h55m,1,SIN,12:10 pm – 6:00 am +1,Singapore Airlines,HKT‐EWR,28h50m,1,SIN,1526,20220409-1508,fast
10:25 am – 7:20 pm +1,Singapore Airlines,EWR‐HKT,21h55m,1,SIN,11:40 am – 6:00 am +1,Singapore Airlines,HKT‐EWR,29h20m,1,SIN,1476,20220409-1508,fast
6:45 pm – 6:55 am +2,"JetBlue, Qatar Airways",EWR‐HKT,25h10m,2,"BOS, DOH",1:30 am – 5:10 pm,"Asiana Airlines, ANA",HKT‐EWR,26h40m,2,"ICN-GMP, HND",3958,20220409-1508,fast
10:25 am – 7:20 pm +1,Singapore Airlines,EWR‐HKT,21h55m,1,SIN,10:25 am – 6:00 am +1,Singapore Airlines,HKT‐EWR,30h35m,1,SIN,1476,20220409-1508,fast
6:00 am – 12:10 am +2,"United Airlines, Asiana Airlines",EWR‐HKT,31h10m,2,"LAX, ICN",6:10 pm – 6:00 am +1,Singapore Airlines,HKT‐EWR,22h50m,1,SIN,2197,20220409-1508,fast
6:45 pm – 6:55 am +2,"JetBlue, Qatar Airways",EWR‐HKT,25h10m,2,"BOS, DOH",12:10 pm – 6:00 am +1,Singapore Airlines,HKT‐EWR,28h50m,1,SIN,2240,20220409-1508,fast
6:45 pm – 6:55 am +2,Qatar Airways,EWR‐HKT,25h10m,2,"BOS, DOH",12:10 pm – 6:00 am +1,Singapore Airlines,HKT‐EWR,28h50m,1,SIN,2296,20220409-1508,fast
10:25 am – 7:20 pm +1,Singapore Airlines,EWR‐HKT,21h55m,1,SIN,12:10 am – 9:20 pm,Emirates,HKT‐EWR,32h10m,2,"DXB, ATH",1855,20220409-1508,fast
9:50 pm – 10:20 am +2,"SWISS, Thai Airways",EWR‐HKT,25h30m,2,"ZRH, BKK",8:10 pm – 1:50 pm +1,"Singapore Airlines, Lufthansa",HKT‐EWR,28h40m,2,"SIN, FRA",2206,20220409-1508,fast
8:55 pm – 9:35 am +2,"Lufthansa, Singapore Airlines",EWR‐HKT,25h40m,2,"MUC, SIN",8:10 pm – 1:50 pm +1,"Singapore Airlines, Lufthansa",HKT‐EWR,28h40m,2,"SIN, FRA",2214,20220409-1508,fast
6:45 pm – 6:55 am +2,"JetBlue, Qatar Airways",EWR‐HKT,25h10m,2,"BOS, DOH",11:40 am – 6:00 am +1,Singapore Airlines,HKT‐EWR,29h20m,1,SIN,2108,20220409-1508,fast
4:00 pm – 10:50 am +2,Singapore Airlines,EWR‐HKT,31h50m,2,"LAX, SIN",6:10 pm – 6:00 am +1,Singapore Airlines,HKT‐EWR,22h50m,1,SIN,1626,20220409-1508,fast
