Out Time,Out Airline,Out Cities,Out Duration,Out Stops,Out Stop Cities,Return Time,Return Airline,Return Cities,Return Duration,Return Stops,Return Stop Cities,Price,timestamp,sort
12:00 pm – 10:20 am +2,"ANA, Thai Airways",EWR‐HKT,35h20m,2,"NRT, BKK",12:10 am – 9:20 pm,Emirates,HKT‐EWR,32h10m,2,"DXB, ATH",1384,20220406-1426,cheap
12:00 pm – 10:20 am +2,"ANA, Thai Airways",EWR‐HKT,35h20m,2,"NRT, BKK",7:10 pm – 9:20 pm +1,Emirates,HKT‐EWR,37h10m,3,"BKK, DXB, ...",1510,20220406-1426,cheap
6:30 pm – 11:00 am +2,"Brussels Airlines, Thai Airways",EWR‐HKT,29h30m,3,"BRU, CPH, ...",6:45 pm – 5:10 pm +1,"Thai Vietjet Air, ANA",HKT‐EWR,33h25m,2,"BKK, HND",1569,20220406-1426,cheap
6:30 pm – 11:00 am +2,"Brussels Airlines, Thai Airways",EWR‐HKT,29h30m,3,"BRU, CPH, ...",5:25 pm – 5:10 pm +1,"Thai Vietjet Air, ANA",HKT‐EWR,34h45m,2,"BKK, HND",1572,20220406-1426,cheap
6:30 pm – 11:00 am +2,"Brussels Airlines, Thai Airways",EWR‐HKT,29h30m,3,"BRU, CPH, ...",6:45 pm – 4:45 pm +1,"Thai Vietjet Air, ANA",HKT‐EWR,33h00m,2,"BKK, HND",1579,20220406-1426,cheap
11:00 pm – 1:05 pm +2,"TAP AIR PORTUGAL, Thai Airways",EWR‐HKT,27h05m,2,"LIS, FRA",6:45 pm – 5:10 pm +1,"Thai Vietjet Air, ANA",HKT‐EWR,33h25m,2,"BKK, HND",1596,20220406-1426,cheap
11:00 pm – 1:05 pm +2,"TAP AIR PORTUGAL, Thai Airways",EWR‐HKT,27h05m,2,"LIS, FRA",5:25 pm – 5:10 pm +1,"Thai Vietjet Air, ANA",HKT‐EWR,34h45m,2,"BKK, HND",1599,20220406-1426,cheap
12:00 pm – 10:20 am +2,"ANA, Thai Airways",EWR‐HKT,35h20m,2,"NRT, BKK",8:00 pm – 3:50 pm +1,Etihad Airways,HKT‐EWR,30h50m,2,"AUH, DUB",1604,20220406-1426,cheap
10:25 am – 7:20 pm +1,Singapore Airlines,EWR‐HKT,21h55m,1,SIN,6:10 pm – 6:00 am +1,Singapore Airlines,HKT‐EWR,22h50m,1,SIN,1626,20220406-1426,cheap
10:25 am – 7:20 pm +1,Singapore Airlines,EWR‐HKT,21h55m,1,SIN,11:40 am – 6:00 am +1,Singapore Airlines,HKT‐EWR,29h20m,1,SIN,1626,20220406-1426,cheap
10:25 am – 7:20 pm +1,Singapore Airlines,EWR‐HKT,21h55m,1,SIN,10:25 am – 6:00 am +1,Singapore Airlines,HKT‐EWR,30h35m,1,SIN,1626,20220406-1426,cheap
10:25 am – 9:35 am +2,Singapore Airlines,EWR‐HKT,36h10m,1,SIN,6:10 pm – 6:00 am +1,Singapore Airlines,HKT‐EWR,22h50m,1,SIN,1626,20220406-1426,cheap
10:25 am – 9:35 am +2,Singapore Airlines,EWR‐HKT,36h10m,1,SIN,11:40 am – 6:00 am +1,Singapore Airlines,HKT‐EWR,29h20m,1,SIN,1626,20220406-1426,cheap
10:25 am – 5:10 pm +2,Singapore Airlines,EWR‐HKT,43h45m,1,SIN,6:10 pm – 6:00 am +1,Singapore Airlines,HKT‐EWR,22h50m,1,SIN,1626,20220406-1426,cheap
10:25 am – 9:35 am +2,Singapore Airlines,EWR‐HKT,36h10m,1,SIN,10:25 am – 6:00 am +1,Singapore Airlines,HKT‐EWR,30h35m,1,SIN,1626,20220406-1426,cheap
11:55 pm – 12:30 pm +2,Emirates,EWR‐HKT,25h35m,2,"ATH, DXB",12:10 am – 9:20 pm,Emirates,HKT‐EWR,32h10m,2,"DXB, ATH",1733,20220406-1423,best
10:25 am – 7:20 pm +1,Singapore Airlines,EWR‐HKT,21h55m,1,SIN,6:10 pm – 6:00 am +1,Singapore Airlines,HKT‐EWR,22h50m,1,SIN,1626,20220406-1423,best
12:00 pm – 10:20 am +2,"ANA, Thai Airways",EWR‐HKT,35h20m,2,"NRT, BKK",12:10 am – 9:20 pm,Emirates,HKT‐EWR,32h10m,2,"DXB, ATH",1384,20220406-1423,best
10:25 am – 7:20 pm +1,Singapore Airlines,EWR‐HKT,21h55m,1,SIN,5:35 pm – 6:00 am +1,Singapore Airlines,HKT‐EWR,23h25m,1,SIN,1859,20220406-1423,best
10:25 am – 7:20 pm +1,Singapore Airlines,EWR‐HKT,21h55m,1,SIN,11:40 am – 6:00 am +1,Singapore Airlines,HKT‐EWR,29h20m,1,SIN,1626,20220406-1423,best
10:25 am – 7:20 pm +1,Singapore Airlines,EWR‐HKT,21h55m,1,SIN,10:25 am – 6:00 am +1,Singapore Airlines,HKT‐EWR,30h35m,1,SIN,1626,20220406-1423,best
10:25 am – 9:35 am +2,Singapore Airlines,EWR‐HKT,36h10m,1,SIN,6:10 pm – 6:00 am +1,Singapore Airlines,HKT‐EWR,22h50m,1,SIN,1626,20220406-1423,best
10:25 am – 7:20 pm +1,Singapore Airlines,EWR‐HKT,21h55m,1,SIN,12:10 am – 9:20 pm,Emirates,HKT‐EWR,32h10m,2,"DXB, ATH",1921,20220406-1423,best
10:25 am – 9:35 am +2,Singapore Airlines,EWR‐HKT,36h10m,1,SIN,5:35 pm – 6:00 am +1,Singapore Airlines,HKT‐EWR,23h25m,1,SIN,1859,20220406-1423,best
10:25 am – 9:35 am +2,Singapore Airlines,EWR‐HKT,36h10m,1,SIN,11:40 am – 6:00 am +1,Singapore Airlines,HKT‐EWR,29h20m,1,SIN,1626,20220406-1423,best
11:55 pm – 12:30 pm +2,Emirates,EWR‐HKT,25h35m,2,"ATH, DXB",12:10 am – 9:20 pm,Emirates,HKT‐EWR,32h10m,2,"DXB, ATH",1687,20220406-1423,best
9:50 pm – 10:20 am +2,"SWISS, Thai Airways",EWR‐HKT,25h30m,2,"ZRH, BKK",8:10 pm – 12:25 pm +1,"Singapore Airlines, Lufthansa",HKT‐EWR,27h15m,2,"SIN, MUC",2015,20220406-1423,best
10:25 am – 5:10 pm +2,Singapore Airlines,EWR‐HKT,43h45m,1,SIN,6:10 pm – 6:00 am +1,Singapore Airlines,HKT‐EWR,22h50m,1,SIN,1626,20220406-1423,best
9:50 pm – 10:20 am +2,"SWISS, Thai Airways",EWR‐HKT,25h30m,2,"ZRH, BKK",7:10 pm – 1:55 pm +1,Austrian Airlines,HKT‐EWR,29h45m,2,"BKK, VIE",1909,20220406-1423,best
10:25 am – 9:35 am +2,Singapore Airlines,EWR‐HKT,36h10m,1,SIN,10:25 am – 6:00 am +1,Singapore Airlines,HKT‐EWR,30h35m,1,SIN,1626,20220406-1423,best
8:15 am – 9:35 am +2,"Alaska Airlines, Singapore Airlines",EWR‐HKT,38h20m,3,"LAX, NRT, ...",6:10 pm – 6:00 am +1,Singapore Airlines,HKT‐EWR,22h50m,1,SIN,1722,20220406-1423,best
10:25 am – 7:20 pm +1,Singapore Airlines,EWR‐HKT,21h55m,1,SIN,6:10 pm – 6:00 am +1,Singapore Airlines,HKT‐EWR,22h50m,1,SIN,1626,20220406-1428,fast
10:25 am – 7:20 pm +1,Singapore Airlines,EWR‐HKT,21h55m,1,SIN,5:35 pm – 6:00 am +1,Singapore Airlines,HKT‐EWR,23h25m,1,SIN,1859,20220406-1428,fast
11:55 pm – 12:30 pm +2,Emirates,EWR‐HKT,25h35m,2,"ATH, DXB",5:35 pm – 6:00 am +1,Singapore Airlines,HKT‐EWR,23h25m,1,SIN,2575,20220406-1428,fast
10:25 am – 7:20 pm +1,Singapore Airlines,EWR‐HKT,21h55m,1,SIN,11:40 am – 6:00 am +1,Singapore Airlines,HKT‐EWR,29h20m,1,SIN,1626,20220406-1428,fast
10:25 am – 7:20 pm +1,Singapore Airlines,EWR‐HKT,21h55m,1,SIN,10:25 am – 6:00 am +1,Singapore Airlines,HKT‐EWR,30h35m,1,SIN,1626,20220406-1428,fast
9:50 pm – 10:20 am +2,"SWISS, Thai Airways",EWR‐HKT,25h30m,2,"ZRH, BKK",8:10 pm – 12:25 pm +1,"Singapore Airlines, Lufthansa",HKT‐EWR,27h15m,2,"SIN, MUC",2015,20220406-1428,fast
5:15 pm – 9:35 am +2,"Lufthansa, Thai Airways",EWR‐HKT,29h20m,2,"ARN, BKK",5:35 pm – 6:00 am +1,Singapore Airlines,HKT‐EWR,23h25m,1,SIN,2585,20220406-1428,fast
9:35 pm – 1:15 pm +2,"British Airways, Qatar Airways",EWR‐HKT,28h40m,2,"LHR, DOH",11:55 pm – 1:50 pm +1,"Qatar Airways, British Airways",HKT‐EWR,24h55m,2,"DOH, LHR",3804,20220406-1428,fast
9:35 pm – 1:15 pm +2,"British Airways, Qatar Airways",EWR‐HKT,28h40m,2,"LHR, DOH",11:55 pm – 1:50 pm +1,"Qatar Airways, British Airways",HKT‐EWR,24h55m,2,"DOH, LHR",3804,20220406-1428,fast
9:35 pm – 1:15 pm +2,"British Airways, Qatar Airways",EWR‐HKT,28h40m,2,"LHR, DOH",11:55 pm – 1:50 pm +1,"Qatar Airways, British Airways",HKT‐EWR,24h55m,2,"DOH, LHR",3804,20220406-1428,fast
10:25 am – 7:20 pm +1,Singapore Airlines,EWR‐HKT,21h55m,1,SIN,12:10 am – 9:20 pm,Emirates,HKT‐EWR,32h10m,2,"DXB, ATH",1921,20220406-1428,fast
9:50 pm – 10:20 am +2,"SWISS, Thai Airways",EWR‐HKT,25h30m,2,"ZRH, BKK",8:10 pm – 1:50 pm +1,"Singapore Airlines, Lufthansa",HKT‐EWR,28h40m,2,"SIN, FRA",2395,20220406-1428,fast
9:50 pm – 10:20 am +2,"SWISS, Thai Airways",EWR‐HKT,25h30m,2,"ZRH, BKK",5:35 pm – 11:15 am +1,Multiple Airlines,HKT‐EWR,28h40m,2,"SIN, AMS",4901,20220406-1428,fast
9:50 pm – 10:20 am +2,"SWISS, Thai Airways",EWR‐HKT,25h30m,2,"ZRH, BKK",6:10 pm – 12:25 pm +1,"Singapore Airlines, Lufthansa",HKT‐EWR,29h15m,2,"SIN, MUC",2190,20220406-1428,fast
4:15 pm – 10:50 am +2,"Alaska Airlines, Singapore Airlines",EWR‐HKT,31h35m,2,"LAX, SIN",5:35 pm – 6:00 am +1,Singapore Airlines,HKT‐EWR,23h25m,1,SIN,2656,20220406-1428,fast
