Out Time,Out Airline,Out Cities,Out Duration,Out Stops,Out Stop Cities,Return Time,Return Airline,Return Cities,Return Duration,Return Stops,Return Stop Cities,Price,timestamp,sort
10:25 am – 7:20 pm +1,Singapore Airlines,EWR‐HKT,21h55m,1,SIN,8:10 pm – 7:05 am +2,Singapore Airlines,HKT‐EWR,45h55m,3,"SIN, NRT, ...",1370,20220409-1315,cheap
10:25 am – 7:20 pm +1,Singapore Airlines,EWR‐HKT,21h55m,1,SIN,6:10 pm – 7:05 am +2,Singapore Airlines,HKT‐EWR,47h55m,3,"SIN, NRT, ...",1370,20220409-1315,cheap
10:25 am – 7:20 pm +1,Singapore Airlines,EWR‐HKT,21h55m,1,SIN,8:10 pm – 7:05 am +2,"Singapore Airlines, Alaska Airlines",HKT‐EWR,45h55m,3,"SIN, NRT, ...",1490,20220409-1315,cheap
10:25 am – 7:20 pm +1,Singapore Airlines,EWR‐HKT,21h55m,1,SIN,8:10 pm – 6:59 am +2,"Singapore Airlines, Alaska Airlines",HKT‐EWR,45h49m,2,"SIN, SFO",1519,20220409-1315,cheap
10:25 am – 7:20 pm +1,Singapore Airlines,EWR‐HKT,21h55m,1,SIN,6:10 pm – 6:59 am +2,"Singapore Airlines, Alaska Airlines",HKT‐EWR,47h49m,2,"SIN, SFO",1519,20220409-1315,cheap
12:15 pm – 1:15 pm +2,Qatar Airways,EWR‐HKT,38h00m,2,"ORD, DOH",11:55 pm – 9:28 pm +1,Qatar Airways,HKT‐EWR,32h33m,2,"DOH, BOS",1563,20220409-1315,cheap
12:15 pm – 1:15 pm +2,Qatar Airways,EWR‐HKT,38h00m,2,"ORD, DOH",11:55 pm – 7:40 pm +1,Qatar Airways,HKT‐EWR,30h45m,2,"DOH, ORD",1587,20220409-1315,cheap
12:15 pm – 1:15 pm +2,Qatar Airways,EWR‐HKT,38h00m,2,"ORD, DOH",11:55 pm – 9:27 pm +1,Qatar Airways,HKT‐EWR,32h32m,2,"DOH, ORD",1587,20220409-1315,cheap
5:43 pm – 1:15 pm +2,Qatar Airways,EWR‐HKT,32h32m,2,"ORD, DOH",11:55 pm – 9:28 pm +1,"Qatar Airways, JetBlue",HKT‐EWR,32h33m,2,"DOH, BOS",1593,20220409-1315,cheap
12:15 pm – 1:15 pm +2,Qatar Airways,EWR‐HKT,38h00m,2,"ORD, DOH",11:55 pm – 9:28 pm +1,"Qatar Airways, JetBlue",HKT‐EWR,32h33m,2,"DOH, BOS",1593,20220409-1315,cheap
5:43 pm – 1:15 pm +2,Qatar Airways,EWR‐HKT,32h32m,2,"ORD, DOH",11:55 pm – 9:28 pm +1,Qatar Airways,HKT‐EWR,32h33m,2,"DOH, BOS",1596,20220409-1315,cheap
6:45 pm – 6:55 am +2,Qatar Airways,EWR‐HKT,25h10m,2,"BOS, DOH",11:55 pm – 9:28 pm +1,Qatar Airways,HKT‐EWR,32h33m,2,"DOH, BOS",1606,20220409-1315,cheap
4:26 pm – 6:55 am +2,Qatar Airways,EWR‐HKT,27h29m,2,"BOS, DOH",11:55 pm – 9:28 pm +1,Qatar Airways,HKT‐EWR,32h33m,2,"DOH, BOS",1606,20220409-1315,cheap
6:45 pm – 1:15 pm +2,Qatar Airways,EWR‐HKT,31h30m,2,"BOS, DOH",11:55 pm – 9:28 pm +1,Qatar Airways,HKT‐EWR,32h33m,2,"DOH, BOS",1606,20220409-1315,cheap
4:26 pm – 1:15 pm +2,Qatar Airways,EWR‐HKT,33h49m,2,"BOS, DOH",11:55 pm – 9:28 pm +1,Qatar Airways,HKT‐EWR,32h33m,2,"DOH, BOS",1606,20220409-1315,cheap
5:43 pm – 1:15 pm +2,Qatar Airways,EWR‐HKT,32h32m,2,"ORD, DOH",11:55 pm – 9:28 pm +1,"Qatar Airways, JetBlue",HKT‐EWR,32h33m,2,"DOH, BOS",1593,20220409-1312,best
10:25 am – 7:20 pm +1,Singapore Airlines,EWR‐HKT,21h55m,1,SIN,6:10 pm – 6:00 am +1,Singapore Airlines,HKT‐EWR,22h50m,1,SIN,1755,20220409-1312,best
10:25 am – 7:20 pm +1,Singapore Airlines,EWR‐HKT,21h55m,1,SIN,8:10 pm – 7:05 am +2,Singapore Airlines,HKT‐EWR,45h55m,3,"SIN, NRT, ...",1370,20220409-1312,best
10:25 am – 7:20 pm +1,Singapore Airlines,EWR‐HKT,21h55m,1,SIN,12:10 pm – 6:00 am +1,Singapore Airlines,HKT‐EWR,28h50m,1,SIN,1749,20220409-1312,best
10:25 am – 7:20 pm +1,Singapore Airlines,EWR‐HKT,21h55m,1,SIN,11:40 am – 6:00 am +1,Singapore Airlines,HKT‐EWR,29h20m,1,SIN,1755,20220409-1312,best
10:25 am – 7:20 pm +1,Singapore Airlines,EWR‐HKT,21h55m,1,SIN,11:40 am – 6:59 am +1,Singapore Airlines,HKT‐EWR,30h19m,2,"SIN, SFO",1716,20220409-1312,best
10:25 am – 7:20 pm +1,Singapore Airlines,EWR‐HKT,21h55m,1,SIN,11:40 am – 6:59 am +1,"Singapore Airlines, Alaska Airlines",HKT‐EWR,30h19m,2,"SIN, SFO",1704,20220409-1312,best
10:25 am – 7:20 pm +1,Singapore Airlines,EWR‐HKT,21h55m,1,SIN,10:25 am – 6:59 am +1,"Singapore Airlines, Alaska Airlines",HKT‐EWR,31h34m,2,"SIN, SFO",1704,20220409-1312,best
10:25 am – 7:20 pm +1,Singapore Airlines,EWR‐HKT,21h55m,1,SIN,10:25 am – 6:00 am +1,Singapore Airlines,HKT‐EWR,30h35m,1,SIN,1957,20220409-1312,best
6:45 pm – 6:55 am +2,Qatar Airways,EWR‐HKT,25h10m,2,"BOS, DOH",11:55 pm – 7:40 pm +1,Qatar Airways,HKT‐EWR,30h45m,2,"DOH, ORD",1644,20220409-1312,best
6:45 pm – 6:55 am +2,Qatar Airways,EWR‐HKT,25h10m,2,"BOS, DOH",11:55 pm – 9:28 pm +1,Qatar Airways,HKT‐EWR,32h33m,2,"DOH, BOS",1606,20220409-1312,best
6:45 pm – 6:55 am +2,"JetBlue, Qatar Airways",EWR‐HKT,25h10m,2,"BOS, DOH",11:55 pm – 9:28 pm +1,"Qatar Airways, JetBlue",HKT‐EWR,32h33m,2,"DOH, BOS",1647,20220409-1312,best
6:45 pm – 6:55 am +2,"JetBlue, Qatar Airways",EWR‐HKT,25h10m,2,"BOS, DOH",11:55 pm – 9:28 pm +1,Qatar Airways,HKT‐EWR,32h33m,2,"DOH, BOS",1651,20220409-1312,best
4:26 pm – 6:55 am +2,Qatar Airways,EWR‐HKT,27h29m,2,"BOS, DOH",11:55 pm – 9:28 pm +1,Qatar Airways,HKT‐EWR,32h33m,2,"DOH, BOS",1606,20220409-1312,best
6:45 pm – 6:55 am +2,Qatar Airways,EWR‐HKT,25h10m,2,"BOS, DOH",8:00 pm – 3:50 pm +1,Etihad Airways,HKT‐EWR,30h50m,2,"AUH, DUB",1877,20220409-1312,best
4:26 pm – 6:55 am +2,"JetBlue, Qatar Airways",EWR‐HKT,27h29m,2,"BOS, DOH",11:55 pm – 9:28 pm +1,Qatar Airways,HKT‐EWR,32h33m,2,"DOH, BOS",1651,20220409-1312,best
10:25 am – 7:20 pm +1,Singapore Airlines,EWR‐HKT,21h55m,1,SIN,6:10 pm – 6:00 am +1,Singapore Airlines,HKT‐EWR,22h50m,1,SIN,1755,20220409-1317,fast
10:25 am – 7:20 pm +1,Singapore Airlines,EWR‐HKT,21h55m,1,SIN,12:10 pm – 6:00 am +1,Singapore Airlines,HKT‐EWR,28h50m,1,SIN,1749,20220409-1317,fast
10:25 am – 7:20 pm +1,Singapore Airlines,EWR‐HKT,21h55m,1,SIN,11:40 am – 6:00 am +1,Singapore Airlines,HKT‐EWR,29h20m,1,SIN,1755,20220409-1317,fast
10:25 am – 7:20 pm +1,Singapore Airlines,EWR‐HKT,21h55m,1,SIN,11:40 am – 6:59 am +1,"Singapore Airlines, Alaska Airlines",HKT‐EWR,30h19m,2,"SIN, SFO",1704,20220409-1317,fast
10:25 am – 7:20 pm +1,Singapore Airlines,EWR‐HKT,21h55m,1,SIN,11:40 am – 6:59 am +1,Singapore Airlines,HKT‐EWR,30h19m,2,"SIN, SFO",1716,20220409-1317,fast
10:25 am – 7:20 pm +1,Singapore Airlines,EWR‐HKT,21h55m,1,SIN,10:25 am – 6:00 am +1,Singapore Airlines,HKT‐EWR,30h35m,1,SIN,1957,20220409-1317,fast
9:50 pm – 10:20 am +2,"SWISS, Thai Airways",EWR‐HKT,25h30m,2,"ZRH, BKK",8:10 pm – 12:25 pm +1,"Singapore Airlines, Lufthansa",HKT‐EWR,27h15m,2,"SIN, MUC",2178,20220409-1317,fast
8:55 pm – 9:35 am +2,"Lufthansa, Singapore Airlines",EWR‐HKT,25h40m,2,"MUC, SIN",8:10 pm – 12:25 pm +1,"Singapore Airlines, Lufthansa",HKT‐EWR,27h15m,2,"SIN, MUC",2186,20220409-1317,fast
10:25 am – 7:20 pm +1,Singapore Airlines,EWR‐HKT,21h55m,1,SIN,10:25 am – 6:59 am +1,"Singapore Airlines, Alaska Airlines",HKT‐EWR,31h34m,2,"SIN, SFO",1704,20220409-1317,fast
6:45 pm – 6:55 am +2,"JetBlue, Qatar Airways",EWR‐HKT,25h10m,2,"BOS, DOH",12:10 pm – 6:00 am +1,Singapore Airlines,HKT‐EWR,28h50m,1,SIN,2487,20220409-1317,fast
6:45 pm – 6:55 am +2,Qatar Airways,EWR‐HKT,25h10m,2,"BOS, DOH",12:10 pm – 6:00 am +1,Singapore Airlines,HKT‐EWR,28h50m,1,SIN,2563,20220409-1317,fast
10:25 am – 7:20 pm +1,Singapore Airlines,EWR‐HKT,21h55m,1,SIN,12:10 am – 9:20 pm,Emirates,HKT‐EWR,32h10m,2,"DXB, ATH",1991,20220409-1317,fast
8:55 pm – 10:50 am +2,"Lufthansa, Singapore Airlines",EWR‐HKT,26h55m,2,"MUC, SIN",8:10 pm – 12:25 pm +1,"Singapore Airlines, Lufthansa",HKT‐EWR,27h15m,2,"SIN, MUC",2186,20220409-1317,fast
9:50 pm – 10:20 am +2,"SWISS, Thai Airways",EWR‐HKT,25h30m,2,"ZRH, BKK",8:10 pm – 1:50 pm +1,"Singapore Airlines, Lufthansa",HKT‐EWR,28h40m,2,"SIN, FRA",2206,20220409-1317,fast
8:55 pm – 9:35 am +2,"Lufthansa, Singapore Airlines",EWR‐HKT,25h40m,2,"MUC, SIN",8:10 pm – 1:50 pm +1,"Singapore Airlines, Lufthansa",HKT‐EWR,28h40m,2,"SIN, FRA",2214,20220409-1317,fast
