Out Time,Out Airline,Out Cities,Out Duration,Out Stops,Out Stop Cities,Return Time,Return Airline,Return Cities,Return Duration,Return Stops,Return Stop Cities,Price,timestamp,sort
10:25 am – 7:20 pm +1,Singapore Airlines,EWR‐HKT,21h55m,1,SIN,8:10 pm – 6:00 am +2,Singapore Airlines,HKT‐EWR,44h50m,1,SIN,1412,20220409-1418,cheap
10:25 am – 7:20 pm +1,Singapore Airlines,EWR‐HKT,21h55m,1,SIN,8:10 pm – 7:05 am +2,Singapore Airlines,HKT‐EWR,45h55m,3,"SIN, NRT, ...",1420,20220409-1418,cheap
10:25 am – 7:20 pm +1,Singapore Airlines,EWR‐HKT,21h55m,1,SIN,6:10 pm – 7:05 am +2,Singapore Airlines,HKT‐EWR,47h55m,3,"SIN, NRT, ...",1420,20220409-1418,cheap
10:25 am – 7:20 pm +1,Singapore Airlines,EWR‐HKT,21h55m,1,SIN,8:10 pm – 6:59 am +2,"Singapore Airlines, Alaska Airlines",HKT‐EWR,45h49m,2,"SIN, SFO",1459,20220409-1418,cheap
10:25 am – 7:20 pm +1,Singapore Airlines,EWR‐HKT,21h55m,1,SIN,6:10 pm – 6:59 am +2,"Singapore Airlines, Alaska Airlines",HKT‐EWR,47h49m,2,"SIN, SFO",1459,20220409-1418,cheap
10:25 am – 7:20 pm +1,Singapore Airlines,EWR‐HKT,21h55m,1,SIN,10:25 am – 7:05 am +1,"Singapore Airlines, Alaska Airlines",HKT‐EWR,31h40m,2,"SIN, LAX",1462,20220409-1418,cheap
10:25 am – 9:35 am +2,Singapore Airlines,EWR‐HKT,36h10m,1,SIN,10:25 am – 7:05 am +1,"Singapore Airlines, Alaska Airlines",HKT‐EWR,31h40m,2,"SIN, LAX",1462,20220409-1418,cheap
10:25 am – 10:50 am +2,Singapore Airlines,EWR‐HKT,37h25m,1,SIN,10:25 am – 7:05 am +1,"Singapore Airlines, Alaska Airlines",HKT‐EWR,31h40m,2,"SIN, LAX",1462,20220409-1418,cheap
6:55 pm – 11:00 am +2,"SAS, Thai Airways",EWR‐HKT,29h05m,3,"OSL, CPH, ...",9:15 pm – 2:55 pm +1,"Thai Airways, SAS",HKT‐EWR,28h40m,2,"BKK, CPH",1502,20220409-1418,cheap
6:55 pm – 12:20 pm +2,"SAS, Thai Airways",EWR‐HKT,30h25m,3,"OSL, CPH, ...",9:15 pm – 2:55 pm +1,"Thai Airways, SAS",HKT‐EWR,28h40m,2,"BKK, CPH",1502,20220409-1418,cheap
6:55 pm – 4:25 pm +2,"SAS, Thai Airways",EWR‐HKT,34h30m,3,"OSL, CPH, ...",9:15 pm – 2:55 pm +1,"Thai Airways, SAS",HKT‐EWR,28h40m,2,"BKK, CPH",1502,20220409-1418,cheap
5:20 pm – 11:00 am +2,"SAS, Thai Airways",EWR‐HKT,30h40m,3,"ARN, CPH, ...",9:15 pm – 2:55 pm +1,"Thai Airways, SAS",HKT‐EWR,28h40m,2,"BKK, CPH",1508,20220409-1418,cheap
5:20 pm – 11:00 am +2,"SAS, Thai Airways",EWR‐HKT,30h40m,3,"ARN, CPH, ...",9:15 pm – 2:55 pm +1,"Thai Airways, SAS",HKT‐EWR,28h40m,2,"BKK, CPH",1508,20220409-1418,cheap
5:20 pm – 12:20 pm +2,"SAS, Thai Airways",EWR‐HKT,32h00m,3,"ARN, CPH, ...",9:15 pm – 2:55 pm +1,"Thai Airways, SAS",HKT‐EWR,28h40m,2,"BKK, CPH",1508,20220409-1418,cheap
4:00 pm – 9:35 am +2,Singapore Airlines,EWR‐HKT,30h35m,2,"LAX, SIN",11:40 am – 7:05 am +1,Singapore Airlines,HKT‐EWR,30h25m,2,"SIN, LAX",1574,20220409-1418,cheap
11:35 am – 9:30 am +2,"ANA, Bangkok Airways",EWR‐HKT,34h55m,2,"NRT, BKK",12:10 am – 9:20 pm,Emirates,HKT‐EWR,32h10m,2,"DXB, ATH",1674,20220409-1415,best
10:25 am – 7:20 pm +1,Singapore Airlines,EWR‐HKT,21h55m,1,SIN,6:10 pm – 6:00 am +1,Singapore Airlines,HKT‐EWR,22h50m,1,SIN,1583,20220409-1415,best
10:25 am – 7:20 pm +1,Singapore Airlines,EWR‐HKT,21h55m,1,SIN,8:10 pm – 6:00 am +2,Singapore Airlines,HKT‐EWR,44h50m,1,SIN,1412,20220409-1415,best
10:25 am – 7:20 pm +1,Singapore Airlines,EWR‐HKT,21h55m,1,SIN,11:40 am – 6:00 am +1,Singapore Airlines,HKT‐EWR,29h20m,1,SIN,1583,20220409-1415,best
10:25 am – 7:20 pm +1,Singapore Airlines,EWR‐HKT,21h55m,1,SIN,12:10 pm – 6:00 am +1,Singapore Airlines,HKT‐EWR,28h50m,1,SIN,1626,20220409-1415,best
10:25 am – 7:20 pm +1,Singapore Airlines,EWR‐HKT,21h55m,1,SIN,10:25 am – 6:00 am +1,Singapore Airlines,HKT‐EWR,30h35m,1,SIN,1583,20220409-1415,best
10:25 am – 7:20 pm +1,Singapore Airlines,EWR‐HKT,21h55m,1,SIN,10:25 am – 7:05 am +1,"Singapore Airlines, Alaska Airlines",HKT‐EWR,31h40m,2,"SIN, LAX",1462,20220409-1415,best
10:25 am – 9:35 am +2,Singapore Airlines,EWR‐HKT,36h10m,1,SIN,6:10 pm – 6:00 am +1,Singapore Airlines,HKT‐EWR,22h50m,1,SIN,1583,20220409-1415,best
4:00 pm – 9:35 am +2,Singapore Airlines,EWR‐HKT,30h35m,2,"LAX, SIN",6:10 pm – 6:00 am +1,Singapore Airlines,HKT‐EWR,22h50m,1,SIN,1767,20220409-1415,best
10:25 am – 10:50 am +2,Singapore Airlines,EWR‐HKT,37h25m,1,SIN,6:10 pm – 6:00 am +1,Singapore Airlines,HKT‐EWR,22h50m,1,SIN,1583,20220409-1415,best
6:45 pm – 6:55 am +2,"JetBlue, Qatar Airways",EWR‐HKT,25h10m,2,"BOS, DOH",11:55 pm – 7:40 pm +1,Qatar Airways,HKT‐EWR,30h45m,2,"DOH, ORD",1609,20220409-1415,best
6:45 pm – 6:55 am +2,Qatar Airways,EWR‐HKT,25h10m,2,"BOS, DOH",11:55 pm – 7:40 pm +1,Qatar Airways,HKT‐EWR,30h45m,2,"DOH, ORD",1679,20220409-1415,best
6:45 pm – 6:55 am +2,"JetBlue, Qatar Airways",EWR‐HKT,25h10m,2,"BOS, DOH",11:55 pm – 9:27 pm +1,Qatar Airways,HKT‐EWR,32h32m,2,"DOH, ORD",1609,20220409-1415,best
4:00 pm – 9:35 am +2,Singapore Airlines,EWR‐HKT,30h35m,2,"LAX, SIN",11:40 am – 7:05 am +1,Singapore Airlines,HKT‐EWR,30h25m,2,"SIN, LAX",1574,20220409-1415,best
6:45 pm – 6:55 am +2,Qatar Airways,EWR‐HKT,25h10m,2,"BOS, DOH",11:55 pm – 9:27 pm +1,Qatar Airways,HKT‐EWR,32h32m,2,"DOH, ORD",1679,20220409-1415,best
6:45 pm – 6:55 am +2,"JetBlue, Qatar Airways",EWR‐HKT,25h10m,2,"BOS, DOH",9:05 pm – 7:40 pm +1,Qatar Airways,HKT‐EWR,33h35m,2,"DOH, ORD",1609,20220409-1415,best
10:25 am – 7:20 pm +1,Singapore Airlines,EWR‐HKT,21h55m,1,SIN,6:10 pm – 6:00 am +1,Singapore Airlines,HKT‐EWR,22h50m,1,SIN,1583,20220409-1421,fast
6:45 pm – 6:55 am +2,"JetBlue, Qatar Airways",EWR‐HKT,25h10m,2,"BOS, DOH",6:10 pm – 6:00 am +1,Singapore Airlines,HKT‐EWR,22h50m,1,SIN,2156,20220409-1421,fast
10:25 am – 7:20 pm +1,Singapore Airlines,EWR‐HKT,21h55m,1,SIN,12:10 pm – 6:00 am +1,Singapore Airlines,HKT‐EWR,28h50m,1,SIN,1626,20220409-1421,fast
10:25 am – 7:20 pm +1,Singapore Airlines,EWR‐HKT,21h55m,1,SIN,11:40 am – 6:00 am +1,Singapore Airlines,HKT‐EWR,29h20m,1,SIN,1583,20220409-1421,fast
10:25 am – 7:20 pm +1,Singapore Airlines,EWR‐HKT,21h55m,1,SIN,10:25 am – 6:00 am +1,Singapore Airlines,HKT‐EWR,30h35m,1,SIN,1583,20220409-1421,fast
7:00 am – 12:10 am +2,"JetBlue, Asiana Airlines",EWR‐HKT,30h10m,2,"LAX, ICN",6:10 pm – 6:00 am +1,Singapore Airlines,HKT‐EWR,22h50m,1,SIN,2767,20220409-1421,fast
9:50 pm – 10:40 am +2,"SWISS, Thai Airways",EWR‐HKT,25h50m,2,"ZRH, BKK",8:10 pm – 12:25 pm +1,"Singapore Airlines, Lufthansa",HKT‐EWR,27h15m,2,"SIN, MUC",2178,20220409-1421,fast
4:00 pm – 9:35 am +2,Singapore Airlines,EWR‐HKT,30h35m,2,"LAX, SIN",6:10 pm – 6:00 am +1,Singapore Airlines,HKT‐EWR,22h50m,1,SIN,1767,20220409-1421,fast
10:25 am – 7:20 pm +1,Singapore Airlines,EWR‐HKT,21h55m,1,SIN,10:25 am – 7:05 am +1,"Singapore Airlines, Alaska Airlines",HKT‐EWR,31h40m,2,"SIN, LAX",1462,20220409-1421,fast
6:45 pm – 6:55 am +2,Qatar Airways,EWR‐HKT,25h10m,2,"BOS, DOH",12:10 pm – 6:00 am +1,Singapore Airlines,HKT‐EWR,28h50m,1,SIN,2392,20220409-1421,fast
10:25 am – 7:20 pm +1,Singapore Airlines,EWR‐HKT,21h55m,1,SIN,12:10 am – 9:20 pm,Emirates,HKT‐EWR,32h10m,2,"DXB, ATH",1971,20220409-1421,fast
11:55 pm – 12:30 pm +2,Emirates,EWR‐HKT,25h35m,2,"ATH, DXB",12:10 pm – 6:00 am +1,Singapore Airlines,HKT‐EWR,28h50m,1,SIN,2535,20220409-1421,fast
9:50 pm – 10:40 am +2,"SWISS, Thai Airways",EWR‐HKT,25h50m,2,"ZRH, BKK",8:10 pm – 1:50 pm +1,"Singapore Airlines, Lufthansa",HKT‐EWR,28h40m,2,"SIN, FRA",2206,20220409-1421,fast
6:45 pm – 6:55 am +2,"JetBlue, Qatar Airways",EWR‐HKT,25h10m,2,"BOS, DOH",11:40 am – 6:00 am +1,Singapore Airlines,HKT‐EWR,29h20m,1,SIN,2578,20220409-1421,fast
9:50 pm – 10:40 am +2,"SWISS, Thai Airways",EWR‐HKT,25h50m,2,"ZRH, BKK",6:10 pm – 12:25 pm +1,"Singapore Airlines, Lufthansa",HKT‐EWR,29h15m,2,"SIN, MUC",2178,20220409-1421,fast
