Out Time,Out Airline,Out Cities,Out Duration,Out Stops,Out Stop Cities,Return Time,Return Airline,Return Cities,Return Duration,Return Stops,Return Stop Cities,Price,timestamp,sort
6:55 pm – 12:20 pm +2,"SAS, Thai Airways",EWR‐HKT,30h25m,3,"OSL, ARN, ...",9:15 pm – 12:55 pm +1,"Thai Airways, SAS",HKT‐EWR,26h40m,2,"BKK, ARN",1253,20220409-1434,cheap
6:55 pm – 12:20 pm +2,"SAS, Thai Airways",EWR‐HKT,30h25m,3,"OSL, ARN, ...",9:15 pm – 12:55 pm +1,"Thai Airways, SAS",HKT‐EWR,26h40m,2,"BKK, ARN",1253,20220409-1434,cheap
6:55 pm – 3:25 pm +2,"SAS, Thai Airways",EWR‐HKT,33h30m,3,"OSL, ARN, ...",9:15 pm – 12:55 pm +1,"Thai Airways, SAS",HKT‐EWR,26h40m,2,"BKK, ARN",1253,20220409-1434,cheap
6:55 pm – 3:25 pm +2,"SAS, Thai Airways",EWR‐HKT,33h30m,3,"OSL, ARN, ...",9:15 pm – 12:55 pm +1,"Thai Airways, SAS",HKT‐EWR,26h40m,2,"BKK, ARN",1253,20220409-1434,cheap
6:55 pm – 12:20 pm +2,"SAS, Thai Airways",EWR‐HKT,30h25m,3,"OSL, ARN, ...",5:05 pm – 12:55 pm +1,"Thai Airways, SAS",HKT‐EWR,30h50m,2,"BKK, ARN",1253,20220409-1434,cheap
6:55 pm – 12:20 pm +2,"SAS, Thai Airways",EWR‐HKT,30h25m,3,"OSL, ARN, ...",5:05 pm – 12:55 pm +1,"Thai Airways, SAS",HKT‐EWR,30h50m,2,"BKK, ARN",1253,20220409-1434,cheap
6:55 pm – 12:20 pm +2,"SAS, Thai Airways",EWR‐HKT,30h25m,3,"OSL, ARN, ...",4:05 pm – 12:55 pm +1,"Thai Airways, SAS",HKT‐EWR,31h50m,2,"BKK, ARN",1253,20220409-1434,cheap
6:55 pm – 12:20 pm +2,"SAS, Thai Airways",EWR‐HKT,30h25m,3,"OSL, ARN, ...",4:05 pm – 12:55 pm +1,"Thai Airways, SAS",HKT‐EWR,31h50m,2,"BKK, ARN",1253,20220409-1434,cheap
6:55 pm – 3:25 pm +2,"SAS, Thai Airways",EWR‐HKT,33h30m,3,"OSL, ARN, ...",5:05 pm – 12:55 pm +1,"Thai Airways, SAS",HKT‐EWR,30h50m,2,"BKK, ARN",1253,20220409-1434,cheap
6:55 pm – 3:25 pm +2,"SAS, Thai Airways",EWR‐HKT,33h30m,3,"OSL, ARN, ...",5:05 pm – 12:55 pm +1,"Thai Airways, SAS",HKT‐EWR,30h50m,2,"BKK, ARN",1253,20220409-1434,cheap
6:55 pm – 12:20 pm +2,"SAS, Thai Airways",EWR‐HKT,30h25m,3,"OSL, ARN, ...",1:00 pm – 12:55 pm +1,"Thai Airways, SAS",HKT‐EWR,34h55m,2,"BKK, ARN",1253,20220409-1434,cheap
6:55 pm – 3:25 pm +2,"SAS, Thai Airways",EWR‐HKT,33h30m,3,"OSL, ARN, ...",4:05 pm – 12:55 pm +1,"Thai Airways, SAS",HKT‐EWR,31h50m,2,"BKK, ARN",1253,20220409-1434,cheap
6:55 pm – 3:25 pm +2,"SAS, Thai Airways",EWR‐HKT,33h30m,3,"OSL, ARN, ...",4:05 pm – 12:55 pm +1,"Thai Airways, SAS",HKT‐EWR,31h50m,2,"BKK, ARN",1253,20220409-1434,cheap
6:55 pm – 12:20 pm +2,"SAS, Thai Airways",EWR‐HKT,30h25m,3,"OSL, ARN, ...",1:00 pm – 12:55 pm +1,"Thai Airways, SAS",HKT‐EWR,34h55m,2,"BKK, ARN",1253,20220409-1434,cheap
6:55 pm – 3:25 pm +2,"SAS, Thai Airways",EWR‐HKT,33h30m,3,"OSL, ARN, ...",1:00 pm – 12:55 pm +1,"Thai Airways, SAS",HKT‐EWR,34h55m,2,"BKK, ARN",1253,20220409-1434,cheap
4:26 pm – 6:55 am +2,"JetBlue, Qatar Airways",EWR‐HKT,27h29m,2,"BOS, DOH",11:55 pm – 9:28 pm +1,"Qatar Airways, JetBlue",HKT‐EWR,32h33m,2,"DOH, BOS",1543,20220409-1431,best
10:25 am – 7:20 pm +1,Singapore Airlines,EWR‐HKT,21h55m,1,SIN,6:10 pm – 6:00 am +1,Singapore Airlines,HKT‐EWR,22h50m,1,SIN,1583,20220409-1431,best
6:55 pm – 12:20 pm +2,"SAS, Thai Airways",EWR‐HKT,30h25m,3,"OSL, ARN, ...",9:15 pm – 12:55 pm +1,"Thai Airways, SAS",HKT‐EWR,26h40m,2,"BKK, ARN",1253,20220409-1431,best
10:25 am – 7:20 pm +1,Singapore Airlines,EWR‐HKT,21h55m,1,SIN,11:40 am – 7:05 am +1,Singapore Airlines,HKT‐EWR,30h25m,2,"SIN, LAX",1430,20220409-1431,best
10:25 am – 7:20 pm +1,Singapore Airlines,EWR‐HKT,21h55m,1,SIN,10:25 am – 7:05 am +1,Singapore Airlines,HKT‐EWR,31h40m,2,"SIN, LAX",1430,20220409-1431,best
10:25 am – 7:20 pm +1,Singapore Airlines,EWR‐HKT,21h55m,1,SIN,11:40 am – 6:00 am +1,Singapore Airlines,HKT‐EWR,29h20m,1,SIN,1583,20220409-1431,best
10:25 am – 7:20 pm +1,Singapore Airlines,EWR‐HKT,21h55m,1,SIN,12:10 pm – 6:00 am +1,Singapore Airlines,HKT‐EWR,28h50m,1,SIN,1626,20220409-1431,best
10:25 am – 7:20 pm +1,Singapore Airlines,EWR‐HKT,21h55m,1,SIN,10:25 am – 6:00 am +1,Singapore Airlines,HKT‐EWR,30h35m,1,SIN,1583,20220409-1431,best
10:25 am – 9:35 am +2,Singapore Airlines,EWR‐HKT,36h10m,1,SIN,6:10 pm – 6:00 am +1,Singapore Airlines,HKT‐EWR,22h50m,1,SIN,1583,20220409-1431,best
6:45 pm – 6:55 am +2,"JetBlue, Qatar Airways",EWR‐HKT,25h10m,2,"BOS, DOH",11:55 pm – 7:40 pm +1,Qatar Airways,HKT‐EWR,30h45m,2,"DOH, ORD",1539,20220409-1431,best
6:45 pm – 6:55 am +2,Qatar Airways,EWR‐HKT,25h10m,2,"BOS, DOH",11:55 pm – 9:28 pm +1,Qatar Airways,HKT‐EWR,32h33m,2,"DOH, BOS",1489,20220409-1431,best
10:25 am – 10:50 am +2,Singapore Airlines,EWR‐HKT,37h25m,1,SIN,6:10 pm – 6:00 am +1,Singapore Airlines,HKT‐EWR,22h50m,1,SIN,1583,20220409-1431,best
6:45 pm – 6:55 am +2,"JetBlue, Qatar Airways",EWR‐HKT,25h10m,2,"BOS, DOH",11:55 pm – 9:28 pm +1,Qatar Airways,HKT‐EWR,32h33m,2,"DOH, BOS",1515,20220409-1431,best
4:26 pm – 6:55 am +2,Qatar Airways,EWR‐HKT,27h29m,2,"BOS, DOH",11:55 pm – 9:28 pm +1,Qatar Airways,HKT‐EWR,32h33m,2,"DOH, BOS",1489,20220409-1431,best
6:45 pm – 6:55 am +2,"JetBlue, Qatar Airways",EWR‐HKT,25h10m,2,"BOS, DOH",9:05 pm – 7:40 pm +1,Qatar Airways,HKT‐EWR,33h35m,2,"DOH, ORD",1539,20220409-1431,best
6:45 pm – 6:55 am +2,"JetBlue, Qatar Airways",EWR‐HKT,25h10m,2,"BOS, DOH",9:05 pm – 7:40 pm +1,Qatar Airways,HKT‐EWR,33h35m,2,"DOH, ORD",1539,20220409-1431,best
6:45 pm – 6:55 am +2,Qatar Airways,EWR‐HKT,25h10m,2,"BOS, DOH",9:05 pm – 9:28 pm +1,Qatar Airways,HKT‐EWR,35h23m,2,"DOH, BOS",1519,20220409-1431,best
10:25 am – 7:20 pm +1,Singapore Airlines,EWR‐HKT,21h55m,1,SIN,6:10 pm – 6:00 am +1,Singapore Airlines,HKT‐EWR,22h50m,1,SIN,1583,20220409-1436,fast
6:45 pm – 6:55 am +2,"JetBlue, Qatar Airways",EWR‐HKT,25h10m,2,"BOS, DOH",6:10 pm – 6:00 am +1,Singapore Airlines,HKT‐EWR,22h50m,1,SIN,2108,20220409-1436,fast
4:26 pm – 6:55 am +2,"JetBlue, Qatar Airways",EWR‐HKT,27h29m,2,"BOS, DOH",6:10 pm – 6:00 am +1,Singapore Airlines,HKT‐EWR,22h50m,1,SIN,2108,20220409-1436,fast
10:25 am – 7:20 pm +1,Singapore Airlines,EWR‐HKT,21h55m,1,SIN,12:10 pm – 6:00 am +1,Singapore Airlines,HKT‐EWR,28h50m,1,SIN,1626,20220409-1436,fast
10:25 am – 7:20 pm +1,Singapore Airlines,EWR‐HKT,21h55m,1,SIN,11:40 am – 6:00 am +1,Singapore Airlines,HKT‐EWR,29h20m,1,SIN,1583,20220409-1436,fast
9:50 pm – 9:30 am +2,"SWISS, Bangkok Airways",EWR‐HKT,24h40m,2,"ZRH, BKK",7:50 pm – 12:25 pm +1,"Scoot, Lufthansa",HKT‐EWR,27h35m,2,"SIN, MUC",2211,20220409-1436,fast
10:25 am – 7:20 pm +1,Singapore Airlines,EWR‐HKT,21h55m,1,SIN,11:40 am – 7:05 am +1,Singapore Airlines,HKT‐EWR,30h25m,2,"SIN, LAX",1430,20220409-1436,fast
10:25 am – 7:20 pm +1,Singapore Airlines,EWR‐HKT,21h55m,1,SIN,10:25 am – 6:00 am +1,Singapore Airlines,HKT‐EWR,30h35m,1,SIN,1583,20220409-1436,fast
7:00 am – 12:10 am +2,"JetBlue, Asiana Airlines",EWR‐HKT,30h10m,2,"LAX, ICN",6:10 pm – 6:00 am +1,Singapore Airlines,HKT‐EWR,22h50m,1,SIN,2767,20220409-1436,fast
10:25 am – 7:20 pm +1,Singapore Airlines,EWR‐HKT,21h55m,1,SIN,10:25 am – 7:05 am +1,Singapore Airlines,HKT‐EWR,31h40m,2,"SIN, LAX",1430,20220409-1436,fast
6:00 am – 12:10 am +2,"United Airlines, Asiana Airlines",EWR‐HKT,31h10m,2,"LAX, ICN",6:10 pm – 6:00 am +1,Singapore Airlines,HKT‐EWR,22h50m,1,SIN,2197,20220409-1436,fast
6:45 pm – 6:55 am +2,"JetBlue, Qatar Airways",EWR‐HKT,25h10m,2,"BOS, DOH",12:10 pm – 6:00 am +1,Singapore Airlines,HKT‐EWR,28h50m,1,SIN,2240,20220409-1436,fast
8:55 pm – 9:35 am +2,"Lufthansa, Singapore Airlines",EWR‐HKT,25h40m,2,"MUC, SIN",8:10 pm – 1:50 pm +1,"Singapore Airlines, Lufthansa",HKT‐EWR,28h40m,2,"SIN, FRA",2214,20220409-1436,fast
9:50 pm – 9:30 am +2,"SWISS, Bangkok Airways",EWR‐HKT,24h40m,2,"ZRH, BKK",7:10 pm – 1:55 pm +1,Austrian Airlines,HKT‐EWR,29h45m,2,"BKK, VIE",1898,20220409-1436,fast
11:55 pm – 12:30 pm +2,Emirates,EWR‐HKT,25h35m,2,"ATH, DXB",12:10 pm – 6:00 am +1,Singapore Airlines,HKT‐EWR,28h50m,1,SIN,2528,20220409-1436,fast
