Out Time,Out Airline,Out Cities,Out Duration,Out Stops,Out Stop Cities,Return Time,Return Airline,Return Cities,Return Duration,Return Stops,Return Stop Cities,Price,timestamp,sort
12:05 pm – 6:55 am +2,"Air India, THAI Smile",EWR‐HKT,31h50m,1,BOM,9:45 pm – 9:00 pm +1,"Emirates, Air Caraïbes",HKT‐EWR,34h15m,2,"DXB, CDG-ORY",1519,20220406-0728,cheap
12:05 pm – 6:55 am +2,"Air India, THAI Smile",EWR‐HKT,31h50m,1,BOM,9:45 pm – 9:20 pm +1,Emirates,HKT‐EWR,34h35m,2,"DXB, ATH",1586,20220406-0728,cheap
12:05 pm – 6:55 am +2,"Air India, THAI Smile",EWR‐HKT,31h50m,1,BOM,11:55 pm – 9:00 pm +1,"Qatar Airways, Air Caraïbes",HKT‐EWR,32h05m,2,"DOH, CDG-ORY",1680,20220406-0728,cheap
12:05 pm – 10:35 am +2,"Air India, THAI Smile",EWR‐HKT,35h30m,2,"BOM, BKK",12:10 am – 9:20 pm,Emirates,HKT‐EWR,32h10m,2,"DXB, ATH",1718,20220406-0728,cheap
11:55 pm – 12:30 pm +2,Emirates,EWR‐HKT,25h35m,2,"ATH, DXB",9:45 pm – 9:20 pm +1,Emirates,HKT‐EWR,34h35m,2,"DXB, ATH",1735,20220406-0728,cheap
6:05 pm – 1:15 pm +2,"Lufthansa, Qatar Airways",EWR‐HKT,32h10m,3,"FRA, SOF, ...",3:55 pm – 4:40 pm +1,"Thai Vietjet Air, ANA",HKT‐EWR,35h45m,2,"BKK, HND",1753,20220406-0728,cheap
1:46 pm – 7:20 am +2,"American Airlines, Qatar Airways",EWR‐HKT,30h34m,2,"ORD, DOH",9:05 pm – 4:57 pm +1,"Qatar Airways, American Airlines",HKT‐EWR,30h52m,2,"DOH, ORD",1755,20220406-0728,cheap
1:46 pm – 7:20 am +2,"American Airlines, Qatar Airways",EWR‐HKT,30h34m,2,"ORD, DOH",11:55 pm – 9:00 pm +1,"Qatar Airways, American Airlines",HKT‐EWR,32h05m,2,"DOH, ORD",1755,20220406-0728,cheap
12:21 pm – 7:20 am +2,"American Airlines, Qatar Airways",EWR‐HKT,31h59m,2,"ORD, DOH",9:05 pm – 4:57 pm +1,"Qatar Airways, American Airlines",HKT‐EWR,30h52m,2,"DOH, ORD",1755,20220406-0728,cheap
1:46 pm – 7:20 am +2,"American Airlines, Qatar Airways",EWR‐HKT,30h34m,2,"ORD, DOH",9:05 pm – 6:52 pm +1,"Qatar Airways, American Airlines",HKT‐EWR,32h47m,2,"DOH, DFW",1755,20220406-0728,cheap
1:46 pm – 7:20 am +2,"American Airlines, Qatar Airways",EWR‐HKT,30h34m,2,"ORD, DOH",9:05 pm – 7:14 pm +1,"Qatar Airways, American Airlines",HKT‐EWR,33h09m,2,"DOH, ORD",1755,20220406-0728,cheap
12:21 pm – 7:20 am +2,"American Airlines, Qatar Airways",EWR‐HKT,31h59m,2,"ORD, DOH",11:55 pm – 9:00 pm +1,"Qatar Airways, American Airlines",HKT‐EWR,32h05m,2,"DOH, ORD",1755,20220406-0728,cheap
10:50 am – 7:20 am +2,"American Airlines, Qatar Airways",EWR‐HKT,33h30m,2,"ORD, DOH",9:05 pm – 4:57 pm +1,"Qatar Airways, American Airlines",HKT‐EWR,30h52m,2,"DOH, ORD",1755,20220406-0728,cheap
12:21 pm – 7:20 am +2,"American Airlines, Qatar Airways",EWR‐HKT,31h59m,2,"ORD, DOH",9:05 pm – 6:52 pm +1,"Qatar Airways, American Airlines",HKT‐EWR,32h47m,2,"DOH, DFW",1755,20220406-0728,cheap
12:21 pm – 7:20 am +2,"American Airlines, Qatar Airways",EWR‐HKT,31h59m,2,"ORD, DOH",9:05 pm – 7:14 pm +1,"Qatar Airways, American Airlines",HKT‐EWR,33h09m,2,"DOH, ORD",1755,20220406-0728,cheap
7:42 pm – 1:15 pm +2,"American Airlines, Qatar Airways",EWR‐HKT,30h33m,2,"ORD, DOH",9:05 pm – 4:57 pm +1,"Qatar Airways, American Airlines",HKT‐EWR,30h52m,2,"DOH, ORD",1759,20220406-0725,best
1:46 pm – 7:20 am +2,"American Airlines, Qatar Airways",EWR‐HKT,30h34m,2,"ORD, DOH",9:05 pm – 4:57 pm +1,"Qatar Airways, American Airlines",HKT‐EWR,30h52m,2,"DOH, ORD",1755,20220406-0725,best
11:55 pm – 12:30 pm +2,Emirates,EWR‐HKT,25h35m,2,"ATH, DXB",9:45 pm – 9:20 pm +1,Emirates,HKT‐EWR,34h35m,2,"DXB, ATH",1735,20220406-0725,best
6:50 pm – 1:15 pm +2,"American Airlines, Qatar Airways",EWR‐HKT,31h25m,2,"ORD, DOH",9:05 pm – 4:57 pm +1,"Qatar Airways, American Airlines",HKT‐EWR,30h52m,2,"DOH, ORD",1759,20220406-0725,best
1:55 pm – 7:20 am +2,"American Airlines, Qatar Airways",EWR‐HKT,30h25m,2,"DFW, DOH",9:05 pm – 4:57 pm +1,"Qatar Airways, American Airlines",HKT‐EWR,30h52m,2,"DOH, ORD",1795,20220406-0725,best
7:42 pm – 1:15 pm +2,"American Airlines, Qatar Airways",EWR‐HKT,30h33m,2,"ORD, DOH",11:55 pm – 9:00 pm +1,"Qatar Airways, American Airlines",HKT‐EWR,32h05m,2,"DOH, ORD",1759,20220406-0725,best
1:46 pm – 7:20 am +2,"American Airlines, Qatar Airways",EWR‐HKT,30h34m,2,"ORD, DOH",11:55 pm – 9:00 pm +1,"Qatar Airways, American Airlines",HKT‐EWR,32h05m,2,"DOH, ORD",1755,20220406-0725,best
12:21 pm – 7:20 am +2,"American Airlines, Qatar Airways",EWR‐HKT,31h59m,2,"ORD, DOH",9:05 pm – 4:57 pm +1,"Qatar Airways, American Airlines",HKT‐EWR,30h52m,2,"DOH, ORD",1755,20220406-0725,best
1:46 pm – 7:20 am +2,"American Airlines, Qatar Airways",EWR‐HKT,30h34m,3,"ORD, BOS, ...",9:05 pm – 4:57 pm +1,"Qatar Airways, American Airlines",HKT‐EWR,30h52m,2,"DOH, ORD",1759,20220406-0725,best
7:42 pm – 1:15 pm +2,"American Airlines, Qatar Airways",EWR‐HKT,30h33m,2,"ORD, DOH",9:05 pm – 6:52 pm +1,"Qatar Airways, American Airlines",HKT‐EWR,32h47m,2,"DOH, DFW",1759,20220406-0725,best
1:43 pm – 7:20 am +2,"American Airlines, Qatar Airways",EWR‐HKT,30h37m,3,"CLT, BOS, ...",9:05 pm – 4:57 pm +1,"Qatar Airways, American Airlines",HKT‐EWR,30h52m,2,"DOH, ORD",1758,20220406-0725,best
1:43 pm – 7:20 am +2,"American Airlines, Qatar Airways",EWR‐HKT,30h37m,3,"CLT, BOS, ...",9:05 pm – 4:57 pm +1,"Qatar Airways, American Airlines",HKT‐EWR,30h52m,2,"DOH, ORD",1758,20220406-0725,best
6:50 pm – 1:15 pm +2,"American Airlines, Qatar Airways",EWR‐HKT,31h25m,2,"ORD, DOH",11:55 pm – 9:00 pm +1,"Qatar Airways, American Airlines",HKT‐EWR,32h05m,2,"DOH, ORD",1759,20220406-0725,best
1:46 pm – 7:20 am +2,"American Airlines, Qatar Airways",EWR‐HKT,30h34m,2,"ORD, DOH",9:05 pm – 6:52 pm +1,"Qatar Airways, American Airlines",HKT‐EWR,32h47m,2,"DOH, DFW",1755,20220406-0725,best
1:55 pm – 7:20 am +2,"American Airlines, Qatar Airways",EWR‐HKT,30h25m,2,"DFW, DOH",11:55 pm – 9:00 pm +1,"Qatar Airways, American Airlines",HKT‐EWR,32h05m,2,"DOH, ORD",1795,20220406-0725,best
9:35 pm – 7:20 am +2,"British Airways, Qatar Airways",EWR‐HKT,22h45m,2,"LHR, DOH",11:55 pm – 1:50 pm +1,"Qatar Airways, British Airways",HKT‐EWR,24h55m,2,"DOH, LHR",5589,20220406-0730,fast
9:35 pm – 7:20 am +2,"British Airways, Qatar Airways",EWR‐HKT,22h45m,2,"LHR, DOH",9:05 pm – 1:50 pm +1,"Qatar Airways, British Airways",HKT‐EWR,27h45m,2,"DOH, LHR",5589,20220406-0730,fast
6:05 pm – 7:20 am +2,"British Airways, Qatar Airways",EWR‐HKT,26h15m,2,"LHR, DOH",11:55 pm – 1:50 pm +1,"Qatar Airways, British Airways",HKT‐EWR,24h55m,2,"DOH, LHR",5589,20220406-0730,fast
10:25 am – 7:20 pm +1,Singapore Airlines,EWR‐HKT,21h55m,1,SIN,9:05 pm – 4:57 pm +1,"Qatar Airways, American Airlines",HKT‐EWR,30h52m,2,"DOH, ORD",2367,20220406-0730,fast
10:25 am – 7:20 pm +1,Singapore Airlines,EWR‐HKT,21h55m,1,SIN,11:40 am – 8:34 am +1,Singapore Airlines,HKT‐EWR,31h54m,2,"SIN, SFO",3216,20220406-0730,fast
10:25 am – 7:20 pm +1,Singapore Airlines,EWR‐HKT,21h55m,1,SIN,11:55 pm – 9:00 pm +1,"Qatar Airways, American Airlines",HKT‐EWR,32h05m,2,"DOH, ORD",2367,20220406-0730,fast
10:25 am – 7:20 pm +1,Singapore Airlines,EWR‐HKT,21h55m,1,SIN,10:25 am – 8:34 am +1,Singapore Airlines,HKT‐EWR,33h09m,2,"SIN, SFO",3216,20220406-0730,fast
7:42 pm – 1:15 pm +2,Qatar Airways,EWR‐HKT,30h33m,2,"ORD, DOH",11:55 pm – 1:50 pm +1,"Qatar Airways, British Airways",HKT‐EWR,24h55m,2,"DOH, LHR",3865,20220406-0730,fast
11:55 pm – 12:30 pm +2,Emirates,EWR‐HKT,25h35m,2,"ATH, DXB",8:00 pm – 3:50 pm +1,"Etihad Airways, Aer Lingus",HKT‐EWR,30h50m,2,"AUH, DUB",2086,20220406-0730,fast
10:55 pm – 1:15 pm +2,"French Bee, Qatar Airways",EWR‐HKT,27h20m,2,"ORY-CDG, DOH",1:30 pm – 7:55 am +1,"IndiGo, Air India",HKT‐EWR,29h25m,1,DEL,3269,20220406-0730,fast
11:55 pm – 12:30 pm +2,Emirates,EWR‐HKT,25h35m,2,"ATH, DXB",12:10 am – 9:20 pm,Emirates,HKT‐EWR,32h10m,2,"DXB, ATH",2071,20220406-0730,fast
7:42 pm – 1:15 pm +2,Qatar Airways,EWR‐HKT,30h33m,2,"ORD, DOH",9:05 pm – 1:50 pm +1,"Qatar Airways, British Airways",HKT‐EWR,27h45m,2,"DOH, LHR",3865,20220406-0730,fast
11:55 pm – 12:30 pm +2,Emirates,EWR‐HKT,25h35m,2,"ATH, DXB",9:45 pm – 9:20 pm +1,Emirates,HKT‐EWR,34h35m,2,"DXB, ATH",1735,20220406-0730,fast
5:20 pm – 10:15 am +2,Etihad Airways,EWR‐HKT,29h55m,2,"DUB, AUH",8:00 pm – 3:50 pm +1,Etihad Airways,HKT‐EWR,30h50m,2,"AUH, DUB",2975,20220406-0730,fast
7:42 pm – 1:15 pm +2,Qatar Airways,EWR‐HKT,30h33m,2,"ORD, DOH",11:55 pm – 7:30 pm +1,"Qatar Airways, British Airways",HKT‐EWR,30h35m,2,"DOH, LHR",3692,20220406-0730,fast
