Out Time,Out Airline,Out Cities,Out Duration,Out Stops,Out Stop Cities,Return Time,Return Airline,Return Cities,Return Duration,Return Stops,Return Stop Cities,Price,timestamp,sort
5:40 pm – 10:35 am +2,"TAP AIR PORTUGAL, Thai Airways",EWR‐HKT,29h55m,3,"LIS, CPH, ...",9:15 pm – 9:30 pm +1,"Thai Airways, TAP AIR PORTUGAL",HKT‐EWR,35h15m,3,"BKK, CPH, ...",1291,20220406-0916,cheap
5:40 pm – 12:20 pm +2,"TAP AIR PORTUGAL, Thai Airways",EWR‐HKT,31h40m,3,"LIS, CPH, ...",9:15 pm – 9:30 pm +1,"Thai Airways, TAP AIR PORTUGAL",HKT‐EWR,35h15m,3,"BKK, CPH, ...",1313,20220406-0916,cheap
5:40 pm – 11:00 am +2,"TAP AIR PORTUGAL, Thai Airways",EWR‐HKT,30h20m,3,"LIS, CPH, ...",9:15 pm – 9:30 pm +1,"Thai Airways, TAP AIR PORTUGAL",HKT‐EWR,35h15m,3,"BKK, CPH, ...",1329,20220406-0916,cheap
8:00 am – 10:50 am +2,"JetBlue, Singapore Airlines",EWR‐HKT,39h50m,3,"LAX, NRT, ...",9:45 pm – 9:20 pm +1,Emirates,HKT‐EWR,34h35m,2,"DXB, ATH",1508,20220406-0916,cheap
6:05 pm – 10:35 am +2,"Lufthansa, Thai Airways",EWR‐HKT,29h30m,2,"FRA, BKK",1:00 pm – 1:55 pm +1,"Thai Airways, Austrian Airlines",HKT‐EWR,35h55m,3,"BKK, FRA, ...",1510,20220406-0916,cheap
6:05 pm – 12:20 pm +2,"Lufthansa, Thai Airways",EWR‐HKT,31h15m,2,"FRA, BKK",1:00 pm – 1:55 pm +1,"Thai Airways, Austrian Airlines",HKT‐EWR,35h55m,3,"BKK, FRA, ...",1533,20220406-0916,cheap
11:00 pm – 3:05 pm +2,"Lufthansa, Thai Airways",EWR‐HKT,29h05m,1,LHR,1:35 pm – 10:20 pm +1,"AirAsia, Turkish Airlines",HKT‐EWR,43h45m,2,"KUL, IST",1551,20220406-0916,cheap
5:40 pm – 10:35 am +2,"TAP AIR PORTUGAL, Thai Airways",EWR‐HKT,29h55m,3,"LIS, CPH, ...",11:55 pm – 9:00 pm +1,"Qatar Airways, Air Caraïbes",HKT‐EWR,32h05m,2,"DOH, CDG-ORY",1552,20220406-0916,cheap
1:00 pm – 10:50 am +2,"JetBlue, Singapore Airlines",EWR‐HKT,34h50m,2,"LAX, SIN",11:40 am – 8:14 am +1,"Singapore Airlines, JetBlue",HKT‐EWR,31h34m,2,"SIN, LAX",1571,20220406-0916,cheap
1:00 pm – 10:50 am +2,"JetBlue, Singapore Airlines",EWR‐HKT,34h50m,2,"LAX, SIN",11:40 am – 8:14 am +1,"Singapore Airlines, JetBlue",HKT‐EWR,31h34m,2,"SIN, LAX",1603,20220406-0916,cheap
9:01 am – 6:55 am +2,Qatar Airways,EWR‐HKT,34h54m,2,"BOS, DOH",9:45 pm – 9:20 pm +1,Emirates,HKT‐EWR,34h35m,2,"DXB, ATH",1612,20220406-0916,cheap
10:25 am – 7:20 pm +1,Singapore Airlines,EWR‐HKT,21h55m,1,SIN,11:40 am – 8:14 am +1,"Singapore Airlines, JetBlue",HKT‐EWR,31h34m,2,"SIN, LAX",1635,20220406-0916,cheap
10:25 am – 9:35 am +2,Singapore Airlines,EWR‐HKT,36h10m,1,SIN,11:40 am – 8:14 am +1,"Singapore Airlines, JetBlue",HKT‐EWR,31h34m,2,"SIN, LAX",1635,20220406-0916,cheap
10:25 am – 10:50 am +2,Singapore Airlines,EWR‐HKT,37h25m,1,SIN,11:40 am – 8:14 am +1,"Singapore Airlines, JetBlue",HKT‐EWR,31h34m,2,"SIN, LAX",1635,20220406-0916,cheap
8:15 am – 9:35 am +2,Singapore Airlines,EWR‐HKT,38h20m,3,"LAX, NRT, ...",6:10 pm – 6:00 am +1,Singapore Airlines,HKT‐EWR,22h50m,1,SIN,1639,20220406-0916,cheap
9:01 am – 6:55 am +2,Qatar Airways,EWR‐HKT,34h54m,2,"BOS, DOH",9:45 pm – 9:20 pm +1,Emirates,HKT‐EWR,34h35m,2,"DXB, ATH",1643,20220406-0914,best
10:25 am – 7:20 pm +1,Singapore Airlines,EWR‐HKT,21h55m,1,SIN,6:10 pm – 6:00 am +1,Singapore Airlines,HKT‐EWR,22h50m,1,SIN,1777,20220406-0914,best
5:40 pm – 10:35 am +2,"TAP AIR PORTUGAL, Thai Airways",EWR‐HKT,29h55m,3,"LIS, CPH, ...",9:15 pm – 9:30 pm +1,"Thai Airways, TAP AIR PORTUGAL",HKT‐EWR,35h15m,3,"BKK, CPH, ...",1291,20220406-0914,best
10:25 am – 7:20 pm +1,Singapore Airlines,EWR‐HKT,21h55m,1,SIN,11:40 am – 8:14 am +1,"Singapore Airlines, JetBlue",HKT‐EWR,31h34m,2,"SIN, LAX",1635,20220406-0914,best
10:25 am – 7:20 pm +1,Singapore Airlines,EWR‐HKT,21h55m,1,SIN,11:40 am – 6:00 am +1,Singapore Airlines,HKT‐EWR,29h20m,1,SIN,1752,20220406-0914,best
10:25 am – 7:20 pm +1,Singapore Airlines,EWR‐HKT,21h55m,1,SIN,10:25 am – 7:00 am +1,Singapore Airlines,HKT‐EWR,31h35m,2,"SIN, LAX",1666,20220406-0914,best
10:25 am – 7:20 pm +1,Singapore Airlines,EWR‐HKT,21h55m,1,SIN,11:40 am – 8:14 am +1,"Singapore Airlines, JetBlue",HKT‐EWR,31h34m,2,"SIN, LAX",1668,20220406-0914,best
10:25 am – 7:20 pm +1,Singapore Airlines,EWR‐HKT,21h55m,1,SIN,10:25 am – 6:00 am +1,Singapore Airlines,HKT‐EWR,30h35m,1,SIN,1752,20220406-0914,best
8:15 am – 9:35 am +2,Singapore Airlines,EWR‐HKT,38h20m,3,"LAX, NRT, ...",6:10 pm – 6:00 am +1,Singapore Airlines,HKT‐EWR,22h50m,1,SIN,1639,20220406-0914,best
8:15 am – 10:50 am +2,Singapore Airlines,EWR‐HKT,39h35m,3,"LAX, NRT, ...",6:10 pm – 6:00 am +1,Singapore Airlines,HKT‐EWR,22h50m,1,SIN,1639,20220406-0914,best
1:00 pm – 10:50 am +2,"JetBlue, Singapore Airlines",EWR‐HKT,34h50m,2,"LAX, SIN",11:40 am – 8:14 am +1,"Singapore Airlines, JetBlue",HKT‐EWR,31h34m,2,"SIN, LAX",1571,20220406-0914,best
1:00 pm – 10:50 am +2,"JetBlue, Singapore Airlines",EWR‐HKT,34h50m,2,"LAX, SIN",11:40 am – 8:14 am +1,"Singapore Airlines, JetBlue",HKT‐EWR,31h34m,2,"SIN, LAX",1603,20220406-0914,best
10:25 am – 7:20 pm +1,Singapore Airlines,EWR‐HKT,21h55m,1,SIN,9:45 pm – 9:20 pm +1,Emirates,HKT‐EWR,34h35m,2,"DXB, ATH",1909,20220406-0914,best
10:25 am – 9:35 am +2,Singapore Airlines,EWR‐HKT,36h10m,1,SIN,11:40 am – 8:14 am +1,"Singapore Airlines, JetBlue",HKT‐EWR,31h34m,2,"SIN, LAX",1635,20220406-0914,best
10:25 am – 9:35 am +2,Singapore Airlines,EWR‐HKT,36h10m,1,SIN,11:40 am – 6:00 am +1,Singapore Airlines,HKT‐EWR,29h20m,1,SIN,1752,20220406-0914,best
3:32 pm – 6:55 am +2,"JetBlue, Qatar Airways",EWR‐HKT,28h23m,2,"BOS, DOH",11:55 pm – 7:54 pm +1,"Qatar Airways, JetBlue",HKT‐EWR,30h59m,2,"DOH, BOS",1798,20220406-0914,best
10:25 am – 9:35 am +2,Singapore Airlines,EWR‐HKT,36h10m,1,SIN,11:40 am – 8:14 am +1,"Singapore Airlines, JetBlue",HKT‐EWR,31h34m,2,"SIN, LAX",1668,20220406-0914,best
10:25 am – 7:20 pm +1,Singapore Airlines,EWR‐HKT,21h55m,1,SIN,6:10 pm – 6:00 am +1,Singapore Airlines,HKT‐EWR,22h50m,1,SIN,1777,20220406-0918,fast
3:32 pm – 6:55 am +2,"JetBlue, Qatar Airways",EWR‐HKT,28h23m,2,"BOS, DOH",6:10 pm – 6:00 am +1,Singapore Airlines,HKT‐EWR,22h50m,1,SIN,2604,20220406-0918,fast
10:25 am – 7:20 pm +1,Singapore Airlines,EWR‐HKT,21h55m,1,SIN,11:40 am – 6:00 am +1,Singapore Airlines,HKT‐EWR,29h20m,1,SIN,1752,20220406-0918,fast
10:25 am – 7:20 pm +1,Singapore Airlines,EWR‐HKT,21h55m,1,SIN,11:40 am – 7:00 am +1,Singapore Airlines,HKT‐EWR,30h20m,2,"SIN, LAX",2407,20220406-0918,fast
10:25 am – 7:20 pm +1,Singapore Airlines,EWR‐HKT,21h55m,1,SIN,10:25 am – 6:00 am +1,Singapore Airlines,HKT‐EWR,30h35m,1,SIN,1752,20220406-0918,fast
11:00 pm – 12:30 pm +2,"Lufthansa, Emirates",EWR‐HKT,26h30m,2,"LHR-LGW, DXB",9:45 pm – 12:50 pm +1,"Emirates, Lufthansa",HKT‐EWR,26h05m,2,"DXB, LHR",8226,20220406-0918,fast
11:00 pm – 12:30 pm +2,"Lufthansa, Emirates",EWR‐HKT,26h30m,2,"LHR, DXB",9:45 pm – 12:50 pm +1,"Emirates, Lufthansa",HKT‐EWR,26h05m,2,"DXB, LHR",8257,20220406-0918,fast
11:00 pm – 12:30 pm +2,"Lufthansa, Emirates",EWR‐HKT,26h30m,2,"LHR-LGW, DXB",9:45 pm – 1:20 pm +1,"Emirates, Lufthansa",HKT‐EWR,26h35m,2,"DXB, LHR",8226,20220406-0918,fast
11:00 pm – 12:30 pm +2,"Lufthansa, Emirates",EWR‐HKT,26h30m,2,"LHR, DXB",9:45 pm – 1:20 pm +1,"Emirates, Lufthansa",HKT‐EWR,26h35m,2,"DXB, LHR",8257,20220406-0918,fast
7:42 pm – 1:15 pm +2,"American Airlines, Qatar Airways",EWR‐HKT,30h33m,2,"ORD, DOH",6:10 pm – 6:00 am +1,Singapore Airlines,HKT‐EWR,22h50m,1,SIN,2735,20220406-0918,fast
10:25 am – 7:20 pm +1,Singapore Airlines,EWR‐HKT,21h55m,1,SIN,11:40 am – 8:14 am +1,"Singapore Airlines, JetBlue",HKT‐EWR,31h34m,2,"SIN, LAX",1635,20220406-0918,fast
10:25 am – 7:20 pm +1,Singapore Airlines,EWR‐HKT,21h55m,1,SIN,11:40 am – 8:14 am +1,"Singapore Airlines, JetBlue",HKT‐EWR,31h34m,2,"SIN, LAX",1668,20220406-0918,fast
10:25 am – 7:20 pm +1,Singapore Airlines,EWR‐HKT,21h55m,1,SIN,10:25 am – 7:00 am +1,Singapore Airlines,HKT‐EWR,31h35m,2,"SIN, LAX",1666,20220406-0918,fast
9:00 pm – 3:05 pm +2,"Austrian Airlines, Thai Airways",EWR‐HKT,31h05m,1,LHR,6:10 pm – 6:00 am +1,Singapore Airlines,HKT‐EWR,22h50m,1,SIN,5848,20220406-0918,fast
8:58 pm – 3:05 pm +2,"Air Canada, Thai Airways",EWR‐HKT,31h07m,2,"YYZ, LHR",6:10 pm – 6:00 am +1,Singapore Airlines,HKT‐EWR,22h50m,1,SIN,3128,20220406-0918,fast
