Out Time,Out Airline,Out Cities,Out Duration,Out Stops,Out Stop Cities,Return Time,Return Airline,Return Cities,Return Duration,Return Stops,Return Stop Cities,Price,timestamp,sort
12:15 pm – 7:05 am +2,"Air India, GoFirst",EWR‐HKT,31h50m,1,DEL,1:35 pm – 10:20 pm +1,"AirAsia, Turkish Airlines",HKT‐EWR,43h45m,2,"KUL, IST",1096,20220406-0829,cheap
12:15 pm – 12:30 pm +2,"Air India, IndiGo",EWR‐HKT,37h15m,1,DEL,8:50 am – 12:55 pm +1,Multiple Airlines,HKT‐EWR,39h05m,2,"BKK, ARN",1412,20220406-0829,cheap
12:15 pm – 7:05 am +2,"Air India, GoFirst",EWR‐HKT,31h50m,1,DEL,8:50 am – 12:55 pm +1,Multiple Airlines,HKT‐EWR,39h05m,2,"BKK, ARN",1422,20220406-0829,cheap
12:15 pm – 12:30 pm +2,"Air India, IndiGo",EWR‐HKT,37h15m,1,DEL,12:10 am – 9:20 pm,Emirates,HKT‐EWR,32h10m,2,"DXB, ATH",1426,20220406-0829,cheap
12:15 pm – 12:30 pm +2,"Air India, IndiGo",EWR‐HKT,37h15m,1,DEL,3:30 pm – 10:20 pm +1,"Nok Air, Turkish Airlines",HKT‐EWR,41h50m,2,"DMK-BKK, IST",1430,20220406-0829,cheap
12:15 pm – 7:05 am +2,"Air India, GoFirst",EWR‐HKT,31h50m,1,DEL,12:10 am – 9:20 pm,Emirates,HKT‐EWR,32h10m,2,"DXB, ATH",1435,20220406-0829,cheap
12:15 pm – 12:30 pm +2,"Air India, IndiGo",EWR‐HKT,37h15m,1,DEL,6:25 pm – 12:55 pm +1,Multiple Airlines,HKT‐EWR,29h30m,2,"DMK-BKK, ARN",1435,20220406-0829,cheap
12:15 pm – 7:05 am +2,"Air India, GoFirst",EWR‐HKT,31h50m,1,DEL,3:30 pm – 10:20 pm +1,"Nok Air, Turkish Airlines",HKT‐EWR,41h50m,2,"DMK-BKK, IST",1440,20220406-0829,cheap
12:15 pm – 12:30 pm +2,"Air India, IndiGo",EWR‐HKT,37h15m,1,DEL,4:40 pm – 10:20 pm +1,"Thai AirAsia, Turkish Airlines",HKT‐EWR,40h40m,2,"DMK-BKK, IST",1441,20220406-0829,cheap
12:15 pm – 7:05 am +2,"Air India, GoFirst",EWR‐HKT,31h50m,1,DEL,6:25 pm – 12:55 pm +1,Multiple Airlines,HKT‐EWR,29h30m,2,"DMK-BKK, ARN",1445,20220406-0829,cheap
12:15 pm – 12:30 pm +2,"Air India, IndiGo",EWR‐HKT,37h15m,1,DEL,9:00 am – 12:55 pm +1,Multiple Airlines,HKT‐EWR,38h55m,2,"BKK, ARN",1447,20220406-0829,cheap
12:15 pm – 12:30 pm +2,"Air India, IndiGo",EWR‐HKT,37h15m,1,DEL,6:45 pm – 10:20 pm +1,"Thai Vietjet Air, Turkish Airlines",HKT‐EWR,38h35m,2,"BKK, IST",1449,20220406-0829,cheap
12:15 pm – 7:05 am +2,"Air India, GoFirst",EWR‐HKT,31h50m,1,DEL,4:40 pm – 10:20 pm +1,"Thai AirAsia, Turkish Airlines",HKT‐EWR,40h40m,2,"DMK-BKK, IST",1451,20220406-0829,cheap
12:15 pm – 12:30 pm +2,"Air India, IndiGo",EWR‐HKT,37h15m,1,DEL,11:50 am – 3:15 pm +1,"Thai Airways, TAP AIR PORTUGAL",HKT‐EWR,38h25m,2,"LHR, LIS",1451,20220406-0829,cheap
12:15 pm – 12:30 pm +2,"Air India, IndiGo",EWR‐HKT,37h15m,1,DEL,10:20 am – 12:55 pm +1,Multiple Airlines,HKT‐EWR,37h35m,2,"BKK, ARN",1454,20220406-0829,cheap
7:42 pm – 1:15 pm +2,Qatar Airways,EWR‐HKT,30h33m,2,"ORD, DOH",11:55 pm – 9:32 pm +1,Qatar Airways,HKT‐EWR,32h37m,2,"DOH, BOS",1475,20220406-0827,best
7:42 pm – 1:15 pm +2,Qatar Airways,EWR‐HKT,30h33m,2,"ORD, DOH",11:55 pm – 10:28 pm +1,Qatar Airways,HKT‐EWR,33h33m,2,"DOH, BOS",1475,20220406-0827,best
7:42 pm – 1:15 pm +2,"American Airlines, Qatar Airways",EWR‐HKT,30h33m,2,"ORD, DOH",11:55 pm – 9:00 pm +1,"Qatar Airways, American Airlines",HKT‐EWR,32h05m,2,"DOH, ORD",1610,20220406-0827,best
1:46 pm – 7:20 am +2,"American Airlines, Qatar Airways",EWR‐HKT,30h34m,2,"ORD, DOH",11:55 pm – 9:00 pm +1,"Qatar Airways, American Airlines",HKT‐EWR,32h05m,2,"DOH, ORD",1610,20220406-0827,best
7:42 pm – 1:15 pm +2,Qatar Airways,EWR‐HKT,30h33m,2,"ORD, DOH",11:55 pm – 9:00 pm +1,Qatar Airways,HKT‐EWR,32h05m,2,"DOH, ORD",1634,20220406-0827,best
11:55 pm – 12:30 pm +2,Emirates,EWR‐HKT,25h35m,2,"ATH, DXB",12:10 am – 9:20 pm,Emirates,HKT‐EWR,32h10m,2,"DXB, ATH",1744,20220406-0827,best
1:55 pm – 7:20 am +2,"American Airlines, Qatar Airways",EWR‐HKT,30h25m,2,"DFW, DOH",11:55 pm – 9:00 pm +1,"Qatar Airways, American Airlines",HKT‐EWR,32h05m,2,"DOH, ORD",1650,20220406-0827,best
12:37 pm – 7:20 am +2,"American Airlines, Qatar Airways",EWR‐HKT,31h43m,2,"MIA, DOH",11:55 pm – 9:00 pm +1,"Qatar Airways, American Airlines",HKT‐EWR,32h05m,2,"DOH, ORD",1610,20220406-0827,best
12:21 pm – 7:20 am +2,"American Airlines, Qatar Airways",EWR‐HKT,31h59m,2,"ORD, DOH",11:55 pm – 9:00 pm +1,"Qatar Airways, American Airlines",HKT‐EWR,32h05m,2,"DOH, ORD",1610,20220406-0827,best
5:50 pm – 1:15 pm +2,"American Airlines, Qatar Airways",EWR‐HKT,32h25m,2,"ORD, DOH",11:55 pm – 9:00 pm +1,"Qatar Airways, American Airlines",HKT‐EWR,32h05m,2,"DOH, ORD",1610,20220406-0827,best
1:46 pm – 7:20 am +2,"American Airlines, Qatar Airways",EWR‐HKT,30h34m,3,"ORD, PHL, ...",11:55 pm – 9:00 pm +1,"Qatar Airways, American Airlines",HKT‐EWR,32h05m,2,"DOH, ORD",1614,20220406-0827,best
1:43 pm – 7:20 am +2,"American Airlines, Qatar Airways",EWR‐HKT,30h37m,3,"CLT, BOS, ...",11:55 pm – 9:00 pm +1,"Qatar Airways, American Airlines",HKT‐EWR,32h05m,2,"DOH, ORD",1613,20220406-0827,best
1:43 pm – 7:20 am +2,"American Airlines, Qatar Airways",EWR‐HKT,30h37m,3,"CLT, ATL, ...",11:55 pm – 9:00 pm +1,"Qatar Airways, American Airlines",HKT‐EWR,32h05m,2,"DOH, ORD",1613,20220406-0827,best
1:43 pm – 7:20 am +2,"American Airlines, Qatar Airways",EWR‐HKT,30h37m,3,"CLT, ATL, ...",11:55 pm – 9:00 pm +1,"Qatar Airways, American Airlines",HKT‐EWR,32h05m,2,"DOH, ORD",1613,20220406-0827,best
1:43 pm – 7:20 am +2,"American Airlines, Qatar Airways",EWR‐HKT,30h37m,3,"CLT, BOS, ...",11:55 pm – 9:00 pm +1,"Qatar Airways, American Airlines",HKT‐EWR,32h05m,2,"DOH, ORD",1613,20220406-0827,best
6:35 pm – 10:50 am +2,Singapore Airlines,EWR‐HKT,29h15m,2,"LAX, SIN",6:10 pm – 6:00 am +1,Singapore Airlines,HKT‐EWR,22h50m,1,SIN,3785,20220406-0832,fast
11:00 pm – 10:40 am +2,"Lufthansa, Thai Airways",EWR‐HKT,24h40m,2,"LHR, BKK",7:40 pm – 1:10 pm +1,"THAI Smile, SWISS",HKT‐EWR,28h30m,2,"BKK, ZRH",9248,20220406-0832,fast
9:50 pm – 10:40 am +2,"SWISS, Thai Airways",EWR‐HKT,25h50m,2,"ZRH, BKK",8:10 pm – 12:45 pm +1,"Singapore Airlines, Lufthansa",HKT‐EWR,27h35m,2,"SIN, MUC",3079,20220406-0832,fast
9:50 pm – 10:40 am +2,"SWISS, Thai Airways",EWR‐HKT,25h50m,2,"ZRH, BKK",7:10 pm – 11:55 am +1,Multiple Airlines,HKT‐EWR,27h45m,2,"BKK, CDG",4965,20220406-0832,fast
9:50 pm – 10:40 am +2,"SWISS, Thai Airways",EWR‐HKT,25h50m,2,"ZRH, BKK",7:10 pm – 12:45 pm +1,Multiple Airlines,HKT‐EWR,28h35m,2,"BKK, MUC",4967,20220406-0832,fast
9:50 pm – 10:40 am +2,"SWISS, Thai Airways",EWR‐HKT,25h50m,2,"ZRH, BKK",7:10 pm – 12:50 pm +1,Multiple Airlines,HKT‐EWR,28h40m,2,"BKK, LHR",4993,20220406-0832,fast
9:00 pm – 9:35 am +2,"Austrian Airlines, Singapore Airlines",EWR‐HKT,25h35m,2,"LHR, SIN",7:40 pm – 1:55 pm +1,"THAI Smile, Austrian Airlines",HKT‐EWR,29h15m,2,"BKK, VIE",7028,20220406-0832,fast
11:00 pm – 10:40 am +2,"Lufthansa, Thai Airways",EWR‐HKT,24h40m,2,"LHR, BKK",9:15 pm – 4:40 pm +1,"THAI Smile, ANA",HKT‐EWR,30h25m,2,"BKK, NRT",12247,20220406-0832,fast
8:45 pm – 9:35 am +2,"Lufthansa, Singapore Airlines",EWR‐HKT,25h50m,2,"MUC, SIN",7:10 pm – 1:55 pm +1,Austrian Airlines,HKT‐EWR,29h45m,2,"BKK, VIE",2421,20220406-0832,fast
9:50 pm – 10:40 am +2,"SWISS, Thai Airways",EWR‐HKT,25h50m,2,"ZRH, BKK",7:10 pm – 1:55 pm +1,Multiple Airlines,HKT‐EWR,29h45m,2,"BKK, FRA",4973,20220406-0832,fast
9:50 pm – 10:40 am +2,"SWISS, Thai Airways",EWR‐HKT,25h50m,2,"ZRH, BKK",7:10 pm – 1:55 pm +1,"Turkish Airlines, Austrian Airlines",HKT‐EWR,29h45m,2,"BKK, VIE",5027,20220406-0832,fast
6:05 pm – 7:20 am +2,"Lufthansa, Qatar Airways",EWR‐HKT,26h15m,2,"FRA, DOH",7:10 pm – 1:55 pm +1,Austrian Airlines,HKT‐EWR,29h45m,2,"BKK, VIE",5191,20220406-0832,fast
8:45 pm – 10:15 am +2,"Lufthansa, Etihad Airways",EWR‐HKT,26h30m,2,"MUC, AUH",7:10 pm – 1:55 pm +1,Austrian Airlines,HKT‐EWR,29h45m,2,"BKK, VIE",5162,20220406-0832,fast
8:45 pm – 10:40 am +2,"Lufthansa, Thai Airways",EWR‐HKT,26h55m,2,"MUC, BKK",7:10 pm – 1:55 pm +1,Austrian Airlines,HKT‐EWR,29h45m,2,"BKK, VIE",4999,20220406-0832,fast
8:45 pm – 10:50 am +2,"Lufthansa, Singapore Airlines",EWR‐HKT,27h05m,2,"MUC, SIN",7:10 pm – 1:55 pm +1,Austrian Airlines,HKT‐EWR,29h45m,2,"BKK, VIE",2421,20220406-0832,fast
