Out Time,Out Airline,Out Cities,Out Duration,Out Stops,Out Stop Cities,Return Time,Return Airline,Return Cities,Return Duration,Return Stops,Return Stop Cities,Price,timestamp,sort
12:05 pm – 6:55 am +2,"Air India, THAI Smile",EWR‐HKT,31h50m,1,BOM,9:30 am – 9:00 pm +1,Multiple Airlines,HKT‐EWR,46h30m,2,"DMK-BKK, CDG-ORY",1280,20220406-0845,cheap
12:05 pm – 6:55 am +2,"Air India, THAI Smile",EWR‐HKT,31h50m,1,BOM,11:55 am – 9:00 pm +1,Multiple Airlines,HKT‐EWR,44h05m,2,"DMK-BKK, CDG-ORY",1282,20220406-0845,cheap
12:05 pm – 6:55 am +2,"Air India, THAI Smile",EWR‐HKT,31h50m,1,BOM,9:15 pm – 9:00 pm +1,"Thai Airways, French Bee",HKT‐EWR,34h45m,2,"BKK, CDG-ORY",1287,20220406-0845,cheap
12:05 pm – 6:55 am +2,"Air India, THAI Smile",EWR‐HKT,31h50m,1,BOM,5:15 pm – 9:00 pm +1,Multiple Airlines,HKT‐EWR,38h45m,2,"DMK-BKK, CDG-ORY",1287,20220406-0845,cheap
12:05 pm – 6:55 am +2,"Air India, THAI Smile",EWR‐HKT,31h50m,1,BOM,10:30 am – 10:20 pm +1,"Malaysia Airlines, Turkish Airlines",HKT‐EWR,46h50m,2,"KUL, IST",1298,20220406-0845,cheap
5:40 pm – 10:35 am +2,"TAP AIR PORTUGAL, Thai Airways",EWR‐HKT,29h55m,3,"LIS, BRU, ...",9:15 pm – 9:00 pm +1,"Thai Airways, Air Caraïbes",HKT‐EWR,34h45m,2,"BKK, CDG-ORY",1362,20220406-0845,cheap
12:05 pm – 6:55 am +2,"Air India, THAI Smile",EWR‐HKT,31h50m,1,BOM,1:35 pm – 10:20 pm +1,"AirAsia, Turkish Airlines",HKT‐EWR,43h45m,2,"KUL, IST",1367,20220406-0845,cheap
11:00 pm – 3:05 pm +2,"TAP AIR PORTUGAL, Thai Airways",EWR‐HKT,29h05m,2,"LIS, LHR",9:15 pm – 9:30 pm +1,"Thai Airways, TAP AIR PORTUGAL",HKT‐EWR,35h15m,3,"BKK, LHR, ...",1376,20220406-0845,cheap
11:00 pm – 3:05 pm +2,"TAP AIR PORTUGAL, Thai Airways",EWR‐HKT,29h05m,2,"LIS, LHR",9:15 pm – 9:30 pm +1,"Thai Airways, TAP AIR PORTUGAL",HKT‐EWR,35h15m,3,"BKK, LHR, ...",1376,20220406-0845,cheap
11:00 pm – 3:05 pm +2,"TAP AIR PORTUGAL, Thai Airways",EWR‐HKT,29h05m,2,"LIS, LHR",9:15 pm – 9:30 pm +1,"Thai Airways, TAP AIR PORTUGAL",HKT‐EWR,35h15m,3,"BKK, LHR, ...",1376,20220406-0845,cheap
5:40 pm – 3:05 pm +2,"TAP AIR PORTUGAL, Thai Airways",EWR‐HKT,34h25m,2,"LIS, LHR",9:15 pm – 9:30 pm +1,"Thai Airways, TAP AIR PORTUGAL",HKT‐EWR,35h15m,3,"BKK, LHR, ...",1376,20220406-0845,cheap
5:40 pm – 10:40 am +2,"TAP AIR PORTUGAL, Thai Airways",EWR‐HKT,30h00m,3,"LIS, BRU, ...",9:15 pm – 9:00 pm +1,"Thai Airways, Air Caraïbes",HKT‐EWR,34h45m,2,"BKK, CDG-ORY",1383,20220406-0845,cheap
5:40 pm – 9:35 am +2,"TAP AIR PORTUGAL, Thai Airways",EWR‐HKT,28h55m,3,"LIS, BRU, ...",9:15 pm – 9:00 pm +1,"Thai Airways, Air Caraïbes",HKT‐EWR,34h45m,2,"BKK, CDG-ORY",1391,20220406-0845,cheap
6:55 pm – 1:15 pm +2,"SAS, Qatar Airways",EWR‐HKT,31h20m,3,"OSL, CDG, ...",9:15 pm – 9:05 pm +1,"Thai Airways, SAS",HKT‐EWR,34h50m,3,"BKK, CDG, ...",1558,20220406-0845,cheap
12:05 pm – 6:55 am +2,"Air India, THAI Smile",EWR‐HKT,31h50m,1,BOM,12:10 pm – 9:30 pm +1,"Thai Airways, TAP AIR PORTUGAL",HKT‐EWR,44h20m,2,"FRA, LIS",1562,20220406-0845,cheap
1:42 pm – 7:20 am +2,Qatar Airways,EWR‐HKT,30h38m,2,"ORD, DOH",11:55 pm – 8:31 am +2,"Qatar Airways, JetBlue",HKT‐EWR,43h36m,2,"DOH, BOS",1750,20220406-0843,best
1:42 pm – 7:20 am +2,Qatar Airways,EWR‐HKT,30h38m,2,"ORD, DOH",11:55 pm – 9:07 pm +1,Qatar Airways,HKT‐EWR,32h12m,2,"DOH, ORD",1676,20220406-0843,best
11:55 pm – 12:30 pm +2,Emirates,EWR‐HKT,25h35m,2,"ATH, DXB",12:10 am – 9:20 pm,Emirates,HKT‐EWR,32h10m,2,"DXB, ATH",1752,20220406-0843,best
1:42 pm – 7:20 am +2,Qatar Airways,EWR‐HKT,30h38m,2,"ORD, DOH",11:55 pm – 11:43 pm +1,Qatar Airways,HKT‐EWR,34h48m,2,"DOH, ORD",1676,20220406-0843,best
1:42 pm – 7:20 am +2,Qatar Airways,EWR‐HKT,30h38m,2,"ORD, DOH",11:55 pm – 7:54 pm +1,Qatar Airways,HKT‐EWR,30h59m,2,"DOH, BOS",1809,20220406-0843,best
1:42 pm – 7:20 am +2,Qatar Airways,EWR‐HKT,30h38m,2,"ORD, DOH",12:10 am – 9:20 pm,Emirates,HKT‐EWR,32h10m,2,"DXB, ATH",1834,20220406-0843,best
1:42 pm – 1:15 pm +2,Qatar Airways,EWR‐HKT,36h33m,2,"ORD, DOH",11:55 pm – 9:07 pm +1,Qatar Airways,HKT‐EWR,32h12m,2,"DOH, ORD",1676,20220406-0843,best
12:21 pm – 7:20 am +2,Qatar Airways,EWR‐HKT,31h59m,2,"ORD, DOH",11:55 pm – 9:07 pm +1,Qatar Airways,HKT‐EWR,32h12m,2,"DOH, ORD",1825,20220406-0843,best
5:40 pm – 10:35 am +2,"TAP AIR PORTUGAL, Thai Airways",EWR‐HKT,29h55m,3,"LIS, BRU, ...",9:15 pm – 9:00 pm +1,"Thai Airways, Air Caraïbes",HKT‐EWR,34h45m,2,"BKK, CDG-ORY",1362,20220406-0843,best
5:40 pm – 9:35 am +2,"TAP AIR PORTUGAL, Thai Airways",EWR‐HKT,28h55m,3,"LIS, BRU, ...",9:15 pm – 9:00 pm +1,"Thai Airways, Air Caraïbes",HKT‐EWR,34h45m,2,"BKK, CDG-ORY",1391,20220406-0843,best
5:40 pm – 10:40 am +2,"TAP AIR PORTUGAL, Thai Airways",EWR‐HKT,30h00m,3,"LIS, BRU, ...",9:15 pm – 9:00 pm +1,"Thai Airways, Air Caraïbes",HKT‐EWR,34h45m,2,"BKK, CDG-ORY",1383,20220406-0843,best
1:42 pm – 1:15 pm +2,Qatar Airways,EWR‐HKT,36h33m,2,"ORD, DOH",11:55 pm – 11:43 pm +1,Qatar Airways,HKT‐EWR,34h48m,2,"DOH, ORD",1676,20220406-0843,best
11:55 pm – 8:00 pm +2,Emirates,EWR‐HKT,33h05m,2,"ATH, DXB",12:10 am – 9:20 pm,Emirates,HKT‐EWR,32h10m,2,"DXB, ATH",1752,20220406-0843,best
12:21 pm – 7:20 am +2,Qatar Airways,EWR‐HKT,31h59m,2,"ORD, DOH",11:55 pm – 11:43 pm +1,Qatar Airways,HKT‐EWR,34h48m,2,"DOH, ORD",1825,20220406-0843,best
7:15 am – 7:20 am +2,"JetBlue, Qatar Airways",EWR‐HKT,37h05m,2,"BOS, DOH",11:55 pm – 9:07 pm +1,Qatar Airways,HKT‐EWR,32h12m,2,"DOH, ORD",1765,20220406-0843,best
5:40 pm – 7:05 pm +2,"Austrian Airlines, Bangkok Airways",EWR‐HKT,38h25m,2,"VIE, BKK",7:10 pm – 1:55 pm +1,Austrian Airlines,HKT‐EWR,29h45m,2,"BKK, VIE",1909,20220406-0843,best
6:35 pm – 10:50 am +2,Singapore Airlines,EWR‐HKT,29h15m,2,"LAX, SIN",6:10 pm – 6:00 am +1,Singapore Airlines,HKT‐EWR,22h50m,1,SIN,4288,20220406-0848,fast
6:35 pm – 10:50 am +2,Singapore Airlines,EWR‐HKT,29h15m,2,"LAX, SIN",5:35 pm – 6:00 am +1,Singapore Airlines,HKT‐EWR,23h25m,1,SIN,3972,20220406-0848,fast
5:20 pm – 7:05 am +2,"SAS, Thai Airways",EWR‐HKT,26h45m,1,ARN,8:25 pm – 12:15 pm +1,"Bangkok Airways, Brussels Airlines",HKT‐EWR,26h50m,2,"AUH, BRU",2296,20220406-0848,fast
7:35 pm – 7:05 am +2,"Lufthansa, Thai Airways",EWR‐HKT,24h30m,2,"FRA, ARN",11:55 pm – 6:55 pm +1,"Qatar Airways, Lufthansa",HKT‐EWR,30h00m,2,"DOH, MUC",8258,20220406-0848,fast
8:30 am – 8:00 pm +1,"Lufthansa, Emirates",EWR‐HKT,24h30m,2,"LHR, DXB",11:55 pm – 6:55 pm +1,"Qatar Airways, Lufthansa",HKT‐EWR,30h00m,2,"DOH, MUC",8348,20220406-0848,fast
8:45 pm – 10:50 am +2,"Lufthansa, Singapore Airlines",EWR‐HKT,27h05m,2,"MUC, SIN",8:10 pm – 12:45 pm +1,"Singapore Airlines, Lufthansa",HKT‐EWR,27h35m,2,"SIN, MUC",3912,20220406-0848,fast
11:55 pm – 12:30 pm +2,Emirates,EWR‐HKT,25h35m,2,"ATH, DXB",7:40 pm – 1:55 pm +1,"THAI Smile, Austrian Airlines",HKT‐EWR,29h15m,2,"BKK, VIE",4192,20220406-0848,fast
7:35 pm – 10:50 am +2,"Lufthansa, Singapore Airlines",EWR‐HKT,28h15m,2,"FRA, SIN",8:10 pm – 12:45 pm +1,"Singapore Airlines, Lufthansa",HKT‐EWR,27h35m,2,"SIN, MUC",3928,20220406-0848,fast
11:55 pm – 12:30 pm +2,Emirates,EWR‐HKT,25h35m,2,"ATH, DXB",10:20 am – 6:00 am +1,"Bangkok Airways, Singapore Airlines",HKT‐EWR,30h40m,2,"BKK, SIN",3083,20220406-0848,fast
11:55 pm – 12:30 pm +2,Emirates,EWR‐HKT,25h35m,2,"ATH, DXB",10:20 am – 6:00 am +1,"Bangkok Airways, Singapore Airlines",HKT‐EWR,30h40m,2,"BKK, SIN",3083,20220406-0848,fast
8:45 pm – 10:15 am +2,"Lufthansa, Etihad Airways",EWR‐HKT,26h30m,2,"MUC, AUH",11:55 pm – 6:55 pm +1,"Qatar Airways, Lufthansa",HKT‐EWR,30h00m,2,"DOH, MUC",8376,20220406-0848,fast
8:30 am – 8:00 pm +1,"Lufthansa, Emirates",EWR‐HKT,24h30m,2,"LHR, DXB",12:10 am – 9:20 pm,"Emirates, Lufthansa",HKT‐EWR,32h10m,2,"DXB, LGW-LHR",8275,20220406-0848,fast
6:05 pm – 7:20 am +2,"British Airways, Qatar Airways",EWR‐HKT,26h15m,2,"LHR, DOH",11:55 pm – 7:30 pm +1,"Qatar Airways, British Airways",HKT‐EWR,30h35m,2,"DOH, LHR",3882,20220406-0848,fast
11:55 pm – 12:30 pm +2,Emirates,EWR‐HKT,25h35m,2,"ATH, DXB",12:10 am – 9:20 pm,Emirates,HKT‐EWR,32h10m,2,"DXB, ATH",1752,20220406-0848,fast
8:45 pm – 1:15 pm +2,"Lufthansa, Qatar Airways",EWR‐HKT,29h30m,2,"MUC, DOH",7:10 pm – 12:50 pm +1,Multiple Airlines,HKT‐EWR,28h40m,2,"BKK, LHR",8236,20220406-0848,fast
