Out Time,Out Airline,Out Cities,Out Duration,Out Stops,Out Stop Cities,Return Time,Return Airline,Return Cities,Return Duration,Return Stops,Return Stop Cities,Price,timestamp,sort
5:40 pm – 3:05 pm +2,"TAP AIR PORTUGAL, Thai Airways",EWR‐HKT,34h25m,2,"LIS, LHR",6:30 pm – 5:10 pm +1,"Thai Vietjet Air, ANA",HKT‐EWR,33h40m,2,"BKK, HND",1412,20220406-1341,cheap
5:40 pm – 3:05 pm +2,"TAP AIR PORTUGAL, Thai Airways",EWR‐HKT,34h25m,2,"LIS, LHR",6:30 pm – 5:10 pm +1,"Thai Vietjet Air, ANA",HKT‐EWR,33h40m,2,"BKK, HND",1413,20220406-1341,cheap
5:40 pm – 3:05 pm +2,"TAP AIR PORTUGAL, Thai Airways",EWR‐HKT,34h25m,2,"LIS, LHR",6:30 pm – 5:10 pm +1,"Thai Vietjet Air, ANA",HKT‐EWR,33h40m,2,"BKK, HND",1413,20220406-1341,cheap
5:40 pm – 10:35 am +2,"TAP AIR PORTUGAL, Thai Airways",EWR‐HKT,29h55m,3,"LIS, LHR, ...",6:30 pm – 5:10 pm +1,"Thai Vietjet Air, ANA",HKT‐EWR,33h40m,2,"BKK, HND",1420,20220406-1341,cheap
5:40 pm – 3:05 pm +2,"TAP AIR PORTUGAL, Thai Airways",EWR‐HKT,34h25m,2,"LIS, LHR",5:05 pm – 5:10 pm +1,"Thai Airways, ANA",HKT‐EWR,35h05m,2,"BKK, HND",1421,20220406-1341,cheap
5:40 pm – 3:05 pm +2,"TAP AIR PORTUGAL, Thai Airways",EWR‐HKT,34h25m,2,"LIS, LHR",5:05 pm – 5:10 pm +1,"Thai Airways, ANA",HKT‐EWR,35h05m,2,"BKK, HND",1422,20220406-1341,cheap
2:10 pm – 6:55 am +2,"Porter Airlines, Qatar Airways",EWR‐HKT,29h45m,3,"YTZ, YUL, ...",6:30 pm – 5:10 pm +1,"Thai Vietjet Air, ANA",HKT‐EWR,33h40m,2,"BKK, HND",1541,20220406-1341,cheap
2:10 pm – 6:55 am +2,"Porter Airlines, Qatar Airways",EWR‐HKT,29h45m,3,"YTZ, YUL, ...",5:05 pm – 5:10 pm +1,"Thai Airways, ANA",HKT‐EWR,35h05m,2,"BKK, HND",1550,20220406-1341,cheap
2:10 pm – 6:55 am +2,"Porter Airlines, Qatar Airways",EWR‐HKT,29h45m,3,"YTZ, YUL, ...",6:30 pm – 4:45 pm +1,"Thai Vietjet Air, ANA",HKT‐EWR,33h15m,2,"BKK, HND",1551,20220406-1341,cheap
12:10 pm – 6:55 am +2,"Porter Airlines, Qatar Airways",EWR‐HKT,31h45m,3,"YTZ, YUL, ...",6:30 pm – 5:10 pm +1,"Thai Vietjet Air, ANA",HKT‐EWR,33h40m,2,"BKK, HND",1553,20220406-1341,cheap
2:10 pm – 6:55 am +2,"Porter Airlines, Qatar Airways",EWR‐HKT,29h45m,3,"YTZ, YUL, ...",5:05 pm – 4:45 pm +1,"Thai Airways, ANA",HKT‐EWR,34h40m,2,"BKK, HND",1561,20220406-1341,cheap
12:10 pm – 6:55 am +2,"Porter Airlines, Qatar Airways",EWR‐HKT,31h45m,3,"YTZ, YUL, ...",5:05 pm – 5:10 pm +1,"Thai Airways, ANA",HKT‐EWR,35h05m,2,"BKK, HND",1562,20220406-1341,cheap
11:05 am – 6:55 am +2,"Porter Airlines, Qatar Airways",EWR‐HKT,32h50m,3,"YTZ, YUL, ...",5:05 pm – 5:10 pm +1,"Thai Airways, ANA",HKT‐EWR,35h05m,2,"BKK, HND",1562,20220406-1341,cheap
12:10 pm – 6:55 am +2,"Porter Airlines, Qatar Airways",EWR‐HKT,31h45m,3,"YTZ, YUL, ...",6:30 pm – 4:45 pm +1,"Thai Vietjet Air, ANA",HKT‐EWR,33h15m,2,"BKK, HND",1563,20220406-1341,cheap
5:40 pm – 3:05 pm +2,"TAP AIR PORTUGAL, Thai Airways",EWR‐HKT,34h25m,2,"LIS, LHR",11:55 pm – 9:00 pm +1,"Qatar Airways, Air Caraïbes",HKT‐EWR,32h05m,2,"DOH, CDG-ORY",1607,20220406-1341,cheap
11:55 pm – 12:30 pm +2,Emirates,EWR‐HKT,25h35m,2,"ATH, DXB",12:10 am – 9:20 pm,Emirates,HKT‐EWR,32h10m,2,"DXB, ATH",1733,20220406-1338,best
10:25 am – 7:20 pm +1,Singapore Airlines,EWR‐HKT,21h55m,1,SIN,6:10 pm – 6:00 am +1,Singapore Airlines,HKT‐EWR,22h50m,1,SIN,1993,20220406-1338,best
10:25 am – 7:20 pm +1,Singapore Airlines,EWR‐HKT,21h55m,1,SIN,11:40 am – 7:00 am +1,Singapore Airlines,HKT‐EWR,30h20m,2,"SIN, LAX",1681,20220406-1338,best
10:25 am – 7:20 pm +1,Singapore Airlines,EWR‐HKT,21h55m,1,SIN,5:35 pm – 6:00 am +1,Singapore Airlines,HKT‐EWR,23h25m,1,SIN,2078,20220406-1338,best
10:25 am – 7:20 pm +1,Singapore Airlines,EWR‐HKT,21h55m,1,SIN,11:40 am – 6:00 am +1,Singapore Airlines,HKT‐EWR,29h20m,1,SIN,1993,20220406-1338,best
10:25 am – 7:20 pm +1,Singapore Airlines,EWR‐HKT,21h55m,1,SIN,10:25 am – 6:00 am +1,Singapore Airlines,HKT‐EWR,30h35m,1,SIN,1993,20220406-1338,best
10:25 am – 7:20 pm +1,Singapore Airlines,EWR‐HKT,21h55m,1,SIN,12:10 am – 9:20 pm,Emirates,HKT‐EWR,32h10m,2,"DXB, ATH",1921,20220406-1338,best
11:55 pm – 12:30 pm +2,Emirates,EWR‐HKT,25h35m,2,"ATH, DXB",12:10 am – 9:20 pm,Emirates,HKT‐EWR,32h10m,2,"DXB, ATH",1694,20220406-1338,best
8:45 pm – 9:35 am +2,"Lufthansa, Singapore Airlines",EWR‐HKT,25h50m,2,"MUC, SIN",6:10 pm – 12:25 pm +1,"Singapore Airlines, Lufthansa",HKT‐EWR,29h15m,2,"SIN, MUC",1987,20220406-1338,best
8:45 pm – 9:35 am +2,"Lufthansa, Singapore Airlines",EWR‐HKT,25h50m,2,"MUC, SIN",6:10 pm – 1:10 pm +1,"Singapore Airlines, SWISS",HKT‐EWR,30h00m,2,"SIN, ZRH",1985,20220406-1338,best
10:25 am – 9:35 am +2,Singapore Airlines,EWR‐HKT,36h10m,1,SIN,6:10 pm – 6:00 am +1,Singapore Airlines,HKT‐EWR,22h50m,1,SIN,1993,20220406-1338,best
8:45 pm – 10:50 am +2,"Lufthansa, Singapore Airlines",EWR‐HKT,27h05m,2,"MUC, SIN",6:10 pm – 12:25 pm +1,"Singapore Airlines, Lufthansa",HKT‐EWR,29h15m,2,"SIN, MUC",1987,20220406-1338,best
4:15 pm – 9:35 am +2,Singapore Airlines,EWR‐HKT,30h20m,2,"LAX, SIN",12:10 am – 9:20 pm,Emirates,HKT‐EWR,32h10m,2,"DXB, ATH",1655,20220406-1338,best
8:45 pm – 10:50 am +2,"Lufthansa, Singapore Airlines",EWR‐HKT,27h05m,2,"MUC, SIN",6:10 pm – 1:10 pm +1,"Singapore Airlines, SWISS",HKT‐EWR,30h00m,2,"SIN, ZRH",1985,20220406-1338,best
10:25 am – 10:50 am +2,Singapore Airlines,EWR‐HKT,37h25m,1,SIN,6:10 pm – 6:00 am +1,Singapore Airlines,HKT‐EWR,22h50m,1,SIN,1993,20220406-1338,best
4:15 pm – 10:50 am +2,Singapore Airlines,EWR‐HKT,31h35m,2,"LAX, SIN",12:10 am – 9:20 pm,Emirates,HKT‐EWR,32h10m,2,"DXB, ATH",1655,20220406-1338,best
10:25 am – 7:20 pm +1,Singapore Airlines,EWR‐HKT,21h55m,1,SIN,6:10 pm – 6:00 am +1,Singapore Airlines,HKT‐EWR,22h50m,1,SIN,1993,20220406-1343,fast
10:25 am – 7:20 pm +1,Singapore Airlines,EWR‐HKT,21h55m,1,SIN,5:35 pm – 6:00 am +1,Singapore Airlines,HKT‐EWR,23h25m,1,SIN,2078,20220406-1343,fast
6:20 pm – 6:55 am +2,"JetBlue, Qatar Airways",EWR‐HKT,25h35m,2,"BOS, DOH",6:10 pm – 6:00 am +1,Singapore Airlines,HKT‐EWR,22h50m,1,SIN,2471,20220406-1343,fast
4:20 pm – 6:55 am +2,"JetBlue, Qatar Airways",EWR‐HKT,27h35m,2,"BOS, DOH",6:10 pm – 6:00 am +1,Singapore Airlines,HKT‐EWR,22h50m,1,SIN,2471,20220406-1343,fast
9:50 pm – 12:30 pm +2,"SWISS, Emirates",EWR‐HKT,27h40m,2,"ZRH, DXB",6:10 pm – 6:00 am +1,Singapore Airlines,HKT‐EWR,22h50m,1,SIN,2809,20220406-1343,fast
4:20 pm – 6:55 am +2,Qatar Airways,EWR‐HKT,27h35m,2,"BOS, DOH",5:35 pm – 6:00 am +1,Singapore Airlines,HKT‐EWR,23h25m,1,SIN,2941,20220406-1343,fast
10:25 am – 7:20 pm +1,Singapore Airlines,EWR‐HKT,21h55m,1,SIN,11:40 am – 6:00 am +1,Singapore Airlines,HKT‐EWR,29h20m,1,SIN,1993,20220406-1343,fast
10:25 am – 7:20 pm +1,Singapore Airlines,EWR‐HKT,21h55m,1,SIN,11:40 am – 7:00 am +1,Singapore Airlines,HKT‐EWR,30h20m,2,"SIN, LAX",1681,20220406-1343,fast
10:25 am – 7:20 pm +1,Singapore Airlines,EWR‐HKT,21h55m,1,SIN,10:25 am – 6:00 am +1,Singapore Airlines,HKT‐EWR,30h35m,1,SIN,1993,20220406-1343,fast
1:50 pm – 6:55 am +2,"American Airlines, Qatar Airways",EWR‐HKT,30h05m,2,"ORD, DOH",6:10 pm – 6:00 am +1,Singapore Airlines,HKT‐EWR,22h50m,1,SIN,2565,20220406-1343,fast
1:50 pm – 6:55 am +2,Qatar Airways,EWR‐HKT,30h05m,2,"ORD, DOH",5:35 pm – 6:00 am +1,Singapore Airlines,HKT‐EWR,23h25m,1,SIN,3035,20220406-1343,fast
10:25 am – 7:20 pm +1,Singapore Airlines,EWR‐HKT,21h55m,1,SIN,12:10 am – 9:20 pm,Emirates,HKT‐EWR,32h10m,2,"DXB, ATH",1921,20220406-1343,fast
6:20 pm – 6:55 am +2,"JetBlue, Qatar Airways",EWR‐HKT,25h35m,2,"BOS, DOH",11:40 am – 6:00 am +1,Singapore Airlines,HKT‐EWR,29h20m,1,SIN,2471,20220406-1343,fast
4:15 pm – 10:50 am +2,Singapore Airlines,EWR‐HKT,31h35m,2,"LAX, SIN",5:35 pm – 6:00 am +1,Singapore Airlines,HKT‐EWR,23h25m,1,SIN,2902,20220406-1343,fast
8:45 pm – 9:35 am +2,"Lufthansa, Singapore Airlines",EWR‐HKT,25h50m,2,"MUC, SIN",6:10 pm – 12:25 pm +1,"Singapore Airlines, Lufthansa",HKT‐EWR,29h15m,2,"SIN, MUC",1987,20220406-1343,fast
