Out Time,Out Airline,Out Cities,Out Duration,Out Stops,Out Stop Cities,Return Time,Return Airline,Return Cities,Return Duration,Return Stops,Return Stop Cities,Price,timestamp,sort
11:00 pm – 1:05 pm +2,"TAP AIR PORTUGAL, Thai Airways",EWR‐HKT,27h05m,2,"LIS, FRA",6:45 pm – 5:10 pm +1,"Thai Vietjet Air, ANA",HKT‐EWR,33h25m,2,"BKK, HND",1623,20220406-1756,cheap
5:40 pm – 9:30 am +2,"TAP AIR PORTUGAL, Thai Airways",EWR‐HKT,28h50m,3,"LIS, FRA, ...",6:45 pm – 5:10 pm +1,"Thai Vietjet Air, ANA",HKT‐EWR,33h25m,2,"BKK, HND",1623,20220406-1756,cheap
5:40 pm – 1:05 pm +2,"TAP AIR PORTUGAL, Thai Airways",EWR‐HKT,32h25m,2,"LIS, FRA",6:45 pm – 5:10 pm +1,"Thai Vietjet Air, ANA",HKT‐EWR,33h25m,2,"BKK, HND",1623,20220406-1756,cheap
11:00 pm – 1:05 pm +2,"TAP AIR PORTUGAL, Thai Airways",EWR‐HKT,27h05m,2,"LIS, FRA",5:05 pm – 5:10 pm +1,"Thai Airways, ANA",HKT‐EWR,35h05m,2,"BKK, HND",1632,20220406-1756,cheap
5:40 pm – 9:30 am +2,"TAP AIR PORTUGAL, Thai Airways",EWR‐HKT,28h50m,3,"LIS, FRA, ...",5:05 pm – 5:10 pm +1,"Thai Airways, ANA",HKT‐EWR,35h05m,2,"BKK, HND",1632,20220406-1756,cheap
5:40 pm – 1:05 pm +2,"TAP AIR PORTUGAL, Thai Airways",EWR‐HKT,32h25m,2,"LIS, FRA",5:05 pm – 5:10 pm +1,"Thai Airways, ANA",HKT‐EWR,35h05m,2,"BKK, HND",1632,20220406-1756,cheap
9:50 pm – 10:20 am +2,"SWISS, Thai Airways",EWR‐HKT,25h30m,2,"ZRH, BKK",8:15 am – 1:55 pm +1,"THAI Smile, Austrian Airlines",HKT‐EWR,40h40m,2,"BKK, VIE",1827,20220406-1756,cheap
11:00 pm – 1:05 pm +2,"TAP AIR PORTUGAL, Thai Airways",EWR‐HKT,27h05m,2,"LIS, FRA",9:15 pm – 9:05 pm +1,"Thai Airways, TAP AIR PORTUGAL",HKT‐EWR,34h50m,3,"BKK, LHR-LGW, ...",1873,20220406-1756,cheap
10:25 am – 7:20 pm +1,Singapore Airlines,EWR‐HKT,21h55m,1,SIN,10:25 am – 6:00 am +1,Singapore Airlines,HKT‐EWR,30h35m,1,SIN,1881,20220406-1756,cheap
10:25 am – 9:35 am +2,Singapore Airlines,EWR‐HKT,36h10m,1,SIN,6:10 pm – 6:00 am +1,Singapore Airlines,HKT‐EWR,22h50m,1,SIN,1881,20220406-1756,cheap
10:25 am – 10:50 am +2,Singapore Airlines,EWR‐HKT,37h25m,1,SIN,6:10 pm – 6:00 am +1,Singapore Airlines,HKT‐EWR,22h50m,1,SIN,1881,20220406-1756,cheap
10:25 am – 9:35 am +2,Singapore Airlines,EWR‐HKT,36h10m,1,SIN,11:40 am – 6:00 am +1,Singapore Airlines,HKT‐EWR,29h20m,1,SIN,1881,20220406-1756,cheap
10:25 am – 5:10 pm +2,Singapore Airlines,EWR‐HKT,43h45m,1,SIN,6:10 pm – 6:00 am +1,Singapore Airlines,HKT‐EWR,22h50m,1,SIN,1881,20220406-1756,cheap
10:25 am – 9:35 am +2,Singapore Airlines,EWR‐HKT,36h10m,1,SIN,10:25 am – 6:00 am +1,Singapore Airlines,HKT‐EWR,30h35m,1,SIN,1881,20220406-1756,cheap
10:25 am – 10:50 am +2,Singapore Airlines,EWR‐HKT,37h25m,1,SIN,10:25 am – 6:00 am +1,Singapore Airlines,HKT‐EWR,30h35m,1,SIN,1881,20220406-1756,cheap
11:55 pm – 12:30 pm +2,Emirates,EWR‐HKT,25h35m,2,"ATH, DXB",12:10 am – 9:20 pm,Emirates,HKT‐EWR,32h10m,2,"DXB, ATH",2425,20220406-1754,best
10:25 am – 7:20 pm +1,Singapore Airlines,EWR‐HKT,21h55m,1,SIN,6:10 pm – 6:00 am +1,Singapore Airlines,HKT‐EWR,22h50m,1,SIN,1897,20220406-1754,best
10:25 am – 7:20 pm +1,Singapore Airlines,EWR‐HKT,21h55m,1,SIN,11:40 am – 6:00 am +1,Singapore Airlines,HKT‐EWR,29h20m,1,SIN,1897,20220406-1754,best
10:25 am – 7:20 pm +1,Singapore Airlines,EWR‐HKT,21h55m,1,SIN,10:25 am – 6:00 am +1,Singapore Airlines,HKT‐EWR,30h35m,1,SIN,1881,20220406-1754,best
10:25 am – 9:35 am +2,Singapore Airlines,EWR‐HKT,36h10m,1,SIN,6:10 pm – 6:00 am +1,Singapore Airlines,HKT‐EWR,22h50m,1,SIN,1881,20220406-1754,best
9:50 pm – 10:20 am +2,"SWISS, Thai Airways",EWR‐HKT,25h30m,2,"ZRH, BKK",8:10 pm – 12:25 pm +1,"Singapore Airlines, Lufthansa",HKT‐EWR,27h15m,2,"SIN, MUC",1979,20220406-1754,best
10:25 am – 10:50 am +2,Singapore Airlines,EWR‐HKT,37h25m,1,SIN,6:10 pm – 6:00 am +1,Singapore Airlines,HKT‐EWR,22h50m,1,SIN,1881,20220406-1754,best
9:50 pm – 10:20 am +2,"SWISS, Thai Airways",EWR‐HKT,25h30m,2,"ZRH, BKK",6:10 pm – 12:25 pm +1,"Singapore Airlines, Lufthansa",HKT‐EWR,29h15m,2,"SIN, MUC",2190,20220406-1754,best
10:25 am – 9:35 am +2,Singapore Airlines,EWR‐HKT,36h10m,1,SIN,11:40 am – 6:00 am +1,Singapore Airlines,HKT‐EWR,29h20m,1,SIN,1881,20220406-1754,best
10:25 am – 5:10 pm +2,Singapore Airlines,EWR‐HKT,43h45m,1,SIN,6:10 pm – 6:00 am +1,Singapore Airlines,HKT‐EWR,22h50m,1,SIN,1881,20220406-1754,best
10:25 am – 9:35 am +2,Singapore Airlines,EWR‐HKT,36h10m,1,SIN,10:25 am – 6:00 am +1,Singapore Airlines,HKT‐EWR,30h35m,1,SIN,1881,20220406-1754,best
10:25 am – 10:50 am +2,Singapore Airlines,EWR‐HKT,37h25m,1,SIN,11:40 am – 6:00 am +1,Singapore Airlines,HKT‐EWR,29h20m,1,SIN,1897,20220406-1754,best
10:25 am – 10:50 am +2,Singapore Airlines,EWR‐HKT,37h25m,1,SIN,10:25 am – 6:00 am +1,Singapore Airlines,HKT‐EWR,30h35m,1,SIN,1881,20220406-1754,best
7:30 pm – 9:35 am +2,"Lufthansa, Singapore Airlines",EWR‐HKT,27h05m,2,"FRA, SIN",5:05 pm – 12:25 pm +1,"THAI Smile, Lufthansa",HKT‐EWR,30h20m,2,"BKK, MUC",2315,20220406-1754,best
7:30 pm – 9:35 am +2,"Lufthansa, Singapore Airlines",EWR‐HKT,27h05m,2,"FRA, SIN",4:05 pm – 12:25 pm +1,"THAI Smile, Lufthansa",HKT‐EWR,31h20m,2,"BKK, MUC",2315,20220406-1754,best
9:50 pm – 10:20 am +2,"SWISS, Thai Airways",EWR‐HKT,25h30m,2,"ZRH, BKK",8:15 am – 1:55 pm +1,"THAI Smile, Austrian Airlines",HKT‐EWR,40h40m,2,"BKK, VIE",1827,20220406-1754,best
10:25 am – 7:20 pm +1,Singapore Airlines,EWR‐HKT,21h55m,1,SIN,6:10 pm – 6:00 am +1,Singapore Airlines,HKT‐EWR,22h50m,1,SIN,1897,20220406-1759,fast
10:25 am – 7:20 pm +1,Singapore Airlines,EWR‐HKT,21h55m,1,SIN,11:40 am – 6:00 am +1,Singapore Airlines,HKT‐EWR,29h20m,1,SIN,1897,20220406-1759,fast
10:25 am – 7:20 pm +1,Singapore Airlines,EWR‐HKT,21h55m,1,SIN,11:40 am – 6:59 am +1,Singapore Airlines,HKT‐EWR,30h19m,2,"SIN, SFO",3872,20220406-1759,fast
10:25 am – 7:20 pm +1,Singapore Airlines,EWR‐HKT,21h55m,1,SIN,10:25 am – 6:00 am +1,Singapore Airlines,HKT‐EWR,30h35m,1,SIN,1881,20220406-1759,fast
9:50 pm – 10:20 am +2,"SWISS, Thai Airways",EWR‐HKT,25h30m,2,"ZRH, BKK",8:10 pm – 12:25 pm +1,"Singapore Airlines, Lufthansa",HKT‐EWR,27h15m,2,"SIN, MUC",1979,20220406-1759,fast
10:25 am – 7:20 pm +1,Singapore Airlines,EWR‐HKT,21h55m,1,SIN,10:25 am – 6:59 am +1,Singapore Airlines,HKT‐EWR,31h34m,2,"SIN, SFO",3872,20220406-1759,fast
9:50 pm – 10:20 am +2,"SWISS, Thai Airways",EWR‐HKT,25h30m,2,"ZRH, BKK",6:10 pm – 12:25 pm +1,"Singapore Airlines, Lufthansa",HKT‐EWR,29h15m,2,"SIN, MUC",2190,20220406-1759,fast
11:55 pm – 12:30 pm +2,Emirates,EWR‐HKT,25h35m,2,"ATH, DXB",11:40 am – 6:00 am +1,Singapore Airlines,HKT‐EWR,29h20m,1,SIN,3128,20220406-1759,fast
11:55 pm – 12:30 pm +2,Emirates,EWR‐HKT,25h35m,2,"ATH, DXB",10:25 am – 6:00 am +1,Singapore Airlines,HKT‐EWR,30h35m,1,SIN,3128,20220406-1759,fast
7:30 pm – 9:35 am +2,"Lufthansa, Singapore Airlines",EWR‐HKT,27h05m,2,"FRA, SIN",5:05 pm – 12:25 pm +1,"THAI Smile, Lufthansa",HKT‐EWR,30h20m,2,"BKK, MUC",2315,20220406-1759,fast
11:55 pm – 12:30 pm +2,Emirates,EWR‐HKT,25h35m,2,"ATH, DXB",12:10 am – 9:20 pm,Emirates,HKT‐EWR,32h10m,2,"DXB, ATH",2401,20220406-1759,fast
7:30 pm – 9:35 am +2,"Lufthansa, Singapore Airlines",EWR‐HKT,27h05m,2,"FRA, SIN",6:10 pm – 1:50 pm +1,"Singapore Airlines, Lufthansa",HKT‐EWR,30h40m,2,"SIN, FRA",2545,20220406-1759,fast
7:30 pm – 9:35 am +2,"Lufthansa, Singapore Airlines",EWR‐HKT,27h05m,2,"FRA, SIN",4:05 pm – 12:25 pm +1,"THAI Smile, Lufthansa",HKT‐EWR,31h20m,2,"BKK, MUC",2315,20220406-1759,fast
11:00 pm – 1:05 pm +2,"TAP AIR PORTUGAL, Thai Airways",EWR‐HKT,27h05m,2,"LIS, FRA",9:15 pm – 5:50 pm +1,"Thai Airways, LOT",HKT‐EWR,31h35m,3,"BKK, CPH, ...",1963,20220406-1759,fast
10:25 am – 9:35 am +2,Singapore Airlines,EWR‐HKT,36h10m,1,SIN,6:10 pm – 6:00 am +1,Singapore Airlines,HKT‐EWR,22h50m,1,SIN,1881,20220406-1759,fast
