Out Time,Out Airline,Out Cities,Out Duration,Out Stops,Out Stop Cities,Return Time,Return Airline,Return Cities,Return Duration,Return Stops,Return Stop Cities,Price,timestamp,sort
12:15 pm – 7:05 am +2,"Air India, GoFirst",EWR‐HKT,31h50m,1,DEL,9:45 pm – 9:20 pm +1,Emirates,HKT‐EWR,34h35m,2,"DXB, ATH",1600,20220406-0720,cheap
12:15 pm – 7:05 am +2,"Air India, GoFirst",EWR‐HKT,31h50m,1,DEL,2:40 pm – 9:00 pm +1,"Thai Airways, French Bee",HKT‐EWR,41h20m,2,"BKK, CDG-ORY",1702,20220406-0720,cheap
12:15 pm – 7:05 am +2,"Air India, GoFirst",EWR‐HKT,31h50m,1,DEL,9:45 pm – 9:00 pm +1,"Emirates, French Bee",HKT‐EWR,34h15m,2,"DXB, CDG-ORY",1739,20220406-0720,cheap
1:43 pm – 7:20 am +2,"American Airlines, Qatar Airways",EWR‐HKT,30h37m,3,"CLT, BOS, ...",9:05 pm – 4:33 pm +1,"Qatar Airways, American Airlines",HKT‐EWR,30h28m,3,"DOH, IAD, ...",1792,20220406-0720,cheap
1:43 pm – 7:20 am +2,"American Airlines, Qatar Airways",EWR‐HKT,30h37m,3,"CLT, ATL, ...",9:05 pm – 4:33 pm +1,"Qatar Airways, American Airlines",HKT‐EWR,30h28m,3,"DOH, IAD, ...",1792,20220406-0720,cheap
1:43 pm – 7:20 am +2,"American Airlines, Qatar Airways",EWR‐HKT,30h37m,3,"CLT, ATL, ...",9:05 pm – 4:33 pm +1,"Qatar Airways, American Airlines",HKT‐EWR,30h28m,3,"DOH, IAD, ...",1792,20220406-0720,cheap
11:40 am – 7:20 am +2,"American Airlines, Qatar Airways",EWR‐HKT,32h40m,3,"CLT, BOS, ...",9:05 pm – 4:33 pm +1,"Qatar Airways, American Airlines",HKT‐EWR,30h28m,3,"DOH, IAD, ...",1792,20220406-0720,cheap
11:40 am – 7:20 am +2,"American Airlines, Qatar Airways",EWR‐HKT,32h40m,3,"CLT, BOS, ...",9:05 pm – 4:33 pm +1,"Qatar Airways, American Airlines",HKT‐EWR,30h28m,3,"DOH, IAD, ...",1792,20220406-0720,cheap
1:43 pm – 7:20 am +2,"American Airlines, Qatar Airways",EWR‐HKT,30h37m,3,"CLT, ATL, ...",9:05 pm – 6:48 pm +1,"Qatar Airways, American Airlines",HKT‐EWR,32h43m,3,"DOH, IAD, ...",1792,20220406-0720,cheap
1:43 pm – 7:20 am +2,"American Airlines, Qatar Airways",EWR‐HKT,30h37m,3,"CLT, ATL, ...",9:05 pm – 6:48 pm +1,"Qatar Airways, American Airlines",HKT‐EWR,32h43m,3,"DOH, ORD, ...",1792,20220406-0720,cheap
1:43 pm – 7:20 am +2,"American Airlines, Qatar Airways",EWR‐HKT,30h37m,3,"CLT, BOS, ...",9:05 pm – 6:48 pm +1,"Qatar Airways, American Airlines",HKT‐EWR,32h43m,3,"DOH, ORD, ...",1792,20220406-0720,cheap
1:43 pm – 7:20 am +2,"American Airlines, Qatar Airways",EWR‐HKT,30h37m,3,"CLT, BOS, ...",9:05 pm – 6:48 pm +1,"Qatar Airways, American Airlines",HKT‐EWR,32h43m,3,"DOH, IAD, ...",1792,20220406-0720,cheap
1:43 pm – 7:20 am +2,"American Airlines, Qatar Airways",EWR‐HKT,30h37m,3,"CLT, ATL, ...",9:05 pm – 6:48 pm +1,"Qatar Airways, American Airlines",HKT‐EWR,32h43m,3,"DOH, ORD, ...",1792,20220406-0720,cheap
1:43 pm – 7:20 am +2,"American Airlines, Qatar Airways",EWR‐HKT,30h37m,3,"CLT, ATL, ...",9:05 pm – 6:48 pm +1,"Qatar Airways, American Airlines",HKT‐EWR,32h43m,3,"DOH, IAD, ...",1792,20220406-0720,cheap
1:43 pm – 7:20 am +2,"American Airlines, Qatar Airways",EWR‐HKT,30h37m,3,"CLT, ATL, ...",9:05 pm – 8:14 pm +1,"Qatar Airways, American Airlines",HKT‐EWR,34h09m,3,"DOH, ORD, ...",1792,20220406-0720,cheap
11:55 pm – 12:30 pm +2,Emirates,EWR‐HKT,25h35m,2,"ATH, DXB",12:10 am – 9:20 pm,Emirates,HKT‐EWR,32h10m,2,"DXB, ATH",2135,20220406-0718,best
10:25 am – 7:20 pm +1,Singapore Airlines,EWR‐HKT,21h55m,1,SIN,6:10 pm – 6:00 am +1,Singapore Airlines,HKT‐EWR,22h50m,1,SIN,2592,20220406-0718,best
10:25 am – 7:20 pm +1,Singapore Airlines,EWR‐HKT,21h55m,1,SIN,11:40 am – 6:00 am +1,Singapore Airlines,HKT‐EWR,29h20m,1,SIN,2338,20220406-0718,best
10:25 am – 7:20 pm +1,Singapore Airlines,EWR‐HKT,21h55m,1,SIN,10:25 am – 6:00 am +1,Singapore Airlines,HKT‐EWR,30h35m,1,SIN,2338,20220406-0718,best
7:42 pm – 1:15 pm +2,"American Airlines, Qatar Airways",EWR‐HKT,30h33m,2,"ORD, DOH",11:55 pm – 9:00 pm +1,"Qatar Airways, American Airlines",HKT‐EWR,32h05m,2,"DOH, ORD",1831,20220406-0718,best
7:42 pm – 1:15 pm +2,"American Airlines, Qatar Airways",EWR‐HKT,30h33m,2,"ORD, DOH",9:05 pm – 4:33 pm +1,"Qatar Airways, American Airlines",HKT‐EWR,30h28m,3,"DOH, IAD, ...",1834,20220406-0718,best
1:42 pm – 7:20 am +2,"American Airlines, Qatar Airways",EWR‐HKT,30h38m,2,"ORD, DOH",11:55 pm – 9:00 pm +1,"Qatar Airways, American Airlines",HKT‐EWR,32h05m,2,"DOH, ORD",1831,20220406-0718,best
1:42 pm – 7:20 am +2,"American Airlines, Qatar Airways",EWR‐HKT,30h38m,2,"ORD, DOH",9:05 pm – 4:33 pm +1,"Qatar Airways, American Airlines",HKT‐EWR,30h28m,3,"DOH, IAD, ...",1834,20220406-0718,best
1:43 pm – 7:20 am +2,"American Airlines, Qatar Airways",EWR‐HKT,30h37m,3,"CLT, BOS, ...",9:05 pm – 4:33 pm +1,"Qatar Airways, American Airlines",HKT‐EWR,30h28m,3,"DOH, IAD, ...",1792,20220406-0718,best
1:43 pm – 7:20 am +2,"American Airlines, Qatar Airways",EWR‐HKT,30h37m,3,"CLT, ATL, ...",9:05 pm – 4:33 pm +1,"Qatar Airways, American Airlines",HKT‐EWR,30h28m,3,"DOH, IAD, ...",1792,20220406-0718,best
1:43 pm – 7:20 am +2,"American Airlines, Qatar Airways",EWR‐HKT,30h37m,3,"CLT, ATL, ...",9:05 pm – 4:33 pm +1,"Qatar Airways, American Airlines",HKT‐EWR,30h28m,3,"DOH, IAD, ...",1792,20220406-0718,best
1:43 pm – 7:20 am +2,"American Airlines, Qatar Airways",EWR‐HKT,30h37m,3,"CLT, BOS, ...",11:55 pm – 9:00 pm +1,"Qatar Airways, American Airlines",HKT‐EWR,32h05m,2,"DOH, ORD",1794,20220406-0718,best
1:43 pm – 7:20 am +2,"American Airlines, Qatar Airways",EWR‐HKT,30h37m,3,"CLT, ATL, ...",11:55 pm – 9:00 pm +1,"Qatar Airways, American Airlines",HKT‐EWR,32h05m,2,"DOH, ORD",1794,20220406-0718,best
1:43 pm – 7:20 am +2,"American Airlines, Qatar Airways",EWR‐HKT,30h37m,3,"CLT, ATL, ...",11:55 pm – 9:00 pm +1,"Qatar Airways, American Airlines",HKT‐EWR,32h05m,2,"DOH, ORD",1794,20220406-0718,best
1:42 pm – 7:20 am +2,"American Airlines, Qatar Airways",EWR‐HKT,30h38m,3,"ORD, PHL, ...",9:05 pm – 4:33 pm +1,"Qatar Airways, American Airlines",HKT‐EWR,30h28m,3,"DOH, IAD, ...",1794,20220406-0718,best
1:42 pm – 7:20 am +2,"American Airlines, Qatar Airways",EWR‐HKT,30h38m,3,"ORD, BOS, ...",9:05 pm – 4:33 pm +1,"Qatar Airways, American Airlines",HKT‐EWR,30h28m,3,"DOH, IAD, ...",1794,20220406-0718,best
10:25 am – 7:20 pm +1,Singapore Airlines,EWR‐HKT,21h55m,1,SIN,6:10 pm – 6:00 am +1,Singapore Airlines,HKT‐EWR,22h50m,1,SIN,2592,20220406-0723,fast
9:50 pm – 6:30 am +2,SWISS,EWR‐HKT,21h40m,1,ZRH,8:10 pm – 11:15 am +1,"Singapore Airlines, Lufthansa",HKT‐EWR,26h05m,2,"SIN, AMS",4889,20220406-0723,fast
9:50 pm – 6:30 am +2,SWISS,EWR‐HKT,21h40m,1,ZRH,7:10 pm – 11:55 am +1,Multiple Airlines,HKT‐EWR,27h45m,2,"BKK, CDG",4965,20220406-0723,fast
9:50 pm – 6:30 am +2,SWISS,EWR‐HKT,21h40m,1,ZRH,7:10 pm – 12:45 pm +1,Multiple Airlines,HKT‐EWR,28h35m,2,"BKK, MUC",4967,20220406-0723,fast
9:50 pm – 6:30 am +2,SWISS,EWR‐HKT,21h40m,1,ZRH,7:10 pm – 12:50 pm +1,Multiple Airlines,HKT‐EWR,28h40m,2,"BKK, LHR",4993,20220406-0723,fast
6:30 pm – 6:30 am +2,SWISS,EWR‐HKT,25h00m,2,"CDG, ZRH",8:10 pm – 11:15 am +1,"Singapore Airlines, Lufthansa",HKT‐EWR,26h05m,2,"SIN, AMS",5231,20220406-0723,fast
10:25 am – 7:20 pm +1,Singapore Airlines,EWR‐HKT,21h55m,1,SIN,11:40 am – 6:00 am +1,Singapore Airlines,HKT‐EWR,29h20m,1,SIN,2338,20220406-0723,fast
6:20 pm – 6:30 am +2,SWISS,EWR‐HKT,25h10m,1,ZRH,8:10 pm – 11:15 am +1,"Singapore Airlines, Lufthansa",HKT‐EWR,26h05m,2,"SIN, AMS",5714,20220406-0723,fast
9:50 pm – 6:30 am +2,SWISS,EWR‐HKT,21h40m,1,ZRH,7:10 pm – 1:55 pm +1,Multiple Airlines,HKT‐EWR,29h45m,2,"BKK, FRA",5092,20220406-0723,fast
9:50 pm – 10:20 am +2,"SWISS, Thai Airways",EWR‐HKT,25h30m,2,"ZRH, BKK",8:10 pm – 11:15 am +1,"Singapore Airlines, Lufthansa",HKT‐EWR,26h05m,2,"SIN, AMS",4936,20220406-0723,fast
9:50 pm – 10:20 am +2,"SWISS, Thai Airways",EWR‐HKT,25h30m,2,"ZRH, BKK",9:45 pm – 12:50 pm +1,"Emirates, Lufthansa",HKT‐EWR,26h05m,2,"DXB, LHR",5196,20220406-0723,fast
9:50 pm – 6:30 am +2,SWISS,EWR‐HKT,21h40m,1,ZRH,11:55 pm – 6:55 pm +1,"Qatar Airways, Lufthansa",HKT‐EWR,30h00m,2,"DOH, MUC",5143,20220406-0723,fast
9:50 pm – 6:30 am +2,SWISS,EWR‐HKT,21h40m,1,ZRH,9:15 pm – 4:40 pm +1,"THAI Smile, ANA",HKT‐EWR,30h25m,2,"BKK, NRT",9891,20220406-0723,fast
10:25 am – 7:20 pm +1,Singapore Airlines,EWR‐HKT,21h55m,1,SIN,10:25 am – 6:00 am +1,Singapore Airlines,HKT‐EWR,30h35m,1,SIN,2338,20220406-0723,fast
6:30 pm – 6:30 am +2,SWISS,EWR‐HKT,25h00m,2,"CDG, ZRH",7:10 pm – 11:55 am +1,Multiple Airlines,HKT‐EWR,27h45m,2,"BKK, CDG",5307,20220406-0723,fast
