Out Time,Out Airline,Out Cities,Out Duration,Out Stops,Out Stop Cities,Return Time,Return Airline,Return Cities,Return Duration,Return Stops,Return Stop Cities,Price,timestamp,sort
12:15 pm – 7:05 am +2,"Air India, GoFirst",EWR‐HKT,31h50m,1,DEL,11:55 pm – 9:00 pm +1,"Qatar Airways, Air Caraïbes",HKT‐EWR,32h05m,2,"DOH, CDG-ORY",1381,20220406-0759,cheap
12:15 pm – 7:05 am +2,"Air India, GoFirst",EWR‐HKT,31h50m,1,DEL,11:55 pm – 7:00 am +2,"Qatar Airways, Alaska Airlines",HKT‐EWR,42h05m,2,"DOH, LAX",1388,20220406-0759,cheap
12:15 pm – 10:35 am +2,"Air India, Thai Airways",EWR‐HKT,35h20m,3,"DEL, BOM, ...",12:10 am – 9:20 pm,Emirates,HKT‐EWR,32h10m,2,"DXB, ATH",1397,20220406-0759,cheap
12:15 pm – 10:35 am +2,"Air India, Thai Airways",EWR‐HKT,35h20m,3,"DEL, BOM, ...",12:10 am – 9:20 pm,Emirates,HKT‐EWR,32h10m,2,"DXB, ATH",1397,20220406-0759,cheap
12:15 pm – 7:05 am +2,"Air India, GoFirst",EWR‐HKT,31h50m,1,DEL,7:10 pm – 10:20 pm +1,"Thai Vietjet Air, Turkish Airlines",HKT‐EWR,38h10m,2,"BKK, IST",1455,20220406-0759,cheap
7:15 am – 7:20 am +2,"JetBlue, Qatar Airways",EWR‐HKT,37h05m,2,"BOS, DOH",11:55 pm – 9:00 pm +1,Qatar Airways,HKT‐EWR,32h05m,2,"DOH, ORD",1599,20220406-0759,cheap
7:15 am – 7:20 am +2,"JetBlue, Qatar Airways",EWR‐HKT,37h05m,2,"BOS, DOH",11:55 pm – 11:43 pm +1,Qatar Airways,HKT‐EWR,34h48m,2,"DOH, ORD",1599,20220406-0759,cheap
1:46 pm – 7:20 am +2,"American Airlines, Qatar Airways",EWR‐HKT,30h34m,2,"ORD, DOH",11:55 pm – 9:00 pm +1,"Qatar Airways, American Airlines",HKT‐EWR,32h05m,2,"DOH, ORD",1601,20220406-0759,cheap
12:37 pm – 7:20 am +2,"American Airlines, Qatar Airways",EWR‐HKT,31h43m,2,"MIA, DOH",11:55 pm – 9:00 pm +1,"Qatar Airways, American Airlines",HKT‐EWR,32h05m,2,"DOH, ORD",1601,20220406-0759,cheap
12:21 pm – 7:20 am +2,"American Airlines, Qatar Airways",EWR‐HKT,31h59m,2,"ORD, DOH",11:55 pm – 9:00 pm +1,"Qatar Airways, American Airlines",HKT‐EWR,32h05m,2,"DOH, ORD",1601,20220406-0759,cheap
1:46 pm – 7:20 am +2,"American Airlines, Qatar Airways",EWR‐HKT,30h34m,2,"ORD, DOH",11:55 pm – 11:43 pm +1,"Qatar Airways, American Airlines",HKT‐EWR,34h48m,2,"DOH, ORD",1601,20220406-0759,cheap
10:50 am – 7:20 am +2,"American Airlines, Qatar Airways",EWR‐HKT,33h30m,2,"ORD, DOH",11:55 pm – 9:00 pm +1,"Qatar Airways, American Airlines",HKT‐EWR,32h05m,2,"DOH, ORD",1601,20220406-0759,cheap
1:46 pm – 7:20 am +2,"American Airlines, Qatar Airways",EWR‐HKT,30h34m,2,"ORD, DOH",11:55 pm – 12:02 am +2,"Qatar Airways, American Airlines",HKT‐EWR,35h07m,2,"DOH, MIA",1601,20220406-0759,cheap
12:37 pm – 7:20 am +2,"American Airlines, Qatar Airways",EWR‐HKT,31h43m,2,"MIA, DOH",11:55 pm – 11:43 pm +1,"Qatar Airways, American Airlines",HKT‐EWR,34h48m,2,"DOH, ORD",1601,20220406-0759,cheap
12:21 pm – 7:20 am +2,"American Airlines, Qatar Airways",EWR‐HKT,31h59m,2,"ORD, DOH",11:55 pm – 11:43 pm +1,"Qatar Airways, American Airlines",HKT‐EWR,34h48m,2,"DOH, ORD",1601,20220406-0759,cheap
7:42 pm – 1:15 pm +2,Qatar Airways,EWR‐HKT,30h33m,2,"ORD, DOH",12:10 am – 9:20 pm,Emirates,HKT‐EWR,32h10m,2,"DXB, ATH",1835,20220406-0757,best
10:25 am – 7:20 pm +1,Singapore Airlines,EWR‐HKT,21h55m,1,SIN,6:10 pm – 6:00 am +1,Singapore Airlines,HKT‐EWR,22h50m,1,SIN,1855,20220406-0757,best
10:25 am – 7:20 pm +1,Singapore Airlines,EWR‐HKT,21h55m,1,SIN,11:40 am – 6:00 am +1,Singapore Airlines,HKT‐EWR,29h20m,1,SIN,1855,20220406-0757,best
10:25 am – 7:20 pm +1,Singapore Airlines,EWR‐HKT,21h55m,1,SIN,10:25 am – 6:00 am +1,Singapore Airlines,HKT‐EWR,30h35m,1,SIN,1855,20220406-0757,best
1:46 pm – 7:20 am +2,"American Airlines, Qatar Airways",EWR‐HKT,30h34m,2,"ORD, DOH",11:55 pm – 9:00 pm +1,"Qatar Airways, American Airlines",HKT‐EWR,32h05m,2,"DOH, ORD",1601,20220406-0757,best
7:42 pm – 1:15 pm +2,"American Airlines, Qatar Airways",EWR‐HKT,30h33m,2,"ORD, DOH",11:55 pm – 9:00 pm +1,"Qatar Airways, American Airlines",HKT‐EWR,32h05m,2,"DOH, ORD",1641,20220406-0757,best
1:55 pm – 7:20 am +2,"American Airlines, Qatar Airways",EWR‐HKT,30h25m,2,"DFW, DOH",11:55 pm – 9:00 pm +1,"Qatar Airways, American Airlines",HKT‐EWR,32h05m,2,"DOH, ORD",1641,20220406-0757,best
12:37 pm – 7:20 am +2,"American Airlines, Qatar Airways",EWR‐HKT,31h43m,2,"MIA, DOH",11:55 pm – 9:00 pm +1,"Qatar Airways, American Airlines",HKT‐EWR,32h05m,2,"DOH, ORD",1601,20220406-0757,best
12:21 pm – 7:20 am +2,"American Airlines, Qatar Airways",EWR‐HKT,31h59m,2,"ORD, DOH",11:55 pm – 9:00 pm +1,"Qatar Airways, American Airlines",HKT‐EWR,32h05m,2,"DOH, ORD",1601,20220406-0757,best
1:46 pm – 7:20 am +2,"American Airlines, Qatar Airways",EWR‐HKT,30h34m,3,"ORD, BOS, ...",11:55 pm – 9:00 pm +1,"Qatar Airways, American Airlines",HKT‐EWR,32h05m,2,"DOH, ORD",1605,20220406-0757,best
1:43 pm – 7:20 am +2,"American Airlines, Qatar Airways",EWR‐HKT,30h37m,3,"CLT, BOS, ...",11:55 pm – 9:00 pm +1,"Qatar Airways, American Airlines",HKT‐EWR,32h05m,2,"DOH, ORD",1604,20220406-0757,best
1:43 pm – 7:20 am +2,"American Airlines, Qatar Airways",EWR‐HKT,30h37m,3,"CLT, BOS, ...",11:55 pm – 9:00 pm +1,"Qatar Airways, American Airlines",HKT‐EWR,32h05m,2,"DOH, ORD",1604,20220406-0757,best
1:43 pm – 7:20 am +2,"American Airlines, Qatar Airways",EWR‐HKT,30h37m,3,"CLT, ORD, ...",11:55 pm – 9:00 pm +1,"Qatar Airways, American Airlines",HKT‐EWR,32h05m,2,"DOH, ORD",1604,20220406-0757,best
1:43 pm – 7:20 am +2,"American Airlines, Qatar Airways",EWR‐HKT,30h37m,3,"CLT, ATL, ...",11:55 pm – 9:00 pm +1,"Qatar Airways, American Airlines",HKT‐EWR,32h05m,2,"DOH, ORD",1604,20220406-0757,best
12:15 pm – 10:35 am +2,"Air India, Thai Airways",EWR‐HKT,35h20m,3,"DEL, BOM, ...",12:10 am – 9:20 pm,Emirates,HKT‐EWR,32h10m,2,"DXB, ATH",1397,20220406-0757,best
12:15 pm – 10:35 am +2,"Air India, Thai Airways",EWR‐HKT,35h20m,3,"DEL, BOM, ...",12:10 am – 9:20 pm,Emirates,HKT‐EWR,32h10m,2,"DXB, ATH",1397,20220406-0757,best
10:25 am – 7:20 pm +1,Singapore Airlines,EWR‐HKT,21h55m,1,SIN,6:10 pm – 6:00 am +1,Singapore Airlines,HKT‐EWR,22h50m,1,SIN,1855,20220406-0801,fast
10:25 am – 7:20 pm +1,Singapore Airlines,EWR‐HKT,21h55m,1,SIN,11:40 am – 6:00 am +1,Singapore Airlines,HKT‐EWR,29h20m,1,SIN,1855,20220406-0801,fast
9:50 pm – 10:20 am +2,"SWISS, Thai Airways",EWR‐HKT,25h30m,2,"ZRH, BKK",9:05 pm – 12:25 pm +1,Multiple Airlines,HKT‐EWR,26h20m,2,"DOH, LGW-LHR",5381,20220406-0801,fast
9:50 pm – 10:20 am +2,"SWISS, Thai Airways",EWR‐HKT,25h30m,2,"ZRH, BKK",8:00 pm – 11:55 am +1,"Etihad Airways, Lufthansa",HKT‐EWR,26h55m,2,"AUH, DUB",5111,20220406-0801,fast
9:50 pm – 10:20 am +2,"SWISS, Thai Airways",EWR‐HKT,25h30m,2,"ZRH, BKK",8:00 pm – 11:55 am +1,"Etihad Airways, Lufthansa",HKT‐EWR,26h55m,2,"AUH, CDG",5128,20220406-0801,fast
10:25 am – 7:20 pm +1,Singapore Airlines,EWR‐HKT,21h55m,1,SIN,10:25 am – 6:00 am +1,Singapore Airlines,HKT‐EWR,30h35m,1,SIN,1855,20220406-0801,fast
9:50 pm – 10:20 am +2,"SWISS, Thai Airways",EWR‐HKT,25h30m,2,"ZRH, BKK",7:50 pm – 12:25 pm +1,Multiple Airlines,HKT‐EWR,27h35m,2,"SIN, LHR",4939,20220406-0801,fast
9:50 pm – 10:20 am +2,"SWISS, Thai Airways",EWR‐HKT,25h30m,2,"ZRH, BKK",7:10 pm – 11:55 am +1,Multiple Airlines,HKT‐EWR,27h45m,2,"BKK, CDG",4965,20220406-0801,fast
8:00 pm – 6:35 am +2,Multiple Airlines,EWR‐HKT,23h35m,2,"LHR, CPH",7:10 pm – 1:55 pm +1,Austrian Airlines,HKT‐EWR,29h45m,2,"BKK, VIE",5141,20220406-0801,fast
8:00 pm – 6:35 am +2,Multiple Airlines,EWR‐HKT,23h35m,2,"LHR, CPH",7:10 pm – 1:55 pm +1,Austrian Airlines,HKT‐EWR,29h45m,2,"BKK, VIE",5173,20220406-0801,fast
7:42 pm – 1:15 pm +2,Qatar Airways,EWR‐HKT,30h33m,2,"ORD, DOH",6:10 pm – 6:00 am +1,Singapore Airlines,HKT‐EWR,22h50m,1,SIN,2127,20220406-0801,fast
9:50 pm – 10:20 am +2,"SWISS, Thai Airways",EWR‐HKT,25h30m,2,"ZRH, BKK",7:10 pm – 12:15 pm +1,Multiple Airlines,HKT‐EWR,28h05m,2,"BKK, BRU",5033,20220406-0801,fast
8:45 pm – 6:55 am +2,"Lufthansa, THAI Smile",EWR‐HKT,23h10m,2,"MUC, BOM",8:00 pm – 3:50 pm +1,Etihad Airways,HKT‐EWR,30h50m,2,"AUH, DUB",5190,20220406-0801,fast
10:25 am – 7:20 pm +1,Singapore Airlines,EWR‐HKT,21h55m,1,SIN,12:10 am – 9:20 pm,Emirates,HKT‐EWR,32h10m,2,"DXB, ATH",2150,20220406-0801,fast
10:25 am – 7:20 pm +1,Singapore Airlines,EWR‐HKT,21h55m,1,SIN,7:10 pm – 4:40 pm +1,"Bangkok Airways, ANA",HKT‐EWR,32h30m,2,"BKK, NRT",4236,20220406-0801,fast
