Out Time,Out Airline,Out Cities,Out Duration,Out Stops,Out Stop Cities,Return Time,Return Airline,Return Cities,Return Duration,Return Stops,Return Stop Cities,Price,timestamp,sort
5:40 pm – 3:05 pm +2,Multiple Airlines,EWR‐HKT,34h25m,3,"LIS, FCO, ...",5:05 pm – 5:10 pm +1,"Thai Airways, ANA",HKT‐EWR,35h05m,2,"BKK, HND",1561,20220406-1609,cheap
5:40 pm – 3:05 pm +2,Multiple Airlines,EWR‐HKT,34h25m,3,"LIS, FCO, ...",6:45 pm – 5:10 pm +1,"Thai Vietjet Air, ANA",HKT‐EWR,33h25m,2,"BKK, HND",1566,20220406-1609,cheap
5:35 pm – 9:35 am +2,"SAS, Thai Airways",EWR‐HKT,29h00m,2,"CPH, BKK",9:15 pm – 9:05 pm +1,"Thai Airways, SAS",HKT‐EWR,34h50m,2,"BKK, CPH",1620,20220406-1609,cheap
5:35 pm – 11:00 am +2,"SAS, Thai Airways",EWR‐HKT,30h25m,2,"CPH, BKK",9:15 pm – 9:05 pm +1,"Thai Airways, SAS",HKT‐EWR,34h50m,2,"BKK, CPH",1620,20220406-1609,cheap
10:25 am – 9:35 am +2,Singapore Airlines,EWR‐HKT,36h10m,1,SIN,6:10 pm – 6:00 am +1,Singapore Airlines,HKT‐EWR,22h50m,1,SIN,1724,20220406-1609,cheap
10:25 am – 10:50 am +2,Singapore Airlines,EWR‐HKT,37h25m,1,SIN,6:10 pm – 6:00 am +1,Singapore Airlines,HKT‐EWR,22h50m,1,SIN,1724,20220406-1609,cheap
10:25 am – 9:35 am +2,Singapore Airlines,EWR‐HKT,36h10m,1,SIN,11:40 am – 6:00 am +1,Singapore Airlines,HKT‐EWR,29h20m,1,SIN,1724,20220406-1609,cheap
10:25 am – 5:10 pm +2,Singapore Airlines,EWR‐HKT,43h45m,1,SIN,6:10 pm – 6:00 am +1,Singapore Airlines,HKT‐EWR,22h50m,1,SIN,1724,20220406-1609,cheap
10:25 am – 10:50 am +2,Singapore Airlines,EWR‐HKT,37h25m,1,SIN,11:40 am – 6:00 am +1,Singapore Airlines,HKT‐EWR,29h20m,1,SIN,1724,20220406-1609,cheap
10:25 am – 9:35 am +2,Singapore Airlines,EWR‐HKT,36h10m,1,SIN,10:25 am – 6:00 am +1,Singapore Airlines,HKT‐EWR,30h35m,1,SIN,1724,20220406-1609,cheap
10:25 am – 10:50 am +2,Singapore Airlines,EWR‐HKT,37h25m,1,SIN,10:25 am – 6:00 am +1,Singapore Airlines,HKT‐EWR,30h35m,1,SIN,1724,20220406-1609,cheap
10:25 am – 5:10 pm +2,Singapore Airlines,EWR‐HKT,43h45m,1,SIN,11:40 am – 6:00 am +1,Singapore Airlines,HKT‐EWR,29h20m,1,SIN,1724,20220406-1609,cheap
10:25 am – 5:10 pm +2,Singapore Airlines,EWR‐HKT,43h45m,1,SIN,10:25 am – 6:00 am +1,Singapore Airlines,HKT‐EWR,30h35m,1,SIN,1724,20220406-1609,cheap
10:25 am – 7:20 pm +1,Singapore Airlines,EWR‐HKT,21h55m,1,SIN,6:10 pm – 6:00 am +1,Singapore Airlines,HKT‐EWR,22h50m,1,SIN,1737,20220406-1609,cheap
10:25 am – 7:20 pm +1,Singapore Airlines,EWR‐HKT,21h55m,1,SIN,11:40 am – 6:00 am +1,Singapore Airlines,HKT‐EWR,29h20m,1,SIN,1737,20220406-1609,cheap
11:55 pm – 12:30 pm +2,Emirates,EWR‐HKT,25h35m,2,"ATH, DXB",12:10 am – 9:20 pm,Emirates,HKT‐EWR,32h10m,2,"DXB, ATH",2004,20220406-1607,best
10:25 am – 7:20 pm +1,Singapore Airlines,EWR‐HKT,21h55m,1,SIN,6:10 pm – 6:00 am +1,Singapore Airlines,HKT‐EWR,22h50m,1,SIN,1737,20220406-1607,best
10:25 am – 7:20 pm +1,Singapore Airlines,EWR‐HKT,21h55m,1,SIN,11:40 am – 6:00 am +1,Singapore Airlines,HKT‐EWR,29h20m,1,SIN,1737,20220406-1607,best
10:25 am – 7:20 pm +1,Singapore Airlines,EWR‐HKT,21h55m,1,SIN,10:25 am – 6:00 am +1,Singapore Airlines,HKT‐EWR,30h35m,1,SIN,1737,20220406-1607,best
10:25 am – 7:20 pm +1,Singapore Airlines,EWR‐HKT,21h55m,1,SIN,10:20 am – 6:00 am +1,"Bangkok Airways, Singapore Airlines",HKT‐EWR,30h40m,2,"BKK, SIN",1875,20220406-1607,best
10:25 am – 9:35 am +2,Singapore Airlines,EWR‐HKT,36h10m,1,SIN,6:10 pm – 6:00 am +1,Singapore Airlines,HKT‐EWR,22h50m,1,SIN,1724,20220406-1607,best
10:25 am – 10:50 am +2,Singapore Airlines,EWR‐HKT,37h25m,1,SIN,6:10 pm – 6:00 am +1,Singapore Airlines,HKT‐EWR,22h50m,1,SIN,1724,20220406-1607,best
10:25 am – 7:20 pm +1,Singapore Airlines,EWR‐HKT,21h55m,1,SIN,11:40 am – 6:59 am +1,Singapore Airlines,HKT‐EWR,30h19m,2,"SIN, SFO",2153,20220406-1607,best
10:25 am – 7:20 pm +1,Singapore Airlines,EWR‐HKT,21h55m,1,SIN,12:10 am – 9:20 pm,Emirates,HKT‐EWR,32h10m,2,"DXB, ATH",2028,20220406-1607,best
10:25 am – 9:35 am +2,Singapore Airlines,EWR‐HKT,36h10m,1,SIN,11:40 am – 6:00 am +1,Singapore Airlines,HKT‐EWR,29h20m,1,SIN,1724,20220406-1607,best
10:25 am – 5:10 pm +2,Singapore Airlines,EWR‐HKT,43h45m,1,SIN,6:10 pm – 6:00 am +1,Singapore Airlines,HKT‐EWR,22h50m,1,SIN,1724,20220406-1607,best
10:25 am – 10:50 am +2,Singapore Airlines,EWR‐HKT,37h25m,1,SIN,11:40 am – 6:00 am +1,Singapore Airlines,HKT‐EWR,29h20m,1,SIN,1724,20220406-1607,best
10:25 am – 9:35 am +2,Singapore Airlines,EWR‐HKT,36h10m,1,SIN,10:25 am – 6:00 am +1,Singapore Airlines,HKT‐EWR,30h35m,1,SIN,1724,20220406-1607,best
10:25 am – 4:55 pm +2,Singapore Airlines,EWR‐HKT,43h30m,1,SIN,6:10 pm – 6:00 am +1,Singapore Airlines,HKT‐EWR,22h50m,1,SIN,1763,20220406-1607,best
10:25 am – 10:50 am +2,Singapore Airlines,EWR‐HKT,37h25m,1,SIN,10:25 am – 6:00 am +1,Singapore Airlines,HKT‐EWR,30h35m,1,SIN,1724,20220406-1607,best
7:30 pm – 9:35 am +2,"Lufthansa, Singapore Airlines",EWR‐HKT,27h05m,2,"FRA, SIN",7:40 pm – 1:55 pm +1,"THAI Smile, Austrian Airlines",HKT‐EWR,29h15m,2,"BKK, VIE",2177,20220406-1607,best
10:25 am – 7:20 pm +1,Singapore Airlines,EWR‐HKT,21h55m,1,SIN,6:10 pm – 6:00 am +1,Singapore Airlines,HKT‐EWR,22h50m,1,SIN,1737,20220406-1612,fast
4:26 pm – 6:55 am +2,"JetBlue, Qatar Airways",EWR‐HKT,27h29m,2,"BOS, DOH",6:10 pm – 6:00 am +1,Singapore Airlines,HKT‐EWR,22h50m,1,SIN,2567,20220406-1612,fast
10:25 am – 7:20 pm +1,Singapore Airlines,EWR‐HKT,21h55m,1,SIN,11:40 am – 6:00 am +1,Singapore Airlines,HKT‐EWR,29h20m,1,SIN,1737,20220406-1612,fast
9:35 pm – 1:15 pm +2,"British Airways, Qatar Airways",EWR‐HKT,28h40m,2,"LHR, DOH",6:10 pm – 6:00 am +1,Singapore Airlines,HKT‐EWR,22h50m,1,SIN,3404,20220406-1612,fast
10:25 am – 7:20 pm +1,Singapore Airlines,EWR‐HKT,21h55m,1,SIN,11:40 am – 6:59 am +1,Singapore Airlines,HKT‐EWR,30h19m,2,"SIN, SFO",2153,20220406-1612,fast
10:25 am – 7:20 pm +1,Singapore Airlines,EWR‐HKT,21h55m,1,SIN,11:40 am – 7:10 am +1,Singapore Airlines,HKT‐EWR,30h30m,2,"SIN, LAX",12204,20220406-1612,fast
10:25 am – 7:20 pm +1,Singapore Airlines,EWR‐HKT,21h55m,1,SIN,10:25 am – 6:00 am +1,Singapore Airlines,HKT‐EWR,30h35m,1,SIN,1737,20220406-1612,fast
10:25 am – 7:20 pm +1,Singapore Airlines,EWR‐HKT,21h55m,1,SIN,10:20 am – 6:00 am +1,"Bangkok Airways, Singapore Airlines",HKT‐EWR,30h40m,2,"BKK, SIN",1875,20220406-1612,fast
9:00 pm – 3:05 pm +2,"Air Canada, Thai Airways",EWR‐HKT,31h05m,2,"YYZ, LHR",6:10 pm – 6:00 am +1,Singapore Airlines,HKT‐EWR,22h50m,1,SIN,2626,20220406-1612,fast
8:55 pm – 10:15 am +2,"Lufthansa, Etihad Airways",EWR‐HKT,26h20m,2,"MUC, AUH",7:50 pm – 12:25 pm +1,"Scoot, Lufthansa",HKT‐EWR,27h35m,2,"SIN, MUC",5465,20220406-1612,fast
8:55 pm – 10:15 am +2,"Lufthansa, Etihad Airways",EWR‐HKT,26h20m,2,"MUC, AUH",7:50 pm – 12:25 pm +1,"Scoot, Lufthansa",HKT‐EWR,27h35m,2,"SIN, MUC",5610,20220406-1612,fast
10:25 am – 7:20 pm +1,Singapore Airlines,EWR‐HKT,21h55m,1,SIN,12:10 am – 9:20 pm,Emirates,HKT‐EWR,32h10m,2,"DXB, ATH",2028,20220406-1612,fast
10:00 pm – 11:30 am +2,Multiple Airlines,EWR‐HKT,26h30m,2,"LHR, SIN",7:50 pm – 12:25 pm +1,"Scoot, Lufthansa",HKT‐EWR,27h35m,2,"SIN, MUC",5284,20220406-1612,fast
7:30 pm – 9:35 am +2,"Lufthansa, Singapore Airlines",EWR‐HKT,27h05m,2,"FRA, SIN",8:10 pm – 12:25 pm +1,"Singapore Airlines, Lufthansa",HKT‐EWR,27h15m,2,"SIN, MUC",2528,20220406-1612,fast
6:45 pm – 1:15 pm +2,"JetBlue, Qatar Airways",EWR‐HKT,31h30m,2,"BOS, DOH",6:10 pm – 6:00 am +1,Singapore Airlines,HKT‐EWR,22h50m,1,SIN,2567,20220406-1612,fast
