Out Time,Out Airline,Out Cities,Out Duration,Out Stops,Out Stop Cities,Return Time,Return Airline,Return Cities,Return Duration,Return Stops,Return Stop Cities,Price,timestamp,sort
12:15 pm – 7:05 am +2,"Air India, GoFirst",EWR‐HKT,31h50m,1,DEL,8:50 am – 9:00 pm +1,Multiple Airlines,HKT‐EWR,47h10m,2,"BKK, CDG-ORY",1173,20220406-0853,cheap
12:15 pm – 7:05 am +2,"Air India, GoFirst",EWR‐HKT,31h50m,1,DEL,8:00 pm – 9:00 pm +1,Multiple Airlines,HKT‐EWR,36h00m,2,"BKK, CDG-ORY",1179,20220406-0853,cheap
12:15 pm – 7:05 am +2,"Air India, GoFirst",EWR‐HKT,31h50m,1,DEL,9:15 pm – 9:00 pm +1,"Thai Airways, Air Caraïbes",HKT‐EWR,34h45m,2,"BKK, CDG-ORY",1252,20220406-0853,cheap
12:15 pm – 7:05 am +2,"Air India, GoFirst",EWR‐HKT,31h50m,1,DEL,9:45 pm – 9:20 pm +1,Emirates,HKT‐EWR,34h35m,2,"DXB, ATH",1286,20220406-0853,cheap
12:15 pm – 7:05 am +2,"Air India, GoFirst",EWR‐HKT,31h50m,1,DEL,9:45 pm – 9:00 pm +1,"Emirates, Air Caraïbes",HKT‐EWR,34h15m,2,"DXB, CDG-ORY",1307,20220406-0853,cheap
12:15 pm – 7:05 am +2,"Air India, GoFirst",EWR‐HKT,31h50m,1,DEL,11:50 am – 3:15 pm +1,"Thai Airways, TAP AIR PORTUGAL",HKT‐EWR,38h25m,2,"LHR, LIS",1417,20220406-0853,cheap
12:15 pm – 7:05 am +2,"Air India, GoFirst",EWR‐HKT,31h50m,1,DEL,11:50 am – 7:10 pm +1,Multiple Airlines,HKT‐EWR,42h20m,2,"LHR-LTN, KEF",1421,20220406-0853,cheap
11:55 pm – 8:00 pm +2,Emirates,EWR‐HKT,33h05m,2,"ATH, DXB",9:45 pm – 9:20 pm +1,Emirates,HKT‐EWR,34h35m,2,"DXB, ATH",1448,20220406-0853,cheap
12:15 pm – 7:05 am +2,"Air India, GoFirst",EWR‐HKT,31h50m,1,DEL,8:50 am – 12:55 pm +1,Multiple Airlines,HKT‐EWR,39h05m,2,"BKK, ARN",1497,20220406-0853,cheap
12:15 pm – 7:05 am +2,"Air India, GoFirst",EWR‐HKT,31h50m,1,DEL,12:45 pm – 12:55 pm +1,Multiple Airlines,HKT‐EWR,35h10m,2,"BKK, ARN",1500,20220406-0853,cheap
5:35 pm – 6:35 am +2,"SAS, Thai Airways",EWR‐HKT,26h00m,1,CPH,8:50 am – 9:00 pm +1,Multiple Airlines,HKT‐EWR,47h10m,2,"BKK, CDG-ORY",1548,20220406-0853,cheap
5:35 pm – 6:35 am +2,"SAS, Thai Airways",EWR‐HKT,26h00m,1,CPH,12:45 pm – 9:00 pm +1,Multiple Airlines,HKT‐EWR,43h15m,2,"BKK, CDG-ORY",1551,20220406-0853,cheap
5:35 pm – 6:35 am +2,"SAS, Thai Airways",EWR‐HKT,26h00m,1,CPH,8:00 pm – 9:00 pm +1,Multiple Airlines,HKT‐EWR,36h00m,2,"BKK, CDG-ORY",1556,20220406-0853,cheap
5:40 pm – 6:35 am +2,"TAP AIR PORTUGAL, Thai Airways",EWR‐HKT,25h55m,2,"LIS, CPH",9:15 pm – 9:00 pm +1,"Thai Airways, Air Caraïbes",HKT‐EWR,34h45m,2,"BKK, CDG-ORY",1558,20220406-0853,cheap
12:15 pm – 7:05 am +2,"Air India, GoFirst",EWR‐HKT,31h50m,1,DEL,12:10 am – 9:20 pm,Emirates,HKT‐EWR,32h10m,2,"DXB, ATH",1578,20220406-0853,cheap
11:55 pm – 8:00 pm +2,Emirates,EWR‐HKT,33h05m,2,"ATH, DXB",9:45 pm – 9:20 pm +1,Emirates,HKT‐EWR,34h35m,2,"DXB, ATH",1487,20220406-0851,best
5:35 pm – 6:35 am +2,"SAS, Thai Airways",EWR‐HKT,26h00m,1,CPH,9:15 pm – 9:00 pm +1,"Thai Airways, Air Caraïbes",HKT‐EWR,34h45m,2,"BKK, CDG-ORY",1649,20220406-0851,best
5:35 pm – 6:35 am +2,"SAS, Thai Airways",EWR‐HKT,26h00m,1,CPH,12:10 am – 9:20 pm,Emirates,HKT‐EWR,32h10m,2,"DXB, ATH",2016,20220406-0851,best
5:35 pm – 6:35 am +2,"SAS, Thai Airways",EWR‐HKT,26h00m,1,CPH,11:55 pm – 9:00 pm +1,"Qatar Airways, Air Caraïbes",HKT‐EWR,32h05m,2,"DOH, CDG-ORY",2067,20220406-0851,best
11:55 pm – 8:00 pm +2,Emirates,EWR‐HKT,33h05m,2,"ATH, DXB",9:45 pm – 9:20 pm +1,Emirates,HKT‐EWR,34h35m,2,"DXB, ATH",1448,20220406-0851,best
1:46 pm – 7:20 am +2,"American Airlines, Qatar Airways",EWR‐HKT,30h34m,2,"ORD, DOH",11:55 pm – 10:38 pm +1,"Qatar Airways, American Airlines",HKT‐EWR,33h43m,3,"DOH, PHL, ...",1794,20220406-0851,best
1:46 pm – 7:20 am +2,"American Airlines, Qatar Airways",EWR‐HKT,30h34m,2,"ORD, DOH",11:55 pm – 10:38 pm +1,"Qatar Airways, American Airlines",HKT‐EWR,33h43m,3,"DOH, BOS, ...",1794,20220406-0851,best
1:46 pm – 7:20 am +2,Qatar Airways,EWR‐HKT,30h34m,2,"ORD, DOH",11:55 pm – 7:54 pm +1,Qatar Airways,HKT‐EWR,30h59m,2,"DOH, BOS",2066,20220406-0851,best
1:46 pm – 7:20 am +2,"American Airlines, Qatar Airways",EWR‐HKT,30h34m,2,"ORD, DOH",11:55 pm – 11:43 pm +1,"Qatar Airways, American Airlines",HKT‐EWR,34h48m,3,"DOH, PHL, ...",1795,20220406-0851,best
12:37 pm – 7:20 am +2,"American Airlines, Qatar Airways",EWR‐HKT,31h43m,2,"MIA, DOH",11:55 pm – 10:38 pm +1,"Qatar Airways, American Airlines",HKT‐EWR,33h43m,3,"DOH, PHL, ...",1794,20220406-0851,best
12:37 pm – 7:20 am +2,"American Airlines, Qatar Airways",EWR‐HKT,31h43m,2,"MIA, DOH",11:55 pm – 10:38 pm +1,"Qatar Airways, American Airlines",HKT‐EWR,33h43m,3,"DOH, BOS, ...",1794,20220406-0851,best
8:45 pm – 7:05 pm +2,"Lufthansa, Bangkok Airways",EWR‐HKT,35h20m,2,"MUC, BKK",7:10 pm – 1:10 pm +1,"Bangkok Airways, SWISS",HKT‐EWR,29h00m,2,"BKK, ZRH",2006,20220406-0851,best
12:21 pm – 7:20 am +2,"American Airlines, Qatar Airways",EWR‐HKT,31h59m,2,"ORD, DOH",11:55 pm – 10:38 pm +1,"Qatar Airways, American Airlines",HKT‐EWR,33h43m,3,"DOH, PHL, ...",1794,20220406-0851,best
12:21 pm – 7:20 am +2,"American Airlines, Qatar Airways",EWR‐HKT,31h59m,2,"ORD, DOH",11:55 pm – 10:38 pm +1,"Qatar Airways, American Airlines",HKT‐EWR,33h43m,3,"DOH, BOS, ...",1794,20220406-0851,best
5:40 pm – 6:35 am +2,"TAP AIR PORTUGAL, Thai Airways",EWR‐HKT,25h55m,2,"LIS, CPH",9:15 pm – 9:00 pm +1,"Thai Airways, Air Caraïbes",HKT‐EWR,34h45m,2,"BKK, CDG-ORY",1558,20220406-0851,best
1:46 pm – 7:20 am +2,"American Airlines, Qatar Airways",EWR‐HKT,30h34m,2,"ORD, DOH",11:55 pm – 12:40 am +2,"Qatar Airways, American Airlines",HKT‐EWR,35h45m,3,"DOH, ORD, ...",1794,20220406-0851,best
8:00 pm – 6:35 am +2,Multiple Airlines,EWR‐HKT,23h35m,2,"LHR, CPH",9:45 pm – 12:25 pm +1,"Emirates, Lufthansa",HKT‐EWR,25h40m,2,"DXB, LHR",8157,20220406-0855,fast
8:00 pm – 6:35 am +2,Multiple Airlines,EWR‐HKT,23h35m,2,"LHR, CPH",8:00 pm – 11:55 am +1,"Etihad Airways, Lufthansa",HKT‐EWR,26h55m,2,"AUH, DUB",8197,20220406-0855,fast
8:00 pm – 6:35 am +2,Multiple Airlines,EWR‐HKT,23h35m,2,"LHR, CPH",8:00 pm – 11:55 am +1,"Etihad Airways, Lufthansa",HKT‐EWR,26h55m,2,"AUH, DUB",8229,20220406-0855,fast
8:00 pm – 6:35 am +2,Multiple Airlines,EWR‐HKT,23h35m,2,"LHR, CPH",7:10 pm – 11:55 am +1,Multiple Airlines,HKT‐EWR,27h45m,2,"BKK, CDG",8050,20220406-0855,fast
8:00 pm – 6:35 am +2,Multiple Airlines,EWR‐HKT,23h35m,2,"LHR, CPH",7:10 pm – 11:55 am +1,Multiple Airlines,HKT‐EWR,27h45m,2,"BKK, CDG",8082,20220406-0855,fast
8:30 am – 8:00 pm +1,"Lufthansa, Emirates",EWR‐HKT,24h30m,2,"LHR, DXB",7:50 pm – 11:55 am +1,Multiple Airlines,HKT‐EWR,27h05m,2,"SIN, CDG",8070,20220406-0855,fast
8:30 am – 8:00 pm +1,"Lufthansa, Emirates",EWR‐HKT,24h30m,2,"LHR, DXB",7:50 pm – 12:25 pm +1,Multiple Airlines,HKT‐EWR,27h35m,2,"SIN, LHR",8098,20220406-0855,fast
8:30 am – 8:00 pm +1,"Lufthansa, Emirates",EWR‐HKT,24h30m,2,"LHR, DXB",7:10 pm – 11:55 am +1,Multiple Airlines,HKT‐EWR,27h45m,2,"BKK, CDG",8148,20220406-0855,fast
11:00 pm – 12:55 pm +2,"Lufthansa, Thai Airways",EWR‐HKT,26h55m,2,"LHR, FRA",9:45 pm – 12:25 pm +1,"Emirates, Lufthansa",HKT‐EWR,25h40m,2,"DXB, LHR",8189,20220406-0855,fast
11:00 pm – 12:55 pm +2,Multiple Airlines,EWR‐HKT,26h55m,2,"LHR, FRA",9:45 pm – 12:25 pm +1,"Emirates, Lufthansa",HKT‐EWR,25h40m,2,"DXB, LHR",8199,20220406-0855,fast
8:00 pm – 6:35 am +2,Multiple Airlines,EWR‐HKT,23h35m,2,"LHR, CPH",7:10 pm – 1:55 pm +1,Austrian Airlines,HKT‐EWR,29h45m,2,"BKK, VIE",5016,20220406-0855,fast
8:00 pm – 6:35 am +2,Multiple Airlines,EWR‐HKT,23h35m,2,"LHR, CPH",7:10 pm – 1:55 pm +1,Austrian Airlines,HKT‐EWR,29h45m,2,"BKK, VIE",5048,20220406-0855,fast
8:00 pm – 6:35 am +2,Multiple Airlines,EWR‐HKT,23h35m,2,"LHR, CPH",7:10 pm – 1:55 pm +1,Multiple Airlines,HKT‐EWR,29h45m,2,"BKK, FRA",8058,20220406-0855,fast
8:00 pm – 6:35 am +2,Multiple Airlines,EWR‐HKT,23h35m,2,"LHR, CPH",7:10 pm – 1:55 pm +1,Multiple Airlines,HKT‐EWR,29h45m,2,"BKK, FRA",8059,20220406-0855,fast
6:05 pm – 7:20 am +2,"Lufthansa, Qatar Airways",EWR‐HKT,26h15m,2,"FRA, DOH",7:50 pm – 11:55 am +1,Multiple Airlines,HKT‐EWR,27h05m,2,"SIN, CDG",8148,20220406-0855,fast
