Out Time,Out Airline,Out Cities,Out Duration,Out Stops,Out Stop Cities,Return Time,Return Airline,Return Cities,Return Duration,Return Stops,Return Stop Cities,Price,timestamp,sort
12:00 pm – 10:20 am +2,"ANA, Thai Airways",EWR‐HKT,35h20m,2,"NRT, BKK",12:10 am – 9:20 pm,Emirates,HKT‐EWR,32h10m,2,"DXB, ATH",1386,20220406-1404,cheap
10:55 am – 10:20 am +2,"ANA, Thai Airways",EWR‐HKT,36h25m,2,"HND-NRT, BKK",12:10 am – 9:20 pm,Emirates,HKT‐EWR,32h10m,2,"DXB, ATH",1430,20220406-1404,cheap
12:00 pm – 10:20 am +2,"ANA, Thai Airways",EWR‐HKT,35h20m,2,"NRT, BKK",7:10 pm – 9:20 pm +1,Emirates,HKT‐EWR,37h10m,3,"BKK, DXB, ...",1510,20220406-1404,cheap
11:00 pm – 1:05 pm +2,"TAP AIR PORTUGAL, Thai Airways",EWR‐HKT,27h05m,2,"LIS, FRA",6:45 pm – 5:10 pm +1,"Thai Vietjet Air, ANA",HKT‐EWR,33h25m,2,"BKK, HND",1521,20220406-1404,cheap
5:35 pm – 10:20 am +2,"SAS, Thai Airways",EWR‐HKT,29h45m,3,"CPH, ARN, ...",9:15 pm – 2:55 pm +1,"Thai Airways, SAS",HKT‐EWR,28h40m,2,"BKK, CPH",1532,20220406-1404,cheap
5:35 pm – 10:20 am +2,"SAS, Thai Airways",EWR‐HKT,29h45m,3,"CPH, ARN, ...",7:40 pm – 2:55 pm +1,"Thai Airways, SAS",HKT‐EWR,30h15m,2,"BKK, CPH",1532,20220406-1404,cheap
5:35 pm – 10:20 am +2,"SAS, Thai Airways",EWR‐HKT,29h45m,3,"CPH, ARN, ...",5:05 pm – 2:55 pm +1,"Thai Airways, SAS",HKT‐EWR,32h50m,2,"BKK, CPH",1532,20220406-1404,cheap
5:35 pm – 10:20 am +2,"SAS, Thai Airways",EWR‐HKT,29h45m,3,"CPH, ARN, ...",4:05 pm – 2:55 pm +1,"Thai Airways, SAS",HKT‐EWR,33h50m,2,"BKK, CPH",1532,20220406-1404,cheap
5:35 pm – 10:20 am +2,"SAS, Thai Airways",EWR‐HKT,29h45m,3,"CPH, ARN, ...",9:15 pm – 9:05 pm +1,"Thai Airways, SAS",HKT‐EWR,34h50m,2,"BKK, CPH",1532,20220406-1404,cheap
11:00 pm – 1:05 pm +2,"TAP AIR PORTUGAL, Thai Airways",EWR‐HKT,27h05m,2,"LIS, FRA",5:25 pm – 5:10 pm +1,"Thai AirAsia, ANA",HKT‐EWR,34h45m,2,"BKK, HND",1533,20220406-1404,cheap
11:00 pm – 1:05 pm +2,"TAP AIR PORTUGAL, Thai Airways",EWR‐HKT,27h05m,2,"LIS, FRA",5:05 pm – 5:10 pm +1,"Thai Airways, ANA",HKT‐EWR,35h05m,2,"BKK, HND",1534,20220406-1404,cheap
11:00 pm – 1:05 pm +2,"TAP AIR PORTUGAL, Thai Airways",EWR‐HKT,27h05m,2,"LIS, FRA",9:15 pm – 9:00 pm +1,"Thai Airways, Air Caraïbes",HKT‐EWR,34h45m,2,"BKK, CDG-ORY",1566,20220406-1404,cheap
5:35 pm – 11:00 am +2,"SAS, Thai Airways",EWR‐HKT,30h25m,3,"CPH, ARN, ...",9:15 pm – 2:55 pm +1,"Thai Airways, SAS",HKT‐EWR,28h40m,2,"BKK, CPH",1582,20220406-1404,cheap
5:35 pm – 11:00 am +2,"SAS, Thai Airways",EWR‐HKT,30h25m,3,"CPH, ARN, ...",7:40 pm – 2:55 pm +1,"Thai Airways, SAS",HKT‐EWR,30h15m,2,"BKK, CPH",1582,20220406-1404,cheap
5:35 pm – 10:20 am +2,"SAS, Thai Airways",EWR‐HKT,29h45m,3,"CPH, ARN, ...",7:10 pm – 2:55 pm +1,"Thai Airways, SAS",HKT‐EWR,30h45m,2,"BKK, CPH",1630,20220406-1404,cheap
11:55 pm – 12:30 pm +2,Emirates,EWR‐HKT,25h35m,2,"ATH, DXB",12:10 am – 9:20 pm,Emirates,HKT‐EWR,32h10m,2,"DXB, ATH",1733,20220406-1401,best
10:25 am – 7:20 pm +1,Singapore Airlines,EWR‐HKT,21h55m,1,SIN,6:10 pm – 6:00 am +1,Singapore Airlines,HKT‐EWR,22h50m,1,SIN,2093,20220406-1401,best
12:00 pm – 10:20 am +2,"ANA, Thai Airways",EWR‐HKT,35h20m,2,"NRT, BKK",12:10 am – 9:20 pm,Emirates,HKT‐EWR,32h10m,2,"DXB, ATH",1386,20220406-1401,best
10:25 am – 7:20 pm +1,Singapore Airlines,EWR‐HKT,21h55m,1,SIN,11:40 am – 6:00 am +1,Singapore Airlines,HKT‐EWR,29h20m,1,SIN,2093,20220406-1401,best
10:25 am – 7:20 pm +1,Singapore Airlines,EWR‐HKT,21h55m,1,SIN,10:25 am – 6:00 am +1,Singapore Airlines,HKT‐EWR,30h35m,1,SIN,2093,20220406-1401,best
9:50 pm – 10:20 am +2,"SWISS, Thai Airways",EWR‐HKT,25h30m,2,"ZRH, BKK",7:10 pm – 1:55 pm +1,Austrian Airlines,HKT‐EWR,29h45m,2,"BKK, VIE",1909,20220406-1401,best
10:25 am – 7:20 pm +1,Singapore Airlines,EWR‐HKT,21h55m,1,SIN,11:40 am – 7:00 am +1,Singapore Airlines,HKT‐EWR,30h20m,2,"SIN, SFO",2318,20220406-1401,best
11:55 pm – 12:30 pm +2,Emirates,EWR‐HKT,25h35m,2,"ATH, DXB",12:10 am – 9:20 pm,Emirates,HKT‐EWR,32h10m,2,"DXB, ATH",1694,20220406-1401,best
10:25 am – 9:35 am +2,Singapore Airlines,EWR‐HKT,36h10m,1,SIN,6:10 pm – 6:00 am +1,Singapore Airlines,HKT‐EWR,22h50m,1,SIN,2093,20220406-1401,best
10:25 am – 7:20 pm +1,Singapore Airlines,EWR‐HKT,21h55m,1,SIN,10:25 am – 7:00 am +1,Singapore Airlines,HKT‐EWR,31h35m,2,"SIN, SFO",2318,20220406-1401,best
10:25 am – 7:20 pm +1,Singapore Airlines,EWR‐HKT,21h55m,1,SIN,12:10 am – 9:20 pm,Emirates,HKT‐EWR,32h10m,2,"DXB, ATH",2198,20220406-1401,best
10:25 am – 10:50 am +2,Singapore Airlines,EWR‐HKT,37h25m,1,SIN,6:10 pm – 6:00 am +1,Singapore Airlines,HKT‐EWR,22h50m,1,SIN,2093,20220406-1401,best
9:50 pm – 10:20 am +2,"SWISS, Thai Airways",EWR‐HKT,25h30m,2,"ZRH, BKK",1:00 pm – 12:25 pm +1,"THAI Smile, Lufthansa",HKT‐EWR,34h25m,2,"BKK, MUC",1840,20220406-1401,best
9:50 pm – 10:20 am +2,"SWISS, Thai Airways",EWR‐HKT,25h30m,2,"ZRH, BKK",1:00 pm – 1:55 pm +1,"THAI Smile, Austrian Airlines",HKT‐EWR,35h55m,2,"BKK, VIE",1827,20220406-1401,best
10:55 am – 10:20 am +2,"ANA, Thai Airways",EWR‐HKT,36h25m,2,"HND-NRT, BKK",12:10 am – 9:20 pm,Emirates,HKT‐EWR,32h10m,2,"DXB, ATH",1430,20220406-1401,best
6:20 pm – 12:30 pm +2,Emirates,EWR‐HKT,31h10m,2,"BOS, DXB",12:10 am – 9:20 pm,Emirates,HKT‐EWR,32h10m,2,"DXB, ATH",1763,20220406-1401,best
10:25 am – 7:20 pm +1,Singapore Airlines,EWR‐HKT,21h55m,1,SIN,6:10 pm – 6:00 am +1,Singapore Airlines,HKT‐EWR,22h50m,1,SIN,2093,20220406-1406,fast
10:25 am – 7:20 pm +1,Singapore Airlines,EWR‐HKT,21h55m,1,SIN,11:40 am – 6:00 am +1,Singapore Airlines,HKT‐EWR,29h20m,1,SIN,2093,20220406-1406,fast
9:50 pm – 10:20 am +2,"SWISS, Thai Airways",EWR‐HKT,25h30m,2,"ZRH, BKK",9:05 pm – 11:50 am +1,"Qatar Airways, Lufthansa",HKT‐EWR,25h45m,2,"DOH, DUB",5124,20220406-1406,fast
9:50 pm – 10:20 am +2,"SWISS, Thai Airways",EWR‐HKT,25h30m,2,"ZRH, BKK",12:10 am – 3:35 pm,"Emirates, Lufthansa",HKT‐EWR,26h25m,2,"DXB, CDG",5043,20220406-1406,fast
10:00 pm – 9:35 am +2,"Austrian Airlines, Singapore Airlines",EWR‐HKT,24h35m,2,"LHR, SIN",7:50 pm – 12:25 pm +1,"Scoot, Lufthansa",HKT‐EWR,27h35m,2,"SIN, MUC",4947,20220406-1406,fast
10:25 am – 7:20 pm +1,Singapore Airlines,EWR‐HKT,21h55m,1,SIN,11:40 am – 7:00 am +1,Singapore Airlines,HKT‐EWR,30h20m,2,"SIN, SFO",2318,20220406-1406,fast
9:50 pm – 10:20 am +2,"SWISS, Thai Airways",EWR‐HKT,25h30m,2,"ZRH, BKK",9:20 pm – 1:10 pm +1,Multiple Airlines,HKT‐EWR,26h50m,2,"SIN, ZRH",4889,20220406-1406,fast
9:50 pm – 10:20 am +2,"SWISS, Thai Airways",EWR‐HKT,25h30m,2,"ZRH, BKK",7:50 pm – 11:45 am +1,Multiple Airlines,HKT‐EWR,26h55m,2,"SIN, CDG",4911,20220406-1406,fast
10:25 am – 7:20 pm +1,Singapore Airlines,EWR‐HKT,21h55m,1,SIN,10:25 am – 6:00 am +1,Singapore Airlines,HKT‐EWR,30h35m,1,SIN,2093,20220406-1406,fast
10:00 pm – 10:20 am +2,"Lufthansa, Thai Airways",EWR‐HKT,25h20m,2,"LHR, BKK",7:50 pm – 12:25 pm +1,"Scoot, Lufthansa",HKT‐EWR,27h35m,2,"SIN, MUC",5013,20220406-1406,fast
9:50 pm – 10:20 am +2,"SWISS, Thai Airways",EWR‐HKT,25h30m,2,"ZRH, BKK",7:50 pm – 12:25 pm +1,"Scoot, Lufthansa",HKT‐EWR,27h35m,2,"SIN, MUC",1887,20220406-1406,fast
9:50 pm – 10:20 am +2,"SWISS, Thai Airways",EWR‐HKT,25h30m,2,"ZRH, BKK",7:10 pm – 11:45 am +1,Multiple Airlines,HKT‐EWR,27h35m,2,"BKK, CDG",4965,20220406-1406,fast
9:50 pm – 10:20 am +2,"SWISS, Thai Airways",EWR‐HKT,25h30m,2,"ZRH, BKK",7:50 pm – 12:25 pm +1,"Scoot, Lufthansa",HKT‐EWR,27h35m,2,"SIN, MUC",4975,20220406-1406,fast
9:50 pm – 10:20 am +2,"SWISS, Thai Airways",EWR‐HKT,25h30m,2,"ZRH, BKK",7:10 pm – 11:55 am +1,Multiple Airlines,HKT‐EWR,27h45m,2,"BKK, ARN",4946,20220406-1406,fast
7:45 pm – 1:15 pm +2,"American Airlines, Qatar Airways",EWR‐HKT,30h30m,2,"ORD, DOH",6:10 pm – 6:00 am +1,Singapore Airlines,HKT‐EWR,22h50m,1,SIN,2542,20220406-1406,fast
