Out Time,Out Airline,Out Cities,Out Duration,Out Stops,Out Stop Cities,Return Time,Return Airline,Return Cities,Return Duration,Return Stops,Return Stop Cities,Price,timestamp,sort
11:35 am – 9:30 am +2,"ANA, Bangkok Airways",EWR‐HKT,34h55m,2,"NRT, BKK",2:40 pm – 5:10 pm +1,"Bangkok Airways, ANA",HKT‐EWR,37h30m,2,"BKK, HND",1305,20220409-0902,cheap
11:35 am – 9:30 am +2,"ANA, Bangkok Airways",EWR‐HKT,34h55m,2,"NRT, BKK",12:10 am – 9:20 pm,Emirates,HKT‐EWR,32h10m,2,"DXB, ATH",1383,20220409-0902,cheap
11:35 am – 2:00 pm +2,"ANA, Bangkok Airways",EWR‐HKT,39h25m,2,"NRT, BKK",12:10 am – 9:20 pm,Emirates,HKT‐EWR,32h10m,2,"DXB, ATH",1386,20220409-0902,cheap
10:55 am – 9:30 am +2,"ANA, Bangkok Airways",EWR‐HKT,35h35m,2,"HND-NRT, BKK",12:10 am – 9:20 pm,Emirates,HKT‐EWR,32h10m,2,"DXB, ATH",1392,20220409-0902,cheap
9:00 am – 9:35 am +2,Singapore Airlines,EWR‐HKT,37h35m,3,"LAX, NRT, ...",12:10 am – 9:20 pm,Emirates,HKT‐EWR,32h10m,2,"DXB, ATH",1573,20220409-0902,cheap
11:55 pm – 12:30 pm +2,Emirates,EWR‐HKT,25h35m,2,"ATH, DXB",12:10 am – 9:20 pm,Emirates,HKT‐EWR,32h10m,2,"DXB, ATH",1630,20220409-0902,cheap
9:00 am – 9:35 am +2,"Alaska Airlines, Singapore Airlines",EWR‐HKT,37h35m,3,"LAX, NRT, ...",6:10 pm – 6:00 am +1,Singapore Airlines,HKT‐EWR,22h50m,1,SIN,1638,20220409-0902,cheap
9:00 am – 9:35 am +2,"Alaska Airlines, Singapore Airlines",EWR‐HKT,37h35m,3,"LAX, NRT, ...",11:40 am – 6:00 am +1,Singapore Airlines,HKT‐EWR,29h20m,1,SIN,1638,20220409-0902,cheap
9:00 am – 9:35 am +2,"Alaska Airlines, Singapore Airlines",EWR‐HKT,37h35m,3,"LAX, NRT, ...",10:25 am – 6:00 am +1,Singapore Airlines,HKT‐EWR,30h35m,1,SIN,1638,20220409-0902,cheap
9:00 am – 10:50 am +2,"Alaska Airlines, Singapore Airlines",EWR‐HKT,38h50m,3,"LAX, NRT, ...",6:10 pm – 6:00 am +1,Singapore Airlines,HKT‐EWR,22h50m,1,SIN,1648,20220409-0902,cheap
9:00 am – 5:10 pm +2,"Alaska Airlines, Singapore Airlines",EWR‐HKT,45h10m,3,"LAX, NRT, ...",6:10 pm – 6:00 am +1,Singapore Airlines,HKT‐EWR,22h50m,1,SIN,1648,20220409-0902,cheap
9:00 am – 10:50 am +2,"Alaska Airlines, Singapore Airlines",EWR‐HKT,38h50m,3,"LAX, NRT, ...",11:40 am – 6:00 am +1,Singapore Airlines,HKT‐EWR,29h20m,1,SIN,1648,20220409-0902,cheap
9:00 am – 10:50 am +2,"Alaska Airlines, Singapore Airlines",EWR‐HKT,38h50m,3,"LAX, NRT, ...",10:25 am – 6:00 am +1,Singapore Airlines,HKT‐EWR,30h35m,1,SIN,1648,20220409-0902,cheap
9:00 am – 7:20 pm +2,"Alaska Airlines, Singapore Airlines",EWR‐HKT,47h20m,3,"LAX, NRT, ...",6:10 pm – 6:00 am +1,Singapore Airlines,HKT‐EWR,22h50m,1,SIN,1648,20220409-0902,cheap
9:00 am – 9:35 am +2,Singapore Airlines,EWR‐HKT,37h35m,3,"LAX, NRT, ...",12:10 pm – 6:00 am +1,Singapore Airlines,HKT‐EWR,28h50m,1,SIN,1659,20220409-0902,cheap
11:35 am – 9:30 am +2,"ANA, Bangkok Airways",EWR‐HKT,34h55m,2,"NRT, BKK",2:40 pm – 5:10 pm +1,"Bangkok Airways, ANA",HKT‐EWR,37h30m,2,"BKK, HND",1305,20220409-0859,best
10:25 am – 7:20 pm +1,Singapore Airlines,EWR‐HKT,21h55m,1,SIN,6:10 pm – 6:00 am +1,Singapore Airlines,HKT‐EWR,22h50m,1,SIN,1785,20220409-0859,best
11:35 am – 9:30 am +2,"ANA, Bangkok Airways",EWR‐HKT,34h55m,2,"NRT, BKK",2:40 pm – 5:10 pm +1,"Bangkok Airways, ANA",HKT‐EWR,37h30m,2,"BKK, HND",1305,20220409-0859,best
10:25 am – 7:20 pm +1,Singapore Airlines,EWR‐HKT,21h55m,1,SIN,11:40 am – 6:00 am +1,Singapore Airlines,HKT‐EWR,29h20m,1,SIN,1785,20220409-0859,best
10:25 am – 7:20 pm +1,Singapore Airlines,EWR‐HKT,21h55m,1,SIN,12:10 pm – 6:00 am +1,Singapore Airlines,HKT‐EWR,28h50m,1,SIN,1828,20220409-0859,best
10:25 am – 7:20 pm +1,Singapore Airlines,EWR‐HKT,21h55m,1,SIN,10:25 am – 6:00 am +1,Singapore Airlines,HKT‐EWR,30h35m,1,SIN,1785,20220409-0859,best
10:25 am – 9:35 am +2,Singapore Airlines,EWR‐HKT,36h10m,1,SIN,6:10 pm – 6:00 am +1,Singapore Airlines,HKT‐EWR,22h50m,1,SIN,1785,20220409-0859,best
10:25 am – 7:20 pm +1,Singapore Airlines,EWR‐HKT,21h55m,1,SIN,12:10 am – 9:20 pm,Emirates,HKT‐EWR,32h10m,2,"DXB, ATH",1916,20220409-0859,best
10:25 am – 10:50 am +2,Singapore Airlines,EWR‐HKT,37h25m,1,SIN,6:10 pm – 6:00 am +1,Singapore Airlines,HKT‐EWR,22h50m,1,SIN,1785,20220409-0859,best
9:00 am – 9:35 am +2,"Alaska Airlines, Singapore Airlines",EWR‐HKT,37h35m,3,"LAX, NRT, ...",6:10 pm – 6:00 am +1,Singapore Airlines,HKT‐EWR,22h50m,1,SIN,1638,20220409-0859,best
11:55 pm – 12:30 pm +2,Emirates,EWR‐HKT,25h35m,2,"ATH, DXB",12:10 am – 9:20 pm,Emirates,HKT‐EWR,32h10m,2,"DXB, ATH",1630,20220409-0859,best
9:00 am – 10:50 am +2,"Alaska Airlines, Singapore Airlines",EWR‐HKT,38h50m,3,"LAX, NRT, ...",6:10 pm – 6:00 am +1,Singapore Airlines,HKT‐EWR,22h50m,1,SIN,1648,20220409-0859,best
11:35 am – 9:30 am +2,"ANA, Bangkok Airways",EWR‐HKT,34h55m,2,"NRT, BKK",12:10 am – 9:20 pm,Emirates,HKT‐EWR,32h10m,2,"DXB, ATH",1383,20220409-0859,best
10:25 am – 7:20 pm +1,Singapore Airlines,EWR‐HKT,21h55m,1,SIN,8:10 pm – 6:00 am +2,Singapore Airlines,HKT‐EWR,44h50m,1,SIN,1704,20220409-0859,best
10:25 am – 9:35 am +2,Singapore Airlines,EWR‐HKT,36h10m,1,SIN,11:40 am – 6:00 am +1,Singapore Airlines,HKT‐EWR,29h20m,1,SIN,1785,20220409-0859,best
10:55 am – 9:30 am +2,"ANA, Bangkok Airways",EWR‐HKT,35h35m,2,"HND-NRT, BKK",12:10 am – 9:20 pm,Emirates,HKT‐EWR,32h10m,2,"DXB, ATH",1392,20220409-0859,best
10:25 am – 9:35 am +2,Singapore Airlines,EWR‐HKT,36h10m,1,SIN,12:10 pm – 6:00 am +1,Singapore Airlines,HKT‐EWR,28h50m,1,SIN,1828,20220409-0859,best
10:25 am – 7:20 pm +1,Singapore Airlines,EWR‐HKT,21h55m,1,SIN,6:10 pm – 6:00 am +1,Singapore Airlines,HKT‐EWR,22h50m,1,SIN,1785,20220409-0904,fast
10:25 am – 7:20 pm +1,Singapore Airlines,EWR‐HKT,21h55m,1,SIN,12:10 pm – 6:00 am +1,Singapore Airlines,HKT‐EWR,28h50m,1,SIN,1828,20220409-0904,fast
10:25 am – 7:20 pm +1,Singapore Airlines,EWR‐HKT,21h55m,1,SIN,11:40 am – 6:00 am +1,Singapore Airlines,HKT‐EWR,29h20m,1,SIN,1785,20220409-0904,fast
9:50 pm – 9:30 am +2,"SWISS, Bangkok Airways",EWR‐HKT,24h40m,2,"ZRH, BKK",7:50 pm – 12:25 pm +1,"Scoot, Lufthansa",HKT‐EWR,27h35m,2,"SIN, MUC",1886,20220409-0904,fast
10:25 am – 7:20 pm +1,Singapore Airlines,EWR‐HKT,21h55m,1,SIN,10:25 am – 6:00 am +1,Singapore Airlines,HKT‐EWR,30h35m,1,SIN,1785,20220409-0904,fast
7:00 am – 12:10 am +2,"JetBlue, Asiana Airlines",EWR‐HKT,30h10m,2,"LAX, ICN",6:10 pm – 6:00 am +1,Singapore Airlines,HKT‐EWR,22h50m,1,SIN,2827,20220409-0904,fast
9:50 pm – 10:40 am +2,"SWISS, Thai Airways",EWR‐HKT,25h50m,2,"ZRH, BKK",8:10 pm – 12:25 pm +1,"Singapore Airlines, Lufthansa",HKT‐EWR,27h15m,2,"SIN, MUC",2178,20220409-0904,fast
7:45 pm – 1:15 pm +2,"American Airlines, Qatar Airways",EWR‐HKT,30h30m,2,"ORD, DOH",6:10 pm – 6:00 am +1,Singapore Airlines,HKT‐EWR,22h50m,1,SIN,2293,20220409-0904,fast
10:25 am – 7:20 pm +1,Singapore Airlines,EWR‐HKT,21h55m,1,SIN,12:10 am – 9:20 pm,Emirates,HKT‐EWR,32h10m,2,"DXB, ATH",1916,20220409-0904,fast
11:55 pm – 12:30 pm +2,Emirates,EWR‐HKT,25h35m,2,"ATH, DXB",12:10 pm – 6:00 am +1,Singapore Airlines,HKT‐EWR,28h50m,1,SIN,2543,20220409-0904,fast
4:00 pm – 10:50 am +2,Singapore Airlines,EWR‐HKT,31h50m,2,"LAX, SIN",6:10 pm – 6:00 am +1,Singapore Airlines,HKT‐EWR,22h50m,1,SIN,2358,20220409-0904,fast
5:43 pm – 1:15 pm +2,"American Airlines, Qatar Airways",EWR‐HKT,32h32m,2,"ORD, DOH",6:10 pm – 6:00 am +1,Singapore Airlines,HKT‐EWR,22h50m,1,SIN,2293,20220409-0904,fast
5:35 pm – 9:35 am +2,"SAS, Thai Airways",EWR‐HKT,29h00m,3,"CPH, ARN, ...",9:15 pm – 12:55 pm +1,"Thai Airways, SAS",HKT‐EWR,26h40m,2,"BKK, ARN",1935,20220409-0904,fast
11:55 pm – 12:30 pm +2,Emirates,EWR‐HKT,25h35m,2,"ATH, DXB",12:10 am – 9:20 pm,Emirates,HKT‐EWR,32h10m,2,"DXB, ATH",1630,20220409-0904,fast
5:35 pm – 9:35 am +2,"SAS, Thai Airways",EWR‐HKT,29h00m,3,"CPH, ARN, ...",7:10 pm – 12:55 pm +1,"Thai Airways, SAS",HKT‐EWR,28h45m,2,"BKK, ARN",1858,20220409-0904,fast
