Out Time,Out Airline,Out Cities,Out Duration,Out Stops,Out Stop Cities,Return Time,Return Airline,Return Cities,Return Duration,Return Stops,Return Stop Cities,Price,timestamp,sort
12:15 pm – 7:05 am +2,"Air India, GoFirst",EWR‐HKT,31h50m,1,DEL,5:20 pm – 10:20 pm +1,"Thai Vietjet Air, Turkish Airlines",HKT‐EWR,40h00m,2,"BKK, IST",1459,20220406-0706,cheap
12:15 pm – 7:05 am +2,"Air India, GoFirst",EWR‐HKT,31h50m,1,DEL,7:10 pm – 10:20 pm +1,"Bangkok Airways, Turkish Airlines",HKT‐EWR,38h10m,2,"BKK, IST",1515,20220406-0706,cheap
12:15 pm – 7:05 am +2,"Air India, GoFirst",EWR‐HKT,31h50m,1,DEL,11:55 pm – 9:00 pm +1,Qatar Airways,HKT‐EWR,32h05m,2,"DOH, ORD",1518,20220406-0706,cheap
12:15 pm – 7:05 am +2,"Air India, GoFirst",EWR‐HKT,31h50m,1,DEL,12:10 am – 9:20 pm,Emirates,HKT‐EWR,32h10m,2,"DXB, ATH",1625,20220406-0706,cheap
1:55 pm – 7:20 am +2,"American Airlines, Qatar Airways",EWR‐HKT,30h25m,2,"DFW, DOH",11:55 pm – 9:00 pm +1,"Qatar Airways, American Airlines",HKT‐EWR,32h05m,2,"DOH, ORD",1641,20220406-0706,cheap
1:46 pm – 7:20 am +2,"American Airlines, Qatar Airways",EWR‐HKT,30h34m,2,"ORD, DOH",11:55 pm – 9:00 pm +1,"Qatar Airways, American Airlines",HKT‐EWR,32h05m,2,"DOH, ORD",1641,20220406-0706,cheap
12:37 pm – 7:20 am +2,"American Airlines, Qatar Airways",EWR‐HKT,31h43m,2,"MIA, DOH",11:55 pm – 9:00 pm +1,"Qatar Airways, American Airlines",HKT‐EWR,32h05m,2,"DOH, ORD",1641,20220406-0706,cheap
12:21 pm – 7:20 am +2,"American Airlines, Qatar Airways",EWR‐HKT,31h59m,2,"ORD, DOH",11:55 pm – 9:00 pm +1,"Qatar Airways, American Airlines",HKT‐EWR,32h05m,2,"DOH, ORD",1641,20220406-0706,cheap
1:55 pm – 7:20 am +2,"American Airlines, Qatar Airways",EWR‐HKT,30h25m,2,"DFW, DOH",11:55 pm – 11:43 pm +1,"Qatar Airways, American Airlines",HKT‐EWR,34h48m,2,"DOH, ORD",1641,20220406-0706,cheap
1:46 pm – 7:20 am +2,"American Airlines, Qatar Airways",EWR‐HKT,30h34m,2,"ORD, DOH",11:55 pm – 11:43 pm +1,"Qatar Airways, American Airlines",HKT‐EWR,34h48m,2,"DOH, ORD",1641,20220406-0706,cheap
10:58 am – 7:20 am +2,"American Airlines, Qatar Airways",EWR‐HKT,33h22m,2,"DFW, DOH",11:55 pm – 9:00 pm +1,"Qatar Airways, American Airlines",HKT‐EWR,32h05m,2,"DOH, ORD",1641,20220406-0706,cheap
1:55 pm – 7:20 am +2,"American Airlines, Qatar Airways",EWR‐HKT,30h25m,2,"DFW, DOH",11:55 pm – 12:02 am +2,"Qatar Airways, American Airlines",HKT‐EWR,35h07m,2,"DOH, MIA",1641,20220406-0706,cheap
10:50 am – 7:20 am +2,"American Airlines, Qatar Airways",EWR‐HKT,33h30m,2,"ORD, DOH",11:55 pm – 9:00 pm +1,"Qatar Airways, American Airlines",HKT‐EWR,32h05m,2,"DOH, ORD",1641,20220406-0706,cheap
1:46 pm – 7:20 am +2,"American Airlines, Qatar Airways",EWR‐HKT,30h34m,2,"ORD, DOH",11:55 pm – 12:02 am +2,"Qatar Airways, American Airlines",HKT‐EWR,35h07m,2,"DOH, MIA",1641,20220406-0706,cheap
12:37 pm – 7:20 am +2,"American Airlines, Qatar Airways",EWR‐HKT,31h43m,2,"MIA, DOH",11:55 pm – 11:43 pm +1,"Qatar Airways, American Airlines",HKT‐EWR,34h48m,2,"DOH, ORD",1641,20220406-0706,cheap
7:15 am – 7:20 am +2,"JetBlue, Qatar Airways",EWR‐HKT,37h05m,2,"BOS, DOH",9:45 pm – 9:20 pm +1,Emirates,HKT‐EWR,34h35m,2,"DXB, ATH",1900,20220406-0703,best
10:25 am – 7:45 am +2,Singapore Airlines,EWR‐HKT,34h20m,1,SIN,11:40 am – 6:00 am +1,Singapore Airlines,HKT‐EWR,29h20m,1,SIN,1783,20220406-0703,best
1:55 pm – 7:20 am +2,"American Airlines, Qatar Airways",EWR‐HKT,30h25m,2,"DFW, DOH",11:55 pm – 9:00 pm +1,"Qatar Airways, American Airlines",HKT‐EWR,32h05m,2,"DOH, ORD",1641,20220406-0703,best
1:46 pm – 7:20 am +2,"American Airlines, Qatar Airways",EWR‐HKT,30h34m,2,"ORD, DOH",11:55 pm – 9:00 pm +1,"Qatar Airways, American Airlines",HKT‐EWR,32h05m,2,"DOH, ORD",1641,20220406-0703,best
10:25 am – 7:45 am +2,Singapore Airlines,EWR‐HKT,34h20m,1,SIN,10:25 am – 6:00 am +1,Singapore Airlines,HKT‐EWR,30h35m,1,SIN,1783,20220406-0703,best
10:25 am – 7:20 pm +1,Singapore Airlines,EWR‐HKT,21h55m,1,SIN,11:40 am – 6:00 am +1,Singapore Airlines,HKT‐EWR,29h20m,1,SIN,2524,20220406-0703,best
12:37 pm – 7:20 am +2,"American Airlines, Qatar Airways",EWR‐HKT,31h43m,2,"MIA, DOH",11:55 pm – 9:00 pm +1,"Qatar Airways, American Airlines",HKT‐EWR,32h05m,2,"DOH, ORD",1641,20220406-0703,best
10:25 am – 7:45 am +2,Singapore Airlines,EWR‐HKT,34h20m,1,SIN,6:10 pm – 6:00 am +1,Singapore Airlines,HKT‐EWR,22h50m,1,SIN,2241,20220406-0703,best
12:21 pm – 7:20 am +2,"American Airlines, Qatar Airways",EWR‐HKT,31h59m,2,"ORD, DOH",11:55 pm – 9:00 pm +1,"Qatar Airways, American Airlines",HKT‐EWR,32h05m,2,"DOH, ORD",1641,20220406-0703,best
1:46 pm – 7:20 am +2,"American Airlines, Qatar Airways",EWR‐HKT,30h34m,3,"ORD, PHL, ...",11:55 pm – 9:00 pm +1,"Qatar Airways, American Airlines",HKT‐EWR,32h05m,2,"DOH, ORD",1645,20220406-0703,best
1:43 pm – 7:20 am +2,"American Airlines, Qatar Airways",EWR‐HKT,30h37m,3,"CLT, ORD, ...",11:55 pm – 9:00 pm +1,"Qatar Airways, American Airlines",HKT‐EWR,32h05m,2,"DOH, ORD",1644,20220406-0703,best
1:43 pm – 7:20 am +2,"American Airlines, Qatar Airways",EWR‐HKT,30h37m,3,"CLT, PHL, ...",11:55 pm – 9:00 pm +1,"Qatar Airways, American Airlines",HKT‐EWR,32h05m,2,"DOH, ORD",1644,20220406-0703,best
1:43 pm – 7:20 am +2,"American Airlines, Qatar Airways",EWR‐HKT,30h37m,3,"CLT, PHL, ...",11:55 pm – 9:00 pm +1,"Qatar Airways, American Airlines",HKT‐EWR,32h05m,2,"DOH, ORD",1644,20220406-0703,best
1:43 pm – 7:20 am +2,"American Airlines, Qatar Airways",EWR‐HKT,30h37m,3,"CLT, ATL, ...",11:55 pm – 9:00 pm +1,"Qatar Airways, American Airlines",HKT‐EWR,32h05m,2,"DOH, ORD",1644,20220406-0703,best
10:25 am – 7:20 pm +1,Singapore Airlines,EWR‐HKT,21h55m,1,SIN,10:25 am – 6:00 am +1,Singapore Airlines,HKT‐EWR,30h35m,1,SIN,2524,20220406-0703,best
1:55 pm – 7:20 am +2,"American Airlines, Qatar Airways",EWR‐HKT,30h25m,2,"DFW, DOH",11:55 pm – 11:43 pm +1,"Qatar Airways, American Airlines",HKT‐EWR,34h48m,2,"DOH, ORD",1641,20220406-0703,best
10:25 am – 7:20 pm +1,Singapore Airlines,EWR‐HKT,21h55m,1,SIN,6:10 pm – 6:00 am +1,Singapore Airlines,HKT‐EWR,22h50m,1,SIN,2993,20220406-0708,fast
10:25 am – 7:20 pm +1,Singapore Airlines,EWR‐HKT,21h55m,1,SIN,11:40 am – 6:00 am +1,Singapore Airlines,HKT‐EWR,29h20m,1,SIN,2524,20220406-0708,fast
9:50 pm – 10:20 am +2,"SWISS, Thai Airways",EWR‐HKT,25h30m,2,"ZRH, BKK",9:05 pm – 12:25 pm +1,Multiple Airlines,HKT‐EWR,26h20m,2,"DOH, LGW-LHR",5706,20220406-0708,fast
9:50 pm – 10:20 am +2,"SWISS, Thai Airways",EWR‐HKT,25h30m,2,"ZRH, BKK",8:00 pm – 11:55 am +1,"Etihad Airways, Lufthansa",HKT‐EWR,26h55m,2,"AUH, CDG",5453,20220406-0708,fast
10:25 am – 7:20 pm +1,Singapore Airlines,EWR‐HKT,21h55m,1,SIN,10:25 am – 6:00 am +1,Singapore Airlines,HKT‐EWR,30h35m,1,SIN,2524,20220406-0708,fast
9:50 pm – 10:20 am +2,"SWISS, Thai Airways",EWR‐HKT,25h30m,2,"ZRH, BKK",7:50 pm – 12:25 pm +1,Multiple Airlines,HKT‐EWR,27h35m,2,"SIN, LHR",5264,20220406-0708,fast
9:50 pm – 10:20 am +2,"SWISS, Thai Airways",EWR‐HKT,25h30m,2,"ZRH, BKK",7:10 pm – 11:55 am +1,Multiple Airlines,HKT‐EWR,27h45m,2,"BKK, CDG",5290,20220406-0708,fast
8:45 pm – 10:15 am +2,"Lufthansa, Finnair",EWR‐HKT,26h30m,2,"MUC, HEL",8:00 pm – 11:55 am +1,"Etihad Airways, Lufthansa",HKT‐EWR,26h55m,2,"AUH, CDG",8131,20220406-0708,fast
9:50 pm – 10:20 am +2,"SWISS, Thai Airways",EWR‐HKT,25h30m,2,"ZRH, BKK",7:10 pm – 12:15 pm +1,Multiple Airlines,HKT‐EWR,28h05m,2,"BKK, BRU",5358,20220406-0708,fast
8:45 pm – 10:15 am +2,"Lufthansa, Finnair",EWR‐HKT,26h30m,2,"MUC, HEL",7:50 pm – 12:25 pm +1,Multiple Airlines,HKT‐EWR,27h35m,2,"SIN, LHR",8119,20220406-0708,fast
8:45 pm – 6:55 am +2,"Lufthansa, THAI Smile",EWR‐HKT,23h10m,2,"MUC, BOM",5:05 pm – 1:10 pm +1,"THAI Smile, SWISS",HKT‐EWR,31h05m,2,"BKK, ZRH",5792,20220406-0708,fast
8:45 pm – 10:15 am +2,"Lufthansa, Finnair",EWR‐HKT,26h30m,2,"MUC, HEL",7:10 pm – 11:55 am +1,Multiple Airlines,HKT‐EWR,27h45m,2,"BKK, CDG",8170,20220406-0708,fast
9:50 pm – 12:55 pm +2,"SWISS, Thai Airways",EWR‐HKT,28h05m,2,"ZRH, FRA",8:25 pm – 12:15 pm +1,"Bangkok Airways, Brussels Airlines",HKT‐EWR,26h50m,2,"AUH, BRU",2474,20220406-0708,fast
8:45 pm – 6:55 am +2,"Lufthansa, THAI Smile",EWR‐HKT,23h10m,2,"MUC, BOM",11:55 pm – 9:00 pm +1,Qatar Airways,HKT‐EWR,32h05m,2,"DOH, ORD",5029,20220406-0708,fast
9:50 pm – 10:20 am +2,"SWISS, Thai Airways",EWR‐HKT,25h30m,2,"ZRH, BKK",7:10 pm – 1:55 pm +1,Multiple Airlines,HKT‐EWR,29h45m,2,"BKK, FRA",5298,20220406-0708,fast
