Out Time,Out Airline,Out Cities,Out Duration,Out Stops,Out Stop Cities,Return Time,Return Airline,Return Cities,Return Duration,Return Stops,Return Stop Cities,Price,timestamp,sort
1:42 pm – 1:15 pm +2,Qatar Airways,EWR‐HKT,36h33m,2,"ORD, DOH",11:55 pm – 8:52 pm +1,Qatar Airways,HKT‐EWR,31h57m,2,"DOH, BOS",1486,20220406-0909,cheap
8:29 pm – 10:50 am +3,"Alaska Airlines, Singapore Airlines",EWR‐HKT,51h21m,3,"LAX, NRT, ...",6:10 pm – 6:00 am +1,Singapore Airlines,HKT‐EWR,22h50m,1,SIN,1487,20220406-0909,cheap
1:42 pm – 1:15 pm +2,Qatar Airways,EWR‐HKT,36h33m,2,"ORD, DOH",11:55 pm – 11:43 pm +1,Qatar Airways,HKT‐EWR,34h48m,2,"DOH, ORD",1500,20220406-0909,cheap
8:15 am – 10:50 am +2,"Alaska Airlines, Singapore Airlines",EWR‐HKT,39h35m,3,"LAX, NRT, ...",10:25 am – 6:00 am +1,Singapore Airlines,HKT‐EWR,30h35m,1,SIN,1548,20220406-0909,cheap
8:15 am – 9:35 am +2,Singapore Airlines,EWR‐HKT,38h20m,3,"LAX, NRT, ...",9:45 pm – 9:20 pm +1,Emirates,HKT‐EWR,34h35m,2,"DXB, ATH",1552,20220406-0909,cheap
8:15 am – 10:50 am +2,Singapore Airlines,EWR‐HKT,39h35m,3,"LAX, NRT, ...",9:45 pm – 9:20 pm +1,Emirates,HKT‐EWR,34h35m,2,"DXB, ATH",1552,20220406-0909,cheap
8:15 am – 9:35 am +2,"Alaska Airlines, Singapore Airlines",EWR‐HKT,38h20m,3,"LAX, NRT, ...",6:10 pm – 6:00 am +1,Singapore Airlines,HKT‐EWR,22h50m,1,SIN,1556,20220406-0909,cheap
8:15 am – 10:50 am +2,"Alaska Airlines, Singapore Airlines",EWR‐HKT,39h35m,3,"LAX, NRT, ...",6:10 pm – 6:00 am +1,Singapore Airlines,HKT‐EWR,22h50m,1,SIN,1556,20220406-0909,cheap
8:15 am – 9:35 am +2,"Alaska Airlines, Singapore Airlines",EWR‐HKT,38h20m,3,"LAX, NRT, ...",11:40 am – 6:00 am +1,Singapore Airlines,HKT‐EWR,29h20m,1,SIN,1556,20220406-0909,cheap
1:42 pm – 1:15 pm +2,Qatar Airways,EWR‐HKT,36h33m,2,"ORD, DOH",9:05 pm – 11:43 pm +1,Qatar Airways,HKT‐EWR,37h38m,2,"DOH, ORD",1556,20220406-0909,cheap
12:15 pm – 12:30 pm +2,"Air India, IndiGo",EWR‐HKT,37h15m,1,DEL,9:45 pm – 9:20 pm +1,Emirates,HKT‐EWR,34h35m,2,"DXB, ATH",1563,20220406-0909,cheap
8:15 am – 9:35 am +2,Singapore Airlines,EWR‐HKT,38h20m,3,"LAX, NRT, ...",12:10 am – 9:20 pm,Emirates,HKT‐EWR,32h10m,2,"DXB, ATH",1619,20220406-0909,cheap
8:15 am – 10:50 am +2,Singapore Airlines,EWR‐HKT,39h35m,3,"LAX, NRT, ...",12:10 am – 9:20 pm,Emirates,HKT‐EWR,32h10m,2,"DXB, ATH",1619,20220406-0909,cheap
12:15 pm – 12:30 pm +2,"Air India, IndiGo",EWR‐HKT,37h15m,1,DEL,12:10 am – 9:20 pm,Emirates,HKT‐EWR,32h10m,2,"DXB, ATH",1683,20220406-0909,cheap
12:15 pm – 7:05 am +2,"Air India, GoFirst",EWR‐HKT,31h50m,1,DEL,12:10 am – 9:20 pm,Emirates,HKT‐EWR,32h10m,2,"DXB, ATH",1698,20220406-0909,cheap
1:42 pm – 1:15 pm +2,Qatar Airways,EWR‐HKT,36h33m,2,"ORD, DOH",11:55 pm – 8:52 pm +1,Qatar Airways,HKT‐EWR,31h57m,2,"DOH, BOS",1540,20220406-0906,best
10:25 am – 9:35 am +2,Singapore Airlines,EWR‐HKT,36h10m,1,SIN,6:10 pm – 6:00 am +1,Singapore Airlines,HKT‐EWR,22h50m,1,SIN,1819,20220406-0906,best
1:42 pm – 1:15 pm +2,Qatar Airways,EWR‐HKT,36h33m,2,"ORD, DOH",11:55 pm – 8:52 pm +1,Qatar Airways,HKT‐EWR,31h57m,2,"DOH, BOS",1486,20220406-0906,best
10:25 am – 10:50 am +2,Singapore Airlines,EWR‐HKT,37h25m,1,SIN,6:10 pm – 6:00 am +1,Singapore Airlines,HKT‐EWR,22h50m,1,SIN,1819,20220406-0906,best
8:15 am – 9:35 am +2,"Alaska Airlines, Singapore Airlines",EWR‐HKT,38h20m,3,"LAX, NRT, ...",6:10 pm – 6:00 am +1,Singapore Airlines,HKT‐EWR,22h50m,1,SIN,1556,20220406-0906,best
8:15 am – 10:50 am +2,"Alaska Airlines, Singapore Airlines",EWR‐HKT,39h35m,3,"LAX, NRT, ...",6:10 pm – 6:00 am +1,Singapore Airlines,HKT‐EWR,22h50m,1,SIN,1556,20220406-0906,best
9:50 pm – 10:20 am +2,"SWISS, Thai Airways",EWR‐HKT,25h30m,2,"ZRH, BKK",5:05 pm – 1:10 pm +1,"THAI Smile, SWISS",HKT‐EWR,31h05m,2,"BKK, ZRH",1828,20220406-0906,best
10:25 am – 9:35 am +2,Singapore Airlines,EWR‐HKT,36h10m,1,SIN,11:40 am – 6:00 am +1,Singapore Airlines,HKT‐EWR,29h20m,1,SIN,1819,20220406-0906,best
9:50 pm – 10:20 am +2,"SWISS, Thai Airways",EWR‐HKT,25h30m,2,"ZRH, BKK",1:00 pm – 1:10 pm +1,"THAI Smile, SWISS",HKT‐EWR,35h10m,2,"BKK, ZRH",1828,20220406-0906,best
10:25 am – 5:10 pm +2,Singapore Airlines,EWR‐HKT,43h45m,1,SIN,6:10 pm – 6:00 am +1,Singapore Airlines,HKT‐EWR,22h50m,1,SIN,1819,20220406-0906,best
10:25 am – 10:50 am +2,Singapore Airlines,EWR‐HKT,37h25m,1,SIN,11:40 am – 6:00 am +1,Singapore Airlines,HKT‐EWR,29h20m,1,SIN,1819,20220406-0906,best
10:25 am – 9:35 am +2,Singapore Airlines,EWR‐HKT,36h10m,1,SIN,10:25 am – 6:00 am +1,Singapore Airlines,HKT‐EWR,30h35m,1,SIN,1819,20220406-0906,best
8:15 am – 9:35 am +2,"Alaska Airlines, Singapore Airlines",EWR‐HKT,38h20m,3,"LAX, NRT, ...",11:40 am – 6:00 am +1,Singapore Airlines,HKT‐EWR,29h20m,1,SIN,1556,20220406-0906,best
10:25 am – 10:50 am +2,Singapore Airlines,EWR‐HKT,37h25m,1,SIN,10:25 am – 6:00 am +1,Singapore Airlines,HKT‐EWR,30h35m,1,SIN,1819,20220406-0906,best
9:50 pm – 10:20 am +2,"SWISS, Thai Airways",EWR‐HKT,25h30m,2,"ZRH, BKK",5:05 pm – 8:10 pm +1,"THAI Smile, SWISS",HKT‐EWR,38h05m,2,"BKK, ZRH",1828,20220406-0906,best
11:55 pm – 12:30 pm +2,Emirates,EWR‐HKT,25h35m,2,"ATH, DXB",12:10 am – 9:20 pm,Emirates,HKT‐EWR,32h10m,2,"DXB, ATH",2016,20220406-0906,best
10:25 am – 7:20 pm +1,Singapore Airlines,EWR‐HKT,21h55m,1,SIN,6:10 pm – 6:00 am +1,Singapore Airlines,HKT‐EWR,22h50m,1,SIN,3547,20220406-0911,fast
10:25 am – 7:20 pm +1,Singapore Airlines,EWR‐HKT,21h55m,1,SIN,11:40 am – 6:00 am +1,Singapore Airlines,HKT‐EWR,29h20m,1,SIN,3547,20220406-0911,fast
9:50 pm – 10:20 am +2,"SWISS, Thai Airways",EWR‐HKT,25h30m,2,"ZRH, BKK",9:45 pm – 12:50 pm +1,"Emirates, Lufthansa",HKT‐EWR,26h05m,2,"DXB, LHR",5071,20220406-0911,fast
6:35 pm – 10:50 am +2,Singapore Airlines,EWR‐HKT,29h15m,2,"LAX, SIN",6:10 pm – 6:00 am +1,Singapore Airlines,HKT‐EWR,22h50m,1,SIN,2834,20220406-0911,fast
10:25 am – 7:20 pm +1,Singapore Airlines,EWR‐HKT,21h55m,1,SIN,10:25 am – 6:00 am +1,Singapore Airlines,HKT‐EWR,30h35m,1,SIN,3547,20220406-0911,fast
9:50 pm – 10:20 am +2,"SWISS, Thai Airways",EWR‐HKT,25h30m,2,"ZRH, BKK",8:10 pm – 12:45 pm +1,"Singapore Airlines, Lufthansa",HKT‐EWR,27h35m,2,"SIN, MUC",3079,20220406-0911,fast
8:45 pm – 9:35 am +2,"Lufthansa, Singapore Airlines",EWR‐HKT,25h50m,2,"MUC, SIN",8:10 pm – 12:45 pm +1,"Singapore Airlines, Lufthansa",HKT‐EWR,27h35m,2,"SIN, MUC",4312,20220406-0911,fast
7:35 pm – 9:35 am +2,"Lufthansa, Singapore Airlines",EWR‐HKT,27h00m,2,"FRA, SIN",8:10 pm – 12:45 pm +1,"Singapore Airlines, Lufthansa",HKT‐EWR,27h35m,2,"SIN, MUC",4328,20220406-0911,fast
8:45 pm – 10:50 am +2,"Lufthansa, Singapore Airlines",EWR‐HKT,27h05m,2,"MUC, SIN",8:10 pm – 12:45 pm +1,"Singapore Airlines, Lufthansa",HKT‐EWR,27h35m,2,"SIN, MUC",4312,20220406-0911,fast
9:00 pm – 9:45 am +2,"Lufthansa, Malaysia Airlines",EWR‐HKT,25h45m,2,"LHR, KUL",7:10 pm – 1:55 pm +1,Austrian Airlines,HKT‐EWR,29h45m,2,"BKK, VIE",5130,20220406-0911,fast
7:35 pm – 10:50 am +2,"Lufthansa, Singapore Airlines",EWR‐HKT,28h15m,2,"FRA, SIN",8:10 pm – 12:45 pm +1,"Singapore Airlines, Lufthansa",HKT‐EWR,27h35m,2,"SIN, MUC",4328,20220406-0911,fast
9:35 pm – 1:15 pm +2,"British Airways, Qatar Airways",EWR‐HKT,28h40m,2,"LHR, DOH",9:05 pm – 1:50 pm +1,"Qatar Airways, British Airways",HKT‐EWR,27h45m,2,"DOH, LHR",4099,20220406-0911,fast
9:35 pm – 1:15 pm +2,"British Airways, Qatar Airways",EWR‐HKT,28h40m,2,"LHR, DOH",9:05 pm – 1:50 pm +1,"Qatar Airways, British Airways",HKT‐EWR,27h45m,2,"DOH, LHR",4707,20220406-0911,fast
9:50 pm – 10:20 am +2,"SWISS, Thai Airways",EWR‐HKT,25h30m,2,"ZRH, BKK",5:05 pm – 1:10 pm +1,"THAI Smile, SWISS",HKT‐EWR,31h05m,2,"BKK, ZRH",1828,20220406-0911,fast
11:00 pm – 1:05 pm +2,"Lufthansa, Thai Airways",EWR‐HKT,27h05m,2,"LHR, FRA",7:10 pm – 1:55 pm +1,Austrian Airlines,HKT‐EWR,29h45m,2,"BKK, VIE",5026,20220406-0911,fast
