Out Time,Out Airline,Out Cities,Out Duration,Out Stops,Out Stop Cities,Return Time,Return Airline,Return Cities,Return Duration,Return Stops,Return Stop Cities,Price,timestamp,sort
12:15 pm – 7:05 am +2,"Air India, GoFirst",EWR‐HKT,31h50m,1,DEL,7:10 pm – 9:00 pm +1,"Thai Airways, Air Caraïbes",HKT‐EWR,36h50m,2,"BKK, CDG-ORY",1453,20220406-0814,cheap
12:15 pm – 7:05 am +2,"Air India, GoFirst",EWR‐HKT,31h50m,1,DEL,11:50 am – 3:15 pm +1,"Thai Airways, TAP AIR PORTUGAL",HKT‐EWR,38h25m,2,"LHR, LIS",1476,20220406-0814,cheap
12:15 pm – 7:05 am +2,"Air India, GoFirst",EWR‐HKT,31h50m,1,DEL,9:45 pm – 9:00 pm +1,"Emirates, Air Caraïbes",HKT‐EWR,34h15m,2,"DXB, CDG-ORY",1484,20220406-0814,cheap
12:15 pm – 7:05 am +2,"Air India, GoFirst",EWR‐HKT,31h50m,1,DEL,11:55 pm – 9:00 pm +1,"Qatar Airways, Air Caraïbes",HKT‐EWR,32h05m,2,"DOH, CDG-ORY",1531,20220406-0814,cheap
1:42 pm – 7:20 am +2,Qatar Airways,EWR‐HKT,30h38m,2,"ORD, DOH",11:55 pm – 10:28 pm +1,"Qatar Airways, JetBlue",HKT‐EWR,33h33m,2,"DOH, BOS",1558,20220406-0814,cheap
10:50 am – 7:20 am +2,Qatar Airways,EWR‐HKT,33h30m,2,"ORD, DOH",11:55 pm – 10:28 pm +1,"Qatar Airways, JetBlue",HKT‐EWR,33h33m,2,"DOH, BOS",1558,20220406-0814,cheap
1:42 pm – 7:20 am +2,Qatar Airways,EWR‐HKT,30h38m,2,"ORD, DOH",9:05 pm – 11:43 pm +1,Qatar Airways,HKT‐EWR,37h38m,2,"DOH, ORD",1595,20220406-0814,cheap
1:42 pm – 1:15 pm +2,Qatar Airways,EWR‐HKT,36h33m,2,"ORD, DOH",11:55 pm – 10:28 pm +1,Qatar Airways,HKT‐EWR,33h33m,2,"DOH, BOS",1627,20220406-0814,cheap
1:42 pm – 1:15 pm +2,Qatar Airways,EWR‐HKT,36h33m,2,"ORD, DOH",11:55 pm – 10:28 pm +1,Qatar Airways,HKT‐EWR,33h33m,2,"DOH, BOS",1627,20220406-0814,cheap
10:50 am – 1:15 pm +2,Qatar Airways,EWR‐HKT,39h25m,2,"ORD, DOH",11:55 pm – 10:28 pm +1,Qatar Airways,HKT‐EWR,33h33m,2,"DOH, BOS",1627,20220406-0814,cheap
10:50 am – 1:15 pm +2,Qatar Airways,EWR‐HKT,39h25m,2,"ORD, DOH",11:55 pm – 10:28 pm +1,Qatar Airways,HKT‐EWR,33h33m,2,"DOH, BOS",1634,20220406-0814,cheap
12:15 pm – 7:05 am +2,"Air India, GoFirst",EWR‐HKT,31h50m,1,DEL,11:55 pm – 10:28 pm +1,Qatar Airways,HKT‐EWR,33h33m,2,"DOH, BOS",1687,20220406-0814,cheap
12:15 pm – 7:05 am +2,"Air India, GoFirst",EWR‐HKT,31h50m,1,DEL,7:50 pm – 9:20 pm +1,"Scoot, Emirates",HKT‐EWR,36h30m,2,"SIN, ATH",1702,20220406-0814,cheap
12:15 pm – 7:05 am +2,"Air India, GoFirst",EWR‐HKT,31h50m,1,DEL,12:10 am – 10:00 pm,"Emirates, Air Caraïbes",HKT‐EWR,32h50m,2,"DXB, CDG-ORY",1743,20220406-0814,cheap
8:15 am – 9:35 am +2,Singapore Airlines,EWR‐HKT,38h20m,3,"LAX, NRT, ...",11:55 pm – 10:28 pm +1,"Qatar Airways, JetBlue",HKT‐EWR,33h33m,2,"DOH, BOS",1766,20220406-0814,cheap
1:42 pm – 7:20 am +2,Qatar Airways,EWR‐HKT,30h38m,2,"ORD, DOH",11:55 pm – 10:28 pm +1,"Qatar Airways, JetBlue",HKT‐EWR,33h33m,2,"DOH, BOS",1558,20220406-0811,best
10:25 am – 7:20 pm +1,Singapore Airlines,EWR‐HKT,21h55m,1,SIN,6:10 pm – 6:00 am +1,Singapore Airlines,HKT‐EWR,22h50m,1,SIN,2365,20220406-0811,best
10:25 am – 7:20 pm +1,Singapore Airlines,EWR‐HKT,21h55m,1,SIN,11:40 am – 6:00 am +1,Singapore Airlines,HKT‐EWR,29h20m,1,SIN,2365,20220406-0811,best
1:42 pm – 7:20 am +2,Qatar Airways,EWR‐HKT,30h38m,2,"ORD, DOH",11:55 pm – 10:28 pm +1,"Qatar Airways, JetBlue",HKT‐EWR,33h33m,2,"DOH, BOS",1558,20220406-0811,best
10:25 am – 7:20 pm +1,Singapore Airlines,EWR‐HKT,21h55m,1,SIN,10:25 am – 6:00 am +1,Singapore Airlines,HKT‐EWR,30h35m,1,SIN,2365,20220406-0811,best
10:50 am – 7:20 am +2,Qatar Airways,EWR‐HKT,33h30m,2,"ORD, DOH",11:55 pm – 10:28 pm +1,"Qatar Airways, JetBlue",HKT‐EWR,33h33m,2,"DOH, BOS",1558,20220406-0811,best
7:42 pm – 1:15 pm +2,"American Airlines, Qatar Airways",EWR‐HKT,30h33m,2,"ORD, DOH",9:05 pm – 5:59 pm +1,"Qatar Airways, American Airlines",HKT‐EWR,31h54m,2,"DOH, ORD",1791,20220406-0811,best
7:42 pm – 1:15 pm +2,"American Airlines, Qatar Airways",EWR‐HKT,30h33m,2,"ORD, DOH",11:55 pm – 9:00 pm +1,"Qatar Airways, American Airlines",HKT‐EWR,32h05m,2,"DOH, ORD",1791,20220406-0811,best
1:42 pm – 7:20 am +2,"American Airlines, Qatar Airways",EWR‐HKT,30h38m,2,"ORD, DOH",9:05 pm – 5:59 pm +1,"Qatar Airways, American Airlines",HKT‐EWR,31h54m,2,"DOH, ORD",1791,20220406-0811,best
1:42 pm – 7:20 am +2,"American Airlines, Qatar Airways",EWR‐HKT,30h38m,2,"ORD, DOH",11:55 pm – 9:00 pm +1,"Qatar Airways, American Airlines",HKT‐EWR,32h05m,2,"DOH, ORD",1791,20220406-0811,best
1:42 pm – 7:20 am +2,"American Airlines, Qatar Airways",EWR‐HKT,30h38m,2,"ORD, DOH",9:05 pm – 4:33 pm +1,"Qatar Airways, American Airlines",HKT‐EWR,30h28m,3,"DOH, IAD, ...",1794,20220406-0811,best
7:42 pm – 1:15 pm +2,"American Airlines, Qatar Airways",EWR‐HKT,30h33m,2,"ORD, DOH",9:05 pm – 6:52 pm +1,"Qatar Airways, American Airlines",HKT‐EWR,32h47m,2,"DOH, DFW",1791,20220406-0811,best
1:42 pm – 7:20 am +2,"American Airlines, Qatar Airways",EWR‐HKT,30h38m,2,"ORD, DOH",9:05 pm – 6:52 pm +1,"Qatar Airways, American Airlines",HKT‐EWR,32h47m,2,"DOH, DFW",1791,20220406-0811,best
7:42 pm – 1:15 pm +2,"American Airlines, Qatar Airways",EWR‐HKT,30h33m,2,"ORD, DOH",9:05 pm – 7:14 pm +1,"Qatar Airways, American Airlines",HKT‐EWR,33h09m,2,"DOH, ORD",1791,20220406-0811,best
1:42 pm – 7:20 am +2,"American Airlines, Qatar Airways",EWR‐HKT,30h38m,2,"ORD, DOH",9:05 pm – 7:14 pm +1,"Qatar Airways, American Airlines",HKT‐EWR,33h09m,2,"DOH, ORD",1791,20220406-0811,best
1:42 pm – 7:20 am +2,Qatar Airways,EWR‐HKT,30h38m,2,"ORD, DOH",9:05 pm – 11:43 pm +1,Qatar Airways,HKT‐EWR,37h38m,2,"DOH, ORD",1595,20220406-0811,best
10:25 am – 7:20 pm +1,Singapore Airlines,EWR‐HKT,21h55m,1,SIN,6:10 pm – 6:00 am +1,Singapore Airlines,HKT‐EWR,22h50m,1,SIN,2365,20220406-0816,fast
10:25 am – 7:20 pm +1,Singapore Airlines,EWR‐HKT,21h55m,1,SIN,11:40 am – 6:00 am +1,Singapore Airlines,HKT‐EWR,29h20m,1,SIN,2365,20220406-0816,fast
9:50 pm – 10:20 am +2,"SWISS, Thai Airways",EWR‐HKT,25h30m,2,"ZRH, BKK",9:05 pm – 11:55 am +1,"Qatar Airways, Lufthansa",HKT‐EWR,25h50m,2,"DOH, DUB",5124,20220406-0816,fast
9:50 pm – 10:20 am +2,"SWISS, Thai Airways",EWR‐HKT,25h30m,2,"ZRH, BKK",9:45 pm – 12:50 pm +1,"Emirates, Lufthansa",HKT‐EWR,26h05m,2,"DXB, LHR",5071,20220406-0816,fast
9:50 pm – 10:20 am +2,"SWISS, Thai Airways",EWR‐HKT,25h30m,2,"ZRH, BKK",9:20 pm – 1:10 pm +1,Multiple Airlines,HKT‐EWR,26h50m,2,"SIN, ZRH",4889,20220406-0816,fast
10:25 am – 7:20 pm +1,Singapore Airlines,EWR‐HKT,21h55m,1,SIN,10:25 am – 6:00 am +1,Singapore Airlines,HKT‐EWR,30h35m,1,SIN,2365,20220406-0816,fast
9:50 pm – 10:20 am +2,"SWISS, Thai Airways",EWR‐HKT,25h30m,2,"ZRH, BKK",7:10 pm – 11:55 am +1,Multiple Airlines,HKT‐EWR,27h45m,2,"BKK, CDG",4965,20220406-0816,fast
9:50 pm – 10:20 am +2,"SWISS, Thai Airways",EWR‐HKT,25h30m,2,"ZRH, BKK",6:10 pm – 11:00 am +1,"Singapore Airlines, Lufthansa",HKT‐EWR,27h50m,2,"SIN, LHR",4927,20220406-0816,fast
9:50 pm – 10:20 am +2,"SWISS, Thai Airways",EWR‐HKT,25h30m,2,"ZRH, BKK",7:50 pm – 12:45 pm +1,"Scoot, Lufthansa",HKT‐EWR,27h55m,2,"SIN, MUC",3112,20220406-0816,fast
9:50 pm – 10:20 am +2,"SWISS, Thai Airways",EWR‐HKT,25h30m,2,"ZRH, BKK",7:50 pm – 12:50 pm +1,Multiple Airlines,HKT‐EWR,28h00m,2,"SIN, LHR",4939,20220406-0816,fast
6:05 pm – 7:20 am +2,"British Airways, Qatar Airways",EWR‐HKT,26h15m,2,"LHR, DOH",9:05 pm – 1:50 pm +1,"Qatar Airways, British Airways",HKT‐EWR,27h45m,2,"DOH, LHR",4707,20220406-0816,fast
9:50 pm – 10:20 am +2,"SWISS, Thai Airways",EWR‐HKT,25h30m,2,"ZRH, BKK",7:10 pm – 12:45 pm +1,Multiple Airlines,HKT‐EWR,28h35m,2,"BKK, MUC",4967,20220406-0816,fast
9:50 pm – 10:20 am +2,"SWISS, Thai Airways",EWR‐HKT,25h30m,2,"ZRH, BKK",7:10 pm – 12:50 pm +1,Multiple Airlines,HKT‐EWR,28h40m,2,"BKK, LHR",4993,20220406-0816,fast
11:00 pm – 10:20 am +2,"Lufthansa, Thai Airways",EWR‐HKT,24h20m,2,"LHR, BKK",9:15 pm – 4:40 pm +1,"THAI Smile, ANA",HKT‐EWR,30h25m,2,"BKK, NRT",12824,20220406-0816,fast
9:50 pm – 10:20 am +2,"SWISS, Thai Airways",EWR‐HKT,25h30m,2,"ZRH, BKK",7:10 pm – 1:55 pm +1,Multiple Airlines,HKT‐EWR,29h45m,2,"BKK, FRA",4973,20220406-0816,fast
