Out Time,Out Airline,Out Cities,Out Duration,Out Stops,Out Stop Cities,Return Time,Return Airline,Return Cities,Return Duration,Return Stops,Return Stop Cities,Price,timestamp,sort
12:05 pm – 6:55 am +2,"Air India, THAI Smile",EWR‐HKT,31h50m,1,BOM,11:50 pm – 9:30 pm +1,"Thai Airways, TAP AIR PORTUGAL",HKT‐EWR,32h40m,2,"ARN, LIS",1325,20220406-0807,cheap
12:05 pm – 6:55 am +2,"Air India, THAI Smile",EWR‐HKT,31h50m,1,BOM,11:55 pm – 7:00 am +2,"Qatar Airways, Alaska Airlines",HKT‐EWR,42h05m,2,"DOH, LAX",1403,20220406-0807,cheap
12:05 pm – 6:55 am +2,"Air India, THAI Smile",EWR‐HKT,31h50m,1,BOM,11:55 pm – 10:00 pm +1,"Qatar Airways, Air Caraïbes",HKT‐EWR,33h05m,2,"DOH, CDG-ORY",1411,20220406-0807,cheap
11:55 pm – 12:30 pm +2,Emirates,EWR‐HKT,25h35m,2,"ATH, DXB",9:45 pm – 10:28 pm +1,Emirates,HKT‐EWR,35h43m,2,"DXB, BOS",1439,20220406-0807,cheap
12:05 pm – 6:55 am +2,"Air India, THAI Smile",EWR‐HKT,31h50m,1,BOM,12:10 am – 9:00 pm,"Emirates, Air Caraïbes",HKT‐EWR,31h50m,2,"DXB, CDG-ORY",1450,20220406-0807,cheap
12:05 pm – 6:55 am +2,"Air India, THAI Smile",EWR‐HKT,31h50m,1,BOM,12:15 am – 9:30 pm,"Thai Airways, TAP AIR PORTUGAL",HKT‐EWR,32h15m,2,"CPH, LIS",1455,20220406-0807,cheap
11:55 pm – 8:00 pm +2,Emirates,EWR‐HKT,33h05m,2,"ATH, DXB",9:45 pm – 10:28 pm +1,Emirates,HKT‐EWR,35h43m,2,"DXB, BOS",1468,20220406-0807,cheap
12:05 pm – 6:55 am +2,"Air India, THAI Smile",EWR‐HKT,31h50m,1,BOM,11:55 pm – 9:00 pm +1,Qatar Airways,HKT‐EWR,32h05m,2,"DOH, ORD",1482,20220406-0807,cheap
12:05 pm – 6:55 am +2,"Air India, THAI Smile",EWR‐HKT,31h50m,1,BOM,9:05 pm – 6:40 pm +1,"Qatar Airways, Alaska Airlines",HKT‐EWR,32h35m,2,"DOH, LAX",1499,20220406-0807,cheap
12:05 pm – 6:55 am +2,"Air India, THAI Smile",EWR‐HKT,31h50m,1,BOM,11:50 pm – 12:55 pm +1,"Thai Airways, SAS",HKT‐EWR,24h05m,1,ARN,1503,20220406-0807,cheap
12:05 pm – 6:55 am +2,"Air India, THAI Smile",EWR‐HKT,31h50m,1,BOM,12:10 pm – 3:15 pm +1,"Thai Airways, TAP AIR PORTUGAL",HKT‐EWR,38h05m,2,"FRA, LIS",1581,20220406-0807,cheap
5:20 pm – 7:05 am +2,"SAS, Thai Airways",EWR‐HKT,26h45m,1,ARN,11:50 pm – 12:55 pm +1,"Thai Airways, SAS",HKT‐EWR,24h05m,1,ARN,1584,20220406-0807,cheap
5:35 pm – 7:05 am +2,"SAS, Thai Airways",EWR‐HKT,26h30m,2,"CPH, ARN",11:50 pm – 12:55 pm +1,"Thai Airways, SAS",HKT‐EWR,24h05m,1,ARN,1593,20220406-0807,cheap
1:46 pm – 7:20 am +2,"American Airlines, Qatar Airways",EWR‐HKT,30h34m,2,"ORD, DOH",11:55 pm – 9:00 pm +1,"Qatar Airways, American Airlines",HKT‐EWR,32h05m,2,"DOH, ORD",1601,20220406-0807,cheap
12:37 pm – 7:20 am +2,"American Airlines, Qatar Airways",EWR‐HKT,31h43m,2,"MIA, DOH",11:55 pm – 9:00 pm +1,"Qatar Airways, American Airlines",HKT‐EWR,32h05m,2,"DOH, ORD",1601,20220406-0807,cheap
11:55 pm – 12:30 pm +2,Emirates,EWR‐HKT,25h35m,2,"ATH, DXB",9:45 pm – 10:28 pm +1,Emirates,HKT‐EWR,35h43m,2,"DXB, BOS",1468,20220406-0804,best
10:25 am – 7:20 pm +1,Singapore Airlines,EWR‐HKT,21h55m,1,SIN,6:10 pm – 6:00 am +1,Singapore Airlines,HKT‐EWR,22h50m,1,SIN,1881,20220406-0804,best
10:25 am – 7:20 pm +1,Singapore Airlines,EWR‐HKT,21h55m,1,SIN,11:40 am – 6:00 am +1,Singapore Airlines,HKT‐EWR,29h20m,1,SIN,1897,20220406-0804,best
10:25 am – 7:20 pm +1,Singapore Airlines,EWR‐HKT,21h55m,1,SIN,10:25 am – 6:00 am +1,Singapore Airlines,HKT‐EWR,30h35m,1,SIN,1897,20220406-0804,best
5:20 pm – 7:05 am +2,"SAS, Thai Airways",EWR‐HKT,26h45m,1,ARN,11:50 pm – 12:55 pm +1,"Thai Airways, SAS",HKT‐EWR,24h05m,1,ARN,1584,20220406-0804,best
5:35 pm – 7:05 am +2,"SAS, Thai Airways",EWR‐HKT,26h30m,2,"CPH, ARN",11:50 pm – 12:55 pm +1,"Thai Airways, SAS",HKT‐EWR,24h05m,1,ARN,1593,20220406-0804,best
11:55 pm – 12:30 pm +2,Emirates,EWR‐HKT,25h35m,2,"ATH, DXB",9:45 pm – 10:28 pm +1,Emirates,HKT‐EWR,35h43m,2,"DXB, BOS",1439,20220406-0804,best
11:55 pm – 12:30 pm +2,Emirates,EWR‐HKT,25h35m,2,"ATH, DXB",12:10 am – 9:20 pm,Emirates,HKT‐EWR,32h10m,2,"DXB, ATH",1609,20220406-0804,best
12:05 pm – 6:55 am +2,"Air India, THAI Smile",EWR‐HKT,31h50m,1,BOM,9:05 pm – 6:40 pm +1,"Qatar Airways, Alaska Airlines",HKT‐EWR,32h35m,2,"DOH, LAX",1499,20220406-0804,best
12:05 pm – 6:55 am +2,"Air India, THAI Smile",EWR‐HKT,31h50m,1,BOM,11:50 pm – 12:55 pm +1,"Thai Airways, SAS",HKT‐EWR,24h05m,1,ARN,1503,20220406-0804,best
8:15 am – 9:35 am +2,Singapore Airlines,EWR‐HKT,38h20m,3,"LAX, NRT, ...",6:10 pm – 6:00 am +1,Singapore Airlines,HKT‐EWR,22h50m,1,SIN,1710,20220406-0804,best
1:46 pm – 7:20 am +2,"American Airlines, Qatar Airways",EWR‐HKT,30h34m,2,"ORD, DOH",11:55 pm – 9:00 pm +1,"Qatar Airways, American Airlines",HKT‐EWR,32h05m,2,"DOH, ORD",1601,20220406-0804,best
8:15 am – 10:50 am +2,Singapore Airlines,EWR‐HKT,39h35m,3,"LAX, NRT, ...",6:10 pm – 6:00 am +1,Singapore Airlines,HKT‐EWR,22h50m,1,SIN,1710,20220406-0804,best
12:37 pm – 7:20 am +2,"American Airlines, Qatar Airways",EWR‐HKT,31h43m,2,"MIA, DOH",11:55 pm – 9:00 pm +1,"Qatar Airways, American Airlines",HKT‐EWR,32h05m,2,"DOH, ORD",1601,20220406-0804,best
12:21 pm – 7:20 am +2,"American Airlines, Qatar Airways",EWR‐HKT,31h59m,2,"ORD, DOH",11:55 pm – 9:00 pm +1,"Qatar Airways, American Airlines",HKT‐EWR,32h05m,2,"DOH, ORD",1601,20220406-0804,best
1:46 pm – 7:20 am +2,"American Airlines, Qatar Airways",EWR‐HKT,30h34m,3,"ORD, PHL, ...",11:55 pm – 9:00 pm +1,"Qatar Airways, American Airlines",HKT‐EWR,32h05m,2,"DOH, ORD",1605,20220406-0804,best
10:25 am – 7:20 pm +1,Singapore Airlines,EWR‐HKT,21h55m,1,SIN,6:10 pm – 6:00 am +1,Singapore Airlines,HKT‐EWR,22h50m,1,SIN,1881,20220406-0809,fast
7:35 pm – 7:05 am +2,"Lufthansa, Thai Airways",EWR‐HKT,24h30m,2,"FRA, ARN",8:00 pm – 11:00 am +1,"Etihad Airways, Lufthansa",HKT‐EWR,26h00m,2,"AUH, LHR",8272,20220406-0809,fast
5:35 pm – 7:05 am +2,"SAS, Thai Airways",EWR‐HKT,26h30m,2,"CPH, ARN",11:50 pm – 12:55 pm +1,"Thai Airways, SAS",HKT‐EWR,24h05m,1,ARN,1593,20220406-0809,fast
5:20 pm – 7:05 am +2,"SAS, Thai Airways",EWR‐HKT,26h45m,1,ARN,11:50 pm – 12:55 pm +1,"Thai Airways, SAS",HKT‐EWR,24h05m,1,ARN,1584,20220406-0809,fast
10:25 am – 7:20 pm +1,Singapore Airlines,EWR‐HKT,21h55m,1,SIN,11:40 am – 6:00 am +1,Singapore Airlines,HKT‐EWR,29h20m,1,SIN,1897,20220406-0809,fast
8:30 am – 8:00 pm +1,"Lufthansa, Emirates",EWR‐HKT,24h30m,2,"LHR, DXB",8:00 pm – 11:55 am +1,"Etihad Airways, Lufthansa",HKT‐EWR,26h55m,2,"AUH, CDG",8313,20220406-0809,fast
10:25 am – 7:20 pm +1,Singapore Airlines,EWR‐HKT,21h55m,1,SIN,10:25 am – 6:00 am +1,Singapore Airlines,HKT‐EWR,30h35m,1,SIN,1897,20220406-0809,fast
6:05 pm – 7:20 am +2,"Lufthansa, Qatar Airways",EWR‐HKT,26h15m,2,"FRA, DOH",11:50 pm – 3:05 pm +1,Multiple Airlines,HKT‐EWR,26h15m,2,"ARN, LHR",8262,20220406-0809,fast
11:00 pm – 3:05 pm +2,"TAP AIR PORTUGAL, Thai Airways",EWR‐HKT,29h05m,2,"LIS, LGW-LHR",11:50 pm – 12:55 pm +1,"Thai Airways, SAS",HKT‐EWR,24h05m,1,ARN,1860,20220406-0809,fast
11:00 pm – 3:05 pm +2,"TAP AIR PORTUGAL, Thai Airways",EWR‐HKT,29h05m,2,"LIS, LHR",11:50 pm – 12:55 pm +1,"Thai Airways, SAS",HKT‐EWR,24h05m,1,ARN,1898,20220406-0809,fast
1:46 pm – 7:20 am +2,"American Airlines, Qatar Airways",EWR‐HKT,30h34m,2,"ORD, DOH",6:10 pm – 6:00 am +1,Singapore Airlines,HKT‐EWR,22h50m,1,SIN,2244,20220406-0809,fast
10:25 am – 7:20 pm +1,Singapore Airlines,EWR‐HKT,21h55m,1,SIN,7:10 pm – 4:40 pm +1,"Bangkok Airways, ANA",HKT‐EWR,32h30m,2,"BKK, NRT",4144,20220406-0809,fast
11:00 pm – 3:05 pm +2,"TAP AIR PORTUGAL, Thai Airways",EWR‐HKT,29h05m,2,"LIS, LGW-LHR",12:15 am – 2:55 pm,"Thai Airways, SAS",HKT‐EWR,25h40m,1,CPH,2040,20220406-0809,fast
11:00 pm – 3:05 pm +2,"TAP AIR PORTUGAL, Thai Airways",EWR‐HKT,29h05m,2,"LIS, LHR",12:15 am – 2:55 pm,"Thai Airways, SAS",HKT‐EWR,25h40m,1,CPH,2079,20220406-0809,fast
12:21 pm – 7:20 am +2,"American Airlines, Qatar Airways",EWR‐HKT,31h59m,2,"ORD, DOH",6:10 pm – 6:00 am +1,Singapore Airlines,HKT‐EWR,22h50m,1,SIN,2244,20220406-0809,fast
