Out Time,Out Airline,Out Cities,Out Duration,Out Stops,Out Stop Cities,Return Time,Return Airline,Return Cities,Return Duration,Return Stops,Return Stop Cities,Price,timestamp,sort
10:25 am – 7:20 pm +1,Singapore Airlines,EWR‐HKT,21h55m,1,SIN,8:10 pm – 7:05 am +2,Singapore Airlines,HKT‐EWR,45h55m,3,"SIN, NRT, ...",1414,20220409-1522,cheap
10:25 am – 7:20 pm +1,Singapore Airlines,EWR‐HKT,21h55m,1,SIN,6:10 pm – 7:05 am +2,Singapore Airlines,HKT‐EWR,47h55m,3,"SIN, NRT, ...",1414,20220409-1522,cheap
11:55 pm – 12:30 pm +2,Emirates,EWR‐HKT,25h35m,2,"ATH, DXB",12:10 am – 9:20 pm,Emirates,HKT‐EWR,32h10m,2,"DXB, ATH",1439,20220409-1522,cheap
11:35 am – 9:30 am +2,"ANA, Bangkok Airways",EWR‐HKT,34h55m,2,"NRT, BKK",12:10 am – 9:20 pm,Emirates,HKT‐EWR,32h10m,2,"DXB, ATH",1512,20220409-1522,cheap
6:55 pm – 1:05 pm +2,Multiple Airlines,EWR‐HKT,31h10m,3,"OSL, CDG, ...",9:15 pm – 9:05 pm +1,"Thai Airways, SAS",HKT‐EWR,34h50m,3,"BKK, CDG, ...",1515,20220409-1522,cheap
6:59 am – 12:10 am +2,"JetBlue, Asiana Airlines",EWR‐HKT,30h11m,2,"LAX, ICN",12:10 am – 9:20 pm,Emirates,HKT‐EWR,32h10m,2,"DXB, ATH",1518,20220409-1522,cheap
11:35 am – 2:00 pm +2,"ANA, Bangkok Airways",EWR‐HKT,39h25m,2,"NRT, BKK",12:10 am – 9:20 pm,Emirates,HKT‐EWR,32h10m,2,"DXB, ATH",1567,20220409-1522,cheap
5:35 pm – 10:35 am +2,"SAS, Thai Airways",EWR‐HKT,30h00m,3,"CPH, ARN, ...",9:15 pm – 2:55 pm +1,"Thai Airways, SAS",HKT‐EWR,28h40m,2,"BKK, CPH",1568,20220409-1522,cheap
5:35 pm – 11:00 am +2,"SAS, Thai Airways",EWR‐HKT,30h25m,3,"CPH, ARN, ...",9:15 pm – 2:55 pm +1,"Thai Airways, SAS",HKT‐EWR,28h40m,2,"BKK, CPH",1568,20220409-1522,cheap
5:35 pm – 10:35 am +2,"SAS, Thai Airways",EWR‐HKT,30h00m,3,"CPH, ARN, ...",7:40 pm – 2:55 pm +1,"Thai Airways, SAS",HKT‐EWR,30h15m,2,"BKK, CPH",1571,20220409-1522,cheap
5:35 pm – 11:00 am +2,"SAS, Thai Airways",EWR‐HKT,30h25m,3,"CPH, ARN, ...",7:40 pm – 2:55 pm +1,"Thai Airways, SAS",HKT‐EWR,30h15m,2,"BKK, CPH",1571,20220409-1522,cheap
10:25 am – 7:20 pm +1,Singapore Airlines,EWR‐HKT,21h55m,1,SIN,6:10 pm – 6:00 am +1,Singapore Airlines,HKT‐EWR,22h50m,1,SIN,1583,20220409-1522,cheap
10:25 am – 7:20 pm +1,Singapore Airlines,EWR‐HKT,21h55m,1,SIN,11:40 am – 6:00 am +1,Singapore Airlines,HKT‐EWR,29h20m,1,SIN,1583,20220409-1522,cheap
10:25 am – 7:20 pm +1,Singapore Airlines,EWR‐HKT,21h55m,1,SIN,10:25 am – 6:00 am +1,Singapore Airlines,HKT‐EWR,30h35m,1,SIN,1583,20220409-1522,cheap
10:25 am – 9:35 am +2,Singapore Airlines,EWR‐HKT,36h10m,1,SIN,6:10 pm – 6:00 am +1,Singapore Airlines,HKT‐EWR,22h50m,1,SIN,1583,20220409-1522,cheap
11:55 pm – 12:30 pm +2,Emirates,EWR‐HKT,25h35m,2,"ATH, DXB",12:10 am – 9:20 pm,Emirates,HKT‐EWR,32h10m,2,"DXB, ATH",1487,20220409-1519,best
10:25 am – 7:20 pm +1,Singapore Airlines,EWR‐HKT,21h55m,1,SIN,6:10 pm – 6:00 am +1,Singapore Airlines,HKT‐EWR,22h50m,1,SIN,1583,20220409-1519,best
10:25 am – 7:20 pm +1,Singapore Airlines,EWR‐HKT,21h55m,1,SIN,8:10 pm – 7:05 am +2,Singapore Airlines,HKT‐EWR,45h55m,3,"SIN, NRT, ...",1414,20220409-1519,best
10:25 am – 7:20 pm +1,Singapore Airlines,EWR‐HKT,21h55m,1,SIN,11:40 am – 6:00 am +1,Singapore Airlines,HKT‐EWR,29h20m,1,SIN,1583,20220409-1519,best
10:25 am – 7:20 pm +1,Singapore Airlines,EWR‐HKT,21h55m,1,SIN,10:25 am – 6:00 am +1,Singapore Airlines,HKT‐EWR,30h35m,1,SIN,1583,20220409-1519,best
10:25 am – 7:20 pm +1,Singapore Airlines,EWR‐HKT,21h55m,1,SIN,12:10 pm – 6:00 am +1,Singapore Airlines,HKT‐EWR,28h50m,1,SIN,1626,20220409-1519,best
10:25 am – 9:35 am +2,Singapore Airlines,EWR‐HKT,36h10m,1,SIN,6:10 pm – 6:00 am +1,Singapore Airlines,HKT‐EWR,22h50m,1,SIN,1583,20220409-1519,best
10:25 am – 10:50 am +2,Singapore Airlines,EWR‐HKT,37h25m,1,SIN,6:10 pm – 6:00 am +1,Singapore Airlines,HKT‐EWR,22h50m,1,SIN,1583,20220409-1519,best
11:55 pm – 12:30 pm +2,Emirates,EWR‐HKT,25h35m,2,"ATH, DXB",12:10 am – 9:20 pm,Emirates,HKT‐EWR,32h10m,2,"DXB, ATH",1439,20220409-1519,best
10:25 am – 7:20 pm +1,Singapore Airlines,EWR‐HKT,21h55m,1,SIN,12:10 am – 9:20 pm,Emirates,HKT‐EWR,32h10m,2,"DXB, ATH",1840,20220409-1519,best
10:25 am – 9:35 am +2,Singapore Airlines,EWR‐HKT,36h10m,1,SIN,11:40 am – 6:00 am +1,Singapore Airlines,HKT‐EWR,29h20m,1,SIN,1583,20220409-1519,best
6:59 am – 12:10 am +2,"JetBlue, Asiana Airlines",EWR‐HKT,30h11m,2,"LAX, ICN",12:10 am – 9:20 pm,Emirates,HKT‐EWR,32h10m,2,"DXB, ATH",1518,20220409-1519,best
10:25 am – 5:10 pm +2,Singapore Airlines,EWR‐HKT,43h45m,1,SIN,6:10 pm – 6:00 am +1,Singapore Airlines,HKT‐EWR,22h50m,1,SIN,1583,20220409-1519,best
10:25 am – 10:50 am +2,Singapore Airlines,EWR‐HKT,37h25m,1,SIN,11:40 am – 6:00 am +1,Singapore Airlines,HKT‐EWR,29h20m,1,SIN,1583,20220409-1519,best
10:25 am – 9:35 am +2,Singapore Airlines,EWR‐HKT,36h10m,1,SIN,10:25 am – 6:00 am +1,Singapore Airlines,HKT‐EWR,30h35m,1,SIN,1583,20220409-1519,best
10:25 am – 9:35 am +2,Singapore Airlines,EWR‐HKT,36h10m,1,SIN,12:10 pm – 6:00 am +1,Singapore Airlines,HKT‐EWR,28h50m,1,SIN,1626,20220409-1519,best
10:25 am – 7:20 pm +1,Singapore Airlines,EWR‐HKT,21h55m,1,SIN,6:10 pm – 6:00 am +1,Singapore Airlines,HKT‐EWR,22h50m,1,SIN,1583,20220409-1525,fast
10:25 am – 7:20 pm +1,Singapore Airlines,EWR‐HKT,21h55m,1,SIN,12:10 pm – 6:00 am +1,Singapore Airlines,HKT‐EWR,28h50m,1,SIN,1626,20220409-1525,fast
10:25 am – 7:20 pm +1,Singapore Airlines,EWR‐HKT,21h55m,1,SIN,11:40 am – 6:00 am +1,Singapore Airlines,HKT‐EWR,29h20m,1,SIN,1583,20220409-1525,fast
10:25 am – 7:20 pm +1,Singapore Airlines,EWR‐HKT,21h55m,1,SIN,11:40 am – 6:59 am +1,Singapore Airlines,HKT‐EWR,30h19m,2,"SIN, SFO",2469,20220409-1525,fast
9:50 pm – 9:30 am +2,"SWISS, Bangkok Airways",EWR‐HKT,24h40m,2,"ZRH, BKK",7:50 pm – 12:25 pm +1,"Scoot, Lufthansa",HKT‐EWR,27h35m,2,"SIN, MUC",2211,20220409-1525,fast
10:25 am – 7:20 pm +1,Singapore Airlines,EWR‐HKT,21h55m,1,SIN,10:25 am – 6:00 am +1,Singapore Airlines,HKT‐EWR,30h35m,1,SIN,1583,20220409-1525,fast
10:25 am – 7:20 pm +1,Singapore Airlines,EWR‐HKT,21h55m,1,SIN,12:10 am – 9:20 pm,Emirates,HKT‐EWR,32h10m,2,"DXB, ATH",1840,20220409-1525,fast
6:45 pm – 1:15 pm +2,"JetBlue, Qatar Airways",EWR‐HKT,31h30m,2,"BOS, DOH",6:10 pm – 6:00 am +1,Singapore Airlines,HKT‐EWR,22h50m,1,SIN,2578,20220409-1525,fast
11:55 pm – 12:30 pm +2,Emirates,EWR‐HKT,25h35m,2,"ATH, DXB",12:10 am – 9:20 pm,Emirates,HKT‐EWR,32h10m,2,"DXB, ATH",1439,20220409-1525,fast
5:35 pm – 10:35 am +2,"SAS, Thai Airways",EWR‐HKT,30h00m,3,"CPH, ARN, ...",9:15 pm – 2:55 pm +1,"Thai Airways, SAS",HKT‐EWR,28h40m,2,"BKK, CPH",1568,20220409-1525,fast
6:59 am – 12:10 am +2,"JetBlue, Asiana Airlines",EWR‐HKT,30h11m,2,"LAX, ICN",9:05 pm – 2:52 pm +1,Qatar Airways,HKT‐EWR,28h47m,2,"DOH, ORD",1990,20220409-1525,fast
10:25 am – 9:35 am +2,Singapore Airlines,EWR‐HKT,36h10m,1,SIN,6:10 pm – 6:00 am +1,Singapore Airlines,HKT‐EWR,22h50m,1,SIN,1583,20220409-1525,fast
5:35 pm – 11:00 am +2,"SAS, Thai Airways",EWR‐HKT,30h25m,3,"CPH, ARN, ...",9:15 pm – 2:55 pm +1,"Thai Airways, SAS",HKT‐EWR,28h40m,2,"BKK, CPH",1568,20220409-1525,fast
7:52 pm – 1:15 pm +2,"American Airlines, Qatar Airways",EWR‐HKT,30h23m,3,"CLT, ORD, ...",9:05 pm – 2:52 pm +1,"Qatar Airways, American Airlines",HKT‐EWR,28h47m,2,"DOH, ORD",2188,20220409-1525,fast
7:45 pm – 1:15 pm +2,"American Airlines, Qatar Airways",EWR‐HKT,30h30m,2,"ORD, DOH",9:05 pm – 2:52 pm +1,"Qatar Airways, American Airlines",HKT‐EWR,28h47m,2,"DOH, ORD",2185,20220409-1525,fast
