Out Time,Out Airline,Out Cities,Out Duration,Out Stops,Out Stop Cities,Return Time,Return Airline,Return Cities,Return Duration,Return Stops,Return Stop Cities,Price,timestamp,sort
12:00 pm – 10:40 am +2,"ANA, Thai Airways",EWR‐HKT,35h40m,2,"NRT, BKK",12:10 am – 9:20 pm,Emirates,HKT‐EWR,32h10m,2,"DXB, ATH",1431,20220406-1449,cheap
5:35 pm – 9:35 am +2,"SAS, Thai Airways",EWR‐HKT,29h00m,2,"CPH, BKK",9:15 pm – 2:55 pm +1,"Thai Airways, SAS",HKT‐EWR,28h40m,2,"BKK, CPH",1447,20220406-1449,cheap
5:35 pm – 9:35 am +2,"SAS, Thai Airways",EWR‐HKT,29h00m,2,"CPH, BKK",9:15 pm – 9:05 pm +1,"Thai Airways, SAS",HKT‐EWR,34h50m,2,"BKK, CPH",1447,20220406-1449,cheap
5:35 pm – 10:40 am +2,"SAS, Thai Airways",EWR‐HKT,30h05m,2,"CPH, BKK",9:15 pm – 2:55 pm +1,"Thai Airways, SAS",HKT‐EWR,28h40m,2,"BKK, CPH",1451,20220406-1449,cheap
5:35 pm – 10:40 am +2,"SAS, Thai Airways",EWR‐HKT,30h05m,2,"CPH, BKK",9:15 pm – 9:05 pm +1,"Thai Airways, SAS",HKT‐EWR,34h50m,2,"BKK, CPH",1451,20220406-1449,cheap
5:40 pm – 3:25 pm +2,"TAP AIR PORTUGAL, Thai Airways",EWR‐HKT,34h45m,3,"LIS, FRA, ...",5:05 pm – 5:10 pm +1,"Thai Airways, ANA",HKT‐EWR,35h05m,2,"BKK, HND",1577,20220406-1449,cheap
5:40 pm – 4:25 pm +2,"TAP AIR PORTUGAL, Thai Airways",EWR‐HKT,35h45m,3,"LIS, FRA, ...",5:05 pm – 5:10 pm +1,"Thai Airways, ANA",HKT‐EWR,35h05m,2,"BKK, HND",1577,20220406-1449,cheap
12:00 pm – 10:40 am +2,"ANA, Thai Airways",EWR‐HKT,35h40m,2,"NRT, BKK",12:10 am – 9:28 pm,Emirates,HKT‐EWR,32h18m,2,"DXB, BOS",1660,20220406-1449,cheap
5:35 pm – 11:30 am +2,"Brussels Airlines, Scoot",EWR‐HKT,30h55m,2,"ATH, SIN",7:50 pm – 4:00 pm +1,"Scoot, Brussels Airlines",HKT‐EWR,31h10m,2,"SIN, ATH",1674,20220406-1449,cheap
5:20 pm – 9:35 am +2,"SAS, Thai Airways",EWR‐HKT,29h15m,3,"ARN, CPH, ...",9:15 pm – 2:55 pm +1,"Thai Airways, SAS",HKT‐EWR,28h40m,2,"BKK, CPH",1718,20220406-1449,cheap
5:20 pm – 10:40 am +2,"SAS, Thai Airways",EWR‐HKT,30h20m,3,"ARN, CPH, ...",9:15 pm – 2:55 pm +1,"Thai Airways, SAS",HKT‐EWR,28h40m,2,"BKK, CPH",1722,20220406-1449,cheap
11:00 pm – 3:05 pm +2,"TAP AIR PORTUGAL, Thai Airways",EWR‐HKT,29h05m,2,"LIS, LGW-LHR",6:45 pm – 5:10 pm +1,"Thai Vietjet Air, ANA",HKT‐EWR,33h25m,2,"BKK, HND",1750,20220406-1449,cheap
11:00 pm – 3:05 pm +2,"TAP AIR PORTUGAL, Thai Airways",EWR‐HKT,29h05m,2,"LIS, LGW-LHR",6:30 pm – 5:10 pm +1,"Thai Vietjet Air, ANA",HKT‐EWR,33h40m,2,"BKK, HND",1754,20220406-1449,cheap
5:40 pm – 3:25 pm +2,"TAP AIR PORTUGAL, Thai Airways",EWR‐HKT,34h45m,3,"LIS, FRA, ...",12:10 am – 9:00 pm,"Emirates, Air Caraïbes",HKT‐EWR,31h50m,2,"DXB, CDG-ORY",1762,20220406-1449,cheap
5:35 pm – 9:35 am +2,"SAS, Thai Airways",EWR‐HKT,29h00m,2,"CPH, BKK",7:40 pm – 2:55 pm +1,"Thai Airways, SAS",HKT‐EWR,30h15m,2,"BKK, CPH",1815,20220406-1449,cheap
11:55 pm – 12:30 pm +2,Emirates,EWR‐HKT,25h35m,2,"ATH, DXB",12:10 am – 9:20 pm,Emirates,HKT‐EWR,32h10m,2,"DXB, ATH",2004,20220406-1447,best
10:25 am – 7:20 pm +1,Singapore Airlines,EWR‐HKT,21h55m,1,SIN,6:10 pm – 6:00 am +1,Singapore Airlines,HKT‐EWR,22h50m,1,SIN,2252,20220406-1447,best
12:00 pm – 10:40 am +2,"ANA, Thai Airways",EWR‐HKT,35h40m,2,"NRT, BKK",12:10 am – 9:20 pm,Emirates,HKT‐EWR,32h10m,2,"DXB, ATH",1431,20220406-1447,best
10:25 am – 7:20 pm +1,Singapore Airlines,EWR‐HKT,21h55m,1,SIN,11:40 am – 6:00 am +1,Singapore Airlines,HKT‐EWR,29h20m,1,SIN,2252,20220406-1447,best
10:25 am – 7:20 pm +1,Singapore Airlines,EWR‐HKT,21h55m,1,SIN,10:25 am – 6:00 am +1,Singapore Airlines,HKT‐EWR,30h35m,1,SIN,2252,20220406-1447,best
7:30 pm – 9:35 am +2,"Lufthansa, Singapore Airlines",EWR‐HKT,27h05m,2,"FRA, SIN",7:40 pm – 1:55 pm +1,"THAI Smile, Austrian Airlines",HKT‐EWR,29h15m,2,"BKK, VIE",1977,20220406-1447,best
7:30 pm – 10:50 am +2,"Lufthansa, Singapore Airlines",EWR‐HKT,28h20m,2,"FRA, SIN",7:40 pm – 1:55 pm +1,"THAI Smile, Austrian Airlines",HKT‐EWR,29h15m,2,"BKK, VIE",1977,20220406-1447,best
7:30 pm – 9:35 am +2,"Lufthansa, Singapore Airlines",EWR‐HKT,27h05m,2,"FRA, SIN",7:10 pm – 1:55 pm +1,Austrian Airlines,HKT‐EWR,29h45m,2,"BKK, VIE",2020,20220406-1447,best
10:25 am – 7:20 pm +1,Singapore Airlines,EWR‐HKT,21h55m,1,SIN,11:40 am – 6:59 am +1,"Singapore Airlines, Alaska Airlines",HKT‐EWR,30h19m,2,"SIN, SFO",2316,20220406-1447,best
9:50 pm – 10:40 am +2,"SWISS, Thai Airways",EWR‐HKT,25h50m,2,"ZRH, BKK",6:10 pm – 1:50 pm +1,"Singapore Airlines, Lufthansa",HKT‐EWR,30h40m,2,"SIN, FRA",1995,20220406-1447,best
7:30 pm – 9:35 am +2,"Lufthansa, Singapore Airlines",EWR‐HKT,27h05m,2,"FRA, SIN",5:05 pm – 1:55 pm +1,"THAI Smile, Austrian Airlines",HKT‐EWR,31h50m,2,"BKK, VIE",1977,20220406-1447,best
7:30 pm – 10:50 am +2,"Lufthansa, Singapore Airlines",EWR‐HKT,28h20m,2,"FRA, SIN",7:10 pm – 1:55 pm +1,Austrian Airlines,HKT‐EWR,29h45m,2,"BKK, VIE",2020,20220406-1447,best
10:25 am – 7:20 pm +1,Singapore Airlines,EWR‐HKT,21h55m,1,SIN,10:25 am – 6:59 am +1,"Singapore Airlines, Alaska Airlines",HKT‐EWR,31h34m,2,"SIN, SFO",2316,20220406-1447,best
7:30 pm – 9:35 am +2,"Lufthansa, Singapore Airlines",EWR‐HKT,27h05m,2,"FRA, SIN",4:05 pm – 1:55 pm +1,"THAI Smile, Austrian Airlines",HKT‐EWR,32h50m,2,"BKK, VIE",1977,20220406-1447,best
10:25 am – 7:20 pm +1,Singapore Airlines,EWR‐HKT,21h55m,1,SIN,12:10 am – 9:20 pm,Emirates,HKT‐EWR,32h10m,2,"DXB, ATH",2243,20220406-1447,best
5:35 pm – 9:35 am +2,"SAS, Thai Airways",EWR‐HKT,29h00m,2,"CPH, BKK",9:15 pm – 2:55 pm +1,"Thai Airways, SAS",HKT‐EWR,28h40m,2,"BKK, CPH",1447,20220406-1447,best
10:25 am – 7:20 pm +1,Singapore Airlines,EWR‐HKT,21h55m,1,SIN,6:10 pm – 6:00 am +1,Singapore Airlines,HKT‐EWR,22h50m,1,SIN,2252,20220406-1451,fast
4:54 pm – 6:55 am +2,"JetBlue, Qatar Airways",EWR‐HKT,27h01m,2,"BOS, DOH",6:10 pm – 6:00 am +1,Singapore Airlines,HKT‐EWR,22h50m,1,SIN,3524,20220406-1451,fast
10:25 am – 7:20 pm +1,Singapore Airlines,EWR‐HKT,21h55m,1,SIN,11:40 am – 6:00 am +1,Singapore Airlines,HKT‐EWR,29h20m,1,SIN,2252,20220406-1451,fast
9:50 pm – 10:40 am +2,"SWISS, Thai Airways",EWR‐HKT,25h50m,2,"ZRH, BKK",8:00 pm – 10:50 am +1,"Etihad Airways, Lufthansa",HKT‐EWR,25h50m,2,"AUH, LHR",5156,20220406-1451,fast
9:50 pm – 10:40 am +2,"SWISS, Thai Airways",EWR‐HKT,25h50m,2,"ZRH, BKK",8:10 pm – 11:15 am +1,"Singapore Airlines, Lufthansa",HKT‐EWR,26h05m,2,"SIN, AMS",4889,20220406-1451,fast
10:25 am – 7:20 pm +1,Singapore Airlines,EWR‐HKT,21h55m,1,SIN,11:40 am – 6:59 am +1,"Singapore Airlines, Alaska Airlines",HKT‐EWR,30h19m,2,"SIN, SFO",2316,20220406-1451,fast
10:25 am – 7:20 pm +1,Singapore Airlines,EWR‐HKT,21h55m,1,SIN,11:40 am – 7:10 am +1,Singapore Airlines,HKT‐EWR,30h30m,2,"SIN, LAX",2699,20220406-1451,fast
10:25 am – 7:20 pm +1,Singapore Airlines,EWR‐HKT,21h55m,1,SIN,10:25 am – 6:00 am +1,Singapore Airlines,HKT‐EWR,30h35m,1,SIN,2252,20220406-1451,fast
9:50 pm – 10:40 am +2,"SWISS, Thai Airways",EWR‐HKT,25h50m,2,"ZRH, BKK",8:00 pm – 11:45 am +1,"Etihad Airways, Lufthansa",HKT‐EWR,26h45m,2,"AUH, CDG",5128,20220406-1451,fast
9:50 pm – 10:40 am +2,"SWISS, Thai Airways",EWR‐HKT,25h50m,2,"ZRH, BKK",9:20 pm – 1:10 pm +1,Multiple Airlines,HKT‐EWR,26h50m,2,"SIN, ZRH",4889,20220406-1451,fast
9:50 pm – 10:40 am +2,"SWISS, Thai Airways",EWR‐HKT,25h50m,2,"ZRH, BKK",7:50 pm – 11:45 am +1,Multiple Airlines,HKT‐EWR,26h55m,2,"SIN, CDG",4911,20220406-1451,fast
8:30 am – 8:40 pm +1,Multiple Airlines,EWR‐HKT,25h10m,2,"LHR, SIN",7:50 pm – 12:25 pm +1,"Scoot, Lufthansa",HKT‐EWR,27h35m,2,"SIN, MUC",5772,20220406-1451,fast
9:50 pm – 10:40 am +2,"SWISS, Thai Airways",EWR‐HKT,25h50m,2,"ZRH, BKK",8:00 pm – 12:10 pm +1,"Etihad Airways, SWISS",HKT‐EWR,27h10m,2,"AUH, GVA",5128,20220406-1451,fast
9:50 pm – 10:40 am +2,"SWISS, Thai Airways",EWR‐HKT,25h50m,2,"ZRH, BKK",8:10 pm – 12:25 pm +1,"Singapore Airlines, Lufthansa",HKT‐EWR,27h15m,2,"SIN, MUC",2370,20220406-1451,fast
4:15 pm – 9:35 am +2,"Alaska Airlines, Singapore Airlines",EWR‐HKT,30h20m,2,"LAX, SIN",6:10 pm – 6:00 am +1,Singapore Airlines,HKT‐EWR,22h50m,1,SIN,2889,20220406-1451,fast
