Out Time,Out Airline,Out Cities,Out Duration,Out Stops,Out Stop Cities,Return Time,Return Airline,Return Cities,Return Duration,Return Stops,Return Stop Cities,Price,timestamp,sort
11:10 am – 6:55 am +2,"Porter Airlines, Qatar Airways",EWR‐HKT,32h45m,3,"YTZ, YUL, ...",5:05 pm – 5:10 pm +1,"Thai Airways, ANA",HKT‐EWR,35h05m,2,"BKK, HND",1515,20220406-1411,cheap
11:10 am – 6:55 am +2,"Porter Airlines, Qatar Airways",EWR‐HKT,32h45m,3,"YTZ, YUL, ...",5:05 pm – 5:10 pm +1,"Thai Airways, ANA",HKT‐EWR,35h05m,2,"BKK, HND",1519,20220406-1411,cheap
2:10 pm – 6:55 am +2,"Porter Airlines, Qatar Airways",EWR‐HKT,29h45m,3,"YTZ, YUL, ...",5:05 pm – 5:10 pm +1,"Thai Airways, ANA",HKT‐EWR,35h05m,2,"BKK, HND",1566,20220406-1411,cheap
12:05 pm – 6:55 am +2,"Porter Airlines, Qatar Airways",EWR‐HKT,31h50m,3,"YTZ, YUL, ...",5:05 pm – 5:10 pm +1,"Thai Airways, ANA",HKT‐EWR,35h05m,2,"BKK, HND",1566,20220406-1411,cheap
2:10 pm – 6:55 am +2,"Porter Airlines, Qatar Airways",EWR‐HKT,29h45m,3,"YTZ, YUL, ...",5:25 pm – 5:10 pm +1,"Thai AirAsia, ANA",HKT‐EWR,34h45m,2,"BKK, HND",1593,20220406-1411,cheap
12:05 pm – 6:55 am +2,"Porter Airlines, Qatar Airways",EWR‐HKT,31h50m,3,"YTZ, YUL, ...",5:25 pm – 5:10 pm +1,"Thai AirAsia, ANA",HKT‐EWR,34h45m,2,"BKK, HND",1593,20220406-1411,cheap
5:35 pm – 9:35 am +2,"SAS, Thai Airways",EWR‐HKT,29h00m,2,"CPH, BKK",12:10 am – 9:05 pm,"Emirates, SAS",HKT‐EWR,31h55m,2,"DXB, CPH",1599,20220406-1411,cheap
11:10 am – 6:55 am +2,"Porter Airlines, Qatar Airways",EWR‐HKT,32h45m,3,"YTZ, YUL, ...",9:15 pm – 9:30 pm +1,"Thai Airways, TAP AIR PORTUGAL",HKT‐EWR,35h15m,3,"BKK, CPH, ...",1605,20220406-1411,cheap
11:10 am – 6:55 am +2,"Porter Airlines, Qatar Airways",EWR‐HKT,32h45m,3,"YTZ, YUL, ...",9:15 pm – 9:30 pm +1,"Thai Airways, TAP AIR PORTUGAL",HKT‐EWR,35h15m,3,"BKK, CPH, ...",1610,20220406-1411,cheap
12:00 pm – 7:05 pm +2,"ANA, Bangkok Airways",EWR‐HKT,44h05m,2,"NRT, BKK",8:00 pm – 3:50 pm +1,Etihad Airways,HKT‐EWR,30h50m,2,"AUH, DUB",1648,20220406-1411,cheap
11:10 am – 6:55 am +2,"Porter Airlines, Qatar Airways",EWR‐HKT,32h45m,3,"YTZ, YUL, ...",12:10 am – 9:00 pm,"Emirates, Air Caraïbes",HKT‐EWR,31h50m,2,"DXB, CDG-ORY",1672,20220406-1411,cheap
11:55 pm – 12:30 pm +2,Emirates,EWR‐HKT,25h35m,2,"ATH, DXB",12:10 am – 9:20 pm,Emirates,HKT‐EWR,32h10m,2,"DXB, ATH",1694,20220406-1411,cheap
10:25 am – 7:20 pm +1,Singapore Airlines,EWR‐HKT,21h55m,1,SIN,8:10 pm – 7:00 am +2,Singapore Airlines,HKT‐EWR,45h50m,3,"SIN, NRT, ...",1708,20220406-1411,cheap
8:15 am – 9:35 am +2,Singapore Airlines,EWR‐HKT,38h20m,2,"LAX, SIN",12:10 am – 9:20 pm,Emirates,HKT‐EWR,32h10m,2,"DXB, ATH",1709,20220406-1411,cheap
2:10 pm – 6:55 am +2,"Porter Airlines, Qatar Airways",EWR‐HKT,29h45m,3,"YTZ, YUL, ...",12:10 am – 9:00 pm,"Emirates, Air Caraïbes",HKT‐EWR,31h50m,2,"DXB, CDG-ORY",1723,20220406-1411,cheap
11:55 pm – 12:30 pm +2,Emirates,EWR‐HKT,25h35m,2,"ATH, DXB",12:10 am – 9:20 pm,Emirates,HKT‐EWR,32h10m,2,"DXB, ATH",1733,20220406-1409,best
10:25 am – 7:20 pm +1,Singapore Airlines,EWR‐HKT,21h55m,1,SIN,6:10 pm – 6:00 am +1,Singapore Airlines,HKT‐EWR,22h50m,1,SIN,1724,20220406-1409,best
10:25 am – 7:20 pm +1,Singapore Airlines,EWR‐HKT,21h55m,1,SIN,11:40 am – 6:00 am +1,Singapore Airlines,HKT‐EWR,29h20m,1,SIN,1724,20220406-1409,best
10:25 am – 7:20 pm +1,Singapore Airlines,EWR‐HKT,21h55m,1,SIN,10:25 am – 6:00 am +1,Singapore Airlines,HKT‐EWR,30h35m,1,SIN,1737,20220406-1409,best
10:25 am – 9:35 am +2,Singapore Airlines,EWR‐HKT,36h10m,1,SIN,6:10 pm – 6:00 am +1,Singapore Airlines,HKT‐EWR,22h50m,1,SIN,1724,20220406-1409,best
10:25 am – 10:50 am +2,Singapore Airlines,EWR‐HKT,37h25m,1,SIN,6:10 pm – 6:00 am +1,Singapore Airlines,HKT‐EWR,22h50m,1,SIN,1737,20220406-1409,best
10:25 am – 7:20 pm +1,Singapore Airlines,EWR‐HKT,21h55m,1,SIN,12:10 am – 9:20 pm,Emirates,HKT‐EWR,32h10m,2,"DXB, ATH",1983,20220406-1409,best
10:25 am – 7:20 pm +1,Singapore Airlines,EWR‐HKT,21h55m,1,SIN,11:40 am – 7:00 am +1,Singapore Airlines,HKT‐EWR,30h20m,2,"SIN, SFO",2156,20220406-1409,best
11:55 pm – 12:30 pm +2,Emirates,EWR‐HKT,25h35m,2,"ATH, DXB",12:10 am – 9:20 pm,Emirates,HKT‐EWR,32h10m,2,"DXB, ATH",1694,20220406-1409,best
10:25 am – 9:35 am +2,Singapore Airlines,EWR‐HKT,36h10m,1,SIN,11:40 am – 6:00 am +1,Singapore Airlines,HKT‐EWR,29h20m,1,SIN,1724,20220406-1409,best
4:15 pm – 9:35 am +2,Singapore Airlines,EWR‐HKT,30h20m,2,"LAX, SIN",6:10 pm – 6:00 am +1,Singapore Airlines,HKT‐EWR,22h50m,1,SIN,2311,20220406-1409,best
6:20 pm – 6:55 am +2,"JetBlue, Qatar Airways",EWR‐HKT,25h35m,2,"BOS, DOH",11:55 pm – 9:28 pm +1,Qatar Airways,HKT‐EWR,32h33m,2,"DOH, BOS",1882,20220406-1409,best
6:20 pm – 6:55 am +2,Qatar Airways,EWR‐HKT,25h35m,2,"BOS, DOH",12:10 am – 9:20 pm,Emirates,HKT‐EWR,32h10m,2,"DXB, ATH",1930,20220406-1409,best
10:25 am – 9:35 am +2,Singapore Airlines,EWR‐HKT,36h10m,1,SIN,10:25 am – 6:00 am +1,Singapore Airlines,HKT‐EWR,30h35m,1,SIN,1724,20220406-1409,best
10:25 am – 5:10 pm +2,Singapore Airlines,EWR‐HKT,43h45m,1,SIN,6:10 pm – 6:00 am +1,Singapore Airlines,HKT‐EWR,22h50m,1,SIN,1737,20220406-1409,best
10:25 am – 10:50 am +2,Singapore Airlines,EWR‐HKT,37h25m,1,SIN,11:40 am – 6:00 am +1,Singapore Airlines,HKT‐EWR,29h20m,1,SIN,1737,20220406-1409,best
10:25 am – 7:20 pm +1,Singapore Airlines,EWR‐HKT,21h55m,1,SIN,6:10 pm – 6:00 am +1,Singapore Airlines,HKT‐EWR,22h50m,1,SIN,1724,20220406-1414,fast
10:25 am – 7:20 pm +1,Singapore Airlines,EWR‐HKT,21h55m,1,SIN,11:40 am – 6:00 am +1,Singapore Airlines,HKT‐EWR,29h20m,1,SIN,1724,20220406-1414,fast
10:00 pm – 9:35 am +2,"Lufthansa, Singapore Airlines",EWR‐HKT,24h35m,2,"LHR, SIN",7:50 pm – 12:25 pm +1,"Scoot, Lufthansa",HKT‐EWR,27h35m,2,"SIN, MUC",4947,20220406-1414,fast
10:25 am – 7:20 pm +1,Singapore Airlines,EWR‐HKT,21h55m,1,SIN,11:40 am – 7:00 am +1,Singapore Airlines,HKT‐EWR,30h20m,2,"SIN, SFO",2156,20220406-1414,fast
10:25 am – 7:20 pm +1,Singapore Airlines,EWR‐HKT,21h55m,1,SIN,11:40 am – 7:00 am +1,Singapore Airlines,HKT‐EWR,30h20m,2,"SIN, LAX",2531,20220406-1414,fast
10:25 am – 7:20 pm +1,Singapore Airlines,EWR‐HKT,21h55m,1,SIN,10:25 am – 6:00 am +1,Singapore Airlines,HKT‐EWR,30h35m,1,SIN,1737,20220406-1414,fast
4:15 pm – 9:35 am +2,Singapore Airlines,EWR‐HKT,30h20m,2,"LAX, SIN",6:10 pm – 6:00 am +1,Singapore Airlines,HKT‐EWR,22h50m,1,SIN,2311,20220406-1414,fast
10:25 am – 7:20 pm +1,Singapore Airlines,EWR‐HKT,21h55m,1,SIN,12:10 am – 9:20 pm,Emirates,HKT‐EWR,32h10m,2,"DXB, ATH",1983,20220406-1414,fast
10:00 pm – 11:30 am +2,Multiple Airlines,EWR‐HKT,26h30m,2,"LHR, SIN",7:50 pm – 12:25 pm +1,"Scoot, Lufthansa",HKT‐EWR,27h35m,2,"SIN, MUC",4959,20220406-1414,fast
8:45 pm – 10:15 am +2,"Lufthansa, Etihad Airways",EWR‐HKT,26h30m,2,"MUC, AUH",7:50 pm – 12:25 pm +1,"Scoot, Lufthansa",HKT‐EWR,27h35m,2,"SIN, MUC",5140,20220406-1414,fast
8:45 pm – 10:15 am +2,"Lufthansa, Etihad Airways",EWR‐HKT,26h30m,2,"MUC, AUH",7:50 pm – 12:25 pm +1,"Scoot, Lufthansa",HKT‐EWR,27h35m,2,"SIN, MUC",5285,20220406-1414,fast
10:25 am – 7:20 pm +1,Singapore Airlines,EWR‐HKT,21h55m,1,SIN,11:55 pm – 9:28 pm +1,Qatar Airways,HKT‐EWR,32h33m,2,"DOH, BOS",2168,20220406-1414,fast
8:00 pm – 10:15 am +2,"Lufthansa, Etihad Airways",EWR‐HKT,27h15m,2,"LHR, AUH",7:50 pm – 12:25 pm +1,"Scoot, Lufthansa",HKT‐EWR,27h35m,2,"SIN, MUC",5177,20220406-1414,fast
10:00 pm – 9:35 am +2,"Austrian Airlines, Singapore Airlines",EWR‐HKT,24h35m,2,"LHR, SIN",11:40 am – 7:00 am +1,Singapore Airlines,HKT‐EWR,30h20m,2,"SIN, LAX",5222,20220406-1414,fast
10:00 pm – 11:30 am +2,Multiple Airlines,EWR‐HKT,26h30m,2,"LHR, SIN",7:10 pm – 1:55 pm +1,Austrian Airlines,HKT‐EWR,29h45m,2,"BKK, VIE",4982,20220406-1414,fast
