Out Time,Out Airline,Out Cities,Out Duration,Out Stops,Out Stop Cities,Return Time,Return Airline,Return Cities,Return Duration,Return Stops,Return Stop Cities,Price,timestamp,sort
5:40 pm – 3:05 pm +2,"TAP AIR PORTUGAL, Thai Airways",EWR‐HKT,34h25m,2,"LIS, LHR",6:30 pm – 5:10 pm +1,"Thai Vietjet Air, ANA",HKT‐EWR,33h40m,2,"BKK, HND",1467,20220406-1303,cheap
5:40 pm – 3:05 pm +2,"TAP AIR PORTUGAL, Thai Airways",EWR‐HKT,34h25m,2,"LIS, LHR",6:30 pm – 5:10 pm +1,"Thai Vietjet Air, ANA",HKT‐EWR,33h40m,2,"BKK, HND",1467,20220406-1303,cheap
11:00 pm – 3:05 pm +2,"TAP AIR PORTUGAL, Thai Airways",EWR‐HKT,29h05m,2,"LIS, LHR",6:30 pm – 5:10 pm +1,"Thai Vietjet Air, ANA",HKT‐EWR,33h40m,2,"BKK, HND",1468,20220406-1303,cheap
5:40 pm – 3:05 pm +2,"TAP AIR PORTUGAL, Thai Airways",EWR‐HKT,34h25m,2,"LIS, LHR",6:30 pm – 5:10 pm +1,"Thai Vietjet Air, ANA",HKT‐EWR,33h40m,2,"BKK, HND",1468,20220406-1303,cheap
5:40 pm – 3:05 pm +2,"TAP AIR PORTUGAL, Thai Airways",EWR‐HKT,34h25m,2,"LIS, LHR",6:30 pm – 5:10 pm +1,"Thai Vietjet Air, ANA",HKT‐EWR,33h40m,2,"BKK, HND",1468,20220406-1303,cheap
11:00 pm – 3:05 pm +2,"TAP AIR PORTUGAL, Thai Airways",EWR‐HKT,29h05m,2,"LIS, LHR",5:25 pm – 5:10 pm +1,"Thai AirAsia, ANA",HKT‐EWR,34h45m,2,"BKK, HND",1488,20220406-1303,cheap
11:00 pm – 3:05 pm +2,"TAP AIR PORTUGAL, Thai Airways",EWR‐HKT,29h05m,2,"LIS, LHR",12:10 am – 9:00 pm,"Emirates, Air Caraïbes",HKT‐EWR,31h50m,2,"DXB, CDG-ORY",1567,20220406-1303,cheap
11:00 pm – 3:05 pm +2,"TAP AIR PORTUGAL, Thai Airways",EWR‐HKT,29h05m,2,"LIS, LHR",12:10 am – 9:00 pm,"Emirates, Air Caraïbes",HKT‐EWR,31h50m,2,"DXB, CDG-ORY",1567,20220406-1303,cheap
5:40 pm – 3:05 pm +2,"TAP AIR PORTUGAL, Thai Airways",EWR‐HKT,34h25m,2,"LIS, LHR",12:10 am – 9:00 pm,"Emirates, Air Caraïbes",HKT‐EWR,31h50m,2,"DXB, CDG-ORY",1567,20220406-1303,cheap
11:05 am – 6:55 am +2,"Porter Airlines, Qatar Airways",EWR‐HKT,32h50m,3,"YTZ, YUL, ...",5:25 pm – 5:10 pm +1,"Thai AirAsia, ANA",HKT‐EWR,34h45m,2,"BKK, HND",1654,20220406-1303,cheap
11:05 am – 6:55 am +2,"Porter Airlines, Qatar Airways",EWR‐HKT,32h50m,3,"YTZ, YUL, ...",5:25 pm – 5:10 pm +1,"Thai AirAsia, ANA",HKT‐EWR,34h45m,2,"BKK, HND",1654,20220406-1303,cheap
11:00 pm – 3:05 pm +2,"TAP AIR PORTUGAL, Thai Airways",EWR‐HKT,29h05m,2,"LIS, LHR",3:25 pm – 7:15 pm +1,Multiple Airlines,HKT‐EWR,38h50m,3,"BKK, DOH, ...",1678,20220406-1303,cheap
8:15 am – 9:35 am +2,Singapore Airlines,EWR‐HKT,38h20m,3,"LAX, NRT, ...",12:10 am – 9:20 pm,Emirates,HKT‐EWR,32h10m,2,"DXB, ATH",1683,20220406-1303,cheap
2:10 pm – 6:55 am +2,"Porter Airlines, Qatar Airways",EWR‐HKT,29h45m,3,"YTZ, YUL, ...",6:30 pm – 5:10 pm +1,"Thai Vietjet Air, ANA",HKT‐EWR,33h40m,2,"BKK, HND",1692,20220406-1303,cheap
10:55 pm – 1:15 pm +2,"French Bee, Qatar Airways",EWR‐HKT,27h20m,2,"ORY-CDG, DOH",6:30 pm – 5:10 pm +1,"Thai Vietjet Air, ANA",HKT‐EWR,33h40m,2,"BKK, HND",1696,20220406-1303,cheap
11:55 pm – 12:30 pm +2,Emirates,EWR‐HKT,25h35m,2,"ATH, DXB",12:10 am – 9:20 pm,Emirates,HKT‐EWR,32h10m,2,"DXB, ATH",1841,20220406-1300,best
10:25 am – 7:20 pm +1,Singapore Airlines,EWR‐HKT,21h55m,1,SIN,6:10 pm – 6:00 am +1,Singapore Airlines,HKT‐EWR,22h50m,1,SIN,2345,20220406-1300,best
10:25 am – 7:20 pm +1,Singapore Airlines,EWR‐HKT,21h55m,1,SIN,11:40 am – 7:00 am +1,Singapore Airlines,HKT‐EWR,30h20m,2,"SIN, LAX",2139,20220406-1300,best
10:25 am – 7:20 pm +1,Singapore Airlines,EWR‐HKT,21h55m,1,SIN,10:25 am – 7:00 am +1,Singapore Airlines,HKT‐EWR,31h35m,2,"SIN, LAX",2139,20220406-1300,best
10:25 am – 7:20 pm +1,Singapore Airlines,EWR‐HKT,21h55m,1,SIN,11:40 am – 6:00 am +1,Singapore Airlines,HKT‐EWR,29h20m,1,SIN,2345,20220406-1300,best
10:25 am – 7:20 pm +1,Singapore Airlines,EWR‐HKT,21h55m,1,SIN,10:25 am – 6:00 am +1,Singapore Airlines,HKT‐EWR,30h35m,1,SIN,2345,20220406-1300,best
11:55 pm – 12:30 pm +2,Emirates,EWR‐HKT,25h35m,2,"ATH, DXB",12:10 am – 9:20 pm,Emirates,HKT‐EWR,32h10m,2,"DXB, ATH",1802,20220406-1300,best
10:25 am – 7:20 pm +1,Singapore Airlines,EWR‐HKT,21h55m,1,SIN,12:10 am – 9:20 pm,Emirates,HKT‐EWR,32h10m,2,"DXB, ATH",2225,20220406-1300,best
6:20 pm – 6:55 am +2,Qatar Airways,EWR‐HKT,25h35m,2,"BOS, DOH",12:10 am – 9:20 pm,Emirates,HKT‐EWR,32h10m,2,"DXB, ATH",2075,20220406-1300,best
4:21 pm – 6:55 am +2,Qatar Airways,EWR‐HKT,27h34m,2,"BOS, DOH",12:10 am – 9:20 pm,Emirates,HKT‐EWR,32h10m,2,"DXB, ATH",2075,20220406-1300,best
4:21 pm – 6:55 am +2,Qatar Airways,EWR‐HKT,27h34m,2,"BOS, DOH",11:55 pm – 7:31 pm +1,Qatar Airways,HKT‐EWR,30h36m,2,"DOH, ORD",2202,20220406-1300,best
5:40 pm – 7:05 pm +2,"Austrian Airlines, Bangkok Airways",EWR‐HKT,38h25m,2,"VIE, BKK",7:10 pm – 1:55 pm +1,"Bangkok Airways, Austrian Airlines",HKT‐EWR,29h45m,2,"BKK, VIE",1866,20220406-1300,best
6:20 pm – 12:30 pm +2,Emirates,EWR‐HKT,31h10m,2,"BOS, DXB",12:10 am – 9:20 pm,Emirates,HKT‐EWR,32h10m,2,"DXB, ATH",2016,20220406-1300,best
8:45 pm – 9:35 am +2,"Lufthansa, Singapore Airlines",EWR‐HKT,25h50m,2,"MUC, SIN",8:10 pm – 1:50 pm +1,"Singapore Airlines, Lufthansa",HKT‐EWR,28h40m,2,"SIN, FRA",2528,20220406-1300,best
4:21 pm – 6:55 am +2,Qatar Airways,EWR‐HKT,27h34m,2,"BOS, DOH",11:55 pm – 9:01 pm +1,Qatar Airways,HKT‐EWR,32h06m,2,"DOH, ORD",2202,20220406-1300,best
1:50 pm – 6:55 am +2,Qatar Airways,EWR‐HKT,30h05m,2,"ORD, DOH",11:55 pm – 7:31 pm +1,Qatar Airways,HKT‐EWR,30h36m,2,"DOH, ORD",2154,20220406-1300,best
10:25 am – 7:20 pm +1,Singapore Airlines,EWR‐HKT,21h55m,1,SIN,6:10 pm – 6:00 am +1,Singapore Airlines,HKT‐EWR,22h50m,1,SIN,2345,20220406-1305,fast
4:21 pm – 6:55 am +2,"JetBlue, Qatar Airways",EWR‐HKT,27h34m,2,"BOS, DOH",6:10 pm – 6:00 am +1,Singapore Airlines,HKT‐EWR,22h50m,1,SIN,3008,20220406-1305,fast
10:25 am – 7:20 pm +1,Singapore Airlines,EWR‐HKT,21h55m,1,SIN,11:40 am – 6:00 am +1,Singapore Airlines,HKT‐EWR,29h20m,1,SIN,2345,20220406-1305,fast
9:35 pm – 1:15 pm +2,"British Airways, Qatar Airways",EWR‐HKT,28h40m,2,"LHR, DOH",6:10 pm – 6:00 am +1,Singapore Airlines,HKT‐EWR,22h50m,1,SIN,3671,20220406-1305,fast
10:25 am – 7:20 pm +1,Singapore Airlines,EWR‐HKT,21h55m,1,SIN,11:40 am – 7:00 am +1,Singapore Airlines,HKT‐EWR,30h20m,2,"SIN, LAX",2139,20220406-1305,fast
10:25 am – 7:20 pm +1,Singapore Airlines,EWR‐HKT,21h55m,1,SIN,11:40 am – 7:00 am +1,Singapore Airlines,HKT‐EWR,30h20m,2,"SIN, SFO",3023,20220406-1305,fast
10:25 am – 7:20 pm +1,Singapore Airlines,EWR‐HKT,21h55m,1,SIN,10:25 am – 6:00 am +1,Singapore Airlines,HKT‐EWR,30h35m,1,SIN,2345,20220406-1305,fast
10:25 am – 7:20 pm +1,Singapore Airlines,EWR‐HKT,21h55m,1,SIN,10:25 am – 7:00 am +1,Singapore Airlines,HKT‐EWR,31h35m,2,"SIN, LAX",2139,20220406-1305,fast
6:05 pm – 6:55 am +2,"British Airways, Qatar Airways",EWR‐HKT,25h50m,2,"LHR, DOH",9:05 pm – 1:50 pm +1,"Qatar Airways, British Airways",HKT‐EWR,27h45m,2,"DOH, LHR",3578,20220406-1305,fast
10:25 am – 7:20 pm +1,Singapore Airlines,EWR‐HKT,21h55m,1,SIN,12:10 am – 9:20 pm,Emirates,HKT‐EWR,32h10m,2,"DXB, ATH",2225,20220406-1305,fast
8:45 pm – 9:35 am +2,"Lufthansa, Singapore Airlines",EWR‐HKT,25h50m,2,"MUC, SIN",8:10 pm – 1:50 pm +1,"Singapore Airlines, Lufthansa",HKT‐EWR,28h40m,2,"SIN, FRA",2528,20220406-1305,fast
6:20 pm – 1:15 pm +2,"JetBlue, Qatar Airways",EWR‐HKT,31h55m,2,"BOS, DOH",6:10 pm – 6:00 am +1,Singapore Airlines,HKT‐EWR,22h50m,1,SIN,3008,20220406-1305,fast
10:25 am – 7:20 pm +1,Singapore Airlines,EWR‐HKT,21h55m,1,SIN,9:05 pm – 7:31 pm +1,"Qatar Airways, American Airlines",HKT‐EWR,33h26m,2,"DOH, ORD",2588,20220406-1305,fast
8:45 pm – 10:50 am +2,"Lufthansa, Singapore Airlines",EWR‐HKT,27h05m,2,"MUC, SIN",8:10 pm – 1:50 pm +1,"Singapore Airlines, Lufthansa",HKT‐EWR,28h40m,2,"SIN, FRA",2528,20220406-1305,fast
7:30 pm – 9:35 am +2,"Lufthansa, Singapore Airlines",EWR‐HKT,27h05m,2,"FRA, SIN",8:10 pm – 1:50 pm +1,"Singapore Airlines, Lufthansa",HKT‐EWR,28h40m,2,"SIN, FRA",2545,20220406-1305,fast
