Out Time,Out Airline,Out Cities,Out Duration,Out Stops,Out Stop Cities,Return Time,Return Airline,Return Cities,Return Duration,Return Stops,Return Stop Cities,Price,timestamp,sort
12:05 pm – 6:55 am +2,"Air India, THAI Smile",EWR‐HKT,31h50m,1,BOM,7:10 pm – 9:00 pm +1,"Thai Airways, French Bee",HKT‐EWR,36h50m,2,"BKK, CDG-ORY",1216,20220406-0752,cheap
12:05 pm – 6:55 am +2,"Air India, THAI Smile",EWR‐HKT,31h50m,1,BOM,9:15 pm – 9:00 pm +1,"Thai Airways, French Bee",HKT‐EWR,34h45m,2,"BKK, CDG-ORY",1307,20220406-0752,cheap
12:05 pm – 6:55 am +2,"Air India, THAI Smile",EWR‐HKT,31h50m,1,BOM,11:50 pm – 9:00 pm +1,Multiple Airlines,HKT‐EWR,32h10m,2,"ARN, ORY",1340,20220406-0752,cheap
12:05 pm – 6:55 am +2,"Air India, THAI Smile",EWR‐HKT,31h50m,1,BOM,11:55 pm – 9:00 pm +1,"Qatar Airways, French Bee",HKT‐EWR,32h05m,2,"DOH, CDG-ORY",1352,20220406-0752,cheap
1:42 pm – 7:20 am +2,Qatar Airways,EWR‐HKT,30h38m,2,"ORD, DOH",11:55 pm – 10:28 pm +1,Qatar Airways,HKT‐EWR,33h33m,2,"DOH, BOS",1420,20220406-0752,cheap
1:42 pm – 7:20 am +2,Qatar Airways,EWR‐HKT,30h38m,2,"ORD, DOH",11:55 pm – 9:00 pm +1,Qatar Airways,HKT‐EWR,32h05m,2,"DOH, ORD",1434,20220406-0752,cheap
1:42 pm – 7:20 am +2,Qatar Airways,EWR‐HKT,30h38m,2,"ORD, DOH",11:55 pm – 11:43 pm +1,Qatar Airways,HKT‐EWR,34h48m,2,"DOH, ORD",1434,20220406-0752,cheap
12:05 pm – 6:55 am +2,"Air India, THAI Smile",EWR‐HKT,31h50m,1,BOM,11:55 pm – 10:28 pm +1,Qatar Airways,HKT‐EWR,33h33m,2,"DOH, BOS",1484,20220406-0752,cheap
7:15 am – 7:20 am +2,"JetBlue, Qatar Airways",EWR‐HKT,37h05m,2,"BOS, DOH",11:55 pm – 10:28 pm +1,"Qatar Airways, JetBlue",HKT‐EWR,33h33m,2,"DOH, BOS",1484,20220406-0752,cheap
1:42 pm – 7:20 am +2,Qatar Airways,EWR‐HKT,30h38m,2,"ORD, DOH",9:05 pm – 7:14 pm +1,Qatar Airways,HKT‐EWR,33h09m,2,"DOH, ORD",1489,20220406-0752,cheap
1:42 pm – 7:20 am +2,Qatar Airways,EWR‐HKT,30h38m,2,"ORD, DOH",9:05 pm – 9:00 pm +1,Qatar Airways,HKT‐EWR,34h55m,2,"DOH, ORD",1489,20220406-0752,cheap
1:42 pm – 7:20 am +2,Qatar Airways,EWR‐HKT,30h38m,2,"ORD, DOH",9:05 pm – 11:43 pm +1,Qatar Airways,HKT‐EWR,37h38m,2,"DOH, ORD",1497,20220406-0752,cheap
12:05 pm – 6:55 am +2,"Air India, THAI Smile",EWR‐HKT,31h50m,1,BOM,11:55 pm – 9:00 pm +1,Qatar Airways,HKT‐EWR,32h05m,2,"DOH, ORD",1498,20220406-0752,cheap
6:05 pm – 10:35 am +2,"Lufthansa, Thai Airways",EWR‐HKT,29h30m,2,"FRA, BKK",7:10 pm – 3:55 pm +1,"Thai Airways, Lufthansa",HKT‐EWR,31h45m,2,"BKK, FRA",1539,20220406-0752,cheap
12:05 pm – 6:55 am +2,"Air India, THAI Smile",EWR‐HKT,31h50m,1,BOM,9:05 pm – 7:14 pm +1,Qatar Airways,HKT‐EWR,33h09m,2,"DOH, ORD",1544,20220406-0752,cheap
1:42 pm – 7:20 am +2,Qatar Airways,EWR‐HKT,30h38m,2,"ORD, DOH",11:55 pm – 9:00 pm +1,Qatar Airways,HKT‐EWR,32h05m,2,"DOH, ORD",1434,20220406-0749,best
1:42 pm – 7:20 am +2,Qatar Airways,EWR‐HKT,30h38m,2,"ORD, DOH",11:55 pm – 10:28 pm +1,Qatar Airways,HKT‐EWR,33h33m,2,"DOH, BOS",1420,20220406-0749,best
1:42 pm – 7:20 am +2,Qatar Airways,EWR‐HKT,30h38m,2,"ORD, DOH",9:05 pm – 7:14 pm +1,Qatar Airways,HKT‐EWR,33h09m,2,"DOH, ORD",1489,20220406-0749,best
1:42 pm – 7:20 am +2,Qatar Airways,EWR‐HKT,30h38m,2,"ORD, DOH",11:55 pm – 11:43 pm +1,Qatar Airways,HKT‐EWR,34h48m,2,"DOH, ORD",1434,20220406-0749,best
1:42 pm – 7:20 am +2,Qatar Airways,EWR‐HKT,30h38m,2,"ORD, DOH",9:05 pm – 4:57 pm +1,Qatar Airways,HKT‐EWR,30h52m,2,"DOH, ORD",1584,20220406-0749,best
1:42 pm – 7:20 am +2,Qatar Airways,EWR‐HKT,30h38m,2,"ORD, DOH",9:05 pm – 9:00 pm +1,Qatar Airways,HKT‐EWR,34h55m,2,"DOH, ORD",1489,20220406-0749,best
8:15 am – 10:50 am +2,Singapore Airlines,EWR‐HKT,39h35m,3,"LAX, NRT, ...",6:10 pm – 6:00 am +1,Singapore Airlines,HKT‐EWR,22h50m,1,SIN,1727,20220406-0749,best
1:42 pm – 7:20 am +2,"American Airlines, Qatar Airways",EWR‐HKT,30h38m,2,"ORD, DOH",11:55 pm – 10:13 pm +1,"Qatar Airways, American Airlines",HKT‐EWR,33h18m,3,"DOH, BOS, ...",1568,20220406-0749,best
1:42 pm – 7:20 am +2,"American Airlines, Qatar Airways",EWR‐HKT,30h38m,2,"ORD, DOH",11:55 pm – 10:13 pm +1,"Qatar Airways, American Airlines",HKT‐EWR,33h18m,3,"DOH, PHL, ...",1568,20220406-0749,best
1:42 pm – 7:20 am +2,"American Airlines, Qatar Airways",EWR‐HKT,30h38m,2,"ORD, DOH",11:55 pm – 12:02 am +2,"Qatar Airways, American Airlines",HKT‐EWR,35h07m,2,"DOH, MIA",1565,20220406-0749,best
5:20 pm – 7:05 am +2,"SAS, Thai Airways",EWR‐HKT,26h45m,1,ARN,11:50 pm – 12:55 pm +1,"Thai Airways, SAS",HKT‐EWR,24h05m,1,ARN,1817,20220406-0749,best
1:42 pm – 7:20 am +2,Qatar Airways,EWR‐HKT,30h38m,2,"ORD, DOH",9:05 pm – 11:43 pm +1,Qatar Airways,HKT‐EWR,37h38m,2,"DOH, ORD",1497,20220406-0749,best
12:37 pm – 7:20 am +2,"American Airlines, Qatar Airways",EWR‐HKT,31h43m,2,"MIA, DOH",11:55 pm – 10:13 pm +1,"Qatar Airways, American Airlines",HKT‐EWR,33h18m,3,"DOH, PHL, ...",1568,20220406-0749,best
12:37 pm – 7:20 am +2,"American Airlines, Qatar Airways",EWR‐HKT,31h43m,2,"MIA, DOH",11:55 pm – 10:13 pm +1,"Qatar Airways, American Airlines",HKT‐EWR,33h18m,3,"DOH, BOS, ...",1568,20220406-0749,best
12:37 pm – 7:20 am +2,"American Airlines, Qatar Airways",EWR‐HKT,31h43m,2,"MIA, DOH",11:55 pm – 12:02 am +2,"Qatar Airways, American Airlines",HKT‐EWR,35h07m,2,"DOH, MIA",1565,20220406-0749,best
5:20 pm – 7:05 am +2,"SAS, Thai Airways",EWR‐HKT,26h45m,1,ARN,11:50 pm – 12:55 pm +1,"Thai Airways, SAS",HKT‐EWR,24h05m,1,ARN,1817,20220406-0754,fast
6:35 pm – 10:50 am +2,Singapore Airlines,EWR‐HKT,29h15m,2,"LAX, SIN",6:10 pm – 6:00 am +1,Singapore Airlines,HKT‐EWR,22h50m,1,SIN,2687,20220406-0754,fast
11:00 pm – 3:05 pm +2,"TAP AIR PORTUGAL, Thai Airways",EWR‐HKT,29h05m,2,"LIS, LHR",5:35 pm – 6:00 am +1,"Scoot, Singapore Airlines",HKT‐EWR,23h25m,1,SIN,2101,20220406-0754,fast
8:30 am – 8:00 pm +1,"Lufthansa, Emirates",EWR‐HKT,24h30m,2,"LHR, DXB",12:10 pm – 6:00 am +1,"Scoot, Singapore Airlines",HKT‐EWR,28h50m,1,SIN,5634,20220406-0754,fast
7:35 pm – 7:05 am +2,"Lufthansa, Thai Airways",EWR‐HKT,24h30m,2,"FRA, ARN",7:10 pm – 1:55 pm +1,Austrian Airlines,HKT‐EWR,29h45m,2,"BKK, VIE",5024,20220406-0754,fast
9:50 pm – 9:45 am +2,"SWISS, Finnair",EWR‐HKT,24h55m,2,"ZRH, ARN",7:10 pm – 1:55 pm +1,Austrian Airlines,HKT‐EWR,29h45m,2,"BKK, VIE",5137,20220406-0754,fast
11:00 pm – 3:05 pm +2,"TAP AIR PORTUGAL, Thai Airways",EWR‐HKT,29h05m,2,"LIS, LHR",12:15 am – 2:55 pm,"Thai Airways, SAS",HKT‐EWR,25h40m,1,CPH,2109,20220406-0754,fast
11:00 pm – 10:35 am +2,Multiple Airlines,EWR‐HKT,24h35m,2,"LHR, BKK",9:15 pm – 4:40 pm +1,"THAI Smile, ANA",HKT‐EWR,30h25m,2,"BKK, NRT",12276,20220406-0754,fast
11:55 pm – 12:30 pm +2,Emirates,EWR‐HKT,25h35m,2,"ATH, DXB",9:05 pm – 4:57 pm +1,Qatar Airways,HKT‐EWR,30h52m,2,"DOH, ORD",5323,20220406-0754,fast
7:35 pm – 9:35 am +2,"Lufthansa, Singapore Airlines",EWR‐HKT,27h00m,2,"FRA, SIN",7:10 pm – 1:55 pm +1,Austrian Airlines,HKT‐EWR,29h45m,2,"BKK, VIE",3138,20220406-0754,fast
12:05 pm – 6:55 am +2,"Air India, THAI Smile",EWR‐HKT,31h50m,1,BOM,12:15 am – 2:55 pm,"Thai Airways, SAS",HKT‐EWR,25h40m,1,CPH,1725,20220406-0754,fast
11:55 pm – 12:30 pm +2,Emirates,EWR‐HKT,25h35m,2,"ATH, DXB",11:55 pm – 9:00 pm +1,Qatar Airways,HKT‐EWR,32h05m,2,"DOH, ORD",2127,20220406-0754,fast
5:25 pm – 12:30 pm +2,"Lufthansa, IndiGo",EWR‐HKT,32h05m,2,"MUC, DEL",12:15 am – 2:55 pm,"Thai Airways, SAS",HKT‐EWR,25h40m,1,CPH,1940,20220406-0754,fast
11:55 pm – 12:30 pm +2,Emirates,EWR‐HKT,25h35m,2,"ATH, DXB",12:10 am – 9:20 pm,Emirates,HKT‐EWR,32h10m,2,"DXB, ATH",2148,20220406-0754,fast
11:00 pm – 3:05 pm +2,"TAP AIR PORTUGAL, Thai Airways",EWR‐HKT,29h05m,2,"LIS, LHR",12:10 pm – 6:00 am +1,"Scoot, Singapore Airlines",HKT‐EWR,28h50m,1,SIN,2070,20220406-0754,fast
