Out Time,Out Airline,Out Cities,Out Duration,Out Stops,Out Stop Cities,Return Time,Return Airline,Return Cities,Return Duration,Return Stops,Return Stop Cities,Price,timestamp,sort
11:55 pm – 12:30 pm +2,Emirates,EWR‐HKT,25h35m,2,"ATH, DXB",12:10 am – 9:20 pm,Emirates,HKT‐EWR,32h10m,2,"DXB, ATH",1275,20220406-1042,cheap
11:55 pm – 12:30 pm +2,Emirates,EWR‐HKT,25h35m,2,"ATH, DXB",7:10 pm – 9:20 pm +1,Emirates,HKT‐EWR,37h10m,3,"BKK, DXB, ...",1319,20220406-1042,cheap
11:55 pm – 12:30 pm +2,Emirates,EWR‐HKT,25h35m,2,"ATH, DXB",2:40 pm – 9:20 pm +1,Emirates,HKT‐EWR,41h40m,3,"BKK, DXB, ...",1319,20220406-1042,cheap
11:55 pm – 12:30 pm +2,Emirates,EWR‐HKT,25h35m,2,"ATH, DXB",10:20 am – 9:20 pm +1,Emirates,HKT‐EWR,46h00m,3,"BKK, DXB, ...",1322,20220406-1042,cheap
11:55 pm – 7:05 pm +2,"Emirates, Bangkok Airways",EWR‐HKT,32h10m,3,"ATH, DXB, ...",12:10 am – 9:20 pm,Emirates,HKT‐EWR,32h10m,2,"DXB, ATH",1379,20220406-1042,cheap
11:55 pm – 7:05 pm +2,"Emirates, Bangkok Airways",EWR‐HKT,32h10m,3,"ATH, DXB, ...",2:40 pm – 9:20 pm +1,"Bangkok Airways, Emirates",HKT‐EWR,41h40m,3,"BKK, DXB, ...",1396,20220406-1042,cheap
1:47 pm – 6:55 am +2,"American Airlines, Qatar Airways",EWR‐HKT,30h08m,3,"CLT, MIA, ...",11:55 pm – 12:40 am +2,"Qatar Airways, American Airlines",HKT‐EWR,35h45m,3,"DOH, IAD, ...",1397,20220406-1042,cheap
1:47 pm – 6:55 am +2,"American Airlines, Qatar Airways",EWR‐HKT,30h08m,3,"CLT, MIA, ...",11:55 pm – 12:40 am +2,"Qatar Airways, American Airlines",HKT‐EWR,35h45m,3,"DOH, PHL, ...",1397,20220406-1042,cheap
12:30 pm – 6:55 am +2,"American Airlines, Qatar Airways",EWR‐HKT,31h25m,2,"MIA, DOH",11:55 pm – 12:40 am +2,"Qatar Airways, American Airlines",HKT‐EWR,35h45m,3,"DOH, IAD, ...",1399,20220406-1042,cheap
12:30 pm – 6:55 am +2,"American Airlines, Qatar Airways",EWR‐HKT,31h25m,2,"MIA, DOH",11:55 pm – 12:40 am +2,"Qatar Airways, American Airlines",HKT‐EWR,35h45m,3,"DOH, PHL, ...",1399,20220406-1042,cheap
8:00 am – 6:55 am +2,"American Airlines, Qatar Airways",EWR‐HKT,35h55m,2,"MIA, DOH",11:55 pm – 12:40 am +2,"Qatar Airways, American Airlines",HKT‐EWR,35h45m,3,"DOH, IAD, ...",1399,20220406-1042,cheap
8:00 am – 6:55 am +2,"American Airlines, Qatar Airways",EWR‐HKT,35h55m,2,"MIA, DOH",11:55 pm – 12:40 am +2,"Qatar Airways, American Airlines",HKT‐EWR,35h45m,3,"DOH, PHL, ...",1399,20220406-1042,cheap
7:35 pm – 10:35 am +2,"Lufthansa, Thai Airways",EWR‐HKT,28h00m,3,"FRA, ARN, ...",9:15 pm – 8:10 pm +1,"Thai Airways, SWISS",HKT‐EWR,33h55m,3,"BKK, ARN, ...",1436,20220406-1042,cheap
1:47 pm – 6:55 am +2,"American Airlines, Qatar Airways",EWR‐HKT,30h08m,3,"CLT, MIA, ...",11:55 pm – 10:38 pm +1,"Qatar Airways, American Airlines",HKT‐EWR,33h43m,3,"DOH, BOS, ...",1437,20220406-1042,cheap
1:47 pm – 6:55 am +2,"American Airlines, Qatar Airways",EWR‐HKT,30h08m,3,"CLT, MIA, ...",11:55 pm – 10:38 pm +1,"Qatar Airways, American Airlines",HKT‐EWR,33h43m,3,"DOH, PHL, ...",1437,20220406-1042,cheap
11:55 pm – 12:30 pm +2,Emirates,EWR‐HKT,25h35m,2,"ATH, DXB",12:10 am – 9:20 pm,Emirates,HKT‐EWR,32h10m,2,"DXB, ATH",1314,20220406-1040,best
11:55 pm – 12:30 pm +2,Emirates,EWR‐HKT,25h35m,2,"ATH, DXB",12:10 am – 9:20 pm,Emirates,HKT‐EWR,32h10m,2,"DXB, ATH",1275,20220406-1040,best
10:25 am – 10:50 am +2,Singapore Airlines,EWR‐HKT,37h25m,1,SIN,6:10 pm – 6:00 am +1,Singapore Airlines,HKT‐EWR,22h50m,1,SIN,1652,20220406-1040,best
10:25 am – 9:35 am +2,Singapore Airlines,EWR‐HKT,36h10m,1,SIN,6:10 pm – 6:00 am +1,Singapore Airlines,HKT‐EWR,22h50m,1,SIN,1720,20220406-1040,best
11:55 pm – 12:30 pm +2,Emirates,EWR‐HKT,25h35m,2,"ATH, DXB",7:10 pm – 9:20 pm +1,Emirates,HKT‐EWR,37h10m,3,"BKK, DXB, ...",1319,20220406-1040,best
6:35 pm – 10:50 am +2,Singapore Airlines,EWR‐HKT,29h15m,2,"LAX, SIN",12:10 am – 9:20 pm,Emirates,HKT‐EWR,32h10m,2,"DXB, ATH",1653,20220406-1040,best
12:30 pm – 6:55 am +2,"American Airlines, Qatar Airways",EWR‐HKT,31h25m,2,"MIA, DOH",11:55 pm – 10:38 pm +1,"Qatar Airways, American Airlines",HKT‐EWR,33h43m,3,"DOH, PHL, ...",1439,20220406-1040,best
12:30 pm – 6:55 am +2,"American Airlines, Qatar Airways",EWR‐HKT,31h25m,2,"MIA, DOH",11:55 pm – 10:38 pm +1,"Qatar Airways, American Airlines",HKT‐EWR,33h43m,3,"DOH, BOS, ...",1439,20220406-1040,best
10:25 am – 10:50 am +2,Singapore Airlines,EWR‐HKT,37h25m,1,SIN,11:40 am – 6:00 am +1,Singapore Airlines,HKT‐EWR,29h20m,1,SIN,1641,20220406-1040,best
11:55 pm – 12:30 pm +2,Emirates,EWR‐HKT,25h35m,2,"ATH, DXB",2:40 pm – 9:20 pm +1,Emirates,HKT‐EWR,41h40m,3,"BKK, DXB, ...",1319,20220406-1040,best
10:25 am – 5:10 pm +2,Singapore Airlines,EWR‐HKT,43h45m,1,SIN,6:10 pm – 6:00 am +1,Singapore Airlines,HKT‐EWR,22h50m,1,SIN,1652,20220406-1040,best
11:55 pm – 7:05 pm +2,"Emirates, Bangkok Airways",EWR‐HKT,32h10m,3,"ATH, DXB, ...",12:10 am – 9:20 pm,Emirates,HKT‐EWR,32h10m,2,"DXB, ATH",1379,20220406-1040,best
1:47 pm – 6:55 am +2,"American Airlines, Qatar Airways",EWR‐HKT,30h08m,3,"CLT, MIA, ...",11:55 pm – 10:38 pm +1,"Qatar Airways, American Airlines",HKT‐EWR,33h43m,3,"DOH, BOS, ...",1437,20220406-1040,best
1:47 pm – 6:55 am +2,"American Airlines, Qatar Airways",EWR‐HKT,30h08m,3,"CLT, MIA, ...",11:55 pm – 10:38 pm +1,"Qatar Airways, American Airlines",HKT‐EWR,33h43m,3,"DOH, PHL, ...",1437,20220406-1040,best
6:20 pm – 6:55 am +2,Qatar Airways,EWR‐HKT,25h35m,2,"BOS, DOH",11:55 pm – 7:54 pm +1,Qatar Airways,HKT‐EWR,30h59m,2,"DOH, BOS",1881,20220406-1040,best
10:25 am – 9:35 am +2,Singapore Airlines,EWR‐HKT,36h10m,1,SIN,11:40 am – 6:00 am +1,Singapore Airlines,HKT‐EWR,29h20m,1,SIN,1720,20220406-1040,best
10:25 am – 7:20 pm +1,Singapore Airlines,EWR‐HKT,21h55m,1,SIN,6:10 pm – 6:00 am +1,Singapore Airlines,HKT‐EWR,22h50m,1,SIN,2586,20220406-1044,fast
6:20 pm – 6:55 am +2,"JetBlue, Qatar Airways",EWR‐HKT,25h35m,2,"BOS, DOH",6:10 pm – 6:00 am +1,Singapore Airlines,HKT‐EWR,22h50m,1,SIN,2182,20220406-1044,fast
9:50 pm – 12:30 pm +2,"SWISS, Emirates",EWR‐HKT,27h40m,2,"ZRH, DXB",6:10 pm – 6:00 am +1,Singapore Airlines,HKT‐EWR,22h50m,1,SIN,2769,20220406-1044,fast
10:25 am – 7:20 pm +1,Singapore Airlines,EWR‐HKT,21h55m,1,SIN,11:40 am – 6:00 am +1,Singapore Airlines,HKT‐EWR,29h20m,1,SIN,2586,20220406-1044,fast
6:35 pm – 10:50 am +2,Singapore Airlines,EWR‐HKT,29h15m,2,"LAX, SIN",6:10 pm – 6:00 am +1,Singapore Airlines,HKT‐EWR,22h50m,1,SIN,2157,20220406-1044,fast
10:25 am – 7:20 pm +1,Singapore Airlines,EWR‐HKT,21h55m,1,SIN,10:25 am – 6:00 am +1,Singapore Airlines,HKT‐EWR,30h35m,1,SIN,2586,20220406-1044,fast
1:50 pm – 6:55 am +2,"American Airlines, Qatar Airways",EWR‐HKT,30h05m,2,"ORD, DOH",6:10 pm – 6:00 am +1,Singapore Airlines,HKT‐EWR,22h50m,1,SIN,2313,20220406-1044,fast
10:25 am – 7:20 pm +1,Singapore Airlines,EWR‐HKT,21h55m,1,SIN,5:05 pm – 1:55 pm +1,"THAI Smile, Austrian Airlines",HKT‐EWR,31h50m,2,"BKK, VIE",3943,20220406-1044,fast
9:50 pm – 10:20 am +2,"SWISS, Thai Airways",EWR‐HKT,25h30m,2,"ZRH, BKK",7:10 pm – 1:10 pm +1,Multiple Airlines,HKT‐EWR,29h00m,2,"BKK, ZRH",7693,20220406-1044,fast
6:20 pm – 6:55 am +2,"JetBlue, Qatar Airways",EWR‐HKT,25h35m,2,"BOS, DOH",7:10 pm – 1:10 pm +1,"Bangkok Airways, SWISS",HKT‐EWR,29h00m,2,"BKK, ZRH",2704,20220406-1044,fast
6:20 pm – 6:55 am +2,"JetBlue, Qatar Airways",EWR‐HKT,25h35m,2,"BOS, DOH",11:40 am – 6:00 am +1,Singapore Airlines,HKT‐EWR,29h20m,1,SIN,2182,20220406-1044,fast
11:55 pm – 12:30 pm +2,Emirates,EWR‐HKT,25h35m,2,"ATH, DXB",12:10 am – 7:54 pm,Emirates,HKT‐EWR,30h44m,2,"DXB, BOS",3793,20220406-1044,fast
6:20 pm – 6:55 am +2,Qatar Airways,EWR‐HKT,25h35m,2,"BOS, DOH",11:55 pm – 7:54 pm +1,Qatar Airways,HKT‐EWR,30h59m,2,"DOH, BOS",1881,20220406-1044,fast
11:00 pm – 12:30 pm +2,"Lufthansa, Emirates",EWR‐HKT,26h30m,2,"LHR-LGW, DXB",12:10 am – 7:20 pm,"Emirates, Lufthansa",HKT‐EWR,30h10m,2,"DXB, LHR",8226,20220406-1044,fast
11:00 pm – 12:30 pm +2,"Lufthansa, Emirates",EWR‐HKT,26h30m,2,"LHR-LGW, DXB",12:10 am – 7:20 pm,"Emirates, Lufthansa",HKT‐EWR,30h10m,2,"DXB, LHR",8226,20220406-1044,fast
