Out Time,Out Airline,Out Cities,Out Duration,Out Stops,Out Stop Cities,Return Time,Return Airline,Return Cities,Return Duration,Return Stops,Return Stop Cities,Price,timestamp,sort
12:05 pm – 6:55 am +2,"Air India, THAI Smile",EWR‐HKT,31h50m,1,BOM,1:35 pm – 10:20 pm +1,"AirAsia, Turkish Airlines",HKT‐EWR,43h45m,2,"KUL, IST",1281,20220406-0658,cheap
12:05 pm – 6:55 am +2,"Air India, THAI Smile",EWR‐HKT,31h50m,1,BOM,12:10 am – 9:20 pm,Emirates,HKT‐EWR,32h10m,2,"DXB, ATH",1648,20220406-0658,cheap
12:05 pm – 6:55 am +2,"Air India, THAI Smile",EWR‐HKT,31h50m,1,BOM,12:10 pm – 3:15 pm +1,"Thai Airways, TAP AIR PORTUGAL",HKT‐EWR,38h05m,2,"FRA, LIS",1739,20220406-0658,cheap
5:20 pm – 7:05 am +2,"SAS, Thai Airways",EWR‐HKT,26h45m,1,ARN,1:35 pm – 10:20 pm +1,"AirAsia, Turkish Airlines",HKT‐EWR,43h45m,2,"KUL, IST",1771,20220406-0658,cheap
5:20 pm – 7:05 am +2,"SAS, Thai Airways",EWR‐HKT,26h45m,1,ARN,11:50 pm – 12:55 pm +1,"Thai Airways, SAS",HKT‐EWR,24h05m,1,ARN,1791,20220406-0658,cheap
12:05 pm – 6:55 am +2,"Air India, THAI Smile",EWR‐HKT,31h50m,1,BOM,11:50 pm – 8:55 pm +1,"Thai Airways, LOT",HKT‐EWR,32h05m,2,"ARN, WAW",1797,20220406-0658,cheap
1:55 pm – 7:20 am +2,"American Airlines, Qatar Airways",EWR‐HKT,30h25m,2,"DFW, DOH",11:55 pm – 9:00 pm +1,"Qatar Airways, American Airlines",HKT‐EWR,32h05m,2,"DOH, ORD",1851,20220406-0658,cheap
1:42 pm – 7:20 am +2,"American Airlines, Qatar Airways",EWR‐HKT,30h38m,2,"ORD, DOH",11:55 pm – 9:00 pm +1,"Qatar Airways, American Airlines",HKT‐EWR,32h05m,2,"DOH, ORD",1851,20220406-0658,cheap
12:37 pm – 7:20 am +2,"American Airlines, Qatar Airways",EWR‐HKT,31h43m,2,"MIA, DOH",11:55 pm – 9:00 pm +1,"Qatar Airways, American Airlines",HKT‐EWR,32h05m,2,"DOH, ORD",1851,20220406-0658,cheap
12:21 pm – 7:20 am +2,"American Airlines, Qatar Airways",EWR‐HKT,31h59m,2,"ORD, DOH",11:55 pm – 9:00 pm +1,"Qatar Airways, American Airlines",HKT‐EWR,32h05m,2,"DOH, ORD",1851,20220406-0658,cheap
1:55 pm – 7:20 am +2,"American Airlines, Qatar Airways",EWR‐HKT,30h25m,2,"DFW, DOH",11:55 pm – 11:43 pm +1,"Qatar Airways, American Airlines",HKT‐EWR,34h48m,2,"DOH, ORD",1851,20220406-0658,cheap
1:42 pm – 7:20 am +2,"American Airlines, Qatar Airways",EWR‐HKT,30h38m,2,"ORD, DOH",11:55 pm – 11:43 pm +1,"Qatar Airways, American Airlines",HKT‐EWR,34h48m,2,"DOH, ORD",1851,20220406-0658,cheap
10:58 am – 7:20 am +2,"American Airlines, Qatar Airways",EWR‐HKT,33h22m,2,"DFW, DOH",11:55 pm – 9:00 pm +1,"Qatar Airways, American Airlines",HKT‐EWR,32h05m,2,"DOH, ORD",1851,20220406-0658,cheap
1:55 pm – 7:20 am +2,"American Airlines, Qatar Airways",EWR‐HKT,30h25m,2,"DFW, DOH",11:55 pm – 12:02 am +2,"Qatar Airways, American Airlines",HKT‐EWR,35h07m,2,"DOH, MIA",1851,20220406-0658,cheap
1:42 pm – 7:20 am +2,"American Airlines, Qatar Airways",EWR‐HKT,30h38m,2,"ORD, DOH",11:55 pm – 12:02 am +2,"Qatar Airways, American Airlines",HKT‐EWR,35h07m,2,"DOH, MIA",1851,20220406-0658,cheap
5:20 pm – 7:05 am +2,"SAS, Thai Airways",EWR‐HKT,26h45m,1,ARN,11:50 pm – 12:55 pm +1,"Thai Airways, SAS",HKT‐EWR,24h05m,1,ARN,1791,20220406-0656,best
6:55 pm – 7:05 am +2,"SAS, Thai Airways",EWR‐HKT,25h10m,2,"OSL, ARN",11:50 pm – 12:55 pm +1,"Thai Airways, SAS",HKT‐EWR,24h05m,1,ARN,1863,20220406-0656,best
1:55 pm – 7:20 am +2,"American Airlines, Qatar Airways",EWR‐HKT,30h25m,2,"DFW, DOH",11:55 pm – 9:00 pm +1,"Qatar Airways, American Airlines",HKT‐EWR,32h05m,2,"DOH, ORD",1851,20220406-0656,best
1:42 pm – 7:20 am +2,"American Airlines, Qatar Airways",EWR‐HKT,30h38m,2,"ORD, DOH",11:55 pm – 9:00 pm +1,"Qatar Airways, American Airlines",HKT‐EWR,32h05m,2,"DOH, ORD",1851,20220406-0656,best
12:37 pm – 7:20 am +2,"American Airlines, Qatar Airways",EWR‐HKT,31h43m,2,"MIA, DOH",11:55 pm – 9:00 pm +1,"Qatar Airways, American Airlines",HKT‐EWR,32h05m,2,"DOH, ORD",1851,20220406-0656,best
12:21 pm – 7:20 am +2,"American Airlines, Qatar Airways",EWR‐HKT,31h59m,2,"ORD, DOH",11:55 pm – 9:00 pm +1,"Qatar Airways, American Airlines",HKT‐EWR,32h05m,2,"DOH, ORD",1851,20220406-0656,best
1:43 pm – 7:20 am +2,"American Airlines, Qatar Airways",EWR‐HKT,30h37m,3,"CLT, BOS, ...",11:55 pm – 9:00 pm +1,"Qatar Airways, American Airlines",HKT‐EWR,32h05m,2,"DOH, ORD",1854,20220406-0656,best
1:43 pm – 7:20 am +2,"American Airlines, Qatar Airways",EWR‐HKT,30h37m,3,"CLT, ATL, ...",11:55 pm – 9:00 pm +1,"Qatar Airways, American Airlines",HKT‐EWR,32h05m,2,"DOH, ORD",1854,20220406-0656,best
1:43 pm – 7:20 am +2,"American Airlines, Qatar Airways",EWR‐HKT,30h37m,3,"CLT, ORD, ...",11:55 pm – 9:00 pm +1,"Qatar Airways, American Airlines",HKT‐EWR,32h05m,2,"DOH, ORD",1854,20220406-0656,best
1:43 pm – 7:20 am +2,"American Airlines, Qatar Airways",EWR‐HKT,30h37m,3,"CLT, PHL, ...",11:55 pm – 9:00 pm +1,"Qatar Airways, American Airlines",HKT‐EWR,32h05m,2,"DOH, ORD",1854,20220406-0656,best
1:43 pm – 7:20 am +2,"American Airlines, Qatar Airways",EWR‐HKT,30h37m,3,"CLT, PHL, ...",11:55 pm – 9:00 pm +1,"Qatar Airways, American Airlines",HKT‐EWR,32h05m,2,"DOH, ORD",1854,20220406-0656,best
1:43 pm – 7:20 am +2,"American Airlines, Qatar Airways",EWR‐HKT,30h37m,3,"CLT, BOS, ...",11:55 pm – 9:00 pm +1,"Qatar Airways, American Airlines",HKT‐EWR,32h05m,2,"DOH, ORD",1854,20220406-0656,best
1:42 pm – 7:20 am +2,"American Airlines, Qatar Airways",EWR‐HKT,30h38m,3,"ORD, BOS, ...",11:55 pm – 9:00 pm +1,"Qatar Airways, American Airlines",HKT‐EWR,32h05m,2,"DOH, ORD",1855,20220406-0656,best
1:42 pm – 7:20 am +2,"American Airlines, Qatar Airways",EWR‐HKT,30h38m,3,"ORD, PHL, ...",11:55 pm – 9:00 pm +1,"Qatar Airways, American Airlines",HKT‐EWR,32h05m,2,"DOH, ORD",1855,20220406-0656,best
1:55 pm – 7:20 am +2,"American Airlines, Qatar Airways",EWR‐HKT,30h25m,2,"DFW, DOH",11:55 pm – 11:43 pm +1,"Qatar Airways, American Airlines",HKT‐EWR,34h48m,2,"DOH, ORD",1851,20220406-0656,best
6:55 pm – 7:05 am +2,"SAS, Thai Airways",EWR‐HKT,25h10m,2,"OSL, ARN",11:50 pm – 12:55 pm +1,"Thai Airways, SAS",HKT‐EWR,24h05m,1,ARN,1863,20220406-0701,fast
5:20 pm – 7:05 am +2,"SAS, Thai Airways",EWR‐HKT,26h45m,1,ARN,11:50 pm – 12:55 pm +1,"Thai Airways, SAS",HKT‐EWR,24h05m,1,ARN,1791,20220406-0701,fast
1:42 pm – 7:20 am +2,Qatar Airways,EWR‐HKT,30h38m,2,"ORD, DOH",5:35 pm – 6:00 am +1,Singapore Airlines,HKT‐EWR,23h25m,1,SIN,2751,20220406-0701,fast
12:21 pm – 7:20 am +2,Qatar Airways,EWR‐HKT,31h59m,2,"ORD, DOH",5:35 pm – 6:00 am +1,Singapore Airlines,HKT‐EWR,23h25m,1,SIN,2592,20220406-0701,fast
6:05 pm – 7:05 am +2,"Lufthansa, Thai Airways",EWR‐HKT,26h00m,2,"FRA, ARN",1:30 pm – 7:55 am +1,"IndiGo, Air India",HKT‐EWR,29h25m,1,DEL,3009,20220406-0701,fast
11:55 pm – 12:30 pm +2,Emirates,EWR‐HKT,25h35m,2,"ATH, DXB",12:10 am – 9:20 pm,Emirates,HKT‐EWR,32h10m,2,"DXB, ATH",2354,20220406-0701,fast
12:05 pm – 6:55 am +2,"Air India, THAI Smile",EWR‐HKT,31h50m,1,BOM,9:05 pm – 12:15 pm +1,"Qatar Airways, Lufthansa",HKT‐EWR,26h10m,2,"DOH, BRU",2151,20220406-0701,fast
6:05 pm – 7:20 am +2,"British Airways, Qatar Airways",EWR‐HKT,26h15m,2,"LHR, DOH",11:55 pm – 9:00 pm +1,Qatar Airways,HKT‐EWR,32h05m,2,"DOH, ORD",4161,20220406-0701,fast
5:20 pm – 7:05 am +2,"SAS, Thai Airways",EWR‐HKT,26h45m,1,ARN,8:55 am – 6:00 am +1,"Thai Vietjet Air, Singapore Airlines",HKT‐EWR,32h05m,2,"BKK, SIN",4887,20220406-0701,fast
5:20 pm – 7:05 am +2,"SAS, Thai Airways",EWR‐HKT,26h45m,1,ARN,12:10 am – 9:20 pm,Emirates,HKT‐EWR,32h10m,2,"DXB, ATH",2140,20220406-0701,fast
1:42 pm – 7:20 am +2,Qatar Airways,EWR‐HKT,30h38m,2,"ORD, DOH",7:10 pm – 1:55 pm +1,Austrian Airlines,HKT‐EWR,29h45m,2,"BKK, VIE",3141,20220406-0701,fast
1:55 pm – 7:20 am +2,"American Airlines, Qatar Airways",EWR‐HKT,30h25m,2,"DFW, DOH",9:05 pm – 4:57 pm +1,"Qatar Airways, American Airlines",HKT‐EWR,30h52m,2,"DOH, ORD",2041,20220406-0701,fast
12:21 pm – 7:20 am +2,Qatar Airways,EWR‐HKT,31h59m,2,"ORD, DOH",11:40 am – 6:00 am +1,Singapore Airlines,HKT‐EWR,29h20m,1,SIN,2386,20220406-0701,fast
1:42 pm – 7:20 am +2,"American Airlines, Qatar Airways",EWR‐HKT,30h38m,2,"ORD, DOH",9:05 pm – 4:57 pm +1,"Qatar Airways, American Airlines",HKT‐EWR,30h52m,2,"DOH, ORD",2041,20220406-0701,fast
1:55 pm – 7:20 am +2,"American Airlines, Qatar Airways",EWR‐HKT,30h25m,2,"DFW, DOH",11:55 pm – 9:00 pm +1,"Qatar Airways, American Airlines",HKT‐EWR,32h05m,2,"DOH, ORD",1851,20220406-0701,fast
