Out Time,Out Airline,Out Cities,Out Duration,Out Stops,Out Stop Cities,Return Time,Return Airline,Return Cities,Return Duration,Return Stops,Return Stop Cities,Price,timestamp,sort
5:15 pm – 12:10 am +3,"Alaska Airlines, Asiana Airlines",SAN‐HKT,40h55m,2,"SFO, ICN",1:30 am – 9:42 pm,"Asiana Airlines, Alaska Airlines",HKT‐SAN,34h12m,2,"ICN, SFO",1383,20220409-1807,cheap
3:10 pm – 12:10 am +3,"Alaska Airlines, Asiana Airlines",SAN‐HKT,43h00m,2,"SFO, ICN",1:30 am – 9:42 pm,"Asiana Airlines, Alaska Airlines",HKT‐SAN,34h12m,2,"ICN, SFO",1383,20220409-1807,cheap
5:15 pm – 12:10 am +3,"Alaska Airlines, Asiana Airlines",SAN‐HKT,40h55m,2,"SFO, ICN",1:30 am – 11:49 pm,"Asiana Airlines, Alaska Airlines",HKT‐SAN,36h19m,2,"ICN, SFO",1383,20220409-1807,cheap
3:10 pm – 12:10 am +3,"Alaska Airlines, Asiana Airlines",SAN‐HKT,43h00m,2,"SFO, ICN",1:30 am – 11:49 pm,"Asiana Airlines, Alaska Airlines",HKT‐SAN,36h19m,2,"ICN, SFO",1383,20220409-1807,cheap
5:15 pm – 12:10 am +3,"Alaska Airlines, Asiana Airlines",SAN‐HKT,40h55m,2,"SFO, ICN",1:30 am – 7:34 am +1,"Asiana Airlines, Alaska Airlines",HKT‐SAN,44h04m,2,"ICN, SFO",1390,20220409-1807,cheap
3:10 pm – 12:10 am +3,"Alaska Airlines, Asiana Airlines",SAN‐HKT,43h00m,2,"SFO, ICN",1:30 am – 7:34 am +1,"Asiana Airlines, Alaska Airlines",HKT‐SAN,44h04m,2,"ICN, SFO",1390,20220409-1807,cheap
8:25 am – 12:10 am +3,"Alaska Airlines, Asiana Airlines",SAN‐HKT,49h45m,2,"SFO, ICN",1:30 am – 9:42 pm,"Asiana Airlines, Alaska Airlines",HKT‐SAN,34h12m,2,"ICN, SFO",1396,20220409-1807,cheap
1:30 pm – 9:30 am +2,Japan Airlines,SAN‐HKT,30h00m,2,"NRT, BKK",1:30 am – 9:42 pm,"Asiana Airlines, Alaska Airlines",HKT‐SAN,34h12m,2,"ICN, SFO",1497,20220409-1807,cheap
1:30 pm – 9:30 am +2,Japan Airlines,SAN‐HKT,30h00m,2,"NRT, BKK",1:30 am – 11:49 pm,"Asiana Airlines, Alaska Airlines",HKT‐SAN,36h19m,2,"ICN, SFO",1497,20220409-1807,cheap
12:40 pm – 6:55 am +2,"American Airlines, Qatar Airways",SAN‐HKT,28h15m,2,"DFW, DOH",11:55 pm – 9:25 pm +1,"Qatar Airways, American Airlines",HKT‐SAN,35h30m,2,"DOH, PHL",1498,20220409-1807,cheap
12:40 pm – 6:55 am +2,"American Airlines, Qatar Airways",SAN‐HKT,28h15m,2,"DFW, DOH",11:55 pm – 10:13 pm +1,"Qatar Airways, American Airlines",HKT‐SAN,36h18m,2,"DOH, MIA",1498,20220409-1807,cheap
10:40 am – 6:55 am +2,"American Airlines, Qatar Airways",SAN‐HKT,30h15m,2,"DFW, DOH",11:55 pm – 9:25 pm +1,"Qatar Airways, American Airlines",HKT‐SAN,35h30m,2,"DOH, PHL",1498,20220409-1807,cheap
10:40 am – 6:55 am +2,"American Airlines, Qatar Airways",SAN‐HKT,30h15m,2,"DFW, DOH",11:55 pm – 10:13 pm +1,"Qatar Airways, American Airlines",HKT‐SAN,36h18m,2,"DOH, MIA",1498,20220409-1807,cheap
9:25 am – 6:55 am +2,"American Airlines, Qatar Airways",SAN‐HKT,31h30m,2,"DFW, DOH",11:55 pm – 9:25 pm +1,"Qatar Airways, American Airlines",HKT‐SAN,35h30m,2,"DOH, PHL",1498,20220409-1807,cheap
9:25 am – 6:55 am +2,"American Airlines, Qatar Airways",SAN‐HKT,31h30m,2,"DFW, DOH",11:55 pm – 10:13 pm +1,"Qatar Airways, American Airlines",HKT‐SAN,36h18m,2,"DOH, MIA",1498,20220409-1807,cheap
7:36 pm – 2:00 pm +2,Multiple Airlines,SAN‐HKT,28h24m,3,"SEA, TPE, ...",8:15 am – 9:42 pm,Multiple Airlines,HKT‐SAN,27h27m,3,"BKK, TPE, ...",1723,20220409-1804,best
5:15 pm – 12:10 am +3,"Alaska Airlines, Asiana Airlines",SAN‐HKT,40h55m,2,"SFO, ICN",1:30 am – 9:42 pm,"Asiana Airlines, Alaska Airlines",HKT‐SAN,34h12m,2,"ICN, SFO",1383,20220409-1804,best
12:30 pm – 6:55 am +2,Qatar Airways,SAN‐HKT,28h25m,2,"SFO, DOH",11:55 pm – 6:23 pm +1,Qatar Airways,HKT‐SAN,32h28m,2,"DOH, SEA",1564,20220409-1804,best
12:40 pm – 6:55 am +2,"American Airlines, Qatar Airways",SAN‐HKT,28h15m,2,"DFW, DOH",11:55 pm – 7:34 pm +1,"Qatar Airways, American Airlines",HKT‐SAN,33h39m,2,"DOH, ORD",1542,20220409-1804,best
1:00 pm – 6:55 am +2,Qatar Airways,SAN‐HKT,27h55m,2,"SEA, DOH",11:55 pm – 6:23 pm +1,Qatar Airways,HKT‐SAN,32h28m,2,"DOH, SEA",1607,20220409-1804,best
9:00 pm – 2:00 pm +2,Multiple Airlines,SAN‐HKT,27h00m,3,"SFO, TPE, ...",8:15 am – 9:42 pm,Multiple Airlines,HKT‐SAN,27h27m,3,"BKK, TPE, ...",1723,20220409-1804,best
12:40 pm – 6:55 am +2,"American Airlines, Qatar Airways",SAN‐HKT,28h15m,2,"DFW, DOH",11:55 pm – 9:25 pm +1,"Qatar Airways, American Airlines",HKT‐SAN,35h30m,2,"DOH, PHL",1498,20220409-1804,best
1:30 pm – 9:30 am +2,Japan Airlines,SAN‐HKT,30h00m,2,"NRT, BKK",2:40 pm – 11:30 am +1,Japan Airlines,HKT‐SAN,34h50m,2,"BKK, HND-NRT",1558,20220409-1804,best
12:30 pm – 6:55 am +2,"Alaska Airlines, Qatar Airways",SAN‐HKT,28h25m,2,"SFO, DOH",11:55 pm – 7:58 pm +1,Qatar Airways,HKT‐SAN,34h03m,2,"DOH, SEA",1561,20220409-1804,best
1:30 pm – 9:30 am +2,Japan Airlines,SAN‐HKT,30h00m,2,"NRT, BKK",1:30 am – 9:42 pm,"Asiana Airlines, Alaska Airlines",HKT‐SAN,34h12m,2,"ICN, SFO",1497,20220409-1804,best
7:36 pm – 2:00 pm +2,Multiple Airlines,SAN‐HKT,28h24m,3,"SEA, TPE, ...",8:15 am – 11:49 pm,Multiple Airlines,HKT‐SAN,29h34m,3,"BKK, TPE, ...",1723,20220409-1804,best
1:30 pm – 9:30 am +2,Japan Airlines,SAN‐HKT,30h00m,2,"NRT-HND, BKK",1:30 am – 9:42 pm,"Asiana Airlines, Alaska Airlines",HKT‐SAN,34h12m,2,"ICN, SFO",1509,20220409-1804,best
12:40 pm – 6:55 am +2,"American Airlines, Qatar Airways",SAN‐HKT,28h15m,2,"DFW, DOH",11:55 pm – 10:13 pm +1,"Qatar Airways, American Airlines",HKT‐SAN,36h18m,2,"DOH, MIA",1498,20220409-1804,best
1:00 pm – 6:55 am +2,Qatar Airways,SAN‐HKT,27h55m,2,"SEA, DOH",11:55 pm – 7:58 pm +1,Qatar Airways,HKT‐SAN,34h03m,2,"DOH, SEA",1607,20220409-1804,best
10:20 am – 6:55 am +2,Qatar Airways,SAN‐HKT,30h35m,2,"SFO, DOH",11:55 pm – 6:23 pm +1,Qatar Airways,HKT‐SAN,32h28m,2,"DOH, SEA",1564,20220409-1804,best
10:40 am – 6:55 am +2,"American Airlines, Qatar Airways",SAN‐HKT,30h15m,2,"DFW, DOH",11:55 pm – 7:34 pm +1,"Qatar Airways, American Airlines",HKT‐SAN,33h39m,2,"DOH, ORD",1542,20220409-1804,best
8:00 am – 12:10 am +2,"Air Canada, Asiana Airlines",SAN‐HKT,26h10m,2,"YVR, ICN",11:40 am – 11:49 pm,Singapore Airlines,HKT‐SAN,26h09m,2,"SIN, SFO",4770,20220409-1809,fast
5:15 pm – 9:35 am +2,Singapore Airlines,SAN‐HKT,26h20m,2,"SFO, SIN",11:40 am – 11:49 pm,Singapore Airlines,HKT‐SAN,26h09m,2,"SIN, SFO",3114,20220409-1809,fast
7:20 am – 12:10 am +2,"Korean Air, Asiana Airlines",SAN‐HKT,26h50m,2,"SEA, ICN",11:40 am – 11:49 pm,Singapore Airlines,HKT‐SAN,26h09m,2,"SIN, SFO",4841,20220409-1809,fast
8:00 am – 12:10 am +2,"Air Canada, Asiana Airlines",SAN‐HKT,26h10m,2,"YVR, ICN",1:30 am – 2:45 pm,"Asiana Airlines, Korean Air",HKT‐SAN,27h15m,2,"ICN, LAX",10328,20220409-1809,fast
5:15 pm – 10:50 am +2,Singapore Airlines,SAN‐HKT,27h35m,2,"SFO, SIN",11:40 am – 11:49 pm,Singapore Airlines,HKT‐SAN,26h09m,2,"SIN, SFO",3114,20220409-1809,fast
6:25 am – 12:10 am +2,Multiple Airlines,SAN‐HKT,27h45m,2,"SFO, ICN",11:40 am – 11:49 pm,Singapore Airlines,HKT‐SAN,26h09m,2,"SIN, SFO",4840,20220409-1809,fast
9:00 pm – 2:00 pm +2,"Alaska Airlines, EVA Air",SAN‐HKT,27h00m,3,"SFO, TPE, ...",8:15 am – 9:42 pm,Multiple Airlines,HKT‐SAN,27h27m,3,"BKK, TPE, ...",1723,20220409-1809,fast
7:36 pm – 2:00 pm +2,Multiple Airlines,SAN‐HKT,28h24m,3,"SEA, TPE, ...",8:15 am – 9:42 pm,Multiple Airlines,HKT‐SAN,27h27m,3,"BKK, TPE, ...",1723,20220409-1809,fast
1:30 pm – 9:30 am +2,Japan Airlines,SAN‐HKT,30h00m,2,"NRT, BKK",11:40 am – 11:49 pm,Singapore Airlines,HKT‐SAN,26h09m,2,"SIN, SFO",1708,20220409-1809,fast
8:00 am – 12:10 am +2,"Air Canada, Asiana Airlines",SAN‐HKT,26h10m,2,"YVR, ICN",8:10 pm – 12:23 pm +1,"Singapore Airlines, United Airlines",HKT‐SAN,30h13m,2,"SIN, SFO",5128,20220409-1809,fast
10:20 am – 6:55 am +2,"Alaska Airlines, Qatar Airways",SAN‐HKT,30h35m,2,"SFO, DOH",11:40 am – 11:49 pm,Singapore Airlines,HKT‐SAN,26h09m,2,"SIN, SFO",1810,20220409-1809,fast
1:30 pm – 9:30 am +2,Japan Airlines,SAN‐HKT,30h00m,2,"NRT, BKK",10:25 am – 11:49 pm,Singapore Airlines,HKT‐SAN,27h24m,2,"SIN, SFO",2007,20220409-1809,fast
5:15 pm – 9:35 am +2,"Alaska Airlines, Singapore Airlines",SAN‐HKT,26h20m,2,"SFO, SIN",8:10 pm – 1:32 pm +1,Singapore Airlines,HKT‐SAN,31h22m,2,"SIN, SFO",3183,20220409-1809,fast
7:36 pm – 2:00 pm +2,Multiple Airlines,SAN‐HKT,28h24m,3,"SEA, TPE, ...",8:15 am – 11:49 pm,Multiple Airlines,HKT‐SAN,29h34m,3,"BKK, TPE, ...",1723,20220409-1809,fast
8:40 am – 6:55 am +2,Qatar Airways,SAN‐HKT,32h15m,2,"BOS, DOH",11:40 am – 11:49 pm,Singapore Airlines,HKT‐SAN,26h09m,2,"SIN, SFO",2606,20220409-1809,fast
