Out Time,Out Airline,Out Cities,Out Duration,Out Stops,Out Stop Cities,Return Time,Return Airline,Return Cities,Return Duration,Return Stops,Return Stop Cities,Price,timestamp,sort
6:20 am – 9:35 am +2,"Alaska Airlines, Singapore Airlines",SAN‐HKT,37h15m,2,"SFO, SIN",9:00 am – 1:50 am +1,Multiple Airlines,HKT‐SAN,30h50m,3,"BKK, MNL, ...",1311,20220406-1314,cheap
1:00 pm – 6:55 am +2,"Alaska Airlines, Qatar Airways",SAN‐HKT,27h55m,2,"SEA, DOH",11:55 pm – 11:58 am +2,Qatar Airways,HKT‐SAN,50h03m,2,"DOH, JFK",1532,20220406-1314,cheap
11:53 am – 6:55 am +2,"Alaska Airlines, Qatar Airways",SAN‐HKT,29h02m,2,"SEA, DOH",11:55 pm – 11:58 am +2,Qatar Airways,HKT‐SAN,50h03m,2,"DOH, JFK",1532,20220406-1314,cheap
8:00 am – 6:55 am +2,"Alaska Airlines, Qatar Airways",SAN‐HKT,32h55m,2,"SEA, DOH",11:55 pm – 11:58 am +2,Qatar Airways,HKT‐SAN,50h03m,2,"DOH, JFK",1534,20220406-1314,cheap
1:00 pm – 1:15 pm +2,"Alaska Airlines, Qatar Airways",SAN‐HKT,34h15m,2,"SEA, DOH",11:55 pm – 11:58 am +2,"Qatar Airways, Alaska Airlines",HKT‐SAN,50h03m,2,"DOH, JFK",1538,20220406-1314,cheap
6:15 am – 6:55 am +2,"Alaska Airlines, Qatar Airways",SAN‐HKT,34h40m,2,"SEA, DOH",11:55 pm – 11:58 am +2,"Qatar Airways, Alaska Airlines",HKT‐SAN,50h03m,2,"DOH, JFK",1538,20220406-1314,cheap
11:53 am – 1:15 pm +2,"Alaska Airlines, Qatar Airways",SAN‐HKT,35h22m,2,"SEA, DOH",11:55 pm – 11:58 am +2,Qatar Airways,HKT‐SAN,50h03m,2,"DOH, JFK",1542,20220406-1314,cheap
1:00 pm – 6:55 am +2,"Alaska Airlines, Qatar Airways",SAN‐HKT,27h55m,2,"SEA, DOH",11:55 pm – 9:49 pm +2,"Qatar Airways, Alaska Airlines",HKT‐SAN,59h54m,2,"DOH, JFK",1549,20220406-1314,cheap
6:20 am – 9:35 am +2,Singapore Airlines,SAN‐HKT,37h15m,2,"SFO, SIN",8:10 pm – 5:42 pm +1,"Singapore Airlines, Alaska Airlines",HKT‐SAN,35h32m,2,"SIN, SFO",1554,20220406-1314,cheap
1:00 pm – 6:55 am +2,"Alaska Airlines, Qatar Airways",SAN‐HKT,27h55m,2,"SEA, DOH",9:05 pm – 11:58 am +2,"Qatar Airways, Alaska Airlines",HKT‐SAN,52h53m,2,"DOH, JFK",1604,20220406-1314,cheap
11:53 am – 6:55 am +2,"Alaska Airlines, Qatar Airways",SAN‐HKT,29h02m,2,"SEA, DOH",9:05 pm – 11:58 am +2,"Qatar Airways, Alaska Airlines",HKT‐SAN,52h53m,2,"DOH, JFK",1604,20220406-1314,cheap
8:00 am – 6:55 am +2,"Alaska Airlines, Qatar Airways",SAN‐HKT,32h55m,2,"SEA, DOH",9:05 pm – 11:58 am +2,"Qatar Airways, Alaska Airlines",HKT‐SAN,52h53m,2,"DOH, JFK",1604,20220406-1314,cheap
1:00 pm – 1:15 pm +2,"Alaska Airlines, Qatar Airways",SAN‐HKT,34h15m,2,"SEA, DOH",9:05 pm – 11:58 am +2,"Qatar Airways, Alaska Airlines",HKT‐SAN,52h53m,2,"DOH, JFK",1604,20220406-1314,cheap
6:15 am – 6:55 am +2,"Alaska Airlines, Qatar Airways",SAN‐HKT,34h40m,2,"SEA, DOH",9:05 pm – 11:58 am +2,"Qatar Airways, Alaska Airlines",HKT‐SAN,52h53m,2,"DOH, JFK",1604,20220406-1314,cheap
6:20 am – 9:35 am +2,Singapore Airlines,SAN‐HKT,37h15m,2,"SFO, SIN",6:10 pm – 4:02 pm +1,"Singapore Airlines, Alaska Airlines",HKT‐SAN,35h52m,2,"SIN, SFO",1608,20220406-1314,cheap
1:00 pm – 6:55 am +2,"Alaska Airlines, Qatar Airways",SAN‐HKT,27h55m,2,"SEA, DOH",11:55 pm – 5:42 pm +1,Qatar Airways,HKT‐SAN,31h47m,2,"DOH, SFO",1782,20220406-1312,best
6:20 am – 9:35 am +2,"Alaska Airlines, Singapore Airlines",SAN‐HKT,37h15m,2,"SFO, SIN",9:00 am – 1:50 am +1,Multiple Airlines,HKT‐SAN,30h50m,3,"BKK, MNL, ...",1311,20220406-1312,best
11:53 am – 6:55 am +2,"Alaska Airlines, Qatar Airways",SAN‐HKT,29h02m,2,"SEA, DOH",11:55 pm – 5:42 pm +1,Qatar Airways,HKT‐SAN,31h47m,2,"DOH, SFO",1782,20220406-1312,best
1:00 pm – 6:55 am +2,"Alaska Airlines, Qatar Airways",SAN‐HKT,27h55m,2,"SEA, DOH",9:05 pm – 5:42 pm +1,"Qatar Airways, Alaska Airlines",HKT‐SAN,34h37m,2,"DOH, SFO",1756,20220406-1312,best
1:00 pm – 6:55 am +2,"Alaska Airlines, Qatar Airways",SAN‐HKT,27h55m,2,"SEA, DOH",11:55 pm – 6:57 pm +1,"Qatar Airways, Alaska Airlines",HKT‐SAN,33h02m,2,"DOH, SFO",1786,20220406-1312,best
10:55 am – 6:55 am +2,Qatar Airways,SAN‐HKT,30h00m,2,"SFO, DOH",11:55 pm – 5:42 pm +1,Qatar Airways,HKT‐SAN,31h47m,2,"DOH, SFO",1818,20220406-1312,best
11:53 am – 6:55 am +2,"Alaska Airlines, Qatar Airways",SAN‐HKT,29h02m,2,"SEA, DOH",9:05 pm – 5:42 pm +1,"Qatar Airways, Alaska Airlines",HKT‐SAN,34h37m,2,"DOH, SFO",1756,20220406-1312,best
11:53 am – 6:55 am +2,"Alaska Airlines, Qatar Airways",SAN‐HKT,29h02m,2,"SEA, DOH",11:55 pm – 6:57 pm +1,"Qatar Airways, Alaska Airlines",HKT‐SAN,33h02m,2,"DOH, SFO",1786,20220406-1312,best
1:00 pm – 6:55 am +2,Qatar Airways,SAN‐HKT,27h55m,2,"SEA, DOH",11:55 pm – 10:18 pm +1,Qatar Airways,HKT‐SAN,36h23m,2,"DOH, SEA",1774,20220406-1312,best
1:00 pm – 6:55 am +2,Qatar Airways,SAN‐HKT,27h55m,2,"SEA, DOH",11:55 pm – 9:49 pm +1,Qatar Airways,HKT‐SAN,35h54m,2,"DOH, JFK",1831,20220406-1312,best
11:53 am – 6:55 am +2,Qatar Airways,SAN‐HKT,29h02m,2,"SEA, DOH",11:55 pm – 10:18 pm +1,Qatar Airways,HKT‐SAN,36h23m,2,"DOH, SEA",1774,20220406-1312,best
6:20 am – 9:35 am +2,Singapore Airlines,SAN‐HKT,37h15m,2,"SFO, SIN",8:10 pm – 5:42 pm +1,"Singapore Airlines, Alaska Airlines",HKT‐SAN,35h32m,2,"SIN, SFO",1554,20220406-1312,best
1:00 pm – 6:55 am +2,Qatar Airways,SAN‐HKT,27h55m,2,"SEA, DOH",11:55 pm – 11:38 pm +1,Qatar Airways,HKT‐SAN,37h43m,2,"DOH, SEA",1774,20220406-1312,best
8:15 am – 6:55 am +2,Qatar Airways,SAN‐HKT,32h40m,2,"SFO, DOH",11:55 pm – 5:42 pm +1,Qatar Airways,HKT‐SAN,31h47m,2,"DOH, SFO",1818,20220406-1312,best
1:00 pm – 6:55 am +2,"Alaska Airlines, Qatar Airways",SAN‐HKT,27h55m,2,"SEA, DOH",9:05 pm – 10:18 pm +1,"Qatar Airways, Alaska Airlines",HKT‐SAN,39h13m,2,"DOH, SEA",1716,20220406-1312,best
10:55 am – 6:55 am +2,Qatar Airways,SAN‐HKT,30h00m,2,"SFO, DOH",11:55 pm – 10:18 pm +1,Qatar Airways,HKT‐SAN,36h23m,2,"DOH, SEA",1767,20220406-1312,best
6:05 pm – 9:35 am +2,Singapore Airlines,SAN‐HKT,25h30m,2,"SFO, SIN",11:40 am – 11:58 pm,Singapore Airlines,HKT‐SAN,26h18m,2,"SIN, SFO",7005,20220406-1317,fast
6:05 pm – 10:50 am +2,Singapore Airlines,SAN‐HKT,26h45m,2,"SFO, SIN",11:40 am – 11:58 pm,Singapore Airlines,HKT‐SAN,26h18m,2,"SIN, SFO",7005,20220406-1317,fast
6:05 pm – 9:35 am +2,Singapore Airlines,SAN‐HKT,25h30m,2,"SFO, SIN",10:25 am – 11:58 pm,Singapore Airlines,HKT‐SAN,27h33m,2,"SIN, SFO",7005,20220406-1317,fast
6:05 pm – 10:50 am +2,Singapore Airlines,SAN‐HKT,26h45m,2,"SFO, SIN",10:25 am – 11:58 pm,Singapore Airlines,HKT‐SAN,27h33m,2,"SIN, SFO",7005,20220406-1317,fast
7:00 pm – 1:15 pm +2,"British Airways, Qatar Airways",SAN‐HKT,28h15m,2,"LHR, DOH",9:05 pm – 1:48 pm +1,Qatar Airways,HKT‐SAN,30h43m,2,"DOH, DFW",3117,20220406-1317,fast
7:00 pm – 1:15 pm +2,"British Airways, Qatar Airways",SAN‐HKT,28h15m,2,"LHR, DOH",9:05 pm – 1:48 pm +1,Qatar Airways,HKT‐SAN,30h43m,2,"DOH, DFW",3117,20220406-1317,fast
4:15 pm – 9:35 am +2,Singapore Airlines,SAN‐HKT,27h20m,2,"SFO, SIN",11:55 pm – 5:42 pm +1,Qatar Airways,HKT‐SAN,31h47m,2,"DOH, SFO",3323,20220406-1317,fast
6:05 pm – 9:35 am +2,"Alaska Airlines, Singapore Airlines",SAN‐HKT,25h30m,2,"SFO, SIN",8:10 pm – 4:02 pm +1,"Singapore Airlines, Alaska Airlines",HKT‐SAN,33h52m,2,"SIN, SFO",2267,20220406-1317,fast
1:00 pm – 6:55 am +2,"Alaska Airlines, Qatar Airways",SAN‐HKT,27h55m,2,"SEA, DOH",11:55 pm – 5:42 pm +1,Qatar Airways,HKT‐SAN,31h47m,2,"DOH, SFO",1782,20220406-1317,fast
8:01 pm – 7:05 pm +2,Multiple Airlines,SAN‐HKT,33h04m,3,"SFO, ICN, ...",10:00 pm – 11:15 am +1,"Nok Air, Japan Airlines",HKT‐SAN,27h15m,2,"DMK-BKK, NRT",3501,20220406-1317,fast
4:15 pm – 10:50 am +2,Singapore Airlines,SAN‐HKT,28h35m,2,"SFO, SIN",11:55 pm – 5:42 pm +1,Qatar Airways,HKT‐SAN,31h47m,2,"DOH, SFO",3323,20220406-1317,fast
1:15 pm – 9:45 am +2,"Japan Airlines, Malaysia Airlines",SAN‐HKT,30h30m,2,"NRT, KUL",7:10 pm – 11:15 am +1,Japan Airlines,HKT‐SAN,30h05m,2,"BKK, NRT",9748,20220406-1317,fast
6:05 pm – 10:50 am +2,"Alaska Airlines, Singapore Airlines",SAN‐HKT,26h45m,2,"SFO, SIN",8:10 pm – 4:02 pm +1,"Singapore Airlines, Alaska Airlines",HKT‐SAN,33h52m,2,"SIN, SFO",2267,20220406-1317,fast
11:53 am – 6:55 am +2,"Alaska Airlines, Qatar Airways",SAN‐HKT,29h02m,2,"SEA, DOH",11:55 pm – 5:42 pm +1,Qatar Airways,HKT‐SAN,31h47m,2,"DOH, SFO",1782,20220406-1317,fast
10:44 am – 6:55 am +2,"American Airlines, Qatar Airways",SAN‐HKT,30h11m,2,"DFW, DOH",9:05 pm – 1:48 pm +1,"Qatar Airways, American Airlines",HKT‐SAN,30h43m,2,"DOH, DFW",2945,20220406-1317,fast
