Out Time,Out Airline,Out Cities,Out Duration,Out Stops,Out Stop Cities,Return Time,Return Airline,Return Cities,Return Duration,Return Stops,Return Stop Cities,Price,timestamp,sort
6:15 am – 12:30 pm +2,"Alaska Airlines, Emirates",SAN‐HKT,40h15m,2,"SEA, DXB",12:10 am – 8:47 am +1,"Emirates, Alaska Airlines",HKT‐SAN,46h37m,2,"DXB, SEA",1524,20220406-1337,cheap
6:15 am – 12:30 pm +2,"Alaska Airlines, Emirates",SAN‐HKT,40h15m,2,"SEA, DXB",12:10 am – 10:53 am +1,"Emirates, Alaska Airlines",HKT‐SAN,48h43m,2,"DXB, SEA",1524,20220406-1337,cheap
8:26 am – 9:35 am +2,"Spirit Airlines, Singapore Airlines",SAN‐HKT,35h09m,3,"LAS, LAX, ...",1:30 pm – 11:15 am +1,"IndiGo, Japan Airlines",HKT‐SAN,35h45m,2,"DEL, NRT",1675,20220406-1337,cheap
6:15 am – 1:15 pm +2,"Alaska Airlines, Qatar Airways",SAN‐HKT,41h00m,2,"SEA, DOH",11:55 pm – 5:42 pm +1,"Qatar Airways, Alaska Airlines",HKT‐SAN,31h47m,2,"DOH, SFO",1675,20220406-1337,cheap
6:15 am – 1:15 pm +2,"Alaska Airlines, Qatar Airways",SAN‐HKT,41h00m,2,"SEA, DOH",11:55 pm – 6:57 pm +1,"Qatar Airways, Alaska Airlines",HKT‐SAN,33h02m,2,"DOH, SFO",1675,20220406-1337,cheap
6:15 am – 1:15 pm +2,"Alaska Airlines, Qatar Airways",SAN‐HKT,41h00m,2,"SEA, DOH",11:55 pm – 9:45 pm +1,"Qatar Airways, Alaska Airlines",HKT‐SAN,35h50m,2,"DOH, SFO",1675,20220406-1337,cheap
6:15 am – 1:15 pm +2,"Alaska Airlines, Qatar Airways",SAN‐HKT,41h00m,2,"SEA, DOH",11:55 pm – 11:58 pm +1,"Qatar Airways, Alaska Airlines",HKT‐SAN,38h03m,2,"DOH, SFO",1675,20220406-1337,cheap
11:53 am – 12:30 pm +2,"Alaska Airlines, Emirates",SAN‐HKT,34h37m,2,"SEA, DXB",12:10 am – 8:47 am +1,"Emirates, Alaska Airlines",HKT‐SAN,46h37m,2,"DXB, SEA",1737,20220406-1337,cheap
8:26 am – 9:35 am +2,"Spirit Airlines, Singapore Airlines",SAN‐HKT,35h09m,3,"LAS, LAX, ...",10:00 pm – 2:56 pm +1,"Nok Air, ANA",HKT‐SAN,30h56m,3,"DMK-BKK, NRT, ...",1782,20220406-1337,cheap
8:26 am – 9:35 am +2,"Spirit Airlines, Singapore Airlines",SAN‐HKT,35h09m,3,"LAS, LAX, ...",8:20 pm – 2:56 pm +1,"Nok Air, ANA",HKT‐SAN,32h36m,3,"DMK-BKK, NRT, ...",1782,20220406-1337,cheap
8:26 am – 9:35 am +2,"Spirit Airlines, Singapore Airlines",SAN‐HKT,35h09m,3,"LAS, LAX, ...",10:00 pm – 2:56 pm +1,"Thai Vietjet Air, ANA",HKT‐SAN,30h56m,3,"BKK, NRT, ...",1786,20220406-1337,cheap
8:26 am – 9:35 am +2,"Spirit Airlines, Singapore Airlines",SAN‐HKT,35h09m,3,"LAS, LAX, ...",6:45 pm – 2:56 pm +1,"Thai Vietjet Air, ANA",HKT‐SAN,34h11m,3,"BKK, NRT, ...",1799,20220406-1337,cheap
8:26 am – 9:35 am +2,"Spirit Airlines, Singapore Airlines",SAN‐HKT,35h09m,3,"LAS, LAX, ...",8:20 pm – 2:56 pm +1,"Thai AirAsia, ANA",HKT‐SAN,32h36m,3,"DMK-BKK, NRT, ...",1800,20220406-1337,cheap
11:53 am – 1:15 pm +2,"Alaska Airlines, Qatar Airways",SAN‐HKT,35h22m,2,"SEA, DOH",11:55 pm – 5:42 pm +1,"Qatar Airways, Alaska Airlines",HKT‐SAN,31h47m,2,"DOH, SFO",1809,20220406-1337,cheap
11:53 am – 1:15 pm +2,"Alaska Airlines, Qatar Airways",SAN‐HKT,35h22m,2,"SEA, DOH",11:55 pm – 6:57 pm +1,"Qatar Airways, Alaska Airlines",HKT‐SAN,33h02m,2,"DOH, SFO",1809,20220406-1337,cheap
4:15 pm – 9:35 am +2,Singapore Airlines,SAN‐HKT,27h20m,2,"SFO, SIN",11:40 am – 11:58 pm,Singapore Airlines,HKT‐SAN,26h18m,2,"SIN, SFO",2016,20220406-1334,best
6:15 am – 12:30 pm +2,"Alaska Airlines, Emirates",SAN‐HKT,40h15m,2,"SEA, DXB",12:10 am – 8:47 am +1,"Emirates, Alaska Airlines",HKT‐SAN,46h37m,2,"DXB, SEA",1524,20220406-1334,best
4:15 pm – 10:50 am +2,Singapore Airlines,SAN‐HKT,28h35m,2,"SFO, SIN",11:40 am – 11:58 pm,Singapore Airlines,HKT‐SAN,26h18m,2,"SIN, SFO",2016,20220406-1334,best
4:15 pm – 9:35 am +2,Singapore Airlines,SAN‐HKT,27h20m,2,"SFO, SIN",10:25 am – 11:58 pm,Singapore Airlines,HKT‐SAN,27h33m,2,"SIN, SFO",2016,20220406-1334,best
6:05 pm – 9:35 am +2,"Alaska Airlines, Singapore Airlines",SAN‐HKT,25h30m,2,"SFO, SIN",8:10 pm – 1:23 pm +1,"Singapore Airlines, Alaska Airlines",HKT‐SAN,31h13m,2,"SIN, SFO",1902,20220406-1334,best
2:35 pm – 9:35 am +2,"Alaska Airlines, Singapore Airlines",SAN‐HKT,29h00m,2,"SFO, SIN",11:40 am – 11:58 pm,"Singapore Airlines, Alaska Airlines",HKT‐SAN,26h18m,2,"SIN, SFO",2016,20220406-1334,best
6:05 pm – 9:35 am +2,"Alaska Airlines, Singapore Airlines",SAN‐HKT,25h30m,2,"SFO, SIN",6:10 pm – 1:23 pm +1,"Singapore Airlines, Alaska Airlines",HKT‐SAN,33h13m,2,"SIN, SFO",1902,20220406-1334,best
4:15 pm – 9:35 am +2,Singapore Airlines,SAN‐HKT,27h20m,2,"SFO, SIN",8:10 pm – 1:23 pm +1,Singapore Airlines,HKT‐SAN,31h13m,2,"SIN, SFO",1902,20220406-1334,best
6:05 pm – 9:35 am +2,"Alaska Airlines, Singapore Airlines",SAN‐HKT,25h30m,2,"SFO, SIN",8:10 pm – 4:02 pm +1,"Singapore Airlines, Alaska Airlines",HKT‐SAN,33h52m,2,"SIN, SFO",1902,20220406-1334,best
4:15 pm – 10:50 am +2,Singapore Airlines,SAN‐HKT,28h35m,2,"SFO, SIN",8:10 pm – 1:23 pm +1,Singapore Airlines,HKT‐SAN,31h13m,2,"SIN, SFO",1902,20220406-1334,best
6:05 pm – 10:50 am +2,"Alaska Airlines, Singapore Airlines",SAN‐HKT,26h45m,2,"SFO, SIN",6:10 pm – 1:23 pm +1,"Singapore Airlines, Alaska Airlines",HKT‐SAN,33h13m,2,"SIN, SFO",1919,20220406-1334,best
4:15 pm – 10:50 am +2,Singapore Airlines,SAN‐HKT,28h35m,2,"SFO, SIN",10:25 am – 11:58 pm,Singapore Airlines,HKT‐SAN,27h33m,2,"SIN, SFO",2176,20220406-1334,best
4:15 pm – 9:35 am +2,Singapore Airlines,SAN‐HKT,27h20m,2,"SFO, SIN",6:10 pm – 1:23 pm +1,Singapore Airlines,HKT‐SAN,33h13m,2,"SIN, SFO",1902,20220406-1334,best
2:35 pm – 9:35 am +2,"Alaska Airlines, Singapore Airlines",SAN‐HKT,29h00m,2,"SFO, SIN",8:10 pm – 1:23 pm +1,Singapore Airlines,HKT‐SAN,31h13m,2,"SIN, SFO",1919,20220406-1334,best
6:05 pm – 10:50 am +2,"Alaska Airlines, Singapore Airlines",SAN‐HKT,26h45m,2,"SFO, SIN",8:10 pm – 4:02 pm +1,"Singapore Airlines, Alaska Airlines",HKT‐SAN,33h52m,2,"SIN, SFO",1919,20220406-1334,best
6:05 pm – 9:35 am +2,"Alaska Airlines, Singapore Airlines",SAN‐HKT,25h30m,2,"SFO, SIN",8:10 pm – 5:42 pm +1,"Singapore Airlines, Alaska Airlines",HKT‐SAN,35h32m,2,"SIN, SFO",1919,20220406-1334,best
6:05 pm – 9:35 am +2,Singapore Airlines,SAN‐HKT,25h30m,2,"SFO, SIN",11:40 am – 11:58 pm,Singapore Airlines,HKT‐SAN,26h18m,2,"SIN, SFO",2623,20220406-1339,fast
6:05 pm – 9:35 am +2,Singapore Airlines,SAN‐HKT,25h30m,2,"SFO, SIN",10:25 am – 11:58 pm,Singapore Airlines,HKT‐SAN,27h33m,2,"SIN, SFO",2623,20220406-1339,fast
6:05 pm – 10:50 am +2,Singapore Airlines,SAN‐HKT,26h45m,2,"SFO, SIN",11:40 am – 11:58 pm,Singapore Airlines,HKT‐SAN,26h18m,2,"SIN, SFO",2623,20220406-1339,fast
4:15 pm – 9:35 am +2,Singapore Airlines,SAN‐HKT,27h20m,2,"SFO, SIN",11:40 am – 11:58 pm,Singapore Airlines,HKT‐SAN,26h18m,2,"SIN, SFO",2016,20220406-1339,fast
6:05 pm – 10:50 am +2,Singapore Airlines,SAN‐HKT,26h45m,2,"SFO, SIN",10:25 am – 11:58 pm,Singapore Airlines,HKT‐SAN,27h33m,2,"SIN, SFO",2623,20220406-1339,fast
4:15 pm – 10:50 am +2,Singapore Airlines,SAN‐HKT,28h35m,2,"SFO, SIN",11:40 am – 11:58 pm,Singapore Airlines,HKT‐SAN,26h18m,2,"SIN, SFO",2016,20220406-1339,fast
4:15 pm – 9:35 am +2,Singapore Airlines,SAN‐HKT,27h20m,2,"SFO, SIN",10:25 am – 11:58 pm,Singapore Airlines,HKT‐SAN,27h33m,2,"SIN, SFO",2016,20220406-1339,fast
2:35 pm – 9:35 am +2,"Alaska Airlines, Singapore Airlines",SAN‐HKT,29h00m,2,"SFO, SIN",11:40 am – 11:58 pm,"Singapore Airlines, Alaska Airlines",HKT‐SAN,26h18m,2,"SIN, SFO",2016,20220406-1339,fast
4:15 pm – 10:50 am +2,Singapore Airlines,SAN‐HKT,28h35m,2,"SFO, SIN",10:25 am – 11:58 pm,Singapore Airlines,HKT‐SAN,27h33m,2,"SIN, SFO",2176,20220406-1339,fast
1:15 pm – 9:35 am +2,"Alaska Airlines, Singapore Airlines",SAN‐HKT,30h20m,2,"SFO, SIN",11:40 am – 11:58 pm,"Singapore Airlines, Alaska Airlines",HKT‐SAN,26h18m,2,"SIN, SFO",2231,20220406-1339,fast
6:05 pm – 9:35 am +2,"Alaska Airlines, Singapore Airlines",SAN‐HKT,25h30m,2,"SFO, SIN",8:10 pm – 1:23 pm +1,"Singapore Airlines, Alaska Airlines",HKT‐SAN,31h13m,2,"SIN, SFO",1902,20220406-1339,fast
4:15 pm – 9:35 am +2,Singapore Airlines,SAN‐HKT,27h20m,2,"SFO, SIN",8:10 pm – 1:23 pm +1,Singapore Airlines,HKT‐SAN,31h13m,2,"SIN, SFO",1902,20220406-1339,fast
6:05 pm – 9:35 am +2,"Alaska Airlines, Singapore Airlines",SAN‐HKT,25h30m,2,"SFO, SIN",6:10 pm – 1:23 pm +1,"Singapore Airlines, Alaska Airlines",HKT‐SAN,33h13m,2,"SIN, SFO",1902,20220406-1339,fast
4:15 pm – 9:35 am +2,Singapore Airlines,SAN‐HKT,27h20m,2,"SFO, SIN",11:55 pm – 5:42 pm +1,Qatar Airways,HKT‐SAN,31h47m,2,"DOH, SFO",2340,20220406-1339,fast
6:05 pm – 9:35 am +2,"Alaska Airlines, Singapore Airlines",SAN‐HKT,25h30m,2,"SFO, SIN",8:10 pm – 4:02 pm +1,"Singapore Airlines, Alaska Airlines",HKT‐SAN,33h52m,2,"SIN, SFO",1902,20220406-1339,fast
