Out Time,Out Airline,Out Cities,Out Duration,Out Stops,Out Stop Cities,Return Time,Return Airline,Return Cities,Return Duration,Return Stops,Return Stop Cities,Price,timestamp,sort
11:23 am – 9:35 am +2,"Frontier, Singapore Airlines",SAN‐HKT,32h12m,3,"LAS, LAX, ...",10:20 pm – 10:20 pm +1,"Jetstar, Alaska Airlines",HKT‐SAN,38h00m,2,"SYD, HNL",1270,20220406-1111,cheap
1:45 pm – 9:35 am +2,"Spirit Airlines, Singapore Airlines",SAN‐HKT,29h50m,3,"LAS, LAX, ...",10:20 pm – 10:20 pm +1,"Jetstar, Alaska Airlines",HKT‐SAN,38h00m,2,"SYD, HNL",1283,20220406-1111,cheap
11:23 am – 9:35 am +2,"Frontier, Singapore Airlines",SAN‐HKT,32h12m,3,"LAS, LAX, ...",9:00 am – 1:50 am +1,Multiple Airlines,HKT‐SAN,30h50m,3,"BKK, MNL, ...",1326,20220406-1111,cheap
12:35 pm – 6:55 am +2,Qatar Airways,SAN‐HKT,28h20m,2,"SFO, DOH",10:20 pm – 10:20 pm +1,"Jetstar, Alaska Airlines",HKT‐SAN,38h00m,2,"SYD, HNL",1389,20220406-1111,cheap
12:35 pm – 6:55 am +2,Qatar Airways,SAN‐HKT,28h20m,2,"SFO, DOH",11:55 pm – 5:04 pm +1,Qatar Airways,HKT‐SAN,31h09m,2,"DOH, SEA",1432,20220406-1111,cheap
12:35 pm – 6:55 am +2,Qatar Airways,SAN‐HKT,28h20m,2,"SFO, DOH",11:55 pm – 6:45 pm +1,Qatar Airways,HKT‐SAN,32h50m,2,"DOH, SEA",1432,20220406-1111,cheap
12:35 pm – 1:15 pm +2,Qatar Airways,SAN‐HKT,34h40m,2,"SFO, DOH",11:55 pm – 5:04 pm +1,Qatar Airways,HKT‐SAN,31h09m,2,"DOH, SEA",1432,20220406-1111,cheap
12:35 pm – 1:15 pm +2,Qatar Airways,SAN‐HKT,34h40m,2,"SFO, DOH",11:55 pm – 6:45 pm +1,Qatar Airways,HKT‐SAN,32h50m,2,"DOH, SEA",1432,20220406-1111,cheap
8:00 am – 6:55 am +2,"Alaska Airlines, Qatar Airways",SAN‐HKT,32h55m,2,"SEA, DOH",11:55 pm – 11:37 pm +1,"Qatar Airways, Alaska Airlines",HKT‐SAN,37h42m,2,"DOH, SEA",1435,20220406-1111,cheap
11:50 am – 6:55 am +2,"Alaska Airlines, Qatar Airways",SAN‐HKT,29h05m,2,"SEA, DOH",11:55 pm – 11:37 pm +1,"Qatar Airways, Alaska Airlines",HKT‐SAN,37h42m,2,"DOH, SEA",1445,20220406-1111,cheap
11:50 am – 6:55 am +2,Qatar Airways,SAN‐HKT,29h05m,2,"SEA, DOH",11:55 pm – 5:04 pm +1,Qatar Airways,HKT‐SAN,31h09m,2,"DOH, SEA",1447,20220406-1111,cheap
11:50 am – 6:55 am +2,Qatar Airways,SAN‐HKT,29h05m,2,"SEA, DOH",11:55 pm – 6:45 pm +1,Qatar Airways,HKT‐SAN,32h50m,2,"DOH, SEA",1447,20220406-1111,cheap
8:00 am – 6:55 am +2,Qatar Airways,SAN‐HKT,32h55m,2,"SEA, DOH",11:55 pm – 5:04 pm +1,Qatar Airways,HKT‐SAN,31h09m,2,"DOH, SEA",1447,20220406-1111,cheap
8:00 am – 6:55 am +2,Qatar Airways,SAN‐HKT,32h55m,2,"SEA, DOH",11:55 pm – 6:45 pm +1,Qatar Airways,HKT‐SAN,32h50m,2,"DOH, SEA",1447,20220406-1111,cheap
11:50 am – 1:15 pm +2,Qatar Airways,SAN‐HKT,35h25m,2,"SEA, DOH",11:55 pm – 5:04 pm +1,Qatar Airways,HKT‐SAN,31h09m,2,"DOH, SEA",1447,20220406-1111,cheap
12:35 pm – 6:55 am +2,Qatar Airways,SAN‐HKT,28h20m,2,"SFO, DOH",11:55 pm – 5:04 pm +1,Qatar Airways,HKT‐SAN,31h09m,2,"DOH, SEA",1432,20220406-1109,best
11:23 am – 9:35 am +2,"Frontier, Singapore Airlines",SAN‐HKT,32h12m,3,"LAS, LAX, ...",10:20 pm – 10:20 pm +1,"Jetstar, Alaska Airlines",HKT‐SAN,38h00m,2,"SYD, HNL",1270,20220406-1109,best
11:50 am – 6:55 am +2,Qatar Airways,SAN‐HKT,29h05m,2,"SEA, DOH",11:55 pm – 5:04 pm +1,Qatar Airways,HKT‐SAN,31h09m,2,"DOH, SEA",1447,20220406-1109,best
12:35 pm – 6:55 am +2,Qatar Airways,SAN‐HKT,28h20m,2,"SFO, DOH",11:55 pm – 6:45 pm +1,Qatar Airways,HKT‐SAN,32h50m,2,"DOH, SEA",1432,20220406-1109,best
11:50 am – 6:55 am +2,Qatar Airways,SAN‐HKT,29h05m,2,"SEA, DOH",11:55 pm – 6:45 pm +1,Qatar Airways,HKT‐SAN,32h50m,2,"DOH, SEA",1447,20220406-1109,best
10:45 am – 6:55 am +2,"Alaska Airlines, Qatar Airways",SAN‐HKT,30h10m,2,"SFO, DOH",11:55 pm – 5:04 pm +1,"Qatar Airways, Alaska Airlines",HKT‐SAN,31h09m,2,"DOH, SEA",1448,20220406-1109,best
10:45 am – 6:55 am +2,"Alaska Airlines, Qatar Airways",SAN‐HKT,30h10m,2,"SFO, DOH",11:55 pm – 6:45 pm +1,"Qatar Airways, Alaska Airlines",HKT‐SAN,32h50m,2,"DOH, SEA",1448,20220406-1109,best
8:00 am – 6:55 am +2,Qatar Airways,SAN‐HKT,32h55m,2,"SEA, DOH",11:55 pm – 5:04 pm +1,Qatar Airways,HKT‐SAN,31h09m,2,"DOH, SEA",1447,20220406-1109,best
12:35 pm – 6:55 am +2,"Alaska Airlines, Qatar Airways",SAN‐HKT,28h20m,2,"SFO, DOH",11:55 pm – 9:37 pm +1,"Qatar Airways, Alaska Airlines",HKT‐SAN,35h42m,2,"DOH, SEA",1448,20220406-1109,best
12:35 pm – 1:15 pm +2,Qatar Airways,SAN‐HKT,34h40m,2,"SFO, DOH",11:55 pm – 5:04 pm +1,Qatar Airways,HKT‐SAN,31h09m,2,"DOH, SEA",1432,20220406-1109,best
12:35 pm – 6:55 am +2,Qatar Airways,SAN‐HKT,28h20m,2,"SFO, DOH",11:55 pm – 5:58 pm +1,Qatar Airways,HKT‐SAN,32h03m,2,"DOH, SFO",1588,20220406-1109,best
12:35 pm – 6:55 am +2,"Alaska Airlines, Qatar Airways",SAN‐HKT,28h20m,2,"SFO, DOH",11:55 pm – 11:37 pm +1,"Qatar Airways, Alaska Airlines",HKT‐SAN,37h42m,2,"DOH, SEA",1448,20220406-1109,best
8:00 am – 6:55 am +2,Qatar Airways,SAN‐HKT,32h55m,2,"SEA, DOH",11:55 pm – 6:45 pm +1,Qatar Airways,HKT‐SAN,32h50m,2,"DOH, SEA",1447,20220406-1109,best
11:50 am – 1:15 pm +2,Qatar Airways,SAN‐HKT,35h25m,2,"SEA, DOH",11:55 pm – 5:04 pm +1,Qatar Airways,HKT‐SAN,31h09m,2,"DOH, SEA",1447,20220406-1109,best
12:35 pm – 1:15 pm +2,Qatar Airways,SAN‐HKT,34h40m,2,"SFO, DOH",11:55 pm – 6:45 pm +1,Qatar Airways,HKT‐SAN,32h50m,2,"DOH, SEA",1432,20220406-1109,best
10:45 am – 6:55 am +2,"Alaska Airlines, Qatar Airways",SAN‐HKT,30h10m,2,"SFO, DOH",11:55 pm – 9:37 pm +1,"Qatar Airways, Alaska Airlines",HKT‐SAN,35h42m,2,"DOH, SEA",1448,20220406-1109,best
4:25 pm – 9:35 am +2,Singapore Airlines,SAN‐HKT,27h10m,2,"SFO, SIN",11:40 am – 11:05 pm,Singapore Airlines,HKT‐SAN,25h25m,2,"SIN, SFO",2834,20220406-1113,fast
12:35 pm – 6:55 am +2,"Alaska Airlines, Qatar Airways",SAN‐HKT,28h20m,2,"SFO, DOH",11:40 am – 11:05 pm,Singapore Airlines,HKT‐SAN,25h25m,2,"SIN, SFO",1756,20220406-1113,fast
4:25 pm – 10:50 am +2,Singapore Airlines,SAN‐HKT,28h25m,2,"SFO, SIN",11:40 am – 11:05 pm,Singapore Airlines,HKT‐SAN,25h25m,2,"SIN, SFO",2834,20220406-1113,fast
4:25 pm – 9:35 am +2,Singapore Airlines,SAN‐HKT,27h10m,2,"SFO, SIN",10:25 am – 11:05 pm,Singapore Airlines,HKT‐SAN,26h40m,2,"SIN, SFO",2834,20220406-1113,fast
12:35 pm – 6:55 am +2,Qatar Airways,SAN‐HKT,28h20m,2,"SFO, DOH",11:15 pm – 11:15 am +1,"Thai Vietjet Air, Japan Airlines",HKT‐SAN,26h00m,2,"BKK, NRT",1775,20220406-1113,fast
11:50 am – 6:55 am +2,Qatar Airways,SAN‐HKT,29h05m,2,"SEA, DOH",11:40 am – 11:05 pm,Singapore Airlines,HKT‐SAN,25h25m,2,"SIN, SFO",1792,20220406-1113,fast
12:35 pm – 6:55 am +2,"Alaska Airlines, Qatar Airways",SAN‐HKT,28h20m,2,"SFO, DOH",10:25 am – 11:05 pm,Singapore Airlines,HKT‐SAN,26h40m,2,"SIN, SFO",1756,20220406-1113,fast
4:25 pm – 10:50 am +2,Singapore Airlines,SAN‐HKT,28h25m,2,"SFO, SIN",10:25 am – 11:05 pm,Singapore Airlines,HKT‐SAN,26h40m,2,"SIN, SFO",2834,20220406-1113,fast
10:45 am – 6:55 am +2,"Alaska Airlines, Qatar Airways",SAN‐HKT,30h10m,2,"SFO, DOH",11:40 am – 11:05 pm,Singapore Airlines,HKT‐SAN,25h25m,2,"SIN, SFO",1756,20220406-1113,fast
11:50 am – 6:55 am +2,Qatar Airways,SAN‐HKT,29h05m,2,"SEA, DOH",10:25 am – 11:05 pm,Singapore Airlines,HKT‐SAN,26h40m,2,"SIN, SFO",1792,20220406-1113,fast
12:35 pm – 9:35 am +2,Singapore Airlines,SAN‐HKT,31h00m,2,"SFO, SIN",11:40 am – 11:05 pm,Singapore Airlines,HKT‐SAN,25h25m,2,"SIN, SFO",2834,20220406-1113,fast
10:45 am – 6:55 am +2,"Alaska Airlines, Qatar Airways",SAN‐HKT,30h10m,2,"SFO, DOH",10:25 am – 11:05 pm,Singapore Airlines,HKT‐SAN,26h40m,2,"SIN, SFO",1756,20220406-1113,fast
12:35 pm – 9:35 am +2,Singapore Airlines,SAN‐HKT,31h00m,2,"SFO, SIN",10:25 am – 11:05 pm,Singapore Airlines,HKT‐SAN,26h40m,2,"SIN, SFO",2834,20220406-1113,fast
12:35 pm – 10:50 am +2,Singapore Airlines,SAN‐HKT,32h15m,2,"SFO, SIN",11:40 am – 11:05 pm,Singapore Airlines,HKT‐SAN,25h25m,2,"SIN, SFO",2834,20220406-1113,fast
2:40 pm – 1:15 pm +2,Qatar Airways,SAN‐HKT,32h35m,2,"DFW, DOH",11:40 am – 11:05 pm,Singapore Airlines,HKT‐SAN,25h25m,2,"SIN, SFO",3262,20220406-1113,fast
