Out Time,Out Airline,Out Cities,Out Duration,Out Stops,Out Stop Cities,Return Time,Return Airline,Return Cities,Return Duration,Return Stops,Return Stop Cities,Price,timestamp,sort
10:45 am – 6:55 am +2,"Alaska Airlines, Qatar Airways",SAN‐HKT,30h10m,2,"SFO, DOH",11:55 pm – 11:38 pm +1,"Qatar Airways, Alaska Airlines",HKT‐SAN,37h43m,2,"DOH, SEA",1254,20220406-1259,cheap
6:25 am – 6:55 am +2,"Alaska Airlines, Qatar Airways",SAN‐HKT,34h30m,2,"SFO, DOH",11:55 pm – 11:38 pm +1,"Qatar Airways, Alaska Airlines",HKT‐SAN,37h43m,2,"DOH, SEA",1254,20220406-1259,cheap
10:45 am – 1:15 pm +2,"Alaska Airlines, Qatar Airways",SAN‐HKT,36h30m,2,"SFO, DOH",11:55 pm – 11:38 pm +1,"Qatar Airways, Alaska Airlines",HKT‐SAN,37h43m,2,"DOH, SEA",1254,20220406-1259,cheap
6:25 am – 1:15 pm +2,"Alaska Airlines, Qatar Airways",SAN‐HKT,40h50m,2,"SFO, DOH",11:55 pm – 11:38 pm +1,"Qatar Airways, Alaska Airlines",HKT‐SAN,37h43m,2,"DOH, SEA",1254,20220406-1259,cheap
7:25 pm – 1:15 pm +3,"Alaska Airlines, Qatar Airways",SAN‐HKT,51h50m,2,"SFO, DOH",11:55 pm – 11:38 pm +1,"Qatar Airways, Alaska Airlines",HKT‐SAN,37h43m,2,"DOH, SEA",1260,20220406-1259,cheap
4:25 pm – 1:15 pm +3,"Alaska Airlines, Qatar Airways",SAN‐HKT,54h50m,2,"SFO, DOH",11:55 pm – 11:38 pm +1,"Qatar Airways, Alaska Airlines",HKT‐SAN,37h43m,2,"DOH, SEA",1260,20220406-1259,cheap
10:00 pm – 6:55 am +3,"Alaska Airlines, Qatar Airways",SAN‐HKT,42h55m,2,"SFO, DOH",11:55 pm – 11:38 pm +1,"Qatar Airways, Alaska Airlines",HKT‐SAN,37h43m,2,"DOH, SEA",1266,20220406-1259,cheap
7:25 pm – 6:55 am +3,"Alaska Airlines, Qatar Airways",SAN‐HKT,45h30m,2,"SFO, DOH",11:55 pm – 11:38 pm +1,"Qatar Airways, Alaska Airlines",HKT‐SAN,37h43m,2,"DOH, SEA",1266,20220406-1259,cheap
4:25 pm – 6:55 am +3,"Alaska Airlines, Qatar Airways",SAN‐HKT,48h30m,2,"SFO, DOH",11:55 pm – 11:38 pm +1,"Qatar Airways, Alaska Airlines",HKT‐SAN,37h43m,2,"DOH, SEA",1266,20220406-1259,cheap
11:00 pm – 6:55 am +3,"Alaska Airlines, Qatar Airways",SAN‐HKT,41h55m,2,"JFK, DOH",11:55 pm – 11:38 pm +1,"Qatar Airways, Alaska Airlines",HKT‐SAN,37h43m,2,"DOH, SEA",1341,20220406-1259,cheap
11:00 pm – 1:15 pm +3,"Alaska Airlines, Qatar Airways",SAN‐HKT,48h15m,2,"JFK, DOH",11:55 pm – 11:38 pm +1,"Qatar Airways, Alaska Airlines",HKT‐SAN,37h43m,2,"DOH, SEA",1341,20220406-1259,cheap
11:50 am – 6:55 am +2,"Alaska Airlines, Qatar Airways",SAN‐HKT,29h05m,2,"SEA, DOH",11:55 pm – 11:38 pm +1,"Qatar Airways, Alaska Airlines",HKT‐SAN,37h43m,2,"DOH, SEA",1367,20220406-1259,cheap
8:00 am – 6:55 am +2,"Alaska Airlines, Qatar Airways",SAN‐HKT,32h55m,2,"SEA, DOH",11:55 pm – 11:38 pm +1,"Qatar Airways, Alaska Airlines",HKT‐SAN,37h43m,2,"DOH, SEA",1367,20220406-1259,cheap
6:15 am – 6:55 am +2,"Alaska Airlines, Qatar Airways",SAN‐HKT,34h40m,2,"SEA, DOH",11:55 pm – 11:38 pm +1,"Qatar Airways, Alaska Airlines",HKT‐SAN,37h43m,2,"DOH, SEA",1367,20220406-1259,cheap
8:00 am – 1:15 pm +2,"Alaska Airlines, Qatar Airways",SAN‐HKT,39h15m,2,"SEA, DOH",11:55 pm – 11:38 pm +1,"Qatar Airways, Alaska Airlines",HKT‐SAN,37h43m,2,"DOH, SEA",1367,20220406-1259,cheap
10:45 am – 6:55 am +2,"Alaska Airlines, Qatar Airways",SAN‐HKT,30h10m,2,"SFO, DOH",11:55 pm – 5:42 pm +1,"Qatar Airways, Alaska Airlines",HKT‐SAN,31h47m,2,"DOH, SFO",1442,20220406-1257,best
10:45 am – 6:55 am +2,"Alaska Airlines, Qatar Airways",SAN‐HKT,30h10m,2,"SFO, DOH",11:55 pm – 11:38 pm +1,"Qatar Airways, Alaska Airlines",HKT‐SAN,37h43m,2,"DOH, SEA",1254,20220406-1257,best
10:45 am – 6:55 am +2,"Alaska Airlines, Qatar Airways",SAN‐HKT,30h10m,2,"SFO, DOH",11:55 pm – 5:06 pm +1,"Qatar Airways, Alaska Airlines",HKT‐SAN,31h11m,2,"DOH, SEA",1471,20220406-1257,best
11:50 am – 6:55 am +2,Qatar Airways,SAN‐HKT,29h05m,2,"SEA, DOH",11:55 pm – 5:42 pm +1,Qatar Airways,HKT‐SAN,31h47m,2,"DOH, SFO",1508,20220406-1257,best
11:50 am – 6:55 am +2,"Alaska Airlines, Qatar Airways",SAN‐HKT,29h05m,2,"SEA, DOH",11:55 pm – 5:06 pm +1,"Qatar Airways, Alaska Airlines",HKT‐SAN,31h11m,2,"DOH, SEA",1560,20220406-1257,best
10:45 am – 6:55 am +2,"Alaska Airlines, Qatar Airways",SAN‐HKT,30h10m,2,"SFO, DOH",11:55 pm – 6:57 pm +1,"Qatar Airways, Alaska Airlines",HKT‐SAN,33h02m,2,"DOH, SFO",1442,20220406-1257,best
10:45 am – 6:55 am +2,"Alaska Airlines, Qatar Airways",SAN‐HKT,30h10m,2,"SFO, DOH",11:55 pm – 6:59 pm +1,"Qatar Airways, Alaska Airlines",HKT‐SAN,33h04m,2,"DOH, SEA",1471,20220406-1257,best
11:50 am – 6:55 am +2,"Alaska Airlines, Qatar Airways",SAN‐HKT,29h05m,2,"SEA, DOH",11:55 pm – 6:57 pm +1,"Qatar Airways, Alaska Airlines",HKT‐SAN,33h02m,2,"DOH, SFO",1530,20220406-1257,best
12:35 pm – 6:55 am +2,Qatar Airways,SAN‐HKT,28h20m,2,"SFO, DOH",11:55 pm – 5:42 pm +1,Qatar Airways,HKT‐SAN,31h47m,2,"DOH, SFO",1651,20220406-1257,best
11:50 am – 6:55 am +2,"Alaska Airlines, Qatar Airways",SAN‐HKT,29h05m,2,"SEA, DOH",11:55 pm – 6:59 pm +1,"Qatar Airways, Alaska Airlines",HKT‐SAN,33h04m,2,"DOH, SEA",1567,20220406-1257,best
12:35 pm – 6:55 am +2,"Alaska Airlines, Qatar Airways",SAN‐HKT,28h20m,2,"SFO, DOH",11:55 pm – 5:06 pm +1,"Qatar Airways, Alaska Airlines",HKT‐SAN,31h11m,2,"DOH, SEA",1732,20220406-1257,best
11:50 am – 6:55 am +2,"Alaska Airlines, Qatar Airways",SAN‐HKT,29h05m,2,"SEA, DOH",11:55 pm – 11:38 pm +1,"Qatar Airways, Alaska Airlines",HKT‐SAN,37h43m,2,"DOH, SEA",1367,20220406-1257,best
10:45 am – 6:55 am +2,"Alaska Airlines, Qatar Airways",SAN‐HKT,30h10m,2,"SFO, DOH",11:55 pm – 9:45 pm +1,"Qatar Airways, Alaska Airlines",HKT‐SAN,35h50m,2,"DOH, SFO",1442,20220406-1257,best
12:35 pm – 6:55 am +2,"Alaska Airlines, Qatar Airways",SAN‐HKT,28h20m,2,"SFO, DOH",11:55 pm – 6:57 pm +1,"Qatar Airways, Alaska Airlines",HKT‐SAN,33h02m,2,"DOH, SFO",1701,20220406-1257,best
8:00 am – 6:55 am +2,Qatar Airways,SAN‐HKT,32h55m,2,"SEA, DOH",11:55 pm – 5:42 pm +1,Qatar Airways,HKT‐SAN,31h47m,2,"DOH, SFO",1528,20220406-1257,best
4:25 pm – 9:35 am +2,"Alaska Airlines, Singapore Airlines",SAN‐HKT,27h10m,2,"SFO, SIN",11:40 am – 11:58 pm,"Singapore Airlines, Alaska Airlines",HKT‐SAN,26h18m,2,"SIN, SFO",2330,20220406-1302,fast
12:35 pm – 6:55 am +2,Qatar Airways,SAN‐HKT,28h20m,2,"SFO, DOH",11:40 am – 11:58 pm,Singapore Airlines,HKT‐SAN,26h18m,2,"SIN, SFO",2395,20220406-1302,fast
4:25 pm – 10:50 am +2,Singapore Airlines,SAN‐HKT,28h25m,2,"SFO, SIN",11:40 am – 11:58 pm,Singapore Airlines,HKT‐SAN,26h18m,2,"SIN, SFO",2330,20220406-1302,fast
4:25 pm – 9:35 am +2,Singapore Airlines,SAN‐HKT,27h10m,2,"SFO, SIN",10:25 am – 11:58 pm,Singapore Airlines,HKT‐SAN,27h33m,2,"SIN, SFO",2357,20220406-1302,fast
2:35 pm – 9:35 am +2,"Delta, Singapore Airlines",SAN‐HKT,29h00m,2,"LAX, SIN",11:40 am – 11:58 pm,Singapore Airlines,HKT‐SAN,26h18m,2,"SIN, SFO",2714,20220406-1302,fast
11:50 am – 6:55 am +2,"Alaska Airlines, Qatar Airways",SAN‐HKT,29h05m,2,"SEA, DOH",11:40 am – 11:58 pm,Singapore Airlines,HKT‐SAN,26h18m,2,"SIN, SFO",2119,20220406-1302,fast
12:35 pm – 6:55 am +2,Qatar Airways,SAN‐HKT,28h20m,2,"SFO, DOH",10:25 am – 11:58 pm,Singapore Airlines,HKT‐SAN,27h33m,2,"SIN, SFO",2386,20220406-1302,fast
4:25 pm – 10:50 am +2,Singapore Airlines,SAN‐HKT,28h25m,2,"SFO, SIN",10:25 am – 11:58 pm,Singapore Airlines,HKT‐SAN,27h33m,2,"SIN, SFO",2357,20220406-1302,fast
10:45 am – 6:55 am +2,"Alaska Airlines, Qatar Airways",SAN‐HKT,30h10m,2,"SFO, DOH",11:40 am – 11:58 pm,Singapore Airlines,HKT‐SAN,26h18m,2,"SIN, SFO",2090,20220406-1302,fast
11:50 am – 6:55 am +2,Qatar Airways,SAN‐HKT,29h05m,2,"SEA, DOH",10:25 am – 11:58 pm,Singapore Airlines,HKT‐SAN,27h33m,2,"SIN, SFO",2193,20220406-1302,fast
10:45 am – 6:55 am +2,"Alaska Airlines, Qatar Airways",SAN‐HKT,30h10m,2,"SFO, DOH",10:25 am – 11:58 pm,Singapore Airlines,HKT‐SAN,27h33m,2,"SIN, SFO",2157,20220406-1302,fast
1:15 pm – 9:45 am +2,"Japan Airlines, Malaysia Airlines",SAN‐HKT,30h30m,2,"NRT, KUL",9:20 pm – 11:15 am +1,"Jetstar Asia, Japan Airlines",HKT‐SAN,27h55m,2,"SIN, NRT",6618,20220406-1302,fast
2:38 pm – 1:15 pm +2,Qatar Airways,SAN‐HKT,32h37m,2,"DFW, DOH",11:40 am – 11:58 pm,Singapore Airlines,HKT‐SAN,26h18m,2,"SIN, SFO",3057,20220406-1302,fast
8:00 am – 6:55 am +2,"Alaska Airlines, Qatar Airways",SAN‐HKT,32h55m,2,"SEA, DOH",11:40 am – 11:58 pm,Singapore Airlines,HKT‐SAN,26h18m,2,"SIN, SFO",2119,20220406-1302,fast
12:35 pm – 6:55 am +2,"Alaska Airlines, Qatar Airways",SAN‐HKT,28h20m,2,"SFO, DOH",11:55 pm – 5:06 pm +1,"Qatar Airways, Alaska Airlines",HKT‐SAN,31h11m,2,"DOH, SEA",1732,20220406-1302,fast
