Out Time,Out Airline,Out Cities,Out Duration,Out Stops,Out Stop Cities,Return Time,Return Airline,Return Cities,Return Duration,Return Stops,Return Stop Cities,Price,timestamp,sort
3:20 pm – 8:45 pm +2,Multiple Airlines,SAN‐HKT,39h25m,3,"SJC-SFO, NAN, ...",9:00 am – 1:50 am +1,Multiple Airlines,HKT‐SAN,30h50m,3,"BKK, MNL, ...",1441,20220406-1452,cheap
6:05 pm – 8:45 pm +2,Multiple Airlines,SAN‐HKT,36h40m,3,"SFO, NAN, ...",9:00 am – 11:58 pm,Multiple Airlines,HKT‐SAN,28h58m,3,"BKK, MNL, ...",1572,20220406-1452,cheap
10:56 am – 10:35 am +2,Multiple Airlines,SAN‐HKT,33h39m,3,"OAK-SFO, CPH, ...",9:00 am – 11:58 pm,Multiple Airlines,HKT‐SAN,28h58m,3,"BKK, MNL, ...",1823,20220406-1452,cheap
11:55 am – 12:30 pm +2,"Alaska Airlines, Emirates",SAN‐HKT,34h35m,2,"SEA, DXB",11:55 pm – 11:58 am +2,"Qatar Airways, Alaska Airlines",HKT‐SAN,50h03m,2,"DOH, JFK",1879,20220406-1452,cheap
9:05 am – 6:55 am +2,"Alaska Airlines, Qatar Airways",SAN‐HKT,31h50m,2,"EWR-JFK, DOH",11:55 pm – 11:58 am +2,"Qatar Airways, Alaska Airlines",HKT‐SAN,50h03m,2,"DOH, JFK",1921,20220406-1452,cheap
7:00 am – 6:55 am +2,Qatar Airways,SAN‐HKT,33h55m,2,"JFK, DOH",11:55 pm – 11:58 am +2,"Qatar Airways, Alaska Airlines",HKT‐SAN,50h03m,2,"DOH, JFK",1926,20220406-1452,cheap
2:35 pm – 10:50 am +2,"Delta, Singapore Airlines",SAN‐HKT,30h15m,2,"LAX, SIN",8:10 pm – 11:42 pm +1,"Singapore Airlines, Delta",HKT‐SAN,41h32m,3,"SIN, NRT, ...",1939,20220406-1452,cheap
2:35 pm – 5:10 pm +2,"Delta, Singapore Airlines",SAN‐HKT,36h35m,2,"LAX, SIN",8:10 pm – 11:42 pm +1,"Singapore Airlines, Delta",HKT‐SAN,41h32m,3,"SIN, NRT, ...",1939,20220406-1452,cheap
1:00 pm – 6:55 am +2,Qatar Airways,SAN‐HKT,27h55m,2,"SEA, DOH",11:55 pm – 11:58 am +2,"Qatar Airways, Alaska Airlines",HKT‐SAN,50h03m,2,"DOH, JFK",2007,20220406-1452,cheap
11:55 am – 6:55 am +2,Qatar Airways,SAN‐HKT,29h00m,2,"SEA, DOH",11:55 pm – 11:58 am +2,"Qatar Airways, Alaska Airlines",HKT‐SAN,50h03m,2,"DOH, JFK",2007,20220406-1452,cheap
1:00 pm – 1:15 pm +2,Qatar Airways,SAN‐HKT,34h15m,2,"SEA, DOH",11:55 pm – 11:58 am +2,"Qatar Airways, Alaska Airlines",HKT‐SAN,50h03m,2,"DOH, JFK",2007,20220406-1452,cheap
10:56 am – 10:35 am +2,Multiple Airlines,SAN‐HKT,33h39m,3,"OAK-SFO, CPH, ...",11:55 am – 11:58 pm,Multiple Airlines,HKT‐SAN,26h03m,3,"SGN, TPE, ...",2045,20220406-1452,cheap
9:05 am – 6:55 am +2,"Alaska Airlines, Qatar Airways",SAN‐HKT,31h50m,2,"EWR-JFK, DOH",11:55 pm – 9:45 pm +1,"Qatar Airways, Alaska Airlines",HKT‐SAN,35h50m,2,"DOH, SFO",2117,20220406-1452,cheap
11:55 am – 12:30 pm +2,"Alaska Airlines, Emirates",SAN‐HKT,34h35m,2,"SEA, DXB",12:10 am – 5:42 pm,"Emirates, Alaska Airlines",HKT‐SAN,31h32m,2,"DXB, SFO",2121,20220406-1452,cheap
11:55 am – 12:30 pm +2,"Alaska Airlines, Emirates",SAN‐HKT,34h35m,2,"SEA, DXB",12:10 am – 6:57 pm,"Emirates, Alaska Airlines",HKT‐SAN,32h47m,2,"DXB, SFO",2121,20220406-1452,cheap
1:00 pm – 6:55 am +2,"Alaska Airlines, Qatar Airways",SAN‐HKT,27h55m,2,"SEA, DOH",11:55 pm – 5:42 pm +1,"Qatar Airways, Alaska Airlines",HKT‐SAN,31h47m,2,"DOH, SFO",2205,20220406-1449,best
3:20 pm – 8:45 pm +2,Multiple Airlines,SAN‐HKT,39h25m,3,"SJC-SFO, NAN, ...",9:00 am – 1:50 am +1,Multiple Airlines,HKT‐SAN,30h50m,3,"BKK, MNL, ...",1441,20220406-1449,best
1:00 pm – 6:55 am +2,"Alaska Airlines, Qatar Airways",SAN‐HKT,27h55m,2,"SEA, DOH",11:55 pm – 5:06 pm +1,"Qatar Airways, Alaska Airlines",HKT‐SAN,31h11m,2,"DOH, SEA",2235,20220406-1449,best
11:55 am – 6:55 am +2,"Alaska Airlines, Qatar Airways",SAN‐HKT,29h00m,2,"SEA, DOH",11:55 pm – 5:42 pm +1,"Qatar Airways, Alaska Airlines",HKT‐SAN,31h47m,2,"DOH, SFO",2205,20220406-1449,best
1:00 pm – 6:55 am +2,"Alaska Airlines, Qatar Airways",SAN‐HKT,27h55m,2,"SEA, DOH",11:55 pm – 6:57 pm +1,"Qatar Airways, Alaska Airlines",HKT‐SAN,33h02m,2,"DOH, SFO",2205,20220406-1449,best
11:55 am – 6:55 am +2,"Alaska Airlines, Qatar Airways",SAN‐HKT,29h00m,2,"SEA, DOH",11:55 pm – 5:06 pm +1,"Qatar Airways, Alaska Airlines",HKT‐SAN,31h11m,2,"DOH, SEA",2235,20220406-1449,best
1:00 pm – 6:55 am +2,"Alaska Airlines, Qatar Airways",SAN‐HKT,27h55m,2,"SEA, DOH",11:55 pm – 6:59 pm +1,"Qatar Airways, Alaska Airlines",HKT‐SAN,33h04m,2,"DOH, SEA",2235,20220406-1449,best
11:55 am – 6:55 am +2,"Alaska Airlines, Qatar Airways",SAN‐HKT,29h00m,2,"SEA, DOH",11:55 pm – 6:57 pm +1,"Qatar Airways, Alaska Airlines",HKT‐SAN,33h02m,2,"DOH, SFO",2205,20220406-1449,best
11:55 am – 6:55 am +2,"Alaska Airlines, Qatar Airways",SAN‐HKT,29h00m,2,"SEA, DOH",11:55 pm – 6:59 pm +1,"Qatar Airways, Alaska Airlines",HKT‐SAN,33h04m,2,"DOH, SEA",2235,20220406-1449,best
2:35 pm – 10:50 am +2,"Delta, Singapore Airlines",SAN‐HKT,30h15m,2,"LAX, SIN",8:10 pm – 11:42 pm +1,"Singapore Airlines, Delta",HKT‐SAN,41h32m,3,"SIN, NRT, ...",1939,20220406-1449,best
7:00 am – 6:55 am +2,Qatar Airways,SAN‐HKT,33h55m,2,"JFK, DOH",11:55 pm – 5:06 pm +1,Qatar Airways,HKT‐SAN,31h11m,2,"DOH, SEA",2147,20220406-1449,best
1:00 pm – 6:55 am +2,"Alaska Airlines, Qatar Airways",SAN‐HKT,27h55m,2,"SEA, DOH",11:55 pm – 9:45 pm +1,"Qatar Airways, Alaska Airlines",HKT‐SAN,35h50m,2,"DOH, SFO",2205,20220406-1449,best
2:35 pm – 5:10 pm +2,"Delta, Singapore Airlines",SAN‐HKT,36h35m,2,"LAX, SIN",11:40 am – 11:58 pm,Singapore Airlines,HKT‐SAN,26h18m,2,"SIN, SFO",2390,20220406-1449,best
11:55 am – 12:30 pm +2,"Alaska Airlines, Emirates",SAN‐HKT,34h35m,2,"SEA, DXB",12:10 am – 5:42 pm,"Emirates, Alaska Airlines",HKT‐SAN,31h32m,2,"DXB, SFO",2121,20220406-1449,best
1:00 pm – 6:55 am +2,Qatar Airways,SAN‐HKT,27h55m,2,"SEA, DOH",11:55 pm – 8:58 pm +1,Qatar Airways,HKT‐SAN,35h03m,2,"DOH, BOS",2305,20220406-1449,best
11:55 am – 6:55 am +2,"Alaska Airlines, Qatar Airways",SAN‐HKT,29h00m,2,"SEA, DOH",11:55 pm – 9:45 pm +1,"Qatar Airways, Alaska Airlines",HKT‐SAN,35h50m,2,"DOH, SFO",2205,20220406-1449,best
6:05 pm – 9:35 am +2,Singapore Airlines,SAN‐HKT,25h30m,2,"SFO, SIN",11:40 am – 11:58 pm,Singapore Airlines,HKT‐SAN,26h18m,2,"SIN, SFO",3010,20220406-1454,fast
6:05 pm – 9:35 am +2,Singapore Airlines,SAN‐HKT,25h30m,2,"SFO, SIN",10:25 am – 11:58 pm,Singapore Airlines,HKT‐SAN,27h33m,2,"SIN, SFO",3052,20220406-1454,fast
6:05 pm – 10:50 am +2,Singapore Airlines,SAN‐HKT,26h45m,2,"SFO, SIN",11:40 am – 11:58 pm,Singapore Airlines,HKT‐SAN,26h18m,2,"SIN, SFO",3052,20220406-1454,fast
4:15 pm – 9:35 am +2,Singapore Airlines,SAN‐HKT,27h20m,2,"SFO, SIN",11:40 am – 11:58 pm,Singapore Airlines,HKT‐SAN,26h18m,2,"SIN, SFO",3052,20220406-1454,fast
1:00 pm – 6:55 am +2,"Alaska Airlines, Qatar Airways",SAN‐HKT,27h55m,2,"SEA, DOH",11:40 am – 11:58 pm,Singapore Airlines,HKT‐SAN,26h18m,2,"SIN, SFO",2368,20220406-1454,fast
6:05 pm – 10:50 am +2,Singapore Airlines,SAN‐HKT,26h45m,2,"SFO, SIN",10:25 am – 11:58 pm,Singapore Airlines,HKT‐SAN,27h33m,2,"SIN, SFO",3052,20220406-1454,fast
4:15 pm – 10:50 am +2,Singapore Airlines,SAN‐HKT,28h35m,2,"SFO, SIN",11:40 am – 11:58 pm,Singapore Airlines,HKT‐SAN,26h18m,2,"SIN, SFO",3052,20220406-1454,fast
4:15 pm – 9:35 am +2,Singapore Airlines,SAN‐HKT,27h20m,2,"SFO, SIN",10:25 am – 11:58 pm,Singapore Airlines,HKT‐SAN,27h33m,2,"SIN, SFO",3052,20220406-1454,fast
11:55 am – 6:55 am +2,"Alaska Airlines, Qatar Airways",SAN‐HKT,29h00m,2,"SEA, DOH",11:40 am – 11:58 pm,Singapore Airlines,HKT‐SAN,26h18m,2,"SIN, SFO",2368,20220406-1454,fast
1:00 pm – 6:55 am +2,"Alaska Airlines, Qatar Airways",SAN‐HKT,27h55m,2,"SEA, DOH",10:25 am – 11:58 pm,Singapore Airlines,HKT‐SAN,27h33m,2,"SIN, SFO",2368,20220406-1454,fast
4:15 pm – 10:50 am +2,Singapore Airlines,SAN‐HKT,28h35m,2,"SFO, SIN",10:25 am – 11:58 pm,Singapore Airlines,HKT‐SAN,27h33m,2,"SIN, SFO",3052,20220406-1454,fast
11:55 am – 6:55 am +2,"Alaska Airlines, Qatar Airways",SAN‐HKT,29h00m,2,"SEA, DOH",10:25 am – 11:58 pm,Singapore Airlines,HKT‐SAN,27h33m,2,"SIN, SFO",2368,20220406-1454,fast
9:05 am – 6:55 am +2,"Alaska Airlines, Qatar Airways",SAN‐HKT,31h50m,2,"EWR-JFK, DOH",11:40 am – 11:58 pm,Singapore Airlines,HKT‐SAN,26h18m,2,"SIN, SFO",2276,20220406-1454,fast
1:00 pm – 6:55 am +2,"Alaska Airlines, Qatar Airways",SAN‐HKT,27h55m,2,"SEA, DOH",11:55 pm – 5:06 pm +1,"Qatar Airways, Alaska Airlines",HKT‐SAN,31h11m,2,"DOH, SEA",2235,20220406-1454,fast
9:05 am – 6:55 am +2,"Alaska Airlines, Qatar Airways",SAN‐HKT,31h50m,2,"EWR-JFK, DOH",10:25 am – 11:58 pm,Singapore Airlines,HKT‐SAN,27h33m,2,"SIN, SFO",2276,20220406-1454,fast
