Out Time,Out Airline,Out Cities,Out Duration,Out Stops,Out Stop Cities,Return Time,Return Airline,Return Cities,Return Duration,Return Stops,Return Stop Cities,Price,timestamp,sort
11:00 pm – 1:00 pm +3,"Qatar Airways, AirAsia",SAN‐HKT,48h00m,3,"JFK, DOH, ...",8:50 am – 1:50 am +1,Multiple Airlines,HKT‐SAN,31h00m,3,"BKK, MNL, ...",1270,20220406-0837,cheap
11:00 pm – 7:20 am +3,"Alaska Airlines, Qatar Airways",SAN‐HKT,42h20m,2,"JFK, DOH",11:55 pm – 9:58 pm +1,"Qatar Airways, Alaska Airlines",HKT‐SAN,36h03m,2,"DOH, JFK",1404,20220406-0837,cheap
11:00 pm – 1:15 pm +3,"Alaska Airlines, Qatar Airways",SAN‐HKT,48h15m,2,"JFK, DOH",11:55 pm – 9:58 pm +1,"Qatar Airways, Alaska Airlines",HKT‐SAN,36h03m,2,"DOH, JFK",1404,20220406-0837,cheap
12:40 pm – 7:20 am +2,"Alaska Airlines, Qatar Airways",SAN‐HKT,28h40m,2,"SFO, DOH",11:55 pm – 9:58 pm +1,"Qatar Airways, Alaska Airlines",HKT‐SAN,36h03m,2,"DOH, JFK",1435,20220406-0837,cheap
10:20 am – 7:20 am +2,"Alaska Airlines, Qatar Airways",SAN‐HKT,31h00m,2,"SFO, DOH",11:55 pm – 9:58 pm +1,"Qatar Airways, Alaska Airlines",HKT‐SAN,36h03m,2,"DOH, JFK",1435,20220406-0837,cheap
8:10 am – 7:20 am +2,"Alaska Airlines, Qatar Airways",SAN‐HKT,33h10m,2,"SFO, DOH",11:55 pm – 9:58 pm +1,"Qatar Airways, Alaska Airlines",HKT‐SAN,36h03m,2,"DOH, JFK",1435,20220406-0837,cheap
12:40 pm – 1:15 pm +2,"Alaska Airlines, Qatar Airways",SAN‐HKT,34h35m,2,"SFO, DOH",11:55 pm – 9:58 pm +1,"Qatar Airways, Alaska Airlines",HKT‐SAN,36h03m,2,"DOH, JFK",1435,20220406-0837,cheap
10:20 am – 1:15 pm +2,"Alaska Airlines, Qatar Airways",SAN‐HKT,36h55m,2,"SFO, DOH",11:55 pm – 9:58 pm +1,"Qatar Airways, Alaska Airlines",HKT‐SAN,36h03m,2,"DOH, JFK",1435,20220406-0837,cheap
8:10 am – 1:15 pm +2,"Alaska Airlines, Qatar Airways",SAN‐HKT,39h05m,2,"SFO, DOH",11:55 pm – 9:58 pm +1,"Qatar Airways, Alaska Airlines",HKT‐SAN,36h03m,2,"DOH, JFK",1435,20220406-0837,cheap
6:30 am – 7:20 am +2,"American Airlines, Qatar Airways",SAN‐HKT,34h50m,2,"ORD, DOH",11:55 pm – 7:56 pm +1,"Qatar Airways, American Airlines",HKT‐SAN,34h01m,2,"DOH, ORD",1458,20220406-0837,cheap
6:30 am – 7:20 am +2,"American Airlines, Qatar Airways",SAN‐HKT,34h50m,2,"ORD, DOH",11:55 pm – 10:45 pm +1,"Qatar Airways, American Airlines",HKT‐SAN,36h50m,2,"DOH, MIA",1458,20220406-0837,cheap
8:00 am – 1:15 pm +2,"American Airlines, Qatar Airways",SAN‐HKT,39h15m,2,"DFW, DOH",11:55 pm – 7:56 pm +1,"Qatar Airways, American Airlines",HKT‐SAN,34h01m,2,"DOH, ORD",1458,20220406-0837,cheap
7:00 am – 1:15 pm +2,"American Airlines, Qatar Airways",SAN‐HKT,40h15m,2,"DFW, DOH",11:55 pm – 7:56 pm +1,"Qatar Airways, American Airlines",HKT‐SAN,34h01m,2,"DOH, ORD",1458,20220406-0837,cheap
8:00 am – 1:15 pm +2,"American Airlines, Qatar Airways",SAN‐HKT,39h15m,2,"DFW, DOH",11:55 pm – 10:45 pm +1,"Qatar Airways, American Airlines",HKT‐SAN,36h50m,2,"DOH, MIA",1458,20220406-0837,cheap
7:00 am – 1:15 pm +2,"American Airlines, Qatar Airways",SAN‐HKT,40h15m,2,"DFW, DOH",11:55 pm – 10:45 pm +1,"Qatar Airways, American Airlines",HKT‐SAN,36h50m,2,"DOH, MIA",1458,20220406-0837,cheap
12:40 pm – 7:20 am +2,"Alaska Airlines, Qatar Airways",SAN‐HKT,28h40m,2,"SFO, DOH",11:55 pm – 5:58 pm +1,Qatar Airways,HKT‐SAN,32h03m,2,"DOH, SFO",1524,20220406-0835,best
11:00 pm – 1:00 pm +3,"Qatar Airways, AirAsia",SAN‐HKT,48h00m,3,"JFK, DOH, ...",8:50 am – 1:50 am +1,Multiple Airlines,HKT‐SAN,31h00m,3,"BKK, MNL, ...",1270,20220406-0835,best
10:20 am – 7:20 am +2,Qatar Airways,SAN‐HKT,31h00m,2,"SFO, DOH",11:55 pm – 5:58 pm +1,Qatar Airways,HKT‐SAN,32h03m,2,"DOH, SFO",1514,20220406-0835,best
12:40 pm – 7:20 am +2,"Alaska Airlines, Qatar Airways",SAN‐HKT,28h40m,2,"SFO, DOH",11:55 pm – 9:58 pm +1,"Qatar Airways, Alaska Airlines",HKT‐SAN,36h03m,2,"DOH, JFK",1435,20220406-0835,best
12:40 pm – 7:20 am +2,"Alaska Airlines, Qatar Airways",SAN‐HKT,28h40m,2,"SFO, DOH",11:55 pm – 9:20 pm +1,"Qatar Airways, Alaska Airlines",HKT‐SAN,35h25m,2,"DOH, SFO",1477,20220406-0835,best
10:46 am – 7:20 am +2,"American Airlines, Qatar Airways",SAN‐HKT,30h34m,2,"DFW, DOH",11:55 pm – 7:56 pm +1,"Qatar Airways, American Airlines",HKT‐SAN,34h01m,2,"DOH, ORD",1498,20220406-0835,best
12:40 pm – 7:20 am +2,"Alaska Airlines, Qatar Airways",SAN‐HKT,28h40m,2,"SFO, DOH",11:55 pm – 5:04 pm +1,"Qatar Airways, Alaska Airlines",HKT‐SAN,31h09m,2,"DOH, SEA",1689,20220406-0835,best
12:40 pm – 7:20 am +2,Qatar Airways,SAN‐HKT,28h40m,2,"SFO, DOH",9:05 pm – 5:58 pm +1,Qatar Airways,HKT‐SAN,34h53m,2,"DOH, SFO",1554,20220406-0835,best
12:40 pm – 7:20 am +2,Qatar Airways,SAN‐HKT,28h40m,2,"SFO, DOH",11:55 pm – 5:04 pm +1,Qatar Airways,HKT‐SAN,31h09m,2,"DOH, SEA",1715,20220406-0835,best
12:40 pm – 7:20 am +2,"Alaska Airlines, Qatar Airways",SAN‐HKT,28h40m,2,"SFO, DOH",11:55 pm – 11:05 pm +1,"Qatar Airways, Alaska Airlines",HKT‐SAN,37h10m,2,"DOH, SFO",1477,20220406-0835,best
9:35 am – 7:20 am +2,"American Airlines, Qatar Airways",SAN‐HKT,31h45m,2,"DFW, DOH",11:55 pm – 7:56 pm +1,"Qatar Airways, American Airlines",HKT‐SAN,34h01m,2,"DOH, ORD",1498,20220406-0835,best
10:21 am – 7:20 am +2,"American Airlines, Qatar Airways",SAN‐HKT,30h59m,3,"PHX, PHL, ...",11:55 pm – 7:56 pm +1,"Qatar Airways, American Airlines",HKT‐SAN,34h01m,2,"DOH, ORD",1462,20220406-0835,best
10:20 am – 7:20 am +2,"Alaska Airlines, Qatar Airways",SAN‐HKT,31h00m,2,"SFO, DOH",11:55 pm – 9:58 pm +1,"Qatar Airways, Alaska Airlines",HKT‐SAN,36h03m,2,"DOH, JFK",1435,20220406-0835,best
12:40 pm – 7:20 am +2,"Alaska Airlines, Qatar Airways",SAN‐HKT,28h40m,2,"SFO, DOH",11:55 pm – 6:45 pm +1,"Qatar Airways, Alaska Airlines",HKT‐SAN,32h50m,2,"DOH, SEA",1689,20220406-0835,best
10:20 am – 7:20 am +2,"Alaska Airlines, Qatar Airways",SAN‐HKT,31h00m,2,"SFO, DOH",11:55 pm – 9:20 pm +1,"Qatar Airways, Alaska Airlines",HKT‐SAN,35h25m,2,"DOH, SFO",1477,20220406-0835,best
10:20 am – 7:20 am +2,Qatar Airways,SAN‐HKT,31h00m,2,"SFO, DOH",11:55 pm – 5:04 pm +1,Qatar Airways,HKT‐SAN,31h09m,2,"DOH, SEA",1672,20220406-0835,best
6:45 pm – 7:45 am +2,Singapore Airlines,SAN‐HKT,23h00m,2,"SFO, SIN",11:55 pm – 5:58 pm +1,Qatar Airways,HKT‐SAN,32h03m,2,"DOH, SFO",3000,20220406-0840,fast
5:05 pm – 7:45 am +2,Singapore Airlines,SAN‐HKT,24h40m,2,"SFO, SIN",11:55 pm – 5:58 pm +1,Qatar Airways,HKT‐SAN,32h03m,2,"DOH, SFO",3000,20220406-0840,fast
6:45 pm – 7:45 am +2,Singapore Airlines,SAN‐HKT,23h00m,2,"SFO, SIN",9:05 pm – 5:58 pm +1,Qatar Airways,HKT‐SAN,34h53m,2,"DOH, SFO",3252,20220406-0840,fast
6:45 pm – 7:45 am +2,Singapore Airlines,SAN‐HKT,23h00m,2,"SFO, SIN",11:55 pm – 9:20 pm +1,"Qatar Airways, Alaska Airlines",HKT‐SAN,35h25m,2,"DOH, SFO",3241,20220406-0840,fast
6:45 pm – 9:35 am +2,Singapore Airlines,SAN‐HKT,24h50m,2,"SFO, SIN",11:40 am – 7:30 am +1,Singapore Airlines,HKT‐SAN,33h50m,2,"SIN, SFO",4126,20220406-0840,fast
6:45 pm – 7:45 am +2,Singapore Airlines,SAN‐HKT,23h00m,2,"SFO, SIN",11:55 pm – 9:58 pm +1,Qatar Airways,HKT‐SAN,36h03m,2,"DOH, JFK",3312,20220406-0840,fast
6:45 pm – 7:45 am +2,Singapore Airlines,SAN‐HKT,23h00m,2,"SFO, SIN",5:05 pm – 3:35 pm +1,"THAI Smile, Lufthansa",HKT‐SAN,36h30m,2,"BKK, MUC",4328,20220406-0840,fast
5:05 pm – 7:45 am +2,Singapore Airlines,SAN‐HKT,24h40m,2,"SFO, SIN",9:05 pm – 5:58 pm +1,Qatar Airways,HKT‐SAN,34h53m,2,"DOH, SFO",3252,20220406-0840,fast
12:40 pm – 7:20 am +2,"Alaska Airlines, Qatar Airways",SAN‐HKT,28h40m,2,"SFO, DOH",11:55 pm – 5:04 pm +1,"Qatar Airways, Alaska Airlines",HKT‐SAN,31h09m,2,"DOH, SEA",1689,20220406-0840,fast
12:40 pm – 7:20 am +2,Qatar Airways,SAN‐HKT,28h40m,2,"SFO, DOH",11:55 pm – 5:04 pm +1,Qatar Airways,HKT‐SAN,31h09m,2,"DOH, SEA",1715,20220406-0840,fast
6:45 pm – 9:35 am +2,Singapore Airlines,SAN‐HKT,24h50m,2,"SFO, SIN",10:25 am – 7:30 am +1,Singapore Airlines,HKT‐SAN,35h05m,2,"SIN, SFO",4126,20220406-0840,fast
6:45 pm – 10:50 am +2,Singapore Airlines,SAN‐HKT,26h05m,2,"SFO, SIN",11:40 am – 7:30 am +1,Singapore Airlines,HKT‐SAN,33h50m,2,"SIN, SFO",4126,20220406-0840,fast
6:45 pm – 7:45 am +2,Singapore Airlines,SAN‐HKT,23h00m,2,"SFO, SIN",8:10 pm – 7:12 pm +1,Singapore Airlines,HKT‐SAN,37h02m,3,"SIN, FRA, ...",2836,20220406-0840,fast
5:05 pm – 7:45 am +2,Singapore Airlines,SAN‐HKT,24h40m,2,"SFO, SIN",11:55 pm – 9:20 pm +1,"Qatar Airways, Alaska Airlines",HKT‐SAN,35h25m,2,"DOH, SFO",3241,20220406-0840,fast
6:45 pm – 7:45 am +2,Singapore Airlines,SAN‐HKT,23h00m,2,"SFO, SIN",11:55 pm – 11:05 pm +1,"Qatar Airways, Alaska Airlines",HKT‐SAN,37h10m,2,"DOH, SFO",3241,20220406-0840,fast
