Out Time,Out Airline,Out Cities,Out Duration,Out Stops,Out Stop Cities,Return Time,Return Airline,Return Cities,Return Duration,Return Stops,Return Stop Cities,Price,timestamp,sort
11:00 pm – 1:00 pm +3,Multiple Airlines,SAN‐HKT,48h00m,3,"JFK, DOH, ...",8:50 am – 1:50 am +1,Multiple Airlines,HKT‐SAN,31h00m,3,"BKK, MNL, ...",1314,20220406-0901,cheap
6:15 am – 7:20 am +2,"Alaska Airlines, Qatar Airways",SAN‐HKT,35h05m,2,"SFO, DOH",9:05 pm – 5:58 pm +1,"Qatar Airways, Alaska Airlines",HKT‐SAN,34h53m,2,"DOH, SFO",1367,20220406-0901,cheap
6:15 am – 7:20 am +2,"Alaska Airlines, Qatar Airways",SAN‐HKT,35h05m,2,"SFO, DOH",9:05 pm – 9:20 pm +1,"Qatar Airways, Alaska Airlines",HKT‐SAN,38h15m,2,"DOH, SFO",1367,20220406-0901,cheap
6:15 am – 7:20 am +2,"Alaska Airlines, Qatar Airways",SAN‐HKT,35h05m,2,"SFO, DOH",9:05 pm – 11:05 pm +1,"Qatar Airways, Alaska Airlines",HKT‐SAN,40h00m,2,"DOH, SFO",1367,20220406-0901,cheap
6:15 am – 1:15 pm +2,"Alaska Airlines, Qatar Airways",SAN‐HKT,41h00m,2,"SFO, DOH",9:05 pm – 5:58 pm +1,"Qatar Airways, Alaska Airlines",HKT‐SAN,34h53m,2,"DOH, SFO",1367,20220406-0901,cheap
6:15 am – 1:15 pm +2,"Alaska Airlines, Qatar Airways",SAN‐HKT,41h00m,2,"SFO, DOH",9:05 pm – 9:20 pm +1,"Qatar Airways, Alaska Airlines",HKT‐SAN,38h15m,2,"DOH, SFO",1367,20220406-0901,cheap
8:10 am – 7:20 am +2,"Alaska Airlines, Qatar Airways",SAN‐HKT,33h10m,2,"SFO, DOH",9:05 pm – 5:58 pm +1,"Qatar Airways, Alaska Airlines",HKT‐SAN,34h53m,2,"DOH, SFO",1477,20220406-0901,cheap
6:15 am – 7:20 am +2,"Alaska Airlines, Qatar Airways",SAN‐HKT,35h05m,2,"SFO, DOH",11:55 pm – 5:04 pm +1,Qatar Airways,HKT‐SAN,31h09m,2,"DOH, SEA",1484,20220406-0901,cheap
6:15 am – 7:20 am +2,"Alaska Airlines, Qatar Airways",SAN‐HKT,35h05m,2,"SFO, DOH",11:55 pm – 6:45 pm +1,Qatar Airways,HKT‐SAN,32h50m,2,"DOH, SEA",1484,20220406-0901,cheap
6:15 am – 7:20 am +2,"Alaska Airlines, Qatar Airways",SAN‐HKT,35h05m,2,"SFO, DOH",9:05 pm – 5:04 pm +1,Qatar Airways,HKT‐SAN,33h59m,2,"DOH, SEA",1484,20220406-0901,cheap
6:15 am – 7:20 am +2,"Alaska Airlines, Qatar Airways",SAN‐HKT,35h05m,2,"SFO, DOH",9:05 pm – 6:45 pm +1,Qatar Airways,HKT‐SAN,35h40m,2,"DOH, SEA",1484,20220406-0901,cheap
6:15 am – 1:15 pm +2,"Alaska Airlines, Qatar Airways",SAN‐HKT,41h00m,2,"SFO, DOH",11:55 pm – 5:04 pm +1,Qatar Airways,HKT‐SAN,31h09m,2,"DOH, SEA",1486,20220406-0901,cheap
6:15 am – 1:15 pm +2,"Alaska Airlines, Qatar Airways",SAN‐HKT,41h00m,2,"SFO, DOH",11:55 pm – 6:45 pm +1,Qatar Airways,HKT‐SAN,32h50m,2,"DOH, SEA",1486,20220406-0901,cheap
6:15 am – 1:15 pm +2,"Alaska Airlines, Qatar Airways",SAN‐HKT,41h00m,2,"SFO, DOH",9:05 pm – 5:04 pm +1,Qatar Airways,HKT‐SAN,33h59m,2,"DOH, SEA",1486,20220406-0901,cheap
6:15 am – 1:15 pm +2,"Alaska Airlines, Qatar Airways",SAN‐HKT,41h00m,2,"SFO, DOH",9:05 pm – 6:45 pm +1,Qatar Airways,HKT‐SAN,35h40m,2,"DOH, SEA",1486,20220406-0901,cheap
10:46 am – 7:20 am +2,"American Airlines, Qatar Airways",SAN‐HKT,30h34m,2,"DFW, DOH",9:05 pm – 1:45 pm +1,"Qatar Airways, American Airlines",HKT‐SAN,30h40m,2,"DOH, DFW",1542,20220406-0859,best
11:00 pm – 1:00 pm +3,Multiple Airlines,SAN‐HKT,48h00m,3,"JFK, DOH, ...",8:50 am – 1:50 am +1,Multiple Airlines,HKT‐SAN,31h00m,3,"BKK, MNL, ...",1314,20220406-0859,best
9:35 am – 7:20 am +2,"American Airlines, Qatar Airways",SAN‐HKT,31h45m,2,"DFW, DOH",9:05 pm – 1:45 pm +1,"Qatar Airways, American Airlines",HKT‐SAN,30h40m,2,"DOH, DFW",1542,20220406-0859,best
12:40 pm – 7:20 am +2,"Alaska Airlines, Qatar Airways",SAN‐HKT,28h40m,2,"SFO, DOH",11:55 pm – 5:58 pm +1,"Qatar Airways, Alaska Airlines",HKT‐SAN,32h03m,2,"DOH, SFO",1639,20220406-0859,best
2:40 pm – 1:15 pm +2,"American Airlines, Qatar Airways",SAN‐HKT,32h35m,2,"DFW, DOH",9:05 pm – 1:45 pm +1,"Qatar Airways, American Airlines",HKT‐SAN,30h40m,2,"DOH, DFW",1542,20220406-0859,best
10:46 am – 7:20 am +2,"American Airlines, Qatar Airways",SAN‐HKT,30h34m,2,"DFW, DOH",9:05 pm – 2:52 pm +1,"Qatar Airways, American Airlines",HKT‐SAN,31h47m,3,"DOH, ORD, ...",1502,20220406-0859,best
10:21 am – 7:20 am +2,"American Airlines, Qatar Airways",SAN‐HKT,30h59m,3,"PHX, BOS, ...",9:05 pm – 1:45 pm +1,"Qatar Airways, American Airlines",HKT‐SAN,30h40m,2,"DOH, DFW",1546,20220406-0859,best
10:21 am – 7:20 am +2,"American Airlines, Qatar Airways",SAN‐HKT,30h59m,3,"PHX, DFW, ...",9:05 pm – 1:45 pm +1,"Qatar Airways, American Airlines",HKT‐SAN,30h40m,2,"DOH, DFW",1546,20220406-0859,best
10:46 am – 7:20 am +2,"American Airlines, Qatar Airways",SAN‐HKT,30h34m,2,"DFW, DOH",11:55 pm – 7:56 pm +1,"Qatar Airways, American Airlines",HKT‐SAN,34h01m,2,"DOH, ORD",1498,20220406-0859,best
9:25 am – 7:20 am +2,"Alaska Airlines, Qatar Airways",SAN‐HKT,31h55m,2,"EWR-JFK, DOH",11:55 pm – 5:58 pm +1,"Qatar Airways, Alaska Airlines",HKT‐SAN,32h03m,2,"DOH, SFO",1504,20220406-0859,best
12:40 pm – 7:20 am +2,"Alaska Airlines, Qatar Airways",SAN‐HKT,28h40m,2,"SFO, DOH",11:55 pm – 5:04 pm +1,"Qatar Airways, Alaska Airlines",HKT‐SAN,31h09m,2,"DOH, SEA",1733,20220406-0859,best
1:40 pm – 1:15 pm +2,"American Airlines, Qatar Airways",SAN‐HKT,33h35m,2,"DFW, DOH",9:05 pm – 1:45 pm +1,"Qatar Airways, American Airlines",HKT‐SAN,30h40m,2,"DOH, DFW",1542,20220406-0859,best
1:37 pm – 1:15 pm +2,"American Airlines, Qatar Airways",SAN‐HKT,33h38m,2,"ORD, DOH",9:05 pm – 1:45 pm +1,"Qatar Airways, American Airlines",HKT‐SAN,30h40m,2,"DOH, DFW",1542,20220406-0859,best
8:00 am – 7:20 am +2,"American Airlines, Qatar Airways",SAN‐HKT,33h20m,2,"DFW, DOH",9:05 pm – 1:45 pm +1,"Qatar Airways, American Airlines",HKT‐SAN,30h40m,2,"DOH, DFW",1542,20220406-0859,best
10:46 am – 7:20 am +2,"American Airlines, Qatar Airways",SAN‐HKT,30h34m,2,"DFW, DOH",9:05 pm – 3:58 pm +1,"Qatar Airways, American Airlines",HKT‐SAN,32h53m,3,"DOH, ORD, ...",1502,20220406-0859,best
9:35 am – 7:20 am +2,"American Airlines, Qatar Airways",SAN‐HKT,31h45m,2,"DFW, DOH",9:05 pm – 2:52 pm +1,"Qatar Airways, American Airlines",HKT‐SAN,31h47m,3,"DOH, ORD, ...",1502,20220406-0859,best
6:45 pm – 9:35 am +2,Singapore Airlines,SAN‐HKT,24h50m,2,"SFO, SIN",11:40 am – 11:05 pm,"Singapore Airlines, Alaska Airlines",HKT‐SAN,25h25m,2,"SIN, SFO",9148,20220406-0903,fast
6:45 pm – 9:35 am +2,Singapore Airlines,SAN‐HKT,24h50m,2,"SFO, SIN",10:25 am – 11:05 pm,"Singapore Airlines, Alaska Airlines",HKT‐SAN,26h40m,2,"SIN, SFO",9148,20220406-0903,fast
6:45 pm – 10:50 am +2,Singapore Airlines,SAN‐HKT,26h05m,2,"SFO, SIN",11:40 am – 11:05 pm,"Singapore Airlines, Alaska Airlines",HKT‐SAN,25h25m,2,"SIN, SFO",9148,20220406-0903,fast
5:05 pm – 9:35 am +2,Singapore Airlines,SAN‐HKT,26h30m,2,"SFO, SIN",11:40 am – 11:05 pm,"Singapore Airlines, Alaska Airlines",HKT‐SAN,25h25m,2,"SIN, SFO",9148,20220406-0903,fast
6:45 pm – 10:50 am +2,Singapore Airlines,SAN‐HKT,26h05m,2,"SFO, SIN",10:25 am – 11:05 pm,"Singapore Airlines, Alaska Airlines",HKT‐SAN,26h40m,2,"SIN, SFO",9148,20220406-0903,fast
5:05 pm – 10:50 am +2,Singapore Airlines,SAN‐HKT,27h45m,2,"SFO, SIN",11:40 am – 11:05 pm,"Singapore Airlines, Alaska Airlines",HKT‐SAN,25h25m,2,"SIN, SFO",9148,20220406-0903,fast
5:05 pm – 9:35 am +2,Singapore Airlines,SAN‐HKT,26h30m,2,"SFO, SIN",10:25 am – 11:05 pm,"Singapore Airlines, Alaska Airlines",HKT‐SAN,26h40m,2,"SIN, SFO",9148,20220406-0903,fast
5:05 pm – 10:50 am +2,Singapore Airlines,SAN‐HKT,27h45m,2,"SFO, SIN",10:25 am – 11:05 pm,"Singapore Airlines, Alaska Airlines",HKT‐SAN,26h40m,2,"SIN, SFO",9148,20220406-0903,fast
6:45 pm – 9:35 am +2,Singapore Airlines,SAN‐HKT,24h50m,2,"SFO, SIN",12:10 am – 6:45 pm,"Emirates, Alaska Airlines",HKT‐SAN,32h35m,2,"DXB, SEA",9937,20220406-0903,fast
6:45 pm – 5:10 pm +2,Singapore Airlines,SAN‐HKT,32h25m,2,"SFO, SIN",11:40 am – 11:05 pm,"Singapore Airlines, Alaska Airlines",HKT‐SAN,25h25m,2,"SIN, SFO",9148,20220406-0903,fast
6:45 pm – 9:35 am +2,Singapore Airlines,SAN‐HKT,24h50m,2,"SFO, SIN",11:40 am – 7:30 am +1,Singapore Airlines,HKT‐SAN,33h50m,2,"SIN, SFO",9148,20220406-0903,fast
6:45 pm – 10:50 am +2,Singapore Airlines,SAN‐HKT,26h05m,2,"SFO, SIN",12:10 am – 6:45 pm,"Emirates, Alaska Airlines",HKT‐SAN,32h35m,2,"DXB, SEA",11552,20220406-0903,fast
7:00 pm – 1:15 pm +2,"British Airways, Qatar Airways",SAN‐HKT,28h15m,2,"LHR, DOH",9:05 pm – 1:45 pm +1,"Qatar Airways, American Airlines",HKT‐SAN,30h40m,2,"DOH, DFW",3313,20220406-0903,fast
7:00 pm – 1:15 pm +2,"British Airways, Qatar Airways",SAN‐HKT,28h15m,2,"LHR, DOH",9:05 pm – 1:45 pm +1,"Qatar Airways, American Airlines",HKT‐SAN,30h40m,2,"DOH, DFW",3313,20220406-0903,fast
6:45 pm – 5:10 pm +2,Singapore Airlines,SAN‐HKT,32h25m,2,"SFO, SIN",10:25 am – 11:05 pm,"Singapore Airlines, Alaska Airlines",HKT‐SAN,26h40m,2,"SIN, SFO",9148,20220406-0903,fast
