Out Time,Out Airline,Out Cities,Out Duration,Out Stops,Out Stop Cities,Return Time,Return Airline,Return Cities,Return Duration,Return Stops,Return Stop Cities,Price,timestamp,sort
10:25 pm – 7:20 pm +3,Singapore Airlines,SAN‐HKT,54h55m,2,"SFO, SIN",8:10 pm – 1:23 pm +1,"Singapore Airlines, Alaska Airlines",HKT‐SAN,31h13m,2,"SIN, SFO",1401,20220406-1322,cheap
10:25 pm – 7:20 pm +3,Singapore Airlines,SAN‐HKT,54h55m,2,"SFO, SIN",6:10 pm – 1:23 pm +1,"Singapore Airlines, Alaska Airlines",HKT‐SAN,33h13m,2,"SIN, SFO",1401,20220406-1322,cheap
11:00 pm – 10:55 am +3,Multiple Airlines,SAN‐HKT,45h55m,3,"JFK, NRT-HND, ...",11:55 am – 8:20 am +1,Multiple Airlines,HKT‐SAN,34h25m,3,"SGN, SIN, ...",1421,20220406-1322,cheap
8:45 pm – 6:55 am +3,"Alaska Airlines, Qatar Airways",SAN‐HKT,44h10m,2,"SEA, DOH",11:55 pm – 5:06 pm +1,"Qatar Airways, Alaska Airlines",HKT‐SAN,31h11m,2,"DOH, SEA",1516,20220406-1322,cheap
8:45 pm – 6:55 am +3,"Alaska Airlines, Qatar Airways",SAN‐HKT,44h10m,2,"SEA, DOH",11:55 pm – 6:59 pm +1,"Qatar Airways, Alaska Airlines",HKT‐SAN,33h04m,2,"DOH, SEA",1516,20220406-1322,cheap
4:55 pm – 6:55 am +3,"Alaska Airlines, Qatar Airways",SAN‐HKT,48h00m,2,"SEA, DOH",11:55 pm – 5:06 pm +1,"Qatar Airways, Alaska Airlines",HKT‐SAN,31h11m,2,"DOH, SEA",1516,20220406-1322,cheap
3:45 pm – 6:55 am +3,"Alaska Airlines, Qatar Airways",SAN‐HKT,49h10m,2,"SEA, DOH",11:55 pm – 5:06 pm +1,"Qatar Airways, Alaska Airlines",HKT‐SAN,31h11m,2,"DOH, SEA",1516,20220406-1322,cheap
8:45 pm – 6:55 am +3,"Alaska Airlines, Qatar Airways",SAN‐HKT,44h10m,2,"SEA, DOH",11:55 pm – 10:18 pm +1,"Qatar Airways, Alaska Airlines",HKT‐SAN,36h23m,2,"DOH, SEA",1516,20220406-1322,cheap
4:55 pm – 6:55 am +3,"Alaska Airlines, Qatar Airways",SAN‐HKT,48h00m,2,"SEA, DOH",11:55 pm – 6:59 pm +1,"Qatar Airways, Alaska Airlines",HKT‐SAN,33h04m,2,"DOH, SEA",1516,20220406-1322,cheap
3:45 pm – 6:55 am +3,"Alaska Airlines, Qatar Airways",SAN‐HKT,49h10m,2,"SEA, DOH",11:55 pm – 6:59 pm +1,"Qatar Airways, Alaska Airlines",HKT‐SAN,33h04m,2,"DOH, SEA",1516,20220406-1322,cheap
8:45 pm – 1:15 pm +3,"Alaska Airlines, Qatar Airways",SAN‐HKT,50h30m,2,"SEA, DOH",11:55 pm – 6:59 pm +1,"Qatar Airways, Alaska Airlines",HKT‐SAN,33h04m,2,"DOH, SEA",1516,20220406-1322,cheap
4:55 pm – 6:55 am +3,"Alaska Airlines, Qatar Airways",SAN‐HKT,48h00m,2,"SEA, DOH",11:55 pm – 10:18 pm +1,"Qatar Airways, Alaska Airlines",HKT‐SAN,36h23m,2,"DOH, SEA",1516,20220406-1322,cheap
3:45 pm – 6:55 am +3,"Alaska Airlines, Qatar Airways",SAN‐HKT,49h10m,2,"SEA, DOH",11:55 pm – 10:18 pm +1,"Qatar Airways, Alaska Airlines",HKT‐SAN,36h23m,2,"DOH, SEA",1516,20220406-1322,cheap
8:45 pm – 1:15 pm +3,"Alaska Airlines, Qatar Airways",SAN‐HKT,50h30m,2,"SEA, DOH",11:55 pm – 10:18 pm +1,"Qatar Airways, Alaska Airlines",HKT‐SAN,36h23m,2,"DOH, SEA",1516,20220406-1322,cheap
8:45 pm – 6:55 am +3,"Alaska Airlines, Qatar Airways",SAN‐HKT,44h10m,2,"SEA, DOH",11:55 pm – 11:38 pm +1,"Qatar Airways, Alaska Airlines",HKT‐SAN,37h43m,2,"DOH, SEA",1524,20220406-1322,cheap
8:22 pm – 7:20 pm +2,"JetBlue, Singapore Airlines",SAN‐HKT,32h58m,2,"JFK-EWR, SIN",8:10 pm – 1:23 pm +1,"Singapore Airlines, Alaska Airlines",HKT‐SAN,31h13m,2,"SIN, SFO",1809,20220406-1319,best
10:25 pm – 7:20 pm +3,Singapore Airlines,SAN‐HKT,54h55m,2,"SFO, SIN",8:10 pm – 1:23 pm +1,"Singapore Airlines, Alaska Airlines",HKT‐SAN,31h13m,2,"SIN, SFO",1401,20220406-1319,best
1:00 pm – 1:15 pm +2,"Alaska Airlines, Qatar Airways",SAN‐HKT,34h15m,2,"SEA, DOH",11:55 pm – 5:06 pm +1,"Qatar Airways, Alaska Airlines",HKT‐SAN,31h11m,2,"DOH, SEA",1671,20220406-1319,best
8:22 pm – 7:20 pm +2,"JetBlue, Singapore Airlines",SAN‐HKT,32h58m,2,"JFK-EWR, SIN",6:10 pm – 1:23 pm +1,Singapore Airlines,HKT‐SAN,33h13m,2,"SIN, SFO",1809,20220406-1319,best
1:00 pm – 1:15 pm +2,"Alaska Airlines, Qatar Airways",SAN‐HKT,34h15m,2,"SEA, DOH",11:55 pm – 6:59 pm +1,"Qatar Airways, Alaska Airlines",HKT‐SAN,33h04m,2,"DOH, SEA",1671,20220406-1319,best
1:00 pm – 1:15 pm +2,"Alaska Airlines, Qatar Airways",SAN‐HKT,34h15m,2,"SEA, DOH",11:55 pm – 5:42 pm +1,"Qatar Airways, Alaska Airlines",HKT‐SAN,31h47m,2,"DOH, SFO",1756,20220406-1319,best
8:22 pm – 7:20 pm +2,"JetBlue, Singapore Airlines",SAN‐HKT,32h58m,2,"JFK-EWR, SIN",11:40 am – 11:58 pm,Singapore Airlines,HKT‐SAN,26h18m,2,"SIN, SFO",2217,20220406-1319,best
8:22 pm – 7:20 pm +2,"JetBlue, Singapore Airlines",SAN‐HKT,32h58m,2,"JFK-EWR, SIN",10:25 am – 11:58 pm,Singapore Airlines,HKT‐SAN,27h33m,2,"SIN, SFO",2217,20220406-1319,best
1:00 pm – 1:15 pm +2,"Alaska Airlines, Qatar Airways",SAN‐HKT,34h15m,2,"SEA, DOH",9:05 pm – 5:06 pm +1,Qatar Airways,HKT‐SAN,34h01m,2,"DOH, SEA",1681,20220406-1319,best
10:55 am – 1:15 pm +2,Qatar Airways,SAN‐HKT,36h20m,2,"SFO, DOH",11:55 pm – 5:06 pm +1,Qatar Airways,HKT‐SAN,31h11m,2,"DOH, SEA",1742,20220406-1319,best
8:22 pm – 7:20 pm +2,"JetBlue, Singapore Airlines",SAN‐HKT,32h58m,2,"JFK-EWR, SIN",8:10 pm – 5:42 pm +1,"Singapore Airlines, Alaska Airlines",HKT‐SAN,35h32m,2,"SIN, SFO",1809,20220406-1319,best
1:00 pm – 1:15 pm +2,"Alaska Airlines, Qatar Airways",SAN‐HKT,34h15m,2,"SEA, DOH",11:55 pm – 6:57 pm +1,"Qatar Airways, Alaska Airlines",HKT‐SAN,33h02m,2,"DOH, SFO",1809,20220406-1319,best
6:15 am – 10:50 am +2,"Alaska Airlines, Singapore Airlines",SAN‐HKT,38h35m,3,"SEA, YVR, ...",8:10 pm – 1:23 pm +1,"Singapore Airlines, Alaska Airlines",HKT‐SAN,31h13m,2,"SIN, SFO",1666,20220406-1319,best
5:25 pm – 7:05 pm +2,"Lufthansa, Bangkok Airways",SAN‐HKT,35h40m,2,"MUC, BKK",7:40 pm – 3:35 pm +1,"THAI Smile, Lufthansa",HKT‐SAN,33h55m,2,"BKK, MUC",1821,20220406-1319,best
10:55 am – 1:15 pm +2,Qatar Airways,SAN‐HKT,36h20m,2,"SFO, DOH",11:55 pm – 6:59 pm +1,Qatar Airways,HKT‐SAN,33h04m,2,"DOH, SEA",1742,20220406-1319,best
1:00 pm – 1:15 pm +2,Qatar Airways,SAN‐HKT,34h15m,2,"SEA, DOH",9:05 pm – 6:59 pm +1,Qatar Airways,HKT‐SAN,35h54m,2,"DOH, SEA",1719,20220406-1319,best
7:45 pm – 10:55 am +2,Multiple Airlines,SAN‐HKT,25h10m,2,"SFO, SGN",11:55 am – 11:58 pm,Multiple Airlines,HKT‐SAN,26h03m,2,"SGN, SFO",1973,20220406-1324,fast
6:05 pm – 9:35 am +2,"Alaska Airlines, Singapore Airlines",SAN‐HKT,25h30m,2,"SFO, SIN",11:40 am – 11:58 pm,"Singapore Airlines, Alaska Airlines",HKT‐SAN,26h18m,2,"SIN, SFO",3147,20220406-1324,fast
5:20 pm – 10:55 am +2,Multiple Airlines,SAN‐HKT,27h35m,2,"SJC-SFO, SGN",12:45 pm – 11:58 pm,Multiple Airlines,HKT‐SAN,25h13m,3,"BKK, SGN, ...",1949,20220406-1324,fast
6:05 pm – 9:35 am +2,Singapore Airlines,SAN‐HKT,25h30m,2,"SFO, SIN",10:25 am – 11:58 pm,Singapore Airlines,HKT‐SAN,27h33m,2,"SIN, SFO",3147,20220406-1324,fast
6:05 pm – 10:50 am +2,Singapore Airlines,SAN‐HKT,26h45m,2,"SFO, SIN",11:40 am – 11:58 pm,"Singapore Airlines, Alaska Airlines",HKT‐SAN,26h18m,2,"SIN, SFO",3147,20220406-1324,fast
7:45 pm – 10:55 am +2,Multiple Airlines,SAN‐HKT,25h10m,2,"SFO, SGN",9:00 am – 11:58 pm,Multiple Airlines,HKT‐SAN,28h58m,3,"BKK, MNL, ...",2115,20220406-1324,fast
6:05 pm – 10:50 am +2,Singapore Airlines,SAN‐HKT,26h45m,2,"SFO, SIN",10:25 am – 11:58 pm,Singapore Airlines,HKT‐SAN,27h33m,2,"SIN, SFO",3147,20220406-1324,fast
2:35 pm – 9:35 am +2,Singapore Airlines,SAN‐HKT,29h00m,2,"SFO, SIN",11:40 am – 11:58 pm,"Singapore Airlines, Alaska Airlines",HKT‐SAN,26h18m,2,"SIN, SFO",3147,20220406-1324,fast
2:35 pm – 9:35 am +2,Singapore Airlines,SAN‐HKT,29h00m,2,"SFO, SIN",10:25 am – 11:58 pm,"Singapore Airlines, Alaska Airlines",HKT‐SAN,27h33m,2,"SIN, SFO",3147,20220406-1324,fast
2:35 pm – 10:50 am +2,Singapore Airlines,SAN‐HKT,30h15m,2,"SFO, SIN",11:40 am – 11:58 pm,"Singapore Airlines, Alaska Airlines",HKT‐SAN,26h18m,2,"SIN, SFO",3147,20220406-1324,fast
1:15 pm – 9:35 am +2,"Alaska Airlines, Singapore Airlines",SAN‐HKT,30h20m,2,"SFO, SIN",11:40 am – 11:58 pm,"Singapore Airlines, Alaska Airlines",HKT‐SAN,26h18m,2,"SIN, SFO",3147,20220406-1324,fast
2:35 pm – 10:50 am +2,"Alaska Airlines, Singapore Airlines",SAN‐HKT,30h15m,2,"SFO, SIN",10:25 am – 11:58 pm,"Singapore Airlines, Alaska Airlines",HKT‐SAN,27h33m,2,"SIN, SFO",3147,20220406-1324,fast
1:15 pm – 9:35 am +2,"Alaska Airlines, Singapore Airlines",SAN‐HKT,30h20m,2,"SFO, SIN",10:25 am – 11:58 pm,"Singapore Airlines, Alaska Airlines",HKT‐SAN,27h33m,2,"SIN, SFO",3147,20220406-1324,fast
1:15 pm – 10:50 am +2,"Alaska Airlines, Singapore Airlines",SAN‐HKT,31h35m,2,"SFO, SIN",11:40 am – 11:58 pm,"Singapore Airlines, Alaska Airlines",HKT‐SAN,26h18m,2,"SIN, SFO",3147,20220406-1324,fast
7:45 pm – 10:55 am +2,Multiple Airlines,SAN‐HKT,25h10m,2,"SFO, SGN",6:45 pm – 1:39 pm +1,"Thai Vietjet Air, Korean Air",HKT‐SAN,32h54m,3,"BKK, ICN, ...",2118,20220406-1324,fast
