Out Time,Out Airline,Out Cities,Out Duration,Out Stops,Out Stop Cities,Return Time,Return Airline,Return Cities,Return Duration,Return Stops,Return Stop Cities,Price,timestamp,sort
7:00 am – 7:20 am +3,"Alaska Airlines, Qatar Airways",SAN‐HKT,58h20m,3,"SJC, LAX, ...",11:55 pm – 8:31 am +2,"Qatar Airways, Spirit Airlines",HKT‐SAN,46h36m,3,"DOH, LAX, ...",1329,20220406-0909,cheap
10:46 am – 7:20 am +2,"American Airlines, Qatar Airways",SAN‐HKT,30h34m,2,"DFW, DOH",11:55 pm – 7:56 pm +1,"Qatar Airways, American Airlines",HKT‐SAN,34h01m,2,"DOH, ORD",1458,20220406-0909,cheap
9:35 am – 7:20 am +2,"American Airlines, Qatar Airways",SAN‐HKT,31h45m,2,"DFW, DOH",11:55 pm – 7:56 pm +1,"Qatar Airways, American Airlines",HKT‐SAN,34h01m,2,"DOH, ORD",1458,20220406-0909,cheap
2:40 pm – 1:15 pm +2,"American Airlines, Qatar Airways",SAN‐HKT,32h35m,2,"DFW, DOH",11:55 pm – 7:56 pm +1,"Qatar Airways, American Airlines",HKT‐SAN,34h01m,2,"DOH, ORD",1458,20220406-0909,cheap
8:00 am – 7:20 am +2,"American Airlines, Qatar Airways",SAN‐HKT,33h20m,2,"DFW, DOH",11:55 pm – 7:56 pm +1,"Qatar Airways, American Airlines",HKT‐SAN,34h01m,2,"DOH, ORD",1458,20220406-0909,cheap
10:46 am – 7:20 am +2,"American Airlines, Qatar Airways",SAN‐HKT,30h34m,2,"DFW, DOH",11:55 pm – 10:45 pm +1,"Qatar Airways, American Airlines",HKT‐SAN,36h50m,2,"DOH, MIA",1458,20220406-0909,cheap
1:40 pm – 1:15 pm +2,"American Airlines, Qatar Airways",SAN‐HKT,33h35m,2,"DFW, DOH",11:55 pm – 7:56 pm +1,"Qatar Airways, American Airlines",HKT‐SAN,34h01m,2,"DOH, ORD",1458,20220406-0909,cheap
1:37 pm – 1:15 pm +2,"American Airlines, Qatar Airways",SAN‐HKT,33h38m,2,"ORD, DOH",11:55 pm – 7:56 pm +1,"Qatar Airways, American Airlines",HKT‐SAN,34h01m,2,"DOH, ORD",1458,20220406-0909,cheap
7:00 am – 7:20 am +2,"American Airlines, Qatar Airways",SAN‐HKT,34h20m,2,"DFW, DOH",11:55 pm – 7:56 pm +1,"Qatar Airways, American Airlines",HKT‐SAN,34h01m,2,"DOH, ORD",1458,20220406-0909,cheap
12:52 pm – 1:15 pm +2,"American Airlines, Qatar Airways",SAN‐HKT,34h23m,2,"DFW, DOH",11:55 pm – 7:56 pm +1,"Qatar Airways, American Airlines",HKT‐SAN,34h01m,2,"DOH, ORD",1458,20220406-0909,cheap
9:35 am – 7:20 am +2,"American Airlines, Qatar Airways",SAN‐HKT,31h45m,2,"DFW, DOH",11:55 pm – 10:45 pm +1,"Qatar Airways, American Airlines",HKT‐SAN,36h50m,2,"DOH, MIA",1458,20220406-0909,cheap
6:35 am – 7:20 am +2,"American Airlines, Qatar Airways",SAN‐HKT,34h45m,2,"PHL, DOH",11:55 pm – 7:56 pm +1,"Qatar Airways, American Airlines",HKT‐SAN,34h01m,2,"DOH, ORD",1458,20220406-0909,cheap
6:30 am – 7:20 am +2,"American Airlines, Qatar Airways",SAN‐HKT,34h50m,2,"ORD, DOH",11:55 pm – 7:56 pm +1,"Qatar Airways, American Airlines",HKT‐SAN,34h01m,2,"DOH, ORD",1458,20220406-0909,cheap
6:15 am – 7:20 am +2,"American Airlines, Qatar Airways",SAN‐HKT,35h05m,2,"DFW, DOH",11:55 pm – 7:56 pm +1,"Qatar Airways, American Airlines",HKT‐SAN,34h01m,2,"DOH, ORD",1458,20220406-0909,cheap
2:40 pm – 1:15 pm +2,"American Airlines, Qatar Airways",SAN‐HKT,32h35m,2,"DFW, DOH",11:55 pm – 10:45 pm +1,"Qatar Airways, American Airlines",HKT‐SAN,36h50m,2,"DOH, MIA",1458,20220406-0909,cheap
10:46 am – 7:20 am +2,"American Airlines, Qatar Airways",SAN‐HKT,30h34m,2,"DFW, DOH",11:55 pm – 7:56 pm +1,"Qatar Airways, American Airlines",HKT‐SAN,34h01m,2,"DOH, ORD",1458,20220406-0906,best
9:35 am – 7:20 am +2,"American Airlines, Qatar Airways",SAN‐HKT,31h45m,2,"DFW, DOH",11:55 pm – 7:56 pm +1,"Qatar Airways, American Airlines",HKT‐SAN,34h01m,2,"DOH, ORD",1458,20220406-0906,best
2:40 pm – 1:15 pm +2,"American Airlines, Qatar Airways",SAN‐HKT,32h35m,2,"DFW, DOH",11:55 pm – 7:56 pm +1,"Qatar Airways, American Airlines",HKT‐SAN,34h01m,2,"DOH, ORD",1458,20220406-0906,best
10:21 am – 7:20 am +2,"American Airlines, Qatar Airways",SAN‐HKT,30h59m,3,"PHX, BOS, ...",11:55 pm – 7:56 pm +1,"Qatar Airways, American Airlines",HKT‐SAN,34h01m,2,"DOH, ORD",1462,20220406-0906,best
10:21 am – 7:20 am +2,"American Airlines, Qatar Airways",SAN‐HKT,30h59m,3,"PHX, DFW, ...",11:55 pm – 7:56 pm +1,"Qatar Airways, American Airlines",HKT‐SAN,34h01m,2,"DOH, ORD",1462,20220406-0906,best
10:21 am – 7:20 am +2,"American Airlines, Qatar Airways",SAN‐HKT,30h59m,3,"PHX, PHL, ...",11:55 pm – 7:56 pm +1,"Qatar Airways, American Airlines",HKT‐SAN,34h01m,2,"DOH, ORD",1462,20220406-0906,best
12:40 pm – 7:20 am +2,"Alaska Airlines, Qatar Airways",SAN‐HKT,28h40m,2,"SFO, DOH",11:55 pm – 5:58 pm +1,"Qatar Airways, Alaska Airlines",HKT‐SAN,32h03m,2,"DOH, SFO",1633,20220406-0906,best
1:40 pm – 1:15 pm +2,"American Airlines, Qatar Airways",SAN‐HKT,33h35m,2,"DFW, DOH",11:55 pm – 7:56 pm +1,"Qatar Airways, American Airlines",HKT‐SAN,34h01m,2,"DOH, ORD",1458,20220406-0906,best
1:37 pm – 1:15 pm +2,"American Airlines, Qatar Airways",SAN‐HKT,33h38m,2,"ORD, DOH",11:55 pm – 7:56 pm +1,"Qatar Airways, American Airlines",HKT‐SAN,34h01m,2,"DOH, ORD",1458,20220406-0906,best
10:46 am – 7:20 am +2,"American Airlines, Qatar Airways",SAN‐HKT,30h34m,2,"DFW, DOH",11:55 pm – 10:45 pm +1,"Qatar Airways, American Airlines",HKT‐SAN,36h50m,2,"DOH, MIA",1458,20220406-0906,best
9:35 am – 7:20 am +2,"American Airlines, Qatar Airways",SAN‐HKT,31h45m,3,"DFW, BOS, ...",11:55 pm – 7:56 pm +1,"Qatar Airways, American Airlines",HKT‐SAN,34h01m,2,"DOH, ORD",1462,20220406-0906,best
10:46 am – 7:20 am +2,"American Airlines, Qatar Airways",SAN‐HKT,30h34m,2,"DFW, DOH",11:55 pm – 9:15 pm +1,"Qatar Airways, American Airlines",HKT‐SAN,35h20m,3,"DOH, JFK, ...",1462,20220406-0906,best
8:00 am – 7:20 am +2,"American Airlines, Qatar Airways",SAN‐HKT,33h20m,2,"DFW, DOH",11:55 pm – 7:56 pm +1,"Qatar Airways, American Airlines",HKT‐SAN,34h01m,2,"DOH, ORD",1458,20220406-0906,best
10:46 am – 7:20 am +2,"American Airlines, Qatar Airways",SAN‐HKT,30h34m,2,"DFW, DOH",11:55 pm – 9:27 pm +1,"Qatar Airways, American Airlines",HKT‐SAN,35h32m,3,"DOH, ORD, ...",1462,20220406-0906,best
10:46 am – 7:20 am +2,"American Airlines, Qatar Airways",SAN‐HKT,30h34m,2,"DFW, DOH",11:55 pm – 9:27 pm +1,"Qatar Airways, American Airlines",HKT‐SAN,35h32m,3,"DOH, BOS, ...",1462,20220406-0906,best
6:45 pm – 9:35 am +2,Singapore Airlines,SAN‐HKT,24h50m,2,"SFO, SIN",11:40 am – 11:05 pm,Singapore Airlines,HKT‐SAN,25h25m,2,"SIN, SFO",5738,20220406-0911,fast
6:45 pm – 9:35 am +2,Singapore Airlines,SAN‐HKT,24h50m,2,"SFO, SIN",10:25 am – 11:05 pm,Singapore Airlines,HKT‐SAN,26h40m,2,"SIN, SFO",5738,20220406-0911,fast
6:45 pm – 10:50 am +2,Singapore Airlines,SAN‐HKT,26h05m,2,"SFO, SIN",11:40 am – 11:05 pm,Singapore Airlines,HKT‐SAN,25h25m,2,"SIN, SFO",6026,20220406-0911,fast
5:05 pm – 9:35 am +2,Singapore Airlines,SAN‐HKT,26h30m,2,"SFO, SIN",11:40 am – 11:05 pm,Singapore Airlines,HKT‐SAN,25h25m,2,"SIN, SFO",6673,20220406-0911,fast
6:45 pm – 10:50 am +2,Singapore Airlines,SAN‐HKT,26h05m,2,"SFO, SIN",10:25 am – 11:05 pm,Singapore Airlines,HKT‐SAN,26h40m,2,"SIN, SFO",6026,20220406-0911,fast
5:05 pm – 10:50 am +2,Singapore Airlines,SAN‐HKT,27h45m,2,"SFO, SIN",11:40 am – 11:05 pm,Singapore Airlines,HKT‐SAN,25h25m,2,"SIN, SFO",6673,20220406-0911,fast
12:40 pm – 7:20 am +2,Qatar Airways,SAN‐HKT,28h40m,2,"SFO, DOH",11:40 am – 11:05 pm,Singapore Airlines,HKT‐SAN,25h25m,2,"SIN, SFO",4403,20220406-0911,fast
12:40 pm – 7:20 am +2,Qatar Airways,SAN‐HKT,28h40m,2,"SFO, DOH",10:25 am – 11:05 pm,Singapore Airlines,HKT‐SAN,26h40m,2,"SIN, SFO",4403,20220406-0911,fast
6:45 pm – 9:35 am +2,Singapore Airlines,SAN‐HKT,24h50m,2,"SFO, SIN",8:10 pm – 1:28 pm +1,Singapore Airlines,HKT‐SAN,31h18m,2,"SIN, SFO",5537,20220406-0911,fast
10:20 am – 7:20 am +2,Qatar Airways,SAN‐HKT,31h00m,2,"SFO, DOH",11:40 am – 11:05 pm,Singapore Airlines,HKT‐SAN,25h25m,2,"SIN, SFO",4507,20220406-0911,fast
9:45 pm – 7:20 pm +2,"JetBlue, Singapore Airlines",SAN‐HKT,31h35m,2,"EWR, SIN",11:40 am – 11:05 pm,Singapore Airlines,HKT‐SAN,25h25m,2,"SIN, SFO",3658,20220406-0911,fast
6:45 pm – 9:35 am +2,Singapore Airlines,SAN‐HKT,24h50m,2,"SFO, SIN",8:10 pm – 2:28 pm +1,Singapore Airlines,HKT‐SAN,32h18m,2,"SIN, SFO",5537,20220406-0911,fast
10:20 am – 7:20 am +2,Qatar Airways,SAN‐HKT,31h00m,2,"SFO, DOH",10:25 am – 11:05 pm,Singapore Airlines,HKT‐SAN,26h40m,2,"SIN, SFO",4507,20220406-0911,fast
5:05 pm – 9:35 am +2,Singapore Airlines,SAN‐HKT,26h30m,2,"SFO, SIN",8:10 pm – 1:28 pm +1,Singapore Airlines,HKT‐SAN,31h18m,2,"SIN, SFO",8646,20220406-0911,fast
6:45 pm – 9:35 am +2,Singapore Airlines,SAN‐HKT,24h50m,2,"SFO, SIN",6:10 pm – 1:28 pm +1,Singapore Airlines,HKT‐SAN,33h18m,2,"SIN, SFO",5537,20220406-0911,fast
