Out Time,Out Airline,Out Cities,Out Duration,Out Stops,Out Stop Cities,Return Time,Return Airline,Return Cities,Return Duration,Return Stops,Return Stop Cities,Price,timestamp,sort
11:00 pm – 1:15 pm +3,Qatar Airways,SAN‐HKT,48h15m,2,"JFK, DOH",11:55 pm – 11:59 pm +1,Qatar Airways,HKT‐SAN,38h04m,2,"DOH, SEA",2083,20220406-1659,cheap
11:00 pm – 1:15 pm +3,Qatar Airways,SAN‐HKT,48h15m,2,"JFK, DOH",11:55 pm – 8:50 am +2,"Qatar Airways, Alaska Airlines",HKT‐SAN,46h55m,2,"DOH, SEA",2116,20220406-1659,cheap
7:00 am – 6:55 am +2,Qatar Airways,SAN‐HKT,33h55m,2,"JFK, DOH",11:55 pm – 11:59 pm +1,Qatar Airways,HKT‐SAN,38h04m,2,"DOH, SEA",2123,20220406-1659,cheap
12:30 pm – 6:55 am +2,"Alaska Airlines, Qatar Airways",SAN‐HKT,28h25m,2,"SFO, DOH",9:05 pm – 9:33 pm +1,"Qatar Airways, Alaska Airlines",HKT‐SAN,38h28m,2,"DOH, JFK-EWR",2131,20220406-1659,cheap
10:20 am – 6:55 am +2,"Alaska Airlines, Qatar Airways",SAN‐HKT,30h35m,2,"SFO, DOH",9:05 pm – 9:33 pm +1,"Qatar Airways, Alaska Airlines",HKT‐SAN,38h28m,2,"DOH, JFK-EWR",2131,20220406-1659,cheap
8:25 am – 6:55 am +2,"Alaska Airlines, Qatar Airways",SAN‐HKT,32h30m,2,"SFO, DOH",9:05 pm – 9:33 pm +1,"Qatar Airways, Alaska Airlines",HKT‐SAN,38h28m,2,"DOH, JFK-EWR",2131,20220406-1659,cheap
6:25 am – 6:55 am +2,"Alaska Airlines, Qatar Airways",SAN‐HKT,34h30m,2,"SFO, DOH",9:05 pm – 9:33 pm +1,"Qatar Airways, Alaska Airlines",HKT‐SAN,38h28m,2,"DOH, JFK-EWR",2131,20220406-1659,cheap
12:30 pm – 1:15 pm +2,"Alaska Airlines, Qatar Airways",SAN‐HKT,34h45m,2,"SFO, DOH",9:05 pm – 9:33 pm +1,"Qatar Airways, Alaska Airlines",HKT‐SAN,38h28m,2,"DOH, JFK-EWR",2131,20220406-1659,cheap
10:20 am – 1:15 pm +2,"Alaska Airlines, Qatar Airways",SAN‐HKT,36h55m,2,"SFO, DOH",9:05 pm – 9:33 pm +1,"Qatar Airways, Alaska Airlines",HKT‐SAN,38h28m,2,"DOH, JFK-EWR",2131,20220406-1659,cheap
8:25 am – 1:15 pm +2,"Alaska Airlines, Qatar Airways",SAN‐HKT,38h50m,2,"SFO, DOH",9:05 pm – 9:33 pm +1,"Qatar Airways, Alaska Airlines",HKT‐SAN,38h28m,2,"DOH, JFK-EWR",2131,20220406-1659,cheap
7:00 am – 6:55 am +2,"Alaska Airlines, Qatar Airways",SAN‐HKT,33h55m,2,"JFK, DOH",9:05 pm – 9:33 pm +1,"Qatar Airways, Alaska Airlines",HKT‐SAN,38h28m,2,"DOH, JFK-EWR",2139,20220406-1659,cheap
7:00 am – 1:15 pm +2,"Alaska Airlines, Qatar Airways",SAN‐HKT,40h15m,2,"JFK, DOH",9:05 pm – 9:33 pm +1,"Qatar Airways, Alaska Airlines",HKT‐SAN,38h28m,2,"DOH, JFK-EWR",2139,20220406-1659,cheap
12:30 pm – 6:55 am +2,"Alaska Airlines, Qatar Airways",SAN‐HKT,28h25m,2,"SFO, DOH",11:55 pm – 11:59 pm +1,Qatar Airways,HKT‐SAN,38h04m,2,"DOH, SEA",2140,20220406-1659,cheap
10:20 am – 6:55 am +2,"Alaska Airlines, Qatar Airways",SAN‐HKT,30h35m,2,"SFO, DOH",11:55 pm – 11:59 pm +1,Qatar Airways,HKT‐SAN,38h04m,2,"DOH, SEA",2140,20220406-1659,cheap
8:25 am – 6:55 am +2,"Alaska Airlines, Qatar Airways",SAN‐HKT,32h30m,2,"SFO, DOH",11:55 pm – 11:59 pm +1,Qatar Airways,HKT‐SAN,38h04m,2,"DOH, SEA",2140,20220406-1659,cheap
12:30 pm – 6:55 am +2,"Alaska Airlines, Qatar Airways",SAN‐HKT,28h25m,2,"SFO, DOH",10:25 am – 11:49 pm,Singapore Airlines,HKT‐SAN,27h24m,2,"SIN, SFO",2739,20220406-1657,best
11:00 pm – 1:15 pm +3,Qatar Airways,SAN‐HKT,48h15m,2,"JFK, DOH",11:55 pm – 11:59 pm +1,Qatar Airways,HKT‐SAN,38h04m,2,"DOH, SEA",2083,20220406-1657,best
12:30 pm – 6:55 am +2,"Alaska Airlines, Qatar Airways",SAN‐HKT,28h25m,2,"SFO, DOH",11:55 pm – 6:52 pm +1,Qatar Airways,HKT‐SAN,32h57m,2,"DOH, SFO",2286,20220406-1657,best
5:15 pm – 9:35 am +2,Singapore Airlines,SAN‐HKT,26h20m,2,"SFO, SIN",11:40 am – 11:49 pm,Singapore Airlines,HKT‐SAN,26h09m,2,"SIN, SFO",3108,20220406-1657,best
12:30 pm – 6:55 am +2,"Alaska Airlines, Qatar Airways",SAN‐HKT,28h25m,2,"SFO, DOH",12:10 am – 6:52 pm,"Emirates, Alaska Airlines",HKT‐SAN,32h42m,2,"DXB, SFO",2352,20220406-1657,best
12:30 pm – 6:55 am +2,"Alaska Airlines, Qatar Airways",SAN‐HKT,28h25m,2,"SFO, DOH",11:55 pm – 8:23 pm +1,"Qatar Airways, Alaska Airlines",HKT‐SAN,34h28m,2,"DOH, SEA",2238,20220406-1657,best
12:40 pm – 6:55 am +2,"American Airlines, Qatar Airways",SAN‐HKT,28h15m,2,"DFW, DOH",11:55 pm – 7:35 pm +1,"Qatar Airways, American Airlines",HKT‐SAN,33h40m,2,"DOH, ORD",2356,20220406-1657,best
8:25 pm – 7:20 pm +2,Singapore Airlines,SAN‐HKT,32h55m,2,"SEA, SIN",8:10 pm – 3:02 pm +1,Singapore Airlines,HKT‐SAN,32h52m,2,"SIN, SFO",2276,20220406-1657,best
12:30 pm – 6:55 am +2,"Alaska Airlines, Qatar Airways",SAN‐HKT,28h25m,2,"SFO, DOH",9:05 pm – 2:27 pm +1,"Qatar Airways, American Airlines",HKT‐SAN,31h22m,2,"DOH, DFW",2513,20220406-1657,best
12:30 pm – 6:55 am +2,Qatar Airways,SAN‐HKT,28h25m,2,"SFO, DOH",11:40 am – 11:49 pm,Singapore Airlines,HKT‐SAN,26h09m,2,"SIN, SFO",3035,20220406-1657,best
10:20 am – 6:55 am +2,"Alaska Airlines, Qatar Airways",SAN‐HKT,30h35m,2,"SFO, DOH",11:55 pm – 6:52 pm +1,Qatar Airways,HKT‐SAN,32h57m,2,"DOH, SFO",2286,20220406-1657,best
5:15 pm – 9:35 am +2,Singapore Airlines,SAN‐HKT,26h20m,2,"SFO, SIN",10:25 am – 11:49 pm,Singapore Airlines,HKT‐SAN,27h24m,2,"SIN, SFO",3152,20220406-1657,best
5:15 pm – 10:50 am +2,Singapore Airlines,SAN‐HKT,27h35m,2,"SFO, SIN",11:40 am – 11:49 pm,Singapore Airlines,HKT‐SAN,26h09m,2,"SIN, SFO",3152,20220406-1657,best
12:30 pm – 6:55 am +2,"Alaska Airlines, Qatar Airways",SAN‐HKT,28h25m,2,"SFO, DOH",11:55 pm – 9:43 pm +1,Qatar Airways,HKT‐SAN,35h48m,2,"DOH, BOS",2282,20220406-1657,best
12:30 pm – 6:55 am +2,"Alaska Airlines, Qatar Airways",SAN‐HKT,28h25m,2,"SFO, DOH",11:55 pm – 9:54 pm +1,"Qatar Airways, Alaska Airlines",HKT‐SAN,35h59m,2,"DOH, JFK",2271,20220406-1657,best
12:30 pm – 6:55 am +2,"Alaska Airlines, Qatar Airways",SAN‐HKT,28h25m,2,"SFO, DOH",11:55 pm – 9:42 pm +1,Qatar Airways,HKT‐SAN,35h47m,2,"DOH, SFO",2286,20220406-1657,best
5:15 pm – 9:35 am +2,Singapore Airlines,SAN‐HKT,26h20m,2,"SFO, SIN",11:40 am – 11:49 pm,Singapore Airlines,HKT‐SAN,26h09m,2,"SIN, SFO",3108,20220406-1701,fast
5:15 pm – 9:35 am +2,Singapore Airlines,SAN‐HKT,26h20m,2,"SFO, SIN",10:25 am – 11:49 pm,Singapore Airlines,HKT‐SAN,27h24m,2,"SIN, SFO",3152,20220406-1701,fast
5:15 pm – 10:50 am +2,Singapore Airlines,SAN‐HKT,27h35m,2,"SFO, SIN",11:40 am – 11:49 pm,Singapore Airlines,HKT‐SAN,26h09m,2,"SIN, SFO",3152,20220406-1701,fast
9:00 pm – 3:25 pm +2,Multiple Airlines,SAN‐HKT,28h25m,3,"SFO, TPE, ...",8:15 am – 7:39 pm,Multiple Airlines,HKT‐SAN,25h24m,3,"BKK, TPE, ...",10631,20220406-1701,fast
8:46 pm – 3:25 pm +2,Multiple Airlines,SAN‐HKT,28h39m,3,"LAX, TPE, ...",8:15 am – 7:39 pm,Multiple Airlines,HKT‐SAN,25h24m,3,"BKK, TPE, ...",12290,20220406-1701,fast
1:00 pm – 6:55 am +2,Qatar Airways,SAN‐HKT,27h55m,2,"SEA, DOH",11:40 am – 11:49 pm,"Singapore Airlines, Alaska Airlines",HKT‐SAN,26h09m,2,"SIN, SFO",3497,20220406-1701,fast
12:40 pm – 6:55 am +2,Qatar Airways,SAN‐HKT,28h15m,2,"DFW, DOH",11:40 am – 11:49 pm,Singapore Airlines,HKT‐SAN,26h09m,2,"SIN, SFO",3229,20220406-1701,fast
12:30 pm – 6:55 am +2,Qatar Airways,SAN‐HKT,28h25m,2,"SFO, DOH",11:40 am – 11:49 pm,"Singapore Airlines, Alaska Airlines",HKT‐SAN,26h09m,2,"SIN, SFO",3035,20220406-1701,fast
3:10 pm – 9:35 am +2,Singapore Airlines,SAN‐HKT,28h25m,2,"SFO, SIN",11:40 am – 11:49 pm,Singapore Airlines,HKT‐SAN,26h09m,2,"SIN, SFO",3152,20220406-1701,fast
9:00 pm – 3:25 pm +2,Multiple Airlines,SAN‐HKT,28h25m,3,"SFO, TPE, ...",8:15 am – 8:24 pm,Multiple Airlines,HKT‐SAN,26h09m,3,"BKK, TPE, ...",10631,20220406-1701,fast
8:46 pm – 3:25 pm +2,Multiple Airlines,SAN‐HKT,28h39m,3,"LAX, TPE, ...",8:15 am – 8:24 pm,Multiple Airlines,HKT‐SAN,26h09m,3,"BKK, TPE, ...",12290,20220406-1701,fast
9:00 pm – 4:25 pm +2,Multiple Airlines,SAN‐HKT,29h25m,3,"SFO, TPE, ...",8:15 am – 7:39 pm,Multiple Airlines,HKT‐SAN,25h24m,3,"BKK, TPE, ...",10631,20220406-1701,fast
5:15 pm – 10:50 am +2,Singapore Airlines,SAN‐HKT,27h35m,2,"SFO, SIN",10:25 am – 11:49 pm,Singapore Airlines,HKT‐SAN,27h24m,2,"SIN, SFO",3152,20220406-1701,fast
8:46 pm – 4:25 pm +2,Multiple Airlines,SAN‐HKT,29h39m,3,"LAX, TPE, ...",8:15 am – 7:39 pm,Multiple Airlines,HKT‐SAN,25h24m,3,"BKK, TPE, ...",12290,20220406-1701,fast
1:00 pm – 6:55 am +2,Qatar Airways,SAN‐HKT,27h55m,2,"SEA, DOH",10:25 am – 11:49 pm,Singapore Airlines,HKT‐SAN,27h24m,2,"SIN, SFO",3491,20220406-1701,fast
