Out Time,Out Airline,Out Cities,Out Duration,Out Stops,Out Stop Cities,Return Time,Return Airline,Return Cities,Return Duration,Return Stops,Return Stop Cities,Price,timestamp,sort
8:25 am – 12:10 am +3,"Alaska Airlines, Asiana Airlines",SAN‐HKT,49h45m,2,"SFO, ICN",1:30 am – 11:49 pm,"Asiana Airlines, Alaska Airlines",HKT‐SAN,36h19m,2,"ICN, SFO",1396,20220406-1901,cheap
7:40 pm – 12:10 am +3,"Alaska Airlines, Asiana Airlines",SAN‐HKT,38h30m,2,"SFO, ICN",1:30 am – 11:49 pm,"Asiana Airlines, Alaska Airlines",HKT‐SAN,36h19m,2,"ICN, SFO",1594,20220406-1901,cheap
5:15 pm – 12:10 am +3,"Alaska Airlines, Asiana Airlines",SAN‐HKT,40h55m,2,"SFO, ICN",1:30 am – 11:49 pm,"Asiana Airlines, Alaska Airlines",HKT‐SAN,36h19m,2,"ICN, SFO",1594,20220406-1901,cheap
3:10 pm – 12:10 am +3,"Alaska Airlines, Asiana Airlines",SAN‐HKT,43h00m,2,"SFO, ICN",1:30 am – 11:49 pm,"Asiana Airlines, Alaska Airlines",HKT‐SAN,36h19m,2,"ICN, SFO",1594,20220406-1901,cheap
7:40 pm – 12:10 am +3,"Alaska Airlines, Asiana Airlines",SAN‐HKT,38h30m,2,"SFO, ICN",1:30 am – 7:34 am +1,"Asiana Airlines, Alaska Airlines",HKT‐SAN,44h04m,2,"ICN, SFO",1601,20220406-1901,cheap
7:40 pm – 12:10 am +3,"Alaska Airlines, Asiana Airlines",SAN‐HKT,38h30m,2,"SFO, ICN",1:30 am – 9:39 am +1,"Asiana Airlines, Alaska Airlines",HKT‐SAN,46h09m,2,"ICN, SFO",1601,20220406-1901,cheap
5:15 pm – 12:10 am +3,"Alaska Airlines, Asiana Airlines",SAN‐HKT,40h55m,2,"SFO, ICN",1:30 am – 7:34 am +1,"Asiana Airlines, Alaska Airlines",HKT‐SAN,44h04m,2,"ICN, SFO",1601,20220406-1901,cheap
4:15 pm – 12:10 am +3,"Alaska Airlines, Asiana Airlines",SAN‐HKT,41h55m,2,"HNL, ICN",1:30 am – 11:49 pm,"Asiana Airlines, Alaska Airlines",HKT‐SAN,36h19m,2,"ICN, SFO",1614,20220406-1901,cheap
1:30 pm – 6:20 pm +2,Japan Airlines,SAN‐HKT,38h50m,2,"NRT-HND, BKK",1:30 am – 7:34 am +1,"Asiana Airlines, Alaska Airlines",HKT‐SAN,44h04m,2,"ICN, SFO",1662,20220406-1901,cheap
1:30 pm – 6:20 pm +2,Japan Airlines,SAN‐HKT,38h50m,2,"NRT-HND, BKK",1:30 am – 9:39 am +1,"Asiana Airlines, Alaska Airlines",HKT‐SAN,46h09m,2,"ICN, SFO",1682,20220406-1901,cheap
1:30 pm – 6:20 pm +2,Japan Airlines,SAN‐HKT,38h50m,2,"NRT-HND, BKK",1:30 am – 11:49 pm,"Asiana Airlines, Alaska Airlines",HKT‐SAN,36h19m,2,"ICN, SFO",1690,20220406-1901,cheap
1:30 pm – 9:30 am +2,Japan Airlines,SAN‐HKT,30h00m,2,"NRT, BKK",1:30 am – 7:34 am +1,"Asiana Airlines, Alaska Airlines",HKT‐SAN,44h04m,2,"ICN, SFO",1717,20220406-1901,cheap
1:30 pm – 6:20 pm +2,Japan Airlines,SAN‐HKT,38h50m,2,"NRT, BKK",1:30 am – 7:34 am +1,"Asiana Airlines, Alaska Airlines",HKT‐SAN,44h04m,2,"ICN, SFO",1722,20220406-1901,cheap
1:30 pm – 9:30 am +2,Japan Airlines,SAN‐HKT,30h00m,2,"NRT, BKK",1:30 am – 9:39 am +1,"Asiana Airlines, Alaska Airlines",HKT‐SAN,46h09m,2,"ICN, SFO",1734,20220406-1901,cheap
1:30 pm – 6:20 pm +2,Japan Airlines,SAN‐HKT,38h50m,2,"NRT, BKK",1:30 am – 9:39 am +1,"Asiana Airlines, Alaska Airlines",HKT‐SAN,46h09m,2,"ICN, SFO",1738,20220406-1901,cheap
6:29 am – 12:10 am +2,Asiana Airlines,SAN‐HKT,27h41m,2,"LAX, ICN",1:30 am – 7:39 pm,Asiana Airlines,HKT‐SAN,32h09m,2,"ICN, LAX",1780,20220406-1859,best
8:25 am – 12:10 am +3,"Alaska Airlines, Asiana Airlines",SAN‐HKT,49h45m,2,"SFO, ICN",1:30 am – 11:49 pm,"Asiana Airlines, Alaska Airlines",HKT‐SAN,36h19m,2,"ICN, SFO",1396,20220406-1859,best
6:29 am – 12:10 am +2,Asiana Airlines,SAN‐HKT,27h41m,2,"LAX, ICN",1:30 am – 7:39 pm,Asiana Airlines,HKT‐SAN,32h09m,2,"ICN, LAX",1780,20220406-1859,best
9:50 am – 12:10 am +2,"Alaska Airlines, Asiana Airlines",SAN‐HKT,24h20m,2,"SEA, ICN",1:30 am – 9:42 pm,"Asiana Airlines, Alaska Airlines",HKT‐SAN,34h12m,2,"ICN, SFO",1968,20220406-1859,best
9:50 am – 12:10 am +2,"Alaska Airlines, Asiana Airlines",SAN‐HKT,24h20m,2,"SEA, ICN",1:30 am – 11:49 pm,"Asiana Airlines, Alaska Airlines",HKT‐SAN,36h19m,2,"ICN, SFO",1888,20220406-1859,best
6:15 am – 12:10 am +2,"Alaska Airlines, Asiana Airlines",SAN‐HKT,27h55m,2,"SEA, ICN",1:30 am – 9:42 pm,"Asiana Airlines, Alaska Airlines",HKT‐SAN,34h12m,2,"ICN, SFO",1847,20220406-1859,best
12:40 pm – 6:55 am +2,"American Airlines, Qatar Airways",SAN‐HKT,28h15m,2,"DFW, DOH",9:05 pm – 2:27 pm +1,"Qatar Airways, American Airlines",HKT‐SAN,31h22m,2,"DOH, DFW",2063,20220406-1859,best
6:15 am – 12:10 am +2,"Alaska Airlines, Asiana Airlines",SAN‐HKT,27h55m,2,"SEA, ICN",1:30 am – 11:49 pm,"Asiana Airlines, Alaska Airlines",HKT‐SAN,36h19m,2,"ICN, SFO",1767,20220406-1859,best
7:35 am – 12:10 am +2,"Alaska Airlines, Asiana Airlines",SAN‐HKT,26h35m,2,"SEA, ICN",1:30 am – 9:42 pm,"Asiana Airlines, Alaska Airlines",HKT‐SAN,34h12m,2,"ICN, SFO",1968,20220406-1859,best
1:30 pm – 9:30 am +2,Japan Airlines,SAN‐HKT,30h00m,2,"NRT, BKK",2:40 pm – 11:30 am +1,Japan Airlines,HKT‐SAN,34h50m,2,"BKK, HND-NRT",1925,20220406-1859,best
7:35 am – 12:10 am +2,"Alaska Airlines, Asiana Airlines",SAN‐HKT,26h35m,2,"SEA, ICN",1:30 am – 11:49 pm,"Asiana Airlines, Alaska Airlines",HKT‐SAN,36h19m,2,"ICN, SFO",1888,20220406-1859,best
1:30 pm – 9:30 am +2,Japan Airlines,SAN‐HKT,30h00m,2,"NRT, BKK",1:30 am – 9:42 pm,"Asiana Airlines, Alaska Airlines",HKT‐SAN,34h12m,2,"ICN, SFO",1854,20220406-1859,best
1:30 pm – 9:30 am +2,"Japan Airlines, Bangkok Airways",SAN‐HKT,30h00m,2,"NRT, BKK",1:30 am – 11:49 pm,"Asiana Airlines, Alaska Airlines",HKT‐SAN,36h19m,2,"ICN, SFO",1744,20220406-1859,best
12:40 pm – 6:55 am +2,"American Airlines, Qatar Airways",SAN‐HKT,28h15m,2,"DFW, DOH",11:55 pm – 7:35 pm +1,"Qatar Airways, American Airlines",HKT‐SAN,33h40m,2,"DOH, ORD",2016,20220406-1859,best
3:15 pm – 9:35 am +2,"Delta, Singapore Airlines",SAN‐HKT,28h20m,2,"LAX, SIN",11:40 am – 11:49 pm,Singapore Airlines,HKT‐SAN,26h09m,2,"SIN, SFO",2528,20220406-1859,best
8:00 am – 12:10 am +2,"United Airlines, Asiana Airlines",SAN‐HKT,26h10m,2,"SFO, ICN",1:30 am – 2:35 pm,"Asiana Airlines, United Airlines",HKT‐SAN,27h05m,2,"ICN, SFO",2466,20220406-1859,best
9:50 am – 12:10 am +2,"Alaska Airlines, Asiana Airlines",SAN‐HKT,24h20m,2,"SEA, ICN",11:40 am – 11:49 pm,Singapore Airlines,HKT‐SAN,26h09m,2,"SIN, SFO",3248,20220406-1904,fast
10:20 am – 12:10 am +2,Multiple Airlines,SAN‐HKT,23h50m,2,"SFO, ICN",10:25 am – 11:49 pm,Singapore Airlines,HKT‐SAN,27h24m,2,"SIN, SFO",4737,20220406-1904,fast
9:50 am – 12:10 am +2,"Alaska Airlines, Asiana Airlines",SAN‐HKT,24h20m,2,"SEA, ICN",10:25 am – 11:49 pm,Singapore Airlines,HKT‐SAN,27h24m,2,"SIN, SFO",3248,20220406-1904,fast
8:00 am – 12:10 am +2,"Air Canada, Asiana Airlines",SAN‐HKT,26h10m,2,"YVR, ICN",11:40 am – 11:49 pm,Singapore Airlines,HKT‐SAN,26h09m,2,"SIN, SFO",4771,20220406-1904,fast
8:25 pm – 1:50 pm +2,Multiple Airlines,SAN‐HKT,27h25m,3,"SEA, TPE, ...",1:00 pm – 11:54 pm,Multiple Airlines,HKT‐SAN,24h54m,3,"BKK, TPE, ...",10631,20220406-1904,fast
8:25 pm – 1:50 pm +2,"Alaska Airlines, EVA Air",SAN‐HKT,27h25m,3,"SEA, TPE, ...",1:00 pm – 11:54 pm,Multiple Airlines,HKT‐SAN,24h54m,3,"BKK, TPE, ...",10631,20220406-1904,fast
5:15 pm – 9:35 am +2,Singapore Airlines,SAN‐HKT,26h20m,2,"SFO, SIN",11:40 am – 11:49 pm,Singapore Airlines,HKT‐SAN,26h09m,2,"SIN, SFO",3034,20220406-1904,fast
7:35 am – 12:10 am +2,"Alaska Airlines, Asiana Airlines",SAN‐HKT,26h35m,2,"SEA, ICN",11:40 am – 11:49 pm,Singapore Airlines,HKT‐SAN,26h09m,2,"SIN, SFO",3248,20220406-1904,fast
8:00 am – 12:10 am +2,"United Airlines, Asiana Airlines",SAN‐HKT,26h10m,2,"SFO, ICN",1:30 am – 2:35 pm,"Asiana Airlines, United Airlines",HKT‐SAN,27h05m,2,"ICN, SFO",2466,20220406-1904,fast
8:00 am – 12:10 am +2,"Air Canada, Asiana Airlines",SAN‐HKT,26h10m,2,"YVR, ICN",10:25 am – 11:49 pm,Singapore Airlines,HKT‐SAN,27h24m,2,"SIN, SFO",4771,20220406-1904,fast
8:25 pm – 1:50 pm +2,"Alaska Airlines, EVA Air",SAN‐HKT,27h25m,3,"SEA, TPE, ...",8:15 am – 8:24 pm,Multiple Airlines,HKT‐SAN,26h09m,3,"BKK, TPE, ...",10631,20220406-1904,fast
8:25 pm – 1:50 pm +2,Multiple Airlines,SAN‐HKT,27h25m,3,"SEA, TPE, ...",8:15 am – 8:24 pm,Multiple Airlines,HKT‐SAN,26h09m,3,"BKK, TPE, ...",10631,20220406-1904,fast
8:12 pm – 9:35 am +2,"United Airlines, Singapore Airlines",SAN‐HKT,23h23m,2,"SFO, SIN",8:10 pm – 12:23 pm +1,"Singapore Airlines, United Airlines",HKT‐SAN,30h13m,2,"SIN, SFO",8350,20220406-1904,fast
8:25 pm – 1:50 pm +2,"Alaska Airlines, EVA Air",SAN‐HKT,27h25m,3,"SEA, TPE, ...",11:40 am – 11:54 pm,Multiple Airlines,HKT‐SAN,26h14m,3,"BKK, TPE, ...",10631,20220406-1904,fast
8:25 pm – 1:50 pm +2,Multiple Airlines,SAN‐HKT,27h25m,3,"SEA, TPE, ...",11:40 am – 11:54 pm,Multiple Airlines,HKT‐SAN,26h14m,3,"BKK, TPE, ...",10631,20220406-1904,fast
