Out Time,Out Airline,Out Cities,Out Duration,Out Stops,Out Stop Cities,Return Time,Return Airline,Return Cities,Return Duration,Return Stops,Return Stop Cities,Price,timestamp,sort
8:45 pm – 7:20 pm +2,"Alaska Airlines, Singapore Airlines",SAN‐HKT,32h35m,2,"SEA, SIN",8:10 pm – 1:23 pm +1,Singapore Airlines,HKT‐SAN,31h13m,2,"SIN, SFO",1313,20220406-1523,cheap
8:45 pm – 7:20 pm +2,"Alaska Airlines, Singapore Airlines",SAN‐HKT,32h35m,2,"SEA, SIN",6:10 pm – 1:23 pm +1,Singapore Airlines,HKT‐SAN,33h13m,2,"SIN, SFO",1313,20220406-1523,cheap
6:30 pm – 7:20 pm +2,"Alaska Airlines, Singapore Airlines",SAN‐HKT,34h50m,2,"SEA, SIN",8:10 pm – 1:23 pm +1,Singapore Airlines,HKT‐SAN,31h13m,2,"SIN, SFO",1324,20220406-1523,cheap
6:30 pm – 7:20 pm +2,"Alaska Airlines, Singapore Airlines",SAN‐HKT,34h50m,2,"SEA, SIN",6:10 pm – 1:23 pm +1,Singapore Airlines,HKT‐SAN,33h13m,2,"SIN, SFO",1324,20220406-1523,cheap
8:45 pm – 7:20 pm +2,"Alaska Airlines, Singapore Airlines",SAN‐HKT,32h35m,2,"SEA, SIN",8:10 pm – 4:02 pm +1,Singapore Airlines,HKT‐SAN,33h52m,2,"SIN, SFO",1344,20220406-1523,cheap
8:45 pm – 7:20 pm +2,"Alaska Airlines, Singapore Airlines",SAN‐HKT,32h35m,2,"SEA, SIN",6:10 pm – 4:02 pm +1,Singapore Airlines,HKT‐SAN,35h52m,2,"SIN, SFO",1344,20220406-1523,cheap
8:45 pm – 7:20 pm +2,"Alaska Airlines, Singapore Airlines",SAN‐HKT,32h35m,2,"SEA, SIN",11:40 am – 1:23 pm +1,Singapore Airlines,HKT‐SAN,39h43m,2,"SIN, SFO",1344,20220406-1523,cheap
8:45 pm – 7:20 pm +2,"Alaska Airlines, Singapore Airlines",SAN‐HKT,32h35m,2,"SEA, SIN",10:25 am – 1:23 pm +1,Singapore Airlines,HKT‐SAN,40h58m,2,"SIN, SFO",1344,20220406-1523,cheap
8:45 pm – 7:20 pm +2,"Alaska Airlines, Singapore Airlines",SAN‐HKT,32h35m,2,"SEA, SIN",11:40 am – 4:02 pm +1,Singapore Airlines,HKT‐SAN,42h22m,2,"SIN, SFO",1344,20220406-1523,cheap
8:45 pm – 7:20 pm +2,"Alaska Airlines, Singapore Airlines",SAN‐HKT,32h35m,2,"SEA, SIN",10:25 am – 4:02 pm +1,Singapore Airlines,HKT‐SAN,43h37m,2,"SIN, SFO",1344,20220406-1523,cheap
8:45 pm – 9:35 am +3,"Alaska Airlines, Singapore Airlines",SAN‐HKT,46h50m,2,"SEA, SIN",8:10 pm – 1:23 pm +1,Singapore Airlines,HKT‐SAN,31h13m,2,"SIN, SFO",1344,20220406-1523,cheap
8:45 pm – 9:35 am +3,"Alaska Airlines, Singapore Airlines",SAN‐HKT,46h50m,2,"SEA, SIN",6:10 pm – 1:23 pm +1,Singapore Airlines,HKT‐SAN,33h13m,2,"SIN, SFO",1344,20220406-1523,cheap
8:45 pm – 9:35 am +3,"Alaska Airlines, Singapore Airlines",SAN‐HKT,46h50m,2,"SEA, SIN",8:10 pm – 4:02 pm +1,Singapore Airlines,HKT‐SAN,33h52m,2,"SIN, SFO",1344,20220406-1523,cheap
8:45 pm – 9:35 am +3,"Alaska Airlines, Singapore Airlines",SAN‐HKT,46h50m,2,"SEA, SIN",6:10 pm – 4:02 pm +1,Singapore Airlines,HKT‐SAN,35h52m,2,"SIN, SFO",1344,20220406-1523,cheap
8:45 pm – 9:35 am +3,"Alaska Airlines, Singapore Airlines",SAN‐HKT,46h50m,2,"SEA, SIN",11:40 am – 1:23 pm +1,Singapore Airlines,HKT‐SAN,39h43m,2,"SIN, SFO",1344,20220406-1523,cheap
8:45 pm – 7:20 pm +2,"Alaska Airlines, Singapore Airlines",SAN‐HKT,32h35m,2,"SEA, SIN",8:10 pm – 1:23 pm +1,Singapore Airlines,HKT‐SAN,31h13m,2,"SIN, SFO",1313,20220406-1520,best
8:45 pm – 7:20 pm +2,"Alaska Airlines, Singapore Airlines",SAN‐HKT,32h35m,2,"SEA, SIN",6:10 pm – 1:23 pm +1,Singapore Airlines,HKT‐SAN,33h13m,2,"SIN, SFO",1313,20220406-1520,best
6:30 pm – 7:20 pm +2,"Alaska Airlines, Singapore Airlines",SAN‐HKT,34h50m,2,"SEA, SIN",8:10 pm – 1:23 pm +1,Singapore Airlines,HKT‐SAN,31h13m,2,"SIN, SFO",1324,20220406-1520,best
8:45 pm – 7:20 pm +2,"Alaska Airlines, Singapore Airlines",SAN‐HKT,32h35m,2,"SEA, SIN",8:10 pm – 4:02 pm +1,Singapore Airlines,HKT‐SAN,33h52m,2,"SIN, SFO",1344,20220406-1520,best
6:30 pm – 7:20 pm +2,"Alaska Airlines, Singapore Airlines",SAN‐HKT,34h50m,2,"SEA, SIN",6:10 pm – 1:23 pm +1,Singapore Airlines,HKT‐SAN,33h13m,2,"SIN, SFO",1324,20220406-1520,best
5:00 pm – 7:20 pm +2,"Alaska Airlines, Singapore Airlines",SAN‐HKT,36h20m,2,"SEA, SIN",8:10 pm – 1:23 pm +1,Singapore Airlines,HKT‐SAN,31h13m,2,"SIN, SFO",1355,20220406-1520,best
8:45 pm – 7:20 pm +2,"Alaska Airlines, Singapore Airlines",SAN‐HKT,32h35m,2,"SEA, SIN",6:10 pm – 4:02 pm +1,Singapore Airlines,HKT‐SAN,35h52m,2,"SIN, SFO",1344,20220406-1520,best
6:30 pm – 7:20 pm +2,"Alaska Airlines, Singapore Airlines",SAN‐HKT,34h50m,2,"SEA, SIN",8:10 pm – 4:02 pm +1,Singapore Airlines,HKT‐SAN,33h52m,2,"SIN, SFO",1355,20220406-1520,best
3:45 pm – 7:20 pm +2,"Alaska Airlines, Singapore Airlines",SAN‐HKT,37h35m,2,"SEA, SIN",8:10 pm – 1:23 pm +1,Singapore Airlines,HKT‐SAN,31h13m,2,"SIN, SFO",1355,20220406-1520,best
5:00 pm – 7:20 pm +2,"Alaska Airlines, Singapore Airlines",SAN‐HKT,36h20m,2,"SEA, SIN",6:10 pm – 1:23 pm +1,Singapore Airlines,HKT‐SAN,33h13m,2,"SIN, SFO",1355,20220406-1520,best
5:00 pm – 7:20 pm +2,"Alaska Airlines, Singapore Airlines",SAN‐HKT,36h20m,2,"SEA, SIN",8:10 pm – 4:02 pm +1,Singapore Airlines,HKT‐SAN,33h52m,2,"SIN, SFO",1355,20220406-1520,best
6:30 pm – 7:20 pm +2,"Alaska Airlines, Singapore Airlines",SAN‐HKT,34h50m,2,"SEA, SIN",6:10 pm – 4:02 pm +1,Singapore Airlines,HKT‐SAN,35h52m,2,"SIN, SFO",1355,20220406-1520,best
3:45 pm – 7:20 pm +2,"Alaska Airlines, Singapore Airlines",SAN‐HKT,37h35m,2,"SEA, SIN",6:10 pm – 1:23 pm +1,Singapore Airlines,HKT‐SAN,33h13m,2,"SIN, SFO",1355,20220406-1520,best
3:45 pm – 7:20 pm +2,"Alaska Airlines, Singapore Airlines",SAN‐HKT,37h35m,2,"SEA, SIN",8:10 pm – 4:02 pm +1,Singapore Airlines,HKT‐SAN,33h52m,2,"SIN, SFO",1355,20220406-1520,best
8:45 pm – 7:20 pm +2,"Alaska Airlines, Singapore Airlines",SAN‐HKT,32h35m,2,"SEA, SIN",11:40 am – 1:23 pm +1,Singapore Airlines,HKT‐SAN,39h43m,2,"SIN, SFO",1344,20220406-1520,best
6:05 pm – 9:35 am +2,Singapore Airlines,SAN‐HKT,25h30m,2,"SFO, SIN",11:40 am – 11:58 pm,Singapore Airlines,HKT‐SAN,26h18m,2,"SIN, SFO",3122,20220406-1525,fast
6:05 pm – 10:50 am +2,Singapore Airlines,SAN‐HKT,26h45m,2,"SFO, SIN",11:40 am – 11:58 pm,Singapore Airlines,HKT‐SAN,26h18m,2,"SIN, SFO",3122,20220406-1525,fast
6:05 pm – 9:35 am +2,Singapore Airlines,SAN‐HKT,25h30m,2,"SFO, SIN",10:25 am – 11:58 pm,Singapore Airlines,HKT‐SAN,27h33m,2,"SIN, SFO",3122,20220406-1525,fast
6:05 pm – 10:50 am +2,Singapore Airlines,SAN‐HKT,26h45m,2,"SFO, SIN",10:25 am – 11:58 pm,Singapore Airlines,HKT‐SAN,27h33m,2,"SIN, SFO",3122,20220406-1525,fast
3:15 pm – 10:50 am +2,"Delta, Singapore Airlines",SAN‐HKT,29h35m,2,"LAX, SIN",11:40 am – 11:58 pm,Singapore Airlines,HKT‐SAN,26h18m,2,"SIN, SFO",2390,20220406-1525,fast
6:05 pm – 9:35 am +2,Singapore Airlines,SAN‐HKT,25h30m,2,"SFO, SIN",8:10 pm – 1:23 pm +1,Singapore Airlines,HKT‐SAN,31h13m,2,"SIN, SFO",2479,20220406-1525,fast
3:15 pm – 10:50 am +2,"Delta, Singapore Airlines",SAN‐HKT,29h35m,2,"LAX, SIN",10:25 am – 11:58 pm,Singapore Airlines,HKT‐SAN,27h33m,2,"SIN, SFO",2390,20220406-1525,fast
6:05 pm – 10:50 am +2,Singapore Airlines,SAN‐HKT,26h45m,2,"SFO, SIN",8:10 pm – 1:23 pm +1,Singapore Airlines,HKT‐SAN,31h13m,2,"SIN, SFO",2509,20220406-1525,fast
4:15 pm – 9:35 am +2,Singapore Airlines,SAN‐HKT,27h20m,2,"SFO, SIN",8:10 pm – 1:23 pm +1,Singapore Airlines,HKT‐SAN,31h13m,2,"SIN, SFO",2509,20220406-1525,fast
6:05 pm – 9:35 am +2,Singapore Airlines,SAN‐HKT,25h30m,2,"SFO, SIN",6:10 pm – 1:23 pm +1,Singapore Airlines,HKT‐SAN,33h13m,2,"SIN, SFO",2479,20220406-1525,fast
6:05 pm – 9:35 am +2,Singapore Airlines,SAN‐HKT,25h30m,2,"SFO, SIN",8:10 pm – 4:02 pm +1,Singapore Airlines,HKT‐SAN,33h52m,2,"SIN, SFO",2479,20220406-1525,fast
4:15 pm – 10:50 am +2,Singapore Airlines,SAN‐HKT,28h35m,2,"SFO, SIN",8:10 pm – 1:23 pm +1,Singapore Airlines,HKT‐SAN,31h13m,2,"SIN, SFO",2509,20220406-1525,fast
6:05 pm – 10:50 am +2,Singapore Airlines,SAN‐HKT,26h45m,2,"SFO, SIN",6:10 pm – 1:23 pm +1,Singapore Airlines,HKT‐SAN,33h13m,2,"SIN, SFO",2479,20220406-1525,fast
1:00 pm – 1:15 pm +2,"Alaska Airlines, Qatar Airways",SAN‐HKT,34h15m,2,"SEA, DOH",11:40 am – 11:58 pm,Singapore Airlines,HKT‐SAN,26h18m,2,"SIN, SFO",2410,20220406-1525,fast
4:15 pm – 9:35 am +2,Singapore Airlines,SAN‐HKT,27h20m,2,"SFO, SIN",6:10 pm – 1:23 pm +1,Singapore Airlines,HKT‐SAN,33h13m,2,"SIN, SFO",2509,20220406-1525,fast
