Out Time,Out Airline,Out Cities,Out Duration,Out Stops,Out Stop Cities,Return Time,Return Airline,Return Cities,Return Duration,Return Stops,Return Stop Cities,Price,timestamp,sort
3:20 pm – 8:45 pm +2,Multiple Airlines,SAN‐HKT,39h25m,3,"SJC-SFO, NAN, ...",6:30 pm – 3:50 pm +1,Multiple Airlines,HKT‐SAN,35h20m,3,"BKK, MNL, ...",1361,20220406-1546,cheap
3:20 pm – 8:45 pm +2,Multiple Airlines,SAN‐HKT,39h25m,3,"SJC-SFO, NAN, ...",9:00 am – 11:49 pm,Multiple Airlines,HKT‐SAN,28h49m,3,"BKK, MNL, ...",1484,20220406-1546,cheap
6:05 pm – 8:45 pm +2,Multiple Airlines,SAN‐HKT,36h40m,3,"SFO, NAN, ...",9:00 am – 11:49 pm,Multiple Airlines,HKT‐SAN,28h49m,3,"BKK, MNL, ...",1515,20220406-1546,cheap
10:56 am – 10:35 am +2,Multiple Airlines,SAN‐HKT,33h39m,3,"OAK-SFO, CPH, ...",9:00 am – 7:34 am +1,Multiple Airlines,HKT‐SAN,36h34m,3,"BKK, MNL, ...",1818,20220406-1546,cheap
10:56 am – 10:35 am +2,Multiple Airlines,SAN‐HKT,33h39m,3,"OAK-SFO, CPH, ...",9:00 am – 11:49 pm,Multiple Airlines,HKT‐SAN,28h49m,3,"BKK, MNL, ...",1832,20220406-1546,cheap
10:55 am – 10:35 am +2,Multiple Airlines,SAN‐HKT,33h40m,3,"SFO, CPH, ...",9:00 am – 11:49 pm,Multiple Airlines,HKT‐SAN,28h49m,3,"BKK, MNL, ...",1901,20220406-1546,cheap
7:00 am – 1:15 pm +2,Qatar Airways,SAN‐HKT,40h15m,2,"JFK, DOH",11:55 pm – 7:58 pm +1,Qatar Airways,HKT‐SAN,34h03m,2,"DOH, SEA",1987,20220406-1546,cheap
7:00 am – 1:15 pm +2,"Alaska Airlines, Qatar Airways",SAN‐HKT,40h15m,2,"JFK, DOH",11:55 pm – 6:23 pm +1,"Qatar Airways, Alaska Airlines",HKT‐SAN,32h28m,2,"DOH, SEA",2001,20220406-1546,cheap
7:00 am – 1:15 pm +2,"Alaska Airlines, Qatar Airways",SAN‐HKT,40h15m,2,"JFK, DOH",11:55 pm – 10:41 pm +1,"Qatar Airways, Alaska Airlines",HKT‐SAN,36h46m,2,"DOH, SEA",2001,20220406-1546,cheap
7:00 am – 1:15 pm +2,"Alaska Airlines, Qatar Airways",SAN‐HKT,40h15m,2,"JFK, DOH",11:55 pm – 11:59 pm +1,"Qatar Airways, Alaska Airlines",HKT‐SAN,38h04m,2,"DOH, SEA",2001,20220406-1546,cheap
11:00 pm – 6:55 am +3,Qatar Airways,SAN‐HKT,41h55m,2,"JFK, DOH",11:55 pm – 6:23 pm +1,"Qatar Airways, Alaska Airlines",HKT‐SAN,32h28m,2,"DOH, SEA",2008,20220406-1546,cheap
11:00 pm – 6:55 am +3,Qatar Airways,SAN‐HKT,41h55m,2,"JFK, DOH",11:55 pm – 7:58 pm +1,"Qatar Airways, Alaska Airlines",HKT‐SAN,34h03m,2,"DOH, SEA",2008,20220406-1546,cheap
7:00 am – 6:55 am +2,Qatar Airways,SAN‐HKT,33h55m,2,"JFK, DOH",11:55 pm – 7:58 pm +1,Qatar Airways,HKT‐SAN,34h03m,2,"DOH, SEA",2030,20220406-1546,cheap
11:00 pm – 1:15 pm +3,Qatar Airways,SAN‐HKT,48h15m,2,"JFK, DOH",11:55 pm – 7:58 pm +1,Qatar Airways,HKT‐SAN,34h03m,2,"DOH, SEA",2055,20220406-1546,cheap
11:00 pm – 1:15 pm +3,Qatar Airways,SAN‐HKT,48h15m,2,"JFK, DOH",11:55 pm – 7:58 pm +1,Qatar Airways,HKT‐SAN,34h03m,2,"DOH, SEA",2075,20220406-1546,cheap
1:00 pm – 6:55 am +2,"Alaska Airlines, Qatar Airways",SAN‐HKT,27h55m,2,"SEA, DOH",11:55 pm – 6:23 pm +1,"Qatar Airways, Alaska Airlines",HKT‐SAN,32h28m,2,"DOH, SEA",2104,20220406-1544,best
3:20 pm – 8:45 pm +2,Multiple Airlines,SAN‐HKT,39h25m,3,"SJC-SFO, NAN, ...",6:30 pm – 3:50 pm +1,Multiple Airlines,HKT‐SAN,35h20m,3,"BKK, MNL, ...",1361,20220406-1544,best
11:55 am – 6:55 am +2,"Alaska Airlines, Qatar Airways",SAN‐HKT,29h00m,2,"SEA, DOH",11:55 pm – 6:23 pm +1,"Qatar Airways, Alaska Airlines",HKT‐SAN,32h28m,2,"DOH, SEA",2104,20220406-1544,best
1:00 pm – 6:55 am +2,Qatar Airways,SAN‐HKT,27h55m,2,"SEA, DOH",11:55 pm – 7:58 pm +1,Qatar Airways,HKT‐SAN,34h03m,2,"DOH, SEA",2089,20220406-1544,best
11:55 am – 6:55 am +2,Qatar Airways,SAN‐HKT,29h00m,2,"SEA, DOH",11:55 pm – 7:58 pm +1,Qatar Airways,HKT‐SAN,34h03m,2,"DOH, SEA",2089,20220406-1544,best
1:00 pm – 6:55 am +2,"Alaska Airlines, Qatar Airways",SAN‐HKT,27h55m,2,"SEA, DOH",11:55 pm – 6:52 pm +1,"Qatar Airways, Alaska Airlines",HKT‐SAN,32h57m,2,"DOH, SFO",2241,20220406-1544,best
9:05 am – 6:55 am +2,"Alaska Airlines, Qatar Airways",SAN‐HKT,31h50m,2,"EWR-JFK, DOH",11:55 pm – 6:23 pm +1,"Qatar Airways, Alaska Airlines",HKT‐SAN,32h28m,2,"DOH, SEA",2102,20220406-1544,best
11:55 am – 6:55 am +2,"Alaska Airlines, Qatar Airways",SAN‐HKT,29h00m,2,"SEA, DOH",11:55 pm – 6:52 pm +1,"Qatar Airways, Alaska Airlines",HKT‐SAN,32h57m,2,"DOH, SFO",2241,20220406-1544,best
9:05 am – 6:55 am +2,"Alaska Airlines, Qatar Airways",SAN‐HKT,31h50m,2,"EWR-JFK, DOH",11:55 pm – 7:58 pm +1,"Qatar Airways, Alaska Airlines",HKT‐SAN,34h03m,2,"DOH, SEA",2102,20220406-1544,best
1:00 pm – 6:55 am +2,"Alaska Airlines, Qatar Airways",SAN‐HKT,27h55m,2,"SEA, DOH",11:55 pm – 9:42 pm +1,"Qatar Airways, Alaska Airlines",HKT‐SAN,35h47m,2,"DOH, SFO",2241,20220406-1544,best
7:00 am – 6:55 am +2,Qatar Airways,SAN‐HKT,33h55m,2,"JFK, DOH",11:55 pm – 7:58 pm +1,Qatar Airways,HKT‐SAN,34h03m,2,"DOH, SEA",2030,20220406-1544,best
6:05 pm – 9:35 am +2,Singapore Airlines,SAN‐HKT,25h30m,2,"SFO, SIN",11:40 am – 11:49 pm,Singapore Airlines,HKT‐SAN,26h09m,2,"SIN, SFO",3010,20220406-1544,best
1:00 pm – 1:15 pm +2,Qatar Airways,SAN‐HKT,34h15m,2,"SEA, DOH",11:55 pm – 7:58 pm +1,Qatar Airways,HKT‐SAN,34h03m,2,"DOH, SEA",2089,20220406-1544,best
11:55 am – 6:55 am +2,"Alaska Airlines, Qatar Airways",SAN‐HKT,29h00m,2,"SEA, DOH",11:55 pm – 9:42 pm +1,"Qatar Airways, Alaska Airlines",HKT‐SAN,35h47m,2,"DOH, SFO",2241,20220406-1544,best
8:00 am – 6:55 am +2,Qatar Airways,SAN‐HKT,32h55m,2,"BOS, DOH",11:55 pm – 7:58 pm +1,Qatar Airways,HKT‐SAN,34h03m,2,"DOH, SEA",2167,20220406-1544,best
6:05 pm – 10:50 am +2,Singapore Airlines,SAN‐HKT,26h45m,2,"SFO, SIN",11:40 am – 11:49 pm,Singapore Airlines,HKT‐SAN,26h09m,2,"SIN, SFO",3010,20220406-1544,best
6:05 pm – 9:35 am +2,Singapore Airlines,SAN‐HKT,25h30m,2,"SFO, SIN",11:40 am – 11:49 pm,Singapore Airlines,HKT‐SAN,26h09m,2,"SIN, SFO",3010,20220406-1549,fast
6:05 pm – 10:50 am +2,Singapore Airlines,SAN‐HKT,26h45m,2,"SFO, SIN",11:40 am – 11:49 pm,Singapore Airlines,HKT‐SAN,26h09m,2,"SIN, SFO",3010,20220406-1549,fast
6:05 pm – 9:35 am +2,Singapore Airlines,SAN‐HKT,25h30m,2,"SFO, SIN",10:25 am – 11:49 pm,Singapore Airlines,HKT‐SAN,27h24m,2,"SIN, SFO",3010,20220406-1549,fast
4:15 pm – 9:35 am +2,Singapore Airlines,SAN‐HKT,27h20m,2,"SFO, SIN",11:40 am – 11:49 pm,Singapore Airlines,HKT‐SAN,26h09m,2,"SIN, SFO",3052,20220406-1549,fast
1:00 pm – 6:55 am +2,"Alaska Airlines, Qatar Airways",SAN‐HKT,27h55m,2,"SEA, DOH",11:40 am – 11:49 pm,Singapore Airlines,HKT‐SAN,26h09m,2,"SIN, SFO",2410,20220406-1549,fast
6:05 pm – 10:50 am +2,Singapore Airlines,SAN‐HKT,26h45m,2,"SFO, SIN",10:25 am – 11:49 pm,Singapore Airlines,HKT‐SAN,27h24m,2,"SIN, SFO",3052,20220406-1549,fast
4:15 pm – 10:50 am +2,Singapore Airlines,SAN‐HKT,28h35m,2,"SFO, SIN",11:40 am – 11:49 pm,Singapore Airlines,HKT‐SAN,26h09m,2,"SIN, SFO",3052,20220406-1549,fast
4:15 pm – 9:35 am +2,Singapore Airlines,SAN‐HKT,27h20m,2,"SFO, SIN",10:25 am – 11:49 pm,Singapore Airlines,HKT‐SAN,27h24m,2,"SIN, SFO",3052,20220406-1549,fast
11:55 am – 6:55 am +2,"Alaska Airlines, Qatar Airways",SAN‐HKT,29h00m,2,"SEA, DOH",11:40 am – 11:49 pm,Singapore Airlines,HKT‐SAN,26h09m,2,"SIN, SFO",2410,20220406-1549,fast
1:00 pm – 6:55 am +2,"Alaska Airlines, Qatar Airways",SAN‐HKT,27h55m,2,"SEA, DOH",10:25 am – 11:49 pm,Singapore Airlines,HKT‐SAN,27h24m,2,"SIN, SFO",2410,20220406-1549,fast
4:15 pm – 10:50 am +2,Singapore Airlines,SAN‐HKT,28h35m,2,"SFO, SIN",10:25 am – 11:49 pm,Singapore Airlines,HKT‐SAN,27h24m,2,"SIN, SFO",3052,20220406-1549,fast
11:55 am – 6:55 am +2,"Alaska Airlines, Qatar Airways",SAN‐HKT,29h00m,2,"SEA, DOH",10:25 am – 11:49 pm,Singapore Airlines,HKT‐SAN,27h24m,2,"SIN, SFO",2410,20220406-1549,fast
9:05 am – 6:55 am +2,"Alaska Airlines, Qatar Airways",SAN‐HKT,31h50m,2,"EWR-JFK, DOH",11:40 am – 11:49 pm,Singapore Airlines,HKT‐SAN,26h09m,2,"SIN, SFO",2406,20220406-1549,fast
8:00 am – 6:55 am +2,"Alaska Airlines, Qatar Airways",SAN‐HKT,32h55m,2,"SEA, DOH",11:40 am – 11:49 pm,Singapore Airlines,HKT‐SAN,26h09m,2,"SIN, SFO",2410,20220406-1549,fast
9:05 am – 6:55 am +2,"Alaska Airlines, Qatar Airways",SAN‐HKT,31h50m,2,"EWR-JFK, DOH",10:25 am – 11:49 pm,Singapore Airlines,HKT‐SAN,27h24m,2,"SIN, SFO",2406,20220406-1549,fast
