Out Time,Out Airline,Out Cities,Out Duration,Out Stops,Out Stop Cities,Return Time,Return Airline,Return Cities,Return Duration,Return Stops,Return Stop Cities,Price,timestamp,sort
8:45 pm – 7:20 am +3,"Alaska Airlines, Qatar Airways",SAN‐HKT,44h35m,2,"SEA, DOH",11:55 pm – 9:43 pm +2,"Qatar Airways, Alaska Airlines",HKT‐SAN,59h48m,2,"DOH, JFK",1365,20220406-0947,cheap
6:25 am – 7:20 am +2,"Alaska Airlines, Qatar Airways",SAN‐HKT,34h55m,2,"SFO, DOH",11:55 pm – 9:43 pm +2,Qatar Airways,HKT‐SAN,59h48m,2,"DOH, JFK",1390,20220406-0947,cheap
6:25 am – 1:15 pm +2,"Alaska Airlines, Qatar Airways",SAN‐HKT,40h50m,2,"SFO, DOH",11:55 pm – 9:43 pm +2,Qatar Airways,HKT‐SAN,59h48m,2,"DOH, JFK",1390,20220406-0947,cheap
8:45 pm – 7:20 am +3,"Alaska Airlines, Qatar Airways",SAN‐HKT,44h35m,2,"SEA, DOH",11:55 pm – 9:20 pm +1,"Qatar Airways, Alaska Airlines",HKT‐SAN,35h25m,2,"DOH, SFO",1393,20220406-0947,cheap
8:45 pm – 7:20 am +3,"Alaska Airlines, Qatar Airways",SAN‐HKT,44h35m,2,"SEA, DOH",11:55 pm – 11:05 pm +1,"Qatar Airways, Alaska Airlines",HKT‐SAN,37h10m,2,"DOH, SFO",1393,20220406-0947,cheap
8:45 pm – 7:20 am +3,"Alaska Airlines, Qatar Airways",SAN‐HKT,44h35m,2,"SEA, DOH",9:05 pm – 9:20 pm +1,"Qatar Airways, Alaska Airlines",HKT‐SAN,38h15m,2,"DOH, SFO",1393,20220406-0947,cheap
8:45 pm – 7:20 am +3,"Alaska Airlines, Qatar Airways",SAN‐HKT,44h35m,2,"SEA, DOH",9:05 pm – 11:05 pm +1,"Qatar Airways, Alaska Airlines",HKT‐SAN,40h00m,2,"DOH, SFO",1393,20220406-0947,cheap
6:15 am – 7:20 am +2,"Alaska Airlines, Qatar Airways",SAN‐HKT,35h05m,2,"SEA, DOH",11:55 pm – 9:43 pm +2,Qatar Airways,HKT‐SAN,59h48m,2,"DOH, JFK",1407,20220406-0947,cheap
6:15 am – 1:15 pm +2,"Alaska Airlines, Qatar Airways",SAN‐HKT,41h00m,2,"SEA, DOH",11:55 pm – 9:43 pm +2,"Qatar Airways, Alaska Airlines",HKT‐SAN,59h48m,2,"DOH, JFK",1407,20220406-0947,cheap
6:25 am – 7:20 am +2,"Alaska Airlines, Qatar Airways",SAN‐HKT,34h55m,2,"SFO, DOH",11:55 pm – 5:58 pm +1,Qatar Airways,HKT‐SAN,32h03m,2,"DOH, SFO",1429,20220406-0947,cheap
8:45 pm – 7:20 am +3,"Alaska Airlines, Qatar Airways",SAN‐HKT,44h35m,2,"SEA, DOH",11:55 pm – 5:04 pm +1,"Qatar Airways, Alaska Airlines",HKT‐SAN,31h09m,2,"DOH, SEA",1432,20220406-0947,cheap
8:45 pm – 7:20 am +3,"Alaska Airlines, Qatar Airways",SAN‐HKT,44h35m,2,"SEA, DOH",11:55 pm – 6:45 pm +1,"Qatar Airways, Alaska Airlines",HKT‐SAN,32h50m,2,"DOH, SEA",1432,20220406-0947,cheap
8:45 pm – 7:20 am +3,"Alaska Airlines, Qatar Airways",SAN‐HKT,44h35m,2,"SEA, DOH",11:55 pm – 9:37 pm +1,"Qatar Airways, Alaska Airlines",HKT‐SAN,35h42m,2,"DOH, SEA",1432,20220406-0947,cheap
8:45 pm – 7:20 am +3,"Alaska Airlines, Qatar Airways",SAN‐HKT,44h35m,2,"SEA, DOH",11:55 pm – 11:37 pm +1,"Qatar Airways, Alaska Airlines",HKT‐SAN,37h42m,2,"DOH, SEA",1432,20220406-0947,cheap
8:45 pm – 7:20 am +3,"Alaska Airlines, Qatar Airways",SAN‐HKT,44h35m,2,"SEA, DOH",11:55 pm – 6:45 pm +1,Qatar Airways,HKT‐SAN,32h50m,2,"DOH, SEA",1443,20220406-0947,cheap
10:46 am – 7:20 am +2,"American Airlines, Qatar Airways",SAN‐HKT,30h34m,2,"DFW, DOH",9:05 pm – 3:58 pm +1,"Qatar Airways, American Airlines",HKT‐SAN,32h53m,2,"DOH, DFW",1498,20220406-0945,best
10:46 am – 7:20 am +2,"American Airlines, Qatar Airways",SAN‐HKT,30h34m,2,"DFW, DOH",9:05 pm – 2:52 pm +1,"Qatar Airways, American Airlines",HKT‐SAN,31h47m,3,"DOH, ORD, ...",1502,20220406-0945,best
9:35 am – 7:20 am +2,"American Airlines, Qatar Airways",SAN‐HKT,31h45m,2,"DFW, DOH",9:05 pm – 3:58 pm +1,"Qatar Airways, American Airlines",HKT‐SAN,32h53m,2,"DOH, DFW",1498,20220406-0945,best
12:35 pm – 7:20 am +2,"Alaska Airlines, Qatar Airways",SAN‐HKT,28h45m,2,"SFO, DOH",11:55 pm – 5:04 pm +1,"Qatar Airways, Alaska Airlines",HKT‐SAN,31h09m,2,"DOH, SEA",1715,20220406-0945,best
2:40 pm – 1:15 pm +2,"American Airlines, Qatar Airways",SAN‐HKT,32h35m,2,"DFW, DOH",9:05 pm – 3:58 pm +1,"Qatar Airways, American Airlines",HKT‐SAN,32h53m,2,"DOH, DFW",1498,20220406-0945,best
10:46 am – 7:20 am +2,"American Airlines, Qatar Airways",SAN‐HKT,30h34m,2,"DFW, DOH",9:05 pm – 6:02 pm +1,"Qatar Airways, American Airlines",HKT‐SAN,34h57m,2,"DOH, DFW",1498,20220406-0945,best
10:46 am – 7:20 am +2,"American Airlines, Qatar Airways",SAN‐HKT,30h34m,2,"DFW, DOH",9:05 pm – 3:58 pm +1,"Qatar Airways, American Airlines",HKT‐SAN,32h53m,3,"DOH, ORD, ...",1502,20220406-0945,best
9:35 am – 7:20 am +2,"American Airlines, Qatar Airways",SAN‐HKT,31h45m,2,"DFW, DOH",9:05 pm – 2:52 pm +1,"Qatar Airways, American Airlines",HKT‐SAN,31h47m,3,"DOH, ORD, ...",1502,20220406-0945,best
1:40 pm – 1:15 pm +2,"American Airlines, Qatar Airways",SAN‐HKT,33h35m,2,"DFW, DOH",9:05 pm – 3:58 pm +1,"Qatar Airways, American Airlines",HKT‐SAN,32h53m,2,"DOH, DFW",1498,20220406-0945,best
10:21 am – 7:20 am +2,"American Airlines, Qatar Airways",SAN‐HKT,30h59m,3,"PHX, DFW, ...",9:05 pm – 3:58 pm +1,"Qatar Airways, American Airlines",HKT‐SAN,32h53m,2,"DOH, DFW",1502,20220406-0945,best
8:00 am – 7:20 am +2,"American Airlines, Qatar Airways",SAN‐HKT,33h20m,2,"DFW, DOH",9:05 pm – 3:58 pm +1,"Qatar Airways, American Airlines",HKT‐SAN,32h53m,2,"DOH, DFW",1498,20220406-0945,best
6:25 am – 7:20 am +2,"Alaska Airlines, Qatar Airways",SAN‐HKT,34h55m,2,"SFO, DOH",11:55 pm – 5:58 pm +1,Qatar Airways,HKT‐SAN,32h03m,2,"DOH, SFO",1429,20220406-0945,best
12:35 pm – 7:20 am +2,"Alaska Airlines, Qatar Airways",SAN‐HKT,28h45m,2,"SFO, DOH",11:55 pm – 5:58 pm +1,Qatar Airways,HKT‐SAN,32h03m,2,"DOH, SFO",1712,20220406-0945,best
12:35 pm – 7:20 am +2,"Alaska Airlines, Qatar Airways",SAN‐HKT,28h45m,2,"SFO, DOH",11:55 pm – 6:45 pm +1,"Qatar Airways, Alaska Airlines",HKT‐SAN,32h50m,2,"DOH, SEA",1715,20220406-0945,best
9:35 am – 7:20 am +2,"American Airlines, Qatar Airways",SAN‐HKT,31h45m,2,"DFW, DOH",9:05 pm – 6:02 pm +1,"Qatar Airways, American Airlines",HKT‐SAN,34h57m,2,"DOH, DFW",1498,20220406-0945,best
12:35 pm – 7:20 am +2,"Alaska Airlines, Qatar Airways",SAN‐HKT,28h45m,2,"SFO, DOH",11:55 pm – 5:04 pm +1,"Qatar Airways, Alaska Airlines",HKT‐SAN,31h09m,2,"DOH, SEA",1715,20220406-0950,fast
12:35 pm – 7:20 am +2,"Alaska Airlines, Qatar Airways",SAN‐HKT,28h45m,2,"SFO, DOH",11:55 pm – 5:58 pm +1,Qatar Airways,HKT‐SAN,32h03m,2,"DOH, SFO",1712,20220406-0950,fast
12:35 pm – 7:20 am +2,"Alaska Airlines, Qatar Airways",SAN‐HKT,28h45m,2,"SFO, DOH",11:55 pm – 6:45 pm +1,"Qatar Airways, Alaska Airlines",HKT‐SAN,32h50m,2,"DOH, SEA",1715,20220406-0950,fast
12:35 pm – 7:20 am +2,"Alaska Airlines, Qatar Airways",SAN‐HKT,28h45m,2,"SFO, DOH",11:55 pm – 6:45 pm +1,Qatar Airways,HKT‐SAN,32h50m,2,"DOH, SEA",1743,20220406-0950,fast
10:46 am – 7:20 am +2,Qatar Airways,SAN‐HKT,30h34m,2,"DFW, DOH",11:55 pm – 5:04 pm +1,Qatar Airways,HKT‐SAN,31h09m,2,"DOH, SEA",2190,20220406-0950,fast
10:45 am – 7:20 am +2,"Alaska Airlines, Qatar Airways",SAN‐HKT,30h35m,2,"SFO, DOH",11:55 pm – 5:04 pm +1,"Qatar Airways, Alaska Airlines",HKT‐SAN,31h09m,2,"DOH, SEA",1715,20220406-0950,fast
10:46 am – 7:20 am +2,"American Airlines, Qatar Airways",SAN‐HKT,30h34m,2,"DFW, DOH",9:05 pm – 2:52 pm +1,"Qatar Airways, American Airlines",HKT‐SAN,31h47m,3,"DOH, ORD, ...",1502,20220406-0950,fast
10:45 am – 7:20 am +2,"Alaska Airlines, Qatar Airways",SAN‐HKT,30h35m,2,"SFO, DOH",11:55 pm – 5:58 pm +1,Qatar Airways,HKT‐SAN,32h03m,2,"DOH, SFO",1712,20220406-0950,fast
12:35 pm – 7:20 am +2,"Alaska Airlines, Qatar Airways",SAN‐HKT,28h45m,2,"SFO, DOH",9:05 pm – 5:04 pm +1,"Qatar Airways, Alaska Airlines",HKT‐SAN,33h59m,2,"DOH, SEA",1953,20220406-0950,fast
9:35 am – 7:20 am +2,Qatar Airways,SAN‐HKT,31h45m,2,"DFW, DOH",11:55 pm – 5:04 pm +1,Qatar Airways,HKT‐SAN,31h09m,2,"DOH, SEA",2190,20220406-0950,fast
10:46 am – 7:20 am +2,Qatar Airways,SAN‐HKT,30h34m,2,"DFW, DOH",11:55 pm – 6:45 pm +1,Qatar Airways,HKT‐SAN,32h50m,2,"DOH, SEA",2190,20220406-0950,fast
10:45 am – 7:20 am +2,"Alaska Airlines, Qatar Airways",SAN‐HKT,30h35m,2,"SFO, DOH",11:55 pm – 6:45 pm +1,"Qatar Airways, Alaska Airlines",HKT‐SAN,32h50m,2,"DOH, SEA",1715,20220406-0950,fast
10:45 am – 7:20 am +2,"Alaska Airlines, Qatar Airways",SAN‐HKT,30h35m,2,"SFO, DOH",11:55 pm – 6:45 pm +1,Qatar Airways,HKT‐SAN,32h50m,2,"DOH, SEA",1743,20220406-0950,fast
10:46 am – 7:20 am +2,"American Airlines, Qatar Airways",SAN‐HKT,30h34m,2,"DFW, DOH",9:05 pm – 3:58 pm +1,"Qatar Airways, American Airlines",HKT‐SAN,32h53m,2,"DOH, DFW",1498,20220406-0950,fast
10:46 am – 7:20 am +2,"American Airlines, Qatar Airways",SAN‐HKT,30h34m,2,"DFW, DOH",9:05 pm – 3:58 pm +1,"Qatar Airways, American Airlines",HKT‐SAN,32h53m,3,"DOH, ORD, ...",1502,20220406-0950,fast
