Out Time,Out Airline,Out Cities,Out Duration,Out Stops,Out Stop Cities,Return Time,Return Airline,Return Cities,Return Duration,Return Stops,Return Stop Cities,Price,timestamp,sort
1:15 pm – 6:20 pm +2,Japan Airlines,SAN‐HKT,39h05m,2,"NRT-HND, BKK",7:10 pm – 11:30 am +1,Japan Airlines,HKT‐SAN,30h20m,2,"BKK, NRT",1560,20220406-1830,cheap
1:15 pm – 9:30 am +3,Japan Airlines,SAN‐HKT,54h15m,2,"NRT-HND, BKK",7:10 pm – 11:30 am +1,Japan Airlines,HKT‐SAN,30h20m,2,"BKK, NRT",1563,20220406-1830,cheap
7:40 pm – 12:10 am +3,"Alaska Airlines, Asiana Airlines",SAN‐HKT,38h30m,2,"SFO, ICN",1:30 am – 11:49 pm,"Asiana Airlines, Alaska Airlines",HKT‐SAN,36h19m,2,"ICN, SFO",1580,20220406-1830,cheap
7:40 pm – 12:10 am +3,"Alaska Airlines, Asiana Airlines",SAN‐HKT,38h30m,2,"SFO, ICN",1:30 am – 11:28 pm,Asiana Airlines,HKT‐SAN,35h58m,2,"ICN, LAX",1581,20220406-1830,cheap
7:40 pm – 12:10 am +3,"Alaska Airlines, Asiana Airlines",SAN‐HKT,38h30m,2,"SFO, ICN",1:30 am – 7:34 am +1,"Asiana Airlines, Alaska Airlines",HKT‐SAN,44h04m,2,"ICN, SFO",1587,20220406-1830,cheap
7:40 pm – 12:10 am +3,"Alaska Airlines, Asiana Airlines",SAN‐HKT,38h30m,2,"SFO, ICN",1:30 am – 11:28 pm,Asiana Airlines,HKT‐SAN,35h58m,2,"ICN, LAX",1593,20220406-1830,cheap
10:20 am – 12:10 am +3,"Alaska Airlines, Asiana Airlines",SAN‐HKT,47h50m,2,"SFO, ICN",1:30 am – 11:49 pm,"Asiana Airlines, Alaska Airlines",HKT‐SAN,36h19m,2,"ICN, SFO",1593,20220406-1830,cheap
10:20 am – 12:10 am +3,"Alaska Airlines, Asiana Airlines",SAN‐HKT,47h50m,2,"SFO, ICN",1:30 am – 11:28 pm,Asiana Airlines,HKT‐SAN,35h58m,2,"ICN, LAX",1594,20220406-1830,cheap
10:20 am – 12:10 am +3,"Alaska Airlines, Asiana Airlines",SAN‐HKT,47h50m,2,"SFO, ICN",1:30 am – 11:28 pm,Asiana Airlines,HKT‐SAN,35h58m,2,"ICN, LAX",1599,20220406-1830,cheap
9:05 am – 12:10 am +3,"Alaska Airlines, Asiana Airlines",SAN‐HKT,49h05m,2,"SFO, ICN",1:30 am – 11:49 pm,"Asiana Airlines, Alaska Airlines",HKT‐SAN,36h19m,2,"ICN, SFO",1600,20220406-1830,cheap
8:25 am – 12:10 am +3,"Alaska Airlines, Asiana Airlines",SAN‐HKT,49h45m,2,"SFO, ICN",1:30 am – 11:49 pm,"Asiana Airlines, Alaska Airlines",HKT‐SAN,36h19m,2,"ICN, SFO",1600,20220406-1830,cheap
9:05 am – 12:10 am +3,"Alaska Airlines, Asiana Airlines",SAN‐HKT,49h05m,2,"SFO, ICN",1:30 am – 11:28 pm,Asiana Airlines,HKT‐SAN,35h58m,2,"ICN, LAX",1601,20220406-1830,cheap
8:25 am – 12:10 am +3,"Alaska Airlines, Asiana Airlines",SAN‐HKT,49h45m,2,"SFO, ICN",1:30 am – 11:28 pm,Asiana Airlines,HKT‐SAN,35h58m,2,"ICN, LAX",1601,20220406-1830,cheap
9:05 am – 12:10 am +3,"Alaska Airlines, Asiana Airlines",SAN‐HKT,49h05m,2,"SFO, ICN",1:30 am – 11:28 pm,Asiana Airlines,HKT‐SAN,35h58m,2,"ICN, LAX",1606,20220406-1830,cheap
8:25 am – 12:10 am +3,"Alaska Airlines, Asiana Airlines",SAN‐HKT,49h45m,2,"SFO, ICN",1:30 am – 11:28 pm,Asiana Airlines,HKT‐SAN,35h58m,2,"ICN, LAX",1606,20220406-1830,cheap
1:15 pm – 6:20 pm +2,Japan Airlines,SAN‐HKT,39h05m,2,"NRT-HND, BKK",7:10 pm – 11:30 am +1,Japan Airlines,HKT‐SAN,30h20m,2,"BKK, NRT",1560,20220406-1828,best
1:15 pm – 9:30 am +2,Japan Airlines,SAN‐HKT,30h15m,2,"NRT, BKK",2:40 pm – 11:30 am +1,Japan Airlines,HKT‐SAN,34h50m,2,"BKK, HND-NRT",1745,20220406-1828,best
1:15 pm – 9:30 am +2,Japan Airlines,SAN‐HKT,30h15m,2,"NRT, BKK",7:10 pm – 4:43 pm +1,Japan Airlines,HKT‐SAN,35h33m,3,"BKK, NRT, ...",1767,20220406-1828,best
1:15 pm – 9:30 am +2,"Japan Airlines, Bangkok Airways",SAN‐HKT,30h15m,2,"NRT, BKK",1:30 am – 11:49 pm,"Asiana Airlines, Alaska Airlines",HKT‐SAN,36h19m,2,"ICN, SFO",1675,20220406-1828,best
1:15 pm – 9:30 am +2,Japan Airlines,SAN‐HKT,30h15m,2,"NRT, BKK",10:20 am – 11:30 am +1,Japan Airlines,HKT‐SAN,39h10m,2,"BKK, HND-NRT",1745,20220406-1828,best
1:15 pm – 9:30 am +2,Japan Airlines,SAN‐HKT,30h15m,2,"NRT, BKK",2:40 pm – 3:02 pm +1,Japan Airlines,HKT‐SAN,38h22m,3,"BKK, HND, ...",1745,20220406-1828,best
8:25 pm – 7:20 pm +2,Singapore Airlines,SAN‐HKT,32h55m,2,"SEA, SIN",11:40 am – 11:49 pm,Singapore Airlines,HKT‐SAN,26h09m,2,"SIN, SFO",2215,20220406-1828,best
1:15 pm – 9:30 am +2,Japan Airlines,SAN‐HKT,30h15m,2,"NRT, BKK",11:55 pm – 6:52 pm +1,Qatar Airways,HKT‐SAN,32h57m,2,"DOH, SFO",1934,20220406-1828,best
8:25 pm – 7:20 pm +2,Singapore Airlines,SAN‐HKT,32h55m,2,"SEA, SIN",10:25 am – 11:49 pm,Singapore Airlines,HKT‐SAN,27h24m,2,"SIN, SFO",2215,20220406-1828,best
1:15 pm – 6:20 pm +2,Japan Airlines,SAN‐HKT,39h05m,2,"NRT-HND, BKK",2:40 pm – 11:30 am +1,Japan Airlines,HKT‐SAN,34h50m,2,"BKK, HND-NRT",1679,20220406-1828,best
1:15 pm – 9:30 am +2,Japan Airlines,SAN‐HKT,30h15m,2,"NRT, BKK",12:10 am – 6:52 pm,"Emirates, Alaska Airlines",HKT‐SAN,32h42m,2,"DXB, SFO",2017,20220406-1828,best
7:40 pm – 12:10 am +3,"Alaska Airlines, Asiana Airlines",SAN‐HKT,38h30m,2,"SFO, ICN",1:30 am – 11:28 pm,Asiana Airlines,HKT‐SAN,35h58m,2,"ICN, LAX",1581,20220406-1828,best
12:40 pm – 6:55 am +2,"American Airlines, Qatar Airways",SAN‐HKT,28h15m,2,"DFW, DOH",11:55 pm – 7:35 pm +1,"Qatar Airways, American Airlines",HKT‐SAN,33h40m,2,"DOH, ORD",2105,20220406-1828,best
1:15 pm – 6:20 pm +2,Japan Airlines,SAN‐HKT,39h05m,2,"NRT, BKK",2:40 pm – 11:30 am +1,Japan Airlines,HKT‐SAN,34h50m,2,"BKK, HND-NRT",1748,20220406-1828,best
1:15 pm – 9:30 am +2,Japan Airlines,SAN‐HKT,30h15m,2,"NRT, BKK",11:55 pm – 9:54 pm +1,Qatar Airways,HKT‐SAN,35h59m,2,"DOH, JFK",1936,20220406-1828,best
9:00 pm – 1:50 pm +2,"Alaska Airlines, EVA Air",SAN‐HKT,26h50m,3,"SFO, TPE, ...",1:00 pm – 11:54 pm,Multiple Airlines,HKT‐SAN,24h54m,3,"BKK, TPE, ...",10631,20220406-1833,fast
8:12 pm – 9:35 am +2,"United Airlines, Singapore Airlines",SAN‐HKT,23h23m,2,"SFO, SIN",9:20 pm – 12:23 pm +1,"Jetstar Asia, United Airlines",HKT‐SAN,29h03m,2,"SIN, SFO",8120,20220406-1833,fast
5:15 pm – 9:35 am +2,Singapore Airlines,SAN‐HKT,26h20m,2,"SFO, SIN",11:40 am – 11:49 pm,Singapore Airlines,HKT‐SAN,26h09m,2,"SIN, SFO",3010,20220406-1833,fast
8:15 pm – 1:50 pm +2,"United Airlines, EVA Air",SAN‐HKT,27h35m,3,"LAX, TPE, ...",1:00 pm – 11:54 pm,Multiple Airlines,HKT‐SAN,24h54m,3,"BKK, TPE, ...",12290,20220406-1833,fast
8:15 pm – 1:50 pm +2,Multiple Airlines,SAN‐HKT,27h35m,3,"LAX, TPE, ...",1:00 pm – 11:54 pm,Multiple Airlines,HKT‐SAN,24h54m,3,"BKK, TPE, ...",12290,20220406-1833,fast
8:12 pm – 1:50 pm +2,"United Airlines, EVA Air",SAN‐HKT,27h38m,3,"SFO, TPE, ...",1:00 pm – 11:54 pm,Multiple Airlines,HKT‐SAN,24h54m,3,"BKK, TPE, ...",12290,20220406-1833,fast
9:00 pm – 1:50 pm +2,Multiple Airlines,SAN‐HKT,26h50m,3,"SFO, TPE, ...",11:40 am – 11:54 pm,Multiple Airlines,HKT‐SAN,26h14m,3,"BKK, TPE, ...",10631,20220406-1833,fast
9:00 pm – 1:50 pm +2,"Alaska Airlines, EVA Air",SAN‐HKT,26h50m,3,"SFO, TPE, ...",11:40 am – 11:54 pm,Multiple Airlines,HKT‐SAN,26h14m,3,"BKK, TPE, ...",10631,20220406-1833,fast
9:00 pm – 1:50 pm +2,Multiple Airlines,SAN‐HKT,26h50m,3,"SFO, TPE, ...",11:25 am – 11:54 pm,Multiple Airlines,HKT‐SAN,26h29m,3,"BKK, TPE, ...",10631,20220406-1833,fast
9:00 pm – 1:50 pm +2,"Alaska Airlines, EVA Air",SAN‐HKT,26h50m,3,"SFO, TPE, ...",11:25 am – 11:54 pm,Multiple Airlines,HKT‐SAN,26h29m,3,"BKK, TPE, ...",10631,20220406-1833,fast
8:12 pm – 9:35 am +2,"United Airlines, Singapore Airlines",SAN‐HKT,23h23m,2,"SFO, SIN",8:10 pm – 12:23 pm +1,"Singapore Airlines, United Airlines",HKT‐SAN,30h13m,2,"SIN, SFO",8350,20220406-1833,fast
8:12 pm – 10:50 am +2,"United Airlines, Singapore Airlines",SAN‐HKT,24h38m,2,"SFO, SIN",9:20 pm – 12:23 pm +1,"Jetstar Asia, United Airlines",HKT‐SAN,29h03m,2,"SIN, SFO",8120,20220406-1833,fast
5:15 pm – 9:35 am +2,Singapore Airlines,SAN‐HKT,26h20m,2,"SFO, SIN",10:25 am – 11:49 pm,Singapore Airlines,HKT‐SAN,27h24m,2,"SIN, SFO",3010,20220406-1833,fast
5:15 pm – 10:50 am +2,Singapore Airlines,SAN‐HKT,27h35m,2,"SFO, SIN",11:40 am – 11:49 pm,"Singapore Airlines, Alaska Airlines",HKT‐SAN,26h09m,2,"SIN, SFO",3010,20220406-1833,fast
8:15 pm – 1:50 pm +2,Multiple Airlines,SAN‐HKT,27h35m,3,"LAX, TPE, ...",11:40 am – 11:54 pm,Multiple Airlines,HKT‐SAN,26h14m,3,"BKK, TPE, ...",12290,20220406-1833,fast
