Out Time,Out Airline,Out Cities,Out Duration,Out Stops,Out Stop Cities,Return Time,Return Airline,Return Cities,Return Duration,Return Stops,Return Stop Cities,Price,timestamp,sort
8:45 pm – 10:50 am +3,Singapore Airlines,SAN‐HKT,48h05m,2,"SEA, SIN",8:10 pm – 2:35 pm +1,"Singapore Airlines, Alaska Airlines",HKT‐SAN,32h25m,2,"SIN, SEA",1631,20220406-1605,cheap
8:45 pm – 10:50 am +3,Singapore Airlines,SAN‐HKT,48h05m,2,"SEA, SIN",6:10 pm – 2:35 pm +1,Singapore Airlines,HKT‐SAN,34h25m,2,"SIN, SEA",1631,20220406-1605,cheap
8:45 pm – 5:10 pm +3,Singapore Airlines,SAN‐HKT,54h25m,2,"SEA, SIN",8:10 pm – 2:35 pm +1,"Singapore Airlines, Alaska Airlines",HKT‐SAN,32h25m,2,"SIN, SEA",1631,20220406-1605,cheap
8:45 pm – 5:10 pm +3,Singapore Airlines,SAN‐HKT,54h25m,2,"SEA, SIN",6:10 pm – 2:35 pm +1,Singapore Airlines,HKT‐SAN,34h25m,2,"SIN, SEA",1631,20220406-1605,cheap
8:45 pm – 7:20 pm +2,Singapore Airlines,SAN‐HKT,32h35m,2,"SEA, SIN",8:10 pm – 2:35 pm +1,Singapore Airlines,HKT‐SAN,32h25m,2,"SIN, SEA",1748,20220406-1605,cheap
8:45 pm – 7:20 pm +2,Singapore Airlines,SAN‐HKT,32h35m,2,"SEA, SIN",6:10 pm – 2:35 pm +1,Singapore Airlines,HKT‐SAN,34h25m,2,"SIN, SEA",1748,20220406-1605,cheap
8:45 pm – 7:20 pm +2,Singapore Airlines,SAN‐HKT,32h35m,2,"SEA, SIN",8:10 pm – 1:32 pm +1,Singapore Airlines,HKT‐SAN,31h22m,2,"SIN, SFO",1775,20220406-1605,cheap
8:45 pm – 7:20 pm +2,Singapore Airlines,SAN‐HKT,32h35m,2,"SEA, SIN",8:10 pm – 3:02 pm +1,Singapore Airlines,HKT‐SAN,32h52m,2,"SIN, SFO",1775,20220406-1605,cheap
8:45 pm – 7:20 pm +2,Singapore Airlines,SAN‐HKT,32h35m,2,"SEA, SIN",6:10 pm – 1:32 pm +1,Singapore Airlines,HKT‐SAN,33h22m,2,"SIN, SFO",1775,20220406-1605,cheap
8:45 pm – 7:20 pm +2,Singapore Airlines,SAN‐HKT,32h35m,2,"SEA, SIN",6:10 pm – 3:02 pm +1,Singapore Airlines,HKT‐SAN,34h52m,2,"SIN, SFO",1775,20220406-1605,cheap
8:45 pm – 7:20 pm +2,Singapore Airlines,SAN‐HKT,32h35m,2,"SEA, SIN",8:10 pm – 6:52 pm +1,"Singapore Airlines, Alaska Airlines",HKT‐SAN,36h42m,2,"SIN, SFO",1775,20220406-1605,cheap
8:45 pm – 7:20 pm +2,Singapore Airlines,SAN‐HKT,32h35m,2,"SEA, SIN",11:40 am – 11:49 pm,Singapore Airlines,HKT‐SAN,26h09m,2,"SIN, SFO",2015,20220406-1605,cheap
8:45 pm – 9:35 am +3,Singapore Airlines,SAN‐HKT,46h50m,2,"SEA, SIN",8:10 pm – 2:35 pm +1,Singapore Airlines,HKT‐SAN,32h25m,2,"SIN, SEA",2033,20220406-1605,cheap
8:45 pm – 9:35 am +3,Singapore Airlines,SAN‐HKT,46h50m,2,"SEA, SIN",6:10 pm – 2:35 pm +1,Singapore Airlines,HKT‐SAN,34h25m,2,"SIN, SEA",2033,20220406-1605,cheap
8:45 pm – 7:20 pm +2,Singapore Airlines,SAN‐HKT,32h35m,2,"SEA, SIN",11:40 am – 2:35 pm +1,Singapore Airlines,HKT‐SAN,40h55m,2,"SIN, SEA",2061,20220406-1605,cheap
8:45 pm – 7:20 pm +2,Singapore Airlines,SAN‐HKT,32h35m,2,"SEA, SIN",11:40 am – 11:49 pm,Singapore Airlines,HKT‐SAN,26h09m,2,"SIN, SFO",2015,20220406-1602,best
8:45 pm – 10:50 am +3,Singapore Airlines,SAN‐HKT,48h05m,2,"SEA, SIN",8:10 pm – 2:35 pm +1,"Singapore Airlines, Alaska Airlines",HKT‐SAN,32h25m,2,"SIN, SEA",1631,20220406-1602,best
8:45 pm – 7:20 pm +2,Singapore Airlines,SAN‐HKT,32h35m,2,"SEA, SIN",8:10 pm – 1:32 pm +1,Singapore Airlines,HKT‐SAN,31h22m,2,"SIN, SFO",1775,20220406-1602,best
8:45 pm – 7:20 pm +2,Singapore Airlines,SAN‐HKT,32h35m,2,"SEA, SIN",8:10 pm – 2:35 pm +1,Singapore Airlines,HKT‐SAN,32h25m,2,"SIN, SEA",1748,20220406-1602,best
8:45 pm – 7:20 pm +2,Singapore Airlines,SAN‐HKT,32h35m,2,"SEA, SIN",8:10 pm – 3:02 pm +1,Singapore Airlines,HKT‐SAN,32h52m,2,"SIN, SFO",1775,20220406-1602,best
8:45 pm – 7:20 pm +2,Singapore Airlines,SAN‐HKT,32h35m,2,"SEA, SIN",6:10 pm – 1:32 pm +1,Singapore Airlines,HKT‐SAN,33h22m,2,"SIN, SFO",1775,20220406-1602,best
8:45 pm – 7:20 pm +2,Singapore Airlines,SAN‐HKT,32h35m,2,"SEA, SIN",6:10 pm – 2:35 pm +1,Singapore Airlines,HKT‐SAN,34h25m,2,"SIN, SEA",1748,20220406-1602,best
8:45 pm – 7:20 pm +2,Singapore Airlines,SAN‐HKT,32h35m,2,"SEA, SIN",6:10 pm – 3:02 pm +1,Singapore Airlines,HKT‐SAN,34h52m,2,"SIN, SFO",1775,20220406-1602,best
8:45 pm – 7:20 pm +2,Singapore Airlines,SAN‐HKT,32h35m,2,"SEA, SIN",8:10 pm – 6:52 pm +1,"Singapore Airlines, Alaska Airlines",HKT‐SAN,36h42m,2,"SIN, SFO",1775,20220406-1602,best
1:00 pm – 6:55 am +2,"Alaska Airlines, Qatar Airways",SAN‐HKT,27h55m,2,"SEA, DOH",8:10 pm – 2:35 pm +1,Singapore Airlines,HKT‐SAN,32h25m,2,"SIN, SEA",2437,20220406-1602,best
1:00 pm – 6:55 am +2,"Alaska Airlines, Qatar Airways",SAN‐HKT,27h55m,2,"SEA, DOH",11:55 pm – 9:54 pm +1,"Qatar Airways, Alaska Airlines",HKT‐SAN,35h59m,2,"DOH, JFK",2164,20220406-1602,best
1:00 pm – 6:55 am +2,"Alaska Airlines, Qatar Airways",SAN‐HKT,27h55m,2,"SEA, DOH",11:55 pm – 6:52 pm +1,"Qatar Airways, Alaska Airlines",HKT‐SAN,32h57m,2,"DOH, SFO",2336,20220406-1602,best
8:45 pm – 7:20 pm +2,Singapore Airlines,SAN‐HKT,32h35m,2,"SEA, SIN",11:40 am – 7:34 am +1,Singapore Airlines,HKT‐SAN,33h54m,2,"SIN, SFO",2158,20220406-1602,best
11:55 am – 6:55 am +2,"Alaska Airlines, Qatar Airways",SAN‐HKT,29h00m,2,"SEA, DOH",8:10 pm – 2:35 pm +1,Singapore Airlines,HKT‐SAN,32h25m,2,"SIN, SEA",2437,20220406-1602,best
1:00 pm – 6:55 am +2,"Alaska Airlines, Qatar Airways",SAN‐HKT,27h55m,2,"SEA, DOH",11:55 pm – 8:23 pm +1,"Qatar Airways, Alaska Airlines",HKT‐SAN,34h28m,2,"DOH, SEA",2271,20220406-1602,best
11:55 am – 6:55 am +2,"Alaska Airlines, Qatar Airways",SAN‐HKT,29h00m,2,"SEA, DOH",11:55 pm – 9:54 pm +1,"Qatar Airways, Alaska Airlines",HKT‐SAN,35h59m,2,"DOH, JFK",2164,20220406-1602,best
6:05 pm – 9:35 am +2,Singapore Airlines,SAN‐HKT,25h30m,2,"SFO, SIN",11:40 am – 11:49 pm,Singapore Airlines,HKT‐SAN,26h09m,2,"SIN, SFO",3152,20220406-1607,fast
6:05 pm – 9:35 am +2,Singapore Airlines,SAN‐HKT,25h30m,2,"SFO, SIN",10:25 am – 11:49 pm,Singapore Airlines,HKT‐SAN,27h24m,2,"SIN, SFO",3152,20220406-1607,fast
6:05 pm – 10:50 am +2,Singapore Airlines,SAN‐HKT,26h45m,2,"SFO, SIN",11:40 am – 11:49 pm,Singapore Airlines,HKT‐SAN,26h09m,2,"SIN, SFO",3152,20220406-1607,fast
4:15 pm – 9:35 am +2,Singapore Airlines,SAN‐HKT,27h20m,2,"SFO, SIN",11:40 am – 11:49 pm,Singapore Airlines,HKT‐SAN,26h09m,2,"SIN, SFO",3152,20220406-1607,fast
1:00 pm – 6:55 am +2,"Alaska Airlines, Qatar Airways",SAN‐HKT,27h55m,2,"SEA, DOH",11:40 am – 11:49 pm,Singapore Airlines,HKT‐SAN,26h09m,2,"SIN, SFO",2410,20220406-1607,fast
6:05 pm – 10:50 am +2,Singapore Airlines,SAN‐HKT,26h45m,2,"SFO, SIN",10:25 am – 11:49 pm,Singapore Airlines,HKT‐SAN,27h24m,2,"SIN, SFO",3152,20220406-1607,fast
4:15 pm – 10:50 am +2,Singapore Airlines,SAN‐HKT,28h35m,2,"SFO, SIN",11:40 am – 11:49 pm,Singapore Airlines,HKT‐SAN,26h09m,2,"SIN, SFO",3152,20220406-1607,fast
4:15 pm – 9:35 am +2,Singapore Airlines,SAN‐HKT,27h20m,2,"SFO, SIN",10:25 am – 11:49 pm,Singapore Airlines,HKT‐SAN,27h24m,2,"SIN, SFO",3152,20220406-1607,fast
11:55 am – 6:55 am +2,"Alaska Airlines, Qatar Airways",SAN‐HKT,29h00m,2,"SEA, DOH",11:40 am – 11:49 pm,Singapore Airlines,HKT‐SAN,26h09m,2,"SIN, SFO",2410,20220406-1607,fast
2:35 pm – 9:35 am +2,"Alaska Airlines, Singapore Airlines",SAN‐HKT,29h00m,2,"SFO, SIN",11:40 am – 11:49 pm,Singapore Airlines,HKT‐SAN,26h09m,2,"SIN, SFO",3152,20220406-1607,fast
1:00 pm – 6:55 am +2,"Alaska Airlines, Qatar Airways",SAN‐HKT,27h55m,2,"SEA, DOH",10:25 am – 11:49 pm,Singapore Airlines,HKT‐SAN,27h24m,2,"SIN, SFO",2410,20220406-1607,fast
3:15 pm – 10:50 am +2,"Delta, Singapore Airlines",SAN‐HKT,29h35m,2,"LAX, SIN",11:40 am – 11:49 pm,Singapore Airlines,HKT‐SAN,26h09m,2,"SIN, SFO",6558,20220406-1607,fast
4:15 pm – 10:50 am +2,Singapore Airlines,SAN‐HKT,28h35m,2,"SFO, SIN",10:25 am – 11:49 pm,Singapore Airlines,HKT‐SAN,27h24m,2,"SIN, SFO",3152,20220406-1607,fast
7:00 pm – 3:05 pm +2,"British Airways, Thai Airways",SAN‐HKT,30h05m,1,LHR,11:15 pm – 11:15 am +1,"Thai Vietjet Air, Japan Airlines",HKT‐SAN,26h00m,2,"BKK, NRT",3441,20220406-1607,fast
10:55 am – 6:55 am +2,Qatar Airways,SAN‐HKT,30h00m,2,"SFO, DOH",11:40 am – 11:49 pm,"Singapore Airlines, Alaska Airlines",HKT‐SAN,26h09m,2,"SIN, SFO",3035,20220406-1607,fast
