Out Time,Out Airline,Out Cities,Out Duration,Out Stops,Out Stop Cities,Return Time,Return Airline,Return Cities,Return Duration,Return Stops,Return Stop Cities,Price,timestamp,sort
6:25 am – 9:35 am +2,Singapore Airlines,SAN‐HKT,37h10m,2,"SFO, SIN",8:10 pm – 7:32 am +2,Singapore Airlines,HKT‐SAN,49h22m,2,"SIN, SFO",1085,20220409-2055,cheap
8:50 pm – 7:20 pm +2,"Alaska Airlines, Singapore Airlines",SAN‐HKT,32h30m,2,"SEA, SIN",8:10 pm – 1:46 pm +1,"Singapore Airlines, Alaska Airlines",HKT‐SAN,31h36m,2,"SIN, SFO",1227,20220409-2055,cheap
8:50 pm – 7:20 pm +2,"Alaska Airlines, Singapore Airlines",SAN‐HKT,32h30m,2,"SEA, SIN",8:10 pm – 2:56 pm +1,"Singapore Airlines, Alaska Airlines",HKT‐SAN,32h46m,2,"SIN, SFO",1227,20220409-2055,cheap
8:50 pm – 7:20 pm +2,"Alaska Airlines, Singapore Airlines",SAN‐HKT,32h30m,2,"SEA, SIN",6:10 pm – 1:46 pm +1,"Singapore Airlines, Alaska Airlines",HKT‐SAN,33h36m,2,"SIN, SFO",1227,20220409-2055,cheap
8:50 pm – 7:20 pm +2,"Alaska Airlines, Singapore Airlines",SAN‐HKT,32h30m,2,"SEA, SIN",6:10 pm – 2:56 pm +1,Singapore Airlines,HKT‐SAN,34h46m,2,"SIN, SFO",1227,20220409-2055,cheap
6:25 am – 9:35 am +2,Singapore Airlines,SAN‐HKT,37h10m,2,"SFO, SIN",8:10 pm – 1:46 pm +1,Singapore Airlines,HKT‐SAN,31h36m,2,"SIN, SFO",1248,20220409-2055,cheap
6:25 am – 9:35 am +2,Singapore Airlines,SAN‐HKT,37h10m,2,"SFO, SIN",8:10 pm – 2:56 pm +1,Singapore Airlines,HKT‐SAN,32h46m,2,"SIN, SFO",1251,20220409-2055,cheap
6:25 am – 10:50 am +2,Singapore Airlines,SAN‐HKT,38h25m,2,"SFO, SIN",8:10 pm – 1:46 pm +1,Singapore Airlines,HKT‐SAN,31h36m,2,"SIN, SFO",1251,20220409-2055,cheap
6:25 am – 9:35 am +2,Singapore Airlines,SAN‐HKT,37h10m,2,"SFO, SIN",6:10 pm – 1:46 pm +1,Singapore Airlines,HKT‐SAN,33h36m,2,"SIN, SFO",1251,20220409-2055,cheap
6:25 am – 10:50 am +2,Singapore Airlines,SAN‐HKT,38h25m,2,"SFO, SIN",8:10 pm – 2:56 pm +1,Singapore Airlines,HKT‐SAN,32h46m,2,"SIN, SFO",1251,20220409-2055,cheap
6:25 am – 9:35 am +2,Singapore Airlines,SAN‐HKT,37h10m,2,"SFO, SIN",6:10 pm – 2:56 pm +1,Singapore Airlines,HKT‐SAN,34h46m,2,"SIN, SFO",1251,20220409-2055,cheap
6:25 am – 10:50 am +2,Singapore Airlines,SAN‐HKT,38h25m,2,"SFO, SIN",6:10 pm – 1:46 pm +1,Singapore Airlines,HKT‐SAN,33h36m,2,"SIN, SFO",1251,20220409-2055,cheap
6:25 am – 10:50 am +2,Singapore Airlines,SAN‐HKT,38h25m,2,"SFO, SIN",6:10 pm – 2:56 pm +1,Singapore Airlines,HKT‐SAN,34h46m,2,"SIN, SFO",1251,20220409-2055,cheap
6:25 am – 5:10 pm +2,Singapore Airlines,SAN‐HKT,44h45m,2,"SFO, SIN",8:10 pm – 1:46 pm +1,Singapore Airlines,HKT‐SAN,31h36m,2,"SIN, SFO",1251,20220409-2055,cheap
10:25 pm – 9:35 am +3,Singapore Airlines,SAN‐HKT,45h10m,2,"SFO, SIN",8:10 pm – 1:46 pm +1,Singapore Airlines,HKT‐SAN,31h36m,2,"SIN, SFO",1251,20220409-2055,cheap
1:30 pm – 9:30 am +2,Japan Airlines,SAN‐HKT,30h00m,2,"NRT, BKK",7:10 pm – 11:30 am +1,Japan Airlines,HKT‐SAN,30h20m,2,"BKK, NRT",1341,20220409-2052,best
6:25 am – 9:35 am +2,Singapore Airlines,SAN‐HKT,37h10m,2,"SFO, SIN",8:10 pm – 7:32 am +2,Singapore Airlines,HKT‐SAN,49h22m,2,"SIN, SFO",1085,20220409-2052,best
1:30 pm – 9:30 am +2,Japan Airlines,SAN‐HKT,30h00m,2,"NRT-HND, BKK",7:10 pm – 11:30 am +1,Japan Airlines,HKT‐SAN,30h20m,2,"BKK, NRT",1352,20220409-2052,best
8:50 pm – 7:20 pm +2,"Alaska Airlines, Singapore Airlines",SAN‐HKT,32h30m,2,"SEA, SIN",8:10 pm – 1:46 pm +1,"Singapore Airlines, Alaska Airlines",HKT‐SAN,31h36m,2,"SIN, SFO",1227,20220409-2052,best
1:00 pm – 6:55 am +2,"Alaska Airlines, Qatar Airways",SAN‐HKT,27h55m,2,"SEA, DOH",11:55 pm – 6:56 pm +1,"Qatar Airways, Alaska Airlines",HKT‐SAN,33h01m,2,"DOH, SFO",1301,20220409-2052,best
8:50 pm – 7:20 pm +2,"Alaska Airlines, Singapore Airlines",SAN‐HKT,32h30m,2,"SEA, SIN",8:10 pm – 2:56 pm +1,Singapore Airlines,HKT‐SAN,32h46m,2,"SIN, SFO",1227,20220409-2052,best
8:50 pm – 7:20 pm +2,"Alaska Airlines, Singapore Airlines",SAN‐HKT,32h30m,2,"SEA, SIN",6:10 pm – 1:46 pm +1,Singapore Airlines,HKT‐SAN,33h36m,2,"SIN, SFO",1227,20220409-2052,best
1:30 pm – 9:30 am +2,Japan Airlines,SAN‐HKT,30h00m,2,"NRT, BKK",2:40 pm – 11:30 am +1,Japan Airlines,HKT‐SAN,34h50m,2,"BKK, HND-NRT",1297,20220409-2052,best
1:30 pm – 9:30 am +2,Japan Airlines,SAN‐HKT,30h00m,2,"NRT-HND, BKK",2:40 pm – 11:30 am +1,Japan Airlines,HKT‐SAN,34h50m,2,"BKK, HND-NRT",1300,20220409-2052,best
1:00 pm – 6:55 am +2,"Alaska Airlines, Qatar Airways",SAN‐HKT,27h55m,2,"SEA, DOH",11:55 pm – 7:59 pm +1,"Qatar Airways, Alaska Airlines",HKT‐SAN,34h04m,2,"DOH, SEA",1286,20220409-2052,best
7:40 pm – 7:20 pm +2,"Alaska Airlines, Singapore Airlines",SAN‐HKT,33h40m,2,"SEA, SIN",8:10 pm – 1:46 pm +1,Singapore Airlines,HKT‐SAN,31h36m,2,"SIN, SFO",1285,20220409-2052,best
8:50 pm – 7:20 pm +2,"Alaska Airlines, Singapore Airlines",SAN‐HKT,32h30m,2,"SEA, SIN",6:10 pm – 2:56 pm +1,Singapore Airlines,HKT‐SAN,34h46m,2,"SIN, SFO",1227,20220409-2052,best
1:30 pm – 9:30 am +2,Japan Airlines,SAN‐HKT,30h00m,2,"NRT, BKK",2:40 pm – 11:30 am +1,Japan Airlines,HKT‐SAN,34h50m,2,"BKK, NRT",1344,20220409-2052,best
7:40 pm – 7:20 pm +2,"Alaska Airlines, Singapore Airlines",SAN‐HKT,33h40m,2,"SEA, SIN",8:10 pm – 2:56 pm +1,Singapore Airlines,HKT‐SAN,32h46m,2,"SIN, SFO",1285,20220409-2052,best
7:40 pm – 7:20 pm +2,"Alaska Airlines, Singapore Airlines",SAN‐HKT,33h40m,2,"SEA, SIN",6:10 pm – 1:46 pm +1,Singapore Airlines,HKT‐SAN,33h36m,2,"SIN, SFO",1285,20220409-2052,best
1:30 pm – 9:30 am +2,Japan Airlines,SAN‐HKT,30h00m,2,"NRT-HND, BKK",2:40 pm – 11:30 am +1,Japan Airlines,HKT‐SAN,34h50m,2,"BKK, NRT",1387,20220409-2052,best
9:00 pm – 2:00 pm +2,Multiple Airlines,SAN‐HKT,27h00m,3,"SFO, TPE, ...",8:15 am – 8:24 pm,Multiple Airlines,HKT‐SAN,26h09m,3,"BKK, TPE, ...",9634,20220409-2057,fast
9:00 pm – 2:00 pm +2,"Alaska Airlines, EVA Air",SAN‐HKT,27h00m,3,"SFO, TPE, ...",8:15 am – 8:24 pm,Multiple Airlines,HKT‐SAN,26h09m,3,"BKK, TPE, ...",9634,20220409-2057,fast
8:12 pm – 10:50 am +2,"United Airlines, Singapore Airlines",SAN‐HKT,24h38m,2,"SFO, SIN",9:20 pm – 12:23 pm +1,"Jetstar Asia, United Airlines",HKT‐SAN,29h03m,2,"SIN, SFO",8120,20220409-2057,fast
3:30 pm – 10:50 am +2,"Delta, Singapore Airlines",SAN‐HKT,29h20m,2,"LAX, SIN",11:40 am – 11:47 pm,Singapore Airlines,HKT‐SAN,26h07m,2,"SIN, SFO",7392,20220409-2057,fast
7:00 pm – 3:05 pm +2,"British Airways, Thai Airways",SAN‐HKT,30h05m,1,LHR,11:15 pm – 11:30 am +1,"Thai Vietjet Air, Japan Airlines",HKT‐SAN,26h15m,2,"BKK, NRT",2818,20220409-2057,fast
1:30 pm – 9:30 am +2,Japan Airlines,SAN‐HKT,30h00m,2,"NRT, BKK",10:25 am – 11:47 pm,Singapore Airlines,HKT‐SAN,27h22m,2,"SIN, SFO",2010,20220409-2057,fast
1:30 pm – 9:30 am +2,Japan Airlines,SAN‐HKT,30h00m,2,"NRT-HND, BKK",10:25 am – 11:47 pm,Singapore Airlines,HKT‐SAN,27h22m,2,"SIN, SFO",2021,20220409-2057,fast
5:15 pm – 9:35 am +2,Singapore Airlines,SAN‐HKT,26h20m,2,"SFO, SIN",8:10 pm – 1:46 pm +1,Singapore Airlines,HKT‐SAN,31h36m,2,"SIN, SFO",1616,20220409-2057,fast
10:20 am – 6:55 am +2,"Alaska Airlines, Qatar Airways",SAN‐HKT,30h35m,2,"SFO, DOH",10:25 am – 11:47 pm,Singapore Airlines,HKT‐SAN,27h22m,2,"SIN, SFO",2153,20220409-2057,fast
1:00 pm – 6:55 am +2,"Alaska Airlines, Qatar Airways",SAN‐HKT,27h55m,2,"SEA, DOH",9:05 pm – 1:15 pm +1,Qatar Airways,HKT‐SAN,30h10m,2,"DOH, DFW",1615,20220409-2057,fast
6:53 pm – 12:00 pm +2,"United Airlines, Jetstar Asia",SAN‐HKT,27h07m,2,"SFO, SIN",1:30 am – 6:37 pm,"Asiana Airlines, Air Canada",HKT‐SAN,31h07m,2,"ICN, YVR",4966,20220409-2057,fast
7:00 pm – 1:15 pm +2,"British Airways, Qatar Airways",SAN‐HKT,28h15m,2,"LHR, DOH",9:05 pm – 1:15 pm +1,"Qatar Airways, American Airlines",HKT‐SAN,30h10m,2,"DOH, DFW",2547,20220409-2057,fast
7:00 pm – 1:15 pm +2,"British Airways, Qatar Airways",SAN‐HKT,28h15m,2,"LHR, DOH",9:05 pm – 1:15 pm +1,"Qatar Airways, American Airlines",HKT‐SAN,30h10m,2,"DOH, DFW",2547,20220409-2057,fast
8:12 pm – 9:35 am +2,"United Airlines, Singapore Airlines",SAN‐HKT,23h23m,2,"SFO, SIN",1:30 am – 10:58 pm,"Asiana Airlines, United Airlines",HKT‐SAN,35h28m,3,"ICN, SFO, ...",8138,20220409-2057,fast
5:15 pm – 9:35 am +2,Singapore Airlines,SAN‐HKT,26h20m,2,"SFO, SIN",8:10 pm – 2:56 pm +1,Singapore Airlines,HKT‐SAN,32h46m,2,"SIN, SFO",1670,20220409-2057,fast
