Out Time,Out Airline,Out Cities,Out Duration,Out Stops,Out Stop Cities,Return Time,Return Airline,Return Cities,Return Duration,Return Stops,Return Stop Cities,Price,timestamp,sort
8:15 pm – 12:10 am +3,Asiana Airlines,SAN‐HKT,37h55m,2,"LAX, ICN",1:30 am – 9:42 pm,"Asiana Airlines, Alaska Airlines",HKT‐SAN,34h12m,2,"ICN, SFO",1386,20220409-1504,cheap
8:15 pm – 12:10 am +3,Asiana Airlines,SAN‐HKT,37h55m,2,"LAX, ICN",1:30 am – 11:49 pm,"Asiana Airlines, Alaska Airlines",HKT‐SAN,36h19m,2,"ICN, SFO",1386,20220409-1504,cheap
8:15 pm – 12:10 am +3,Asiana Airlines,SAN‐HKT,37h55m,2,"LAX, ICN",1:30 am – 9:42 pm,"Asiana Airlines, Alaska Airlines",HKT‐SAN,34h12m,2,"ICN, SFO",1391,20220409-1504,cheap
8:15 pm – 12:10 am +3,Asiana Airlines,SAN‐HKT,37h55m,2,"LAX, ICN",1:30 am – 11:49 pm,"Asiana Airlines, Alaska Airlines",HKT‐SAN,36h19m,2,"ICN, SFO",1391,20220409-1504,cheap
8:15 pm – 12:10 am +3,Asiana Airlines,SAN‐HKT,37h55m,2,"LAX, ICN",1:30 am – 7:34 am +1,"Asiana Airlines, Alaska Airlines",HKT‐SAN,44h04m,2,"ICN, SFO",1393,20220409-1504,cheap
8:15 pm – 12:10 am +3,Asiana Airlines,SAN‐HKT,37h55m,2,"LAX, ICN",1:30 am – 9:39 am +1,"Asiana Airlines, Alaska Airlines",HKT‐SAN,46h09m,2,"ICN, SFO",1393,20220409-1504,cheap
8:15 pm – 12:10 am +3,Asiana Airlines,SAN‐HKT,37h55m,2,"LAX, ICN",1:30 am – 12:14 pm +1,"Asiana Airlines, Alaska Airlines",HKT‐SAN,48h44m,2,"ICN, SFO",1393,20220409-1504,cheap
8:15 pm – 12:10 am +3,Asiana Airlines,SAN‐HKT,37h55m,2,"LAX, ICN",1:30 am – 7:34 am +1,"Asiana Airlines, Alaska Airlines",HKT‐SAN,44h04m,2,"ICN, SFO",1398,20220409-1504,cheap
8:15 pm – 12:10 am +3,Asiana Airlines,SAN‐HKT,37h55m,2,"LAX, ICN",1:30 am – 9:39 am +1,"Asiana Airlines, Alaska Airlines",HKT‐SAN,46h09m,2,"ICN, SFO",1398,20220409-1504,cheap
7:40 pm – 12:10 am +3,"Alaska Airlines, Asiana Airlines",SAN‐HKT,38h30m,2,"SFO, ICN",1:30 am – 9:42 pm,"Asiana Airlines, Alaska Airlines",HKT‐SAN,34h12m,2,"ICN, SFO",1560,20220409-1504,cheap
7:40 pm – 12:10 am +3,"Alaska Airlines, Asiana Airlines",SAN‐HKT,38h30m,2,"SFO, ICN",1:30 am – 11:49 pm,"Asiana Airlines, Alaska Airlines",HKT‐SAN,36h19m,2,"ICN, SFO",1560,20220409-1504,cheap
5:15 pm – 12:10 am +3,"Alaska Airlines, Asiana Airlines",SAN‐HKT,40h55m,2,"SFO, ICN",1:30 am – 9:42 pm,"Asiana Airlines, Alaska Airlines",HKT‐SAN,34h12m,2,"ICN, SFO",1560,20220409-1504,cheap
5:15 pm – 12:10 am +3,"Alaska Airlines, Asiana Airlines",SAN‐HKT,40h55m,2,"SFO, ICN",1:30 am – 11:49 pm,"Asiana Airlines, Alaska Airlines",HKT‐SAN,36h19m,2,"ICN, SFO",1560,20220409-1504,cheap
10:20 am – 12:10 am +3,"Alaska Airlines, Asiana Airlines",SAN‐HKT,47h50m,2,"SFO, ICN",1:30 am – 9:42 pm,"Asiana Airlines, Alaska Airlines",HKT‐SAN,34h12m,2,"ICN, SFO",1560,20220409-1504,cheap
10:20 am – 12:10 am +3,"Alaska Airlines, Asiana Airlines",SAN‐HKT,47h50m,2,"SFO, ICN",1:30 am – 11:49 pm,"Asiana Airlines, Alaska Airlines",HKT‐SAN,36h19m,2,"ICN, SFO",1560,20220409-1504,cheap
5:15 pm – 9:35 am +2,Singapore Airlines,SAN‐HKT,26h20m,2,"SFO, SIN",11:40 am – 11:49 pm,Singapore Airlines,HKT‐SAN,26h09m,2,"SIN, SFO",1997,20220409-1501,best
8:15 pm – 12:10 am +3,Asiana Airlines,SAN‐HKT,37h55m,2,"LAX, ICN",1:30 am – 9:42 pm,"Asiana Airlines, Alaska Airlines",HKT‐SAN,34h12m,2,"ICN, SFO",1386,20220409-1501,best
8:15 pm – 2:00 pm +2,"United Airlines, EVA Air",SAN‐HKT,27h45m,3,"LAX, TPE, ...",8:15 am – 9:42 pm,Multiple Airlines,HKT‐SAN,27h27m,3,"BKK, TPE, ...",1748,20220409-1501,best
5:15 pm – 10:50 am +2,Singapore Airlines,SAN‐HKT,27h35m,2,"SFO, SIN",11:40 am – 11:49 pm,Singapore Airlines,HKT‐SAN,26h09m,2,"SIN, SFO",1997,20220409-1501,best
5:15 pm – 9:35 am +2,Singapore Airlines,SAN‐HKT,26h20m,2,"SFO, SIN",10:25 am – 11:49 pm,Singapore Airlines,HKT‐SAN,27h24m,2,"SIN, SFO",1997,20220409-1501,best
5:15 pm – 10:50 am +2,Singapore Airlines,SAN‐HKT,27h35m,2,"SFO, SIN",10:25 am – 11:49 pm,Singapore Airlines,HKT‐SAN,27h24m,2,"SIN, SFO",1997,20220409-1501,best
8:15 pm – 2:00 pm +2,"United Airlines, EVA Air",SAN‐HKT,27h45m,3,"LAX, TPE, ...",8:15 am – 11:49 pm,Multiple Airlines,HKT‐SAN,29h34m,3,"BKK, TPE, ...",1748,20220409-1501,best
8:00 am – 12:10 am +2,"Air Canada, Asiana Airlines",SAN‐HKT,26h10m,2,"YVR, ICN",1:30 am – 6:37 pm,"Asiana Airlines, Air Canada",HKT‐SAN,31h07m,2,"ICN, YVR",1805,20220409-1501,best
6:29 am – 12:10 am +2,Asiana Airlines,SAN‐HKT,27h41m,2,"LAX, ICN",1:30 am – 8:24 pm,Asiana Airlines,HKT‐SAN,32h54m,2,"ICN, SFO",1656,20220409-1501,best
6:35 am – 9:35 am +2,Singapore Airlines,SAN‐HKT,37h00m,2,"SFO, SIN",11:40 am – 11:49 pm,Singapore Airlines,HKT‐SAN,26h09m,2,"SIN, SFO",1704,20220409-1501,best
6:29 am – 12:10 am +2,Asiana Airlines,SAN‐HKT,27h41m,2,"LAX, ICN",1:30 am – 7:39 pm,Asiana Airlines,HKT‐SAN,32h09m,2,"ICN, LAX",1780,20220409-1501,best
6:29 am – 12:10 am +2,Asiana Airlines,SAN‐HKT,27h41m,2,"LAX, ICN",1:30 am – 7:39 pm,Asiana Airlines,HKT‐SAN,32h09m,2,"ICN, LAX",1780,20220409-1501,best
5:15 pm – 5:10 pm +2,Singapore Airlines,SAN‐HKT,33h55m,2,"SFO, SIN",11:40 am – 11:49 pm,Singapore Airlines,HKT‐SAN,26h09m,2,"SIN, SFO",2013,20220409-1501,best
6:35 am – 10:50 am +2,Singapore Airlines,SAN‐HKT,38h15m,2,"SFO, SIN",11:40 am – 11:49 pm,Singapore Airlines,HKT‐SAN,26h09m,2,"SIN, SFO",1795,20220409-1501,best
6:35 am – 9:35 am +2,Singapore Airlines,SAN‐HKT,37h00m,2,"SFO, SIN",10:25 am – 11:49 pm,Singapore Airlines,HKT‐SAN,27h24m,2,"SIN, SFO",1795,20220409-1501,best
5:15 pm – 9:35 am +2,Singapore Airlines,SAN‐HKT,26h20m,2,"SFO, SIN",8:10 pm – 1:32 pm +1,"Singapore Airlines, Alaska Airlines",HKT‐SAN,31h22m,2,"SIN, SFO",2102,20220409-1501,best
8:00 am – 12:10 am +2,"Air Canada, Asiana Airlines",SAN‐HKT,26h10m,2,"YVR, ICN",11:40 am – 11:49 pm,Singapore Airlines,HKT‐SAN,26h09m,2,"SIN, SFO",2511,20220409-1507,fast
5:15 pm – 9:35 am +2,Singapore Airlines,SAN‐HKT,26h20m,2,"SFO, SIN",11:40 am – 11:49 pm,Singapore Airlines,HKT‐SAN,26h09m,2,"SIN, SFO",1997,20220409-1507,fast
7:20 am – 12:10 am +2,"Korean Air, Asiana Airlines",SAN‐HKT,26h50m,2,"SEA, ICN",11:40 am – 11:49 pm,Singapore Airlines,HKT‐SAN,26h09m,2,"SIN, SFO",4738,20220409-1507,fast
8:00 am – 12:10 am +2,United Airlines,SAN‐HKT,26h10m,2,"SFO, ICN",1:30 am – 2:35 pm,United Airlines,HKT‐SAN,27h05m,2,"ICN, SFO",7002,20220409-1507,fast
5:15 pm – 10:50 am +2,Singapore Airlines,SAN‐HKT,27h35m,2,"SFO, SIN",11:40 am – 11:49 pm,Singapore Airlines,HKT‐SAN,26h09m,2,"SIN, SFO",1997,20220409-1507,fast
5:15 pm – 9:35 am +2,Singapore Airlines,SAN‐HKT,26h20m,2,"SFO, SIN",10:25 am – 11:49 pm,Singapore Airlines,HKT‐SAN,27h24m,2,"SIN, SFO",1997,20220409-1507,fast
6:35 am – 12:10 am +2,"Korean Air, Asiana Airlines",SAN‐HKT,27h35m,2,"LAX, ICN",11:40 am – 11:49 pm,Singapore Airlines,HKT‐SAN,26h09m,2,"SIN, SFO",4738,20220409-1507,fast
8:12 pm – 10:50 am +2,"United Airlines, Singapore Airlines",SAN‐HKT,24h38m,2,"SFO, SIN",8:10 pm – 12:23 pm +1,"Singapore Airlines, United Airlines",HKT‐SAN,30h13m,2,"SIN, SFO",8350,20220409-1507,fast
6:53 pm – 9:35 am +2,"United Airlines, Singapore Airlines",SAN‐HKT,24h42m,2,"SFO, SIN",8:10 pm – 12:23 pm +1,"Singapore Airlines, United Airlines",HKT‐SAN,30h13m,2,"SIN, SFO",8350,20220409-1507,fast
5:15 pm – 10:50 am +2,Singapore Airlines,SAN‐HKT,27h35m,2,"SFO, SIN",10:25 am – 11:49 pm,Singapore Airlines,HKT‐SAN,27h24m,2,"SIN, SFO",1997,20220409-1507,fast
6:15 am – 12:10 am +2,United Airlines,SAN‐HKT,27h55m,2,"SFO, ICN",1:30 am – 2:35 pm,United Airlines,HKT‐SAN,27h05m,2,"ICN, SFO",7002,20220409-1507,fast
8:15 pm – 2:00 pm +2,Multiple Airlines,SAN‐HKT,27h45m,3,"LAX, TPE, ...",8:15 am – 9:42 pm,Multiple Airlines,HKT‐SAN,27h27m,3,"BKK, TPE, ...",1748,20220409-1507,fast
8:00 am – 12:10 am +2,United Airlines,SAN‐HKT,26h10m,2,"SFO, ICN",1:30 am – 6:09 pm,United Airlines,HKT‐SAN,30h39m,2,"ICN, SFO",7002,20220409-1507,fast
8:00 am – 12:10 am +2,"Air Canada, Asiana Airlines",SAN‐HKT,26h10m,2,"YVR, ICN",1:30 am – 6:37 pm,"Asiana Airlines, Air Canada",HKT‐SAN,31h07m,2,"ICN, YVR",1805,20220409-1507,fast
8:15 pm – 2:00 pm +2,Multiple Airlines,SAN‐HKT,27h45m,3,"LAX, TPE, ...",8:15 am – 11:49 pm,Multiple Airlines,HKT‐SAN,29h34m,3,"BKK, TPE, ...",1748,20220409-1507,fast
