Out Time,Out Airline,Out Cities,Out Duration,Out Stops,Out Stop Cities,Return Time,Return Airline,Return Cities,Return Duration,Return Stops,Return Stop Cities,Price,timestamp,sort
6:15 am – 12:30 pm +2,"Alaska Airlines, Emirates",SAN‐HKT,40h15m,2,"SEA, DXB",12:10 am – 6:59 pm,"Emirates, Alaska Airlines",HKT‐SAN,32h49m,2,"DXB, SEA",1946,20220406-1428,cheap
6:15 am – 12:30 pm +2,"Alaska Airlines, Emirates",SAN‐HKT,40h15m,2,"SEA, DXB",12:10 am – 10:18 pm,"Emirates, Alaska Airlines",HKT‐SAN,36h08m,2,"DXB, SEA",1946,20220406-1428,cheap
6:15 am – 12:30 pm +2,"Alaska Airlines, Emirates",SAN‐HKT,40h15m,2,"SEA, DXB",12:10 am – 11:38 pm,"Emirates, Alaska Airlines",HKT‐SAN,37h28m,2,"DXB, SEA",1980,20220406-1428,cheap
6:15 am – 12:30 pm +2,"Alaska Airlines, Emirates",SAN‐HKT,40h15m,2,"SEA, DXB",12:10 am – 8:47 am +1,"Emirates, Alaska Airlines",HKT‐SAN,46h37m,2,"DXB, SEA",1989,20220406-1428,cheap
6:15 am – 12:30 pm +2,"Alaska Airlines, Emirates",SAN‐HKT,40h15m,2,"SEA, DXB",12:10 am – 10:50 am +1,"Emirates, Alaska Airlines",HKT‐SAN,48h40m,2,"DXB, SEA",1989,20220406-1428,cheap
7:00 am – 9:35 am +2,"Alaska Airlines, Singapore Airlines",SAN‐HKT,36h35m,3,"JFK, FRA, ...",8:10 pm – 1:23 pm +1,Singapore Airlines,HKT‐SAN,31h13m,2,"SIN, SFO",2029,20220406-1428,cheap
7:00 am – 9:35 am +2,"Alaska Airlines, Singapore Airlines",SAN‐HKT,36h35m,3,"JFK, FRA, ...",6:10 pm – 1:23 pm +1,Singapore Airlines,HKT‐SAN,33h13m,2,"SIN, SFO",2029,20220406-1428,cheap
6:15 am – 12:30 pm +2,"Alaska Airlines, Emirates",SAN‐HKT,40h15m,2,"SEA, DXB",12:10 am – 5:42 pm,"Emirates, Alaska Airlines",HKT‐SAN,31h32m,2,"DXB, SFO",2034,20220406-1428,cheap
6:15 am – 12:30 pm +2,"Alaska Airlines, Emirates",SAN‐HKT,40h15m,2,"SEA, DXB",12:10 am – 6:57 pm,"Emirates, Alaska Airlines",HKT‐SAN,32h47m,2,"DXB, SFO",2034,20220406-1428,cheap
6:15 am – 12:30 pm +2,"Alaska Airlines, Emirates",SAN‐HKT,40h15m,2,"SEA, DXB",12:10 am – 9:45 pm,"Emirates, Alaska Airlines",HKT‐SAN,35h35m,2,"DXB, SFO",2034,20220406-1428,cheap
7:00 am – 9:35 am +2,"Alaska Airlines, Singapore Airlines",SAN‐HKT,36h35m,3,"JFK, FRA, ...",8:10 pm – 11:58 pm +1,Singapore Airlines,HKT‐SAN,41h48m,2,"SIN, SFO",2034,20220406-1428,cheap
7:00 am – 9:35 am +2,"Alaska Airlines, Singapore Airlines",SAN‐HKT,36h35m,3,"JFK, FRA, ...",6:10 pm – 11:58 pm +1,Singapore Airlines,HKT‐SAN,43h48m,2,"SIN, SFO",2034,20220406-1428,cheap
7:00 am – 10:50 am +2,"Alaska Airlines, Singapore Airlines",SAN‐HKT,37h50m,3,"JFK, FRA, ...",8:10 pm – 1:23 pm +1,Singapore Airlines,HKT‐SAN,31h13m,2,"SIN, SFO",2050,20220406-1428,cheap
7:00 am – 10:50 am +2,"Alaska Airlines, Singapore Airlines",SAN‐HKT,37h50m,3,"JFK, FRA, ...",6:10 pm – 1:23 pm +1,Singapore Airlines,HKT‐SAN,33h13m,2,"SIN, SFO",2050,20220406-1428,cheap
7:00 am – 9:35 am +2,"Alaska Airlines, Singapore Airlines",SAN‐HKT,36h35m,3,"JFK, FRA, ...",11:40 am – 1:23 pm +1,Singapore Airlines,HKT‐SAN,39h43m,2,"SIN, SFO",2050,20220406-1428,cheap
7:00 am – 9:35 am +2,"Alaska Airlines, Singapore Airlines",SAN‐HKT,36h35m,3,"JFK, FRA, ...",8:10 pm – 1:23 pm +1,Singapore Airlines,HKT‐SAN,31h13m,2,"SIN, SFO",2029,20220406-1426,best
6:15 am – 12:30 pm +2,"Alaska Airlines, Emirates",SAN‐HKT,40h15m,2,"SEA, DXB",12:10 am – 6:59 pm,"Emirates, Alaska Airlines",HKT‐SAN,32h49m,2,"DXB, SEA",1946,20220406-1426,best
7:00 am – 10:50 am +2,"Alaska Airlines, Singapore Airlines",SAN‐HKT,37h50m,3,"JFK, FRA, ...",8:10 pm – 1:23 pm +1,Singapore Airlines,HKT‐SAN,31h13m,2,"SIN, SFO",2050,20220406-1426,best
7:00 am – 9:35 am +2,"Alaska Airlines, Singapore Airlines",SAN‐HKT,36h35m,3,"JFK, FRA, ...",6:10 pm – 1:23 pm +1,Singapore Airlines,HKT‐SAN,33h13m,2,"SIN, SFO",2029,20220406-1426,best
11:53 am – 1:15 pm +2,Qatar Airways,SAN‐HKT,35h22m,2,"SEA, DOH",11:55 pm – 5:42 pm +1,Qatar Airways,HKT‐SAN,31h47m,2,"DOH, SFO",2253,20220406-1426,best
11:53 am – 1:15 pm +2,Qatar Airways,SAN‐HKT,35h22m,2,"SEA, DOH",8:10 pm – 1:23 pm +1,Singapore Airlines,HKT‐SAN,31h13m,2,"SIN, SFO",2451,20220406-1426,best
7:00 am – 10:50 am +2,"Alaska Airlines, Singapore Airlines",SAN‐HKT,37h50m,3,"JFK, FRA, ...",6:10 pm – 1:23 pm +1,Singapore Airlines,HKT‐SAN,33h13m,2,"SIN, SFO",2050,20220406-1426,best
7:00 pm – 1:15 pm +2,"British Airways, Qatar Airways",SAN‐HKT,28h15m,2,"LHR, DOH",11:55 pm – 5:42 pm +1,"Qatar Airways, Alaska Airlines",HKT‐SAN,31h47m,2,"DOH, SFO",2705,20220406-1426,best
6:15 am – 12:30 pm +2,"Alaska Airlines, Emirates",SAN‐HKT,40h15m,2,"SEA, DXB",12:10 am – 5:42 pm,"Emirates, Alaska Airlines",HKT‐SAN,31h32m,2,"DXB, SFO",2034,20220406-1426,best
11:53 am – 1:15 pm +2,Qatar Airways,SAN‐HKT,35h22m,2,"SEA, DOH",12:10 am – 5:42 pm,"Emirates, Alaska Airlines",HKT‐SAN,31h32m,2,"DXB, SFO",2351,20220406-1426,best
11:53 am – 1:15 pm +2,Qatar Airways,SAN‐HKT,35h22m,2,"SEA, DOH",6:10 pm – 1:23 pm +1,Singapore Airlines,HKT‐SAN,33h13m,2,"SIN, SFO",2451,20220406-1426,best
7:00 pm – 1:15 pm +2,"British Airways, Qatar Airways",SAN‐HKT,28h15m,2,"LHR, DOH",11:55 pm – 6:57 pm +1,"Qatar Airways, Alaska Airlines",HKT‐SAN,33h02m,2,"DOH, SFO",2705,20220406-1426,best
7:00 am – 9:35 am +2,"Alaska Airlines, Singapore Airlines",SAN‐HKT,36h35m,3,"JFK, FRA, ...",8:10 pm – 4:02 pm +1,Singapore Airlines,HKT‐SAN,33h52m,2,"SIN, SFO",2236,20220406-1426,best
6:15 am – 12:30 pm +2,"Alaska Airlines, Emirates",SAN‐HKT,40h15m,2,"SEA, DXB",12:10 am – 6:57 pm,"Emirates, Alaska Airlines",HKT‐SAN,32h47m,2,"DXB, SFO",2034,20220406-1426,best
9:05 am – 1:15 pm +2,"Alaska Airlines, Qatar Airways",SAN‐HKT,38h10m,2,"EWR-JFK, DOH",8:10 pm – 1:23 pm +1,Singapore Airlines,HKT‐SAN,31h13m,2,"SIN, SFO",2410,20220406-1426,best
7:00 pm – 1:15 pm +2,"British Airways, Qatar Airways",SAN‐HKT,28h15m,2,"LHR, DOH",11:55 pm – 5:42 pm +1,"Qatar Airways, Alaska Airlines",HKT‐SAN,31h47m,2,"DOH, SFO",2705,20220406-1431,fast
7:00 pm – 1:15 pm +2,"British Airways, Qatar Airways",SAN‐HKT,28h15m,2,"LHR, DOH",8:10 pm – 2:45 pm +1,Singapore Airlines,HKT‐SAN,32h35m,2,"SIN, SEA",3243,20220406-1431,fast
7:00 pm – 1:15 pm +2,"British Airways, Qatar Airways",SAN‐HKT,28h15m,2,"LHR, DOH",11:55 pm – 6:57 pm +1,"Qatar Airways, Alaska Airlines",HKT‐SAN,33h02m,2,"DOH, SFO",2705,20220406-1431,fast
11:53 am – 1:15 pm +2,Qatar Airways,SAN‐HKT,35h22m,2,"SEA, DOH",11:40 am – 11:58 pm,Singapore Airlines,HKT‐SAN,26h18m,2,"SIN, SFO",2534,20220406-1431,fast
7:00 pm – 1:15 pm +2,"British Airways, Qatar Airways",SAN‐HKT,28h15m,2,"LHR, DOH",11:55 pm – 7:35 pm +1,"Qatar Airways, American Airlines",HKT‐SAN,33h40m,2,"DOH, ORD",2937,20220406-1431,fast
7:00 pm – 1:15 pm +2,"British Airways, Qatar Airways",SAN‐HKT,28h15m,2,"LHR, DOH",11:55 pm – 7:35 pm +1,Qatar Airways,HKT‐SAN,33h40m,2,"DOH, ORD",3397,20220406-1431,fast
10:55 am – 1:15 pm +2,"Alaska Airlines, Qatar Airways",SAN‐HKT,36h20m,2,"SFO, DOH",11:40 am – 11:58 pm,Singapore Airlines,HKT‐SAN,26h18m,2,"SIN, SFO",2953,20220406-1431,fast
11:53 am – 1:15 pm +2,Qatar Airways,SAN‐HKT,35h22m,2,"SEA, DOH",10:25 am – 11:58 pm,Singapore Airlines,HKT‐SAN,27h33m,2,"SIN, SFO",2534,20220406-1431,fast
10:55 am – 1:15 pm +2,"Alaska Airlines, Qatar Airways",SAN‐HKT,36h20m,2,"SFO, DOH",10:25 am – 11:58 pm,Singapore Airlines,HKT‐SAN,27h33m,2,"SIN, SFO",2953,20220406-1431,fast
8:15 am – 1:15 pm +2,Qatar Airways,SAN‐HKT,39h00m,2,"SFO, DOH",11:40 am – 11:58 pm,Singapore Airlines,HKT‐SAN,26h18m,2,"SIN, SFO",2700,20220406-1431,fast
1:00 pm – 1:15 pm +2,Qatar Airways,SAN‐HKT,34h15m,2,"SEA, DOH",11:55 pm – 5:06 pm +1,Qatar Airways,HKT‐SAN,31h11m,2,"DOH, SEA",2718,20220406-1431,fast
1:00 pm – 1:15 pm +2,Qatar Airways,SAN‐HKT,34h15m,2,"SEA, DOH",11:55 pm – 5:42 pm +1,Qatar Airways,HKT‐SAN,31h47m,2,"DOH, SFO",2643,20220406-1431,fast
2:38 pm – 1:15 pm +2,"American Airlines, Qatar Airways",SAN‐HKT,32h37m,3,"DFW, ORD, ...",11:55 pm – 7:35 pm +1,"Qatar Airways, American Airlines",HKT‐SAN,33h40m,2,"DOH, ORD",2676,20220406-1431,fast
2:38 pm – 1:15 pm +2,"American Airlines, Qatar Airways",SAN‐HKT,32h37m,2,"DFW, DOH",11:55 pm – 7:35 pm +1,"Qatar Airways, American Airlines",HKT‐SAN,33h40m,2,"DOH, ORD",3006,20220406-1431,fast
2:38 pm – 1:15 pm +2,"American Airlines, Qatar Airways",SAN‐HKT,32h37m,2,"DFW, DOH",11:55 pm – 7:35 pm +1,"Qatar Airways, American Airlines",HKT‐SAN,33h40m,2,"DOH, ORD",3261,20220406-1431,fast
