Out Time,Out Airline,Out Cities,Out Duration,Out Stops,Out Stop Cities,Return Time,Return Airline,Return Cities,Return Duration,Return Stops,Return Stop Cities,Price,timestamp,sort
5:15 pm – 12:10 am +3,"Alaska Airlines, Asiana Airlines",SAN‐HKT,40h55m,2,"SFO, ICN",1:30 am – 7:39 pm,Asiana Airlines,HKT‐SAN,32h09m,2,"ICN, LAX",1484,20220409-1542,cheap
5:15 pm – 12:10 am +3,"Alaska Airlines, Asiana Airlines",SAN‐HKT,40h55m,2,"SFO, ICN",1:30 am – 7:39 pm,Asiana Airlines,HKT‐SAN,32h09m,2,"ICN, LAX",1484,20220409-1542,cheap
5:15 pm – 12:10 am +3,"Alaska Airlines, Asiana Airlines",SAN‐HKT,40h55m,2,"SFO, ICN",1:30 am – 7:34 am +1,"Asiana Airlines, Alaska Airlines",HKT‐SAN,44h04m,2,"ICN, SFO",1490,20220409-1542,cheap
5:15 pm – 12:10 am +3,"Alaska Airlines, Asiana Airlines",SAN‐HKT,40h55m,2,"SFO, ICN",1:30 am – 9:39 am +1,"Asiana Airlines, Alaska Airlines",HKT‐SAN,46h09m,2,"ICN, SFO",1496,20220409-1542,cheap
6:25 am – 12:10 am +3,"Alaska Airlines, Asiana Airlines",SAN‐HKT,51h45m,2,"SFO, ICN",1:30 am – 7:39 pm,Asiana Airlines,HKT‐SAN,32h09m,2,"ICN, LAX",1497,20220409-1542,cheap
6:25 am – 12:10 am +3,"Alaska Airlines, Asiana Airlines",SAN‐HKT,51h45m,2,"SFO, ICN",1:30 am – 7:39 pm,Asiana Airlines,HKT‐SAN,32h09m,2,"ICN, LAX",1497,20220409-1542,cheap
11:00 pm – 6:55 am +3,Qatar Airways,SAN‐HKT,41h55m,2,"JFK, DOH",11:55 pm – 9:54 pm +1,Qatar Airways,HKT‐SAN,35h59m,2,"DOH, JFK",1586,20220409-1542,cheap
11:00 pm – 12:10 am +3,"Alaska Airlines, Asiana Airlines",SAN‐HKT,35h10m,2,"JFK, ICN",1:30 am – 7:34 am +1,"Asiana Airlines, Alaska Airlines",HKT‐SAN,44h04m,2,"ICN, SFO",1594,20220409-1542,cheap
9:00 pm – 6:55 am +3,"Alaska Airlines, Qatar Airways",SAN‐HKT,43h55m,2,"SFO, DOH",11:55 pm – 9:54 pm +1,"Qatar Airways, Alaska Airlines",HKT‐SAN,35h59m,2,"DOH, JFK",1602,20220409-1542,cheap
9:00 pm – 6:55 am +3,"Alaska Airlines, Qatar Airways",SAN‐HKT,43h55m,2,"SFO, DOH",9:05 pm – 9:54 pm +1,"Qatar Airways, Alaska Airlines",HKT‐SAN,38h49m,2,"DOH, JFK",1602,20220409-1542,cheap
9:00 pm – 6:55 am +3,"Alaska Airlines, Qatar Airways",SAN‐HKT,43h55m,2,"SFO, DOH",9:05 pm – 9:54 pm +1,"Qatar Airways, Alaska Airlines",HKT‐SAN,38h49m,2,"DOH, JFK",1602,20220409-1542,cheap
5:15 pm – 6:55 am +3,"Alaska Airlines, Qatar Airways",SAN‐HKT,47h40m,2,"SFO, DOH",11:55 pm – 9:54 pm +1,"Qatar Airways, Alaska Airlines",HKT‐SAN,35h59m,2,"DOH, JFK",1611,20220409-1542,cheap
3:10 pm – 6:55 am +3,"Alaska Airlines, Qatar Airways",SAN‐HKT,49h45m,2,"SFO, DOH",11:55 pm – 9:54 pm +1,"Qatar Airways, Alaska Airlines",HKT‐SAN,35h59m,2,"DOH, JFK",1611,20220409-1542,cheap
11:00 pm – 6:55 am +3,"Alaska Airlines, Qatar Airways",SAN‐HKT,41h55m,2,"JFK, DOH",9:05 pm – 9:54 pm +1,"Qatar Airways, Alaska Airlines",HKT‐SAN,38h49m,2,"DOH, JFK",1625,20220409-1542,cheap
11:00 pm – 6:55 am +3,"Alaska Airlines, Qatar Airways",SAN‐HKT,41h55m,2,"JFK, DOH",9:05 pm – 9:54 pm +1,"Qatar Airways, Alaska Airlines",HKT‐SAN,38h49m,2,"DOH, JFK",1625,20220409-1542,cheap
4:00 pm – 1:15 pm +2,"American Airlines, Qatar Airways",SAN‐HKT,31h15m,2,"DFW, DOH",9:05 pm – 2:27 pm +1,"Qatar Airways, American Airlines",HKT‐SAN,31h22m,2,"DOH, DFW",1678,20220409-1540,best
5:15 pm – 12:10 am +3,"Alaska Airlines, Asiana Airlines",SAN‐HKT,40h55m,2,"SFO, ICN",1:30 am – 7:39 pm,Asiana Airlines,HKT‐SAN,32h09m,2,"ICN, LAX",1484,20220409-1540,best
4:00 pm – 1:15 pm +2,"American Airlines, Qatar Airways",SAN‐HKT,31h15m,2,"DFW, DOH",11:55 pm – 7:35 pm +1,"Qatar Airways, American Airlines",HKT‐SAN,33h40m,2,"DOH, ORD",1626,20220409-1540,best
4:00 pm – 1:15 pm +2,"American Airlines, Qatar Airways",SAN‐HKT,31h15m,2,"DFW, DOH",9:05 pm – 5:18 pm +1,"Qatar Airways, American Airlines",HKT‐SAN,34h13m,2,"DOH, ORD",1626,20220409-1540,best
2:00 pm – 1:15 pm +2,"American Airlines, Qatar Airways",SAN‐HKT,33h15m,2,"DFW, DOH",9:05 pm – 2:27 pm +1,"Qatar Airways, American Airlines",HKT‐SAN,31h22m,2,"DOH, DFW",1678,20220409-1540,best
4:00 pm – 1:15 pm +2,"American Airlines, Qatar Airways",SAN‐HKT,31h15m,2,"DFW, DOH",11:55 pm – 9:23 pm +1,"Qatar Airways, American Airlines",HKT‐SAN,35h28m,2,"DOH, PHL",1626,20220409-1540,best
4:00 pm – 1:15 pm +2,"American Airlines, Qatar Airways",SAN‐HKT,31h15m,2,"DFW, DOH",9:05 pm – 4:54 pm +1,"Qatar Airways, American Airlines",HKT‐SAN,33h49m,2,"DOH, DFW",1678,20220409-1540,best
2:00 pm – 1:15 pm +2,"American Airlines, Qatar Airways",SAN‐HKT,33h15m,2,"DFW, DOH",11:55 pm – 7:35 pm +1,"Qatar Airways, American Airlines",HKT‐SAN,33h40m,2,"DOH, ORD",1626,20220409-1540,best
2:00 pm – 1:15 pm +2,"American Airlines, Qatar Airways",SAN‐HKT,33h15m,2,"DFW, DOH",9:05 pm – 5:18 pm +1,"Qatar Airways, American Airlines",HKT‐SAN,34h13m,2,"DOH, ORD",1626,20220409-1540,best
4:00 pm – 1:15 pm +2,"American Airlines, Qatar Airways",SAN‐HKT,31h15m,2,"DFW, DOH",9:05 pm – 7:35 pm +1,"Qatar Airways, American Airlines",HKT‐SAN,36h30m,2,"DOH, ORD",1626,20220409-1540,best
4:00 pm – 1:15 pm +2,"American Airlines, Qatar Airways",SAN‐HKT,31h15m,2,"DFW, DOH",11:55 pm – 10:25 pm +1,"Qatar Airways, American Airlines",HKT‐SAN,36h30m,2,"DOH, MIA",1626,20220409-1540,best
4:00 pm – 1:15 pm +2,"American Airlines, Qatar Airways",SAN‐HKT,31h15m,2,"DFW, DOH",9:05 pm – 7:35 pm +1,"Qatar Airways, American Airlines",HKT‐SAN,36h30m,2,"DOH, ORD",1626,20220409-1540,best
12:40 pm – 1:15 pm +2,"American Airlines, Qatar Airways",SAN‐HKT,34h35m,2,"DFW, DOH",9:05 pm – 2:27 pm +1,"Qatar Airways, American Airlines",HKT‐SAN,31h22m,2,"DOH, DFW",1678,20220409-1540,best
12:40 pm – 1:15 pm +2,"American Airlines, Qatar Airways",SAN‐HKT,34h35m,2,"DFW, DOH",9:05 pm – 2:27 pm +1,"Qatar Airways, American Airlines",HKT‐SAN,31h22m,2,"DOH, DFW",1678,20220409-1540,best
5:15 pm – 12:10 am +3,"Alaska Airlines, Asiana Airlines",SAN‐HKT,40h55m,2,"SFO, ICN",1:30 am – 7:39 pm,Asiana Airlines,HKT‐SAN,32h09m,2,"ICN, LAX",1484,20220409-1540,best
9:00 pm – 2:00 pm +2,Multiple Airlines,SAN‐HKT,27h00m,3,"SFO, TPE, ...",8:15 am – 8:24 pm,Multiple Airlines,HKT‐SAN,26h09m,3,"BKK, TPE, ...",11644,20220409-1544,fast
8:00 am – 12:10 am +2,"Air Canada, Asiana Airlines",SAN‐HKT,26h10m,2,"YVR, ICN",1:30 am – 2:45 pm,"Asiana Airlines, Korean Air",HKT‐SAN,27h15m,2,"ICN, LAX",8809,20220409-1544,fast
6:53 pm – 9:35 am +2,"United Airlines, Singapore Airlines",SAN‐HKT,24h42m,2,"SFO, SIN",9:20 pm – 12:23 pm +1,"Jetstar Asia, United Airlines",HKT‐SAN,29h03m,2,"SIN, SFO",8120,20220409-1544,fast
7:35 am – 12:10 am +2,"Korean Air, Asiana Airlines",SAN‐HKT,26h35m,2,"SEA, ICN",1:30 am – 2:45 pm,"Asiana Airlines, Korean Air",HKT‐SAN,27h15m,2,"ICN, LAX",15556,20220409-1544,fast
8:12 pm – 2:00 pm +2,"United Airlines, EVA Air",SAN‐HKT,27h48m,3,"SFO, TPE, ...",8:15 am – 8:24 pm,Multiple Airlines,HKT‐SAN,26h09m,3,"BKK, TPE, ...",12290,20220409-1544,fast
6:35 am – 12:10 am +2,"Korean Air, Asiana Airlines",SAN‐HKT,27h35m,2,"LAX, ICN",1:30 am – 2:45 pm,"Asiana Airlines, Korean Air",HKT‐SAN,27h15m,2,"ICN, LAX",15556,20220409-1544,fast
6:53 pm – 9:35 am +2,"United Airlines, Singapore Airlines",SAN‐HKT,24h42m,2,"SFO, SIN",8:10 pm – 12:23 pm +1,"Singapore Airlines, United Airlines",HKT‐SAN,30h13m,2,"SIN, SFO",8350,20220409-1544,fast
6:53 pm – 10:50 am +2,"United Airlines, Singapore Airlines",SAN‐HKT,25h57m,2,"SFO, SIN",9:20 pm – 12:23 pm +1,"Jetstar Asia, United Airlines",HKT‐SAN,29h03m,2,"SIN, SFO",8120,20220409-1544,fast
8:12 pm – 10:50 am +2,"United Airlines, Singapore Airlines",SAN‐HKT,24h38m,2,"SFO, SIN",9:20 pm – 2:35 pm +1,"Jetstar Asia, United Airlines",HKT‐SAN,31h15m,2,"SIN, SFO",8120,20220409-1544,fast
9:00 pm – 2:00 pm +2,Multiple Airlines,SAN‐HKT,27h00m,3,"SFO, TPE, ...",8:15 am – 11:28 pm,Multiple Airlines,HKT‐SAN,29h13m,3,"BKK, TPE, ...",11644,20220409-1544,fast
5:15 pm – 9:35 am +2,Singapore Airlines,SAN‐HKT,26h20m,2,"SFO, SIN",8:10 pm – 1:32 pm +1,Singapore Airlines,HKT‐SAN,31h22m,2,"SIN, SFO",6597,20220409-1544,fast
1:46 pm – 9:35 am +2,"United Airlines, Singapore Airlines",SAN‐HKT,29h49m,3,"IAH, SFO, ...",9:20 pm – 12:23 pm +1,"Jetstar Asia, United Airlines",HKT‐SAN,29h03m,2,"SIN, SFO",8459,20220409-1544,fast
5:15 pm – 10:50 am +2,Singapore Airlines,SAN‐HKT,27h35m,2,"SFO, SIN",8:10 pm – 1:32 pm +1,Singapore Airlines,HKT‐SAN,31h22m,2,"SIN, SFO",6597,20220409-1544,fast
8:00 am – 12:10 am +2,"United Airlines, Asiana Airlines",SAN‐HKT,26h10m,2,"SFO, ICN",1:30 am – 8:38 pm,"Asiana Airlines, United Airlines",HKT‐SAN,33h08m,3,"ICN, SFO, ...",2851,20220409-1544,fast
8:00 am – 12:10 am +2,"United Airlines, Asiana Airlines",SAN‐HKT,26h10m,2,"SFO, ICN",1:30 am – 8:38 pm,"Asiana Airlines, United Airlines",HKT‐SAN,33h08m,3,"ICN, SFO, ...",2851,20220409-1544,fast
