Out Time,Out Airline,Out Cities,Out Duration,Out Stops,Out Stop Cities,Return Time,Return Airline,Return Cities,Return Duration,Return Stops,Return Stop Cities,Price,timestamp,sort
1:30 pm – 9:30 am +2,Japan Airlines,SAN‐HKT,30h00m,2,"NRT, BKK",7:10 pm – 3:02 pm +2,Japan Airlines,HKT‐SAN,57h52m,3,"BKK, HND, ...",1437,20220409-1822,cheap
1:30 pm – 9:30 am +2,Japan Airlines,SAN‐HKT,30h00m,2,"NRT, BKK",10:20 am – 6:52 pm +1,Japan Airlines,HKT‐SAN,46h32m,3,"BKK, HND, ...",1441,20220409-1822,cheap
1:30 pm – 9:30 am +2,Japan Airlines,SAN‐HKT,30h00m,2,"NRT, BKK",7:10 pm – 6:52 pm +1,Japan Airlines,HKT‐SAN,37h42m,3,"BKK, NRT, ...",1442,20220409-1822,cheap
1:30 pm – 9:30 am +2,Japan Airlines,SAN‐HKT,30h00m,2,"NRT, BKK",7:10 pm – 6:52 pm +1,Japan Airlines,HKT‐SAN,37h42m,3,"BKK, NRT, ...",1442,20220409-1822,cheap
1:30 pm – 9:30 am +2,Japan Airlines,SAN‐HKT,30h00m,2,"NRT, BKK",2:40 pm – 6:52 pm +1,Japan Airlines,HKT‐SAN,42h12m,3,"BKK, NRT, ...",1442,20220409-1822,cheap
1:30 pm – 6:20 pm +2,Japan Airlines,SAN‐HKT,38h50m,2,"NRT, BKK",10:20 am – 6:52 pm +1,Japan Airlines,HKT‐SAN,46h32m,3,"BKK, HND, ...",1444,20220409-1822,cheap
1:30 pm – 9:30 am +2,Japan Airlines,SAN‐HKT,30h00m,2,"NRT, BKK",2:40 pm – 6:52 pm +1,Japan Airlines,HKT‐SAN,42h12m,3,"BKK, NRT, ...",1445,20220409-1822,cheap
1:30 pm – 9:30 am +2,Japan Airlines,SAN‐HKT,30h00m,2,"NRT, BKK",10:20 am – 6:52 pm +1,Japan Airlines,HKT‐SAN,46h32m,3,"BKK, NRT, ...",1445,20220409-1822,cheap
1:30 pm – 6:20 pm +2,Japan Airlines,SAN‐HKT,38h50m,2,"NRT, BKK",7:10 pm – 6:52 pm +1,Japan Airlines,HKT‐SAN,37h42m,3,"BKK, NRT, ...",1445,20220409-1822,cheap
1:30 pm – 6:20 pm +2,Japan Airlines,SAN‐HKT,38h50m,2,"NRT, BKK",7:10 pm – 6:52 pm +1,Japan Airlines,HKT‐SAN,37h42m,3,"BKK, NRT, ...",1445,20220409-1822,cheap
1:30 pm – 9:30 am +2,Japan Airlines,SAN‐HKT,30h00m,2,"NRT, BKK",10:20 am – 6:52 pm +1,Japan Airlines,HKT‐SAN,46h32m,3,"BKK, NRT, ...",1445,20220409-1822,cheap
1:30 pm – 6:20 pm +2,Japan Airlines,SAN‐HKT,38h50m,2,"NRT, BKK",2:40 pm – 6:52 pm +1,Japan Airlines,HKT‐SAN,42h12m,3,"BKK, NRT, ...",1445,20220409-1822,cheap
5:15 pm – 12:10 am +3,"Alaska Airlines, Asiana Airlines",SAN‐HKT,40h55m,2,"SFO, ICN",1:30 am – 7:34 am +1,"Asiana Airlines, Alaska Airlines",HKT‐SAN,44h04m,2,"ICN, SFO",1491,20220409-1822,cheap
8:25 am – 9:30 am +2,Japan Airlines,SAN‐HKT,35h05m,3,"SFO, HND, ...",10:20 am – 6:52 pm +1,Japan Airlines,HKT‐SAN,46h32m,3,"BKK, HND, ...",1504,20220409-1822,cheap
8:25 am – 9:30 am +2,Japan Airlines,SAN‐HKT,35h05m,3,"SFO, HND, ...",1:30 am – 7:34 am +1,"Asiana Airlines, Alaska Airlines",HKT‐SAN,44h04m,2,"ICN, SFO",1513,20220409-1822,cheap
1:30 pm – 9:30 am +2,Japan Airlines,SAN‐HKT,30h00m,2,"NRT, BKK",2:40 pm – 11:30 am +1,Japan Airlines,HKT‐SAN,34h50m,2,"BKK, HND-NRT",1575,20220409-1820,best
1:30 pm – 9:30 am +2,Japan Airlines,SAN‐HKT,30h00m,2,"NRT, BKK",7:10 pm – 3:02 pm +2,Japan Airlines,HKT‐SAN,57h52m,3,"BKK, HND, ...",1437,20220409-1820,best
4:00 pm – 1:15 pm +2,"American Airlines, Qatar Airways",SAN‐HKT,31h15m,2,"DFW, DOH",9:05 pm – 2:28 pm +1,"Qatar Airways, American Airlines",HKT‐SAN,31h23m,2,"DOH, DFW",1634,20220409-1820,best
1:30 pm – 9:30 am +2,Japan Airlines,SAN‐HKT,30h00m,2,"NRT, BKK",7:10 pm – 6:52 pm +1,Japan Airlines,HKT‐SAN,37h42m,3,"BKK, NRT, ...",1442,20220409-1820,best
1:30 pm – 9:30 am +2,Japan Airlines,SAN‐HKT,30h00m,2,"NRT, BKK",7:10 pm – 6:52 pm +1,Japan Airlines,HKT‐SAN,37h42m,3,"BKK, NRT, ...",1442,20220409-1820,best
1:30 pm – 9:30 am +2,Japan Airlines,SAN‐HKT,30h00m,2,"NRT, BKK",7:10 pm – 4:43 pm +1,Japan Airlines,HKT‐SAN,35h33m,3,"BKK, NRT, ...",1571,20220409-1820,best
2:00 pm – 1:15 pm +2,"American Airlines, Qatar Airways",SAN‐HKT,33h15m,2,"DFW, DOH",9:05 pm – 2:28 pm +1,"Qatar Airways, American Airlines",HKT‐SAN,31h23m,2,"DOH, DFW",1634,20220409-1820,best
4:00 pm – 1:15 pm +2,"American Airlines, Qatar Airways",SAN‐HKT,31h15m,2,"DFW, DOH",11:55 pm – 7:34 pm +1,"Qatar Airways, American Airlines",HKT‐SAN,33h39m,2,"DOH, ORD",1634,20220409-1820,best
4:00 pm – 1:15 pm +2,"American Airlines, Qatar Airways",SAN‐HKT,31h15m,2,"DFW, DOH",9:05 pm – 4:55 pm +1,"Qatar Airways, American Airlines",HKT‐SAN,33h50m,2,"DOH, DFW",1634,20220409-1820,best
5:15 pm – 9:35 am +2,"Alaska Airlines, Singapore Airlines",SAN‐HKT,26h20m,2,"SFO, SIN",8:10 pm – 1:32 pm +1,Singapore Airlines,HKT‐SAN,31h22m,2,"SIN, SFO",2036,20220409-1820,best
1:30 pm – 9:30 am +2,Japan Airlines,SAN‐HKT,30h00m,2,"NRT, BKK",11:55 pm – 9:54 pm +1,Qatar Airways,HKT‐SAN,35h59m,2,"DOH, JFK",1597,20220409-1820,best
4:00 pm – 1:15 pm +2,"American Airlines, Qatar Airways",SAN‐HKT,31h15m,2,"DFW, DOH",9:05 pm – 5:18 pm +1,"Qatar Airways, American Airlines",HKT‐SAN,34h13m,2,"DOH, ORD",1634,20220409-1820,best
4:00 pm – 1:15 pm +2,"American Airlines, Qatar Airways",SAN‐HKT,31h15m,2,"DFW, DOH",11:55 pm – 9:25 pm +1,"Qatar Airways, American Airlines",HKT‐SAN,35h30m,2,"DOH, PHL",1582,20220409-1820,best
12:40 pm – 1:15 pm +2,"American Airlines, Qatar Airways",SAN‐HKT,34h35m,2,"DFW, DOH",9:05 pm – 2:28 pm +1,"Qatar Airways, American Airlines",HKT‐SAN,31h23m,2,"DOH, DFW",1634,20220409-1820,best
12:40 pm – 1:15 pm +2,"American Airlines, Qatar Airways",SAN‐HKT,34h35m,2,"DFW, DOH",9:05 pm – 2:28 pm +1,"Qatar Airways, American Airlines",HKT‐SAN,31h23m,2,"DOH, DFW",1634,20220409-1820,best
4:00 pm – 1:15 pm +2,"American Airlines, Qatar Airways",SAN‐HKT,31h15m,2,"DFW, DOH",9:05 pm – 6:11 pm +1,"Qatar Airways, American Airlines",HKT‐SAN,35h06m,2,"DOH, DFW",1634,20220409-1820,best
9:00 pm – 2:00 pm +2,"Alaska Airlines, EVA Air",SAN‐HKT,27h00m,3,"SFO, TPE, ...",8:15 am – 8:24 pm,Multiple Airlines,HKT‐SAN,26h09m,3,"BKK, TPE, ...",9634,20220409-1824,fast
8:00 am – 12:10 am +2,United Airlines,SAN‐HKT,26h10m,2,"SFO, ICN",1:30 am – 2:35 pm,United Airlines,HKT‐SAN,27h05m,2,"ICN, SFO",6044,20220409-1824,fast
8:12 pm – 9:35 am +2,"United Airlines, Singapore Airlines",SAN‐HKT,23h23m,2,"SFO, SIN",8:10 pm – 12:23 pm +1,"Singapore Airlines, United Airlines",HKT‐SAN,30h13m,2,"SIN, SFO",8350,20220409-1824,fast
7:36 pm – 2:00 pm +2,Multiple Airlines,SAN‐HKT,28h24m,3,"SEA, TPE, ...",8:15 am – 8:24 pm,Multiple Airlines,HKT‐SAN,26h09m,3,"BKK, TPE, ...",9634,20220409-1824,fast
8:12 pm – 9:35 am +2,"United Airlines, Singapore Airlines",SAN‐HKT,23h23m,2,"SFO, SIN",9:20 pm – 2:35 pm +1,"Jetstar Asia, United Airlines",HKT‐SAN,31h15m,2,"SIN, SFO",8120,20220409-1824,fast
6:15 am – 12:10 am +2,United Airlines,SAN‐HKT,27h55m,2,"SFO, ICN",1:30 am – 2:35 pm,United Airlines,HKT‐SAN,27h05m,2,"ICN, SFO",6044,20220409-1824,fast
8:00 am – 12:10 am +2,United Airlines,SAN‐HKT,26h10m,2,"SFO, ICN",1:30 am – 6:09 pm,United Airlines,HKT‐SAN,30h39m,2,"ICN, SFO",6044,20220409-1824,fast
5:15 pm – 9:35 am +2,"Alaska Airlines, Singapore Airlines",SAN‐HKT,26h20m,2,"SFO, SIN",8:10 pm – 1:32 pm +1,Singapore Airlines,HKT‐SAN,31h22m,2,"SIN, SFO",2036,20220409-1824,fast
6:15 am – 12:10 am +2,United Airlines,SAN‐HKT,27h55m,2,"SFO, ICN",1:30 am – 6:09 pm,United Airlines,HKT‐SAN,30h39m,2,"ICN, SFO",6044,20220409-1824,fast
8:12 pm – 9:35 am +2,"United Airlines, Singapore Airlines",SAN‐HKT,23h23m,2,"SFO, SIN",1:30 am – 10:58 pm,"Asiana Airlines, United Airlines",HKT‐SAN,35h28m,3,"ICN, SFO, ...",8138,20220409-1824,fast
5:15 pm – 10:50 am +2,"Alaska Airlines, Singapore Airlines",SAN‐HKT,27h35m,2,"SFO, SIN",8:10 pm – 1:32 pm +1,Singapore Airlines,HKT‐SAN,31h22m,2,"SIN, SFO",2036,20220409-1824,fast
8:00 am – 12:10 am +2,United Airlines,SAN‐HKT,26h10m,2,"SFO, ICN",1:30 am – 8:24 pm,United Airlines,HKT‐SAN,32h54m,2,"ICN, SFO",6044,20220409-1824,fast
5:15 pm – 9:35 am +2,Singapore Airlines,SAN‐HKT,26h20m,2,"SFO, SIN",8:10 pm – 3:02 pm +1,"Singapore Airlines, Alaska Airlines",HKT‐SAN,32h52m,2,"SIN, SFO",2110,20220409-1824,fast
10:20 am – 12:10 am +2,Multiple Airlines,SAN‐HKT,23h50m,2,"SFO, ICN",5:05 pm – 3:25 pm +1,"THAI Smile, Lufthansa",HKT‐SAN,36h20m,2,"BKK, MUC",7012,20220409-1824,fast
1:30 pm – 9:30 am +2,Japan Airlines,SAN‐HKT,30h00m,2,"NRT, BKK",7:10 pm – 11:30 am +1,Japan Airlines,HKT‐SAN,30h20m,2,"BKK, NRT",3814,20220409-1824,fast
