Out Time,Out Airline,Out Cities,Out Duration,Out Stops,Out Stop Cities,Return Time,Return Airline,Return Cities,Return Duration,Return Stops,Return Stop Cities,Price,timestamp,sort
6:35 am – 9:35 am +2,Singapore Airlines,SAN‐HKT,37h00m,2,"SFO, SIN",6:10 pm – 2:56 pm +1,"Singapore Airlines, Alaska Airlines",HKT‐SAN,34h46m,2,"SIN, SFO",1189,20220409-1931,cheap
6:35 am – 10:50 am +2,Singapore Airlines,SAN‐HKT,38h15m,2,"SFO, SIN",6:10 pm – 2:56 pm +1,"Singapore Airlines, Alaska Airlines",HKT‐SAN,34h46m,2,"SIN, SFO",1189,20220409-1931,cheap
6:35 am – 9:35 am +2,Singapore Airlines,SAN‐HKT,37h00m,2,"SFO, SIN",11:40 am – 1:46 pm +1,Singapore Airlines,HKT‐SAN,40h06m,2,"SIN, SFO",1189,20220409-1931,cheap
6:35 am – 10:50 am +2,Singapore Airlines,SAN‐HKT,38h15m,2,"SFO, SIN",11:40 am – 1:46 pm +1,Singapore Airlines,HKT‐SAN,40h06m,2,"SIN, SFO",1189,20220409-1931,cheap
6:35 am – 5:10 pm +2,Singapore Airlines,SAN‐HKT,44h35m,2,"SFO, SIN",6:10 pm – 2:56 pm +1,"Singapore Airlines, Alaska Airlines",HKT‐SAN,34h46m,2,"SIN, SFO",1189,20220409-1931,cheap
6:35 am – 7:20 pm +2,Singapore Airlines,SAN‐HKT,46h45m,2,"SFO, SIN",6:10 pm – 2:56 pm +1,"Singapore Airlines, Alaska Airlines",HKT‐SAN,34h46m,2,"SIN, SFO",1189,20220409-1931,cheap
6:35 am – 5:10 pm +2,Singapore Airlines,SAN‐HKT,44h35m,2,"SFO, SIN",11:40 am – 1:46 pm +1,Singapore Airlines,HKT‐SAN,40h06m,2,"SIN, SFO",1189,20220409-1931,cheap
6:35 am – 7:20 pm +2,Singapore Airlines,SAN‐HKT,46h45m,2,"SFO, SIN",11:40 am – 1:46 pm +1,Singapore Airlines,HKT‐SAN,40h06m,2,"SIN, SFO",1189,20220409-1931,cheap
11:00 pm – 1:15 pm +3,"Alaska Airlines, Qatar Airways",SAN‐HKT,48h15m,2,"JFK, DOH",11:55 pm – 6:56 pm +1,"Qatar Airways, Alaska Airlines",HKT‐SAN,33h01m,2,"DOH, SFO",1227,20220409-1931,cheap
7:00 am – 1:15 pm +2,"Alaska Airlines, Qatar Airways",SAN‐HKT,40h15m,2,"JFK, DOH",11:55 pm – 6:56 pm +1,Qatar Airways,HKT‐SAN,33h01m,2,"DOH, SFO",1241,20220409-1931,cheap
7:00 am – 1:15 pm +2,"Alaska Airlines, Qatar Airways",SAN‐HKT,40h15m,2,"JFK, DOH",11:55 pm – 11:47 pm +1,Qatar Airways,HKT‐SAN,37h52m,2,"DOH, SFO",1241,20220409-1931,cheap
8:25 pm – 7:20 pm +2,Singapore Airlines,SAN‐HKT,32h55m,2,"SEA, SIN",8:10 pm – 1:46 pm +1,Singapore Airlines,HKT‐SAN,31h36m,2,"SIN, SFO",1249,20220409-1931,cheap
11:00 pm – 1:15 pm +3,"Alaska Airlines, Qatar Airways",SAN‐HKT,48h15m,2,"JFK, DOH",11:55 pm – 6:19 pm +1,"Qatar Airways, Alaska Airlines",HKT‐SAN,32h24m,2,"DOH, SEA",1249,20220409-1931,cheap
11:00 pm – 1:15 pm +3,"Alaska Airlines, Qatar Airways",SAN‐HKT,48h15m,2,"JFK, DOH",11:55 pm – 7:59 pm +1,"Qatar Airways, Alaska Airlines",HKT‐SAN,34h04m,2,"DOH, SEA",1249,20220409-1931,cheap
7:00 am – 1:15 pm +2,"Alaska Airlines, Qatar Airways",SAN‐HKT,40h15m,2,"JFK, DOH",11:55 pm – 6:19 pm +1,"Qatar Airways, Alaska Airlines",HKT‐SAN,32h24m,2,"DOH, SEA",1255,20220409-1931,cheap
7:40 pm – 2:00 pm +2,Multiple Airlines,SAN‐HKT,28h20m,3,"SFO, TPE, ...",8:15 am – 9:40 pm,Multiple Airlines,HKT‐SAN,27h25m,3,"BKK, TPE, ...",1453,20220409-1929,best
6:35 am – 9:35 am +2,Singapore Airlines,SAN‐HKT,37h00m,2,"SFO, SIN",6:10 pm – 2:56 pm +1,"Singapore Airlines, Alaska Airlines",HKT‐SAN,34h46m,2,"SIN, SFO",1189,20220409-1929,best
8:25 pm – 7:20 pm +2,Singapore Airlines,SAN‐HKT,32h55m,2,"SEA, SIN",8:10 pm – 1:46 pm +1,Singapore Airlines,HKT‐SAN,31h36m,2,"SIN, SFO",1249,20220409-1929,best
9:00 pm – 2:00 pm +2,"Alaska Airlines, EVA Air",SAN‐HKT,27h00m,3,"SFO, TPE, ...",8:15 am – 9:40 pm,Multiple Airlines,HKT‐SAN,27h25m,3,"BKK, TPE, ...",1453,20220409-1929,best
7:36 pm – 7:20 pm +2,"Alaska Airlines, Singapore Airlines",SAN‐HKT,33h44m,2,"SEA, SIN",8:10 pm – 1:46 pm +1,Singapore Airlines,HKT‐SAN,31h36m,2,"SIN, SFO",1269,20220409-1929,best
8:25 pm – 7:20 pm +2,"Alaska Airlines, Singapore Airlines",SAN‐HKT,32h55m,2,"SEA, SIN",8:10 pm – 2:56 pm +1,"Singapore Airlines, Alaska Airlines",HKT‐SAN,32h46m,2,"SIN, SFO",1269,20220409-1929,best
7:40 pm – 2:00 pm +2,"Alaska Airlines, EVA Air",SAN‐HKT,28h20m,3,"SFO, TPE, ...",8:15 am – 11:47 pm,Multiple Airlines,HKT‐SAN,29h32m,3,"BKK, TPE, ...",1453,20220409-1929,best
7:36 pm – 7:20 pm +2,"Alaska Airlines, Singapore Airlines",SAN‐HKT,33h44m,2,"SEA, SIN",8:10 pm – 2:56 pm +1,"Singapore Airlines, Alaska Airlines",HKT‐SAN,32h46m,2,"SIN, SFO",1269,20220409-1929,best
9:00 pm – 2:00 pm +2,"Alaska Airlines, EVA Air",SAN‐HKT,27h00m,3,"SFO, TPE, ...",8:15 am – 11:47 pm,Multiple Airlines,HKT‐SAN,29h32m,3,"BKK, TPE, ...",1453,20220409-1929,best
8:25 pm – 7:20 pm +2,Singapore Airlines,SAN‐HKT,32h55m,2,"SEA, SIN",6:10 pm – 2:56 pm +1,"Singapore Airlines, Alaska Airlines",HKT‐SAN,34h46m,2,"SIN, SFO",1275,20220409-1929,best
8:25 pm – 7:20 pm +2,"Alaska Airlines, Singapore Airlines",SAN‐HKT,32h55m,2,"SEA, SIN",11:40 am – 11:47 pm,"Singapore Airlines, Alaska Airlines",HKT‐SAN,26h07m,2,"SIN, SFO",1600,20220409-1929,best
8:25 pm – 7:20 pm +2,Singapore Airlines,SAN‐HKT,32h55m,2,"SEA, SIN",6:10 pm – 1:46 pm +1,Singapore Airlines,HKT‐SAN,33h36m,2,"SIN, SFO",1339,20220409-1929,best
7:36 pm – 7:20 pm +2,"Alaska Airlines, Singapore Airlines",SAN‐HKT,33h44m,2,"SEA, SIN",6:10 pm – 2:56 pm +1,"Singapore Airlines, Alaska Airlines",HKT‐SAN,34h46m,2,"SIN, SFO",1275,20220409-1929,best
5:15 pm – 9:35 am +2,Singapore Airlines,SAN‐HKT,26h20m,2,"SFO, SIN",11:40 am – 11:47 pm,Singapore Airlines,HKT‐SAN,26h07m,2,"SIN, SFO",1881,20220409-1929,best
6:35 am – 9:35 am +2,Singapore Airlines,SAN‐HKT,37h00m,2,"SFO, SIN",8:10 pm – 1:46 pm +1,Singapore Airlines,HKT‐SAN,31h36m,2,"SIN, SFO",1257,20220409-1929,best
7:36 pm – 7:20 pm +2,"Alaska Airlines, Singapore Airlines",SAN‐HKT,33h44m,2,"SEA, SIN",6:10 pm – 1:46 pm +1,Singapore Airlines,HKT‐SAN,33h36m,2,"SIN, SFO",1344,20220409-1929,best
8:00 am – 12:10 am +2,"Air Canada, Asiana Airlines",SAN‐HKT,26h10m,2,"YVR, ICN",11:40 am – 11:47 pm,Singapore Airlines,HKT‐SAN,26h07m,2,"SIN, SFO",4721,20220409-1933,fast
5:15 pm – 9:35 am +2,Singapore Airlines,SAN‐HKT,26h20m,2,"SFO, SIN",11:40 am – 11:47 pm,Singapore Airlines,HKT‐SAN,26h07m,2,"SIN, SFO",1881,20220409-1933,fast
7:20 am – 12:10 am +2,"Korean Air, Asiana Airlines",SAN‐HKT,26h50m,2,"SEA, ICN",11:40 am – 11:47 pm,Singapore Airlines,HKT‐SAN,26h07m,2,"SIN, SFO",4738,20220409-1933,fast
8:00 am – 12:10 am +2,United Airlines,SAN‐HKT,26h10m,2,"SFO, ICN",1:30 am – 2:35 pm,United Airlines,HKT‐SAN,27h05m,2,"ICN, SFO",7002,20220409-1933,fast
5:15 pm – 10:50 am +2,Singapore Airlines,SAN‐HKT,27h35m,2,"SFO, SIN",11:40 am – 11:47 pm,Singapore Airlines,HKT‐SAN,26h07m,2,"SIN, SFO",1881,20220409-1933,fast
5:15 pm – 9:35 am +2,Singapore Airlines,SAN‐HKT,26h20m,2,"SFO, SIN",10:25 am – 11:47 pm,Singapore Airlines,HKT‐SAN,27h22m,2,"SIN, SFO",1881,20220409-1933,fast
9:00 pm – 2:00 pm +2,"Alaska Airlines, EVA Air",SAN‐HKT,27h00m,3,"SFO, TPE, ...",8:15 am – 9:40 pm,Multiple Airlines,HKT‐SAN,27h25m,3,"BKK, TPE, ...",1453,20220409-1933,fast
3:10 pm – 9:35 am +2,Singapore Airlines,SAN‐HKT,28h25m,2,"SFO, SIN",11:40 am – 11:47 pm,Singapore Airlines,HKT‐SAN,26h07m,2,"SIN, SFO",1881,20220409-1933,fast
6:35 am – 12:10 am +2,"Korean Air, Asiana Airlines",SAN‐HKT,27h35m,2,"LAX, ICN",1:30 am – 2:45 pm,"Asiana Airlines, Korean Air",HKT‐SAN,27h15m,2,"ICN, LAX",14509,20220409-1933,fast
8:12 pm – 10:50 am +2,"United Airlines, Singapore Airlines",SAN‐HKT,24h38m,2,"SFO, SIN",8:10 pm – 12:23 pm +1,"Singapore Airlines, United Airlines",HKT‐SAN,30h13m,2,"SIN, SFO",8350,20220409-1933,fast
5:15 pm – 10:50 am +2,Singapore Airlines,SAN‐HKT,27h35m,2,"SFO, SIN",10:25 am – 11:47 pm,Singapore Airlines,HKT‐SAN,27h22m,2,"SIN, SFO",1881,20220409-1933,fast
6:15 am – 12:10 am +2,United Airlines,SAN‐HKT,27h55m,2,"SFO, ICN",1:30 am – 2:35 pm,United Airlines,HKT‐SAN,27h05m,2,"ICN, SFO",7752,20220409-1933,fast
7:40 pm – 2:00 pm +2,"Alaska Airlines, EVA Air",SAN‐HKT,28h20m,3,"SFO, TPE, ...",8:15 am – 9:40 pm,Multiple Airlines,HKT‐SAN,27h25m,3,"BKK, TPE, ...",1453,20220409-1933,fast
3:10 pm – 9:35 am +2,Singapore Airlines,SAN‐HKT,28h25m,2,"SFO, SIN",10:25 am – 11:47 pm,Singapore Airlines,HKT‐SAN,27h22m,2,"SIN, SFO",1881,20220409-1933,fast
3:10 pm – 10:50 am +2,Singapore Airlines,SAN‐HKT,29h40m,2,"SFO, SIN",11:40 am – 11:47 pm,Singapore Airlines,HKT‐SAN,26h07m,2,"SIN, SFO",1881,20220409-1933,fast
