Out Time,Out Airline,Out Cities,Out Duration,Out Stops,Out Stop Cities,Return Time,Return Airline,Return Cities,Return Duration,Return Stops,Return Stop Cities,Price,timestamp,sort
8:22 pm – 9:35 am +3,"JetBlue, Singapore Airlines",SAN‐HKT,47h13m,3,"JFK, FRA, ...",8:10 pm – 10:07 pm +1,"Singapore Airlines, Delta",HKT‐SAN,39h57m,3,"SIN, NRT, ...",1254,20220406-1134,cheap
8:45 pm – 6:55 am +3,"Alaska Airlines, Qatar Airways",SAN‐HKT,44h10m,2,"SEA, DOH",11:55 pm – 9:43 pm +2,"Qatar Airways, Alaska Airlines",HKT‐SAN,59h48m,2,"DOH, JFK",1306,20220406-1134,cheap
6:25 am – 9:35 am +2,"Alaska Airlines, Singapore Airlines",SAN‐HKT,37h10m,2,"SFO, SIN",8:10 pm – 1:28 pm +1,"Singapore Airlines, Alaska Airlines",HKT‐SAN,31h18m,2,"SIN, SFO",1317,20220406-1134,cheap
8:45 pm – 6:55 am +3,"Alaska Airlines, Qatar Airways",SAN‐HKT,44h10m,2,"SEA, DOH",11:55 pm – 9:43 pm +1,"Qatar Airways, Alaska Airlines",HKT‐SAN,35h48m,2,"DOH, JFK",1368,20220406-1134,cheap
6:40 pm – 6:55 am +3,"Alaska Airlines, Qatar Airways",SAN‐HKT,46h15m,2,"SEA, DOH",11:55 pm – 9:43 pm +1,"Qatar Airways, Alaska Airlines",HKT‐SAN,35h48m,2,"DOH, JFK",1368,20220406-1134,cheap
4:50 pm – 6:55 am +3,"Alaska Airlines, Qatar Airways",SAN‐HKT,48h05m,2,"SEA, DOH",11:55 pm – 9:43 pm +1,"Qatar Airways, Alaska Airlines",HKT‐SAN,35h48m,2,"DOH, JFK",1368,20220406-1134,cheap
10:00 pm – 1:15 pm +3,"Alaska Airlines, Qatar Airways",SAN‐HKT,49h15m,2,"SFO, DOH",11:55 pm – 9:43 pm +1,"Qatar Airways, Alaska Airlines",HKT‐SAN,35h48m,2,"DOH, JFK",1386,20220406-1134,cheap
8:45 pm – 6:55 am +3,"Alaska Airlines, Qatar Airways",SAN‐HKT,44h10m,2,"SEA, DOH",9:05 pm – 5:04 pm +1,Qatar Airways,HKT‐SAN,33h59m,2,"DOH, SEA",1443,20220406-1134,cheap
6:40 pm – 6:55 am +3,"Alaska Airlines, Qatar Airways",SAN‐HKT,46h15m,2,"SEA, DOH",9:05 pm – 5:04 pm +1,Qatar Airways,HKT‐SAN,33h59m,2,"DOH, SEA",1443,20220406-1134,cheap
6:40 pm – 6:55 am +3,"Alaska Airlines, Qatar Airways",SAN‐HKT,46h15m,2,"SEA, DOH",9:05 pm – 6:45 pm +1,Qatar Airways,HKT‐SAN,35h40m,2,"DOH, SEA",1443,20220406-1134,cheap
4:50 pm – 6:55 am +3,"Alaska Airlines, Qatar Airways",SAN‐HKT,48h05m,2,"SEA, DOH",9:05 pm – 5:04 pm +1,Qatar Airways,HKT‐SAN,33h59m,2,"DOH, SEA",1443,20220406-1134,cheap
4:50 pm – 6:55 am +3,"Alaska Airlines, Qatar Airways",SAN‐HKT,48h05m,2,"SEA, DOH",9:05 pm – 6:45 pm +1,Qatar Airways,HKT‐SAN,35h40m,2,"DOH, SEA",1443,20220406-1134,cheap
6:25 am – 6:55 am +2,Multiple Airlines,SAN‐HKT,34h30m,3,"SFO, MUC, ...",11:15 pm – 1:50 am +2,Multiple Airlines,HKT‐SAN,40h35m,3,"BKK, SIN, ...",1451,20220406-1134,cheap
10:00 pm – 1:15 pm +3,"Alaska Airlines, Qatar Airways",SAN‐HKT,49h15m,2,"SFO, DOH",11:55 pm – 5:04 pm +1,"Qatar Airways, Alaska Airlines",HKT‐SAN,31h09m,2,"DOH, SEA",1453,20220406-1134,cheap
10:00 pm – 1:15 pm +3,"Alaska Airlines, Qatar Airways",SAN‐HKT,49h15m,2,"SFO, DOH",11:55 pm – 6:45 pm +1,"Qatar Airways, Alaska Airlines",HKT‐SAN,32h50m,2,"DOH, SEA",1453,20220406-1134,cheap
12:35 pm – 1:15 pm +2,"Alaska Airlines, Qatar Airways",SAN‐HKT,34h40m,2,"SFO, DOH",11:55 pm – 5:04 pm +1,"Qatar Airways, Alaska Airlines",HKT‐SAN,31h09m,2,"DOH, SEA",1601,20220406-1132,best
8:22 pm – 9:35 am +3,"JetBlue, Singapore Airlines",SAN‐HKT,47h13m,3,"JFK, FRA, ...",8:10 pm – 10:07 pm +1,"Singapore Airlines, Delta",HKT‐SAN,39h57m,3,"SIN, NRT, ...",1254,20220406-1132,best
12:35 pm – 1:15 pm +2,"Alaska Airlines, Qatar Airways",SAN‐HKT,34h40m,2,"SFO, DOH",11:55 pm – 6:45 pm +1,"Qatar Airways, Alaska Airlines",HKT‐SAN,32h50m,2,"DOH, SEA",1601,20220406-1132,best
12:35 pm – 1:15 pm +2,"Alaska Airlines, Qatar Airways",SAN‐HKT,34h40m,2,"SFO, DOH",11:55 pm – 5:58 pm +1,"Qatar Airways, Alaska Airlines",HKT‐SAN,32h03m,2,"DOH, SFO",1666,20220406-1132,best
12:35 pm – 1:15 pm +2,"Alaska Airlines, Qatar Airways",SAN‐HKT,34h40m,2,"SFO, DOH",11:55 pm – 9:43 pm +1,"Qatar Airways, Alaska Airlines",HKT‐SAN,35h48m,2,"DOH, JFK",1494,20220406-1132,best
4:25 pm – 9:35 am +2,Singapore Airlines,SAN‐HKT,27h10m,2,"SFO, SIN",8:10 pm – 10:07 pm +1,"Singapore Airlines, Delta",HKT‐SAN,39h57m,3,"SIN, NRT, ...",1688,20220406-1132,best
6:25 am – 9:35 am +2,Singapore Airlines,SAN‐HKT,37h10m,2,"SFO, SIN",8:10 pm – 4:13 pm +1,"Singapore Airlines, Alaska Airlines",HKT‐SAN,34h03m,2,"SIN, SFO",1527,20220406-1132,best
8:00 am – 12:30 pm +2,"Alaska Airlines, Emirates",SAN‐HKT,38h30m,2,"SEA, DXB",12:10 am – 6:45 pm,"Emirates, Alaska Airlines",HKT‐SAN,32h35m,2,"DXB, SEA",1460,20220406-1132,best
6:25 am – 6:55 am +2,Multiple Airlines,SAN‐HKT,34h30m,3,"SFO, MUC, ...",11:55 pm – 7:50 pm +1,"Qatar Airways, Amtrak",HKT‐SAN,33h55m,2,"DOH, LAX-LAX",1490,20220406-1132,best
12:35 pm – 1:15 pm +2,Qatar Airways,SAN‐HKT,34h40m,2,"SFO, DOH",9:05 pm – 5:04 pm +1,Qatar Airways,HKT‐SAN,33h59m,2,"DOH, SEA",1649,20220406-1132,best
2:38 pm – 1:15 pm +2,"American Airlines, Qatar Airways",SAN‐HKT,32h37m,3,"DFW, ORD, ...",9:05 pm – 2:55 pm +1,"Qatar Airways, American Airlines",HKT‐SAN,31h50m,3,"DOH, DFW, ...",1655,20220406-1132,best
12:35 pm – 1:15 pm +2,"Alaska Airlines, Qatar Airways",SAN‐HKT,34h40m,2,"SFO, DOH",12:10 am – 5:58 pm,"Emirates, Alaska Airlines",HKT‐SAN,31h48m,2,"DXB, SFO",1740,20220406-1132,best
4:25 pm – 10:50 am +2,Singapore Airlines,SAN‐HKT,28h25m,2,"SFO, SIN",8:10 pm – 10:07 pm +1,"Singapore Airlines, Delta",HKT‐SAN,39h57m,3,"SIN, NRT, ...",1688,20220406-1132,best
10:45 am – 1:15 pm +2,"Alaska Airlines, Qatar Airways",SAN‐HKT,36h30m,2,"SFO, DOH",11:55 pm – 9:43 pm +1,"Qatar Airways, Alaska Airlines",HKT‐SAN,35h48m,2,"DOH, JFK",1494,20220406-1132,best
1:45 pm – 1:15 pm +2,"American Airlines, Qatar Airways",SAN‐HKT,33h30m,3,"DFW, ORD, ...",9:05 pm – 2:55 pm +1,"Qatar Airways, American Airlines",HKT‐SAN,31h50m,3,"DOH, DFW, ...",1655,20220406-1132,best
2:38 pm – 1:15 pm +2,"American Airlines, Qatar Airways",SAN‐HKT,32h37m,3,"DFW, ORD, ...",11:55 pm – 8:47 pm +1,"Qatar Airways, American Airlines",HKT‐SAN,34h52m,2,"DOH, ORD",1655,20220406-1132,best
4:25 pm – 9:35 am +2,Singapore Airlines,SAN‐HKT,27h10m,2,"SFO, SIN",11:40 am – 11:05 pm,Singapore Airlines,HKT‐SAN,25h25m,2,"SIN, SFO",3024,20220406-1137,fast
4:25 pm – 10:50 am +2,Singapore Airlines,SAN‐HKT,28h25m,2,"SFO, SIN",11:40 am – 11:05 pm,Singapore Airlines,HKT‐SAN,25h25m,2,"SIN, SFO",3024,20220406-1137,fast
4:25 pm – 9:35 am +2,Singapore Airlines,SAN‐HKT,27h10m,2,"SFO, SIN",10:25 am – 11:05 pm,Singapore Airlines,HKT‐SAN,26h40m,2,"SIN, SFO",3024,20220406-1137,fast
4:25 pm – 10:50 am +2,Singapore Airlines,SAN‐HKT,28h25m,2,"SFO, SIN",10:25 am – 11:05 pm,Singapore Airlines,HKT‐SAN,26h40m,2,"SIN, SFO",3024,20220406-1137,fast
7:00 pm – 1:15 pm +2,"British Airways, Qatar Airways",SAN‐HKT,28h15m,2,"LHR, DOH",11:55 pm – 5:58 pm +1,Qatar Airways,HKT‐SAN,32h03m,2,"DOH, SFO",2735,20220406-1137,fast
7:00 pm – 1:15 pm +2,"British Airways, Qatar Airways",SAN‐HKT,28h15m,2,"LHR, DOH",11:55 pm – 5:58 pm +1,Qatar Airways,HKT‐SAN,32h03m,2,"DOH, SFO",3341,20220406-1137,fast
10:45 am – 1:15 pm +2,"Alaska Airlines, Qatar Airways",SAN‐HKT,36h30m,2,"SFO, DOH",11:40 am – 11:05 pm,Singapore Airlines,HKT‐SAN,25h25m,2,"SIN, SFO",2513,20220406-1137,fast
2:38 pm – 1:15 pm +2,"American Airlines, Qatar Airways",SAN‐HKT,32h37m,2,"DFW, DOH",9:05 pm – 1:48 pm +1,"Qatar Airways, American Airlines",HKT‐SAN,30h43m,2,"DOH, DFW",2753,20220406-1137,fast
2:38 pm – 1:15 pm +2,"American Airlines, Qatar Airways",SAN‐HKT,32h37m,3,"DFW, ORD, ...",9:05 pm – 1:48 pm +1,"Qatar Airways, American Airlines",HKT‐SAN,30h43m,2,"DOH, DFW",4897,20220406-1137,fast
2:38 pm – 1:15 pm +2,"American Airlines, Qatar Airways",SAN‐HKT,32h37m,2,"DFW, DOH",9:05 pm – 1:48 pm +1,"Qatar Airways, American Airlines",HKT‐SAN,30h43m,2,"DOH, DFW",5130,20220406-1137,fast
2:38 pm – 1:15 pm +2,Qatar Airways,SAN‐HKT,32h37m,2,"DFW, DOH",11:55 pm – 5:04 pm +1,Qatar Airways,HKT‐SAN,31h09m,2,"DOH, SEA",2254,20220406-1137,fast
4:25 pm – 9:35 am +2,"Alaska Airlines, Singapore Airlines",SAN‐HKT,27h10m,2,"SFO, SIN",8:10 pm – 7:12 pm +1,Singapore Airlines,HKT‐SAN,37h02m,3,"SIN, FRA, ...",2316,20220406-1137,fast
1:45 pm – 1:15 pm +2,"American Airlines, Qatar Airways",SAN‐HKT,33h30m,2,"DFW, DOH",9:05 pm – 1:48 pm +1,"Qatar Airways, American Airlines",HKT‐SAN,30h43m,2,"DOH, DFW",5130,20220406-1137,fast
2:38 pm – 1:15 pm +2,Qatar Airways,SAN‐HKT,32h37m,2,"DFW, DOH",12:10 am – 5:58 pm,"Emirates, Alaska Airlines",HKT‐SAN,31h48m,2,"DXB, SFO",2513,20220406-1137,fast
2:38 pm – 1:15 pm +2,"American Airlines, Qatar Airways",SAN‐HKT,32h37m,3,"DFW, ORD, ...",9:05 pm – 2:55 pm +1,"Qatar Airways, American Airlines",HKT‐SAN,31h50m,3,"DOH, DFW, ...",1655,20220406-1137,fast
