Out Time,Out Airline,Out Cities,Out Duration,Out Stops,Out Stop Cities,Return Time,Return Airline,Return Cities,Return Duration,Return Stops,Return Stop Cities,Price,timestamp,sort
8:50 pm – 7:20 pm +2,"Alaska Airlines, Singapore Airlines",SAN‐HKT,32h30m,2,"SEA, SIN",8:10 pm – 1:46 pm +1,"Singapore Airlines, Alaska Airlines",HKT‐SAN,31h36m,2,"SIN, SFO",1263,20220409-2002,cheap
8:50 pm – 7:20 pm +2,"Alaska Airlines, Singapore Airlines",SAN‐HKT,32h30m,2,"SEA, SIN",8:10 pm – 2:56 pm +1,"Singapore Airlines, Alaska Airlines",HKT‐SAN,32h46m,2,"SIN, SFO",1263,20220409-2002,cheap
8:50 pm – 7:20 pm +2,"Alaska Airlines, Singapore Airlines",SAN‐HKT,32h30m,2,"SEA, SIN",6:10 pm – 1:46 pm +1,"Singapore Airlines, Alaska Airlines",HKT‐SAN,33h36m,2,"SIN, SFO",1263,20220409-2002,cheap
8:50 pm – 7:20 pm +2,"Alaska Airlines, Singapore Airlines",SAN‐HKT,32h30m,2,"SEA, SIN",6:10 pm – 2:56 pm +1,"Singapore Airlines, Alaska Airlines",HKT‐SAN,34h46m,2,"SIN, SFO",1263,20220409-2002,cheap
8:50 pm – 7:20 pm +2,"Alaska Airlines, Singapore Airlines",SAN‐HKT,32h30m,2,"SEA, SIN",11:40 am – 1:46 pm +1,Singapore Airlines,HKT‐SAN,40h06m,2,"SIN, SFO",1265,20220409-2002,cheap
8:50 pm – 7:20 pm +2,"Alaska Airlines, Singapore Airlines",SAN‐HKT,32h30m,2,"SEA, SIN",10:25 am – 1:46 pm +1,Singapore Airlines,HKT‐SAN,41h21m,2,"SIN, SFO",1265,20220409-2002,cheap
8:50 pm – 9:35 am +3,Singapore Airlines,SAN‐HKT,46h45m,2,"SEA, SIN",8:10 pm – 1:46 pm +1,Singapore Airlines,HKT‐SAN,31h36m,2,"SIN, SFO",1265,20220409-2002,cheap
8:50 pm – 9:35 am +3,Singapore Airlines,SAN‐HKT,46h45m,2,"SEA, SIN",8:10 pm – 2:56 pm +1,Singapore Airlines,HKT‐SAN,32h46m,2,"SIN, SFO",1265,20220409-2002,cheap
8:50 pm – 10:50 am +3,Singapore Airlines,SAN‐HKT,48h00m,2,"SEA, SIN",8:10 pm – 1:46 pm +1,Singapore Airlines,HKT‐SAN,31h36m,2,"SIN, SFO",1265,20220409-2002,cheap
8:50 pm – 9:35 am +3,Singapore Airlines,SAN‐HKT,46h45m,2,"SEA, SIN",6:10 pm – 1:46 pm +1,Singapore Airlines,HKT‐SAN,33h36m,2,"SIN, SFO",1265,20220409-2002,cheap
8:50 pm – 10:50 am +3,Singapore Airlines,SAN‐HKT,48h00m,2,"SEA, SIN",8:10 pm – 2:56 pm +1,Singapore Airlines,HKT‐SAN,32h46m,2,"SIN, SFO",1265,20220409-2002,cheap
8:50 pm – 9:35 am +3,Singapore Airlines,SAN‐HKT,46h45m,2,"SEA, SIN",6:10 pm – 2:56 pm +1,Singapore Airlines,HKT‐SAN,34h46m,2,"SIN, SFO",1265,20220409-2002,cheap
8:50 pm – 10:50 am +3,Singapore Airlines,SAN‐HKT,48h00m,2,"SEA, SIN",6:10 pm – 1:46 pm +1,Singapore Airlines,HKT‐SAN,33h36m,2,"SIN, SFO",1265,20220409-2002,cheap
8:50 pm – 10:50 am +3,Singapore Airlines,SAN‐HKT,48h00m,2,"SEA, SIN",6:10 pm – 2:56 pm +1,Singapore Airlines,HKT‐SAN,34h46m,2,"SIN, SFO",1265,20220409-2002,cheap
8:50 pm – 5:10 pm +3,Singapore Airlines,SAN‐HKT,54h20m,2,"SEA, SIN",8:10 pm – 1:46 pm +1,Singapore Airlines,HKT‐SAN,31h36m,2,"SIN, SFO",1265,20220409-2002,cheap
1:30 pm – 9:30 am +2,Japan Airlines,SAN‐HKT,30h00m,2,"NRT, BKK",7:10 pm – 11:30 am +1,Japan Airlines,HKT‐SAN,30h20m,2,"BKK, NRT",1360,20220409-1959,best
8:50 pm – 7:20 pm +2,"Alaska Airlines, Singapore Airlines",SAN‐HKT,32h30m,2,"SEA, SIN",8:10 pm – 1:46 pm +1,"Singapore Airlines, Alaska Airlines",HKT‐SAN,31h36m,2,"SIN, SFO",1263,20220409-1959,best
1:30 pm – 9:30 am +2,Japan Airlines,SAN‐HKT,30h00m,2,"NRT-HND, BKK",7:10 pm – 11:30 am +1,Japan Airlines,HKT‐SAN,30h20m,2,"BKK, NRT",1371,20220409-1959,best
8:50 pm – 7:20 pm +2,"Alaska Airlines, Singapore Airlines",SAN‐HKT,32h30m,2,"SEA, SIN",8:10 pm – 2:56 pm +1,"Singapore Airlines, Alaska Airlines",HKT‐SAN,32h46m,2,"SIN, SFO",1263,20220409-1959,best
8:50 pm – 7:20 pm +2,"Alaska Airlines, Singapore Airlines",SAN‐HKT,32h30m,2,"SEA, SIN",6:10 pm – 1:46 pm +1,"Singapore Airlines, Alaska Airlines",HKT‐SAN,33h36m,2,"SIN, SFO",1263,20220409-1959,best
8:50 pm – 7:20 pm +2,"Alaska Airlines, Singapore Airlines",SAN‐HKT,32h30m,2,"SEA, SIN",6:10 pm – 2:56 pm +1,"Singapore Airlines, Alaska Airlines",HKT‐SAN,34h46m,2,"SIN, SFO",1263,20220409-1959,best
8:50 pm – 7:20 pm +2,"Alaska Airlines, Singapore Airlines",SAN‐HKT,32h30m,2,"SEA, SIN",8:10 pm – 6:56 pm +1,"Singapore Airlines, Alaska Airlines",HKT‐SAN,36h46m,2,"SIN, SFO",1285,20220409-1959,best
7:40 pm – 7:20 pm +2,"Alaska Airlines, Singapore Airlines",SAN‐HKT,33h40m,2,"SEA, SIN",8:10 pm – 1:46 pm +1,Singapore Airlines,HKT‐SAN,31h36m,2,"SIN, SFO",1388,20220409-1959,best
7:40 pm – 7:20 pm +2,"Alaska Airlines, Singapore Airlines",SAN‐HKT,33h40m,2,"SEA, SIN",8:10 pm – 6:56 pm +1,"Singapore Airlines, Alaska Airlines",HKT‐SAN,36h46m,2,"SIN, SFO",1285,20220409-1959,best
8:50 pm – 7:20 pm +2,"Alaska Airlines, Singapore Airlines",SAN‐HKT,32h30m,2,"SEA, SIN",6:10 pm – 6:56 pm +1,"Singapore Airlines, Alaska Airlines",HKT‐SAN,38h46m,2,"SIN, SFO",1285,20220409-1959,best
6:25 am – 9:35 am +2,Singapore Airlines,SAN‐HKT,37h10m,2,"SFO, SIN",8:10 pm – 1:46 pm +1,Singapore Airlines,HKT‐SAN,31h36m,2,"SIN, SFO",1355,20220409-1959,best
8:50 pm – 7:20 pm +2,"Alaska Airlines, Singapore Airlines",SAN‐HKT,32h30m,2,"SEA, SIN",11:40 am – 1:46 pm +1,Singapore Airlines,HKT‐SAN,40h06m,2,"SIN, SFO",1265,20220409-1959,best
7:40 pm – 7:20 pm +2,"Alaska Airlines, Singapore Airlines",SAN‐HKT,33h40m,2,"SEA, SIN",6:10 pm – 1:46 pm +1,Singapore Airlines,HKT‐SAN,33h36m,2,"SIN, SFO",1394,20220409-1959,best
5:40 pm – 7:20 pm +2,"Alaska Airlines, Singapore Airlines",SAN‐HKT,35h40m,2,"SEA, SIN",8:10 pm – 1:46 pm +1,"Singapore Airlines, Alaska Airlines",HKT‐SAN,31h36m,2,"SIN, SFO",1400,20220409-1959,best
7:40 pm – 7:20 pm +2,"Alaska Airlines, Singapore Airlines",SAN‐HKT,33h40m,2,"SEA, SIN",6:10 pm – 6:56 pm +1,"Singapore Airlines, Alaska Airlines",HKT‐SAN,38h46m,2,"SIN, SFO",1285,20220409-1959,best
5:15 pm – 9:35 am +2,Singapore Airlines,SAN‐HKT,26h20m,2,"SFO, SIN",11:40 am – 11:47 pm,Singapore Airlines,HKT‐SAN,26h07m,2,"SIN, SFO",1962,20220409-2004,fast
7:20 am – 12:10 am +2,"Korean Air, Asiana Airlines",SAN‐HKT,26h50m,2,"SEA, ICN",11:40 am – 11:47 pm,Singapore Airlines,HKT‐SAN,26h07m,2,"SIN, SFO",4738,20220409-2004,fast
8:00 am – 12:10 am +2,United Airlines,SAN‐HKT,26h10m,2,"SFO, ICN",1:30 am – 2:35 pm,United Airlines,HKT‐SAN,27h05m,2,"ICN, SFO",7502,20220409-2004,fast
8:12 pm – 10:50 am +2,"United Airlines, Singapore Airlines",SAN‐HKT,24h38m,2,"SFO, SIN",9:20 pm – 12:23 pm +1,"Jetstar Asia, United Airlines",HKT‐SAN,29h03m,2,"SIN, SFO",8120,20220409-2004,fast
5:15 pm – 10:50 am +2,Singapore Airlines,SAN‐HKT,27h35m,2,"SFO, SIN",11:40 am – 11:47 pm,Singapore Airlines,HKT‐SAN,26h07m,2,"SIN, SFO",1962,20220409-2004,fast
5:15 pm – 9:35 am +2,Singapore Airlines,SAN‐HKT,26h20m,2,"SFO, SIN",10:25 am – 11:47 pm,Singapore Airlines,HKT‐SAN,27h22m,2,"SIN, SFO",1962,20220409-2004,fast
6:35 am – 12:10 am +2,"Korean Air, Asiana Airlines",SAN‐HKT,27h35m,2,"LAX, ICN",11:40 am – 11:47 pm,Singapore Airlines,HKT‐SAN,26h07m,2,"SIN, SFO",4738,20220409-2004,fast
3:10 pm – 9:35 am +2,Singapore Airlines,SAN‐HKT,28h25m,2,"SFO, SIN",11:40 am – 11:47 pm,Singapore Airlines,HKT‐SAN,26h07m,2,"SIN, SFO",1975,20220409-2004,fast
5:15 pm – 10:50 am +2,Singapore Airlines,SAN‐HKT,27h35m,2,"SFO, SIN",10:25 am – 11:47 pm,Singapore Airlines,HKT‐SAN,27h22m,2,"SIN, SFO",1975,20220409-2004,fast
6:15 am – 12:10 am +2,United Airlines,SAN‐HKT,27h55m,2,"SFO, ICN",1:30 am – 2:35 pm,United Airlines,HKT‐SAN,27h05m,2,"ICN, SFO",7502,20220409-2004,fast
3:10 pm – 10:50 am +2,Singapore Airlines,SAN‐HKT,29h40m,2,"SFO, SIN",11:40 am – 11:47 pm,Singapore Airlines,HKT‐SAN,26h07m,2,"SIN, SFO",1975,20220409-2004,fast
3:10 pm – 9:35 am +2,Singapore Airlines,SAN‐HKT,28h25m,2,"SFO, SIN",10:25 am – 11:47 pm,Singapore Airlines,HKT‐SAN,27h22m,2,"SIN, SFO",1975,20220409-2004,fast
1:30 pm – 9:30 am +2,"Japan Airlines, Bangkok Airways",SAN‐HKT,30h00m,2,"NRT, BKK",11:40 am – 11:47 pm,Singapore Airlines,HKT‐SAN,26h07m,2,"SIN, SFO",1723,20220409-2004,fast
10:20 am – 6:55 am +2,"Alaska Airlines, Qatar Airways",SAN‐HKT,30h35m,2,"SFO, DOH",11:40 am – 11:47 pm,Singapore Airlines,HKT‐SAN,26h07m,2,"SIN, SFO",1855,20220409-2004,fast
8:00 am – 12:10 am +2,United Airlines,SAN‐HKT,26h10m,2,"SFO, ICN",1:30 am – 6:09 pm,United Airlines,HKT‐SAN,30h39m,2,"ICN, SFO",7502,20220409-2004,fast
