Out Time,Out Airline,Out Cities,Out Duration,Out Stops,Out Stop Cities,Return Time,Return Airline,Return Cities,Return Duration,Return Stops,Return Stop Cities,Price,timestamp,sort
11:00 pm – 6:55 am +3,Multiple Airlines,SAN‐HKT,41h55m,3,"JFK, DEL, ...",6:45 pm – 3:50 pm +1,Multiple Airlines,HKT‐SAN,35h05m,3,"BKK, MNL, ...",1195,20220406-1041,cheap
10:00 pm – 1:15 pm +3,"Alaska Airlines, Qatar Airways",SAN‐HKT,49h15m,2,"SFO, DOH",11:55 pm – 9:43 pm +1,"Qatar Airways, Alaska Airlines",HKT‐SAN,35h48m,2,"DOH, JFK",1326,20220406-1041,cheap
7:25 pm – 1:15 pm +3,"Alaska Airlines, Qatar Airways",SAN‐HKT,51h50m,2,"SFO, DOH",11:55 pm – 9:43 pm +1,"Qatar Airways, Alaska Airlines",HKT‐SAN,35h48m,2,"DOH, JFK",1326,20220406-1041,cheap
8:45 pm – 1:15 pm +3,"Alaska Airlines, Qatar Airways",SAN‐HKT,50h30m,2,"SEA, DOH",11:55 pm – 9:43 pm +1,"Qatar Airways, Alaska Airlines",HKT‐SAN,35h48m,2,"DOH, JFK",1344,20220406-1041,cheap
6:40 pm – 1:15 pm +3,"Alaska Airlines, Qatar Airways",SAN‐HKT,52h35m,2,"SEA, DOH",11:55 pm – 9:43 pm +1,"Qatar Airways, Alaska Airlines",HKT‐SAN,35h48m,2,"DOH, JFK",1344,20220406-1041,cheap
11:00 pm – 6:55 am +3,Multiple Airlines,SAN‐HKT,41h55m,3,"JFK, DEL, ...",11:55 pm – 7:50 pm +1,"Qatar Airways, Amtrak",HKT‐SAN,33h55m,2,"DOH, LAX-LAX",1419,20220406-1041,cheap
7:50 am – 1:15 pm +2,"Alaska Airlines, Qatar Airways",SAN‐HKT,39h25m,2,"SEA, DOH",11:55 pm – 9:43 pm +1,"Qatar Airways, Alaska Airlines",HKT‐SAN,35h48m,2,"DOH, JFK",1433,20220406-1041,cheap
6:15 am – 1:15 pm +2,"Alaska Airlines, Qatar Airways",SAN‐HKT,41h00m,2,"SEA, DOH",11:55 pm – 9:43 pm +1,"Qatar Airways, Alaska Airlines",HKT‐SAN,35h48m,2,"DOH, JFK",1433,20220406-1041,cheap
11:00 pm – 6:55 am +3,Multiple Airlines,SAN‐HKT,41h55m,3,"JFK, DEL, ...",6:45 pm – 1:39 pm +1,"Thai Vietjet Air, Korean Air",HKT‐SAN,32h54m,3,"BKK, ICN, ...",1451,20220406-1041,cheap
11:00 pm – 6:55 am +3,Multiple Airlines,SAN‐HKT,41h55m,3,"JFK, DEL, ...",8:00 pm – 1:39 pm +1,"Thai Vietjet Air, Korean Air",HKT‐SAN,31h39m,3,"BKK, ICN, ...",1461,20220406-1041,cheap
10:00 pm – 1:15 pm +3,"Alaska Airlines, Qatar Airways",SAN‐HKT,49h15m,2,"SFO, DOH",9:05 pm – 5:04 pm +1,Qatar Airways,HKT‐SAN,33h59m,2,"DOH, SEA",1552,20220406-1041,cheap
7:25 pm – 1:15 pm +3,"Alaska Airlines, Qatar Airways",SAN‐HKT,51h50m,2,"SFO, DOH",9:05 pm – 5:04 pm +1,Qatar Airways,HKT‐SAN,33h59m,2,"DOH, SEA",1552,20220406-1041,cheap
7:25 pm – 1:15 pm +3,"Alaska Airlines, Qatar Airways",SAN‐HKT,51h50m,2,"SFO, DOH",9:05 pm – 6:45 pm +1,Qatar Airways,HKT‐SAN,35h40m,2,"DOH, SEA",1552,20220406-1041,cheap
4:25 pm – 1:15 pm +3,"Alaska Airlines, Qatar Airways",SAN‐HKT,54h50m,2,"SFO, DOH",9:05 pm – 5:04 pm +1,Qatar Airways,HKT‐SAN,33h59m,2,"DOH, SEA",1552,20220406-1041,cheap
11:00 pm – 6:55 am +3,"Alaska Airlines, Qatar Airways",SAN‐HKT,41h55m,2,"JFK, DOH",11:55 pm – 9:43 pm +1,Qatar Airways,HKT‐SAN,35h48m,2,"DOH, JFK",1566,20220406-1041,cheap
2:40 pm – 1:15 pm +2,"American Airlines, Qatar Airways",SAN‐HKT,32h35m,3,"DFW, ORD, ...",9:05 pm – 2:55 pm +1,"Qatar Airways, American Airlines",HKT‐SAN,31h50m,3,"DOH, ORD, ...",1586,20220406-1039,best
11:00 pm – 6:55 am +3,Multiple Airlines,SAN‐HKT,41h55m,3,"JFK, DEL, ...",6:45 pm – 3:50 pm +1,Multiple Airlines,HKT‐SAN,35h05m,3,"BKK, MNL, ...",1195,20220406-1039,best
2:40 pm – 1:15 pm +2,"American Airlines, Qatar Airways",SAN‐HKT,32h35m,3,"DFW, ORD, ...",9:05 pm – 2:55 pm +1,"Qatar Airways, American Airlines",HKT‐SAN,31h50m,3,"DOH, DFW, ...",1586,20220406-1039,best
1:40 pm – 1:15 pm +2,"American Airlines, Qatar Airways",SAN‐HKT,33h35m,3,"DFW, ORD, ...",9:05 pm – 2:55 pm +1,"Qatar Airways, American Airlines",HKT‐SAN,31h50m,3,"DOH, DFW, ...",1586,20220406-1039,best
1:40 pm – 1:15 pm +2,"American Airlines, Qatar Airways",SAN‐HKT,33h35m,3,"DFW, ORD, ...",9:05 pm – 2:55 pm +1,"Qatar Airways, American Airlines",HKT‐SAN,31h50m,3,"DOH, ORD, ...",1586,20220406-1039,best
2:40 pm – 1:15 pm +2,"American Airlines, Qatar Airways",SAN‐HKT,32h35m,3,"DFW, ORD, ...",9:05 pm – 3:55 pm +1,"Qatar Airways, American Airlines",HKT‐SAN,32h50m,3,"DOH, ORD, ...",1586,20220406-1039,best
2:40 pm – 1:15 pm +2,"American Airlines, Qatar Airways",SAN‐HKT,32h35m,3,"DFW, ORD, ...",11:55 pm – 8:47 pm +1,"Qatar Airways, American Airlines",HKT‐SAN,34h52m,2,"DOH, ORD",1586,20220406-1039,best
2:40 pm – 1:15 pm +2,"American Airlines, Qatar Airways",SAN‐HKT,32h35m,3,"DFW, ORD, ...",9:05 pm – 4:38 pm +1,"Qatar Airways, American Airlines",HKT‐SAN,33h33m,3,"DOH, IAD, ...",1585,20220406-1039,best
2:40 pm – 1:15 pm +2,"American Airlines, Qatar Airways",SAN‐HKT,32h35m,3,"DFW, ORD, ...",9:05 pm – 4:38 pm +1,"Qatar Airways, American Airlines",HKT‐SAN,33h33m,3,"DOH, JFK, ...",1585,20220406-1039,best
12:52 pm – 1:15 pm +2,"American Airlines, Qatar Airways",SAN‐HKT,34h23m,3,"DFW, ORD, ...",9:05 pm – 2:55 pm +1,"Qatar Airways, American Airlines",HKT‐SAN,31h50m,3,"DOH, DFW, ...",1586,20220406-1039,best
12:52 pm – 1:15 pm +2,"American Airlines, Qatar Airways",SAN‐HKT,34h23m,3,"DFW, ORD, ...",9:05 pm – 2:55 pm +1,"Qatar Airways, American Airlines",HKT‐SAN,31h50m,3,"DOH, DFW, ...",1586,20220406-1039,best
12:52 pm – 1:15 pm +2,"American Airlines, Qatar Airways",SAN‐HKT,34h23m,3,"DFW, ORD, ...",9:05 pm – 2:55 pm +1,"Qatar Airways, American Airlines",HKT‐SAN,31h50m,3,"DOH, ORD, ...",1586,20220406-1039,best
12:52 pm – 1:15 pm +2,"American Airlines, Qatar Airways",SAN‐HKT,34h23m,3,"DFW, ORD, ...",9:05 pm – 2:55 pm +1,"Qatar Airways, American Airlines",HKT‐SAN,31h50m,3,"DOH, ORD, ...",1586,20220406-1039,best
12:40 pm – 1:15 pm +2,"American Airlines, Qatar Airways",SAN‐HKT,34h35m,3,"PHX, JFK, ...",9:05 pm – 2:55 pm +1,"Qatar Airways, American Airlines",HKT‐SAN,31h50m,3,"DOH, DFW, ...",1586,20220406-1039,best
12:40 pm – 1:15 pm +2,"American Airlines, Qatar Airways",SAN‐HKT,34h35m,3,"PHX, DFW, ...",9:05 pm – 2:55 pm +1,"Qatar Airways, American Airlines",HKT‐SAN,31h50m,3,"DOH, DFW, ...",1586,20220406-1039,best
12:40 pm – 1:15 pm +2,"American Airlines, Qatar Airways",SAN‐HKT,34h35m,3,"PHX, ORD, ...",9:05 pm – 2:55 pm +1,"Qatar Airways, American Airlines",HKT‐SAN,31h50m,3,"DOH, ORD, ...",1586,20220406-1039,best
4:25 pm – 9:35 am +2,Singapore Airlines,SAN‐HKT,27h10m,2,"SFO, SIN",11:40 am – 11:05 pm,Singapore Airlines,HKT‐SAN,25h25m,2,"SIN, SFO",3109,20220406-1044,fast
4:25 pm – 10:50 am +2,Singapore Airlines,SAN‐HKT,28h25m,2,"SFO, SIN",11:40 am – 11:05 pm,Singapore Airlines,HKT‐SAN,25h25m,2,"SIN, SFO",3109,20220406-1044,fast
4:25 pm – 9:35 am +2,Singapore Airlines,SAN‐HKT,27h10m,2,"SFO, SIN",10:25 am – 11:05 pm,Singapore Airlines,HKT‐SAN,26h40m,2,"SIN, SFO",3109,20220406-1044,fast
4:25 pm – 10:50 am +2,Singapore Airlines,SAN‐HKT,28h25m,2,"SFO, SIN",10:25 am – 11:05 pm,Singapore Airlines,HKT‐SAN,26h40m,2,"SIN, SFO",3109,20220406-1044,fast
9:45 pm – 7:20 pm +2,"JetBlue, Singapore Airlines",SAN‐HKT,31h35m,2,"EWR, SIN",11:40 am – 11:05 pm,Singapore Airlines,HKT‐SAN,25h25m,2,"SIN, SFO",5630,20220406-1044,fast
9:45 pm – 7:20 pm +2,"JetBlue, Singapore Airlines",SAN‐HKT,31h35m,2,"EWR, SIN",10:25 am – 11:05 pm,Singapore Airlines,HKT‐SAN,26h40m,2,"SIN, SFO",5630,20220406-1044,fast
4:25 pm – 5:10 pm +2,Singapore Airlines,SAN‐HKT,34h45m,2,"SFO, SIN",11:40 am – 11:05 pm,Singapore Airlines,HKT‐SAN,25h25m,2,"SIN, SFO",2718,20220406-1044,fast
4:25 pm – 9:35 am +2,Singapore Airlines,SAN‐HKT,27h10m,2,"SFO, SIN",12:10 am – 7:25 pm,Emirates,HKT‐SAN,33h15m,2,"DXB, BOS",3956,20220406-1044,fast
4:25 pm – 5:10 pm +2,Singapore Airlines,SAN‐HKT,34h45m,2,"SFO, SIN",10:25 am – 11:05 pm,Singapore Airlines,HKT‐SAN,26h40m,2,"SIN, SFO",2718,20220406-1044,fast
8:10 am – 10:50 am +2,Singapore Airlines,SAN‐HKT,36h40m,2,"SFO, SIN",11:40 am – 11:05 pm,Singapore Airlines,HKT‐SAN,25h25m,2,"SIN, SFO",3195,20220406-1044,fast
2:15 pm – 5:10 pm +2,Singapore Airlines,SAN‐HKT,36h55m,2,"SFO, SIN",11:40 am – 11:05 pm,"Singapore Airlines, Alaska Airlines",HKT‐SAN,25h25m,2,"SIN, SFO",2746,20220406-1044,fast
6:25 am – 9:35 am +2,Singapore Airlines,SAN‐HKT,37h10m,2,"SFO, SIN",11:40 am – 11:05 pm,Singapore Airlines,HKT‐SAN,25h25m,2,"SIN, SFO",2718,20220406-1044,fast
2:40 pm – 1:15 pm +2,"American Airlines, Qatar Airways",SAN‐HKT,32h35m,2,"DFW, DOH",9:05 pm – 1:48 pm +1,"Qatar Airways, American Airlines",HKT‐SAN,30h43m,2,"DOH, DFW",2834,20220406-1044,fast
2:40 pm – 1:15 pm +2,"American Airlines, Qatar Airways",SAN‐HKT,32h35m,3,"DFW, ORD, ...",9:05 pm – 1:48 pm +1,"Qatar Airways, American Airlines",HKT‐SAN,30h43m,2,"DOH, DFW",4897,20220406-1044,fast
2:40 pm – 1:15 pm +2,"American Airlines, Qatar Airways",SAN‐HKT,32h35m,2,"DFW, DOH",9:05 pm – 1:48 pm +1,"Qatar Airways, American Airlines",HKT‐SAN,30h43m,2,"DOH, DFW",5235,20220406-1044,fast
