Out Time,Out Airline,Out Cities,Out Duration,Out Stops,Out Stop Cities,Return Time,Return Airline,Return Cities,Return Duration,Return Stops,Return Stop Cities,Price,timestamp,sort
11:00 pm – 1:15 pm +3,Qatar Airways,SAN‐HKT,48h15m,2,"JFK, DOH",11:55 pm – 9:54 pm +1,Qatar Airways,HKT‐SAN,35h59m,2,"DOH, JFK",1519,20220409-1643,cheap
6:25 am – 6:55 am +2,"Alaska Airlines, Qatar Airways",SAN‐HKT,34h30m,2,"SFO, DOH",11:55 pm – 9:54 pm +1,"Qatar Airways, Alaska Airlines",HKT‐SAN,35h59m,2,"DOH, JFK",1525,20220409-1643,cheap
6:25 am – 6:55 am +2,"Alaska Airlines, Qatar Airways",SAN‐HKT,34h30m,2,"SFO, DOH",9:05 pm – 9:33 pm +1,"Qatar Airways, Alaska Airlines",HKT‐SAN,38h28m,2,"DOH, JFK-EWR",1525,20220409-1643,cheap
6:25 am – 6:55 am +2,"Alaska Airlines, Qatar Airways",SAN‐HKT,34h30m,2,"SFO, DOH",9:05 pm – 9:54 pm +1,"Qatar Airways, Alaska Airlines",HKT‐SAN,38h49m,2,"DOH, JFK",1525,20220409-1643,cheap
6:25 am – 6:55 am +2,"Alaska Airlines, Qatar Airways",SAN‐HKT,34h30m,2,"SFO, DOH",9:05 pm – 9:54 pm +1,"Qatar Airways, Alaska Airlines",HKT‐SAN,38h49m,2,"DOH, JFK",1525,20220409-1643,cheap
6:25 am – 6:55 am +2,"Alaska Airlines, Qatar Airways",SAN‐HKT,34h30m,2,"SFO, DOH",11:55 pm – 11:55 am +2,Qatar Airways,HKT‐SAN,50h00m,2,"DOH, JFK",1533,20220409-1643,cheap
6:25 am – 6:55 am +2,"Alaska Airlines, Qatar Airways",SAN‐HKT,34h30m,2,"SFO, DOH",9:05 pm – 11:55 am +2,Qatar Airways,HKT‐SAN,52h50m,2,"DOH, JFK",1533,20220409-1643,cheap
6:25 am – 6:55 am +2,"Alaska Airlines, Qatar Airways",SAN‐HKT,34h30m,2,"SFO, DOH",11:55 pm – 11:55 am +2,Qatar Airways,HKT‐SAN,50h00m,2,"DOH, JFK",1541,20220409-1643,cheap
12:40 pm – 6:55 am +2,"American Airlines, Qatar Airways",SAN‐HKT,28h15m,2,"DFW, DOH",9:05 pm – 5:18 pm +1,"Qatar Airways, American Airlines",HKT‐SAN,34h13m,2,"DOH, ORD",1542,20220409-1643,cheap
12:40 pm – 6:55 am +2,"American Airlines, Qatar Airways",SAN‐HKT,28h15m,2,"DFW, DOH",11:55 pm – 9:23 pm +1,"Qatar Airways, American Airlines",HKT‐SAN,35h28m,2,"DOH, PHL",1542,20220409-1643,cheap
10:40 am – 6:55 am +2,"American Airlines, Qatar Airways",SAN‐HKT,30h15m,2,"DFW, DOH",9:05 pm – 5:18 pm +1,"Qatar Airways, American Airlines",HKT‐SAN,34h13m,2,"DOH, ORD",1542,20220409-1643,cheap
12:40 pm – 6:55 am +2,"American Airlines, Qatar Airways",SAN‐HKT,28h15m,2,"DFW, DOH",9:05 pm – 7:35 pm +1,"Qatar Airways, American Airlines",HKT‐SAN,36h30m,2,"DOH, ORD",1542,20220409-1643,cheap
4:00 pm – 1:15 pm +2,"American Airlines, Qatar Airways",SAN‐HKT,31h15m,2,"DFW, DOH",9:05 pm – 5:18 pm +1,"Qatar Airways, American Airlines",HKT‐SAN,34h13m,2,"DOH, ORD",1542,20220409-1643,cheap
10:40 am – 6:55 am +2,"American Airlines, Qatar Airways",SAN‐HKT,30h15m,2,"DFW, DOH",11:55 pm – 9:23 pm +1,"Qatar Airways, American Airlines",HKT‐SAN,35h28m,2,"DOH, PHL",1542,20220409-1643,cheap
9:25 am – 6:55 am +2,"American Airlines, Qatar Airways",SAN‐HKT,31h30m,2,"DFW, DOH",9:05 pm – 5:18 pm +1,"Qatar Airways, American Airlines",HKT‐SAN,34h13m,2,"DOH, ORD",1542,20220409-1643,cheap
12:40 pm – 6:55 am +2,"American Airlines, Qatar Airways",SAN‐HKT,28h15m,2,"DFW, DOH",9:05 pm – 2:27 pm +1,"Qatar Airways, American Airlines",HKT‐SAN,31h22m,2,"DOH, DFW",1657,20220409-1640,best
11:00 pm – 1:15 pm +3,Qatar Airways,SAN‐HKT,48h15m,2,"JFK, DOH",11:55 pm – 9:54 pm +1,Qatar Airways,HKT‐SAN,35h59m,2,"DOH, JFK",1519,20220409-1640,best
12:40 pm – 6:55 am +2,"American Airlines, Qatar Airways",SAN‐HKT,28h15m,2,"DFW, DOH",9:05 pm – 5:18 pm +1,"Qatar Airways, American Airlines",HKT‐SAN,34h13m,2,"DOH, ORD",1542,20220409-1640,best
12:40 pm – 6:55 am +2,"American Airlines, Qatar Airways",SAN‐HKT,28h15m,2,"DFW, DOH",11:55 pm – 9:23 pm +1,"Qatar Airways, American Airlines",HKT‐SAN,35h28m,2,"DOH, PHL",1542,20220409-1640,best
10:40 am – 6:55 am +2,"American Airlines, Qatar Airways",SAN‐HKT,30h15m,2,"DFW, DOH",9:05 pm – 2:27 pm +1,"Qatar Airways, American Airlines",HKT‐SAN,31h22m,2,"DOH, DFW",1657,20220409-1640,best
12:40 pm – 6:55 am +2,"American Airlines, Qatar Airways",SAN‐HKT,28h15m,2,"DFW, DOH",11:55 pm – 7:35 pm +1,"Qatar Airways, American Airlines",HKT‐SAN,33h40m,2,"DOH, ORD",1657,20220409-1640,best
10:40 am – 6:55 am +2,"American Airlines, Qatar Airways",SAN‐HKT,30h15m,2,"DFW, DOH",9:05 pm – 5:18 pm +1,"Qatar Airways, American Airlines",HKT‐SAN,34h13m,2,"DOH, ORD",1542,20220409-1640,best
12:40 pm – 6:55 am +2,"American Airlines, Qatar Airways",SAN‐HKT,28h15m,2,"DFW, DOH",9:05 pm – 4:54 pm +1,"Qatar Airways, American Airlines",HKT‐SAN,33h49m,2,"DOH, DFW",1657,20220409-1640,best
12:40 pm – 6:55 am +2,"American Airlines, Qatar Airways",SAN‐HKT,28h15m,2,"DFW, DOH",9:05 pm – 7:35 pm +1,"Qatar Airways, American Airlines",HKT‐SAN,36h30m,2,"DOH, ORD",1542,20220409-1640,best
4:00 pm – 1:15 pm +2,"American Airlines, Qatar Airways",SAN‐HKT,31h15m,2,"DFW, DOH",9:05 pm – 2:27 pm +1,"Qatar Airways, American Airlines",HKT‐SAN,31h22m,2,"DOH, DFW",1657,20220409-1640,best
4:00 pm – 1:15 pm +2,"American Airlines, Qatar Airways",SAN‐HKT,31h15m,2,"DFW, DOH",9:05 pm – 5:18 pm +1,"Qatar Airways, American Airlines",HKT‐SAN,34h13m,2,"DOH, ORD",1542,20220409-1640,best
9:25 am – 6:55 am +2,"American Airlines, Qatar Airways",SAN‐HKT,31h30m,2,"DFW, DOH",9:05 pm – 2:27 pm +1,"Qatar Airways, American Airlines",HKT‐SAN,31h22m,2,"DOH, DFW",1657,20220409-1640,best
12:40 pm – 6:55 am +2,"American Airlines, Qatar Airways",SAN‐HKT,28h15m,2,"DFW, DOH",9:05 pm – 6:08 pm +1,"Qatar Airways, American Airlines",HKT‐SAN,35h03m,2,"DOH, DFW",1657,20220409-1640,best
10:40 am – 6:55 am +2,"American Airlines, Qatar Airways",SAN‐HKT,30h15m,2,"DFW, DOH",11:55 pm – 9:23 pm +1,"Qatar Airways, American Airlines",HKT‐SAN,35h28m,2,"DOH, PHL",1542,20220409-1640,best
9:25 am – 6:55 am +2,"American Airlines, Qatar Airways",SAN‐HKT,31h30m,2,"DFW, DOH",9:05 pm – 5:18 pm +1,"Qatar Airways, American Airlines",HKT‐SAN,34h13m,2,"DOH, ORD",1542,20220409-1640,best
4:00 pm – 1:15 pm +2,"American Airlines, Qatar Airways",SAN‐HKT,31h15m,2,"DFW, DOH",11:55 pm – 9:23 pm +1,"Qatar Airways, American Airlines",HKT‐SAN,35h28m,2,"DOH, PHL",1542,20220409-1640,best
8:00 am – 12:10 am +2,"Air Canada, Asiana Airlines",SAN‐HKT,26h10m,2,"YVR, ICN",11:40 am – 11:49 pm,Singapore Airlines,HKT‐SAN,26h09m,2,"SIN, SFO",4820,20220409-1645,fast
5:15 pm – 9:30 am +2,Multiple Airlines,SAN‐HKT,26h15m,2,"MUC, BKK",11:40 am – 11:49 pm,Singapore Airlines,HKT‐SAN,26h09m,2,"SIN, SFO",5423,20220409-1645,fast
8:12 pm – 9:35 am +2,"United Airlines, Singapore Airlines",SAN‐HKT,23h23m,2,"SFO, SIN",8:10 pm – 12:23 pm +1,"Singapore Airlines, United Airlines",HKT‐SAN,30h13m,2,"SIN, SFO",8350,20220409-1645,fast
6:35 am – 12:10 am +2,"Korean Air, Asiana Airlines",SAN‐HKT,27h35m,2,"LAX, ICN",11:40 am – 11:49 pm,Singapore Airlines,HKT‐SAN,26h09m,2,"SIN, SFO",4802,20220409-1645,fast
7:00 pm – 3:05 pm +2,"British Airways, Thai Airways",SAN‐HKT,30h05m,1,LHR,11:55 am – 11:49 pm,Multiple Airlines,HKT‐SAN,25h54m,2,"SGN, SFO",3393,20220409-1645,fast
1:30 pm – 9:30 am +2,"Japan Airlines, Bangkok Airways",SAN‐HKT,30h00m,2,"NRT, BKK",11:40 am – 11:49 pm,Singapore Airlines,HKT‐SAN,26h09m,2,"SIN, SFO",1723,20220409-1645,fast
8:00 am – 12:10 am +2,"Air Canada, Asiana Airlines",SAN‐HKT,26h10m,2,"YVR, ICN",8:10 pm – 12:23 pm +1,"Singapore Airlines, United Airlines",HKT‐SAN,30h13m,2,"SIN, SFO",5550,20220409-1645,fast
10:40 am – 6:55 am +2,Qatar Airways,SAN‐HKT,30h15m,2,"DFW, DOH",11:40 am – 11:49 pm,"Singapore Airlines, Alaska Airlines",HKT‐SAN,26h09m,2,"SIN, SFO",2777,20220409-1645,fast
8:00 am – 12:10 am +2,Air Canada,SAN‐HKT,26h10m,2,"YVR, ICN",1:30 am – 6:37 pm,Air Canada,HKT‐SAN,31h07m,2,"ICN, YVR",2459,20220409-1645,fast
10:40 am – 6:55 am +2,Qatar Airways,SAN‐HKT,30h15m,2,"DFW, DOH",10:25 am – 11:49 pm,"Singapore Airlines, Alaska Airlines",HKT‐SAN,27h24m,2,"SIN, SFO",2777,20220409-1645,fast
8:25 am – 6:55 am +2,"Alaska Airlines, Qatar Airways",SAN‐HKT,32h30m,2,"SFO, DOH",11:40 am – 11:49 pm,Singapore Airlines,HKT‐SAN,26h09m,2,"SIN, SFO",1939,20220409-1645,fast
1:00 pm – 6:55 am +2,Qatar Airways,SAN‐HKT,27h55m,2,"SEA, DOH",11:55 pm – 5:05 pm +1,"Qatar Airways, British Airways",HKT‐SAN,31h10m,2,"DOH, LHR",3368,20220409-1645,fast
12:40 pm – 6:55 am +2,Qatar Airways,SAN‐HKT,28h15m,2,"DFW, DOH",11:55 pm – 5:05 pm +1,"Qatar Airways, British Airways",HKT‐SAN,31h10m,2,"DOH, LHR",3180,20220409-1645,fast
7:00 pm – 1:15 pm +2,"British Airways, Qatar Airways",SAN‐HKT,28h15m,2,"LHR, DOH",11:55 pm – 5:05 pm +1,"Qatar Airways, British Airways",HKT‐SAN,31h10m,2,"DOH, LHR",4341,20220409-1645,fast
7:00 pm – 1:15 pm +2,"British Airways, Qatar Airways",SAN‐HKT,28h15m,2,"LHR, DOH",11:55 pm – 5:05 pm +1,"Qatar Airways, British Airways",HKT‐SAN,31h10m,2,"DOH, LHR",4341,20220409-1645,fast
