Out Time,Out Airline,Out Cities,Out Duration,Out Stops,Out Stop Cities,Return Time,Return Airline,Return Cities,Return Duration,Return Stops,Return Stop Cities,Price,timestamp,sort
6:25 am – 9:35 am +2,"Alaska Airlines, Singapore Airlines",SAN‐HKT,37h10m,2,"SFO, SIN",8:10 pm – 2:17 pm +1,"Singapore Airlines, Alaska Airlines",HKT‐SAN,32h07m,2,"SIN, SFO",971,20220409-2133,cheap
6:25 am – 10:50 am +2,"Alaska Airlines, Singapore Airlines",SAN‐HKT,38h25m,2,"SFO, SIN",8:10 pm – 2:17 pm +1,"Singapore Airlines, Alaska Airlines",HKT‐SAN,32h07m,2,"SIN, SFO",971,20220409-2133,cheap
6:25 am – 9:35 am +2,"Alaska Airlines, Singapore Airlines",SAN‐HKT,37h10m,2,"SFO, SIN",6:10 pm – 2:17 pm +1,"Singapore Airlines, Alaska Airlines",HKT‐SAN,34h07m,2,"SIN, SFO",994,20220409-2133,cheap
6:25 am – 10:50 am +2,"Alaska Airlines, Singapore Airlines",SAN‐HKT,38h25m,2,"SFO, SIN",6:10 pm – 2:17 pm +1,"Singapore Airlines, Alaska Airlines",HKT‐SAN,34h07m,2,"SIN, SFO",994,20220409-2133,cheap
6:25 am – 9:35 am +2,"Alaska Airlines, Singapore Airlines",SAN‐HKT,37h10m,2,"SFO, SIN",11:40 am – 2:17 pm +1,"Singapore Airlines, Alaska Airlines",HKT‐SAN,40h37m,2,"SIN, SFO",994,20220409-2133,cheap
6:25 am – 10:50 am +2,"Alaska Airlines, Singapore Airlines",SAN‐HKT,38h25m,2,"SFO, SIN",11:40 am – 2:17 pm +1,"Singapore Airlines, Alaska Airlines",HKT‐SAN,40h37m,2,"SIN, SFO",994,20220409-2133,cheap
6:25 am – 9:35 am +2,Singapore Airlines,SAN‐HKT,37h10m,2,"SFO, SIN",8:10 pm – 3:47 pm +1,Singapore Airlines,HKT‐SAN,33h37m,2,"SIN, SFO",999,20220409-2133,cheap
6:25 am – 10:50 am +2,Singapore Airlines,SAN‐HKT,38h25m,2,"SFO, SIN",8:10 pm – 3:47 pm +1,Singapore Airlines,HKT‐SAN,33h37m,2,"SIN, SFO",999,20220409-2133,cheap
6:25 am – 9:35 am +2,Singapore Airlines,SAN‐HKT,37h10m,2,"SFO, SIN",6:10 pm – 3:47 pm +1,Singapore Airlines,HKT‐SAN,35h37m,2,"SIN, SFO",999,20220409-2133,cheap
6:25 am – 10:50 am +2,Singapore Airlines,SAN‐HKT,38h25m,2,"SFO, SIN",6:10 pm – 3:47 pm +1,Singapore Airlines,HKT‐SAN,35h37m,2,"SIN, SFO",999,20220409-2133,cheap
6:25 am – 5:10 pm +2,Singapore Airlines,SAN‐HKT,44h45m,2,"SFO, SIN",8:10 pm – 2:17 pm +1,Singapore Airlines,HKT‐SAN,32h07m,2,"SIN, SFO",999,20220409-2133,cheap
6:25 am – 5:10 pm +2,Singapore Airlines,SAN‐HKT,44h45m,2,"SFO, SIN",8:10 pm – 3:47 pm +1,Singapore Airlines,HKT‐SAN,33h37m,2,"SIN, SFO",999,20220409-2133,cheap
6:25 am – 5:10 pm +2,Singapore Airlines,SAN‐HKT,44h45m,2,"SFO, SIN",6:10 pm – 2:17 pm +1,Singapore Airlines,HKT‐SAN,34h07m,2,"SIN, SFO",999,20220409-2133,cheap
6:25 am – 7:20 pm +2,Singapore Airlines,SAN‐HKT,46h55m,2,"SFO, SIN",8:10 pm – 2:17 pm +1,Singapore Airlines,HKT‐SAN,32h07m,2,"SIN, SFO",999,20220409-2133,cheap
6:25 am – 9:35 am +2,Singapore Airlines,SAN‐HKT,37h10m,2,"SFO, SIN",10:25 am – 2:17 pm +1,Singapore Airlines,HKT‐SAN,41h52m,2,"SIN, SFO",999,20220409-2133,cheap
6:25 am – 9:35 am +2,"Alaska Airlines, Singapore Airlines",SAN‐HKT,37h10m,2,"SFO, SIN",8:10 pm – 2:17 pm +1,"Singapore Airlines, Alaska Airlines",HKT‐SAN,32h07m,2,"SIN, SFO",971,20220409-2130,best
6:25 am – 10:50 am +2,"Alaska Airlines, Singapore Airlines",SAN‐HKT,38h25m,2,"SFO, SIN",8:10 pm – 2:17 pm +1,"Singapore Airlines, Alaska Airlines",HKT‐SAN,32h07m,2,"SIN, SFO",971,20220409-2130,best
6:25 am – 9:35 am +2,Singapore Airlines,SAN‐HKT,37h10m,2,"SFO, SIN",8:10 pm – 3:47 pm +1,Singapore Airlines,HKT‐SAN,33h37m,2,"SIN, SFO",999,20220409-2130,best
6:25 am – 10:50 am +2,Singapore Airlines,SAN‐HKT,38h25m,2,"SFO, SIN",8:10 pm – 3:47 pm +1,Singapore Airlines,HKT‐SAN,33h37m,2,"SIN, SFO",999,20220409-2130,best
6:29 am – 12:10 am +2,Asiana Airlines,SAN‐HKT,27h41m,2,"LAX, ICN",1:30 am – 1:33 pm,Asiana Airlines,HKT‐SAN,26h03m,2,"ICN, LAX",1264,20220409-2130,best
8:50 pm – 7:20 pm +2,"Alaska Airlines, Singapore Airlines",SAN‐HKT,32h30m,2,"SEA, SIN",8:10 pm – 2:17 pm +1,Singapore Airlines,HKT‐SAN,32h07m,2,"SIN, SFO",1131,20220409-2130,best
6:25 am – 9:35 am +2,"Alaska Airlines, Singapore Airlines",SAN‐HKT,37h10m,2,"SFO, SIN",6:10 pm – 2:17 pm +1,"Singapore Airlines, Alaska Airlines",HKT‐SAN,34h07m,2,"SIN, SFO",994,20220409-2130,best
6:25 am – 9:35 am +2,Singapore Airlines,SAN‐HKT,37h10m,2,"SFO, SIN",6:10 pm – 3:47 pm +1,Singapore Airlines,HKT‐SAN,35h37m,2,"SIN, SFO",999,20220409-2130,best
1:30 pm – 9:30 am +2,Japan Airlines,SAN‐HKT,30h00m,2,"NRT, BKK",7:10 pm – 11:30 am +1,Japan Airlines,HKT‐SAN,30h20m,2,"BKK, NRT",1247,20220409-2130,best
7:40 pm – 7:20 pm +2,"Alaska Airlines, Singapore Airlines",SAN‐HKT,33h40m,2,"SEA, SIN",8:10 pm – 2:17 pm +1,Singapore Airlines,HKT‐SAN,32h07m,2,"SIN, SFO",1131,20220409-2130,best
8:50 pm – 7:20 pm +2,"Alaska Airlines, Singapore Airlines",SAN‐HKT,32h30m,2,"SEA, SIN",8:10 pm – 3:47 pm +1,Singapore Airlines,HKT‐SAN,33h37m,2,"SIN, SFO",1131,20220409-2130,best
6:25 am – 10:50 am +2,"Alaska Airlines, Singapore Airlines",SAN‐HKT,38h25m,2,"SFO, SIN",6:10 pm – 2:17 pm +1,"Singapore Airlines, Alaska Airlines",HKT‐SAN,34h07m,2,"SIN, SFO",994,20220409-2130,best
6:25 am – 10:50 am +2,Singapore Airlines,SAN‐HKT,38h25m,2,"SFO, SIN",6:10 pm – 3:47 pm +1,Singapore Airlines,HKT‐SAN,35h37m,2,"SIN, SFO",999,20220409-2130,best
8:50 pm – 7:20 pm +2,"Alaska Airlines, Singapore Airlines",SAN‐HKT,32h30m,2,"SEA, SIN",6:10 pm – 2:17 pm +1,Singapore Airlines,HKT‐SAN,34h07m,2,"SIN, SFO",1131,20220409-2130,best
1:30 pm – 9:30 am +2,Japan Airlines,SAN‐HKT,30h00m,2,"NRT-HND, BKK",7:10 pm – 11:30 am +1,Japan Airlines,HKT‐SAN,30h20m,2,"BKK, NRT",1277,20220409-2130,best
9:50 am – 12:10 am +2,"Alaska Airlines, Asiana Airlines",SAN‐HKT,24h20m,2,"SEA, ICN",1:30 am – 1:33 pm,Asiana Airlines,HKT‐SAN,26h03m,2,"ICN, LAX",1372,20220409-2135,fast
5:15 pm – 9:35 am +2,Singapore Airlines,SAN‐HKT,26h20m,2,"SFO, SIN",11:40 am – 11:22 pm,Singapore Airlines,HKT‐SAN,25h42m,2,"SIN, SFO",1879,20220409-2135,fast
7:20 am – 12:10 am +2,"Korean Air, Asiana Airlines",SAN‐HKT,26h50m,2,"SEA, ICN",11:40 am – 11:22 pm,Singapore Airlines,HKT‐SAN,25h42m,2,"SIN, SFO",4699,20220409-2135,fast
5:15 pm – 10:50 am +2,Singapore Airlines,SAN‐HKT,27h35m,2,"SFO, SIN",11:40 am – 11:22 pm,Singapore Airlines,HKT‐SAN,25h42m,2,"SIN, SFO",1879,20220409-2135,fast
5:15 pm – 9:35 am +2,Singapore Airlines,SAN‐HKT,26h20m,2,"SFO, SIN",10:25 am – 11:22 pm,Singapore Airlines,HKT‐SAN,26h57m,2,"SIN, SFO",1879,20220409-2135,fast
6:29 am – 12:10 am +2,Asiana Airlines,SAN‐HKT,27h41m,2,"LAX, ICN",11:40 am – 11:22 pm,Singapore Airlines,HKT‐SAN,25h42m,2,"SIN, SFO",1810,20220409-2135,fast
1:00 pm – 6:55 am +2,"Alaska Airlines, Qatar Airways",SAN‐HKT,27h55m,2,"SEA, DOH",11:40 am – 11:22 pm,Singapore Airlines,HKT‐SAN,25h42m,2,"SIN, SFO",4662,20220409-2135,fast
6:15 am – 12:10 am +2,"Korean Air, Asiana Airlines",SAN‐HKT,27h55m,2,"SEA, ICN",11:40 am – 11:22 pm,Singapore Airlines,HKT‐SAN,25h42m,2,"SIN, SFO",8713,20220409-2135,fast
8:00 am – 12:10 am +2,"United Airlines, Asiana Airlines",SAN‐HKT,26h10m,2,"SFO, ICN",1:30 am – 2:58 pm,"Asiana Airlines, United Airlines",HKT‐SAN,27h28m,2,"ICN, SFO",1703,20220409-2135,fast
6:29 am – 12:10 am +2,Asiana Airlines,SAN‐HKT,27h41m,2,"LAX, ICN",1:30 am – 1:33 pm,Asiana Airlines,HKT‐SAN,26h03m,2,"ICN, LAX",1264,20220409-2135,fast
3:10 pm – 9:35 am +2,Singapore Airlines,SAN‐HKT,28h25m,2,"SFO, SIN",11:40 am – 11:22 pm,Singapore Airlines,HKT‐SAN,25h42m,2,"SIN, SFO",1879,20220409-2135,fast
5:15 pm – 10:50 am +2,Singapore Airlines,SAN‐HKT,27h35m,2,"SFO, SIN",10:25 am – 11:22 pm,Singapore Airlines,HKT‐SAN,26h57m,2,"SIN, SFO",1879,20220409-2135,fast
8:00 am – 12:10 am +2,"United Airlines, Asiana Airlines",SAN‐HKT,26h10m,2,"SFO, ICN",1:30 am – 4:30 pm,"Asiana Airlines, United Airlines",HKT‐SAN,29h00m,2,"ICN, SFO",1703,20220409-2135,fast
3:10 pm – 9:35 am +2,Singapore Airlines,SAN‐HKT,28h25m,2,"SFO, SIN",10:25 am – 11:22 pm,Singapore Airlines,HKT‐SAN,26h57m,2,"SIN, SFO",1879,20220409-2135,fast
3:10 pm – 10:50 am +2,Singapore Airlines,SAN‐HKT,29h40m,2,"SFO, SIN",11:40 am – 11:22 pm,Singapore Airlines,HKT‐SAN,25h42m,2,"SIN, SFO",1879,20220409-2135,fast
