Out Time,Out Airline,Out Cities,Out Duration,Out Stops,Out Stop Cities,Return Time,Return Airline,Return Cities,Return Duration,Return Stops,Return Stop Cities,Price,timestamp,sort
6:25 am – 9:35 am +2,Singapore Airlines,SAN‐HKT,37h10m,2,"SFO, SIN",6:10 pm – 11:47 pm +1,Singapore Airlines,HKT‐SAN,43h37m,2,"SIN, SFO",1169,20220409-2017,cheap
6:25 am – 10:50 am +2,Singapore Airlines,SAN‐HKT,38h25m,2,"SFO, SIN",6:10 pm – 11:47 pm +1,Singapore Airlines,HKT‐SAN,43h37m,2,"SIN, SFO",1169,20220409-2017,cheap
6:25 am – 9:35 am +2,Singapore Airlines,SAN‐HKT,37h10m,2,"SFO, SIN",10:25 am – 7:32 am +2,Singapore Airlines,HKT‐SAN,59h07m,2,"SIN, SFO",1169,20220409-2017,cheap
6:25 am – 9:35 am +2,"Alaska Airlines, Singapore Airlines",SAN‐HKT,37h10m,2,"SFO, SIN",8:10 pm – 2:56 pm +1,"Singapore Airlines, Alaska Airlines",HKT‐SAN,32h46m,2,"SIN, SFO",1240,20220409-2017,cheap
6:25 am – 9:35 am +2,"Alaska Airlines, Singapore Airlines",SAN‐HKT,37h10m,2,"SFO, SIN",6:10 pm – 1:46 pm +1,"Singapore Airlines, Alaska Airlines",HKT‐SAN,33h36m,2,"SIN, SFO",1240,20220409-2017,cheap
6:25 am – 10:50 am +2,Singapore Airlines,SAN‐HKT,38h25m,2,"SFO, SIN",8:10 pm – 2:56 pm +1,"Singapore Airlines, Alaska Airlines",HKT‐SAN,32h46m,2,"SIN, SFO",1240,20220409-2017,cheap
6:25 am – 9:35 am +2,Singapore Airlines,SAN‐HKT,37h10m,2,"SFO, SIN",8:10 pm – 4:31 pm +1,"Singapore Airlines, Alaska Airlines",HKT‐SAN,34h21m,2,"SIN, SFO",1240,20220409-2017,cheap
6:25 am – 9:35 am +2,"Alaska Airlines, Singapore Airlines",SAN‐HKT,37h10m,2,"SFO, SIN",6:10 pm – 2:56 pm +1,"Singapore Airlines, Alaska Airlines",HKT‐SAN,34h46m,2,"SIN, SFO",1240,20220409-2017,cheap
6:25 am – 10:50 am +2,Singapore Airlines,SAN‐HKT,38h25m,2,"SFO, SIN",6:10 pm – 1:46 pm +1,"Singapore Airlines, Alaska Airlines",HKT‐SAN,33h36m,2,"SIN, SFO",1240,20220409-2017,cheap
6:25 am – 10:50 am +2,Singapore Airlines,SAN‐HKT,38h25m,2,"SFO, SIN",8:10 pm – 4:31 pm +1,"Singapore Airlines, Alaska Airlines",HKT‐SAN,34h21m,2,"SIN, SFO",1240,20220409-2017,cheap
6:25 am – 9:35 am +2,Singapore Airlines,SAN‐HKT,37h10m,2,"SFO, SIN",8:10 pm – 11:47 pm +1,Singapore Airlines,HKT‐SAN,41h37m,2,"SIN, SFO",1246,20220409-2017,cheap
8:25 am – 12:10 am +3,"Alaska Airlines, Asiana Airlines",SAN‐HKT,49h45m,2,"SFO, ICN",1:30 am – 9:40 pm,"Asiana Airlines, Alaska Airlines",HKT‐SAN,34h10m,2,"ICN, SFO",1297,20220409-2017,cheap
8:25 am – 6:55 am +2,"Alaska Airlines, Qatar Airways",SAN‐HKT,32h30m,2,"SFO, DOH",9:05 pm – 12:07 pm +2,"Qatar Airways, Alaska Airlines",HKT‐SAN,53h02m,2,"DOH, SFO",1304,20220409-2017,cheap
8:25 am – 6:55 am +2,"Alaska Airlines, Qatar Airways",SAN‐HKT,32h30m,2,"SFO, DOH",9:05 pm – 6:56 pm +1,"Qatar Airways, Alaska Airlines",HKT‐SAN,35h51m,2,"DOH, SFO",1306,20220409-2017,cheap
6:25 am – 9:35 am +2,Singapore Airlines,SAN‐HKT,37h10m,2,"SFO, SIN",8:10 pm – 1:46 pm +1,Singapore Airlines,HKT‐SAN,31h36m,2,"SIN, SFO",1310,20220409-2017,cheap
1:30 pm – 9:30 am +2,Japan Airlines,SAN‐HKT,30h00m,2,"NRT, BKK",7:10 pm – 11:30 am +1,Japan Airlines,HKT‐SAN,30h20m,2,"BKK, NRT",1360,20220409-2014,best
6:25 am – 9:35 am +2,Singapore Airlines,SAN‐HKT,37h10m,2,"SFO, SIN",6:10 pm – 11:47 pm +1,Singapore Airlines,HKT‐SAN,43h37m,2,"SIN, SFO",1169,20220409-2014,best
1:30 pm – 9:30 am +2,Japan Airlines,SAN‐HKT,30h00m,2,"NRT-HND, BKK",7:10 pm – 11:30 am +1,Japan Airlines,HKT‐SAN,30h20m,2,"BKK, NRT",1371,20220409-2014,best
8:50 pm – 2:00 pm +2,Multiple Airlines,SAN‐HKT,27h10m,3,"SEA, TPE, ...",8:15 am – 9:40 pm,Multiple Airlines,HKT‐SAN,27h25m,3,"BKK, TPE, ...",1598,20220409-2014,best
8:50 pm – 2:00 pm +2,"Alaska Airlines, EVA Air",SAN‐HKT,27h10m,3,"SEA, TPE, ...",8:15 am – 9:40 pm,Multiple Airlines,HKT‐SAN,27h25m,3,"BKK, TPE, ...",1598,20220409-2014,best
11:00 am – 6:55 am +2,"American Airlines, Qatar Airways",SAN‐HKT,29h55m,2,"DFW, DOH",9:05 pm – 1:15 pm +1,"Qatar Airways, American Airlines",HKT‐SAN,30h10m,2,"DOH, DFW",1498,20220409-2014,best
4:40 pm – 1:15 pm +2,"American Airlines, Qatar Airways",SAN‐HKT,30h35m,2,"DFW, DOH",9:05 pm – 1:15 pm +1,"Qatar Airways, American Airlines",HKT‐SAN,30h10m,2,"DOH, DFW",1498,20220409-2014,best
11:29 am – 6:55 am +2,"American Airlines, Qatar Airways",SAN‐HKT,29h26m,2,"ORD, DOH",9:05 pm – 1:15 pm +1,"Qatar Airways, American Airlines",HKT‐SAN,30h10m,2,"DOH, DFW",1537,20220409-2014,best
11:00 am – 6:55 am +2,"American Airlines, Qatar Airways",SAN‐HKT,29h55m,2,"DFW, DOH",9:05 pm – 2:00 pm +1,"Qatar Airways, American Airlines",HKT‐SAN,30h55m,2,"DOH, ORD",1498,20220409-2014,best
4:40 pm – 1:15 pm +2,"American Airlines, Qatar Airways",SAN‐HKT,30h35m,2,"DFW, DOH",9:05 pm – 2:00 pm +1,"Qatar Airways, American Airlines",HKT‐SAN,30h55m,2,"DOH, ORD",1498,20220409-2014,best
6:25 am – 9:35 am +2,Singapore Airlines,SAN‐HKT,37h10m,2,"SFO, SIN",8:10 pm – 1:46 pm +1,Singapore Airlines,HKT‐SAN,31h36m,2,"SIN, SFO",1310,20220409-2014,best
6:25 am – 9:35 am +2,Singapore Airlines,SAN‐HKT,37h10m,2,"SFO, SIN",8:10 pm – 2:56 pm +1,"Singapore Airlines, Alaska Airlines",HKT‐SAN,32h46m,2,"SIN, SFO",1240,20220409-2014,best
11:29 am – 6:55 am +2,"American Airlines, Qatar Airways",SAN‐HKT,29h26m,2,"ORD, DOH",9:05 pm – 2:00 pm +1,"Qatar Airways, American Airlines",HKT‐SAN,30h55m,2,"DOH, ORD",1537,20220409-2014,best
11:00 am – 6:55 am +2,"American Airlines, Qatar Airways",SAN‐HKT,29h55m,2,"DFW, DOH",9:05 pm – 3:15 pm +1,"Qatar Airways, American Airlines",HKT‐SAN,32h10m,2,"DOH, DFW",1498,20220409-2014,best
6:25 am – 9:35 am +2,"Alaska Airlines, Singapore Airlines",SAN‐HKT,37h10m,2,"SFO, SIN",6:10 pm – 1:46 pm +1,"Singapore Airlines, Alaska Airlines",HKT‐SAN,33h36m,2,"SIN, SFO",1240,20220409-2014,best
2:50 pm – 1:15 pm +2,"American Airlines, Qatar Airways",SAN‐HKT,32h25m,2,"DFW, DOH",9:05 pm – 1:15 pm +1,"Qatar Airways, American Airlines",HKT‐SAN,30h10m,2,"DOH, DFW",1498,20220409-2014,best
8:00 am – 12:10 am +2,"Air Canada, Asiana Airlines",SAN‐HKT,26h10m,2,"YVR, ICN",11:40 am – 11:47 pm,Singapore Airlines,HKT‐SAN,26h07m,2,"SIN, SFO",4771,20220409-2019,fast
5:15 pm – 9:35 am +2,"Alaska Airlines, Singapore Airlines",SAN‐HKT,26h20m,2,"SFO, SIN",11:40 am – 11:47 pm,"Singapore Airlines, Alaska Airlines",HKT‐SAN,26h07m,2,"SIN, SFO",2632,20220409-2019,fast
7:20 am – 12:10 am +2,"Korean Air, Asiana Airlines",SAN‐HKT,26h50m,2,"SEA, ICN",11:40 am – 11:47 pm,Singapore Airlines,HKT‐SAN,26h07m,2,"SIN, SFO",4738,20220409-2019,fast
6:35 am – 12:10 am +2,"Korean Air, Asiana Airlines",SAN‐HKT,27h35m,2,"LAX, ICN",11:40 am – 11:47 pm,Singapore Airlines,HKT‐SAN,26h07m,2,"SIN, SFO",4738,20220409-2019,fast
1:00 pm – 6:55 am +2,"Alaska Airlines, Qatar Airways",SAN‐HKT,27h55m,2,"SEA, DOH",11:40 am – 11:47 pm,Singapore Airlines,HKT‐SAN,26h07m,2,"SIN, SFO",4662,20220409-2019,fast
3:10 pm – 9:35 am +2,Singapore Airlines,SAN‐HKT,28h25m,2,"SFO, SIN",11:40 am – 11:47 pm,Singapore Airlines,HKT‐SAN,26h07m,2,"SIN, SFO",3517,20220409-2019,fast
8:50 pm – 2:00 pm +2,Multiple Airlines,SAN‐HKT,27h10m,3,"SEA, TPE, ...",8:15 am – 9:40 pm,Multiple Airlines,HKT‐SAN,27h25m,3,"BKK, TPE, ...",1598,20220409-2019,fast
8:50 pm – 2:00 pm +2,Multiple Airlines,SAN‐HKT,27h10m,3,"SEA, TPE, ...",8:15 am – 9:40 pm,Multiple Airlines,HKT‐SAN,27h25m,3,"BKK, TPE, ...",1598,20220409-2019,fast
6:15 am – 12:10 am +2,United Airlines,SAN‐HKT,27h55m,2,"SFO, ICN",1:30 am – 2:35 pm,United Airlines,HKT‐SAN,27h05m,2,"ICN, SFO",7502,20220409-2019,fast
3:10 pm – 10:50 am +2,Singapore Airlines,SAN‐HKT,29h40m,2,"SFO, SIN",11:40 am – 11:47 pm,Singapore Airlines,HKT‐SAN,26h07m,2,"SIN, SFO",3517,20220409-2019,fast
7:00 pm – 3:05 pm +2,"British Airways, Thai Airways",SAN‐HKT,30h05m,1,LHR,11:55 am – 11:47 pm,Multiple Airlines,HKT‐SAN,25h52m,2,"SGN, SFO",2965,20220409-2019,fast
1:30 pm – 9:30 am +2,"Japan Airlines, Bangkok Airways",SAN‐HKT,30h00m,2,"NRT, BKK",11:40 am – 11:47 pm,Singapore Airlines,HKT‐SAN,26h07m,2,"SIN, SFO",1723,20220409-2019,fast
8:00 am – 12:10 am +2,"Air Canada, Asiana Airlines",SAN‐HKT,26h10m,2,"YVR, ICN",8:10 pm – 12:23 pm +1,"Singapore Airlines, United Airlines",HKT‐SAN,30h13m,2,"SIN, SFO",4971,20220409-2019,fast
10:20 am – 6:55 am +2,"Alaska Airlines, Qatar Airways",SAN‐HKT,30h35m,2,"SFO, DOH",11:40 am – 11:47 pm,Singapore Airlines,HKT‐SAN,26h07m,2,"SIN, SFO",1756,20220409-2019,fast
8:00 am – 12:10 am +2,"Air Canada, Asiana Airlines",SAN‐HKT,26h10m,2,"YVR, ICN",1:30 am – 6:37 pm,"Asiana Airlines, Air Canada",HKT‐SAN,31h07m,2,"ICN, YVR",1855,20220409-2019,fast
