Out Time,Out Airline,Out Cities,Out Duration,Out Stops,Out Stop Cities,Return Time,Return Airline,Return Cities,Return Duration,Return Stops,Return Stop Cities,Price,timestamp,sort
8:45 pm – 9:35 am +3,"JetBlue, Singapore Airlines",SAN‐HKT,46h50m,3,"JFK, FRA, ...",8:10 pm – 3:02 pm +1,"Singapore Airlines, Alaska Airlines",HKT‐SAN,32h52m,2,"SIN, SFO",1615,20220406-1636,cheap
8:45 pm – 9:35 am +3,"JetBlue, Singapore Airlines",SAN‐HKT,46h50m,3,"JFK, FRA, ...",6:10 pm – 3:02 pm +1,"Singapore Airlines, Alaska Airlines",HKT‐SAN,34h52m,2,"SIN, SFO",1615,20220406-1636,cheap
5:15 pm – 7:05 pm +2,"Lufthansa, Bangkok Airways",SAN‐HKT,35h50m,2,"MUC, BKK",2:40 pm – 3:25 pm +1,"Bangkok Airways, Lufthansa",HKT‐SAN,38h45m,2,"BKK, MUC",1873,20220406-1636,cheap
5:15 pm – 7:05 pm +2,"Lufthansa, Bangkok Airways",SAN‐HKT,35h50m,2,"MUC, BKK",10:20 am – 3:25 pm +1,"Bangkok Airways, Lufthansa",HKT‐SAN,43h05m,2,"BKK, MUC",1873,20220406-1636,cheap
5:15 pm – 7:05 pm +2,"Lufthansa, Bangkok Airways",SAN‐HKT,35h50m,2,"MUC, BKK",6:10 pm – 3:25 pm +1,"Singapore Airlines, Lufthansa",HKT‐SAN,35h15m,2,"SIN, MUC",1979,20220406-1636,cheap
5:15 pm – 7:05 pm +2,"Lufthansa, Bangkok Airways",SAN‐HKT,35h50m,2,"MUC, BKK",7:40 pm – 3:25 pm +1,"THAI Smile, Lufthansa",HKT‐SAN,33h45m,2,"BKK, MUC",1980,20220406-1636,cheap
5:15 pm – 7:05 pm +2,"Lufthansa, Bangkok Airways",SAN‐HKT,35h50m,2,"MUC, BKK",5:05 pm – 3:25 pm +1,"THAI Smile, Lufthansa",HKT‐SAN,36h20m,2,"BKK, MUC",1980,20220406-1636,cheap
5:15 pm – 7:05 pm +2,"Lufthansa, Bangkok Airways",SAN‐HKT,35h50m,2,"MUC, BKK",4:05 pm – 3:25 pm +1,"THAI Smile, Lufthansa",HKT‐SAN,37h20m,2,"BKK, MUC",1980,20220406-1636,cheap
5:15 pm – 7:05 pm +2,"Lufthansa, Bangkok Airways",SAN‐HKT,35h50m,2,"MUC, BKK",1:00 pm – 3:25 pm +1,"THAI Smile, Lufthansa",HKT‐SAN,40h25m,2,"BKK, MUC",1980,20220406-1636,cheap
5:15 pm – 7:05 pm +2,"Lufthansa, Bangkok Airways",SAN‐HKT,35h50m,2,"MUC, BKK",11:40 am – 3:25 pm +1,"THAI Smile, Lufthansa",HKT‐SAN,41h45m,2,"BKK, MUC",1980,20220406-1636,cheap
5:15 pm – 7:05 pm +2,"Lufthansa, Bangkok Airways",SAN‐HKT,35h50m,2,"MUC, BKK",11:25 am – 3:25 pm +1,"THAI Smile, Lufthansa",HKT‐SAN,42h00m,2,"BKK, MUC",1980,20220406-1636,cheap
5:15 pm – 7:05 pm +2,"Lufthansa, Bangkok Airways",SAN‐HKT,35h50m,2,"MUC, BKK",10:15 am – 3:25 pm +1,"THAI Smile, Lufthansa",HKT‐SAN,43h10m,2,"BKK, MUC",1980,20220406-1636,cheap
5:15 pm – 7:05 pm +2,"Lufthansa, Bangkok Airways",SAN‐HKT,35h50m,2,"MUC, BKK",8:15 am – 3:25 pm +1,"THAI Smile, Lufthansa",HKT‐SAN,45h10m,2,"BKK, MUC",1981,20220406-1636,cheap
7:00 am – 1:15 pm +2,Qatar Airways,SAN‐HKT,40h15m,2,"JFK, DOH",11:55 pm – 9:54 pm +1,"Qatar Airways, Alaska Airlines",HKT‐SAN,35h59m,2,"DOH, JFK",2032,20220406-1636,cheap
7:00 am – 1:15 pm +2,Qatar Airways,SAN‐HKT,40h15m,2,"JFK, DOH",9:05 pm – 9:54 pm +1,"Qatar Airways, Alaska Airlines",HKT‐SAN,38h49m,2,"DOH, JFK",2032,20220406-1636,cheap
6:05 pm – 9:35 am +2,"Alaska Airlines, Singapore Airlines",SAN‐HKT,25h30m,2,"SFO, SIN",8:10 pm – 3:02 pm +1,Singapore Airlines,HKT‐SAN,32h52m,2,"SIN, SFO",2310,20220406-1634,best
8:45 pm – 9:35 am +3,"JetBlue, Singapore Airlines",SAN‐HKT,46h50m,3,"JFK, FRA, ...",8:10 pm – 3:02 pm +1,"Singapore Airlines, Alaska Airlines",HKT‐SAN,32h52m,2,"SIN, SFO",1615,20220406-1634,best
6:05 pm – 10:50 am +2,Singapore Airlines,SAN‐HKT,26h45m,2,"SFO, SIN",8:10 pm – 3:02 pm +1,Singapore Airlines,HKT‐SAN,32h52m,2,"SIN, SFO",2521,20220406-1634,best
6:05 pm – 9:35 am +2,Singapore Airlines,SAN‐HKT,25h30m,2,"SFO, SIN",8:10 pm – 1:32 pm +1,Singapore Airlines,HKT‐SAN,31h22m,2,"SIN, SFO",2686,20220406-1634,best
5:15 pm – 7:05 pm +2,"Lufthansa, Bangkok Airways",SAN‐HKT,35h50m,2,"MUC, BKK",7:40 pm – 3:25 pm +1,"THAI Smile, Lufthansa",HKT‐SAN,33h45m,2,"BKK, MUC",1980,20220406-1634,best
4:00 pm – 1:15 pm +2,"American Airlines, Qatar Airways",SAN‐HKT,31h15m,2,"DFW, DOH",9:05 pm – 2:27 pm +1,"Qatar Airways, American Airlines",HKT‐SAN,31h22m,2,"DOH, DFW",2267,20220406-1634,best
6:05 pm – 9:35 am +2,Singapore Airlines,SAN‐HKT,25h30m,2,"SFO, SIN",6:10 pm – 3:02 pm +1,Singapore Airlines,HKT‐SAN,34h52m,2,"SIN, SFO",2521,20220406-1634,best
4:15 pm – 9:35 am +2,Singapore Airlines,SAN‐HKT,27h20m,2,"SFO, SIN",8:10 pm – 3:02 pm +1,Singapore Airlines,HKT‐SAN,32h52m,2,"SIN, SFO",2521,20220406-1634,best
6:05 pm – 10:50 am +2,Singapore Airlines,SAN‐HKT,26h45m,2,"SFO, SIN",8:10 pm – 1:32 pm +1,Singapore Airlines,HKT‐SAN,31h22m,2,"SIN, SFO",2686,20220406-1634,best
4:00 pm – 1:15 pm +2,"American Airlines, Qatar Airways",SAN‐HKT,31h15m,2,"DFW, DOH",11:55 pm – 7:35 pm +1,"Qatar Airways, American Airlines",HKT‐SAN,33h40m,2,"DOH, ORD",2189,20220406-1634,best
6:05 pm – 9:35 am +2,Singapore Airlines,SAN‐HKT,25h30m,2,"SFO, SIN",11:40 am – 11:49 pm,Singapore Airlines,HKT‐SAN,26h09m,2,"SIN, SFO",3052,20220406-1634,best
6:05 pm – 10:50 am +2,Singapore Airlines,SAN‐HKT,26h45m,2,"SFO, SIN",6:10 pm – 3:02 pm +1,Singapore Airlines,HKT‐SAN,34h52m,2,"SIN, SFO",2521,20220406-1634,best
4:15 pm – 10:50 am +2,Singapore Airlines,SAN‐HKT,28h35m,2,"SFO, SIN",8:10 pm – 3:02 pm +1,Singapore Airlines,HKT‐SAN,32h52m,2,"SIN, SFO",2521,20220406-1634,best
4:00 pm – 1:15 pm +2,"American Airlines, Qatar Airways",SAN‐HKT,31h15m,2,"DFW, DOH",9:05 pm – 5:18 pm +1,"Qatar Airways, American Airlines",HKT‐SAN,34h13m,2,"DOH, ORD",2189,20220406-1634,best
5:15 pm – 7:05 pm +2,"Lufthansa, Bangkok Airways",SAN‐HKT,35h50m,2,"MUC, BKK",6:10 pm – 3:25 pm +1,"Singapore Airlines, Lufthansa",HKT‐SAN,35h15m,2,"SIN, MUC",1979,20220406-1634,best
6:05 pm – 9:35 am +2,Singapore Airlines,SAN‐HKT,25h30m,2,"SFO, SIN",6:10 pm – 1:32 pm +1,Singapore Airlines,HKT‐SAN,33h22m,2,"SIN, SFO",2686,20220406-1634,best
6:05 pm – 9:35 am +2,Singapore Airlines,SAN‐HKT,25h30m,2,"SFO, SIN",11:40 am – 11:49 pm,Singapore Airlines,HKT‐SAN,26h09m,2,"SIN, SFO",3052,20220406-1639,fast
6:05 pm – 10:50 am +2,Singapore Airlines,SAN‐HKT,26h45m,2,"SFO, SIN",11:40 am – 11:49 pm,Singapore Airlines,HKT‐SAN,26h09m,2,"SIN, SFO",3052,20220406-1639,fast
6:05 pm – 9:35 am +2,Singapore Airlines,SAN‐HKT,25h30m,2,"SFO, SIN",10:25 am – 11:49 pm,Singapore Airlines,HKT‐SAN,27h24m,2,"SIN, SFO",3052,20220406-1639,fast
4:15 pm – 9:35 am +2,Singapore Airlines,SAN‐HKT,27h20m,2,"SFO, SIN",11:40 am – 11:49 pm,Singapore Airlines,HKT‐SAN,26h09m,2,"SIN, SFO",3052,20220406-1639,fast
6:05 pm – 10:50 am +2,Singapore Airlines,SAN‐HKT,26h45m,2,"SFO, SIN",10:25 am – 11:49 pm,Singapore Airlines,HKT‐SAN,27h24m,2,"SIN, SFO",3052,20220406-1639,fast
4:15 pm – 10:50 am +2,Singapore Airlines,SAN‐HKT,28h35m,2,"SFO, SIN",11:40 am – 11:49 pm,Singapore Airlines,HKT‐SAN,26h09m,2,"SIN, SFO",3052,20220406-1639,fast
4:15 pm – 9:35 am +2,Singapore Airlines,SAN‐HKT,27h20m,2,"SFO, SIN",10:25 am – 11:49 pm,Singapore Airlines,HKT‐SAN,27h24m,2,"SIN, SFO",3052,20220406-1639,fast
2:35 pm – 9:35 am +2,"Alaska Airlines, Singapore Airlines",SAN‐HKT,29h00m,2,"SFO, SIN",11:40 am – 11:49 pm,Singapore Airlines,HKT‐SAN,26h09m,2,"SIN, SFO",3052,20220406-1639,fast
8:46 pm – 4:25 pm +2,Multiple Airlines,SAN‐HKT,29h39m,3,"LAX, TPE, ...",8:15 am – 7:55 pm,Multiple Airlines,HKT‐SAN,25h40m,3,"BKK, TPE, ...",12290,20220406-1639,fast
8:45 pm – 4:25 pm +2,Multiple Airlines,SAN‐HKT,29h40m,3,"SEA, TPE, ...",8:15 am – 7:55 pm,Multiple Airlines,HKT‐SAN,25h40m,3,"BKK, TPE, ...",10631,20220406-1639,fast
8:12 pm – 4:25 pm +2,Multiple Airlines,SAN‐HKT,30h13m,3,"SFO, TPE, ...",8:15 am – 7:55 pm,Multiple Airlines,HKT‐SAN,25h40m,3,"BKK, TPE, ...",12290,20220406-1639,fast
4:15 pm – 10:50 am +2,Singapore Airlines,SAN‐HKT,28h35m,2,"SFO, SIN",10:25 am – 11:49 pm,Singapore Airlines,HKT‐SAN,27h24m,2,"SIN, SFO",3052,20220406-1639,fast
2:35 pm – 10:50 am +2,"Alaska Airlines, Singapore Airlines",SAN‐HKT,30h15m,2,"SFO, SIN",11:40 am – 11:49 pm,"Singapore Airlines, Alaska Airlines",HKT‐SAN,26h09m,2,"SIN, SFO",3052,20220406-1639,fast
2:35 pm – 9:35 am +2,"Alaska Airlines, Singapore Airlines",SAN‐HKT,29h00m,2,"SFO, SIN",10:25 am – 11:49 pm,Singapore Airlines,HKT‐SAN,27h24m,2,"SIN, SFO",3052,20220406-1639,fast
1:15 pm – 9:35 am +2,"Alaska Airlines, Singapore Airlines",SAN‐HKT,30h20m,2,"SFO, SIN",11:40 am – 11:49 pm,Singapore Airlines,HKT‐SAN,26h09m,2,"SIN, SFO",3052,20220406-1639,fast
