Out Time,Out Airline,Out Cities,Out Duration,Out Stops,Out Stop Cities,Return Time,Return Airline,Return Cities,Return Duration,Return Stops,Return Stop Cities,Price,timestamp,sort
8:45 pm – 7:20 am +3,"Alaska Airlines, Qatar Airways",SAN‐HKT,44h35m,2,"SEA, DOH",11:55 pm – 9:43 pm +2,"Qatar Airways, Alaska Airlines",HKT‐SAN,59h48m,2,"DOH, JFK",1375,20220406-0939,cheap
10:46 am – 7:20 am +2,"American Airlines, Qatar Airways",SAN‐HKT,30h34m,2,"DFW, DOH",11:55 pm – 7:56 pm +1,"Qatar Airways, American Airlines",HKT‐SAN,34h01m,2,"DOH, ORD",1458,20220406-0939,cheap
9:35 am – 7:20 am +2,"American Airlines, Qatar Airways",SAN‐HKT,31h45m,2,"DFW, DOH",11:55 pm – 7:56 pm +1,"Qatar Airways, American Airlines",HKT‐SAN,34h01m,2,"DOH, ORD",1458,20220406-0939,cheap
2:40 pm – 1:15 pm +2,"American Airlines, Qatar Airways",SAN‐HKT,32h35m,2,"DFW, DOH",11:55 pm – 7:56 pm +1,"Qatar Airways, American Airlines",HKT‐SAN,34h01m,2,"DOH, ORD",1458,20220406-0939,cheap
8:00 am – 7:20 am +2,"American Airlines, Qatar Airways",SAN‐HKT,33h20m,2,"DFW, DOH",11:55 pm – 7:56 pm +1,"Qatar Airways, American Airlines",HKT‐SAN,34h01m,2,"DOH, ORD",1458,20220406-0939,cheap
10:46 am – 7:20 am +2,"American Airlines, Qatar Airways",SAN‐HKT,30h34m,2,"DFW, DOH",11:55 pm – 10:45 pm +1,"Qatar Airways, American Airlines",HKT‐SAN,36h50m,2,"DOH, MIA",1458,20220406-0939,cheap
1:40 pm – 1:15 pm +2,"American Airlines, Qatar Airways",SAN‐HKT,33h35m,2,"DFW, DOH",11:55 pm – 7:56 pm +1,"Qatar Airways, American Airlines",HKT‐SAN,34h01m,2,"DOH, ORD",1458,20220406-0939,cheap
7:00 am – 7:20 am +2,"American Airlines, Qatar Airways",SAN‐HKT,34h20m,2,"DFW, DOH",11:55 pm – 7:56 pm +1,"Qatar Airways, American Airlines",HKT‐SAN,34h01m,2,"DOH, ORD",1458,20220406-0939,cheap
12:52 pm – 1:15 pm +2,"American Airlines, Qatar Airways",SAN‐HKT,34h23m,2,"DFW, DOH",11:55 pm – 7:56 pm +1,"Qatar Airways, American Airlines",HKT‐SAN,34h01m,2,"DOH, ORD",1458,20220406-0939,cheap
9:35 am – 7:20 am +2,"American Airlines, Qatar Airways",SAN‐HKT,31h45m,2,"DFW, DOH",11:55 pm – 10:45 pm +1,"Qatar Airways, American Airlines",HKT‐SAN,36h50m,2,"DOH, MIA",1458,20220406-0939,cheap
6:30 am – 7:20 am +2,"American Airlines, Qatar Airways",SAN‐HKT,34h50m,2,"ORD, DOH",11:55 pm – 7:56 pm +1,"Qatar Airways, American Airlines",HKT‐SAN,34h01m,2,"DOH, ORD",1458,20220406-0939,cheap
6:15 am – 7:20 am +2,"American Airlines, Qatar Airways",SAN‐HKT,35h05m,2,"DFW, DOH",11:55 pm – 7:56 pm +1,"Qatar Airways, American Airlines",HKT‐SAN,34h01m,2,"DOH, ORD",1458,20220406-0939,cheap
2:40 pm – 1:15 pm +2,"American Airlines, Qatar Airways",SAN‐HKT,32h35m,2,"DFW, DOH",11:55 pm – 10:45 pm +1,"Qatar Airways, American Airlines",HKT‐SAN,36h50m,2,"DOH, MIA",1458,20220406-0939,cheap
8:00 am – 7:20 am +2,"American Airlines, Qatar Airways",SAN‐HKT,33h20m,2,"DFW, DOH",11:55 pm – 10:45 pm +1,"Qatar Airways, American Airlines",HKT‐SAN,36h50m,2,"DOH, MIA",1458,20220406-0939,cheap
1:40 pm – 1:15 pm +2,"American Airlines, Qatar Airways",SAN‐HKT,33h35m,2,"DFW, DOH",11:55 pm – 10:45 pm +1,"Qatar Airways, American Airlines",HKT‐SAN,36h50m,2,"DOH, MIA",1458,20220406-0939,cheap
10:46 am – 7:20 am +2,"American Airlines, Qatar Airways",SAN‐HKT,30h34m,2,"DFW, DOH",11:55 pm – 7:56 pm +1,"Qatar Airways, American Airlines",HKT‐SAN,34h01m,2,"DOH, ORD",1458,20220406-0937,best
9:35 am – 7:20 am +2,"American Airlines, Qatar Airways",SAN‐HKT,31h45m,2,"DFW, DOH",11:55 pm – 7:56 pm +1,"Qatar Airways, American Airlines",HKT‐SAN,34h01m,2,"DOH, ORD",1458,20220406-0937,best
2:40 pm – 1:15 pm +2,"American Airlines, Qatar Airways",SAN‐HKT,32h35m,2,"DFW, DOH",11:55 pm – 7:56 pm +1,"Qatar Airways, American Airlines",HKT‐SAN,34h01m,2,"DOH, ORD",1458,20220406-0937,best
10:46 am – 7:20 am +2,"American Airlines, Qatar Airways",SAN‐HKT,30h34m,2,"DFW, DOH",9:05 pm – 3:58 pm +1,"Qatar Airways, American Airlines",HKT‐SAN,32h53m,3,"DOH, ORD, ...",1502,20220406-0937,best
12:35 pm – 7:20 am +2,"Alaska Airlines, Qatar Airways",SAN‐HKT,28h45m,2,"SFO, DOH",11:55 pm – 5:58 pm +1,"Qatar Airways, Alaska Airlines",HKT‐SAN,32h03m,2,"DOH, SFO",1685,20220406-0937,best
10:21 am – 7:20 am +2,"American Airlines, Qatar Airways",SAN‐HKT,30h59m,3,"PHX, DFW, ...",11:55 pm – 7:56 pm +1,"Qatar Airways, American Airlines",HKT‐SAN,34h01m,2,"DOH, ORD",1462,20220406-0937,best
1:40 pm – 1:15 pm +2,"American Airlines, Qatar Airways",SAN‐HKT,33h35m,2,"DFW, DOH",11:55 pm – 7:56 pm +1,"Qatar Airways, American Airlines",HKT‐SAN,34h01m,2,"DOH, ORD",1458,20220406-0937,best
10:46 am – 7:20 am +2,"American Airlines, Qatar Airways",SAN‐HKT,30h34m,2,"DFW, DOH",11:55 pm – 10:45 pm +1,"Qatar Airways, American Airlines",HKT‐SAN,36h50m,2,"DOH, MIA",1458,20220406-0937,best
8:00 am – 7:20 am +2,"American Airlines, Qatar Airways",SAN‐HKT,33h20m,2,"DFW, DOH",11:55 pm – 7:56 pm +1,"Qatar Airways, American Airlines",HKT‐SAN,34h01m,2,"DOH, ORD",1458,20220406-0937,best
10:46 am – 7:20 am +2,"American Airlines, Qatar Airways",SAN‐HKT,30h34m,2,"DFW, DOH",9:05 pm – 5:06 pm +1,"Qatar Airways, American Airlines",HKT‐SAN,34h01m,3,"DOH, JFK, ...",1501,20220406-0937,best
9:35 am – 7:20 am +2,"American Airlines, Qatar Airways",SAN‐HKT,31h45m,2,"DFW, DOH",9:05 pm – 3:58 pm +1,"Qatar Airways, American Airlines",HKT‐SAN,32h53m,3,"DOH, ORD, ...",1502,20220406-0937,best
12:52 pm – 1:15 pm +2,"American Airlines, Qatar Airways",SAN‐HKT,34h23m,2,"DFW, DOH",11:55 pm – 7:56 pm +1,"Qatar Airways, American Airlines",HKT‐SAN,34h01m,2,"DOH, ORD",1458,20220406-0937,best
10:21 am – 7:20 am +2,"American Airlines, Qatar Airways",SAN‐HKT,30h59m,3,"PHX, PHL, ...",11:55 pm – 7:56 pm +1,"Qatar Airways, American Airlines",HKT‐SAN,34h01m,2,"DOH, ORD",1502,20220406-0937,best
10:46 am – 7:20 am +2,"American Airlines, Qatar Airways",SAN‐HKT,30h34m,2,"DFW, DOH",11:55 pm – 9:27 pm +1,"Qatar Airways, American Airlines",HKT‐SAN,35h32m,3,"DOH, BOS, ...",1462,20220406-0937,best
10:46 am – 7:20 am +2,"American Airlines, Qatar Airways",SAN‐HKT,30h34m,2,"DFW, DOH",11:55 pm – 9:27 pm +1,"Qatar Airways, American Airlines",HKT‐SAN,35h32m,3,"DOH, ORD, ...",1462,20220406-0937,best
12:35 pm – 7:20 am +2,Qatar Airways,SAN‐HKT,28h45m,2,"SFO, DOH",9:05 pm – 1:45 pm +1,Qatar Airways,HKT‐SAN,30h40m,2,"DOH, DFW",4535,20220406-0942,fast
12:35 pm – 7:20 am +2,"Alaska Airlines, Qatar Airways",SAN‐HKT,28h45m,2,"SFO, DOH",12:10 am – 5:58 pm,"Emirates, Alaska Airlines",HKT‐SAN,31h48m,2,"DXB, SFO",2351,20220406-0942,fast
12:35 pm – 7:20 am +2,"Alaska Airlines, Qatar Airways",SAN‐HKT,28h45m,2,"SFO, DOH",11:55 pm – 5:58 pm +1,"Qatar Airways, Alaska Airlines",HKT‐SAN,32h03m,2,"DOH, SFO",1685,20220406-0942,fast
10:46 am – 7:20 am +2,Qatar Airways,SAN‐HKT,30h34m,2,"DFW, DOH",9:05 pm – 1:45 pm +1,Qatar Airways,HKT‐SAN,30h40m,2,"DOH, DFW",2825,20220406-0942,fast
10:46 am – 7:20 am +2,"American Airlines, Qatar Airways",SAN‐HKT,30h34m,2,"DFW, DOH",9:05 pm – 1:45 pm +1,"Qatar Airways, American Airlines",HKT‐SAN,30h40m,2,"DOH, DFW",4853,20220406-0942,fast
11:50 am – 7:20 am +2,"Alaska Airlines, Qatar Airways",SAN‐HKT,29h30m,2,"SEA, DOH",11:55 pm – 5:58 pm +1,"Qatar Airways, Alaska Airlines",HKT‐SAN,32h03m,2,"DOH, SFO",1733,20220406-0942,fast
10:21 am – 7:20 am +2,"American Airlines, Qatar Airways",SAN‐HKT,30h59m,3,"PHX, DFW, ...",9:05 pm – 1:45 pm +1,"Qatar Airways, American Airlines",HKT‐SAN,30h40m,2,"DOH, DFW",4857,20220406-0942,fast
9:35 am – 7:20 am +2,"American Airlines, Qatar Airways",SAN‐HKT,31h45m,2,"DFW, DOH",9:05 pm – 1:45 pm +1,"Qatar Airways, American Airlines",HKT‐SAN,30h40m,2,"DOH, DFW",4853,20220406-0942,fast
12:35 pm – 7:20 am +2,"Alaska Airlines, Qatar Airways",SAN‐HKT,28h45m,2,"SFO, DOH",11:40 am – 7:30 am +1,Singapore Airlines,HKT‐SAN,33h50m,2,"SIN, SFO",4277,20220406-0942,fast
10:45 am – 7:20 am +2,"Alaska Airlines, Qatar Airways",SAN‐HKT,30h35m,2,"SFO, DOH",11:55 pm – 5:58 pm +1,"Qatar Airways, Alaska Airlines",HKT‐SAN,32h03m,2,"DOH, SFO",1685,20220406-0942,fast
1:15 pm – 12:00 pm +2,"Japan Airlines, Jetstar Asia",SAN‐HKT,32h45m,2,"NRT, SIN",7:10 pm – 11:15 am +1,Japan Airlines,HKT‐SAN,30h05m,2,"BKK, NRT",15963,20220406-0942,fast
5:25 pm – 12:30 pm +2,"Lufthansa, Emirates",SAN‐HKT,29h05m,2,"MUC, DXB",11:40 am – 7:30 am +1,Singapore Airlines,HKT‐SAN,33h50m,2,"SIN, SFO",7427,20220406-0942,fast
2:40 pm – 1:15 pm +2,"American Airlines, Qatar Airways",SAN‐HKT,32h35m,2,"DFW, DOH",9:05 pm – 1:45 pm +1,"Qatar Airways, American Airlines",HKT‐SAN,30h40m,2,"DOH, DFW",4853,20220406-0942,fast
11:50 am – 7:20 am +2,Qatar Airways,SAN‐HKT,29h30m,2,"SEA, DOH",11:40 am – 7:30 am +1,Singapore Airlines,HKT‐SAN,33h50m,2,"SIN, SFO",4601,20220406-0942,fast
10:46 am – 7:20 am +2,"American Airlines, Qatar Airways",SAN‐HKT,30h34m,2,"DFW, DOH",9:05 pm – 3:58 pm +1,"Qatar Airways, American Airlines",HKT‐SAN,32h53m,3,"DOH, ORD, ...",1502,20220406-0942,fast
