Out Time,Out Airline,Out Cities,Out Duration,Out Stops,Out Stop Cities,Return Time,Return Airline,Return Cities,Return Duration,Return Stops,Return Stop Cities,Price,timestamp,sort
8:25 am – 9:30 am +2,Japan Airlines,SAN‐HKT,35h05m,3,"SFO, HND, ...",10:30 am – 11:30 am +2,Malaysia Airlines,HKT‐SAN,63h00m,2,"KUL, NRT",1461,20220406-1838,cheap
3:10 pm – 12:10 am +3,"Alaska Airlines, Asiana Airlines",SAN‐HKT,43h00m,2,"SFO, ICN",1:30 am – 9:42 pm,"Asiana Airlines, Alaska Airlines",HKT‐SAN,34h12m,2,"ICN, SFO",1580,20220406-1838,cheap
3:10 pm – 12:10 am +3,"Alaska Airlines, Asiana Airlines",SAN‐HKT,43h00m,2,"SFO, ICN",1:30 am – 11:49 pm,"Asiana Airlines, Alaska Airlines",HKT‐SAN,36h19m,2,"ICN, SFO",1580,20220406-1838,cheap
7:40 pm – 12:10 am +3,"Alaska Airlines, Asiana Airlines",SAN‐HKT,38h30m,2,"SFO, ICN",1:30 am – 9:42 pm,"Asiana Airlines, Alaska Airlines",HKT‐SAN,34h12m,2,"ICN, SFO",1685,20220406-1838,cheap
7:40 pm – 12:10 am +3,"Alaska Airlines, Asiana Airlines",SAN‐HKT,38h30m,2,"SFO, ICN",1:30 am – 11:49 pm,"Asiana Airlines, Alaska Airlines",HKT‐SAN,36h19m,2,"ICN, SFO",1685,20220406-1838,cheap
5:15 pm – 12:10 am +3,"Alaska Airlines, Asiana Airlines",SAN‐HKT,40h55m,2,"SFO, ICN",1:30 am – 9:42 pm,"Asiana Airlines, Alaska Airlines",HKT‐SAN,34h12m,2,"ICN, SFO",1685,20220406-1838,cheap
5:15 pm – 12:10 am +3,"Alaska Airlines, Asiana Airlines",SAN‐HKT,40h55m,2,"SFO, ICN",1:30 am – 11:49 pm,"Asiana Airlines, Alaska Airlines",HKT‐SAN,36h19m,2,"ICN, SFO",1685,20220406-1838,cheap
8:25 am – 9:30 am +2,Japan Airlines,SAN‐HKT,35h05m,3,"SFO, HND, ...",1:30 am – 9:42 pm,"Asiana Airlines, Alaska Airlines",HKT‐SAN,34h12m,2,"ICN, SFO",1689,20220406-1838,cheap
8:25 am – 9:30 am +2,Japan Airlines,SAN‐HKT,35h05m,3,"SFO, HND, ...",1:30 am – 11:49 pm,"Asiana Airlines, Alaska Airlines",HKT‐SAN,36h19m,2,"ICN, SFO",1689,20220406-1838,cheap
8:25 am – 6:20 pm +2,Japan Airlines,SAN‐HKT,43h55m,3,"SFO, HND, ...",1:30 am – 9:42 pm,"Asiana Airlines, Alaska Airlines",HKT‐SAN,34h12m,2,"ICN, SFO",1689,20220406-1838,cheap
8:25 am – 6:20 pm +2,Japan Airlines,SAN‐HKT,43h55m,3,"SFO, HND, ...",1:30 am – 11:49 pm,"Asiana Airlines, Alaska Airlines",HKT‐SAN,36h19m,2,"ICN, SFO",1689,20220406-1838,cheap
8:25 am – 9:30 am +2,Japan Airlines,SAN‐HKT,35h05m,3,"SFO, NRT, ...",1:30 am – 9:42 pm,"Asiana Airlines, Alaska Airlines",HKT‐SAN,34h12m,2,"ICN, SFO",1690,20220406-1838,cheap
8:25 am – 9:30 am +2,Japan Airlines,SAN‐HKT,35h05m,3,"SFO, NRT, ...",1:30 am – 11:49 pm,"Asiana Airlines, Alaska Airlines",HKT‐SAN,36h19m,2,"ICN, SFO",1690,20220406-1838,cheap
7:40 pm – 12:10 am +3,"Alaska Airlines, Asiana Airlines",SAN‐HKT,38h30m,2,"SFO, ICN",1:30 am – 7:34 am +1,"Asiana Airlines, Alaska Airlines",HKT‐SAN,44h04m,2,"ICN, SFO",1692,20220406-1838,cheap
12:30 pm – 12:10 am +3,"Alaska Airlines, Asiana Airlines",SAN‐HKT,45h40m,2,"SFO, ICN",1:30 am – 9:42 pm,"Asiana Airlines, Alaska Airlines",HKT‐SAN,34h12m,2,"ICN, SFO",1696,20220406-1838,cheap
6:29 am – 12:10 am +2,Asiana Airlines,SAN‐HKT,27h41m,2,"LAX, ICN",1:30 am – 7:39 pm,Asiana Airlines,HKT‐SAN,32h09m,2,"ICN, LAX",1723,20220406-1835,best
8:25 am – 9:30 am +2,Japan Airlines,SAN‐HKT,35h05m,3,"SFO, HND, ...",10:30 am – 11:30 am +2,Malaysia Airlines,HKT‐SAN,63h00m,2,"KUL, NRT",1461,20220406-1835,best
6:29 am – 12:10 am +2,Asiana Airlines,SAN‐HKT,27h41m,2,"LAX, ICN",1:30 am – 7:39 pm,Asiana Airlines,HKT‐SAN,32h09m,2,"ICN, LAX",1723,20220406-1835,best
6:29 am – 12:10 am +2,Asiana Airlines,SAN‐HKT,27h41m,2,"LAX, ICN",1:30 am – 9:42 pm,"Asiana Airlines, Alaska Airlines",HKT‐SAN,34h12m,2,"ICN, SFO",1723,20220406-1835,best
6:29 am – 12:10 am +2,Asiana Airlines,SAN‐HKT,27h41m,2,"LAX, ICN",1:30 am – 8:24 pm,Asiana Airlines,HKT‐SAN,32h54m,2,"ICN, SFO",1846,20220406-1835,best
8:00 am – 12:10 am +2,"United Airlines, Asiana Airlines",SAN‐HKT,26h10m,2,"SFO, ICN",1:30 am – 2:35 pm,"Asiana Airlines, United Airlines",HKT‐SAN,27h05m,2,"ICN, SFO",2265,20220406-1835,best
6:15 am – 12:10 am +2,"United Airlines, Asiana Airlines",SAN‐HKT,27h55m,2,"SFO, ICN",1:30 am – 2:35 pm,"Asiana Airlines, United Airlines",HKT‐SAN,27h05m,2,"ICN, SFO",2265,20220406-1835,best
9:00 pm – 3:25 pm +2,Multiple Airlines,SAN‐HKT,28h25m,3,"SFO, TPE, ...",8:15 am – 9:42 pm,Multiple Airlines,HKT‐SAN,27h27m,3,"BKK, TPE, ...",2073,20220406-1835,best
8:00 am – 12:10 am +2,"United Airlines, Asiana Airlines",SAN‐HKT,26h10m,2,"SFO, ICN",1:30 am – 6:09 pm,"Asiana Airlines, United Airlines",HKT‐SAN,30h39m,2,"ICN, SFO",2265,20220406-1835,best
8:00 am – 12:10 am +2,"Air Canada, Asiana Airlines",SAN‐HKT,26h10m,2,"YVR, ICN",1:30 am – 9:42 pm,"Asiana Airlines, Alaska Airlines",HKT‐SAN,34h12m,2,"ICN, SFO",2127,20220406-1835,best
6:15 am – 12:10 am +2,"United Airlines, Asiana Airlines",SAN‐HKT,27h55m,2,"SFO, ICN",1:30 am – 6:09 pm,"Asiana Airlines, United Airlines",HKT‐SAN,30h39m,2,"ICN, SFO",2265,20220406-1835,best
8:00 am – 12:10 am +2,"United Airlines, Asiana Airlines",SAN‐HKT,26h10m,2,"SFO, ICN",1:30 am – 8:24 pm,"Asiana Airlines, United Airlines",HKT‐SAN,32h54m,2,"ICN, SFO",2265,20220406-1835,best
8:00 am – 12:10 am +2,"Air Canada, Asiana Airlines",SAN‐HKT,26h10m,2,"YVR, ICN",1:30 am – 11:49 pm,"Asiana Airlines, Alaska Airlines",HKT‐SAN,36h19m,2,"ICN, SFO",2127,20220406-1835,best
1:00 pm – 6:55 am +2,"Alaska Airlines, Qatar Airways",SAN‐HKT,27h55m,2,"SEA, DOH",11:55 pm – 6:23 pm +1,"Qatar Airways, Alaska Airlines",HKT‐SAN,32h28m,2,"DOH, SEA",2285,20220406-1835,best
12:30 pm – 6:55 am +2,"Alaska Airlines, Qatar Airways",SAN‐HKT,28h25m,2,"SFO, DOH",11:55 pm – 6:23 pm +1,"Qatar Airways, Alaska Airlines",HKT‐SAN,32h28m,2,"DOH, SEA",2243,20220406-1835,best
12:30 pm – 6:55 am +2,Qatar Airways,SAN‐HKT,28h25m,2,"SFO, DOH",11:55 pm – 7:58 pm +1,Qatar Airways,HKT‐SAN,34h03m,2,"DOH, SEA",2189,20220406-1835,best
8:00 am – 12:10 am +2,"Air Canada, Asiana Airlines",SAN‐HKT,26h10m,2,"YVR, ICN",11:40 am – 11:49 pm,Singapore Airlines,HKT‐SAN,26h09m,2,"SIN, SFO",2476,20220406-1840,fast
5:15 pm – 9:35 am +2,"Alaska Airlines, Singapore Airlines",SAN‐HKT,26h20m,2,"SFO, SIN",11:40 am – 11:49 pm,"Singapore Airlines, Alaska Airlines",HKT‐SAN,26h09m,2,"SIN, SFO",2911,20220406-1840,fast
7:05 am – 12:10 am +2,"Korean Air, Asiana Airlines",SAN‐HKT,27h05m,2,"SEA, ICN",11:40 am – 11:49 pm,Singapore Airlines,HKT‐SAN,26h09m,2,"SIN, SFO",4738,20220406-1840,fast
8:00 am – 12:10 am +2,"United Airlines, Asiana Airlines",SAN‐HKT,26h10m,2,"SFO, ICN",1:30 am – 2:35 pm,"Asiana Airlines, United Airlines",HKT‐SAN,27h05m,2,"ICN, SFO",2265,20220406-1840,fast
9:00 pm – 3:25 pm +2,Multiple Airlines,SAN‐HKT,28h25m,3,"SFO, TPE, ...",1:00 pm – 11:54 pm,Multiple Airlines,HKT‐SAN,24h54m,3,"BKK, TPE, ...",10631,20220406-1840,fast
8:00 am – 12:10 am +2,"Air Canada, Asiana Airlines",SAN‐HKT,26h10m,2,"YVR, ICN",10:25 am – 11:49 pm,Singapore Airlines,HKT‐SAN,27h24m,2,"SIN, SFO",2476,20220406-1840,fast
8:12 pm – 9:35 am +2,"United Airlines, Singapore Airlines",SAN‐HKT,23h23m,2,"SFO, SIN",8:10 pm – 12:23 pm +1,"Singapore Airlines, United Airlines",HKT‐SAN,30h13m,2,"SIN, SFO",8350,20220406-1840,fast
5:15 pm – 9:35 am +2,"Alaska Airlines, Singapore Airlines",SAN‐HKT,26h20m,2,"SFO, SIN",10:25 am – 11:49 pm,"Singapore Airlines, Alaska Airlines",HKT‐SAN,27h24m,2,"SIN, SFO",3051,20220406-1840,fast
5:15 pm – 10:50 am +2,"Alaska Airlines, Singapore Airlines",SAN‐HKT,27h35m,2,"SFO, SIN",11:40 am – 11:49 pm,Singapore Airlines,HKT‐SAN,26h09m,2,"SIN, SFO",3051,20220406-1840,fast
6:29 am – 12:10 am +2,Asiana Airlines,SAN‐HKT,27h41m,2,"LAX, ICN",11:40 am – 11:49 pm,Singapore Airlines,HKT‐SAN,26h09m,2,"SIN, SFO",3334,20220406-1840,fast
1:00 pm – 6:55 am +2,Qatar Airways,SAN‐HKT,27h55m,2,"SEA, DOH",11:40 am – 11:49 pm,Singapore Airlines,HKT‐SAN,26h09m,2,"SIN, SFO",3107,20220406-1840,fast
6:15 am – 12:10 am +2,"Korean Air, Asiana Airlines",SAN‐HKT,27h55m,2,"LAX, ICN",11:40 am – 11:49 pm,Singapore Airlines,HKT‐SAN,26h09m,2,"SIN, SFO",4738,20220406-1840,fast
12:40 pm – 6:55 am +2,Qatar Airways,SAN‐HKT,28h15m,2,"DFW, DOH",11:40 am – 11:49 pm,Singapore Airlines,HKT‐SAN,26h09m,2,"SIN, SFO",3181,20220406-1840,fast
12:30 pm – 6:55 am +2,"Alaska Airlines, Qatar Airways",SAN‐HKT,28h25m,2,"SFO, DOH",11:40 am – 11:49 pm,Singapore Airlines,HKT‐SAN,26h09m,2,"SIN, SFO",2342,20220406-1840,fast
3:10 pm – 9:35 am +2,Singapore Airlines,SAN‐HKT,28h25m,2,"SFO, SIN",11:40 am – 11:49 pm,Singapore Airlines,HKT‐SAN,26h09m,2,"SIN, SFO",2937,20220406-1840,fast
