Out Time,Out Airline,Out Cities,Out Duration,Out Stops,Out Stop Cities,Return Time,Return Airline,Return Cities,Return Duration,Return Stops,Return Stop Cities,Price,timestamp,sort
8:15 pm – 12:10 am +3,Asiana Airlines,SAN‐HKT,37h55m,2,"LAX, ICN",1:30 am – 7:34 am +1,"Asiana Airlines, Alaska Airlines",HKT‐SAN,44h04m,2,"ICN, SFO",1474,20220409-1728,cheap
8:15 pm – 12:10 am +3,Asiana Airlines,SAN‐HKT,37h55m,2,"LAX, ICN",1:30 am – 9:39 am +1,"Asiana Airlines, Alaska Airlines",HKT‐SAN,46h09m,2,"ICN, SFO",1478,20220409-1728,cheap
5:15 pm – 12:10 am +3,"Alaska Airlines, Asiana Airlines",SAN‐HKT,40h55m,2,"SFO, ICN",1:30 am – 7:34 am +1,"Asiana Airlines, Alaska Airlines",HKT‐SAN,44h04m,2,"ICN, SFO",1491,20220409-1728,cheap
5:15 pm – 12:10 am +3,"Alaska Airlines, Asiana Airlines",SAN‐HKT,40h55m,2,"SFO, ICN",1:30 am – 9:39 am +1,"Asiana Airlines, Alaska Airlines",HKT‐SAN,46h09m,2,"ICN, SFO",1497,20220409-1728,cheap
9:00 pm – 6:55 am +3,"Alaska Airlines, Qatar Airways",SAN‐HKT,43h55m,2,"SFO, DOH",11:55 pm – 9:54 pm +1,"Qatar Airways, Alaska Airlines",HKT‐SAN,35h59m,2,"DOH, JFK",1556,20220409-1728,cheap
5:15 pm – 6:55 am +3,"Alaska Airlines, Qatar Airways",SAN‐HKT,47h40m,2,"SFO, DOH",11:55 pm – 9:54 pm +1,"Qatar Airways, Alaska Airlines",HKT‐SAN,35h59m,2,"DOH, JFK",1564,20220409-1728,cheap
8:15 pm – 12:10 am +3,Asiana Airlines,SAN‐HKT,37h55m,2,"LAX, ICN",1:30 am – 7:34 am +1,"Asiana Airlines, Alaska Airlines",HKT‐SAN,44h04m,2,"ICN, SFO",1567,20220409-1728,cheap
8:25 am – 9:30 am +2,Japan Airlines,SAN‐HKT,35h05m,3,"SFO, HND, ...",1:30 am – 7:34 am +1,"Asiana Airlines, Alaska Airlines",HKT‐SAN,44h04m,2,"ICN, SFO",1568,20220409-1728,cheap
8:25 am – 9:30 am +2,Japan Airlines,SAN‐HKT,35h05m,3,"SFO, NRT, ...",1:30 am – 7:34 am +1,"Asiana Airlines, Alaska Airlines",HKT‐SAN,44h04m,2,"ICN, SFO",1569,20220409-1728,cheap
8:25 pm – 12:10 am +3,"Alaska Airlines, Asiana Airlines",SAN‐HKT,37h45m,2,"SEA, ICN",1:30 am – 7:34 am +1,"Asiana Airlines, Alaska Airlines",HKT‐SAN,44h04m,2,"ICN, SFO",1577,20220409-1728,cheap
8:25 pm – 12:10 am +3,"Alaska Airlines, Asiana Airlines",SAN‐HKT,37h45m,2,"SEA, ICN",1:30 am – 9:39 am +1,"Asiana Airlines, Alaska Airlines",HKT‐SAN,46h09m,2,"ICN, SFO",1577,20220409-1728,cheap
4:00 pm – 1:15 pm +2,"American Airlines, Qatar Airways",SAN‐HKT,31h15m,2,"DFW, DOH",11:55 pm – 7:34 pm +1,"Qatar Airways, American Airlines",HKT‐SAN,33h39m,2,"DOH, ORD",1582,20220409-1728,cheap
4:00 pm – 1:15 pm +2,"American Airlines, Qatar Airways",SAN‐HKT,31h15m,2,"DFW, DOH",11:55 pm – 9:25 pm +1,"Qatar Airways, American Airlines",HKT‐SAN,35h30m,2,"DOH, PHL",1582,20220409-1728,cheap
2:00 pm – 1:15 pm +2,"American Airlines, Qatar Airways",SAN‐HKT,33h15m,2,"DFW, DOH",11:55 pm – 7:34 pm +1,"Qatar Airways, American Airlines",HKT‐SAN,33h39m,2,"DOH, ORD",1582,20220409-1728,cheap
12:40 pm – 1:15 pm +2,"American Airlines, Qatar Airways",SAN‐HKT,34h35m,2,"DFW, DOH",11:55 pm – 7:34 pm +1,"Qatar Airways, American Airlines",HKT‐SAN,33h39m,2,"DOH, ORD",1582,20220409-1728,cheap
4:00 pm – 1:15 pm +2,"American Airlines, Qatar Airways",SAN‐HKT,31h15m,2,"DFW, DOH",11:55 pm – 7:34 pm +1,"Qatar Airways, American Airlines",HKT‐SAN,33h39m,2,"DOH, ORD",1582,20220409-1726,best
8:15 pm – 12:10 am +3,Asiana Airlines,SAN‐HKT,37h55m,2,"LAX, ICN",1:30 am – 7:34 am +1,"Asiana Airlines, Alaska Airlines",HKT‐SAN,44h04m,2,"ICN, SFO",1474,20220409-1726,best
4:00 pm – 1:15 pm +2,"American Airlines, Qatar Airways",SAN‐HKT,31h15m,2,"DFW, DOH",11:55 pm – 9:25 pm +1,"Qatar Airways, American Airlines",HKT‐SAN,35h30m,2,"DOH, PHL",1582,20220409-1726,best
2:00 pm – 1:15 pm +2,"American Airlines, Qatar Airways",SAN‐HKT,33h15m,2,"DFW, DOH",11:55 pm – 7:34 pm +1,"Qatar Airways, American Airlines",HKT‐SAN,33h39m,2,"DOH, ORD",1582,20220409-1726,best
12:40 pm – 1:15 pm +2,"American Airlines, Qatar Airways",SAN‐HKT,34h35m,2,"DFW, DOH",11:55 pm – 7:34 pm +1,"Qatar Airways, American Airlines",HKT‐SAN,33h39m,2,"DOH, ORD",1582,20220409-1726,best
12:40 pm – 1:15 pm +2,"American Airlines, Qatar Airways",SAN‐HKT,34h35m,2,"DFW, DOH",11:55 pm – 7:34 pm +1,"Qatar Airways, American Airlines",HKT‐SAN,33h39m,2,"DOH, ORD",1582,20220409-1726,best
2:00 pm – 1:15 pm +2,"American Airlines, Qatar Airways",SAN‐HKT,33h15m,2,"DFW, DOH",11:55 pm – 9:25 pm +1,"Qatar Airways, American Airlines",HKT‐SAN,35h30m,2,"DOH, PHL",1582,20220409-1726,best
12:40 pm – 1:15 pm +2,"American Airlines, Qatar Airways",SAN‐HKT,34h35m,2,"DFW, DOH",11:55 pm – 9:25 pm +1,"Qatar Airways, American Airlines",HKT‐SAN,35h30m,2,"DOH, PHL",1582,20220409-1726,best
12:40 pm – 1:15 pm +2,"American Airlines, Qatar Airways",SAN‐HKT,34h35m,2,"DFW, DOH",11:55 pm – 9:25 pm +1,"Qatar Airways, American Airlines",HKT‐SAN,35h30m,2,"DOH, PHL",1582,20220409-1726,best
10:40 am – 1:15 pm +2,"American Airlines, Qatar Airways",SAN‐HKT,36h35m,2,"DFW, DOH",11:55 pm – 7:34 pm +1,"Qatar Airways, American Airlines",HKT‐SAN,33h39m,2,"DOH, ORD",1582,20220409-1726,best
1:12 pm – 1:15 pm +2,"American Airlines, Qatar Airways",SAN‐HKT,34h03m,2,"ORD, DOH",11:55 pm – 7:34 pm +1,"Qatar Airways, American Airlines",HKT‐SAN,33h39m,2,"DOH, ORD",1741,20220409-1726,best
8:25 am – 9:30 am +2,Japan Airlines,SAN‐HKT,35h05m,3,"SFO, NRT, ...",2:40 pm – 11:30 am +1,Japan Airlines,HKT‐SAN,34h50m,2,"BKK, HND-NRT",1693,20220409-1726,best
10:40 am – 1:15 pm +2,"American Airlines, Qatar Airways",SAN‐HKT,36h35m,2,"DFW, DOH",11:55 pm – 9:25 pm +1,"Qatar Airways, American Airlines",HKT‐SAN,35h30m,2,"DOH, PHL",1582,20220409-1726,best
1:12 pm – 1:15 pm +2,"American Airlines, Qatar Airways",SAN‐HKT,34h03m,2,"ORD, DOH",11:55 pm – 9:25 pm +1,"Qatar Airways, American Airlines",HKT‐SAN,35h30m,2,"DOH, PHL",1741,20220409-1726,best
8:15 pm – 12:10 am +3,Asiana Airlines,SAN‐HKT,37h55m,2,"LAX, ICN",1:30 am – 8:24 pm,Asiana Airlines,HKT‐SAN,32h54m,2,"ICN, SFO",1734,20220409-1726,best
1:00 pm – 1:15 pm +2,"Alaska Airlines, Qatar Airways",SAN‐HKT,34h15m,2,"SEA, DOH",11:55 pm – 6:52 pm +1,"Qatar Airways, Alaska Airlines",HKT‐SAN,32h57m,2,"DOH, SFO",1859,20220409-1726,best
8:12 pm – 9:35 am +2,"United Airlines, Singapore Airlines",SAN‐HKT,23h23m,2,"SFO, SIN",9:20 pm – 12:23 pm +1,"Jetstar Asia, United Airlines",HKT‐SAN,29h03m,2,"SIN, SFO",8120,20220409-1731,fast
6:29 am – 12:10 am +2,Asiana Airlines,SAN‐HKT,27h41m,2,"LAX, ICN",1:30 am – 2:45 pm,"Asiana Airlines, Korean Air",HKT‐SAN,27h15m,2,"ICN, LAX",6221,20220409-1731,fast
8:00 am – 12:10 am +2,"Air Canada, Asiana Airlines",SAN‐HKT,26h10m,2,"YVR, ICN",9:20 pm – 12:23 pm +1,"Jetstar Asia, United Airlines",HKT‐SAN,29h03m,2,"SIN, SFO",5179,20220409-1731,fast
9:00 pm – 4:25 pm +2,Multiple Airlines,SAN‐HKT,29h25m,3,"SFO, TPE, ...",8:15 am – 8:24 pm,Multiple Airlines,HKT‐SAN,26h09m,3,"BKK, TPE, ...",9634,20220409-1731,fast
5:15 pm – 9:35 am +2,Singapore Airlines,SAN‐HKT,26h20m,2,"SFO, SIN",8:10 pm – 1:32 pm +1,Singapore Airlines,HKT‐SAN,31h22m,2,"SIN, SFO",2852,20220409-1731,fast
9:00 pm – 4:25 pm +2,Multiple Airlines,SAN‐HKT,29h25m,3,"SFO, TPE, ...",8:15 am – 11:28 pm,Multiple Airlines,HKT‐SAN,29h13m,3,"BKK, TPE, ...",9634,20220409-1731,fast
8:12 pm – 9:35 am +2,"United Airlines, Singapore Airlines",SAN‐HKT,23h23m,2,"SFO, SIN",1:30 am – 10:58 pm,"Asiana Airlines, United Airlines",HKT‐SAN,35h28m,3,"ICN, SFO, ...",8138,20220409-1731,fast
5:15 pm – 10:50 am +2,Singapore Airlines,SAN‐HKT,27h35m,2,"SFO, SIN",8:10 pm – 1:32 pm +1,Singapore Airlines,HKT‐SAN,31h22m,2,"SIN, SFO",2852,20220409-1731,fast
5:15 pm – 9:35 am +2,"Alaska Airlines, Singapore Airlines",SAN‐HKT,26h20m,2,"SFO, SIN",8:10 pm – 3:02 pm +1,"Singapore Airlines, Alaska Airlines",HKT‐SAN,32h52m,2,"SIN, SFO",2852,20220409-1731,fast
3:10 pm – 9:35 am +2,Singapore Airlines,SAN‐HKT,28h25m,2,"SFO, SIN",8:10 pm – 1:32 pm +1,"Singapore Airlines, Alaska Airlines",HKT‐SAN,31h22m,2,"SIN, SFO",2852,20220409-1731,fast
5:15 pm – 9:30 am +2,Multiple Airlines,SAN‐HKT,26h15m,2,"MUC, BKK",7:50 pm – 3:25 pm +1,"Scoot, Lufthansa",HKT‐SAN,33h35m,2,"SIN, MUC",5301,20220409-1731,fast
5:15 pm – 10:50 am +2,Singapore Airlines,SAN‐HKT,27h35m,2,"SFO, SIN",8:10 pm – 3:02 pm +1,"Singapore Airlines, Alaska Airlines",HKT‐SAN,32h52m,2,"SIN, SFO",2852,20220409-1731,fast
6:29 am – 12:10 am +2,Asiana Airlines,SAN‐HKT,27h41m,2,"LAX, ICN",1:30 am – 8:24 pm,Asiana Airlines,HKT‐SAN,32h54m,2,"ICN, SFO",2720,20220409-1731,fast
6:29 am – 12:10 am +2,Asiana Airlines,SAN‐HKT,27h41m,2,"LAX, ICN",1:30 am – 8:24 pm,Asiana Airlines,HKT‐SAN,32h54m,2,"ICN, SFO",4430,20220409-1731,fast
3:10 pm – 10:50 am +2,"Alaska Airlines, Singapore Airlines",SAN‐HKT,29h40m,2,"SFO, SIN",8:10 pm – 1:32 pm +1,"Singapore Airlines, Alaska Airlines",HKT‐SAN,31h22m,2,"SIN, SFO",2852,20220409-1731,fast
