Out Time,Out Airline,Out Cities,Out Duration,Out Stops,Out Stop Cities,Return Time,Return Airline,Return Cities,Return Duration,Return Stops,Return Stop Cities,Price,timestamp,sort
8:22 pm – 9:35 am +3,"JetBlue, Singapore Airlines",SAN‐HKT,47h13m,3,"JFK, FRA, ...",8:10 pm – 11:42 pm +1,"Singapore Airlines, Delta",HKT‐SAN,41h32m,3,"SIN, NRT, ...",1779,20220406-1436,cheap
5:25 pm – 1:05 pm +2,"Lufthansa, Thai Airways",SAN‐HKT,29h40m,2,"MUC, FRA",11:55 am – 8:20 am +1,Multiple Airlines,HKT‐SAN,34h25m,3,"SGN, SIN, ...",1803,20220406-1436,cheap
5:25 pm – 1:05 pm +2,"Lufthansa, Thai Airways",SAN‐HKT,29h40m,2,"MUC, FRA",5:25 pm – 2:58 pm +1,Multiple Airlines,HKT‐SAN,35h33m,3,"BKK, HND, ...",1847,20220406-1436,cheap
11:00 pm – 6:55 am +3,"Alaska Airlines, Qatar Airways",SAN‐HKT,41h55m,2,"JFK, DOH",11:55 pm – 8:58 pm +1,"Qatar Airways, Alaska Airlines",HKT‐SAN,35h03m,2,"DOH, BOS",1849,20220406-1436,cheap
11:00 pm – 1:15 pm +3,"Alaska Airlines, Qatar Airways",SAN‐HKT,48h15m,2,"JFK, DOH",11:55 pm – 8:58 pm +1,"Qatar Airways, Alaska Airlines",HKT‐SAN,35h03m,2,"DOH, BOS",1849,20220406-1436,cheap
5:25 pm – 1:05 pm +2,"Lufthansa, Thai Airways",SAN‐HKT,29h40m,2,"MUC, FRA",8:15 am – 11:58 pm,Multiple Airlines,HKT‐SAN,29h43m,3,"BKK, MNL, ...",1853,20220406-1436,cheap
5:25 pm – 1:05 pm +2,"Lufthansa, Thai Airways",SAN‐HKT,29h40m,2,"MUC, FRA",9:00 am – 11:58 pm,Multiple Airlines,HKT‐SAN,28h58m,3,"BKK, MNL, ...",1865,20220406-1436,cheap
5:25 pm – 7:05 pm +2,"Lufthansa, Bangkok Airways",SAN‐HKT,35h40m,2,"MUC, BKK",6:10 pm – 3:35 pm +1,"Singapore Airlines, Lufthansa",HKT‐SAN,35h25m,2,"SIN, MUC",1872,20220406-1436,cheap
5:25 pm – 7:05 pm +2,"Lufthansa, Bangkok Airways",SAN‐HKT,35h40m,2,"MUC, BKK",2:40 pm – 3:35 pm +1,"Bangkok Airways, Lufthansa",HKT‐SAN,38h55m,2,"BKK, MUC",1874,20220406-1436,cheap
5:25 pm – 7:05 pm +2,"Lufthansa, Bangkok Airways",SAN‐HKT,35h40m,2,"MUC, BKK",10:20 am – 3:35 pm +1,"Bangkok Airways, Lufthansa",HKT‐SAN,43h15m,2,"BKK, MUC",1874,20220406-1436,cheap
5:25 pm – 7:05 pm +2,"Lufthansa, Bangkok Airways",SAN‐HKT,35h40m,2,"MUC, BKK",8:10 pm – 3:35 pm +1,"Singapore Airlines, Lufthansa",HKT‐SAN,33h25m,2,"SIN, MUC",1875,20220406-1436,cheap
5:25 pm – 7:05 pm +2,"Lufthansa, Bangkok Airways",SAN‐HKT,35h40m,2,"MUC, BKK",6:10 pm – 3:35 pm +1,"Singapore Airlines, Lufthansa",HKT‐SAN,35h25m,2,"SIN, MUC",1875,20220406-1436,cheap
5:25 pm – 7:05 pm +2,"Lufthansa, Bangkok Airways",SAN‐HKT,35h40m,2,"MUC, BKK",7:40 pm – 3:35 pm +1,"THAI Smile, Lufthansa",HKT‐SAN,33h55m,2,"BKK, MUC",1880,20220406-1436,cheap
5:25 pm – 7:05 pm +2,"Lufthansa, Bangkok Airways",SAN‐HKT,35h40m,2,"MUC, BKK",5:05 pm – 3:35 pm +1,"THAI Smile, Lufthansa",HKT‐SAN,36h30m,2,"BKK, MUC",1880,20220406-1436,cheap
5:25 pm – 7:05 pm +2,"Lufthansa, Bangkok Airways",SAN‐HKT,35h40m,2,"MUC, BKK",4:05 pm – 3:35 pm +1,"THAI Smile, Lufthansa",HKT‐SAN,37h30m,2,"BKK, MUC",1880,20220406-1436,cheap
6:05 pm – 9:35 am +2,Singapore Airlines,SAN‐HKT,25h30m,2,"SFO, SIN",11:40 am – 11:58 pm,Singapore Airlines,HKT‐SAN,26h18m,2,"SIN, SFO",2581,20220406-1434,best
8:22 pm – 9:35 am +3,"JetBlue, Singapore Airlines",SAN‐HKT,47h13m,3,"JFK, FRA, ...",8:10 pm – 11:42 pm +1,"Singapore Airlines, Delta",HKT‐SAN,41h32m,3,"SIN, NRT, ...",1779,20220406-1434,best
6:05 pm – 9:35 am +2,Singapore Airlines,SAN‐HKT,25h30m,2,"SFO, SIN",10:25 am – 11:58 pm,Singapore Airlines,HKT‐SAN,27h33m,2,"SIN, SFO",2581,20220406-1434,best
6:05 pm – 10:50 am +2,Singapore Airlines,SAN‐HKT,26h45m,2,"SFO, SIN",11:40 am – 11:58 pm,Singapore Airlines,HKT‐SAN,26h18m,2,"SIN, SFO",2581,20220406-1434,best
6:05 pm – 10:50 am +2,Singapore Airlines,SAN‐HKT,26h45m,2,"SFO, SIN",10:25 am – 11:58 pm,Singapore Airlines,HKT‐SAN,27h33m,2,"SIN, SFO",2581,20220406-1434,best
6:05 pm – 9:35 am +2,"Alaska Airlines, Singapore Airlines",SAN‐HKT,25h30m,2,"SFO, SIN",8:10 pm – 6:57 pm +1,"Singapore Airlines, Alaska Airlines",HKT‐SAN,36h47m,2,"SIN, SFO",2038,20220406-1434,best
6:05 pm – 10:50 am +2,Singapore Airlines,SAN‐HKT,26h45m,2,"SFO, SIN",8:10 pm – 6:57 pm +1,"Singapore Airlines, Alaska Airlines",HKT‐SAN,36h47m,2,"SIN, SFO",2038,20220406-1434,best
6:05 pm – 9:35 am +2,Singapore Airlines,SAN‐HKT,25h30m,2,"SFO, SIN",8:10 pm – 4:02 pm +1,Singapore Airlines,HKT‐SAN,33h52m,2,"SIN, SFO",2318,20220406-1434,best
6:05 pm – 9:35 am +2,Singapore Airlines,SAN‐HKT,25h30m,2,"SFO, SIN",8:10 pm – 1:23 pm +1,Singapore Airlines,HKT‐SAN,31h13m,2,"SIN, SFO",2490,20220406-1434,best
2:35 pm – 9:35 am +2,"Alaska Airlines, Singapore Airlines",SAN‐HKT,29h00m,2,"SFO, SIN",11:40 am – 11:58 pm,Singapore Airlines,HKT‐SAN,26h18m,2,"SIN, SFO",2581,20220406-1434,best
4:15 pm – 9:35 am +2,Singapore Airlines,SAN‐HKT,27h20m,2,"SFO, SIN",8:10 pm – 6:57 pm +1,"Singapore Airlines, Alaska Airlines",HKT‐SAN,36h47m,2,"SIN, SFO",2038,20220406-1434,best
6:05 pm – 10:50 am +2,Singapore Airlines,SAN‐HKT,26h45m,2,"SFO, SIN",8:10 pm – 1:23 pm +1,Singapore Airlines,HKT‐SAN,31h13m,2,"SIN, SFO",2490,20220406-1434,best
2:35 pm – 10:50 am +2,"Alaska Airlines, Singapore Airlines",SAN‐HKT,30h15m,2,"SFO, SIN",11:40 am – 11:58 pm,"Singapore Airlines, Alaska Airlines",HKT‐SAN,26h18m,2,"SIN, SFO",2581,20220406-1434,best
2:35 pm – 9:35 am +2,"Alaska Airlines, Singapore Airlines",SAN‐HKT,29h00m,2,"SFO, SIN",10:25 am – 11:58 pm,Singapore Airlines,HKT‐SAN,27h33m,2,"SIN, SFO",2581,20220406-1434,best
4:15 pm – 10:50 am +2,Singapore Airlines,SAN‐HKT,28h35m,2,"SFO, SIN",8:10 pm – 6:57 pm +1,"Singapore Airlines, Alaska Airlines",HKT‐SAN,36h47m,2,"SIN, SFO",2038,20220406-1434,best
6:05 pm – 9:35 am +2,Singapore Airlines,SAN‐HKT,25h30m,2,"SFO, SIN",6:10 pm – 1:23 pm +1,Singapore Airlines,HKT‐SAN,33h13m,2,"SIN, SFO",2490,20220406-1434,best
6:05 pm – 9:35 am +2,Singapore Airlines,SAN‐HKT,25h30m,2,"SFO, SIN",11:40 am – 11:58 pm,Singapore Airlines,HKT‐SAN,26h18m,2,"SIN, SFO",2581,20220406-1438,fast
6:05 pm – 9:35 am +2,Singapore Airlines,SAN‐HKT,25h30m,2,"SFO, SIN",10:25 am – 11:58 pm,Singapore Airlines,HKT‐SAN,27h33m,2,"SIN, SFO",2581,20220406-1438,fast
6:05 pm – 10:50 am +2,Singapore Airlines,SAN‐HKT,26h45m,2,"SFO, SIN",11:40 am – 11:58 pm,Singapore Airlines,HKT‐SAN,26h18m,2,"SIN, SFO",2581,20220406-1438,fast
6:05 pm – 10:50 am +2,Singapore Airlines,SAN‐HKT,26h45m,2,"SFO, SIN",10:25 am – 11:58 pm,Singapore Airlines,HKT‐SAN,27h33m,2,"SIN, SFO",2581,20220406-1438,fast
2:35 pm – 9:35 am +2,"Alaska Airlines, Singapore Airlines",SAN‐HKT,29h00m,2,"SFO, SIN",11:40 am – 11:58 pm,"Singapore Airlines, Alaska Airlines",HKT‐SAN,26h18m,2,"SIN, SFO",2581,20220406-1438,fast
2:35 pm – 9:35 am +2,"Alaska Airlines, Singapore Airlines",SAN‐HKT,29h00m,2,"SFO, SIN",10:25 am – 11:58 pm,"Singapore Airlines, Alaska Airlines",HKT‐SAN,27h33m,2,"SIN, SFO",2581,20220406-1438,fast
2:35 pm – 10:50 am +2,"Alaska Airlines, Singapore Airlines",SAN‐HKT,30h15m,2,"SFO, SIN",11:40 am – 11:58 pm,"Singapore Airlines, Alaska Airlines",HKT‐SAN,26h18m,2,"SIN, SFO",2581,20220406-1438,fast
6:05 pm – 9:35 am +2,Singapore Airlines,SAN‐HKT,25h30m,2,"SFO, SIN",8:10 pm – 1:23 pm +1,Singapore Airlines,HKT‐SAN,31h13m,2,"SIN, SFO",2490,20220406-1438,fast
6:05 pm – 9:35 am +2,Singapore Airlines,SAN‐HKT,25h30m,2,"SFO, SIN",11:55 pm – 5:42 pm +1,Qatar Airways,HKT‐SAN,31h47m,2,"DOH, SFO",3306,20220406-1438,fast
2:35 pm – 10:50 am +2,"Alaska Airlines, Singapore Airlines",SAN‐HKT,30h15m,2,"SFO, SIN",10:25 am – 11:58 pm,"Singapore Airlines, Alaska Airlines",HKT‐SAN,27h33m,2,"SIN, SFO",2581,20220406-1438,fast
1:15 pm – 10:50 am +2,"Alaska Airlines, Singapore Airlines",SAN‐HKT,31h35m,2,"SFO, SIN",11:40 am – 11:58 pm,"Singapore Airlines, Alaska Airlines",HKT‐SAN,26h18m,2,"SIN, SFO",3052,20220406-1438,fast
6:05 pm – 10:50 am +2,Singapore Airlines,SAN‐HKT,26h45m,2,"SFO, SIN",8:10 pm – 1:23 pm +1,Singapore Airlines,HKT‐SAN,31h13m,2,"SIN, SFO",2490,20220406-1438,fast
4:15 pm – 9:35 am +2,Singapore Airlines,SAN‐HKT,27h20m,2,"SFO, SIN",8:10 pm – 1:23 pm +1,Singapore Airlines,HKT‐SAN,31h13m,2,"SIN, SFO",2490,20220406-1438,fast
5:25 pm – 1:05 pm +2,"Lufthansa, Thai Airways",SAN‐HKT,29h40m,2,"MUC, FRA",9:00 am – 11:58 pm,Multiple Airlines,HKT‐SAN,28h58m,3,"BKK, MNL, ...",1865,20220406-1438,fast
6:05 pm – 9:35 am +2,Singapore Airlines,SAN‐HKT,25h30m,2,"SFO, SIN",6:10 pm – 1:23 pm +1,Singapore Airlines,HKT‐SAN,33h13m,2,"SIN, SFO",2490,20220406-1438,fast
