Out Time,Out Airline,Out Cities,Out Duration,Out Stops,Out Stop Cities,Return Time,Return Airline,Return Cities,Return Duration,Return Stops,Return Stop Cities,Price,timestamp,sort
11:50 am – 1:15 pm +2,"Alaska Airlines, Qatar Airways",SAN‐HKT,35h25m,2,"SEA, DOH",11:55 pm – 9:31 pm +2,"Qatar Airways, Alaska Airlines",HKT‐SAN,59h36m,2,"DOH, JFK-EWR",1132,20220406-1158,cheap
11:50 am – 1:15 pm +2,"Alaska Airlines, Qatar Airways",SAN‐HKT,35h25m,2,"SEA, DOH",11:55 pm – 9:43 pm +1,"Qatar Airways, Alaska Airlines",HKT‐SAN,35h48m,2,"DOH, JFK",1189,20220406-1158,cheap
8:00 am – 1:15 pm +2,"Alaska Airlines, Qatar Airways",SAN‐HKT,39h15m,2,"SEA, DOH",11:55 pm – 9:43 pm +1,"Qatar Airways, Alaska Airlines",HKT‐SAN,35h48m,2,"DOH, JFK",1189,20220406-1158,cheap
6:15 am – 1:15 pm +2,"Alaska Airlines, Qatar Airways",SAN‐HKT,41h00m,2,"SEA, DOH",11:55 pm – 9:43 pm +1,"Qatar Airways, Alaska Airlines",HKT‐SAN,35h48m,2,"DOH, JFK",1189,20220406-1158,cheap
4:50 pm – 6:55 am +3,"Alaska Airlines, Qatar Airways",SAN‐HKT,48h05m,2,"SEA, DOH",11:55 pm – 9:43 pm +1,"Qatar Airways, Alaska Airlines",HKT‐SAN,35h48m,2,"DOH, JFK",1195,20220406-1158,cheap
3:21 pm – 6:55 am +3,"Alaska Airlines, Qatar Airways",SAN‐HKT,49h34m,2,"SEA, DOH",11:55 pm – 9:43 pm +1,"Qatar Airways, Alaska Airlines",HKT‐SAN,35h48m,2,"DOH, JFK",1195,20220406-1158,cheap
6:40 pm – 6:55 am +3,"Alaska Airlines, Qatar Airways",SAN‐HKT,46h15m,2,"SEA, DOH",11:55 pm – 9:43 pm +1,"Qatar Airways, Alaska Airlines",HKT‐SAN,35h48m,2,"DOH, JFK",1206,20220406-1158,cheap
12:35 pm – 1:15 pm +2,"Alaska Airlines, Qatar Airways",SAN‐HKT,34h40m,2,"SFO, DOH",11:55 pm – 9:43 pm +1,"Qatar Airways, Alaska Airlines",HKT‐SAN,35h48m,2,"DOH, JFK",1221,20220406-1158,cheap
10:45 am – 1:15 pm +2,"Alaska Airlines, Qatar Airways",SAN‐HKT,36h30m,2,"SFO, DOH",11:55 pm – 9:43 pm +1,"Qatar Airways, Alaska Airlines",HKT‐SAN,35h48m,2,"DOH, JFK",1221,20220406-1158,cheap
6:25 am – 1:15 pm +2,"Alaska Airlines, Qatar Airways",SAN‐HKT,40h50m,2,"SFO, DOH",11:55 pm – 9:43 pm +1,"Qatar Airways, Alaska Airlines",HKT‐SAN,35h48m,2,"DOH, JFK",1221,20220406-1158,cheap
7:25 pm – 6:55 am +3,"Alaska Airlines, Qatar Airways",SAN‐HKT,45h30m,2,"SFO, DOH",11:55 pm – 9:43 pm +1,"Qatar Airways, Alaska Airlines",HKT‐SAN,35h48m,2,"DOH, JFK",1226,20220406-1158,cheap
4:25 pm – 6:55 am +3,"Alaska Airlines, Qatar Airways",SAN‐HKT,48h30m,2,"SFO, DOH",11:55 pm – 9:43 pm +1,"Qatar Airways, Alaska Airlines",HKT‐SAN,35h48m,2,"DOH, JFK",1226,20220406-1158,cheap
8:00 am – 1:15 pm +2,"Alaska Airlines, Qatar Airways",SAN‐HKT,39h15m,2,"SEA, DOH",9:05 pm – 9:43 pm +1,"Qatar Airways, Alaska Airlines",HKT‐SAN,38h38m,2,"DOH, JFK",1252,20220406-1158,cheap
6:15 am – 1:15 pm +2,"Alaska Airlines, Qatar Airways",SAN‐HKT,41h00m,2,"SEA, DOH",9:05 pm – 9:43 pm +1,"Qatar Airways, Alaska Airlines",HKT‐SAN,38h38m,2,"DOH, JFK",1252,20220406-1158,cheap
4:50 pm – 6:55 am +3,"Alaska Airlines, Qatar Airways",SAN‐HKT,48h05m,2,"SEA, DOH",9:05 pm – 9:43 pm +1,"Qatar Airways, Alaska Airlines",HKT‐SAN,38h38m,2,"DOH, JFK",1258,20220406-1158,cheap
4:25 pm – 9:35 am +2,Singapore Airlines,SAN‐HKT,27h10m,2,"SFO, SIN",11:40 am – 11:05 pm,Singapore Airlines,HKT‐SAN,25h25m,2,"SIN, SFO",1950,20220406-1155,best
11:50 am – 1:15 pm +2,"Alaska Airlines, Qatar Airways",SAN‐HKT,35h25m,2,"SEA, DOH",11:55 pm – 9:31 pm +2,"Qatar Airways, Alaska Airlines",HKT‐SAN,59h36m,2,"DOH, JFK-EWR",1132,20220406-1155,best
12:35 pm – 1:15 pm +2,Qatar Airways,SAN‐HKT,34h40m,2,"SFO, DOH",11:55 pm – 5:04 pm +1,Qatar Airways,HKT‐SAN,31h09m,2,"DOH, SEA",1331,20220406-1155,best
4:25 pm – 9:35 am +2,Singapore Airlines,SAN‐HKT,27h10m,2,"SFO, SIN",10:25 am – 11:05 pm,Singapore Airlines,HKT‐SAN,26h40m,2,"SIN, SFO",1950,20220406-1155,best
11:50 am – 1:15 pm +2,"Alaska Airlines, Qatar Airways",SAN‐HKT,35h25m,2,"SEA, DOH",11:55 pm – 5:04 pm +1,"Qatar Airways, Alaska Airlines",HKT‐SAN,31h09m,2,"DOH, SEA",1321,20220406-1155,best
12:35 pm – 1:15 pm +2,Qatar Airways,SAN‐HKT,34h40m,2,"SFO, DOH",11:55 pm – 6:45 pm +1,Qatar Airways,HKT‐SAN,32h50m,2,"DOH, SEA",1331,20220406-1155,best
12:35 pm – 1:15 pm +2,"Alaska Airlines, Qatar Airways",SAN‐HKT,34h40m,2,"SFO, DOH",11:55 pm – 9:43 pm +1,"Qatar Airways, Alaska Airlines",HKT‐SAN,35h48m,2,"DOH, JFK",1221,20220406-1155,best
11:50 am – 1:15 pm +2,"Alaska Airlines, Qatar Airways",SAN‐HKT,35h25m,2,"SEA, DOH",11:55 pm – 9:43 pm +1,"Qatar Airways, Alaska Airlines",HKT‐SAN,35h48m,2,"DOH, JFK",1189,20220406-1155,best
11:50 am – 1:15 pm +2,"Alaska Airlines, Qatar Airways",SAN‐HKT,35h25m,2,"SEA, DOH",11:55 pm – 6:45 pm +1,"Qatar Airways, Alaska Airlines",HKT‐SAN,32h50m,2,"DOH, SEA",1321,20220406-1155,best
12:35 pm – 9:35 am +2,Singapore Airlines,SAN‐HKT,31h00m,2,"SFO, SIN",11:40 am – 11:05 pm,Singapore Airlines,HKT‐SAN,25h25m,2,"SIN, SFO",1950,20220406-1155,best
12:35 pm – 1:15 pm +2,Qatar Airways,SAN‐HKT,34h40m,2,"SFO, DOH",9:05 pm – 5:04 pm +1,Qatar Airways,HKT‐SAN,33h59m,2,"DOH, SEA",1363,20220406-1155,best
12:35 pm – 1:15 pm +2,"Alaska Airlines, Qatar Airways",SAN‐HKT,34h40m,2,"SFO, DOH",11:55 pm – 5:58 pm +1,"Qatar Airways, Alaska Airlines",HKT‐SAN,32h03m,2,"DOH, SFO",1417,20220406-1155,best
4:25 pm – 10:50 am +2,Singapore Airlines,SAN‐HKT,28h25m,2,"SFO, SIN",11:40 am – 11:05 pm,Singapore Airlines,HKT‐SAN,25h25m,2,"SIN, SFO",2089,20220406-1155,best
10:45 am – 1:15 pm +2,"Alaska Airlines, Qatar Airways",SAN‐HKT,36h30m,2,"SFO, DOH",11:55 pm – 5:04 pm +1,"Qatar Airways, Alaska Airlines",HKT‐SAN,31h09m,2,"DOH, SEA",1377,20220406-1155,best
11:50 am – 12:30 pm +2,"Alaska Airlines, Emirates",SAN‐HKT,34h40m,2,"SEA, DXB",12:10 am – 6:45 pm,"Emirates, Alaska Airlines",HKT‐SAN,32h35m,2,"DXB, SEA",1407,20220406-1155,best
11:50 am – 1:15 pm +2,"Alaska Airlines, Qatar Airways",SAN‐HKT,35h25m,2,"SEA, DOH",9:05 pm – 5:04 pm +1,"Qatar Airways, Alaska Airlines",HKT‐SAN,33h59m,2,"DOH, SEA",1321,20220406-1155,best
4:25 pm – 9:35 am +2,Singapore Airlines,SAN‐HKT,27h10m,2,"SFO, SIN",11:40 am – 11:05 pm,Singapore Airlines,HKT‐SAN,25h25m,2,"SIN, SFO",1950,20220406-1200,fast
4:25 pm – 9:35 am +2,Singapore Airlines,SAN‐HKT,27h10m,2,"SFO, SIN",10:25 am – 11:05 pm,Singapore Airlines,HKT‐SAN,26h40m,2,"SIN, SFO",1950,20220406-1200,fast
4:25 pm – 10:50 am +2,Singapore Airlines,SAN‐HKT,28h25m,2,"SFO, SIN",11:40 am – 11:05 pm,Singapore Airlines,HKT‐SAN,25h25m,2,"SIN, SFO",2089,20220406-1200,fast
4:25 pm – 10:50 am +2,Singapore Airlines,SAN‐HKT,28h25m,2,"SFO, SIN",10:25 am – 11:05 pm,Singapore Airlines,HKT‐SAN,26h40m,2,"SIN, SFO",2089,20220406-1200,fast
2:35 pm – 10:50 am +2,"Delta, Singapore Airlines",SAN‐HKT,30h15m,2,"LAX, SIN",11:40 am – 11:05 pm,Singapore Airlines,HKT‐SAN,25h25m,2,"SIN, SFO",2803,20220406-1200,fast
12:35 pm – 9:35 am +2,Singapore Airlines,SAN‐HKT,31h00m,2,"SFO, SIN",11:40 am – 11:05 pm,Singapore Airlines,HKT‐SAN,25h25m,2,"SIN, SFO",1950,20220406-1200,fast
2:35 pm – 10:50 am +2,"Delta, Singapore Airlines",SAN‐HKT,30h15m,2,"LAX, SIN",10:25 am – 11:05 pm,Singapore Airlines,HKT‐SAN,26h40m,2,"SIN, SFO",2803,20220406-1200,fast
12:35 pm – 9:35 am +2,Singapore Airlines,SAN‐HKT,31h00m,2,"SFO, SIN",10:25 am – 11:05 pm,Singapore Airlines,HKT‐SAN,26h40m,2,"SIN, SFO",1950,20220406-1200,fast
2:38 pm – 1:15 pm +2,Qatar Airways,SAN‐HKT,32h37m,2,"DFW, DOH",11:40 am – 11:05 pm,Singapore Airlines,HKT‐SAN,25h25m,2,"SIN, SFO",3057,20220406-1200,fast
10:45 am – 9:35 am +2,"Alaska Airlines, Singapore Airlines",SAN‐HKT,32h50m,2,"SFO, SIN",11:40 am – 11:05 pm,Singapore Airlines,HKT‐SAN,25h25m,2,"SIN, SFO",1968,20220406-1200,fast
7:00 pm – 1:15 pm +2,"British Airways, Qatar Airways",SAN‐HKT,28h15m,2,"LHR, DOH",9:05 pm – 1:48 pm +1,Qatar Airways,HKT‐SAN,30h43m,2,"DOH, DFW",2656,20220406-1200,fast
7:00 pm – 1:15 pm +2,"British Airways, Qatar Airways",SAN‐HKT,28h15m,2,"LHR, DOH",9:05 pm – 1:48 pm +1,Qatar Airways,HKT‐SAN,30h43m,2,"DOH, DFW",2656,20220406-1200,fast
4:25 pm – 9:35 am +2,Singapore Airlines,SAN‐HKT,27h10m,2,"SFO, SIN",11:55 pm – 5:58 pm +1,"Qatar Airways, Alaska Airlines",HKT‐SAN,32h03m,2,"DOH, SFO",2161,20220406-1200,fast
2:38 pm – 1:15 pm +2,Qatar Airways,SAN‐HKT,32h37m,2,"DFW, DOH",10:25 am – 11:05 pm,Singapore Airlines,HKT‐SAN,26h40m,2,"SIN, SFO",3057,20220406-1200,fast
7:00 pm – 1:15 pm +2,"British Airways, Qatar Airways",SAN‐HKT,28h15m,2,"LHR, DOH",11:55 pm – 5:05 pm +1,"Qatar Airways, British Airways",HKT‐SAN,31h10m,2,"DOH, LHR",2923,20220406-1200,fast
