Out Time,Out Airline,Out Cities,Out Duration,Out Stops,Out Stop Cities,Return Time,Return Airline,Return Cities,Return Duration,Return Stops,Return Stop Cities,Price,timestamp,sort
6:15 am – 7:20 am +2,"Alaska Airlines, Qatar Airways",SAN‐HKT,35h05m,2,"SEA, DOH",11:55 pm – 9:43 pm +2,Qatar Airways,HKT‐SAN,59h48m,2,"DOH, JFK",1438,20220406-0955,cheap
6:15 am – 7:20 am +2,"Alaska Airlines, Qatar Airways",SAN‐HKT,35h05m,2,"SEA, DOH",9:05 pm – 9:43 pm +1,"Qatar Airways, Alaska Airlines",HKT‐SAN,38h38m,2,"DOH, JFK",1457,20220406-0955,cheap
6:15 am – 1:15 pm +2,"Alaska Airlines, Qatar Airways",SAN‐HKT,41h00m,2,"SEA, DOH",9:05 pm – 9:43 pm +1,"Qatar Airways, Alaska Airlines",HKT‐SAN,38h38m,2,"DOH, JFK",1457,20220406-0955,cheap
10:46 am – 7:20 am +2,"American Airlines, Qatar Airways",SAN‐HKT,30h34m,2,"DFW, DOH",11:55 pm – 7:56 pm +1,"Qatar Airways, American Airlines",HKT‐SAN,34h01m,2,"DOH, ORD",1458,20220406-0955,cheap
9:35 am – 7:20 am +2,"American Airlines, Qatar Airways",SAN‐HKT,31h45m,2,"DFW, DOH",11:55 pm – 7:56 pm +1,"Qatar Airways, American Airlines",HKT‐SAN,34h01m,2,"DOH, ORD",1458,20220406-0955,cheap
2:40 pm – 1:15 pm +2,"American Airlines, Qatar Airways",SAN‐HKT,32h35m,2,"DFW, DOH",11:55 pm – 7:56 pm +1,"Qatar Airways, American Airlines",HKT‐SAN,34h01m,2,"DOH, ORD",1458,20220406-0955,cheap
8:00 am – 7:20 am +2,"American Airlines, Qatar Airways",SAN‐HKT,33h20m,2,"DFW, DOH",11:55 pm – 7:56 pm +1,"Qatar Airways, American Airlines",HKT‐SAN,34h01m,2,"DOH, ORD",1458,20220406-0955,cheap
10:46 am – 7:20 am +2,"American Airlines, Qatar Airways",SAN‐HKT,30h34m,2,"DFW, DOH",11:55 pm – 10:45 pm +1,"Qatar Airways, American Airlines",HKT‐SAN,36h50m,2,"DOH, MIA",1458,20220406-0955,cheap
1:40 pm – 1:15 pm +2,"American Airlines, Qatar Airways",SAN‐HKT,33h35m,2,"DFW, DOH",11:55 pm – 7:56 pm +1,"Qatar Airways, American Airlines",HKT‐SAN,34h01m,2,"DOH, ORD",1458,20220406-0955,cheap
1:37 pm – 1:15 pm +2,"American Airlines, Qatar Airways",SAN‐HKT,33h38m,2,"ORD, DOH",11:55 pm – 7:56 pm +1,"Qatar Airways, American Airlines",HKT‐SAN,34h01m,2,"DOH, ORD",1458,20220406-0955,cheap
7:00 am – 7:20 am +2,"American Airlines, Qatar Airways",SAN‐HKT,34h20m,2,"DFW, DOH",11:55 pm – 7:56 pm +1,"Qatar Airways, American Airlines",HKT‐SAN,34h01m,2,"DOH, ORD",1458,20220406-0955,cheap
12:52 pm – 1:15 pm +2,"American Airlines, Qatar Airways",SAN‐HKT,34h23m,2,"DFW, DOH",11:55 pm – 7:56 pm +1,"Qatar Airways, American Airlines",HKT‐SAN,34h01m,2,"DOH, ORD",1458,20220406-0955,cheap
9:35 am – 7:20 am +2,"American Airlines, Qatar Airways",SAN‐HKT,31h45m,2,"DFW, DOH",11:55 pm – 10:45 pm +1,"Qatar Airways, American Airlines",HKT‐SAN,36h50m,2,"DOH, MIA",1458,20220406-0955,cheap
6:30 am – 7:20 am +2,"American Airlines, Qatar Airways",SAN‐HKT,34h50m,2,"ORD, DOH",11:55 pm – 7:56 pm +1,"Qatar Airways, American Airlines",HKT‐SAN,34h01m,2,"DOH, ORD",1458,20220406-0955,cheap
6:15 am – 7:20 am +2,"American Airlines, Qatar Airways",SAN‐HKT,35h05m,2,"DFW, DOH",11:55 pm – 7:56 pm +1,"Qatar Airways, American Airlines",HKT‐SAN,34h01m,2,"DOH, ORD",1458,20220406-0955,cheap
10:46 am – 7:20 am +2,"American Airlines, Qatar Airways",SAN‐HKT,30h34m,2,"DFW, DOH",11:55 pm – 7:56 pm +1,"Qatar Airways, American Airlines",HKT‐SAN,34h01m,2,"DOH, ORD",1458,20220406-0952,best
6:15 am – 7:20 am +2,"Alaska Airlines, Qatar Airways",SAN‐HKT,35h05m,2,"SEA, DOH",11:55 pm – 9:43 pm +2,Qatar Airways,HKT‐SAN,59h48m,2,"DOH, JFK",1438,20220406-0952,best
9:35 am – 7:20 am +2,"American Airlines, Qatar Airways",SAN‐HKT,31h45m,2,"DFW, DOH",11:55 pm – 7:56 pm +1,"Qatar Airways, American Airlines",HKT‐SAN,34h01m,2,"DOH, ORD",1458,20220406-0952,best
2:40 pm – 1:15 pm +2,"American Airlines, Qatar Airways",SAN‐HKT,32h35m,2,"DFW, DOH",11:55 pm – 7:56 pm +1,"Qatar Airways, American Airlines",HKT‐SAN,34h01m,2,"DOH, ORD",1458,20220406-0952,best
1:40 pm – 1:15 pm +2,"American Airlines, Qatar Airways",SAN‐HKT,33h35m,2,"DFW, DOH",11:55 pm – 7:56 pm +1,"Qatar Airways, American Airlines",HKT‐SAN,34h01m,2,"DOH, ORD",1458,20220406-0952,best
1:37 pm – 1:15 pm +2,"American Airlines, Qatar Airways",SAN‐HKT,33h38m,2,"ORD, DOH",11:55 pm – 7:56 pm +1,"Qatar Airways, American Airlines",HKT‐SAN,34h01m,2,"DOH, ORD",1458,20220406-0952,best
10:46 am – 7:20 am +2,"American Airlines, Qatar Airways",SAN‐HKT,30h34m,2,"DFW, DOH",11:55 pm – 10:45 pm +1,"Qatar Airways, American Airlines",HKT‐SAN,36h50m,2,"DOH, MIA",1458,20220406-0952,best
8:00 am – 7:20 am +2,"American Airlines, Qatar Airways",SAN‐HKT,33h20m,2,"DFW, DOH",11:55 pm – 7:56 pm +1,"Qatar Airways, American Airlines",HKT‐SAN,34h01m,2,"DOH, ORD",1458,20220406-0952,best
10:46 am – 7:20 am +2,"American Airlines, Qatar Airways",SAN‐HKT,30h34m,2,"DFW, DOH",9:05 pm – 5:06 pm +1,"Qatar Airways, American Airlines",HKT‐SAN,34h01m,3,"DOH, JFK, ...",1501,20220406-0952,best
12:52 pm – 1:15 pm +2,"American Airlines, Qatar Airways",SAN‐HKT,34h23m,2,"DFW, DOH",11:55 pm – 7:56 pm +1,"Qatar Airways, American Airlines",HKT‐SAN,34h01m,2,"DOH, ORD",1458,20220406-0952,best
10:46 am – 7:20 am +2,"American Airlines, Qatar Airways",SAN‐HKT,30h34m,2,"DFW, DOH",11:55 pm – 9:15 pm +1,"Qatar Airways, American Airlines",HKT‐SAN,35h20m,3,"DOH, JFK, ...",1462,20220406-0952,best
10:46 am – 7:20 am +2,"American Airlines, Qatar Airways",SAN‐HKT,30h34m,2,"DFW, DOH",11:55 pm – 9:27 pm +1,"Qatar Airways, American Airlines",HKT‐SAN,35h32m,3,"DOH, ORD, ...",1462,20220406-0952,best
10:46 am – 7:20 am +2,"American Airlines, Qatar Airways",SAN‐HKT,30h34m,2,"DFW, DOH",11:55 pm – 9:27 pm +1,"Qatar Airways, American Airlines",HKT‐SAN,35h32m,3,"DOH, BOS, ...",1462,20220406-0952,best
9:35 am – 7:20 am +2,"American Airlines, Qatar Airways",SAN‐HKT,31h45m,2,"DFW, DOH",11:55 pm – 10:45 pm +1,"Qatar Airways, American Airlines",HKT‐SAN,36h50m,2,"DOH, MIA",1458,20220406-0952,best
7:00 am – 7:20 am +2,"American Airlines, Qatar Airways",SAN‐HKT,34h20m,2,"DFW, DOH",11:55 pm – 7:56 pm +1,"Qatar Airways, American Airlines",HKT‐SAN,34h01m,2,"DOH, ORD",1458,20220406-0952,best
9:35 am – 7:20 am +2,"American Airlines, Qatar Airways",SAN‐HKT,31h45m,2,"DFW, DOH",9:05 pm – 5:06 pm +1,"Qatar Airways, American Airlines",HKT‐SAN,34h01m,3,"DOH, JFK, ...",1501,20220406-0952,best
11:59 am – 9:35 am +2,"JetBlue, Singapore Airlines",SAN‐HKT,31h36m,2,"JFK, SIN",11:40 am – 11:05 pm,"Singapore Airlines, Alaska Airlines",HKT‐SAN,25h25m,2,"SIN, SFO",4815,20220406-0957,fast
9:35 am – 7:20 am +2,Qatar Airways,SAN‐HKT,31h45m,2,"DFW, DOH",11:40 am – 11:05 pm,Singapore Airlines,HKT‐SAN,25h25m,2,"SIN, SFO",4913,20220406-0957,fast
11:59 am – 10:50 am +2,"JetBlue, Singapore Airlines",SAN‐HKT,32h51m,2,"JFK, SIN",11:40 am – 11:05 pm,"Singapore Airlines, Alaska Airlines",HKT‐SAN,25h25m,2,"SIN, SFO",4815,20220406-0957,fast
11:59 am – 9:35 am +2,"JetBlue, Singapore Airlines",SAN‐HKT,31h36m,2,"JFK, SIN",10:25 am – 11:05 pm,Singapore Airlines,HKT‐SAN,26h40m,2,"SIN, SFO",4815,20220406-0957,fast
9:35 am – 7:20 am +2,Qatar Airways,SAN‐HKT,31h45m,2,"DFW, DOH",10:25 am – 11:05 pm,"Singapore Airlines, Alaska Airlines",HKT‐SAN,26h40m,2,"SIN, SFO",4187,20220406-0957,fast
7:50 am – 7:20 am +2,Qatar Airways,SAN‐HKT,33h30m,2,"SEA, DOH",11:40 am – 11:05 pm,Singapore Airlines,HKT‐SAN,25h25m,2,"SIN, SFO",4351,20220406-0957,fast
7:00 pm – 1:15 pm +2,"British Airways, Qatar Airways",SAN‐HKT,28h15m,2,"LHR, DOH",11:55 pm – 5:05 pm +1,"Qatar Airways, British Airways",HKT‐SAN,31h10m,2,"DOH, LHR",3790,20220406-0957,fast
11:59 am – 10:50 am +2,"JetBlue, Singapore Airlines",SAN‐HKT,32h51m,2,"JFK, SIN",10:25 am – 11:05 pm,Singapore Airlines,HKT‐SAN,26h40m,2,"SIN, SFO",4815,20220406-0957,fast
12:35 pm – 7:20 am +2,"Alaska Airlines, Qatar Airways",SAN‐HKT,28h45m,2,"SFO, DOH",11:55 pm – 5:04 pm +1,"Qatar Airways, Alaska Airlines",HKT‐SAN,31h09m,2,"DOH, SEA",2158,20220406-0957,fast
7:50 am – 7:20 am +2,Qatar Airways,SAN‐HKT,33h30m,2,"SEA, DOH",10:25 am – 11:05 pm,"Singapore Airlines, Alaska Airlines",HKT‐SAN,26h40m,2,"SIN, SFO",3629,20220406-0957,fast
7:00 pm – 1:15 pm +2,"British Airways, Qatar Airways",SAN‐HKT,28h15m,2,"LHR, DOH",11:55 pm – 5:58 pm +1,"Qatar Airways, Alaska Airlines",HKT‐SAN,32h03m,2,"DOH, SFO",2769,20220406-0957,fast
6:25 am – 7:20 am +2,"Alaska Airlines, Qatar Airways",SAN‐HKT,34h55m,2,"SFO, DOH",11:40 am – 11:05 pm,Singapore Airlines,HKT‐SAN,25h25m,2,"SIN, SFO",4276,20220406-0957,fast
1:15 pm – 9:35 am +2,Multiple Airlines,SAN‐HKT,30h20m,2,"NRT, BKK",7:10 pm – 11:15 am +1,Japan Airlines,HKT‐SAN,30h05m,2,"BKK, NRT",10077,20220406-0957,fast
11:50 am – 7:20 am +2,"Alaska Airlines, Qatar Airways",SAN‐HKT,29h30m,2,"SEA, DOH",11:55 pm – 5:04 pm +1,"Qatar Airways, Alaska Airlines",HKT‐SAN,31h09m,2,"DOH, SEA",6537,20220406-0957,fast
12:35 pm – 7:20 am +2,"Alaska Airlines, Qatar Airways",SAN‐HKT,28h45m,2,"SFO, DOH",11:55 pm – 5:58 pm +1,"Qatar Airways, Alaska Airlines",HKT‐SAN,32h03m,2,"DOH, SFO",2304,20220406-0957,fast
