Out Time,Out Airline,Out Cities,Out Duration,Out Stops,Out Stop Cities,Return Time,Return Airline,Return Cities,Return Duration,Return Stops,Return Stop Cities,Price,timestamp,sort
1:30 pm – 9:30 am +2,Japan Airlines,SAN‐HKT,30h00m,2,"NRT, BKK",7:10 pm – 11:30 am +1,Japan Airlines,HKT‐SAN,30h20m,2,"BKK, NRT",1388,20220409-1549,cheap
6:25 am – 12:10 am +3,"Alaska Airlines, Asiana Airlines",SAN‐HKT,51h45m,2,"SFO, ICN",1:30 am – 11:49 pm,"Asiana Airlines, Alaska Airlines",HKT‐SAN,36h19m,2,"ICN, SFO",1395,20220409-1549,cheap
8:25 am – 6:55 am +2,"Alaska Airlines, Qatar Airways",SAN‐HKT,32h30m,2,"SFO, DOH",9:05 pm – 9:33 pm +1,"Qatar Airways, Alaska Airlines",HKT‐SAN,38h28m,2,"DOH, JFK-EWR",1480,20220409-1549,cheap
8:25 am – 6:55 am +2,"Alaska Airlines, Qatar Airways",SAN‐HKT,32h30m,2,"SFO, DOH",9:05 pm – 9:54 pm +1,"Qatar Airways, Alaska Airlines",HKT‐SAN,38h49m,2,"DOH, JFK",1480,20220409-1549,cheap
8:25 am – 6:55 am +2,"Alaska Airlines, Qatar Airways",SAN‐HKT,32h30m,2,"SFO, DOH",9:05 pm – 9:54 pm +1,"Qatar Airways, Alaska Airlines",HKT‐SAN,38h49m,2,"DOH, JFK",1480,20220409-1549,cheap
6:25 am – 6:55 am +2,"Alaska Airlines, Qatar Airways",SAN‐HKT,34h30m,2,"SFO, DOH",9:05 pm – 9:33 pm +1,"Qatar Airways, Alaska Airlines",HKT‐SAN,38h28m,2,"DOH, JFK-EWR",1480,20220409-1549,cheap
6:25 am – 6:55 am +2,"Alaska Airlines, Qatar Airways",SAN‐HKT,34h30m,2,"SFO, DOH",9:05 pm – 9:54 pm +1,"Qatar Airways, Alaska Airlines",HKT‐SAN,38h49m,2,"DOH, JFK",1480,20220409-1549,cheap
6:25 am – 6:55 am +2,"Alaska Airlines, Qatar Airways",SAN‐HKT,34h30m,2,"SFO, DOH",9:05 pm – 9:54 pm +1,"Qatar Airways, Alaska Airlines",HKT‐SAN,38h49m,2,"DOH, JFK",1480,20220409-1549,cheap
8:25 am – 6:55 am +2,"Alaska Airlines, Qatar Airways",SAN‐HKT,32h30m,2,"SFO, DOH",9:05 pm – 11:55 am +2,Qatar Airways,HKT‐SAN,52h50m,2,"DOH, JFK",1488,20220409-1549,cheap
8:25 am – 6:55 am +2,"Alaska Airlines, Qatar Airways",SAN‐HKT,32h30m,2,"SFO, DOH",11:55 pm – 9:54 pm +1,"Qatar Airways, Alaska Airlines",HKT‐SAN,35h59m,2,"DOH, JFK",1525,20220409-1549,cheap
6:25 am – 6:55 am +2,"Alaska Airlines, Qatar Airways",SAN‐HKT,34h30m,2,"SFO, DOH",11:55 pm – 9:54 pm +1,"Qatar Airways, Alaska Airlines",HKT‐SAN,35h59m,2,"DOH, JFK",1525,20220409-1549,cheap
8:25 am – 6:55 am +2,Qatar Airways,SAN‐HKT,32h30m,2,"SFO, DOH",9:05 pm – 11:55 am +2,Qatar Airways,HKT‐SAN,52h50m,2,"DOH, JFK",1543,20220409-1549,cheap
7:00 am – 6:55 am +2,Qatar Airways,SAN‐HKT,33h55m,2,"JFK, DOH",9:05 pm – 9:54 pm +1,Qatar Airways,HKT‐SAN,38h49m,2,"DOH, JFK",1552,20220409-1549,cheap
7:00 am – 6:55 am +2,Qatar Airways,SAN‐HKT,33h55m,2,"JFK, DOH",9:05 pm – 9:54 pm +1,Qatar Airways,HKT‐SAN,38h49m,2,"DOH, JFK",1552,20220409-1549,cheap
11:00 pm – 1:15 pm +3,Qatar Airways,SAN‐HKT,48h15m,2,"JFK, DOH",11:55 pm – 9:54 pm +1,Qatar Airways,HKT‐SAN,35h59m,2,"DOH, JFK",1556,20220409-1549,cheap
1:30 pm – 9:30 am +2,Japan Airlines,SAN‐HKT,30h00m,2,"NRT, BKK",7:10 pm – 11:30 am +1,Japan Airlines,HKT‐SAN,30h20m,2,"BKK, NRT",1388,20220409-1547,best
12:40 pm – 6:55 am +2,"American Airlines, Qatar Airways",SAN‐HKT,28h15m,2,"DFW, DOH",9:05 pm – 2:27 pm +1,"Qatar Airways, American Airlines",HKT‐SAN,31h22m,2,"DOH, DFW",1634,20220409-1547,best
12:40 pm – 6:55 am +2,"American Airlines, Qatar Airways",SAN‐HKT,28h15m,2,"DFW, DOH",11:55 pm – 7:35 pm +1,"Qatar Airways, American Airlines",HKT‐SAN,33h40m,2,"DOH, ORD",1582,20220409-1547,best
10:20 am – 9:30 am +2,Japan Airlines,SAN‐HKT,33h10m,3,"SFO, NRT, ...",7:10 pm – 11:30 am +1,Japan Airlines,HKT‐SAN,30h20m,2,"BKK, NRT",1609,20220409-1547,best
12:40 pm – 6:55 am +2,"American Airlines, Qatar Airways",SAN‐HKT,28h15m,2,"DFW, DOH",9:05 pm – 5:18 pm +1,"Qatar Airways, American Airlines",HKT‐SAN,34h13m,2,"DOH, ORD",1582,20220409-1547,best
12:40 pm – 6:55 am +2,"American Airlines, Qatar Airways",SAN‐HKT,28h15m,2,"DFW, DOH",11:55 pm – 9:23 pm +1,"Qatar Airways, American Airlines",HKT‐SAN,35h28m,2,"DOH, PHL",1582,20220409-1547,best
10:40 am – 6:55 am +2,"American Airlines, Qatar Airways",SAN‐HKT,30h15m,2,"DFW, DOH",9:05 pm – 2:27 pm +1,"Qatar Airways, American Airlines",HKT‐SAN,31h22m,2,"DOH, DFW",1634,20220409-1547,best
12:40 pm – 6:55 am +2,"American Airlines, Qatar Airways",SAN‐HKT,28h15m,2,"DFW, DOH",9:05 pm – 4:54 pm +1,"Qatar Airways, American Airlines",HKT‐SAN,33h49m,2,"DOH, DFW",1634,20220409-1547,best
10:40 am – 6:55 am +2,"American Airlines, Qatar Airways",SAN‐HKT,30h15m,2,"DFW, DOH",11:55 pm – 7:35 pm +1,"Qatar Airways, American Airlines",HKT‐SAN,33h40m,2,"DOH, ORD",1582,20220409-1547,best
1:30 pm – 9:30 am +2,Japan Airlines,SAN‐HKT,30h00m,2,"NRT, BKK",7:10 pm – 4:35 pm +1,Japan Airlines,HKT‐SAN,35h25m,3,"BKK, NRT, ...",1623,20220409-1547,best
12:40 pm – 6:55 am +2,"American Airlines, Qatar Airways",SAN‐HKT,28h15m,2,"DFW, DOH",9:05 pm – 7:35 pm +1,"Qatar Airways, American Airlines",HKT‐SAN,36h30m,2,"DOH, ORD",1582,20220409-1547,best
12:40 pm – 6:55 am +2,"American Airlines, Qatar Airways",SAN‐HKT,28h15m,2,"DFW, DOH",9:05 pm – 7:35 pm +1,"Qatar Airways, American Airlines",HKT‐SAN,36h30m,2,"DOH, ORD",1582,20220409-1547,best
10:40 am – 6:55 am +2,"American Airlines, Qatar Airways",SAN‐HKT,30h15m,2,"DFW, DOH",9:05 pm – 5:18 pm +1,"Qatar Airways, American Airlines",HKT‐SAN,34h13m,2,"DOH, ORD",1582,20220409-1547,best
9:25 am – 6:55 am +2,"American Airlines, Qatar Airways",SAN‐HKT,31h30m,2,"DFW, DOH",9:05 pm – 2:27 pm +1,"Qatar Airways, American Airlines",HKT‐SAN,31h22m,2,"DOH, DFW",1634,20220409-1547,best
12:40 pm – 6:55 am +2,"American Airlines, Qatar Airways",SAN‐HKT,28h15m,2,"DFW, DOH",9:05 pm – 6:08 pm +1,"Qatar Airways, American Airlines",HKT‐SAN,35h03m,2,"DOH, DFW",1634,20220409-1547,best
8:00 am – 12:10 am +2,"Air Canada, Asiana Airlines",SAN‐HKT,26h10m,2,"YVR, ICN",11:40 am – 11:49 pm,Singapore Airlines,HKT‐SAN,26h09m,2,"SIN, SFO",4771,20220409-1551,fast
7:20 am – 12:10 am +2,"Korean Air, Asiana Airlines",SAN‐HKT,26h50m,2,"SEA, ICN",11:40 am – 11:49 pm,Singapore Airlines,HKT‐SAN,26h09m,2,"SIN, SFO",4738,20220409-1551,fast
8:00 am – 12:10 am +2,United Airlines,SAN‐HKT,26h10m,2,"SFO, ICN",1:30 am – 2:35 pm,United Airlines,HKT‐SAN,27h05m,2,"ICN, SFO",7502,20220409-1551,fast
8:12 pm – 10:50 am +2,"United Airlines, Singapore Airlines",SAN‐HKT,24h38m,2,"SFO, SIN",8:10 pm – 12:23 pm +1,"Singapore Airlines, United Airlines",HKT‐SAN,30h13m,2,"SIN, SFO",8350,20220409-1551,fast
6:15 am – 12:10 am +2,United Airlines,SAN‐HKT,27h55m,2,"SFO, ICN",1:30 am – 2:35 pm,United Airlines,HKT‐SAN,27h05m,2,"ICN, SFO",7502,20220409-1551,fast
8:12 pm – 10:50 am +2,"United Airlines, Singapore Airlines",SAN‐HKT,24h38m,2,"SFO, SIN",1:30 am – 6:37 pm,"Asiana Airlines, Air Canada",HKT‐SAN,31h07m,2,"ICN, YVR",5215,20220409-1551,fast
6:53 pm – 9:35 am +2,"United Airlines, Singapore Airlines",SAN‐HKT,24h42m,2,"SFO, SIN",1:30 am – 6:37 pm,"Asiana Airlines, Air Canada",HKT‐SAN,31h07m,2,"ICN, YVR",5215,20220409-1551,fast
7:00 pm – 3:05 pm +2,"Iberia, Thai Airways",SAN‐HKT,30h05m,1,LHR,11:55 am – 11:49 pm,Multiple Airlines,HKT‐SAN,25h54m,2,"SGN, SFO",4895,20220409-1551,fast
1:30 pm – 9:30 am +2,Japan Airlines,SAN‐HKT,30h00m,2,"NRT, BKK",11:40 am – 11:49 pm,Singapore Airlines,HKT‐SAN,26h09m,2,"SIN, SFO",1865,20220409-1551,fast
7:00 pm – 3:05 pm +2,"Iberia, Thai Airways",SAN‐HKT,30h05m,1,LHR,11:15 pm – 11:30 am +1,"Thai Vietjet Air, Japan Airlines",HKT‐SAN,26h15m,2,"BKK, NRT",4854,20220409-1551,fast
10:20 am – 6:55 am +2,"Alaska Airlines, Qatar Airways",SAN‐HKT,30h35m,2,"SFO, DOH",11:40 am – 11:49 pm,Singapore Airlines,HKT‐SAN,26h09m,2,"SIN, SFO",1939,20220409-1551,fast
8:00 am – 12:10 am +2,United Airlines,SAN‐HKT,26h10m,2,"SFO, ICN",1:30 am – 6:09 pm,United Airlines,HKT‐SAN,30h39m,2,"ICN, SFO",7502,20220409-1551,fast
6:53 pm – 10:50 am +2,"United Airlines, Singapore Airlines",SAN‐HKT,25h57m,2,"SFO, SIN",1:30 am – 6:37 pm,"Asiana Airlines, Air Canada",HKT‐SAN,31h07m,2,"ICN, YVR",5215,20220409-1551,fast
8:00 am – 12:10 am +2,Air Canada,SAN‐HKT,26h10m,2,"YVR, ICN",1:30 am – 6:37 pm,Air Canada,HKT‐SAN,31h07m,2,"ICN, YVR",2284,20220409-1551,fast
8:15 pm – 2:00 pm +2,"United Airlines, EVA Air",SAN‐HKT,27h45m,3,"LAX, TPE, ...",8:15 am – 11:49 pm,Multiple Airlines,HKT‐SAN,29h34m,3,"BKK, TPE, ...",10631,20220409-1551,fast
