Out Time,Out Airline,Out Cities,Out Duration,Out Stops,Out Stop Cities,Return Time,Return Airline,Return Cities,Return Duration,Return Stops,Return Stop Cities,Price,timestamp,sort
1:15 pm – 10:55 am +2,"Japan Airlines, VietJet Air",SAN‐HKT,31h40m,2,"NRT-HND, SGN",6:45 pm – 3:30 pm +1,Multiple Airlines,HKT‐SAN,34h45m,3,"BKK, MNL, ...",1409,20220406-1421,cheap
1:15 pm – 10:55 am +2,"Japan Airlines, VietJet Air",SAN‐HKT,31h40m,2,"NRT-HND, SGN",5:25 pm – 2:58 pm +1,Multiple Airlines,HKT‐SAN,35h33m,3,"BKK, HND, ...",1524,20220406-1421,cheap
1:15 pm – 10:55 am +2,"Japan Airlines, VietJet Air",SAN‐HKT,31h40m,2,"NRT-HND, SGN",5:25 pm – 1:23 pm +1,Multiple Airlines,HKT‐SAN,33h58m,3,"BKK, HND, ...",1580,20220406-1421,cheap
6:15 am – 6:55 am +2,"Alaska Airlines, Qatar Airways",SAN‐HKT,34h40m,2,"SEA, DOH",11:55 pm – 11:58 am +2,"Qatar Airways, Alaska Airlines",HKT‐SAN,50h03m,2,"DOH, JFK",1600,20220406-1421,cheap
6:15 am – 1:15 pm +2,"Alaska Airlines, Qatar Airways",SAN‐HKT,41h00m,2,"SEA, DOH",11:55 pm – 11:58 am +2,"Qatar Airways, Alaska Airlines",HKT‐SAN,50h03m,2,"DOH, JFK",1600,20220406-1421,cheap
1:15 pm – 10:55 am +2,"Japan Airlines, VietJet Air",SAN‐HKT,31h40m,2,"NRT-HND, SGN",5:10 pm – 11:15 am +1,"AirAsia, Japan Airlines",HKT‐SAN,32h05m,2,"KUL, NRT",1628,20220406-1421,cheap
1:15 pm – 10:55 am +2,"Japan Airlines, VietJet Air",SAN‐HKT,31h40m,2,"NRT-HND, SGN",11:40 am – 7:12 am +1,Multiple Airlines,HKT‐SAN,33h32m,3,"SIN, LAX, ...",1641,20220406-1421,cheap
6:15 am – 6:55 am +2,"Alaska Airlines, Qatar Airways",SAN‐HKT,34h40m,2,"SEA, DOH",11:55 pm – 9:49 pm +1,"Qatar Airways, Alaska Airlines",HKT‐SAN,35h54m,2,"DOH, JFK",1644,20220406-1421,cheap
6:15 am – 1:15 pm +2,"Alaska Airlines, Qatar Airways",SAN‐HKT,41h00m,2,"SEA, DOH",11:55 pm – 9:49 pm +1,"Qatar Airways, Alaska Airlines",HKT‐SAN,35h54m,2,"DOH, JFK",1644,20220406-1421,cheap
1:15 pm – 10:55 am +2,"Japan Airlines, VietJet Air",SAN‐HKT,31h40m,2,"NRT-HND, SGN",9:00 am – 11:58 pm,Multiple Airlines,HKT‐SAN,28h58m,3,"BKK, MNL, ...",1664,20220406-1421,cheap
6:15 am – 6:55 am +2,"Alaska Airlines, Qatar Airways",SAN‐HKT,34h40m,2,"SEA, DOH",9:05 pm – 9:31 pm +1,"Qatar Airways, Alaska Airlines",HKT‐SAN,38h26m,2,"DOH, JFK-EWR",1671,20220406-1421,cheap
6:15 am – 6:55 am +2,"Alaska Airlines, Qatar Airways",SAN‐HKT,34h40m,2,"SEA, DOH",9:05 pm – 9:49 pm +1,"Qatar Airways, Alaska Airlines",HKT‐SAN,38h44m,2,"DOH, JFK",1671,20220406-1421,cheap
1:15 pm – 10:55 am +2,"Japan Airlines, VietJet Air",SAN‐HKT,31h40m,2,"NRT-HND, SGN",11:55 am – 11:58 pm,Multiple Airlines,HKT‐SAN,26h03m,3,"SGN, TPE, ...",1705,20220406-1421,cheap
1:00 pm – 6:55 am +2,Qatar Airways,SAN‐HKT,27h55m,2,"SEA, DOH",11:55 pm – 9:49 pm +2,Qatar Airways,HKT‐SAN,59h54m,2,"DOH, JFK",1768,20220406-1421,cheap
11:53 am – 6:55 am +2,Qatar Airways,SAN‐HKT,29h02m,2,"SEA, DOH",11:55 pm – 9:49 pm +2,Qatar Airways,HKT‐SAN,59h54m,2,"DOH, JFK",1768,20220406-1421,cheap
1:00 pm – 6:55 am +2,Qatar Airways,SAN‐HKT,27h55m,2,"SEA, DOH",11:55 pm – 5:06 pm +1,"Qatar Airways, Alaska Airlines",HKT‐SAN,31h11m,2,"DOH, SEA",1977,20220406-1419,best
1:15 pm – 10:55 am +2,"Japan Airlines, VietJet Air",SAN‐HKT,31h40m,2,"NRT-HND, SGN",6:45 pm – 3:30 pm +1,Multiple Airlines,HKT‐SAN,34h45m,3,"BKK, MNL, ...",1409,20220406-1419,best
1:00 pm – 6:55 am +2,Qatar Airways,SAN‐HKT,27h55m,2,"SEA, DOH",11:55 pm – 5:42 pm +1,Qatar Airways,HKT‐SAN,31h47m,2,"DOH, SFO",1961,20220406-1419,best
11:53 am – 6:55 am +2,Qatar Airways,SAN‐HKT,29h02m,2,"SEA, DOH",11:55 pm – 5:06 pm +1,Qatar Airways,HKT‐SAN,31h11m,2,"DOH, SEA",1981,20220406-1419,best
11:53 am – 6:55 am +2,Qatar Airways,SAN‐HKT,29h02m,2,"SEA, DOH",11:55 pm – 5:42 pm +1,Qatar Airways,HKT‐SAN,31h47m,2,"DOH, SFO",1961,20220406-1419,best
1:00 pm – 6:55 am +2,Qatar Airways,SAN‐HKT,27h55m,2,"SEA, DOH",11:55 pm – 6:59 pm +1,Qatar Airways,HKT‐SAN,33h04m,2,"DOH, SEA",1981,20220406-1419,best
1:00 pm – 6:55 am +2,Qatar Airways,SAN‐HKT,27h55m,2,"SEA, DOH",11:55 pm – 9:49 pm +1,Qatar Airways,HKT‐SAN,35h54m,2,"DOH, JFK",1881,20220406-1419,best
1:00 pm – 6:55 am +2,Qatar Airways,SAN‐HKT,27h55m,2,"SEA, DOH",9:05 pm – 5:42 pm +1,Qatar Airways,HKT‐SAN,34h37m,2,"DOH, SFO",1961,20220406-1419,best
1:00 pm – 6:55 am +2,"Alaska Airlines, Qatar Airways",SAN‐HKT,27h55m,2,"SEA, DOH",11:55 pm – 6:57 pm +1,"Qatar Airways, Alaska Airlines",HKT‐SAN,33h02m,2,"DOH, SFO",1990,20220406-1419,best
11:53 am – 6:55 am +2,Qatar Airways,SAN‐HKT,29h02m,2,"SEA, DOH",11:55 pm – 6:59 pm +1,Qatar Airways,HKT‐SAN,33h04m,2,"DOH, SEA",1981,20220406-1419,best
11:53 am – 6:55 am +2,Qatar Airways,SAN‐HKT,29h02m,2,"SEA, DOH",11:55 pm – 9:49 pm +1,Qatar Airways,HKT‐SAN,35h54m,2,"DOH, JFK",1881,20220406-1419,best
6:20 am – 9:35 am +2,Singapore Airlines,SAN‐HKT,37h15m,2,"SFO, SIN",8:10 pm – 1:23 pm +1,Singapore Airlines,HKT‐SAN,31h13m,2,"SIN, SFO",1837,20220406-1419,best
6:15 am – 6:55 am +2,"Alaska Airlines, Qatar Airways",SAN‐HKT,34h40m,2,"SEA, DOH",11:55 pm – 9:49 pm +1,"Qatar Airways, Alaska Airlines",HKT‐SAN,35h54m,2,"DOH, JFK",1644,20220406-1419,best
11:53 am – 6:55 am +2,Qatar Airways,SAN‐HKT,29h02m,2,"SEA, DOH",9:05 pm – 5:42 pm +1,Qatar Airways,HKT‐SAN,34h37m,2,"DOH, SFO",1961,20220406-1419,best
11:53 am – 6:55 am +2,"Alaska Airlines, Qatar Airways",SAN‐HKT,29h02m,2,"SEA, DOH",11:55 pm – 6:57 pm +1,"Qatar Airways, Alaska Airlines",HKT‐SAN,33h02m,2,"DOH, SFO",1990,20220406-1419,best
11:53 am – 6:55 am +2,Qatar Airways,SAN‐HKT,29h02m,2,"SEA, DOH",9:05 pm – 9:31 pm +1,"Qatar Airways, Alaska Airlines",HKT‐SAN,38h26m,2,"DOH, JFK-EWR",1817,20220406-1419,best
1:00 pm – 6:55 am +2,"Alaska Airlines, Qatar Airways",SAN‐HKT,27h55m,2,"SEA, DOH",11:40 am – 11:58 pm,Singapore Airlines,HKT‐SAN,26h18m,2,"SIN, SFO",2208,20220406-1423,fast
2:35 pm – 9:35 am +2,"Delta, Singapore Airlines",SAN‐HKT,29h00m,2,"LAX, SIN",11:40 am – 11:58 pm,Singapore Airlines,HKT‐SAN,26h18m,2,"SIN, SFO",5721,20220406-1423,fast
11:53 am – 6:55 am +2,Qatar Airways,SAN‐HKT,29h02m,2,"SEA, DOH",11:40 am – 11:58 pm,Singapore Airlines,HKT‐SAN,26h18m,2,"SIN, SFO",2180,20220406-1423,fast
1:00 pm – 6:55 am +2,"Alaska Airlines, Qatar Airways",SAN‐HKT,27h55m,2,"SEA, DOH",10:25 am – 11:58 pm,Singapore Airlines,HKT‐SAN,27h33m,2,"SIN, SFO",2208,20220406-1423,fast
2:35 pm – 9:35 am +2,"Delta, Singapore Airlines",SAN‐HKT,29h00m,2,"LAX, SIN",10:25 am – 11:58 pm,Singapore Airlines,HKT‐SAN,27h33m,2,"SIN, SFO",5721,20220406-1423,fast
11:53 am – 6:55 am +2,Qatar Airways,SAN‐HKT,29h02m,2,"SEA, DOH",10:25 am – 11:58 pm,Singapore Airlines,HKT‐SAN,27h33m,2,"SIN, SFO",2180,20220406-1423,fast
1:15 pm – 9:35 am +2,"Alaska Airlines, Singapore Airlines",SAN‐HKT,30h20m,2,"SFO, SIN",11:40 am – 11:58 pm,"Singapore Airlines, Alaska Airlines",HKT‐SAN,26h18m,2,"SIN, SFO",3152,20220406-1423,fast
1:15 pm – 10:55 am +2,"Japan Airlines, VietJet Air",SAN‐HKT,31h40m,2,"NRT-HND, SGN",11:55 am – 11:58 pm,Multiple Airlines,HKT‐SAN,26h03m,3,"SGN, TPE, ...",1705,20220406-1423,fast
1:15 pm – 9:35 am +2,"Alaska Airlines, Singapore Airlines",SAN‐HKT,30h20m,2,"SFO, SIN",10:25 am – 11:58 pm,"Singapore Airlines, Alaska Airlines",HKT‐SAN,27h33m,2,"SIN, SFO",3152,20220406-1423,fast
1:15 pm – 10:50 am +2,"Alaska Airlines, Singapore Airlines",SAN‐HKT,31h35m,2,"SFO, SIN",11:40 am – 11:58 pm,"Singapore Airlines, Alaska Airlines",HKT‐SAN,26h18m,2,"SIN, SFO",3152,20220406-1423,fast
10:55 am – 9:35 am +2,"Alaska Airlines, Singapore Airlines",SAN‐HKT,32h40m,2,"SFO, SIN",11:40 am – 11:58 pm,Singapore Airlines,HKT‐SAN,26h18m,2,"SIN, SFO",3152,20220406-1423,fast
1:00 pm – 6:55 am +2,Qatar Airways,SAN‐HKT,27h55m,2,"SEA, DOH",11:55 pm – 5:06 pm +1,"Qatar Airways, Alaska Airlines",HKT‐SAN,31h11m,2,"DOH, SEA",1977,20220406-1423,fast
1:15 pm – 10:50 am +2,"Alaska Airlines, Singapore Airlines",SAN‐HKT,31h35m,2,"SFO, SIN",10:25 am – 11:58 pm,"Singapore Airlines, Alaska Airlines",HKT‐SAN,27h33m,2,"SIN, SFO",3152,20220406-1423,fast
8:00 am – 6:55 am +2,"Alaska Airlines, Qatar Airways",SAN‐HKT,32h55m,2,"SEA, DOH",11:40 am – 11:58 pm,Singapore Airlines,HKT‐SAN,26h18m,2,"SIN, SFO",2208,20220406-1423,fast
7:00 pm – 1:15 pm +2,"British Airways, Qatar Airways",SAN‐HKT,28h15m,2,"LHR, DOH",9:05 pm – 2:27 pm +1,"Qatar Airways, American Airlines",HKT‐SAN,31h22m,2,"DOH, DFW",2914,20220406-1423,fast
