Out Time,Out Airline,Out Cities,Out Duration,Out Stops,Out Stop Cities,Return Time,Return Airline,Return Cities,Return Duration,Return Stops,Return Stop Cities,Price,timestamp,sort
11:50 am – 1:15 pm +2,"Alaska Airlines, Qatar Airways",SAN‐HKT,35h25m,2,"SEA, DOH",9:05 pm – 9:49 pm +1,"Qatar Airways, Alaska Airlines",HKT‐SAN,38h44m,2,"DOH, JFK",1103,20220406-1252,cheap
8:00 am – 1:15 pm +2,"Alaska Airlines, Qatar Airways",SAN‐HKT,39h15m,2,"SEA, DOH",9:05 pm – 9:49 pm +1,"Qatar Airways, Alaska Airlines",HKT‐SAN,38h44m,2,"DOH, JFK",1103,20220406-1252,cheap
6:15 am – 1:15 pm +2,"Alaska Airlines, Qatar Airways",SAN‐HKT,41h00m,2,"SEA, DOH",9:05 pm – 9:49 pm +1,"Qatar Airways, Alaska Airlines",HKT‐SAN,38h44m,2,"DOH, JFK",1103,20220406-1252,cheap
12:35 pm – 1:15 pm +2,"Alaska Airlines, Qatar Airways",SAN‐HKT,34h40m,2,"SFO, DOH",9:05 pm – 9:49 pm +1,"Qatar Airways, Alaska Airlines",HKT‐SAN,38h44m,2,"DOH, JFK",1136,20220406-1252,cheap
10:45 am – 1:15 pm +2,"Alaska Airlines, Qatar Airways",SAN‐HKT,36h30m,2,"SFO, DOH",9:05 pm – 9:49 pm +1,"Qatar Airways, Alaska Airlines",HKT‐SAN,38h44m,2,"DOH, JFK",1136,20220406-1252,cheap
6:25 am – 1:15 pm +2,"Alaska Airlines, Qatar Airways",SAN‐HKT,40h50m,2,"SFO, DOH",9:05 pm – 9:49 pm +1,"Qatar Airways, Alaska Airlines",HKT‐SAN,38h44m,2,"DOH, JFK",1136,20220406-1252,cheap
7:25 pm – 6:55 am +3,"Alaska Airlines, Qatar Airways",SAN‐HKT,45h30m,2,"SFO, DOH",9:05 pm – 9:49 pm +1,"Qatar Airways, Alaska Airlines",HKT‐SAN,38h44m,2,"DOH, JFK",1140,20220406-1252,cheap
4:25 pm – 6:55 am +3,"Alaska Airlines, Qatar Airways",SAN‐HKT,48h30m,2,"SFO, DOH",9:05 pm – 9:49 pm +1,"Qatar Airways, Alaska Airlines",HKT‐SAN,38h44m,2,"DOH, JFK",1140,20220406-1252,cheap
10:00 pm – 1:15 pm +3,"Alaska Airlines, Qatar Airways",SAN‐HKT,49h15m,2,"SFO, DOH",9:05 pm – 9:49 pm +1,"Qatar Airways, Alaska Airlines",HKT‐SAN,38h44m,2,"DOH, JFK",1140,20220406-1252,cheap
7:25 pm – 1:15 pm +3,"Alaska Airlines, Qatar Airways",SAN‐HKT,51h50m,2,"SFO, DOH",9:05 pm – 9:49 pm +1,"Qatar Airways, Alaska Airlines",HKT‐SAN,38h44m,2,"DOH, JFK",1140,20220406-1252,cheap
4:25 pm – 1:15 pm +3,"Alaska Airlines, Qatar Airways",SAN‐HKT,54h50m,2,"SFO, DOH",9:05 pm – 9:49 pm +1,"Qatar Airways, Alaska Airlines",HKT‐SAN,38h44m,2,"DOH, JFK",1140,20220406-1252,cheap
10:00 pm – 6:55 am +3,"Alaska Airlines, Qatar Airways",SAN‐HKT,42h55m,2,"SFO, DOH",9:05 pm – 9:49 pm +1,"Qatar Airways, Alaska Airlines",HKT‐SAN,38h44m,2,"DOH, JFK",1150,20220406-1252,cheap
11:50 am – 1:15 pm +2,"Alaska Airlines, Qatar Airways",SAN‐HKT,35h25m,2,"SEA, DOH",11:55 pm – 9:49 pm +1,"Qatar Airways, Alaska Airlines",HKT‐SAN,35h54m,2,"DOH, JFK",1189,20220406-1252,cheap
8:00 am – 1:15 pm +2,"Alaska Airlines, Qatar Airways",SAN‐HKT,39h15m,2,"SEA, DOH",11:55 pm – 9:49 pm +1,"Qatar Airways, Alaska Airlines",HKT‐SAN,35h54m,2,"DOH, JFK",1189,20220406-1252,cheap
6:15 am – 1:15 pm +2,"Alaska Airlines, Qatar Airways",SAN‐HKT,41h00m,2,"SEA, DOH",11:55 pm – 9:49 pm +1,"Qatar Airways, Alaska Airlines",HKT‐SAN,35h54m,2,"DOH, JFK",1189,20220406-1252,cheap
11:50 am – 1:15 pm +2,"Alaska Airlines, Qatar Airways",SAN‐HKT,35h25m,2,"SEA, DOH",11:55 pm – 5:06 pm +1,"Qatar Airways, Alaska Airlines",HKT‐SAN,31h11m,2,"DOH, SEA",1222,20220406-1249,best
11:50 am – 1:15 pm +2,"Alaska Airlines, Qatar Airways",SAN‐HKT,35h25m,2,"SEA, DOH",9:05 pm – 9:49 pm +1,"Qatar Airways, Alaska Airlines",HKT‐SAN,38h44m,2,"DOH, JFK",1103,20220406-1249,best
12:35 pm – 1:15 pm +2,"Alaska Airlines, Qatar Airways",SAN‐HKT,34h40m,2,"SFO, DOH",11:55 pm – 6:59 pm +1,"Qatar Airways, Alaska Airlines",HKT‐SAN,33h04m,2,"DOH, SEA",1261,20220406-1249,best
4:25 pm – 9:35 am +2,Singapore Airlines,SAN‐HKT,27h10m,2,"SFO, SIN",11:40 am – 11:58 pm,Singapore Airlines,HKT‐SAN,26h18m,2,"SIN, SFO",1924,20220406-1249,best
11:50 am – 1:15 pm +2,"Alaska Airlines, Qatar Airways",SAN‐HKT,35h25m,2,"SEA, DOH",11:55 pm – 6:59 pm +1,"Qatar Airways, Alaska Airlines",HKT‐SAN,33h04m,2,"DOH, SEA",1229,20220406-1249,best
4:25 pm – 10:50 am +2,Singapore Airlines,SAN‐HKT,28h25m,2,"SFO, SIN",11:40 am – 11:58 pm,Singapore Airlines,HKT‐SAN,26h18m,2,"SIN, SFO",1924,20220406-1249,best
4:25 pm – 9:35 am +2,Singapore Airlines,SAN‐HKT,27h10m,2,"SFO, SIN",10:25 am – 11:58 pm,Singapore Airlines,HKT‐SAN,27h33m,2,"SIN, SFO",1924,20220406-1249,best
11:50 am – 1:15 pm +2,"Alaska Airlines, Qatar Airways",SAN‐HKT,35h25m,2,"SEA, DOH",9:05 pm – 5:06 pm +1,"Qatar Airways, Alaska Airlines",HKT‐SAN,34h01m,2,"DOH, SEA",1245,20220406-1249,best
12:35 pm – 1:15 pm +2,"Alaska Airlines, Qatar Airways",SAN‐HKT,34h40m,2,"SFO, DOH",11:55 pm – 9:49 pm +1,"Qatar Airways, Alaska Airlines",HKT‐SAN,35h54m,2,"DOH, JFK",1222,20220406-1249,best
11:50 am – 1:15 pm +2,"Alaska Airlines, Qatar Airways",SAN‐HKT,35h25m,2,"SEA, DOH",11:55 pm – 9:49 pm +1,"Qatar Airways, Alaska Airlines",HKT‐SAN,35h54m,2,"DOH, JFK",1189,20220406-1249,best
10:45 am – 1:15 pm +2,"Alaska Airlines, Qatar Airways",SAN‐HKT,36h30m,2,"SFO, DOH",11:55 pm – 6:59 pm +1,"Qatar Airways, Alaska Airlines",HKT‐SAN,33h04m,2,"DOH, SEA",1261,20220406-1249,best
4:25 pm – 10:50 am +2,Singapore Airlines,SAN‐HKT,28h25m,2,"SFO, SIN",10:25 am – 11:58 pm,Singapore Airlines,HKT‐SAN,27h33m,2,"SIN, SFO",1924,20220406-1249,best
12:35 pm – 1:15 pm +2,"Alaska Airlines, Qatar Airways",SAN‐HKT,34h40m,2,"SFO, DOH",9:05 pm – 9:49 pm +1,"Qatar Airways, Alaska Airlines",HKT‐SAN,38h44m,2,"DOH, JFK",1136,20220406-1249,best
12:35 pm – 1:15 pm +2,"Alaska Airlines, Qatar Airways",SAN‐HKT,34h40m,2,"SFO, DOH",11:55 pm – 6:57 pm +1,"Qatar Airways, Alaska Airlines",HKT‐SAN,33h02m,2,"DOH, SFO",1367,20220406-1249,best
12:35 pm – 1:15 pm +2,Qatar Airways,SAN‐HKT,34h40m,2,"SFO, DOH",11:55 pm – 5:42 pm +1,Qatar Airways,HKT‐SAN,31h47m,2,"DOH, SFO",1456,20220406-1249,best
4:25 pm – 9:35 am +2,Singapore Airlines,SAN‐HKT,27h10m,2,"SFO, SIN",11:40 am – 11:58 pm,Singapore Airlines,HKT‐SAN,26h18m,2,"SIN, SFO",1924,20220406-1254,fast
4:25 pm – 10:50 am +2,Singapore Airlines,SAN‐HKT,28h25m,2,"SFO, SIN",11:40 am – 11:58 pm,Singapore Airlines,HKT‐SAN,26h18m,2,"SIN, SFO",1924,20220406-1254,fast
4:25 pm – 9:35 am +2,Singapore Airlines,SAN‐HKT,27h10m,2,"SFO, SIN",10:25 am – 11:58 pm,Singapore Airlines,HKT‐SAN,27h33m,2,"SIN, SFO",1924,20220406-1254,fast
4:25 pm – 10:50 am +2,Singapore Airlines,SAN‐HKT,28h25m,2,"SFO, SIN",10:25 am – 11:58 pm,Singapore Airlines,HKT‐SAN,27h33m,2,"SIN, SFO",1924,20220406-1254,fast
12:35 pm – 9:35 am +2,Singapore Airlines,SAN‐HKT,31h00m,2,"SFO, SIN",11:40 am – 11:58 pm,Singapore Airlines,HKT‐SAN,26h18m,2,"SIN, SFO",1924,20220406-1254,fast
12:35 pm – 10:50 am +2,Singapore Airlines,SAN‐HKT,32h15m,2,"SFO, SIN",11:40 am – 11:58 pm,Singapore Airlines,HKT‐SAN,26h18m,2,"SIN, SFO",1924,20220406-1254,fast
12:35 pm – 9:35 am +2,Singapore Airlines,SAN‐HKT,31h00m,2,"SFO, SIN",10:25 am – 11:58 pm,Singapore Airlines,HKT‐SAN,27h33m,2,"SIN, SFO",1924,20220406-1254,fast
4:25 pm – 9:35 am +2,Singapore Airlines,SAN‐HKT,27h10m,2,"SFO, SIN",12:10 am – 5:42 pm,"Emirates, Alaska Airlines",HKT‐SAN,31h32m,2,"DXB, SFO",2278,20220406-1254,fast
10:45 am – 9:35 am +2,"Alaska Airlines, Singapore Airlines",SAN‐HKT,32h50m,2,"SFO, SIN",11:40 am – 11:58 pm,Singapore Airlines,HKT‐SAN,26h18m,2,"SIN, SFO",1924,20220406-1254,fast
12:35 pm – 10:50 am +2,Singapore Airlines,SAN‐HKT,32h15m,2,"SFO, SIN",10:25 am – 11:58 pm,Singapore Airlines,HKT‐SAN,27h33m,2,"SIN, SFO",1924,20220406-1254,fast
4:25 pm – 9:35 am +2,Singapore Airlines,SAN‐HKT,27h10m,2,"SFO, SIN",12:10 am – 6:57 pm,"Emirates, Alaska Airlines",HKT‐SAN,32h47m,2,"DXB, SFO",2278,20220406-1254,fast
7:00 pm – 1:15 pm +2,"British Airways, Qatar Airways",SAN‐HKT,28h15m,2,"LHR, DOH",11:55 pm – 5:42 pm +1,Qatar Airways,HKT‐SAN,31h47m,2,"DOH, SFO",2288,20220406-1254,fast
7:00 pm – 1:15 pm +2,"British Airways, Qatar Airways",SAN‐HKT,28h15m,2,"LHR, DOH",11:55 pm – 5:42 pm +1,Qatar Airways,HKT‐SAN,31h47m,2,"DOH, SFO",2288,20220406-1254,fast
10:45 am – 9:35 am +2,"Alaska Airlines, Singapore Airlines",SAN‐HKT,32h50m,2,"SFO, SIN",10:25 am – 11:58 pm,Singapore Airlines,HKT‐SAN,27h33m,2,"SIN, SFO",1924,20220406-1254,fast
10:45 am – 10:50 am +2,"Alaska Airlines, Singapore Airlines",SAN‐HKT,34h05m,2,"SFO, SIN",11:40 am – 11:58 pm,Singapore Airlines,HKT‐SAN,26h18m,2,"SIN, SFO",1924,20220406-1254,fast
