Out Time,Out Airline,Out Cities,Out Duration,Out Stops,Out Stop Cities,Return Time,Return Airline,Return Cities,Return Duration,Return Stops,Return Stop Cities,Price,timestamp,sort
10:25 pm – 9:35 am +3,Singapore Airlines,SAN‐HKT,45h10m,2,"SFO, SIN",8:10 pm – 11:49 pm +1,Singapore Airlines,HKT‐SAN,41h39m,2,"SIN, SFO",1963,20220406-1706,cheap
10:25 pm – 10:50 am +3,Singapore Airlines,SAN‐HKT,46h25m,2,"SFO, SIN",8:10 pm – 11:49 pm +1,Singapore Airlines,HKT‐SAN,41h39m,2,"SIN, SFO",1963,20220406-1706,cheap
10:25 pm – 9:35 am +3,Singapore Airlines,SAN‐HKT,45h10m,2,"SFO, SIN",6:10 pm – 11:49 pm +1,Singapore Airlines,HKT‐SAN,43h39m,2,"SIN, SFO",1963,20220406-1706,cheap
10:25 pm – 10:50 am +3,Singapore Airlines,SAN‐HKT,46h25m,2,"SFO, SIN",6:10 pm – 11:49 pm +1,Singapore Airlines,HKT‐SAN,43h39m,2,"SIN, SFO",1963,20220406-1706,cheap
5:15 pm – 7:05 pm +2,"Lufthansa, Bangkok Airways",SAN‐HKT,35h50m,2,"MUC, BKK",5:05 pm – 3:25 pm +1,"THAI Smile, Lufthansa",HKT‐SAN,36h20m,2,"BKK, MUC",2005,20220406-1706,cheap
5:15 pm – 7:05 pm +2,"Lufthansa, Bangkok Airways",SAN‐HKT,35h50m,2,"MUC, BKK",11:25 am – 3:25 pm +1,"THAI Smile, Lufthansa",HKT‐SAN,42h00m,2,"BKK, MUC",2005,20220406-1706,cheap
5:15 pm – 7:05 pm +2,"Lufthansa, Bangkok Airways",SAN‐HKT,35h50m,2,"MUC, BKK",10:15 am – 3:25 pm +1,"THAI Smile, Lufthansa",HKT‐SAN,43h10m,2,"BKK, MUC",2005,20220406-1706,cheap
8:45 pm – 9:35 am +3,"JetBlue, Singapore Airlines",SAN‐HKT,46h50m,3,"JFK, FRA, ...",8:10 pm – 11:42 pm +1,"Singapore Airlines, Delta",HKT‐SAN,41h32m,3,"SIN, NRT, ...",2023,20220406-1706,cheap
6:25 am – 9:35 am +2,Singapore Airlines,SAN‐HKT,37h10m,2,"SFO, SIN",8:10 pm – 1:32 pm +1,"Singapore Airlines, Alaska Airlines",HKT‐SAN,31h22m,2,"SIN, SFO",2042,20220406-1706,cheap
5:15 pm – 7:05 pm +2,"Lufthansa, Bangkok Airways",SAN‐HKT,35h50m,2,"MUC, BKK",2:40 pm – 3:25 pm +1,"Bangkok Airways, Lufthansa",HKT‐SAN,38h45m,2,"BKK, MUC",2072,20220406-1706,cheap
5:15 pm – 7:05 pm +2,"Lufthansa, Bangkok Airways",SAN‐HKT,35h50m,2,"MUC, BKK",8:15 am – 3:25 pm +1,"THAI Smile, Lufthansa",HKT‐SAN,45h10m,2,"BKK, MUC",2108,20220406-1706,cheap
5:15 pm – 7:05 pm +2,"Lufthansa, Bangkok Airways",SAN‐HKT,35h50m,2,"MUC, BKK",7:40 pm – 3:25 pm +1,"THAI Smile, Lufthansa",HKT‐SAN,33h45m,2,"BKK, MUC",2130,20220406-1706,cheap
5:15 pm – 7:05 pm +2,"Lufthansa, Bangkok Airways",SAN‐HKT,35h50m,2,"MUC, BKK",4:05 pm – 3:25 pm +1,"THAI Smile, Lufthansa",HKT‐SAN,37h20m,2,"BKK, MUC",2130,20220406-1706,cheap
5:15 pm – 7:05 pm +2,"Lufthansa, Bangkok Airways",SAN‐HKT,35h50m,2,"MUC, BKK",1:00 pm – 3:25 pm +1,"THAI Smile, Lufthansa",HKT‐SAN,40h25m,2,"BKK, MUC",2130,20220406-1706,cheap
5:15 pm – 7:05 pm +2,"Lufthansa, Bangkok Airways",SAN‐HKT,35h50m,2,"MUC, BKK",11:40 am – 3:25 pm +1,"THAI Smile, Lufthansa",HKT‐SAN,41h45m,2,"BKK, MUC",2130,20220406-1706,cheap
6:25 am – 9:35 am +2,Singapore Airlines,SAN‐HKT,37h10m,2,"SFO, SIN",11:40 am – 11:49 pm,Singapore Airlines,HKT‐SAN,26h09m,2,"SIN, SFO",2297,20220406-1704,best
10:25 pm – 9:35 am +3,Singapore Airlines,SAN‐HKT,45h10m,2,"SFO, SIN",8:10 pm – 11:49 pm +1,Singapore Airlines,HKT‐SAN,41h39m,2,"SIN, SFO",1963,20220406-1704,best
6:25 am – 10:50 am +2,Singapore Airlines,SAN‐HKT,38h25m,2,"SFO, SIN",11:40 am – 11:49 pm,Singapore Airlines,HKT‐SAN,26h09m,2,"SIN, SFO",2297,20220406-1704,best
6:25 am – 9:35 am +2,Singapore Airlines,SAN‐HKT,37h10m,2,"SFO, SIN",8:10 pm – 1:32 pm +1,"Singapore Airlines, Alaska Airlines",HKT‐SAN,31h22m,2,"SIN, SFO",2042,20220406-1704,best
5:15 pm – 7:05 pm +2,"Lufthansa, Bangkok Airways",SAN‐HKT,35h50m,2,"MUC, BKK",7:40 pm – 3:25 pm +1,"THAI Smile, Lufthansa",HKT‐SAN,33h45m,2,"BKK, MUC",2130,20220406-1704,best
5:15 pm – 7:05 pm +2,"Lufthansa, Bangkok Airways",SAN‐HKT,35h50m,2,"MUC, BKK",5:05 pm – 3:25 pm +1,"THAI Smile, Lufthansa",HKT‐SAN,36h20m,2,"BKK, MUC",2005,20220406-1704,best
3:10 pm – 9:35 am +2,"Alaska Airlines, Singapore Airlines",SAN‐HKT,28h25m,2,"SFO, SIN",11:40 am – 11:49 pm,Singapore Airlines,HKT‐SAN,26h09m,2,"SIN, SFO",3108,20220406-1704,best
4:00 pm – 1:15 pm +2,Qatar Airways,SAN‐HKT,31h15m,2,"DFW, DOH",11:55 pm – 6:52 pm +1,"Qatar Airways, Alaska Airlines",HKT‐SAN,32h57m,2,"DOH, SFO",2454,20220406-1704,best
3:10 pm – 9:35 am +2,"Alaska Airlines, Singapore Airlines",SAN‐HKT,28h25m,2,"SFO, SIN",10:25 am – 11:49 pm,Singapore Airlines,HKT‐SAN,27h24m,2,"SIN, SFO",3108,20220406-1704,best
10:20 am – 1:15 pm +2,"Alaska Airlines, Qatar Airways",SAN‐HKT,36h55m,2,"SFO, DOH",11:55 pm – 6:52 pm +1,"Qatar Airways, Alaska Airlines",HKT‐SAN,32h57m,2,"DOH, SFO",2136,20220406-1704,best
4:00 pm – 1:15 pm +2,"American Airlines, Qatar Airways",SAN‐HKT,31h15m,2,"DFW, DOH",11:55 pm – 7:35 pm +1,"Qatar Airways, American Airlines",HKT‐SAN,33h40m,2,"DOH, ORD",2505,20220406-1704,best
5:15 pm – 7:05 pm +2,"Lufthansa, Bangkok Airways",SAN‐HKT,35h50m,2,"MUC, BKK",4:05 pm – 3:25 pm +1,"THAI Smile, Lufthansa",HKT‐SAN,37h20m,2,"BKK, MUC",2130,20220406-1704,best
4:00 pm – 1:15 pm +2,"American Airlines, Qatar Airways",SAN‐HKT,31h15m,2,"DFW, DOH",9:05 pm – 2:27 pm +1,"Qatar Airways, American Airlines",HKT‐SAN,31h22m,2,"DOH, DFW",2672,20220406-1704,best
5:15 pm – 7:05 pm +2,"Lufthansa, Bangkok Airways",SAN‐HKT,35h50m,2,"MUC, BKK",2:40 pm – 3:25 pm +1,"Bangkok Airways, Lufthansa",HKT‐SAN,38h45m,2,"BKK, MUC",2072,20220406-1704,best
7:00 pm – 1:15 pm +2,"British Airways, Qatar Airways",SAN‐HKT,28h15m,2,"LHR, DOH",11:55 pm – 6:52 pm +1,"Qatar Airways, Alaska Airlines",HKT‐SAN,32h57m,2,"DOH, SFO",2795,20220406-1704,best
7:00 pm – 1:15 pm +2,"British Airways, Qatar Airways",SAN‐HKT,28h15m,2,"LHR, DOH",11:55 pm – 6:52 pm +1,"Qatar Airways, Alaska Airlines",HKT‐SAN,32h57m,2,"DOH, SFO",2795,20220406-1704,best
3:10 pm – 9:35 am +2,"Alaska Airlines, Singapore Airlines",SAN‐HKT,28h25m,2,"SFO, SIN",11:40 am – 11:49 pm,Singapore Airlines,HKT‐SAN,26h09m,2,"SIN, SFO",3108,20220406-1708,fast
3:10 pm – 9:35 am +2,"Alaska Airlines, Singapore Airlines",SAN‐HKT,28h25m,2,"SFO, SIN",10:25 am – 11:49 pm,"Singapore Airlines, Alaska Airlines",HKT‐SAN,27h24m,2,"SIN, SFO",3108,20220406-1708,fast
3:10 pm – 10:50 am +2,"Alaska Airlines, Singapore Airlines",SAN‐HKT,29h40m,2,"SFO, SIN",11:40 am – 11:49 pm,"Singapore Airlines, Alaska Airlines",HKT‐SAN,26h09m,2,"SIN, SFO",3230,20220406-1708,fast
3:10 pm – 10:50 am +2,"Alaska Airlines, Singapore Airlines",SAN‐HKT,29h40m,2,"SFO, SIN",10:25 am – 11:49 pm,Singapore Airlines,HKT‐SAN,27h24m,2,"SIN, SFO",3230,20220406-1708,fast
4:00 pm – 1:15 pm +2,Qatar Airways,SAN‐HKT,31h15m,2,"DFW, DOH",11:40 am – 11:49 pm,Singapore Airlines,HKT‐SAN,26h09m,2,"SIN, SFO",2533,20220406-1708,fast
5:15 pm – 9:35 am +2,"Alaska Airlines, Singapore Airlines",SAN‐HKT,26h20m,2,"SFO, SIN",8:10 pm – 1:32 pm +1,"Singapore Airlines, Alaska Airlines",HKT‐SAN,31h22m,2,"SIN, SFO",3196,20220406-1708,fast
4:00 pm – 1:15 pm +2,Qatar Airways,SAN‐HKT,31h15m,2,"DFW, DOH",10:25 am – 11:49 pm,Singapore Airlines,HKT‐SAN,27h24m,2,"SIN, SFO",2533,20220406-1708,fast
5:15 pm – 10:50 am +2,Singapore Airlines,SAN‐HKT,27h35m,2,"SFO, SIN",8:10 pm – 1:32 pm +1,Singapore Airlines,HKT‐SAN,31h22m,2,"SIN, SFO",3280,20220406-1708,fast
5:15 pm – 9:35 am +2,Singapore Airlines,SAN‐HKT,26h20m,2,"SFO, SIN",8:10 pm – 3:02 pm +1,Singapore Airlines,HKT‐SAN,32h52m,2,"SIN, SFO",3280,20220406-1708,fast
10:20 am – 9:35 am +2,"Alaska Airlines, Singapore Airlines",SAN‐HKT,33h15m,2,"SFO, SIN",11:40 am – 11:49 pm,Singapore Airlines,HKT‐SAN,26h09m,2,"SIN, SFO",3152,20220406-1708,fast
2:00 pm – 1:15 pm +2,Qatar Airways,SAN‐HKT,33h15m,2,"DFW, DOH",11:40 am – 11:49 pm,Singapore Airlines,HKT‐SAN,26h09m,2,"SIN, SFO",3229,20220406-1708,fast
7:00 pm – 1:15 pm +2,"British Airways, Qatar Airways",SAN‐HKT,28h15m,2,"LHR, DOH",9:05 pm – 2:27 pm +1,"Qatar Airways, American Airlines",HKT‐SAN,31h22m,2,"DOH, DFW",3092,20220406-1708,fast
7:00 pm – 1:15 pm +2,"British Airways, Qatar Airways",SAN‐HKT,28h15m,2,"LHR, DOH",9:05 pm – 2:27 pm +1,"Qatar Airways, American Airlines",HKT‐SAN,31h22m,2,"DOH, DFW",3092,20220406-1708,fast
5:15 pm – 9:35 am +2,Singapore Airlines,SAN‐HKT,26h20m,2,"SFO, SIN",6:10 pm – 1:32 pm +1,Singapore Airlines,HKT‐SAN,33h22m,2,"SIN, SFO",3280,20220406-1708,fast
3:10 pm – 9:35 am +2,Singapore Airlines,SAN‐HKT,28h25m,2,"SFO, SIN",8:10 pm – 1:32 pm +1,Singapore Airlines,HKT‐SAN,31h22m,2,"SIN, SFO",3280,20220406-1708,fast
