Out Time,Out Airline,Out Cities,Out Duration,Out Stops,Out Stop Cities,Return Time,Return Airline,Return Cities,Return Duration,Return Stops,Return Stop Cities,Price,timestamp,sort
10:25 pm – 6:55 am +3,"Alaska Airlines, Qatar Airways",SAN‐HKT,42h30m,2,"SFO, DOH",1:30 am – 7:34 am +1,"Asiana Airlines, Alaska Airlines",HKT‐SAN,44h04m,2,"ICN, SFO",1982,20220406-1800,cheap
10:20 am – 1:15 pm +2,"Alaska Airlines, Qatar Airways",SAN‐HKT,36h55m,2,"SFO, DOH",1:30 am – 7:34 am +1,"Asiana Airlines, Alaska Airlines",HKT‐SAN,44h04m,2,"ICN, SFO",1991,20220406-1800,cheap
10:20 am – 1:15 pm +2,"Alaska Airlines, Qatar Airways",SAN‐HKT,36h55m,2,"SFO, DOH",1:30 am – 9:39 am +1,"Asiana Airlines, Alaska Airlines",HKT‐SAN,46h09m,2,"ICN, SFO",2012,20220406-1800,cheap
8:25 am – 1:15 pm +2,Qatar Airways,SAN‐HKT,38h50m,2,"SFO, DOH",1:30 am – 7:34 am +1,"Asiana Airlines, Alaska Airlines",HKT‐SAN,44h04m,2,"ICN, SFO",2037,20220406-1800,cheap
8:25 am – 1:15 pm +2,Qatar Airways,SAN‐HKT,38h50m,2,"SFO, DOH",1:30 am – 9:39 am +1,"Asiana Airlines, Alaska Airlines",HKT‐SAN,46h09m,2,"ICN, SFO",2057,20220406-1800,cheap
10:20 am – 1:15 pm +2,Qatar Airways,SAN‐HKT,36h55m,2,"SFO, DOH",9:05 pm – 9:54 pm +1,Qatar Airways,HKT‐SAN,38h49m,2,"DOH, JFK",2103,20220406-1800,cheap
10:20 am – 12:30 pm +2,"Alaska Airlines, Emirates",SAN‐HKT,36h10m,2,"SFO, DXB",1:30 am – 7:34 am +1,"Asiana Airlines, Alaska Airlines",HKT‐SAN,44h04m,2,"ICN, SFO",2107,20220406-1800,cheap
8:25 am – 12:30 pm +2,"Alaska Airlines, Emirates",SAN‐HKT,38h05m,2,"SFO, DXB",1:30 am – 7:34 am +1,"Asiana Airlines, Alaska Airlines",HKT‐SAN,44h04m,2,"ICN, SFO",2107,20220406-1800,cheap
10:20 am – 1:15 pm +2,"Alaska Airlines, Qatar Airways",SAN‐HKT,36h55m,2,"SFO, DOH",1:30 am – 11:07 pm,"Asiana Airlines, Alaska Airlines",HKT‐SAN,35h37m,2,"ICN, HNL",2119,20220406-1800,cheap
10:20 am – 1:15 pm +2,"Alaska Airlines, Qatar Airways",SAN‐HKT,36h55m,2,"SFO, DOH",1:30 am – 5:02 am +1,"Asiana Airlines, Alaska Airlines",HKT‐SAN,41h32m,2,"ICN, HNL",2119,20220406-1800,cheap
10:25 pm – 6:55 am +3,"Alaska Airlines, Qatar Airways",SAN‐HKT,42h30m,2,"SFO, DOH",9:05 pm – 9:33 pm +1,"Qatar Airways, Alaska Airlines",HKT‐SAN,38h28m,2,"DOH, JFK-EWR",2119,20220406-1800,cheap
10:25 pm – 6:55 am +3,"Alaska Airlines, Qatar Airways",SAN‐HKT,42h30m,2,"SFO, DOH",9:05 pm – 9:54 pm +1,"Qatar Airways, Alaska Airlines",HKT‐SAN,38h49m,2,"DOH, JFK",2119,20220406-1800,cheap
9:00 pm – 6:55 am +3,"Alaska Airlines, Qatar Airways",SAN‐HKT,43h55m,2,"SFO, DOH",9:05 pm – 9:33 pm +1,"Qatar Airways, Alaska Airlines",HKT‐SAN,38h28m,2,"DOH, JFK-EWR",2119,20220406-1800,cheap
9:00 pm – 6:55 am +3,"Alaska Airlines, Qatar Airways",SAN‐HKT,43h55m,2,"SFO, DOH",9:05 pm – 9:54 pm +1,"Qatar Airways, Alaska Airlines",HKT‐SAN,38h49m,2,"DOH, JFK",2119,20220406-1800,cheap
7:40 pm – 6:55 am +3,"Alaska Airlines, Qatar Airways",SAN‐HKT,45h15m,2,"SFO, DOH",9:05 pm – 9:33 pm +1,"Qatar Airways, Alaska Airlines",HKT‐SAN,38h28m,2,"DOH, JFK-EWR",2119,20220406-1800,cheap
4:00 pm – 1:15 pm +2,"American Airlines, Qatar Airways",SAN‐HKT,31h15m,2,"DFW, DOH",9:05 pm – 2:27 pm +1,"Qatar Airways, American Airlines",HKT‐SAN,31h22m,2,"DOH, DFW",2583,20220406-1757,best
10:25 pm – 6:55 am +3,"Alaska Airlines, Qatar Airways",SAN‐HKT,42h30m,2,"SFO, DOH",1:30 am – 7:34 am +1,"Asiana Airlines, Alaska Airlines",HKT‐SAN,44h04m,2,"ICN, SFO",1982,20220406-1757,best
4:00 pm – 1:15 pm +2,"American Airlines, Qatar Airways",SAN‐HKT,31h15m,2,"DFW, DOH",11:55 pm – 7:35 pm +1,"Qatar Airways, American Airlines",HKT‐SAN,33h40m,2,"DOH, ORD",2505,20220406-1757,best
5:15 pm – 9:35 am +2,"Alaska Airlines, Singapore Airlines",SAN‐HKT,26h20m,2,"SFO, SIN",8:10 pm – 1:32 pm +1,Singapore Airlines,HKT‐SAN,31h22m,2,"SIN, SFO",3114,20220406-1757,best
4:00 pm – 1:15 pm +2,"American Airlines, Qatar Airways",SAN‐HKT,31h15m,2,"DFW, DOH",9:05 pm – 5:18 pm +1,"Qatar Airways, American Airlines",HKT‐SAN,34h13m,2,"DOH, ORD",2505,20220406-1757,best
2:00 pm – 1:15 pm +2,"American Airlines, Qatar Airways",SAN‐HKT,33h15m,2,"DFW, DOH",9:05 pm – 2:27 pm +1,"Qatar Airways, American Airlines",HKT‐SAN,31h22m,2,"DOH, DFW",2583,20220406-1757,best
5:15 pm – 9:35 am +2,"Alaska Airlines, Singapore Airlines",SAN‐HKT,26h20m,2,"SFO, SIN",11:40 am – 7:34 am +1,Singapore Airlines,HKT‐SAN,33h54m,2,"SIN, SFO",3009,20220406-1757,best
10:20 am – 1:15 pm +2,"Alaska Airlines, Qatar Airways",SAN‐HKT,36h55m,2,"SFO, DOH",11:55 pm – 6:52 pm +1,Qatar Airways,HKT‐SAN,32h57m,2,"DOH, SFO",2216,20220406-1757,best
6:25 am – 10:50 am +2,Singapore Airlines,SAN‐HKT,38h25m,2,"SFO, SIN",11:40 am – 7:34 am +1,Singapore Airlines,HKT‐SAN,33h54m,2,"SIN, SFO",2179,20220406-1757,best
4:00 pm – 1:15 pm +2,"American Airlines, Qatar Airways",SAN‐HKT,31h15m,2,"DFW, DOH",9:05 pm – 4:54 pm +1,"Qatar Airways, American Airlines",HKT‐SAN,33h49m,2,"DOH, DFW",2583,20220406-1757,best
10:20 am – 1:15 pm +2,"Alaska Airlines, Qatar Airways",SAN‐HKT,36h55m,2,"SFO, DOH",11:55 pm – 7:58 pm +1,"Qatar Airways, Alaska Airlines",HKT‐SAN,34h03m,2,"DOH, SEA",2184,20220406-1757,best
5:15 pm – 10:50 am +2,"Alaska Airlines, Singapore Airlines",SAN‐HKT,27h35m,2,"SFO, SIN",8:10 pm – 1:32 pm +1,Singapore Airlines,HKT‐SAN,31h22m,2,"SIN, SFO",3114,20220406-1757,best
4:00 pm – 1:15 pm +2,"American Airlines, Qatar Airways",SAN‐HKT,31h15m,2,"DFW, DOH",11:55 pm – 9:23 pm +1,"Qatar Airways, American Airlines",HKT‐SAN,35h28m,2,"DOH, PHL",2505,20220406-1757,best
6:25 am – 9:35 am +2,Singapore Airlines,SAN‐HKT,37h10m,2,"SFO, SIN",8:10 pm – 1:32 pm +1,Singapore Airlines,HKT‐SAN,31h22m,2,"SIN, SFO",2489,20220406-1757,best
2:00 pm – 1:15 pm +2,"American Airlines, Qatar Airways",SAN‐HKT,33h15m,2,"DFW, DOH",11:55 pm – 7:35 pm +1,"Qatar Airways, American Airlines",HKT‐SAN,33h40m,2,"DOH, ORD",2505,20220406-1757,best
5:15 pm – 7:05 pm +2,"Lufthansa, Bangkok Airways",SAN‐HKT,35h50m,2,"MUC, BKK",2:40 pm – 3:25 pm +1,"Bangkok Airways, Lufthansa",HKT‐SAN,38h45m,2,"BKK, MUC",2149,20220406-1757,best
9:00 pm – 4:25 pm +2,Multiple Airlines,SAN‐HKT,29h25m,3,"SFO, TPE, ...",1:00 pm – 11:54 pm,Multiple Airlines,HKT‐SAN,24h54m,3,"BKK, TPE, ...",10631,20220406-1803,fast
8:25 pm – 4:25 pm +2,Multiple Airlines,SAN‐HKT,30h00m,3,"SEA, TPE, ...",1:00 pm – 11:54 pm,Multiple Airlines,HKT‐SAN,24h54m,3,"BKK, TPE, ...",10631,20220406-1803,fast
8:12 pm – 4:25 pm +2,Multiple Airlines,SAN‐HKT,30h13m,3,"SFO, TPE, ...",1:00 pm – 11:54 pm,Multiple Airlines,HKT‐SAN,24h54m,3,"BKK, TPE, ...",12290,20220406-1803,fast
3:59 pm – 9:35 am +2,"United Airlines, Singapore Airlines",SAN‐HKT,27h36m,2,"SFO, SIN",1:30 am – 3:02 pm,"United Airlines, Alaska Airlines",HKT‐SAN,27h32m,2,"ICN, SFO",8188,20220406-1803,fast
9:00 pm – 4:25 pm +2,Multiple Airlines,SAN‐HKT,29h25m,3,"SFO, TPE, ...",8:15 am – 8:24 pm,Multiple Airlines,HKT‐SAN,26h09m,3,"BKK, TPE, ...",10631,20220406-1803,fast
7:40 pm – 4:25 pm +2,Multiple Airlines,SAN‐HKT,30h45m,3,"SFO, TPE, ...",1:00 pm – 11:54 pm,Multiple Airlines,HKT‐SAN,24h54m,3,"BKK, TPE, ...",10631,20220406-1803,fast
9:00 pm – 4:25 pm +2,Multiple Airlines,SAN‐HKT,29h25m,3,"SFO, TPE, ...",11:40 am – 11:54 pm,Multiple Airlines,HKT‐SAN,26h14m,3,"BKK, TPE, ...",10631,20220406-1803,fast
9:00 pm – 4:25 pm +2,Multiple Airlines,SAN‐HKT,29h25m,3,"SFO, TPE, ...",11:40 am – 11:54 pm,Multiple Airlines,HKT‐SAN,26h14m,3,"BKK, TPE, ...",10631,20220406-1803,fast
9:00 pm – 4:25 pm +2,Multiple Airlines,SAN‐HKT,29h25m,3,"SFO, TPE, ...",11:25 am – 11:54 pm,Multiple Airlines,HKT‐SAN,26h29m,3,"BKK, TPE, ...",10631,20220406-1803,fast
9:00 pm – 4:25 pm +2,Multiple Airlines,SAN‐HKT,29h25m,3,"SFO, TPE, ...",11:25 am – 11:54 pm,Multiple Airlines,HKT‐SAN,26h29m,3,"BKK, TPE, ...",10631,20220406-1803,fast
8:25 pm – 4:25 pm +2,Multiple Airlines,SAN‐HKT,30h00m,3,"SEA, TPE, ...",8:15 am – 8:24 pm,Multiple Airlines,HKT‐SAN,26h09m,3,"BKK, TPE, ...",10631,20220406-1803,fast
8:25 pm – 4:25 pm +2,Multiple Airlines,SAN‐HKT,30h00m,3,"SEA, TPE, ...",11:40 am – 11:54 pm,Multiple Airlines,HKT‐SAN,26h14m,3,"BKK, TPE, ...",10631,20220406-1803,fast
8:25 pm – 4:25 pm +2,Multiple Airlines,SAN‐HKT,30h00m,3,"SEA, TPE, ...",11:40 am – 11:54 pm,Multiple Airlines,HKT‐SAN,26h14m,3,"BKK, TPE, ...",10631,20220406-1803,fast
8:12 pm – 4:25 pm +2,Multiple Airlines,SAN‐HKT,30h13m,3,"SFO, TPE, ...",8:15 am – 8:24 pm,Multiple Airlines,HKT‐SAN,26h09m,3,"BKK, TPE, ...",12290,20220406-1803,fast
8:12 pm – 4:25 pm +2,Multiple Airlines,SAN‐HKT,30h13m,3,"SFO, TPE, ...",11:40 am – 11:54 pm,Multiple Airlines,HKT‐SAN,26h14m,3,"BKK, TPE, ...",12290,20220406-1803,fast
