Out Time,Out Airline,Out Cities,Out Duration,Out Stops,Out Stop Cities,Return Time,Return Airline,Return Cities,Return Duration,Return Stops,Return Stop Cities,Price,timestamp,sort
3:10 pm – 9:35 am +2,Singapore Airlines,SAN‐HKT,28h25m,2,"SFO, SIN",1:30 am – 11:49 pm,"Asiana Airlines, Alaska Airlines",HKT‐SAN,36h19m,2,"ICN, SFO",1346,20220409-1519,cheap
5:15 pm – 9:35 am +2,"Alaska Airlines, Singapore Airlines",SAN‐HKT,26h20m,2,"SFO, SIN",1:30 am – 11:49 pm,"Asiana Airlines, Alaska Airlines",HKT‐SAN,36h19m,2,"ICN, SFO",1356,20220409-1519,cheap
7:40 pm – 12:10 am +3,"Alaska Airlines, Asiana Airlines",SAN‐HKT,38h30m,2,"SFO, ICN",1:30 am – 11:49 pm,"Asiana Airlines, Alaska Airlines",HKT‐SAN,36h19m,2,"ICN, SFO",1383,20220409-1519,cheap
5:15 pm – 12:10 am +3,"Alaska Airlines, Asiana Airlines",SAN‐HKT,40h55m,2,"SFO, ICN",1:30 am – 11:49 pm,"Asiana Airlines, Alaska Airlines",HKT‐SAN,36h19m,2,"ICN, SFO",1383,20220409-1519,cheap
6:29 am – 12:10 am +2,Asiana Airlines,SAN‐HKT,27h41m,2,"LAX, ICN",1:30 am – 11:49 pm,"Asiana Airlines, Alaska Airlines",HKT‐SAN,36h19m,2,"ICN, SFO",1386,20220409-1519,cheap
3:10 pm – 12:10 am +3,"Alaska Airlines, Asiana Airlines",SAN‐HKT,43h00m,2,"SFO, ICN",1:30 am – 11:49 pm,"Asiana Airlines, Alaska Airlines",HKT‐SAN,36h19m,2,"ICN, SFO",1388,20220409-1519,cheap
10:20 am – 12:10 am +3,"Alaska Airlines, Asiana Airlines",SAN‐HKT,47h50m,2,"SFO, ICN",1:30 am – 11:49 pm,"Asiana Airlines, Alaska Airlines",HKT‐SAN,36h19m,2,"ICN, SFO",1388,20220409-1519,cheap
6:29 am – 12:10 am +3,Asiana Airlines,SAN‐HKT,51h41m,2,"LAX, ICN",1:30 am – 11:49 pm,"Asiana Airlines, Alaska Airlines",HKT‐SAN,36h19m,2,"ICN, SFO",1389,20220409-1519,cheap
7:40 pm – 12:10 am +3,"Alaska Airlines, Asiana Airlines",SAN‐HKT,38h30m,2,"SFO, ICN",1:30 am – 7:34 am +1,"Asiana Airlines, Alaska Airlines",HKT‐SAN,44h04m,2,"ICN, SFO",1390,20220409-1519,cheap
7:40 pm – 12:10 am +3,"Alaska Airlines, Asiana Airlines",SAN‐HKT,38h30m,2,"SFO, ICN",1:30 am – 9:39 am +1,"Asiana Airlines, Alaska Airlines",HKT‐SAN,46h09m,2,"ICN, SFO",1390,20220409-1519,cheap
5:15 pm – 12:10 am +3,"Alaska Airlines, Asiana Airlines",SAN‐HKT,40h55m,2,"SFO, ICN",1:30 am – 7:34 am +1,"Asiana Airlines, Alaska Airlines",HKT‐SAN,44h04m,2,"ICN, SFO",1390,20220409-1519,cheap
6:29 am – 12:10 am +2,Asiana Airlines,SAN‐HKT,27h41m,2,"LAX, ICN",1:30 am – 9:39 am +1,"Asiana Airlines, Alaska Airlines",HKT‐SAN,46h09m,2,"ICN, SFO",1391,20220409-1519,cheap
9:05 am – 12:10 am +3,"Alaska Airlines, Asiana Airlines",SAN‐HKT,49h05m,2,"SFO, ICN",1:30 am – 11:49 pm,"Asiana Airlines, Alaska Airlines",HKT‐SAN,36h19m,2,"ICN, SFO",1395,20220409-1519,cheap
6:29 am – 12:10 am +2,Asiana Airlines,SAN‐HKT,27h41m,2,"LAX, ICN",1:30 am – 11:28 pm,Asiana Airlines,HKT‐SAN,35h58m,2,"ICN, LAX",1433,20220409-1519,cheap
6:29 am – 12:10 am +2,Asiana Airlines,SAN‐HKT,27h41m,2,"LAX, ICN",1:30 am – 11:28 pm,Asiana Airlines,HKT‐SAN,35h58m,2,"ICN, LAX",1433,20220409-1519,cheap
5:15 pm – 9:35 am +2,Singapore Airlines,SAN‐HKT,26h20m,2,"SFO, SIN",11:40 am – 11:49 pm,Singapore Airlines,HKT‐SAN,26h09m,2,"SIN, SFO",1578,20220409-1517,best
3:10 pm – 9:35 am +2,Singapore Airlines,SAN‐HKT,28h25m,2,"SFO, SIN",1:30 am – 11:49 pm,"Asiana Airlines, Alaska Airlines",HKT‐SAN,36h19m,2,"ICN, SFO",1346,20220409-1517,best
5:15 pm – 10:50 am +2,Singapore Airlines,SAN‐HKT,27h35m,2,"SFO, SIN",11:40 am – 11:49 pm,Singapore Airlines,HKT‐SAN,26h09m,2,"SIN, SFO",1578,20220409-1517,best
5:15 pm – 9:35 am +2,Singapore Airlines,SAN‐HKT,26h20m,2,"SFO, SIN",10:25 am – 11:49 pm,Singapore Airlines,HKT‐SAN,27h24m,2,"SIN, SFO",1578,20220409-1517,best
3:10 pm – 9:35 am +2,Singapore Airlines,SAN‐HKT,28h25m,2,"SFO, SIN",11:40 am – 11:49 pm,Singapore Airlines,HKT‐SAN,26h09m,2,"SIN, SFO",1578,20220409-1517,best
5:15 pm – 10:50 am +2,Singapore Airlines,SAN‐HKT,27h35m,2,"SFO, SIN",10:25 am – 11:49 pm,Singapore Airlines,HKT‐SAN,27h24m,2,"SIN, SFO",1578,20220409-1517,best
3:10 pm – 9:35 am +2,Singapore Airlines,SAN‐HKT,28h25m,2,"SFO, SIN",10:25 am – 11:49 pm,Singapore Airlines,HKT‐SAN,27h24m,2,"SIN, SFO",1578,20220409-1517,best
3:10 pm – 10:50 am +2,Singapore Airlines,SAN‐HKT,29h40m,2,"SFO, SIN",11:40 am – 11:49 pm,Singapore Airlines,HKT‐SAN,26h09m,2,"SIN, SFO",1578,20220409-1517,best
5:15 pm – 9:35 am +2,"Alaska Airlines, Singapore Airlines",SAN‐HKT,26h20m,2,"SFO, SIN",1:30 am – 11:49 pm,"Asiana Airlines, Alaska Airlines",HKT‐SAN,36h19m,2,"ICN, SFO",1356,20220409-1517,best
3:10 pm – 10:50 am +2,Singapore Airlines,SAN‐HKT,29h40m,2,"SFO, SIN",10:25 am – 11:49 pm,Singapore Airlines,HKT‐SAN,27h24m,2,"SIN, SFO",1578,20220409-1517,best
5:15 pm – 10:50 am +2,Singapore Airlines,SAN‐HKT,27h35m,2,"SFO, SIN",11:55 pm – 6:52 pm +1,Qatar Airways,HKT‐SAN,32h57m,2,"DOH, SFO",1480,20220409-1517,best
5:15 pm – 9:35 am +2,Singapore Airlines,SAN‐HKT,26h20m,2,"SFO, SIN",11:40 am – 7:34 am +1,"Singapore Airlines, Alaska Airlines",HKT‐SAN,33h54m,2,"SIN, SFO",1571,20220409-1517,best
5:15 pm – 5:10 pm +2,Singapore Airlines,SAN‐HKT,33h55m,2,"SFO, SIN",11:40 am – 11:49 pm,Singapore Airlines,HKT‐SAN,26h09m,2,"SIN, SFO",1578,20220409-1517,best
1:30 pm – 9:30 am +2,Japan Airlines,SAN‐HKT,30h00m,2,"NRT, BKK",7:10 pm – 11:30 am +1,Japan Airlines,HKT‐SAN,30h20m,2,"BKK, NRT",1612,20220409-1517,best
5:15 pm – 10:50 am +2,Singapore Airlines,SAN‐HKT,27h35m,2,"SFO, SIN",11:40 am – 7:34 am +1,"Singapore Airlines, Alaska Airlines",HKT‐SAN,33h54m,2,"SIN, SFO",1571,20220409-1517,best
5:15 pm – 9:35 am +2,Singapore Airlines,SAN‐HKT,26h20m,2,"SFO, SIN",11:40 am – 11:49 pm,Singapore Airlines,HKT‐SAN,26h09m,2,"SIN, SFO",1578,20220409-1522,fast
8:12 pm – 9:35 am +2,"United Airlines, Singapore Airlines",SAN‐HKT,23h23m,2,"SFO, SIN",8:10 pm – 12:23 pm +1,"Singapore Airlines, United Airlines",HKT‐SAN,30h13m,2,"SIN, SFO",8350,20220409-1522,fast
8:12 pm – 10:50 am +2,"United Airlines, Singapore Airlines",SAN‐HKT,24h38m,2,"SFO, SIN",9:20 pm – 12:23 pm +1,"Jetstar Asia, United Airlines",HKT‐SAN,29h03m,2,"SIN, SFO",8120,20220409-1522,fast
5:15 pm – 10:50 am +2,Singapore Airlines,SAN‐HKT,27h35m,2,"SFO, SIN",11:40 am – 11:49 pm,Singapore Airlines,HKT‐SAN,26h09m,2,"SIN, SFO",1578,20220409-1522,fast
5:15 pm – 9:35 am +2,Singapore Airlines,SAN‐HKT,26h20m,2,"SFO, SIN",10:25 am – 11:49 pm,Singapore Airlines,HKT‐SAN,27h24m,2,"SIN, SFO",1578,20220409-1522,fast
6:29 am – 12:10 am +2,Asiana Airlines,SAN‐HKT,27h41m,2,"LAX, ICN",11:40 am – 11:49 pm,Singapore Airlines,HKT‐SAN,26h09m,2,"SIN, SFO",2248,20220409-1522,fast
3:10 pm – 9:35 am +2,Singapore Airlines,SAN‐HKT,28h25m,2,"SFO, SIN",11:40 am – 11:49 pm,Singapore Airlines,HKT‐SAN,26h09m,2,"SIN, SFO",1578,20220409-1522,fast
5:15 pm – 10:50 am +2,Singapore Airlines,SAN‐HKT,27h35m,2,"SFO, SIN",10:25 am – 11:49 pm,Singapore Airlines,HKT‐SAN,27h24m,2,"SIN, SFO",1578,20220409-1522,fast
3:10 pm – 9:35 am +2,Singapore Airlines,SAN‐HKT,28h25m,2,"SFO, SIN",10:25 am – 11:49 pm,Singapore Airlines,HKT‐SAN,27h24m,2,"SIN, SFO",1578,20220409-1522,fast
3:10 pm – 10:50 am +2,Singapore Airlines,SAN‐HKT,29h40m,2,"SFO, SIN",11:40 am – 11:49 pm,Singapore Airlines,HKT‐SAN,26h09m,2,"SIN, SFO",1578,20220409-1522,fast
7:00 pm – 3:05 pm +2,"Iberia, Thai Airways",SAN‐HKT,30h05m,1,LHR,11:55 am – 11:49 pm,Multiple Airlines,HKT‐SAN,25h54m,2,"SGN, SFO",3914,20220409-1522,fast
1:30 pm – 9:30 am +2,Japan Airlines,SAN‐HKT,30h00m,2,"NRT, BKK",11:40 am – 11:49 pm,Singapore Airlines,HKT‐SAN,26h09m,2,"SIN, SFO",2133,20220409-1522,fast
9:00 pm – 2:00 pm +2,Multiple Airlines,SAN‐HKT,27h00m,3,"SFO, TPE, ...",8:15 am – 11:49 pm,Multiple Airlines,HKT‐SAN,29h34m,3,"BKK, TPE, ...",1688,20220409-1522,fast
9:00 pm – 2:00 pm +2,Multiple Airlines,SAN‐HKT,27h00m,3,"SFO, TPE, ...",8:15 am – 11:49 pm,Multiple Airlines,HKT‐SAN,29h34m,3,"BKK, TPE, ...",1688,20220409-1522,fast
10:20 am – 6:55 am +2,Qatar Airways,SAN‐HKT,30h35m,2,"SFO, DOH",11:40 am – 11:49 pm,Singapore Airlines,HKT‐SAN,26h09m,2,"SIN, SFO",2484,20220409-1522,fast
