Out Time,Out Airline,Out Cities,Out Duration,Out Stops,Out Stop Cities,Return Time,Return Airline,Return Cities,Return Duration,Return Stops,Return Stop Cities,Price,timestamp,sort
10:25 pm – 9:35 am +3,Singapore Airlines,SAN‐HKT,45h10m,2,"SFO, SIN",6:10 pm – 11:59 pm +1,"Singapore Airlines, Alaska Airlines",HKT‐SAN,43h49m,2,"SIN, SEA",1839,20220406-1721,cheap
10:25 pm – 10:50 am +3,Singapore Airlines,SAN‐HKT,46h25m,2,"SFO, SIN",6:10 pm – 11:59 pm +1,"Singapore Airlines, Alaska Airlines",HKT‐SAN,43h49m,2,"SIN, SEA",1839,20220406-1721,cheap
8:45 pm – 9:35 am +3,"JetBlue, Singapore Airlines",SAN‐HKT,46h50m,3,"JFK, FRA, ...",11:40 am – 2:35 pm +1,"Singapore Airlines, Delta",HKT‐SAN,40h55m,2,"SIN, LAX",1957,20220406-1721,cheap
10:25 pm – 9:35 am +3,Singapore Airlines,SAN‐HKT,45h10m,2,"SFO, SIN",11:40 am – 1:32 pm +1,Singapore Airlines,HKT‐SAN,39h52m,2,"SIN, SFO",1987,20220406-1721,cheap
8:25 pm – 7:20 pm +2,Singapore Airlines,SAN‐HKT,32h55m,2,"SEA, SIN",11:40 am – 11:49 pm,"Singapore Airlines, Alaska Airlines",HKT‐SAN,26h09m,2,"SIN, SFO",2060,20220406-1721,cheap
8:25 pm – 7:20 pm +2,Singapore Airlines,SAN‐HKT,32h55m,2,"SEA, SIN",11:40 am – 7:34 am +1,Singapore Airlines,HKT‐SAN,33h54m,2,"SIN, SFO",2060,20220406-1721,cheap
8:25 pm – 9:35 am +3,Singapore Airlines,SAN‐HKT,47h10m,2,"SEA, SIN",11:40 am – 7:34 am +1,Singapore Airlines,HKT‐SAN,33h54m,2,"SIN, SFO",2060,20220406-1721,cheap
8:25 pm – 10:50 am +3,Singapore Airlines,SAN‐HKT,48h25m,2,"SEA, SIN",11:40 am – 7:34 am +1,Singapore Airlines,HKT‐SAN,33h54m,2,"SIN, SFO",2060,20220406-1721,cheap
8:25 pm – 5:10 pm +3,Singapore Airlines,SAN‐HKT,54h45m,2,"SEA, SIN",11:40 am – 7:34 am +1,Singapore Airlines,HKT‐SAN,33h54m,2,"SIN, SFO",2060,20220406-1721,cheap
10:25 pm – 9:35 am +3,Singapore Airlines,SAN‐HKT,45h10m,2,"SFO, SIN",6:10 pm – 3:02 pm +1,Singapore Airlines,HKT‐SAN,34h52m,2,"SIN, SFO",2062,20220406-1721,cheap
10:25 pm – 10:50 am +3,Singapore Airlines,SAN‐HKT,46h25m,2,"SFO, SIN",6:10 pm – 3:02 pm +1,Singapore Airlines,HKT‐SAN,34h52m,2,"SIN, SFO",2062,20220406-1721,cheap
10:25 pm – 10:50 am +3,Singapore Airlines,SAN‐HKT,46h25m,2,"SFO, SIN",11:40 am – 1:32 pm +1,Singapore Airlines,HKT‐SAN,39h52m,2,"SIN, SFO",2062,20220406-1721,cheap
10:25 pm – 5:10 pm +3,Singapore Airlines,SAN‐HKT,52h45m,2,"SFO, SIN",6:10 pm – 3:02 pm +1,Singapore Airlines,HKT‐SAN,34h52m,2,"SIN, SFO",2062,20220406-1721,cheap
10:25 pm – 9:35 am +3,Singapore Airlines,SAN‐HKT,45h10m,2,"SFO, SIN",8:10 pm – 11:49 pm +1,Singapore Airlines,HKT‐SAN,41h39m,2,"SIN, SFO",2069,20220406-1721,cheap
10:25 pm – 10:50 am +3,Singapore Airlines,SAN‐HKT,46h25m,2,"SFO, SIN",8:10 pm – 11:49 pm +1,Singapore Airlines,HKT‐SAN,41h39m,2,"SIN, SFO",2069,20220406-1721,cheap
8:25 pm – 7:20 pm +2,Singapore Airlines,SAN‐HKT,32h55m,2,"SEA, SIN",11:40 am – 11:49 pm,"Singapore Airlines, Alaska Airlines",HKT‐SAN,26h09m,2,"SIN, SFO",2060,20220406-1719,best
10:25 pm – 9:35 am +3,Singapore Airlines,SAN‐HKT,45h10m,2,"SFO, SIN",6:10 pm – 11:59 pm +1,"Singapore Airlines, Alaska Airlines",HKT‐SAN,43h49m,2,"SIN, SEA",1839,20220406-1719,best
12:30 pm – 9:35 am +2,"Alaska Airlines, Singapore Airlines",SAN‐HKT,31h05m,2,"SFO, SIN",11:40 am – 11:49 pm,"Singapore Airlines, Alaska Airlines",HKT‐SAN,26h09m,2,"SIN, SFO",2581,20220406-1719,best
6:25 am – 9:35 am +2,Singapore Airlines,SAN‐HKT,37h10m,2,"SFO, SIN",11:40 am – 11:49 pm,"Singapore Airlines, Alaska Airlines",HKT‐SAN,26h09m,2,"SIN, SFO",2199,20220406-1719,best
8:25 pm – 7:20 pm +2,Singapore Airlines,SAN‐HKT,32h55m,2,"SEA, SIN",11:40 am – 7:34 am +1,Singapore Airlines,HKT‐SAN,33h54m,2,"SIN, SFO",2060,20220406-1719,best
8:25 pm – 7:20 pm +2,Singapore Airlines,SAN‐HKT,32h55m,2,"SEA, SIN",8:10 pm – 1:32 pm +1,Singapore Airlines,HKT‐SAN,31h22m,2,"SIN, SFO",2252,20220406-1719,best
12:30 pm – 10:50 am +2,"Alaska Airlines, Singapore Airlines",SAN‐HKT,32h20m,2,"SFO, SIN",11:40 am – 11:49 pm,"Singapore Airlines, Alaska Airlines",HKT‐SAN,26h09m,2,"SIN, SFO",2581,20220406-1719,best
12:30 pm – 9:35 am +2,"Alaska Airlines, Singapore Airlines",SAN‐HKT,31h05m,2,"SFO, SIN",10:25 am – 11:49 pm,Singapore Airlines,HKT‐SAN,27h24m,2,"SIN, SFO",2581,20220406-1719,best
5:15 pm – 9:35 am +2,Singapore Airlines,SAN‐HKT,26h20m,2,"SFO, SIN",11:40 am – 11:49 pm,Singapore Airlines,HKT‐SAN,26h09m,2,"SIN, SFO",3052,20220406-1719,best
12:30 pm – 10:50 am +2,"Alaska Airlines, Singapore Airlines",SAN‐HKT,32h20m,2,"SFO, SIN",10:25 am – 11:49 pm,Singapore Airlines,HKT‐SAN,27h24m,2,"SIN, SFO",2581,20220406-1719,best
8:25 pm – 7:20 pm +2,Singapore Airlines,SAN‐HKT,32h55m,2,"SEA, SIN",8:10 pm – 3:02 pm +1,Singapore Airlines,HKT‐SAN,32h52m,2,"SIN, SFO",2252,20220406-1719,best
8:25 pm – 7:20 pm +2,Singapore Airlines,SAN‐HKT,32h55m,2,"SEA, SIN",6:10 pm – 1:32 pm +1,Singapore Airlines,HKT‐SAN,33h22m,2,"SIN, SFO",2252,20220406-1719,best
5:15 pm – 9:35 am +2,Singapore Airlines,SAN‐HKT,26h20m,2,"SFO, SIN",10:25 am – 11:49 pm,Singapore Airlines,HKT‐SAN,27h24m,2,"SIN, SFO",3052,20220406-1719,best
5:15 pm – 10:50 am +2,Singapore Airlines,SAN‐HKT,27h35m,2,"SFO, SIN",11:40 am – 11:49 pm,Singapore Airlines,HKT‐SAN,26h09m,2,"SIN, SFO",3052,20220406-1719,best
3:10 pm – 9:35 am +2,Singapore Airlines,SAN‐HKT,28h25m,2,"SFO, SIN",11:40 am – 11:49 pm,Singapore Airlines,HKT‐SAN,26h09m,2,"SIN, SFO",3052,20220406-1719,best
5:15 pm – 10:50 am +2,Singapore Airlines,SAN‐HKT,27h35m,2,"SFO, SIN",10:25 am – 11:49 pm,Singapore Airlines,HKT‐SAN,27h24m,2,"SIN, SFO",3052,20220406-1719,best
5:15 pm – 9:35 am +2,Singapore Airlines,SAN‐HKT,26h20m,2,"SFO, SIN",11:40 am – 11:49 pm,Singapore Airlines,HKT‐SAN,26h09m,2,"SIN, SFO",3052,20220406-1724,fast
5:15 pm – 9:35 am +2,Singapore Airlines,SAN‐HKT,26h20m,2,"SFO, SIN",10:25 am – 11:49 pm,Singapore Airlines,HKT‐SAN,27h24m,2,"SIN, SFO",3052,20220406-1724,fast
5:15 pm – 10:50 am +2,Singapore Airlines,SAN‐HKT,27h35m,2,"SFO, SIN",11:40 am – 11:49 pm,Singapore Airlines,HKT‐SAN,26h09m,2,"SIN, SFO",3052,20220406-1724,fast
3:10 pm – 9:35 am +2,Singapore Airlines,SAN‐HKT,28h25m,2,"SFO, SIN",11:40 am – 11:49 pm,Singapore Airlines,HKT‐SAN,26h09m,2,"SIN, SFO",3052,20220406-1724,fast
5:15 pm – 10:50 am +2,Singapore Airlines,SAN‐HKT,27h35m,2,"SFO, SIN",10:25 am – 11:49 pm,Singapore Airlines,HKT‐SAN,27h24m,2,"SIN, SFO",3052,20220406-1724,fast
3:10 pm – 9:35 am +2,Singapore Airlines,SAN‐HKT,28h25m,2,"SFO, SIN",10:25 am – 11:49 pm,Singapore Airlines,HKT‐SAN,27h24m,2,"SIN, SFO",3052,20220406-1724,fast
3:10 pm – 10:50 am +2,Singapore Airlines,SAN‐HKT,29h40m,2,"SFO, SIN",11:40 am – 11:49 pm,Singapore Airlines,HKT‐SAN,26h09m,2,"SIN, SFO",3052,20220406-1724,fast
2:30 pm – 10:50 am +2,"Spirit Airlines, Singapore Airlines",SAN‐HKT,30h20m,3,"LAS, LAX, ...",11:40 am – 11:49 pm,Singapore Airlines,HKT‐SAN,26h09m,2,"SIN, SFO",2696,20220406-1724,fast
3:10 pm – 10:50 am +2,Singapore Airlines,SAN‐HKT,29h40m,2,"SFO, SIN",10:25 am – 11:49 pm,Singapore Airlines,HKT‐SAN,27h24m,2,"SIN, SFO",3052,20220406-1724,fast
12:30 pm – 9:35 am +2,"Alaska Airlines, Singapore Airlines",SAN‐HKT,31h05m,2,"SFO, SIN",11:40 am – 11:49 pm,"Singapore Airlines, Alaska Airlines",HKT‐SAN,26h09m,2,"SIN, SFO",2581,20220406-1724,fast
5:15 pm – 9:35 am +2,Singapore Airlines,SAN‐HKT,26h20m,2,"SFO, SIN",8:10 pm – 1:32 pm +1,Singapore Airlines,HKT‐SAN,31h22m,2,"SIN, SFO",3180,20220406-1724,fast
2:30 pm – 10:50 am +2,"Spirit Airlines, Singapore Airlines",SAN‐HKT,30h20m,3,"LAS, LAX, ...",10:25 am – 11:49 pm,Singapore Airlines,HKT‐SAN,27h24m,2,"SIN, SFO",2696,20220406-1724,fast
12:30 pm – 9:35 am +2,"Alaska Airlines, Singapore Airlines",SAN‐HKT,31h05m,2,"SFO, SIN",10:25 am – 11:49 pm,Singapore Airlines,HKT‐SAN,27h24m,2,"SIN, SFO",2581,20220406-1724,fast
12:30 pm – 10:50 am +2,"Alaska Airlines, Singapore Airlines",SAN‐HKT,32h20m,2,"SFO, SIN",11:40 am – 11:49 pm,Singapore Airlines,HKT‐SAN,26h09m,2,"SIN, SFO",2581,20220406-1724,fast
5:15 pm – 9:35 am +2,Singapore Airlines,SAN‐HKT,26h20m,2,"SFO, SIN",11:55 pm – 6:23 pm +1,Qatar Airways,HKT‐SAN,32h28m,2,"DOH, SEA",4135,20220406-1724,fast
