Out Time,Out Airline,Out Cities,Out Duration,Out Stops,Out Stop Cities,Return Time,Return Airline,Return Cities,Return Duration,Return Stops,Return Stop Cities,Price,timestamp,sort
7:40 pm – 12:10 am +3,"Alaska Airlines, Asiana Airlines",SAN‐HKT,38h30m,2,"SFO, ICN",1:30 am – 11:49 pm,"Asiana Airlines, Alaska Airlines",HKT‐SAN,36h19m,2,"ICN, SFO",1383,20220409-1512,cheap
5:15 pm – 12:10 am +3,"Alaska Airlines, Asiana Airlines",SAN‐HKT,40h55m,2,"SFO, ICN",1:30 am – 11:49 pm,"Asiana Airlines, Alaska Airlines",HKT‐SAN,36h19m,2,"ICN, SFO",1383,20220409-1512,cheap
3:10 pm – 12:10 am +3,"Alaska Airlines, Asiana Airlines",SAN‐HKT,43h00m,2,"SFO, ICN",1:30 am – 11:49 pm,"Asiana Airlines, Alaska Airlines",HKT‐SAN,36h19m,2,"ICN, SFO",1383,20220409-1512,cheap
10:20 am – 12:10 am +3,"Alaska Airlines, Asiana Airlines",SAN‐HKT,47h50m,2,"SFO, ICN",1:30 am – 11:49 pm,"Asiana Airlines, Alaska Airlines",HKT‐SAN,36h19m,2,"ICN, SFO",1383,20220409-1512,cheap
7:40 pm – 12:10 am +3,"Alaska Airlines, Asiana Airlines",SAN‐HKT,38h30m,2,"SFO, ICN",1:30 am – 11:28 pm,Asiana Airlines,HKT‐SAN,35h58m,2,"ICN, LAX",1384,20220409-1512,cheap
5:15 pm – 12:10 am +3,"Alaska Airlines, Asiana Airlines",SAN‐HKT,40h55m,2,"SFO, ICN",1:30 am – 11:28 pm,Asiana Airlines,HKT‐SAN,35h58m,2,"ICN, LAX",1384,20220409-1512,cheap
3:10 pm – 12:10 am +3,"Alaska Airlines, Asiana Airlines",SAN‐HKT,43h00m,2,"SFO, ICN",1:30 am – 11:28 pm,Asiana Airlines,HKT‐SAN,35h58m,2,"ICN, LAX",1384,20220409-1512,cheap
10:20 am – 12:10 am +3,"Alaska Airlines, Asiana Airlines",SAN‐HKT,47h50m,2,"SFO, ICN",1:30 am – 11:28 pm,Asiana Airlines,HKT‐SAN,35h58m,2,"ICN, LAX",1384,20220409-1512,cheap
7:40 pm – 12:10 am +3,"Alaska Airlines, Asiana Airlines",SAN‐HKT,38h30m,2,"SFO, ICN",1:30 am – 11:28 pm,Asiana Airlines,HKT‐SAN,35h58m,2,"ICN, LAX",1389,20220409-1512,cheap
5:15 pm – 12:10 am +3,"Alaska Airlines, Asiana Airlines",SAN‐HKT,40h55m,2,"SFO, ICN",1:30 am – 11:28 pm,Asiana Airlines,HKT‐SAN,35h58m,2,"ICN, LAX",1389,20220409-1512,cheap
3:10 pm – 12:10 am +3,"Alaska Airlines, Asiana Airlines",SAN‐HKT,43h00m,2,"SFO, ICN",1:30 am – 11:28 pm,Asiana Airlines,HKT‐SAN,35h58m,2,"ICN, LAX",1389,20220409-1512,cheap
10:20 am – 12:10 am +3,"Alaska Airlines, Asiana Airlines",SAN‐HKT,47h50m,2,"SFO, ICN",1:30 am – 11:28 pm,Asiana Airlines,HKT‐SAN,35h58m,2,"ICN, LAX",1389,20220409-1512,cheap
7:40 pm – 12:10 am +3,"Alaska Airlines, Asiana Airlines",SAN‐HKT,38h30m,2,"SFO, ICN",1:30 am – 7:34 am +1,"Asiana Airlines, Alaska Airlines",HKT‐SAN,44h04m,2,"ICN, SFO",1395,20220409-1512,cheap
7:40 pm – 12:10 am +3,"Alaska Airlines, Asiana Airlines",SAN‐HKT,38h30m,2,"SFO, ICN",1:30 am – 9:39 am +1,"Asiana Airlines, Alaska Airlines",HKT‐SAN,46h09m,2,"ICN, SFO",1395,20220409-1512,cheap
5:15 pm – 12:10 am +3,"Alaska Airlines, Asiana Airlines",SAN‐HKT,40h55m,2,"SFO, ICN",1:30 am – 7:34 am +1,"Asiana Airlines, Alaska Airlines",HKT‐SAN,44h04m,2,"ICN, SFO",1395,20220409-1512,cheap
5:15 pm – 9:35 am +2,Singapore Airlines,SAN‐HKT,26h20m,2,"SFO, SIN",11:40 am – 11:49 pm,Singapore Airlines,HKT‐SAN,26h09m,2,"SIN, SFO",1956,20220409-1509,best
7:40 pm – 12:10 am +3,"Alaska Airlines, Asiana Airlines",SAN‐HKT,38h30m,2,"SFO, ICN",1:30 am – 11:49 pm,"Asiana Airlines, Alaska Airlines",HKT‐SAN,36h19m,2,"ICN, SFO",1383,20220409-1509,best
5:15 pm – 10:50 am +2,Singapore Airlines,SAN‐HKT,27h35m,2,"SFO, SIN",11:40 am – 11:49 pm,Singapore Airlines,HKT‐SAN,26h09m,2,"SIN, SFO",1956,20220409-1509,best
5:15 pm – 9:35 am +2,Singapore Airlines,SAN‐HKT,26h20m,2,"SFO, SIN",10:25 am – 11:49 pm,"Singapore Airlines, Alaska Airlines",HKT‐SAN,27h24m,2,"SIN, SFO",1956,20220409-1509,best
8:25 pm – 2:00 pm +2,"Alaska Airlines, EVA Air",SAN‐HKT,27h35m,3,"SEA, TPE, ...",8:15 am – 11:49 pm,Multiple Airlines,HKT‐SAN,29h34m,3,"BKK, TPE, ...",1688,20220409-1509,best
6:35 am – 9:35 am +2,Singapore Airlines,SAN‐HKT,37h00m,2,"SFO, SIN",11:40 am – 11:49 pm,Singapore Airlines,HKT‐SAN,26h09m,2,"SIN, SFO",1580,20220409-1509,best
3:10 pm – 9:35 am +2,"Alaska Airlines, Singapore Airlines",SAN‐HKT,28h25m,2,"SFO, SIN",11:40 am – 11:49 pm,Singapore Airlines,HKT‐SAN,26h09m,2,"SIN, SFO",1974,20220409-1509,best
5:15 pm – 10:50 am +2,"Alaska Airlines, Singapore Airlines",SAN‐HKT,27h35m,2,"SFO, SIN",10:25 am – 11:49 pm,Singapore Airlines,HKT‐SAN,27h24m,2,"SIN, SFO",1974,20220409-1509,best
6:29 am – 12:10 am +2,Asiana Airlines,SAN‐HKT,27h41m,2,"LAX, ICN",1:30 am – 7:39 pm,Asiana Airlines,HKT‐SAN,32h09m,2,"ICN, LAX",1656,20220409-1509,best
6:29 am – 12:10 am +2,Asiana Airlines,SAN‐HKT,27h41m,2,"LAX, ICN",1:30 am – 7:39 pm,Asiana Airlines,HKT‐SAN,32h09m,2,"ICN, LAX",1656,20220409-1509,best
9:00 pm – 2:00 pm +2,Multiple Airlines,SAN‐HKT,27h00m,3,"SFO, TPE, ...",8:15 am – 11:49 pm,Multiple Airlines,HKT‐SAN,29h34m,3,"BKK, TPE, ...",1688,20220409-1509,best
9:00 pm – 2:00 pm +2,"Alaska Airlines, EVA Air",SAN‐HKT,27h00m,3,"SFO, TPE, ...",8:15 am – 11:49 pm,Multiple Airlines,HKT‐SAN,29h34m,3,"BKK, TPE, ...",1688,20220409-1509,best
6:29 am – 12:10 am +2,Asiana Airlines,SAN‐HKT,27h41m,2,"LAX, ICN",1:30 am – 8:24 pm,Asiana Airlines,HKT‐SAN,32h54m,2,"ICN, SFO",1656,20220409-1509,best
1:30 pm – 9:30 am +2,Japan Airlines,SAN‐HKT,30h00m,2,"NRT, BKK",7:10 pm – 4:43 pm +1,Japan Airlines,HKT‐SAN,35h33m,3,"BKK, NRT, ...",1567,20220409-1509,best
1:30 pm – 9:30 am +2,Japan Airlines,SAN‐HKT,30h00m,2,"NRT-HND, BKK",7:10 pm – 4:43 pm +1,Japan Airlines,HKT‐SAN,35h33m,3,"BKK, NRT, ...",1578,20220409-1509,best
1:30 pm – 9:30 am +2,Japan Airlines,SAN‐HKT,30h00m,2,"NRT, BKK",7:10 pm – 4:35 pm +1,Japan Airlines,HKT‐SAN,35h25m,3,"BKK, NRT, ...",1617,20220409-1509,best
8:00 am – 12:10 am +2,"Air Canada, Asiana Airlines",SAN‐HKT,26h10m,2,"YVR, ICN",11:40 am – 11:49 pm,Singapore Airlines,HKT‐SAN,26h09m,2,"SIN, SFO",4721,20220409-1514,fast
5:15 pm – 9:35 am +2,Singapore Airlines,SAN‐HKT,26h20m,2,"SFO, SIN",11:40 am – 11:49 pm,Singapore Airlines,HKT‐SAN,26h09m,2,"SIN, SFO",1956,20220409-1514,fast
7:20 am – 12:10 am +2,"Korean Air, Asiana Airlines",SAN‐HKT,26h50m,2,"SEA, ICN",11:40 am – 11:49 pm,Singapore Airlines,HKT‐SAN,26h09m,2,"SIN, SFO",4738,20220409-1514,fast
8:00 am – 12:10 am +2,United Airlines,SAN‐HKT,26h10m,2,"SFO, ICN",1:30 am – 2:35 pm,United Airlines,HKT‐SAN,27h05m,2,"ICN, SFO",7002,20220409-1514,fast
5:15 pm – 10:50 am +2,Singapore Airlines,SAN‐HKT,27h35m,2,"SFO, SIN",11:40 am – 11:49 pm,Singapore Airlines,HKT‐SAN,26h09m,2,"SIN, SFO",1956,20220409-1514,fast
5:15 pm – 9:35 am +2,Singapore Airlines,SAN‐HKT,26h20m,2,"SFO, SIN",10:25 am – 11:49 pm,"Singapore Airlines, Alaska Airlines",HKT‐SAN,27h24m,2,"SIN, SFO",1956,20220409-1514,fast
3:10 pm – 9:35 am +2,"Alaska Airlines, Singapore Airlines",SAN‐HKT,28h25m,2,"SFO, SIN",11:40 am – 11:49 pm,Singapore Airlines,HKT‐SAN,26h09m,2,"SIN, SFO",1974,20220409-1514,fast
5:15 pm – 10:50 am +2,Singapore Airlines,SAN‐HKT,27h35m,2,"SFO, SIN",10:25 am – 11:49 pm,"Singapore Airlines, Alaska Airlines",HKT‐SAN,27h24m,2,"SIN, SFO",1974,20220409-1514,fast
6:15 am – 12:10 am +2,United Airlines,SAN‐HKT,27h55m,2,"SFO, ICN",1:30 am – 2:35 pm,United Airlines,HKT‐SAN,27h05m,2,"ICN, SFO",7002,20220409-1514,fast
8:12 pm – 9:35 am +2,"United Airlines, Singapore Airlines",SAN‐HKT,23h23m,2,"SFO, SIN",8:10 pm – 2:35 pm +1,"Singapore Airlines, United Airlines",HKT‐SAN,32h25m,2,"SIN, SFO",8350,20220409-1514,fast
1:30 pm – 9:30 am +2,Japan Airlines,SAN‐HKT,30h00m,2,"NRT, BKK",11:40 am – 11:49 pm,Singapore Airlines,HKT‐SAN,26h09m,2,"SIN, SFO",1841,20220409-1514,fast
9:00 pm – 2:00 pm +2,Multiple Airlines,SAN‐HKT,27h00m,3,"SFO, TPE, ...",8:15 am – 11:49 pm,Multiple Airlines,HKT‐SAN,29h34m,3,"BKK, TPE, ...",1688,20220409-1514,fast
9:00 pm – 2:00 pm +2,"Alaska Airlines, EVA Air",SAN‐HKT,27h00m,3,"SFO, TPE, ...",8:15 am – 11:49 pm,Multiple Airlines,HKT‐SAN,29h34m,3,"BKK, TPE, ...",1688,20220409-1514,fast
8:00 am – 12:10 am +2,United Airlines,SAN‐HKT,26h10m,2,"SFO, ICN",1:30 am – 6:09 pm,United Airlines,HKT‐SAN,30h39m,2,"ICN, SFO",7002,20220409-1514,fast
6:53 pm – 9:35 am +2,"United Airlines, Singapore Airlines",SAN‐HKT,24h42m,2,"SFO, SIN",6:10 pm – 12:23 pm +1,"Singapore Airlines, United Airlines",HKT‐SAN,32h13m,2,"SIN, SFO",8350,20220409-1514,fast
