Out Time,Out Airline,Out Cities,Out Duration,Out Stops,Out Stop Cities,Return Time,Return Airline,Return Cities,Return Duration,Return Stops,Return Stop Cities,Price,timestamp,sort
8:22 pm – 9:35 am +3,"JetBlue, Singapore Airlines",SAN‐HKT,47h13m,3,"JFK, FRA, ...",8:10 pm – 11:58 pm +1,Singapore Airlines,HKT‐SAN,41h48m,2,"SIN, SFO",1620,20220406-1515,cheap
8:22 pm – 10:50 am +3,"JetBlue, Singapore Airlines",SAN‐HKT,48h28m,3,"JFK, FRA, ...",8:10 pm – 11:58 pm +1,Singapore Airlines,HKT‐SAN,41h48m,2,"SIN, SFO",1620,20220406-1515,cheap
8:22 pm – 9:35 am +3,"JetBlue, Singapore Airlines",SAN‐HKT,47h13m,3,"JFK, FRA, ...",6:10 pm – 11:58 pm +1,Singapore Airlines,HKT‐SAN,43h48m,2,"SIN, SFO",1620,20220406-1515,cheap
8:22 pm – 10:50 am +3,"JetBlue, Singapore Airlines",SAN‐HKT,48h28m,3,"JFK, FRA, ...",6:10 pm – 11:58 pm +1,Singapore Airlines,HKT‐SAN,43h48m,2,"SIN, SFO",1620,20220406-1515,cheap
10:56 am – 9:35 am +2,Multiple Airlines,SAN‐HKT,32h39m,3,"OAK-SFO, CPH, ...",6:45 pm – 3:30 pm +1,Multiple Airlines,HKT‐SAN,34h45m,3,"BKK, MNL, ...",1669,20220406-1515,cheap
10:56 am – 9:35 am +2,Multiple Airlines,SAN‐HKT,32h39m,3,"OAK-SFO, CPH, ...",10:00 pm – 11:58 pm +1,Multiple Airlines,HKT‐SAN,39h58m,3,"DMK-BKK, MNL, ...",1743,20220406-1515,cheap
10:56 am – 9:35 am +2,Multiple Airlines,SAN‐HKT,32h39m,3,"OAK-SFO, CPH, ...",11:15 pm – 11:58 pm +1,Multiple Airlines,HKT‐SAN,38h43m,3,"BKK, MNL, ...",1769,20220406-1515,cheap
10:56 am – 9:35 am +2,Multiple Airlines,SAN‐HKT,32h39m,3,"OAK-SFO, CPH, ...",5:25 pm – 2:58 pm +1,Multiple Airlines,HKT‐SAN,35h33m,3,"BKK, HND, ...",1784,20220406-1515,cheap
10:56 am – 9:35 am +2,Multiple Airlines,SAN‐HKT,32h39m,3,"OAK-SFO, CPH, ...",5:05 pm – 1:23 pm +1,Multiple Airlines,HKT‐SAN,34h18m,3,"BKK, HND, ...",1815,20220406-1515,cheap
10:56 am – 9:35 am +2,Multiple Airlines,SAN‐HKT,32h39m,3,"OAK-SFO, CPH, ...",5:25 pm – 1:23 pm +1,Multiple Airlines,HKT‐SAN,33h58m,3,"BKK, HND, ...",1828,20220406-1515,cheap
10:56 am – 9:35 am +2,Multiple Airlines,SAN‐HKT,32h39m,3,"OAK-SFO, CPH, ...",10:20 pm – 10:36 pm +1,Multiple Airlines,HKT‐SAN,38h16m,3,"MEL, SYD, ...",1852,20220406-1515,cheap
8:22 pm – 9:35 am +3,"JetBlue, Singapore Airlines",SAN‐HKT,47h13m,3,"JFK, FRA, ...",11:40 am – 4:02 pm +1,Singapore Airlines,HKT‐SAN,42h22m,2,"SIN, SFO",1901,20220406-1515,cheap
8:22 pm – 10:50 am +3,"JetBlue, Singapore Airlines",SAN‐HKT,48h28m,3,"JFK, FRA, ...",11:40 am – 4:02 pm +1,Singapore Airlines,HKT‐SAN,42h22m,2,"SIN, SFO",1901,20220406-1515,cheap
8:22 pm – 9:35 am +3,"JetBlue, Singapore Airlines",SAN‐HKT,47h13m,3,"JFK, FRA, ...",11:40 am – 11:58 pm,Singapore Airlines,HKT‐SAN,26h18m,2,"SIN, SFO",1938,20220406-1515,cheap
8:22 pm – 9:35 am +3,"JetBlue, Singapore Airlines",SAN‐HKT,47h13m,3,"JFK, FRA, ...",10:25 am – 11:58 pm,Singapore Airlines,HKT‐SAN,27h33m,2,"SIN, SFO",1938,20220406-1515,cheap
1:00 pm – 6:55 am +2,"Alaska Airlines, Qatar Airways",SAN‐HKT,27h55m,2,"SEA, DOH",11:55 pm – 5:06 pm +1,"Qatar Airways, Alaska Airlines",HKT‐SAN,31h11m,2,"DOH, SEA",2270,20220406-1512,best
8:22 pm – 9:35 am +3,"JetBlue, Singapore Airlines",SAN‐HKT,47h13m,3,"JFK, FRA, ...",8:10 pm – 11:58 pm +1,Singapore Airlines,HKT‐SAN,41h48m,2,"SIN, SFO",1620,20220406-1512,best
1:00 pm – 6:55 am +2,"Alaska Airlines, Qatar Airways",SAN‐HKT,27h55m,2,"SEA, DOH",11:55 pm – 5:42 pm +1,"Qatar Airways, Alaska Airlines",HKT‐SAN,31h47m,2,"DOH, SFO",2240,20220406-1512,best
1:00 pm – 6:55 am +2,"Alaska Airlines, Qatar Airways",SAN‐HKT,27h55m,2,"SEA, DOH",11:55 pm – 6:57 pm +1,"Qatar Airways, Alaska Airlines",HKT‐SAN,33h02m,2,"DOH, SFO",2240,20220406-1512,best
1:00 pm – 6:55 am +2,"Alaska Airlines, Qatar Airways",SAN‐HKT,27h55m,2,"SEA, DOH",11:55 pm – 6:59 pm +1,"Qatar Airways, Alaska Airlines",HKT‐SAN,33h04m,2,"DOH, SEA",2270,20220406-1512,best
1:00 pm – 6:55 am +2,"Alaska Airlines, Qatar Airways",SAN‐HKT,27h55m,2,"SEA, DOH",12:10 am – 5:42 pm,"Emirates, Alaska Airlines",HKT‐SAN,31h32m,2,"DXB, SFO",2418,20220406-1512,best
1:00 pm – 6:55 am +2,"Alaska Airlines, Qatar Airways",SAN‐HKT,27h55m,2,"SEA, DOH",11:55 pm – 11:38 pm +1,"Qatar Airways, Alaska Airlines",HKT‐SAN,37h43m,2,"DOH, SEA",2161,20220406-1512,best
9:05 am – 6:55 am +2,"Alaska Airlines, Qatar Airways",SAN‐HKT,31h50m,2,"EWR-JFK, DOH",11:55 pm – 6:57 pm +1,"Qatar Airways, Alaska Airlines",HKT‐SAN,33h02m,2,"DOH, SFO",2238,20220406-1512,best
10:55 am – 6:55 am +2,Qatar Airways,SAN‐HKT,30h00m,2,"SFO, DOH",11:55 pm – 5:42 pm +1,Qatar Airways,HKT‐SAN,31h47m,2,"DOH, SFO",2462,20220406-1512,best
1:00 pm – 6:55 am +2,Qatar Airways,SAN‐HKT,27h55m,2,"SEA, DOH",11:55 pm – 9:49 pm +1,Qatar Airways,HKT‐SAN,35h54m,2,"DOH, JFK",2367,20220406-1512,best
8:00 am – 6:55 am +2,"Alaska Airlines, Qatar Airways",SAN‐HKT,32h55m,2,"SEA, DOH",11:55 pm – 6:57 pm +1,"Qatar Airways, Alaska Airlines",HKT‐SAN,33h02m,2,"DOH, SFO",2240,20220406-1512,best
9:05 am – 6:55 am +2,"Alaska Airlines, Qatar Airways",SAN‐HKT,31h50m,2,"EWR-JFK, DOH",12:10 am – 5:42 pm,"Emirates, Alaska Airlines",HKT‐SAN,31h32m,2,"DXB, SFO",2414,20220406-1512,best
8:00 am – 6:55 am +2,Qatar Airways,SAN‐HKT,32h55m,2,"BOS, DOH",11:55 pm – 5:42 pm +1,Qatar Airways,HKT‐SAN,31h47m,2,"DOH, SFO",2363,20220406-1512,best
1:12 pm – 1:15 pm +2,"American Airlines, Qatar Airways",SAN‐HKT,34h03m,2,"ORD, DOH",9:05 pm – 2:27 pm +1,"Qatar Airways, American Airlines",HKT‐SAN,31h22m,2,"DOH, DFW",2356,20220406-1512,best
8:22 pm – 9:35 am +3,"JetBlue, Singapore Airlines",SAN‐HKT,47h13m,3,"JFK, FRA, ...",11:40 am – 11:58 pm,Singapore Airlines,HKT‐SAN,26h18m,2,"SIN, SFO",1938,20220406-1512,best
9:05 am – 6:55 am +2,"Alaska Airlines, Qatar Airways",SAN‐HKT,31h50m,2,"EWR-JFK, DOH",9:05 pm – 5:42 pm +1,"Qatar Airways, Alaska Airlines",HKT‐SAN,34h37m,2,"DOH, SFO",2276,20220406-1512,best
1:00 pm – 6:55 am +2,"Alaska Airlines, Qatar Airways",SAN‐HKT,27h55m,2,"SEA, DOH",11:40 am – 11:58 pm,Singapore Airlines,HKT‐SAN,26h18m,2,"SIN, SFO",2410,20220406-1517,fast
1:00 pm – 6:55 am +2,"Alaska Airlines, Qatar Airways",SAN‐HKT,27h55m,2,"SEA, DOH",10:25 am – 11:58 pm,Singapore Airlines,HKT‐SAN,27h33m,2,"SIN, SFO",2410,20220406-1517,fast
10:55 am – 6:55 am +2,Qatar Airways,SAN‐HKT,30h00m,2,"SFO, DOH",11:40 am – 11:58 pm,Singapore Airlines,HKT‐SAN,26h18m,2,"SIN, SFO",3201,20220406-1517,fast
10:55 am – 6:55 am +2,Qatar Airways,SAN‐HKT,30h00m,2,"SFO, DOH",10:25 am – 11:58 pm,Singapore Airlines,HKT‐SAN,27h33m,2,"SIN, SFO",3178,20220406-1517,fast
9:05 am – 6:55 am +2,"Alaska Airlines, Qatar Airways",SAN‐HKT,31h50m,2,"EWR-JFK, DOH",11:40 am – 11:58 pm,Singapore Airlines,HKT‐SAN,26h18m,2,"SIN, SFO",2406,20220406-1517,fast
10:56 am – 9:35 am +2,Multiple Airlines,SAN‐HKT,32h39m,3,"OAK-SFO, CPH, ...",11:55 am – 11:58 pm,Multiple Airlines,HKT‐SAN,26h03m,3,"SGN, TPE, ...",2070,20220406-1517,fast
1:00 pm – 6:55 am +2,"Alaska Airlines, Qatar Airways",SAN‐HKT,27h55m,2,"SEA, DOH",11:55 pm – 5:06 pm +1,"Qatar Airways, Alaska Airlines",HKT‐SAN,31h11m,2,"DOH, SEA",2270,20220406-1517,fast
8:00 am – 6:55 am +2,"Alaska Airlines, Qatar Airways",SAN‐HKT,32h55m,2,"SEA, DOH",11:40 am – 11:58 pm,Singapore Airlines,HKT‐SAN,26h18m,2,"SIN, SFO",2410,20220406-1517,fast
8:00 am – 6:55 am +2,Qatar Airways,SAN‐HKT,32h55m,2,"BOS, DOH",11:40 am – 11:58 pm,Singapore Airlines,HKT‐SAN,26h18m,2,"SIN, SFO",2548,20220406-1517,fast
9:05 am – 6:55 am +2,"Alaska Airlines, Qatar Airways",SAN‐HKT,31h50m,2,"EWR-JFK, DOH",10:25 am – 11:58 pm,Singapore Airlines,HKT‐SAN,27h33m,2,"SIN, SFO",2406,20220406-1517,fast
7:00 pm – 1:15 pm +2,"British Airways, Qatar Airways",SAN‐HKT,28h15m,2,"LHR, DOH",11:55 pm – 5:05 pm +1,"Qatar Airways, British Airways",HKT‐SAN,31h10m,2,"DOH, LHR",3051,20220406-1517,fast
12:40 pm – 6:55 am +2,Qatar Airways,SAN‐HKT,28h15m,2,"DFW, DOH",11:55 pm – 5:05 pm +1,"Qatar Airways, British Airways",HKT‐SAN,31h10m,2,"DOH, LHR",14980,20220406-1517,fast
1:00 pm – 6:55 am +2,"Alaska Airlines, Qatar Airways",SAN‐HKT,27h55m,2,"SEA, DOH",12:10 am – 5:42 pm,"Emirates, Alaska Airlines",HKT‐SAN,31h32m,2,"DXB, SFO",2418,20220406-1517,fast
12:40 pm – 6:55 am +2,"American Airlines, Qatar Airways",SAN‐HKT,28h15m,2,"DFW, DOH",9:05 pm – 2:27 pm +1,"Qatar Airways, American Airlines",HKT‐SAN,31h22m,2,"DOH, DFW",2738,20220406-1517,fast
7:00 pm – 1:15 pm +2,"British Airways, Qatar Airways",SAN‐HKT,28h15m,2,"LHR, DOH",9:05 pm – 2:27 pm +1,"Qatar Airways, American Airlines",HKT‐SAN,31h22m,2,"DOH, DFW",3020,20220406-1517,fast
