Out Time,Out Airline,Out Cities,Out Duration,Out Stops,Out Stop Cities,Return Time,Return Airline,Return Cities,Return Duration,Return Stops,Return Stop Cities,Price,timestamp,sort
6:15 am – 6:55 am +2,"Alaska Airlines, Qatar Airways",SAN‐HKT,34h40m,2,"SEA, DOH",9:15 pm – 2:50 pm +1,Multiple Airlines,HKT‐SAN,31h35m,3,"BKK, NRT, ...",1562,20220406-1329,cheap
6:20 am – 6:55 am +2,"Alaska Airlines, Qatar Airways",SAN‐HKT,34h35m,2,"SFO, DOH",11:55 pm – 11:38 pm +1,"Qatar Airways, Alaska Airlines",HKT‐SAN,37h43m,2,"DOH, SEA",1578,20220406-1329,cheap
6:20 am – 6:55 am +2,"Alaska Airlines, Qatar Airways",SAN‐HKT,34h35m,2,"SFO, DOH",9:05 pm – 11:38 pm +1,"Qatar Airways, Alaska Airlines",HKT‐SAN,40h33m,2,"DOH, SEA",1578,20220406-1329,cheap
6:20 am – 1:15 pm +2,"Alaska Airlines, Qatar Airways",SAN‐HKT,40h55m,2,"SFO, DOH",11:55 pm – 11:38 pm +1,"Qatar Airways, Alaska Airlines",HKT‐SAN,37h43m,2,"DOH, SEA",1599,20220406-1329,cheap
6:15 am – 6:55 am +2,"Alaska Airlines, Qatar Airways",SAN‐HKT,34h40m,2,"SEA, DOH",11:55 pm – 11:38 pm +1,"Qatar Airways, Alaska Airlines",HKT‐SAN,37h43m,2,"DOH, SEA",1600,20220406-1329,cheap
6:20 am – 1:15 pm +2,"Alaska Airlines, Qatar Airways",SAN‐HKT,40h55m,2,"SFO, DOH",9:05 pm – 11:38 pm +1,"Qatar Airways, Alaska Airlines",HKT‐SAN,40h33m,2,"DOH, SEA",1604,20220406-1329,cheap
6:25 am – 6:55 am +2,"Alaska Airlines, Qatar Airways",SAN‐HKT,34h30m,3,"PDX, SEA, ...",11:40 am – 1:50 am +1,"Singapore Airlines, Greyhound",HKT‐SAN,28h10m,2,"SIN, LAX-LAX",1612,20220406-1329,cheap
6:20 am – 6:55 am +2,"Alaska Airlines, Qatar Airways",SAN‐HKT,34h35m,2,"SFO, DOH",11:55 pm – 11:58 am +2,"Qatar Airways, Alaska Airlines",HKT‐SAN,50h03m,2,"DOH, JFK",1636,20220406-1329,cheap
6:20 am – 6:55 am +2,"Alaska Airlines, Qatar Airways",SAN‐HKT,34h35m,2,"SFO, DOH",9:05 pm – 11:58 am +2,"Qatar Airways, Alaska Airlines",HKT‐SAN,52h53m,2,"DOH, JFK",1636,20220406-1329,cheap
6:20 am – 1:15 pm +2,"Alaska Airlines, Qatar Airways",SAN‐HKT,40h55m,2,"SFO, DOH",11:55 pm – 11:58 am +2,"Qatar Airways, Alaska Airlines",HKT‐SAN,50h03m,2,"DOH, JFK",1636,20220406-1329,cheap
11:53 am – 6:55 am +2,"Alaska Airlines, Qatar Airways",SAN‐HKT,29h02m,2,"SEA, DOH",11:55 pm – 11:38 pm +1,"Qatar Airways, Alaska Airlines",HKT‐SAN,37h43m,2,"DOH, SEA",1652,20220406-1329,cheap
11:53 am – 6:55 am +2,"Alaska Airlines, Qatar Airways",SAN‐HKT,29h02m,2,"SEA, DOH",11:55 pm – 6:59 pm +1,"Qatar Airways, Alaska Airlines",HKT‐SAN,33h04m,2,"DOH, SEA",1708,20220406-1329,cheap
8:15 am – 6:55 am +2,"Alaska Airlines, Qatar Airways",SAN‐HKT,32h40m,2,"SFO, DOH",11:55 pm – 11:38 pm +1,"Qatar Airways, Alaska Airlines",HKT‐SAN,37h43m,2,"DOH, SEA",1719,20220406-1329,cheap
8:15 am – 6:55 am +2,"Alaska Airlines, Qatar Airways",SAN‐HKT,32h40m,2,"SFO, DOH",9:05 pm – 11:38 pm +1,"Qatar Airways, Alaska Airlines",HKT‐SAN,40h33m,2,"DOH, SEA",1719,20220406-1329,cheap
8:15 am – 1:15 pm +2,"Alaska Airlines, Qatar Airways",SAN‐HKT,39h00m,2,"SFO, DOH",11:55 pm – 11:38 pm +1,"Qatar Airways, Alaska Airlines",HKT‐SAN,37h43m,2,"DOH, SEA",1719,20220406-1329,cheap
11:53 am – 6:55 am +2,"Alaska Airlines, Qatar Airways",SAN‐HKT,29h02m,2,"SEA, DOH",11:55 pm – 6:59 pm +1,"Qatar Airways, Alaska Airlines",HKT‐SAN,33h04m,2,"DOH, SEA",1708,20220406-1327,best
6:15 am – 6:55 am +2,"Alaska Airlines, Qatar Airways",SAN‐HKT,34h40m,2,"SEA, DOH",9:15 pm – 2:50 pm +1,Multiple Airlines,HKT‐SAN,31h35m,3,"BKK, NRT, ...",1562,20220406-1327,best
1:00 pm – 6:55 am +2,"Alaska Airlines, Qatar Airways",SAN‐HKT,27h55m,2,"SEA, DOH",11:55 pm – 5:06 pm +1,"Qatar Airways, Alaska Airlines",HKT‐SAN,31h11m,2,"DOH, SEA",1992,20220406-1327,best
11:53 am – 6:55 am +2,"Alaska Airlines, Qatar Airways",SAN‐HKT,29h02m,2,"SEA, DOH",11:55 pm – 5:06 pm +1,"Qatar Airways, Alaska Airlines",HKT‐SAN,31h11m,2,"DOH, SEA",1992,20220406-1327,best
1:00 pm – 6:55 am +2,"Alaska Airlines, Qatar Airways",SAN‐HKT,27h55m,2,"SEA, DOH",11:55 pm – 5:42 pm +1,"Qatar Airways, Alaska Airlines",HKT‐SAN,31h47m,2,"DOH, SFO",2008,20220406-1327,best
1:00 pm – 6:55 am +2,"Alaska Airlines, Qatar Airways",SAN‐HKT,27h55m,2,"SEA, DOH",11:55 pm – 6:59 pm +1,"Qatar Airways, Alaska Airlines",HKT‐SAN,33h04m,2,"DOH, SEA",1992,20220406-1327,best
11:53 am – 6:55 am +2,"Alaska Airlines, Qatar Airways",SAN‐HKT,29h02m,2,"SEA, DOH",11:55 pm – 5:42 pm +1,"Qatar Airways, Alaska Airlines",HKT‐SAN,31h47m,2,"DOH, SFO",2008,20220406-1327,best
1:00 pm – 6:55 am +2,"Alaska Airlines, Qatar Airways",SAN‐HKT,27h55m,2,"SEA, DOH",11:55 pm – 6:57 pm +1,"Qatar Airways, Alaska Airlines",HKT‐SAN,33h02m,2,"DOH, SFO",2008,20220406-1327,best
10:55 am – 6:55 am +2,"Alaska Airlines, Qatar Airways",SAN‐HKT,30h00m,2,"SFO, DOH",11:55 pm – 5:42 pm +1,"Qatar Airways, Alaska Airlines",HKT‐SAN,31h47m,2,"DOH, SFO",1967,20220406-1327,best
10:55 am – 6:55 am +2,"Alaska Airlines, Qatar Airways",SAN‐HKT,30h00m,2,"SFO, DOH",11:55 pm – 5:06 pm +1,"Qatar Airways, Alaska Airlines",HKT‐SAN,31h11m,2,"DOH, SEA",2003,20220406-1327,best
1:00 pm – 6:55 am +2,Qatar Airways,SAN‐HKT,27h55m,2,"SEA, DOH",9:05 pm – 5:42 pm +1,"Qatar Airways, Alaska Airlines",HKT‐SAN,34h37m,2,"DOH, SFO",1972,20220406-1327,best
6:20 am – 6:55 am +2,"Alaska Airlines, Qatar Airways",SAN‐HKT,34h35m,2,"SFO, DOH",11:55 pm – 6:59 pm +1,Qatar Airways,HKT‐SAN,33h04m,2,"DOH, SEA",1762,20220406-1327,best
11:53 am – 6:55 am +2,"Alaska Airlines, Qatar Airways",SAN‐HKT,29h02m,2,"SEA, DOH",11:55 pm – 6:57 pm +1,"Qatar Airways, Alaska Airlines",HKT‐SAN,33h02m,2,"DOH, SFO",2008,20220406-1327,best
10:55 am – 6:55 am +2,"Alaska Airlines, Qatar Airways",SAN‐HKT,30h00m,2,"SFO, DOH",11:55 pm – 6:57 pm +1,"Qatar Airways, Alaska Airlines",HKT‐SAN,33h02m,2,"DOH, SFO",1967,20220406-1327,best
1:00 pm – 6:55 am +2,Qatar Airways,SAN‐HKT,27h55m,2,"SEA, DOH",11:55 pm – 11:38 pm +1,"Qatar Airways, Alaska Airlines",HKT‐SAN,37h43m,2,"DOH, SEA",1884,20220406-1327,best
8:15 am – 6:55 am +2,Qatar Airways,SAN‐HKT,32h40m,2,"SFO, DOH",11:55 pm – 6:59 pm +1,Qatar Airways,HKT‐SAN,33h04m,2,"DOH, SEA",1902,20220406-1327,best
4:15 pm – 9:35 am +2,Singapore Airlines,SAN‐HKT,27h20m,2,"SFO, SIN",11:40 am – 11:58 pm,Singapore Airlines,HKT‐SAN,26h18m,2,"SIN, SFO",7647,20220406-1332,fast
1:00 pm – 6:55 am +2,Qatar Airways,SAN‐HKT,27h55m,2,"SEA, DOH",11:40 am – 11:58 pm,Singapore Airlines,HKT‐SAN,26h18m,2,"SIN, SFO",3105,20220406-1332,fast
4:15 pm – 9:35 am +2,Singapore Airlines,SAN‐HKT,27h20m,2,"SFO, SIN",10:25 am – 11:58 pm,Singapore Airlines,HKT‐SAN,27h33m,2,"SIN, SFO",7647,20220406-1332,fast
2:35 pm – 9:35 am +2,"Delta, Singapore Airlines",SAN‐HKT,29h00m,2,"LAX, SIN",11:40 am – 11:58 pm,Singapore Airlines,HKT‐SAN,26h18m,2,"SIN, SFO",6259,20220406-1332,fast
11:53 am – 6:55 am +2,Qatar Airways,SAN‐HKT,29h02m,2,"SEA, DOH",11:40 am – 11:58 pm,Singapore Airlines,HKT‐SAN,26h18m,2,"SIN, SFO",3166,20220406-1332,fast
1:00 pm – 6:55 am +2,Qatar Airways,SAN‐HKT,27h55m,2,"SEA, DOH",10:25 am – 11:58 pm,Singapore Airlines,HKT‐SAN,27h33m,2,"SIN, SFO",3124,20220406-1332,fast
5:25 pm – 3:05 pm +2,"Lufthansa, Thai Airways",SAN‐HKT,31h40m,2,"MUC, LHR",11:40 am – 11:58 pm,Singapore Airlines,HKT‐SAN,26h18m,2,"SIN, SFO",3321,20220406-1332,fast
1:15 pm – 10:55 am +2,Multiple Airlines,SAN‐HKT,31h40m,3,"NRT, HAN, ...",10:00 pm – 11:15 am +1,"Nok Air, Japan Airlines",HKT‐SAN,27h15m,2,"DMK-BKK, NRT",2135,20220406-1332,fast
7:00 pm – 1:15 pm +2,"British Airways, Qatar Airways",SAN‐HKT,28h15m,2,"LHR, DOH",9:05 pm – 1:48 pm +1,"Qatar Airways, American Airlines",HKT‐SAN,30h43m,2,"DOH, DFW",2899,20220406-1332,fast
7:00 pm – 1:15 pm +2,"British Airways, Qatar Airways",SAN‐HKT,28h15m,2,"LHR, DOH",9:05 pm – 1:48 pm +1,"Qatar Airways, American Airlines",HKT‐SAN,30h43m,2,"DOH, DFW",2899,20220406-1332,fast
8:15 am – 6:55 am +2,Qatar Airways,SAN‐HKT,32h40m,2,"SFO, DOH",11:40 am – 11:58 pm,Singapore Airlines,HKT‐SAN,26h18m,2,"SIN, SFO",3029,20220406-1332,fast
1:00 pm – 6:55 am +2,"Alaska Airlines, Qatar Airways",SAN‐HKT,27h55m,2,"SEA, DOH",11:55 pm – 5:06 pm +1,"Qatar Airways, Alaska Airlines",HKT‐SAN,31h11m,2,"DOH, SEA",1992,20220406-1332,fast
7:00 pm – 1:15 pm +2,"British Airways, Qatar Airways",SAN‐HKT,28h15m,2,"LHR, DOH",11:55 pm – 5:05 pm +1,"Qatar Airways, British Airways",HKT‐SAN,31h10m,2,"DOH, LHR",3464,20220406-1332,fast
7:00 pm – 1:15 pm +2,"British Airways, Qatar Airways",SAN‐HKT,28h15m,2,"LHR, DOH",11:55 pm – 5:05 pm +1,"Qatar Airways, British Airways",HKT‐SAN,31h10m,2,"DOH, LHR",3464,20220406-1332,fast
1:00 pm – 6:55 am +2,"Alaska Airlines, Qatar Airways",SAN‐HKT,27h55m,2,"SEA, DOH",11:55 pm – 5:42 pm +1,"Qatar Airways, Alaska Airlines",HKT‐SAN,31h47m,2,"DOH, SFO",2008,20220406-1332,fast
