Out Time,Out Airline,Out Cities,Out Duration,Out Stops,Out Stop Cities,Return Time,Return Airline,Return Cities,Return Duration,Return Stops,Return Stop Cities,Price,timestamp,sort
6:25 am – 9:35 am +2,Singapore Airlines,SAN‐HKT,37h10m,2,"SFO, SIN",8:10 pm – 2:17 pm +1,Singapore Airlines,HKT‐SAN,32h07m,2,"SIN, SFO",814,20220409-2125,cheap
6:25 am – 10:50 am +2,Singapore Airlines,SAN‐HKT,38h25m,2,"SFO, SIN",8:10 pm – 2:17 pm +1,Singapore Airlines,HKT‐SAN,32h07m,2,"SIN, SFO",814,20220409-2125,cheap
6:25 am – 9:35 am +2,Singapore Airlines,SAN‐HKT,37h10m,2,"SFO, SIN",6:10 pm – 2:17 pm +1,Singapore Airlines,HKT‐SAN,34h07m,2,"SIN, SFO",814,20220409-2125,cheap
6:25 am – 10:50 am +2,Singapore Airlines,SAN‐HKT,38h25m,2,"SFO, SIN",6:10 pm – 2:17 pm +1,Singapore Airlines,HKT‐SAN,34h07m,2,"SIN, SFO",814,20220409-2125,cheap
6:25 am – 9:35 am +2,Singapore Airlines,SAN‐HKT,37h10m,2,"SFO, SIN",11:40 am – 2:17 pm +1,Singapore Airlines,HKT‐SAN,40h37m,2,"SIN, SFO",814,20220409-2125,cheap
6:25 am – 10:50 am +2,Singapore Airlines,SAN‐HKT,38h25m,2,"SFO, SIN",11:40 am – 2:17 pm +1,Singapore Airlines,HKT‐SAN,40h37m,2,"SIN, SFO",814,20220409-2125,cheap
6:25 am – 9:35 am +2,Singapore Airlines,SAN‐HKT,37h10m,2,"SFO, SIN",8:10 pm – 11:22 pm +1,Singapore Airlines,HKT‐SAN,41h12m,2,"SIN, SFO",820,20220409-2125,cheap
6:25 am – 10:50 am +2,Singapore Airlines,SAN‐HKT,38h25m,2,"SFO, SIN",8:10 pm – 11:22 pm +1,Singapore Airlines,HKT‐SAN,41h12m,2,"SIN, SFO",820,20220409-2125,cheap
6:25 am – 5:10 pm +2,Singapore Airlines,SAN‐HKT,44h45m,2,"SFO, SIN",8:10 pm – 2:17 pm +1,Singapore Airlines,HKT‐SAN,32h07m,2,"SIN, SFO",821,20220409-2125,cheap
6:25 am – 5:10 pm +2,Singapore Airlines,SAN‐HKT,44h45m,2,"SFO, SIN",6:10 pm – 2:17 pm +1,Singapore Airlines,HKT‐SAN,34h07m,2,"SIN, SFO",821,20220409-2125,cheap
6:25 am – 7:20 pm +2,Singapore Airlines,SAN‐HKT,46h55m,2,"SFO, SIN",8:10 pm – 2:17 pm +1,Singapore Airlines,HKT‐SAN,32h07m,2,"SIN, SFO",821,20220409-2125,cheap
6:25 am – 9:35 am +2,Singapore Airlines,SAN‐HKT,37h10m,2,"SFO, SIN",10:25 am – 2:17 pm +1,Singapore Airlines,HKT‐SAN,41h52m,2,"SIN, SFO",821,20220409-2125,cheap
6:25 am – 10:50 am +2,Singapore Airlines,SAN‐HKT,38h25m,2,"SFO, SIN",10:25 am – 2:17 pm +1,Singapore Airlines,HKT‐SAN,41h52m,2,"SIN, SFO",821,20220409-2125,cheap
6:25 am – 7:20 pm +2,Singapore Airlines,SAN‐HKT,46h55m,2,"SFO, SIN",6:10 pm – 2:17 pm +1,Singapore Airlines,HKT‐SAN,34h07m,2,"SIN, SFO",821,20220409-2125,cheap
6:25 am – 5:10 pm +2,Singapore Airlines,SAN‐HKT,44h45m,2,"SFO, SIN",11:40 am – 2:17 pm +1,Singapore Airlines,HKT‐SAN,40h37m,2,"SIN, SFO",821,20220409-2125,cheap
6:25 am – 9:35 am +2,Singapore Airlines,SAN‐HKT,37h10m,2,"SFO, SIN",8:10 pm – 2:17 pm +1,Singapore Airlines,HKT‐SAN,32h07m,2,"SIN, SFO",814,20220409-2122,best
6:25 am – 10:50 am +2,Singapore Airlines,SAN‐HKT,38h25m,2,"SFO, SIN",8:10 pm – 2:17 pm +1,Singapore Airlines,HKT‐SAN,32h07m,2,"SIN, SFO",814,20220409-2122,best
6:25 am – 9:35 am +2,Singapore Airlines,SAN‐HKT,37h10m,2,"SFO, SIN",6:10 pm – 2:17 pm +1,Singapore Airlines,HKT‐SAN,34h07m,2,"SIN, SFO",814,20220409-2122,best
6:25 am – 9:35 am +2,"Alaska Airlines, Singapore Airlines",SAN‐HKT,37h10m,2,"SFO, SIN",8:10 pm – 3:47 pm +1,"Singapore Airlines, Alaska Airlines",HKT‐SAN,33h37m,2,"SIN, SFO",826,20220409-2122,best
6:25 am – 10:50 am +2,Singapore Airlines,SAN‐HKT,38h25m,2,"SFO, SIN",6:10 pm – 2:17 pm +1,Singapore Airlines,HKT‐SAN,34h07m,2,"SIN, SFO",814,20220409-2122,best
6:25 am – 5:10 pm +2,Singapore Airlines,SAN‐HKT,44h45m,2,"SFO, SIN",8:10 pm – 2:17 pm +1,Singapore Airlines,HKT‐SAN,32h07m,2,"SIN, SFO",821,20220409-2122,best
6:25 am – 9:35 am +2,Singapore Airlines,SAN‐HKT,37h10m,2,"SFO, SIN",11:40 am – 2:17 pm +1,Singapore Airlines,HKT‐SAN,40h37m,2,"SIN, SFO",814,20220409-2122,best
6:25 am – 9:35 am +2,Singapore Airlines,SAN‐HKT,37h10m,2,"SFO, SIN",8:10 pm – 11:22 pm +1,Singapore Airlines,HKT‐SAN,41h12m,2,"SIN, SFO",820,20220409-2122,best
6:25 am – 10:50 am +2,Singapore Airlines,SAN‐HKT,38h25m,2,"SFO, SIN",11:40 am – 2:17 pm +1,Singapore Airlines,HKT‐SAN,40h37m,2,"SIN, SFO",814,20220409-2122,best
6:25 am – 5:10 pm +2,Singapore Airlines,SAN‐HKT,44h45m,2,"SFO, SIN",6:10 pm – 2:17 pm +1,Singapore Airlines,HKT‐SAN,34h07m,2,"SIN, SFO",821,20220409-2122,best
6:25 am – 7:20 pm +2,Singapore Airlines,SAN‐HKT,46h55m,2,"SFO, SIN",8:10 pm – 2:17 pm +1,Singapore Airlines,HKT‐SAN,32h07m,2,"SIN, SFO",821,20220409-2122,best
6:25 am – 9:35 am +2,Singapore Airlines,SAN‐HKT,37h10m,2,"SFO, SIN",10:25 am – 2:17 pm +1,Singapore Airlines,HKT‐SAN,41h52m,2,"SIN, SFO",821,20220409-2122,best
6:25 am – 10:50 am +2,Singapore Airlines,SAN‐HKT,38h25m,2,"SFO, SIN",8:10 pm – 11:22 pm +1,Singapore Airlines,HKT‐SAN,41h12m,2,"SIN, SFO",820,20220409-2122,best
5:15 pm – 9:35 am +3,Singapore Airlines,SAN‐HKT,50h20m,2,"SFO, SIN",8:10 pm – 2:17 pm +1,Singapore Airlines,HKT‐SAN,32h07m,2,"SIN, SFO",826,20220409-2122,best
6:25 am – 10:50 am +2,Singapore Airlines,SAN‐HKT,38h25m,2,"SFO, SIN",10:25 am – 2:17 pm +1,Singapore Airlines,HKT‐SAN,41h52m,2,"SIN, SFO",821,20220409-2122,best
8:00 am – 12:10 am +2,"Air Canada, Asiana Airlines",SAN‐HKT,26h10m,2,"YVR, ICN",11:40 am – 11:47 pm,Singapore Airlines,HKT‐SAN,26h07m,2,"SIN, SFO",2393,20220409-2128,fast
5:15 pm – 9:35 am +2,Singapore Airlines,SAN‐HKT,26h20m,2,"SFO, SIN",11:40 am – 11:47 pm,Singapore Airlines,HKT‐SAN,26h07m,2,"SIN, SFO",1879,20220409-2128,fast
7:20 am – 12:10 am +2,"Korean Air, Asiana Airlines",SAN‐HKT,26h50m,2,"SEA, ICN",11:40 am – 11:47 pm,Singapore Airlines,HKT‐SAN,26h07m,2,"SIN, SFO",4738,20220409-2128,fast
8:00 am – 12:10 am +2,"Air Canada, Asiana Airlines",SAN‐HKT,26h10m,2,"YVR, ICN",1:30 am – 2:35 pm,"Asiana Airlines, Korean Air",HKT‐SAN,27h05m,2,"ICN, LAX",6458,20220409-2128,fast
8:00 am – 12:10 am +2,United Airlines,SAN‐HKT,26h10m,2,"SFO, ICN",1:30 am – 2:58 pm,United Airlines,HKT‐SAN,27h28m,2,"ICN, SFO",7002,20220409-2128,fast
5:15 pm – 10:50 am +2,Singapore Airlines,SAN‐HKT,27h35m,2,"SFO, SIN",11:40 am – 11:47 pm,Singapore Airlines,HKT‐SAN,26h07m,2,"SIN, SFO",1879,20220409-2128,fast
5:15 pm – 9:35 am +2,Singapore Airlines,SAN‐HKT,26h20m,2,"SFO, SIN",10:25 am – 11:47 pm,Singapore Airlines,HKT‐SAN,27h22m,2,"SIN, SFO",1879,20220409-2128,fast
6:35 am – 12:10 am +2,"Korean Air, Asiana Airlines",SAN‐HKT,27h35m,2,"LAX, ICN",11:40 am – 11:47 pm,Singapore Airlines,HKT‐SAN,26h07m,2,"SIN, SFO",4738,20220409-2128,fast
6:29 am – 12:10 am +2,Asiana Airlines,SAN‐HKT,27h41m,2,"LAX, ICN",1:30 am – 1:33 pm,Asiana Airlines,HKT‐SAN,26h03m,2,"ICN, LAX",1400,20220409-2128,fast
9:00 pm – 2:00 pm +2,"Alaska Airlines, EVA Air",SAN‐HKT,27h00m,3,"SFO, TPE, ...",8:15 am – 9:41 pm,Multiple Airlines,HKT‐SAN,27h26m,3,"BKK, TPE, ...",1668,20220409-2128,fast
9:00 pm – 2:00 pm +2,"Alaska Airlines, EVA Air",SAN‐HKT,27h00m,3,"SFO, TPE, ...",8:15 am – 9:41 pm,Multiple Airlines,HKT‐SAN,27h26m,3,"BKK, TPE, ...",1668,20220409-2128,fast
3:10 pm – 9:35 am +2,Singapore Airlines,SAN‐HKT,28h25m,2,"SFO, SIN",11:40 am – 11:47 pm,Singapore Airlines,HKT‐SAN,26h07m,2,"SIN, SFO",1879,20220409-2128,fast
5:15 pm – 10:50 am +2,Singapore Airlines,SAN‐HKT,27h35m,2,"SFO, SIN",10:25 am – 11:47 pm,Singapore Airlines,HKT‐SAN,27h22m,2,"SIN, SFO",1879,20220409-2128,fast
8:00 am – 12:10 am +2,United Airlines,SAN‐HKT,26h10m,2,"SFO, ICN",1:30 am – 4:30 pm,United Airlines,HKT‐SAN,29h00m,2,"ICN, SFO",7002,20220409-2128,fast
6:15 am – 12:10 am +2,United Airlines,SAN‐HKT,27h55m,2,"SFO, ICN",1:30 am – 2:58 pm,United Airlines,HKT‐SAN,27h28m,2,"ICN, SFO",7002,20220409-2128,fast
