Out Time,Out Airline,Out Cities,Out Duration,Out Stops,Out Stop Cities,Return Time,Return Airline,Return Cities,Return Duration,Return Stops,Return Stop Cities,Price,timestamp,sort
8:45 pm – 7:20 pm +2,"Alaska Airlines, Singapore Airlines",SAN‐HKT,32h35m,2,"SEA, SIN",9:00 am – 3:50 pm +1,Multiple Airlines,HKT‐SAN,44h50m,3,"BKK, MNL, ...",1260,20220406-1539,cheap
8:45 pm – 7:20 pm +2,"Alaska Airlines, Singapore Airlines",SAN‐HKT,32h35m,2,"SEA, SIN",8:00 pm – 2:50 pm +1,Multiple Airlines,HKT‐SAN,32h50m,3,"BKK, NRT, ...",1303,20220406-1539,cheap
8:45 pm – 7:20 pm +2,"Alaska Airlines, Singapore Airlines",SAN‐HKT,32h35m,2,"SEA, SIN",10:20 pm – 11:07 pm +1,"Jetstar, Alaska Airlines",HKT‐SAN,38h47m,2,"SYD, HNL",1352,20220406-1539,cheap
8:45 pm – 7:20 pm +2,"Alaska Airlines, Singapore Airlines",SAN‐HKT,32h35m,2,"SEA, SIN",11:15 pm – 11:49 pm +1,Multiple Airlines,HKT‐SAN,38h34m,3,"BKK, MNL, ...",1360,20220406-1539,cheap
8:45 pm – 7:20 pm +2,"Alaska Airlines, Singapore Airlines",SAN‐HKT,32h35m,2,"SEA, SIN",9:00 am – 11:58 pm,Multiple Airlines,HKT‐SAN,28h58m,3,"BKK, MNL, ...",1425,20220406-1539,cheap
1:23 pm – 7:20 pm +2,Multiple Airlines,SAN‐HKT,39h57m,3,"LAS, SEA, ...",9:00 am – 11:58 pm,Multiple Airlines,HKT‐SAN,28h58m,3,"BKK, MNL, ...",1429,20220406-1539,cheap
8:45 pm – 7:20 pm +2,"Alaska Airlines, Singapore Airlines",SAN‐HKT,32h35m,2,"SEA, SIN",11:40 am – 7:42 am +1,Multiple Airlines,HKT‐SAN,34h02m,3,"SIN, LAX, ...",1440,20220406-1539,cheap
8:45 pm – 7:20 pm +2,"Alaska Airlines, Singapore Airlines",SAN‐HKT,32h35m,2,"SEA, SIN",11:55 am – 11:58 pm,Multiple Airlines,HKT‐SAN,26h03m,3,"SGN, TPE, ...",1482,20220406-1539,cheap
1:23 pm – 7:20 pm +2,Multiple Airlines,SAN‐HKT,39h57m,3,"LAS, SEA, ...",11:55 am – 11:58 pm,Multiple Airlines,HKT‐SAN,26h03m,3,"SGN, TPE, ...",1486,20220406-1539,cheap
8:45 pm – 7:20 pm +2,"Alaska Airlines, Singapore Airlines",SAN‐HKT,32h35m,2,"SEA, SIN",11:55 am – 7:42 am +1,Multiple Airlines,HKT‐SAN,33h47m,3,"SGN, TPE, ...",1487,20220406-1539,cheap
8:45 pm – 7:20 pm +2,"Alaska Airlines, Singapore Airlines",SAN‐HKT,32h35m,2,"SEA, SIN",8:00 pm – 3:02 pm +1,Multiple Airlines,HKT‐SAN,33h02m,3,"BKK, ICN, ...",1505,20220406-1539,cheap
8:45 pm – 7:20 pm +2,"Alaska Airlines, Singapore Airlines",SAN‐HKT,32h35m,2,"SEA, SIN",11:15 pm – 3:02 pm +1,Multiple Airlines,HKT‐SAN,29h47m,3,"BKK, NRT, ...",1532,20220406-1539,cheap
8:45 pm – 7:20 pm +2,"Alaska Airlines, Singapore Airlines",SAN‐HKT,32h35m,2,"SEA, SIN",11:15 pm – 4:32 pm +1,Multiple Airlines,HKT‐SAN,31h17m,3,"BKK, NRT, ...",1553,20220406-1539,cheap
6:30 pm – 7:10 pm +2,"Alaska Airlines, Singapore Airlines",SAN‐HKT,34h40m,3,"SEA, YVR, ...",9:00 am – 11:58 pm,Multiple Airlines,HKT‐SAN,28h58m,3,"BKK, MNL, ...",1602,20220406-1539,cheap
10:15 pm – 7:20 pm +2,"Alaska Airlines, Singapore Airlines",SAN‐HKT,31h05m,3,"SMF, SEA, ...",9:00 am – 11:58 pm,Multiple Airlines,HKT‐SAN,28h58m,3,"BKK, MNL, ...",1617,20220406-1539,cheap
8:45 pm – 7:20 pm +2,Singapore Airlines,SAN‐HKT,32h35m,2,"SEA, SIN",8:10 pm – 1:32 pm +1,Singapore Airlines,HKT‐SAN,31h22m,2,"SIN, SFO",1793,20220406-1536,best
8:45 pm – 7:20 pm +2,"Alaska Airlines, Singapore Airlines",SAN‐HKT,32h35m,2,"SEA, SIN",9:00 am – 3:50 pm +1,Multiple Airlines,HKT‐SAN,44h50m,3,"BKK, MNL, ...",1260,20220406-1536,best
8:45 pm – 7:20 pm +2,Singapore Airlines,SAN‐HKT,32h35m,2,"SEA, SIN",6:10 pm – 1:32 pm +1,Singapore Airlines,HKT‐SAN,33h22m,2,"SIN, SFO",1793,20220406-1536,best
8:45 pm – 7:20 pm +2,Singapore Airlines,SAN‐HKT,32h35m,2,"SEA, SIN",8:10 pm – 3:02 pm +1,Singapore Airlines,HKT‐SAN,32h52m,2,"SIN, SFO",1793,20220406-1536,best
8:45 pm – 7:20 pm +2,Singapore Airlines,SAN‐HKT,32h35m,2,"SEA, SIN",11:40 am – 11:58 pm,Singapore Airlines,HKT‐SAN,26h18m,2,"SIN, SFO",2145,20220406-1536,best
8:45 pm – 7:20 pm +2,Singapore Airlines,SAN‐HKT,32h35m,2,"SEA, SIN",6:10 pm – 3:02 pm +1,Singapore Airlines,HKT‐SAN,34h52m,2,"SIN, SFO",1793,20220406-1536,best
1:00 pm – 6:55 am +2,Qatar Airways,SAN‐HKT,27h55m,2,"SEA, DOH",11:55 pm – 7:58 pm +1,Qatar Airways,HKT‐SAN,34h03m,2,"DOH, SEA",2148,20220406-1536,best
8:45 pm – 7:20 pm +2,Singapore Airlines,SAN‐HKT,32h35m,2,"SEA, SIN",11:40 am – 1:32 pm +1,Singapore Airlines,HKT‐SAN,39h52m,2,"SIN, SFO",1793,20220406-1536,best
1:00 pm – 6:55 am +2,Qatar Airways,SAN‐HKT,27h55m,2,"SEA, DOH",11:55 pm – 6:52 pm +1,Qatar Airways,HKT‐SAN,32h57m,2,"DOH, SFO",2221,20220406-1536,best
3:45 pm – 7:20 pm +2,"Alaska Airlines, Singapore Airlines",SAN‐HKT,37h35m,2,"SEA, SIN",8:10 pm – 1:32 pm +1,Singapore Airlines,HKT‐SAN,31h22m,2,"SIN, SFO",1954,20220406-1536,best
11:55 am – 6:55 am +2,Qatar Airways,SAN‐HKT,29h00m,2,"SEA, DOH",11:55 pm – 7:58 pm +1,Qatar Airways,HKT‐SAN,34h03m,2,"DOH, SEA",2148,20220406-1536,best
11:55 am – 6:55 am +2,Qatar Airways,SAN‐HKT,29h00m,2,"SEA, DOH",11:55 pm – 6:52 pm +1,Qatar Airways,HKT‐SAN,32h57m,2,"DOH, SFO",2221,20220406-1536,best
11:55 am – 12:30 pm +2,"Alaska Airlines, Emirates",SAN‐HKT,34h35m,2,"SEA, DXB",12:10 am – 5:42 pm,"Emirates, Alaska Airlines",HKT‐SAN,31h32m,2,"DXB, SFO",2020,20220406-1536,best
8:45 pm – 7:20 pm +2,"Alaska Airlines, Singapore Airlines",SAN‐HKT,32h35m,2,"SEA, SIN",11:55 am – 11:58 pm,Multiple Airlines,HKT‐SAN,26h03m,3,"SGN, TPE, ...",1482,20220406-1536,best
3:45 pm – 7:20 pm +2,"Alaska Airlines, Singapore Airlines",SAN‐HKT,37h35m,2,"SEA, SIN",8:10 pm – 3:02 pm +1,Singapore Airlines,HKT‐SAN,32h52m,2,"SIN, SFO",1954,20220406-1536,best
1:00 pm – 6:55 am +2,"Alaska Airlines, Qatar Airways",SAN‐HKT,27h55m,2,"SEA, DOH",11:55 pm – 6:23 pm +1,"Qatar Airways, Alaska Airlines",HKT‐SAN,32h28m,2,"DOH, SEA",2334,20220406-1536,best
6:05 pm – 9:35 am +2,Singapore Airlines,SAN‐HKT,25h30m,2,"SFO, SIN",11:40 am – 11:58 pm,Singapore Airlines,HKT‐SAN,26h18m,2,"SIN, SFO",3010,20220406-1541,fast
6:05 pm – 10:50 am +2,Singapore Airlines,SAN‐HKT,26h45m,2,"SFO, SIN",11:40 am – 11:58 pm,Singapore Airlines,HKT‐SAN,26h18m,2,"SIN, SFO",3052,20220406-1541,fast
6:05 pm – 9:35 am +2,Singapore Airlines,SAN‐HKT,25h30m,2,"SFO, SIN",10:25 am – 11:58 pm,Singapore Airlines,HKT‐SAN,27h33m,2,"SIN, SFO",3052,20220406-1541,fast
1:00 pm – 6:55 am +2,Qatar Airways,SAN‐HKT,27h55m,2,"SEA, DOH",11:40 am – 11:58 pm,Singapore Airlines,HKT‐SAN,26h18m,2,"SIN, SFO",2820,20220406-1541,fast
6:05 pm – 10:50 am +2,Singapore Airlines,SAN‐HKT,26h45m,2,"SFO, SIN",10:25 am – 11:58 pm,Singapore Airlines,HKT‐SAN,27h33m,2,"SIN, SFO",3052,20220406-1541,fast
3:15 pm – 9:35 am +2,"Delta, Singapore Airlines",SAN‐HKT,28h20m,2,"LAX, SIN",11:40 am – 11:58 pm,Singapore Airlines,HKT‐SAN,26h18m,2,"SIN, SFO",2767,20220406-1541,fast
11:55 am – 6:55 am +2,Qatar Airways,SAN‐HKT,29h00m,2,"SEA, DOH",11:40 am – 11:58 pm,Singapore Airlines,HKT‐SAN,26h18m,2,"SIN, SFO",2820,20220406-1541,fast
1:00 pm – 6:55 am +2,Qatar Airways,SAN‐HKT,27h55m,2,"SEA, DOH",10:25 am – 11:58 pm,Singapore Airlines,HKT‐SAN,27h33m,2,"SIN, SFO",2820,20220406-1541,fast
11:55 am – 6:55 am +2,Qatar Airways,SAN‐HKT,29h00m,2,"SEA, DOH",10:25 am – 11:58 pm,Singapore Airlines,HKT‐SAN,27h33m,2,"SIN, SFO",2820,20220406-1541,fast
6:05 pm – 9:35 am +2,Singapore Airlines,SAN‐HKT,25h30m,2,"SFO, SIN",8:10 pm – 1:32 pm +1,Singapore Airlines,HKT‐SAN,31h22m,2,"SIN, SFO",2686,20220406-1541,fast
10:15 pm – 7:20 pm +2,"Alaska Airlines, Singapore Airlines",SAN‐HKT,31h05m,3,"SMF, SEA, ...",11:55 am – 11:58 pm,Multiple Airlines,HKT‐SAN,26h03m,3,"SGN, TPE, ...",1673,20220406-1541,fast
4:00 pm – 1:15 pm +2,Qatar Airways,SAN‐HKT,31h15m,2,"DFW, DOH",11:40 am – 11:58 pm,Singapore Airlines,HKT‐SAN,26h18m,2,"SIN, SFO",3335,20220406-1541,fast
6:05 pm – 10:50 am +2,Singapore Airlines,SAN‐HKT,26h45m,2,"SFO, SIN",8:10 pm – 1:32 pm +1,Singapore Airlines,HKT‐SAN,31h22m,2,"SIN, SFO",2686,20220406-1541,fast
9:05 am – 6:55 am +2,"Alaska Airlines, Qatar Airways",SAN‐HKT,31h50m,2,"EWR-JFK, DOH",11:40 am – 11:58 pm,Singapore Airlines,HKT‐SAN,26h18m,2,"SIN, SFO",2276,20220406-1541,fast
6:05 pm – 9:35 am +2,Singapore Airlines,SAN‐HKT,25h30m,2,"SFO, SIN",8:10 pm – 3:02 pm +1,Singapore Airlines,HKT‐SAN,32h52m,2,"SIN, SFO",2686,20220406-1541,fast
