Out Time,Out Airline,Out Cities,Out Duration,Out Stops,Out Stop Cities,Return Time,Return Airline,Return Cities,Return Duration,Return Stops,Return Stop Cities,Price,timestamp,sort
8:45 pm – 9:35 am +3,Singapore Airlines,SAN‐HKT,46h50m,2,"SEA, SIN",8:10 pm – 2:45 pm +1,Singapore Airlines,HKT‐SAN,32h35m,2,"SIN, SEA",1433,20220406-1459,cheap
8:45 pm – 10:50 am +3,Singapore Airlines,SAN‐HKT,48h05m,2,"SEA, SIN",8:10 pm – 2:45 pm +1,Singapore Airlines,HKT‐SAN,32h35m,2,"SIN, SEA",1433,20220406-1459,cheap
8:45 pm – 9:35 am +3,Singapore Airlines,SAN‐HKT,46h50m,2,"SEA, SIN",6:10 pm – 2:45 pm +1,Singapore Airlines,HKT‐SAN,34h35m,2,"SIN, SEA",1433,20220406-1459,cheap
8:45 pm – 10:50 am +3,Singapore Airlines,SAN‐HKT,48h05m,2,"SEA, SIN",6:10 pm – 2:45 pm +1,Singapore Airlines,HKT‐SAN,34h35m,2,"SIN, SEA",1433,20220406-1459,cheap
8:45 pm – 5:10 pm +3,Singapore Airlines,SAN‐HKT,54h25m,2,"SEA, SIN",8:10 pm – 2:45 pm +1,Singapore Airlines,HKT‐SAN,32h35m,2,"SIN, SEA",1433,20220406-1459,cheap
8:45 pm – 9:35 am +3,Singapore Airlines,SAN‐HKT,46h50m,2,"SEA, SIN",11:40 am – 2:45 pm +1,Singapore Airlines,HKT‐SAN,41h05m,2,"SIN, SEA",1433,20220406-1459,cheap
8:45 pm – 5:10 pm +3,Singapore Airlines,SAN‐HKT,54h25m,2,"SEA, SIN",6:10 pm – 2:45 pm +1,Singapore Airlines,HKT‐SAN,34h35m,2,"SIN, SEA",1433,20220406-1459,cheap
8:45 pm – 7:20 pm +2,"Alaska Airlines, Singapore Airlines",SAN‐HKT,32h35m,2,"SEA, SIN",9:00 am – 1:50 am +1,Multiple Airlines,HKT‐SAN,30h50m,3,"BKK, MNL, ...",1462,20220406-1459,cheap
8:45 pm – 7:20 pm +2,Singapore Airlines,SAN‐HKT,32h35m,2,"SEA, SIN",8:10 pm – 2:45 pm +1,Singapore Airlines,HKT‐SAN,32h35m,2,"SIN, SEA",1594,20220406-1459,cheap
8:45 pm – 7:20 pm +2,Singapore Airlines,SAN‐HKT,32h35m,2,"SEA, SIN",6:10 pm – 2:45 pm +1,Singapore Airlines,HKT‐SAN,34h35m,2,"SIN, SEA",1594,20220406-1459,cheap
8:45 pm – 7:20 pm +2,Singapore Airlines,SAN‐HKT,32h35m,2,"SEA, SIN",11:40 am – 2:45 pm +1,Singapore Airlines,HKT‐SAN,41h05m,2,"SIN, SEA",1594,20220406-1459,cheap
8:45 pm – 7:20 pm +2,Singapore Airlines,SAN‐HKT,32h35m,2,"SEA, SIN",10:25 am – 2:45 pm +1,Singapore Airlines,HKT‐SAN,42h20m,2,"SIN, SEA",1594,20220406-1459,cheap
8:45 pm – 7:20 pm +2,"Alaska Airlines, Singapore Airlines",SAN‐HKT,32h35m,2,"SEA, SIN",9:00 am – 11:58 pm,Multiple Airlines,HKT‐SAN,28h58m,3,"BKK, MNL, ...",1621,20220406-1459,cheap
8:45 pm – 7:20 pm +2,Singapore Airlines,SAN‐HKT,32h35m,2,"SEA, SIN",8:10 pm – 5:42 pm +1,"Singapore Airlines, Alaska Airlines",HKT‐SAN,35h32m,2,"SIN, SFO",1646,20220406-1459,cheap
1:15 pm – 10:55 am +2,Multiple Airlines,SAN‐HKT,31h40m,3,"NRT, HAN, ...",9:00 am – 11:58 pm,Multiple Airlines,HKT‐SAN,28h58m,3,"BKK, MNL, ...",1675,20220406-1459,cheap
8:45 pm – 7:20 pm +2,Singapore Airlines,SAN‐HKT,32h35m,2,"SEA, SIN",8:10 pm – 2:45 pm +1,Singapore Airlines,HKT‐SAN,32h35m,2,"SIN, SEA",1594,20220406-1457,best
8:45 pm – 9:35 am +3,Singapore Airlines,SAN‐HKT,46h50m,2,"SEA, SIN",8:10 pm – 2:45 pm +1,Singapore Airlines,HKT‐SAN,32h35m,2,"SIN, SEA",1433,20220406-1457,best
8:45 pm – 7:20 pm +2,Singapore Airlines,SAN‐HKT,32h35m,2,"SEA, SIN",6:10 pm – 2:45 pm +1,Singapore Airlines,HKT‐SAN,34h35m,2,"SIN, SEA",1594,20220406-1457,best
8:45 pm – 7:20 pm +2,Singapore Airlines,SAN‐HKT,32h35m,2,"SEA, SIN",8:10 pm – 5:42 pm +1,"Singapore Airlines, Alaska Airlines",HKT‐SAN,35h32m,2,"SIN, SFO",1646,20220406-1457,best
6:05 pm – 9:35 am +2,Singapore Airlines,SAN‐HKT,25h30m,2,"SFO, SIN",8:10 pm – 1:23 pm +1,Singapore Airlines,HKT‐SAN,31h13m,2,"SIN, SFO",2424,20220406-1457,best
8:45 pm – 7:20 pm +2,Singapore Airlines,SAN‐HKT,32h35m,2,"SEA, SIN",8:10 pm – 1:23 pm +1,Singapore Airlines,HKT‐SAN,31h13m,2,"SIN, SFO",2058,20220406-1457,best
6:05 pm – 9:35 am +2,Singapore Airlines,SAN‐HKT,25h30m,2,"SFO, SIN",8:10 pm – 2:45 pm +1,Singapore Airlines,HKT‐SAN,32h35m,2,"SIN, SEA",2399,20220406-1457,best
1:00 pm – 6:55 am +2,"Alaska Airlines, Qatar Airways",SAN‐HKT,27h55m,2,"SEA, DOH",11:55 pm – 5:42 pm +1,"Qatar Airways, Alaska Airlines",HKT‐SAN,31h47m,2,"DOH, SFO",2205,20220406-1457,best
6:05 pm – 9:35 am +2,Singapore Airlines,SAN‐HKT,25h30m,2,"SFO, SIN",6:10 pm – 1:23 pm +1,Singapore Airlines,HKT‐SAN,33h13m,2,"SIN, SFO",2424,20220406-1457,best
4:15 pm – 9:35 am +2,Singapore Airlines,SAN‐HKT,27h20m,2,"SFO, SIN",8:10 pm – 1:23 pm +1,Singapore Airlines,HKT‐SAN,31h13m,2,"SIN, SFO",2424,20220406-1457,best
6:05 pm – 9:35 am +2,Singapore Airlines,SAN‐HKT,25h30m,2,"SFO, SIN",8:10 pm – 4:02 pm +1,Singapore Airlines,HKT‐SAN,33h52m,2,"SIN, SFO",2424,20220406-1457,best
8:45 pm – 7:20 pm +2,Singapore Airlines,SAN‐HKT,32h35m,2,"SEA, SIN",6:10 pm – 1:23 pm +1,Singapore Airlines,HKT‐SAN,33h13m,2,"SIN, SFO",2058,20220406-1457,best
8:45 pm – 7:20 pm +2,Singapore Airlines,SAN‐HKT,32h35m,2,"SEA, SIN",11:40 am – 2:45 pm +1,Singapore Airlines,HKT‐SAN,41h05m,2,"SIN, SEA",1594,20220406-1457,best
6:05 pm – 9:35 am +2,Singapore Airlines,SAN‐HKT,25h30m,2,"SFO, SIN",6:10 pm – 2:45 pm +1,Singapore Airlines,HKT‐SAN,34h35m,2,"SIN, SEA",2399,20220406-1457,best
4:15 pm – 9:35 am +2,Singapore Airlines,SAN‐HKT,27h20m,2,"SFO, SIN",8:10 pm – 2:45 pm +1,Singapore Airlines,HKT‐SAN,32h35m,2,"SIN, SEA",2399,20220406-1457,best
11:55 am – 6:55 am +2,"Alaska Airlines, Qatar Airways",SAN‐HKT,29h00m,2,"SEA, DOH",11:55 pm – 5:42 pm +1,"Qatar Airways, Alaska Airlines",HKT‐SAN,31h47m,2,"DOH, SFO",2205,20220406-1457,best
6:05 pm – 9:35 am +2,Singapore Airlines,SAN‐HKT,25h30m,2,"SFO, SIN",11:40 am – 11:58 pm,Singapore Airlines,HKT‐SAN,26h18m,2,"SIN, SFO",3434,20220406-1502,fast
6:05 pm – 9:35 am +2,Singapore Airlines,SAN‐HKT,25h30m,2,"SFO, SIN",10:25 am – 11:58 pm,Singapore Airlines,HKT‐SAN,27h33m,2,"SIN, SFO",3434,20220406-1502,fast
6:05 pm – 10:50 am +2,Singapore Airlines,SAN‐HKT,26h45m,2,"SFO, SIN",11:40 am – 11:58 pm,Singapore Airlines,HKT‐SAN,26h18m,2,"SIN, SFO",3906,20220406-1502,fast
4:15 pm – 9:35 am +2,Singapore Airlines,SAN‐HKT,27h20m,2,"SFO, SIN",11:40 am – 11:58 pm,Singapore Airlines,HKT‐SAN,26h18m,2,"SIN, SFO",3434,20220406-1502,fast
6:05 pm – 10:50 am +2,Singapore Airlines,SAN‐HKT,26h45m,2,"SFO, SIN",10:25 am – 11:58 pm,Singapore Airlines,HKT‐SAN,27h33m,2,"SIN, SFO",3906,20220406-1502,fast
4:15 pm – 9:35 am +2,Singapore Airlines,SAN‐HKT,27h20m,2,"SFO, SIN",10:25 am – 11:58 pm,Singapore Airlines,HKT‐SAN,27h33m,2,"SIN, SFO",3434,20220406-1502,fast
2:35 pm – 9:35 am +2,"Alaska Airlines, Singapore Airlines",SAN‐HKT,29h00m,2,"SFO, SIN",11:40 am – 11:58 pm,"Singapore Airlines, Alaska Airlines",HKT‐SAN,26h18m,2,"SIN, SFO",3954,20220406-1502,fast
1:00 pm – 6:55 am +2,Qatar Airways,SAN‐HKT,27h55m,2,"SEA, DOH",10:25 am – 11:58 pm,Singapore Airlines,HKT‐SAN,27h33m,2,"SIN, SFO",2841,20220406-1502,fast
11:55 am – 6:55 am +2,Qatar Airways,SAN‐HKT,29h00m,2,"SEA, DOH",10:25 am – 11:58 pm,Singapore Airlines,HKT‐SAN,27h33m,2,"SIN, SFO",2841,20220406-1502,fast
6:05 pm – 9:35 am +2,Singapore Airlines,SAN‐HKT,25h30m,2,"SFO, SIN",8:10 pm – 1:23 pm +1,Singapore Airlines,HKT‐SAN,31h13m,2,"SIN, SFO",2424,20220406-1502,fast
6:05 pm – 9:35 am +2,Singapore Airlines,SAN‐HKT,25h30m,2,"SFO, SIN",11:55 pm – 5:42 pm +1,Qatar Airways,HKT‐SAN,31h47m,2,"DOH, SFO",3443,20220406-1502,fast
10:55 am – 6:55 am +2,Qatar Airways,SAN‐HKT,30h00m,2,"SFO, DOH",10:25 am – 11:58 pm,Singapore Airlines,HKT‐SAN,27h33m,2,"SIN, SFO",3201,20220406-1502,fast
6:05 pm – 10:50 am +2,Singapore Airlines,SAN‐HKT,26h45m,2,"SFO, SIN",8:10 pm – 1:23 pm +1,"Singapore Airlines, Alaska Airlines",HKT‐SAN,31h13m,2,"SIN, SFO",3097,20220406-1502,fast
6:05 pm – 9:35 am +2,Singapore Airlines,SAN‐HKT,25h30m,2,"SFO, SIN",8:10 pm – 2:45 pm +1,Singapore Airlines,HKT‐SAN,32h35m,2,"SIN, SEA",2399,20220406-1502,fast
6:05 pm – 9:35 am +2,Singapore Airlines,SAN‐HKT,25h30m,2,"SFO, SIN",11:55 pm – 6:57 pm +1,Qatar Airways,HKT‐SAN,33h02m,2,"DOH, SFO",3443,20220406-1502,fast
