Out Time,Out Airline,Out Cities,Out Duration,Out Stops,Out Stop Cities,Return Time,Return Airline,Return Cities,Return Duration,Return Stops,Return Stop Cities,Price,timestamp,sort
6:15 am – 1:15 pm +2,"Alaska Airlines, Qatar Airways",SAN‐HKT,41h00m,2,"SEA, DOH",11:55 pm – 9:43 pm +1,"Qatar Airways, Alaska Airlines",HKT‐SAN,35h48m,2,"DOH, JFK",1309,20220406-1048,cheap
6:15 am – 1:15 pm +2,"Alaska Airlines, Qatar Airways",SAN‐HKT,41h00m,2,"SEA, DOH",11:55 pm – 12:04 pm +2,Qatar Airways,HKT‐SAN,50h09m,2,"DOH, JFK",1324,20220406-1048,cheap
6:25 am – 6:55 am +2,"Alaska Airlines, Qatar Airways",SAN‐HKT,34h30m,2,"SFO, DOH",11:55 pm – 9:43 pm +1,"Qatar Airways, Alaska Airlines",HKT‐SAN,35h48m,2,"DOH, JFK",1401,20220406-1048,cheap
6:25 am – 1:15 pm +2,"Alaska Airlines, Qatar Airways",SAN‐HKT,40h50m,2,"SFO, DOH",11:55 pm – 9:43 pm +1,"Qatar Airways, Alaska Airlines",HKT‐SAN,35h48m,2,"DOH, JFK",1401,20220406-1048,cheap
6:15 am – 6:55 am +2,"Alaska Airlines, Qatar Airways",SAN‐HKT,34h40m,2,"SEA, DOH",11:55 pm – 9:43 pm +1,"Qatar Airways, Alaska Airlines",HKT‐SAN,35h48m,2,"DOH, JFK",1403,20220406-1048,cheap
6:25 am – 6:55 am +2,"Alaska Airlines, Qatar Airways",SAN‐HKT,34h30m,2,"SFO, DOH",11:55 pm – 12:04 pm +2,"Qatar Airways, Alaska Airlines",HKT‐SAN,50h09m,2,"DOH, JFK",1412,20220406-1048,cheap
6:15 am – 6:55 am +2,"Alaska Airlines, Qatar Airways",SAN‐HKT,34h40m,2,"SEA, DOH",11:55 pm – 12:04 pm +2,Qatar Airways,HKT‐SAN,50h09m,2,"DOH, JFK",1416,20220406-1048,cheap
11:00 pm – 1:15 pm +3,"Alaska Airlines, Qatar Airways",SAN‐HKT,48h15m,2,"JFK, DOH",11:55 pm – 9:43 pm +1,"Qatar Airways, Alaska Airlines",HKT‐SAN,35h48m,2,"DOH, JFK",1431,20220406-1048,cheap
11:00 pm – 7:05 am +3,Multiple Airlines,SAN‐HKT,42h05m,2,"JFK, DEL",6:45 pm – 3:30 pm +1,Multiple Airlines,HKT‐SAN,34h45m,3,"BKK, MNL, ...",1453,20220406-1048,cheap
6:15 am – 1:15 pm +2,"Alaska Airlines, Qatar Airways",SAN‐HKT,41h00m,2,"SEA, DOH",9:05 pm – 9:43 pm +1,"Qatar Airways, Alaska Airlines",HKT‐SAN,38h38m,2,"DOH, JFK",1467,20220406-1048,cheap
6:15 am – 6:55 am +2,"Alaska Airlines, Qatar Airways",SAN‐HKT,34h40m,2,"SEA, DOH",11:55 pm – 12:04 pm +2,Qatar Airways,HKT‐SAN,50h09m,2,"DOH, JFK",1468,20220406-1048,cheap
6:15 am – 6:55 am +2,"Alaska Airlines, Qatar Airways",SAN‐HKT,34h40m,2,"SEA, DOH",11:55 pm – 5:04 pm +1,Qatar Airways,HKT‐SAN,31h09m,2,"DOH, SEA",1571,20220406-1048,cheap
6:15 am – 6:55 am +2,"Alaska Airlines, Qatar Airways",SAN‐HKT,34h40m,2,"SEA, DOH",11:55 pm – 6:45 pm +1,Qatar Airways,HKT‐SAN,32h50m,2,"DOH, SEA",1571,20220406-1048,cheap
6:15 am – 6:55 am +2,"Alaska Airlines, Qatar Airways",SAN‐HKT,34h40m,2,"SEA, DOH",9:05 pm – 5:04 pm +1,Qatar Airways,HKT‐SAN,33h59m,2,"DOH, SEA",1571,20220406-1048,cheap
9:15 am – 6:55 am +2,"Alaska Airlines, Qatar Airways",SAN‐HKT,31h40m,2,"EWR-JFK, DOH",11:55 pm – 9:43 pm +1,"Qatar Airways, Alaska Airlines",HKT‐SAN,35h48m,2,"DOH, JFK",1583,20220406-1048,cheap
6:15 am – 6:55 am +2,"Alaska Airlines, Qatar Airways",SAN‐HKT,34h40m,2,"SEA, DOH",11:55 pm – 5:04 pm +1,Qatar Airways,HKT‐SAN,31h09m,2,"DOH, SEA",1571,20220406-1046,best
6:15 am – 1:15 pm +2,"Alaska Airlines, Qatar Airways",SAN‐HKT,41h00m,2,"SEA, DOH",11:55 pm – 9:43 pm +1,"Qatar Airways, Alaska Airlines",HKT‐SAN,35h48m,2,"DOH, JFK",1309,20220406-1046,best
8:00 am – 6:55 am +2,Qatar Airways,SAN‐HKT,32h55m,2,"SEA, DOH",11:55 pm – 5:04 pm +1,Qatar Airways,HKT‐SAN,31h09m,2,"DOH, SEA",1712,20220406-1046,best
6:25 am – 6:55 am +2,"Alaska Airlines, Qatar Airways",SAN‐HKT,34h30m,2,"SFO, DOH",11:55 pm – 9:43 pm +1,"Qatar Airways, Alaska Airlines",HKT‐SAN,35h48m,2,"DOH, JFK",1401,20220406-1046,best
10:21 am – 6:55 am +2,"American Airlines, Qatar Airways",SAN‐HKT,30h34m,3,"PHX, PHL, ...",9:05 pm – 2:55 pm +1,"Qatar Airways, American Airlines",HKT‐SAN,31h50m,3,"DOH, ORD, ...",1630,20220406-1046,best
10:21 am – 6:55 am +2,"American Airlines, Qatar Airways",SAN‐HKT,30h34m,3,"PHX, BOS, ...",9:05 pm – 2:55 pm +1,"Qatar Airways, American Airlines",HKT‐SAN,31h50m,3,"DOH, ORD, ...",1630,20220406-1046,best
6:15 am – 6:55 am +2,"Alaska Airlines, Qatar Airways",SAN‐HKT,34h40m,2,"SEA, DOH",11:55 pm – 9:43 pm +1,"Qatar Airways, Alaska Airlines",HKT‐SAN,35h48m,2,"DOH, JFK",1403,20220406-1046,best
9:35 am – 6:55 am +2,"American Airlines, Qatar Airways",SAN‐HKT,31h20m,3,"DFW, BOS, ...",9:05 pm – 2:55 pm +1,"Qatar Airways, American Airlines",HKT‐SAN,31h50m,3,"DOH, ORD, ...",1630,20220406-1046,best
9:15 am – 6:55 am +2,"Alaska Airlines, Qatar Airways",SAN‐HKT,31h40m,2,"EWR-JFK, DOH",11:55 pm – 9:43 pm +1,"Qatar Airways, Alaska Airlines",HKT‐SAN,35h48m,2,"DOH, JFK",1583,20220406-1046,best
6:15 am – 6:55 am +2,"Alaska Airlines, Qatar Airways",SAN‐HKT,34h40m,2,"SEA, DOH",11:55 pm – 6:45 pm +1,Qatar Airways,HKT‐SAN,32h50m,2,"DOH, SEA",1571,20220406-1046,best
8:00 am – 6:55 am +2,Qatar Airways,SAN‐HKT,32h55m,2,"SEA, DOH",11:55 pm – 6:45 pm +1,Qatar Airways,HKT‐SAN,32h50m,2,"DOH, SEA",1712,20220406-1046,best
10:21 am – 6:55 am +2,"American Airlines, Qatar Airways",SAN‐HKT,30h34m,3,"PHX, PHL, ...",11:55 pm – 10:20 pm +1,"Qatar Airways, American Airlines",HKT‐SAN,36h25m,2,"DOH, MIA",1586,20220406-1046,best
10:21 am – 6:55 am +2,"American Airlines, Qatar Airways",SAN‐HKT,30h34m,3,"PHX, BOS, ...",11:55 pm – 10:20 pm +1,"Qatar Airways, American Airlines",HKT‐SAN,36h25m,2,"DOH, MIA",1586,20220406-1046,best
10:21 am – 6:55 am +2,"American Airlines, Qatar Airways",SAN‐HKT,30h34m,3,"PHX, BOS, ...",9:05 pm – 4:38 pm +1,"Qatar Airways, American Airlines",HKT‐SAN,33h33m,3,"DOH, JFK, ...",1629,20220406-1046,best
10:21 am – 6:55 am +2,"American Airlines, Qatar Airways",SAN‐HKT,30h34m,3,"PHX, PHL, ...",9:05 pm – 4:38 pm +1,"Qatar Airways, American Airlines",HKT‐SAN,33h33m,3,"DOH, JFK, ...",1629,20220406-1046,best
2:40 pm – 1:15 pm +2,"American Airlines, Qatar Airways",SAN‐HKT,32h35m,3,"DFW, ORD, ...",9:05 pm – 2:55 pm +1,"Qatar Airways, American Airlines",HKT‐SAN,31h50m,3,"DOH, ORD, ...",1630,20220406-1046,best
4:25 pm – 9:35 am +2,Singapore Airlines,SAN‐HKT,27h10m,2,"SFO, SIN",11:40 am – 11:05 pm,Singapore Airlines,HKT‐SAN,25h25m,2,"SIN, SFO",9148,20220406-1051,fast
4:25 pm – 10:50 am +2,Singapore Airlines,SAN‐HKT,28h25m,2,"SFO, SIN",11:40 am – 11:05 pm,Singapore Airlines,HKT‐SAN,25h25m,2,"SIN, SFO",7924,20220406-1051,fast
4:25 pm – 10:50 am +2,Singapore Airlines,SAN‐HKT,28h25m,2,"SFO, SIN",10:25 am – 11:05 pm,Singapore Airlines,HKT‐SAN,26h40m,2,"SIN, SFO",7924,20220406-1051,fast
7:00 pm – 1:15 pm +2,"British Airways, Qatar Airways",SAN‐HKT,28h15m,2,"LHR, DOH",9:05 pm – 1:48 pm +1,"Qatar Airways, American Airlines",HKT‐SAN,30h43m,2,"DOH, DFW",2908,20220406-1051,fast
12:35 pm – 6:55 am +2,"Alaska Airlines, Qatar Airways",SAN‐HKT,28h20m,2,"SFO, DOH",11:55 pm – 5:04 pm +1,"Qatar Airways, Alaska Airlines",HKT‐SAN,31h09m,2,"DOH, SEA",2244,20220406-1051,fast
4:25 pm – 5:10 pm +2,Singapore Airlines,SAN‐HKT,34h45m,2,"SFO, SIN",11:40 am – 11:05 pm,Singapore Airlines,HKT‐SAN,25h25m,2,"SIN, SFO",7924,20220406-1051,fast
11:50 am – 6:55 am +2,"Alaska Airlines, Qatar Airways",SAN‐HKT,29h05m,2,"SEA, DOH",11:55 pm – 5:04 pm +1,"Qatar Airways, Alaska Airlines",HKT‐SAN,31h09m,2,"DOH, SEA",2513,20220406-1051,fast
7:00 pm – 1:15 pm +2,"British Airways, Qatar Airways",SAN‐HKT,28h15m,2,"LHR, DOH",11:55 pm – 5:58 pm +1,"Qatar Airways, Alaska Airlines",HKT‐SAN,32h03m,2,"DOH, SFO",2769,20220406-1051,fast
12:35 pm – 6:55 am +2,"Alaska Airlines, Qatar Airways",SAN‐HKT,28h20m,2,"SFO, DOH",11:55 pm – 5:58 pm +1,"Qatar Airways, Alaska Airlines",HKT‐SAN,32h03m,2,"DOH, SFO",2302,20220406-1051,fast
1:15 pm – 9:35 am +2,Multiple Airlines,SAN‐HKT,30h20m,2,"NRT, BKK",7:10 pm – 11:15 am +1,Japan Airlines,HKT‐SAN,30h05m,2,"BKK, NRT",10077,20220406-1051,fast
10:46 am – 6:55 am +2,"American Airlines, Qatar Airways",SAN‐HKT,30h09m,2,"DFW, DOH",9:05 pm – 1:48 pm +1,"Qatar Airways, American Airlines",HKT‐SAN,30h43m,2,"DOH, DFW",5235,20220406-1051,fast
11:50 am – 6:55 am +2,Qatar Airways,SAN‐HKT,29h05m,2,"SEA, DOH",11:55 pm – 5:58 pm +1,"Qatar Airways, Alaska Airlines",HKT‐SAN,32h03m,2,"DOH, SFO",2421,20220406-1051,fast
12:35 pm – 6:55 am +2,"Alaska Airlines, Qatar Airways",SAN‐HKT,28h20m,2,"SFO, DOH",11:55 pm – 6:45 pm +1,"Qatar Airways, Alaska Airlines",HKT‐SAN,32h50m,2,"DOH, SEA",2244,20220406-1051,fast
10:21 am – 6:55 am +2,"American Airlines, Qatar Airways",SAN‐HKT,30h34m,3,"PHX, BOS, ...",9:05 pm – 1:48 pm +1,"Qatar Airways, American Airlines",HKT‐SAN,30h43m,2,"DOH, DFW",4941,20220406-1051,fast
10:21 am – 6:55 am +2,"American Airlines, Qatar Airways",SAN‐HKT,30h34m,3,"PHX, PHL, ...",9:05 pm – 1:48 pm +1,"Qatar Airways, American Airlines",HKT‐SAN,30h43m,2,"DOH, DFW",4941,20220406-1051,fast
