Out Time,Out Airline,Out Cities,Out Duration,Out Stops,Out Stop Cities,Return Time,Return Airline,Return Cities,Return Duration,Return Stops,Return Stop Cities,Price,timestamp,sort
6:25 am – 9:35 am +2,Singapore Airlines,SAN‐HKT,37h10m,2,"SFO, SIN",8:10 pm – 7:32 am +2,Singapore Airlines,HKT‐SAN,49h22m,2,"SIN, SFO",964,20220409-2009,cheap
6:25 am – 9:35 am +2,"Alaska Airlines, Singapore Airlines",SAN‐HKT,37h10m,2,"SFO, SIN",8:10 pm – 6:56 pm +1,"Singapore Airlines, Alaska Airlines",HKT‐SAN,36h46m,2,"SIN, SFO",1075,20220409-2009,cheap
6:25 am – 9:35 am +2,Singapore Airlines,SAN‐HKT,37h10m,2,"SFO, SIN",8:10 pm – 11:47 pm +1,Singapore Airlines,HKT‐SAN,41h37m,2,"SIN, SFO",1082,20220409-2009,cheap
6:25 am – 10:50 am +2,Singapore Airlines,SAN‐HKT,38h25m,2,"SFO, SIN",8:10 pm – 6:56 pm +1,"Singapore Airlines, Alaska Airlines",HKT‐SAN,36h46m,2,"SIN, SFO",1099,20220409-2009,cheap
6:25 am – 9:35 am +2,Singapore Airlines,SAN‐HKT,37h10m,2,"SFO, SIN",6:10 pm – 6:56 pm +1,"Singapore Airlines, Alaska Airlines",HKT‐SAN,38h46m,2,"SIN, SFO",1099,20220409-2009,cheap
6:25 am – 10:50 am +2,Singapore Airlines,SAN‐HKT,38h25m,2,"SFO, SIN",6:10 pm – 6:56 pm +1,"Singapore Airlines, Alaska Airlines",HKT‐SAN,38h46m,2,"SIN, SFO",1099,20220409-2009,cheap
6:25 am – 5:10 pm +2,Singapore Airlines,SAN‐HKT,44h45m,2,"SFO, SIN",8:10 pm – 6:56 pm +1,"Singapore Airlines, Alaska Airlines",HKT‐SAN,36h46m,2,"SIN, SFO",1099,20220409-2009,cheap
6:25 am – 9:35 am +2,Singapore Airlines,SAN‐HKT,37h10m,2,"SFO, SIN",11:40 am – 6:56 pm +1,"Singapore Airlines, Alaska Airlines",HKT‐SAN,45h16m,2,"SIN, SFO",1099,20220409-2009,cheap
6:25 am – 5:10 pm +2,Singapore Airlines,SAN‐HKT,44h45m,2,"SFO, SIN",6:10 pm – 6:56 pm +1,"Singapore Airlines, Alaska Airlines",HKT‐SAN,38h46m,2,"SIN, SFO",1099,20220409-2009,cheap
6:25 am – 9:35 am +2,Singapore Airlines,SAN‐HKT,37h10m,2,"SFO, SIN",10:25 am – 6:56 pm +1,"Singapore Airlines, Alaska Airlines",HKT‐SAN,46h31m,2,"SIN, SFO",1099,20220409-2009,cheap
6:25 am – 10:50 am +2,Singapore Airlines,SAN‐HKT,38h25m,2,"SFO, SIN",11:40 am – 6:56 pm +1,"Singapore Airlines, Alaska Airlines",HKT‐SAN,45h16m,2,"SIN, SFO",1099,20220409-2009,cheap
6:25 am – 10:50 am +2,Singapore Airlines,SAN‐HKT,38h25m,2,"SFO, SIN",10:25 am – 6:56 pm +1,"Singapore Airlines, Alaska Airlines",HKT‐SAN,46h31m,2,"SIN, SFO",1099,20220409-2009,cheap
6:25 am – 10:50 am +2,Singapore Airlines,SAN‐HKT,38h25m,2,"SFO, SIN",8:10 pm – 11:47 pm +1,Singapore Airlines,HKT‐SAN,41h37m,2,"SIN, SFO",1176,20220409-2009,cheap
6:25 am – 9:35 am +2,Singapore Airlines,SAN‐HKT,37h10m,2,"SFO, SIN",8:10 pm – 2:56 pm +1,Singapore Airlines,HKT‐SAN,32h46m,2,"SIN, SFO",1182,20220409-2009,cheap
6:25 am – 10:50 am +2,Singapore Airlines,SAN‐HKT,38h25m,2,"SFO, SIN",8:10 pm – 2:56 pm +1,Singapore Airlines,HKT‐SAN,32h46m,2,"SIN, SFO",1182,20220409-2009,cheap
1:30 pm – 9:30 am +2,Japan Airlines,SAN‐HKT,30h00m,2,"NRT, BKK",7:10 pm – 11:30 am +1,Japan Airlines,HKT‐SAN,30h20m,2,"BKK, NRT",1360,20220409-2007,best
6:25 am – 9:35 am +2,Singapore Airlines,SAN‐HKT,37h10m,2,"SFO, SIN",8:10 pm – 7:32 am +2,Singapore Airlines,HKT‐SAN,49h22m,2,"SIN, SFO",964,20220409-2007,best
1:30 pm – 9:30 am +2,Japan Airlines,SAN‐HKT,30h00m,2,"NRT, BKK",7:10 pm – 11:30 am +1,Japan Airlines,HKT‐SAN,30h20m,2,"BKK, NRT",1360,20220409-2007,best
1:30 pm – 9:30 am +2,Japan Airlines,SAN‐HKT,30h00m,2,"NRT-HND, BKK",7:10 pm – 11:30 am +1,Japan Airlines,HKT‐SAN,30h20m,2,"BKK, NRT",1371,20220409-2007,best
1:30 pm – 9:30 am +2,Japan Airlines,SAN‐HKT,30h00m,2,"NRT-HND, BKK",7:10 pm – 11:30 am +1,Japan Airlines,HKT‐SAN,30h20m,2,"BKK, NRT",1371,20220409-2007,best
6:25 am – 9:35 am +2,Singapore Airlines,SAN‐HKT,37h10m,2,"SFO, SIN",8:10 pm – 2:56 pm +1,Singapore Airlines,HKT‐SAN,32h46m,2,"SIN, SFO",1182,20220409-2007,best
6:25 am – 9:35 am +2,"Alaska Airlines, Singapore Airlines",SAN‐HKT,37h10m,2,"SFO, SIN",8:10 pm – 6:56 pm +1,"Singapore Airlines, Alaska Airlines",HKT‐SAN,36h46m,2,"SIN, SFO",1075,20220409-2007,best
6:25 am – 10:50 am +2,Singapore Airlines,SAN‐HKT,38h25m,2,"SFO, SIN",8:10 pm – 2:56 pm +1,Singapore Airlines,HKT‐SAN,32h46m,2,"SIN, SFO",1182,20220409-2007,best
6:25 am – 9:35 am +2,Singapore Airlines,SAN‐HKT,37h10m,2,"SFO, SIN",6:10 pm – 2:56 pm +1,Singapore Airlines,HKT‐SAN,34h46m,2,"SIN, SFO",1182,20220409-2007,best
6:25 am – 10:50 am +2,Singapore Airlines,SAN‐HKT,38h25m,2,"SFO, SIN",6:10 pm – 2:56 pm +1,Singapore Airlines,HKT‐SAN,34h46m,2,"SIN, SFO",1182,20220409-2007,best
6:25 am – 10:50 am +2,Singapore Airlines,SAN‐HKT,38h25m,2,"SFO, SIN",8:10 pm – 6:56 pm +1,"Singapore Airlines, Alaska Airlines",HKT‐SAN,36h46m,2,"SIN, SFO",1099,20220409-2007,best
6:25 am – 9:35 am +2,Singapore Airlines,SAN‐HKT,37h10m,2,"SFO, SIN",6:10 pm – 6:56 pm +1,"Singapore Airlines, Alaska Airlines",HKT‐SAN,38h46m,2,"SIN, SFO",1099,20220409-2007,best
6:25 am – 9:35 am +2,Singapore Airlines,SAN‐HKT,37h10m,2,"SFO, SIN",8:10 pm – 11:47 pm +1,Singapore Airlines,HKT‐SAN,41h37m,2,"SIN, SFO",1082,20220409-2007,best
6:25 am – 10:50 am +2,Singapore Airlines,SAN‐HKT,38h25m,2,"SFO, SIN",6:10 pm – 6:56 pm +1,"Singapore Airlines, Alaska Airlines",HKT‐SAN,38h46m,2,"SIN, SFO",1099,20220409-2007,best
1:30 pm – 9:30 am +2,Japan Airlines,SAN‐HKT,30h00m,2,"NRT, BKK",11:55 pm – 6:56 pm +1,"Qatar Airways, Alaska Airlines",HKT‐SAN,33h01m,2,"DOH, SFO",1473,20220409-2007,best
5:15 pm – 9:35 am +2,Singapore Airlines,SAN‐HKT,26h20m,2,"SFO, SIN",8:10 pm – 1:46 pm +1,Singapore Airlines,HKT‐SAN,31h36m,2,"SIN, SFO",1725,20220409-2007,best
8:00 am – 12:10 am +2,United Airlines,SAN‐HKT,26h10m,2,"SFO, ICN",1:30 am – 2:35 pm,United Airlines,HKT‐SAN,27h05m,2,"ICN, SFO",7502,20220409-2011,fast
8:50 pm – 2:00 pm +2,Multiple Airlines,SAN‐HKT,27h10m,3,"SEA, TPE, ...",8:15 am – 8:24 pm,Multiple Airlines,HKT‐SAN,26h09m,3,"BKK, TPE, ...",9634,20220409-2011,fast
6:53 pm – 9:35 am +2,"United Airlines, Singapore Airlines",SAN‐HKT,24h42m,2,"SFO, SIN",9:20 pm – 12:23 pm +1,"Jetstar Asia, United Airlines",HKT‐SAN,29h03m,2,"SIN, SFO",8120,20220409-2011,fast
7:40 pm – 2:00 pm +2,"Alaska Airlines, EVA Air",SAN‐HKT,28h20m,3,"SEA, TPE, ...",8:15 am – 8:24 pm,Multiple Airlines,HKT‐SAN,26h09m,3,"BKK, TPE, ...",9634,20220409-2011,fast
6:35 am – 12:10 am +2,"Korean Air, Asiana Airlines",SAN‐HKT,27h35m,2,"LAX, ICN",1:30 am – 2:45 pm,"Asiana Airlines, Korean Air",HKT‐SAN,27h15m,2,"ICN, LAX",14651,20220409-2011,fast
8:00 am – 12:10 am +2,"Air Canada, Asiana Airlines",SAN‐HKT,26h10m,2,"YVR, ICN",9:20 pm – 12:23 pm +1,"Jetstar Asia, United Airlines",HKT‐SAN,29h03m,2,"SIN, SFO",4971,20220409-2011,fast
8:00 am – 12:10 am +2,United Airlines,SAN‐HKT,26h10m,2,"SFO, ICN",1:30 am – 6:09 pm,United Airlines,HKT‐SAN,30h39m,2,"ICN, SFO",7502,20220409-2011,fast
5:15 pm – 9:35 am +2,Singapore Airlines,SAN‐HKT,26h20m,2,"SFO, SIN",8:10 pm – 1:46 pm +1,Singapore Airlines,HKT‐SAN,31h36m,2,"SIN, SFO",1725,20220409-2011,fast
8:12 pm – 9:35 am +2,"United Airlines, Singapore Airlines",SAN‐HKT,23h23m,2,"SFO, SIN",1:30 am – 10:58 pm,"Asiana Airlines, United Airlines",HKT‐SAN,35h28m,3,"ICN, SFO, ...",8138,20220409-2011,fast
8:00 am – 12:10 am +2,United Airlines,SAN‐HKT,26h10m,2,"SFO, ICN",1:30 am – 8:24 pm,United Airlines,HKT‐SAN,32h54m,2,"ICN, SFO",7502,20220409-2011,fast
5:15 pm – 9:35 am +2,Singapore Airlines,SAN‐HKT,26h20m,2,"SFO, SIN",8:10 pm – 2:56 pm +1,Singapore Airlines,HKT‐SAN,32h46m,2,"SIN, SFO",1725,20220409-2011,fast
7:00 pm – 1:15 pm +2,"British Airways, Qatar Airways",SAN‐HKT,28h15m,2,"LHR, DOH",9:05 pm – 2:00 pm +1,Qatar Airways,HKT‐SAN,30h55m,2,"DOH, ORD",2748,20220409-2011,fast
7:00 pm – 1:15 pm +2,"British Airways, Qatar Airways",SAN‐HKT,28h15m,2,"LHR, DOH",9:05 pm – 2:00 pm +1,Qatar Airways,HKT‐SAN,30h55m,2,"DOH, ORD",3010,20220409-2011,fast
5:15 pm – 10:50 am +2,Singapore Airlines,SAN‐HKT,27h35m,2,"SFO, SIN",8:10 pm – 1:46 pm +1,Singapore Airlines,HKT‐SAN,31h36m,2,"SIN, SFO",1725,20220409-2011,fast
5:15 pm – 9:35 am +2,Singapore Airlines,SAN‐HKT,26h20m,2,"SFO, SIN",11:55 pm – 6:56 pm +1,Qatar Airways,HKT‐SAN,33h01m,2,"DOH, SFO",2221,20220409-2011,fast
