Out Time,Out Airline,Out Cities,Out Duration,Out Stops,Out Stop Cities,Return Time,Return Airline,Return Cities,Return Duration,Return Stops,Return Stop Cities,Price,timestamp,sort
8:25 am – 6:20 pm +2,Japan Airlines,SAN‐HKT,43h55m,3,"SFO, HND, ...",2:05 pm – 11:30 am +2,Malaysia Airlines,HKT‐SAN,59h25m,2,"KUL, NRT",1574,20220406-1853,cheap
4:15 pm – 12:10 am +3,"Alaska Airlines, Asiana Airlines",SAN‐HKT,41h55m,2,"HNL, ICN",1:30 am – 11:28 pm,Asiana Airlines,HKT‐SAN,35h58m,2,"ICN, LAX",1725,20220406-1853,cheap
8:25 am – 6:20 pm +2,Japan Airlines,SAN‐HKT,43h55m,3,"SFO, HND, ...",7:10 pm – 4:43 pm +1,Japan Airlines,HKT‐SAN,35h33m,3,"BKK, NRT, ...",1775,20220406-1853,cheap
8:25 am – 6:20 pm +2,Japan Airlines,SAN‐HKT,43h55m,3,"SFO, HND, ...",7:10 pm – 4:43 pm +1,Japan Airlines,HKT‐SAN,35h33m,3,"BKK, NRT, ...",1775,20220406-1853,cheap
8:25 am – 6:20 pm +2,Japan Airlines,SAN‐HKT,43h55m,3,"SFO, HND, ...",7:10 pm – 6:52 pm +1,Japan Airlines,HKT‐SAN,37h42m,3,"BKK, NRT, ...",1775,20220406-1853,cheap
8:25 am – 6:20 pm +2,Japan Airlines,SAN‐HKT,43h55m,3,"SFO, HND, ...",7:10 pm – 6:52 pm +1,Japan Airlines,HKT‐SAN,37h42m,3,"BKK, NRT, ...",1775,20220406-1853,cheap
8:25 am – 6:20 pm +2,Japan Airlines,SAN‐HKT,43h55m,3,"SFO, HND, ...",2:40 pm – 4:43 pm +1,Japan Airlines,HKT‐SAN,40h03m,3,"BKK, NRT, ...",1775,20220406-1853,cheap
8:25 am – 6:20 pm +2,Japan Airlines,SAN‐HKT,43h55m,3,"SFO, HND, ...",2:40 pm – 4:43 pm +1,Japan Airlines,HKT‐SAN,40h03m,3,"BKK, NRT, ...",1778,20220406-1853,cheap
8:25 pm – 12:10 am +3,"Alaska Airlines, Asiana Airlines",SAN‐HKT,37h45m,2,"SEA, ICN",1:30 am – 7:34 am +1,"Asiana Airlines, Alaska Airlines",HKT‐SAN,44h04m,2,"ICN, SFO",1808,20220406-1853,cheap
8:25 pm – 12:10 am +3,"Alaska Airlines, Asiana Airlines",SAN‐HKT,37h45m,2,"SEA, ICN",1:30 am – 9:39 am +1,"Asiana Airlines, Alaska Airlines",HKT‐SAN,46h09m,2,"ICN, SFO",1808,20220406-1853,cheap
7:36 pm – 12:10 am +3,"Alaska Airlines, Asiana Airlines",SAN‐HKT,38h34m,2,"SEA, ICN",1:30 am – 7:34 am +1,"Asiana Airlines, Alaska Airlines",HKT‐SAN,44h04m,2,"ICN, SFO",1858,20220406-1853,cheap
7:36 pm – 12:10 am +3,"Alaska Airlines, Asiana Airlines",SAN‐HKT,38h34m,2,"SEA, ICN",1:30 am – 9:39 am +1,"Asiana Airlines, Alaska Airlines",HKT‐SAN,46h09m,2,"ICN, SFO",1858,20220406-1853,cheap
5:15 pm – 12:10 am +3,"Alaska Airlines, Asiana Airlines",SAN‐HKT,40h55m,2,"SFO, ICN",1:30 am – 7:34 am +1,"Asiana Airlines, Alaska Airlines",HKT‐SAN,44h04m,2,"ICN, SFO",1868,20220406-1853,cheap
4:15 pm – 12:10 am +3,"Alaska Airlines, Asiana Airlines",SAN‐HKT,41h55m,2,"HNL, ICN",1:30 am – 11:07 pm,"Asiana Airlines, Alaska Airlines",HKT‐SAN,35h37m,2,"ICN, HNL",1869,20220406-1853,cheap
4:15 pm – 12:10 am +3,"Alaska Airlines, Asiana Airlines",SAN‐HKT,41h55m,2,"HNL, ICN",1:30 am – 5:02 am +1,"Asiana Airlines, Alaska Airlines",HKT‐SAN,41h32m,2,"ICN, HNL",1869,20220406-1853,cheap
4:00 pm – 1:15 pm +2,"American Airlines, Qatar Airways",SAN‐HKT,31h15m,2,"DFW, DOH",11:55 pm – 7:35 pm +1,"Qatar Airways, American Airlines",HKT‐SAN,33h40m,2,"DOH, ORD",2016,20220406-1851,best
8:25 am – 6:20 pm +2,Japan Airlines,SAN‐HKT,43h55m,3,"SFO, HND, ...",2:05 pm – 11:30 am +2,Malaysia Airlines,HKT‐SAN,59h25m,2,"KUL, NRT",1574,20220406-1851,best
4:00 pm – 1:15 pm +2,"American Airlines, Qatar Airways",SAN‐HKT,31h15m,2,"DFW, DOH",9:05 pm – 2:27 pm +1,"Qatar Airways, American Airlines",HKT‐SAN,31h22m,2,"DOH, DFW",2135,20220406-1851,best
8:00 am – 12:10 am +2,"United Airlines, Asiana Airlines",SAN‐HKT,26h10m,2,"SFO, ICN",1:30 am – 2:35 pm,"Asiana Airlines, United Airlines",HKT‐SAN,27h05m,2,"ICN, SFO",2500,20220406-1851,best
4:00 pm – 1:15 pm +2,"American Airlines, Qatar Airways",SAN‐HKT,31h15m,2,"DFW, DOH",11:55 pm – 9:23 pm +1,"Qatar Airways, American Airlines",HKT‐SAN,35h28m,2,"DOH, PHL",2016,20220406-1851,best
2:00 pm – 1:15 pm +2,"American Airlines, Qatar Airways",SAN‐HKT,33h15m,2,"DFW, DOH",11:55 pm – 7:35 pm +1,"Qatar Airways, American Airlines",HKT‐SAN,33h40m,2,"DOH, ORD",2016,20220406-1851,best
6:15 am – 12:10 am +2,"United Airlines, Asiana Airlines",SAN‐HKT,27h55m,2,"SFO, ICN",1:30 am – 2:35 pm,"Asiana Airlines, United Airlines",HKT‐SAN,27h05m,2,"ICN, SFO",2500,20220406-1851,best
2:00 pm – 1:15 pm +2,"American Airlines, Qatar Airways",SAN‐HKT,33h15m,2,"DFW, DOH",9:05 pm – 2:27 pm +1,"Qatar Airways, American Airlines",HKT‐SAN,31h22m,2,"DOH, DFW",2135,20220406-1851,best
4:00 pm – 1:15 pm +2,"American Airlines, Qatar Airways",SAN‐HKT,31h15m,2,"DFW, DOH",11:55 pm – 10:25 pm +1,"Qatar Airways, American Airlines",HKT‐SAN,36h30m,2,"DOH, MIA",2016,20220406-1851,best
4:00 pm – 1:15 pm +2,"American Airlines, Qatar Airways",SAN‐HKT,31h15m,2,"DFW, DOH",9:05 pm – 4:54 pm +1,"Qatar Airways, American Airlines",HKT‐SAN,33h49m,2,"DOH, DFW",2135,20220406-1851,best
4:00 pm – 1:15 pm +2,"American Airlines, Qatar Airways",SAN‐HKT,31h15m,2,"DFW, DOH",9:05 pm – 5:18 pm +1,"Qatar Airways, American Airlines",HKT‐SAN,34h13m,2,"DOH, ORD",2135,20220406-1851,best
12:40 pm – 1:15 pm +2,"American Airlines, Qatar Airways",SAN‐HKT,34h35m,2,"DFW, DOH",11:55 pm – 7:35 pm +1,"Qatar Airways, American Airlines",HKT‐SAN,33h40m,2,"DOH, ORD",2016,20220406-1851,best
12:40 pm – 1:15 pm +2,"American Airlines, Qatar Airways",SAN‐HKT,34h35m,2,"DFW, DOH",11:55 pm – 7:35 pm +1,"Qatar Airways, American Airlines",HKT‐SAN,33h40m,2,"DOH, ORD",2016,20220406-1851,best
2:00 pm – 1:15 pm +2,"American Airlines, Qatar Airways",SAN‐HKT,33h15m,2,"DFW, DOH",11:55 pm – 9:23 pm +1,"Qatar Airways, American Airlines",HKT‐SAN,35h28m,2,"DOH, PHL",2016,20220406-1851,best
12:40 pm – 1:15 pm +2,"American Airlines, Qatar Airways",SAN‐HKT,34h35m,2,"DFW, DOH",9:05 pm – 2:27 pm +1,"Qatar Airways, American Airlines",HKT‐SAN,31h22m,2,"DOH, DFW",2135,20220406-1851,best
12:40 pm – 1:15 pm +2,"American Airlines, Qatar Airways",SAN‐HKT,34h35m,2,"DFW, DOH",9:05 pm – 2:27 pm +1,"Qatar Airways, American Airlines",HKT‐SAN,31h22m,2,"DOH, DFW",2135,20220406-1851,best
8:12 pm – 9:35 am +2,"United Airlines, Singapore Airlines",SAN‐HKT,23h23m,2,"SFO, SIN",9:20 pm – 12:23 pm +1,"Jetstar Asia, United Airlines",HKT‐SAN,29h03m,2,"SIN, SFO",8120,20220406-1856,fast
8:00 am – 12:10 am +2,"United Airlines, Asiana Airlines",SAN‐HKT,26h10m,2,"SFO, ICN",1:30 am – 2:35 pm,"Asiana Airlines, United Airlines",HKT‐SAN,27h05m,2,"ICN, SFO",2500,20220406-1856,fast
9:00 pm – 3:25 pm +2,Multiple Airlines,SAN‐HKT,28h25m,3,"SFO, TPE, ...",1:00 pm – 11:54 pm,Multiple Airlines,HKT‐SAN,24h54m,3,"BKK, TPE, ...",10631,20220406-1856,fast
9:00 pm – 3:25 pm +2,Multiple Airlines,SAN‐HKT,28h25m,3,"SFO, TPE, ...",1:00 pm – 11:54 pm,Multiple Airlines,HKT‐SAN,24h54m,3,"BKK, TPE, ...",10631,20220406-1856,fast
8:12 pm – 9:35 am +2,"United Airlines, Singapore Airlines",SAN‐HKT,23h23m,2,"SFO, SIN",8:10 pm – 12:23 pm +1,"Singapore Airlines, United Airlines",HKT‐SAN,30h13m,2,"SIN, SFO",8350,20220406-1856,fast
8:12 pm – 10:50 am +2,"United Airlines, Singapore Airlines",SAN‐HKT,24h38m,2,"SFO, SIN",9:20 pm – 12:23 pm +1,"Jetstar Asia, United Airlines",HKT‐SAN,29h03m,2,"SIN, SFO",8120,20220406-1856,fast
8:00 am – 12:10 am +2,Air Canada,SAN‐HKT,26h10m,2,"YVR, ICN",1:30 am – 3:02 pm,"Asiana Airlines, Alaska Airlines",HKT‐SAN,27h32m,2,"ICN, SFO",3943,20220406-1856,fast
6:53 pm – 9:35 am +2,"United Airlines, Singapore Airlines",SAN‐HKT,24h42m,2,"SFO, SIN",9:20 pm – 12:23 pm +1,"Jetstar Asia, United Airlines",HKT‐SAN,29h03m,2,"SIN, SFO",8120,20220406-1856,fast
5:15 pm – 10:20 am +2,"Lufthansa, Thai Airways",SAN‐HKT,27h05m,2,"MUC, BKK",1:30 am – 2:35 pm,"Asiana Airlines, Korean Air",HKT‐SAN,27h05m,2,"ICN, LAX",7880,20220406-1856,fast
9:00 pm – 4:25 pm +2,Multiple Airlines,SAN‐HKT,29h25m,3,"SFO, TPE, ...",1:00 pm – 11:54 pm,Multiple Airlines,HKT‐SAN,24h54m,3,"BKK, TPE, ...",10631,20220406-1856,fast
9:00 pm – 4:25 pm +2,Multiple Airlines,SAN‐HKT,29h25m,3,"SFO, TPE, ...",1:00 pm – 11:54 pm,Multiple Airlines,HKT‐SAN,24h54m,3,"BKK, TPE, ...",10631,20220406-1856,fast
9:00 pm – 4:25 pm +2,Multiple Airlines,SAN‐HKT,29h25m,3,"SFO, TPE, ...",1:00 pm – 11:54 pm,Multiple Airlines,HKT‐SAN,24h54m,3,"BKK, TPE, ...",10631,20220406-1856,fast
9:00 pm – 3:25 pm +2,Multiple Airlines,SAN‐HKT,28h25m,3,"SFO, TPE, ...",8:15 am – 8:24 pm,Multiple Airlines,HKT‐SAN,26h09m,3,"BKK, TPE, ...",10631,20220406-1856,fast
9:00 pm – 3:25 pm +2,Multiple Airlines,SAN‐HKT,28h25m,3,"SFO, TPE, ...",8:15 am – 8:24 pm,Multiple Airlines,HKT‐SAN,26h09m,3,"BKK, TPE, ...",10631,20220406-1856,fast
8:12 pm – 9:35 am +2,"United Airlines, Singapore Airlines",SAN‐HKT,23h23m,2,"SFO, SIN",9:20 pm – 2:35 pm +1,"Jetstar Asia, United Airlines",HKT‐SAN,31h15m,2,"SIN, SFO",8120,20220406-1856,fast
