Out Time,Out Airline,Out Cities,Out Duration,Out Stops,Out Stop Cities,Return Time,Return Airline,Return Cities,Return Duration,Return Stops,Return Stop Cities,Price,timestamp,sort
1:30 pm – 9:30 am +2,Japan Airlines,SAN‐HKT,30h00m,2,"NRT, BKK",7:10 pm – 11:30 am +1,Japan Airlines,HKT‐SAN,30h20m,2,"BKK, NRT",1274,20220409-2110,cheap
7:30 am – 6:55 am +2,"Alaska Airlines, Qatar Airways",SAN‐HKT,33h25m,2,"SEA, DOH",11:55 pm – 6:56 pm +1,"Qatar Airways, Alaska Airlines",HKT‐SAN,33h01m,2,"DOH, SFO",1281,20220409-2110,cheap
6:15 am – 6:55 am +2,"Alaska Airlines, Qatar Airways",SAN‐HKT,34h40m,2,"SEA, DOH",11:55 pm – 6:56 pm +1,"Qatar Airways, Alaska Airlines",HKT‐SAN,33h01m,2,"DOH, SFO",1281,20220409-2110,cheap
7:30 am – 6:55 am +2,"Alaska Airlines, Qatar Airways",SAN‐HKT,33h25m,2,"SEA, DOH",11:55 pm – 9:40 pm +1,"Qatar Airways, Alaska Airlines",HKT‐SAN,35h45m,2,"DOH, SFO",1281,20220409-2110,cheap
7:30 am – 6:55 am +2,"Alaska Airlines, Qatar Airways",SAN‐HKT,33h25m,2,"SEA, DOH",9:05 pm – 6:56 pm +1,"Qatar Airways, Alaska Airlines",HKT‐SAN,35h51m,2,"DOH, SFO",1281,20220409-2110,cheap
1:30 pm – 9:30 am +2,Japan Airlines,SAN‐HKT,30h00m,2,"NRT-HND, BKK",7:10 pm – 11:30 am +1,Japan Airlines,HKT‐SAN,30h20m,2,"BKK, NRT",1282,20220409-2110,cheap
1:30 pm – 6:20 pm +2,Japan Airlines,SAN‐HKT,38h50m,2,"NRT-HND, BKK",7:10 pm – 11:30 am +1,Japan Airlines,HKT‐SAN,30h20m,2,"BKK, NRT",1282,20220409-2110,cheap
1:30 pm – 9:30 am +2,Japan Airlines,SAN‐HKT,30h00m,2,"NRT, BKK",2:40 pm – 11:30 am +1,Japan Airlines,HKT‐SAN,34h50m,2,"BKK, HND-NRT",1283,20220409-2110,cheap
1:30 pm – 9:30 am +2,Japan Airlines,SAN‐HKT,30h00m,2,"NRT, BKK",10:20 am – 11:30 am +1,Japan Airlines,HKT‐SAN,39h10m,2,"BKK, HND-NRT",1283,20220409-2110,cheap
1:30 pm – 9:30 am +2,Japan Airlines,SAN‐HKT,30h00m,2,"NRT-HND, BKK",2:40 pm – 11:30 am +1,Japan Airlines,HKT‐SAN,34h50m,2,"BKK, NRT",1286,20220409-2110,cheap
1:30 pm – 9:30 am +2,Japan Airlines,SAN‐HKT,30h00m,2,"NRT-HND, BKK",10:20 am – 11:30 am +1,Japan Airlines,HKT‐SAN,39h10m,2,"BKK, NRT",1286,20220409-2110,cheap
1:30 pm – 9:30 am +2,Japan Airlines,SAN‐HKT,30h00m,2,"NRT-HND, BKK",2:40 pm – 11:30 am +1,Japan Airlines,HKT‐SAN,34h50m,2,"BKK, HND-NRT",1291,20220409-2110,cheap
1:30 pm – 9:30 am +2,Japan Airlines,SAN‐HKT,30h00m,2,"NRT-HND, BKK",10:20 am – 11:30 am +1,Japan Airlines,HKT‐SAN,39h10m,2,"BKK, HND-NRT",1291,20220409-2110,cheap
8:50 pm – 1:15 pm +3,"Alaska Airlines, Qatar Airways",SAN‐HKT,50h25m,2,"SEA, DOH",11:55 pm – 6:56 pm +1,Qatar Airways,HKT‐SAN,33h01m,2,"DOH, SFO",1291,20220409-2110,cheap
1:30 pm – 9:30 am +2,Japan Airlines,SAN‐HKT,30h00m,2,"NRT, BKK",2:40 pm – 11:30 am +1,Japan Airlines,HKT‐SAN,34h50m,2,"BKK, NRT",1292,20220409-2110,cheap
1:30 pm – 9:30 am +2,Japan Airlines,SAN‐HKT,30h00m,2,"NRT, BKK",7:10 pm – 11:30 am +1,Japan Airlines,HKT‐SAN,30h20m,2,"BKK, NRT",1274,20220409-2108,best
1:30 pm – 9:30 am +2,Japan Airlines,SAN‐HKT,30h00m,2,"NRT-HND, BKK",7:10 pm – 11:30 am +1,Japan Airlines,HKT‐SAN,30h20m,2,"BKK, NRT",1282,20220409-2108,best
1:30 pm – 9:30 am +2,Japan Airlines,SAN‐HKT,30h00m,2,"NRT, BKK",2:40 pm – 11:30 am +1,Japan Airlines,HKT‐SAN,34h50m,2,"BKK, HND-NRT",1283,20220409-2108,best
1:30 pm – 9:30 am +2,Japan Airlines,SAN‐HKT,30h00m,2,"NRT-HND, BKK",2:40 pm – 11:30 am +1,Japan Airlines,HKT‐SAN,34h50m,2,"BKK, NRT",1286,20220409-2108,best
1:30 pm – 9:30 am +2,Japan Airlines,SAN‐HKT,30h00m,2,"NRT-HND, BKK",2:40 pm – 11:30 am +1,Japan Airlines,HKT‐SAN,34h50m,2,"BKK, HND-NRT",1291,20220409-2108,best
1:30 pm – 9:30 am +2,Japan Airlines,SAN‐HKT,30h00m,2,"NRT, BKK",2:40 pm – 11:30 am +1,Japan Airlines,HKT‐SAN,34h50m,2,"BKK, NRT",1292,20220409-2108,best
1:30 pm – 6:20 pm +2,Japan Airlines,SAN‐HKT,38h50m,2,"NRT-HND, BKK",7:10 pm – 11:30 am +1,Japan Airlines,HKT‐SAN,30h20m,2,"BKK, NRT",1282,20220409-2108,best
1:30 pm – 9:30 am +2,Japan Airlines,SAN‐HKT,30h00m,2,"NRT, BKK",10:20 am – 11:30 am +1,Japan Airlines,HKT‐SAN,39h10m,2,"BKK, HND-NRT",1283,20220409-2108,best
1:30 pm – 9:30 am +2,Japan Airlines,SAN‐HKT,30h00m,2,"NRT-HND, BKK",10:20 am – 11:30 am +1,Japan Airlines,HKT‐SAN,39h10m,2,"BKK, NRT",1286,20220409-2108,best
1:30 pm – 9:30 am +2,Japan Airlines,SAN‐HKT,30h00m,2,"NRT-HND, BKK",10:20 am – 11:30 am +1,Japan Airlines,HKT‐SAN,39h10m,2,"BKK, HND-NRT",1291,20220409-2108,best
1:30 pm – 9:30 am +2,Japan Airlines,SAN‐HKT,30h00m,2,"NRT, BKK",10:20 am – 11:30 am +1,Japan Airlines,HKT‐SAN,39h10m,2,"BKK, NRT",1292,20220409-2108,best
1:30 pm – 6:20 pm +2,Japan Airlines,SAN‐HKT,38h50m,2,"NRT, BKK",7:10 pm – 11:30 am +1,Japan Airlines,HKT‐SAN,30h20m,2,"BKK, NRT",1292,20220409-2108,best
8:50 pm – 2:00 pm +2,Multiple Airlines,SAN‐HKT,27h10m,3,"SEA, TPE, ...",8:15 am – 9:40 pm,Multiple Airlines,HKT‐SAN,27h25m,3,"BKK, TPE, ...",1598,20220409-2108,best
8:50 pm – 2:00 pm +2,Multiple Airlines,SAN‐HKT,27h10m,3,"SEA, TPE, ...",8:15 am – 9:40 pm,Multiple Airlines,HKT‐SAN,27h25m,3,"BKK, TPE, ...",1598,20220409-2108,best
8:50 pm – 2:00 pm +2,Multiple Airlines,SAN‐HKT,27h10m,3,"SEA, TPE, ...",8:15 am – 9:40 pm,Multiple Airlines,HKT‐SAN,27h25m,3,"BKK, TPE, ...",1598,20220409-2108,best
8:50 pm – 2:00 pm +2,Multiple Airlines,SAN‐HKT,27h10m,3,"SEA, TPE, ...",1:00 pm – 11:59 pm,Multiple Airlines,HKT‐SAN,24h59m,3,"BKK, TPE, ...",1698,20220409-2112,fast
8:50 pm – 2:00 pm +2,"Alaska Airlines, EVA Air",SAN‐HKT,27h10m,3,"SEA, TPE, ...",1:00 pm – 11:59 pm,Multiple Airlines,HKT‐SAN,24h59m,3,"BKK, TPE, ...",1698,20220409-2112,fast
5:15 pm – 9:35 am +2,Singapore Airlines,SAN‐HKT,26h20m,2,"SFO, SIN",11:40 am – 11:47 pm,Singapore Airlines,HKT‐SAN,26h07m,2,"SIN, SFO",2657,20220409-2112,fast
8:00 am – 12:10 am +2,United Airlines,SAN‐HKT,26h10m,2,"SFO, ICN",1:30 am – 2:35 pm,United Airlines,HKT‐SAN,27h05m,2,"ICN, SFO",7502,20220409-2112,fast
8:50 pm – 2:00 pm +2,"Alaska Airlines, EVA Air",SAN‐HKT,27h10m,3,"SEA, TPE, ...",11:40 am – 11:59 pm,Multiple Airlines,HKT‐SAN,26h19m,3,"BKK, TPE, ...",1698,20220409-2112,fast
8:50 pm – 2:00 pm +2,Multiple Airlines,SAN‐HKT,27h10m,3,"SEA, TPE, ...",11:40 am – 11:59 pm,Multiple Airlines,HKT‐SAN,26h19m,3,"BKK, TPE, ...",1698,20220409-2112,fast
8:00 am – 12:10 am +2,"Air Canada, Asiana Airlines",SAN‐HKT,26h10m,2,"YVR, ICN",1:30 am – 2:56 pm,Multiple Airlines,HKT‐SAN,27h26m,2,"ICN, SFO",13132,20220409-2112,fast
5:15 pm – 10:50 am +2,Singapore Airlines,SAN‐HKT,27h35m,2,"SFO, SIN",11:40 am – 11:47 pm,Singapore Airlines,HKT‐SAN,26h07m,2,"SIN, SFO",2657,20220409-2112,fast
3:10 pm – 9:35 am +2,Singapore Airlines,SAN‐HKT,28h25m,2,"SFO, SIN",11:40 am – 11:47 pm,Singapore Airlines,HKT‐SAN,26h07m,2,"SIN, SFO",2657,20220409-2112,fast
8:50 pm – 2:00 pm +2,Multiple Airlines,SAN‐HKT,27h10m,3,"SEA, TPE, ...",8:15 am – 9:40 pm,Multiple Airlines,HKT‐SAN,27h25m,3,"BKK, TPE, ...",1598,20220409-2112,fast
8:50 pm – 2:00 pm +2,Multiple Airlines,SAN‐HKT,27h10m,3,"SEA, TPE, ...",8:15 am – 9:40 pm,Multiple Airlines,HKT‐SAN,27h25m,3,"BKK, TPE, ...",1598,20220409-2112,fast
8:50 pm – 2:00 pm +2,Multiple Airlines,SAN‐HKT,27h10m,3,"SEA, TPE, ...",8:15 am – 9:40 pm,Multiple Airlines,HKT‐SAN,27h25m,3,"BKK, TPE, ...",1598,20220409-2112,fast
6:53 pm – 9:35 am +2,"United Airlines, Singapore Airlines",SAN‐HKT,24h42m,2,"SFO, SIN",8:10 pm – 12:23 pm +1,"Singapore Airlines, United Airlines",HKT‐SAN,30h13m,2,"SIN, SFO",8350,20220409-2112,fast
6:15 am – 12:10 am +2,United Airlines,SAN‐HKT,27h55m,2,"SFO, ICN",1:30 am – 2:35 pm,United Airlines,HKT‐SAN,27h05m,2,"ICN, SFO",7502,20220409-2112,fast
3:10 pm – 9:35 am +2,Singapore Airlines,SAN‐HKT,28h25m,2,"SFO, SIN",10:25 am – 11:47 pm,Singapore Airlines,HKT‐SAN,27h22m,2,"SIN, SFO",2657,20220409-2112,fast
