Out Time,Out Airline,Out Cities,Out Duration,Out Stops,Out Stop Cities,Return Time,Return Airline,Return Cities,Return Duration,Return Stops,Return Stop Cities,Price,timestamp,sort
12:35 pm – 6:55 am +2,"Alaska Airlines, Qatar Airways",SAN‐HKT,28h20m,2,"SFO, DOH",11:55 pm – 9:49 pm +1,"Qatar Airways, Alaska Airlines",HKT‐SAN,35h54m,2,"DOH, JFK",1258,20220406-1222,cheap
6:25 am – 6:55 am +2,"Alaska Airlines, Qatar Airways",SAN‐HKT,34h30m,2,"SFO, DOH",11:55 pm – 9:49 pm +1,"Qatar Airways, Alaska Airlines",HKT‐SAN,35h54m,2,"DOH, JFK",1258,20220406-1222,cheap
12:35 pm – 1:15 pm +2,"Alaska Airlines, Qatar Airways",SAN‐HKT,34h40m,2,"SFO, DOH",11:55 pm – 9:49 pm +1,"Qatar Airways, Alaska Airlines",HKT‐SAN,35h54m,2,"DOH, JFK",1258,20220406-1222,cheap
6:25 am – 1:15 pm +2,"Alaska Airlines, Qatar Airways",SAN‐HKT,40h50m,2,"SFO, DOH",11:55 pm – 9:49 pm +1,"Qatar Airways, Alaska Airlines",HKT‐SAN,35h54m,2,"DOH, JFK",1258,20220406-1222,cheap
6:25 am – 9:35 am +2,"Alaska Airlines, Singapore Airlines",SAN‐HKT,37h10m,2,"SFO, SIN",8:10 pm – 11:58 pm +1,Singapore Airlines,HKT‐SAN,41h48m,2,"SIN, SFO",1266,20220406-1222,cheap
6:25 am – 9:35 am +2,"Alaska Airlines, Singapore Airlines",SAN‐HKT,37h10m,2,"SFO, SIN",8:10 pm – 7:32 am +2,Singapore Airlines,HKT‐SAN,49h22m,2,"SIN, SFO",1266,20220406-1222,cheap
11:50 am – 6:55 am +2,"Alaska Airlines, Qatar Airways",SAN‐HKT,29h05m,2,"SEA, DOH",11:55 pm – 9:49 pm +1,"Qatar Airways, Alaska Airlines",HKT‐SAN,35h54m,2,"DOH, JFK",1274,20220406-1222,cheap
8:00 am – 6:55 am +2,"Alaska Airlines, Qatar Airways",SAN‐HKT,32h55m,2,"SEA, DOH",11:55 pm – 9:49 pm +1,"Qatar Airways, Alaska Airlines",HKT‐SAN,35h54m,2,"DOH, JFK",1274,20220406-1222,cheap
6:15 am – 6:55 am +2,"Alaska Airlines, Qatar Airways",SAN‐HKT,34h40m,2,"SEA, DOH",11:55 pm – 9:49 pm +1,"Qatar Airways, Alaska Airlines",HKT‐SAN,35h54m,2,"DOH, JFK",1274,20220406-1222,cheap
11:50 am – 1:15 pm +2,"Alaska Airlines, Qatar Airways",SAN‐HKT,35h25m,2,"SEA, DOH",11:55 pm – 9:49 pm +1,"Qatar Airways, Alaska Airlines",HKT‐SAN,35h54m,2,"DOH, JFK",1274,20220406-1222,cheap
8:00 am – 1:15 pm +2,"Alaska Airlines, Qatar Airways",SAN‐HKT,39h15m,2,"SEA, DOH",11:55 pm – 9:49 pm +1,"Qatar Airways, Alaska Airlines",HKT‐SAN,35h54m,2,"DOH, JFK",1274,20220406-1222,cheap
6:15 am – 1:15 pm +2,"Alaska Airlines, Qatar Airways",SAN‐HKT,41h00m,2,"SEA, DOH",11:55 pm – 9:49 pm +1,"Qatar Airways, Alaska Airlines",HKT‐SAN,35h54m,2,"DOH, JFK",1274,20220406-1222,cheap
12:35 pm – 6:55 am +2,"Alaska Airlines, Qatar Airways",SAN‐HKT,28h20m,2,"SFO, DOH",9:05 pm – 9:49 pm +1,"Qatar Airways, Alaska Airlines",HKT‐SAN,38h44m,2,"DOH, JFK",1321,20220406-1222,cheap
12:35 pm – 6:55 am +2,"Alaska Airlines, Qatar Airways",SAN‐HKT,28h20m,2,"SFO, DOH",9:05 pm – 9:49 pm +1,"Qatar Airways, Alaska Airlines",HKT‐SAN,38h44m,2,"DOH, JFK",1321,20220406-1222,cheap
11:50 am – 6:55 am +2,"Alaska Airlines, Qatar Airways",SAN‐HKT,29h05m,2,"SEA, DOH",9:05 pm – 9:49 pm +1,"Qatar Airways, Alaska Airlines",HKT‐SAN,38h44m,2,"DOH, JFK",1337,20220406-1222,cheap
12:35 pm – 6:55 am +2,"Alaska Airlines, Qatar Airways",SAN‐HKT,28h20m,2,"SFO, DOH",11:55 pm – 5:42 pm +1,"Qatar Airways, Alaska Airlines",HKT‐SAN,31h47m,2,"DOH, SFO",1364,20220406-1220,best
12:35 pm – 6:55 am +2,"Alaska Airlines, Qatar Airways",SAN‐HKT,28h20m,2,"SFO, DOH",11:55 pm – 9:49 pm +1,"Qatar Airways, Alaska Airlines",HKT‐SAN,35h54m,2,"DOH, JFK",1258,20220406-1220,best
11:50 am – 6:55 am +2,"Alaska Airlines, Qatar Airways",SAN‐HKT,29h05m,2,"SEA, DOH",11:55 pm – 5:42 pm +1,"Qatar Airways, Alaska Airlines",HKT‐SAN,31h47m,2,"DOH, SFO",1380,20220406-1220,best
12:35 pm – 6:55 am +2,"Alaska Airlines, Qatar Airways",SAN‐HKT,28h20m,2,"SFO, DOH",11:55 pm – 6:57 pm +1,"Qatar Airways, Alaska Airlines",HKT‐SAN,33h02m,2,"DOH, SFO",1364,20220406-1220,best
12:35 pm – 6:55 am +2,"Alaska Airlines, Qatar Airways",SAN‐HKT,28h20m,2,"SFO, DOH",9:05 pm – 5:42 pm +1,"Qatar Airways, Alaska Airlines",HKT‐SAN,34h37m,2,"DOH, SFO",1367,20220406-1220,best
11:50 am – 6:55 am +2,"Alaska Airlines, Qatar Airways",SAN‐HKT,29h05m,2,"SEA, DOH",11:55 pm – 6:57 pm +1,"Qatar Airways, Alaska Airlines",HKT‐SAN,33h02m,2,"DOH, SFO",1380,20220406-1220,best
11:50 am – 6:55 am +2,"Alaska Airlines, Qatar Airways",SAN‐HKT,29h05m,2,"SEA, DOH",11:55 pm – 9:49 pm +1,"Qatar Airways, Alaska Airlines",HKT‐SAN,35h54m,2,"DOH, JFK",1274,20220406-1220,best
12:35 pm – 6:55 am +2,"Alaska Airlines, Qatar Airways",SAN‐HKT,28h20m,2,"SFO, DOH",11:55 pm – 10:18 pm +1,Qatar Airways,HKT‐SAN,36h23m,2,"DOH, SEA",1389,20220406-1220,best
11:50 am – 6:55 am +2,"Alaska Airlines, Qatar Airways",SAN‐HKT,29h05m,2,"SEA, DOH",11:55 pm – 10:18 pm +1,Qatar Airways,HKT‐SAN,36h23m,2,"DOH, SEA",1380,20220406-1220,best
12:35 pm – 6:55 am +2,"Alaska Airlines, Qatar Airways",SAN‐HKT,28h20m,2,"SFO, DOH",9:05 pm – 9:49 pm +1,"Qatar Airways, Alaska Airlines",HKT‐SAN,38h44m,2,"DOH, JFK",1321,20220406-1220,best
12:35 pm – 6:55 am +2,"Alaska Airlines, Qatar Airways",SAN‐HKT,28h20m,2,"SFO, DOH",9:05 pm – 9:49 pm +1,"Qatar Airways, Alaska Airlines",HKT‐SAN,38h44m,2,"DOH, JFK",1321,20220406-1220,best
11:50 am – 6:55 am +2,"Alaska Airlines, Qatar Airways",SAN‐HKT,29h05m,2,"SEA, DOH",9:05 pm – 5:42 pm +1,"Qatar Airways, Alaska Airlines",HKT‐SAN,34h37m,2,"DOH, SFO",1510,20220406-1220,best
8:00 am – 6:55 am +2,"Alaska Airlines, Qatar Airways",SAN‐HKT,32h55m,2,"SEA, DOH",11:55 pm – 6:57 pm +1,"Qatar Airways, Alaska Airlines",HKT‐SAN,33h02m,2,"DOH, SFO",1380,20220406-1220,best
12:35 pm – 6:55 am +2,"Alaska Airlines, Qatar Airways",SAN‐HKT,28h20m,2,"SFO, DOH",9:05 pm – 10:18 pm +1,"Qatar Airways, Alaska Airlines",HKT‐SAN,39h13m,2,"DOH, SEA",1342,20220406-1220,best
11:50 am – 6:55 am +2,"Alaska Airlines, Qatar Airways",SAN‐HKT,29h05m,2,"SEA, DOH",11:55 pm – 11:38 pm +1,Qatar Airways,HKT‐SAN,37h43m,2,"DOH, SEA",1380,20220406-1220,best
5:40 pm – 9:35 am +2,Singapore Airlines,SAN‐HKT,25h55m,2,"SFO, SIN",11:40 am – 11:58 pm,Singapore Airlines,HKT‐SAN,26h18m,2,"SIN, SFO",3754,20220406-1225,fast
4:25 pm – 9:35 am +2,Singapore Airlines,SAN‐HKT,27h10m,2,"SFO, SIN",11:40 am – 11:58 pm,Singapore Airlines,HKT‐SAN,26h18m,2,"SIN, SFO",3754,20220406-1225,fast
5:40 pm – 9:35 am +2,Singapore Airlines,SAN‐HKT,25h55m,2,"SFO, SIN",10:25 am – 11:58 pm,Singapore Airlines,HKT‐SAN,27h33m,2,"SIN, SFO",3754,20220406-1225,fast
5:40 pm – 10:50 am +2,"Alaska Airlines, Singapore Airlines",SAN‐HKT,27h10m,2,"SFO, SIN",11:40 am – 11:58 pm,"Singapore Airlines, Alaska Airlines",HKT‐SAN,26h18m,2,"SIN, SFO",3754,20220406-1225,fast
12:35 pm – 6:55 am +2,Qatar Airways,SAN‐HKT,28h20m,2,"SFO, DOH",11:40 am – 11:58 pm,Singapore Airlines,HKT‐SAN,26h18m,2,"SIN, SFO",3439,20220406-1225,fast
4:25 pm – 9:35 am +2,Singapore Airlines,SAN‐HKT,27h10m,2,"SFO, SIN",10:25 am – 11:58 pm,Singapore Airlines,HKT‐SAN,27h33m,2,"SIN, SFO",3754,20220406-1225,fast
4:25 pm – 10:50 am +2,"Alaska Airlines, Singapore Airlines",SAN‐HKT,28h25m,2,"SFO, SIN",11:40 am – 11:58 pm,"Singapore Airlines, Alaska Airlines",HKT‐SAN,26h18m,2,"SIN, SFO",3754,20220406-1225,fast
5:40 pm – 10:50 am +2,Singapore Airlines,SAN‐HKT,27h10m,2,"SFO, SIN",10:25 am – 11:58 pm,"Singapore Airlines, Alaska Airlines",HKT‐SAN,27h33m,2,"SIN, SFO",3754,20220406-1225,fast
11:50 am – 6:55 am +2,Qatar Airways,SAN‐HKT,29h05m,2,"SEA, DOH",11:40 am – 11:58 pm,Singapore Airlines,HKT‐SAN,26h18m,2,"SIN, SFO",3469,20220406-1225,fast
2:15 pm – 9:35 am +2,"Alaska Airlines, Singapore Airlines",SAN‐HKT,29h20m,2,"SFO, SIN",11:40 am – 11:58 pm,Singapore Airlines,HKT‐SAN,26h18m,2,"SIN, SFO",3754,20220406-1225,fast
12:35 pm – 6:55 am +2,Qatar Airways,SAN‐HKT,28h20m,2,"SFO, DOH",10:25 am – 11:58 pm,Singapore Airlines,HKT‐SAN,27h33m,2,"SIN, SFO",3478,20220406-1225,fast
4:25 pm – 10:50 am +2,Singapore Airlines,SAN‐HKT,28h25m,2,"SFO, SIN",10:25 am – 11:58 pm,"Singapore Airlines, Alaska Airlines",HKT‐SAN,27h33m,2,"SIN, SFO",3754,20220406-1225,fast
11:50 am – 6:55 am +2,Qatar Airways,SAN‐HKT,29h05m,2,"SEA, DOH",10:25 am – 11:58 pm,Singapore Airlines,HKT‐SAN,27h33m,2,"SIN, SFO",3491,20220406-1225,fast
2:15 pm – 10:50 am +2,"Alaska Airlines, Singapore Airlines",SAN‐HKT,30h35m,2,"SFO, SIN",11:40 am – 11:58 pm,"Singapore Airlines, Alaska Airlines",HKT‐SAN,26h18m,2,"SIN, SFO",3754,20220406-1225,fast
2:15 pm – 9:35 am +2,"Alaska Airlines, Singapore Airlines",SAN‐HKT,29h20m,2,"SFO, SIN",10:25 am – 11:58 pm,"Singapore Airlines, Alaska Airlines",HKT‐SAN,27h33m,2,"SIN, SFO",3754,20220406-1225,fast
