Out Time,Out Airline,Out Cities,Out Duration,Out Stops,Out Stop Cities,Return Time,Return Airline,Return Cities,Return Duration,Return Stops,Return Stop Cities,Price,timestamp,sort
8:55 pm – 6:55 am +3,Multiple Airlines,SAN‐HKT,44h00m,3,"SJC-SFO, MUC, ...",8:50 am – 1:50 am +1,Multiple Airlines,HKT‐SAN,31h00m,3,"BKK, MNL, ...",1254,20220406-1018,cheap
12:35 pm – 7:20 am +2,Qatar Airways,SAN‐HKT,28h45m,2,"SFO, DOH",11:55 pm – 5:04 pm +1,Qatar Airways,HKT‐SAN,31h09m,2,"DOH, SEA",1514,20220406-1018,cheap
12:35 pm – 7:20 am +2,Qatar Airways,SAN‐HKT,28h45m,2,"SFO, DOH",11:55 pm – 6:45 pm +1,Qatar Airways,HKT‐SAN,32h50m,2,"DOH, SEA",1514,20220406-1018,cheap
12:35 pm – 1:15 pm +2,Qatar Airways,SAN‐HKT,34h40m,2,"SFO, DOH",11:55 pm – 5:04 pm +1,Qatar Airways,HKT‐SAN,31h09m,2,"DOH, SEA",1514,20220406-1018,cheap
12:35 pm – 1:15 pm +2,Qatar Airways,SAN‐HKT,34h40m,2,"SFO, DOH",11:55 pm – 6:45 pm +1,Qatar Airways,HKT‐SAN,32h50m,2,"DOH, SEA",1514,20220406-1018,cheap
10:45 am – 7:20 am +2,"Alaska Airlines, Qatar Airways",SAN‐HKT,30h35m,2,"SFO, DOH",11:55 pm – 5:04 pm +1,"Qatar Airways, Alaska Airlines",HKT‐SAN,31h09m,2,"DOH, SEA",1533,20220406-1018,cheap
10:45 am – 7:20 am +2,"Alaska Airlines, Qatar Airways",SAN‐HKT,30h35m,2,"SFO, DOH",11:55 pm – 6:45 pm +1,"Qatar Airways, Alaska Airlines",HKT‐SAN,32h50m,2,"DOH, SEA",1533,20220406-1018,cheap
8:10 am – 7:20 am +2,"Alaska Airlines, Qatar Airways",SAN‐HKT,33h10m,2,"SFO, DOH",11:55 pm – 5:04 pm +1,"Qatar Airways, Alaska Airlines",HKT‐SAN,31h09m,2,"DOH, SEA",1533,20220406-1018,cheap
8:10 am – 7:20 am +2,"Alaska Airlines, Qatar Airways",SAN‐HKT,33h10m,2,"SFO, DOH",11:55 pm – 6:45 pm +1,"Qatar Airways, Alaska Airlines",HKT‐SAN,32h50m,2,"DOH, SEA",1533,20220406-1018,cheap
6:25 am – 7:20 am +2,"Alaska Airlines, Qatar Airways",SAN‐HKT,34h55m,2,"SFO, DOH",11:55 pm – 5:04 pm +1,"Qatar Airways, Alaska Airlines",HKT‐SAN,31h09m,2,"DOH, SEA",1533,20220406-1018,cheap
6:25 am – 7:20 am +2,"Alaska Airlines, Qatar Airways",SAN‐HKT,34h55m,2,"SFO, DOH",11:55 pm – 6:45 pm +1,"Qatar Airways, Alaska Airlines",HKT‐SAN,32h50m,2,"DOH, SEA",1533,20220406-1018,cheap
4:25 pm – 1:15 pm +3,"Alaska Airlines, Qatar Airways",SAN‐HKT,54h50m,2,"SFO, DOH",11:55 pm – 5:04 pm +1,"Qatar Airways, Alaska Airlines",HKT‐SAN,31h09m,2,"DOH, SEA",1541,20220406-1018,cheap
4:25 pm – 1:15 pm +3,"Alaska Airlines, Qatar Airways",SAN‐HKT,54h50m,2,"SFO, DOH",11:55 pm – 6:45 pm +1,"Qatar Airways, Alaska Airlines",HKT‐SAN,32h50m,2,"DOH, SEA",1541,20220406-1018,cheap
7:25 am – 7:20 am +2,"American Airlines, Qatar Airways",SAN‐HKT,33h55m,3,"CLT, BOS, ...",11:55 pm – 9:14 am +2,"Qatar Airways, American Airlines",HKT‐SAN,47h19m,3,"DOH, BOS, ...",1543,20220406-1018,cheap
7:25 am – 7:20 am +2,"American Airlines, Qatar Airways",SAN‐HKT,33h55m,3,"CLT, BOS, ...",11:55 pm – 9:14 am +2,"Qatar Airways, American Airlines",HKT‐SAN,47h19m,3,"DOH, PHL, ...",1543,20220406-1018,cheap
12:35 pm – 7:20 am +2,Qatar Airways,SAN‐HKT,28h45m,2,"SFO, DOH",11:55 pm – 5:04 pm +1,Qatar Airways,HKT‐SAN,31h09m,2,"DOH, SEA",1514,20220406-1015,best
8:55 pm – 6:55 am +3,Multiple Airlines,SAN‐HKT,44h00m,3,"SJC-SFO, MUC, ...",8:50 am – 1:50 am +1,Multiple Airlines,HKT‐SAN,31h00m,3,"BKK, MNL, ...",1254,20220406-1015,best
12:35 pm – 7:20 am +2,Qatar Airways,SAN‐HKT,28h45m,2,"SFO, DOH",11:55 pm – 6:45 pm +1,Qatar Airways,HKT‐SAN,32h50m,2,"DOH, SEA",1514,20220406-1015,best
11:50 am – 7:20 am +2,"Alaska Airlines, Qatar Airways",SAN‐HKT,29h30m,2,"SEA, DOH",11:55 pm – 5:04 pm +1,"Qatar Airways, Alaska Airlines",HKT‐SAN,31h09m,2,"DOH, SEA",1558,20220406-1015,best
12:35 pm – 7:20 am +2,Qatar Airways,SAN‐HKT,28h45m,2,"SFO, DOH",11:55 pm – 5:58 pm +1,Qatar Airways,HKT‐SAN,32h03m,2,"DOH, SFO",1588,20220406-1015,best
10:45 am – 7:20 am +2,"Alaska Airlines, Qatar Airways",SAN‐HKT,30h35m,2,"SFO, DOH",11:55 pm – 5:04 pm +1,"Qatar Airways, Alaska Airlines",HKT‐SAN,31h09m,2,"DOH, SEA",1533,20220406-1015,best
11:50 am – 7:20 am +2,"Alaska Airlines, Qatar Airways",SAN‐HKT,29h30m,2,"SEA, DOH",11:55 pm – 6:45 pm +1,"Qatar Airways, Alaska Airlines",HKT‐SAN,32h50m,2,"DOH, SEA",1558,20220406-1015,best
11:50 am – 7:20 am +2,"Alaska Airlines, Qatar Airways",SAN‐HKT,29h30m,2,"SEA, DOH",11:55 pm – 5:58 pm +1,"Qatar Airways, Alaska Airlines",HKT‐SAN,32h03m,2,"DOH, SFO",1610,20220406-1015,best
10:45 am – 7:20 am +2,"Alaska Airlines, Qatar Airways",SAN‐HKT,30h35m,2,"SFO, DOH",11:55 pm – 6:45 pm +1,"Qatar Airways, Alaska Airlines",HKT‐SAN,32h50m,2,"DOH, SEA",1533,20220406-1015,best
10:45 am – 7:20 am +2,"Alaska Airlines, Qatar Airways",SAN‐HKT,30h35m,2,"SFO, DOH",11:55 pm – 5:58 pm +1,"Qatar Airways, Alaska Airlines",HKT‐SAN,32h03m,2,"DOH, SFO",1594,20220406-1015,best
12:35 pm – 1:15 pm +2,Qatar Airways,SAN‐HKT,34h40m,2,"SFO, DOH",11:55 pm – 5:04 pm +1,Qatar Airways,HKT‐SAN,31h09m,2,"DOH, SEA",1514,20220406-1015,best
12:35 pm – 7:20 am +2,Qatar Airways,SAN‐HKT,28h45m,2,"SFO, DOH",11:55 pm – 9:37 pm +1,"Qatar Airways, Alaska Airlines",HKT‐SAN,35h42m,2,"DOH, SEA",1544,20220406-1015,best
8:10 am – 7:20 am +2,"Alaska Airlines, Qatar Airways",SAN‐HKT,33h10m,2,"SFO, DOH",11:55 pm – 5:04 pm +1,"Qatar Airways, Alaska Airlines",HKT‐SAN,31h09m,2,"DOH, SEA",1533,20220406-1015,best
7:50 am – 7:20 am +2,Qatar Airways,SAN‐HKT,33h30m,2,"SEA, DOH",11:55 pm – 5:04 pm +1,"Qatar Airways, Alaska Airlines",HKT‐SAN,31h09m,2,"DOH, SEA",1569,20220406-1015,best
11:50 am – 7:20 am +2,Qatar Airways,SAN‐HKT,29h30m,2,"SEA, DOH",11:55 pm – 9:37 pm +1,"Qatar Airways, Alaska Airlines",HKT‐SAN,35h42m,2,"DOH, SEA",1569,20220406-1015,best
12:35 pm – 7:20 am +2,Qatar Airways,SAN‐HKT,28h45m,2,"SFO, DOH",11:55 pm – 9:43 pm +1,Qatar Airways,HKT‐SAN,35h48m,2,"DOH, JFK",1606,20220406-1015,best
4:25 pm – 9:35 am +2,Singapore Airlines,SAN‐HKT,27h10m,2,"SFO, SIN",11:40 am – 11:05 pm,Singapore Airlines,HKT‐SAN,25h25m,2,"SIN, SFO",4126,20220406-1020,fast
4:25 pm – 9:35 am +2,Singapore Airlines,SAN‐HKT,27h10m,2,"SFO, SIN",10:25 am – 11:05 pm,Singapore Airlines,HKT‐SAN,26h40m,2,"SIN, SFO",4126,20220406-1020,fast
4:25 pm – 10:50 am +2,Singapore Airlines,SAN‐HKT,28h25m,2,"SFO, SIN",11:40 am – 11:05 pm,Singapore Airlines,HKT‐SAN,25h25m,2,"SIN, SFO",4126,20220406-1020,fast
12:35 pm – 7:20 am +2,Qatar Airways,SAN‐HKT,28h45m,2,"SFO, DOH",11:40 am – 11:05 pm,Singapore Airlines,HKT‐SAN,25h25m,2,"SIN, SFO",4078,20220406-1020,fast
2:15 pm – 9:35 am +2,Singapore Airlines,SAN‐HKT,29h20m,2,"SFO, SIN",11:40 am – 11:05 pm,Singapore Airlines,HKT‐SAN,25h25m,2,"SIN, SFO",4126,20220406-1020,fast
11:50 am – 7:20 am +2,Qatar Airways,SAN‐HKT,29h30m,2,"SEA, DOH",11:40 am – 11:05 pm,Singapore Airlines,HKT‐SAN,25h25m,2,"SIN, SFO",4114,20220406-1020,fast
4:25 pm – 10:50 am +2,Singapore Airlines,SAN‐HKT,28h25m,2,"SFO, SIN",10:25 am – 11:05 pm,Singapore Airlines,HKT‐SAN,26h40m,2,"SIN, SFO",4126,20220406-1020,fast
12:35 pm – 7:20 am +2,Qatar Airways,SAN‐HKT,28h45m,2,"SFO, DOH",10:25 am – 11:05 pm,Singapore Airlines,HKT‐SAN,26h40m,2,"SIN, SFO",4078,20220406-1020,fast
2:15 pm – 9:35 am +2,Singapore Airlines,SAN‐HKT,29h20m,2,"SFO, SIN",10:25 am – 11:05 pm,Singapore Airlines,HKT‐SAN,26h40m,2,"SIN, SFO",4126,20220406-1020,fast
2:15 pm – 10:50 am +2,Singapore Airlines,SAN‐HKT,30h35m,2,"SFO, SIN",11:40 am – 11:05 pm,Singapore Airlines,HKT‐SAN,25h25m,2,"SIN, SFO",4126,20220406-1020,fast
11:50 am – 7:20 am +2,Qatar Airways,SAN‐HKT,29h30m,2,"SEA, DOH",10:25 am – 11:05 pm,Singapore Airlines,HKT‐SAN,26h40m,2,"SIN, SFO",4114,20220406-1020,fast
2:15 pm – 10:50 am +2,Singapore Airlines,SAN‐HKT,30h35m,2,"SFO, SIN",10:25 am – 11:05 pm,Singapore Airlines,HKT‐SAN,26h40m,2,"SIN, SFO",4126,20220406-1020,fast
4:25 pm – 9:35 am +2,Singapore Airlines,SAN‐HKT,27h10m,2,"SFO, SIN",8:10 pm – 1:28 pm +1,Singapore Airlines,HKT‐SAN,31h18m,2,"SIN, SFO",3924,20220406-1020,fast
7:50 am – 7:20 am +2,Qatar Airways,SAN‐HKT,33h30m,2,"SEA, DOH",11:40 am – 11:05 pm,Singapore Airlines,HKT‐SAN,25h25m,2,"SIN, SFO",4114,20220406-1020,fast
7:05 am – 7:20 am +2,Qatar Airways,SAN‐HKT,34h15m,2,"JFK, DOH",11:40 am – 11:05 pm,Singapore Airlines,HKT‐SAN,25h25m,2,"SIN, SFO",4214,20220406-1020,fast
