Out Time,Out Airline,Out Cities,Out Duration,Out Stops,Out Stop Cities,Return Time,Return Airline,Return Cities,Return Duration,Return Stops,Return Stop Cities,Price,timestamp,sort
8:22 pm – 9:35 am +3,"JetBlue, Singapore Airlines",SAN‐HKT,47h13m,3,"JFK, FRA, ...",8:10 pm – 10:07 pm +1,"Singapore Airlines, Delta",HKT‐SAN,39h57m,3,"SIN, NRT, ...",1272,20220406-1150,cheap
8:00 am – 1:15 pm +2,"Alaska Airlines, Qatar Airways",SAN‐HKT,39h15m,2,"SEA, DOH",11:55 pm – 5:04 pm +1,"Qatar Airways, Alaska Airlines",HKT‐SAN,31h09m,2,"DOH, SEA",1386,20220406-1150,cheap
8:00 am – 1:15 pm +2,"Alaska Airlines, Qatar Airways",SAN‐HKT,39h15m,2,"SEA, DOH",11:55 pm – 6:45 pm +1,"Qatar Airways, Alaska Airlines",HKT‐SAN,32h50m,2,"DOH, SEA",1386,20220406-1150,cheap
8:45 pm – 1:15 pm +3,"Alaska Airlines, Qatar Airways",SAN‐HKT,50h30m,2,"SEA, DOH",11:55 pm – 5:04 pm +1,"Qatar Airways, Alaska Airlines",HKT‐SAN,31h09m,2,"DOH, SEA",1392,20220406-1150,cheap
8:45 pm – 1:15 pm +3,"Alaska Airlines, Qatar Airways",SAN‐HKT,50h30m,2,"SEA, DOH",11:55 pm – 6:45 pm +1,"Qatar Airways, Alaska Airlines",HKT‐SAN,32h50m,2,"DOH, SEA",1392,20220406-1150,cheap
6:40 pm – 1:15 pm +3,"Alaska Airlines, Qatar Airways",SAN‐HKT,52h35m,2,"SEA, DOH",11:55 pm – 5:04 pm +1,"Qatar Airways, Alaska Airlines",HKT‐SAN,31h09m,2,"DOH, SEA",1398,20220406-1150,cheap
6:40 pm – 1:15 pm +3,"Alaska Airlines, Qatar Airways",SAN‐HKT,52h35m,2,"SEA, DOH",11:55 pm – 6:45 pm +1,"Qatar Airways, Alaska Airlines",HKT‐SAN,32h50m,2,"DOH, SEA",1398,20220406-1150,cheap
8:00 am – 1:15 pm +2,"Alaska Airlines, Qatar Airways",SAN‐HKT,39h15m,2,"SEA, DOH",11:55 pm – 8:46 am +2,"Qatar Airways, Alaska Airlines",HKT‐SAN,46h51m,2,"DOH, SEA",1411,20220406-1150,cheap
10:00 pm – 1:15 pm +3,"Alaska Airlines, Qatar Airways",SAN‐HKT,49h15m,2,"SFO, DOH",11:55 pm – 5:04 pm +1,"Qatar Airways, Alaska Airlines",HKT‐SAN,31h09m,2,"DOH, SEA",1429,20220406-1150,cheap
10:00 pm – 1:15 pm +3,"Alaska Airlines, Qatar Airways",SAN‐HKT,49h15m,2,"SFO, DOH",11:55 pm – 6:45 pm +1,"Qatar Airways, Alaska Airlines",HKT‐SAN,32h50m,2,"DOH, SEA",1429,20220406-1150,cheap
7:25 pm – 1:15 pm +3,"Alaska Airlines, Qatar Airways",SAN‐HKT,51h50m,2,"SFO, DOH",11:55 pm – 5:04 pm +1,"Qatar Airways, Alaska Airlines",HKT‐SAN,31h09m,2,"DOH, SEA",1429,20220406-1150,cheap
7:25 pm – 1:15 pm +3,"Alaska Airlines, Qatar Airways",SAN‐HKT,51h50m,2,"SFO, DOH",11:55 pm – 6:45 pm +1,"Qatar Airways, Alaska Airlines",HKT‐SAN,32h50m,2,"DOH, SEA",1429,20220406-1150,cheap
5:40 pm – 1:15 pm +3,"Alaska Airlines, Qatar Airways",SAN‐HKT,53h35m,2,"SFO, DOH",11:55 pm – 5:04 pm +1,"Qatar Airways, Alaska Airlines",HKT‐SAN,31h09m,2,"DOH, SEA",1429,20220406-1150,cheap
4:25 pm – 1:15 pm +3,"Alaska Airlines, Qatar Airways",SAN‐HKT,54h50m,2,"SFO, DOH",11:55 pm – 5:04 pm +1,"Qatar Airways, Alaska Airlines",HKT‐SAN,31h09m,2,"DOH, SEA",1429,20220406-1150,cheap
5:40 pm – 1:15 pm +3,"Alaska Airlines, Qatar Airways",SAN‐HKT,53h35m,2,"SFO, DOH",11:55 pm – 6:45 pm +1,"Qatar Airways, Alaska Airlines",HKT‐SAN,32h50m,2,"DOH, SEA",1429,20220406-1150,cheap
5:40 pm – 9:35 am +2,Singapore Airlines,SAN‐HKT,25h55m,2,"SFO, SIN",10:25 am – 11:05 pm,Singapore Airlines,HKT‐SAN,26h40m,2,"SIN, SFO",2089,20220406-1148,best
8:22 pm – 9:35 am +3,"JetBlue, Singapore Airlines",SAN‐HKT,47h13m,3,"JFK, FRA, ...",8:10 pm – 10:07 pm +1,"Singapore Airlines, Delta",HKT‐SAN,39h57m,3,"SIN, NRT, ...",1272,20220406-1148,best
5:40 pm – 9:35 am +2,Singapore Airlines,SAN‐HKT,25h55m,2,"SFO, SIN",11:40 am – 11:05 pm,Singapore Airlines,HKT‐SAN,25h25m,2,"SIN, SFO",2178,20220406-1148,best
4:25 pm – 9:35 am +2,Singapore Airlines,SAN‐HKT,27h10m,2,"SFO, SIN",10:25 am – 11:05 pm,Singapore Airlines,HKT‐SAN,26h40m,2,"SIN, SFO",2089,20220406-1148,best
4:25 pm – 9:35 am +2,Singapore Airlines,SAN‐HKT,27h10m,2,"SFO, SIN",11:40 am – 11:05 pm,Singapore Airlines,HKT‐SAN,25h25m,2,"SIN, SFO",2178,20220406-1148,best
5:40 pm – 9:35 am +2,Singapore Airlines,SAN‐HKT,25h55m,2,"SFO, SIN",8:10 pm – 10:07 pm +1,"Singapore Airlines, Delta",HKT‐SAN,39h57m,3,"SIN, NRT, ...",1655,20220406-1148,best
8:00 am – 1:15 pm +2,"Alaska Airlines, Qatar Airways",SAN‐HKT,39h15m,2,"SEA, DOH",11:55 pm – 5:04 pm +1,"Qatar Airways, Alaska Airlines",HKT‐SAN,31h09m,2,"DOH, SEA",1386,20220406-1148,best
12:35 pm – 1:15 pm +2,Qatar Airways,SAN‐HKT,34h40m,2,"SFO, DOH",11:55 pm – 5:04 pm +1,Qatar Airways,HKT‐SAN,31h09m,2,"DOH, SEA",1674,20220406-1148,best
4:25 pm – 9:35 am +2,Singapore Airlines,SAN‐HKT,27h10m,2,"SFO, SIN",8:10 pm – 10:07 pm +1,"Singapore Airlines, Delta",HKT‐SAN,39h57m,3,"SIN, NRT, ...",1655,20220406-1148,best
12:35 pm – 1:15 pm +2,Qatar Airways,SAN‐HKT,34h40m,2,"SFO, DOH",11:55 pm – 6:45 pm +1,Qatar Airways,HKT‐SAN,32h50m,2,"DOH, SEA",1674,20220406-1148,best
11:50 am – 1:15 pm +2,Qatar Airways,SAN‐HKT,35h25m,2,"SEA, DOH",11:55 pm – 5:04 pm +1,Qatar Airways,HKT‐SAN,31h09m,2,"DOH, SEA",1732,20220406-1148,best
12:35 pm – 1:15 pm +2,Qatar Airways,SAN‐HKT,34h40m,2,"SFO, DOH",11:55 pm – 5:58 pm +1,Qatar Airways,HKT‐SAN,32h03m,2,"DOH, SFO",1738,20220406-1148,best
7:05 am – 1:15 pm +2,Qatar Airways,SAN‐HKT,40h10m,2,"JFK, DOH",11:55 pm – 5:04 pm +1,Qatar Airways,HKT‐SAN,31h09m,2,"DOH, SEA",1627,20220406-1148,best
11:50 am – 1:15 pm +2,Qatar Airways,SAN‐HKT,35h25m,2,"SEA, DOH",11:55 pm – 5:58 pm +1,Qatar Airways,HKT‐SAN,32h03m,2,"DOH, SFO",1838,20220406-1148,best
7:05 am – 1:15 pm +2,Qatar Airways,SAN‐HKT,40h10m,2,"JFK, DOH",11:55 pm – 6:45 pm +1,Qatar Airways,HKT‐SAN,32h50m,2,"DOH, SEA",1627,20220406-1148,best
5:40 pm – 9:35 am +2,Singapore Airlines,SAN‐HKT,25h55m,2,"SFO, SIN",6:10 pm – 7:12 pm +1,"Singapore Airlines, JetBlue",HKT‐SAN,39h02m,3,"SIN, FRA, ...",2061,20220406-1148,best
5:40 pm – 9:35 am +2,Singapore Airlines,SAN‐HKT,25h55m,2,"SFO, SIN",11:40 am – 11:05 pm,Singapore Airlines,HKT‐SAN,25h25m,2,"SIN, SFO",2178,20220406-1152,fast
5:40 pm – 9:35 am +2,Singapore Airlines,SAN‐HKT,25h55m,2,"SFO, SIN",10:25 am – 11:05 pm,Singapore Airlines,HKT‐SAN,26h40m,2,"SIN, SFO",2089,20220406-1152,fast
4:25 pm – 9:35 am +2,Singapore Airlines,SAN‐HKT,27h10m,2,"SFO, SIN",11:40 am – 11:05 pm,Singapore Airlines,HKT‐SAN,25h25m,2,"SIN, SFO",2178,20220406-1152,fast
5:40 pm – 10:50 am +2,Singapore Airlines,SAN‐HKT,27h10m,2,"SFO, SIN",11:40 am – 11:05 pm,Singapore Airlines,HKT‐SAN,25h25m,2,"SIN, SFO",3183,20220406-1152,fast
4:25 pm – 9:35 am +2,Singapore Airlines,SAN‐HKT,27h10m,2,"SFO, SIN",10:25 am – 11:05 pm,Singapore Airlines,HKT‐SAN,26h40m,2,"SIN, SFO",2089,20220406-1152,fast
4:25 pm – 10:50 am +2,Singapore Airlines,SAN‐HKT,28h25m,2,"SFO, SIN",11:40 am – 11:05 pm,Singapore Airlines,HKT‐SAN,25h25m,2,"SIN, SFO",3183,20220406-1152,fast
5:40 pm – 9:35 am +2,Singapore Airlines,SAN‐HKT,25h55m,2,"SFO, SIN",11:55 pm – 5:58 pm +1,Qatar Airways,HKT‐SAN,32h03m,2,"DOH, SFO",2701,20220406-1152,fast
5:40 pm – 5:10 pm +2,Singapore Airlines,SAN‐HKT,33h30m,2,"SFO, SIN",11:40 am – 11:05 pm,Singapore Airlines,HKT‐SAN,25h25m,2,"SIN, SFO",3183,20220406-1152,fast
4:25 pm – 5:10 pm +2,Singapore Airlines,SAN‐HKT,34h45m,2,"SFO, SIN",11:40 am – 11:05 pm,Singapore Airlines,HKT‐SAN,25h25m,2,"SIN, SFO",3183,20220406-1152,fast
7:00 pm – 1:15 pm +2,"British Airways, Qatar Airways",SAN‐HKT,28h15m,2,"LHR, DOH",11:55 pm – 5:58 pm +1,Qatar Airways,HKT‐SAN,32h03m,2,"DOH, SFO",2436,20220406-1152,fast
7:00 pm – 1:15 pm +2,"British Airways, Qatar Airways",SAN‐HKT,28h15m,2,"LHR, DOH",11:55 pm – 5:58 pm +1,Qatar Airways,HKT‐SAN,32h03m,2,"DOH, SFO",2740,20220406-1152,fast
5:40 pm – 7:20 pm +2,Singapore Airlines,SAN‐HKT,35h40m,2,"SFO, SIN",11:40 am – 11:05 pm,Singapore Airlines,HKT‐SAN,25h25m,2,"SIN, SFO",2886,20220406-1152,fast
12:35 pm – 1:15 pm +2,"Alaska Airlines, Qatar Airways",SAN‐HKT,34h40m,2,"SFO, DOH",10:25 am – 11:05 pm,Singapore Airlines,HKT‐SAN,26h40m,2,"SIN, SFO",2293,20220406-1152,fast
5:40 pm – 9:35 am +2,Singapore Airlines,SAN‐HKT,25h55m,2,"SFO, SIN",11:55 pm – 9:20 pm +1,"Qatar Airways, Alaska Airlines",HKT‐SAN,35h25m,2,"DOH, SFO",2690,20220406-1152,fast
11:50 am – 1:15 pm +2,Qatar Airways,SAN‐HKT,35h25m,2,"SEA, DOH",10:25 am – 11:05 pm,Singapore Airlines,HKT‐SAN,26h40m,2,"SIN, SFO",2371,20220406-1152,fast
