Out Time,Out Airline,Out Cities,Out Duration,Out Stops,Out Stop Cities,Return Time,Return Airline,Return Cities,Return Duration,Return Stops,Return Stop Cities,Price,timestamp,sort
6:20 am – 6:55 am +2,"Alaska Airlines, Qatar Airways",SAN‐HKT,34h35m,2,"SFO, DOH",11:55 pm – 8:47 am +2,"Qatar Airways, Alaska Airlines",HKT‐SAN,46h52m,2,"DOH, SEA",1331,20220406-1307,cheap
6:20 am – 6:55 am +2,"Alaska Airlines, Qatar Airways",SAN‐HKT,34h35m,2,"SFO, DOH",11:55 pm – 10:53 am +2,"Qatar Airways, Alaska Airlines",HKT‐SAN,48h58m,2,"DOH, SEA",1331,20220406-1307,cheap
6:20 am – 6:55 am +2,"Alaska Airlines, Qatar Airways",SAN‐HKT,34h35m,2,"SFO, DOH",11:55 pm – 1:06 pm +2,"Qatar Airways, Alaska Airlines",HKT‐SAN,51h11m,2,"DOH, SEA",1331,20220406-1307,cheap
6:20 am – 6:55 am +2,"Alaska Airlines, Qatar Airways",SAN‐HKT,34h35m,2,"SFO, DOH",11:55 pm – 2:45 pm +2,"Qatar Airways, Alaska Airlines",HKT‐SAN,52h50m,2,"DOH, SEA",1331,20220406-1307,cheap
6:20 am – 1:15 pm +2,"Alaska Airlines, Qatar Airways",SAN‐HKT,40h55m,2,"SFO, DOH",11:55 pm – 8:47 am +2,"Qatar Airways, Alaska Airlines",HKT‐SAN,46h52m,2,"DOH, SEA",1331,20220406-1307,cheap
6:20 am – 1:15 pm +2,"Alaska Airlines, Qatar Airways",SAN‐HKT,40h55m,2,"SFO, DOH",11:55 pm – 10:53 am +2,"Qatar Airways, Alaska Airlines",HKT‐SAN,48h58m,2,"DOH, SEA",1331,20220406-1307,cheap
6:20 am – 6:55 am +2,"Alaska Airlines, Qatar Airways",SAN‐HKT,34h35m,2,"SFO, DOH",11:55 pm – 11:38 pm +1,"Qatar Airways, Alaska Airlines",HKT‐SAN,37h43m,2,"DOH, SEA",1345,20220406-1307,cheap
6:20 am – 1:15 pm +2,"Alaska Airlines, Qatar Airways",SAN‐HKT,40h55m,2,"SFO, DOH",11:55 pm – 11:38 pm +1,"Qatar Airways, Alaska Airlines",HKT‐SAN,37h43m,2,"DOH, SEA",1347,20220406-1307,cheap
6:15 am – 10:55 am +2,Multiple Airlines,SAN‐HKT,38h40m,2,"SJC-SFO, SGN",6:45 pm – 3:50 pm +1,Multiple Airlines,HKT‐SAN,35h05m,3,"BKK, MNL, ...",1375,20220406-1307,cheap
10:25 pm – 9:35 am +3,Singapore Airlines,SAN‐HKT,45h10m,2,"SFO, SIN",8:10 pm – 1:23 pm +1,"Singapore Airlines, Alaska Airlines",HKT‐SAN,31h13m,2,"SIN, SFO",1535,20220406-1307,cheap
10:25 pm – 10:50 am +3,Singapore Airlines,SAN‐HKT,46h25m,2,"SFO, SIN",8:10 pm – 1:23 pm +1,"Singapore Airlines, Alaska Airlines",HKT‐SAN,31h13m,2,"SIN, SFO",1535,20220406-1307,cheap
10:25 pm – 9:35 am +3,Singapore Airlines,SAN‐HKT,45h10m,2,"SFO, SIN",6:10 pm – 1:23 pm +1,"Singapore Airlines, Alaska Airlines",HKT‐SAN,33h13m,2,"SIN, SFO",1535,20220406-1307,cheap
10:25 pm – 10:50 am +3,Singapore Airlines,SAN‐HKT,46h25m,2,"SFO, SIN",6:10 pm – 1:23 pm +1,"Singapore Airlines, Alaska Airlines",HKT‐SAN,33h13m,2,"SIN, SFO",1535,20220406-1307,cheap
10:55 am – 6:55 am +2,"Alaska Airlines, Qatar Airways",SAN‐HKT,30h00m,2,"SFO, DOH",11:55 pm – 5:06 pm +1,"Qatar Airways, Alaska Airlines",HKT‐SAN,31h11m,2,"DOH, SEA",1539,20220406-1307,cheap
1:00 pm – 6:55 am +2,"Alaska Airlines, Qatar Airways",SAN‐HKT,27h55m,2,"SEA, DOH",11:55 pm – 5:06 pm +1,"Qatar Airways, Alaska Airlines",HKT‐SAN,31h11m,2,"DOH, SEA",1540,20220406-1307,cheap
1:00 pm – 6:55 am +2,"Alaska Airlines, Qatar Airways",SAN‐HKT,27h55m,2,"SEA, DOH",11:55 pm – 5:06 pm +1,"Qatar Airways, Alaska Airlines",HKT‐SAN,31h11m,2,"DOH, SEA",1540,20220406-1304,best
6:20 am – 6:55 am +2,"Alaska Airlines, Qatar Airways",SAN‐HKT,34h35m,2,"SFO, DOH",11:55 pm – 8:47 am +2,"Qatar Airways, Alaska Airlines",HKT‐SAN,46h52m,2,"DOH, SEA",1331,20220406-1304,best
11:53 am – 6:55 am +2,"Alaska Airlines, Qatar Airways",SAN‐HKT,29h02m,2,"SEA, DOH",11:55 pm – 5:06 pm +1,"Qatar Airways, Alaska Airlines",HKT‐SAN,31h11m,2,"DOH, SEA",1540,20220406-1304,best
10:55 am – 6:55 am +2,"Alaska Airlines, Qatar Airways",SAN‐HKT,30h00m,2,"SFO, DOH",11:55 pm – 5:06 pm +1,"Qatar Airways, Alaska Airlines",HKT‐SAN,31h11m,2,"DOH, SEA",1539,20220406-1304,best
11:53 am – 6:55 am +2,Qatar Airways,SAN‐HKT,29h02m,2,"SEA, DOH",11:55 pm – 9:49 pm +1,Qatar Airways,HKT‐SAN,35h54m,2,"DOH, JFK",1601,20220406-1304,best
1:00 pm – 6:55 am +2,"Alaska Airlines, Qatar Airways",SAN‐HKT,27h55m,2,"SEA, DOH",11:55 pm – 9:49 pm +1,"Qatar Airways, Alaska Airlines",HKT‐SAN,35h54m,2,"DOH, JFK",1634,20220406-1304,best
6:20 am – 6:55 am +2,"Alaska Airlines, Qatar Airways",SAN‐HKT,34h35m,2,"SFO, DOH",11:55 pm – 11:38 pm +1,"Qatar Airways, Alaska Airlines",HKT‐SAN,37h43m,2,"DOH, SEA",1345,20220406-1304,best
1:00 pm – 6:55 am +2,"Alaska Airlines, Qatar Airways",SAN‐HKT,27h55m,2,"SEA, DOH",12:10 am – 5:42 pm,"Emirates, Alaska Airlines",HKT‐SAN,31h32m,2,"DXB, SFO",1862,20220406-1304,best
10:55 am – 6:55 am +2,"Alaska Airlines, Qatar Airways",SAN‐HKT,30h00m,2,"SFO, DOH",11:55 pm – 9:49 pm +1,"Qatar Airways, Alaska Airlines",HKT‐SAN,35h54m,2,"DOH, JFK",1640,20220406-1304,best
8:15 am – 6:55 am +2,"Alaska Airlines, Qatar Airways",SAN‐HKT,32h40m,2,"SFO, DOH",11:55 pm – 5:06 pm +1,Qatar Airways,HKT‐SAN,31h11m,2,"DOH, SEA",1752,20220406-1304,best
10:55 am – 6:55 am +2,"Alaska Airlines, Qatar Airways",SAN‐HKT,30h00m,2,"SFO, DOH",12:10 am – 5:42 pm,"Emirates, Alaska Airlines",HKT‐SAN,31h32m,2,"DXB, SFO",1833,20220406-1304,best
1:00 pm – 6:55 am +2,"Alaska Airlines, Qatar Airways",SAN‐HKT,27h55m,2,"SEA, DOH",12:10 am – 6:57 pm,"Emirates, Alaska Airlines",HKT‐SAN,32h47m,2,"DXB, SFO",1928,20220406-1304,best
11:53 am – 1:15 pm +2,Qatar Airways,SAN‐HKT,35h22m,2,"SEA, DOH",11:55 pm – 5:06 pm +1,Qatar Airways,HKT‐SAN,31h11m,2,"DOH, SEA",1745,20220406-1304,best
11:53 am – 6:55 am +2,Qatar Airways,SAN‐HKT,29h02m,2,"SEA, DOH",11:55 pm – 5:42 pm +1,Qatar Airways,HKT‐SAN,31h47m,2,"DOH, SFO",1960,20220406-1304,best
11:53 am – 6:55 am +2,Qatar Airways,SAN‐HKT,29h02m,2,"SEA, DOH",11:40 am – 11:58 pm,Singapore Airlines,HKT‐SAN,26h18m,2,"SIN, SFO",2258,20220406-1304,best
8:15 am – 6:55 am +2,"Alaska Airlines, Qatar Airways",SAN‐HKT,32h40m,2,"SFO, DOH",11:55 pm – 9:49 pm +1,"Qatar Airways, Alaska Airlines",HKT‐SAN,35h54m,2,"DOH, JFK",1640,20220406-1304,best
6:05 pm – 9:35 am +2,Singapore Airlines,SAN‐HKT,25h30m,2,"SFO, SIN",11:40 am – 11:58 pm,Singapore Airlines,HKT‐SAN,26h18m,2,"SIN, SFO",2924,20220406-1309,fast
6:05 pm – 10:50 am +2,Singapore Airlines,SAN‐HKT,26h45m,2,"SFO, SIN",11:40 am – 11:58 pm,Singapore Airlines,HKT‐SAN,26h18m,2,"SIN, SFO",2924,20220406-1309,fast
6:05 pm – 9:35 am +2,Singapore Airlines,SAN‐HKT,25h30m,2,"SFO, SIN",10:25 am – 11:58 pm,Singapore Airlines,HKT‐SAN,27h33m,2,"SIN, SFO",2924,20220406-1309,fast
1:00 pm – 6:55 am +2,"Alaska Airlines, Qatar Airways",SAN‐HKT,27h55m,2,"SEA, DOH",11:40 am – 11:58 pm,Singapore Airlines,HKT‐SAN,26h18m,2,"SIN, SFO",2120,20220406-1309,fast
6:05 pm – 10:50 am +2,Singapore Airlines,SAN‐HKT,26h45m,2,"SFO, SIN",10:25 am – 11:58 pm,Singapore Airlines,HKT‐SAN,27h33m,2,"SIN, SFO",2924,20220406-1309,fast
11:53 am – 6:55 am +2,Qatar Airways,SAN‐HKT,29h02m,2,"SEA, DOH",11:40 am – 11:58 pm,Singapore Airlines,HKT‐SAN,26h18m,2,"SIN, SFO",2258,20220406-1309,fast
1:00 pm – 6:55 am +2,"Alaska Airlines, Qatar Airways",SAN‐HKT,27h55m,2,"SEA, DOH",10:25 am – 11:58 pm,Singapore Airlines,HKT‐SAN,27h33m,2,"SIN, SFO",2120,20220406-1309,fast
10:55 am – 6:55 am +2,"Alaska Airlines, Qatar Airways",SAN‐HKT,30h00m,2,"SFO, DOH",11:40 am – 11:58 pm,Singapore Airlines,HKT‐SAN,26h18m,2,"SIN, SFO",2091,20220406-1309,fast
11:53 am – 6:55 am +2,Qatar Airways,SAN‐HKT,29h02m,2,"SEA, DOH",10:25 am – 11:58 pm,Singapore Airlines,HKT‐SAN,27h33m,2,"SIN, SFO",2258,20220406-1309,fast
7:45 pm – 10:55 am +2,Multiple Airlines,SAN‐HKT,25h10m,2,"SFO, SGN",8:00 pm – 1:39 pm +1,"Thai Vietjet Air, Korean Air",HKT‐SAN,31h39m,3,"BKK, ICN, ...",1697,20220406-1309,fast
10:55 am – 6:55 am +2,"Alaska Airlines, Qatar Airways",SAN‐HKT,30h00m,2,"SFO, DOH",10:25 am – 11:58 pm,Singapore Airlines,HKT‐SAN,27h33m,2,"SIN, SFO",2091,20220406-1309,fast
8:15 am – 6:55 am +2,"Alaska Airlines, Qatar Airways",SAN‐HKT,32h40m,2,"SFO, DOH",11:40 am – 11:58 pm,Singapore Airlines,HKT‐SAN,26h18m,2,"SIN, SFO",2091,20220406-1309,fast
1:00 pm – 6:55 am +2,"Alaska Airlines, Qatar Airways",SAN‐HKT,27h55m,2,"SEA, DOH",11:55 pm – 5:06 pm +1,"Qatar Airways, Alaska Airlines",HKT‐SAN,31h11m,2,"DOH, SEA",1540,20220406-1309,fast
7:45 pm – 10:55 am +2,Multiple Airlines,SAN‐HKT,25h10m,2,"SFO, SGN",5:40 pm – 1:39 pm +1,"Nok Air, Korean Air",HKT‐SAN,33h59m,3,"DMK-BKK, ICN, ...",1690,20220406-1309,fast
5:20 pm – 10:55 am +2,Multiple Airlines,SAN‐HKT,27h35m,2,"SJC-SFO, SGN",8:00 pm – 1:39 pm +1,"Thai Vietjet Air, Korean Air",HKT‐SAN,31h39m,3,"BKK, ICN, ...",1642,20220406-1309,fast
