Out Time,Out Airline,Out Cities,Out Duration,Out Stops,Out Stop Cities,Return Time,Return Airline,Return Cities,Return Duration,Return Stops,Return Stop Cities,Price,timestamp,sort
5:15 pm – 12:10 am +3,"Alaska Airlines, Asiana Airlines",SAN‐HKT,40h55m,2,"SFO, ICN",1:30 am – 9:42 pm,"Asiana Airlines, Alaska Airlines",HKT‐SAN,34h12m,2,"ICN, SFO",1383,20220409-1745,cheap
5:15 pm – 12:10 am +3,"Alaska Airlines, Asiana Airlines",SAN‐HKT,40h55m,2,"SFO, ICN",1:30 am – 11:49 pm,"Asiana Airlines, Alaska Airlines",HKT‐SAN,36h19m,2,"ICN, SFO",1383,20220409-1745,cheap
5:15 pm – 12:10 am +3,"Alaska Airlines, Asiana Airlines",SAN‐HKT,40h55m,2,"SFO, ICN",1:30 am – 7:34 am +1,"Asiana Airlines, Alaska Airlines",HKT‐SAN,44h04m,2,"ICN, SFO",1390,20220409-1745,cheap
6:25 am – 12:10 am +3,"Alaska Airlines, Asiana Airlines",SAN‐HKT,51h45m,2,"SFO, ICN",1:30 am – 9:42 pm,"Asiana Airlines, Alaska Airlines",HKT‐SAN,34h12m,2,"ICN, SFO",1396,20220409-1745,cheap
1:30 pm – 9:30 am +2,Japan Airlines,SAN‐HKT,30h00m,2,"NRT, BKK",1:30 am – 11:49 pm,"Asiana Airlines, Alaska Airlines",HKT‐SAN,36h19m,2,"ICN, SFO",1479,20220409-1745,cheap
1:30 pm – 6:20 pm +2,Japan Airlines,SAN‐HKT,38h50m,2,"NRT, BKK",1:30 am – 11:49 pm,"Asiana Airlines, Alaska Airlines",HKT‐SAN,36h19m,2,"ICN, SFO",1485,20220409-1745,cheap
1:30 pm – 9:30 am +2,Japan Airlines,SAN‐HKT,30h00m,2,"NRT-HND, BKK",1:30 am – 11:49 pm,"Asiana Airlines, Alaska Airlines",HKT‐SAN,36h19m,2,"ICN, SFO",1487,20220409-1745,cheap
1:30 pm – 6:20 pm +2,Japan Airlines,SAN‐HKT,38h50m,2,"NRT-HND, BKK",1:30 am – 11:49 pm,"Asiana Airlines, Alaska Airlines",HKT‐SAN,36h19m,2,"ICN, SFO",1487,20220409-1745,cheap
4:00 pm – 1:15 pm +2,"American Airlines, Qatar Airways",SAN‐HKT,31h15m,2,"DFW, DOH",11:55 pm – 9:25 pm +1,"Qatar Airways, American Airlines",HKT‐SAN,35h30m,2,"DOH, PHL",1498,20220409-1745,cheap
4:00 pm – 1:15 pm +2,"American Airlines, Qatar Airways",SAN‐HKT,31h15m,2,"DFW, DOH",11:55 pm – 10:13 pm +1,"Qatar Airways, American Airlines",HKT‐SAN,36h18m,2,"DOH, MIA",1498,20220409-1745,cheap
2:00 pm – 1:15 pm +2,"American Airlines, Qatar Airways",SAN‐HKT,33h15m,2,"DFW, DOH",11:55 pm – 9:25 pm +1,"Qatar Airways, American Airlines",HKT‐SAN,35h30m,2,"DOH, PHL",1498,20220409-1745,cheap
2:00 pm – 1:15 pm +2,"American Airlines, Qatar Airways",SAN‐HKT,33h15m,2,"DFW, DOH",11:55 pm – 10:13 pm +1,"Qatar Airways, American Airlines",HKT‐SAN,36h18m,2,"DOH, MIA",1498,20220409-1745,cheap
12:40 pm – 1:15 pm +2,"American Airlines, Qatar Airways",SAN‐HKT,34h35m,2,"DFW, DOH",11:55 pm – 9:25 pm +1,"Qatar Airways, American Airlines",HKT‐SAN,35h30m,2,"DOH, PHL",1498,20220409-1745,cheap
12:40 pm – 1:15 pm +2,"American Airlines, Qatar Airways",SAN‐HKT,34h35m,2,"DFW, DOH",11:55 pm – 9:25 pm +1,"Qatar Airways, American Airlines",HKT‐SAN,35h30m,2,"DOH, PHL",1498,20220409-1745,cheap
12:40 pm – 1:15 pm +2,"American Airlines, Qatar Airways",SAN‐HKT,34h35m,2,"DFW, DOH",11:55 pm – 10:13 pm +1,"Qatar Airways, American Airlines",HKT‐SAN,36h18m,2,"DOH, MIA",1498,20220409-1745,cheap
1:30 pm – 9:30 am +2,Japan Airlines,SAN‐HKT,30h00m,2,"NRT, BKK",7:10 pm – 11:30 am +1,Japan Airlines,HKT‐SAN,30h20m,2,"BKK, NRT",1570,20220409-1742,best
5:15 pm – 12:10 am +3,"Alaska Airlines, Asiana Airlines",SAN‐HKT,40h55m,2,"SFO, ICN",1:30 am – 9:42 pm,"Asiana Airlines, Alaska Airlines",HKT‐SAN,34h12m,2,"ICN, SFO",1383,20220409-1742,best
5:15 pm – 9:35 am +2,Singapore Airlines,SAN‐HKT,26h20m,2,"SFO, SIN",11:40 am – 11:49 pm,Singapore Airlines,HKT‐SAN,26h09m,2,"SIN, SFO",1929,20220409-1742,best
7:40 pm – 2:00 pm +2,Multiple Airlines,SAN‐HKT,28h20m,3,"SFO, TPE, ...",8:15 am – 9:42 pm,Multiple Airlines,HKT‐SAN,27h27m,3,"BKK, TPE, ...",1658,20220409-1742,best
5:15 pm – 10:50 am +2,Singapore Airlines,SAN‐HKT,27h35m,2,"SFO, SIN",11:40 am – 11:49 pm,Singapore Airlines,HKT‐SAN,26h09m,2,"SIN, SFO",1929,20220409-1742,best
5:15 pm – 9:35 am +2,Singapore Airlines,SAN‐HKT,26h20m,2,"SFO, SIN",10:25 am – 11:49 pm,Singapore Airlines,HKT‐SAN,27h24m,2,"SIN, SFO",1929,20220409-1742,best
9:00 pm – 2:00 pm +2,Multiple Airlines,SAN‐HKT,27h00m,3,"SFO, TPE, ...",8:15 am – 9:42 pm,Multiple Airlines,HKT‐SAN,27h27m,3,"BKK, TPE, ...",1658,20220409-1742,best
3:10 pm – 9:35 am +2,Singapore Airlines,SAN‐HKT,28h25m,2,"SFO, SIN",11:40 am – 11:49 pm,Singapore Airlines,HKT‐SAN,26h09m,2,"SIN, SFO",1929,20220409-1742,best
5:15 pm – 10:50 am +2,Singapore Airlines,SAN‐HKT,27h35m,2,"SFO, SIN",10:25 am – 11:49 pm,Singapore Airlines,HKT‐SAN,27h24m,2,"SIN, SFO",1929,20220409-1742,best
3:10 pm – 9:35 am +2,Singapore Airlines,SAN‐HKT,28h25m,2,"SFO, SIN",10:25 am – 11:49 pm,Singapore Airlines,HKT‐SAN,27h24m,2,"SIN, SFO",1929,20220409-1742,best
3:10 pm – 10:50 am +2,Singapore Airlines,SAN‐HKT,29h40m,2,"SFO, SIN",11:40 am – 11:49 pm,Singapore Airlines,HKT‐SAN,26h09m,2,"SIN, SFO",1929,20220409-1742,best
3:10 pm – 10:50 am +2,Singapore Airlines,SAN‐HKT,29h40m,2,"SFO, SIN",10:25 am – 11:49 pm,Singapore Airlines,HKT‐SAN,27h24m,2,"SIN, SFO",1929,20220409-1742,best
7:40 pm – 2:00 pm +2,Multiple Airlines,SAN‐HKT,28h20m,3,"SFO, TPE, ...",8:15 am – 11:59 pm,Multiple Airlines,HKT‐SAN,29h44m,3,"BKK, TPE, ...",1768,20220409-1742,best
1:30 pm – 9:30 am +2,Japan Airlines,SAN‐HKT,30h00m,2,"NRT, BKK",1:30 am – 11:49 pm,"Asiana Airlines, Alaska Airlines",HKT‐SAN,36h19m,2,"ICN, SFO",1479,20220409-1742,best
4:00 pm – 1:15 pm +2,"American Airlines, Qatar Airways",SAN‐HKT,31h15m,2,"DFW, DOH",11:55 pm – 9:25 pm +1,"Qatar Airways, American Airlines",HKT‐SAN,35h30m,2,"DOH, PHL",1498,20220409-1742,best
1:30 pm – 9:30 am +2,Japan Airlines,SAN‐HKT,30h00m,2,"NRT-HND, BKK",1:30 am – 11:49 pm,"Asiana Airlines, Alaska Airlines",HKT‐SAN,36h19m,2,"ICN, SFO",1487,20220409-1742,best
8:00 am – 12:10 am +2,"Air Canada, Asiana Airlines",SAN‐HKT,26h10m,2,"YVR, ICN",11:40 am – 11:49 pm,Singapore Airlines,HKT‐SAN,26h09m,2,"SIN, SFO",2575,20220409-1747,fast
5:15 pm – 9:35 am +2,Singapore Airlines,SAN‐HKT,26h20m,2,"SFO, SIN",11:40 am – 11:49 pm,Singapore Airlines,HKT‐SAN,26h09m,2,"SIN, SFO",1929,20220409-1747,fast
7:20 am – 12:10 am +2,"Korean Air, Asiana Airlines",SAN‐HKT,26h50m,2,"SEA, ICN",11:40 am – 11:49 pm,Singapore Airlines,HKT‐SAN,26h09m,2,"SIN, SFO",4802,20220409-1747,fast
8:12 pm – 9:35 am +2,"United Airlines, Singapore Airlines",SAN‐HKT,23h23m,2,"SFO, SIN",8:10 pm – 12:23 pm +1,"Singapore Airlines, United Airlines",HKT‐SAN,30h13m,2,"SIN, SFO",8350,20220409-1747,fast
5:15 pm – 10:50 am +2,Singapore Airlines,SAN‐HKT,27h35m,2,"SFO, SIN",11:40 am – 11:49 pm,Singapore Airlines,HKT‐SAN,26h09m,2,"SIN, SFO",1929,20220409-1747,fast
5:15 pm – 9:35 am +2,Singapore Airlines,SAN‐HKT,26h20m,2,"SFO, SIN",10:25 am – 11:49 pm,Singapore Airlines,HKT‐SAN,27h24m,2,"SIN, SFO",1929,20220409-1747,fast
6:15 am – 12:10 am +2,"Korean Air, Asiana Airlines",SAN‐HKT,27h55m,2,"SEA, ICN",11:40 am – 11:49 pm,Singapore Airlines,HKT‐SAN,26h09m,2,"SIN, SFO",8816,20220409-1747,fast
9:00 pm – 2:00 pm +2,Multiple Airlines,SAN‐HKT,27h00m,3,"SFO, TPE, ...",8:15 am – 9:42 pm,Multiple Airlines,HKT‐SAN,27h27m,3,"BKK, TPE, ...",1658,20220409-1747,fast
3:10 pm – 9:35 am +2,Singapore Airlines,SAN‐HKT,28h25m,2,"SFO, SIN",11:40 am – 11:49 pm,Singapore Airlines,HKT‐SAN,26h09m,2,"SIN, SFO",1929,20220409-1747,fast
6:35 am – 12:10 am +2,"Korean Air, Asiana Airlines",SAN‐HKT,27h35m,2,"LAX, ICN",1:30 am – 2:45 pm,"Asiana Airlines, Korean Air",HKT‐SAN,27h15m,2,"ICN, LAX",14003,20220409-1747,fast
5:15 pm – 10:50 am +2,Singapore Airlines,SAN‐HKT,27h35m,2,"SFO, SIN",10:25 am – 11:49 pm,Singapore Airlines,HKT‐SAN,27h24m,2,"SIN, SFO",1929,20220409-1747,fast
7:40 pm – 2:00 pm +2,Multiple Airlines,SAN‐HKT,28h20m,3,"SFO, TPE, ...",8:15 am – 9:42 pm,Multiple Airlines,HKT‐SAN,27h27m,3,"BKK, TPE, ...",1658,20220409-1747,fast
3:10 pm – 9:35 am +2,Singapore Airlines,SAN‐HKT,28h25m,2,"SFO, SIN",10:25 am – 11:49 pm,Singapore Airlines,HKT‐SAN,27h24m,2,"SIN, SFO",1929,20220409-1747,fast
3:10 pm – 10:50 am +2,Singapore Airlines,SAN‐HKT,29h40m,2,"SFO, SIN",11:40 am – 11:49 pm,Singapore Airlines,HKT‐SAN,26h09m,2,"SIN, SFO",1929,20220409-1747,fast
1:30 pm – 9:30 am +2,Japan Airlines,SAN‐HKT,30h00m,2,"NRT, BKK",11:40 am – 11:49 pm,Singapore Airlines,HKT‐SAN,26h09m,2,"SIN, SFO",1708,20220409-1747,fast
