Out Time,Out Airline,Out Cities,Out Duration,Out Stops,Out Stop Cities,Return Time,Return Airline,Return Cities,Return Duration,Return Stops,Return Stop Cities,Price,timestamp,sort
6:30 pm – 7:20 pm +2,"Alaska Airlines, Singapore Airlines",SAN‐HKT,34h50m,2,"SEA, SIN",8:10 pm – 1:23 pm +1,Singapore Airlines,HKT‐SAN,31h13m,2,"SIN, SFO",1578,20220406-1444,cheap
8:45 pm – 7:20 pm +2,Singapore Airlines,SAN‐HKT,32h35m,2,"SEA, SIN",12:10 am – 6:57 pm,"Emirates, Alaska Airlines",HKT‐SAN,32h47m,2,"DXB, SFO",1628,20220406-1444,cheap
8:45 pm – 7:20 pm +2,Singapore Airlines,SAN‐HKT,32h35m,2,"SEA, SIN",12:10 am – 9:45 pm,"Emirates, Alaska Airlines",HKT‐SAN,35h35m,2,"DXB, SFO",1628,20220406-1444,cheap
8:45 pm – 9:35 am +3,Singapore Airlines,SAN‐HKT,46h50m,2,"SEA, SIN",12:10 am – 6:57 pm,"Emirates, Alaska Airlines",HKT‐SAN,32h47m,2,"DXB, SFO",1628,20220406-1444,cheap
8:45 pm – 9:35 am +3,Singapore Airlines,SAN‐HKT,46h50m,2,"SEA, SIN",12:10 am – 9:45 pm,"Emirates, Alaska Airlines",HKT‐SAN,35h35m,2,"DXB, SFO",1628,20220406-1444,cheap
5:00 pm – 7:20 pm +2,"Alaska Airlines, Singapore Airlines",SAN‐HKT,36h20m,2,"SEA, SIN",8:10 pm – 1:23 pm +1,"Singapore Airlines, Alaska Airlines",HKT‐SAN,31h13m,2,"SIN, SFO",1635,20220406-1444,cheap
6:30 pm – 7:20 pm +2,"Alaska Airlines, Singapore Airlines",SAN‐HKT,34h50m,2,"SEA, SIN",6:10 pm – 1:23 pm +1,"Singapore Airlines, Alaska Airlines",HKT‐SAN,33h13m,2,"SIN, SFO",1635,20220406-1444,cheap
6:30 pm – 7:20 pm +2,"Alaska Airlines, Singapore Airlines",SAN‐HKT,34h50m,2,"SEA, SIN",8:10 pm – 4:02 pm +1,"Singapore Airlines, Alaska Airlines",HKT‐SAN,33h52m,2,"SIN, SFO",1635,20220406-1444,cheap
8:45 pm – 7:20 pm +2,Singapore Airlines,SAN‐HKT,32h35m,2,"SEA, SIN",11:55 pm – 5:42 pm +1,"Qatar Airways, Alaska Airlines",HKT‐SAN,31h47m,2,"DOH, SFO",1654,20220406-1444,cheap
8:45 pm – 7:20 pm +2,Singapore Airlines,SAN‐HKT,32h35m,2,"SEA, SIN",11:55 pm – 6:57 pm +1,"Qatar Airways, Alaska Airlines",HKT‐SAN,33h02m,2,"DOH, SFO",1654,20220406-1444,cheap
8:45 pm – 7:20 pm +2,Singapore Airlines,SAN‐HKT,32h35m,2,"SEA, SIN",11:55 pm – 9:45 pm +1,"Qatar Airways, Alaska Airlines",HKT‐SAN,35h50m,2,"DOH, SFO",1654,20220406-1444,cheap
8:45 pm – 7:20 pm +2,Singapore Airlines,SAN‐HKT,32h35m,2,"SEA, SIN",11:55 pm – 11:58 pm +1,"Qatar Airways, Alaska Airlines",HKT‐SAN,38h03m,2,"DOH, SFO",1654,20220406-1444,cheap
8:45 pm – 9:35 am +3,Singapore Airlines,SAN‐HKT,46h50m,2,"SEA, SIN",11:55 pm – 5:42 pm +1,"Qatar Airways, Alaska Airlines",HKT‐SAN,31h47m,2,"DOH, SFO",1654,20220406-1444,cheap
8:45 pm – 9:35 am +3,Singapore Airlines,SAN‐HKT,46h50m,2,"SEA, SIN",11:55 pm – 6:57 pm +1,"Qatar Airways, Alaska Airlines",HKT‐SAN,33h02m,2,"DOH, SFO",1654,20220406-1444,cheap
8:45 pm – 9:35 am +3,Singapore Airlines,SAN‐HKT,46h50m,2,"SEA, SIN",11:55 pm – 9:45 pm +1,"Qatar Airways, Alaska Airlines",HKT‐SAN,35h50m,2,"DOH, SFO",1654,20220406-1444,cheap
8:45 pm – 7:20 pm +2,Singapore Airlines,SAN‐HKT,32h35m,2,"SEA, SIN",11:40 am – 11:58 pm,Singapore Airlines,HKT‐SAN,26h18m,2,"SIN, SFO",1694,20220406-1441,best
6:30 pm – 7:20 pm +2,"Alaska Airlines, Singapore Airlines",SAN‐HKT,34h50m,2,"SEA, SIN",8:10 pm – 1:23 pm +1,Singapore Airlines,HKT‐SAN,31h13m,2,"SIN, SFO",1578,20220406-1441,best
8:45 pm – 7:20 pm +2,Singapore Airlines,SAN‐HKT,32h35m,2,"SEA, SIN",10:25 am – 11:58 pm,Singapore Airlines,HKT‐SAN,27h33m,2,"SIN, SFO",1694,20220406-1441,best
8:45 pm – 7:20 pm +2,Singapore Airlines,SAN‐HKT,32h35m,2,"SEA, SIN",8:10 pm – 1:23 pm +1,Singapore Airlines,HKT‐SAN,31h13m,2,"SIN, SFO",1790,20220406-1441,best
8:45 pm – 7:20 pm +2,Singapore Airlines,SAN‐HKT,32h35m,2,"SEA, SIN",11:55 pm – 5:42 pm +1,"Qatar Airways, Alaska Airlines",HKT‐SAN,31h47m,2,"DOH, SFO",1654,20220406-1441,best
8:45 pm – 7:20 pm +2,Singapore Airlines,SAN‐HKT,32h35m,2,"SEA, SIN",12:10 am – 6:57 pm,"Emirates, Alaska Airlines",HKT‐SAN,32h47m,2,"DXB, SFO",1628,20220406-1441,best
5:00 pm – 7:20 pm +2,"Alaska Airlines, Singapore Airlines",SAN‐HKT,36h20m,2,"SEA, SIN",8:10 pm – 1:23 pm +1,"Singapore Airlines, Alaska Airlines",HKT‐SAN,31h13m,2,"SIN, SFO",1635,20220406-1441,best
8:45 pm – 7:20 pm +2,Singapore Airlines,SAN‐HKT,32h35m,2,"SEA, SIN",11:40 am – 7:32 am +1,Singapore Airlines,HKT‐SAN,33h52m,2,"SIN, SFO",1694,20220406-1441,best
8:45 pm – 7:20 pm +2,Singapore Airlines,SAN‐HKT,32h35m,2,"SEA, SIN",11:55 pm – 6:57 pm +1,"Qatar Airways, Alaska Airlines",HKT‐SAN,33h02m,2,"DOH, SFO",1654,20220406-1441,best
6:30 pm – 7:20 pm +2,"Alaska Airlines, Singapore Airlines",SAN‐HKT,34h50m,2,"SEA, SIN",6:10 pm – 1:23 pm +1,"Singapore Airlines, Alaska Airlines",HKT‐SAN,33h13m,2,"SIN, SFO",1635,20220406-1441,best
8:45 pm – 7:20 pm +2,Singapore Airlines,SAN‐HKT,32h35m,2,"SEA, SIN",6:10 pm – 1:23 pm +1,Singapore Airlines,HKT‐SAN,33h13m,2,"SIN, SFO",1790,20220406-1441,best
6:30 pm – 7:20 pm +2,"Alaska Airlines, Singapore Airlines",SAN‐HKT,34h50m,2,"SEA, SIN",8:10 pm – 4:02 pm +1,"Singapore Airlines, Alaska Airlines",HKT‐SAN,33h52m,2,"SIN, SFO",1635,20220406-1441,best
8:45 pm – 7:20 pm +2,Singapore Airlines,SAN‐HKT,32h35m,2,"SEA, SIN",8:10 pm – 4:02 pm +1,Singapore Airlines,HKT‐SAN,33h52m,2,"SIN, SFO",1790,20220406-1441,best
8:45 pm – 7:20 pm +2,Singapore Airlines,SAN‐HKT,32h35m,2,"SEA, SIN",10:25 am – 7:32 am +1,Singapore Airlines,HKT‐SAN,35h07m,2,"SIN, SFO",1694,20220406-1441,best
8:45 pm – 7:20 pm +2,Singapore Airlines,SAN‐HKT,32h35m,2,"SEA, SIN",12:10 am – 9:45 pm,"Emirates, Alaska Airlines",HKT‐SAN,35h35m,2,"DXB, SFO",1628,20220406-1441,best
6:05 pm – 9:35 am +2,Singapore Airlines,SAN‐HKT,25h30m,2,"SFO, SIN",11:40 am – 11:58 pm,Singapore Airlines,HKT‐SAN,26h18m,2,"SIN, SFO",3052,20220406-1446,fast
6:05 pm – 9:35 am +2,Singapore Airlines,SAN‐HKT,25h30m,2,"SFO, SIN",10:25 am – 11:58 pm,Singapore Airlines,HKT‐SAN,27h33m,2,"SIN, SFO",3052,20220406-1446,fast
6:05 pm – 10:50 am +2,Singapore Airlines,SAN‐HKT,26h45m,2,"SFO, SIN",11:40 am – 11:58 pm,Singapore Airlines,HKT‐SAN,26h18m,2,"SIN, SFO",3052,20220406-1446,fast
1:00 pm – 6:55 am +2,"Alaska Airlines, Qatar Airways",SAN‐HKT,27h55m,2,"SEA, DOH",11:40 am – 11:58 pm,Singapore Airlines,HKT‐SAN,26h18m,2,"SIN, SFO",2368,20220406-1446,fast
6:05 pm – 10:50 am +2,Singapore Airlines,SAN‐HKT,26h45m,2,"SFO, SIN",10:25 am – 11:58 pm,Singapore Airlines,HKT‐SAN,27h33m,2,"SIN, SFO",3052,20220406-1446,fast
11:55 am – 6:55 am +2,"Alaska Airlines, Qatar Airways",SAN‐HKT,29h00m,2,"SEA, DOH",11:40 am – 11:58 pm,Singapore Airlines,HKT‐SAN,26h18m,2,"SIN, SFO",2368,20220406-1446,fast
2:35 pm – 9:35 am +2,"Delta, Singapore Airlines",SAN‐HKT,29h00m,2,"LAX, SIN",11:40 am – 11:58 pm,Singapore Airlines,HKT‐SAN,26h18m,2,"SIN, SFO",2767,20220406-1446,fast
1:00 pm – 6:55 am +2,"Alaska Airlines, Qatar Airways",SAN‐HKT,27h55m,2,"SEA, DOH",10:25 am – 11:58 pm,Singapore Airlines,HKT‐SAN,27h33m,2,"SIN, SFO",2368,20220406-1446,fast
11:55 am – 6:55 am +2,"Alaska Airlines, Qatar Airways",SAN‐HKT,29h00m,2,"SEA, DOH",10:25 am – 11:58 pm,Singapore Airlines,HKT‐SAN,27h33m,2,"SIN, SFO",2368,20220406-1446,fast
8:45 pm – 7:20 pm +2,Singapore Airlines,SAN‐HKT,32h35m,2,"SEA, SIN",11:40 am – 11:58 pm,Singapore Airlines,HKT‐SAN,26h18m,2,"SIN, SFO",1694,20220406-1446,fast
4:50 pm – 10:55 am +2,Multiple Airlines,SAN‐HKT,28h05m,2,"OAK-SFO, SGN",9:00 am – 1:50 am +1,Multiple Airlines,HKT‐SAN,30h50m,3,"BKK, MNL, ...",2089,20220406-1446,fast
1:00 pm – 6:55 am +2,"Alaska Airlines, Qatar Airways",SAN‐HKT,27h55m,2,"SEA, DOH",11:55 pm – 5:06 pm +1,"Qatar Airways, Alaska Airlines",HKT‐SAN,31h11m,2,"DOH, SEA",2234,20220406-1446,fast
8:00 am – 6:55 am +2,"Alaska Airlines, Qatar Airways",SAN‐HKT,32h55m,2,"SEA, DOH",11:40 am – 11:58 pm,Singapore Airlines,HKT‐SAN,26h18m,2,"SIN, SFO",2368,20220406-1446,fast
1:00 pm – 6:55 am +2,"Alaska Airlines, Qatar Airways",SAN‐HKT,27h55m,2,"SEA, DOH",11:55 pm – 5:42 pm +1,"Qatar Airways, Alaska Airlines",HKT‐SAN,31h47m,2,"DOH, SFO",2204,20220406-1446,fast
7:00 pm – 1:15 pm +2,"British Airways, Qatar Airways",SAN‐HKT,28h15m,2,"LHR, DOH",11:55 pm – 5:42 pm +1,"Qatar Airways, Alaska Airlines",HKT‐SAN,31h47m,2,"DOH, SFO",2610,20220406-1446,fast
