Out Time,Out Airline,Out Cities,Out Duration,Out Stops,Out Stop Cities,Return Time,Return Airline,Return Cities,Return Duration,Return Stops,Return Stop Cities,Price,timestamp,sort
7:40 pm – 12:10 am +3,"Alaska Airlines, Asiana Airlines",SAN‐HKT,38h30m,2,"SFO, ICN",1:30 am – 11:49 pm,"Asiana Airlines, Alaska Airlines",HKT‐SAN,36h19m,2,"ICN, SFO",1383,20220409-1714,cheap
5:15 pm – 12:10 am +3,"Alaska Airlines, Asiana Airlines",SAN‐HKT,40h55m,2,"SFO, ICN",1:30 am – 11:49 pm,"Asiana Airlines, Alaska Airlines",HKT‐SAN,36h19m,2,"ICN, SFO",1383,20220409-1714,cheap
3:10 pm – 12:10 am +3,"Alaska Airlines, Asiana Airlines",SAN‐HKT,43h00m,2,"SFO, ICN",1:30 am – 11:49 pm,"Asiana Airlines, Alaska Airlines",HKT‐SAN,36h19m,2,"ICN, SFO",1383,20220409-1714,cheap
12:30 pm – 12:10 am +3,"Alaska Airlines, Asiana Airlines",SAN‐HKT,45h40m,2,"SFO, ICN",1:30 am – 11:49 pm,"Asiana Airlines, Alaska Airlines",HKT‐SAN,36h19m,2,"ICN, SFO",1388,20220409-1714,cheap
10:20 am – 12:10 am +3,"Alaska Airlines, Asiana Airlines",SAN‐HKT,47h50m,2,"SFO, ICN",1:30 am – 11:49 pm,"Asiana Airlines, Alaska Airlines",HKT‐SAN,36h19m,2,"ICN, SFO",1388,20220409-1714,cheap
7:40 pm – 12:10 am +3,"Alaska Airlines, Asiana Airlines",SAN‐HKT,38h30m,2,"SFO, ICN",1:30 am – 7:34 am +1,"Asiana Airlines, Alaska Airlines",HKT‐SAN,44h04m,2,"ICN, SFO",1390,20220409-1714,cheap
5:15 pm – 12:10 am +3,"Alaska Airlines, Asiana Airlines",SAN‐HKT,40h55m,2,"SFO, ICN",1:30 am – 7:34 am +1,"Asiana Airlines, Alaska Airlines",HKT‐SAN,44h04m,2,"ICN, SFO",1390,20220409-1714,cheap
3:10 pm – 12:10 am +3,"Alaska Airlines, Asiana Airlines",SAN‐HKT,43h00m,2,"SFO, ICN",1:30 am – 7:34 am +1,"Asiana Airlines, Alaska Airlines",HKT‐SAN,44h04m,2,"ICN, SFO",1390,20220409-1714,cheap
8:25 am – 9:30 am +2,Japan Airlines,SAN‐HKT,35h05m,3,"SFO, HND, ...",2:40 pm – 3:02 pm +1,Japan Airlines,HKT‐SAN,38h22m,3,"BKK, HND, ...",1445,20220409-1714,cheap
8:25 am – 9:30 am +2,Japan Airlines,SAN‐HKT,35h05m,3,"SFO, HND, ...",10:20 am – 3:02 pm +1,Japan Airlines,HKT‐SAN,42h42m,3,"BKK, HND, ...",1445,20220409-1714,cheap
8:25 am – 6:20 pm +2,Japan Airlines,SAN‐HKT,43h55m,3,"SFO, HND, ...",2:40 pm – 3:02 pm +1,Japan Airlines,HKT‐SAN,38h22m,3,"BKK, HND, ...",1445,20220409-1714,cheap
8:25 am – 6:20 pm +2,Japan Airlines,SAN‐HKT,43h55m,3,"SFO, HND, ...",2:40 pm – 3:02 pm +1,Japan Airlines,HKT‐SAN,38h22m,3,"BKK, HND, ...",1445,20220409-1714,cheap
8:25 am – 9:30 am +2,Japan Airlines,SAN‐HKT,35h05m,3,"SFO, NRT, ...",2:40 pm – 3:02 pm +1,Japan Airlines,HKT‐SAN,38h22m,3,"BKK, HND, ...",1446,20220409-1714,cheap
8:25 am – 9:30 am +2,Japan Airlines,SAN‐HKT,35h05m,3,"SFO, NRT, ...",10:20 am – 3:02 pm +1,Japan Airlines,HKT‐SAN,42h42m,3,"BKK, HND, ...",1446,20220409-1714,cheap
8:25 am – 6:20 pm +2,Japan Airlines,SAN‐HKT,43h55m,3,"SFO, NRT, ...",2:40 pm – 3:02 pm +1,Japan Airlines,HKT‐SAN,38h22m,3,"BKK, HND, ...",1449,20220409-1714,cheap
12:30 pm – 6:55 am +2,Qatar Airways,SAN‐HKT,28h25m,2,"SFO, DOH",11:55 pm – 6:23 pm +1,Qatar Airways,HKT‐SAN,32h28m,2,"DOH, SEA",1556,20220409-1711,best
7:40 pm – 12:10 am +3,"Alaska Airlines, Asiana Airlines",SAN‐HKT,38h30m,2,"SFO, ICN",1:30 am – 11:49 pm,"Asiana Airlines, Alaska Airlines",HKT‐SAN,36h19m,2,"ICN, SFO",1383,20220409-1711,best
12:40 pm – 6:55 am +2,"American Airlines, Qatar Airways",SAN‐HKT,28h15m,2,"DFW, DOH",11:55 pm – 7:34 pm +1,"Qatar Airways, American Airlines",HKT‐SAN,33h39m,2,"DOH, ORD",1542,20220409-1711,best
12:30 pm – 6:55 am +2,Qatar Airways,SAN‐HKT,28h25m,2,"SFO, DOH",11:55 pm – 7:58 pm +1,Qatar Airways,HKT‐SAN,34h03m,2,"DOH, SEA",1522,20220409-1711,best
12:40 pm – 6:55 am +2,"American Airlines, Qatar Airways",SAN‐HKT,28h15m,2,"DFW, DOH",11:55 pm – 9:25 pm +1,"Qatar Airways, American Airlines",HKT‐SAN,35h30m,2,"DOH, PHL",1498,20220409-1711,best
1:00 pm – 6:55 am +2,Qatar Airways,SAN‐HKT,27h55m,2,"SEA, DOH",11:55 pm – 6:23 pm +1,Qatar Airways,HKT‐SAN,32h28m,2,"DOH, SEA",1643,20220409-1711,best
12:30 pm – 6:55 am +2,Qatar Airways,SAN‐HKT,28h25m,2,"SFO, DOH",11:55 pm – 6:52 pm +1,Qatar Airways,HKT‐SAN,32h57m,2,"DOH, SFO",1610,20220409-1711,best
12:40 pm – 6:55 am +2,"American Airlines, Qatar Airways",SAN‐HKT,28h15m,2,"DFW, DOH",11:55 pm – 10:13 pm +1,"Qatar Airways, American Airlines",HKT‐SAN,36h18m,2,"DOH, MIA",1498,20220409-1711,best
1:00 pm – 6:55 am +2,Qatar Airways,SAN‐HKT,27h55m,2,"SEA, DOH",11:55 pm – 7:58 pm +1,Qatar Airways,HKT‐SAN,34h03m,2,"DOH, SEA",1609,20220409-1711,best
10:40 am – 6:55 am +2,"American Airlines, Qatar Airways",SAN‐HKT,30h15m,2,"DFW, DOH",11:55 pm – 7:34 pm +1,"Qatar Airways, American Airlines",HKT‐SAN,33h39m,2,"DOH, ORD",1542,20220409-1711,best
11:30 am – 6:55 am +2,Qatar Airways,SAN‐HKT,29h25m,2,"SEA, DOH",11:55 pm – 6:23 pm +1,Qatar Airways,HKT‐SAN,32h28m,2,"DOH, SEA",1643,20220409-1711,best
10:20 am – 6:55 am +2,Qatar Airways,SAN‐HKT,30h35m,2,"SFO, DOH",11:55 pm – 6:23 pm +1,Qatar Airways,HKT‐SAN,32h28m,2,"DOH, SEA",1598,20220409-1711,best
10:40 am – 6:55 am +2,"American Airlines, Qatar Airways",SAN‐HKT,30h15m,2,"DFW, DOH",11:55 pm – 9:25 pm +1,"Qatar Airways, American Airlines",HKT‐SAN,35h30m,2,"DOH, PHL",1498,20220409-1711,best
11:30 am – 6:55 am +2,Qatar Airways,SAN‐HKT,29h25m,2,"SEA, DOH",11:55 pm – 7:58 pm +1,Qatar Airways,HKT‐SAN,34h03m,2,"DOH, SEA",1609,20220409-1711,best
1:00 pm – 6:55 am +2,Qatar Airways,SAN‐HKT,27h55m,2,"SEA, DOH",11:55 pm – 6:52 pm +1,Qatar Airways,HKT‐SAN,32h57m,2,"DOH, SFO",1725,20220409-1711,best
10:20 am – 6:55 am +2,Qatar Airways,SAN‐HKT,30h35m,2,"SFO, DOH",11:55 pm – 7:58 pm +1,Qatar Airways,HKT‐SAN,34h03m,2,"DOH, SEA",1565,20220409-1711,best
8:00 am – 12:10 am +2,"Air Canada, Asiana Airlines",SAN‐HKT,26h10m,2,"YVR, ICN",11:40 am – 11:49 pm,Singapore Airlines,HKT‐SAN,26h09m,2,"SIN, SFO",4831,20220409-1716,fast
5:15 pm – 9:35 am +2,Singapore Airlines,SAN‐HKT,26h20m,2,"SFO, SIN",11:40 am – 11:49 pm,Singapore Airlines,HKT‐SAN,26h09m,2,"SIN, SFO",2565,20220409-1716,fast
7:20 am – 12:10 am +2,"Korean Air, Asiana Airlines",SAN‐HKT,26h50m,2,"SEA, ICN",11:40 am – 11:49 pm,Singapore Airlines,HKT‐SAN,26h09m,2,"SIN, SFO",4802,20220409-1716,fast
5:15 pm – 10:50 am +2,Singapore Airlines,SAN‐HKT,27h35m,2,"SFO, SIN",11:40 am – 11:49 pm,Singapore Airlines,HKT‐SAN,26h09m,2,"SIN, SFO",2238,20220409-1716,fast
1:00 pm – 6:55 am +2,"Alaska Airlines, Qatar Airways",SAN‐HKT,27h55m,2,"SEA, DOH",11:40 am – 11:49 pm,Singapore Airlines,HKT‐SAN,26h09m,2,"SIN, SFO",1964,20220409-1716,fast
12:30 pm – 6:55 am +2,"Alaska Airlines, Qatar Airways",SAN‐HKT,28h25m,2,"SFO, DOH",11:40 am – 11:49 pm,Singapore Airlines,HKT‐SAN,26h09m,2,"SIN, SFO",1810,20220409-1716,fast
3:10 pm – 10:50 am +2,"Alaska Airlines, Singapore Airlines",SAN‐HKT,29h40m,2,"SFO, SIN",11:40 am – 11:49 pm,Singapore Airlines,HKT‐SAN,26h09m,2,"SIN, SFO",2357,20220409-1716,fast
10:20 am – 6:55 am +2,Qatar Airways,SAN‐HKT,30h35m,2,"SFO, DOH",11:40 am – 11:49 pm,Singapore Airlines,HKT‐SAN,26h09m,2,"SIN, SFO",1881,20220409-1716,fast
8:00 am – 12:10 am +2,"Air Canada, Asiana Airlines",SAN‐HKT,26h10m,2,"YVR, ICN",6:10 pm – 12:23 pm +1,"Singapore Airlines, United Airlines",HKT‐SAN,32h13m,2,"SIN, SFO",5550,20220409-1716,fast
8:12 pm – 9:35 am +2,"United Airlines, Singapore Airlines",SAN‐HKT,23h23m,2,"SFO, SIN",1:30 am – 10:58 pm,"Asiana Airlines, United Airlines",HKT‐SAN,35h28m,3,"ICN, SFO, ...",8138,20220409-1716,fast
5:15 pm – 9:35 am +2,Singapore Airlines,SAN‐HKT,26h20m,2,"SFO, SIN",12:10 am – 7:15 pm,Emirates,HKT‐SAN,33h05m,2,"DXB, BOS",2971,20220409-1716,fast
5:15 pm – 9:35 am +2,Singapore Airlines,SAN‐HKT,26h20m,2,"SFO, SIN",8:00 pm – 3:25 pm +1,"Etihad Airways, Lufthansa",HKT‐SAN,33h25m,2,"AUH, MUC",4648,20220409-1716,fast
7:00 am – 6:55 am +2,Qatar Airways,SAN‐HKT,33h55m,2,"JFK, DOH",11:40 am – 11:49 pm,Singapore Airlines,HKT‐SAN,26h09m,2,"SIN, SFO",2802,20220409-1716,fast
1:00 pm – 6:55 am +2,Qatar Airways,SAN‐HKT,27h55m,2,"SEA, DOH",11:55 pm – 6:23 pm +1,Qatar Airways,HKT‐SAN,32h28m,2,"DOH, SEA",1643,20220409-1716,fast
6:29 am – 12:10 am +2,Asiana Airlines,SAN‐HKT,27h41m,2,"LAX, ICN",1:30 am – 8:24 pm,Asiana Airlines,HKT‐SAN,32h54m,2,"ICN, SFO",3206,20220409-1716,fast
