Out Time,Out Airline,Out Cities,Out Duration,Out Stops,Out Stop Cities,Return Time,Return Airline,Return Cities,Return Duration,Return Stops,Return Stop Cities,Price,timestamp,sort
10:00 pm – 9:35 am +3,Singapore Airlines,SAN‐HKT,45h35m,2,"SFO, SIN",6:45 pm – 3:50 pm +1,Multiple Airlines,HKT‐SAN,35h05m,3,"BKK, MNL, ...",1058,20220406-1119,cheap
10:00 pm – 9:35 am +3,Singapore Airlines,SAN‐HKT,45h35m,2,"SFO, SIN",8:10 pm – 4:13 pm +1,"Singapore Airlines, Alaska Airlines",HKT‐SAN,34h03m,2,"SIN, SFO",1073,20220406-1119,cheap
10:00 pm – 10:50 am +3,Singapore Airlines,SAN‐HKT,46h50m,2,"SFO, SIN",8:10 pm – 4:13 pm +1,"Singapore Airlines, Alaska Airlines",HKT‐SAN,34h03m,2,"SIN, SFO",1073,20220406-1119,cheap
10:00 pm – 5:10 pm +3,Singapore Airlines,SAN‐HKT,53h10m,2,"SFO, SIN",8:10 pm – 4:13 pm +1,"Singapore Airlines, Alaska Airlines",HKT‐SAN,34h03m,2,"SIN, SFO",1073,20220406-1119,cheap
10:00 pm – 7:20 pm +3,Singapore Airlines,SAN‐HKT,55h20m,2,"SFO, SIN",8:10 pm – 4:13 pm +1,"Singapore Airlines, Alaska Airlines",HKT‐SAN,34h03m,2,"SIN, SFO",1073,20220406-1119,cheap
10:00 pm – 9:35 am +3,Singapore Airlines,SAN‐HKT,45h35m,2,"SFO, SIN",6:10 pm – 4:13 pm +1,"Singapore Airlines, Alaska Airlines",HKT‐SAN,36h03m,2,"SIN, SFO",1086,20220406-1119,cheap
10:00 pm – 10:50 am +3,Singapore Airlines,SAN‐HKT,46h50m,2,"SFO, SIN",6:10 pm – 4:13 pm +1,"Singapore Airlines, Alaska Airlines",HKT‐SAN,36h03m,2,"SIN, SFO",1086,20220406-1119,cheap
10:00 pm – 9:35 am +3,Singapore Airlines,SAN‐HKT,45h35m,2,"SFO, SIN",8:10 pm – 11:05 pm +1,Singapore Airlines,HKT‐SAN,40h55m,2,"SIN, SFO",1086,20220406-1119,cheap
6:25 am – 7:20 pm +2,"Alaska Airlines, Singapore Airlines",SAN‐HKT,46h55m,2,"SFO, SIN",7:50 pm – 4:13 pm +1,"Singapore Airlines, Alaska Airlines",HKT‐SAN,34h23m,2,"SIN, SFO",1217,20220406-1119,cheap
6:25 am – 7:20 pm +2,"Alaska Airlines, Singapore Airlines",SAN‐HKT,46h55m,2,"SFO, SIN",7:50 pm – 1:28 pm +1,"Singapore Airlines, Alaska Airlines",HKT‐SAN,31h38m,2,"SIN, SFO",1248,20220406-1119,cheap
11:00 pm – 6:55 am +3,"Alaska Airlines, Qatar Airways",SAN‐HKT,41h55m,2,"JFK, DOH",11:55 pm – 11:37 pm +1,"Qatar Airways, Alaska Airlines",HKT‐SAN,37h42m,2,"DOH, SEA",1343,20220406-1119,cheap
6:25 am – 7:10 pm +2,"Alaska Airlines, Singapore Airlines",SAN‐HKT,46h45m,2,"SFO, SIN",8:10 pm – 4:13 pm +1,"Singapore Airlines, Alaska Airlines",HKT‐SAN,34h03m,2,"SIN, SFO",1346,20220406-1119,cheap
11:00 pm – 6:55 am +3,"Alaska Airlines, Qatar Airways",SAN‐HKT,41h55m,2,"JFK, DOH",11:55 pm – 9:37 pm +1,"Qatar Airways, Alaska Airlines",HKT‐SAN,35h42m,2,"DOH, SEA",1350,20220406-1119,cheap
6:25 am – 7:10 pm +2,"Alaska Airlines, Singapore Airlines",SAN‐HKT,46h45m,2,"SFO, SIN",8:10 pm – 1:28 pm +1,"Singapore Airlines, Alaska Airlines",HKT‐SAN,31h18m,2,"SIN, SFO",1377,20220406-1119,cheap
7:25 pm – 6:55 am +3,"Alaska Airlines, Qatar Airways",SAN‐HKT,45h30m,2,"SFO, DOH",11:55 pm – 9:37 pm +1,"Qatar Airways, Alaska Airlines",HKT‐SAN,35h42m,2,"DOH, SEA",1383,20220406-1119,cheap
12:35 pm – 6:55 am +2,"Alaska Airlines, Qatar Airways",SAN‐HKT,28h20m,2,"SFO, DOH",11:55 pm – 5:04 pm +1,"Qatar Airways, Alaska Airlines",HKT‐SAN,31h09m,2,"DOH, SEA",1559,20220406-1116,best
10:00 pm – 9:35 am +3,Singapore Airlines,SAN‐HKT,45h35m,2,"SFO, SIN",6:45 pm – 3:50 pm +1,Multiple Airlines,HKT‐SAN,35h05m,3,"BKK, MNL, ...",1058,20220406-1116,best
11:50 am – 6:55 am +2,"Alaska Airlines, Qatar Airways",SAN‐HKT,29h05m,2,"SEA, DOH",11:55 pm – 5:04 pm +1,"Qatar Airways, Alaska Airlines",HKT‐SAN,31h09m,2,"DOH, SEA",1557,20220406-1116,best
12:35 pm – 6:55 am +2,"Alaska Airlines, Qatar Airways",SAN‐HKT,28h20m,2,"SFO, DOH",11:55 pm – 6:45 pm +1,"Qatar Airways, Alaska Airlines",HKT‐SAN,32h50m,2,"DOH, SEA",1559,20220406-1116,best
11:50 am – 6:55 am +2,Qatar Airways,SAN‐HKT,29h05m,2,"SEA, DOH",11:55 pm – 6:45 pm +1,Qatar Airways,HKT‐SAN,32h50m,2,"DOH, SEA",1536,20220406-1116,best
10:45 am – 6:55 am +2,"Alaska Airlines, Qatar Airways",SAN‐HKT,30h10m,2,"SFO, DOH",11:55 pm – 5:04 pm +1,"Qatar Airways, Alaska Airlines",HKT‐SAN,31h09m,2,"DOH, SEA",1559,20220406-1116,best
12:35 pm – 6:55 am +2,"Alaska Airlines, Qatar Airways",SAN‐HKT,28h20m,2,"SFO, DOH",11:55 pm – 9:37 pm +1,"Qatar Airways, Alaska Airlines",HKT‐SAN,35h42m,2,"DOH, SEA",1453,20220406-1116,best
11:50 am – 6:55 am +2,"Alaska Airlines, Qatar Airways",SAN‐HKT,29h05m,2,"SEA, DOH",11:55 pm – 9:37 pm +1,"Qatar Airways, Alaska Airlines",HKT‐SAN,35h42m,2,"DOH, SEA",1455,20220406-1116,best
10:45 am – 6:55 am +2,"Alaska Airlines, Qatar Airways",SAN‐HKT,30h10m,2,"SFO, DOH",11:55 pm – 6:45 pm +1,"Qatar Airways, Alaska Airlines",HKT‐SAN,32h50m,2,"DOH, SEA",1559,20220406-1116,best
12:35 pm – 6:55 am +2,"Alaska Airlines, Qatar Airways",SAN‐HKT,28h20m,2,"SFO, DOH",11:55 pm – 11:37 pm +1,"Qatar Airways, Alaska Airlines",HKT‐SAN,37h42m,2,"DOH, SEA",1453,20220406-1116,best
11:50 am – 6:55 am +2,Qatar Airways,SAN‐HKT,29h05m,2,"SEA, DOH",11:55 pm – 5:58 pm +1,Qatar Airways,HKT‐SAN,32h03m,2,"DOH, SFO",1692,20220406-1116,best
8:00 am – 6:55 am +2,"Alaska Airlines, Qatar Airways",SAN‐HKT,32h55m,2,"SEA, DOH",11:55 pm – 5:04 pm +1,"Qatar Airways, Alaska Airlines",HKT‐SAN,31h09m,2,"DOH, SEA",1557,20220406-1116,best
12:35 pm – 6:55 am +2,"Alaska Airlines, Qatar Airways",SAN‐HKT,28h20m,2,"SFO, DOH",11:55 pm – 5:58 pm +1,"Qatar Airways, Alaska Airlines",HKT‐SAN,32h03m,2,"DOH, SFO",1716,20220406-1116,best
8:00 am – 6:55 am +2,Qatar Airways,SAN‐HKT,32h55m,2,"SEA, DOH",11:55 pm – 6:45 pm +1,Qatar Airways,HKT‐SAN,32h50m,2,"DOH, SEA",1536,20220406-1116,best
10:00 pm – 9:35 am +3,Singapore Airlines,SAN‐HKT,45h35m,2,"SFO, SIN",8:10 pm – 4:13 pm +1,"Singapore Airlines, Alaska Airlines",HKT‐SAN,34h03m,2,"SIN, SFO",1073,20220406-1116,best
6:15 am – 6:55 am +2,"Alaska Airlines, Qatar Airways",SAN‐HKT,34h40m,2,"SEA, DOH",11:55 pm – 5:04 pm +1,"Qatar Airways, Alaska Airlines",HKT‐SAN,31h09m,2,"DOH, SEA",1557,20220406-1116,best
5:40 pm – 9:35 am +2,Singapore Airlines,SAN‐HKT,25h55m,2,"SFO, SIN",11:40 am – 11:05 pm,Singapore Airlines,HKT‐SAN,25h25m,2,"SIN, SFO",2641,20220406-1121,fast
5:40 pm – 9:35 am +2,Singapore Airlines,SAN‐HKT,25h55m,2,"SFO, SIN",10:25 am – 11:05 pm,Singapore Airlines,HKT‐SAN,26h40m,2,"SIN, SFO",2641,20220406-1121,fast
4:25 pm – 9:35 am +2,Singapore Airlines,SAN‐HKT,27h10m,2,"SFO, SIN",11:40 am – 11:05 pm,Singapore Airlines,HKT‐SAN,25h25m,2,"SIN, SFO",2641,20220406-1121,fast
5:40 pm – 10:50 am +2,Singapore Airlines,SAN‐HKT,27h10m,2,"SFO, SIN",11:40 am – 11:05 pm,"Singapore Airlines, Alaska Airlines",HKT‐SAN,25h25m,2,"SIN, SFO",2642,20220406-1121,fast
4:25 pm – 9:35 am +2,Singapore Airlines,SAN‐HKT,27h10m,2,"SFO, SIN",10:25 am – 11:05 pm,Singapore Airlines,HKT‐SAN,26h40m,2,"SIN, SFO",2641,20220406-1121,fast
5:40 pm – 10:50 am +2,Singapore Airlines,SAN‐HKT,27h10m,2,"SFO, SIN",10:25 am – 11:05 pm,"Singapore Airlines, Alaska Airlines",HKT‐SAN,26h40m,2,"SIN, SFO",2642,20220406-1121,fast
4:25 pm – 10:50 am +2,Singapore Airlines,SAN‐HKT,28h25m,2,"SFO, SIN",11:40 am – 11:05 pm,"Singapore Airlines, Alaska Airlines",HKT‐SAN,25h25m,2,"SIN, SFO",2642,20220406-1121,fast
2:15 pm – 9:35 am +2,"Alaska Airlines, Singapore Airlines",SAN‐HKT,29h20m,2,"SFO, SIN",11:40 am – 11:05 pm,Singapore Airlines,HKT‐SAN,25h25m,2,"SIN, SFO",3009,20220406-1121,fast
4:25 pm – 10:50 am +2,Singapore Airlines,SAN‐HKT,28h25m,2,"SFO, SIN",10:25 am – 11:05 pm,"Singapore Airlines, Alaska Airlines",HKT‐SAN,26h40m,2,"SIN, SFO",2642,20220406-1121,fast
2:15 pm – 9:35 am +2,"Alaska Airlines, Singapore Airlines",SAN‐HKT,29h20m,2,"SFO, SIN",10:25 am – 11:05 pm,Singapore Airlines,HKT‐SAN,26h40m,2,"SIN, SFO",3009,20220406-1121,fast
2:15 pm – 10:50 am +2,"Alaska Airlines, Singapore Airlines",SAN‐HKT,30h35m,2,"SFO, SIN",11:40 am – 11:05 pm,Singapore Airlines,HKT‐SAN,25h25m,2,"SIN, SFO",3009,20220406-1121,fast
12:35 pm – 9:35 am +2,"Alaska Airlines, Singapore Airlines",SAN‐HKT,31h00m,2,"SFO, SIN",11:40 am – 11:05 pm,Singapore Airlines,HKT‐SAN,25h25m,2,"SIN, SFO",3009,20220406-1121,fast
5:40 pm – 9:35 am +2,Singapore Airlines,SAN‐HKT,25h55m,2,"SFO, SIN",11:55 pm – 5:04 pm +1,Qatar Airways,HKT‐SAN,31h09m,2,"DOH, SEA",2725,20220406-1121,fast
2:15 pm – 10:50 am +2,"Alaska Airlines, Singapore Airlines",SAN‐HKT,30h35m,2,"SFO, SIN",10:25 am – 11:05 pm,"Singapore Airlines, Alaska Airlines",HKT‐SAN,26h40m,2,"SIN, SFO",3009,20220406-1121,fast
12:35 pm – 10:50 am +2,"Alaska Airlines, Singapore Airlines",SAN‐HKT,32h15m,2,"SFO, SIN",11:40 am – 11:05 pm,"Singapore Airlines, Alaska Airlines",HKT‐SAN,25h25m,2,"SIN, SFO",3009,20220406-1121,fast
