Out Time,Out Airline,Out Cities,Out Duration,Out Stops,Out Stop Cities,Return Time,Return Airline,Return Cities,Return Duration,Return Stops,Return Stop Cities,Price,timestamp,sort
10:46 am – 7:20 am +2,"American Airlines, Qatar Airways",SAN‐HKT,30h34m,2,"DFW, DOH",11:55 pm – 10:56 pm +1,"Qatar Airways, American Airlines",HKT‐SAN,37h01m,3,"DOH, BOS, ...",1461,20220406-1002,cheap
10:46 am – 7:20 am +2,"American Airlines, Qatar Airways",SAN‐HKT,30h34m,2,"DFW, DOH",11:55 pm – 10:56 pm +1,"Qatar Airways, American Airlines",HKT‐SAN,37h01m,3,"DOH, PHL, ...",1461,20220406-1002,cheap
10:21 am – 7:20 am +2,"American Airlines, Qatar Airways",SAN‐HKT,30h59m,3,"PHX, PHL, ...",11:55 pm – 10:56 pm +1,"Qatar Airways, American Airlines",HKT‐SAN,37h01m,3,"DOH, PHL, ...",1461,20220406-1002,cheap
10:21 am – 7:20 am +2,"American Airlines, Qatar Airways",SAN‐HKT,30h59m,3,"PHX, DFW, ...",11:55 pm – 10:56 pm +1,"Qatar Airways, American Airlines",HKT‐SAN,37h01m,3,"DOH, PHL, ...",1461,20220406-1002,cheap
10:21 am – 7:20 am +2,"American Airlines, Qatar Airways",SAN‐HKT,30h59m,3,"PHX, DFW, ...",11:55 pm – 10:56 pm +1,"Qatar Airways, American Airlines",HKT‐SAN,37h01m,3,"DOH, BOS, ...",1461,20220406-1002,cheap
10:21 am – 7:20 am +2,"American Airlines, Qatar Airways",SAN‐HKT,30h59m,3,"PHX, PHL, ...",11:55 pm – 10:56 pm +1,"Qatar Airways, American Airlines",HKT‐SAN,37h01m,3,"DOH, BOS, ...",1461,20220406-1002,cheap
9:35 am – 7:20 am +2,"American Airlines, Qatar Airways",SAN‐HKT,31h45m,2,"DFW, DOH",11:55 pm – 10:56 pm +1,"Qatar Airways, American Airlines",HKT‐SAN,37h01m,3,"DOH, PHL, ...",1461,20220406-1002,cheap
9:35 am – 7:20 am +2,"American Airlines, Qatar Airways",SAN‐HKT,31h45m,2,"DFW, DOH",11:55 pm – 10:56 pm +1,"Qatar Airways, American Airlines",HKT‐SAN,37h01m,3,"DOH, BOS, ...",1461,20220406-1002,cheap
2:40 pm – 1:15 pm +2,"American Airlines, Qatar Airways",SAN‐HKT,32h35m,2,"DFW, DOH",11:55 pm – 10:56 pm +1,"Qatar Airways, American Airlines",HKT‐SAN,37h01m,3,"DOH, PHL, ...",1461,20220406-1002,cheap
2:40 pm – 1:15 pm +2,"American Airlines, Qatar Airways",SAN‐HKT,32h35m,3,"DFW, ORD, ...",11:55 pm – 10:56 pm +1,"Qatar Airways, American Airlines",HKT‐SAN,37h01m,3,"DOH, BOS, ...",1461,20220406-1002,cheap
2:40 pm – 1:15 pm +2,"American Airlines, Qatar Airways",SAN‐HKT,32h35m,2,"DFW, DOH",11:55 pm – 10:56 pm +1,"Qatar Airways, American Airlines",HKT‐SAN,37h01m,3,"DOH, BOS, ...",1461,20220406-1002,cheap
2:40 pm – 1:15 pm +2,"American Airlines, Qatar Airways",SAN‐HKT,32h35m,3,"DFW, ORD, ...",11:55 pm – 10:56 pm +1,"Qatar Airways, American Airlines",HKT‐SAN,37h01m,3,"DOH, PHL, ...",1461,20220406-1002,cheap
8:00 am – 7:20 am +2,"American Airlines, Qatar Airways",SAN‐HKT,33h20m,3,"DFW, PHL, ...",11:55 pm – 10:56 pm +1,"Qatar Airways, American Airlines",HKT‐SAN,37h01m,3,"DOH, BOS, ...",1461,20220406-1002,cheap
8:00 am – 7:20 am +2,"American Airlines, Qatar Airways",SAN‐HKT,33h20m,2,"DFW, DOH",11:55 pm – 10:56 pm +1,"Qatar Airways, American Airlines",HKT‐SAN,37h01m,3,"DOH, PHL, ...",1461,20220406-1002,cheap
8:00 am – 7:20 am +2,"American Airlines, Qatar Airways",SAN‐HKT,33h20m,3,"DFW, PHL, ...",11:55 pm – 10:56 pm +1,"Qatar Airways, American Airlines",HKT‐SAN,37h01m,3,"DOH, PHL, ...",1461,20220406-1002,cheap
11:50 am – 7:20 am +2,"Alaska Airlines, Qatar Airways",SAN‐HKT,29h30m,2,"SEA, DOH",11:55 pm – 5:04 pm +1,"Qatar Airways, Alaska Airlines",HKT‐SAN,31h09m,2,"DOH, SEA",1730,20220406-1000,best
10:46 am – 7:20 am +2,"American Airlines, Qatar Airways",SAN‐HKT,30h34m,2,"DFW, DOH",11:55 pm – 10:56 pm +1,"Qatar Airways, American Airlines",HKT‐SAN,37h01m,3,"DOH, BOS, ...",1461,20220406-1000,best
12:35 pm – 7:20 am +2,"Alaska Airlines, Qatar Airways",SAN‐HKT,28h45m,2,"SFO, DOH",11:55 pm – 5:04 pm +1,"Qatar Airways, Alaska Airlines",HKT‐SAN,31h09m,2,"DOH, SEA",1799,20220406-1000,best
10:46 am – 7:20 am +2,"American Airlines, Qatar Airways",SAN‐HKT,30h34m,2,"DFW, DOH",11:55 pm – 7:56 pm +1,"Qatar Airways, American Airlines",HKT‐SAN,34h01m,2,"DOH, ORD",1542,20220406-1000,best
12:35 pm – 7:20 am +2,"Alaska Airlines, Qatar Airways",SAN‐HKT,28h45m,2,"SFO, DOH",11:55 pm – 6:45 pm +1,"Qatar Airways, Alaska Airlines",HKT‐SAN,32h50m,2,"DOH, SEA",1799,20220406-1000,best
12:35 pm – 7:20 am +2,"Alaska Airlines, Qatar Airways",SAN‐HKT,28h45m,2,"SFO, DOH",11:55 pm – 5:58 pm +1,"Qatar Airways, Alaska Airlines",HKT‐SAN,32h03m,2,"DOH, SFO",1876,20220406-1000,best
10:45 am – 7:20 am +2,"Alaska Airlines, Qatar Airways",SAN‐HKT,30h35m,2,"SFO, DOH",11:55 pm – 5:04 pm +1,"Qatar Airways, Alaska Airlines",HKT‐SAN,31h09m,2,"DOH, SEA",1799,20220406-1000,best
9:35 am – 7:20 am +2,"American Airlines, Qatar Airways",SAN‐HKT,31h45m,2,"DFW, DOH",11:55 pm – 7:56 pm +1,"Qatar Airways, American Airlines",HKT‐SAN,34h01m,2,"DOH, ORD",1542,20220406-1000,best
10:46 am – 7:20 am +2,"American Airlines, Qatar Airways",SAN‐HKT,30h34m,2,"DFW, DOH",11:55 pm – 9:15 pm +1,"Qatar Airways, American Airlines",HKT‐SAN,35h20m,3,"DOH, JFK, ...",1462,20220406-1000,best
11:50 am – 7:20 am +2,"Alaska Airlines, Qatar Airways",SAN‐HKT,29h30m,2,"SEA, DOH",11:55 pm – 6:45 pm +1,"Qatar Airways, Alaska Airlines",HKT‐SAN,32h50m,2,"DOH, SEA",1829,20220406-1000,best
10:46 am – 7:20 am +2,"American Airlines, Qatar Airways",SAN‐HKT,30h34m,2,"DFW, DOH",11:55 pm – 9:27 pm +1,"Qatar Airways, American Airlines",HKT‐SAN,35h32m,3,"DOH, ORD, ...",1462,20220406-1000,best
10:46 am – 7:20 am +2,"American Airlines, Qatar Airways",SAN‐HKT,30h34m,2,"DFW, DOH",11:55 pm – 9:27 pm +1,"Qatar Airways, American Airlines",HKT‐SAN,35h32m,3,"DOH, BOS, ...",1462,20220406-1000,best
10:21 am – 7:20 am +2,"American Airlines, Qatar Airways",SAN‐HKT,30h59m,3,"PHX, PHL, ...",11:55 pm – 7:56 pm +1,"Qatar Airways, American Airlines",HKT‐SAN,34h01m,2,"DOH, ORD",1546,20220406-1000,best
10:21 am – 7:20 am +2,"American Airlines, Qatar Airways",SAN‐HKT,30h59m,3,"PHX, DFW, ...",11:55 pm – 7:56 pm +1,"Qatar Airways, American Airlines",HKT‐SAN,34h01m,2,"DOH, ORD",1546,20220406-1000,best
2:40 pm – 1:15 pm +2,"American Airlines, Qatar Airways",SAN‐HKT,32h35m,2,"DFW, DOH",11:55 pm – 7:56 pm +1,"Qatar Airways, American Airlines",HKT‐SAN,34h01m,2,"DOH, ORD",1542,20220406-1000,best
11:50 am – 7:20 am +2,"Alaska Airlines, Qatar Airways",SAN‐HKT,29h30m,2,"SEA, DOH",11:55 pm – 5:58 pm +1,"Qatar Airways, Alaska Airlines",HKT‐SAN,32h03m,2,"DOH, SFO",1907,20220406-1000,best
5:40 pm – 9:35 am +2,"Alaska Airlines, Singapore Airlines",SAN‐HKT,25h55m,2,"SFO, SIN",11:40 am – 11:05 pm,Singapore Airlines,HKT‐SAN,25h25m,2,"SIN, SFO",3654,20220406-1005,fast
12:35 pm – 7:20 am +2,Qatar Airways,SAN‐HKT,28h45m,2,"SFO, DOH",11:40 am – 11:05 pm,Singapore Airlines,HKT‐SAN,25h25m,2,"SIN, SFO",4403,20220406-1005,fast
2:15 pm – 9:35 am +2,"Alaska Airlines, Singapore Airlines",SAN‐HKT,29h20m,2,"SFO, SIN",11:40 am – 11:05 pm,"Singapore Airlines, Alaska Airlines",HKT‐SAN,25h25m,2,"SIN, SFO",3654,20220406-1005,fast
11:50 am – 7:20 am +2,Qatar Airways,SAN‐HKT,29h30m,2,"SEA, DOH",11:40 am – 11:05 pm,Singapore Airlines,HKT‐SAN,25h25m,2,"SIN, SFO",4349,20220406-1005,fast
12:35 pm – 7:20 am +2,Qatar Airways,SAN‐HKT,28h45m,2,"SFO, DOH",10:25 am – 11:05 pm,Singapore Airlines,HKT‐SAN,26h40m,2,"SIN, SFO",4403,20220406-1005,fast
11:50 am – 7:20 am +2,Qatar Airways,SAN‐HKT,29h30m,2,"SEA, DOH",10:25 am – 11:05 pm,Singapore Airlines,HKT‐SAN,26h40m,2,"SIN, SFO",4349,20220406-1005,fast
12:35 pm – 9:35 am +2,"Alaska Airlines, Singapore Airlines",SAN‐HKT,31h00m,2,"SFO, SIN",11:40 am – 11:05 pm,"Singapore Airlines, Alaska Airlines",HKT‐SAN,25h25m,2,"SIN, SFO",3654,20220406-1005,fast
9:45 pm – 7:20 pm +2,"JetBlue, Singapore Airlines",SAN‐HKT,31h35m,2,"EWR, SIN",11:40 am – 11:05 pm,Singapore Airlines,HKT‐SAN,25h25m,2,"SIN, SFO",7905,20220406-1005,fast
9:35 am – 7:20 am +2,Qatar Airways,SAN‐HKT,31h45m,2,"DFW, DOH",11:40 am – 11:05 pm,Singapore Airlines,HKT‐SAN,25h25m,2,"SIN, SFO",4913,20220406-1005,fast
5:40 pm – 9:35 am +2,Singapore Airlines,SAN‐HKT,25h55m,2,"SFO, SIN",11:55 pm – 5:58 pm +1,Qatar Airways,HKT‐SAN,32h03m,2,"DOH, SFO",3274,20220406-1005,fast
10:45 am – 9:35 am +2,"Alaska Airlines, Singapore Airlines",SAN‐HKT,32h50m,2,"SFO, SIN",11:40 am – 11:05 pm,"Singapore Airlines, Alaska Airlines",HKT‐SAN,25h25m,2,"SIN, SFO",3654,20220406-1005,fast
9:45 pm – 7:20 pm +2,"JetBlue, Singapore Airlines",SAN‐HKT,31h35m,2,"EWR, SIN",10:25 am – 11:05 pm,Singapore Airlines,HKT‐SAN,26h40m,2,"SIN, SFO",7905,20220406-1005,fast
9:35 am – 7:20 am +2,Qatar Airways,SAN‐HKT,31h45m,2,"DFW, DOH",10:25 am – 11:05 pm,Singapore Airlines,HKT‐SAN,26h40m,2,"SIN, SFO",4913,20220406-1005,fast
7:50 am – 7:20 am +2,Qatar Airways,SAN‐HKT,33h30m,2,"SEA, DOH",11:40 am – 11:05 pm,Singapore Airlines,HKT‐SAN,25h25m,2,"SIN, SFO",4355,20220406-1005,fast
4:25 pm – 9:35 am +2,Singapore Airlines,SAN‐HKT,27h10m,2,"SFO, SIN",11:55 pm – 5:58 pm +1,Qatar Airways,HKT‐SAN,32h03m,2,"DOH, SFO",3274,20220406-1005,fast
