Out Time,Out Airline,Out Cities,Out Duration,Out Stops,Out Stop Cities,Return Time,Return Airline,Return Cities,Return Duration,Return Stops,Return Stop Cities,Price,timestamp,sort
8:25 am – 1:15 pm +2,"Alaska Airlines, Qatar Airways",SAN‐HKT,38h50m,2,"SFO, DOH",1:30 am – 7:34 am +1,"Asiana Airlines, Alaska Airlines",HKT‐SAN,44h04m,2,"ICN, SFO",1900,20220406-1815,cheap
6:25 am – 1:15 pm +2,"Alaska Airlines, Qatar Airways",SAN‐HKT,40h50m,2,"SFO, DOH",1:30 am – 7:34 am +1,"Asiana Airlines, Alaska Airlines",HKT‐SAN,44h04m,2,"ICN, SFO",1903,20220406-1815,cheap
10:25 pm – 1:15 pm +3,"Alaska Airlines, Qatar Airways",SAN‐HKT,48h50m,2,"SFO, DOH",1:30 am – 7:34 am +1,"Asiana Airlines, Alaska Airlines",HKT‐SAN,44h04m,2,"ICN, SFO",1916,20220406-1815,cheap
8:25 am – 1:15 pm +2,"Alaska Airlines, Qatar Airways",SAN‐HKT,38h50m,2,"SFO, DOH",1:30 am – 9:42 pm,"Asiana Airlines, Alaska Airlines",HKT‐SAN,34h12m,2,"ICN, SFO",1918,20220406-1815,cheap
6:25 am – 1:15 pm +2,"Alaska Airlines, Qatar Airways",SAN‐HKT,40h50m,2,"SFO, DOH",1:30 am – 9:42 pm,"Asiana Airlines, Alaska Airlines",HKT‐SAN,34h12m,2,"ICN, SFO",1918,20220406-1815,cheap
8:25 am – 1:15 pm +2,"Alaska Airlines, Qatar Airways",SAN‐HKT,38h50m,2,"SFO, DOH",1:30 am – 11:49 pm,"Asiana Airlines, Alaska Airlines",HKT‐SAN,36h19m,2,"ICN, SFO",1918,20220406-1815,cheap
6:25 am – 1:15 pm +2,"Alaska Airlines, Qatar Airways",SAN‐HKT,40h50m,2,"SFO, DOH",1:30 am – 11:49 pm,"Asiana Airlines, Alaska Airlines",HKT‐SAN,36h19m,2,"ICN, SFO",1918,20220406-1815,cheap
8:25 am – 1:15 pm +2,"Alaska Airlines, Qatar Airways",SAN‐HKT,38h50m,2,"SFO, DOH",1:30 am – 9:39 am +1,"Asiana Airlines, Alaska Airlines",HKT‐SAN,46h09m,2,"ICN, SFO",1928,20220406-1815,cheap
6:25 am – 1:15 pm +2,"Alaska Airlines, Qatar Airways",SAN‐HKT,40h50m,2,"SFO, DOH",1:30 am – 9:39 am +1,"Asiana Airlines, Alaska Airlines",HKT‐SAN,46h09m,2,"ICN, SFO",1928,20220406-1815,cheap
10:25 pm – 1:15 pm +3,"Alaska Airlines, Qatar Airways",SAN‐HKT,48h50m,2,"SFO, DOH",1:30 am – 9:42 pm,"Asiana Airlines, Alaska Airlines",HKT‐SAN,34h12m,2,"ICN, SFO",1931,20220406-1815,cheap
10:25 pm – 1:15 pm +3,"Alaska Airlines, Qatar Airways",SAN‐HKT,48h50m,2,"SFO, DOH",1:30 am – 11:49 pm,"Asiana Airlines, Alaska Airlines",HKT‐SAN,36h19m,2,"ICN, SFO",1931,20220406-1815,cheap
8:45 pm – 9:35 am +3,"JetBlue, Singapore Airlines",SAN‐HKT,46h50m,3,"JFK, FRA, ...",8:10 pm – 11:42 pm +1,"Singapore Airlines, Delta",HKT‐SAN,41h32m,3,"SIN, NRT, ...",1939,20220406-1815,cheap
10:20 am – 1:15 pm +2,Qatar Airways,SAN‐HKT,36h55m,2,"SFO, DOH",1:30 am – 9:39 am +1,"Asiana Airlines, Alaska Airlines",HKT‐SAN,46h09m,2,"ICN, SFO",1957,20220406-1815,cheap
10:20 am – 1:15 pm +2,Qatar Airways,SAN‐HKT,36h55m,2,"SFO, DOH",1:30 am – 3:02 pm +1,"Asiana Airlines, Alaska Airlines",HKT‐SAN,51h32m,2,"ICN, SFO",1957,20220406-1815,cheap
10:25 pm – 9:35 am +3,Singapore Airlines,SAN‐HKT,45h10m,2,"SFO, SIN",8:10 pm – 11:59 pm +1,"Singapore Airlines, Alaska Airlines",HKT‐SAN,41h49m,2,"SIN, SEA",1961,20220406-1815,cheap
3:10 pm – 9:35 am +2,Singapore Airlines,SAN‐HKT,28h25m,2,"SFO, SIN",11:40 am – 11:49 pm,Singapore Airlines,HKT‐SAN,26h09m,2,"SIN, SFO",2883,20220406-1813,best
8:25 am – 1:15 pm +2,"Alaska Airlines, Qatar Airways",SAN‐HKT,38h50m,2,"SFO, DOH",1:30 am – 7:34 am +1,"Asiana Airlines, Alaska Airlines",HKT‐SAN,44h04m,2,"ICN, SFO",1900,20220406-1813,best
3:10 pm – 10:50 am +2,Singapore Airlines,SAN‐HKT,29h40m,2,"SFO, SIN",11:40 am – 11:49 pm,Singapore Airlines,HKT‐SAN,26h09m,2,"SIN, SFO",2883,20220406-1813,best
3:10 pm – 9:35 am +2,Singapore Airlines,SAN‐HKT,28h25m,2,"SFO, SIN",10:25 am – 11:49 pm,Singapore Airlines,HKT‐SAN,27h24m,2,"SIN, SFO",2883,20220406-1813,best
8:25 pm – 7:20 pm +2,Singapore Airlines,SAN‐HKT,32h55m,2,"SEA, SIN",11:40 am – 11:49 pm,Singapore Airlines,HKT‐SAN,26h09m,2,"SIN, SFO",2691,20220406-1813,best
5:15 pm – 10:50 am +2,"Alaska Airlines, Singapore Airlines",SAN‐HKT,27h35m,2,"SFO, SIN",11:40 am – 11:49 pm,"Singapore Airlines, Alaska Airlines",HKT‐SAN,26h09m,2,"SIN, SFO",3057,20220406-1813,best
3:10 pm – 10:50 am +2,Singapore Airlines,SAN‐HKT,29h40m,2,"SFO, SIN",10:25 am – 11:49 pm,Singapore Airlines,HKT‐SAN,27h24m,2,"SIN, SFO",2883,20220406-1813,best
8:25 pm – 7:20 pm +2,Singapore Airlines,SAN‐HKT,32h55m,2,"SEA, SIN",10:25 am – 11:49 pm,Singapore Airlines,HKT‐SAN,27h24m,2,"SIN, SFO",2691,20220406-1813,best
5:15 pm – 10:50 am +2,"Alaska Airlines, Singapore Airlines",SAN‐HKT,27h35m,2,"SFO, SIN",10:25 am – 11:49 pm,Singapore Airlines,HKT‐SAN,27h24m,2,"SIN, SFO",3057,20220406-1813,best
8:25 pm – 7:20 pm +2,Singapore Airlines,SAN‐HKT,32h55m,2,"SEA, SIN",8:10 pm – 3:02 pm +1,Singapore Airlines,HKT‐SAN,32h52m,2,"SIN, SFO",2405,20220406-1813,best
12:30 pm – 1:15 pm +2,"Alaska Airlines, Qatar Airways",SAN‐HKT,34h45m,2,"SFO, DOH",1:30 am – 9:42 pm,"Asiana Airlines, Alaska Airlines",HKT‐SAN,34h12m,2,"ICN, SFO",2048,20220406-1813,best
12:30 pm – 12:30 pm +2,"Alaska Airlines, Emirates",SAN‐HKT,34h00m,2,"SFO, DXB",1:30 am – 9:42 pm,"Asiana Airlines, Alaska Airlines",HKT‐SAN,34h12m,2,"ICN, SFO",2096,20220406-1813,best
1:00 pm – 1:15 pm +2,"Alaska Airlines, Qatar Airways",SAN‐HKT,34h15m,2,"SEA, DOH",1:30 am – 9:42 pm,"Asiana Airlines, Alaska Airlines",HKT‐SAN,34h12m,2,"ICN, SFO",2109,20220406-1813,best
12:30 pm – 1:15 pm +2,Qatar Airways,SAN‐HKT,34h45m,2,"SFO, DOH",11:55 pm – 7:58 pm +1,Qatar Airways,HKT‐SAN,34h03m,2,"DOH, SEA",2122,20220406-1813,best
1:00 pm – 1:15 pm +2,"Alaska Airlines, Qatar Airways",SAN‐HKT,34h15m,2,"SEA, DOH",11:55 pm – 7:58 pm +1,Qatar Airways,HKT‐SAN,34h03m,2,"DOH, SEA",2170,20220406-1813,best
3:10 pm – 9:35 am +2,Singapore Airlines,SAN‐HKT,28h25m,2,"SFO, SIN",8:10 pm – 1:32 pm +1,Singapore Airlines,HKT‐SAN,31h22m,2,"SIN, SFO",2865,20220406-1813,best
5:15 pm – 9:35 am +2,Singapore Airlines,SAN‐HKT,26h20m,2,"SFO, SIN",11:40 am – 11:49 pm,Singapore Airlines,HKT‐SAN,26h09m,2,"SIN, SFO",3527,20220406-1818,fast
5:15 pm – 10:50 am +2,"Alaska Airlines, Singapore Airlines",SAN‐HKT,27h35m,2,"SFO, SIN",11:40 am – 11:49 pm,"Singapore Airlines, Alaska Airlines",HKT‐SAN,26h09m,2,"SIN, SFO",3057,20220406-1818,fast
5:15 pm – 9:35 am +2,Singapore Airlines,SAN‐HKT,26h20m,2,"SFO, SIN",10:25 am – 11:49 pm,Singapore Airlines,HKT‐SAN,27h24m,2,"SIN, SFO",3527,20220406-1818,fast
3:10 pm – 9:35 am +2,Singapore Airlines,SAN‐HKT,28h25m,2,"SFO, SIN",11:40 am – 11:49 pm,Singapore Airlines,HKT‐SAN,26h09m,2,"SIN, SFO",2883,20220406-1818,fast
5:15 pm – 10:50 am +2,"Alaska Airlines, Singapore Airlines",SAN‐HKT,27h35m,2,"SFO, SIN",10:25 am – 11:49 pm,Singapore Airlines,HKT‐SAN,27h24m,2,"SIN, SFO",3057,20220406-1818,fast
3:10 pm – 10:50 am +2,Singapore Airlines,SAN‐HKT,29h40m,2,"SFO, SIN",11:40 am – 11:49 pm,Singapore Airlines,HKT‐SAN,26h09m,2,"SIN, SFO",2883,20220406-1818,fast
3:10 pm – 9:35 am +2,Singapore Airlines,SAN‐HKT,28h25m,2,"SFO, SIN",10:25 am – 11:49 pm,Singapore Airlines,HKT‐SAN,27h24m,2,"SIN, SFO",2883,20220406-1818,fast
3:10 pm – 10:50 am +2,Singapore Airlines,SAN‐HKT,29h40m,2,"SFO, SIN",10:25 am – 11:49 pm,Singapore Airlines,HKT‐SAN,27h24m,2,"SIN, SFO",2883,20220406-1818,fast
12:30 pm – 9:35 am +2,"Alaska Airlines, Singapore Airlines",SAN‐HKT,31h05m,2,"SFO, SIN",11:40 am – 11:49 pm,Singapore Airlines,HKT‐SAN,26h09m,2,"SIN, SFO",3454,20220406-1818,fast
5:15 pm – 9:35 am +2,Singapore Airlines,SAN‐HKT,26h20m,2,"SFO, SIN",8:10 pm – 1:32 pm +1,Singapore Airlines,HKT‐SAN,31h22m,2,"SIN, SFO",3509,20220406-1818,fast
12:30 pm – 9:35 am +2,"Alaska Airlines, Singapore Airlines",SAN‐HKT,31h05m,2,"SFO, SIN",10:25 am – 11:49 pm,"Singapore Airlines, Alaska Airlines",HKT‐SAN,27h24m,2,"SIN, SFO",3454,20220406-1818,fast
12:30 pm – 10:50 am +2,"Alaska Airlines, Singapore Airlines",SAN‐HKT,32h20m,2,"SFO, SIN",11:40 am – 11:49 pm,Singapore Airlines,HKT‐SAN,26h09m,2,"SIN, SFO",3454,20220406-1818,fast
5:15 pm – 9:35 am +2,Singapore Airlines,SAN‐HKT,26h20m,2,"SFO, SIN",1:30 am – 7:39 pm,Asiana Airlines,HKT‐SAN,32h09m,2,"ICN, LAX",4307,20220406-1818,fast
5:15 pm – 9:35 am +2,Singapore Airlines,SAN‐HKT,26h20m,2,"SFO, SIN",11:55 pm – 6:23 pm +1,Qatar Airways,HKT‐SAN,32h28m,2,"DOH, SEA",4642,20220406-1818,fast
5:15 pm – 10:50 am +2,Singapore Airlines,SAN‐HKT,27h35m,2,"SFO, SIN",8:10 pm – 1:32 pm +1,Singapore Airlines,HKT‐SAN,31h22m,2,"SIN, SFO",3509,20220406-1818,fast
