Out Time,Out Airline,Out Cities,Out Duration,Out Stops,Out Stop Cities,Return Time,Return Airline,Return Cities,Return Duration,Return Stops,Return Stop Cities,Price,timestamp,sort
12:35 pm – 7:20 am +2,"Alaska Airlines, Qatar Airways",SAN‐HKT,28h45m,2,"SFO, DOH",8:50 am – 1:50 am +1,Multiple Airlines,HKT‐SAN,31h00m,3,"BKK, MNL, ...",1286,20220406-1034,cheap
12:35 pm – 7:20 am +2,"Alaska Airlines, Qatar Airways",SAN‐HKT,28h45m,2,"SFO, DOH",12:10 pm – 10:20 pm +1,Multiple Airlines,HKT‐SAN,48h10m,3,"SIN, SYD, ...",1371,20220406-1034,cheap
12:35 pm – 7:20 am +2,"Alaska Airlines, Qatar Airways",SAN‐HKT,28h45m,2,"SFO, DOH",7:50 pm – 10:20 pm +1,Multiple Airlines,HKT‐SAN,40h30m,3,"SIN, SYD, ...",1439,20220406-1034,cheap
11:50 am – 12:30 pm +2,"Alaska Airlines, Emirates",SAN‐HKT,34h40m,2,"SEA, DXB",9:45 pm – 6:45 pm +1,"Emirates, Alaska Airlines",HKT‐SAN,35h00m,2,"DXB, SEA",1460,20220406-1034,cheap
11:50 am – 12:30 pm +2,"Alaska Airlines, Emirates",SAN‐HKT,34h40m,2,"SEA, DXB",9:45 pm – 9:37 pm +1,"Emirates, Alaska Airlines",HKT‐SAN,37h52m,2,"DXB, SEA",1460,20220406-1034,cheap
11:50 am – 7:20 am +2,"Alaska Airlines, Qatar Airways",SAN‐HKT,29h30m,2,"SEA, DOH",11:55 pm – 6:45 pm +1,"Qatar Airways, Alaska Airlines",HKT‐SAN,32h50m,2,"DOH, SEA",1474,20220406-1034,cheap
11:50 am – 7:20 am +2,"Alaska Airlines, Qatar Airways",SAN‐HKT,29h30m,2,"SEA, DOH",11:55 pm – 9:43 pm +1,Qatar Airways,HKT‐SAN,35h48m,2,"DOH, JFK",1510,20220406-1034,cheap
12:35 pm – 7:20 am +2,"Alaska Airlines, Qatar Airways",SAN‐HKT,28h45m,2,"SFO, DOH",9:00 am – 10:04 am +1,Multiple Airlines,HKT‐SAN,39h04m,3,"BKK, MNL, ...",1541,20220406-1034,cheap
12:35 pm – 7:20 am +2,"Alaska Airlines, Qatar Airways",SAN‐HKT,28h45m,2,"SFO, DOH",9:45 pm – 9:03 pm +1,"Emirates, Alaska Airlines",HKT‐SAN,37h18m,2,"DXB, JFK-EWR",1556,20220406-1034,cheap
12:35 pm – 7:20 am +2,"Alaska Airlines, Qatar Airways",SAN‐HKT,28h45m,2,"SFO, DOH",9:00 am – 10:10 am +1,Multiple Airlines,HKT‐SAN,39h10m,3,"BKK, MNL, ...",1561,20220406-1034,cheap
12:35 pm – 7:20 am +2,"Alaska Airlines, Qatar Airways",SAN‐HKT,28h45m,2,"SFO, DOH",11:55 pm – 6:45 pm +1,"Qatar Airways, Alaska Airlines",HKT‐SAN,32h50m,2,"DOH, SEA",1587,20220406-1034,cheap
10:45 am – 7:20 am +2,"Alaska Airlines, Qatar Airways",SAN‐HKT,30h35m,2,"SFO, DOH",11:55 pm – 6:45 pm +1,"Qatar Airways, Alaska Airlines",HKT‐SAN,32h50m,2,"DOH, SEA",1587,20220406-1034,cheap
7:05 am – 7:20 am +2,Qatar Airways,SAN‐HKT,34h15m,2,"JFK, DOH",11:55 pm – 6:45 pm +1,Qatar Airways,HKT‐SAN,32h50m,2,"DOH, SEA",1590,20220406-1034,cheap
6:25 am – 7:20 am +2,"Alaska Airlines, Qatar Airways",SAN‐HKT,34h55m,2,"SFO, DOH",9:05 pm – 5:58 pm +1,"Qatar Airways, Alaska Airlines",HKT‐SAN,34h53m,2,"DOH, SFO",1590,20220406-1034,cheap
7:05 am – 7:20 am +2,Qatar Airways,SAN‐HKT,34h15m,2,"JFK, DOH",11:55 pm – 9:37 pm +1,Qatar Airways,HKT‐SAN,35h42m,2,"DOH, SEA",1590,20220406-1034,cheap
11:50 am – 7:20 am +2,"Alaska Airlines, Qatar Airways",SAN‐HKT,29h30m,2,"SEA, DOH",11:55 pm – 6:45 pm +1,"Qatar Airways, Alaska Airlines",HKT‐SAN,32h50m,2,"DOH, SEA",1474,20220406-1031,best
12:35 pm – 7:20 am +2,"Alaska Airlines, Qatar Airways",SAN‐HKT,28h45m,2,"SFO, DOH",8:50 am – 1:50 am +1,Multiple Airlines,HKT‐SAN,31h00m,3,"BKK, MNL, ...",1286,20220406-1031,best
12:35 pm – 7:20 am +2,"Alaska Airlines, Qatar Airways",SAN‐HKT,28h45m,2,"SFO, DOH",11:55 pm – 6:45 pm +1,"Qatar Airways, Alaska Airlines",HKT‐SAN,32h50m,2,"DOH, SEA",1587,20220406-1031,best
11:50 am – 7:20 am +2,"Alaska Airlines, Qatar Airways",SAN‐HKT,29h30m,2,"SEA, DOH",11:55 pm – 9:43 pm +1,Qatar Airways,HKT‐SAN,35h48m,2,"DOH, JFK",1510,20220406-1031,best
11:50 am – 7:20 am +2,"Alaska Airlines, Qatar Airways",SAN‐HKT,29h30m,2,"SEA, DOH",11:55 pm – 5:58 pm +1,"Qatar Airways, Alaska Airlines",HKT‐SAN,32h03m,2,"DOH, SFO",1634,20220406-1031,best
10:45 am – 7:20 am +2,"Alaska Airlines, Qatar Airways",SAN‐HKT,30h35m,2,"SFO, DOH",11:55 pm – 6:45 pm +1,"Qatar Airways, Alaska Airlines",HKT‐SAN,32h50m,2,"DOH, SEA",1587,20220406-1031,best
12:35 pm – 7:20 am +2,"Alaska Airlines, Qatar Airways",SAN‐HKT,28h45m,2,"SFO, DOH",11:55 pm – 5:58 pm +1,"Qatar Airways, Alaska Airlines",HKT‐SAN,32h03m,2,"DOH, SFO",1708,20220406-1031,best
11:50 am – 12:30 pm +2,"Alaska Airlines, Emirates",SAN‐HKT,34h40m,2,"SEA, DXB",9:45 pm – 6:45 pm +1,"Emirates, Alaska Airlines",HKT‐SAN,35h00m,2,"DXB, SEA",1460,20220406-1031,best
12:35 pm – 7:20 am +2,Qatar Airways,SAN‐HKT,28h45m,2,"SFO, DOH",11:55 pm – 9:37 pm +1,Qatar Airways,HKT‐SAN,35h42m,2,"DOH, SEA",1658,20220406-1031,best
11:50 am – 7:20 am +2,"Alaska Airlines, Qatar Airways",SAN‐HKT,29h30m,2,"SEA, DOH",11:55 pm – 9:20 pm +1,"Qatar Airways, Alaska Airlines",HKT‐SAN,35h25m,2,"DOH, SFO",1634,20220406-1031,best
7:05 am – 7:20 am +2,Qatar Airways,SAN‐HKT,34h15m,2,"JFK, DOH",11:55 pm – 6:45 pm +1,Qatar Airways,HKT‐SAN,32h50m,2,"DOH, SEA",1590,20220406-1031,best
10:45 am – 7:20 am +2,"Alaska Airlines, Qatar Airways",SAN‐HKT,30h35m,2,"SFO, DOH",11:55 pm – 5:58 pm +1,"Qatar Airways, Alaska Airlines",HKT‐SAN,32h03m,2,"DOH, SFO",1708,20220406-1031,best
10:21 am – 7:20 am +2,"American Airlines, Qatar Airways",SAN‐HKT,30h59m,3,"PHX, DFW, ...",9:05 pm – 3:55 pm +1,"Qatar Airways, American Airlines",HKT‐SAN,32h50m,3,"DOH, ORD, ...",1630,20220406-1031,best
10:21 am – 7:20 am +2,"American Airlines, Qatar Airways",SAN‐HKT,30h59m,3,"PHX, PHL, ...",9:05 pm – 3:55 pm +1,"Qatar Airways, American Airlines",HKT‐SAN,32h50m,3,"DOH, ORD, ...",1630,20220406-1031,best
10:21 am – 7:20 am +2,"American Airlines, Qatar Airways",SAN‐HKT,30h59m,3,"PHX, BOS, ...",9:05 pm – 3:55 pm +1,"Qatar Airways, American Airlines",HKT‐SAN,32h50m,3,"DOH, ORD, ...",1630,20220406-1031,best
7:50 am – 7:20 am +2,"Alaska Airlines, Qatar Airways",SAN‐HKT,33h30m,2,"SEA, DOH",11:55 pm – 5:58 pm +1,"Qatar Airways, Alaska Airlines",HKT‐SAN,32h03m,2,"DOH, SFO",1634,20220406-1031,best
5:40 pm – 9:35 am +2,Singapore Airlines,SAN‐HKT,25h55m,2,"SFO, SIN",11:40 am – 11:05 pm,Singapore Airlines,HKT‐SAN,25h25m,2,"SIN, SFO",4226,20220406-1036,fast
5:40 pm – 10:50 am +2,Singapore Airlines,SAN‐HKT,27h10m,2,"SFO, SIN",11:40 am – 11:05 pm,Singapore Airlines,HKT‐SAN,25h25m,2,"SIN, SFO",4226,20220406-1036,fast
5:40 pm – 9:35 am +2,Singapore Airlines,SAN‐HKT,25h55m,2,"SFO, SIN",10:25 am – 11:05 pm,Singapore Airlines,HKT‐SAN,26h40m,2,"SIN, SFO",4226,20220406-1036,fast
4:25 pm – 9:35 am +2,Singapore Airlines,SAN‐HKT,27h10m,2,"SFO, SIN",11:40 am – 11:05 pm,Singapore Airlines,HKT‐SAN,25h25m,2,"SIN, SFO",4226,20220406-1036,fast
4:25 pm – 10:50 am +2,Singapore Airlines,SAN‐HKT,28h25m,2,"SFO, SIN",11:40 am – 11:05 pm,Singapore Airlines,HKT‐SAN,25h25m,2,"SIN, SFO",4226,20220406-1036,fast
4:25 pm – 9:35 am +2,Singapore Airlines,SAN‐HKT,27h10m,2,"SFO, SIN",10:25 am – 11:05 pm,Singapore Airlines,HKT‐SAN,26h40m,2,"SIN, SFO",4226,20220406-1036,fast
5:40 pm – 10:50 am +2,Singapore Airlines,SAN‐HKT,27h10m,2,"SFO, SIN",10:25 am – 11:05 pm,Singapore Airlines,HKT‐SAN,26h40m,2,"SIN, SFO",4226,20220406-1036,fast
2:15 pm – 9:35 am +2,"Alaska Airlines, Singapore Airlines",SAN‐HKT,29h20m,2,"SFO, SIN",11:40 am – 11:05 pm,Singapore Airlines,HKT‐SAN,25h25m,2,"SIN, SFO",4226,20220406-1036,fast
4:25 pm – 10:50 am +2,Singapore Airlines,SAN‐HKT,28h25m,2,"SFO, SIN",10:25 am – 11:05 pm,Singapore Airlines,HKT‐SAN,26h40m,2,"SIN, SFO",4226,20220406-1036,fast
10:45 am – 10:50 am +2,"Alaska Airlines, Singapore Airlines",SAN‐HKT,34h05m,2,"SFO, SIN",11:40 am – 11:05 pm,"Singapore Airlines, Alaska Airlines",HKT‐SAN,25h25m,2,"SIN, SFO",4226,20220406-1036,fast
12:35 pm – 7:20 am +2,"Alaska Airlines, Qatar Airways",SAN‐HKT,28h45m,2,"SFO, DOH",8:50 am – 1:50 am +1,Multiple Airlines,HKT‐SAN,31h00m,3,"BKK, MNL, ...",1286,20220406-1036,fast
7:00 pm – 1:15 pm +2,"British Airways, Qatar Airways",SAN‐HKT,28h15m,2,"LHR, DOH",11:55 pm – 5:58 pm +1,"Qatar Airways, Alaska Airlines",HKT‐SAN,32h03m,2,"DOH, SFO",3835,20220406-1036,fast
12:35 pm – 7:20 am +2,"Alaska Airlines, Qatar Airways",SAN‐HKT,28h45m,2,"SFO, DOH",12:10 am – 5:58 pm,"Emirates, Alaska Airlines",HKT‐SAN,31h48m,2,"DXB, SFO",1902,20220406-1036,fast
12:35 pm – 7:20 am +2,"Alaska Airlines, Qatar Airways",SAN‐HKT,28h45m,2,"SFO, DOH",5:25 pm – 11:15 am +1,"Thai Vietjet Air, Japan Airlines",HKT‐SAN,31h50m,2,"BKK, HND-NRT",1687,20220406-1036,fast
10:45 am – 10:50 am +2,"Alaska Airlines, Singapore Airlines",SAN‐HKT,34h05m,2,"SFO, SIN",10:25 am – 11:05 pm,"Singapore Airlines, Alaska Airlines",HKT‐SAN,26h40m,2,"SIN, SFO",4226,20220406-1036,fast
