Out Time,Out Airline,Out Cities,Out Duration,Out Stops,Out Stop Cities,Return Time,Return Airline,Return Cities,Return Duration,Return Stops,Return Stop Cities,Price,timestamp,sort
1:00 pm – 6:55 am +2,"Alaska Airlines, Qatar Airways",SAN‐HKT,27h55m,2,"SEA, DOH",11:55 pm – 11:58 am +2,"Qatar Airways, Alaska Airlines",HKT‐SAN,50h03m,2,"DOH, JFK",1538,20220406-1407,cheap
11:53 am – 6:55 am +2,"Alaska Airlines, Qatar Airways",SAN‐HKT,29h02m,2,"SEA, DOH",11:55 pm – 11:58 am +2,"Qatar Airways, Alaska Airlines",HKT‐SAN,50h03m,2,"DOH, JFK",1538,20220406-1407,cheap
1:00 pm – 1:15 pm +2,"Alaska Airlines, Qatar Airways",SAN‐HKT,34h15m,2,"SEA, DOH",11:55 pm – 11:58 am +2,"Qatar Airways, Alaska Airlines",HKT‐SAN,50h03m,2,"DOH, JFK",1538,20220406-1407,cheap
11:53 am – 1:15 pm +2,"Alaska Airlines, Qatar Airways",SAN‐HKT,35h22m,2,"SEA, DOH",11:55 pm – 11:58 am +2,"Qatar Airways, Alaska Airlines",HKT‐SAN,50h03m,2,"DOH, JFK",1538,20220406-1407,cheap
1:00 pm – 6:55 am +2,"Alaska Airlines, Qatar Airways",SAN‐HKT,27h55m,2,"SEA, DOH",11:55 pm – 9:49 pm +2,"Qatar Airways, Alaska Airlines",HKT‐SAN,59h54m,2,"DOH, JFK",1549,20220406-1407,cheap
11:53 am – 6:55 am +2,"Alaska Airlines, Qatar Airways",SAN‐HKT,29h02m,2,"SEA, DOH",11:55 pm – 9:49 pm +2,"Qatar Airways, Alaska Airlines",HKT‐SAN,59h54m,2,"DOH, JFK",1549,20220406-1407,cheap
1:15 pm – 10:55 am +2,Multiple Airlines,SAN‐HKT,31h40m,3,"NRT, HAN, ...",8:50 am – 1:50 am +1,Multiple Airlines,HKT‐SAN,31h00m,3,"BKK, MNL, ...",1579,20220406-1407,cheap
1:00 pm – 6:55 am +2,"Alaska Airlines, Qatar Airways",SAN‐HKT,27h55m,2,"SEA, DOH",9:05 pm – 11:58 am +2,"Qatar Airways, Alaska Airlines",HKT‐SAN,52h53m,2,"DOH, JFK",1604,20220406-1407,cheap
11:53 am – 6:55 am +2,"Alaska Airlines, Qatar Airways",SAN‐HKT,29h02m,2,"SEA, DOH",9:05 pm – 11:58 am +2,"Qatar Airways, Alaska Airlines",HKT‐SAN,52h53m,2,"DOH, JFK",1604,20220406-1407,cheap
1:00 pm – 1:15 pm +2,"Alaska Airlines, Qatar Airways",SAN‐HKT,34h15m,2,"SEA, DOH",9:05 pm – 11:58 am +2,"Qatar Airways, Alaska Airlines",HKT‐SAN,52h53m,2,"DOH, JFK",1604,20220406-1407,cheap
4:55 pm – 10:50 am +3,"Alaska Airlines, Singapore Airlines",SAN‐HKT,51h55m,3,"SEA, YVR, ...",8:10 pm – 5:42 pm +1,"Singapore Airlines, Alaska Airlines",HKT‐SAN,35h32m,2,"SIN, SFO",1667,20220406-1407,cheap
8:45 pm – 9:35 am +3,"Alaska Airlines, Singapore Airlines",SAN‐HKT,46h50m,3,"SEA, YVR, ...",8:10 pm – 1:23 pm +1,"Singapore Airlines, Alaska Airlines",HKT‐SAN,31h13m,2,"SIN, SFO",1725,20220406-1407,cheap
8:00 am – 6:55 am +2,"Alaska Airlines, Qatar Airways",SAN‐HKT,32h55m,2,"SEA, DOH",11:55 pm – 11:58 am +2,"Qatar Airways, Alaska Airlines",HKT‐SAN,50h03m,2,"DOH, JFK",1730,20220406-1407,cheap
6:15 am – 6:55 am +2,"Alaska Airlines, Qatar Airways",SAN‐HKT,34h40m,2,"SEA, DOH",11:55 pm – 11:58 am +2,"Qatar Airways, Alaska Airlines",HKT‐SAN,50h03m,2,"DOH, JFK",1730,20220406-1407,cheap
6:20 am – 9:35 am +2,Singapore Airlines,SAN‐HKT,37h15m,2,"SFO, SIN",8:10 pm – 5:42 pm +1,"Singapore Airlines, Alaska Airlines",HKT‐SAN,35h32m,2,"SIN, SFO",1749,20220406-1407,cheap
1:00 pm – 6:55 am +2,"Alaska Airlines, Qatar Airways",SAN‐HKT,27h55m,2,"SEA, DOH",11:55 pm – 5:42 pm +1,"Qatar Airways, Alaska Airlines",HKT‐SAN,31h47m,2,"DOH, SFO",1809,20220406-1404,best
1:00 pm – 6:55 am +2,"Alaska Airlines, Qatar Airways",SAN‐HKT,27h55m,2,"SEA, DOH",11:55 pm – 11:58 am +2,"Qatar Airways, Alaska Airlines",HKT‐SAN,50h03m,2,"DOH, JFK",1538,20220406-1404,best
11:53 am – 6:55 am +2,"Alaska Airlines, Qatar Airways",SAN‐HKT,29h02m,2,"SEA, DOH",11:55 pm – 5:42 pm +1,"Qatar Airways, Alaska Airlines",HKT‐SAN,31h47m,2,"DOH, SFO",1809,20220406-1404,best
1:00 pm – 6:55 am +2,"Alaska Airlines, Qatar Airways",SAN‐HKT,27h55m,2,"SEA, DOH",11:55 pm – 6:57 pm +1,"Qatar Airways, Alaska Airlines",HKT‐SAN,33h02m,2,"DOH, SFO",1809,20220406-1404,best
11:53 am – 6:55 am +2,"Alaska Airlines, Qatar Airways",SAN‐HKT,29h02m,2,"SEA, DOH",11:55 pm – 6:57 pm +1,"Qatar Airways, Alaska Airlines",HKT‐SAN,33h02m,2,"DOH, SFO",1809,20220406-1404,best
1:00 pm – 6:55 am +2,"Alaska Airlines, Qatar Airways",SAN‐HKT,27h55m,2,"SEA, DOH",9:05 pm – 6:57 pm +1,"Qatar Airways, Alaska Airlines",HKT‐SAN,35h52m,2,"DOH, SFO",1809,20220406-1404,best
1:00 pm – 6:55 am +2,Qatar Airways,SAN‐HKT,27h55m,2,"SEA, DOH",11:55 pm – 9:49 pm +1,Qatar Airways,HKT‐SAN,35h54m,2,"DOH, JFK",1881,20220406-1404,best
1:00 pm – 6:55 am +2,"Alaska Airlines, Qatar Airways",SAN‐HKT,27h55m,2,"SEA, DOH",12:10 am – 6:59 pm,"Emirates, Alaska Airlines",HKT‐SAN,32h49m,2,"DXB, SEA",2027,20220406-1404,best
11:53 am – 6:55 am +2,"Alaska Airlines, Qatar Airways",SAN‐HKT,29h02m,2,"SEA, DOH",9:05 pm – 6:57 pm +1,"Qatar Airways, Alaska Airlines",HKT‐SAN,35h52m,2,"DOH, SFO",1809,20220406-1404,best
1:00 pm – 6:55 am +2,"Alaska Airlines, Qatar Airways",SAN‐HKT,27h55m,2,"SEA, DOH",11:55 pm – 10:18 pm +1,"Qatar Airways, Alaska Airlines",HKT‐SAN,36h23m,2,"DOH, SEA",1850,20220406-1404,best
11:53 am – 6:55 am +2,Qatar Airways,SAN‐HKT,29h02m,2,"SEA, DOH",9:05 pm – 5:42 pm +1,Qatar Airways,HKT‐SAN,34h37m,2,"DOH, SFO",1927,20220406-1404,best
11:53 am – 6:55 am +2,Qatar Airways,SAN‐HKT,29h02m,2,"SEA, DOH",11:55 pm – 9:49 pm +1,Qatar Airways,HKT‐SAN,35h54m,2,"DOH, JFK",1881,20220406-1404,best
1:00 pm – 1:15 pm +2,"Alaska Airlines, Qatar Airways",SAN‐HKT,34h15m,2,"SEA, DOH",11:55 pm – 5:42 pm +1,"Qatar Airways, Alaska Airlines",HKT‐SAN,31h47m,2,"DOH, SFO",1809,20220406-1404,best
11:53 am – 6:55 am +2,"Alaska Airlines, Qatar Airways",SAN‐HKT,29h02m,2,"SEA, DOH",11:55 pm – 10:18 pm +1,"Qatar Airways, Alaska Airlines",HKT‐SAN,36h23m,2,"DOH, SEA",1850,20220406-1404,best
1:00 pm – 6:55 am +2,"Alaska Airlines, Qatar Airways",SAN‐HKT,27h55m,2,"SEA, DOH",11:55 pm – 11:38 pm +1,"Qatar Airways, Alaska Airlines",HKT‐SAN,37h43m,2,"DOH, SEA",1850,20220406-1404,best
11:53 am – 1:15 pm +2,"Alaska Airlines, Qatar Airways",SAN‐HKT,35h22m,2,"SEA, DOH",11:55 pm – 5:42 pm +1,"Qatar Airways, Alaska Airlines",HKT‐SAN,31h47m,2,"DOH, SFO",1809,20220406-1404,best
6:05 pm – 9:35 am +2,Singapore Airlines,SAN‐HKT,25h30m,2,"SFO, SIN",11:40 am – 11:58 pm,Singapore Airlines,HKT‐SAN,26h18m,2,"SIN, SFO",6451,20220406-1409,fast
6:05 pm – 10:50 am +2,Singapore Airlines,SAN‐HKT,26h45m,2,"SFO, SIN",11:40 am – 11:58 pm,Singapore Airlines,HKT‐SAN,26h18m,2,"SIN, SFO",6451,20220406-1409,fast
6:05 pm – 9:35 am +2,Singapore Airlines,SAN‐HKT,25h30m,2,"SFO, SIN",10:25 am – 11:58 pm,Singapore Airlines,HKT‐SAN,27h33m,2,"SIN, SFO",6451,20220406-1409,fast
1:00 pm – 6:55 am +2,"Alaska Airlines, Qatar Airways",SAN‐HKT,27h55m,2,"SEA, DOH",11:40 am – 11:58 pm,Singapore Airlines,HKT‐SAN,26h18m,2,"SIN, SFO",2322,20220406-1409,fast
6:05 pm – 10:50 am +2,Singapore Airlines,SAN‐HKT,26h45m,2,"SFO, SIN",10:25 am – 11:58 pm,Singapore Airlines,HKT‐SAN,27h33m,2,"SIN, SFO",6451,20220406-1409,fast
2:35 pm – 9:35 am +2,"Alaska Airlines, Singapore Airlines",SAN‐HKT,29h00m,2,"SFO, SIN",11:40 am – 11:58 pm,Singapore Airlines,HKT‐SAN,26h18m,2,"SIN, SFO",3801,20220406-1409,fast
11:53 am – 6:55 am +2,"Alaska Airlines, Qatar Airways",SAN‐HKT,29h02m,2,"SEA, DOH",11:40 am – 11:58 pm,Singapore Airlines,HKT‐SAN,26h18m,2,"SIN, SFO",2322,20220406-1409,fast
1:00 pm – 6:55 am +2,"Alaska Airlines, Qatar Airways",SAN‐HKT,27h55m,2,"SEA, DOH",10:25 am – 11:58 pm,Singapore Airlines,HKT‐SAN,27h33m,2,"SIN, SFO",2322,20220406-1409,fast
10:55 am – 6:55 am +2,"Alaska Airlines, Qatar Airways",SAN‐HKT,30h00m,2,"SFO, DOH",11:40 am – 11:58 pm,Singapore Airlines,HKT‐SAN,26h18m,2,"SIN, SFO",2861,20220406-1409,fast
11:53 am – 6:55 am +2,"Alaska Airlines, Qatar Airways",SAN‐HKT,29h02m,2,"SEA, DOH",10:25 am – 11:58 pm,Singapore Airlines,HKT‐SAN,27h33m,2,"SIN, SFO",2322,20220406-1409,fast
10:55 am – 6:55 am +2,"Alaska Airlines, Qatar Airways",SAN‐HKT,30h00m,2,"SFO, DOH",10:25 am – 11:58 pm,Singapore Airlines,HKT‐SAN,27h33m,2,"SIN, SFO",2861,20220406-1409,fast
4:15 pm – 9:35 am +2,Singapore Airlines,SAN‐HKT,27h20m,2,"SFO, SIN",8:10 pm – 1:23 pm +1,Singapore Airlines,HKT‐SAN,31h13m,2,"SIN, SFO",3097,20220406-1409,fast
1:00 pm – 6:55 am +2,"Alaska Airlines, Qatar Airways",SAN‐HKT,27h55m,2,"SEA, DOH",11:55 pm – 5:42 pm +1,"Qatar Airways, Alaska Airlines",HKT‐SAN,31h47m,2,"DOH, SFO",1809,20220406-1409,fast
4:15 pm – 10:50 am +2,Singapore Airlines,SAN‐HKT,28h35m,2,"SFO, SIN",8:10 pm – 1:23 pm +1,Singapore Airlines,HKT‐SAN,31h13m,2,"SIN, SFO",3097,20220406-1409,fast
4:15 pm – 9:35 am +2,"Alaska Airlines, Singapore Airlines",SAN‐HKT,27h20m,2,"SFO, SIN",8:10 pm – 2:45 pm +1,"Singapore Airlines, Alaska Airlines",HKT‐SAN,32h35m,2,"SIN, SEA",3162,20220406-1409,fast
