Out Time,Out Airline,Out Cities,Out Duration,Out Stops,Out Stop Cities,Return Time,Return Airline,Return Cities,Return Duration,Return Stops,Return Stop Cities,Price,timestamp,sort
12:30 pm – 6:55 am +2,Qatar Airways,SAN‐HKT,28h25m,2,"SFO, DOH",11:55 pm – 8:23 pm +1,Qatar Airways,HKT‐SAN,34h28m,2,"DOH, SEA",1565,20220409-1721,cheap
10:20 am – 6:55 am +2,Qatar Airways,SAN‐HKT,30h35m,2,"SFO, DOH",11:55 pm – 8:23 pm +1,Qatar Airways,HKT‐SAN,34h28m,2,"DOH, SEA",1565,20220409-1721,cheap
12:30 pm – 6:55 am +2,Qatar Airways,SAN‐HKT,28h25m,2,"SFO, DOH",11:55 pm – 11:59 pm +1,Qatar Airways,HKT‐SAN,38h04m,2,"DOH, SEA",1565,20220409-1721,cheap
10:20 am – 6:55 am +2,Qatar Airways,SAN‐HKT,30h35m,2,"SFO, DOH",11:55 pm – 11:59 pm +1,Qatar Airways,HKT‐SAN,38h04m,2,"DOH, SEA",1565,20220409-1721,cheap
7:40 pm – 12:10 am +3,"Alaska Airlines, Asiana Airlines",SAN‐HKT,38h30m,2,"SFO, ICN",1:30 am – 7:34 am +1,"Asiana Airlines, Alaska Airlines",HKT‐SAN,44h04m,2,"ICN, SFO",1565,20220409-1721,cheap
5:15 pm – 12:10 am +3,"Alaska Airlines, Asiana Airlines",SAN‐HKT,40h55m,2,"SFO, ICN",1:30 am – 7:34 am +1,"Asiana Airlines, Alaska Airlines",HKT‐SAN,44h04m,2,"ICN, SFO",1565,20220409-1721,cheap
6:15 am – 6:55 am +2,"Alaska Airlines, Qatar Airways",SAN‐HKT,34h40m,2,"SEA, DOH",11:55 pm – 8:23 pm +1,"Qatar Airways, Alaska Airlines",HKT‐SAN,34h28m,2,"DOH, SEA",1568,20220409-1721,cheap
7:40 pm – 12:10 am +3,"Alaska Airlines, Asiana Airlines",SAN‐HKT,38h30m,2,"SFO, ICN",1:30 am – 3:02 pm +1,"Asiana Airlines, Alaska Airlines",HKT‐SAN,51h32m,2,"ICN, SFO",1571,20220409-1721,cheap
12:30 pm – 6:55 am +2,Qatar Airways,SAN‐HKT,28h25m,2,"SFO, DOH",11:55 pm – 9:54 pm +1,Qatar Airways,HKT‐SAN,35h59m,2,"DOH, JFK",1573,20220409-1721,cheap
10:20 am – 6:55 am +2,Qatar Airways,SAN‐HKT,30h35m,2,"SFO, DOH",11:55 pm – 9:54 pm +1,Qatar Airways,HKT‐SAN,35h59m,2,"DOH, JFK",1573,20220409-1721,cheap
7:00 am – 6:55 am +2,Qatar Airways,SAN‐HKT,33h55m,2,"JFK, DOH",11:55 pm – 8:23 pm +1,Qatar Airways,HKT‐SAN,34h28m,2,"DOH, SEA",1574,20220409-1721,cheap
7:00 am – 6:55 am +2,Qatar Airways,SAN‐HKT,33h55m,2,"JFK, DOH",11:55 pm – 11:59 pm +1,Qatar Airways,HKT‐SAN,38h04m,2,"DOH, SEA",1574,20220409-1721,cheap
6:15 am – 6:55 am +2,"Alaska Airlines, Qatar Airways",SAN‐HKT,34h40m,2,"SEA, DOH",11:55 pm – 11:59 pm +1,Qatar Airways,HKT‐SAN,38h04m,2,"DOH, SEA",1579,20220409-1721,cheap
6:25 am – 9:35 am +2,"Alaska Airlines, Singapore Airlines",SAN‐HKT,37h10m,2,"SFO, SIN",1:30 am – 7:34 am +1,"Asiana Airlines, Alaska Airlines",HKT‐SAN,44h04m,2,"ICN, SFO",1579,20220409-1721,cheap
6:25 am – 10:50 am +2,"Alaska Airlines, Singapore Airlines",SAN‐HKT,38h25m,2,"SFO, SIN",1:30 am – 7:34 am +1,"Asiana Airlines, Alaska Airlines",HKT‐SAN,44h04m,2,"ICN, SFO",1579,20220409-1721,cheap
12:30 pm – 6:55 am +2,Qatar Airways,SAN‐HKT,28h25m,2,"SFO, DOH",11:55 pm – 8:23 pm +1,Qatar Airways,HKT‐SAN,34h28m,2,"DOH, SEA",1565,20220409-1719,best
12:30 pm – 6:55 am +2,Qatar Airways,SAN‐HKT,28h25m,2,"SFO, DOH",11:55 pm – 9:54 pm +1,Qatar Airways,HKT‐SAN,35h59m,2,"DOH, JFK",1573,20220409-1719,best
10:20 am – 6:55 am +2,Qatar Airways,SAN‐HKT,30h35m,2,"SFO, DOH",11:55 pm – 8:23 pm +1,Qatar Airways,HKT‐SAN,34h28m,2,"DOH, SEA",1565,20220409-1719,best
12:30 pm – 6:55 am +2,Qatar Airways,SAN‐HKT,28h25m,2,"SFO, DOH",11:55 pm – 11:59 pm +1,Qatar Airways,HKT‐SAN,38h04m,2,"DOH, SEA",1565,20220409-1719,best
12:30 pm – 6:55 am +2,Qatar Airways,SAN‐HKT,28h25m,2,"SFO, DOH",11:55 pm – 6:52 pm +1,Qatar Airways,HKT‐SAN,32h57m,2,"DOH, SFO",1727,20220409-1719,best
12:40 pm – 6:55 am +2,"American Airlines, Qatar Airways",SAN‐HKT,28h15m,2,"DFW, DOH",11:55 pm – 9:25 pm +1,"Qatar Airways, American Airlines",HKT‐SAN,35h30m,2,"DOH, PHL",1657,20220409-1719,best
12:30 pm – 6:55 am +2,Qatar Airways,SAN‐HKT,28h25m,2,"SFO, DOH",9:05 pm – 8:23 pm +1,Qatar Airways,HKT‐SAN,37h18m,2,"DOH, SEA",1598,20220409-1719,best
1:30 pm – 9:30 am +2,"Japan Airlines, Bangkok Airways",SAN‐HKT,30h00m,2,"NRT, BKK",7:10 pm – 11:30 am +1,Japan Airlines,HKT‐SAN,30h20m,2,"BKK, NRT",1892,20220409-1719,best
10:20 am – 6:55 am +2,Qatar Airways,SAN‐HKT,30h35m,2,"SFO, DOH",11:55 pm – 9:54 pm +1,Qatar Airways,HKT‐SAN,35h59m,2,"DOH, JFK",1573,20220409-1719,best
12:40 pm – 6:55 am +2,"American Airlines, Qatar Airways",SAN‐HKT,28h15m,2,"DFW, DOH",11:55 pm – 7:34 pm +1,"Qatar Airways, American Airlines",HKT‐SAN,33h39m,2,"DOH, ORD",1735,20220409-1719,best
1:30 pm – 6:20 pm +2,Japan Airlines,SAN‐HKT,38h50m,2,"NRT-HND, BKK",7:10 pm – 11:30 am +1,Japan Airlines,HKT‐SAN,30h20m,2,"BKK, NRT",1629,20220409-1719,best
10:20 am – 6:55 am +2,Qatar Airways,SAN‐HKT,30h35m,2,"SFO, DOH",11:55 pm – 11:59 pm +1,Qatar Airways,HKT‐SAN,38h04m,2,"DOH, SEA",1565,20220409-1719,best
10:40 am – 6:55 am +2,"American Airlines, Qatar Airways",SAN‐HKT,30h15m,2,"DFW, DOH",11:55 pm – 9:25 pm +1,"Qatar Airways, American Airlines",HKT‐SAN,35h30m,2,"DOH, PHL",1657,20220409-1719,best
8:25 am – 6:55 am +2,"Alaska Airlines, Qatar Airways",SAN‐HKT,32h30m,2,"SFO, DOH",11:55 pm – 8:23 pm +1,"Qatar Airways, Alaska Airlines",HKT‐SAN,34h28m,2,"DOH, SEA",1583,20220409-1719,best
10:20 am – 6:55 am +2,Qatar Airways,SAN‐HKT,30h35m,2,"SFO, DOH",9:05 pm – 8:23 pm +1,Qatar Airways,HKT‐SAN,37h18m,2,"DOH, SEA",1598,20220409-1719,best
5:15 pm – 9:35 am +2,Singapore Airlines,SAN‐HKT,26h20m,2,"SFO, SIN",11:40 am – 11:49 pm,Singapore Airlines,HKT‐SAN,26h09m,2,"SIN, SFO",2935,20220409-1724,fast
7:20 am – 12:10 am +2,"Korean Air, Asiana Airlines",SAN‐HKT,26h50m,2,"SEA, ICN",11:40 am – 11:49 pm,Singapore Airlines,HKT‐SAN,26h09m,2,"SIN, SFO",4802,20220409-1724,fast
9:00 pm – 2:00 pm +2,"Alaska Airlines, EVA Air",SAN‐HKT,27h00m,3,"SFO, TPE, ...",8:15 am – 8:24 pm,Multiple Airlines,HKT‐SAN,26h09m,3,"BKK, TPE, ...",9634,20220409-1724,fast
9:00 pm – 2:00 pm +2,"Alaska Airlines, EVA Air",SAN‐HKT,27h00m,3,"SFO, TPE, ...",8:15 am – 8:24 pm,Multiple Airlines,HKT‐SAN,26h09m,3,"BKK, TPE, ...",9634,20220409-1724,fast
8:00 am – 12:10 am +2,United Airlines,SAN‐HKT,26h10m,2,"SFO, ICN",1:30 am – 2:35 pm,United Airlines,HKT‐SAN,27h05m,2,"ICN, SFO",6044,20220409-1724,fast
8:12 pm – 10:50 am +2,"United Airlines, Singapore Airlines",SAN‐HKT,24h38m,2,"SFO, SIN",9:20 pm – 12:23 pm +1,"Jetstar Asia, United Airlines",HKT‐SAN,29h03m,2,"SIN, SFO",8120,20220409-1724,fast
5:15 pm – 10:50 am +2,Singapore Airlines,SAN‐HKT,27h35m,2,"SFO, SIN",11:40 am – 11:49 pm,Singapore Airlines,HKT‐SAN,26h09m,2,"SIN, SFO",2288,20220409-1724,fast
6:15 am – 12:10 am +2,"Korean Air, Asiana Airlines",SAN‐HKT,27h55m,2,"SEA, ICN",11:40 am – 11:49 pm,Singapore Airlines,HKT‐SAN,26h09m,2,"SIN, SFO",9366,20220409-1724,fast
12:30 pm – 6:55 am +2,Qatar Airways,SAN‐HKT,28h25m,2,"SFO, DOH",11:40 am – 11:49 pm,Singapore Airlines,HKT‐SAN,26h09m,2,"SIN, SFO",1850,20220409-1724,fast
3:10 pm – 9:35 am +2,Singapore Airlines,SAN‐HKT,28h25m,2,"SFO, SIN",11:40 am – 11:49 pm,"Singapore Airlines, Alaska Airlines",HKT‐SAN,26h09m,2,"SIN, SFO",2935,20220409-1724,fast
6:15 am – 12:10 am +2,United Airlines,SAN‐HKT,27h55m,2,"SFO, ICN",1:30 am – 2:35 pm,United Airlines,HKT‐SAN,27h05m,2,"ICN, SFO",6044,20220409-1724,fast
7:00 pm – 3:05 pm +2,"British Airways, Thai Airways",SAN‐HKT,30h05m,1,LHR,11:15 pm – 11:30 am +1,"Thai Vietjet Air, Japan Airlines",HKT‐SAN,26h15m,2,"BKK, NRT",4003,20220409-1724,fast
10:20 am – 6:55 am +2,"Alaska Airlines, Qatar Airways",SAN‐HKT,30h35m,2,"SFO, DOH",11:40 am – 11:49 pm,Singapore Airlines,HKT‐SAN,26h09m,2,"SIN, SFO",1855,20220409-1724,fast
8:00 am – 12:10 am +2,United Airlines,SAN‐HKT,26h10m,2,"SFO, ICN",1:30 am – 6:09 pm,United Airlines,HKT‐SAN,30h39m,2,"ICN, SFO",6044,20220409-1724,fast
8:40 am – 6:55 am +2,Qatar Airways,SAN‐HKT,32h15m,2,"BOS, DOH",11:40 am – 11:49 pm,Singapore Airlines,HKT‐SAN,26h09m,2,"SIN, SFO",3001,20220409-1724,fast
