Out Time,Out Airline,Out Cities,Out Duration,Out Stops,Out Stop Cities,Return Time,Return Airline,Return Cities,Return Duration,Return Stops,Return Stop Cities,Price,timestamp,sort
11:00 pm – 6:55 am +3,"Alaska Airlines, Qatar Airways",SAN‐HKT,41h55m,2,"JFK, DOH",11:55 pm – 10:18 pm +1,"Qatar Airways, Alaska Airlines",HKT‐SAN,36h23m,2,"DOH, SEA",1339,20220406-1214,cheap
11:00 pm – 6:55 am +3,"Alaska Airlines, Qatar Airways",SAN‐HKT,41h55m,2,"JFK, DOH",11:55 pm – 11:38 pm +1,"Qatar Airways, Alaska Airlines",HKT‐SAN,37h43m,2,"DOH, SEA",1339,20220406-1214,cheap
11:00 pm – 1:15 pm +3,"Alaska Airlines, Qatar Airways",SAN‐HKT,48h15m,2,"JFK, DOH",11:55 pm – 10:18 pm +1,"Qatar Airways, Alaska Airlines",HKT‐SAN,36h23m,2,"DOH, SEA",1339,20220406-1214,cheap
11:00 pm – 1:15 pm +3,"Alaska Airlines, Qatar Airways",SAN‐HKT,48h15m,2,"JFK, DOH",11:55 pm – 11:38 pm +1,"Qatar Airways, Alaska Airlines",HKT‐SAN,37h43m,2,"DOH, SEA",1339,20220406-1214,cheap
12:35 pm – 6:55 am +2,"Alaska Airlines, Qatar Airways",SAN‐HKT,28h20m,2,"SFO, DOH",11:55 pm – 10:18 pm +1,"Qatar Airways, Alaska Airlines",HKT‐SAN,36h23m,2,"DOH, SEA",1341,20220406-1214,cheap
12:35 pm – 6:55 am +2,"Alaska Airlines, Qatar Airways",SAN‐HKT,28h20m,2,"SFO, DOH",11:55 pm – 11:38 pm +1,"Qatar Airways, Alaska Airlines",HKT‐SAN,37h43m,2,"DOH, SEA",1341,20220406-1214,cheap
6:25 am – 6:55 am +2,"Alaska Airlines, Qatar Airways",SAN‐HKT,34h30m,2,"SFO, DOH",11:55 pm – 10:18 pm +1,"Qatar Airways, Alaska Airlines",HKT‐SAN,36h23m,2,"DOH, SEA",1341,20220406-1214,cheap
12:35 pm – 1:15 pm +2,"Alaska Airlines, Qatar Airways",SAN‐HKT,34h40m,2,"SFO, DOH",11:55 pm – 10:18 pm +1,"Qatar Airways, Alaska Airlines",HKT‐SAN,36h23m,2,"DOH, SEA",1341,20220406-1214,cheap
6:25 am – 6:55 am +2,"Alaska Airlines, Qatar Airways",SAN‐HKT,34h30m,2,"SFO, DOH",11:55 pm – 11:38 pm +1,"Qatar Airways, Alaska Airlines",HKT‐SAN,37h43m,2,"DOH, SEA",1341,20220406-1214,cheap
12:35 pm – 1:15 pm +2,"Alaska Airlines, Qatar Airways",SAN‐HKT,34h40m,2,"SFO, DOH",11:55 pm – 11:38 pm +1,"Qatar Airways, Alaska Airlines",HKT‐SAN,37h43m,2,"DOH, SEA",1341,20220406-1214,cheap
6:25 am – 1:15 pm +2,"Alaska Airlines, Qatar Airways",SAN‐HKT,40h50m,2,"SFO, DOH",11:55 pm – 10:18 pm +1,"Qatar Airways, Alaska Airlines",HKT‐SAN,36h23m,2,"DOH, SEA",1341,20220406-1214,cheap
6:25 am – 1:15 pm +2,"Alaska Airlines, Qatar Airways",SAN‐HKT,40h50m,2,"SFO, DOH",11:55 pm – 11:38 pm +1,"Qatar Airways, Alaska Airlines",HKT‐SAN,37h43m,2,"DOH, SEA",1341,20220406-1214,cheap
11:50 am – 6:55 am +2,"Alaska Airlines, Qatar Airways",SAN‐HKT,29h05m,2,"SEA, DOH",11:55 pm – 10:18 pm +1,"Qatar Airways, Alaska Airlines",HKT‐SAN,36h23m,2,"DOH, SEA",1358,20220406-1214,cheap
11:50 am – 6:55 am +2,"Alaska Airlines, Qatar Airways",SAN‐HKT,29h05m,2,"SEA, DOH",11:55 pm – 11:38 pm +1,"Qatar Airways, Alaska Airlines",HKT‐SAN,37h43m,2,"DOH, SEA",1358,20220406-1214,cheap
8:00 am – 6:55 am +2,"Alaska Airlines, Qatar Airways",SAN‐HKT,32h55m,2,"SEA, DOH",11:55 pm – 10:18 pm +1,"Qatar Airways, Alaska Airlines",HKT‐SAN,36h23m,2,"DOH, SEA",1358,20220406-1214,cheap
12:35 pm – 6:55 am +2,"Alaska Airlines, Qatar Airways",SAN‐HKT,28h20m,2,"SFO, DOH",11:55 pm – 5:06 pm +1,"Qatar Airways, Alaska Airlines",HKT‐SAN,31h11m,2,"DOH, SEA",1447,20220406-1212,best
11:00 pm – 6:55 am +3,"Alaska Airlines, Qatar Airways",SAN‐HKT,41h55m,2,"JFK, DOH",11:55 pm – 10:18 pm +1,"Qatar Airways, Alaska Airlines",HKT‐SAN,36h23m,2,"DOH, SEA",1339,20220406-1212,best
12:35 pm – 6:55 am +2,"Alaska Airlines, Qatar Airways",SAN‐HKT,28h20m,2,"SFO, DOH",11:55 pm – 5:42 pm +1,"Qatar Airways, Alaska Airlines",HKT‐SAN,31h47m,2,"DOH, SFO",1418,20220406-1212,best
11:50 am – 6:55 am +2,"Alaska Airlines, Qatar Airways",SAN‐HKT,29h05m,2,"SEA, DOH",11:55 pm – 5:06 pm +1,"Qatar Airways, Alaska Airlines",HKT‐SAN,31h11m,2,"DOH, SEA",1474,20220406-1212,best
12:35 pm – 6:55 am +2,"Alaska Airlines, Qatar Airways",SAN‐HKT,28h20m,2,"SFO, DOH",11:55 pm – 6:57 pm +1,"Qatar Airways, Alaska Airlines",HKT‐SAN,33h02m,2,"DOH, SFO",1418,20220406-1212,best
12:35 pm – 6:55 am +2,"Alaska Airlines, Qatar Airways",SAN‐HKT,28h20m,2,"SFO, DOH",11:55 pm – 6:59 pm +1,"Qatar Airways, Alaska Airlines",HKT‐SAN,33h04m,2,"DOH, SEA",1447,20220406-1212,best
11:50 am – 6:55 am +2,"Alaska Airlines, Qatar Airways",SAN‐HKT,29h05m,2,"SEA, DOH",11:55 pm – 5:42 pm +1,"Qatar Airways, Alaska Airlines",HKT‐SAN,31h47m,2,"DOH, SFO",1434,20220406-1212,best
12:35 pm – 6:55 am +2,"Alaska Airlines, Qatar Airways",SAN‐HKT,28h20m,2,"SFO, DOH",11:55 pm – 10:18 pm +1,"Qatar Airways, Alaska Airlines",HKT‐SAN,36h23m,2,"DOH, SEA",1341,20220406-1212,best
11:50 am – 6:55 am +2,"Alaska Airlines, Qatar Airways",SAN‐HKT,29h05m,2,"SEA, DOH",11:55 pm – 6:57 pm +1,"Qatar Airways, Alaska Airlines",HKT‐SAN,33h02m,2,"DOH, SFO",1434,20220406-1212,best
11:50 am – 6:55 am +2,"Alaska Airlines, Qatar Airways",SAN‐HKT,29h05m,2,"SEA, DOH",11:55 pm – 6:59 pm +1,"Qatar Airways, Alaska Airlines",HKT‐SAN,33h04m,2,"DOH, SEA",1474,20220406-1212,best
12:35 pm – 6:55 am +2,"Alaska Airlines, Qatar Airways",SAN‐HKT,28h20m,2,"SFO, DOH",11:55 pm – 11:38 pm +1,"Qatar Airways, Alaska Airlines",HKT‐SAN,37h43m,2,"DOH, SEA",1341,20220406-1212,best
12:35 pm – 6:55 am +2,"Alaska Airlines, Qatar Airways",SAN‐HKT,28h20m,2,"SFO, DOH",11:55 pm – 9:45 pm +1,"Qatar Airways, Alaska Airlines",HKT‐SAN,35h50m,2,"DOH, SFO",1418,20220406-1212,best
11:50 am – 6:55 am +2,"Alaska Airlines, Qatar Airways",SAN‐HKT,29h05m,2,"SEA, DOH",11:55 pm – 9:45 pm +1,"Qatar Airways, Alaska Airlines",HKT‐SAN,35h50m,2,"DOH, SFO",1434,20220406-1212,best
10:45 am – 6:55 am +2,"Alaska Airlines, Qatar Airways",SAN‐HKT,30h10m,2,"SFO, DOH",11:55 pm – 5:42 pm +1,"Qatar Airways, Alaska Airlines",HKT‐SAN,31h47m,2,"DOH, SFO",1540,20220406-1212,best
10:45 am – 6:55 am +2,"Alaska Airlines, Qatar Airways",SAN‐HKT,30h10m,2,"SFO, DOH",11:55 pm – 5:06 pm +1,"Qatar Airways, Alaska Airlines",HKT‐SAN,31h11m,2,"DOH, SEA",1570,20220406-1212,best
10:45 am – 6:55 am +2,"Alaska Airlines, Qatar Airways",SAN‐HKT,30h10m,2,"SFO, DOH",11:55 pm – 6:57 pm +1,"Qatar Airways, Alaska Airlines",HKT‐SAN,33h02m,2,"DOH, SFO",1540,20220406-1212,best
5:40 pm – 9:35 am +2,Singapore Airlines,SAN‐HKT,25h55m,2,"SFO, SIN",11:40 am – 11:58 pm,Singapore Airlines,HKT‐SAN,26h18m,2,"SIN, SFO",3009,20220406-1217,fast
5:40 pm – 9:35 am +2,Singapore Airlines,SAN‐HKT,25h55m,2,"SFO, SIN",10:25 am – 11:58 pm,Singapore Airlines,HKT‐SAN,27h33m,2,"SIN, SFO",3009,20220406-1217,fast
4:25 pm – 9:35 am +2,Singapore Airlines,SAN‐HKT,27h10m,2,"SFO, SIN",11:40 am – 11:58 pm,Singapore Airlines,HKT‐SAN,26h18m,2,"SIN, SFO",3009,20220406-1217,fast
12:35 pm – 6:55 am +2,"Alaska Airlines, Qatar Airways",SAN‐HKT,28h20m,2,"SFO, DOH",11:40 am – 11:58 pm,Singapore Airlines,HKT‐SAN,26h18m,2,"SIN, SFO",2218,20220406-1217,fast
4:25 pm – 9:35 am +2,Singapore Airlines,SAN‐HKT,27h10m,2,"SFO, SIN",10:25 am – 11:58 pm,Singapore Airlines,HKT‐SAN,27h33m,2,"SIN, SFO",3009,20220406-1217,fast
11:50 am – 6:55 am +2,Qatar Airways,SAN‐HKT,29h05m,2,"SEA, DOH",11:40 am – 11:58 pm,Singapore Airlines,HKT‐SAN,26h18m,2,"SIN, SFO",2258,20220406-1217,fast
12:35 pm – 6:55 am +2,"Alaska Airlines, Qatar Airways",SAN‐HKT,28h20m,2,"SFO, DOH",10:25 am – 11:58 pm,Singapore Airlines,HKT‐SAN,27h33m,2,"SIN, SFO",2218,20220406-1217,fast
10:45 am – 6:55 am +2,"Alaska Airlines, Qatar Airways",SAN‐HKT,30h10m,2,"SFO, DOH",11:40 am – 11:58 pm,Singapore Airlines,HKT‐SAN,26h18m,2,"SIN, SFO",2218,20220406-1217,fast
2:35 pm – 10:50 am +2,"Delta, Singapore Airlines",SAN‐HKT,30h15m,2,"LAX, SIN",11:40 am – 11:58 pm,Singapore Airlines,HKT‐SAN,26h18m,2,"SIN, SFO",2425,20220406-1217,fast
11:50 am – 6:55 am +2,Qatar Airways,SAN‐HKT,29h05m,2,"SEA, DOH",10:25 am – 11:58 pm,Singapore Airlines,HKT‐SAN,27h33m,2,"SIN, SFO",2258,20220406-1217,fast
10:45 am – 6:55 am +2,"Alaska Airlines, Qatar Airways",SAN‐HKT,30h10m,2,"SFO, DOH",10:25 am – 11:58 pm,Singapore Airlines,HKT‐SAN,27h33m,2,"SIN, SFO",2218,20220406-1217,fast
2:35 pm – 10:50 am +2,"Delta, Singapore Airlines",SAN‐HKT,30h15m,2,"LAX, SIN",10:25 am – 11:58 pm,Singapore Airlines,HKT‐SAN,27h33m,2,"SIN, SFO",2425,20220406-1217,fast
8:00 am – 6:55 am +2,Qatar Airways,SAN‐HKT,32h55m,2,"SEA, DOH",11:40 am – 11:58 pm,Singapore Airlines,HKT‐SAN,26h18m,2,"SIN, SFO",2258,20220406-1217,fast
12:35 pm – 6:55 am +2,"Alaska Airlines, Qatar Airways",SAN‐HKT,28h20m,2,"SFO, DOH",11:55 pm – 5:06 pm +1,"Qatar Airways, Alaska Airlines",HKT‐SAN,31h11m,2,"DOH, SEA",1447,20220406-1217,fast
12:35 pm – 6:55 am +2,"Alaska Airlines, Qatar Airways",SAN‐HKT,28h20m,2,"SFO, DOH",11:55 pm – 5:42 pm +1,"Qatar Airways, Alaska Airlines",HKT‐SAN,31h47m,2,"DOH, SFO",1418,20220406-1217,fast
