Out Time,Out Airline,Out Cities,Out Duration,Out Stops,Out Stop Cities,Return Time,Return Airline,Return Cities,Return Duration,Return Stops,Return Stop Cities,Price,timestamp,sort
6:25 am – 9:35 am +2,Singapore Airlines,SAN‐HKT,37h10m,2,"SFO, SIN",8:10 pm – 1:46 pm +1,Singapore Airlines,HKT‐SAN,31h36m,2,"SIN, SFO",882,20220409-1938,cheap
6:25 am – 9:35 am +2,Singapore Airlines,SAN‐HKT,37h10m,2,"SFO, SIN",8:10 pm – 2:56 pm +1,Singapore Airlines,HKT‐SAN,32h46m,2,"SIN, SFO",882,20220409-1938,cheap
6:25 am – 10:50 am +2,Singapore Airlines,SAN‐HKT,38h25m,2,"SFO, SIN",8:10 pm – 1:46 pm +1,Singapore Airlines,HKT‐SAN,31h36m,2,"SIN, SFO",882,20220409-1938,cheap
6:25 am – 10:50 am +2,Singapore Airlines,SAN‐HKT,38h25m,2,"SFO, SIN",8:10 pm – 2:56 pm +1,Singapore Airlines,HKT‐SAN,32h46m,2,"SIN, SFO",882,20220409-1938,cheap
6:25 am – 9:35 am +2,Singapore Airlines,SAN‐HKT,37h10m,2,"SFO, SIN",6:10 pm – 1:46 pm +1,Singapore Airlines,HKT‐SAN,33h36m,2,"SIN, SFO",1005,20220409-1938,cheap
6:25 am – 10:50 am +2,Singapore Airlines,SAN‐HKT,38h25m,2,"SFO, SIN",6:10 pm – 1:46 pm +1,Singapore Airlines,HKT‐SAN,33h36m,2,"SIN, SFO",1005,20220409-1938,cheap
6:25 am – 9:35 am +2,Singapore Airlines,SAN‐HKT,37h10m,2,"SFO, SIN",11:40 am – 1:46 pm +1,Singapore Airlines,HKT‐SAN,40h06m,2,"SIN, SFO",1005,20220409-1938,cheap
6:25 am – 5:10 pm +2,Singapore Airlines,SAN‐HKT,44h45m,2,"SFO, SIN",6:10 pm – 1:46 pm +1,Singapore Airlines,HKT‐SAN,33h36m,2,"SIN, SFO",1005,20220409-1938,cheap
6:25 am – 10:50 am +2,Singapore Airlines,SAN‐HKT,38h25m,2,"SFO, SIN",11:40 am – 1:46 pm +1,Singapore Airlines,HKT‐SAN,40h06m,2,"SIN, SFO",1005,20220409-1938,cheap
6:25 am – 7:20 pm +2,Singapore Airlines,SAN‐HKT,46h55m,2,"SFO, SIN",6:10 pm – 1:46 pm +1,Singapore Airlines,HKT‐SAN,33h36m,2,"SIN, SFO",1005,20220409-1938,cheap
6:25 am – 5:10 pm +2,Singapore Airlines,SAN‐HKT,44h45m,2,"SFO, SIN",11:40 am – 1:46 pm +1,Singapore Airlines,HKT‐SAN,40h06m,2,"SIN, SFO",1005,20220409-1938,cheap
6:25 am – 9:35 am +2,Singapore Airlines,SAN‐HKT,37h10m,2,"SFO, SIN",8:10 pm – 6:56 pm +1,"Singapore Airlines, Alaska Airlines",HKT‐SAN,36h46m,2,"SIN, SFO",1011,20220409-1938,cheap
6:25 am – 10:50 am +2,Singapore Airlines,SAN‐HKT,38h25m,2,"SFO, SIN",8:10 pm – 6:56 pm +1,"Singapore Airlines, Alaska Airlines",HKT‐SAN,36h46m,2,"SIN, SFO",1011,20220409-1938,cheap
6:25 am – 9:35 am +2,Singapore Airlines,SAN‐HKT,37h10m,2,"SFO, SIN",6:10 pm – 6:56 pm +1,"Singapore Airlines, Alaska Airlines",HKT‐SAN,38h46m,2,"SIN, SFO",1011,20220409-1938,cheap
6:25 am – 10:50 am +2,Singapore Airlines,SAN‐HKT,38h25m,2,"SFO, SIN",6:10 pm – 6:56 pm +1,"Singapore Airlines, Alaska Airlines",HKT‐SAN,38h46m,2,"SIN, SFO",1011,20220409-1938,cheap
6:25 am – 9:35 am +2,Singapore Airlines,SAN‐HKT,37h10m,2,"SFO, SIN",8:10 pm – 1:46 pm +1,Singapore Airlines,HKT‐SAN,31h36m,2,"SIN, SFO",882,20220409-1936,best
6:25 am – 9:35 am +2,Singapore Airlines,SAN‐HKT,37h10m,2,"SFO, SIN",8:10 pm – 2:56 pm +1,Singapore Airlines,HKT‐SAN,32h46m,2,"SIN, SFO",882,20220409-1936,best
6:25 am – 10:50 am +2,Singapore Airlines,SAN‐HKT,38h25m,2,"SFO, SIN",8:10 pm – 1:46 pm +1,Singapore Airlines,HKT‐SAN,31h36m,2,"SIN, SFO",882,20220409-1936,best
6:25 am – 10:50 am +2,Singapore Airlines,SAN‐HKT,38h25m,2,"SFO, SIN",8:10 pm – 2:56 pm +1,Singapore Airlines,HKT‐SAN,32h46m,2,"SIN, SFO",882,20220409-1936,best
6:25 am – 9:35 am +2,Singapore Airlines,SAN‐HKT,37h10m,2,"SFO, SIN",6:10 pm – 1:46 pm +1,Singapore Airlines,HKT‐SAN,33h36m,2,"SIN, SFO",1005,20220409-1936,best
6:25 am – 10:50 am +2,Singapore Airlines,SAN‐HKT,38h25m,2,"SFO, SIN",6:10 pm – 1:46 pm +1,Singapore Airlines,HKT‐SAN,33h36m,2,"SIN, SFO",1005,20220409-1936,best
6:25 am – 9:35 am +2,Singapore Airlines,SAN‐HKT,37h10m,2,"SFO, SIN",8:10 pm – 6:56 pm +1,"Singapore Airlines, Alaska Airlines",HKT‐SAN,36h46m,2,"SIN, SFO",1011,20220409-1936,best
6:25 am – 9:35 am +2,Singapore Airlines,SAN‐HKT,37h10m,2,"SFO, SIN",11:40 am – 1:46 pm +1,Singapore Airlines,HKT‐SAN,40h06m,2,"SIN, SFO",1005,20220409-1936,best
6:25 am – 10:50 am +2,Singapore Airlines,SAN‐HKT,38h25m,2,"SFO, SIN",8:10 pm – 6:56 pm +1,"Singapore Airlines, Alaska Airlines",HKT‐SAN,36h46m,2,"SIN, SFO",1011,20220409-1936,best
6:25 am – 9:35 am +2,Singapore Airlines,SAN‐HKT,37h10m,2,"SFO, SIN",6:10 pm – 2:56 pm +1,Singapore Airlines,HKT‐SAN,34h46m,2,"SIN, SFO",1107,20220409-1936,best
6:25 am – 9:35 am +2,Singapore Airlines,SAN‐HKT,37h10m,2,"SFO, SIN",6:10 pm – 6:56 pm +1,"Singapore Airlines, Alaska Airlines",HKT‐SAN,38h46m,2,"SIN, SFO",1011,20220409-1936,best
6:25 am – 5:10 pm +2,Singapore Airlines,SAN‐HKT,44h45m,2,"SFO, SIN",6:10 pm – 1:46 pm +1,Singapore Airlines,HKT‐SAN,33h36m,2,"SIN, SFO",1005,20220409-1936,best
6:25 am – 10:50 am +2,Singapore Airlines,SAN‐HKT,38h25m,2,"SFO, SIN",11:40 am – 1:46 pm +1,Singapore Airlines,HKT‐SAN,40h06m,2,"SIN, SFO",1005,20220409-1936,best
6:25 am – 10:50 am +2,Singapore Airlines,SAN‐HKT,38h25m,2,"SFO, SIN",6:10 pm – 2:56 pm +1,Singapore Airlines,HKT‐SAN,34h46m,2,"SIN, SFO",1107,20220409-1936,best
6:25 am – 10:50 am +2,Singapore Airlines,SAN‐HKT,38h25m,2,"SFO, SIN",6:10 pm – 6:56 pm +1,"Singapore Airlines, Alaska Airlines",HKT‐SAN,38h46m,2,"SIN, SFO",1011,20220409-1936,best
8:00 am – 12:10 am +2,"Air Canada, Asiana Airlines",SAN‐HKT,26h10m,2,"YVR, ICN",11:40 am – 11:47 pm,Singapore Airlines,HKT‐SAN,26h07m,2,"SIN, SFO",4721,20220409-1941,fast
5:15 pm – 9:35 am +2,Singapore Airlines,SAN‐HKT,26h20m,2,"SFO, SIN",11:40 am – 11:47 pm,Singapore Airlines,HKT‐SAN,26h07m,2,"SIN, SFO",1879,20220409-1941,fast
7:20 am – 12:10 am +2,"Korean Air, Asiana Airlines",SAN‐HKT,26h50m,2,"SEA, ICN",11:40 am – 11:47 pm,Singapore Airlines,HKT‐SAN,26h07m,2,"SIN, SFO",4738,20220409-1941,fast
8:00 am – 12:10 am +2,United Airlines,SAN‐HKT,26h10m,2,"SFO, ICN",1:30 am – 2:35 pm,United Airlines,HKT‐SAN,27h05m,2,"ICN, SFO",7002,20220409-1941,fast
5:15 pm – 10:50 am +2,Singapore Airlines,SAN‐HKT,27h35m,2,"SFO, SIN",11:40 am – 11:47 pm,Singapore Airlines,HKT‐SAN,26h07m,2,"SIN, SFO",1879,20220409-1941,fast
5:15 pm – 9:35 am +2,Singapore Airlines,SAN‐HKT,26h20m,2,"SFO, SIN",10:25 am – 11:47 pm,Singapore Airlines,HKT‐SAN,27h22m,2,"SIN, SFO",1879,20220409-1941,fast
6:29 am – 12:10 am +2,Asiana Airlines,SAN‐HKT,27h41m,2,"LAX, ICN",11:40 am – 11:47 pm,Singapore Airlines,HKT‐SAN,26h07m,2,"SIN, SFO",3334,20220409-1941,fast
3:10 pm – 9:35 am +2,Singapore Airlines,SAN‐HKT,28h25m,2,"SFO, SIN",11:40 am – 11:47 pm,Singapore Airlines,HKT‐SAN,26h07m,2,"SIN, SFO",1879,20220409-1941,fast
8:12 pm – 10:50 am +2,"United Airlines, Singapore Airlines",SAN‐HKT,24h38m,2,"SFO, SIN",8:10 pm – 12:23 pm +1,"Singapore Airlines, United Airlines",HKT‐SAN,30h13m,2,"SIN, SFO",8350,20220409-1941,fast
5:15 pm – 10:50 am +2,Singapore Airlines,SAN‐HKT,27h35m,2,"SFO, SIN",10:25 am – 11:47 pm,Singapore Airlines,HKT‐SAN,27h22m,2,"SIN, SFO",1879,20220409-1941,fast
6:15 am – 12:10 am +2,United Airlines,SAN‐HKT,27h55m,2,"SFO, ICN",1:30 am – 2:35 pm,United Airlines,HKT‐SAN,27h05m,2,"ICN, SFO",7002,20220409-1941,fast
3:10 pm – 10:50 am +2,Singapore Airlines,SAN‐HKT,29h40m,2,"SFO, SIN",11:40 am – 11:47 pm,Singapore Airlines,HKT‐SAN,26h07m,2,"SIN, SFO",1879,20220409-1941,fast
3:10 pm – 9:35 am +2,Singapore Airlines,SAN‐HKT,28h25m,2,"SFO, SIN",10:25 am – 11:47 pm,Singapore Airlines,HKT‐SAN,27h22m,2,"SIN, SFO",1879,20220409-1941,fast
1:30 pm – 9:30 am +2,Japan Airlines,SAN‐HKT,30h00m,2,"NRT, BKK",11:40 am – 11:47 pm,Singapore Airlines,HKT‐SAN,26h07m,2,"SIN, SFO",1775,20220409-1941,fast
9:00 pm – 2:00 pm +2,Multiple Airlines,SAN‐HKT,27h00m,3,"SFO, TPE, ...",8:15 am – 11:47 pm,Multiple Airlines,HKT‐SAN,29h32m,3,"BKK, TPE, ...",1453,20220409-1941,fast
