Out Time,Out Airline,Out Cities,Out Duration,Out Stops,Out Stop Cities,Return Time,Return Airline,Return Cities,Return Duration,Return Stops,Return Stop Cities,Price,timestamp,sort
8:50 pm – 9:35 am +3,Singapore Airlines,SAN‐HKT,46h45m,2,"SEA, SIN",6:10 pm – 1:46 pm +1,Singapore Airlines,HKT‐SAN,33h36m,2,"SIN, SFO",927,20220409-2024,cheap
8:50 pm – 9:35 am +3,Singapore Airlines,SAN‐HKT,46h45m,2,"SEA, SIN",6:10 pm – 2:56 pm +1,Singapore Airlines,HKT‐SAN,34h46m,2,"SIN, SFO",927,20220409-2024,cheap
8:50 pm – 9:35 am +3,Singapore Airlines,SAN‐HKT,46h45m,2,"SEA, SIN",8:10 pm – 1:46 pm +1,Singapore Airlines,HKT‐SAN,31h36m,2,"SIN, SFO",934,20220409-2024,cheap
8:50 pm – 9:35 am +3,Singapore Airlines,SAN‐HKT,46h45m,2,"SEA, SIN",8:10 pm – 2:56 pm +1,Singapore Airlines,HKT‐SAN,32h46m,2,"SIN, SFO",954,20220409-2024,cheap
8:50 pm – 9:35 am +3,Singapore Airlines,SAN‐HKT,46h45m,2,"SEA, SIN",11:40 am – 1:46 pm +1,Singapore Airlines,HKT‐SAN,40h06m,2,"SIN, SFO",954,20220409-2024,cheap
8:50 pm – 7:20 pm +2,Singapore Airlines,SAN‐HKT,32h30m,2,"SEA, SIN",8:10 pm – 1:46 pm +1,Singapore Airlines,HKT‐SAN,31h36m,2,"SIN, SFO",975,20220409-2024,cheap
8:50 pm – 7:20 pm +2,Singapore Airlines,SAN‐HKT,32h30m,2,"SEA, SIN",8:10 pm – 2:56 pm +1,Singapore Airlines,HKT‐SAN,32h46m,2,"SIN, SFO",975,20220409-2024,cheap
8:50 pm – 7:20 pm +2,Singapore Airlines,SAN‐HKT,32h30m,2,"SEA, SIN",6:10 pm – 1:46 pm +1,Singapore Airlines,HKT‐SAN,33h36m,2,"SIN, SFO",975,20220409-2024,cheap
8:50 pm – 7:20 pm +2,Singapore Airlines,SAN‐HKT,32h30m,2,"SEA, SIN",6:10 pm – 2:56 pm +1,Singapore Airlines,HKT‐SAN,34h46m,2,"SIN, SFO",975,20220409-2024,cheap
8:50 pm – 7:20 pm +2,Singapore Airlines,SAN‐HKT,32h30m,2,"SEA, SIN",8:10 pm – 11:47 pm +1,Singapore Airlines,HKT‐SAN,41h37m,2,"SIN, SFO",975,20220409-2024,cheap
8:50 pm – 7:20 pm +2,Singapore Airlines,SAN‐HKT,32h30m,2,"SEA, SIN",6:10 pm – 11:47 pm +1,Singapore Airlines,HKT‐SAN,43h37m,2,"SIN, SFO",975,20220409-2024,cheap
8:50 pm – 9:35 am +3,Singapore Airlines,SAN‐HKT,46h45m,2,"SEA, SIN",8:10 pm – 6:56 pm +1,"Singapore Airlines, Alaska Airlines",HKT‐SAN,36h46m,2,"SIN, SFO",998,20220409-2024,cheap
6:25 am – 9:35 am +2,Singapore Airlines,SAN‐HKT,37h10m,2,"SFO, SIN",8:10 pm – 1:46 pm +1,Singapore Airlines,HKT‐SAN,31h36m,2,"SIN, SFO",999,20220409-2024,cheap
6:25 am – 9:35 am +2,Singapore Airlines,SAN‐HKT,37h10m,2,"SFO, SIN",8:10 pm – 2:56 pm +1,Singapore Airlines,HKT‐SAN,32h46m,2,"SIN, SFO",999,20220409-2024,cheap
6:25 am – 10:50 am +2,Singapore Airlines,SAN‐HKT,38h25m,2,"SFO, SIN",8:10 pm – 1:46 pm +1,Singapore Airlines,HKT‐SAN,31h36m,2,"SIN, SFO",999,20220409-2024,cheap
8:50 pm – 7:20 pm +2,Singapore Airlines,SAN‐HKT,32h30m,2,"SEA, SIN",8:10 pm – 1:46 pm +1,Singapore Airlines,HKT‐SAN,31h36m,2,"SIN, SFO",975,20220409-2022,best
8:50 pm – 9:35 am +3,Singapore Airlines,SAN‐HKT,46h45m,2,"SEA, SIN",6:10 pm – 1:46 pm +1,Singapore Airlines,HKT‐SAN,33h36m,2,"SIN, SFO",927,20220409-2022,best
8:50 pm – 7:20 pm +2,Singapore Airlines,SAN‐HKT,32h30m,2,"SEA, SIN",8:10 pm – 2:56 pm +1,Singapore Airlines,HKT‐SAN,32h46m,2,"SIN, SFO",975,20220409-2022,best
8:50 pm – 7:20 pm +2,Singapore Airlines,SAN‐HKT,32h30m,2,"SEA, SIN",6:10 pm – 1:46 pm +1,Singapore Airlines,HKT‐SAN,33h36m,2,"SIN, SFO",975,20220409-2022,best
8:50 pm – 7:20 pm +2,Singapore Airlines,SAN‐HKT,32h30m,2,"SEA, SIN",6:10 pm – 2:56 pm +1,Singapore Airlines,HKT‐SAN,34h46m,2,"SIN, SFO",975,20220409-2022,best
7:40 pm – 7:20 pm +2,"Alaska Airlines, Singapore Airlines",SAN‐HKT,33h40m,2,"SEA, SIN",8:10 pm – 1:46 pm +1,Singapore Airlines,HKT‐SAN,31h36m,2,"SIN, SFO",1082,20220409-2022,best
7:40 pm – 7:20 pm +2,"Alaska Airlines, Singapore Airlines",SAN‐HKT,33h40m,2,"SEA, SIN",8:10 pm – 2:56 pm +1,Singapore Airlines,HKT‐SAN,32h46m,2,"SIN, SFO",1082,20220409-2022,best
6:25 am – 9:35 am +2,Singapore Airlines,SAN‐HKT,37h10m,2,"SFO, SIN",8:10 pm – 1:46 pm +1,Singapore Airlines,HKT‐SAN,31h36m,2,"SIN, SFO",999,20220409-2022,best
1:30 pm – 9:30 am +2,Japan Airlines,SAN‐HKT,30h00m,2,"NRT, BKK",7:10 pm – 11:30 am +1,Japan Airlines,HKT‐SAN,30h20m,2,"BKK, NRT",1290,20220409-2022,best
7:40 pm – 7:20 pm +2,"Alaska Airlines, Singapore Airlines",SAN‐HKT,33h40m,2,"SEA, SIN",6:10 pm – 1:46 pm +1,Singapore Airlines,HKT‐SAN,33h36m,2,"SIN, SFO",1082,20220409-2022,best
5:15 pm – 9:35 am +2,Singapore Airlines,SAN‐HKT,26h20m,2,"SFO, SIN",8:10 pm – 1:46 pm +1,Singapore Airlines,HKT‐SAN,31h36m,2,"SIN, SFO",1334,20220409-2022,best
5:40 pm – 7:20 pm +2,"Alaska Airlines, Singapore Airlines",SAN‐HKT,35h40m,2,"SEA, SIN",8:10 pm – 1:46 pm +1,Singapore Airlines,HKT‐SAN,31h36m,2,"SIN, SFO",1091,20220409-2022,best
1:30 pm – 9:30 am +2,Japan Airlines,SAN‐HKT,30h00m,2,"NRT-HND, BKK",7:10 pm – 11:30 am +1,Japan Airlines,HKT‐SAN,30h20m,2,"BKK, NRT",1301,20220409-2022,best
6:25 am – 9:35 am +2,Singapore Airlines,SAN‐HKT,37h10m,2,"SFO, SIN",8:10 pm – 2:56 pm +1,Singapore Airlines,HKT‐SAN,32h46m,2,"SIN, SFO",999,20220409-2022,best
6:25 am – 10:50 am +2,Singapore Airlines,SAN‐HKT,38h25m,2,"SFO, SIN",8:10 pm – 1:46 pm +1,Singapore Airlines,HKT‐SAN,31h36m,2,"SIN, SFO",999,20220409-2022,best
7:40 pm – 7:20 pm +2,"Alaska Airlines, Singapore Airlines",SAN‐HKT,33h40m,2,"SEA, SIN",6:10 pm – 2:56 pm +1,Singapore Airlines,HKT‐SAN,34h46m,2,"SIN, SFO",1082,20220409-2022,best
8:00 am – 12:10 am +2,"Air Canada, Asiana Airlines",SAN‐HKT,26h10m,2,"YVR, ICN",11:40 am – 11:47 pm,Singapore Airlines,HKT‐SAN,26h07m,2,"SIN, SFO",2393,20220409-2027,fast
5:15 pm – 9:35 am +2,Singapore Airlines,SAN‐HKT,26h20m,2,"SFO, SIN",11:40 am – 11:47 pm,Singapore Airlines,HKT‐SAN,26h07m,2,"SIN, SFO",1879,20220409-2027,fast
8:12 pm – 9:35 am +2,"United Airlines, Singapore Airlines",SAN‐HKT,23h23m,2,"SFO, SIN",8:10 pm – 12:23 pm +1,"Singapore Airlines, United Airlines",HKT‐SAN,30h13m,2,"SIN, SFO",8350,20220409-2027,fast
5:15 pm – 10:50 am +2,Singapore Airlines,SAN‐HKT,27h35m,2,"SFO, SIN",11:40 am – 11:47 pm,Singapore Airlines,HKT‐SAN,26h07m,2,"SIN, SFO",1879,20220409-2027,fast
5:15 pm – 9:35 am +2,Singapore Airlines,SAN‐HKT,26h20m,2,"SFO, SIN",10:25 am – 11:47 pm,Singapore Airlines,HKT‐SAN,27h22m,2,"SIN, SFO",1879,20220409-2027,fast
3:10 pm – 9:35 am +2,Singapore Airlines,SAN‐HKT,28h25m,2,"SFO, SIN",11:40 am – 11:47 pm,Singapore Airlines,HKT‐SAN,26h07m,2,"SIN, SFO",1879,20220409-2027,fast
6:35 am – 12:10 am +2,"Korean Air, Asiana Airlines",SAN‐HKT,27h35m,2,"LAX, ICN",1:30 am – 2:45 pm,"Asiana Airlines, Korean Air",HKT‐SAN,27h15m,2,"ICN, LAX",14511,20220409-2027,fast
5:15 pm – 10:50 am +2,Singapore Airlines,SAN‐HKT,27h35m,2,"SFO, SIN",10:25 am – 11:47 pm,Singapore Airlines,HKT‐SAN,27h22m,2,"SIN, SFO",1879,20220409-2027,fast
3:10 pm – 9:35 am +2,Singapore Airlines,SAN‐HKT,28h25m,2,"SFO, SIN",10:25 am – 11:47 pm,Singapore Airlines,HKT‐SAN,27h22m,2,"SIN, SFO",1879,20220409-2027,fast
3:10 pm – 10:50 am +2,Singapore Airlines,SAN‐HKT,29h40m,2,"SFO, SIN",11:40 am – 11:47 pm,Singapore Airlines,HKT‐SAN,26h07m,2,"SIN, SFO",1879,20220409-2027,fast
1:30 pm – 9:30 am +2,Japan Airlines,SAN‐HKT,30h00m,2,"NRT, BKK",11:40 am – 11:47 pm,Singapore Airlines,HKT‐SAN,26h07m,2,"SIN, SFO",1708,20220409-2027,fast
9:00 pm – 4:25 pm +2,Multiple Airlines,SAN‐HKT,29h25m,3,"SFO, TPE, ...",8:15 am – 9:40 pm,Multiple Airlines,HKT‐SAN,27h25m,3,"BKK, TPE, ...",1558,20220409-2027,fast
8:50 pm – 4:25 pm +2,Multiple Airlines,SAN‐HKT,29h35m,3,"SEA, TPE, ...",8:15 am – 9:40 pm,Multiple Airlines,HKT‐SAN,27h25m,3,"BKK, TPE, ...",1558,20220409-2027,fast
3:10 pm – 10:50 am +2,Singapore Airlines,SAN‐HKT,29h40m,2,"SFO, SIN",10:25 am – 11:47 pm,Singapore Airlines,HKT‐SAN,27h22m,2,"SIN, SFO",1879,20220409-2027,fast
8:00 am – 12:10 am +2,"Air Canada, Asiana Airlines",SAN‐HKT,26h10m,2,"YVR, ICN",1:30 am – 6:37 pm,"Asiana Airlines, Air Canada",HKT‐SAN,31h07m,2,"ICN, YVR",1795,20220409-2027,fast
