Out Time,Out Airline,Out Cities,Out Duration,Out Stops,Out Stop Cities,Return Time,Return Airline,Return Cities,Return Duration,Return Stops,Return Stop Cities,Price,timestamp,sort
12:30 pm – 6:55 am +2,"Alaska Airlines, Qatar Airways",SAN‐HKT,28h25m,2,"SFO, DOH",11:55 pm – 11:55 am +2,"Qatar Airways, Alaska Airlines",HKT‐SAN,50h00m,2,"DOH, JFK",1934,20220406-1752,cheap
8:25 am – 6:55 am +2,"Alaska Airlines, Qatar Airways",SAN‐HKT,32h30m,2,"SFO, DOH",11:55 pm – 11:55 am +2,"Qatar Airways, Alaska Airlines",HKT‐SAN,50h00m,2,"DOH, JFK",1934,20220406-1752,cheap
6:25 am – 6:55 am +2,"Alaska Airlines, Qatar Airways",SAN‐HKT,34h30m,2,"SFO, DOH",11:55 pm – 11:55 am +2,"Qatar Airways, Alaska Airlines",HKT‐SAN,50h00m,2,"DOH, JFK",1934,20220406-1752,cheap
12:30 pm – 1:15 pm +2,"Alaska Airlines, Qatar Airways",SAN‐HKT,34h45m,2,"SFO, DOH",11:55 pm – 11:55 am +2,"Qatar Airways, Alaska Airlines",HKT‐SAN,50h00m,2,"DOH, JFK",1934,20220406-1752,cheap
8:25 am – 1:15 pm +2,"Alaska Airlines, Qatar Airways",SAN‐HKT,38h50m,2,"SFO, DOH",11:55 pm – 11:55 am +2,"Qatar Airways, Alaska Airlines",HKT‐SAN,50h00m,2,"DOH, JFK",1934,20220406-1752,cheap
10:20 am – 6:55 am +2,Qatar Airways,SAN‐HKT,30h35m,2,"SFO, DOH",11:55 pm – 11:55 am +2,"Qatar Airways, Alaska Airlines",HKT‐SAN,50h00m,2,"DOH, JFK",2001,20220406-1752,cheap
10:20 am – 1:15 pm +2,"Alaska Airlines, Qatar Airways",SAN‐HKT,36h55m,2,"SFO, DOH",11:55 pm – 11:55 am +2,"Qatar Airways, Alaska Airlines",HKT‐SAN,50h00m,2,"DOH, JFK",2016,20220406-1752,cheap
7:00 am – 6:55 am +2,Qatar Airways,SAN‐HKT,33h55m,2,"JFK, DOH",11:55 pm – 11:55 am +2,"Qatar Airways, Alaska Airlines",HKT‐SAN,50h00m,2,"DOH, JFK",2025,20220406-1752,cheap
9:50 am – 6:55 am +2,Qatar Airways,SAN‐HKT,31h05m,2,"SEA, DOH",11:55 pm – 11:55 am +2,"Qatar Airways, Alaska Airlines",HKT‐SAN,50h00m,2,"DOH, JFK",2061,20220406-1752,cheap
10:25 pm – 9:35 am +3,Singapore Airlines,SAN‐HKT,45h10m,2,"SFO, SIN",8:10 pm – 11:59 pm +1,"Singapore Airlines, Alaska Airlines",HKT‐SAN,41h49m,2,"SIN, SEA",2061,20220406-1752,cheap
10:25 pm – 10:50 am +3,Singapore Airlines,SAN‐HKT,46h25m,2,"SFO, SIN",8:10 pm – 11:59 pm +1,"Singapore Airlines, Alaska Airlines",HKT‐SAN,41h49m,2,"SIN, SEA",2061,20220406-1752,cheap
10:25 pm – 9:35 am +3,Singapore Airlines,SAN‐HKT,45h10m,2,"SFO, SIN",6:10 pm – 11:59 pm +1,"Singapore Airlines, Alaska Airlines",HKT‐SAN,43h49m,2,"SIN, SEA",2061,20220406-1752,cheap
1:00 pm – 6:55 am +2,"Alaska Airlines, Qatar Airways",SAN‐HKT,27h55m,2,"SEA, DOH",11:55 pm – 11:55 am +2,"Qatar Airways, Alaska Airlines",HKT‐SAN,50h00m,2,"DOH, JFK",2072,20220406-1752,cheap
1:00 pm – 1:15 pm +2,"Alaska Airlines, Qatar Airways",SAN‐HKT,34h15m,2,"SEA, DOH",11:55 pm – 11:55 am +2,"Qatar Airways, Alaska Airlines",HKT‐SAN,50h00m,2,"DOH, JFK",2072,20220406-1752,cheap
12:30 pm – 6:55 am +2,"Alaska Airlines, Qatar Airways",SAN‐HKT,28h25m,2,"SFO, DOH",9:05 pm – 9:33 pm +1,"Qatar Airways, Alaska Airlines",HKT‐SAN,38h28m,2,"DOH, JFK-EWR",2093,20220406-1752,cheap
12:40 pm – 6:55 am +2,"American Airlines, Qatar Airways",SAN‐HKT,28h15m,2,"DFW, DOH",11:55 pm – 7:35 pm +1,"Qatar Airways, American Airlines",HKT‐SAN,33h40m,2,"DOH, ORD",2189,20220406-1750,best
12:30 pm – 6:55 am +2,"Alaska Airlines, Qatar Airways",SAN‐HKT,28h25m,2,"SFO, DOH",11:55 pm – 11:55 am +2,"Qatar Airways, Alaska Airlines",HKT‐SAN,50h00m,2,"DOH, JFK",1934,20220406-1750,best
12:30 pm – 6:55 am +2,"Alaska Airlines, Qatar Airways",SAN‐HKT,28h25m,2,"SFO, DOH",11:55 pm – 6:52 pm +1,Qatar Airways,HKT‐SAN,32h57m,2,"DOH, SFO",2215,20220406-1750,best
12:30 pm – 6:55 am +2,Qatar Airways,SAN‐HKT,28h25m,2,"SFO, DOH",11:55 pm – 8:23 pm +1,Qatar Airways,HKT‐SAN,34h28m,2,"DOH, SEA",2171,20220406-1750,best
1:00 pm – 6:55 am +2,"Alaska Airlines, Qatar Airways",SAN‐HKT,27h55m,2,"SEA, DOH",11:55 pm – 6:52 pm +1,"Qatar Airways, Alaska Airlines",HKT‐SAN,32h57m,2,"DOH, SFO",2333,20220406-1750,best
12:30 pm – 6:55 am +2,Qatar Airways,SAN‐HKT,28h25m,2,"SFO, DOH",11:55 pm – 9:54 pm +1,Qatar Airways,HKT‐SAN,35h59m,2,"DOH, JFK",2146,20220406-1750,best
12:40 pm – 6:55 am +2,"American Airlines, Qatar Airways",SAN‐HKT,28h15m,2,"DFW, DOH",9:05 pm – 5:18 pm +1,"Qatar Airways, American Airlines",HKT‐SAN,34h13m,2,"DOH, ORD",2267,20220406-1750,best
10:40 am – 6:55 am +2,"American Airlines, Qatar Airways",SAN‐HKT,30h15m,2,"DFW, DOH",11:55 pm – 7:35 pm +1,"Qatar Airways, American Airlines",HKT‐SAN,33h40m,2,"DOH, ORD",2189,20220406-1750,best
1:00 pm – 6:55 am +2,"Alaska Airlines, Qatar Airways",SAN‐HKT,27h55m,2,"SEA, DOH",11:55 pm – 8:23 pm +1,"Qatar Airways, Alaska Airlines",HKT‐SAN,34h28m,2,"DOH, SEA",2268,20220406-1750,best
12:30 pm – 6:55 am +2,"Alaska Airlines, Qatar Airways",SAN‐HKT,28h25m,2,"SFO, DOH",12:10 am – 6:52 pm,"Emirates, Alaska Airlines",HKT‐SAN,32h42m,2,"DXB, SFO",2347,20220406-1750,best
12:30 pm – 6:55 am +2,Qatar Airways,SAN‐HKT,28h25m,2,"SFO, DOH",9:05 pm – 6:52 pm +1,Qatar Airways,HKT‐SAN,35h47m,2,"DOH, SFO",2218,20220406-1750,best
12:40 pm – 6:55 am +2,"American Airlines, Qatar Airways",SAN‐HKT,28h15m,2,"DFW, DOH",11:55 pm – 9:23 pm +1,"Qatar Airways, American Airlines",HKT‐SAN,35h28m,2,"DOH, PHL",2267,20220406-1750,best
10:20 am – 6:55 am +2,Qatar Airways,SAN‐HKT,30h35m,2,"SFO, DOH",11:55 pm – 6:52 pm +1,Qatar Airways,HKT‐SAN,32h57m,2,"DOH, SFO",2266,20220406-1750,best
1:00 pm – 6:55 am +2,"Alaska Airlines, Qatar Airways",SAN‐HKT,27h55m,2,"SEA, DOH",11:55 pm – 9:54 pm +1,"Qatar Airways, Alaska Airlines",HKT‐SAN,35h59m,2,"DOH, JFK",2247,20220406-1750,best
12:30 pm – 6:55 am +2,Qatar Airways,SAN‐HKT,28h25m,2,"SFO, DOH",9:05 pm – 8:23 pm +1,Qatar Airways,HKT‐SAN,37h18m,2,"DOH, SEA",2171,20220406-1750,best
9:25 am – 6:55 am +2,"American Airlines, Qatar Airways",SAN‐HKT,31h30m,2,"DFW, DOH",11:55 pm – 7:35 pm +1,"Qatar Airways, American Airlines",HKT‐SAN,33h40m,2,"DOH, ORD",2189,20220406-1750,best
5:15 pm – 9:35 am +2,Singapore Airlines,SAN‐HKT,26h20m,2,"SFO, SIN",11:40 am – 11:49 pm,Singapore Airlines,HKT‐SAN,26h09m,2,"SIN, SFO",3801,20220406-1755,fast
5:15 pm – 10:50 am +2,Singapore Airlines,SAN‐HKT,27h35m,2,"SFO, SIN",11:40 am – 11:49 pm,Singapore Airlines,HKT‐SAN,26h09m,2,"SIN, SFO",3801,20220406-1755,fast
5:15 pm – 9:35 am +2,Singapore Airlines,SAN‐HKT,26h20m,2,"SFO, SIN",10:25 am – 11:49 pm,Singapore Airlines,HKT‐SAN,27h24m,2,"SIN, SFO",3801,20220406-1755,fast
1:00 pm – 6:55 am +2,Qatar Airways,SAN‐HKT,27h55m,2,"SEA, DOH",11:40 am – 11:49 pm,"Singapore Airlines, Alaska Airlines",HKT‐SAN,26h09m,2,"SIN, SFO",4261,20220406-1755,fast
12:40 pm – 6:55 am +2,Qatar Airways,SAN‐HKT,28h15m,2,"DFW, DOH",11:40 am – 11:49 pm,Singapore Airlines,HKT‐SAN,26h09m,2,"SIN, SFO",4359,20220406-1755,fast
3:10 pm – 9:35 am +2,Singapore Airlines,SAN‐HKT,28h25m,2,"SFO, SIN",11:40 am – 11:49 pm,Singapore Airlines,HKT‐SAN,26h09m,2,"SIN, SFO",3801,20220406-1755,fast
12:30 pm – 6:55 am +2,"Alaska Airlines, Qatar Airways",SAN‐HKT,28h25m,2,"SFO, DOH",11:40 am – 11:49 pm,Singapore Airlines,HKT‐SAN,26h09m,2,"SIN, SFO",3835,20220406-1755,fast
9:00 pm – 3:25 pm +2,Multiple Airlines,SAN‐HKT,28h25m,3,"SFO, TPE, ...",8:15 am – 8:24 pm,Multiple Airlines,HKT‐SAN,26h09m,3,"BKK, TPE, ...",10631,20220406-1755,fast
5:15 pm – 10:50 am +2,Singapore Airlines,SAN‐HKT,27h35m,2,"SFO, SIN",10:25 am – 11:49 pm,Singapore Airlines,HKT‐SAN,27h24m,2,"SIN, SFO",3801,20220406-1755,fast
1:00 pm – 6:55 am +2,Qatar Airways,SAN‐HKT,27h55m,2,"SEA, DOH",10:25 am – 11:49 pm,Singapore Airlines,HKT‐SAN,27h24m,2,"SIN, SFO",4261,20220406-1755,fast
8:15 pm – 3:25 pm +2,Multiple Airlines,SAN‐HKT,29h10m,3,"LAX, TPE, ...",8:15 am – 8:24 pm,Multiple Airlines,HKT‐SAN,26h09m,3,"BKK, TPE, ...",12290,20220406-1755,fast
8:15 pm – 3:25 pm +2,Multiple Airlines,SAN‐HKT,29h10m,3,"LAX, TPE, ...",8:15 am – 8:24 pm,Multiple Airlines,HKT‐SAN,26h09m,3,"BKK, TPE, ...",12290,20220406-1755,fast
8:12 pm – 3:25 pm +2,Multiple Airlines,SAN‐HKT,29h13m,3,"SFO, TPE, ...",8:15 am – 8:24 pm,Multiple Airlines,HKT‐SAN,26h09m,3,"BKK, TPE, ...",12290,20220406-1755,fast
9:00 pm – 4:25 pm +2,Multiple Airlines,SAN‐HKT,29h25m,3,"SFO, TPE, ...",8:15 am – 8:24 pm,Multiple Airlines,HKT‐SAN,26h09m,3,"BKK, TPE, ...",10631,20220406-1755,fast
12:40 pm – 6:55 am +2,Qatar Airways,SAN‐HKT,28h15m,2,"DFW, DOH",10:25 am – 11:49 pm,Singapore Airlines,HKT‐SAN,27h24m,2,"SIN, SFO",4359,20220406-1755,fast
