Out Time,Out Airline,Out Cities,Out Duration,Out Stops,Out Stop Cities,Return Time,Return Airline,Return Cities,Return Duration,Return Stops,Return Stop Cities,Price,timestamp,sort
4:15 pm – 8:45 pm +2,Multiple Airlines,SAN‐HKT,38h30m,3,"SFO, AKL, ...",9:00 am – 1:50 am +1,Multiple Airlines,HKT‐SAN,30h50m,3,"BKK, MNL, ...",1429,20220406-1531,cheap
4:15 pm – 8:45 pm +2,Multiple Airlines,SAN‐HKT,38h30m,3,"SFO, AKL, ...",9:00 am – 11:58 pm,Multiple Airlines,HKT‐SAN,28h58m,3,"BKK, MNL, ...",1462,20220406-1531,cheap
6:05 pm – 8:45 pm +2,Multiple Airlines,SAN‐HKT,36h40m,3,"SFO, AKL, ...",9:00 am – 11:58 pm,Multiple Airlines,HKT‐SAN,28h58m,3,"BKK, MNL, ...",1478,20220406-1531,cheap
6:05 pm – 8:45 pm +2,Multiple Airlines,SAN‐HKT,36h40m,3,"SFO, AKL, ...",9:15 pm – 2:50 pm +1,Multiple Airlines,HKT‐SAN,31h35m,3,"BKK, NRT, ...",1502,20220406-1531,cheap
5:25 pm – 1:05 pm +2,"Lufthansa, Thai Airways",SAN‐HKT,29h40m,2,"MUC, FRA",9:00 am – 11:58 pm,Multiple Airlines,HKT‐SAN,28h58m,3,"BKK, MNL, ...",1825,20220406-1531,cheap
5:25 pm – 7:05 pm +2,"Lufthansa, Bangkok Airways",SAN‐HKT,35h40m,2,"MUC, BKK",6:10 pm – 3:25 pm +1,"Singapore Airlines, Lufthansa",HKT‐SAN,35h15m,2,"SIN, MUC",1868,20220406-1531,cheap
5:25 pm – 7:05 pm +2,"Lufthansa, Bangkok Airways",SAN‐HKT,35h40m,2,"MUC, BKK",8:10 pm – 3:25 pm +1,"Singapore Airlines, Lufthansa",HKT‐SAN,33h15m,2,"SIN, MUC",1875,20220406-1531,cheap
5:25 pm – 7:05 pm +2,"Lufthansa, Bangkok Airways",SAN‐HKT,35h40m,2,"MUC, BKK",2:40 pm – 3:25 pm +1,"Bangkok Airways, Lufthansa",HKT‐SAN,38h45m,2,"BKK, MUC",1875,20220406-1531,cheap
5:25 pm – 7:05 pm +2,"Lufthansa, Bangkok Airways",SAN‐HKT,35h40m,2,"MUC, BKK",10:20 am – 3:25 pm +1,"Bangkok Airways, Lufthansa",HKT‐SAN,43h05m,2,"BKK, MUC",1875,20220406-1531,cheap
5:25 pm – 7:05 pm +2,"Lufthansa, Bangkok Airways",SAN‐HKT,35h40m,2,"MUC, BKK",5:35 pm – 3:25 pm +1,"Scoot, Lufthansa",HKT‐SAN,35h50m,2,"SIN, MUC",1888,20220406-1531,cheap
5:25 pm – 7:05 pm +2,"Lufthansa, Bangkok Airways",SAN‐HKT,35h40m,2,"MUC, BKK",5:35 pm – 3:25 pm +1,"Scoot, Lufthansa",HKT‐SAN,35h50m,2,"SIN, MUC",1888,20220406-1531,cheap
11:55 am – 12:30 pm +2,"Alaska Airlines, Emirates",SAN‐HKT,34h35m,2,"SEA, DXB",12:10 am – 6:59 pm,"Emirates, Alaska Airlines",HKT‐SAN,32h49m,2,"DXB, SEA",1935,20220406-1531,cheap
11:55 am – 12:30 pm +2,"Alaska Airlines, Emirates",SAN‐HKT,34h35m,2,"SEA, DXB",12:10 am – 10:18 pm,"Emirates, Alaska Airlines",HKT‐SAN,36h08m,2,"DXB, SEA",1935,20220406-1531,cheap
5:25 pm – 7:05 pm +2,"Lufthansa, Bangkok Airways",SAN‐HKT,35h40m,2,"MUC, BKK",1:00 pm – 3:25 pm +1,"THAI Smile, Lufthansa",HKT‐SAN,40h25m,2,"BKK, MUC",1954,20220406-1531,cheap
5:25 pm – 7:05 pm +2,"Lufthansa, Bangkok Airways",SAN‐HKT,35h40m,2,"MUC, BKK",11:40 am – 3:25 pm +1,"THAI Smile, Lufthansa",HKT‐SAN,41h45m,2,"BKK, MUC",1954,20220406-1531,cheap
5:25 pm – 7:05 pm +2,"Lufthansa, Bangkok Airways",SAN‐HKT,35h40m,2,"MUC, BKK",8:10 pm – 3:25 pm +1,"Singapore Airlines, Lufthansa",HKT‐SAN,33h15m,2,"SIN, MUC",1875,20220406-1528,best
4:15 pm – 8:45 pm +2,Multiple Airlines,SAN‐HKT,38h30m,3,"SFO, AKL, ...",9:00 am – 1:50 am +1,Multiple Airlines,HKT‐SAN,30h50m,3,"BKK, MNL, ...",1429,20220406-1528,best
5:25 pm – 7:05 pm +2,"Lufthansa, Bangkok Airways",SAN‐HKT,35h40m,2,"MUC, BKK",6:10 pm – 3:25 pm +1,"Singapore Airlines, Lufthansa",HKT‐SAN,35h15m,2,"SIN, MUC",1868,20220406-1528,best
11:55 am – 12:30 pm +2,"Alaska Airlines, Emirates",SAN‐HKT,34h35m,2,"SEA, DXB",12:10 am – 6:59 pm,"Emirates, Alaska Airlines",HKT‐SAN,32h49m,2,"DXB, SEA",1935,20220406-1528,best
5:25 pm – 7:05 pm +2,"Lufthansa, Bangkok Airways",SAN‐HKT,35h40m,2,"MUC, BKK",2:40 pm – 3:25 pm +1,"Bangkok Airways, Lufthansa",HKT‐SAN,38h45m,2,"BKK, MUC",1875,20220406-1528,best
6:05 pm – 9:35 am +2,Singapore Airlines,SAN‐HKT,25h30m,2,"SFO, SIN",8:10 pm – 1:23 pm +1,Singapore Airlines,HKT‐SAN,31h13m,2,"SIN, SFO",2509,20220406-1528,best
11:55 am – 12:30 pm +2,"Alaska Airlines, Emirates",SAN‐HKT,34h35m,2,"SEA, DXB",11:55 pm – 5:42 pm +1,"Qatar Airways, Alaska Airlines",HKT‐SAN,31h47m,2,"DOH, SFO",2066,20220406-1528,best
6:05 pm – 9:35 am +2,Singapore Airlines,SAN‐HKT,25h30m,2,"SFO, SIN",6:10 pm – 1:23 pm +1,Singapore Airlines,HKT‐SAN,33h13m,2,"SIN, SFO",2479,20220406-1528,best
1:00 pm – 1:15 pm +2,Qatar Airways,SAN‐HKT,34h15m,2,"SEA, DOH",11:55 pm – 5:06 pm +1,"Qatar Airways, Alaska Airlines",HKT‐SAN,31h11m,2,"DOH, SEA",2137,20220406-1528,best
6:05 pm – 10:50 am +2,Singapore Airlines,SAN‐HKT,26h45m,2,"SFO, SIN",8:10 pm – 1:23 pm +1,Singapore Airlines,HKT‐SAN,31h13m,2,"SIN, SFO",2509,20220406-1528,best
11:55 am – 12:30 pm +2,"Alaska Airlines, Emirates",SAN‐HKT,34h35m,2,"SEA, DXB",12:10 am – 10:18 pm,"Emirates, Alaska Airlines",HKT‐SAN,36h08m,2,"DXB, SEA",1935,20220406-1528,best
11:55 am – 12:30 pm +2,"Alaska Airlines, Emirates",SAN‐HKT,34h35m,2,"SEA, DXB",6:10 pm – 1:23 pm +1,Singapore Airlines,HKT‐SAN,33h13m,2,"SIN, SFO",2154,20220406-1528,best
11:55 am – 12:30 pm +2,"Alaska Airlines, Emirates",SAN‐HKT,34h35m,2,"SEA, DXB",11:55 pm – 6:57 pm +1,"Qatar Airways, Alaska Airlines",HKT‐SAN,33h02m,2,"DOH, SFO",2066,20220406-1528,best
6:05 pm – 10:50 am +2,Singapore Airlines,SAN‐HKT,26h45m,2,"SFO, SIN",6:10 pm – 1:23 pm +1,Singapore Airlines,HKT‐SAN,33h13m,2,"SIN, SFO",2479,20220406-1528,best
6:05 pm – 9:35 am +2,Singapore Airlines,SAN‐HKT,25h30m,2,"SFO, SIN",8:10 pm – 4:02 pm +1,Singapore Airlines,HKT‐SAN,33h52m,2,"SIN, SFO",2509,20220406-1528,best
4:15 pm – 9:35 am +2,Singapore Airlines,SAN‐HKT,27h20m,2,"SFO, SIN",8:10 pm – 1:23 pm +1,Singapore Airlines,HKT‐SAN,31h13m,2,"SIN, SFO",2509,20220406-1528,best
6:05 pm – 9:35 am +2,Singapore Airlines,SAN‐HKT,25h30m,2,"SFO, SIN",11:40 am – 11:58 pm,Singapore Airlines,HKT‐SAN,26h18m,2,"SIN, SFO",3052,20220406-1533,fast
6:05 pm – 10:50 am +2,Singapore Airlines,SAN‐HKT,26h45m,2,"SFO, SIN",11:40 am – 11:58 pm,Singapore Airlines,HKT‐SAN,26h18m,2,"SIN, SFO",3052,20220406-1533,fast
6:05 pm – 9:35 am +2,Singapore Airlines,SAN‐HKT,25h30m,2,"SFO, SIN",10:25 am – 11:58 pm,Singapore Airlines,HKT‐SAN,27h33m,2,"SIN, SFO",3052,20220406-1533,fast
4:15 pm – 9:35 am +2,"Alaska Airlines, Singapore Airlines",SAN‐HKT,27h20m,2,"SFO, SIN",11:40 am – 11:58 pm,"Singapore Airlines, Alaska Airlines",HKT‐SAN,26h18m,2,"SIN, SFO",3052,20220406-1533,fast
6:05 pm – 10:50 am +2,Singapore Airlines,SAN‐HKT,26h45m,2,"SFO, SIN",10:25 am – 11:58 pm,Singapore Airlines,HKT‐SAN,27h33m,2,"SIN, SFO",3052,20220406-1533,fast
4:15 pm – 9:35 am +2,"Alaska Airlines, Singapore Airlines",SAN‐HKT,27h20m,2,"SFO, SIN",10:25 am – 11:58 pm,"Singapore Airlines, Alaska Airlines",HKT‐SAN,27h33m,2,"SIN, SFO",3052,20220406-1533,fast
4:15 pm – 10:50 am +2,"Alaska Airlines, Singapore Airlines",SAN‐HKT,28h35m,2,"SFO, SIN",11:40 am – 11:58 pm,Singapore Airlines,HKT‐SAN,26h18m,2,"SIN, SFO",3052,20220406-1533,fast
2:35 pm – 9:35 am +2,"Alaska Airlines, Singapore Airlines",SAN‐HKT,29h00m,2,"SFO, SIN",11:40 am – 11:58 pm,Singapore Airlines,HKT‐SAN,26h18m,2,"SIN, SFO",3052,20220406-1533,fast
4:15 pm – 10:50 am +2,"Alaska Airlines, Singapore Airlines",SAN‐HKT,28h35m,2,"SFO, SIN",10:25 am – 11:58 pm,Singapore Airlines,HKT‐SAN,27h33m,2,"SIN, SFO",3052,20220406-1533,fast
2:35 pm – 10:50 am +2,"Alaska Airlines, Singapore Airlines",SAN‐HKT,30h15m,2,"SFO, SIN",11:40 am – 11:58 pm,"Singapore Airlines, Alaska Airlines",HKT‐SAN,26h18m,2,"SIN, SFO",3052,20220406-1533,fast
2:35 pm – 9:35 am +2,"Alaska Airlines, Singapore Airlines",SAN‐HKT,29h00m,2,"SFO, SIN",10:25 am – 11:58 pm,Singapore Airlines,HKT‐SAN,27h33m,2,"SIN, SFO",3052,20220406-1533,fast
1:15 pm – 9:35 am +2,"Alaska Airlines, Singapore Airlines",SAN‐HKT,30h20m,2,"SFO, SIN",11:40 am – 11:58 pm,"Singapore Airlines, Alaska Airlines",HKT‐SAN,26h18m,2,"SIN, SFO",3052,20220406-1533,fast
6:05 pm – 9:35 am +2,Singapore Airlines,SAN‐HKT,25h30m,2,"SFO, SIN",8:10 pm – 1:23 pm +1,Singapore Airlines,HKT‐SAN,31h13m,2,"SIN, SFO",2509,20220406-1533,fast
4:00 pm – 1:15 pm +2,Qatar Airways,SAN‐HKT,31h15m,2,"DFW, DOH",11:40 am – 11:58 pm,Singapore Airlines,HKT‐SAN,26h18m,2,"SIN, SFO",3335,20220406-1533,fast
2:35 pm – 10:50 am +2,"Alaska Airlines, Singapore Airlines",SAN‐HKT,30h15m,2,"SFO, SIN",10:25 am – 11:58 pm,"Singapore Airlines, Alaska Airlines",HKT‐SAN,27h33m,2,"SIN, SFO",3052,20220406-1533,fast
