Out Time,Out Airline,Out Cities,Out Duration,Out Stops,Out Stop Cities,Return Time,Return Airline,Return Cities,Return Duration,Return Stops,Return Stop Cities,Price,timestamp,sort
11:00 pm – 1:15 pm +3,Qatar Airways,SAN‐HKT,48h15m,2,"JFK, DOH",11:55 pm – 9:54 pm +2,Qatar Airways,HKT‐SAN,59h59m,2,"DOH, JFK",1491,20220409-1651,cheap
4:00 pm – 1:15 pm +2,"American Airlines, Qatar Airways",SAN‐HKT,31h15m,2,"DFW, DOH",11:55 pm – 9:23 pm +1,"Qatar Airways, American Airlines",HKT‐SAN,35h28m,2,"DOH, PHL",1498,20220409-1651,cheap
2:00 pm – 1:15 pm +2,"American Airlines, Qatar Airways",SAN‐HKT,33h15m,2,"DFW, DOH",11:55 pm – 9:23 pm +1,"Qatar Airways, American Airlines",HKT‐SAN,35h28m,2,"DOH, PHL",1498,20220409-1651,cheap
12:40 pm – 1:15 pm +2,"American Airlines, Qatar Airways",SAN‐HKT,34h35m,2,"DFW, DOH",11:55 pm – 9:23 pm +1,"Qatar Airways, American Airlines",HKT‐SAN,35h28m,2,"DOH, PHL",1498,20220409-1651,cheap
12:40 pm – 1:15 pm +2,"American Airlines, Qatar Airways",SAN‐HKT,34h35m,2,"DFW, DOH",11:55 pm – 9:23 pm +1,"Qatar Airways, American Airlines",HKT‐SAN,35h28m,2,"DOH, PHL",1498,20220409-1651,cheap
10:40 am – 1:15 pm +2,"American Airlines, Qatar Airways",SAN‐HKT,36h35m,2,"DFW, DOH",11:55 pm – 9:23 pm +1,"Qatar Airways, American Airlines",HKT‐SAN,35h28m,2,"DOH, PHL",1498,20220409-1651,cheap
6:35 am – 9:35 am +2,Singapore Airlines,SAN‐HKT,37h00m,2,"SFO, SIN",1:30 am – 11:49 pm,"Asiana Airlines, Alaska Airlines",HKT‐SAN,36h19m,2,"ICN, SFO",1534,20220409-1651,cheap
6:35 am – 10:50 am +2,Singapore Airlines,SAN‐HKT,38h15m,2,"SFO, SIN",1:30 am – 11:49 pm,"Asiana Airlines, Alaska Airlines",HKT‐SAN,36h19m,2,"ICN, SFO",1534,20220409-1651,cheap
1:12 pm – 1:15 pm +2,"American Airlines, Qatar Airways",SAN‐HKT,34h03m,2,"ORD, DOH",11:55 pm – 9:23 pm +1,"Qatar Airways, American Airlines",HKT‐SAN,35h28m,2,"DOH, PHL",1537,20220409-1651,cheap
4:00 pm – 1:15 pm +2,"American Airlines, Qatar Airways",SAN‐HKT,31h15m,2,"DFW, DOH",11:55 pm – 10:25 pm +1,"Qatar Airways, American Airlines",HKT‐SAN,36h30m,2,"DOH, MIA",1542,20220409-1651,cheap
2:00 pm – 1:15 pm +2,"American Airlines, Qatar Airways",SAN‐HKT,33h15m,2,"DFW, DOH",11:55 pm – 10:25 pm +1,"Qatar Airways, American Airlines",HKT‐SAN,36h30m,2,"DOH, MIA",1542,20220409-1651,cheap
12:40 pm – 1:15 pm +2,"American Airlines, Qatar Airways",SAN‐HKT,34h35m,2,"DFW, DOH",11:55 pm – 10:25 pm +1,"Qatar Airways, American Airlines",HKT‐SAN,36h30m,2,"DOH, MIA",1542,20220409-1651,cheap
12:40 pm – 1:15 pm +2,"American Airlines, Qatar Airways",SAN‐HKT,34h35m,2,"DFW, DOH",11:55 pm – 10:25 pm +1,"Qatar Airways, American Airlines",HKT‐SAN,36h30m,2,"DOH, MIA",1542,20220409-1651,cheap
10:40 am – 1:15 pm +2,"American Airlines, Qatar Airways",SAN‐HKT,36h35m,2,"DFW, DOH",11:55 pm – 10:25 pm +1,"Qatar Airways, American Airlines",HKT‐SAN,36h30m,2,"DOH, MIA",1542,20220409-1651,cheap
1:12 pm – 1:15 pm +2,"American Airlines, Qatar Airways",SAN‐HKT,34h03m,2,"ORD, DOH",11:55 pm – 10:25 pm +1,"Qatar Airways, American Airlines",HKT‐SAN,36h30m,2,"DOH, MIA",1582,20220409-1651,cheap
4:00 pm – 1:15 pm +2,"American Airlines, Qatar Airways",SAN‐HKT,31h15m,2,"DFW, DOH",11:55 pm – 9:23 pm +1,"Qatar Airways, American Airlines",HKT‐SAN,35h28m,2,"DOH, PHL",1498,20220409-1648,best
11:00 pm – 1:15 pm +3,Qatar Airways,SAN‐HKT,48h15m,2,"JFK, DOH",11:55 pm – 9:54 pm +2,Qatar Airways,HKT‐SAN,59h59m,2,"DOH, JFK",1491,20220409-1648,best
4:00 pm – 1:15 pm +2,"American Airlines, Qatar Airways",SAN‐HKT,31h15m,2,"DFW, DOH",11:55 pm – 7:35 pm +1,"Qatar Airways, American Airlines",HKT‐SAN,33h40m,2,"DOH, ORD",1594,20220409-1648,best
8:00 am – 12:10 am +2,"Air Canada, Asiana Airlines",SAN‐HKT,26h10m,2,"YVR, ICN",1:30 am – 6:37 pm,"Asiana Airlines, Air Canada",HKT‐SAN,31h07m,2,"ICN, YVR",1912,20220409-1648,best
4:00 pm – 1:15 pm +2,"American Airlines, Qatar Airways",SAN‐HKT,31h15m,2,"DFW, DOH",11:55 pm – 10:25 pm +1,"Qatar Airways, American Airlines",HKT‐SAN,36h30m,2,"DOH, MIA",1542,20220409-1648,best
2:00 pm – 1:15 pm +2,"American Airlines, Qatar Airways",SAN‐HKT,33h15m,2,"DFW, DOH",11:55 pm – 9:23 pm +1,"Qatar Airways, American Airlines",HKT‐SAN,35h28m,2,"DOH, PHL",1498,20220409-1648,best
2:00 pm – 1:15 pm +2,"American Airlines, Qatar Airways",SAN‐HKT,33h15m,2,"DFW, DOH",11:55 pm – 7:35 pm +1,"Qatar Airways, American Airlines",HKT‐SAN,33h40m,2,"DOH, ORD",1594,20220409-1648,best
12:40 pm – 1:15 pm +2,"American Airlines, Qatar Airways",SAN‐HKT,34h35m,2,"DFW, DOH",11:55 pm – 9:23 pm +1,"Qatar Airways, American Airlines",HKT‐SAN,35h28m,2,"DOH, PHL",1498,20220409-1648,best
12:40 pm – 1:15 pm +2,"American Airlines, Qatar Airways",SAN‐HKT,34h35m,2,"DFW, DOH",11:55 pm – 9:23 pm +1,"Qatar Airways, American Airlines",HKT‐SAN,35h28m,2,"DOH, PHL",1498,20220409-1648,best
1:12 pm – 1:15 pm +2,"American Airlines, Qatar Airways",SAN‐HKT,34h03m,2,"ORD, DOH",11:55 pm – 9:23 pm +1,"Qatar Airways, American Airlines",HKT‐SAN,35h28m,2,"DOH, PHL",1537,20220409-1648,best
12:40 pm – 1:15 pm +2,"American Airlines, Qatar Airways",SAN‐HKT,34h35m,2,"DFW, DOH",11:55 pm – 7:35 pm +1,"Qatar Airways, American Airlines",HKT‐SAN,33h40m,2,"DOH, ORD",1594,20220409-1648,best
12:40 pm – 1:15 pm +2,"American Airlines, Qatar Airways",SAN‐HKT,34h35m,2,"DFW, DOH",11:55 pm – 7:35 pm +1,"Qatar Airways, American Airlines",HKT‐SAN,33h40m,2,"DOH, ORD",1594,20220409-1648,best
2:00 pm – 1:15 pm +2,"American Airlines, Qatar Airways",SAN‐HKT,33h15m,2,"DFW, DOH",11:55 pm – 10:25 pm +1,"Qatar Airways, American Airlines",HKT‐SAN,36h30m,2,"DOH, MIA",1542,20220409-1648,best
1:12 pm – 1:15 pm +2,"American Airlines, Qatar Airways",SAN‐HKT,34h03m,2,"ORD, DOH",11:55 pm – 7:35 pm +1,"Qatar Airways, American Airlines",HKT‐SAN,33h40m,2,"DOH, ORD",1634,20220409-1648,best
1:00 pm – 1:15 pm +2,"Alaska Airlines, Qatar Airways",SAN‐HKT,34h15m,2,"SEA, DOH",11:55 pm – 6:23 pm +1,"Qatar Airways, Alaska Airlines",HKT‐SAN,32h28m,2,"DOH, SEA",1706,20220409-1648,best
1:00 pm – 1:15 pm +2,Qatar Airways,SAN‐HKT,34h15m,2,"SEA, DOH",11:55 pm – 7:58 pm +1,Qatar Airways,HKT‐SAN,34h03m,2,"DOH, SEA",1643,20220409-1648,best
8:00 am – 12:10 am +2,"Air Canada, Asiana Airlines",SAN‐HKT,26h10m,2,"YVR, ICN",11:40 am – 11:49 pm,Singapore Airlines,HKT‐SAN,26h09m,2,"SIN, SFO",2575,20220409-1653,fast
5:15 pm – 9:35 am +2,Singapore Airlines,SAN‐HKT,26h20m,2,"SFO, SIN",11:40 am – 11:49 pm,Singapore Airlines,HKT‐SAN,26h09m,2,"SIN, SFO",3009,20220409-1653,fast
7:20 am – 12:10 am +2,"Korean Air, Asiana Airlines",SAN‐HKT,26h50m,2,"SEA, ICN",11:40 am – 11:49 pm,Singapore Airlines,HKT‐SAN,26h09m,2,"SIN, SFO",4809,20220409-1653,fast
5:15 pm – 10:50 am +2,Singapore Airlines,SAN‐HKT,27h35m,2,"SFO, SIN",11:40 am – 11:49 pm,Singapore Airlines,HKT‐SAN,26h09m,2,"SIN, SFO",3009,20220409-1653,fast
6:35 am – 12:10 am +2,"Korean Air, Asiana Airlines",SAN‐HKT,27h35m,2,"LAX, ICN",11:40 am – 11:49 pm,Singapore Airlines,HKT‐SAN,26h09m,2,"SIN, SFO",4809,20220409-1653,fast
3:10 pm – 9:35 am +2,Singapore Airlines,SAN‐HKT,28h25m,2,"SFO, SIN",11:40 am – 11:49 pm,Singapore Airlines,HKT‐SAN,26h09m,2,"SIN, SFO",5844,20220409-1653,fast
6:53 pm – 9:35 am +2,"United Airlines, Singapore Airlines",SAN‐HKT,24h42m,2,"SFO, SIN",8:10 pm – 12:23 pm +1,"Singapore Airlines, United Airlines",HKT‐SAN,30h13m,2,"SIN, SFO",8350,20220409-1653,fast
6:29 am – 12:10 am +2,Asiana Airlines,SAN‐HKT,27h41m,2,"LAX, ICN",1:30 am – 2:45 pm,"Asiana Airlines, Korean Air",HKT‐SAN,27h15m,2,"ICN, LAX",6092,20220409-1653,fast
8:15 pm – 2:00 pm +2,"United Airlines, EVA Air",SAN‐HKT,27h45m,3,"LAX, TPE, ...",8:15 am – 9:42 pm,Multiple Airlines,HKT‐SAN,27h27m,3,"BKK, TPE, ...",10631,20220409-1653,fast
3:10 pm – 10:50 am +2,Singapore Airlines,SAN‐HKT,29h40m,2,"SFO, SIN",11:40 am – 11:49 pm,Singapore Airlines,HKT‐SAN,26h09m,2,"SIN, SFO",5844,20220409-1653,fast
8:00 am – 12:10 am +2,"Air Canada, Asiana Airlines",SAN‐HKT,26h10m,2,"YVR, ICN",1:30 am – 6:37 pm,"Asiana Airlines, Air Canada",HKT‐SAN,31h07m,2,"ICN, YVR",1912,20220409-1653,fast
10:20 am – 12:10 am +2,Multiple Airlines,SAN‐HKT,23h50m,2,"SFO, ICN",7:10 pm – 2:45 pm +1,"Bangkok Airways, Korean Air",HKT‐SAN,33h35m,3,"BKK, ICN, ...",7875,20220409-1653,fast
5:15 pm – 9:35 am +2,"Alaska Airlines, Singapore Airlines",SAN‐HKT,26h20m,2,"SFO, SIN",8:10 pm – 1:32 pm +1,Singapore Airlines,HKT‐SAN,31h22m,2,"SIN, SFO",3453,20220409-1653,fast
8:00 am – 12:10 am +2,"Air Canada, Asiana Airlines",SAN‐HKT,26h10m,2,"YVR, ICN",11:55 pm – 6:23 pm +1,"Qatar Airways, Alaska Airlines",HKT‐SAN,32h28m,2,"DOH, SEA",2408,20220409-1653,fast
8:12 pm – 9:35 am +2,"United Airlines, Singapore Airlines",SAN‐HKT,23h23m,2,"SFO, SIN",1:30 am – 10:58 pm,"Asiana Airlines, United Airlines",HKT‐SAN,35h28m,3,"ICN, SFO, ...",8138,20220409-1653,fast
