Out Time,Out Airline,Out Cities,Out Duration,Out Stops,Out Stop Cities,Return Time,Return Airline,Return Cities,Return Duration,Return Stops,Return Stop Cities,Price,timestamp,sort
6:25 am – 9:35 am +2,"Alaska Airlines, Singapore Airlines",SAN‐HKT,37h10m,2,"SFO, SIN",8:10 pm – 6:56 pm +1,"Singapore Airlines, Alaska Airlines",HKT‐SAN,36h46m,2,"SIN, SFO",978,20220409-1946,cheap
6:25 am – 9:35 am +2,Singapore Airlines,SAN‐HKT,37h10m,2,"SFO, SIN",8:10 pm – 11:47 pm +1,Singapore Airlines,HKT‐SAN,41h37m,2,"SIN, SFO",984,20220409-1946,cheap
6:25 am – 10:50 am +2,Singapore Airlines,SAN‐HKT,38h25m,2,"SFO, SIN",8:10 pm – 6:56 pm +1,"Singapore Airlines, Alaska Airlines",HKT‐SAN,36h46m,2,"SIN, SFO",1067,20220409-1946,cheap
6:25 am – 5:10 pm +2,Singapore Airlines,SAN‐HKT,44h45m,2,"SFO, SIN",8:10 pm – 6:56 pm +1,"Singapore Airlines, Alaska Airlines",HKT‐SAN,36h46m,2,"SIN, SFO",1067,20220409-1946,cheap
6:25 am – 7:20 pm +2,Singapore Airlines,SAN‐HKT,46h55m,2,"SFO, SIN",8:10 pm – 6:56 pm +1,"Singapore Airlines, Alaska Airlines",HKT‐SAN,36h46m,2,"SIN, SFO",1067,20220409-1946,cheap
6:25 am – 10:50 am +2,Singapore Airlines,SAN‐HKT,38h25m,2,"SFO, SIN",8:10 pm – 11:47 pm +1,Singapore Airlines,HKT‐SAN,41h37m,2,"SIN, SFO",1074,20220409-1946,cheap
6:25 am – 9:35 am +2,Singapore Airlines,SAN‐HKT,37h10m,2,"SFO, SIN",6:10 pm – 11:47 pm +1,Singapore Airlines,HKT‐SAN,43h37m,2,"SIN, SFO",1074,20220409-1946,cheap
6:25 am – 10:50 am +2,Singapore Airlines,SAN‐HKT,38h25m,2,"SFO, SIN",6:10 pm – 11:47 pm +1,Singapore Airlines,HKT‐SAN,43h37m,2,"SIN, SFO",1074,20220409-1946,cheap
6:25 am – 9:35 am +2,Singapore Airlines,SAN‐HKT,37h10m,2,"SFO, SIN",8:10 pm – 1:46 pm +1,Singapore Airlines,HKT‐SAN,31h36m,2,"SIN, SFO",1107,20220409-1946,cheap
6:25 am – 9:35 am +2,Singapore Airlines,SAN‐HKT,37h10m,2,"SFO, SIN",8:10 pm – 2:56 pm +1,Singapore Airlines,HKT‐SAN,32h46m,2,"SIN, SFO",1107,20220409-1946,cheap
6:25 am – 10:50 am +2,Singapore Airlines,SAN‐HKT,38h25m,2,"SFO, SIN",8:10 pm – 1:46 pm +1,Singapore Airlines,HKT‐SAN,31h36m,2,"SIN, SFO",1107,20220409-1946,cheap
6:25 am – 9:35 am +2,Singapore Airlines,SAN‐HKT,37h10m,2,"SFO, SIN",6:10 pm – 1:46 pm +1,Singapore Airlines,HKT‐SAN,33h36m,2,"SIN, SFO",1107,20220409-1946,cheap
6:25 am – 10:50 am +2,Singapore Airlines,SAN‐HKT,38h25m,2,"SFO, SIN",8:10 pm – 2:56 pm +1,Singapore Airlines,HKT‐SAN,32h46m,2,"SIN, SFO",1107,20220409-1946,cheap
6:25 am – 9:35 am +2,Singapore Airlines,SAN‐HKT,37h10m,2,"SFO, SIN",6:10 pm – 2:56 pm +1,Singapore Airlines,HKT‐SAN,34h46m,2,"SIN, SFO",1107,20220409-1946,cheap
6:25 am – 10:50 am +2,Singapore Airlines,SAN‐HKT,38h25m,2,"SFO, SIN",6:10 pm – 1:46 pm +1,Singapore Airlines,HKT‐SAN,33h36m,2,"SIN, SFO",1107,20220409-1946,cheap
1:30 pm – 9:30 am +2,Japan Airlines,SAN‐HKT,30h00m,2,"NRT, BKK",7:10 pm – 11:30 am +1,Japan Airlines,HKT‐SAN,30h20m,2,"BKK, NRT",1290,20220409-1943,best
6:25 am – 9:35 am +2,Singapore Airlines,SAN‐HKT,37h10m,2,"SFO, SIN",8:10 pm – 6:56 pm +1,"Singapore Airlines, Alaska Airlines",HKT‐SAN,36h46m,2,"SIN, SFO",978,20220409-1943,best
8:50 pm – 7:20 pm +2,Singapore Airlines,SAN‐HKT,32h30m,2,"SEA, SIN",8:10 pm – 1:46 pm +1,Singapore Airlines,HKT‐SAN,31h36m,2,"SIN, SFO",1191,20220409-1943,best
1:30 pm – 9:30 am +2,Japan Airlines,SAN‐HKT,30h00m,2,"NRT-HND, BKK",7:10 pm – 11:30 am +1,Japan Airlines,HKT‐SAN,30h20m,2,"BKK, NRT",1301,20220409-1943,best
8:50 pm – 7:20 pm +2,Singapore Airlines,SAN‐HKT,32h30m,2,"SEA, SIN",8:10 pm – 2:56 pm +1,Singapore Airlines,HKT‐SAN,32h46m,2,"SIN, SFO",1191,20220409-1943,best
7:40 pm – 7:20 pm +2,"Alaska Airlines, Singapore Airlines",SAN‐HKT,33h40m,2,"SEA, SIN",8:10 pm – 1:46 pm +1,Singapore Airlines,HKT‐SAN,31h36m,2,"SIN, SFO",1215,20220409-1943,best
8:50 pm – 7:20 pm +2,Singapore Airlines,SAN‐HKT,32h30m,2,"SEA, SIN",6:10 pm – 1:46 pm +1,Singapore Airlines,HKT‐SAN,33h36m,2,"SIN, SFO",1191,20220409-1943,best
6:25 am – 9:35 am +2,Singapore Airlines,SAN‐HKT,37h10m,2,"SFO, SIN",8:10 pm – 1:46 pm +1,Singapore Airlines,HKT‐SAN,31h36m,2,"SIN, SFO",1107,20220409-1943,best
1:30 pm – 9:30 am +2,Japan Airlines,SAN‐HKT,30h00m,2,"NRT, BKK",2:40 pm – 11:30 am +1,Japan Airlines,HKT‐SAN,34h50m,2,"BKK, NRT",1293,20220409-1943,best
1:30 pm – 9:30 am +2,Japan Airlines,SAN‐HKT,30h00m,2,"NRT, BKK",2:40 pm – 11:30 am +1,Japan Airlines,HKT‐SAN,34h50m,2,"BKK, HND-NRT",1299,20220409-1943,best
6:25 am – 9:35 am +2,Singapore Airlines,SAN‐HKT,37h10m,2,"SFO, SIN",8:10 pm – 2:56 pm +1,Singapore Airlines,HKT‐SAN,32h46m,2,"SIN, SFO",1107,20220409-1943,best
1:30 pm – 9:30 am +2,Japan Airlines,SAN‐HKT,30h00m,2,"NRT-HND, BKK",2:40 pm – 11:30 am +1,Japan Airlines,HKT‐SAN,34h50m,2,"BKK, NRT",1304,20220409-1943,best
6:25 am – 10:50 am +2,Singapore Airlines,SAN‐HKT,38h25m,2,"SFO, SIN",8:10 pm – 1:46 pm +1,Singapore Airlines,HKT‐SAN,31h36m,2,"SIN, SFO",1107,20220409-1943,best
7:40 pm – 7:20 pm +2,"Alaska Airlines, Singapore Airlines",SAN‐HKT,33h40m,2,"SEA, SIN",6:10 pm – 1:46 pm +1,Singapore Airlines,HKT‐SAN,33h36m,2,"SIN, SFO",1215,20220409-1943,best
8:50 pm – 7:20 pm +2,"Alaska Airlines, Singapore Airlines",SAN‐HKT,32h30m,2,"SEA, SIN",6:10 pm – 2:56 pm +1,Singapore Airlines,HKT‐SAN,34h46m,2,"SIN, SFO",1215,20220409-1943,best
5:15 pm – 9:35 am +2,Singapore Airlines,SAN‐HKT,26h20m,2,"SFO, SIN",11:40 am – 11:47 pm,Singapore Airlines,HKT‐SAN,26h07m,2,"SIN, SFO",1865,20220409-1948,fast
8:00 am – 12:10 am +2,United Airlines,SAN‐HKT,26h10m,2,"SFO, ICN",1:30 am – 2:35 pm,United Airlines,HKT‐SAN,27h05m,2,"ICN, SFO",7002,20220409-1948,fast
8:12 pm – 10:50 am +2,"United Airlines, Singapore Airlines",SAN‐HKT,24h38m,2,"SFO, SIN",9:20 pm – 12:23 pm +1,"Jetstar Asia, United Airlines",HKT‐SAN,29h03m,2,"SIN, SFO",8120,20220409-1948,fast
5:15 pm – 10:50 am +2,Singapore Airlines,SAN‐HKT,27h35m,2,"SFO, SIN",11:40 am – 11:47 pm,Singapore Airlines,HKT‐SAN,26h07m,2,"SIN, SFO",1865,20220409-1948,fast
5:15 pm – 9:35 am +2,Singapore Airlines,SAN‐HKT,26h20m,2,"SFO, SIN",10:25 am – 11:47 pm,Singapore Airlines,HKT‐SAN,27h22m,2,"SIN, SFO",1865,20220409-1948,fast
3:10 pm – 9:35 am +2,Singapore Airlines,SAN‐HKT,28h25m,2,"SFO, SIN",11:40 am – 11:47 pm,Singapore Airlines,HKT‐SAN,26h07m,2,"SIN, SFO",1879,20220409-1948,fast
6:29 am – 12:10 am +2,"United Airlines, Asiana Airlines",SAN‐HKT,27h41m,3,"LAX, SFO, ...",1:30 am – 2:35 pm,"Asiana Airlines, United Airlines",HKT‐SAN,27h05m,2,"ICN, SFO",1768,20220409-1948,fast
5:15 pm – 10:50 am +2,Singapore Airlines,SAN‐HKT,27h35m,2,"SFO, SIN",10:25 am – 11:47 pm,Singapore Airlines,HKT‐SAN,27h22m,2,"SIN, SFO",1879,20220409-1948,fast
6:15 am – 12:10 am +2,United Airlines,SAN‐HKT,27h55m,2,"SFO, ICN",1:30 am – 2:35 pm,United Airlines,HKT‐SAN,27h05m,2,"ICN, SFO",7002,20220409-1948,fast
3:10 pm – 10:50 am +2,Singapore Airlines,SAN‐HKT,29h40m,2,"SFO, SIN",11:40 am – 11:47 pm,Singapore Airlines,HKT‐SAN,26h07m,2,"SIN, SFO",1879,20220409-1948,fast
3:10 pm – 9:35 am +2,Singapore Airlines,SAN‐HKT,28h25m,2,"SFO, SIN",10:25 am – 11:47 pm,Singapore Airlines,HKT‐SAN,27h22m,2,"SIN, SFO",1879,20220409-1948,fast
7:00 pm – 3:05 pm +2,"British Airways, Thai Airways",SAN‐HKT,30h05m,1,LHR,11:55 am – 11:47 pm,Multiple Airlines,HKT‐SAN,25h52m,2,"SGN, SFO",3173,20220409-1948,fast
1:30 pm – 9:30 am +2,Japan Airlines,SAN‐HKT,30h00m,2,"NRT, BKK",11:40 am – 11:47 pm,Singapore Airlines,HKT‐SAN,26h07m,2,"SIN, SFO",2002,20220409-1948,fast
7:00 pm – 3:05 pm +2,"British Airways, Thai Airways",SAN‐HKT,30h05m,1,LHR,11:15 pm – 11:30 am +1,"Thai Vietjet Air, Japan Airlines",HKT‐SAN,26h15m,2,"BKK, NRT",3581,20220409-1948,fast
9:00 pm – 2:00 pm +2,"Alaska Airlines, EVA Air",SAN‐HKT,27h00m,3,"SFO, TPE, ...",8:15 am – 11:47 pm,Multiple Airlines,HKT‐SAN,29h32m,3,"BKK, TPE, ...",1763,20220409-1948,fast
