Out Time,Out Airline,Out Cities,Out Duration,Out Stops,Out Stop Cities,Return Time,Return Airline,Return Cities,Return Duration,Return Stops,Return Stop Cities,Price,timestamp,sort
7:50 pm – 4:00 pm +2,Air Canada,LGA‐ICN,31h10m,2,"YUL, YVR",5:50 pm – 9:59 am +1,Air Canada,ICN‐EWR,29h09m,2,"YVR, YUL",1028,20220408-0215,cheap
10:40 am – 5:10 pm +1,Air Canada,LGA‐ICN,17h30m,1,YYZ,5:50 pm – 9:59 am +1,Air Canada,ICN‐EWR,29h09m,2,"YVR, YUL",1033,20220408-0215,cheap
10:40 am – 5:10 pm +1,Air Canada,LGA‐ICN,17h30m,1,YYZ,5:50 pm – 9:59 am +1,Air Canada,ICN‐EWR,29h09m,2,"YVR, YUL",1033,20220408-0215,cheap
9:05 am – 5:10 pm +1,Air Canada,EWR‐ICN,19h05m,1,YYZ,5:50 pm – 9:59 am +1,Air Canada,ICN‐EWR,29h09m,2,"YVR, YUL",1033,20220408-0215,cheap
9:05 am – 5:10 pm +1,Air Canada,LGA‐ICN,19h05m,1,YYZ,5:50 pm – 9:59 am +1,Air Canada,ICN‐EWR,29h09m,2,"YVR, YUL",1033,20220408-0215,cheap
9:05 am – 5:10 pm +1,Air Canada,LGA‐ICN,19h05m,1,YYZ,5:50 pm – 9:59 am +1,Air Canada,ICN‐EWR,29h09m,2,"YVR, YUL",1033,20220408-0215,cheap
9:05 am – 5:10 pm +1,Air Canada,EWR‐ICN,19h05m,1,YYZ,5:50 pm – 9:59 am +1,Air Canada,ICN‐EWR,29h09m,2,"YVR, YUL",1033,20220408-0215,cheap
10:40 am – 5:10 pm +1,Air Canada,LGA‐ICN,17h30m,1,YYZ,5:50 pm – 7:56 am +1,Air Canada,ICN‐EWR,27h06m,2,"YVR, YYZ",1061,20220408-0215,cheap
10:40 am – 5:10 pm +1,Air Canada,LGA‐ICN,17h30m,1,YYZ,5:50 pm – 7:56 am +1,Air Canada,ICN‐EWR,27h06m,2,"YVR, YYZ",1061,20220408-0215,cheap
10:40 am – 5:10 pm +1,Air Canada,LGA‐ICN,17h30m,1,YYZ,5:50 pm – 7:56 am +1,Air Canada,ICN‐EWR,27h06m,2,"YVR, YYZ",1061,20220408-0215,cheap
9:05 am – 5:10 pm +1,Air Canada,EWR‐ICN,19h05m,1,YYZ,5:50 pm – 7:56 am +1,Air Canada,ICN‐EWR,27h06m,2,"YVR, YYZ",1061,20220408-0215,cheap
9:05 am – 5:10 pm +1,Air Canada,LGA‐ICN,19h05m,1,YYZ,5:50 pm – 7:56 am +1,Air Canada,ICN‐EWR,27h06m,2,"YVR, YYZ",1061,20220408-0215,cheap
9:05 am – 5:10 pm +1,Air Canada,EWR‐ICN,19h05m,1,YYZ,5:50 pm – 7:56 am +1,Air Canada,ICN‐EWR,27h06m,2,"YVR, YYZ",1061,20220408-0215,cheap
6:25 am – 4:00 pm +1,Air Canada,EWR‐ICN,20h35m,2,"YYZ, YVR",5:50 pm – 7:56 am +1,Air Canada,ICN‐EWR,27h06m,2,"YVR, YYZ",1061,20220408-0215,cheap
6:25 am – 4:00 pm +1,Air Canada,EWR‐ICN,20h35m,2,"YYZ, YVR",5:50 pm – 7:56 am +1,Air Canada,ICN‐EWR,27h06m,2,"YVR, YYZ",1061,20220408-0215,cheap
9:05 am – 5:10 pm +1,Air Canada,EWR‐ICN,19h05m,1,YYZ,5:50 pm – 7:56 am +1,Air Canada,ICN‐EWR,27h06m,2,"YVR, YYZ",1148,20220408-0213,best
1:55 pm – 5:20 pm +1,Asiana Airlines,JFK‐ICN,14h25m,0,,10:20 am – 11:35 am,Asiana Airlines,ICN‐JFK,14h15m,0,,1471,20220408-0213,best
7:50 pm – 4:00 pm +2,Air Canada,LGA‐ICN,31h10m,2,"YUL, YVR",5:50 pm – 9:59 am +1,Air Canada,ICN‐EWR,29h09m,2,"YVR, YUL",1028,20220408-0213,best
1:50 pm – 5:20 pm +1,Korean Air,JFK‐ICN,14h30m,0,,10:45 am – 2:10 pm,Korean Air,ICN‐LGA,16h25m,1,DTW,1355,20220408-0213,best
1:50 pm – 5:20 pm +1,Delta,JFK‐ICN,14h30m,0,,10:45 am – 2:10 pm,Delta,ICN‐LGA,16h25m,1,DTW,1394,20220408-0213,best
1:50 pm – 5:20 pm +1,Korean Air,JFK‐ICN,14h30m,0,,6:40 pm – 11:58 pm,Korean Air,ICN‐LGA,18h18m,1,ATL,1355,20220408-0213,best
1:50 pm – 5:20 pm +1,Korean Air,JFK‐ICN,14h30m,0,,10:45 am – 4:07 pm,Korean Air,ICN‐LGA,18h22m,1,DTW,1355,20220408-0213,best
9:30 am – 4:30 pm +1,Delta,LGA‐ICN,18h00m,1,DTW,10:45 am – 2:10 pm,Delta,ICN‐LGA,16h25m,1,DTW,1232,20220408-0213,best
1:50 pm – 5:20 pm +1,Delta,JFK‐ICN,14h30m,0,,6:40 pm – 11:58 pm,Delta,ICN‐LGA,18h18m,1,ATL,1394,20220408-0213,best
1:50 pm – 5:20 pm +1,Delta,JFK‐ICN,14h30m,0,,10:45 am – 4:07 pm,Delta,ICN‐LGA,18h22m,1,DTW,1394,20220408-0213,best
6:59 am – 3:00 pm +1,Delta,LGA‐ICN,19h01m,1,ATL,10:45 am – 2:10 pm,Delta,ICN‐LGA,16h25m,1,DTW,1232,20220408-0213,best
1:50 pm – 5:20 pm +1,Korean Air,JFK‐ICN,14h30m,0,,10:00 am – 11:05 am,Korean Air,ICN‐JFK,14h05m,0,,1670,20220408-0213,best
1:50 pm – 5:20 pm +1,Korean Air,JFK‐ICN,14h30m,0,,7:30 pm – 8:50 pm,Korean Air,ICN‐JFK,14h20m,0,,1670,20220408-0213,best
9:30 am – 4:30 pm +1,Delta,LGA‐ICN,18h00m,1,DTW,6:40 pm – 11:58 pm,Delta,ICN‐LGA,18h18m,1,ATL,1232,20220408-0213,best
9:30 am – 4:30 pm +1,Delta,LGA‐ICN,18h00m,1,DTW,10:45 am – 4:07 pm,Delta,ICN‐LGA,18h22m,1,DTW,1232,20220408-0213,best
6:00 am – 3:00 pm +1,Delta,LGA‐ICN,20h00m,1,ATL,10:45 am – 2:10 pm,Delta,ICN‐LGA,16h25m,1,DTW,1232,20220408-0213,best
7:09 am – 3:15 pm +1,American Airlines,EWR‐ICN,19h06m,1,DFW,5:25 pm – 11:00 pm,American Airlines,ICN‐LGA,18h35m,1,DFW,1176,20220408-0213,best
1:55 pm – 5:20 pm +1,Asiana Airlines,JFK‐ICN,14h25m,0,,10:00 am – 11:05 am,Korean Air,ICN‐JFK,14h05m,0,,1974,20220408-0217,fast
1:55 pm – 5:20 pm +1,United Airlines,JFK‐ICN,14h25m,0,,10:00 am – 11:05 am,Korean Air,ICN‐JFK,14h05m,0,,6527,20220408-0217,fast
1:50 pm – 5:20 pm +1,Korean Air,JFK‐ICN,14h30m,0,,10:00 am – 11:05 am,Korean Air,ICN‐JFK,14h05m,0,,1670,20220408-0217,fast
1:50 pm – 5:20 pm +1,Delta,JFK‐ICN,14h30m,0,,10:00 am – 11:05 am,Delta,ICN‐JFK,14h05m,0,,1725,20220408-0217,fast
1:55 pm – 5:20 pm +1,Asiana Airlines,JFK‐ICN,14h25m,0,,10:20 am – 11:35 am,Asiana Airlines,ICN‐JFK,14h15m,0,,1471,20220408-0217,fast
1:55 pm – 5:20 pm +1,United Airlines,JFK‐ICN,14h25m,0,,10:20 am – 11:35 am,United Airlines,ICN‐JFK,14h15m,0,,6537,20220408-0217,fast
1:50 pm – 5:20 pm +1,Korean Air,JFK‐ICN,14h30m,0,,10:20 am – 11:35 am,Asiana Airlines,ICN‐JFK,14h15m,0,,2019,20220408-0217,fast
1:55 pm – 5:20 pm +1,Asiana Airlines,JFK‐ICN,14h25m,0,,7:30 pm – 8:50 pm,Korean Air,ICN‐JFK,14h20m,0,,2036,20220408-0217,fast
1:50 pm – 5:20 pm +1,Delta,JFK‐ICN,14h30m,0,,10:20 am – 11:35 am,Asiana Airlines,ICN‐JFK,14h15m,0,,2046,20220408-0217,fast
1:55 pm – 5:20 pm +1,United Airlines,JFK‐ICN,14h25m,0,,7:30 pm – 8:50 pm,Korean Air,ICN‐JFK,14h20m,0,,6527,20220408-0217,fast
1:50 pm – 5:20 pm +1,Korean Air,JFK‐ICN,14h30m,0,,7:30 pm – 8:50 pm,Korean Air,ICN‐JFK,14h20m,0,,1670,20220408-0217,fast
1:50 pm – 5:20 pm +1,Delta,JFK‐ICN,14h30m,0,,7:30 pm – 8:50 pm,Delta,ICN‐JFK,14h20m,0,,1725,20220408-0217,fast
1:55 pm – 5:20 pm +1,Asiana Airlines,JFK‐ICN,14h25m,0,,10:45 am – 2:10 pm,Korean Air,ICN‐LGA,16h25m,1,DTW,1954,20220408-0217,fast
1:50 pm – 5:20 pm +1,Korean Air,JFK‐ICN,14h30m,0,,10:45 am – 2:10 pm,Korean Air,ICN‐LGA,16h25m,1,DTW,1355,20220408-0217,fast
1:50 pm – 5:20 pm +1,Delta,JFK‐ICN,14h30m,0,,10:45 am – 2:10 pm,Delta,ICN‐LGA,16h25m,1,DTW,1394,20220408-0217,fast
