Out Time,Out Airline,Out Cities,Out Duration,Out Stops,Out Stop Cities,Return Time,Return Airline,Return Cities,Return Duration,Return Stops,Return Stop Cities,Price,timestamp,sort
7:50 pm – 4:00 pm +2,Air Canada,LGA‐ICN,31h10m,2,"YUL, YVR",5:45 pm – 10:06 am +1,Air Canada,ICN‐LGA,29h21m,2,"YVR, YUL",1215,20220407-1928,cheap
1:55 pm – 5:20 pm +1,Asiana Airlines,JFK‐ICN,14h25m,0,,4:40 pm – 1:58 am +1,United Airlines,ICN‐EWR,22h18m,1,SFO,1474,20220407-1928,cheap
1:25 am – 11:00 am +1,EVA Air,JFK‐ICN,20h35m,1,TPE,12:00 pm – 10:05 pm,EVA Air,ICN‐JFK,23h05m,1,TPE,1577,20220407-1928,cheap
1:25 am – 11:00 am +1,"EVA Air, UNI AIR",JFK‐ICN,20h35m,1,TPE,12:00 pm – 10:05 pm,EVA Air,ICN‐JFK,23h05m,1,TPE,1577,20220407-1928,cheap
1:55 pm – 5:20 pm +1,Asiana Airlines,JFK‐ICN,14h25m,0,,1:30 am – 2:55 pm,Qatar Airways,ICN‐JFK,26h25m,1,DOH,1604,20220407-1928,cheap
9:30 am – 4:30 pm +1,Korean Air,LGA‐ICN,18h00m,1,DTW,10:45 am – 4:07 pm,Korean Air,ICN‐LGA,18h22m,1,DTW,1631,20220407-1928,cheap
6:15 pm – 4:00 pm +2,Air Canada,EWR‐ICN,32h45m,1,YVR,10:20 am – 11:35 am,Asiana Airlines,ICN‐JFK,14h15m,0,,1641,20220407-1928,cheap
9:30 am – 4:30 pm +1,Korean Air,LGA‐ICN,18h00m,1,DTW,7:20 pm – 11:55 pm,Korean Air,ICN‐JFK,17h35m,1,SEA,1645,20220407-1928,cheap
9:30 am – 4:30 pm +1,Korean Air,LGA‐ICN,18h00m,1,DTW,7:20 pm – 6:01 am +1,Korean Air,ICN‐JFK,23h41m,1,SEA,1645,20220407-1928,cheap
9:05 am – 5:10 pm +1,Air Canada,EWR‐ICN,19h05m,1,YYZ,5:45 pm – 7:40 am +1,Air Canada,ICN‐EWR,26h55m,2,"YVR, YUL",1663,20220407-1928,cheap
9:05 am – 5:10 pm +1,Air Canada,LGA‐ICN,19h05m,1,YYZ,5:45 pm – 7:40 am +1,Air Canada,ICN‐EWR,26h55m,2,"YVR, YUL",1663,20220407-1928,cheap
10:40 am – 5:10 pm +1,Air Canada,LGA‐ICN,17h30m,1,YYZ,5:45 pm – 9:59 am +1,Air Canada,ICN‐EWR,29h14m,2,"YVR, YUL",1663,20220407-1928,cheap
10:40 am – 5:10 pm +1,Air Canada,LGA‐ICN,17h30m,1,YYZ,5:45 pm – 10:06 am +1,Air Canada,ICN‐LGA,29h21m,2,"YVR, YUL",1663,20220407-1928,cheap
7:00 am – 5:10 pm +1,Air Canada,LGA‐ICN,21h10m,1,YYZ,5:45 pm – 7:40 am +1,Air Canada,ICN‐EWR,26h55m,2,"YVR, YUL",1663,20220407-1928,cheap
9:05 am – 5:10 pm +1,Air Canada,LGA‐ICN,19h05m,1,YYZ,5:45 pm – 9:59 am +1,Air Canada,ICN‐EWR,29h14m,2,"YVR, YUL",1663,20220407-1928,cheap
1:25 am – 11:00 am +1,EVA Air,JFK‐ICN,20h35m,1,TPE,12:00 pm – 10:05 pm,EVA Air,ICN‐JFK,23h05m,1,TPE,1678,20220407-1926,best
1:55 pm – 5:20 pm +1,Asiana Airlines,JFK‐ICN,14h25m,0,,10:20 am – 11:35 am,Asiana Airlines,ICN‐JFK,14h15m,0,,1701,20220407-1926,best
7:50 pm – 4:00 pm +2,Air Canada,LGA‐ICN,31h10m,2,"YUL, YVR",5:45 pm – 10:06 am +1,Air Canada,ICN‐LGA,29h21m,2,"YVR, YUL",1215,20220407-1926,best
1:50 pm – 5:20 pm +1,Korean Air,JFK‐ICN,14h30m,0,,7:30 pm – 9:00 pm,Korean Air,ICN‐JFK,14h30m,0,,1884,20220407-1926,best
1:50 pm – 5:20 pm +1,Delta,JFK‐ICN,14h30m,0,,7:30 pm – 9:00 pm,Delta,ICN‐JFK,14h30m,0,,1950,20220407-1926,best
1:50 pm – 5:20 pm +1,Korean Air,JFK‐ICN,14h30m,0,,10:00 am – 11:20 am,Korean Air,ICN‐JFK,14h20m,0,,1972,20220407-1926,best
1:50 pm – 5:20 pm +1,Delta,JFK‐ICN,14h30m,0,,10:00 am – 11:20 am,Delta,ICN‐JFK,14h20m,0,,2050,20220407-1926,best
9:30 am – 4:30 pm +1,Korean Air,LGA‐ICN,18h00m,1,DTW,7:30 pm – 9:00 pm,Korean Air,ICN‐JFK,14h30m,0,,1707,20220407-1926,best
1:50 pm – 5:20 pm +1,Korean Air,JFK‐ICN,14h30m,0,,7:20 pm – 11:55 pm,Korean Air,ICN‐JFK,17h35m,1,SEA,1822,20220407-1926,best
9:36 am – 4:30 pm +1,Korean Air,EWR‐ICN,17h54m,1,DTW,7:30 pm – 9:00 pm,Korean Air,ICN‐JFK,14h30m,0,,1794,20220407-1926,best
9:30 am – 4:30 pm +1,Korean Air,LGA‐ICN,18h00m,1,DTW,10:00 am – 11:20 am,Korean Air,ICN‐JFK,14h20m,0,,1802,20220407-1926,best
1:50 pm – 5:20 pm +1,Korean Air,JFK‐ICN,14h30m,0,,10:45 am – 4:07 pm,Korean Air,ICN‐LGA,18h22m,1,DTW,1807,20220407-1926,best
1:50 pm – 5:20 pm +1,Korean Air,JFK‐ICN,14h30m,0,,10:45 am – 2:10 pm,"Korean Air, Delta",ICN‐LGA,16h25m,1,DTW,1962,20220407-1926,best
1:50 pm – 5:20 pm +1,Korean Air,JFK‐ICN,14h30m,0,,10:20 am – 11:35 am,Asiana Airlines,ICN‐JFK,14h15m,0,,2216,20220407-1926,best
1:50 pm – 5:20 pm +1,Delta,JFK‐ICN,14h30m,0,,7:20 pm – 11:55 pm,Delta,ICN‐JFK,17h35m,1,SEA,1885,20220407-1926,best
9:36 am – 4:30 pm +1,"Delta, Korean Air",EWR‐ICN,17h54m,1,DTW,7:30 pm – 9:00 pm,Korean Air,ICN‐JFK,14h30m,0,,1856,20220407-1926,best
1:50 pm – 5:20 pm +1,Korean Air,JFK‐ICN,14h30m,0,,10:45 am – 2:10 pm,Korean Air,ICN‐LGA,16h25m,1,DTW,1989,20220407-1926,best
1:55 pm – 5:20 pm +1,Asiana Airlines,JFK‐ICN,14h25m,0,,10:20 am – 11:35 am,Asiana Airlines,ICN‐JFK,14h15m,0,,1701,20220407-1931,fast
1:55 pm – 5:20 pm +1,United Airlines,JFK‐ICN,14h25m,0,,10:20 am – 11:35 am,United Airlines,ICN‐JFK,14h15m,0,,6537,20220407-1931,fast
1:50 pm – 5:20 pm +1,Korean Air,JFK‐ICN,14h30m,0,,10:20 am – 11:35 am,Asiana Airlines,ICN‐JFK,14h15m,0,,2216,20220407-1931,fast
1:55 pm – 5:20 pm +1,Asiana Airlines,JFK‐ICN,14h25m,0,,10:00 am – 11:20 am,Korean Air,ICN‐JFK,14h20m,0,,2348,20220407-1931,fast
1:55 pm – 5:20 pm +1,United Airlines,JFK‐ICN,14h25m,0,,10:00 am – 11:20 am,Korean Air,ICN‐JFK,14h20m,0,,6527,20220407-1931,fast
1:50 pm – 5:20 pm +1,Korean Air,JFK‐ICN,14h30m,0,,10:00 am – 11:20 am,Korean Air,ICN‐JFK,14h20m,0,,1972,20220407-1931,fast
1:50 pm – 5:20 pm +1,Delta,JFK‐ICN,14h30m,0,,10:00 am – 11:20 am,Delta,ICN‐JFK,14h20m,0,,2050,20220407-1931,fast
1:55 pm – 5:20 pm +1,Asiana Airlines,JFK‐ICN,14h25m,0,,7:30 pm – 9:00 pm,Korean Air,ICN‐JFK,14h30m,0,,2246,20220407-1931,fast
1:50 pm – 5:20 pm +1,Korean Air,JFK‐ICN,14h30m,0,,7:30 pm – 9:00 pm,Korean Air,ICN‐JFK,14h30m,0,,1884,20220407-1931,fast
1:50 pm – 5:20 pm +1,Delta,JFK‐ICN,14h30m,0,,7:30 pm – 9:00 pm,Delta,ICN‐JFK,14h30m,0,,1950,20220407-1931,fast
1:55 pm – 5:20 pm +1,Asiana Airlines,JFK‐ICN,14h25m,0,,10:45 am – 2:10 pm,"Korean Air, Delta",ICN‐LGA,16h25m,1,DTW,2140,20220407-1931,fast
1:50 pm – 5:20 pm +1,Korean Air,JFK‐ICN,14h30m,0,,10:45 am – 2:10 pm,"Korean Air, Delta",ICN‐LGA,16h25m,1,DTW,1962,20220407-1931,fast
1:50 pm – 5:20 pm +1,Korean Air,JFK‐ICN,14h30m,0,,10:45 am – 2:10 pm,Korean Air,ICN‐LGA,16h25m,1,DTW,1989,20220407-1931,fast
1:50 pm – 5:20 pm +1,Delta,JFK‐ICN,14h30m,0,,10:45 am – 2:10 pm,Delta,ICN‐LGA,16h25m,1,DTW,2060,20220407-1931,fast
1:50 pm – 5:20 pm +1,Korean Air,JFK‐ICN,14h30m,0,,9:30 am – 1:20 pm,Korean Air,ICN‐LGA,16h50m,1,BOS,2085,20220407-1931,fast
