Out Time,Out Airline,Out Cities,Out Duration,Out Stops,Out Stop Cities,Return Time,Return Airline,Return Cities,Return Duration,Return Stops,Return Stop Cities,Price,timestamp,sort
4:45 pm – 11:00 am +3,Finnair,JFK‐ICN,53h15m,2,"ARN, HEL",9:45 pm – 5:00 pm +1,Finnair,ICN‐JFK,32h15m,2,"HEL, ARN",1049,20220405-1402,cheap
1:55 pm – 5:20 pm +1,Asiana Airlines,JFK‐ICN,14h25m,0,,5:45 pm – 7:42 am +1,Air Canada,ICN‐EWR,26h57m,2,"YVR, YUL",1375,20220405-1402,cheap
10:40 am – 5:10 pm +1,Air Canada,LGA‐ICN,17h30m,1,YYZ,5:45 pm – 10:07 am +1,Air Canada,ICN‐LGA,29h22m,2,"YVR, YUL",1398,20220405-1402,cheap
10:40 am – 5:10 pm +1,Air Canada,LGA‐ICN,17h30m,1,YYZ,5:45 pm – 10:07 am +1,Air Canada,ICN‐LGA,29h22m,2,"YVR, YUL",1398,20220405-1402,cheap
9:05 am – 5:10 pm +1,Air Canada,LGA‐ICN,19h05m,1,YYZ,5:45 pm – 10:07 am +1,Air Canada,ICN‐LGA,29h22m,2,"YVR, YUL",1398,20220405-1402,cheap
9:05 am – 5:10 pm +1,Air Canada,LGA‐ICN,19h05m,1,YYZ,5:45 pm – 10:07 am +1,Air Canada,ICN‐LGA,29h22m,2,"YVR, YUL",1398,20220405-1402,cheap
10:40 am – 5:10 pm +1,Air Canada,LGA‐ICN,17h30m,1,YYZ,5:45 pm – 9:32 am +1,Air Canada,ICN‐LGA,28h47m,2,"YVR, YYZ",1404,20220405-1402,cheap
10:40 am – 5:10 pm +1,Air Canada,LGA‐ICN,17h30m,1,YYZ,5:45 pm – 10:42 am +1,Air Canada,ICN‐LGA,29h57m,2,"YVR, YYZ",1404,20220405-1402,cheap
10:40 am – 5:10 pm +1,Air Canada,LGA‐ICN,17h30m,1,YYZ,5:45 pm – 7:42 am +1,Air Canada,ICN‐EWR,26h57m,2,"YVR, YUL",1416,20220405-1402,cheap
10:40 am – 5:10 pm +1,Air Canada,LGA‐ICN,17h30m,1,YYZ,5:45 pm – 7:42 am +1,Air Canada,ICN‐EWR,26h57m,2,"YVR, YUL",1416,20220405-1402,cheap
10:40 am – 5:10 pm +1,Air Canada,LGA‐ICN,17h30m,1,YYZ,5:45 pm – 7:51 am +1,Air Canada,ICN‐EWR,27h06m,2,"YVR, YQB",1416,20220405-1402,cheap
9:05 am – 5:10 pm +1,Air Canada,LGA‐ICN,19h05m,1,YYZ,5:45 pm – 7:42 am +1,Air Canada,ICN‐EWR,26h57m,2,"YVR, YUL",1416,20220405-1402,cheap
9:05 am – 5:10 pm +1,Air Canada,LGA‐ICN,19h05m,1,YYZ,5:45 pm – 7:42 am +1,Air Canada,ICN‐EWR,26h57m,2,"YVR, YUL",1416,20220405-1402,cheap
7:00 am – 5:10 pm +1,Air Canada,LGA‐ICN,21h10m,1,YYZ,5:45 pm – 7:42 am +1,Air Canada,ICN‐EWR,26h57m,2,"YVR, YUL",1416,20220405-1402,cheap
7:00 am – 5:10 pm +1,Air Canada,LGA‐ICN,21h10m,1,YYZ,5:45 pm – 7:42 am +1,Air Canada,ICN‐EWR,26h57m,2,"YVR, YUL",1416,20220405-1402,cheap
4:45 pm – 11:00 am +3,Finnair,JFK‐ICN,53h15m,2,"ARN, HEL",9:45 pm – 5:00 pm +1,Finnair,ICN‐JFK,32h15m,2,"HEL, ARN",1143,20220405-1359,best
10:40 am – 5:10 pm +1,Air Canada,LGA‐ICN,17h30m,1,YYZ,6:40 pm – 10:02 pm,Air Canada,ICN‐LGA,16h22m,1,YYZ,1441,20220405-1359,best
9:05 am – 5:10 pm +1,Air Canada,LGA‐ICN,19h05m,1,YYZ,6:40 pm – 10:02 pm,Air Canada,ICN‐LGA,16h22m,1,YYZ,1441,20220405-1359,best
9:05 am – 5:10 pm +1,Air Canada,EWR‐ICN,19h05m,1,YYZ,6:40 pm – 10:01 pm,Air Canada,ICN‐EWR,16h21m,1,YYZ,1533,20220405-1359,best
7:00 am – 5:10 pm +1,Air Canada,LGA‐ICN,21h10m,1,YYZ,6:40 pm – 10:02 pm,Air Canada,ICN‐LGA,16h22m,1,YYZ,1441,20220405-1359,best
8:01 am – 5:10 pm +1,Air Canada,EWR‐ICN,20h09m,1,YYZ,6:40 pm – 10:01 pm,Air Canada,ICN‐EWR,16h21m,1,YYZ,1533,20220405-1359,best
6:25 am – 5:10 pm +1,Air Canada,EWR‐ICN,21h45m,1,YYZ,6:40 pm – 10:01 pm,Air Canada,ICN‐EWR,16h21m,1,YYZ,1533,20220405-1359,best
6:00 am – 5:10 pm +1,Air Canada,EWR‐ICN,22h10m,2,"YUL, YYZ",6:40 pm – 10:02 pm,Air Canada,ICN‐LGA,16h22m,1,YYZ,1477,20220405-1359,best
6:00 am – 5:10 pm +1,Air Canada,EWR‐ICN,22h10m,2,"YUL, YYZ",6:40 pm – 10:02 pm,Air Canada,ICN‐LGA,16h22m,1,YYZ,1477,20220405-1359,best
1:50 pm – 5:20 pm +1,Korean Air,JFK‐ICN,14h30m,0,,10:00 am – 11:20 am,Korean Air,ICN‐JFK,14h20m,0,,2247,20220405-1359,best
6:00 am – 4:15 pm +1,Air Canada,EWR‐ICN,21h15m,2,"YUL, YVR",6:40 pm – 10:01 pm,Air Canada,ICN‐EWR,16h21m,1,YYZ,1583,20220405-1359,best
1:50 pm – 5:20 pm +1,Korean Air,JFK‐ICN,14h30m,0,,6:40 pm – 11:23 pm,Korean Air,ICN‐EWR,17h43m,1,ATL,2036,20220405-1359,best
1:50 pm – 5:20 pm +1,Korean Air,JFK‐ICN,14h30m,0,,6:40 pm – 11:58 pm,Korean Air,ICN‐LGA,18h18m,1,ATL,2035,20220405-1359,best
10:40 am – 5:10 pm +1,Air Canada,LGA‐ICN,17h30m,1,YYZ,6:40 pm – 10:58 pm,"Air Canada, United Airlines",ICN‐EWR,17h18m,1,YYZ,1863,20220405-1359,best
1:50 pm – 5:20 pm +1,Korean Air,JFK‐ICN,14h30m,0,,6:40 pm – 11:59 pm,Korean Air,ICN‐JFK,18h19m,1,ATL,2036,20220405-1359,best
1:50 pm – 5:20 pm +1,Korean Air,JFK‐ICN,14h30m,0,,10:45 am – 4:07 pm,Korean Air,ICN‐LGA,18h22m,1,DTW,2035,20220405-1359,best
1:55 pm – 5:20 pm +1,Asiana Airlines,JFK‐ICN,14h25m,0,,10:20 am – 11:35 am,Asiana Airlines,ICN‐JFK,14h15m,0,,1866,20220405-1404,fast
1:55 pm – 5:20 pm +1,Asiana Airlines,JFK‐ICN,14h25m,0,,10:00 am – 11:20 am,Korean Air,ICN‐JFK,14h20m,0,,1951,20220405-1404,fast
1:50 pm – 5:20 pm +1,Korean Air,JFK‐ICN,14h30m,0,,10:20 am – 11:35 am,Asiana Airlines,ICN‐JFK,14h15m,0,,2426,20220405-1404,fast
1:50 pm – 5:20 pm +1,Korean Air,JFK‐ICN,14h30m,0,,10:00 am – 11:20 am,Korean Air,ICN‐JFK,14h20m,0,,2247,20220405-1404,fast
1:55 pm – 5:20 pm +1,Asiana Airlines,JFK‐ICN,14h25m,0,,6:40 pm – 10:01 pm,Air Canada,ICN‐EWR,16h21m,1,YYZ,1572,20220405-1404,fast
1:55 pm – 5:20 pm +1,Asiana Airlines,JFK‐ICN,14h25m,0,,10:45 am – 2:10 pm,"Korean Air, Delta",ICN‐LGA,16h25m,1,DTW,2215,20220405-1404,fast
1:50 pm – 5:20 pm +1,Delta,JFK‐ICN,14h30m,0,,6:40 pm – 10:01 pm,Air Canada,ICN‐EWR,16h21m,1,YYZ,2241,20220405-1404,fast
1:50 pm – 5:20 pm +1,Korean Air,JFK‐ICN,14h30m,0,,10:45 am – 2:10 pm,Korean Air,ICN‐LGA,16h25m,1,DTW,2274,20220405-1404,fast
9:59 am – 4:30 pm +1,"Delta, Korean Air",LGA‐ICN,17h31m,1,DTW,10:20 am – 11:35 am,Asiana Airlines,ICN‐JFK,14h15m,0,,2865,20220405-1404,fast
9:59 am – 4:30 pm +1,Korean Air,LGA‐ICN,17h31m,1,DTW,10:00 am – 11:20 am,Korean Air,ICN‐JFK,14h20m,0,,2648,20220405-1404,fast
1:55 pm – 5:20 pm +1,Asiana Airlines,JFK‐ICN,14h25m,0,,6:40 pm – 11:23 pm,Delta,ICN‐EWR,17h43m,1,ATL,1456,20220405-1404,fast
1:55 pm – 5:20 pm +1,United Airlines,JFK‐ICN,14h25m,0,,4:40 pm – 9:25 pm,United Airlines,ICN‐EWR,17h45m,1,SFO,5106,20220405-1404,fast
1:50 pm – 5:20 pm +1,Korean Air,JFK‐ICN,14h30m,0,,6:40 pm – 11:23 pm,Korean Air,ICN‐EWR,17h43m,1,ATL,2036,20220405-1404,fast
9:30 am – 4:30 pm +1,"Delta, Korean Air",EWR‐ICN,18h00m,1,DTW,10:20 am – 11:35 am,Asiana Airlines,ICN‐JFK,14h15m,0,,2865,20220405-1404,fast
9:30 am – 4:30 pm +1,Korean Air,EWR‐ICN,18h00m,1,DTW,10:00 am – 11:20 am,Korean Air,ICN‐JFK,14h20m,0,,2648,20220405-1404,fast
