Out Time,Out Airline,Out Cities,Out Duration,Out Stops,Out Stop Cities,Return Time,Return Airline,Return Cities,Return Duration,Return Stops,Return Stop Cities,Price,timestamp,sort
9:29 pm – 3:15 pm +2,American Airlines,LGA‐ICN,28h46m,2,"CLT, DFW",5:25 pm – 7:49 am +1,American Airlines,ICN‐LGA,27h24m,2,"DFW, DTW",1333,20220405-0733,cheap
6:44 am – 3:15 pm +1,American Airlines,LGA‐ICN,19h31m,1,DFW,5:25 pm – 7:49 am +1,American Airlines,ICN‐LGA,27h24m,2,"DFW, DTW",1334,20220405-0733,cheap
6:34 am – 3:15 pm +1,American Airlines,EWR‐ICN,19h41m,1,DFW,5:25 pm – 7:49 am +1,American Airlines,ICN‐LGA,27h24m,2,"DFW, DTW",1334,20220405-0733,cheap
6:30 am – 3:15 pm +1,American Airlines,JFK‐ICN,19h45m,1,DFW,5:25 pm – 7:49 am +1,American Airlines,ICN‐LGA,27h24m,2,"DFW, DTW",1334,20220405-0733,cheap
6:44 am – 3:15 pm +1,American Airlines,LGA‐ICN,19h31m,1,DFW,5:25 pm – 8:13 am +1,American Airlines,ICN‐LGA,27h48m,2,"DFW, DCA",1334,20220405-0733,cheap
6:34 am – 3:15 pm +1,American Airlines,EWR‐ICN,19h41m,1,DFW,5:25 pm – 8:13 am +1,American Airlines,ICN‐LGA,27h48m,2,"DFW, DCA",1334,20220405-0733,cheap
6:30 am – 3:15 pm +1,American Airlines,JFK‐ICN,19h45m,1,DFW,5:25 pm – 8:13 am +1,American Airlines,ICN‐LGA,27h48m,2,"DFW, DCA",1334,20220405-0733,cheap
6:44 am – 3:15 pm +1,American Airlines,LGA‐ICN,19h31m,1,DFW,5:25 pm – 7:59 am +1,American Airlines,ICN‐LGA,27h34m,2,"DFW, CLE",1374,20220405-0733,cheap
6:34 am – 3:15 pm +1,American Airlines,EWR‐ICN,19h41m,1,DFW,5:25 pm – 7:59 am +1,American Airlines,ICN‐LGA,27h34m,2,"DFW, CLE",1374,20220405-0733,cheap
6:30 am – 3:15 pm +1,American Airlines,JFK‐ICN,19h45m,1,DFW,5:25 pm – 7:59 am +1,American Airlines,ICN‐LGA,27h34m,2,"DFW, CLE",1374,20220405-0733,cheap
6:44 am – 3:15 pm +1,American Airlines,LGA‐ICN,19h31m,1,DFW,5:25 pm – 7:16 am +1,American Airlines,ICN‐LGA,26h51m,2,"DFW, DCA",1437,20220405-0733,cheap
8:00 am – 3:50 pm +1,Korean Air,EWR‐ICN,18h50m,1,ATL,4:50 pm – 11:09 pm,United Airlines,ICN‐EWR,19h19m,1,SFO,1464,20220405-0733,cheap
7:35 am – 3:50 pm +1,Korean Air,LGA‐ICN,19h15m,1,ATL,4:50 pm – 11:09 pm,United Airlines,ICN‐EWR,19h19m,1,SFO,1464,20220405-0733,cheap
6:44 am – 3:15 pm +1,American Airlines,LGA‐ICN,19h31m,1,DFW,5:25 pm – 11:30 pm,American Airlines,ICN‐LGA,19h05m,1,DFW,1485,20220405-0733,cheap
6:34 am – 3:15 pm +1,American Airlines,EWR‐ICN,19h41m,1,DFW,5:25 pm – 11:30 pm,American Airlines,ICN‐LGA,19h05m,1,DFW,1485,20220405-0733,cheap
7:30 am – 3:15 pm +1,Delta,JFK‐ICN,18h45m,1,SEA,12:30 pm – 8:23 pm,Delta,ICN‐JFK,20h53m,1,SEA,1565,20220405-0731,best
12:55 pm – 5:30 pm +1,Asiana Airlines,JFK‐ICN,15h35m,0,,9:50 am – 11:05 am,Asiana Airlines,ICN‐JFK,14h15m,0,,1649,20220405-0731,best
1:50 pm – 5:20 pm +1,Delta,JFK‐ICN,14h30m,0,,10:00 am – 11:20 am,Delta,ICN‐JFK,14h20m,0,,2000,20220405-0731,best
1:10 pm – 5:55 pm +1,Korean Air,JFK‐ICN,15h45m,0,,10:00 am – 11:20 am,Korean Air,ICN‐JFK,14h20m,0,,1931,20220405-0731,best
8:00 am – 3:50 pm +1,Korean Air,EWR‐ICN,18h50m,1,ATL,10:00 am – 11:20 am,Korean Air,ICN‐JFK,14h20m,0,,1769,20220405-0731,best
7:30 am – 3:15 pm +1,Korean Air,JFK‐ICN,18h45m,1,SEA,10:00 am – 11:20 am,Korean Air,ICN‐JFK,14h20m,0,,1769,20220405-0731,best
7:35 am – 3:50 pm +1,Korean Air,LGA‐ICN,19h15m,1,ATL,10:00 am – 11:20 am,Korean Air,ICN‐JFK,14h20m,0,,1769,20220405-0731,best
1:10 pm – 5:55 pm +1,Korean Air,JFK‐ICN,15h45m,0,,9:50 am – 11:05 am,Asiana Airlines,ICN‐JFK,14h15m,0,,2144,20220405-0731,best
10:00 am – 5:40 pm +1,Korean Air,LGA‐ICN,18h40m,1,BOS,10:00 am – 11:20 am,Korean Air,ICN‐JFK,14h20m,0,,1840,20220405-0731,best
9:45 am – 5:40 pm +1,Korean Air,JFK‐ICN,18h55m,1,BOS,10:00 am – 11:20 am,Korean Air,ICN‐JFK,14h20m,0,,1842,20220405-0731,best
7:00 am – 3:50 pm +1,Korean Air,EWR‐ICN,19h50m,1,ATL,10:00 am – 11:20 am,Korean Air,ICN‐JFK,14h20m,0,,1769,20220405-0731,best
7:35 am – 3:50 pm +1,Delta,LGA‐ICN,19h15m,1,ATL,10:00 am – 11:20 am,Delta,ICN‐JFK,14h20m,0,,1830,20220405-0731,best
1:50 pm – 5:20 pm +1,Delta,JFK‐ICN,14h30m,0,,12:30 pm – 8:23 pm,Delta,ICN‐JFK,20h53m,1,SEA,1735,20220405-0731,best
9:00 am – 5:40 pm +1,Korean Air,EWR‐ICN,19h40m,1,BOS,10:00 am – 11:20 am,Korean Air,ICN‐JFK,14h20m,0,,1842,20220405-0731,best
7:00 am – 3:50 pm +1,Delta,EWR‐ICN,19h50m,1,ATL,10:00 am – 11:20 am,Delta,ICN‐JFK,14h20m,0,,1830,20220405-0731,best
1:10 pm – 5:55 pm +1,Korean Air,JFK‐ICN,15h45m,0,,12:30 pm – 8:23 pm,Korean Air,ICN‐JFK,20h53m,1,SEA,1680,20220405-0731,best
1:50 pm – 5:20 pm +1,Delta,JFK‐ICN,14h30m,0,,9:50 am – 11:05 am,Asiana Airlines,ICN‐JFK,14h15m,0,,2444,20220405-0735,fast
1:50 pm – 5:20 pm +1,Delta,JFK‐ICN,14h30m,0,,10:00 am – 11:20 am,Delta,ICN‐JFK,14h20m,0,,2000,20220405-0735,fast
12:55 pm – 5:30 pm +1,Asiana Airlines,JFK‐ICN,15h35m,0,,9:50 am – 11:05 am,Asiana Airlines,ICN‐JFK,14h15m,0,,1649,20220405-0735,fast
12:55 pm – 5:30 pm +1,Asiana Airlines,JFK‐ICN,15h35m,0,,10:00 am – 11:20 am,Korean Air,ICN‐JFK,14h20m,0,,2317,20220405-0735,fast
1:10 pm – 5:55 pm +1,Korean Air,JFK‐ICN,15h45m,0,,9:50 am – 11:05 am,Asiana Airlines,ICN‐JFK,14h15m,0,,2144,20220405-0735,fast
1:10 pm – 5:55 pm +1,Korean Air,JFK‐ICN,15h45m,0,,10:00 am – 11:20 am,Korean Air,ICN‐JFK,14h20m,0,,1931,20220405-0735,fast
1:50 pm – 5:20 pm +1,Delta,JFK‐ICN,14h30m,0,,9:30 am – 1:25 pm,Korean Air,ICN‐LGA,16h55m,1,BOS,2826,20220405-0735,fast
12:55 pm – 5:30 pm +1,United Airlines,JFK‐ICN,15h35m,0,,5:25 pm – 9:00 pm,Air Canada,ICN‐EWR,16h35m,1,YYZ,5972,20220405-0735,fast
1:50 pm – 5:20 pm +1,Delta,JFK‐ICN,14h30m,0,,4:50 pm – 9:44 pm,United Airlines,ICN‐EWR,17h54m,1,SFO,1684,20220405-0735,fast
1:10 pm – 5:55 pm +1,Korean Air,JFK‐ICN,15h45m,0,,9:30 am – 1:25 pm,Korean Air,ICN‐LGA,16h55m,1,BOS,2060,20220405-0735,fast
10:00 am – 5:40 pm +1,Korean Air,LGA‐ICN,18h40m,1,BOS,10:00 am – 11:20 am,Korean Air,ICN‐JFK,14h20m,0,,1840,20220405-0735,fast
7:30 am – 3:15 pm +1,Korean Air,JFK‐ICN,18h45m,1,SEA,10:00 am – 11:20 am,Korean Air,ICN‐JFK,14h20m,0,,1769,20220405-0735,fast
8:00 am – 3:50 pm +1,Korean Air,EWR‐ICN,18h50m,1,ATL,9:50 am – 11:05 am,Asiana Airlines,ICN‐JFK,14h15m,0,,1996,20220405-0735,fast
8:00 am – 3:50 pm +1,Korean Air,EWR‐ICN,18h50m,1,ATL,10:00 am – 11:20 am,Korean Air,ICN‐JFK,14h20m,0,,1769,20220405-0735,fast
9:45 am – 5:40 pm +1,Korean Air,JFK‐ICN,18h55m,1,BOS,9:50 am – 11:05 am,Asiana Airlines,ICN‐JFK,14h15m,0,,2093,20220405-0735,fast
