Out Time,Out Airline,Out Cities,Out Duration,Out Stops,Out Stop Cities,Return Time,Return Airline,Return Cities,Return Duration,Return Stops,Return Stop Cities,Price,timestamp,sort
6:25 am – 4:00 pm +1,Air Canada,EWR‐ICN,20h35m,2,"YYZ, YVR",5:45 pm – 10:06 am +1,Air Canada,ICN‐LGA,29h21m,2,"YVR, YUL",1349,20220405-1736,cheap
6:25 am – 4:00 pm +1,Air Canada,EWR‐ICN,20h35m,2,"YYZ, YVR",5:45 pm – 7:56 am +1,Air Canada,ICN‐LGA,27h11m,2,"YVR, YYZ",1377,20220405-1736,cheap
6:25 am – 4:00 pm +1,Air Canada,EWR‐ICN,20h35m,2,"YYZ, YVR",5:45 pm – 7:56 am +1,Air Canada,ICN‐LGA,27h11m,2,"YVR, YYZ",1377,20220405-1736,cheap
6:25 am – 4:00 pm +1,Air Canada,EWR‐ICN,20h35m,2,"YYZ, YVR",5:45 pm – 7:56 am +1,Air Canada,ICN‐LGA,27h11m,2,"YVR, YYZ",1377,20220405-1736,cheap
6:25 am – 4:00 pm +1,Air Canada,EWR‐ICN,20h35m,2,"YYZ, YVR",6:40 pm – 10:01 pm,Air Canada,ICN‐LGA,16h21m,1,YYZ,1440,20220405-1736,cheap
6:25 am – 4:00 pm +1,Air Canada,EWR‐ICN,20h35m,2,"YYZ, YVR",6:40 pm – 10:31 pm,Air Canada,ICN‐EWR,16h51m,1,YYZ,1477,20220405-1736,cheap
6:25 am – 4:00 pm +1,Air Canada,EWR‐ICN,20h35m,2,"YYZ, YVR",4:40 pm – 12:53 am +1,United Airlines,ICN‐EWR,21h13m,1,SFO,1518,20220405-1736,cheap
1:55 pm – 5:20 pm +1,Asiana Airlines,JFK‐ICN,14h25m,0,,1:30 am – 10:45 pm,Qatar Airways,ICN‐JFK,34h15m,1,DOH,1530,20220405-1736,cheap
1:55 pm – 5:20 pm +1,Asiana Airlines,JFK‐ICN,14h25m,0,,4:40 pm – 12:53 am +1,United Airlines,ICN‐EWR,21h13m,1,SFO,1616,20220405-1736,cheap
9:00 pm – 4:00 pm +2,Air Canada,EWR‐ICN,30h00m,2,"YYZ, YVR",6:40 pm – 10:01 pm,Air Canada,ICN‐LGA,16h21m,1,YYZ,1667,20220405-1736,cheap
9:00 pm – 4:00 pm +2,Air Canada,EWR‐ICN,30h00m,2,"YYZ, YVR",6:40 pm – 10:01 pm,Air Canada,ICN‐LGA,16h21m,1,YYZ,1667,20220405-1736,cheap
1:55 pm – 5:20 pm +1,Asiana Airlines,JFK‐ICN,14h25m,0,,4:55 pm – 11:10 am +1,Singapore Airlines,ICN‐JFK,31h15m,2,"SIN, FRA",1689,20220405-1736,cheap
6:25 am – 3:50 pm +1,Korean Air,JFK‐ICN,20h25m,1,ATL,1:30 am – 2:55 pm,Qatar Airways,ICN‐JFK,26h25m,1,DOH,1690,20220405-1736,cheap
6:59 am – 3:50 pm +1,Korean Air,LGA‐ICN,19h51m,1,ATL,10:00 am – 11:20 am,Korean Air,ICN‐JFK,14h20m,0,,1695,20220405-1736,cheap
6:25 am – 4:00 pm +1,Air Canada,EWR‐ICN,20h35m,2,"YYZ, YVR",5:45 pm – 7:56 am +1,Air Canada,ICN‐LGA,27h11m,2,"YVR, YYZ",1695,20220405-1736,cheap
6:25 am – 4:00 pm +1,Air Canada,EWR‐ICN,20h35m,2,"YYZ, YVR",6:40 pm – 10:01 pm,Air Canada,ICN‐LGA,16h21m,1,YYZ,1440,20220405-1733,best
1:55 pm – 5:20 pm +1,Asiana Airlines,JFK‐ICN,14h25m,0,,10:20 am – 11:35 am,Asiana Airlines,ICN‐JFK,14h15m,0,,1826,20220405-1733,best
1:50 pm – 5:20 pm +1,Korean Air,JFK‐ICN,14h30m,0,,10:00 am – 11:20 am,Korean Air,ICN‐JFK,14h20m,0,,2135,20220405-1733,best
8:05 am – 3:50 pm +1,Korean Air,JFK‐ICN,18h45m,1,ATL,10:00 am – 11:20 am,Korean Air,ICN‐JFK,14h20m,0,,1697,20220405-1733,best
7:00 am – 3:50 pm +1,Korean Air,EWR‐ICN,19h50m,1,ATL,10:00 am – 11:20 am,Korean Air,ICN‐JFK,14h20m,0,,1697,20220405-1733,best
6:59 am – 3:50 pm +1,Korean Air,LGA‐ICN,19h51m,1,ATL,10:00 am – 11:20 am,Korean Air,ICN‐JFK,14h20m,0,,1695,20220405-1733,best
6:59 am – 3:50 pm +1,Korean Air,LGA‐ICN,19h51m,1,ATL,10:00 am – 11:20 am,Korean Air,ICN‐JFK,14h20m,0,,1697,20220405-1733,best
6:25 am – 3:50 pm +1,Korean Air,JFK‐ICN,20h25m,1,ATL,10:00 am – 11:20 am,Korean Air,ICN‐JFK,14h20m,0,,1697,20220405-1733,best
7:05 am – 3:15 pm +1,Korean Air,JFK‐ICN,19h10m,1,SEA,10:00 am – 11:20 am,Korean Air,ICN‐JFK,14h20m,0,,1839,20220405-1733,best
9:36 am – 4:30 pm +1,Korean Air,EWR‐ICN,17h54m,1,DTW,10:00 am – 11:20 am,Korean Air,ICN‐JFK,14h20m,0,,2018,20220405-1733,best
9:30 am – 4:30 pm +1,Korean Air,LGA‐ICN,18h00m,1,DTW,10:00 am – 11:20 am,Korean Air,ICN‐JFK,14h20m,0,,2018,20220405-1733,best
10:40 am – 5:10 pm +1,Air Canada,LGA‐ICN,17h30m,1,YYZ,6:40 pm – 10:01 pm,Air Canada,ICN‐LGA,16h21m,1,YYZ,1754,20220405-1733,best
10:40 am – 5:10 pm +1,Air Canada,LGA‐ICN,17h30m,1,YYZ,6:40 pm – 10:31 pm,Air Canada,ICN‐EWR,16h51m,1,YYZ,1782,20220405-1733,best
1:50 pm – 5:20 pm +1,Korean Air,JFK‐ICN,14h30m,0,,10:20 am – 11:35 am,Asiana Airlines,ICN‐JFK,14h15m,0,,2683,20220405-1733,best
8:05 am – 3:50 pm +1,Korean Air,JFK‐ICN,18h45m,1,ATL,10:20 am – 11:35 am,Asiana Airlines,ICN‐JFK,14h15m,0,,2106,20220405-1733,best
6:25 am – 4:00 pm +1,Air Canada,EWR‐ICN,20h35m,2,"YYZ, YVR",6:40 pm – 10:01 pm,Air Canada,ICN‐LGA,16h21m,1,YYZ,1440,20220405-1733,best
1:55 pm – 5:20 pm +1,Asiana Airlines,JFK‐ICN,14h25m,0,,10:20 am – 11:35 am,Asiana Airlines,ICN‐JFK,14h15m,0,,1826,20220405-1738,fast
1:55 pm – 5:20 pm +1,Asiana Airlines,JFK‐ICN,14h25m,0,,10:00 am – 11:20 am,Korean Air,ICN‐JFK,14h20m,0,,1995,20220405-1738,fast
1:50 pm – 5:20 pm +1,Korean Air,JFK‐ICN,14h30m,0,,10:20 am – 11:35 am,Asiana Airlines,ICN‐JFK,14h15m,0,,2683,20220405-1738,fast
1:50 pm – 5:20 pm +1,Korean Air,JFK‐ICN,14h30m,0,,10:00 am – 11:20 am,Korean Air,ICN‐JFK,14h20m,0,,2135,20220405-1738,fast
1:50 pm – 5:20 pm +1,Korean Air,JFK‐ICN,14h30m,0,,6:40 pm – 11:23 pm,Korean Air,ICN‐EWR,17h43m,1,ATL,2743,20220405-1738,fast
9:36 am – 4:30 pm +1,Korean Air,EWR‐ICN,17h54m,1,DTW,10:00 am – 11:20 am,Korean Air,ICN‐JFK,14h20m,0,,2018,20220405-1738,fast
9:30 am – 4:30 pm +1,Korean Air,LGA‐ICN,18h00m,1,DTW,10:00 am – 11:20 am,Korean Air,ICN‐JFK,14h20m,0,,2018,20220405-1738,fast
1:55 pm – 5:20 pm +1,Asiana Airlines,JFK‐ICN,14h25m,0,,8:40 pm – 1:58 am +1,Asiana Airlines,ICN‐EWR,18h18m,1,SFO,3389,20220405-1738,fast
1:55 pm – 5:20 pm +1,Asiana Airlines,JFK‐ICN,14h25m,0,,6:40 pm – 11:59 pm,"Korean Air, Delta",ICN‐JFK,18h19m,1,ATL,2214,20220405-1738,fast
1:50 pm – 5:20 pm +1,Korean Air,JFK‐ICN,14h30m,0,,9:20 am – 2:36 pm,Korean Air,ICN‐JFK,18h16m,1,ATL,2743,20220405-1738,fast
1:50 pm – 5:20 pm +1,Korean Air,JFK‐ICN,14h30m,0,,6:40 pm – 11:58 pm,Korean Air,ICN‐LGA,18h18m,1,ATL,2564,20220405-1738,fast
1:50 pm – 5:20 pm +1,Korean Air,JFK‐ICN,14h30m,0,,6:40 pm – 11:59 pm,Korean Air,ICN‐JFK,18h19m,1,ATL,2743,20220405-1738,fast
1:55 pm – 5:20 pm +1,United Airlines,JFK‐ICN,14h25m,0,,4:40 pm – 10:08 pm,United Airlines,ICN‐EWR,18h28m,1,SFO,4431,20220405-1738,fast
8:45 am – 4:20 pm +1,Korean Air,EWR‐ICN,18h35m,1,ATL,10:00 am – 11:20 am,Korean Air,ICN‐JFK,14h20m,0,,2164,20220405-1738,fast
8:05 am – 3:50 pm +1,Korean Air,JFK‐ICN,18h45m,1,ATL,10:20 am – 11:35 am,Asiana Airlines,ICN‐JFK,14h15m,0,,2106,20220405-1738,fast
