Out Time,Out Airline,Out Cities,Out Duration,Out Stops,Out Stop Cities,Return Time,Return Airline,Return Cities,Return Duration,Return Stops,Return Stop Cities,Price,timestamp,sort
5:25 pm – 5:10 pm +3,Air Canada,LGA‐ICN,58h45m,2,"YUL, YTZ-YYZ",6:40 pm – 11:47 am +1,Air Canada,ICN‐EWR,30h07m,2,"YYZ-YTZ, YUL",1195,20220405-1201,cheap
6:00 am – 4:15 pm +1,Air Canada,EWR‐ICN,21h15m,2,"YUL, YVR",6:40 pm – 10:01 pm,Air Canada,ICN‐EWR,16h21m,1,YYZ,1270,20220405-1201,cheap
6:00 am – 4:15 pm +1,Air Canada,EWR‐ICN,21h15m,2,"YUL, YVR",6:40 pm – 10:00 pm,Air Canada,ICN‐LGA,16h20m,1,YYZ,1274,20220405-1201,cheap
6:25 am – 4:15 pm +1,Air Canada,EWR‐ICN,20h50m,2,"YYZ, YVR",6:40 pm – 10:01 pm,Air Canada,ICN‐EWR,16h21m,1,YYZ,1276,20220405-1201,cheap
6:25 am – 4:15 pm +1,Air Canada,EWR‐ICN,20h50m,2,"YYZ, YVR",6:40 pm – 10:00 pm,Air Canada,ICN‐LGA,16h20m,1,YYZ,1280,20220405-1201,cheap
1:55 pm – 5:20 pm +1,Asiana Airlines,JFK‐ICN,14h25m,0,,4:50 pm – 5:12 am +1,United Airlines,ICN‐EWR,25h22m,1,SFO,1306,20220405-1201,cheap
9:29 pm – 5:10 pm +2,Air Canada,EWR‐ICN,30h41m,2,"YQB, YYZ",6:40 pm – 10:01 pm,Air Canada,ICN‐EWR,16h21m,1,YYZ,1307,20220405-1201,cheap
9:29 pm – 5:10 pm +2,Air Canada,EWR‐ICN,30h41m,2,"YQB, YYZ",6:40 pm – 10:01 pm,Air Canada,ICN‐EWR,16h21m,1,YYZ,1307,20220405-1201,cheap
9:29 pm – 5:10 pm +2,Air Canada,EWR‐ICN,30h41m,2,"YQB, YYZ",6:40 pm – 10:01 pm,Air Canada,ICN‐EWR,16h21m,1,YYZ,1307,20220405-1201,cheap
8:58 pm – 5:10 pm +2,Air Canada,EWR‐ICN,31h12m,1,YYZ,6:40 pm – 10:01 pm,Air Canada,ICN‐EWR,16h21m,1,YYZ,1307,20220405-1201,cheap
9:29 pm – 5:10 pm +2,Air Canada,EWR‐ICN,30h41m,2,"YQB, YYZ",6:40 pm – 10:00 pm,Air Canada,ICN‐LGA,16h20m,1,YYZ,1311,20220405-1201,cheap
9:29 pm – 5:10 pm +2,Air Canada,EWR‐ICN,30h41m,2,"YQB, YYZ",6:40 pm – 10:00 pm,Air Canada,ICN‐LGA,16h20m,1,YYZ,1311,20220405-1201,cheap
9:29 pm – 5:10 pm +2,Air Canada,EWR‐ICN,30h41m,2,"YQB, YYZ",6:40 pm – 10:00 pm,Air Canada,ICN‐LGA,16h20m,1,YYZ,1311,20220405-1201,cheap
8:58 pm – 5:10 pm +2,Air Canada,EWR‐ICN,31h12m,1,YYZ,6:40 pm – 10:00 pm,Air Canada,ICN‐LGA,16h20m,1,YYZ,1311,20220405-1201,cheap
8:30 pm – 5:10 pm +2,Air Canada,LGA‐ICN,31h40m,1,YYZ,6:40 pm – 10:01 pm,Air Canada,ICN‐EWR,16h21m,1,YYZ,1365,20220405-1201,cheap
6:25 am – 4:15 pm +1,Air Canada,EWR‐ICN,20h50m,2,"YYZ, YVR",6:40 pm – 9:57 pm,Air Canada,ICN‐LGA,16h17m,1,YYZ,1394,20220405-1158,best
6:25 am – 4:15 pm +1,Air Canada,EWR‐ICN,20h50m,2,"YYZ, YVR",6:40 pm – 10:01 pm,Air Canada,ICN‐EWR,16h21m,1,YYZ,1276,20220405-1158,best
6:25 am – 4:15 pm +1,Air Canada,EWR‐ICN,20h50m,2,"YYZ, YVR",6:40 pm – 10:00 pm,Air Canada,ICN‐LGA,16h20m,1,YYZ,1280,20220405-1158,best
6:00 am – 4:15 pm +1,Air Canada,EWR‐ICN,21h15m,2,"YUL, YVR",6:40 pm – 10:01 pm,Air Canada,ICN‐EWR,16h21m,1,YYZ,1270,20220405-1158,best
6:00 am – 4:15 pm +1,Air Canada,EWR‐ICN,21h15m,2,"YUL, YVR",6:40 pm – 10:00 pm,Air Canada,ICN‐LGA,16h20m,1,YYZ,1274,20220405-1158,best
1:50 pm – 5:20 pm +1,Korean Air,JFK‐ICN,14h30m,0,,10:00 am – 11:20 am,Korean Air,ICN‐JFK,14h20m,0,,2270,20220405-1158,best
6:30 am – 2:55 pm +1,United Airlines,JFK‐ICN,19h25m,1,SFO,4:50 pm – 9:49 pm,United Airlines,ICN‐EWR,17h59m,1,SFO,1604,20220405-1158,best
6:29 am – 2:55 pm +1,United Airlines,EWR‐ICN,19h26m,1,SFO,4:50 pm – 9:49 pm,United Airlines,ICN‐EWR,17h59m,1,SFO,1604,20220405-1158,best
1:50 pm – 5:20 pm +1,Korean Air,JFK‐ICN,14h30m,0,,10:45 am – 3:45 pm,Korean Air,ICN‐EWR,18h00m,1,DTW,2202,20220405-1158,best
1:50 pm – 5:20 pm +1,Korean Air,JFK‐ICN,14h30m,0,,10:20 am – 11:35 am,Asiana Airlines,ICN‐JFK,14h15m,0,,2599,20220405-1158,best
1:50 pm – 5:20 pm +1,Korean Air,JFK‐ICN,14h30m,0,,10:45 am – 5:42 pm,Korean Air,ICN‐LGA,19h57m,1,DTW,2115,20220405-1158,best
6:30 am – 2:55 pm +1,United Airlines,JFK‐ICN,19h25m,1,SFO,4:50 pm – 12:49 am +1,United Airlines,ICN‐EWR,20h59m,1,SFO,1604,20220405-1158,best
6:29 am – 2:55 pm +1,United Airlines,EWR‐ICN,19h26m,1,SFO,4:50 pm – 12:49 am +1,United Airlines,ICN‐EWR,20h59m,1,SFO,1604,20220405-1158,best
1:55 pm – 5:20 pm +1,Asiana Airlines,JFK‐ICN,14h25m,0,,1:30 am – 2:55 pm,Qatar Airways,ICN‐JFK,26h25m,1,DOH,1608,20220405-1158,best
1:55 pm – 5:20 pm +1,Asiana Airlines,JFK‐ICN,14h25m,0,,2:40 pm – 8:53 pm,Asiana Airlines,ICN‐EWR,19h13m,1,LAX,2270,20220405-1158,best
7:05 am – 5:50 pm +1,Korean Air,JFK‐ICN,21h45m,1,LAX,10:00 am – 11:20 am,Korean Air,ICN‐JFK,14h20m,0,,2078,20220405-1158,best
1:55 pm – 5:20 pm +1,Asiana Airlines,JFK‐ICN,14h25m,0,,10:20 am – 11:35 am,Asiana Airlines,ICN‐JFK,14h15m,0,,1863,20220405-1203,fast
1:55 pm – 5:20 pm +1,Asiana Airlines,JFK‐ICN,14h25m,0,,10:00 am – 11:20 am,Korean Air,ICN‐JFK,14h20m,0,,2074,20220405-1203,fast
1:50 pm – 5:20 pm +1,Korean Air,JFK‐ICN,14h30m,0,,10:20 am – 11:35 am,Asiana Airlines,ICN‐JFK,14h15m,0,,2599,20220405-1203,fast
1:50 pm – 5:20 pm +1,Korean Air,JFK‐ICN,14h30m,0,,10:00 am – 11:20 am,Korean Air,ICN‐JFK,14h20m,0,,2270,20220405-1203,fast
1:55 pm – 5:20 pm +1,Asiana Airlines,JFK‐ICN,14h25m,0,,6:40 pm – 10:00 pm,Air Canada,ICN‐LGA,16h20m,1,YYZ,1882,20220405-1203,fast
1:55 pm – 5:20 pm +1,Asiana Airlines,JFK‐ICN,14h25m,0,,6:40 pm – 10:01 pm,Air Canada,ICN‐EWR,16h21m,1,YYZ,1882,20220405-1203,fast
1:50 pm – 5:20 pm +1,Delta,JFK‐ICN,14h30m,0,,6:40 pm – 10:00 pm,Air Canada,ICN‐LGA,16h20m,1,YYZ,2716,20220405-1203,fast
1:50 pm – 5:20 pm +1,Delta,JFK‐ICN,14h30m,0,,6:40 pm – 10:01 pm,Air Canada,ICN‐EWR,16h21m,1,YYZ,2716,20220405-1203,fast
9:59 am – 4:30 pm +1,"Delta, Korean Air",LGA‐ICN,17h31m,1,DTW,10:20 am – 11:35 am,Asiana Airlines,ICN‐JFK,14h15m,0,,2866,20220405-1203,fast
9:59 am – 4:30 pm +1,Korean Air,LGA‐ICN,17h31m,1,DTW,10:00 am – 11:20 am,Korean Air,ICN‐JFK,14h20m,0,,2410,20220405-1203,fast
9:30 am – 4:30 pm +1,"Delta, Korean Air",EWR‐ICN,18h00m,1,DTW,10:20 am – 11:35 am,Asiana Airlines,ICN‐JFK,14h15m,0,,2866,20220405-1203,fast
9:30 am – 4:30 pm +1,Korean Air,EWR‐ICN,18h00m,1,DTW,10:00 am – 11:20 am,Korean Air,ICN‐JFK,14h20m,0,,2410,20220405-1203,fast
1:55 pm – 5:20 pm +1,United Airlines,JFK‐ICN,14h25m,0,,4:50 pm – 9:49 pm,United Airlines,ICN‐EWR,17h59m,1,SFO,4162,20220405-1203,fast
1:55 pm – 5:20 pm +1,Asiana Airlines,JFK‐ICN,14h25m,0,,10:45 am – 3:45 pm,Korean Air,ICN‐EWR,18h00m,1,DTW,1943,20220405-1203,fast
1:50 pm – 5:20 pm +1,Korean Air,JFK‐ICN,14h30m,0,,4:50 pm – 9:49 pm,United Airlines,ICN‐EWR,17h59m,1,SFO,2102,20220405-1203,fast
