Out Time,Out Airline,Out Cities,Out Duration,Out Stops,Out Stop Cities,Return Time,Return Airline,Return Cities,Return Duration,Return Stops,Return Stop Cities,Price,timestamp,sort
7:55 pm – 4:15 pm +3,Air Canada,EWR‐ICN,55h20m,2,"YUL, YVR",6:40 pm – 11:47 am +1,Air Canada,ICN‐EWR,30h07m,2,"YYZ-YTZ, YUL",1100,20220405-1051,cheap
6:00 am – 4:15 pm +1,Air Canada,EWR‐ICN,21h15m,2,"YUL, YVR",6:40 pm – 10:01 pm,Air Canada,ICN‐EWR,16h21m,1,YYZ,1309,20220405-1051,cheap
6:25 am – 4:15 pm +1,Air Canada,EWR‐ICN,20h50m,2,"YYZ, YVR",6:40 pm – 10:01 pm,Air Canada,ICN‐EWR,16h21m,1,YYZ,1315,20220405-1051,cheap
6:25 am – 4:15 pm +1,Air Canada,EWR‐ICN,20h50m,2,"YYZ, YVR",6:40 pm – 10:01 pm,Air Canada,ICN‐EWR,16h21m,1,YYZ,1315,20220405-1051,cheap
7:00 am – 4:15 pm +1,Air Canada,LGA‐ICN,20h15m,2,"YYZ, YVR",6:40 pm – 10:01 pm,Air Canada,ICN‐EWR,16h21m,1,YYZ,1319,20220405-1051,cheap
8:58 pm – 5:10 pm +2,Air Canada,EWR‐ICN,31h12m,1,YYZ,6:40 pm – 10:01 pm,Air Canada,ICN‐EWR,16h21m,1,YYZ,1348,20220405-1051,cheap
7:51 pm – 5:10 pm +2,Air Canada,EWR‐ICN,32h19m,1,YYZ,6:40 pm – 10:01 pm,Air Canada,ICN‐EWR,16h21m,1,YYZ,1348,20220405-1051,cheap
6:00 am – 4:15 pm +1,Air Canada,EWR‐ICN,21h15m,2,"YUL, YVR",6:40 pm – 9:57 pm,Air Canada,ICN‐LGA,16h17m,1,YYZ,1417,20220405-1051,cheap
6:25 am – 4:15 pm +1,Air Canada,EWR‐ICN,20h50m,2,"YYZ, YVR",6:40 pm – 9:57 pm,Air Canada,ICN‐LGA,16h17m,1,YYZ,1423,20220405-1051,cheap
6:25 am – 4:15 pm +1,Air Canada,EWR‐ICN,20h50m,2,"YYZ, YVR",6:40 pm – 9:57 pm,Air Canada,ICN‐LGA,16h17m,1,YYZ,1423,20220405-1051,cheap
7:00 am – 4:15 pm +1,Air Canada,LGA‐ICN,20h15m,2,"YYZ, YVR",6:40 pm – 9:57 pm,Air Canada,ICN‐LGA,16h17m,1,YYZ,1427,20220405-1051,cheap
8:30 pm – 5:10 pm +2,Air Canada,LGA‐ICN,31h40m,1,YYZ,6:40 pm – 10:01 pm,Air Canada,ICN‐EWR,16h21m,1,YYZ,1457,20220405-1051,cheap
8:30 pm – 5:10 pm +2,Air Canada,LGA‐ICN,31h40m,1,YYZ,6:40 pm – 9:57 pm,Air Canada,ICN‐LGA,16h17m,1,YYZ,1503,20220405-1051,cheap
10:21 pm – 2:55 pm +2,United Airlines,EWR‐ICN,27h34m,2,"ORD, SFO",4:50 pm – 9:49 pm,United Airlines,ICN‐EWR,17h59m,1,SFO,1570,20220405-1051,cheap
10:21 pm – 2:55 pm +2,United Airlines,EWR‐ICN,27h34m,2,"ORD, SFO",4:50 pm – 12:49 am +1,United Airlines,ICN‐EWR,20h59m,1,SFO,1570,20220405-1051,cheap
1:55 pm – 5:20 pm +1,Asiana Airlines,JFK‐ICN,14h25m,0,,10:20 am – 11:35 am,Asiana Airlines,ICN‐JFK,14h15m,0,,1961,20220405-1048,best
7:00 am – 4:15 pm +1,Air Canada,LGA‐ICN,20h15m,2,"YYZ, YVR",6:40 pm – 10:01 pm,Air Canada,ICN‐EWR,16h21m,1,YYZ,1319,20220405-1048,best
6:25 am – 4:15 pm +1,Air Canada,EWR‐ICN,20h50m,2,"YYZ, YVR",6:40 pm – 10:01 pm,Air Canada,ICN‐EWR,16h21m,1,YYZ,1315,20220405-1048,best
6:25 am – 4:15 pm +1,Air Canada,EWR‐ICN,20h50m,2,"YYZ, YVR",6:40 pm – 10:01 pm,Air Canada,ICN‐EWR,16h21m,1,YYZ,1315,20220405-1048,best
6:00 am – 4:15 pm +1,Air Canada,EWR‐ICN,21h15m,2,"YUL, YVR",6:40 pm – 10:01 pm,Air Canada,ICN‐EWR,16h21m,1,YYZ,1309,20220405-1048,best
7:00 am – 4:15 pm +1,Air Canada,LGA‐ICN,20h15m,2,"YYZ, YVR",6:40 pm – 9:57 pm,Air Canada,ICN‐LGA,16h17m,1,YYZ,1427,20220405-1048,best
6:25 am – 4:15 pm +1,Air Canada,EWR‐ICN,20h50m,2,"YYZ, YVR",6:40 pm – 9:57 pm,Air Canada,ICN‐LGA,16h17m,1,YYZ,1423,20220405-1048,best
6:25 am – 4:15 pm +1,Air Canada,EWR‐ICN,20h50m,2,"YYZ, YVR",6:40 pm – 9:57 pm,Air Canada,ICN‐LGA,16h17m,1,YYZ,1423,20220405-1048,best
6:00 am – 4:15 pm +1,Air Canada,EWR‐ICN,21h15m,2,"YUL, YVR",6:40 pm – 9:57 pm,Air Canada,ICN‐LGA,16h17m,1,YYZ,1417,20220405-1048,best
1:50 pm – 5:20 pm +1,Korean Air,JFK‐ICN,14h30m,0,,10:00 am – 11:20 am,Korean Air,ICN‐JFK,14h20m,0,,2148,20220405-1048,best
1:50 pm – 5:20 pm +1,Korean Air,JFK‐ICN,14h30m,0,,1:55 pm – 8:24 pm,Korean Air,ICN‐JFK,19h29m,1,SEA,1917,20220405-1048,best
1:50 pm – 5:20 pm +1,Korean Air,JFK‐ICN,14h30m,0,,10:20 am – 11:35 am,Asiana Airlines,ICN‐JFK,14h15m,0,,2233,20220405-1048,best
9:59 am – 4:30 pm +1,Korean Air,LGA‐ICN,17h31m,1,DTW,10:00 am – 11:20 am,Korean Air,ICN‐JFK,14h20m,0,,2079,20220405-1048,best
9:30 am – 4:30 pm +1,Korean Air,EWR‐ICN,18h00m,1,DTW,10:00 am – 11:20 am,Korean Air,ICN‐JFK,14h20m,0,,2079,20220405-1048,best
6:30 am – 2:55 pm +1,United Airlines,JFK‐ICN,19h25m,1,SFO,4:50 pm – 9:49 pm,United Airlines,ICN‐EWR,17h59m,1,SFO,1691,20220405-1048,best
1:55 pm – 5:20 pm +1,Asiana Airlines,JFK‐ICN,14h25m,0,,10:20 am – 11:35 am,Asiana Airlines,ICN‐JFK,14h15m,0,,1961,20220405-1053,fast
1:50 pm – 5:20 pm +1,Korean Air,JFK‐ICN,14h30m,0,,10:20 am – 11:35 am,Asiana Airlines,ICN‐JFK,14h15m,0,,2233,20220405-1053,fast
1:55 pm – 5:20 pm +1,Asiana Airlines,JFK‐ICN,14h25m,0,,10:00 am – 11:20 am,Korean Air,ICN‐JFK,14h20m,0,,2543,20220405-1053,fast
1:50 pm – 5:20 pm +1,Korean Air,JFK‐ICN,14h30m,0,,10:00 am – 11:20 am,Korean Air,ICN‐JFK,14h20m,0,,2148,20220405-1053,fast
9:59 am – 4:30 pm +1,"Delta, Korean Air",LGA‐ICN,17h31m,1,DTW,10:20 am – 11:35 am,Asiana Airlines,ICN‐JFK,14h15m,0,,2277,20220405-1053,fast
9:59 am – 4:30 pm +1,Korean Air,LGA‐ICN,17h31m,1,DTW,10:00 am – 11:20 am,Korean Air,ICN‐JFK,14h20m,0,,2079,20220405-1053,fast
9:30 am – 4:30 pm +1,"Delta, Korean Air",EWR‐ICN,18h00m,1,DTW,10:20 am – 11:35 am,Asiana Airlines,ICN‐JFK,14h15m,0,,2277,20220405-1053,fast
9:30 am – 4:30 pm +1,Korean Air,EWR‐ICN,18h00m,1,DTW,10:00 am – 11:20 am,Korean Air,ICN‐JFK,14h20m,0,,2079,20220405-1053,fast
1:55 pm – 5:20 pm +1,United Airlines,JFK‐ICN,14h25m,0,,4:50 pm – 9:49 pm,United Airlines,ICN‐EWR,17h59m,1,SFO,3887,20220405-1053,fast
9:15 am – 4:30 pm +1,Delta,JFK‐ICN,18h15m,1,DTW,10:00 am – 11:20 am,Delta,ICN‐JFK,14h20m,0,,2255,20220405-1053,fast
1:55 pm – 5:20 pm +1,Asiana Airlines,JFK‐ICN,14h25m,0,,9:20 am – 2:41 pm,"Korean Air, American Airlines",ICN‐LGA,18h21m,1,ATL,2803,20220405-1053,fast
1:50 pm – 5:20 pm +1,Korean Air,JFK‐ICN,14h30m,0,,9:20 am – 2:41 pm,"Korean Air, American Airlines",ICN‐LGA,18h21m,1,ATL,2842,20220405-1053,fast
8:00 am – 3:50 pm +1,"Delta, Korean Air",EWR‐ICN,18h50m,1,ATL,10:20 am – 11:35 am,Asiana Airlines,ICN‐JFK,14h15m,0,,2407,20220405-1053,fast
1:50 pm – 5:20 pm +1,Delta,JFK‐ICN,14h30m,0,,9:20 am – 2:59 pm,Delta,ICN‐LGA,18h39m,1,ATL,2510,20220405-1053,fast
1:50 pm – 5:20 pm +1,Korean Air,JFK‐ICN,14h30m,0,,9:20 am – 3:00 pm,Korean Air,ICN‐JFK,18h40m,1,ATL,2418,20220405-1053,fast
