Out Time,Out Airline,Out Cities,Out Duration,Out Stops,Out Stop Cities,Return Time,Return Airline,Return Cities,Return Duration,Return Stops,Return Stop Cities,Price,timestamp,sort
11:50 pm – 6:10 pm +2,Turkish Airlines,EWR‐ICN,29h20m,1,IST,11:45 pm – 10:15 pm +1,Turkish Airlines,ICN‐JFK,35h30m,1,IST,1058,20220405-0703,cheap
9:40 am – 4:30 pm +1,Delta,LGA‐ICN,17h50m,1,DTW,10:45 am – 2:18 pm,Delta,ICN‐LGA,16h33m,1,DTW,1232,20220405-0703,cheap
9:40 am – 4:30 pm +1,Delta,LGA‐ICN,17h50m,1,DTW,6:40 pm – 11:52 pm,Delta,ICN‐LGA,18h12m,1,ATL,1232,20220405-0703,cheap
9:40 am – 4:30 pm +1,Delta,LGA‐ICN,17h50m,1,DTW,10:45 am – 4:57 pm,Delta,ICN‐LGA,19h12m,1,DTW,1232,20220405-0703,cheap
6:00 am – 4:30 pm +1,Delta,LGA‐ICN,21h30m,1,DTW,10:45 am – 2:18 pm,Delta,ICN‐LGA,16h33m,1,DTW,1232,20220405-0703,cheap
6:00 am – 4:30 pm +1,Delta,LGA‐ICN,21h30m,1,DTW,6:40 pm – 11:52 pm,Delta,ICN‐LGA,18h12m,1,ATL,1232,20220405-0703,cheap
9:40 am – 4:30 pm +1,Delta,LGA‐ICN,17h50m,1,DTW,10:45 am – 7:54 pm,Delta,ICN‐LGA,22h09m,1,DTW,1232,20220405-0703,cheap
6:00 am – 4:30 pm +1,Delta,LGA‐ICN,21h30m,1,DTW,10:45 am – 4:57 pm,Delta,ICN‐LGA,19h12m,1,DTW,1232,20220405-0703,cheap
6:00 am – 4:30 pm +1,Delta,LGA‐ICN,21h30m,1,DTW,10:45 am – 7:54 pm,Delta,ICN‐LGA,22h09m,1,DTW,1232,20220405-0703,cheap
9:40 am – 4:30 pm +1,Delta,LGA‐ICN,17h50m,1,DTW,10:45 am – 11:55 pm,Delta,ICN‐LGA,26h10m,1,DTW,1232,20220405-0703,cheap
9:40 am – 4:30 pm +1,Delta,LGA‐ICN,17h50m,1,DTW,6:40 pm – 8:19 am +1,Delta,ICN‐LGA,26h39m,1,ATL,1232,20220405-0703,cheap
9:40 am – 4:30 pm +1,Delta,LGA‐ICN,17h50m,1,DTW,6:40 pm – 9:19 am +1,Delta,ICN‐LGA,27h39m,1,ATL,1232,20220405-0703,cheap
8:59 pm – 3:50 pm +2,Delta,LGA‐ICN,29h51m,1,ATL,10:45 am – 2:18 pm,Delta,ICN‐LGA,16h33m,1,DTW,1232,20220405-0703,cheap
6:00 am – 4:30 pm +1,Delta,LGA‐ICN,21h30m,1,DTW,10:45 am – 11:55 pm,Delta,ICN‐LGA,26h10m,1,DTW,1232,20220405-0703,cheap
8:59 pm – 3:50 pm +2,Delta,LGA‐ICN,29h51m,1,ATL,6:40 pm – 11:52 pm,Delta,ICN‐LGA,18h12m,1,ATL,1232,20220405-0703,cheap
9:40 am – 4:30 pm +1,Delta,LGA‐ICN,17h50m,1,DTW,10:45 am – 2:18 pm,Delta,ICN‐LGA,16h33m,1,DTW,1232,20220405-0700,best
12:55 pm – 5:30 pm +1,Asiana Airlines,JFK‐ICN,15h35m,0,,9:50 am – 11:05 am,Asiana Airlines,ICN‐JFK,14h15m,0,,1521,20220405-0700,best
9:40 am – 4:30 pm +1,Delta,LGA‐ICN,17h50m,1,DTW,10:45 am – 2:18 pm,Delta,ICN‐LGA,16h33m,1,DTW,1232,20220405-0700,best
9:40 am – 4:30 pm +1,Delta,LGA‐ICN,17h50m,1,DTW,6:40 pm – 11:52 pm,Delta,ICN‐LGA,18h12m,1,ATL,1232,20220405-0700,best
9:40 am – 4:30 pm +1,Delta,LGA‐ICN,17h50m,1,DTW,10:45 am – 4:57 pm,Delta,ICN‐LGA,19h12m,1,DTW,1232,20220405-0700,best
9:30 am – 4:30 pm +1,Korean Air,EWR‐ICN,18h00m,1,DTW,10:45 am – 2:18 pm,Korean Air,ICN‐LGA,16h33m,1,DTW,1360,20220405-0700,best
9:15 am – 4:30 pm +1,Delta,JFK‐ICN,18h15m,1,DTW,10:45 am – 2:18 pm,Delta,ICN‐LGA,16h33m,1,DTW,1399,20220405-0700,best
6:00 am – 4:30 pm +1,Delta,LGA‐ICN,21h30m,1,DTW,10:45 am – 2:18 pm,Delta,ICN‐LGA,16h33m,1,DTW,1232,20220405-0700,best
9:40 am – 4:30 pm +1,Delta,LGA‐ICN,17h50m,1,DTW,6:40 pm – 11:02 pm,Delta,ICN‐EWR,17h22m,1,ATL,1399,20220405-0700,best
9:40 am – 4:30 pm +1,Delta,LGA‐ICN,17h50m,1,DTW,6:40 pm – 11:36 pm,Delta,ICN‐JFK,17h56m,1,ATL,1399,20220405-0700,best
6:44 am – 3:15 pm +1,American Airlines,LGA‐ICN,19h31m,1,DFW,5:25 pm – 10:00 pm,American Airlines,ICN‐EWR,17h35m,1,DFW,1330,20220405-0700,best
6:44 am – 3:15 pm +1,American Airlines,LGA‐ICN,19h31m,1,DFW,5:25 pm – 10:10 pm,American Airlines,ICN‐LGA,17h45m,1,DFW,1330,20220405-0700,best
6:34 am – 3:15 pm +1,American Airlines,EWR‐ICN,19h41m,1,DFW,5:25 pm – 10:00 pm,American Airlines,ICN‐EWR,17h35m,1,DFW,1330,20220405-0700,best
6:30 am – 3:15 pm +1,American Airlines,JFK‐ICN,19h45m,1,DFW,5:25 pm – 10:00 pm,American Airlines,ICN‐EWR,17h35m,1,DFW,1330,20220405-0700,best
9:30 am – 4:30 pm +1,Delta,EWR‐ICN,18h00m,1,DTW,6:40 pm – 11:52 pm,Delta,ICN‐LGA,18h12m,1,ATL,1399,20220405-0700,best
6:34 am – 3:15 pm +1,American Airlines,EWR‐ICN,19h41m,1,DFW,5:25 pm – 10:10 pm,American Airlines,ICN‐LGA,17h45m,1,DFW,1330,20220405-0700,best
1:50 pm – 5:20 pm +1,Delta,JFK‐ICN,14h30m,0,,9:50 am – 11:05 am,Asiana Airlines,ICN‐JFK,14h15m,0,,2100,20220405-0705,fast
1:50 pm – 5:20 pm +1,Delta,JFK‐ICN,14h30m,0,,10:00 am – 11:20 am,Delta,ICN‐JFK,14h20m,0,,1900,20220405-0705,fast
12:55 pm – 5:30 pm +1,Asiana Airlines,JFK‐ICN,15h35m,0,,9:50 am – 11:05 am,Asiana Airlines,ICN‐JFK,14h15m,0,,1521,20220405-0705,fast
12:55 pm – 5:30 pm +1,Asiana Airlines,JFK‐ICN,15h35m,0,,10:00 am – 11:20 am,Korean Air,ICN‐JFK,14h20m,0,,2096,20220405-0705,fast
1:10 pm – 5:55 pm +1,Korean Air,JFK‐ICN,15h45m,0,,9:50 am – 11:05 am,Asiana Airlines,ICN‐JFK,14h15m,0,,1997,20220405-0705,fast
1:10 pm – 5:55 pm +1,Korean Air,JFK‐ICN,15h45m,0,,10:00 am – 11:20 am,Korean Air,ICN‐JFK,14h20m,0,,1836,20220405-0705,fast
1:50 pm – 5:20 pm +1,Delta,JFK‐ICN,14h30m,0,,10:45 am – 2:18 pm,Korean Air,ICN‐LGA,16h33m,1,DTW,2244,20220405-0705,fast
1:50 pm – 5:20 pm +1,Delta,JFK‐ICN,14h30m,0,,6:40 pm – 11:02 pm,Korean Air,ICN‐EWR,17h22m,1,ATL,2240,20220405-0705,fast
9:40 am – 4:30 pm +1,Korean Air,LGA‐ICN,17h50m,1,DTW,9:50 am – 11:05 am,Asiana Airlines,ICN‐JFK,14h15m,0,,1860,20220405-0705,fast
9:40 am – 4:30 pm +1,Korean Air,LGA‐ICN,17h50m,1,DTW,10:00 am – 11:20 am,Korean Air,ICN‐JFK,14h20m,0,,1674,20220405-0705,fast
9:30 am – 4:30 pm +1,Korean Air,EWR‐ICN,18h00m,1,DTW,9:50 am – 11:05 am,Asiana Airlines,ICN‐JFK,14h15m,0,,1880,20220405-0705,fast
1:10 pm – 5:55 pm +1,Korean Air,JFK‐ICN,15h45m,0,,10:45 am – 2:18 pm,Delta,ICN‐LGA,16h33m,1,DTW,1647,20220405-0705,fast
9:30 am – 4:30 pm +1,Korean Air,EWR‐ICN,18h00m,1,DTW,10:00 am – 11:20 am,Korean Air,ICN‐JFK,14h20m,0,,1674,20220405-0705,fast
1:50 pm – 5:20 pm +1,Delta,JFK‐ICN,14h30m,0,,6:40 pm – 11:36 pm,Korean Air,ICN‐JFK,17h56m,1,ATL,2250,20220405-0705,fast
9:15 am – 4:30 pm +1,"Delta, Korean Air",JFK‐ICN,18h15m,1,DTW,10:00 am – 11:20 am,Korean Air,ICN‐JFK,14h20m,0,,1814,20220405-0705,fast
