Out Time,Out Airline,Out Cities,Out Duration,Out Stops,Out Stop Cities,Return Time,Return Airline,Return Cities,Return Duration,Return Stops,Return Stop Cities,Price,timestamp,sort
5:25 pm – 4:15 pm +2,Air Canada,LGA‐ICN,33h50m,2,"YUL, YVR",5:45 pm – 10:07 am +1,Air Canada,ICN‐LGA,29h22m,2,"YVR, YUL",1393,20220405-1354,cheap
1:55 pm – 5:20 pm +1,Asiana Airlines,JFK‐ICN,14h25m,0,,4:40 pm – 1:07 am +1,United Airlines,ICN‐EWR,21h27m,1,SFO,1534,20220405-1354,cheap
1:55 pm – 5:20 pm +1,Asiana Airlines,JFK‐ICN,14h25m,0,,4:40 pm – 11:31 pm,United Airlines,ICN‐EWR,19h51m,2,"SFO, DEN",1538,20220405-1354,cheap
1:55 pm – 5:20 pm +1,Asiana Airlines,JFK‐ICN,14h25m,0,,1:30 am – 10:45 pm,Qatar Airways,ICN‐JFK,34h15m,1,DOH,1611,20220405-1354,cheap
10:40 am – 5:10 pm +1,Air Canada,LGA‐ICN,17h30m,1,YYZ,5:45 pm – 10:07 am +1,Air Canada,ICN‐LGA,29h22m,2,"YVR, YUL",1654,20220405-1354,cheap
10:40 am – 5:10 pm +1,Air Canada,LGA‐ICN,17h30m,1,YYZ,5:45 pm – 10:07 am +1,Air Canada,ICN‐LGA,29h22m,2,"YVR, YUL",1654,20220405-1354,cheap
10:40 am – 5:10 pm +1,Air Canada,LGA‐ICN,17h30m,1,YYZ,5:45 pm – 10:07 am +1,Air Canada,ICN‐LGA,29h22m,2,"YVR, YUL",1654,20220405-1354,cheap
9:05 am – 5:10 pm +1,Air Canada,EWR‐ICN,19h05m,1,YYZ,5:45 pm – 10:07 am +1,Air Canada,ICN‐LGA,29h22m,2,"YVR, YUL",1654,20220405-1354,cheap
9:05 am – 5:10 pm +1,Air Canada,LGA‐ICN,19h05m,1,YYZ,5:45 pm – 10:07 am +1,Air Canada,ICN‐LGA,29h22m,2,"YVR, YUL",1654,20220405-1354,cheap
9:05 am – 5:10 pm +1,Air Canada,EWR‐ICN,19h05m,1,YYZ,5:45 pm – 10:07 am +1,Air Canada,ICN‐LGA,29h22m,2,"YVR, YUL",1654,20220405-1354,cheap
9:05 am – 5:10 pm +1,Air Canada,LGA‐ICN,19h05m,1,YYZ,5:45 pm – 10:07 am +1,Air Canada,ICN‐LGA,29h22m,2,"YVR, YUL",1654,20220405-1354,cheap
9:05 am – 5:10 pm +1,Air Canada,LGA‐ICN,19h05m,1,YYZ,5:45 pm – 10:07 am +1,Air Canada,ICN‐LGA,29h22m,2,"YVR, YUL",1654,20220405-1354,cheap
9:05 am – 5:10 pm +1,Air Canada,EWR‐ICN,19h05m,1,YYZ,5:45 pm – 10:07 am +1,Air Canada,ICN‐LGA,29h22m,2,"YVR, YUL",1654,20220405-1354,cheap
10:09 pm – 2:45 pm +2,United Airlines,EWR‐ICN,27h36m,2,"DEN, SFO",4:40 pm – 12:40 am +1,United Airlines,ICN‐EWR,21h00m,2,"SFO, LAX",1704,20220405-1354,cheap
10:40 am – 5:10 pm +1,Air Canada,LGA‐ICN,17h30m,1,YYZ,5:45 pm – 9:57 am +1,Air Canada,ICN‐EWR,29h12m,2,"YVR, YUL",1710,20220405-1354,cheap
8:45 pm – 9:45 am +2,Lufthansa,EWR‐ICN,24h00m,1,MUC,10:15 am – 6:55 pm,Lufthansa,ICN‐EWR,21h40m,1,MUC,1836,20220405-1352,best
1:50 pm – 5:20 pm +1,Korean Air,JFK‐ICN,14h30m,0,,10:00 am – 11:20 am,Korean Air,ICN‐JFK,14h20m,0,,2147,20220405-1352,best
1:50 pm – 5:20 pm +1,Korean Air,JFK‐ICN,14h30m,0,,9:30 am – 1:23 pm,Korean Air,ICN‐LGA,16h53m,1,BOS,1941,20220405-1352,best
1:50 pm – 5:20 pm +1,Korean Air,JFK‐ICN,14h30m,0,,10:20 am – 11:35 am,Asiana Airlines,ICN‐JFK,14h15m,0,,2373,20220405-1352,best
1:50 pm – 5:20 pm +1,Korean Air,JFK‐ICN,14h30m,0,,9:30 am – 1:58 pm,Korean Air,ICN‐JFK,17h28m,1,BOS,1941,20220405-1352,best
1:50 pm – 5:20 pm +1,Korean Air,JFK‐ICN,14h30m,0,,9:30 am – 2:49 pm,Korean Air,ICN‐EWR,18h19m,1,BOS,1941,20220405-1352,best
1:50 pm – 5:20 pm +1,Korean Air,JFK‐ICN,14h30m,0,,9:30 am – 3:26 pm,Korean Air,ICN‐JFK,18h56m,1,BOS,1941,20220405-1352,best
1:55 pm – 5:20 pm +1,Asiana Airlines,JFK‐ICN,14h25m,0,,10:00 am – 11:20 am,Korean Air,ICN‐JFK,14h20m,0,,2589,20220405-1352,best
1:50 pm – 5:20 pm +1,Delta,JFK‐ICN,14h30m,0,,9:30 am – 2:24 pm,Delta,ICN‐LGA,17h54m,1,BOS,2160,20220405-1352,best
1:50 pm – 5:20 pm +1,Delta,JFK‐ICN,14h30m,0,,9:30 am – 3:40 pm,Delta,ICN‐LGA,19h10m,1,BOS,2160,20220405-1352,best
1:50 pm – 5:20 pm +1,Delta,JFK‐ICN,14h30m,0,,9:30 am – 4:24 pm,Delta,ICN‐LGA,19h54m,1,BOS,2160,20220405-1352,best
1:50 pm – 5:20 pm +1,Korean Air,JFK‐ICN,14h30m,0,,10:40 am – 3:11 pm,Korean Air,ICN‐LGA,17h31m,1,ORD,2407,20220405-1352,best
1:50 pm – 5:20 pm +1,Korean Air,JFK‐ICN,14h30m,0,,9:30 am – 6:45 pm,Korean Air,ICN‐JFK,22h15m,1,BOS,1941,20220405-1352,best
1:50 pm – 5:20 pm +1,Korean Air,JFK‐ICN,14h30m,0,,2:30 pm – 9:30 pm,Korean Air,ICN‐JFK,20h00m,1,LAX,2179,20220405-1352,best
9:30 am – 5:45 pm +1,"Alaska Airlines, Asiana Airlines",JFK‐ICN,19h15m,1,SEA,10:20 am – 11:35 am,Asiana Airlines,ICN‐JFK,14h15m,0,,2247,20220405-1352,best
1:50 pm – 5:20 pm +1,Delta,JFK‐ICN,14h30m,0,,9:30 am – 4:58 pm,Delta,ICN‐EWR,20h28m,1,BOS,2160,20220405-1352,best
1:55 pm – 5:20 pm +1,Asiana Airlines,JFK‐ICN,14h25m,0,,10:20 am – 11:35 am,Asiana Airlines,ICN‐JFK,14h15m,0,,2101,20220405-1356,fast
1:50 pm – 5:20 pm +1,Korean Air,JFK‐ICN,14h30m,0,,10:20 am – 11:35 am,Asiana Airlines,ICN‐JFK,14h15m,0,,2373,20220405-1356,fast
1:55 pm – 5:20 pm +1,Asiana Airlines,JFK‐ICN,14h25m,0,,10:00 am – 11:20 am,Korean Air,ICN‐JFK,14h20m,0,,2589,20220405-1356,fast
1:50 pm – 5:20 pm +1,Korean Air,JFK‐ICN,14h30m,0,,10:00 am – 11:20 am,Korean Air,ICN‐JFK,14h20m,0,,2147,20220405-1356,fast
10:43 am – 4:25 pm +1,"Delta, Korean Air",EWR‐ICN,16h42m,1,BOS,10:20 am – 11:35 am,Asiana Airlines,ICN‐JFK,14h15m,0,,3135,20220405-1356,fast
10:43 am – 4:25 pm +1,Korean Air,EWR‐ICN,16h42m,1,BOS,10:00 am – 11:20 am,Korean Air,ICN‐JFK,14h20m,0,,2648,20220405-1356,fast
1:50 pm – 5:20 pm +1,Korean Air,JFK‐ICN,14h30m,0,,9:30 am – 1:23 pm,Korean Air,ICN‐LGA,16h53m,1,BOS,1941,20220405-1356,fast
9:50 am – 4:25 pm +1,Korean Air,JFK‐ICN,17h35m,1,BOS,10:00 am – 11:20 am,Korean Air,ICN‐JFK,14h20m,0,,2757,20220405-1356,fast
1:50 pm – 5:20 pm +1,Korean Air,JFK‐ICN,14h30m,0,,9:30 am – 1:58 pm,Korean Air,ICN‐JFK,17h28m,1,BOS,1941,20220405-1356,fast
1:50 pm – 5:20 pm +1,Korean Air,JFK‐ICN,14h30m,0,,10:40 am – 3:11 pm,Korean Air,ICN‐LGA,17h31m,1,ORD,2407,20220405-1356,fast
1:55 pm – 5:20 pm +1,United Airlines,JFK‐ICN,14h25m,0,,4:40 pm – 9:25 pm,United Airlines,ICN‐EWR,17h45m,1,SFO,4961,20220405-1356,fast
1:50 pm – 5:20 pm +1,Delta,JFK‐ICN,14h30m,0,,9:30 am – 2:24 pm,Delta,ICN‐LGA,17h54m,1,BOS,2160,20220405-1356,fast
9:30 am – 4:50 pm +1,"Delta, Korean Air",JFK‐ICN,18h20m,1,IAD,10:20 am – 11:35 am,Asiana Airlines,ICN‐JFK,14h15m,0,,2797,20220405-1356,fast
9:30 am – 4:50 pm +1,Korean Air,JFK‐ICN,18h20m,1,IAD,10:00 am – 11:20 am,Korean Air,ICN‐JFK,14h20m,0,,2401,20220405-1356,fast
1:50 pm – 5:20 pm +1,Korean Air,JFK‐ICN,14h30m,0,,9:30 am – 2:49 pm,Korean Air,ICN‐EWR,18h19m,1,BOS,1941,20220405-1356,fast
