Out Time,Out Airline,Out Cities,Out Duration,Out Stops,Out Stop Cities,Return Time,Return Airline,Return Cities,Return Duration,Return Stops,Return Stop Cities,Price,timestamp,sort
11:50 pm – 6:10 pm +2,Turkish Airlines,EWR‐ICN,29h20m,1,IST,11:45 pm – 5:15 pm +1,Turkish Airlines,ICN‐JFK,30h30m,1,IST,1285,20220405-0718,cheap
8:00 pm – 4:30 pm +2,Delta,LGA‐ICN,31h30m,1,DTW,10:45 am – 2:18 pm,Delta,ICN‐LGA,16h33m,1,DTW,1338,20220405-0718,cheap
9:15 pm – 3:15 pm +2,American Airlines,LGA‐ICN,29h00m,2,"GSO, DFW",5:25 pm – 10:00 pm,American Airlines,ICN‐EWR,17h35m,1,DFW,1474,20220405-0718,cheap
9:15 pm – 3:15 pm +2,American Airlines,LGA‐ICN,29h00m,2,"GSO, DFW",5:25 pm – 10:10 pm,American Airlines,ICN‐LGA,17h45m,1,DFW,1474,20220405-0718,cheap
9:15 pm – 3:15 pm +2,American Airlines,LGA‐ICN,29h00m,2,"GSO, DFW",5:25 pm – 11:28 pm,American Airlines,ICN‐EWR,19h03m,1,DFW,1474,20220405-0718,cheap
9:15 pm – 3:15 pm +2,American Airlines,LGA‐ICN,29h00m,2,"GSO, DFW",5:25 pm – 11:30 pm,American Airlines,ICN‐LGA,19h05m,1,DFW,1474,20220405-0718,cheap
8:30 pm – 4:30 pm +2,Delta,EWR‐ICN,31h00m,1,DTW,10:45 am – 2:18 pm,Delta,ICN‐LGA,16h33m,1,DTW,1505,20220405-0718,cheap
7:29 pm – 4:30 pm +2,Delta,JFK‐ICN,32h01m,1,DTW,10:45 am – 2:18 pm,Delta,ICN‐LGA,16h33m,1,DTW,1505,20220405-0718,cheap
8:00 pm – 4:30 pm +2,Delta,LGA‐ICN,31h30m,1,DTW,6:40 pm – 11:01 pm,Delta,ICN‐EWR,17h21m,1,ATL,1505,20220405-0718,cheap
10:28 pm – 2:55 pm +2,United Airlines,EWR‐ICN,27h27m,2,"DEN, SFO",4:50 pm – 9:44 pm,United Airlines,ICN‐EWR,17h54m,1,SFO,1570,20220405-0718,cheap
10:28 pm – 2:55 pm +2,United Airlines,EWR‐ICN,27h27m,2,"DEN, SFO",4:50 pm – 11:09 pm,United Airlines,ICN‐EWR,19h19m,1,SFO,1570,20220405-0718,cheap
10:28 pm – 2:55 pm +2,United Airlines,EWR‐ICN,27h27m,2,"DEN, SFO",4:50 pm – 12:44 am +1,United Airlines,ICN‐EWR,20h54m,1,SFO,1570,20220405-0718,cheap
8:59 pm – 3:15 pm +2,American Airlines,LGA‐ICN,29h16m,2,"RIC, DFW",5:25 pm – 10:00 pm,American Airlines,ICN‐EWR,17h35m,1,DFW,1574,20220405-0718,cheap
10:28 pm – 2:55 pm +2,United Airlines,EWR‐ICN,27h27m,2,"DEN, SFO",4:50 pm – 11:19 pm,United Airlines,ICN‐EWR,19h29m,2,"SFO, DEN",1574,20220405-0718,cheap
8:59 pm – 3:15 pm +2,American Airlines,LGA‐ICN,29h16m,2,"RIC, DFW",5:25 pm – 10:10 pm,American Airlines,ICN‐LGA,17h45m,1,DFW,1574,20220405-0718,cheap
8:00 pm – 4:30 pm +2,Delta,LGA‐ICN,31h30m,1,DTW,10:45 am – 2:18 pm,Delta,ICN‐LGA,16h33m,1,DTW,1338,20220405-0715,best
12:55 pm – 5:30 pm +1,Asiana Airlines,JFK‐ICN,15h35m,0,,9:50 am – 11:05 am,Asiana Airlines,ICN‐JFK,14h15m,0,,1769,20220405-0715,best
1:10 pm – 5:55 pm +1,Korean Air,JFK‐ICN,15h45m,0,,10:00 am – 11:20 am,Korean Air,ICN‐JFK,14h20m,0,,2248,20220405-0715,best
1:50 pm – 5:20 pm +1,Delta,JFK‐ICN,14h30m,0,,10:00 am – 11:20 am,Delta,ICN‐JFK,14h20m,0,,2350,20220405-0715,best
9:30 am – 4:50 pm +1,Korean Air,JFK‐ICN,18h20m,1,IAD,10:00 am – 11:20 am,Korean Air,ICN‐JFK,14h20m,0,,2030,20220405-0715,best
12:55 pm – 5:30 pm +1,Asiana Airlines,JFK‐ICN,15h35m,0,,10:00 am – 11:20 am,Korean Air,ICN‐JFK,14h20m,0,,2328,20220405-0715,best
1:10 pm – 5:55 pm +1,Korean Air,JFK‐ICN,15h45m,0,,10:45 am – 2:18 pm,Korean Air,ICN‐LGA,16h33m,1,DTW,2107,20220405-0715,best
9:59 am – 4:25 pm +1,Korean Air,LGA‐ICN,17h26m,1,BOS,10:00 am – 11:20 am,Korean Air,ICN‐JFK,14h20m,0,,2149,20220405-0715,best
1:10 pm – 5:55 pm +1,Korean Air,JFK‐ICN,15h45m,0,,6:40 pm – 11:01 pm,Korean Air,ICN‐EWR,17h21m,1,ATL,2107,20220405-0715,best
12:55 pm – 5:30 pm +1,Asiana Airlines,JFK‐ICN,15h35m,0,,10:45 am – 2:18 pm,Korean Air,ICN‐LGA,16h33m,1,DTW,2205,20220405-0715,best
1:10 pm – 5:55 pm +1,Korean Air,JFK‐ICN,15h45m,0,,6:40 pm – 11:36 pm,Korean Air,ICN‐JFK,17h56m,1,ATL,2107,20220405-0715,best
9:30 am – 5:50 pm +1,"Delta, Korean Air",JFK‐ICN,19h20m,1,IAD,10:00 am – 11:20 am,Korean Air,ICN‐JFK,14h20m,0,,2106,20220405-0715,best
8:30 am – 4:15 pm +1,Korean Air,JFK‐ICN,18h45m,1,ORD,10:00 am – 11:20 am,Korean Air,ICN‐JFK,14h20m,0,,2149,20220405-0715,best
1:10 pm – 5:55 pm +1,Korean Air,JFK‐ICN,15h45m,0,,6:40 pm – 11:52 pm,Korean Air,ICN‐LGA,18h12m,1,ATL,2107,20220405-0715,best
9:30 am – 5:50 pm +1,Korean Air,JFK‐ICN,19h20m,1,IAD,10:45 am – 2:18 pm,Korean Air,ICN‐LGA,16h33m,1,DTW,1875,20220405-0715,best
12:55 pm – 5:30 pm +1,Asiana Airlines,JFK‐ICN,15h35m,0,,6:40 pm – 11:01 pm,Korean Air,ICN‐EWR,17h21m,1,ATL,2205,20220405-0715,best
1:50 pm – 5:20 pm +1,Delta,JFK‐ICN,14h30m,0,,9:50 am – 11:05 am,Asiana Airlines,ICN‐JFK,14h15m,0,,2632,20220405-0720,fast
1:50 pm – 5:20 pm +1,Delta,JFK‐ICN,14h30m,0,,10:00 am – 11:20 am,Delta,ICN‐JFK,14h20m,0,,2350,20220405-0720,fast
12:55 pm – 5:30 pm +1,Asiana Airlines,JFK‐ICN,15h35m,0,,9:50 am – 11:05 am,Asiana Airlines,ICN‐JFK,14h15m,0,,1769,20220405-0720,fast
12:55 pm – 5:30 pm +1,Asiana Airlines,JFK‐ICN,15h35m,0,,10:00 am – 11:20 am,Korean Air,ICN‐JFK,14h20m,0,,2328,20220405-0720,fast
1:10 pm – 5:55 pm +1,Korean Air,JFK‐ICN,15h45m,0,,9:50 am – 11:05 am,Asiana Airlines,ICN‐JFK,14h15m,0,,2559,20220405-0720,fast
1:10 pm – 5:55 pm +1,Korean Air,JFK‐ICN,15h45m,0,,10:00 am – 11:20 am,Korean Air,ICN‐JFK,14h20m,0,,2248,20220405-0720,fast
1:50 pm – 5:20 pm +1,Delta,JFK‐ICN,14h30m,0,,5:30 pm – 8:55 pm,Air Canada,ICN‐LGA,16h25m,1,YYZ,4827,20220405-0720,fast
1:50 pm – 5:20 pm +1,Delta,JFK‐ICN,14h30m,0,,10:45 am – 2:18 pm,Korean Air,ICN‐LGA,16h33m,1,DTW,2764,20220405-0720,fast
11:25 am – 5:30 pm +1,"United Airlines, Korean Air",EWR‐ICN,17h05m,1,NRT,9:50 am – 11:05 am,United Airlines,ICN‐JFK,14h15m,0,,8918,20220405-0720,fast
9:59 am – 4:25 pm +1,Korean Air,LGA‐ICN,17h26m,1,BOS,10:00 am – 11:20 am,Korean Air,ICN‐JFK,14h20m,0,,2149,20220405-0720,fast
1:50 pm – 5:20 pm +1,Delta,JFK‐ICN,14h30m,0,,6:40 pm – 11:01 pm,Korean Air,ICN‐EWR,17h21m,1,ATL,2764,20220405-0720,fast
12:55 pm – 5:30 pm +1,Asiana Airlines,JFK‐ICN,15h35m,0,,10:45 am – 2:18 pm,Korean Air,ICN‐LGA,16h33m,1,DTW,2205,20220405-0720,fast
1:10 pm – 5:55 pm +1,Korean Air,JFK‐ICN,15h45m,0,,10:45 am – 2:18 pm,Korean Air,ICN‐LGA,16h33m,1,DTW,2107,20220405-0720,fast
1:50 pm – 5:20 pm +1,Delta,JFK‐ICN,14h30m,0,,9:30 am – 2:21 pm,Korean Air,ICN‐JFK,17h51m,1,BOS,2989,20220405-0720,fast
1:50 pm – 5:20 pm +1,Delta,JFK‐ICN,14h30m,0,,6:40 pm – 11:36 pm,Korean Air,ICN‐JFK,17h56m,1,ATL,2760,20220405-0720,fast
