Out Time,Out Airline,Out Cities,Out Duration,Out Stops,Out Stop Cities,Return Time,Return Airline,Return Cities,Return Duration,Return Stops,Return Stop Cities,Price,timestamp,sort
4:45 pm – 11:00 am +3,Finnair,JFK‐ICN,53h15m,2,"ARN, HEL",9:45 pm – 5:00 pm +1,Finnair,ICN‐JFK,32h15m,2,"HEL, ARN",1251,20220405-0710,cheap
12:55 pm – 5:30 pm +1,Asiana Airlines,JFK‐ICN,15h35m,0,,4:50 pm – 12:44 am +1,United Airlines,ICN‐EWR,20h54m,1,SFO,1399,20220405-0710,cheap
9:40 am – 4:30 pm +1,Delta,LGA‐ICN,17h50m,1,DTW,12:30 pm – 8:23 pm,Delta,ICN‐JFK,20h53m,1,SEA,1399,20220405-0710,cheap
8:00 am – 3:50 pm +1,Delta,LGA‐ICN,18h50m,1,ATL,12:30 pm – 8:23 pm,Delta,ICN‐JFK,20h53m,1,SEA,1399,20220405-0710,cheap
7:00 am – 3:50 pm +1,Delta,LGA‐ICN,19h50m,1,ATL,12:30 pm – 8:23 pm,Delta,ICN‐JFK,20h53m,1,SEA,1399,20220405-0710,cheap
6:00 am – 3:50 pm +1,Delta,LGA‐ICN,20h50m,1,ATL,12:30 pm – 8:23 pm,Delta,ICN‐JFK,20h53m,1,SEA,1399,20220405-0710,cheap
9:40 am – 4:30 pm +1,Delta,LGA‐ICN,17h50m,1,DTW,12:30 pm – 11:44 pm,Delta,ICN‐JFK,24h14m,1,SEA,1399,20220405-0710,cheap
6:00 am – 4:30 pm +1,Delta,LGA‐ICN,21h30m,1,DTW,12:30 pm – 8:23 pm,Delta,ICN‐JFK,20h53m,1,SEA,1399,20220405-0710,cheap
8:00 am – 3:50 pm +1,Delta,LGA‐ICN,18h50m,1,ATL,12:30 pm – 11:44 pm,Delta,ICN‐JFK,24h14m,1,SEA,1399,20220405-0710,cheap
7:00 am – 3:50 pm +1,Delta,LGA‐ICN,19h50m,1,ATL,12:30 pm – 11:44 pm,Delta,ICN‐JFK,24h14m,1,SEA,1399,20220405-0710,cheap
6:00 am – 3:50 pm +1,Delta,LGA‐ICN,20h50m,1,ATL,12:30 pm – 11:44 pm,Delta,ICN‐JFK,24h14m,1,SEA,1399,20220405-0710,cheap
6:00 am – 4:30 pm +1,Delta,LGA‐ICN,21h30m,1,DTW,12:30 pm – 11:44 pm,Delta,ICN‐JFK,24h14m,1,SEA,1399,20220405-0710,cheap
9:40 am – 4:30 pm +1,Korean Air,LGA‐ICN,17h50m,1,DTW,4:50 pm – 12:44 am +1,United Airlines,ICN‐EWR,20h54m,1,SFO,1424,20220405-0710,cheap
9:30 am – 4:30 pm +1,Korean Air,EWR‐ICN,18h00m,1,DTW,4:50 pm – 12:44 am +1,United Airlines,ICN‐EWR,20h54m,1,SFO,1424,20220405-0710,cheap
8:00 am – 3:50 pm +1,Korean Air,LGA‐ICN,18h50m,1,ATL,4:50 pm – 12:44 am +1,United Airlines,ICN‐EWR,20h54m,1,SFO,1424,20220405-0710,cheap
9:40 am – 4:30 pm +1,Delta,LGA‐ICN,17h50m,1,DTW,12:30 pm – 8:23 pm,Delta,ICN‐JFK,20h53m,1,SEA,1399,20220405-0708,best
12:55 pm – 5:30 pm +1,Asiana Airlines,JFK‐ICN,15h35m,0,,9:50 am – 11:05 am,Asiana Airlines,ICN‐JFK,14h15m,0,,1649,20220405-0708,best
9:40 am – 4:30 pm +1,Korean Air,LGA‐ICN,17h50m,1,DTW,10:00 am – 11:20 am,Korean Air,ICN‐JFK,14h20m,0,,1674,20220405-0708,best
1:50 pm – 5:20 pm +1,Delta,JFK‐ICN,14h30m,0,,10:00 am – 11:20 am,Delta,ICN‐JFK,14h20m,0,,2000,20220405-0708,best
9:30 am – 4:30 pm +1,Korean Air,EWR‐ICN,18h00m,1,DTW,10:00 am – 11:20 am,Korean Air,ICN‐JFK,14h20m,0,,1674,20220405-0708,best
1:10 pm – 5:55 pm +1,Korean Air,JFK‐ICN,15h45m,0,,10:00 am – 11:20 am,Korean Air,ICN‐JFK,14h20m,0,,1931,20220405-0708,best
8:00 am – 3:50 pm +1,Korean Air,LGA‐ICN,18h50m,1,ATL,10:00 am – 11:20 am,Korean Air,ICN‐JFK,14h20m,0,,1674,20220405-0708,best
8:00 am – 3:50 pm +1,Korean Air,EWR‐ICN,18h50m,1,ATL,10:00 am – 11:20 am,Korean Air,ICN‐JFK,14h20m,0,,1674,20220405-0708,best
9:15 am – 4:30 pm +1,Delta,JFK‐ICN,18h15m,1,DTW,10:00 am – 11:20 am,Delta,ICN‐JFK,14h20m,0,,1730,20220405-0708,best
8:00 am – 3:50 pm +1,Delta,LGA‐ICN,18h50m,1,ATL,10:00 am – 11:20 am,Delta,ICN‐JFK,14h20m,0,,1730,20220405-0708,best
7:00 am – 3:50 pm +1,Korean Air,EWR‐ICN,19h50m,1,ATL,10:00 am – 11:20 am,Korean Air,ICN‐JFK,14h20m,0,,1674,20220405-0708,best
7:00 am – 3:50 pm +1,Korean Air,LGA‐ICN,19h50m,1,ATL,10:00 am – 11:20 am,Korean Air,ICN‐JFK,14h20m,0,,1674,20220405-0708,best
9:40 am – 4:30 pm +1,Korean Air,LGA‐ICN,17h50m,1,DTW,9:50 am – 11:05 am,Asiana Airlines,ICN‐JFK,14h15m,0,,1849,20220405-0708,best
9:30 am – 4:30 pm +1,Korean Air,EWR‐ICN,18h00m,1,DTW,9:50 am – 11:05 am,Asiana Airlines,ICN‐JFK,14h15m,0,,1849,20220405-0708,best
6:44 am – 3:15 pm +1,American Airlines,LGA‐ICN,19h31m,1,DFW,5:25 pm – 10:00 pm,American Airlines,ICN‐EWR,17h35m,1,DFW,1433,20220405-0708,best
7:00 am – 3:50 pm +1,Delta,LGA‐ICN,19h50m,1,ATL,10:00 am – 11:20 am,Delta,ICN‐JFK,14h20m,0,,1730,20220405-0708,best
1:50 pm – 5:20 pm +1,Delta,JFK‐ICN,14h30m,0,,10:00 am – 11:20 am,Delta,ICN‐JFK,14h20m,0,,2000,20220405-0713,fast
12:55 pm – 5:30 pm +1,Asiana Airlines,JFK‐ICN,15h35m,0,,9:50 am – 11:05 am,Asiana Airlines,ICN‐JFK,14h15m,0,,1649,20220405-0713,fast
12:55 pm – 5:30 pm +1,Asiana Airlines,JFK‐ICN,15h35m,0,,10:00 am – 11:20 am,Korean Air,ICN‐JFK,14h20m,0,,1981,20220405-0713,fast
1:10 pm – 5:55 pm +1,Korean Air,JFK‐ICN,15h45m,0,,9:50 am – 11:05 am,Asiana Airlines,ICN‐JFK,14h15m,0,,2125,20220405-0713,fast
1:10 pm – 5:55 pm +1,Korean Air,JFK‐ICN,15h45m,0,,10:00 am – 11:20 am,Korean Air,ICN‐JFK,14h20m,0,,1931,20220405-0713,fast
11:25 am – 5:30 pm +1,"United Airlines, Korean Air",EWR‐ICN,17h05m,1,NRT,9:50 am – 11:05 am,United Airlines,ICN‐JFK,14h15m,0,,8918,20220405-0713,fast
9:40 am – 4:30 pm +1,Korean Air,LGA‐ICN,17h50m,1,DTW,9:50 am – 11:05 am,Asiana Airlines,ICN‐JFK,14h15m,0,,1849,20220405-0713,fast
9:40 am – 4:30 pm +1,Korean Air,LGA‐ICN,17h50m,1,DTW,10:00 am – 11:20 am,Korean Air,ICN‐JFK,14h20m,0,,1674,20220405-0713,fast
9:30 am – 4:30 pm +1,Korean Air,EWR‐ICN,18h00m,1,DTW,9:50 am – 11:05 am,Asiana Airlines,ICN‐JFK,14h15m,0,,1849,20220405-0713,fast
9:30 am – 4:30 pm +1,Korean Air,EWR‐ICN,18h00m,1,DTW,10:00 am – 11:20 am,Korean Air,ICN‐JFK,14h20m,0,,1674,20220405-0713,fast
9:15 am – 4:30 pm +1,Delta,JFK‐ICN,18h15m,1,DTW,10:00 am – 11:20 am,Delta,ICN‐JFK,14h20m,0,,1730,20220405-0713,fast
1:50 pm – 5:20 pm +1,Delta,JFK‐ICN,14h30m,0,,12:30 pm – 5:54 pm,"Korean Air, Alaska Airlines",ICN‐JFK,18h24m,1,SEA,10402,20220405-0713,fast
1:50 pm – 5:20 pm +1,Delta,JFK‐ICN,14h30m,0,,12:30 pm – 6:00 pm,"Korean Air, Alaska Airlines",ICN‐EWR,18h30m,1,SEA,9649,20220405-0713,fast
8:00 am – 3:50 pm +1,Korean Air,EWR‐ICN,18h50m,1,ATL,9:50 am – 11:05 am,Asiana Airlines,ICN‐JFK,14h15m,0,,1849,20220405-0713,fast
8:00 am – 3:50 pm +1,Korean Air,LGA‐ICN,18h50m,1,ATL,9:50 am – 11:05 am,Asiana Airlines,ICN‐JFK,14h15m,0,,1849,20220405-0713,fast
