Out Time,Out Airline,Out Cities,Out Duration,Out Stops,Out Stop Cities,Return Time,Return Airline,Return Cities,Return Duration,Return Stops,Return Stop Cities,Price,timestamp,sort
8:58 pm – 5:10 pm +2,Air Canada,EWR‐ICN,31h12m,1,YYZ,6:40 pm – 11:47 am +1,Air Canada,ICN‐EWR,30h07m,2,"YYZ-YTZ, YUL",1346,20220405-1012,cheap
8:58 pm – 5:10 pm +2,Air Canada,EWR‐ICN,31h12m,1,YYZ,6:40 pm – 10:01 pm,Air Canada,ICN‐EWR,16h21m,1,YYZ,1352,20220405-1012,cheap
7:57 pm – 5:10 pm +2,Air Canada,EWR‐ICN,32h13m,2,"YUL, YYZ",6:40 pm – 10:01 pm,Air Canada,ICN‐EWR,16h21m,1,YYZ,1352,20220405-1012,cheap
7:51 pm – 5:10 pm +2,Air Canada,EWR‐ICN,32h19m,1,YYZ,6:40 pm – 10:01 pm,Air Canada,ICN‐EWR,16h21m,1,YYZ,1352,20220405-1012,cheap
7:40 pm – 6:25 am +2,LOT,EWR‐ICN,21h45m,1,WAW,8:05 am – 8:05 pm,LOT,ICN‐JFK,25h00m,1,WAW,1418,20220405-1012,cheap
8:15 pm – 2:55 pm +2,United Airlines,EWR‐ICN,29h40m,1,SFO,4:50 pm – 9:49 pm,United Airlines,ICN‐EWR,17h59m,1,SFO,1486,20220405-1012,cheap
6:30 am – 2:55 pm +1,United Airlines,JFK‐ICN,19h25m,1,SFO,10:45 am – 3:45 pm,Delta,ICN‐EWR,18h00m,1,DTW,1566,20220405-1012,cheap
6:30 am – 2:55 pm +1,United Airlines,EWR‐ICN,19h25m,1,SFO,10:45 am – 3:45 pm,Delta,ICN‐EWR,18h00m,1,DTW,1566,20220405-1012,cheap
10:00 pm – 2:55 pm +2,United Airlines,EWR‐ICN,27h55m,2,"ORD, SFO",4:50 pm – 9:49 pm,United Airlines,ICN‐EWR,17h59m,1,SFO,1610,20220405-1012,cheap
10:00 pm – 2:55 pm +2,United Airlines,EWR‐ICN,27h55m,2,"ORD, SFO",4:50 pm – 12:49 am +1,United Airlines,ICN‐EWR,20h59m,1,SFO,1610,20220405-1012,cheap
10:00 pm – 2:55 pm +2,United Airlines,EWR‐ICN,27h55m,2,"ORD, SFO",4:50 pm – 11:23 pm,United Airlines,ICN‐LGA,19h33m,2,"SFO, IAD",1614,20220405-1012,cheap
9:00 pm – 7:10 am +2,Air France,JFK‐ICN,21h10m,1,CDG,11:40 pm – 12:20 pm +1,KLM,ICN‐JFK,25h40m,1,AMS,1625,20220405-1012,cheap
9:00 pm – 7:10 am +2,Air France,JFK‐ICN,21h10m,1,CDG,11:40 pm – 1:10 pm +1,KLM,ICN‐JFK,26h30m,1,AMS,1625,20220405-1012,cheap
7:30 pm – 7:10 am +2,Air France,JFK‐ICN,22h40m,1,CDG,11:40 pm – 12:20 pm +1,KLM,ICN‐JFK,25h40m,1,AMS,1625,20220405-1012,cheap
9:00 pm – 7:10 am +2,Air France,JFK‐ICN,21h10m,1,CDG,9:05 am – 6:40 pm,Air France,ICN‐JFK,22h35m,1,CDG,1636,20220405-1012,cheap
12:55 pm – 5:30 pm +1,Asiana Airlines,JFK‐ICN,15h35m,0,,10:20 am – 11:35 am,Asiana Airlines,ICN‐JFK,14h15m,0,,1839,20220405-1010,best
12:55 pm – 5:30 pm +1,Asiana Airlines,JFK‐ICN,15h35m,0,,10:20 am – 11:35 am,Asiana Airlines,ICN‐JFK,14h15m,0,,1745,20220405-1010,best
1:50 pm – 5:20 pm +1,Delta,JFK‐ICN,14h30m,0,,10:00 am – 11:20 am,Delta,ICN‐JFK,14h20m,0,,2225,20220405-1010,best
1:10 pm – 5:55 pm +1,Korean Air,JFK‐ICN,15h45m,0,,10:00 am – 11:20 am,Korean Air,ICN‐JFK,14h20m,0,,2124,20220405-1010,best
9:29 am – 4:30 pm +1,"Delta, Korean Air",JFK‐ICN,18h01m,1,DTW,10:00 am – 11:20 am,Korean Air,ICN‐JFK,14h20m,0,,1914,20220405-1010,best
9:25 am – 4:30 pm +1,"Delta, Korean Air",LGA‐ICN,18h05m,1,DTW,10:00 am – 11:20 am,Korean Air,ICN‐JFK,14h20m,0,,1914,20220405-1010,best
1:50 pm – 5:20 pm +1,Delta,JFK‐ICN,14h30m,0,,10:45 am – 3:45 pm,Delta,ICN‐EWR,18h00m,1,DTW,2060,20220405-1010,best
6:55 am – 5:35 pm +1,Asiana Airlines,EWR‐ICN,21h40m,1,LAX,10:20 am – 11:35 am,Asiana Airlines,ICN‐JFK,14h15m,0,,1805,20220405-1010,best
1:10 pm – 5:55 pm +1,Korean Air,JFK‐ICN,15h45m,0,,10:45 am – 3:45 pm,Korean Air,ICN‐EWR,18h00m,1,DTW,1989,20220405-1010,best
9:29 am – 4:30 pm +1,"Delta, Korean Air",JFK‐ICN,18h01m,1,DTW,10:45 am – 3:45 pm,Korean Air,ICN‐EWR,18h00m,1,DTW,1750,20220405-1010,best
9:25 am – 4:30 pm +1,"Delta, Korean Air",LGA‐ICN,18h05m,1,DTW,10:45 am – 3:45 pm,Korean Air,ICN‐EWR,18h00m,1,DTW,1750,20220405-1010,best
1:10 pm – 5:55 pm +1,Korean Air,JFK‐ICN,15h45m,0,,10:20 am – 11:35 am,Asiana Airlines,ICN‐JFK,14h15m,0,,2478,20220405-1010,best
6:30 am – 2:55 pm +1,United Airlines,JFK‐ICN,19h25m,1,SFO,4:50 pm – 9:49 pm,United Airlines,ICN‐EWR,17h59m,1,SFO,1641,20220405-1010,best
5:00 pm – 5:00 am +2,Asiana Airlines,EWR‐ICN,23h00m,1,LAX,10:20 am – 11:35 am,Asiana Airlines,ICN‐JFK,14h15m,0,,1805,20220405-1010,best
6:30 am – 2:55 pm +1,United Airlines,EWR‐ICN,19h25m,1,SFO,4:50 pm – 9:49 pm,United Airlines,ICN‐EWR,17h59m,1,SFO,1641,20220405-1010,best
1:50 pm – 5:20 pm +1,Delta,JFK‐ICN,14h30m,0,,10:45 am – 5:42 pm,Delta,ICN‐LGA,19h57m,1,DTW,2060,20220405-1010,best
1:50 pm – 5:20 pm +1,Delta,JFK‐ICN,14h30m,0,,10:00 am – 11:20 am,Delta,ICN‐JFK,14h20m,0,,2225,20220405-1015,fast
12:55 pm – 5:30 pm +1,Asiana Airlines,JFK‐ICN,15h35m,0,,10:20 am – 11:35 am,Asiana Airlines,ICN‐JFK,14h15m,0,,1745,20220405-1015,fast
12:55 pm – 5:30 pm +1,Asiana Airlines,JFK‐ICN,15h35m,0,,10:00 am – 11:20 am,Korean Air,ICN‐JFK,14h20m,0,,2307,20220405-1015,fast
1:10 pm – 5:55 pm +1,Korean Air,JFK‐ICN,15h45m,0,,10:20 am – 11:35 am,Asiana Airlines,ICN‐JFK,14h15m,0,,2478,20220405-1015,fast
1:10 pm – 5:55 pm +1,Korean Air,JFK‐ICN,15h45m,0,,10:00 am – 11:20 am,Korean Air,ICN‐JFK,14h20m,0,,2124,20220405-1015,fast
12:55 pm – 5:30 pm +1,Asiana Airlines,JFK‐ICN,15h35m,0,,6:40 pm – 10:01 pm,Air Canada,ICN‐EWR,16h21m,1,YYZ,2263,20220405-1015,fast
9:30 am – 4:30 pm +1,Korean Air,EWR‐ICN,18h00m,1,DTW,10:20 am – 11:35 am,Asiana Airlines,ICN‐JFK,14h15m,0,,3614,20220405-1015,fast
9:30 am – 4:30 pm +1,Korean Air,EWR‐ICN,18h00m,1,DTW,10:00 am – 11:20 am,Korean Air,ICN‐JFK,14h20m,0,,2149,20220405-1015,fast
9:25 am – 4:30 pm +1,"Delta, Korean Air",LGA‐ICN,18h05m,1,DTW,10:20 am – 11:35 am,Asiana Airlines,ICN‐JFK,14h15m,0,,2374,20220405-1015,fast
9:29 am – 4:30 pm +1,"Delta, Korean Air",JFK‐ICN,18h01m,1,DTW,10:00 am – 11:20 am,Korean Air,ICN‐JFK,14h20m,0,,1914,20220405-1015,fast
9:25 am – 4:30 pm +1,"Delta, Korean Air",LGA‐ICN,18h05m,1,DTW,10:00 am – 11:20 am,Korean Air,ICN‐JFK,14h20m,0,,1914,20220405-1015,fast
1:50 pm – 5:20 pm +1,Delta,JFK‐ICN,14h30m,0,,10:45 am – 3:45 pm,Delta,ICN‐EWR,18h00m,1,DTW,2060,20220405-1015,fast
12:55 pm – 5:30 pm +1,United Airlines,JFK‐ICN,15h35m,0,,4:50 pm – 9:49 pm,United Airlines,ICN‐EWR,17h59m,1,SFO,3937,20220405-1015,fast
12:55 pm – 5:30 pm +1,Asiana Airlines,JFK‐ICN,15h35m,0,,10:45 am – 3:45 pm,Delta,ICN‐EWR,18h00m,1,DTW,1769,20220405-1015,fast
6:30 am – 2:55 pm +1,United Airlines,EWR‐ICN,19h25m,1,SFO,10:20 am – 11:35 am,Asiana Airlines,ICN‐JFK,14h15m,0,,1973,20220405-1015,fast
