Out Time,Out Airline,Out Cities,Out Duration,Out Stops,Out Stop Cities,Return Time,Return Airline,Return Cities,Return Duration,Return Stops,Return Stop Cities,Price,timestamp,sort
11:50 pm – 6:10 pm +2,Turkish Airlines,EWR‐ICN,29h20m,1,IST,11:45 pm – 10:15 pm +1,Turkish Airlines,ICN‐JFK,35h30m,1,IST,956,20220405-1137,cheap
10:40 am – 5:10 pm +1,Air Canada,LGA‐ICN,17h30m,1,YYZ,5:50 pm – 7:52 am +1,Air Canada,ICN‐EWR,27h02m,2,"YVR, YQB",1264,20220405-1137,cheap
10:40 am – 5:10 pm +1,Air Canada,LGA‐ICN,17h30m,1,YYZ,5:50 pm – 8:34 am +1,Air Canada,ICN‐EWR,27h44m,2,"YVR, YUL",1264,20220405-1137,cheap
9:05 am – 5:10 pm +1,Air Canada,EWR‐ICN,19h05m,1,YYZ,5:50 pm – 7:52 am +1,Air Canada,ICN‐EWR,27h02m,2,"YVR, YQB",1264,20220405-1137,cheap
9:05 am – 5:10 pm +1,Air Canada,LGA‐ICN,19h05m,1,YYZ,5:50 pm – 7:52 am +1,Air Canada,ICN‐EWR,27h02m,2,"YVR, YQB",1264,20220405-1137,cheap
9:05 am – 5:10 pm +1,Air Canada,EWR‐ICN,19h05m,1,YYZ,5:50 pm – 8:34 am +1,Air Canada,ICN‐EWR,27h44m,2,"YVR, YUL",1264,20220405-1137,cheap
9:05 am – 5:10 pm +1,Air Canada,LGA‐ICN,19h05m,1,YYZ,5:50 pm – 8:34 am +1,Air Canada,ICN‐EWR,27h44m,2,"YVR, YUL",1264,20220405-1137,cheap
8:01 am – 5:10 pm +1,Air Canada,EWR‐ICN,20h09m,1,YYZ,5:50 pm – 7:52 am +1,Air Canada,ICN‐EWR,27h02m,2,"YVR, YQB",1264,20220405-1137,cheap
8:01 am – 5:10 pm +1,Air Canada,EWR‐ICN,20h09m,1,YYZ,5:50 pm – 8:34 am +1,Air Canada,ICN‐EWR,27h44m,2,"YVR, YUL",1264,20220405-1137,cheap
7:00 am – 5:10 pm +1,Air Canada,LGA‐ICN,21h10m,1,YYZ,5:50 pm – 7:52 am +1,Air Canada,ICN‐EWR,27h02m,2,"YVR, YQB",1264,20220405-1137,cheap
10:40 am – 5:10 pm +1,Air Canada,LGA‐ICN,17h30m,1,YYZ,5:50 pm – 11:47 am +1,Air Canada,ICN‐EWR,30h57m,2,"YVR, YUL",1264,20220405-1137,cheap
10:40 am – 5:10 pm +1,Air Canada,LGA‐ICN,17h30m,1,YYZ,5:50 pm – 11:47 am +1,Air Canada,ICN‐EWR,30h57m,2,"YVR, YUL",1264,20220405-1137,cheap
1:55 pm – 5:20 pm +1,Asiana Airlines,JFK‐ICN,14h25m,0,,4:50 pm – 12:49 am +1,United Airlines,ICN‐EWR,20h59m,1,SFO,1266,20220405-1137,cheap
10:40 am – 5:10 pm +1,Air Canada,LGA‐ICN,17h30m,1,YYZ,5:50 pm – 10:02 am +1,Air Canada,ICN‐LGA,29h12m,2,"YVR, YUL",1267,20220405-1137,cheap
10:40 am – 5:10 pm +1,Air Canada,LGA‐ICN,17h30m,1,YYZ,5:50 pm – 10:02 am +1,Air Canada,ICN‐LGA,29h12m,2,"YVR, YUL",1267,20220405-1137,cheap
11:50 pm – 6:10 pm +2,Turkish Airlines,EWR‐ICN,29h20m,1,IST,11:45 pm – 10:15 pm +1,Turkish Airlines,ICN‐JFK,35h30m,1,IST,1092,20220405-1135,best
1:55 pm – 5:20 pm +1,Asiana Airlines,JFK‐ICN,14h25m,0,,10:20 am – 11:35 am,Asiana Airlines,ICN‐JFK,14h15m,0,,2051,20220405-1135,best
11:50 pm – 6:10 pm +2,Turkish Airlines,EWR‐ICN,29h20m,1,IST,11:45 pm – 10:15 pm +1,Turkish Airlines,ICN‐JFK,35h30m,1,IST,956,20220405-1135,best
1:50 pm – 5:20 pm +1,Korean Air,JFK‐ICN,14h30m,0,,10:00 am – 11:20 am,Korean Air,ICN‐JFK,14h20m,0,,2049,20220405-1135,best
1:50 pm – 5:20 pm +1,Korean Air,JFK‐ICN,14h30m,0,,10:45 am – 2:21 pm,Korean Air,ICN‐LGA,16h36m,1,DTW,1902,20220405-1135,best
1:50 pm – 5:20 pm +1,Korean Air,JFK‐ICN,14h30m,0,,6:40 pm – 10:59 pm,Korean Air,ICN‐EWR,17h19m,1,ATL,1903,20220405-1135,best
1:50 pm – 5:20 pm +1,Korean Air,JFK‐ICN,14h30m,0,,10:45 am – 3:45 pm,Korean Air,ICN‐EWR,18h00m,1,DTW,1904,20220405-1135,best
1:50 pm – 5:20 pm +1,Korean Air,JFK‐ICN,14h30m,0,,6:40 pm – 11:43 pm,Korean Air,ICN‐JFK,18h03m,1,ATL,1904,20220405-1135,best
1:50 pm – 5:20 pm +1,Korean Air,JFK‐ICN,14h30m,0,,6:40 pm – 11:52 pm,Korean Air,ICN‐LGA,18h12m,1,ATL,1902,20220405-1135,best
10:40 am – 5:10 pm +1,Air Canada,LGA‐ICN,17h30m,1,YYZ,5:50 pm – 7:52 am +1,Air Canada,ICN‐EWR,27h02m,2,"YVR, YQB",1264,20220405-1135,best
1:50 pm – 5:20 pm +1,Delta,JFK‐ICN,14h30m,0,,10:45 am – 4:29 pm,Delta,ICN‐LGA,18h44m,1,DTW,1969,20220405-1135,best
10:40 am – 5:10 pm +1,Air Canada,LGA‐ICN,17h30m,1,YYZ,5:50 pm – 8:34 am +1,Air Canada,ICN‐EWR,27h44m,2,"YVR, YUL",1264,20220405-1135,best
1:55 pm – 5:20 pm +1,Asiana Airlines,JFK‐ICN,14h25m,0,,2:40 pm – 8:53 pm,Asiana Airlines,ICN‐EWR,19h13m,1,LAX,1985,20220405-1135,best
1:50 pm – 5:20 pm +1,Delta,JFK‐ICN,14h30m,0,,6:40 pm – 12:48 am +1,Delta,ICN‐EWR,19h08m,1,ATL,1985,20220405-1135,best
1:55 pm – 5:20 pm +1,Asiana Airlines,JFK‐ICN,14h25m,0,,6:40 pm – 10:59 pm,Korean Air,ICN‐EWR,17h19m,1,ATL,2083,20220405-1135,best
9:05 am – 5:10 pm +1,Air Canada,EWR‐ICN,19h05m,1,YYZ,5:50 pm – 7:52 am +1,Air Canada,ICN‐EWR,27h02m,2,"YVR, YQB",1264,20220405-1135,best
9:05 am – 5:10 pm +1,Air Canada,LGA‐ICN,19h05m,1,YYZ,5:50 pm – 7:52 am +1,Air Canada,ICN‐EWR,27h02m,2,"YVR, YQB",1264,20220405-1135,best
1:55 pm – 5:20 pm +1,Asiana Airlines,JFK‐ICN,14h25m,0,,10:20 am – 11:35 am,Asiana Airlines,ICN‐JFK,14h15m,0,,2051,20220405-1140,fast
1:55 pm – 5:20 pm +1,Asiana Airlines,JFK‐ICN,14h25m,0,,10:00 am – 11:20 am,Korean Air,ICN‐JFK,14h20m,0,,2001,20220405-1140,fast
1:50 pm – 5:20 pm +1,Korean Air,JFK‐ICN,14h30m,0,,10:20 am – 11:35 am,Asiana Airlines,ICN‐JFK,14h15m,0,,2644,20220405-1140,fast
1:50 pm – 5:20 pm +1,Korean Air,JFK‐ICN,14h30m,0,,10:00 am – 11:20 am,Korean Air,ICN‐JFK,14h20m,0,,2049,20220405-1140,fast
1:55 pm – 5:20 pm +1,Asiana Airlines,JFK‐ICN,14h25m,0,,10:45 am – 2:21 pm,Delta,ICN‐LGA,16h36m,1,DTW,1388,20220405-1140,fast
1:50 pm – 5:20 pm +1,Korean Air,JFK‐ICN,14h30m,0,,10:45 am – 2:21 pm,Korean Air,ICN‐LGA,16h36m,1,DTW,1902,20220405-1140,fast
1:50 pm – 5:20 pm +1,Korean Air,JFK‐ICN,14h30m,0,,9:30 am – 1:23 pm,Korean Air,ICN‐LGA,16h53m,1,BOS,2388,20220405-1140,fast
1:55 pm – 5:20 pm +1,Asiana Airlines,JFK‐ICN,14h25m,0,,6:40 pm – 10:59 pm,Korean Air,ICN‐EWR,17h19m,1,ATL,2083,20220405-1140,fast
10:00 am – 4:25 pm +1,Korean Air,LGA‐ICN,17h25m,1,BOS,10:00 am – 11:20 am,Delta,ICN‐JFK,14h20m,0,,2962,20220405-1140,fast
1:50 pm – 5:20 pm +1,Korean Air,JFK‐ICN,14h30m,0,,6:40 pm – 10:59 pm,Korean Air,ICN‐EWR,17h19m,1,ATL,1903,20220405-1140,fast
9:59 am – 4:30 pm +1,Korean Air,LGA‐ICN,17h31m,1,DTW,10:00 am – 11:20 am,Korean Air,ICN‐JFK,14h20m,0,,2282,20220405-1140,fast
1:50 pm – 5:20 pm +1,Korean Air,JFK‐ICN,14h30m,0,,9:30 am – 1:58 pm,Korean Air,ICN‐JFK,17h28m,1,BOS,2388,20220405-1140,fast
1:50 pm – 5:20 pm +1,Korean Air,JFK‐ICN,14h30m,0,,10:40 am – 3:11 pm,Korean Air,ICN‐LGA,17h31m,1,ORD,2663,20220405-1140,fast
9:30 am – 4:30 pm +1,Korean Air,EWR‐ICN,18h00m,1,DTW,10:00 am – 11:20 am,Korean Air,ICN‐JFK,14h20m,0,,2282,20220405-1140,fast
1:55 pm – 5:20 pm +1,United Airlines,JFK‐ICN,14h25m,0,,4:50 pm – 9:49 pm,United Airlines,ICN‐EWR,17h59m,1,SFO,4112,20220405-1140,fast
