Out Time,Out Airline,Out Cities,Out Duration,Out Stops,Out Stop Cities,Return Time,Return Airline,Return Cities,Return Duration,Return Stops,Return Stop Cities,Price,timestamp,sort
11:50 pm – 6:10 pm +2,Turkish Airlines,EWR‐ICN,29h20m,1,IST,11:45 pm – 10:15 pm +1,Turkish Airlines,ICN‐JFK,35h30m,1,IST,1098,20220405-0756,cheap
5:00 am – 2:55 pm +1,United Airlines,EWR‐ICN,20h55m,2,"ORD, SFO",4:50 pm – 7:00 am +1,United Airlines,ICN‐EWR,27h10m,2,"SFO, LAX",1209,20220405-0756,cheap
9:31 pm – 2:55 pm +2,United Airlines,EWR‐ICN,28h24m,2,"DEN, SFO",4:50 pm – 11:23 pm,United Airlines,ICN‐LGA,19h33m,2,"SFO, IAD",1215,20220405-0756,cheap
9:00 pm – 2:55 pm +2,United Airlines,LGA‐ICN,28h55m,2,"ORD, SFO",4:50 pm – 11:23 pm,United Airlines,ICN‐LGA,19h33m,2,"SFO, IAD",1215,20220405-0756,cheap
6:30 am – 2:55 pm +1,United Airlines,JFK‐ICN,19h25m,1,SFO,4:50 pm – 9:07 am +1,United Airlines,ICN‐LGA,29h17m,2,"SFO, ORD",1215,20220405-0756,cheap
9:00 pm – 2:55 pm +2,United Airlines,LGA‐ICN,28h55m,2,"ORD, SFO",4:50 pm – 11:38 pm,United Airlines,ICN‐LGA,19h48m,2,"SFO, ORD",1215,20220405-0756,cheap
9:40 am – 4:30 pm +1,Delta,LGA‐ICN,17h50m,1,DTW,10:45 am – 2:18 pm,Delta,ICN‐LGA,16h33m,1,DTW,1232,20220405-0756,cheap
9:40 am – 4:30 pm +1,Delta,LGA‐ICN,17h50m,1,DTW,6:40 pm – 11:52 pm,Delta,ICN‐LGA,18h12m,1,ATL,1232,20220405-0756,cheap
9:40 am – 4:30 pm +1,Delta,LGA‐ICN,17h50m,1,DTW,10:45 am – 4:57 pm,Delta,ICN‐LGA,19h12m,1,DTW,1232,20220405-0756,cheap
6:30 am – 2:55 pm +1,United Airlines,JFK‐ICN,19h25m,1,SFO,4:50 pm – 9:44 pm,United Airlines,ICN‐EWR,17h54m,1,SFO,1232,20220405-0756,cheap
6:00 am – 4:30 pm +1,Delta,LGA‐ICN,21h30m,1,DTW,10:45 am – 2:18 pm,Delta,ICN‐LGA,16h33m,1,DTW,1232,20220405-0756,cheap
6:30 am – 2:55 pm +1,United Airlines,JFK‐ICN,19h25m,1,SFO,4:50 pm – 11:09 pm,United Airlines,ICN‐EWR,19h19m,1,SFO,1232,20220405-0756,cheap
6:00 am – 4:30 pm +1,Delta,LGA‐ICN,21h30m,1,DTW,6:40 pm – 11:52 pm,Delta,ICN‐LGA,18h12m,1,ATL,1232,20220405-0756,cheap
9:40 am – 4:30 pm +1,Delta,LGA‐ICN,17h50m,1,DTW,10:45 am – 7:54 pm,Delta,ICN‐LGA,22h09m,1,DTW,1232,20220405-0756,cheap
6:30 am – 2:55 pm +1,United Airlines,JFK‐ICN,19h25m,1,SFO,4:50 pm – 12:44 am +1,United Airlines,ICN‐EWR,20h54m,1,SFO,1232,20220405-0756,cheap
11:50 pm – 6:10 pm +2,Turkish Airlines,EWR‐ICN,29h20m,1,IST,11:45 pm – 10:15 pm +1,Turkish Airlines,ICN‐JFK,35h30m,1,IST,1167,20220405-0754,best
12:55 pm – 5:30 pm +1,Asiana Airlines,JFK‐ICN,15h35m,0,,9:50 am – 11:05 am,Asiana Airlines,ICN‐JFK,14h15m,0,,1521,20220405-0754,best
9:40 am – 4:30 pm +1,Delta,LGA‐ICN,17h50m,1,DTW,10:45 am – 2:18 pm,Delta,ICN‐LGA,16h33m,1,DTW,1232,20220405-0754,best
9:40 am – 4:30 pm +1,Delta,LGA‐ICN,17h50m,1,DTW,6:40 pm – 11:52 pm,Delta,ICN‐LGA,18h12m,1,ATL,1232,20220405-0754,best
9:30 am – 4:30 pm +1,Korean Air,EWR‐ICN,18h00m,1,DTW,10:45 am – 2:18 pm,Korean Air,ICN‐LGA,16h33m,1,DTW,1360,20220405-0754,best
9:40 am – 4:30 pm +1,Delta,LGA‐ICN,17h50m,1,DTW,10:45 am – 4:57 pm,Delta,ICN‐LGA,19h12m,1,DTW,1232,20220405-0754,best
9:40 am – 4:30 pm +1,Korean Air,LGA‐ICN,17h50m,1,DTW,6:40 pm – 11:02 pm,Korean Air,ICN‐EWR,17h22m,1,ATL,1360,20220405-0754,best
9:15 am – 4:30 pm +1,Delta,JFK‐ICN,18h15m,1,DTW,10:45 am – 2:18 pm,Delta,ICN‐LGA,16h33m,1,DTW,1399,20220405-0754,best
6:30 am – 2:55 pm +1,United Airlines,JFK‐ICN,19h25m,1,SFO,4:50 pm – 9:44 pm,United Airlines,ICN‐EWR,17h54m,1,SFO,1232,20220405-0754,best
9:40 am – 4:30 pm +1,Korean Air,LGA‐ICN,17h50m,1,DTW,6:40 pm – 11:36 pm,Korean Air,ICN‐JFK,17h56m,1,ATL,1360,20220405-0754,best
6:00 am – 4:30 pm +1,Delta,LGA‐ICN,21h30m,1,DTW,10:45 am – 2:18 pm,Delta,ICN‐LGA,16h33m,1,DTW,1232,20220405-0754,best
9:30 am – 4:30 pm +1,Korean Air,EWR‐ICN,18h00m,1,DTW,6:40 pm – 11:52 pm,Korean Air,ICN‐LGA,18h12m,1,ATL,1360,20220405-0754,best
9:40 am – 4:30 pm +1,Korean Air,LGA‐ICN,17h50m,1,DTW,10:45 am – 4:24 pm,Korean Air,ICN‐EWR,18h39m,1,DTW,1360,20220405-0754,best
6:30 am – 2:55 pm +1,United Airlines,JFK‐ICN,19h25m,1,SFO,4:50 pm – 11:09 pm,United Airlines,ICN‐EWR,19h19m,1,SFO,1232,20220405-0754,best
6:44 am – 3:15 pm +1,American Airlines,LGA‐ICN,19h31m,1,DFW,5:25 pm – 10:00 pm,American Airlines,ICN‐EWR,17h35m,1,DFW,1330,20220405-0754,best
6:44 am – 3:15 pm +1,American Airlines,LGA‐ICN,19h31m,1,DFW,5:25 pm – 10:10 pm,American Airlines,ICN‐LGA,17h45m,1,DFW,1330,20220405-0754,best
11:50 pm – 6:10 pm +2,Turkish Airlines,EWR‐ICN,29h20m,1,IST,11:45 pm – 10:15 pm +1,Turkish Airlines,ICN‐JFK,35h30m,1,IST,1098,20220405-0759,fast
5:00 am – 2:55 pm +1,United Airlines,EWR‐ICN,20h55m,2,"ORD, SFO",4:50 pm – 7:00 am +1,United Airlines,ICN‐EWR,27h10m,2,"SFO, LAX",1209,20220405-0759,fast
9:31 pm – 2:55 pm +2,United Airlines,EWR‐ICN,28h24m,2,"DEN, SFO",4:50 pm – 11:23 pm,United Airlines,ICN‐LGA,19h33m,2,"SFO, IAD",1215,20220405-0759,fast
9:00 pm – 2:55 pm +2,United Airlines,LGA‐ICN,28h55m,2,"ORD, SFO",4:50 pm – 11:23 pm,United Airlines,ICN‐LGA,19h33m,2,"SFO, IAD",1215,20220405-0759,fast
6:30 am – 2:55 pm +1,United Airlines,JFK‐ICN,19h25m,1,SFO,4:50 pm – 9:07 am +1,United Airlines,ICN‐LGA,29h17m,2,"SFO, ORD",1215,20220405-0759,fast
9:00 pm – 2:55 pm +2,United Airlines,LGA‐ICN,28h55m,2,"ORD, SFO",4:50 pm – 11:38 pm,United Airlines,ICN‐LGA,19h48m,2,"SFO, ORD",1215,20220405-0759,fast
9:40 am – 4:30 pm +1,Delta,LGA‐ICN,17h50m,1,DTW,10:45 am – 2:18 pm,Delta,ICN‐LGA,16h33m,1,DTW,1232,20220405-0759,fast
9:40 am – 4:30 pm +1,Delta,LGA‐ICN,17h50m,1,DTW,6:40 pm – 11:52 pm,Delta,ICN‐LGA,18h12m,1,ATL,1232,20220405-0759,fast
9:40 am – 4:30 pm +1,Delta,LGA‐ICN,17h50m,1,DTW,10:45 am – 4:57 pm,Delta,ICN‐LGA,19h12m,1,DTW,1232,20220405-0759,fast
6:30 am – 2:55 pm +1,United Airlines,JFK‐ICN,19h25m,1,SFO,4:50 pm – 9:44 pm,United Airlines,ICN‐EWR,17h54m,1,SFO,1232,20220405-0759,fast
6:00 am – 4:30 pm +1,Delta,LGA‐ICN,21h30m,1,DTW,10:45 am – 2:18 pm,Delta,ICN‐LGA,16h33m,1,DTW,1232,20220405-0759,fast
6:30 am – 2:55 pm +1,United Airlines,JFK‐ICN,19h25m,1,SFO,4:50 pm – 11:09 pm,United Airlines,ICN‐EWR,19h19m,1,SFO,1232,20220405-0759,fast
6:00 am – 4:30 pm +1,Delta,LGA‐ICN,21h30m,1,DTW,6:40 pm – 11:52 pm,Delta,ICN‐LGA,18h12m,1,ATL,1232,20220405-0759,fast
9:40 am – 4:30 pm +1,Delta,LGA‐ICN,17h50m,1,DTW,10:45 am – 7:54 pm,Delta,ICN‐LGA,22h09m,1,DTW,1232,20220405-0759,fast
6:30 am – 2:55 pm +1,United Airlines,JFK‐ICN,19h25m,1,SFO,4:50 pm – 12:44 am +1,United Airlines,ICN‐EWR,20h54m,1,SFO,1232,20220405-0759,fast
