Out Time,Out Airline,Out Cities,Out Duration,Out Stops,Out Stop Cities,Return Time,Return Airline,Return Cities,Return Duration,Return Stops,Return Stop Cities,Price,timestamp,sort
6:44 am – 3:15 pm +1,American Airlines,LGA‐ICN,19h31m,1,DFW,5:25 pm – 10:00 pm,American Airlines,ICN‐EWR,17h35m,1,DFW,1330,20220405-0655,cheap
6:34 am – 3:15 pm +1,American Airlines,EWR‐ICN,19h41m,1,DFW,5:25 pm – 10:00 pm,American Airlines,ICN‐EWR,17h35m,1,DFW,1330,20220405-0655,cheap
6:44 am – 3:15 pm +1,American Airlines,LGA‐ICN,19h31m,1,DFW,5:25 pm – 10:10 pm,American Airlines,ICN‐LGA,17h45m,1,DFW,1330,20220405-0655,cheap
6:30 am – 3:15 pm +1,American Airlines,JFK‐ICN,19h45m,1,DFW,5:25 pm – 10:00 pm,American Airlines,ICN‐EWR,17h35m,1,DFW,1330,20220405-0655,cheap
6:34 am – 3:15 pm +1,American Airlines,EWR‐ICN,19h41m,1,DFW,5:25 pm – 10:10 pm,American Airlines,ICN‐LGA,17h45m,1,DFW,1330,20220405-0655,cheap
6:30 am – 3:15 pm +1,American Airlines,JFK‐ICN,19h45m,1,DFW,5:25 pm – 10:10 pm,American Airlines,ICN‐LGA,17h45m,1,DFW,1330,20220405-0655,cheap
5:55 am – 3:15 pm +1,American Airlines,LGA‐ICN,20h20m,1,DFW,5:25 pm – 10:00 pm,American Airlines,ICN‐EWR,17h35m,1,DFW,1330,20220405-0655,cheap
5:55 am – 3:15 pm +1,American Airlines,LGA‐ICN,20h20m,1,DFW,5:25 pm – 10:10 pm,American Airlines,ICN‐LGA,17h45m,1,DFW,1330,20220405-0655,cheap
6:44 am – 3:15 pm +1,American Airlines,LGA‐ICN,19h31m,1,DFW,5:25 pm – 11:28 pm,American Airlines,ICN‐EWR,19h03m,1,DFW,1330,20220405-0655,cheap
6:44 am – 3:15 pm +1,American Airlines,LGA‐ICN,19h31m,1,DFW,5:25 pm – 11:30 pm,American Airlines,ICN‐LGA,19h05m,1,DFW,1330,20220405-0655,cheap
6:34 am – 3:15 pm +1,American Airlines,EWR‐ICN,19h41m,1,DFW,5:25 pm – 11:28 pm,American Airlines,ICN‐EWR,19h03m,1,DFW,1330,20220405-0655,cheap
6:34 am – 3:15 pm +1,American Airlines,EWR‐ICN,19h41m,1,DFW,5:25 pm – 11:30 pm,American Airlines,ICN‐LGA,19h05m,1,DFW,1330,20220405-0655,cheap
6:30 am – 3:15 pm +1,American Airlines,JFK‐ICN,19h45m,1,DFW,5:25 pm – 11:28 pm,American Airlines,ICN‐EWR,19h03m,1,DFW,1330,20220405-0655,cheap
6:30 am – 3:15 pm +1,American Airlines,JFK‐ICN,19h45m,1,DFW,5:25 pm – 11:30 pm,American Airlines,ICN‐LGA,19h05m,1,DFW,1330,20220405-0655,cheap
5:55 am – 3:15 pm +1,American Airlines,LGA‐ICN,20h20m,1,DFW,5:25 pm – 11:28 pm,American Airlines,ICN‐EWR,19h03m,1,DFW,1330,20220405-0655,cheap
7:00 am – 3:50 pm +1,Delta,LGA‐ICN,19h50m,1,ATL,12:30 pm – 8:23 pm,Delta,ICN‐JFK,20h53m,1,SEA,1399,20220405-0653,best
12:55 pm – 5:30 pm +1,Asiana Airlines,JFK‐ICN,15h35m,0,,9:50 am – 11:05 am,Asiana Airlines,ICN‐JFK,14h15m,0,,1567,20220405-0653,best
6:44 am – 3:15 pm +1,American Airlines,LGA‐ICN,19h31m,1,DFW,5:25 pm – 10:00 pm,American Airlines,ICN‐EWR,17h35m,1,DFW,1330,20220405-0653,best
1:50 pm – 5:20 pm +1,Delta,JFK‐ICN,14h30m,0,,10:00 am – 11:20 am,Delta,ICN‐JFK,14h20m,0,,2000,20220405-0653,best
1:10 pm – 5:55 pm +1,Korean Air,JFK‐ICN,15h45m,0,,10:00 am – 11:20 am,Korean Air,ICN‐JFK,14h20m,0,,1931,20220405-0653,best
8:00 am – 3:50 pm +1,Korean Air,EWR‐ICN,18h50m,1,ATL,10:00 am – 11:20 am,Korean Air,ICN‐JFK,14h20m,0,,1674,20220405-0653,best
8:00 am – 3:50 pm +1,Korean Air,LGA‐ICN,18h50m,1,ATL,10:00 am – 11:20 am,Korean Air,ICN‐JFK,14h20m,0,,1674,20220405-0653,best
7:30 am – 3:15 pm +1,Korean Air,JFK‐ICN,18h45m,1,SEA,10:00 am – 11:20 am,Korean Air,ICN‐JFK,14h20m,0,,1674,20220405-0653,best
1:10 pm – 5:55 pm +1,Korean Air,JFK‐ICN,15h45m,0,,9:50 am – 11:05 am,Asiana Airlines,ICN‐JFK,14h15m,0,,2125,20220405-0653,best
8:00 am – 3:50 pm +1,Delta,LGA‐ICN,18h50m,1,ATL,10:00 am – 11:20 am,Delta,ICN‐JFK,14h20m,0,,1730,20220405-0653,best
7:00 am – 3:50 pm +1,Korean Air,LGA‐ICN,19h50m,1,ATL,10:00 am – 11:20 am,Korean Air,ICN‐JFK,14h20m,0,,1674,20220405-0653,best
7:00 am – 3:50 pm +1,Korean Air,EWR‐ICN,19h50m,1,ATL,10:00 am – 11:20 am,Korean Air,ICN‐JFK,14h20m,0,,1674,20220405-0653,best
6:34 am – 3:15 pm +1,American Airlines,EWR‐ICN,19h41m,1,DFW,5:25 pm – 10:00 pm,American Airlines,ICN‐EWR,17h35m,1,DFW,1330,20220405-0653,best
6:30 am – 3:15 pm +1,American Airlines,JFK‐ICN,19h45m,1,DFW,5:25 pm – 10:00 pm,American Airlines,ICN‐EWR,17h35m,1,DFW,1330,20220405-0653,best
6:34 am – 3:15 pm +1,American Airlines,EWR‐ICN,19h41m,1,DFW,5:25 pm – 10:10 pm,American Airlines,ICN‐LGA,17h45m,1,DFW,1330,20220405-0653,best
7:00 am – 3:50 pm +1,Delta,EWR‐ICN,19h50m,1,ATL,10:00 am – 11:20 am,Delta,ICN‐JFK,14h20m,0,,1730,20220405-0653,best
1:50 pm – 5:20 pm +1,Delta,JFK‐ICN,14h30m,0,,9:50 am – 11:05 am,Asiana Airlines,ICN‐JFK,14h15m,0,,2228,20220405-0658,fast
1:50 pm – 5:20 pm +1,Delta,JFK‐ICN,14h30m,0,,10:00 am – 11:20 am,Delta,ICN‐JFK,14h20m,0,,2000,20220405-0658,fast
12:55 pm – 5:30 pm +1,Asiana Airlines,JFK‐ICN,15h35m,0,,9:50 am – 11:05 am,Asiana Airlines,ICN‐JFK,14h15m,0,,1567,20220405-0658,fast
12:55 pm – 5:30 pm +1,Thai Airways,JFK‐ICN,15h35m,0,,10:00 am – 11:20 am,Korean Air,ICN‐JFK,14h20m,0,,2035,20220405-0658,fast
1:10 pm – 5:55 pm +1,Korean Air,JFK‐ICN,15h45m,0,,9:50 am – 11:05 am,Asiana Airlines,ICN‐JFK,14h15m,0,,2125,20220405-0658,fast
1:10 pm – 5:55 pm +1,Korean Air,JFK‐ICN,15h45m,0,,10:00 am – 11:20 am,Korean Air,ICN‐JFK,14h20m,0,,1931,20220405-0658,fast
9:30 am – 4:50 pm +1,Delta,JFK‐ICN,18h20m,1,IAD,10:00 am – 11:20 am,Delta,ICN‐JFK,14h20m,0,,1905,20220405-0658,fast
1:50 pm – 5:20 pm +1,Delta,JFK‐ICN,14h30m,0,,9:20 am – 2:43 pm,"Korean Air, Delta",ICN‐LGA,18h23m,1,ATL,2911,20220405-0658,fast
1:50 pm – 5:20 pm +1,Delta,JFK‐ICN,14h30m,0,,12:30 pm – 5:54 pm,"Korean Air, Alaska Airlines",ICN‐JFK,18h24m,1,SEA,2889,20220405-0658,fast
7:30 am – 3:15 pm +1,Korean Air,JFK‐ICN,18h45m,1,SEA,9:50 am – 11:05 am,Asiana Airlines,ICN‐JFK,14h15m,0,,2750,20220405-0658,fast
7:59 am – 3:40 pm +1,Air Canada,EWR‐ICN,18h41m,1,YYZ,10:00 am – 11:20 am,Delta,ICN‐JFK,14h20m,0,,5618,20220405-0658,fast
7:30 am – 3:15 pm +1,Korean Air,JFK‐ICN,18h45m,1,SEA,10:00 am – 11:20 am,Korean Air,ICN‐JFK,14h20m,0,,1674,20220405-0658,fast
8:00 am – 3:50 pm +1,Korean Air,EWR‐ICN,18h50m,1,ATL,9:50 am – 11:05 am,Asiana Airlines,ICN‐JFK,14h15m,0,,1866,20220405-0658,fast
8:00 am – 3:50 pm +1,Korean Air,LGA‐ICN,18h50m,1,ATL,9:50 am – 11:05 am,Asiana Airlines,ICN‐JFK,14h15m,0,,1878,20220405-0658,fast
8:00 am – 3:50 pm +1,Korean Air,EWR‐ICN,18h50m,1,ATL,10:00 am – 11:20 am,Korean Air,ICN‐JFK,14h20m,0,,1674,20220405-0658,fast
