Out Time,Out Airline,Out Cities,Out Duration,Out Stops,Out Stop Cities,Return Time,Return Airline,Return Cities,Return Duration,Return Stops,Return Stop Cities,Price,timestamp,sort
10:40 am – 5:10 pm +1,Air Canada,LGA‐ICN,17h30m,1,YYZ,5:45 pm – 7:40 am +1,Air Canada,ICN‐EWR,26h55m,2,"YVR, YUL",1220,20220407-2008,cheap
10:40 am – 5:10 pm +1,Air Canada,LGA‐ICN,17h30m,1,YYZ,5:45 pm – 7:40 am +1,Air Canada,ICN‐EWR,26h55m,2,"YVR, YUL",1220,20220407-2008,cheap
9:05 am – 5:10 pm +1,Air Canada,EWR‐ICN,19h05m,1,YYZ,5:45 pm – 7:40 am +1,Air Canada,ICN‐EWR,26h55m,2,"YVR, YUL",1220,20220407-2008,cheap
9:05 am – 5:10 pm +1,Air Canada,EWR‐ICN,19h05m,1,YYZ,5:45 pm – 7:40 am +1,Air Canada,ICN‐EWR,26h55m,2,"YVR, YUL",1220,20220407-2008,cheap
9:05 am – 5:10 pm +1,Air Canada,LGA‐ICN,19h05m,1,YYZ,5:45 pm – 7:40 am +1,Air Canada,ICN‐EWR,26h55m,2,"YVR, YUL",1220,20220407-2008,cheap
9:05 am – 5:10 pm +1,Air Canada,LGA‐ICN,19h05m,1,YYZ,5:45 pm – 7:40 am +1,Air Canada,ICN‐EWR,26h55m,2,"YVR, YUL",1220,20220407-2008,cheap
10:40 am – 5:10 pm +1,Air Canada,LGA‐ICN,17h30m,1,YYZ,5:45 pm – 9:59 am +1,Air Canada,ICN‐EWR,29h14m,2,"YVR, YUL",1220,20220407-2008,cheap
10:40 am – 5:10 pm +1,Air Canada,LGA‐ICN,17h30m,1,YYZ,5:45 pm – 9:59 am +1,Air Canada,ICN‐EWR,29h14m,2,"YVR, YUL",1220,20220407-2008,cheap
10:40 am – 5:10 pm +1,Air Canada,LGA‐ICN,17h30m,1,YYZ,5:45 pm – 9:59 am +1,Air Canada,ICN‐EWR,29h14m,2,"YVR, YUL",1220,20220407-2008,cheap
10:40 am – 5:10 pm +1,Air Canada,LGA‐ICN,17h30m,1,YYZ,5:45 pm – 10:06 am +1,Air Canada,ICN‐LGA,29h21m,2,"YVR, YUL",1220,20220407-2008,cheap
10:40 am – 5:10 pm +1,Air Canada,LGA‐ICN,17h30m,1,YYZ,5:45 pm – 10:06 am +1,Air Canada,ICN‐LGA,29h21m,2,"YVR, YUL",1220,20220407-2008,cheap
10:40 am – 5:10 pm +1,Air Canada,LGA‐ICN,17h30m,1,YYZ,5:45 pm – 10:06 am +1,Air Canada,ICN‐LGA,29h21m,2,"YVR, YUL",1220,20220407-2008,cheap
6:25 am – 4:00 pm +1,Air Canada,EWR‐ICN,20h35m,2,"YYZ, YVR",5:45 pm – 7:40 am +1,Air Canada,ICN‐EWR,26h55m,2,"YVR, YUL",1220,20220407-2008,cheap
6:25 am – 4:00 pm +1,Air Canada,EWR‐ICN,20h35m,2,"YYZ, YVR",5:45 pm – 7:40 am +1,Air Canada,ICN‐EWR,26h55m,2,"YVR, YUL",1220,20220407-2008,cheap
7:00 am – 5:10 pm +1,Air Canada,LGA‐ICN,21h10m,1,YYZ,5:45 pm – 7:40 am +1,Air Canada,ICN‐EWR,26h55m,2,"YVR, YUL",1220,20220407-2008,cheap
10:40 am – 5:10 pm +1,Air Canada,LGA‐ICN,17h30m,1,YYZ,6:40 pm – 10:01 pm,Air Canada,ICN‐LGA,16h21m,1,YYZ,1317,20220407-2005,best
1:55 pm – 5:20 pm +1,Asiana Airlines,JFK‐ICN,14h25m,0,,10:20 am – 11:35 am,Asiana Airlines,ICN‐JFK,14h15m,0,,1612,20220407-2005,best
10:40 am – 5:10 pm +1,Air Canada,LGA‐ICN,17h30m,1,YYZ,5:45 pm – 7:40 am +1,Air Canada,ICN‐EWR,26h55m,2,"YVR, YUL",1220,20220407-2005,best
10:40 am – 5:10 pm +1,Air Canada,LGA‐ICN,17h30m,1,YYZ,6:40 pm – 10:01 pm,Air Canada,ICN‐LGA,16h21m,1,YYZ,1226,20220407-2005,best
10:40 am – 5:10 pm +1,Air Canada,LGA‐ICN,17h30m,1,YYZ,6:40 pm – 10:31 pm,Air Canada,ICN‐EWR,16h51m,1,YYZ,1226,20220407-2005,best
9:05 am – 5:10 pm +1,Air Canada,LGA‐ICN,19h05m,1,YYZ,6:40 pm – 10:01 pm,Air Canada,ICN‐LGA,16h21m,1,YYZ,1226,20220407-2005,best
9:05 am – 5:10 pm +1,Air Canada,EWR‐ICN,19h05m,1,YYZ,6:40 pm – 10:01 pm,Air Canada,ICN‐LGA,16h21m,1,YYZ,1226,20220407-2005,best
9:05 am – 5:10 pm +1,Air Canada,LGA‐ICN,19h05m,1,YYZ,6:40 pm – 10:31 pm,Air Canada,ICN‐EWR,16h51m,1,YYZ,1226,20220407-2005,best
9:05 am – 5:10 pm +1,Air Canada,EWR‐ICN,19h05m,1,YYZ,6:40 pm – 10:31 pm,Air Canada,ICN‐EWR,16h51m,1,YYZ,1226,20220407-2005,best
1:50 pm – 5:20 pm +1,Korean Air,JFK‐ICN,14h30m,0,,10:00 am – 11:20 am,Korean Air,ICN‐JFK,14h20m,0,,1884,20220407-2005,best
7:00 am – 5:10 pm +1,Air Canada,LGA‐ICN,21h10m,1,YYZ,6:40 pm – 10:01 pm,Air Canada,ICN‐LGA,16h21m,1,YYZ,1226,20220407-2005,best
7:00 am – 5:10 pm +1,Air Canada,LGA‐ICN,21h10m,1,YYZ,6:40 pm – 10:31 pm,Air Canada,ICN‐EWR,16h51m,1,YYZ,1226,20220407-2005,best
6:25 am – 5:10 pm +1,Air Canada,EWR‐ICN,21h45m,1,YYZ,6:40 pm – 10:01 pm,Air Canada,ICN‐LGA,16h21m,1,YYZ,1226,20220407-2005,best
1:50 pm – 5:20 pm +1,Delta,JFK‐ICN,14h30m,0,,10:00 am – 11:20 am,Delta,ICN‐JFK,14h20m,0,,1950,20220407-2005,best
6:25 am – 4:00 pm +1,Air Canada,EWR‐ICN,20h35m,2,"YYZ, YVR",6:40 pm – 10:31 pm,Air Canada,ICN‐EWR,16h51m,1,YYZ,1226,20220407-2005,best
10:40 am – 5:10 pm +1,Air Canada,LGA‐ICN,17h30m,1,YYZ,6:40 pm – 10:58 pm,"Air Canada, United Airlines",ICN‐EWR,17h18m,1,YYZ,1468,20220407-2005,best
6:25 am – 5:10 pm +1,Air Canada,EWR‐ICN,21h45m,1,YYZ,6:40 pm – 10:31 pm,Air Canada,ICN‐EWR,16h51m,1,YYZ,1226,20220407-2005,best
12:50 am – 4:10 am +1,Korean Air,JFK‐ICN,14h20m,0,,10:20 am – 11:35 am,Asiana Airlines,ICN‐JFK,14h15m,0,,2470,20220407-2010,fast
1:55 pm – 5:20 pm +1,Asiana Airlines,JFK‐ICN,14h25m,0,,10:20 am – 11:35 am,Asiana Airlines,ICN‐JFK,14h15m,0,,1612,20220407-2010,fast
12:50 am – 4:10 am +1,Korean Air,JFK‐ICN,14h20m,0,,10:00 am – 11:20 am,Korean Air,ICN‐JFK,14h20m,0,,1971,20220407-2010,fast
12:50 am – 4:10 am +1,Delta,JFK‐ICN,14h20m,0,,10:00 am – 11:20 am,Delta,ICN‐JFK,14h20m,0,,2050,20220407-2010,fast
1:55 pm – 5:20 pm +1,United Airlines,JFK‐ICN,14h25m,0,,10:20 am – 11:35 am,United Airlines,ICN‐JFK,14h15m,0,,6537,20220407-2010,fast
1:55 pm – 5:20 pm +1,Asiana Airlines,JFK‐ICN,14h25m,0,,10:00 am – 11:20 am,Korean Air,ICN‐JFK,14h20m,0,,2183,20220407-2010,fast
1:50 pm – 5:20 pm +1,Korean Air,JFK‐ICN,14h30m,0,,10:20 am – 11:35 am,Asiana Airlines,ICN‐JFK,14h15m,0,,2333,20220407-2010,fast
1:50 pm – 5:20 pm +1,Delta,JFK‐ICN,14h30m,0,,10:20 am – 11:35 am,Asiana Airlines,ICN‐JFK,14h15m,0,,2404,20220407-2010,fast
1:55 pm – 5:20 pm +1,United Airlines,JFK‐ICN,14h25m,0,,10:00 am – 11:20 am,Korean Air,ICN‐JFK,14h20m,0,,6527,20220407-2010,fast
1:50 pm – 5:20 pm +1,Korean Air,JFK‐ICN,14h30m,0,,10:00 am – 11:20 am,Korean Air,ICN‐JFK,14h20m,0,,1884,20220407-2010,fast
1:50 pm – 5:20 pm +1,Delta,JFK‐ICN,14h30m,0,,10:00 am – 11:20 am,Delta,ICN‐JFK,14h20m,0,,1950,20220407-2010,fast
12:50 am – 4:10 am +1,Korean Air,JFK‐ICN,14h20m,0,,10:40 am – 3:00 pm,Korean Air,ICN‐JFK,17h20m,1,ORD,2663,20220407-2010,fast
12:50 am – 4:10 am +1,Delta,JFK‐ICN,14h20m,0,,10:40 am – 3:00 pm,Delta,ICN‐JFK,17h20m,1,ORD,5130,20220407-2010,fast
10:40 am – 5:10 pm +1,Air Canada,LGA‐ICN,17h30m,1,YYZ,10:20 am – 11:35 am,Asiana Airlines,ICN‐JFK,14h15m,0,,1940,20220407-2010,fast
10:40 am – 5:10 pm +1,Air Canada,LGA‐ICN,17h30m,1,YYZ,10:00 am – 11:20 am,Korean Air,ICN‐JFK,14h20m,0,,2026,20220407-2010,fast
