Out Time,Out Airline,Out Cities,Out Duration,Out Stops,Out Stop Cities,Return Time,Return Airline,Return Cities,Return Duration,Return Stops,Return Stop Cities,Price,timestamp,sort
8:00 pm – 4:00 pm +2,Air Canada,EWR‐ICN,31h00m,2,"YUL, YVR",5:45 pm – 7:40 am +1,Air Canada,ICN‐EWR,26h55m,2,"YVR, YUL",1028,20220408-0144,cheap
10:40 am – 5:10 pm +1,Air Canada,LGA‐ICN,17h30m,1,YYZ,5:45 pm – 7:40 am +1,Air Canada,ICN‐EWR,26h55m,2,"YVR, YUL",1033,20220408-0144,cheap
9:05 am – 5:10 pm +1,Air Canada,EWR‐ICN,19h05m,1,YYZ,5:45 pm – 7:40 am +1,Air Canada,ICN‐EWR,26h55m,2,"YVR, YUL",1033,20220408-0144,cheap
9:05 am – 5:10 pm +1,Air Canada,LGA‐ICN,19h05m,1,YYZ,5:45 pm – 7:40 am +1,Air Canada,ICN‐EWR,26h55m,2,"YVR, YUL",1033,20220408-0144,cheap
10:40 am – 5:10 pm +1,Air Canada,LGA‐ICN,17h30m,1,YYZ,5:45 pm – 9:59 am +1,Air Canada,ICN‐EWR,29h14m,2,"YVR, YUL",1033,20220408-0144,cheap
10:40 am – 5:10 pm +1,Air Canada,LGA‐ICN,17h30m,1,YYZ,5:45 pm – 9:59 am +1,Air Canada,ICN‐EWR,29h14m,2,"YVR, YUL",1033,20220408-0144,cheap
7:00 am – 5:10 pm +1,Air Canada,LGA‐ICN,21h10m,1,YYZ,5:45 pm – 7:40 am +1,Air Canada,ICN‐EWR,26h55m,2,"YVR, YUL",1033,20220408-0144,cheap
9:05 am – 5:10 pm +1,Air Canada,LGA‐ICN,19h05m,1,YYZ,5:45 pm – 9:59 am +1,Air Canada,ICN‐EWR,29h14m,2,"YVR, YUL",1033,20220408-0144,cheap
9:05 am – 5:10 pm +1,Air Canada,EWR‐ICN,19h05m,1,YYZ,5:45 pm – 9:59 am +1,Air Canada,ICN‐EWR,29h14m,2,"YVR, YUL",1033,20220408-0144,cheap
9:05 am – 5:10 pm +1,Air Canada,EWR‐ICN,19h05m,1,YYZ,5:45 pm – 9:59 am +1,Air Canada,ICN‐EWR,29h14m,2,"YVR, YUL",1033,20220408-0144,cheap
9:05 am – 5:10 pm +1,Air Canada,LGA‐ICN,19h05m,1,YYZ,5:45 pm – 9:59 am +1,Air Canada,ICN‐EWR,29h14m,2,"YVR, YUL",1033,20220408-0144,cheap
6:25 am – 5:10 pm +1,Air Canada,EWR‐ICN,21h45m,1,YYZ,5:45 pm – 7:40 am +1,Air Canada,ICN‐EWR,26h55m,2,"YVR, YUL",1033,20220408-0144,cheap
10:40 am – 5:10 pm +1,Air Canada,LGA‐ICN,17h30m,1,YYZ,5:45 pm – 9:06 am +1,Air Canada,ICN‐EWR,28h21m,2,"YVR, YYZ",1039,20220408-0144,cheap
10:40 am – 5:10 pm +1,Air Canada,LGA‐ICN,17h30m,1,YYZ,5:45 pm – 10:11 am +1,Air Canada,ICN‐EWR,29h26m,2,"YVR, YYZ",1039,20220408-0144,cheap
10:40 am – 5:10 pm +1,Air Canada,LGA‐ICN,17h30m,1,YYZ,5:45 pm – 10:11 am +1,Air Canada,ICN‐EWR,29h26m,2,"YVR, YYZ",1039,20220408-0144,cheap
1:25 am – 11:00 am +1,EVA Air,JFK‐ICN,20h35m,1,TPE,12:00 pm – 10:05 pm,EVA Air,ICN‐JFK,23h05m,1,TPE,1298,20220408-0141,best
1:55 pm – 5:20 pm +1,Asiana Airlines,JFK‐ICN,14h25m,0,,10:20 am – 11:35 am,Asiana Airlines,ICN‐JFK,14h15m,0,,1471,20220408-0141,best
8:00 pm – 4:00 pm +2,Air Canada,EWR‐ICN,31h00m,2,"YUL, YVR",5:45 pm – 7:40 am +1,Air Canada,ICN‐EWR,26h55m,2,"YVR, YUL",1028,20220408-0141,best
1:50 pm – 5:20 pm +1,Korean Air,JFK‐ICN,14h30m,0,,6:40 pm – 11:58 pm,Korean Air,ICN‐LGA,18h18m,1,ATL,1355,20220408-0141,best
1:50 pm – 5:20 pm +1,Delta,JFK‐ICN,14h30m,0,,6:40 pm – 11:58 pm,Delta,ICN‐LGA,18h18m,1,ATL,1394,20220408-0141,best
1:50 pm – 5:20 pm +1,Korean Air,JFK‐ICN,14h30m,0,,10:00 am – 11:20 am,Korean Air,ICN‐JFK,14h20m,0,,1670,20220408-0141,best
9:30 am – 4:30 pm +1,Delta,LGA‐ICN,18h00m,1,DTW,6:40 pm – 11:58 pm,Delta,ICN‐LGA,18h18m,1,ATL,1232,20220408-0141,best
1:50 pm – 5:20 pm +1,Korean Air,JFK‐ICN,14h30m,0,,7:30 pm – 9:00 pm,Korean Air,ICN‐JFK,14h30m,0,,1670,20220408-0141,best
1:50 pm – 5:20 pm +1,Korean Air,JFK‐ICN,14h30m,0,,7:20 pm – 11:55 pm,Korean Air,ICN‐JFK,17h35m,1,SEA,1514,20220408-0141,best
1:50 pm – 5:20 pm +1,Korean Air,JFK‐ICN,14h30m,0,,6:40 pm – 11:23 pm,Korean Air,ICN‐EWR,17h43m,1,ATL,1514,20220408-0141,best
1:50 pm – 5:20 pm +1,Delta,JFK‐ICN,14h30m,0,,10:00 am – 11:20 am,Delta,ICN‐JFK,14h20m,0,,1725,20220408-0141,best
1:50 pm – 5:20 pm +1,Delta,JFK‐ICN,14h30m,0,,7:30 pm – 9:00 pm,Delta,ICN‐JFK,14h30m,0,,1725,20220408-0141,best
6:59 am – 3:00 pm +1,Delta,LGA‐ICN,19h01m,1,ATL,6:40 pm – 11:58 pm,Delta,ICN‐LGA,18h18m,1,ATL,1232,20220408-0141,best
1:50 pm – 5:20 pm +1,Korean Air,JFK‐ICN,14h30m,0,,6:40 pm – 11:59 pm,Korean Air,ICN‐JFK,18h19m,1,ATL,1514,20220408-0141,best
1:50 pm – 5:20 pm +1,Delta,JFK‐ICN,14h30m,0,,7:20 pm – 11:55 pm,Delta,ICN‐JFK,17h35m,1,SEA,1560,20220408-0141,best
1:50 pm – 5:20 pm +1,Delta,JFK‐ICN,14h30m,0,,6:40 pm – 11:23 pm,Delta,ICN‐EWR,17h43m,1,ATL,1560,20220408-0141,best
6:10 am – 2:45 pm +1,United Airlines,EWR‐ICN,19h35m,1,SFO,4:40 pm – 10:00 pm,United Airlines,ICN‐EWR,18h20m,1,SFO,1232,20220408-0141,best
1:55 pm – 5:20 pm +1,Asiana Airlines,JFK‐ICN,14h25m,0,,10:20 am – 11:35 am,Asiana Airlines,ICN‐JFK,14h15m,0,,1471,20220408-0146,fast
1:55 pm – 5:20 pm +1,United Airlines,JFK‐ICN,14h25m,0,,10:20 am – 11:35 am,United Airlines,ICN‐JFK,14h15m,0,,6537,20220408-0146,fast
1:50 pm – 5:20 pm +1,Korean Air,JFK‐ICN,14h30m,0,,10:20 am – 11:35 am,Asiana Airlines,ICN‐JFK,14h15m,0,,1910,20220408-0146,fast
1:50 pm – 5:20 pm +1,Delta,JFK‐ICN,14h30m,0,,10:20 am – 11:35 am,Asiana Airlines,ICN‐JFK,14h15m,0,,1972,20220408-0146,fast
1:55 pm – 5:20 pm +1,Asiana Airlines,JFK‐ICN,14h25m,0,,10:00 am – 11:20 am,Korean Air,ICN‐JFK,14h20m,0,,2074,20220408-0146,fast
1:55 pm – 5:20 pm +1,United Airlines,JFK‐ICN,14h25m,0,,10:00 am – 11:20 am,Korean Air,ICN‐JFK,14h20m,0,,6527,20220408-0146,fast
1:50 pm – 5:20 pm +1,Korean Air,JFK‐ICN,14h30m,0,,10:00 am – 11:20 am,Korean Air,ICN‐JFK,14h20m,0,,1670,20220408-0146,fast
1:50 pm – 5:20 pm +1,Delta,JFK‐ICN,14h30m,0,,10:00 am – 11:20 am,Delta,ICN‐JFK,14h20m,0,,1725,20220408-0146,fast
1:55 pm – 5:20 pm +1,Asiana Airlines,JFK‐ICN,14h25m,0,,7:30 pm – 9:00 pm,Korean Air,ICN‐JFK,14h30m,0,,2043,20220408-0146,fast
1:50 pm – 5:20 pm +1,Korean Air,JFK‐ICN,14h30m,0,,7:30 pm – 9:00 pm,Korean Air,ICN‐JFK,14h30m,0,,1670,20220408-0146,fast
1:50 pm – 5:20 pm +1,Delta,JFK‐ICN,14h30m,0,,7:30 pm – 9:00 pm,Delta,ICN‐JFK,14h30m,0,,1725,20220408-0146,fast
1:50 pm – 5:20 pm +1,Delta,JFK‐ICN,14h30m,0,,7:30 pm – 9:00 pm,Korean Air,ICN‐JFK,14h30m,0,,2266,20220408-0146,fast
1:55 pm – 5:20 pm +1,Asiana Airlines,JFK‐ICN,14h25m,0,,10:45 am – 2:10 pm,"Korean Air, Delta",ICN‐LGA,16h25m,1,DTW,1894,20220408-0146,fast
1:55 pm – 5:20 pm +1,Asiana Airlines,JFK‐ICN,14h25m,0,,10:45 am – 2:10 pm,Korean Air,ICN‐LGA,16h25m,1,DTW,1992,20220408-0146,fast
1:50 pm – 5:20 pm +1,Korean Air,JFK‐ICN,14h30m,0,,10:45 am – 2:10 pm,"Korean Air, Delta",ICN‐LGA,16h25m,1,DTW,1637,20220408-0146,fast
