Out Time,Out Airline,Out Cities,Out Duration,Out Stops,Out Stop Cities,Return Time,Return Airline,Return Cities,Return Duration,Return Stops,Return Stop Cities,Price,timestamp,sort
11:55 pm – 6:10 pm +2,Turkish Airlines,JFK‐ICN,29h15m,1,IST,11:45 pm – 10:15 pm +1,Turkish Airlines,ICN‐JFK,35h30m,1,IST,1227,20220405-1005,cheap
12:55 pm – 5:30 pm +1,Asiana Airlines,JFK‐ICN,15h35m,0,,4:50 pm – 9:49 pm,United Airlines,ICN‐EWR,17h59m,1,SFO,1384,20220405-1005,cheap
5:10 pm – 5:00 am +2,"Alaska Airlines, Asiana Airlines",EWR‐ICN,22h50m,1,SFO,6:40 pm – 10:59 pm,Delta,ICN‐EWR,17h19m,1,ATL,1447,20220405-1005,cheap
10:28 pm – 2:55 pm +2,United Airlines,EWR‐ICN,27h27m,2,"DEN, SFO",4:50 pm – 11:23 pm,United Airlines,ICN‐LGA,19h33m,2,"SFO, IAD",1454,20220405-1005,cheap
12:55 pm – 5:30 pm +1,Asiana Airlines,JFK‐ICN,15h35m,0,,6:40 pm – 10:59 pm,Delta,ICN‐EWR,17h19m,1,ATL,1506,20220405-1005,cheap
6:30 am – 2:55 pm +1,United Airlines,EWR‐ICN,19h25m,1,SFO,6:40 pm – 10:59 pm,Delta,ICN‐EWR,17h19m,1,ATL,1566,20220405-1005,cheap
6:30 am – 2:55 pm +1,United Airlines,JFK‐ICN,19h25m,1,SFO,6:40 pm – 10:59 pm,Delta,ICN‐EWR,17h19m,1,ATL,1566,20220405-1005,cheap
6:40 am – 4:15 pm +1,Air Canada,LGA‐ICN,20h35m,2,"YUL, YVR",5:50 pm – 7:52 am +1,Air Canada,ICN‐EWR,27h02m,2,"YVR, YQB",1605,20220405-1005,cheap
6:00 am – 4:15 pm +1,Air Canada,EWR‐ICN,21h15m,2,"YUL, YVR",5:50 pm – 7:52 am +1,Air Canada,ICN‐EWR,27h02m,2,"YVR, YQB",1605,20220405-1005,cheap
6:40 am – 4:15 pm +1,Air Canada,LGA‐ICN,20h35m,2,"YUL, YVR",5:50 pm – 8:34 am +1,Air Canada,ICN‐EWR,27h44m,2,"YVR, YUL",1605,20220405-1005,cheap
6:00 am – 4:15 pm +1,Air Canada,EWR‐ICN,21h15m,2,"YUL, YVR",5:50 pm – 8:34 am +1,Air Canada,ICN‐EWR,27h44m,2,"YVR, YUL",1605,20220405-1005,cheap
6:00 am – 4:15 pm +1,Air Canada,EWR‐ICN,21h15m,2,"YYZ, YVR",5:50 pm – 8:34 am +1,Air Canada,ICN‐EWR,27h44m,2,"YVR, YUL",1610,20220405-1005,cheap
6:40 am – 4:15 pm +1,Air Canada,LGA‐ICN,20h35m,2,"YUL, YVR",5:50 pm – 8:08 am +1,Air Canada,ICN‐EWR,27h18m,2,"YVR, YYZ",1632,20220405-1005,cheap
6:40 am – 4:15 pm +1,Air Canada,LGA‐ICN,20h35m,2,"YUL, YVR",5:50 pm – 8:08 am +1,Air Canada,ICN‐EWR,27h18m,2,"YVR, YYZ",1632,20220405-1005,cheap
6:40 am – 4:15 pm +1,Air Canada,LGA‐ICN,20h35m,2,"YUL, YVR",5:50 pm – 8:08 am +1,Air Canada,ICN‐EWR,27h18m,2,"YVR, YYZ",1632,20220405-1005,cheap
12:55 pm – 5:30 pm +1,Asiana Airlines,JFK‐ICN,15h35m,0,,10:20 am – 11:35 am,Asiana Airlines,ICN‐JFK,14h15m,0,,1744,20220405-1003,best
12:55 pm – 5:30 pm +1,Asiana Airlines,JFK‐ICN,15h35m,0,,10:20 am – 11:35 am,Asiana Airlines,ICN‐JFK,14h15m,0,,1656,20220405-1003,best
1:10 pm – 5:55 pm +1,Korean Air,JFK‐ICN,15h45m,0,,10:00 am – 11:20 am,Korean Air,ICN‐JFK,14h20m,0,,2003,20220405-1003,best
1:50 pm – 5:20 pm +1,Delta,JFK‐ICN,14h30m,0,,10:00 am – 11:20 am,Delta,ICN‐JFK,14h20m,0,,2100,20220405-1003,best
1:10 pm – 5:55 pm +1,Korean Air,JFK‐ICN,15h45m,0,,10:45 am – 2:21 pm,Korean Air,ICN‐LGA,16h36m,1,DTW,1883,20220405-1003,best
1:50 pm – 5:20 pm +1,Delta,JFK‐ICN,14h30m,0,,6:40 pm – 10:59 pm,Delta,ICN‐EWR,17h19m,1,ATL,1935,20220405-1003,best
7:30 am – 3:15 pm +1,Korean Air,JFK‐ICN,18h45m,1,SEA,10:00 am – 11:20 am,Korean Air,ICN‐JFK,14h20m,0,,1840,20220405-1003,best
1:10 pm – 5:55 pm +1,Korean Air,JFK‐ICN,15h45m,0,,6:40 pm – 10:59 pm,Korean Air,ICN‐EWR,17h19m,1,ATL,1870,20220405-1003,best
12:55 pm – 5:30 pm +1,Asiana Airlines,JFK‐ICN,15h35m,0,,10:00 am – 11:20 am,Korean Air,ICN‐JFK,14h20m,0,,1966,20220405-1003,best
1:50 pm – 5:20 pm +1,Delta,JFK‐ICN,14h30m,0,,6:40 pm – 11:43 pm,Delta,ICN‐JFK,18h03m,1,ATL,1935,20220405-1003,best
1:50 pm – 5:20 pm +1,Delta,JFK‐ICN,14h30m,0,,6:40 pm – 11:52 pm,Delta,ICN‐LGA,18h12m,1,ATL,1935,20220405-1003,best
9:30 am – 5:45 pm +1,"Alaska Airlines, Asiana Airlines",JFK‐ICN,19h15m,1,SEA,10:20 am – 11:35 am,Asiana Airlines,ICN‐JFK,14h15m,0,,1843,20220405-1003,best
1:10 pm – 5:55 pm +1,Korean Air,JFK‐ICN,15h45m,0,,6:40 pm – 11:43 pm,Korean Air,ICN‐JFK,18h03m,1,ATL,1870,20220405-1003,best
1:10 pm – 5:55 pm +1,Korean Air,JFK‐ICN,15h45m,0,,6:40 pm – 11:52 pm,Korean Air,ICN‐LGA,18h12m,1,ATL,1870,20220405-1003,best
1:10 pm – 5:55 pm +1,Korean Air,JFK‐ICN,15h45m,0,,10:45 am – 3:45 pm,Korean Air,ICN‐EWR,18h00m,1,DTW,1884,20220405-1003,best
7:30 am – 3:15 pm +1,Korean Air,JFK‐ICN,18h45m,1,SEA,10:45 am – 2:21 pm,Korean Air,ICN‐LGA,16h36m,1,DTW,1697,20220405-1003,best
1:50 pm – 5:20 pm +1,Delta,JFK‐ICN,14h30m,0,,10:20 am – 11:35 am,Asiana Airlines,ICN‐JFK,14h15m,0,,2295,20220405-1007,fast
1:50 pm – 5:20 pm +1,Delta,JFK‐ICN,14h30m,0,,10:00 am – 11:20 am,Delta,ICN‐JFK,14h20m,0,,2100,20220405-1007,fast
12:55 pm – 5:30 pm +1,Asiana Airlines,JFK‐ICN,15h35m,0,,10:20 am – 11:35 am,Asiana Airlines,ICN‐JFK,14h15m,0,,1656,20220405-1007,fast
12:55 pm – 5:30 pm +1,Asiana Airlines,JFK‐ICN,15h35m,0,,10:00 am – 11:20 am,Korean Air,ICN‐JFK,14h20m,0,,1966,20220405-1007,fast
1:10 pm – 5:55 pm +1,Korean Air,JFK‐ICN,15h45m,0,,10:20 am – 11:35 am,Asiana Airlines,ICN‐JFK,14h15m,0,,2127,20220405-1007,fast
1:10 pm – 5:55 pm +1,Korean Air,JFK‐ICN,15h45m,0,,10:00 am – 11:20 am,Korean Air,ICN‐JFK,14h20m,0,,2003,20220405-1007,fast
1:50 pm – 5:20 pm +1,Delta,JFK‐ICN,14h30m,0,,10:45 am – 2:21 pm,Korean Air,ICN‐LGA,16h36m,1,DTW,2976,20220405-1007,fast
9:59 am – 4:25 pm +1,Korean Air,LGA‐ICN,17h26m,1,BOS,10:00 am – 11:20 am,Korean Air,ICN‐JFK,14h20m,0,,2030,20220405-1007,fast
1:50 pm – 5:20 pm +1,Delta,JFK‐ICN,14h30m,0,,6:40 pm – 10:59 pm,Delta,ICN‐EWR,17h19m,1,ATL,1935,20220405-1007,fast
12:55 pm – 5:30 pm +1,Asiana Airlines,JFK‐ICN,15h35m,0,,10:45 am – 2:21 pm,"Korean Air, Delta",ICN‐LGA,16h36m,1,DTW,2261,20220405-1007,fast
1:10 pm – 5:55 pm +1,Korean Air,JFK‐ICN,15h45m,0,,10:45 am – 2:21 pm,Korean Air,ICN‐LGA,16h36m,1,DTW,1883,20220405-1007,fast
1:50 pm – 5:20 pm +1,Delta,JFK‐ICN,14h30m,0,,4:50 pm – 9:49 pm,United Airlines,ICN‐EWR,17h59m,1,SFO,1839,20220405-1007,fast
1:50 pm – 5:20 pm +1,Delta,JFK‐ICN,14h30m,0,,6:20 pm – 11:21 pm,"Asiana Airlines, United Airlines",ICN‐EWR,18h01m,1,SEA,2325,20220405-1007,fast
1:50 pm – 5:20 pm +1,Delta,JFK‐ICN,14h30m,0,,6:40 pm – 11:43 pm,Delta,ICN‐JFK,18h03m,1,ATL,1935,20220405-1007,fast
1:10 pm – 5:55 pm +1,Korean Air,JFK‐ICN,15h45m,0,,9:30 am – 1:23 pm,Korean Air,ICN‐LGA,16h53m,1,BOS,2036,20220405-1007,fast
