Out Time,Out Airline,Out Cities,Out Duration,Out Stops,Out Stop Cities,Return Time,Return Airline,Return Cities,Return Duration,Return Stops,Return Stop Cities,Price,timestamp,sort
11:55 pm – 6:10 pm +2,Turkish Airlines,JFK‐ICN,29h15m,1,IST,11:45 pm – 10:15 pm +1,Turkish Airlines,ICN‐JFK,35h30m,1,IST,1304,20220405-0812,cheap
7:20 am – 5:45 pm +1,"Alaska Airlines, Asiana Airlines",EWR‐ICN,21h25m,1,SEA,1:30 am – 2:55 pm,Qatar Airways,ICN‐JFK,26h25m,1,DOH,1558,20220405-0812,cheap
6:30 am – 2:55 pm +1,United Airlines,EWR‐ICN,19h25m,1,SFO,1:30 am – 2:55 pm,Qatar Airways,ICN‐JFK,26h25m,1,DOH,1559,20220405-0812,cheap
6:30 am – 2:55 pm +1,United Airlines,JFK‐ICN,19h25m,1,SFO,1:30 am – 2:55 pm,Qatar Airways,ICN‐JFK,26h25m,1,DOH,1559,20220405-0812,cheap
12:55 pm – 5:30 pm +1,Asiana Airlines,JFK‐ICN,15h35m,0,,1:30 am – 2:55 pm,Qatar Airways,ICN‐JFK,26h25m,1,DOH,1571,20220405-0812,cheap
6:00 am – 4:15 pm +1,Air Canada,EWR‐ICN,21h15m,2,"YUL, YVR",5:25 pm – 8:55 pm,Air Canada,ICN‐LGA,16h30m,1,YYZ,1597,20220405-0812,cheap
6:00 am – 4:15 pm +1,Air Canada,EWR‐ICN,21h15m,2,"YUL, YVR",5:25 pm – 9:00 pm,Air Canada,ICN‐EWR,16h35m,1,YYZ,1597,20220405-0812,cheap
6:00 am – 4:15 pm +1,Air Canada,EWR‐ICN,21h15m,2,"YUL, YVR",5:25 pm – 8:07 am +1,Air Canada,ICN‐EWR,27h42m,1,YYZ,1597,20220405-0812,cheap
7:30 am – 3:15 pm +1,Korean Air,JFK‐ICN,18h45m,1,SEA,10:45 am – 2:18 pm,Korean Air,ICN‐LGA,16h33m,1,DTW,1655,20220405-0812,cheap
7:30 am – 3:15 pm +1,Korean Air,JFK‐ICN,18h45m,1,SEA,6:40 pm – 11:01 pm,Korean Air,ICN‐EWR,17h21m,1,ATL,1655,20220405-0812,cheap
7:30 am – 3:15 pm +1,Korean Air,JFK‐ICN,18h45m,1,SEA,10:45 am – 4:24 pm,Korean Air,ICN‐EWR,18h39m,1,DTW,1655,20220405-0812,cheap
9:59 am – 5:40 pm +1,Korean Air,LGA‐ICN,18h41m,1,BOS,1:30 am – 2:55 pm,Qatar Airways,ICN‐JFK,26h25m,1,DOH,1688,20220405-0812,cheap
9:45 am – 5:40 pm +1,Korean Air,JFK‐ICN,18h55m,1,BOS,1:30 am – 2:55 pm,Qatar Airways,ICN‐JFK,26h25m,1,DOH,1688,20220405-0812,cheap
9:00 am – 5:40 pm +1,Korean Air,EWR‐ICN,19h40m,1,BOS,1:30 am – 2:55 pm,Qatar Airways,ICN‐JFK,26h25m,1,DOH,1688,20220405-0812,cheap
7:30 am – 5:40 pm +1,Korean Air,JFK‐ICN,21h10m,1,BOS,1:30 am – 2:55 pm,Qatar Airways,ICN‐JFK,26h25m,1,DOH,1688,20220405-0812,cheap
9:45 am – 5:40 pm +1,Korean Air,JFK‐ICN,18h55m,1,BOS,6:40 pm – 11:36 pm,"Korean Air, Delta",ICN‐JFK,17h56m,1,ATL,1825,20220405-0809,best
12:55 pm – 5:30 pm +1,United Airlines,JFK‐ICN,15h35m,0,,9:50 am – 11:05 am,United Airlines,ICN‐JFK,14h15m,0,,6537,20220405-0809,best
11:55 pm – 6:10 pm +2,Turkish Airlines,JFK‐ICN,29h15m,1,IST,11:45 pm – 10:15 pm +1,Turkish Airlines,ICN‐JFK,35h30m,1,IST,1304,20220405-0814,fast
7:20 am – 5:45 pm +1,"Alaska Airlines, Asiana Airlines",EWR‐ICN,21h25m,1,SEA,1:30 am – 2:55 pm,Qatar Airways,ICN‐JFK,26h25m,1,DOH,1558,20220405-0814,fast
6:30 am – 2:55 pm +1,United Airlines,EWR‐ICN,19h25m,1,SFO,1:30 am – 2:55 pm,Qatar Airways,ICN‐JFK,26h25m,1,DOH,1559,20220405-0814,fast
6:30 am – 2:55 pm +1,United Airlines,JFK‐ICN,19h25m,1,SFO,1:30 am – 2:55 pm,Qatar Airways,ICN‐JFK,26h25m,1,DOH,1559,20220405-0814,fast
12:55 pm – 5:30 pm +1,Asiana Airlines,JFK‐ICN,15h35m,0,,1:30 am – 2:55 pm,Qatar Airways,ICN‐JFK,26h25m,1,DOH,1571,20220405-0814,fast
6:00 am – 4:15 pm +1,Air Canada,EWR‐ICN,21h15m,2,"YUL, YVR",5:25 pm – 8:55 pm,Air Canada,ICN‐LGA,16h30m,1,YYZ,1597,20220405-0814,fast
6:00 am – 4:15 pm +1,Air Canada,EWR‐ICN,21h15m,2,"YUL, YVR",5:25 pm – 9:00 pm,Air Canada,ICN‐EWR,16h35m,1,YYZ,1597,20220405-0814,fast
6:00 am – 4:15 pm +1,Air Canada,EWR‐ICN,21h15m,2,"YUL, YVR",5:25 pm – 8:07 am +1,Air Canada,ICN‐EWR,27h42m,1,YYZ,1597,20220405-0814,fast
7:30 am – 3:15 pm +1,Korean Air,JFK‐ICN,18h45m,1,SEA,10:45 am – 2:18 pm,Korean Air,ICN‐LGA,16h33m,1,DTW,1655,20220405-0814,fast
7:30 am – 3:15 pm +1,Korean Air,JFK‐ICN,18h45m,1,SEA,6:40 pm – 11:01 pm,Korean Air,ICN‐EWR,17h21m,1,ATL,1655,20220405-0814,fast
7:30 am – 3:15 pm +1,Korean Air,JFK‐ICN,18h45m,1,SEA,10:45 am – 4:24 pm,Korean Air,ICN‐EWR,18h39m,1,DTW,1655,20220405-0814,fast
9:59 am – 5:40 pm +1,Korean Air,LGA‐ICN,18h41m,1,BOS,1:30 am – 2:55 pm,Qatar Airways,ICN‐JFK,26h25m,1,DOH,1688,20220405-0814,fast
9:45 am – 5:40 pm +1,Korean Air,JFK‐ICN,18h55m,1,BOS,1:30 am – 2:55 pm,Qatar Airways,ICN‐JFK,26h25m,1,DOH,1688,20220405-0814,fast
9:00 am – 5:40 pm +1,Korean Air,EWR‐ICN,19h40m,1,BOS,1:30 am – 2:55 pm,Qatar Airways,ICN‐JFK,26h25m,1,DOH,1688,20220405-0814,fast
7:30 am – 5:40 pm +1,Korean Air,JFK‐ICN,21h10m,1,BOS,1:30 am – 2:55 pm,Qatar Airways,ICN‐JFK,26h25m,1,DOH,1688,20220405-0814,fast
