Out Time,Out Airline,Out Cities,Out Duration,Out Stops,Out Stop Cities,Return Time,Return Airline,Return Cities,Return Duration,Return Stops,Return Stop Cities,Price,timestamp,sort
12:45 pm – 6:10 pm +2,Turkish Airlines,JFK‐ICN,40h25m,1,IST,11:45 pm – 10:15 pm +1,Turkish Airlines,ICN‐JFK,35h30m,1,IST,1192,20220405-1230,cheap
1:55 pm – 5:20 pm +1,Asiana Airlines,JFK‐ICN,14h25m,0,,4:50 pm – 5:12 am +1,United Airlines,ICN‐EWR,25h22m,1,SFO,1279,20220405-1230,cheap
1:55 pm – 5:20 pm +1,Asiana Airlines,JFK‐ICN,14h25m,0,,1:30 am – 2:55 pm,Qatar Airways,ICN‐JFK,26h25m,1,DOH,1396,20220405-1230,cheap
1:55 pm – 5:20 pm +1,Asiana Airlines,JFK‐ICN,14h25m,0,,6:40 pm – 10:59 pm,Delta,ICN‐EWR,17h19m,1,ATL,1401,20220405-1230,cheap
1:55 pm – 5:20 pm +1,Asiana Airlines,JFK‐ICN,14h25m,0,,10:45 am – 3:45 pm,Delta,ICN‐EWR,18h00m,1,DTW,1401,20220405-1230,cheap
10:40 am – 5:10 pm +1,Air Canada,LGA‐ICN,17h30m,1,YYZ,5:50 pm – 7:52 am +1,Air Canada,ICN‐EWR,27h02m,2,"YVR, YQB",1489,20220405-1230,cheap
10:40 am – 5:10 pm +1,Air Canada,LGA‐ICN,17h30m,1,YYZ,5:50 pm – 8:34 am +1,Air Canada,ICN‐EWR,27h44m,2,"YVR, YUL",1489,20220405-1230,cheap
10:40 am – 5:10 pm +1,Air Canada,LGA‐ICN,17h30m,1,YYZ,5:50 pm – 9:57 am +1,Air Canada,ICN‐EWR,29h07m,2,"YVR, YUL",1489,20220405-1230,cheap
10:40 am – 5:10 pm +1,Air Canada,LGA‐ICN,17h30m,1,YYZ,5:50 pm – 9:57 am +1,Air Canada,ICN‐EWR,29h07m,2,"YVR, YUL",1489,20220405-1230,cheap
9:05 am – 5:10 pm +1,Air Canada,EWR‐ICN,19h05m,1,YYZ,5:50 pm – 8:34 am +1,Air Canada,ICN‐EWR,27h44m,2,"YVR, YUL",1489,20220405-1230,cheap
9:05 am – 5:10 pm +1,Air Canada,LGA‐ICN,19h05m,1,YYZ,5:50 pm – 8:34 am +1,Air Canada,ICN‐EWR,27h44m,2,"YVR, YUL",1489,20220405-1230,cheap
8:01 am – 5:10 pm +1,Air Canada,EWR‐ICN,20h09m,1,YYZ,5:50 pm – 8:34 am +1,Air Canada,ICN‐EWR,27h44m,2,"YVR, YUL",1489,20220405-1230,cheap
9:05 am – 5:10 pm +1,Air Canada,EWR‐ICN,19h05m,1,YYZ,5:50 pm – 9:57 am +1,Air Canada,ICN‐EWR,29h07m,2,"YVR, YUL",1489,20220405-1230,cheap
9:05 am – 5:10 pm +1,Air Canada,LGA‐ICN,19h05m,1,YYZ,5:50 pm – 9:57 am +1,Air Canada,ICN‐EWR,29h07m,2,"YVR, YUL",1489,20220405-1230,cheap
9:05 am – 5:10 pm +1,Air Canada,LGA‐ICN,19h05m,1,YYZ,5:50 pm – 9:57 am +1,Air Canada,ICN‐EWR,29h07m,2,"YVR, YUL",1489,20220405-1230,cheap
12:45 pm – 6:10 pm +2,Turkish Airlines,JFK‐ICN,40h25m,1,IST,11:45 pm – 10:15 pm +1,Turkish Airlines,ICN‐JFK,35h30m,1,IST,1244,20220405-1228,best
1:50 pm – 5:20 pm +1,Korean Air,JFK‐ICN,14h30m,0,,10:00 am – 11:20 am,Korean Air,ICN‐JFK,14h20m,0,,2047,20220405-1228,best
1:50 pm – 5:20 pm +1,Korean Air,JFK‐ICN,14h30m,0,,10:45 am – 2:21 pm,Korean Air,ICN‐LGA,16h36m,1,DTW,1902,20220405-1228,best
1:50 pm – 5:20 pm +1,Korean Air,JFK‐ICN,14h30m,0,,6:40 pm – 10:59 pm,Korean Air,ICN‐EWR,17h19m,1,ATL,1903,20220405-1228,best
1:50 pm – 5:20 pm +1,Korean Air,JFK‐ICN,14h30m,0,,10:45 am – 3:45 pm,Korean Air,ICN‐EWR,18h00m,1,DTW,1903,20220405-1228,best
1:50 pm – 5:20 pm +1,Korean Air,JFK‐ICN,14h30m,0,,6:40 pm – 11:43 pm,Korean Air,ICN‐JFK,18h03m,1,ATL,1903,20220405-1228,best
1:50 pm – 5:20 pm +1,Korean Air,JFK‐ICN,14h30m,0,,6:40 pm – 11:52 pm,Korean Air,ICN‐LGA,18h12m,1,ATL,1902,20220405-1228,best
1:50 pm – 5:20 pm +1,Korean Air,JFK‐ICN,14h30m,0,,10:20 am – 11:35 am,Asiana Airlines,ICN‐JFK,14h15m,0,,2298,20220405-1228,best
1:50 pm – 5:20 pm +1,Delta,JFK‐ICN,14h30m,0,,10:45 am – 4:29 pm,Delta,ICN‐LGA,18h44m,1,DTW,1969,20220405-1228,best
1:50 pm – 5:20 pm +1,Delta,JFK‐ICN,14h30m,0,,6:40 pm – 12:48 am +1,Delta,ICN‐EWR,19h08m,1,ATL,1985,20220405-1228,best
9:30 am – 4:50 pm +1,Korean Air,JFK‐ICN,18h20m,1,IAD,10:00 am – 11:20 am,Korean Air,ICN‐JFK,14h20m,0,,2079,20220405-1228,best
9:30 am – 5:45 pm +1,"Alaska Airlines, Asiana Airlines",JFK‐ICN,19h15m,1,SEA,10:20 am – 11:35 am,Asiana Airlines,ICN‐JFK,14h15m,0,,2052,20220405-1228,best
9:30 am – 4:50 pm +1,Korean Air,JFK‐ICN,18h20m,1,IAD,10:45 am – 2:21 pm,Korean Air,ICN‐LGA,16h36m,1,DTW,1907,20220405-1228,best
1:50 pm – 5:20 pm +1,Delta,JFK‐ICN,14h30m,0,,2:30 pm – 9:30 pm,Delta,ICN‐JFK,20h00m,1,LAX,2060,20220405-1228,best
9:30 am – 4:50 pm +1,Korean Air,JFK‐ICN,18h20m,1,IAD,6:40 pm – 10:59 pm,Korean Air,ICN‐EWR,17h19m,1,ATL,1907,20220405-1228,best
1:50 pm – 5:20 pm +1,Delta,JFK‐ICN,14h30m,0,,10:45 am – 7:52 pm,Delta,ICN‐LGA,22h07m,1,DTW,1969,20220405-1228,best
1:55 pm – 5:20 pm +1,Asiana Airlines,JFK‐ICN,14h25m,0,,10:20 am – 11:35 am,Asiana Airlines,ICN‐JFK,14h15m,0,,1807,20220405-1233,fast
1:55 pm – 5:20 pm +1,Asiana Airlines,JFK‐ICN,14h25m,0,,10:00 am – 11:20 am,Korean Air,ICN‐JFK,14h20m,0,,1861,20220405-1233,fast
1:50 pm – 5:20 pm +1,Korean Air,JFK‐ICN,14h30m,0,,10:20 am – 11:35 am,Asiana Airlines,ICN‐JFK,14h15m,0,,2298,20220405-1233,fast
1:50 pm – 5:20 pm +1,Korean Air,JFK‐ICN,14h30m,0,,10:00 am – 11:20 am,Korean Air,ICN‐JFK,14h20m,0,,2047,20220405-1233,fast
1:55 pm – 5:20 pm +1,Asiana Airlines,JFK‐ICN,14h25m,0,,10:45 am – 2:21 pm,Korean Air,ICN‐LGA,16h36m,1,DTW,1880,20220405-1233,fast
1:50 pm – 5:20 pm +1,Korean Air,JFK‐ICN,14h30m,0,,10:45 am – 2:21 pm,Korean Air,ICN‐LGA,16h36m,1,DTW,1902,20220405-1233,fast
1:55 pm – 5:20 pm +1,Asiana Airlines,JFK‐ICN,14h25m,0,,6:40 pm – 10:59 pm,Delta,ICN‐EWR,17h19m,1,ATL,1401,20220405-1233,fast
9:59 am – 4:30 pm +1,Korean Air,LGA‐ICN,17h31m,1,DTW,10:20 am – 11:35 am,Asiana Airlines,ICN‐JFK,14h15m,0,,3232,20220405-1233,fast
1:50 pm – 5:20 pm +1,Korean Air,JFK‐ICN,14h30m,0,,6:40 pm – 10:59 pm,Korean Air,ICN‐EWR,17h19m,1,ATL,1903,20220405-1233,fast
9:59 am – 4:30 pm +1,Korean Air,LGA‐ICN,17h31m,1,DTW,10:00 am – 11:20 am,Korean Air,ICN‐JFK,14h20m,0,,2407,20220405-1233,fast
1:50 pm – 5:20 pm +1,Korean Air,JFK‐ICN,14h30m,0,,9:30 am – 1:58 pm,"Korean Air, Delta",ICN‐JFK,17h28m,1,BOS,2387,20220405-1233,fast
9:30 am – 4:30 pm +1,Korean Air,EWR‐ICN,18h00m,1,DTW,10:20 am – 11:35 am,Asiana Airlines,ICN‐JFK,14h15m,0,,3232,20220405-1233,fast
9:30 am – 4:30 pm +1,Korean Air,EWR‐ICN,18h00m,1,DTW,10:00 am – 11:20 am,Korean Air,ICN‐JFK,14h20m,0,,2407,20220405-1233,fast
1:55 pm – 5:20 pm +1,Asiana Airlines,JFK‐ICN,14h25m,0,,10:45 am – 3:45 pm,Delta,ICN‐EWR,18h00m,1,DTW,1401,20220405-1233,fast
1:55 pm – 5:20 pm +1,Asiana Airlines,JFK‐ICN,14h25m,0,,6:40 pm – 11:43 pm,Korean Air,ICN‐JFK,18h03m,1,ATL,2622,20220405-1233,fast
