Out Time,Out Airline,Out Cities,Out Duration,Out Stops,Out Stop Cities,Return Time,Return Airline,Return Cities,Return Duration,Return Stops,Return Stop Cities,Price,timestamp,sort
6:25 am – 4:00 pm +1,Air Canada,EWR‐ICN,20h35m,2,"YYZ, YVR",6:25 pm – 12:30 pm +1,Air Canada,ICN‐EWR,31h05m,2,"YYZ-YTZ, YUL",1033,20220408-0151,cheap
6:25 am – 4:00 pm +1,Air Canada,EWR‐ICN,20h35m,2,"YYZ, YVR",6:25 pm – 10:31 pm,Air Canada,ICN‐EWR,17h06m,1,YYZ,1039,20220408-0151,cheap
6:25 am – 4:00 pm +1,Air Canada,EWR‐ICN,20h35m,2,"YYZ, YVR",6:25 pm – 7:40 am +1,Air Canada,ICN‐EWR,26h15m,2,"YYZ, YUL",1039,20220408-0151,cheap
6:25 am – 4:00 pm +1,Air Canada,EWR‐ICN,20h35m,2,"YYZ, YVR",6:25 pm – 7:40 am +1,Air Canada,ICN‐EWR,26h15m,2,"YYZ, YUL",1039,20220408-0151,cheap
6:25 am – 4:00 pm +1,Air Canada,EWR‐ICN,20h35m,2,"YYZ, YVR",6:25 pm – 7:56 am +1,Air Canada,ICN‐EWR,26h31m,1,YYZ,1039,20220408-0151,cheap
9:00 pm – 5:10 pm +2,Air Canada,EWR‐ICN,31h10m,1,YYZ,6:25 pm – 10:31 pm,Air Canada,ICN‐EWR,17h06m,1,YYZ,1076,20220408-0151,cheap
7:09 am – 3:15 pm +1,American Airlines,EWR‐ICN,19h06m,1,DFW,5:25 pm – 7:48 am +1,American Airlines,ICN‐EWR,27h23m,2,"DFW, CLT",1179,20220408-0151,cheap
7:05 am – 3:15 pm +1,American Airlines,LGA‐ICN,19h10m,1,DFW,5:25 pm – 7:48 am +1,American Airlines,ICN‐EWR,27h23m,2,"DFW, CLT",1179,20220408-0151,cheap
6:40 am – 3:15 pm +1,American Airlines,JFK‐ICN,19h35m,1,DFW,5:25 pm – 7:48 am +1,American Airlines,ICN‐EWR,27h23m,2,"DFW, CLT",1179,20220408-0151,cheap
6:10 am – 3:15 pm +1,American Airlines,LGA‐ICN,20h05m,1,DFW,5:25 pm – 7:48 am +1,American Airlines,ICN‐EWR,27h23m,2,"DFW, CLT",1179,20220408-0151,cheap
6:00 am – 3:15 pm +1,American Airlines,LGA‐ICN,20h15m,2,"CMH, DFW",5:25 pm – 7:48 am +1,American Airlines,ICN‐EWR,27h23m,2,"DFW, CLT",1179,20220408-0151,cheap
5:05 am – 3:15 pm +1,American Airlines,EWR‐ICN,21h10m,2,"CLT, DFW",5:25 pm – 7:20 am +1,American Airlines,ICN‐LGA,26h55m,2,"DFW, DCA",1179,20220408-0151,cheap
5:05 am – 3:15 pm +1,American Airlines,EWR‐ICN,21h10m,2,"CLT, DFW",5:25 pm – 7:20 am +1,American Airlines,ICN‐LGA,26h55m,2,"DFW, DCA",1179,20220408-0151,cheap
7:09 am – 3:15 pm +1,American Airlines,EWR‐ICN,19h06m,1,DFW,5:25 pm – 7:20 am +1,American Airlines,ICN‐LGA,26h55m,2,"DFW, DCA",1180,20220408-0151,cheap
7:09 am – 3:15 pm +1,American Airlines,EWR‐ICN,19h06m,1,DFW,5:25 pm – 7:20 am +1,American Airlines,ICN‐LGA,26h55m,2,"DFW, DCA",1180,20220408-0151,cheap
6:25 am – 4:00 pm +1,Air Canada,EWR‐ICN,20h35m,2,"YYZ, YVR",6:25 pm – 10:31 pm,Air Canada,ICN‐EWR,17h06m,1,YYZ,1126,20220408-0149,best
1:55 pm – 5:20 pm +1,Asiana Airlines,JFK‐ICN,14h25m,0,,10:20 am – 11:35 am,Asiana Airlines,ICN‐JFK,14h15m,0,,1471,20220408-0149,best
6:25 am – 4:00 pm +1,Air Canada,EWR‐ICN,20h35m,2,"YYZ, YVR",6:25 pm – 12:30 pm +1,Air Canada,ICN‐EWR,31h05m,2,"YYZ-YTZ, YUL",1033,20220408-0149,best
1:50 pm – 5:20 pm +1,Korean Air,JFK‐ICN,14h30m,0,,10:45 am – 2:10 pm,Korean Air,ICN‐LGA,16h25m,1,DTW,1355,20220408-0149,best
1:50 pm – 5:20 pm +1,Delta,JFK‐ICN,14h30m,0,,10:45 am – 2:10 pm,Delta,ICN‐LGA,16h25m,1,DTW,1394,20220408-0149,best
6:25 am – 4:00 pm +1,Air Canada,EWR‐ICN,20h35m,2,"YYZ, YVR",6:25 pm – 10:31 pm,Air Canada,ICN‐EWR,17h06m,1,YYZ,1039,20220408-0149,best
9:30 am – 4:30 pm +1,Delta,LGA‐ICN,18h00m,1,DTW,10:45 am – 2:10 pm,Delta,ICN‐LGA,16h25m,1,DTW,1232,20220408-0149,best
1:50 pm – 5:20 pm +1,Korean Air,JFK‐ICN,14h30m,0,,6:40 pm – 11:58 pm,Korean Air,ICN‐LGA,18h18m,1,ATL,1355,20220408-0149,best
1:50 pm – 5:20 pm +1,Korean Air,JFK‐ICN,14h30m,0,,10:45 am – 4:07 pm,Korean Air,ICN‐LGA,18h22m,1,DTW,1355,20220408-0149,best
12:50 am – 4:10 am +1,Korean Air,JFK‐ICN,14h20m,0,,10:45 am – 2:10 pm,Korean Air,ICN‐LGA,16h25m,1,DTW,1355,20220408-0149,best
1:50 pm – 5:20 pm +1,Delta,JFK‐ICN,14h30m,0,,6:40 pm – 11:58 pm,Delta,ICN‐LGA,18h18m,1,ATL,1394,20220408-0149,best
6:59 am – 3:00 pm +1,Delta,LGA‐ICN,19h01m,1,ATL,10:45 am – 2:10 pm,Delta,ICN‐LGA,16h25m,1,DTW,1232,20220408-0149,best
1:50 pm – 5:20 pm +1,Delta,JFK‐ICN,14h30m,0,,10:45 am – 4:07 pm,Delta,ICN‐LGA,18h22m,1,DTW,1394,20220408-0149,best
12:50 am – 4:10 am +1,Delta,JFK‐ICN,14h20m,0,,10:45 am – 2:10 pm,Delta,ICN‐LGA,16h25m,1,DTW,1394,20220408-0149,best
9:30 am – 4:30 pm +1,Delta,LGA‐ICN,18h00m,1,DTW,6:40 pm – 11:58 pm,Delta,ICN‐LGA,18h18m,1,ATL,1232,20220408-0149,best
9:30 am – 4:30 pm +1,Delta,LGA‐ICN,18h00m,1,DTW,10:45 am – 4:07 pm,Delta,ICN‐LGA,18h22m,1,DTW,1232,20220408-0149,best
6:00 am – 3:00 pm +1,Delta,LGA‐ICN,20h00m,1,ATL,10:45 am – 2:10 pm,Delta,ICN‐LGA,16h25m,1,DTW,1232,20220408-0149,best
12:50 am – 4:10 am +1,Korean Air,JFK‐ICN,14h20m,0,,10:00 am – 11:05 am,Korean Air,ICN‐JFK,14h05m,0,,1765,20220408-0154,fast
12:50 am – 4:10 am +1,Delta,JFK‐ICN,14h20m,0,,10:00 am – 11:05 am,Delta,ICN‐JFK,14h05m,0,,1825,20220408-0154,fast
1:55 pm – 5:20 pm +1,Asiana Airlines,JFK‐ICN,14h25m,0,,10:00 am – 11:05 am,Korean Air,ICN‐JFK,14h05m,0,,2049,20220408-0154,fast
1:55 pm – 5:20 pm +1,United Airlines,JFK‐ICN,14h25m,0,,10:00 am – 11:05 am,Korean Air,ICN‐JFK,14h05m,0,,6527,20220408-0154,fast
1:50 pm – 5:20 pm +1,Korean Air,JFK‐ICN,14h30m,0,,10:00 am – 11:05 am,Korean Air,ICN‐JFK,14h05m,0,,1765,20220408-0154,fast
1:50 pm – 5:20 pm +1,Delta,JFK‐ICN,14h30m,0,,10:00 am – 11:05 am,Delta,ICN‐JFK,14h05m,0,,1825,20220408-0154,fast
12:50 am – 4:10 am +1,Korean Air,JFK‐ICN,14h20m,0,,10:20 am – 11:35 am,Asiana Airlines,ICN‐JFK,14h15m,0,,1964,20220408-0154,fast
1:55 pm – 5:20 pm +1,Asiana Airlines,JFK‐ICN,14h25m,0,,10:20 am – 11:35 am,Asiana Airlines,ICN‐JFK,14h15m,0,,1471,20220408-0154,fast
1:55 pm – 5:20 pm +1,United Airlines,JFK‐ICN,14h25m,0,,10:20 am – 11:35 am,United Airlines,ICN‐JFK,14h15m,0,,6537,20220408-0154,fast
1:50 pm – 5:20 pm +1,Korean Air,JFK‐ICN,14h30m,0,,10:20 am – 11:35 am,Asiana Airlines,ICN‐JFK,14h15m,0,,1964,20220408-0154,fast
12:50 am – 4:10 am +1,Korean Air,JFK‐ICN,14h20m,0,,10:45 am – 2:10 pm,Korean Air,ICN‐LGA,16h25m,1,DTW,1355,20220408-0154,fast
12:50 am – 4:10 am +1,Delta,JFK‐ICN,14h20m,0,,10:45 am – 2:10 pm,Delta,ICN‐LGA,16h25m,1,DTW,1394,20220408-0154,fast
12:50 am – 4:10 am +1,Korean Air,JFK‐ICN,14h20m,0,,10:45 am – 2:10 pm,"Korean Air, Delta",ICN‐LGA,16h25m,1,DTW,1645,20220408-0154,fast
1:55 pm – 5:20 pm +1,Asiana Airlines,JFK‐ICN,14h25m,0,,10:45 am – 2:10 pm,Korean Air,ICN‐LGA,16h25m,1,DTW,2195,20220408-0154,fast
1:50 pm – 5:20 pm +1,Korean Air,JFK‐ICN,14h30m,0,,10:45 am – 2:10 pm,Korean Air,ICN‐LGA,16h25m,1,DTW,1355,20220408-0154,fast
