Out Time,Out Airline,Out Cities,Out Duration,Out Stops,Out Stop Cities,Return Time,Return Airline,Return Cities,Return Duration,Return Stops,Return Stop Cities,Price,timestamp,sort
1:55 pm – 5:20 pm +1,Asiana Airlines,JFK‐ICN,14h25m,0,,4:50 pm – 9:49 pm,United Airlines,ICN‐EWR,17h59m,1,SFO,1261,20220405-1153,cheap
6:17 pm – 4:15 pm +2,Air Canada,EWR‐ICN,32h58m,2,"YUL, YVR",5:50 pm – 7:52 am +1,Air Canada,ICN‐EWR,27h02m,2,"YVR, YQB",1265,20220405-1153,cheap
1:55 pm – 5:20 pm +1,Asiana Airlines,JFK‐ICN,14h25m,0,,1:30 am – 2:55 pm,Qatar Airways,ICN‐JFK,26h25m,1,DOH,1378,20220405-1153,cheap
7:05 pm – 11:00 am +2,Finnair,JFK‐ICN,26h55m,1,HEL,4:50 pm – 12:49 am +1,United Airlines,ICN‐EWR,20h59m,1,SFO,1457,20220405-1153,cheap
10:40 am – 5:10 pm +1,Air Canada,LGA‐ICN,17h30m,1,YYZ,5:50 pm – 7:52 am +1,Air Canada,ICN‐EWR,27h02m,2,"YVR, YQB",1560,20220405-1153,cheap
10:40 am – 5:10 pm +1,Air Canada,LGA‐ICN,17h30m,1,YYZ,5:50 pm – 8:34 am +1,Air Canada,ICN‐EWR,27h44m,2,"YVR, YUL",1560,20220405-1153,cheap
9:05 am – 5:10 pm +1,Air Canada,EWR‐ICN,19h05m,1,YYZ,5:50 pm – 7:52 am +1,Air Canada,ICN‐EWR,27h02m,2,"YVR, YQB",1560,20220405-1153,cheap
9:05 am – 5:10 pm +1,Air Canada,LGA‐ICN,19h05m,1,YYZ,5:50 pm – 7:52 am +1,Air Canada,ICN‐EWR,27h02m,2,"YVR, YQB",1560,20220405-1153,cheap
10:40 am – 5:10 pm +1,Air Canada,LGA‐ICN,17h30m,1,YYZ,5:50 pm – 9:57 am +1,Air Canada,ICN‐EWR,29h07m,2,"YVR, YUL",1560,20220405-1153,cheap
10:40 am – 5:10 pm +1,Air Canada,LGA‐ICN,17h30m,1,YYZ,5:50 pm – 9:57 am +1,Air Canada,ICN‐EWR,29h07m,2,"YVR, YUL",1560,20220405-1153,cheap
9:05 am – 5:10 pm +1,Air Canada,LGA‐ICN,19h05m,1,YYZ,5:50 pm – 8:34 am +1,Air Canada,ICN‐EWR,27h44m,2,"YVR, YUL",1560,20220405-1153,cheap
9:05 am – 5:10 pm +1,Air Canada,EWR‐ICN,19h05m,1,YYZ,5:50 pm – 8:34 am +1,Air Canada,ICN‐EWR,27h44m,2,"YVR, YUL",1560,20220405-1153,cheap
8:01 am – 5:10 pm +1,Air Canada,EWR‐ICN,20h09m,1,YYZ,5:50 pm – 7:52 am +1,Air Canada,ICN‐EWR,27h02m,2,"YVR, YQB",1560,20220405-1153,cheap
8:01 am – 5:10 pm +1,Air Canada,EWR‐ICN,20h09m,1,YYZ,5:50 pm – 8:34 am +1,Air Canada,ICN‐EWR,27h44m,2,"YVR, YUL",1560,20220405-1153,cheap
9:05 am – 5:10 pm +1,Air Canada,EWR‐ICN,19h05m,1,YYZ,5:50 pm – 9:57 am +1,Air Canada,ICN‐EWR,29h07m,2,"YVR, YUL",1560,20220405-1153,cheap
1:50 pm – 5:20 pm +1,Korean Air,JFK‐ICN,14h30m,0,,10:00 am – 11:20 am,Korean Air,ICN‐JFK,14h20m,0,,2145,20220405-1150,best
1:55 pm – 5:20 pm +1,Asiana Airlines,JFK‐ICN,14h25m,0,,4:50 pm – 9:49 pm,United Airlines,ICN‐EWR,17h59m,1,SFO,1261,20220405-1150,best
6:30 am – 2:55 pm +1,United Airlines,JFK‐ICN,19h25m,1,SFO,4:50 pm – 9:49 pm,United Airlines,ICN‐EWR,17h59m,1,SFO,1564,20220405-1150,best
6:29 am – 2:55 pm +1,United Airlines,EWR‐ICN,19h26m,1,SFO,4:50 pm – 9:49 pm,United Airlines,ICN‐EWR,17h59m,1,SFO,1564,20220405-1150,best
1:50 pm – 5:20 pm +1,Korean Air,JFK‐ICN,14h30m,0,,10:20 am – 11:35 am,Asiana Airlines,ICN‐JFK,14h15m,0,,2402,20220405-1150,best
1:50 pm – 5:20 pm +1,Korean Air,JFK‐ICN,14h30m,0,,6:40 pm – 10:59 pm,Korean Air,ICN‐EWR,17h19m,1,ATL,2179,20220405-1150,best
6:30 am – 2:55 pm +1,United Airlines,JFK‐ICN,19h25m,1,SFO,4:50 pm – 12:49 am +1,United Airlines,ICN‐EWR,20h59m,1,SFO,1564,20220405-1150,best
6:29 am – 2:55 pm +1,United Airlines,EWR‐ICN,19h26m,1,SFO,4:50 pm – 12:49 am +1,United Airlines,ICN‐EWR,20h59m,1,SFO,1564,20220405-1150,best
6:30 am – 2:55 pm +1,United Airlines,JFK‐ICN,19h25m,1,SFO,4:50 pm – 11:33 pm,United Airlines,ICN‐EWR,19h43m,2,"SFO, DEN",1568,20220405-1150,best
6:29 am – 2:55 pm +1,United Airlines,EWR‐ICN,19h26m,1,SFO,4:50 pm – 11:33 pm,United Airlines,ICN‐EWR,19h43m,2,"SFO, DEN",1568,20220405-1150,best
1:50 pm – 5:20 pm +1,Korean Air,JFK‐ICN,14h30m,0,,6:40 pm – 11:43 pm,Korean Air,ICN‐JFK,18h03m,1,ATL,2179,20220405-1150,best
1:50 pm – 5:20 pm +1,Korean Air,JFK‐ICN,14h30m,0,,6:40 pm – 11:52 pm,Korean Air,ICN‐LGA,18h12m,1,ATL,2179,20220405-1150,best
9:30 am – 4:50 pm +1,Korean Air,JFK‐ICN,18h20m,1,IAD,10:00 am – 11:20 am,Korean Air,ICN‐JFK,14h20m,0,,2173,20220405-1150,best
1:50 pm – 5:20 pm +1,Korean Air,JFK‐ICN,14h30m,0,,9:20 am – 2:59 pm,Korean Air,ICN‐LGA,18h39m,1,ATL,2180,20220405-1150,best
1:50 pm – 5:20 pm +1,Korean Air,JFK‐ICN,14h30m,0,,9:20 am – 3:00 pm,Korean Air,ICN‐JFK,18h40m,1,ATL,2180,20220405-1150,best
7:30 am – 3:15 pm +1,Korean Air,JFK‐ICN,18h45m,1,SEA,10:00 am – 11:20 am,Korean Air,ICN‐JFK,14h20m,0,,2173,20220405-1150,best
1:55 pm – 5:20 pm +1,Asiana Airlines,JFK‐ICN,14h25m,0,,10:20 am – 11:35 am,Asiana Airlines,ICN‐JFK,14h15m,0,,1789,20220405-1155,fast
1:55 pm – 5:20 pm +1,Asiana Airlines,JFK‐ICN,14h25m,0,,10:00 am – 11:20 am,Korean Air,ICN‐JFK,14h20m,0,,1990,20220405-1155,fast
1:50 pm – 5:20 pm +1,Korean Air,JFK‐ICN,14h30m,0,,10:20 am – 11:35 am,Asiana Airlines,ICN‐JFK,14h15m,0,,2402,20220405-1155,fast
1:50 pm – 5:20 pm +1,Korean Air,JFK‐ICN,14h30m,0,,10:00 am – 11:20 am,Korean Air,ICN‐JFK,14h20m,0,,2145,20220405-1155,fast
1:50 pm – 5:20 pm +1,Korean Air,JFK‐ICN,14h30m,0,,10:45 am – 2:21 pm,Korean Air,ICN‐LGA,16h36m,1,DTW,2363,20220405-1155,fast
1:50 pm – 5:20 pm +1,Korean Air,JFK‐ICN,14h30m,0,,9:30 am – 1:23 pm,Korean Air,ICN‐LGA,16h53m,1,BOS,2488,20220405-1155,fast
1:55 pm – 5:20 pm +1,Asiana Airlines,JFK‐ICN,14h25m,0,,6:40 pm – 10:59 pm,"Korean Air, Delta",ICN‐EWR,17h19m,1,ATL,2142,20220405-1155,fast
10:00 am – 4:25 pm +1,Korean Air,LGA‐ICN,17h25m,1,BOS,10:00 am – 11:20 am,Korean Air,ICN‐JFK,14h20m,0,,2657,20220405-1155,fast
1:50 pm – 5:20 pm +1,Korean Air,JFK‐ICN,14h30m,0,,6:40 pm – 10:59 pm,Korean Air,ICN‐EWR,17h19m,1,ATL,2179,20220405-1155,fast
9:50 am – 4:25 pm +1,Korean Air,JFK‐ICN,17h35m,1,BOS,10:00 am – 11:20 am,Korean Air,ICN‐JFK,14h20m,0,,2657,20220405-1155,fast
1:50 pm – 5:20 pm +1,Korean Air,JFK‐ICN,14h30m,0,,9:30 am – 1:58 pm,Korean Air,ICN‐JFK,17h28m,1,BOS,2613,20220405-1155,fast
1:55 pm – 5:20 pm +1,Asiana Airlines,JFK‐ICN,14h25m,0,,4:50 pm – 9:49 pm,United Airlines,ICN‐EWR,17h59m,1,SFO,1261,20220405-1155,fast
1:55 pm – 5:20 pm +1,Asiana Airlines,JFK‐ICN,14h25m,0,,6:40 pm – 11:43 pm,"Korean Air, Delta",ICN‐JFK,18h03m,1,ATL,2142,20220405-1155,fast
1:50 pm – 5:20 pm +1,Korean Air,JFK‐ICN,14h30m,0,,6:40 pm – 11:43 pm,Korean Air,ICN‐JFK,18h03m,1,ATL,2179,20220405-1155,fast
9:30 am – 4:50 pm +1,"Delta, Korean Air",JFK‐ICN,18h20m,1,IAD,10:20 am – 11:35 am,Asiana Airlines,ICN‐JFK,14h15m,0,,2472,20220405-1155,fast
