Out Time,Out Airline,Out Cities,Out Duration,Out Stops,Out Stop Cities,Return Time,Return Airline,Return Cities,Return Duration,Return Stops,Return Stop Cities,Price,timestamp,sort
9:00 pm – 7:10 am +2,Air France,JFK‐ICN,21h10m,1,CDG,9:05 am – 6:40 pm,Air France,ICN‐JFK,22h35m,1,CDG,1636,20220405-1238,cheap
7:30 pm – 7:10 am +2,Air France,JFK‐ICN,22h40m,1,CDG,9:05 am – 6:40 pm,Air France,ICN‐JFK,22h35m,1,CDG,1636,20220405-1238,cheap
9:00 pm – 7:10 am +2,Air France,JFK‐ICN,21h10m,1,CDG,9:05 am – 9:00 pm,Air France,ICN‐JFK,24h55m,1,CDG,1636,20220405-1238,cheap
6:25 pm – 7:10 am +2,Air France,JFK‐ICN,23h45m,1,CDG,9:05 am – 6:40 pm,Air France,ICN‐JFK,22h35m,1,CDG,1636,20220405-1238,cheap
9:00 pm – 7:10 am +2,Air France,JFK‐ICN,21h10m,1,CDG,9:05 am – 9:50 pm,Air France,ICN‐JFK,25h45m,1,CDG,1636,20220405-1238,cheap
5:30 pm – 7:10 am +2,Air France,JFK‐ICN,24h40m,1,CDG,9:05 am – 6:40 pm,Air France,ICN‐JFK,22h35m,1,CDG,1636,20220405-1238,cheap
7:30 pm – 7:10 am +2,Air France,JFK‐ICN,22h40m,1,CDG,9:05 am – 9:00 pm,Air France,ICN‐JFK,24h55m,1,CDG,1636,20220405-1238,cheap
4:30 pm – 7:10 am +2,Air France,JFK‐ICN,25h40m,1,CDG,9:05 am – 6:40 pm,Air France,ICN‐JFK,22h35m,1,CDG,1636,20220405-1238,cheap
7:30 pm – 7:10 am +2,Air France,JFK‐ICN,22h40m,1,CDG,9:05 am – 9:50 pm,Air France,ICN‐JFK,25h45m,1,CDG,1636,20220405-1238,cheap
6:25 pm – 7:10 am +2,Air France,JFK‐ICN,23h45m,1,CDG,9:05 am – 9:00 pm,Air France,ICN‐JFK,24h55m,1,CDG,1636,20220405-1238,cheap
11:50 pm – 2:55 pm +2,KLM,JFK‐ICN,26h05m,2,"CDG, AMS",9:05 am – 6:40 pm,Air France,ICN‐JFK,22h35m,1,CDG,1643,20220405-1238,cheap
11:50 pm – 2:55 pm +2,KLM,JFK‐ICN,26h05m,2,"CDG, AMS",9:05 am – 6:40 pm,Air France,ICN‐JFK,22h35m,1,CDG,1643,20220405-1238,cheap
7:20 pm – 7:10 am +2,Air France,JFK‐ICN,22h50m,2,"AMS, CDG",9:05 am – 6:40 pm,Air France,ICN‐JFK,22h35m,1,CDG,1653,20220405-1238,cheap
5:35 pm – 7:10 am +2,KLM,JFK‐ICN,24h35m,2,"AMS, CDG",9:05 am – 6:40 pm,Air France,ICN‐JFK,22h35m,1,CDG,1653,20220405-1238,cheap
5:35 pm – 7:10 am +2,KLM,JFK‐ICN,24h35m,2,"AMS, CDG",9:05 am – 6:40 pm,Air France,ICN‐JFK,22h35m,1,CDG,1653,20220405-1238,cheap
1:55 pm – 5:20 pm +1,Asiana Airlines,JFK‐ICN,14h25m,0,,1:30 am – 2:55 pm,Qatar Airways,ICN‐JFK,26h25m,1,DOH,2156,20220405-1235,best
1:55 pm – 5:20 pm +1,Asiana Airlines,JFK‐ICN,14h25m,0,,10:20 am – 11:35 am,Asiana Airlines,ICN‐JFK,14h15m,0,,2105,20220405-1235,best
9:00 pm – 7:10 am +2,Air France,JFK‐ICN,21h10m,1,CDG,9:05 am – 6:40 pm,Air France,ICN‐JFK,22h35m,1,CDG,1636,20220405-1235,best
1:50 pm – 5:20 pm +1,Korean Air,JFK‐ICN,14h30m,0,,10:00 am – 11:20 am,Korean Air,ICN‐JFK,14h20m,0,,2171,20220405-1235,best
1:50 pm – 5:20 pm +1,Korean Air,JFK‐ICN,14h30m,0,,10:20 am – 11:35 am,Asiana Airlines,ICN‐JFK,14h15m,0,,2461,20220405-1235,best
1:55 pm – 5:20 pm +1,Asiana Airlines,JFK‐ICN,14h25m,0,,10:00 am – 11:20 am,Korean Air,ICN‐JFK,14h20m,0,,2567,20220405-1235,best
9:59 am – 4:30 pm +1,Korean Air,LGA‐ICN,17h31m,1,DTW,10:00 am – 11:20 am,Korean Air,ICN‐JFK,14h20m,0,,2316,20220405-1235,best
1:50 pm – 5:20 pm +1,Korean Air,JFK‐ICN,14h30m,0,,1:55 pm – 8:24 pm,Korean Air,ICN‐JFK,19h29m,1,SEA,2202,20220405-1235,best
1:50 pm – 5:20 pm +1,Korean Air,JFK‐ICN,14h30m,0,,9:20 am – 2:59 pm,Korean Air,ICN‐LGA,18h39m,1,ATL,2297,20220405-1235,best
1:50 pm – 5:20 pm +1,Delta,JFK‐ICN,14h30m,0,,2:30 pm – 9:30 pm,Delta,ICN‐JFK,20h00m,1,LAX,2185,20220405-1235,best
9:30 am – 4:30 pm +1,Korean Air,EWR‐ICN,18h00m,1,DTW,10:00 am – 11:20 am,Korean Air,ICN‐JFK,14h20m,0,,2407,20220405-1235,best
1:50 pm – 5:20 pm +1,Korean Air,JFK‐ICN,14h30m,0,,9:20 am – 3:00 pm,Korean Air,ICN‐JFK,18h40m,1,ATL,2364,20220405-1235,best
1:50 pm – 5:20 pm +1,Korean Air,JFK‐ICN,14h30m,0,,9:20 am – 3:14 pm,Korean Air,ICN‐EWR,18h54m,1,ATL,2364,20220405-1235,best
1:50 pm – 5:20 pm +1,Korean Air,JFK‐ICN,14h30m,0,,1:55 pm – 11:48 pm,Korean Air,ICN‐JFK,22h53m,1,SEA,2036,20220405-1235,best
7:00 am – 4:15 pm +1,Air Canada,LGA‐ICN,20h15m,2,"YYZ, YVR",6:40 pm – 10:01 pm,Air Canada,ICN‐EWR,16h21m,1,YYZ,1857,20220405-1235,best
7:00 am – 4:15 pm +1,Air Canada,LGA‐ICN,20h15m,2,"YYZ, YVR",10:20 am – 11:35 am,Asiana Airlines,ICN‐JFK,14h15m,0,,2188,20220405-1235,best
1:50 pm – 5:20 pm +1,Delta,JFK‐ICN,14h30m,0,,9:20 am – 3:59 pm,Delta,ICN‐LGA,19h39m,1,ATL,2385,20220405-1235,best
1:55 pm – 5:20 pm +1,Asiana Airlines,JFK‐ICN,14h25m,0,,10:20 am – 11:35 am,Asiana Airlines,ICN‐JFK,14h15m,0,,2105,20220405-1240,fast
1:50 pm – 5:20 pm +1,Korean Air,JFK‐ICN,14h30m,0,,10:20 am – 11:35 am,Asiana Airlines,ICN‐JFK,14h15m,0,,2461,20220405-1240,fast
1:55 pm – 5:20 pm +1,Asiana Airlines,JFK‐ICN,14h25m,0,,10:00 am – 11:20 am,Korean Air,ICN‐JFK,14h20m,0,,2567,20220405-1240,fast
1:50 pm – 5:20 pm +1,Korean Air,JFK‐ICN,14h30m,0,,10:00 am – 11:20 am,Korean Air,ICN‐JFK,14h20m,0,,2171,20220405-1240,fast
9:59 am – 4:30 pm +1,Korean Air,LGA‐ICN,17h31m,1,DTW,10:20 am – 11:35 am,Asiana Airlines,ICN‐JFK,14h15m,0,,2732,20220405-1240,fast
9:59 am – 4:30 pm +1,Korean Air,LGA‐ICN,17h31m,1,DTW,10:00 am – 11:20 am,Korean Air,ICN‐JFK,14h20m,0,,2316,20220405-1240,fast
9:30 am – 4:30 pm +1,Korean Air,EWR‐ICN,18h00m,1,DTW,10:20 am – 11:35 am,Asiana Airlines,ICN‐JFK,14h15m,0,,2732,20220405-1240,fast
9:30 am – 4:30 pm +1,Korean Air,EWR‐ICN,18h00m,1,DTW,10:00 am – 11:20 am,Korean Air,ICN‐JFK,14h20m,0,,2407,20220405-1240,fast
9:15 am – 4:30 pm +1,"Delta, Korean Air",JFK‐ICN,18h15m,1,DTW,10:00 am – 11:20 am,Korean Air,ICN‐JFK,14h20m,0,,3149,20220405-1240,fast
8:30 am – 4:20 pm +1,"Delta, Korean Air",JFK‐ICN,18h50m,1,ATL,10:20 am – 11:35 am,Asiana Airlines,ICN‐JFK,14h15m,0,,2926,20220405-1240,fast
1:50 pm – 5:20 pm +1,Korean Air,JFK‐ICN,14h30m,0,,9:20 am – 2:59 pm,Korean Air,ICN‐LGA,18h39m,1,ATL,2297,20220405-1240,fast
1:50 pm – 5:20 pm +1,Korean Air,JFK‐ICN,14h30m,0,,9:20 am – 3:00 pm,Korean Air,ICN‐JFK,18h40m,1,ATL,2364,20220405-1240,fast
8:30 am – 4:20 pm +1,Korean Air,JFK‐ICN,18h50m,1,ATL,10:00 am – 11:20 am,Korean Air,ICN‐JFK,14h20m,0,,2458,20220405-1240,fast
8:00 am – 3:50 pm +1,Korean Air,EWR‐ICN,18h50m,1,ATL,10:00 am – 11:20 am,Korean Air,ICN‐JFK,14h20m,0,,3021,20220405-1240,fast
8:00 am – 3:50 pm +1,Korean Air,LGA‐ICN,18h50m,1,ATL,10:00 am – 11:20 am,Korean Air,ICN‐JFK,14h20m,0,,3150,20220405-1240,fast
