Out Time,Out Airline,Out Cities,Out Duration,Out Stops,Out Stop Cities,Return Time,Return Airline,Return Cities,Return Duration,Return Stops,Return Stop Cities,Price,timestamp,sort
9:25 am – 4:30 pm +1,Delta,LGA‐ICN,18h05m,1,DTW,10:45 am – 7:34 pm,Delta,ICN‐LGA,21h49m,1,DTW,1332,20220405-0725,cheap
6:00 am – 4:30 pm +1,Delta,LGA‐ICN,21h30m,1,DTW,10:45 am – 7:34 pm,Delta,ICN‐LGA,21h49m,1,DTW,1332,20220405-0725,cheap
9:25 am – 4:30 pm +1,Delta,LGA‐ICN,18h05m,1,DTW,10:45 am – 11:56 pm,Delta,ICN‐LGA,26h11m,1,DTW,1332,20220405-0725,cheap
6:00 am – 4:30 pm +1,Delta,LGA‐ICN,21h30m,1,DTW,10:45 am – 11:56 pm,Delta,ICN‐LGA,26h11m,1,DTW,1332,20220405-0725,cheap
9:29 pm – 3:15 pm +2,American Airlines,JFK‐ICN,28h46m,2,"BOS, DFW",5:25 pm – 10:00 pm,American Airlines,ICN‐EWR,17h35m,1,DFW,1384,20220405-0725,cheap
9:29 pm – 3:15 pm +2,American Airlines,JFK‐ICN,28h46m,2,"RIC, DFW",5:25 pm – 10:00 pm,American Airlines,ICN‐EWR,17h35m,1,DFW,1384,20220405-0725,cheap
9:29 pm – 3:15 pm +2,American Airlines,JFK‐ICN,28h46m,2,"BOS, DFW",5:25 pm – 10:00 pm,American Airlines,ICN‐EWR,17h35m,1,DFW,1384,20220405-0725,cheap
9:29 pm – 3:15 pm +2,American Airlines,JFK‐ICN,28h46m,2,"BOS, DFW",5:25 pm – 10:10 pm,American Airlines,ICN‐LGA,17h45m,1,DFW,1384,20220405-0725,cheap
9:29 pm – 3:15 pm +2,American Airlines,JFK‐ICN,28h46m,2,"RIC, DFW",5:25 pm – 10:10 pm,American Airlines,ICN‐LGA,17h45m,1,DFW,1384,20220405-0725,cheap
9:29 pm – 3:15 pm +2,American Airlines,JFK‐ICN,28h46m,2,"BOS, DFW",5:25 pm – 10:10 pm,American Airlines,ICN‐LGA,17h45m,1,DFW,1384,20220405-0725,cheap
8:30 pm – 3:15 pm +2,American Airlines,JFK‐ICN,29h45m,2,"IND, DFW",5:25 pm – 10:00 pm,American Airlines,ICN‐EWR,17h35m,1,DFW,1384,20220405-0725,cheap
8:30 pm – 3:15 pm +2,American Airlines,JFK‐ICN,29h45m,2,"PIT, DFW",5:25 pm – 10:00 pm,American Airlines,ICN‐EWR,17h35m,1,DFW,1384,20220405-0725,cheap
8:30 pm – 3:15 pm +2,American Airlines,JFK‐ICN,29h45m,2,"IND, DFW",5:25 pm – 10:00 pm,American Airlines,ICN‐EWR,17h35m,1,DFW,1384,20220405-0725,cheap
8:30 pm – 3:15 pm +2,American Airlines,JFK‐ICN,29h45m,2,"IND, DFW",5:25 pm – 10:10 pm,American Airlines,ICN‐LGA,17h45m,1,DFW,1384,20220405-0725,cheap
8:30 pm – 3:15 pm +2,American Airlines,JFK‐ICN,29h45m,2,"IND, DFW",5:25 pm – 10:10 pm,American Airlines,ICN‐LGA,17h45m,1,DFW,1384,20220405-0725,cheap
9:25 am – 4:30 pm +1,Delta,LGA‐ICN,18h05m,1,DTW,10:45 am – 7:34 pm,Delta,ICN‐LGA,21h49m,1,DTW,1332,20220405-0723,best
12:55 pm – 5:30 pm +1,Asiana Airlines,JFK‐ICN,15h35m,0,,9:50 am – 11:05 am,Asiana Airlines,ICN‐JFK,14h15m,0,,1616,20220405-0723,best
9:25 am – 4:30 pm +1,Delta,LGA‐ICN,18h05m,1,DTW,10:45 am – 7:34 pm,Delta,ICN‐LGA,21h49m,1,DTW,1332,20220405-0723,best
1:50 pm – 5:20 pm +1,Delta,JFK‐ICN,14h30m,0,,10:00 am – 11:20 am,Delta,ICN‐JFK,14h20m,0,,2000,20220405-0723,best
1:10 pm – 5:55 pm +1,Korean Air,JFK‐ICN,15h45m,0,,10:00 am – 11:20 am,Korean Air,ICN‐JFK,14h20m,0,,1931,20220405-0723,best
9:30 am – 4:30 pm +1,Korean Air,EWR‐ICN,18h00m,1,DTW,10:00 am – 11:20 am,Korean Air,ICN‐JFK,14h20m,0,,1769,20220405-0723,best
9:25 am – 4:30 pm +1,Korean Air,LGA‐ICN,18h05m,1,DTW,10:00 am – 11:20 am,Korean Air,ICN‐JFK,14h20m,0,,1769,20220405-0723,best
12:55 pm – 5:30 pm +1,Asiana Airlines,JFK‐ICN,15h35m,0,,10:00 am – 11:20 am,Korean Air,ICN‐JFK,14h20m,0,,2112,20220405-0723,best
1:10 pm – 5:55 pm +1,Korean Air,JFK‐ICN,15h45m,0,,9:50 am – 11:05 am,Asiana Airlines,ICN‐JFK,14h15m,0,,2135,20220405-0723,best
1:50 pm – 5:20 pm +1,Delta,JFK‐ICN,14h30m,0,,10:45 am – 3:43 pm,Delta,ICN‐EWR,17h58m,1,DTW,1835,20220405-0723,best
9:29 am – 4:30 pm +1,Delta,JFK‐ICN,18h01m,1,DTW,10:00 am – 11:20 am,Delta,ICN‐JFK,14h20m,0,,1830,20220405-0723,best
9:25 am – 4:30 pm +1,Korean Air,LGA‐ICN,18h05m,1,DTW,10:45 am – 3:43 pm,Korean Air,ICN‐EWR,17h58m,1,DTW,1455,20220405-0723,best
1:10 pm – 5:55 pm +1,Korean Air,JFK‐ICN,15h45m,0,,10:45 am – 3:43 pm,Korean Air,ICN‐EWR,17h58m,1,DTW,1775,20220405-0723,best
9:30 am – 4:30 pm +1,Korean Air,EWR‐ICN,18h00m,1,DTW,9:50 am – 11:05 am,Asiana Airlines,ICN‐JFK,14h15m,0,,1987,20220405-0723,best
9:25 am – 4:30 pm +1,Korean Air,LGA‐ICN,18h05m,1,DTW,9:50 am – 11:05 am,Asiana Airlines,ICN‐JFK,14h15m,0,,1987,20220405-0723,best
1:50 pm – 5:20 pm +1,Delta,JFK‐ICN,14h30m,0,,10:45 am – 6:04 pm,Delta,ICN‐JFK,20h19m,1,DTW,1835,20220405-0723,best
9:29 am – 4:30 pm +1,Delta,JFK‐ICN,18h01m,1,DTW,10:45 am – 3:43 pm,Delta,ICN‐EWR,17h58m,1,DTW,1665,20220405-0723,best
1:50 pm – 5:20 pm +1,Delta,JFK‐ICN,14h30m,0,,10:00 am – 11:20 am,Delta,ICN‐JFK,14h20m,0,,2000,20220405-0728,fast
12:55 pm – 5:30 pm +1,Asiana Airlines,JFK‐ICN,15h35m,0,,9:50 am – 11:05 am,Asiana Airlines,ICN‐JFK,14h15m,0,,1616,20220405-0728,fast
12:55 pm – 5:30 pm +1,Asiana Airlines,JFK‐ICN,15h35m,0,,10:00 am – 11:20 am,Korean Air,ICN‐JFK,14h20m,0,,2112,20220405-0728,fast
1:10 pm – 5:55 pm +1,Korean Air,JFK‐ICN,15h45m,0,,9:50 am – 11:05 am,Asiana Airlines,ICN‐JFK,14h15m,0,,2135,20220405-0728,fast
1:10 pm – 5:55 pm +1,Korean Air,JFK‐ICN,15h45m,0,,10:00 am – 11:20 am,Korean Air,ICN‐JFK,14h20m,0,,1931,20220405-0728,fast
9:30 am – 4:30 pm +1,Korean Air,EWR‐ICN,18h00m,1,DTW,9:50 am – 11:05 am,Asiana Airlines,ICN‐JFK,14h15m,0,,1987,20220405-0728,fast
9:30 am – 4:30 pm +1,Korean Air,EWR‐ICN,18h00m,1,DTW,10:00 am – 11:20 am,Korean Air,ICN‐JFK,14h20m,0,,1769,20220405-0728,fast
9:25 am – 4:30 pm +1,Korean Air,LGA‐ICN,18h05m,1,DTW,9:50 am – 11:05 am,Asiana Airlines,ICN‐JFK,14h15m,0,,1987,20220405-0728,fast
9:29 am – 4:30 pm +1,Delta,JFK‐ICN,18h01m,1,DTW,10:00 am – 11:20 am,Delta,ICN‐JFK,14h20m,0,,1830,20220405-0728,fast
9:25 am – 4:30 pm +1,Korean Air,LGA‐ICN,18h05m,1,DTW,10:00 am – 11:20 am,Korean Air,ICN‐JFK,14h20m,0,,1769,20220405-0728,fast
1:50 pm – 5:20 pm +1,Delta,JFK‐ICN,14h30m,0,,10:45 am – 3:43 pm,Delta,ICN‐EWR,17h58m,1,DTW,1835,20220405-0728,fast
12:55 pm – 5:30 pm +1,United Airlines,JFK‐ICN,15h35m,0,,4:50 pm – 9:44 pm,United Airlines,ICN‐EWR,17h54m,1,SFO,3937,20220405-0728,fast
12:55 pm – 5:30 pm +1,Asiana Airlines,JFK‐ICN,15h35m,0,,10:45 am – 3:43 pm,Korean Air,ICN‐EWR,17h58m,1,DTW,2155,20220405-0728,fast
6:30 am – 2:55 pm +1,United Airlines,JFK‐ICN,19h25m,1,SFO,9:50 am – 11:05 am,United Airlines,ICN‐JFK,14h15m,0,,4686,20220405-0728,fast
6:30 am – 2:55 pm +1,United Airlines,EWR‐ICN,19h25m,1,SFO,9:50 am – 11:05 am,United Airlines,ICN‐JFK,14h15m,0,,4686,20220405-0728,fast
