Out Time,Out Airline,Out Cities,Out Duration,Out Stops,Out Stop Cities,Return Time,Return Airline,Return Cities,Return Duration,Return Stops,Return Stop Cities,Price,timestamp,sort
6:00 am – 4:15 pm +1,Air Canada,EWR‐ICN,21h15m,2,"YUL, YVR",6:40 pm – 10:01 pm,Air Canada,ICN‐EWR,16h21m,1,YYZ,1238,20220405-1145,cheap
6:00 am – 4:15 pm +1,Air Canada,EWR‐ICN,21h15m,2,"YUL, YVR",6:40 pm – 8:34 am +1,Air Canada,ICN‐EWR,26h54m,2,"YYZ, YUL",1238,20220405-1145,cheap
6:00 am – 4:15 pm +1,Air Canada,EWR‐ICN,21h15m,2,"YUL, YVR",6:40 pm – 8:34 am +1,Air Canada,ICN‐EWR,26h54m,2,"YYZ, YUL",1238,20220405-1145,cheap
6:00 am – 4:15 pm +1,Air Canada,EWR‐ICN,21h15m,2,"YUL, YVR",6:40 pm – 8:34 am +1,Air Canada,ICN‐EWR,26h54m,2,"YYZ, YUL",1238,20220405-1145,cheap
6:25 am – 4:15 pm +1,Air Canada,EWR‐ICN,20h50m,2,"YYZ, YVR",6:40 pm – 10:01 pm,Air Canada,ICN‐EWR,16h21m,1,YYZ,1244,20220405-1145,cheap
7:00 am – 4:15 pm +1,Air Canada,LGA‐ICN,20h15m,2,"YYZ, YVR",6:40 pm – 10:01 pm,Air Canada,ICN‐EWR,16h21m,1,YYZ,1248,20220405-1145,cheap
7:00 am – 4:15 pm +1,Air Canada,LGA‐ICN,20h15m,2,"YYZ, YVR",6:40 pm – 8:34 am +1,Air Canada,ICN‐EWR,26h54m,2,"YYZ, YUL",1248,20220405-1145,cheap
7:00 am – 4:15 pm +1,Air Canada,LGA‐ICN,20h15m,2,"YYZ, YVR",6:40 pm – 8:34 am +1,Air Canada,ICN‐EWR,26h54m,2,"YYZ, YUL",1248,20220405-1145,cheap
6:00 am – 4:15 pm +1,Air Canada,EWR‐ICN,21h15m,2,"YUL, YVR",6:40 pm – 10:00 pm,Air Canada,ICN‐LGA,16h20m,1,YYZ,1264,20220405-1145,cheap
6:00 am – 4:15 pm +1,Air Canada,EWR‐ICN,21h15m,2,"YUL, YVR",6:40 pm – 7:52 am +1,Air Canada,ICN‐EWR,26h12m,2,"YYZ, YQB",1264,20220405-1145,cheap
6:00 am – 4:15 pm +1,Air Canada,EWR‐ICN,21h15m,2,"YUL, YVR",6:40 pm – 7:57 am +1,Air Canada,ICN‐LGA,26h17m,1,YYZ,1264,20220405-1145,cheap
6:00 am – 4:15 pm +1,Air Canada,EWR‐ICN,21h15m,2,"YUL, YVR",6:40 pm – 8:08 am +1,Air Canada,ICN‐EWR,26h28m,1,YYZ,1264,20220405-1145,cheap
1:55 pm – 5:20 pm +1,Asiana Airlines,JFK‐ICN,14h25m,0,,4:50 pm – 5:12 am +1,United Airlines,ICN‐EWR,25h22m,1,SFO,1266,20220405-1145,cheap
6:25 am – 4:15 pm +1,Air Canada,EWR‐ICN,20h50m,2,"YYZ, YVR",6:40 pm – 10:00 pm,Air Canada,ICN‐LGA,16h20m,1,YYZ,1270,20220405-1145,cheap
7:00 am – 4:15 pm +1,Air Canada,LGA‐ICN,20h15m,2,"YYZ, YVR",6:40 pm – 10:00 pm,Air Canada,ICN‐LGA,16h20m,1,YYZ,1273,20220405-1145,cheap
7:00 am – 4:15 pm +1,Air Canada,LGA‐ICN,20h15m,2,"YYZ, YVR",6:40 pm – 10:01 pm,Air Canada,ICN‐EWR,16h21m,1,YYZ,1356,20220405-1143,best
7:00 am – 4:15 pm +1,Air Canada,LGA‐ICN,20h15m,2,"YYZ, YVR",6:40 pm – 10:01 pm,Air Canada,ICN‐EWR,16h21m,1,YYZ,1248,20220405-1143,best
6:00 am – 4:15 pm +1,Air Canada,EWR‐ICN,21h15m,2,"YUL, YVR",6:40 pm – 10:01 pm,Air Canada,ICN‐EWR,16h21m,1,YYZ,1238,20220405-1143,best
7:00 am – 4:15 pm +1,Air Canada,LGA‐ICN,20h15m,2,"YYZ, YVR",6:40 pm – 10:00 pm,Air Canada,ICN‐LGA,16h20m,1,YYZ,1273,20220405-1143,best
6:25 am – 4:15 pm +1,Air Canada,EWR‐ICN,20h50m,2,"YYZ, YVR",6:40 pm – 10:01 pm,Air Canada,ICN‐EWR,16h21m,1,YYZ,1244,20220405-1143,best
6:25 am – 4:15 pm +1,Air Canada,EWR‐ICN,20h50m,2,"YYZ, YVR",6:40 pm – 10:00 pm,Air Canada,ICN‐LGA,16h20m,1,YYZ,1270,20220405-1143,best
6:00 am – 4:15 pm +1,Air Canada,EWR‐ICN,21h15m,2,"YUL, YVR",6:40 pm – 10:00 pm,Air Canada,ICN‐LGA,16h20m,1,YYZ,1264,20220405-1143,best
1:50 pm – 5:20 pm +1,Korean Air,JFK‐ICN,14h30m,0,,10:00 am – 11:20 am,Korean Air,ICN‐JFK,14h20m,0,,2172,20220405-1143,best
6:25 am – 4:15 pm +1,Air Canada,EWR‐ICN,20h50m,2,"YYZ, YVR",6:40 pm – 10:01 pm,Air Canada,ICN‐EWR,16h21m,1,YYZ,1313,20220405-1143,best
6:25 am – 4:15 pm +1,Air Canada,EWR‐ICN,20h50m,2,"YYZ, YVR",6:40 pm – 10:00 pm,Air Canada,ICN‐LGA,16h20m,1,YYZ,1339,20220405-1143,best
1:50 pm – 5:20 pm +1,Korean Air,JFK‐ICN,14h30m,0,,10:20 am – 11:35 am,Asiana Airlines,ICN‐JFK,14h15m,0,,2457,20220405-1143,best
1:50 pm – 5:20 pm +1,Korean Air,JFK‐ICN,14h30m,0,,1:55 pm – 8:24 pm,Korean Air,ICN‐JFK,19h29m,1,SEA,2036,20220405-1143,best
8:00 am – 3:50 pm +1,"Delta, Korean Air",EWR‐ICN,18h50m,1,ATL,10:00 am – 11:20 am,Korean Air,ICN‐JFK,14h20m,0,,2156,20220405-1143,best
9:59 am – 4:30 pm +1,Delta,LGA‐ICN,17h31m,1,DTW,10:00 am – 11:20 am,Delta,ICN‐JFK,14h20m,0,,2280,20220405-1143,best
1:50 pm – 5:20 pm +1,Korean Air,JFK‐ICN,14h30m,0,,2:30 pm – 9:30 pm,Korean Air,ICN‐JFK,20h00m,1,LAX,2107,20220405-1143,best
7:05 am – 5:50 pm +1,Korean Air,JFK‐ICN,21h45m,1,LAX,10:00 am – 11:20 am,Korean Air,ICN‐JFK,14h20m,0,,1983,20220405-1143,best
1:55 pm – 5:20 pm +1,Asiana Airlines,JFK‐ICN,14h25m,0,,10:20 am – 11:35 am,Asiana Airlines,ICN‐JFK,14h15m,0,,1794,20220405-1148,fast
1:55 pm – 5:20 pm +1,Asiana Airlines,JFK‐ICN,14h25m,0,,10:00 am – 11:20 am,Korean Air,ICN‐JFK,14h20m,0,,1852,20220405-1148,fast
1:50 pm – 5:20 pm +1,Korean Air,JFK‐ICN,14h30m,0,,10:20 am – 11:35 am,Asiana Airlines,ICN‐JFK,14h15m,0,,2457,20220405-1148,fast
1:50 pm – 5:20 pm +1,Korean Air,JFK‐ICN,14h30m,0,,10:00 am – 11:20 am,Korean Air,ICN‐JFK,14h20m,0,,2172,20220405-1148,fast
1:55 pm – 5:20 pm +1,Asiana Airlines,JFK‐ICN,14h25m,0,,6:40 pm – 10:01 pm,Air Canada,ICN‐EWR,16h21m,1,YYZ,1815,20220405-1148,fast
1:50 pm – 5:20 pm +1,Delta,JFK‐ICN,14h30m,0,,6:40 pm – 10:01 pm,Air Canada,ICN‐EWR,16h21m,1,YYZ,2584,20220405-1148,fast
9:59 am – 4:30 pm +1,Delta,LGA‐ICN,17h31m,1,DTW,10:00 am – 11:20 am,Delta,ICN‐JFK,14h20m,0,,2280,20220405-1148,fast
9:30 am – 4:30 pm +1,Korean Air,EWR‐ICN,18h00m,1,DTW,10:20 am – 11:35 am,Asiana Airlines,ICN‐JFK,14h15m,0,,2570,20220405-1148,fast
9:30 am – 4:30 pm +1,Delta,EWR‐ICN,18h00m,1,DTW,10:00 am – 11:20 am,Delta,ICN‐JFK,14h20m,0,,2280,20220405-1148,fast
1:55 pm – 5:20 pm +1,United Airlines,JFK‐ICN,14h25m,0,,4:50 pm – 9:49 pm,United Airlines,ICN‐EWR,17h59m,1,SFO,4112,20220405-1148,fast
1:50 pm – 5:20 pm +1,Korean Air,JFK‐ICN,14h30m,0,,4:50 pm – 9:49 pm,United Airlines,ICN‐EWR,17h59m,1,SFO,1971,20220405-1148,fast
9:15 am – 4:30 pm +1,Delta,JFK‐ICN,18h15m,1,DTW,10:00 am – 11:20 am,Delta,ICN‐JFK,14h20m,0,,2405,20220405-1148,fast
1:55 pm – 5:20 pm +1,Asiana Airlines,JFK‐ICN,14h25m,0,,1:55 pm – 7:30 pm,Delta,ICN‐EWR,18h35m,2,"SEA, DTW",1370,20220405-1148,fast
1:55 pm – 5:20 pm +1,Asiana Airlines,JFK‐ICN,14h25m,0,,9:20 am – 2:59 pm,Korean Air,ICN‐LGA,18h39m,1,ATL,2815,20220405-1148,fast
1:50 pm – 5:20 pm +1,Korean Air,JFK‐ICN,14h30m,0,,1:55 pm – 7:30 pm,Delta,ICN‐EWR,18h35m,2,"SEA, DTW",2075,20220405-1148,fast
