Out Time,Out Airline,Out Cities,Out Duration,Out Stops,Out Stop Cities,Return Time,Return Airline,Return Cities,Return Duration,Return Stops,Return Stop Cities,Price,timestamp,sort
1:25 am – 11:00 am +1,"EVA Air, UNI AIR",JFK‐ICN,20h35m,1,TPE,12:00 pm – 10:05 pm,EVA Air,ICN‐JFK,23h05m,1,TPE,1303,20220408-0019,cheap
1:25 am – 11:00 am +1,"EVA Air, UNI AIR",JFK‐ICN,20h35m,1,TPE,12:00 pm – 10:05 pm,"UNI AIR, EVA Air",ICN‐JFK,23h05m,1,TPE,1331,20220408-0019,cheap
1:55 pm – 5:20 pm +1,Asiana Airlines,JFK‐ICN,14h25m,0,,4:40 pm – 12:45 am +1,United Airlines,ICN‐EWR,21h05m,1,SFO,1381,20220408-0019,cheap
6:25 am – 4:00 pm +1,Air Canada,EWR‐ICN,20h35m,2,"YYZ, YVR",4:40 pm – 12:45 am +1,United Airlines,ICN‐EWR,21h05m,1,SFO,1382,20220408-0019,cheap
9:00 pm – 4:00 pm +2,Air Canada,EWR‐ICN,30h00m,2,"YYZ, YVR",6:40 pm – 10:01 pm,Air Canada,ICN‐LGA,16h21m,1,YYZ,1431,20220408-0019,cheap
9:00 pm – 4:00 pm +2,Air Canada,EWR‐ICN,30h00m,2,"YYZ, YVR",6:40 pm – 10:01 pm,Air Canada,ICN‐LGA,16h21m,1,YYZ,1431,20220408-0019,cheap
9:00 pm – 4:00 pm +2,Air Canada,EWR‐ICN,30h00m,2,"YYZ, YVR",6:40 pm – 10:01 pm,Air Canada,ICN‐LGA,16h21m,1,YYZ,1431,20220408-0019,cheap
9:00 pm – 4:00 pm +2,Air Canada,EWR‐ICN,30h00m,2,"YYZ, YVR",6:40 pm – 10:01 pm,Air Canada,ICN‐LGA,16h21m,1,YYZ,1431,20220408-0019,cheap
9:00 pm – 4:00 pm +2,Air Canada,EWR‐ICN,30h00m,2,"YYZ, YVR",6:40 pm – 10:01 pm,Air Canada,ICN‐LGA,16h21m,1,YYZ,1431,20220408-0019,cheap
8:30 pm – 4:00 pm +2,Air Canada,LGA‐ICN,30h30m,2,"YYZ, YVR",6:40 pm – 10:01 pm,Air Canada,ICN‐LGA,16h21m,1,YYZ,1431,20220408-0019,cheap
8:30 pm – 4:00 pm +2,Air Canada,LGA‐ICN,30h30m,2,"YYZ, YVR",6:40 pm – 10:01 pm,Air Canada,ICN‐LGA,16h21m,1,YYZ,1431,20220408-0019,cheap
9:00 pm – 4:00 pm +2,Air Canada,EWR‐ICN,30h00m,2,"YYZ, YVR",6:40 pm – 10:31 pm,Air Canada,ICN‐EWR,16h51m,1,YYZ,1431,20220408-0019,cheap
9:00 pm – 4:00 pm +2,Air Canada,EWR‐ICN,30h00m,2,"YYZ, YVR",6:40 pm – 10:31 pm,Air Canada,ICN‐EWR,16h51m,1,YYZ,1431,20220408-0019,cheap
9:00 pm – 4:00 pm +2,Air Canada,EWR‐ICN,30h00m,2,"YYZ, YVR",6:40 pm – 10:31 pm,Air Canada,ICN‐EWR,16h51m,1,YYZ,1431,20220408-0019,cheap
9:00 pm – 4:00 pm +2,Air Canada,EWR‐ICN,30h00m,2,"YYZ, YVR",6:40 pm – 10:31 pm,Air Canada,ICN‐EWR,16h51m,1,YYZ,1431,20220408-0019,cheap
1:25 am – 11:00 am +1,"EVA Air, UNI AIR",JFK‐ICN,20h35m,1,TPE,12:00 pm – 10:05 pm,EVA Air,ICN‐JFK,23h05m,1,TPE,1378,20220408-0017,best
1:55 pm – 5:20 pm +1,Asiana Airlines,JFK‐ICN,14h25m,0,,10:20 am – 11:35 am,Asiana Airlines,ICN‐JFK,14h15m,0,,1790,20220408-0017,best
1:25 am – 11:00 am +1,"EVA Air, UNI AIR",JFK‐ICN,20h35m,1,TPE,12:00 pm – 10:05 pm,EVA Air,ICN‐JFK,23h05m,1,TPE,1303,20220408-0017,best
1:50 pm – 5:20 pm +1,Korean Air,JFK‐ICN,14h30m,0,,10:00 am – 11:20 am,Korean Air,ICN‐JFK,14h20m,0,,1892,20220408-0017,best
1:50 pm – 5:20 pm +1,Delta,JFK‐ICN,14h30m,0,,10:00 am – 11:20 am,Delta,ICN‐JFK,14h20m,0,,1975,20220408-0017,best
12:50 am – 4:10 am +1,Korean Air,JFK‐ICN,14h20m,0,,10:00 am – 11:20 am,Korean Air,ICN‐JFK,14h20m,0,,1892,20220408-0017,best
1:50 pm – 5:20 pm +1,Korean Air,JFK‐ICN,14h30m,0,,6:40 pm – 11:23 pm,Korean Air,ICN‐EWR,17h43m,1,ATL,1722,20220408-0017,best
1:50 pm – 5:20 pm +1,Korean Air,JFK‐ICN,14h30m,0,,7:20 pm – 11:55 pm,Korean Air,ICN‐JFK,17h35m,1,SEA,1735,20220408-0017,best
1:50 pm – 5:20 pm +1,Korean Air,JFK‐ICN,14h30m,0,,6:40 pm – 11:58 pm,Korean Air,ICN‐LGA,18h18m,1,ATL,1720,20220408-0017,best
1:50 pm – 5:20 pm +1,Korean Air,JFK‐ICN,14h30m,0,,6:40 pm – 11:59 pm,Korean Air,ICN‐JFK,18h19m,1,ATL,1722,20220408-0017,best
12:50 am – 4:10 am +1,Delta,JFK‐ICN,14h20m,0,,10:00 am – 11:20 am,Delta,ICN‐JFK,14h20m,0,,1975,20220408-0017,best
1:50 pm – 5:20 pm +1,Korean Air,JFK‐ICN,14h30m,0,,10:20 am – 11:35 am,Asiana Airlines,ICN‐JFK,14h15m,0,,2114,20220408-0017,best
1:50 pm – 5:20 pm +1,Delta,JFK‐ICN,14h30m,0,,6:40 pm – 11:58 pm,Delta,ICN‐LGA,18h18m,1,ATL,1794,20220408-0017,best
12:50 am – 4:10 am +1,Korean Air,JFK‐ICN,14h20m,0,,6:40 pm – 11:23 pm,Korean Air,ICN‐EWR,17h43m,1,ATL,1722,20220408-0017,best
12:50 am – 4:10 am +1,Korean Air,JFK‐ICN,14h20m,0,,7:20 pm – 11:55 pm,Korean Air,ICN‐JFK,17h35m,1,SEA,1735,20220408-0017,best
12:50 am – 4:10 am +1,Korean Air,JFK‐ICN,14h20m,0,,6:40 pm – 11:58 pm,Korean Air,ICN‐LGA,18h18m,1,ATL,1720,20220408-0017,best
12:50 am – 4:10 am +1,Korean Air,JFK‐ICN,14h20m,0,,6:40 pm – 11:59 pm,Korean Air,ICN‐JFK,18h19m,1,ATL,1722,20220408-0017,best
12:50 am – 4:10 am +1,Korean Air,JFK‐ICN,14h20m,0,,10:20 am – 11:35 am,Asiana Airlines,ICN‐JFK,14h15m,0,,2114,20220408-0022,fast
1:55 pm – 5:20 pm +1,Asiana Airlines,JFK‐ICN,14h25m,0,,10:20 am – 11:35 am,Asiana Airlines,ICN‐JFK,14h15m,0,,1790,20220408-0022,fast
12:50 am – 4:10 am +1,Korean Air,JFK‐ICN,14h20m,0,,10:00 am – 11:20 am,Korean Air,ICN‐JFK,14h20m,0,,1892,20220408-0022,fast
12:50 am – 4:10 am +1,Delta,JFK‐ICN,14h20m,0,,10:00 am – 11:20 am,Delta,ICN‐JFK,14h20m,0,,1975,20220408-0022,fast
1:55 pm – 5:20 pm +1,United Airlines,JFK‐ICN,14h25m,0,,10:20 am – 11:35 am,United Airlines,ICN‐JFK,14h15m,0,,6537,20220408-0022,fast
1:55 pm – 5:20 pm +1,Asiana Airlines,JFK‐ICN,14h25m,0,,10:00 am – 11:20 am,Korean Air,ICN‐JFK,14h20m,0,,2079,20220408-0022,fast
1:50 pm – 5:20 pm +1,Korean Air,JFK‐ICN,14h30m,0,,10:20 am – 11:35 am,Asiana Airlines,ICN‐JFK,14h15m,0,,2114,20220408-0022,fast
1:55 pm – 5:20 pm +1,United Airlines,JFK‐ICN,14h25m,0,,10:00 am – 11:20 am,Korean Air,ICN‐JFK,14h20m,0,,6527,20220408-0022,fast
1:50 pm – 5:20 pm +1,Korean Air,JFK‐ICN,14h30m,0,,10:00 am – 11:20 am,Korean Air,ICN‐JFK,14h20m,0,,1892,20220408-0022,fast
1:50 pm – 5:20 pm +1,Delta,JFK‐ICN,14h30m,0,,10:00 am – 11:20 am,Delta,ICN‐JFK,14h20m,0,,1975,20220408-0022,fast
12:50 am – 4:10 am +1,Korean Air,JFK‐ICN,14h20m,0,,7:20 pm – 11:55 pm,Korean Air,ICN‐JFK,17h35m,1,SEA,1735,20220408-0022,fast
12:50 am – 4:10 am +1,Korean Air,JFK‐ICN,14h20m,0,,7:20 pm – 11:55 pm,"Korean Air, Delta",ICN‐JFK,17h35m,1,SEA,2471,20220408-0022,fast
12:50 am – 4:10 am +1,Korean Air,JFK‐ICN,14h20m,0,,6:40 pm – 11:23 pm,Korean Air,ICN‐EWR,17h43m,1,ATL,1722,20220408-0022,fast
1:50 pm – 5:20 pm +1,Korean Air,JFK‐ICN,14h30m,0,,7:20 pm – 11:55 pm,Korean Air,ICN‐JFK,17h35m,1,SEA,1735,20220408-0022,fast
1:50 pm – 5:20 pm +1,Korean Air,JFK‐ICN,14h30m,0,,7:20 pm – 11:55 pm,"Korean Air, Delta",ICN‐JFK,17h35m,1,SEA,2471,20220408-0022,fast
