Out Time,Out Airline,Out Cities,Out Duration,Out Stops,Out Stop Cities,Return Time,Return Airline,Return Cities,Return Duration,Return Stops,Return Stop Cities,Price,timestamp,sort
10:55 pm – 6:25 am +3,LOT,EWR‐ICN,42h30m,1,WAW,11:20 am – 3:40 pm +1,LOT,ICN‐JFK,41h20m,1,WAW,1351,20220405-1316,cheap
7:00 am – 4:15 pm +1,Air Canada,LGA‐ICN,20h15m,2,"YYZ, YVR",6:40 pm – 10:00 pm,Air Canada,ICN‐LGA,16h20m,1,YYZ,1355,20220405-1316,cheap
7:00 am – 4:15 pm +1,Air Canada,LGA‐ICN,20h15m,2,"YYZ, YVR",6:40 pm – 7:57 am +1,Air Canada,ICN‐LGA,26h17m,1,YYZ,1355,20220405-1316,cheap
7:00 am – 4:15 pm +1,Air Canada,LGA‐ICN,20h15m,2,"YYZ, YVR",6:40 pm – 9:32 am +1,Air Canada,ICN‐LGA,27h52m,1,YYZ,1355,20220405-1316,cheap
7:00 am – 4:15 pm +1,Air Canada,LGA‐ICN,20h15m,2,"YYZ, YVR",6:40 pm – 10:07 am +1,Air Canada,ICN‐LGA,28h27m,2,"YYZ, YUL",1355,20220405-1316,cheap
7:00 am – 4:15 pm +1,Air Canada,LGA‐ICN,20h15m,2,"YYZ, YVR",6:40 pm – 10:01 pm,Air Canada,ICN‐EWR,16h21m,1,YYZ,1374,20220405-1316,cheap
7:00 am – 4:15 pm +1,Air Canada,LGA‐ICN,20h15m,2,"YYZ, YVR",6:40 pm – 7:52 am +1,Air Canada,ICN‐EWR,26h12m,2,"YYZ, YQB",1374,20220405-1316,cheap
7:00 am – 4:15 pm +1,Air Canada,LGA‐ICN,20h15m,2,"YYZ, YVR",6:40 pm – 7:56 am +1,Air Canada,ICN‐EWR,26h16m,1,YYZ,1374,20220405-1316,cheap
7:00 am – 4:15 pm +1,Air Canada,LGA‐ICN,20h15m,2,"YYZ, YVR",6:40 pm – 8:34 am +1,Air Canada,ICN‐EWR,26h54m,2,"YYZ, YUL",1374,20220405-1316,cheap
7:00 am – 4:15 pm +1,Air Canada,LGA‐ICN,20h15m,2,"YYZ, YVR",6:40 pm – 9:57 am +1,Air Canada,ICN‐EWR,28h17m,2,"YYZ, YUL",1374,20220405-1316,cheap
6:00 am – 4:15 pm +1,Air Canada,EWR‐ICN,21h15m,2,"YUL, YVR",6:40 pm – 10:00 pm,Air Canada,ICN‐LGA,16h20m,1,YYZ,1377,20220405-1316,cheap
6:00 am – 4:15 pm +1,Air Canada,EWR‐ICN,21h15m,2,"YUL, YVR",6:40 pm – 7:57 am +1,Air Canada,ICN‐LGA,26h17m,1,YYZ,1377,20220405-1316,cheap
1:55 pm – 5:20 pm +1,Asiana Airlines,JFK‐ICN,14h25m,0,,6:40 pm – 9:32 am +1,Air Canada,ICN‐LGA,27h52m,1,YYZ,1388,20220405-1316,cheap
6:00 am – 4:15 pm +1,Air Canada,EWR‐ICN,21h15m,2,"YUL, YVR",6:40 pm – 10:01 pm,Air Canada,ICN‐EWR,16h21m,1,YYZ,1396,20220405-1316,cheap
6:00 am – 4:15 pm +1,Air Canada,EWR‐ICN,21h15m,2,"YUL, YVR",6:40 pm – 7:52 am +1,Air Canada,ICN‐EWR,26h12m,2,"YYZ, YQB",1396,20220405-1316,cheap
10:55 pm – 6:25 am +3,LOT,EWR‐ICN,42h30m,1,WAW,11:20 am – 3:40 pm +1,LOT,ICN‐JFK,41h20m,1,WAW,1392,20220405-1314,best
1:50 pm – 5:20 pm +1,Korean Air,JFK‐ICN,14h30m,0,,10:00 am – 11:20 am,Korean Air,ICN‐JFK,14h20m,0,,2246,20220405-1314,best
1:55 pm – 5:20 pm +1,Asiana Airlines,JFK‐ICN,14h25m,0,,6:40 pm – 9:57 pm,Air Canada,ICN‐LGA,16h17m,1,YYZ,2009,20220405-1314,best
1:50 pm – 5:20 pm +1,Korean Air,JFK‐ICN,14h30m,0,,6:40 pm – 10:00 pm,Air Canada,ICN‐LGA,16h20m,1,YYZ,2072,20220405-1314,best
1:50 pm – 5:20 pm +1,Korean Air,JFK‐ICN,14h30m,0,,10:20 am – 11:35 am,Asiana Airlines,ICN‐JFK,14h15m,0,,2429,20220405-1314,best
7:00 am – 4:15 pm +1,Air Canada,LGA‐ICN,20h15m,2,"YYZ, YVR",6:40 pm – 10:00 pm,Air Canada,ICN‐LGA,16h20m,1,YYZ,1355,20220405-1314,best
7:00 am – 4:15 pm +1,Air Canada,LGA‐ICN,20h15m,2,"YYZ, YVR",6:40 pm – 10:01 pm,Air Canada,ICN‐EWR,16h21m,1,YYZ,1374,20220405-1314,best
6:00 am – 4:15 pm +1,Air Canada,EWR‐ICN,21h15m,2,"YUL, YVR",6:40 pm – 10:00 pm,Air Canada,ICN‐LGA,16h20m,1,YYZ,1377,20220405-1314,best
6:00 am – 4:15 pm +1,Air Canada,EWR‐ICN,21h15m,2,"YUL, YVR",6:40 pm – 10:01 pm,Air Canada,ICN‐EWR,16h21m,1,YYZ,1396,20220405-1314,best
9:30 am – 4:50 pm +1,Korean Air,JFK‐ICN,18h20m,1,IAD,10:00 am – 11:20 am,Korean Air,ICN‐JFK,14h20m,0,,2402,20220405-1314,best
1:50 pm – 5:20 pm +1,Korean Air,JFK‐ICN,14h30m,0,,2:30 pm – 9:30 pm,Korean Air,ICN‐JFK,20h00m,1,LAX,2274,20220405-1314,best
9:30 am – 4:50 pm +1,Delta,JFK‐ICN,18h20m,1,IAD,10:00 am – 11:20 am,Delta,ICN‐JFK,14h20m,0,,2495,20220405-1314,best
7:05 am – 5:50 pm +1,Korean Air,JFK‐ICN,21h45m,1,LAX,10:00 am – 11:20 am,Korean Air,ICN‐JFK,14h20m,0,,2173,20220405-1314,best
1:55 pm – 5:20 pm +1,Asiana Airlines,JFK‐ICN,14h25m,0,,1:30 am – 2:55 pm,Qatar Airways,ICN‐JFK,26h25m,1,DOH,1677,20220405-1314,best
7:30 am – 3:15 pm +1,Delta,JFK‐ICN,18h45m,1,SEA,10:00 am – 11:20 am,Delta,ICN‐JFK,14h20m,0,,2495,20220405-1314,best
6:15 pm – 5:00 am +2,Asiana Airlines,EWR‐ICN,21h45m,1,LAX,10:20 am – 11:35 am,Asiana Airlines,ICN‐JFK,14h15m,0,,2264,20220405-1314,best
1:55 pm – 5:20 pm +1,Asiana Airlines,JFK‐ICN,14h25m,0,,10:20 am – 11:35 am,Asiana Airlines,ICN‐JFK,14h15m,0,,1848,20220405-1319,fast
1:55 pm – 5:20 pm +1,Asiana Airlines,JFK‐ICN,14h25m,0,,10:00 am – 11:20 am,Korean Air,ICN‐JFK,14h20m,0,,2055,20220405-1319,fast
1:50 pm – 5:20 pm +1,Korean Air,JFK‐ICN,14h30m,0,,10:20 am – 11:35 am,Asiana Airlines,ICN‐JFK,14h15m,0,,2429,20220405-1319,fast
1:50 pm – 5:20 pm +1,Korean Air,JFK‐ICN,14h30m,0,,10:00 am – 11:20 am,Korean Air,ICN‐JFK,14h20m,0,,2246,20220405-1319,fast
1:55 pm – 5:20 pm +1,Asiana Airlines,JFK‐ICN,14h25m,0,,6:40 pm – 9:57 pm,Air Canada,ICN‐LGA,16h17m,1,YYZ,2009,20220405-1319,fast
1:50 pm – 5:20 pm +1,Korean Air,JFK‐ICN,14h30m,0,,6:40 pm – 10:00 pm,Air Canada,ICN‐LGA,16h20m,1,YYZ,2072,20220405-1319,fast
1:55 pm – 5:20 pm +1,United Airlines,JFK‐ICN,14h25m,0,,4:40 pm – 9:49 pm,United Airlines,ICN‐EWR,18h09m,1,SFO,4431,20220405-1319,fast
9:30 am – 4:50 pm +1,"Delta, Korean Air",JFK‐ICN,18h20m,1,IAD,10:20 am – 11:35 am,Asiana Airlines,ICN‐JFK,14h15m,0,,2719,20220405-1319,fast
9:30 am – 4:50 pm +1,Korean Air,JFK‐ICN,18h20m,1,IAD,10:00 am – 11:20 am,Korean Air,ICN‐JFK,14h20m,0,,2402,20220405-1319,fast
9:30 am – 4:50 pm +1,Delta,JFK‐ICN,18h20m,1,IAD,10:00 am – 11:20 am,Delta,ICN‐JFK,14h20m,0,,2495,20220405-1319,fast
7:30 am – 3:15 pm +1,Korean Air,JFK‐ICN,18h45m,1,SEA,10:20 am – 11:35 am,Asiana Airlines,ICN‐JFK,14h15m,0,,3058,20220405-1319,fast
1:55 pm – 5:20 pm +1,Asiana Airlines,JFK‐ICN,14h25m,0,,9:20 am – 2:59 pm,Korean Air,ICN‐LGA,18h39m,1,ATL,2462,20220405-1319,fast
1:55 pm – 5:20 pm +1,Asiana Airlines,JFK‐ICN,14h25m,0,,9:20 am – 3:00 pm,Korean Air,ICN‐JFK,18h40m,1,ATL,2462,20220405-1319,fast
7:30 am – 3:15 pm +1,Delta,JFK‐ICN,18h45m,1,SEA,10:00 am – 11:20 am,Delta,ICN‐JFK,14h20m,0,,2495,20220405-1319,fast
1:50 pm – 5:20 pm +1,Korean Air,JFK‐ICN,14h30m,0,,9:20 am – 2:59 pm,Korean Air,ICN‐LGA,18h39m,1,ATL,2686,20220405-1319,fast
