Out Time,Out Airline,Out Cities,Out Duration,Out Stops,Out Stop Cities,Return Time,Return Airline,Return Cities,Return Duration,Return Stops,Return Stop Cities,Price,timestamp,sort
8:00 pm – 4:15 pm +2,Air Canada,EWR‐ICN,31h15m,2,"YUL, YVR",5:50 pm – 7:40 am +1,Air Canada,ICN‐EWR,26h50m,2,"YVR, YUL",928,20220408-0239,cheap
10:40 am – 5:10 pm +1,Air Canada,LGA‐ICN,17h30m,1,YYZ,5:50 pm – 7:40 am +1,Air Canada,ICN‐EWR,26h50m,2,"YVR, YUL",933,20220408-0239,cheap
9:05 am – 5:10 pm +1,Air Canada,EWR‐ICN,19h05m,1,YYZ,5:50 pm – 7:40 am +1,Air Canada,ICN‐EWR,26h50m,2,"YVR, YUL",933,20220408-0239,cheap
9:05 am – 5:10 pm +1,Air Canada,LGA‐ICN,19h05m,1,YYZ,5:50 pm – 7:40 am +1,Air Canada,ICN‐EWR,26h50m,2,"YVR, YUL",933,20220408-0239,cheap
10:40 am – 5:10 pm +1,Air Canada,LGA‐ICN,17h30m,1,YYZ,5:50 pm – 10:04 am +1,Air Canada,ICN‐EWR,29h14m,2,"YVR, YUL",933,20220408-0239,cheap
10:40 am – 5:10 pm +1,Air Canada,LGA‐ICN,17h30m,1,YYZ,5:50 pm – 10:04 am +1,Air Canada,ICN‐EWR,29h14m,2,"YVR, YUL",933,20220408-0239,cheap
7:00 am – 5:10 pm +1,Air Canada,LGA‐ICN,21h10m,1,YYZ,5:50 pm – 7:40 am +1,Air Canada,ICN‐EWR,26h50m,2,"YVR, YUL",933,20220408-0239,cheap
9:05 am – 5:10 pm +1,Air Canada,EWR‐ICN,19h05m,1,YYZ,5:50 pm – 10:04 am +1,Air Canada,ICN‐EWR,29h14m,2,"YVR, YUL",933,20220408-0239,cheap
9:05 am – 5:10 pm +1,Air Canada,LGA‐ICN,19h05m,1,YYZ,5:50 pm – 10:04 am +1,Air Canada,ICN‐EWR,29h14m,2,"YVR, YUL",933,20220408-0239,cheap
9:05 am – 5:10 pm +1,Air Canada,EWR‐ICN,19h05m,1,YYZ,5:50 pm – 10:04 am +1,Air Canada,ICN‐EWR,29h14m,2,"YVR, YUL",933,20220408-0239,cheap
9:05 am – 5:10 pm +1,Air Canada,LGA‐ICN,19h05m,1,YYZ,5:50 pm – 10:04 am +1,Air Canada,ICN‐EWR,29h14m,2,"YVR, YUL",933,20220408-0239,cheap
9:05 am – 5:10 pm +1,Air Canada,EWR‐ICN,19h05m,1,YYZ,5:50 pm – 7:58 am +1,Air Canada,ICN‐EWR,27h08m,2,"YVR, YYZ",961,20220408-0239,cheap
9:05 am – 5:10 pm +1,Air Canada,EWR‐ICN,19h05m,1,YYZ,5:50 pm – 7:58 am +1,Air Canada,ICN‐EWR,27h08m,2,"YVR, YYZ",961,20220408-0239,cheap
10:40 am – 5:10 pm +1,Air Canada,LGA‐ICN,17h30m,1,YYZ,5:50 pm – 8:02 am +1,Air Canada,ICN‐LGA,27h12m,2,"YVR, YUL",1085,20220408-0239,cheap
9:05 am – 5:10 pm +1,Air Canada,LGA‐ICN,19h05m,1,YYZ,5:50 pm – 8:02 am +1,Air Canada,ICN‐LGA,27h12m,2,"YVR, YUL",1085,20220408-0239,cheap
9:05 am – 5:10 pm +1,Air Canada,EWR‐ICN,19h05m,1,YYZ,5:50 pm – 7:58 am +1,Air Canada,ICN‐EWR,27h08m,2,"YVR, YYZ",1038,20220408-0237,best
1:55 pm – 5:20 pm +1,Asiana Airlines,JFK‐ICN,14h25m,0,,10:20 am – 11:35 am,Asiana Airlines,ICN‐JFK,14h15m,0,,1395,20220408-0237,best
8:00 pm – 4:15 pm +2,Air Canada,EWR‐ICN,31h15m,2,"YUL, YVR",5:50 pm – 7:40 am +1,Air Canada,ICN‐EWR,26h50m,2,"YVR, YUL",928,20220408-0237,best
1:50 pm – 5:20 pm +1,Korean Air,JFK‐ICN,14h30m,0,,6:40 pm – 11:58 pm,Korean Air,ICN‐LGA,18h18m,1,ATL,1355,20220408-0237,best
1:50 pm – 5:20 pm +1,Korean Air,JFK‐ICN,14h30m,0,,10:00 am – 11:05 am,Korean Air,ICN‐JFK,14h05m,0,,1575,20220408-0237,best
1:50 pm – 5:20 pm +1,Korean Air,JFK‐ICN,14h30m,0,,7:30 pm – 8:50 pm,Korean Air,ICN‐JFK,14h20m,0,,1575,20220408-0237,best
1:50 pm – 5:20 pm +1,Delta,JFK‐ICN,14h30m,0,,6:40 pm – 11:58 pm,Delta,ICN‐LGA,18h18m,1,ATL,1394,20220408-0237,best
1:50 pm – 5:20 pm +1,Delta,JFK‐ICN,14h30m,0,,10:45 am – 4:10 pm,Delta,ICN‐LGA,18h25m,1,DTW,1394,20220408-0237,best
1:50 pm – 5:20 pm +1,Delta,JFK‐ICN,14h30m,0,,10:00 am – 11:05 am,Delta,ICN‐JFK,14h05m,0,,1625,20220408-0237,best
1:50 pm – 5:20 pm +1,Delta,JFK‐ICN,14h30m,0,,7:30 pm – 8:50 pm,Delta,ICN‐JFK,14h20m,0,,1625,20220408-0237,best
9:30 am – 4:30 pm +1,Delta,LGA‐ICN,18h00m,1,DTW,6:40 pm – 11:58 pm,Delta,ICN‐LGA,18h18m,1,ATL,1232,20220408-0237,best
1:50 pm – 5:20 pm +1,Korean Air,JFK‐ICN,14h30m,0,,10:45 am – 2:06 pm,Korean Air,ICN‐LGA,16h21m,1,DTW,1514,20220408-0237,best
9:30 am – 4:30 pm +1,Delta,LGA‐ICN,18h00m,1,DTW,10:45 am – 4:10 pm,Delta,ICN‐LGA,18h25m,1,DTW,1232,20220408-0237,best
7:09 am – 3:15 pm +1,American Airlines,EWR‐ICN,19h06m,1,DFW,5:25 pm – 11:01 pm,American Airlines,ICN‐EWR,18h36m,1,DFW,1176,20220408-0237,best
7:05 am – 3:15 pm +1,American Airlines,LGA‐ICN,19h10m,1,DFW,5:25 pm – 11:00 pm,American Airlines,ICN‐LGA,18h35m,1,DFW,1176,20220408-0237,best
6:40 am – 3:15 pm +1,American Airlines,JFK‐ICN,19h35m,1,DFW,5:25 pm – 11:00 pm,American Airlines,ICN‐LGA,18h35m,1,DFW,1176,20220408-0237,best
6:40 am – 3:15 pm +1,American Airlines,JFK‐ICN,19h35m,1,DFW,5:25 pm – 11:01 pm,American Airlines,ICN‐EWR,18h36m,1,DFW,1176,20220408-0237,best
1:55 pm – 5:20 pm +1,Asiana Airlines,JFK‐ICN,14h25m,0,,10:00 am – 11:05 am,Korean Air,ICN‐JFK,14h05m,0,,1827,20220408-0241,fast
1:55 pm – 5:20 pm +1,Asiana Airlines,JFK‐ICN,14h25m,0,,10:00 am – 11:05 am,Delta,ICN‐JFK,14h05m,0,,1908,20220408-0241,fast
1:55 pm – 5:20 pm +1,United Airlines,JFK‐ICN,14h25m,0,,10:00 am – 11:05 am,Korean Air,ICN‐JFK,14h05m,0,,6527,20220408-0241,fast
1:50 pm – 5:20 pm +1,Korean Air,JFK‐ICN,14h30m,0,,10:00 am – 11:05 am,Korean Air,ICN‐JFK,14h05m,0,,1575,20220408-0241,fast
1:50 pm – 5:20 pm +1,Delta,JFK‐ICN,14h30m,0,,10:00 am – 11:05 am,Delta,ICN‐JFK,14h05m,0,,1625,20220408-0241,fast
1:50 pm – 5:20 pm +1,Delta,JFK‐ICN,14h30m,0,,10:00 am – 11:05 am,Korean Air,ICN‐JFK,14h05m,0,,2016,20220408-0241,fast
1:55 pm – 5:20 pm +1,Asiana Airlines,JFK‐ICN,14h25m,0,,10:20 am – 11:35 am,Asiana Airlines,ICN‐JFK,14h15m,0,,1395,20220408-0241,fast
1:55 pm – 5:20 pm +1,United Airlines,JFK‐ICN,14h25m,0,,10:20 am – 11:35 am,United Airlines,ICN‐JFK,14h15m,0,,6537,20220408-0241,fast
1:55 pm – 5:20 pm +1,Asiana Airlines,JFK‐ICN,14h25m,0,,7:30 pm – 8:50 pm,Korean Air,ICN‐JFK,14h20m,0,,1827,20220408-0241,fast
1:50 pm – 5:20 pm +1,Korean Air,JFK‐ICN,14h30m,0,,10:20 am – 11:35 am,Asiana Airlines,ICN‐JFK,14h15m,0,,1981,20220408-0241,fast
1:50 pm – 5:20 pm +1,Delta,JFK‐ICN,14h30m,0,,10:20 am – 11:35 am,Asiana Airlines,ICN‐JFK,14h15m,0,,2079,20220408-0241,fast
1:55 pm – 5:20 pm +1,United Airlines,JFK‐ICN,14h25m,0,,7:30 pm – 8:50 pm,Korean Air,ICN‐JFK,14h20m,0,,6527,20220408-0241,fast
1:50 pm – 5:20 pm +1,Korean Air,JFK‐ICN,14h30m,0,,7:30 pm – 8:50 pm,Korean Air,ICN‐JFK,14h20m,0,,1575,20220408-0241,fast
1:50 pm – 5:20 pm +1,Delta,JFK‐ICN,14h30m,0,,7:30 pm – 8:50 pm,Delta,ICN‐JFK,14h20m,0,,1625,20220408-0241,fast
1:55 pm – 5:20 pm +1,Asiana Airlines,JFK‐ICN,14h25m,0,,10:45 am – 2:06 pm,Korean Air,ICN‐LGA,16h21m,1,DTW,1917,20220408-0241,fast
