Out Time,Out Airline,Out Cities,Out Duration,Out Stops,Out Stop Cities,Return Time,Return Airline,Return Cities,Return Duration,Return Stops,Return Stop Cities,Price,timestamp,sort
7:50 pm – 6:25 am +3,LOT,EWR‐ICN,45h35m,2,"KRK, WAW",8:05 am – 8:05 pm,LOT,ICN‐JFK,25h00m,1,WAW,1402,20220405-1619,cheap
1:55 pm – 5:20 pm +1,Thai Airways,JFK‐ICN,14h25m,0,,4:40 pm – 5:17 am +1,United Airlines,ICN‐EWR,25h37m,2,"SFO, DEN",1523,20220405-1619,cheap
10:40 am – 5:10 pm +1,Air Canada,LGA‐ICN,17h30m,1,YYZ,5:45 pm – 10:06 am +1,Air Canada,ICN‐LGA,29h21m,2,"YVR, YUL",1624,20220405-1619,cheap
10:40 am – 5:10 pm +1,Air Canada,LGA‐ICN,17h30m,1,YYZ,5:45 pm – 10:06 am +1,Air Canada,ICN‐LGA,29h21m,2,"YVR, YUL",1624,20220405-1619,cheap
10:40 am – 5:10 pm +1,Air Canada,LGA‐ICN,17h30m,1,YYZ,5:45 pm – 10:06 am +1,Air Canada,ICN‐LGA,29h21m,2,"YVR, YUL",1624,20220405-1619,cheap
9:05 am – 5:10 pm +1,Air Canada,LGA‐ICN,19h05m,1,YYZ,5:45 pm – 10:06 am +1,Air Canada,ICN‐LGA,29h21m,2,"YVR, YUL",1624,20220405-1619,cheap
9:05 am – 5:10 pm +1,Air Canada,EWR‐ICN,19h05m,1,YYZ,5:45 pm – 10:06 am +1,Air Canada,ICN‐LGA,29h21m,2,"YVR, YUL",1624,20220405-1619,cheap
9:05 am – 5:10 pm +1,Air Canada,EWR‐ICN,19h05m,1,YYZ,5:45 pm – 10:06 am +1,Air Canada,ICN‐LGA,29h21m,2,"YVR, YUL",1624,20220405-1619,cheap
9:05 am – 5:10 pm +1,Air Canada,EWR‐ICN,19h05m,1,YYZ,5:45 pm – 10:06 am +1,Air Canada,ICN‐LGA,29h21m,2,"YVR, YUL",1624,20220405-1619,cheap
9:05 am – 5:10 pm +1,Air Canada,LGA‐ICN,19h05m,1,YYZ,5:45 pm – 10:06 am +1,Air Canada,ICN‐LGA,29h21m,2,"YVR, YUL",1624,20220405-1619,cheap
9:05 am – 5:10 pm +1,Air Canada,LGA‐ICN,19h05m,1,YYZ,5:45 pm – 10:06 am +1,Air Canada,ICN‐LGA,29h21m,2,"YVR, YUL",1624,20220405-1619,cheap
10:40 am – 5:10 pm +1,Air Canada,LGA‐ICN,17h30m,1,YYZ,5:45 pm – 9:31 am +1,Air Canada,ICN‐LGA,28h46m,2,"YVR, YYZ",1630,20220405-1619,cheap
9:05 am – 5:10 pm +1,Air Canada,LGA‐ICN,19h05m,1,YYZ,5:45 pm – 9:31 am +1,Air Canada,ICN‐LGA,28h46m,2,"YVR, YYZ",1630,20220405-1619,cheap
9:05 am – 5:10 pm +1,Air Canada,EWR‐ICN,19h05m,1,YYZ,5:45 pm – 9:31 am +1,Air Canada,ICN‐LGA,28h46m,2,"YVR, YYZ",1630,20220405-1619,cheap
1:55 pm – 5:20 pm +1,Thai Airways,JFK‐ICN,14h25m,0,,10:45 am – 7:29 pm,Delta,ICN‐EWR,21h44m,1,DTW,1675,20220405-1619,cheap
7:50 pm – 6:25 am +3,LOT,EWR‐ICN,45h35m,2,"KRK, WAW",8:05 am – 8:05 pm,LOT,ICN‐JFK,25h00m,1,WAW,1435,20220405-1617,best
1:50 pm – 5:20 pm +1,Korean Air,JFK‐ICN,14h30m,0,,10:00 am – 11:20 am,Korean Air,ICN‐JFK,14h20m,0,,2127,20220405-1617,best
1:50 pm – 5:20 pm +1,Korean Air,JFK‐ICN,14h30m,0,,10:45 am – 2:10 pm,Korean Air,ICN‐LGA,16h25m,1,DTW,2130,20220405-1617,best
1:50 pm – 5:20 pm +1,Korean Air,JFK‐ICN,14h30m,0,,10:20 am – 11:35 am,Asiana Airlines,ICN‐JFK,14h15m,0,,2610,20220405-1617,best
1:50 pm – 5:20 pm +1,Korean Air,JFK‐ICN,14h30m,0,,10:45 am – 4:07 pm,Korean Air,ICN‐LGA,18h22m,1,DTW,2130,20220405-1617,best
1:50 pm – 5:20 pm +1,Korean Air,JFK‐ICN,14h30m,0,,7:20 pm – 11:55 pm,Korean Air,ICN‐JFK,17h35m,1,SEA,2274,20220405-1617,best
1:50 pm – 5:20 pm +1,Korean Air,JFK‐ICN,14h30m,0,,10:45 am – 3:57 pm,Korean Air,ICN‐EWR,18h12m,1,DTW,2212,20220405-1617,best
10:00 am – 4:25 pm +1,Korean Air,LGA‐ICN,17h25m,1,BOS,10:00 am – 11:20 am,Korean Air,ICN‐JFK,14h20m,0,,2363,20220405-1617,best
9:30 am – 4:25 pm +1,Korean Air,JFK‐ICN,17h55m,1,BOS,10:00 am – 11:20 am,Korean Air,ICN‐JFK,14h20m,0,,2365,20220405-1617,best
7:05 am – 3:15 pm +1,Korean Air,JFK‐ICN,19h10m,1,SEA,10:00 am – 11:20 am,Korean Air,ICN‐JFK,14h20m,0,,2268,20220405-1617,best
10:00 am – 4:25 pm +1,Korean Air,LGA‐ICN,17h25m,1,BOS,10:45 am – 2:10 pm,Korean Air,ICN‐LGA,16h25m,1,DTW,2135,20220405-1617,best
8:40 am – 4:25 pm +1,Korean Air,EWR‐ICN,18h45m,1,BOS,10:00 am – 11:20 am,Korean Air,ICN‐JFK,14h20m,0,,2365,20220405-1617,best
1:50 pm – 5:20 pm +1,Korean Air,JFK‐ICN,14h30m,0,,9:30 am – 1:20 pm,Korean Air,ICN‐LGA,16h50m,1,BOS,2598,20220405-1617,best
1:50 pm – 5:20 pm +1,Korean Air,JFK‐ICN,14h30m,0,,2:30 pm – 9:15 pm,Korean Air,ICN‐JFK,19h45m,1,LAX,2274,20220405-1617,best
9:30 am – 4:25 pm +1,Korean Air,JFK‐ICN,17h55m,1,BOS,10:45 am – 2:10 pm,Korean Air,ICN‐LGA,16h25m,1,DTW,2135,20220405-1617,best
1:50 pm – 5:20 pm +1,Korean Air,JFK‐ICN,14h30m,0,,10:40 am – 3:00 pm,Korean Air,ICN‐JFK,17h20m,1,ORD,2597,20220405-1617,best
1:55 pm – 5:20 pm +1,Thai Airways,JFK‐ICN,14h25m,0,,10:20 am – 11:35 am,Asiana Airlines,ICN‐JFK,14h15m,0,,1863,20220405-1622,fast
1:55 pm – 5:20 pm +1,Thai Airways,JFK‐ICN,14h25m,0,,10:00 am – 11:20 am,Korean Air,ICN‐JFK,14h20m,0,,1987,20220405-1622,fast
1:50 pm – 5:20 pm +1,Korean Air,JFK‐ICN,14h30m,0,,10:20 am – 11:35 am,Asiana Airlines,ICN‐JFK,14h15m,0,,2610,20220405-1622,fast
1:50 pm – 5:20 pm +1,Korean Air,JFK‐ICN,14h30m,0,,10:00 am – 11:20 am,Korean Air,ICN‐JFK,14h20m,0,,2127,20220405-1622,fast
1:55 pm – 5:20 pm +1,Thai Airways,JFK‐ICN,14h25m,0,,10:45 am – 2:10 pm,Korean Air,ICN‐LGA,16h25m,1,DTW,2012,20220405-1622,fast
1:50 pm – 5:20 pm +1,Korean Air,JFK‐ICN,14h30m,0,,10:45 am – 2:10 pm,Korean Air,ICN‐LGA,16h25m,1,DTW,2130,20220405-1622,fast
1:50 pm – 5:20 pm +1,Korean Air,JFK‐ICN,14h30m,0,,9:30 am – 1:20 pm,Korean Air,ICN‐LGA,16h50m,1,BOS,2598,20220405-1622,fast
10:00 am – 4:25 pm +1,Korean Air,LGA‐ICN,17h25m,1,BOS,10:00 am – 11:20 am,Korean Air,ICN‐JFK,14h20m,0,,2363,20220405-1622,fast
1:50 pm – 5:20 pm +1,Korean Air,JFK‐ICN,14h30m,0,,10:40 am – 3:00 pm,Korean Air,ICN‐JFK,17h20m,1,ORD,2597,20220405-1622,fast
1:55 pm – 5:20 pm +1,Thai Airways,JFK‐ICN,14h25m,0,,7:20 pm – 11:55 pm,Delta,ICN‐JFK,17h35m,1,SEA,1892,20220405-1622,fast
1:50 pm – 5:20 pm +1,Korean Air,JFK‐ICN,14h30m,0,,9:30 am – 2:00 pm,Korean Air,ICN‐EWR,17h30m,1,BOS,2599,20220405-1622,fast
1:50 pm – 5:20 pm +1,Korean Air,JFK‐ICN,14h30m,0,,7:20 pm – 11:55 pm,Korean Air,ICN‐JFK,17h35m,1,SEA,2274,20220405-1622,fast
9:30 am – 4:25 pm +1,Korean Air,JFK‐ICN,17h55m,1,BOS,10:00 am – 11:20 am,Korean Air,ICN‐JFK,14h20m,0,,2365,20220405-1622,fast
9:30 am – 4:50 pm +1,"Delta, Korean Air",JFK‐ICN,18h20m,1,IAD,10:20 am – 11:35 am,Asiana Airlines,ICN‐JFK,14h15m,0,,2808,20220405-1622,fast
8:55 am – 4:15 pm +1,"Delta, Korean Air",JFK‐ICN,18h20m,1,ORD,10:20 am – 11:35 am,Asiana Airlines,ICN‐JFK,14h15m,0,,3146,20220405-1622,fast
