Out Time,Out Airline,Out Cities,Out Duration,Out Stops,Out Stop Cities,Return Time,Return Airline,Return Cities,Return Duration,Return Stops,Return Stop Cities,Price,timestamp,sort
7:50 pm – 4:15 pm +3,Air Canada,LGA‐ICN,55h25m,2,"YUL, YVR",5:50 pm – 8:02 am +1,Air Canada,ICN‐LGA,27h12m,2,"YVR, YUL",928,20220408-0231,cheap
6:25 am – 4:00 pm +1,Air Canada,EWR‐ICN,20h35m,2,"YYZ, YVR",5:50 pm – 8:02 am +1,Air Canada,ICN‐LGA,27h12m,2,"YVR, YUL",933,20220408-0231,cheap
6:25 am – 4:00 pm +1,Air Canada,EWR‐ICN,20h35m,2,"YYZ, YVR",6:25 pm – 10:33 pm,Air Canada,ICN‐EWR,17h08m,1,YYZ,939,20220408-0231,cheap
9:00 pm – 5:10 pm +2,Air Canada,EWR‐ICN,31h10m,1,YYZ,6:25 pm – 10:01 pm,Air Canada,ICN‐LGA,16h36m,1,YYZ,939,20220408-0231,cheap
8:30 pm – 5:10 pm +2,Air Canada,LGA‐ICN,31h40m,1,YYZ,6:25 pm – 10:01 pm,Air Canada,ICN‐LGA,16h36m,1,YYZ,939,20220408-0231,cheap
9:00 pm – 5:10 pm +2,Air Canada,EWR‐ICN,31h10m,1,YYZ,6:25 pm – 10:33 pm,Air Canada,ICN‐EWR,17h08m,1,YYZ,939,20220408-0231,cheap
6:25 am – 4:00 pm +1,Air Canada,EWR‐ICN,20h35m,2,"YYZ, YVR",5:50 pm – 7:40 am +1,Air Canada,ICN‐EWR,26h50m,2,"YVR, YUL",1112,20220408-0231,cheap
6:25 am – 4:00 pm +1,Air Canada,EWR‐ICN,20h35m,2,"YYZ, YVR",5:50 pm – 7:40 am +1,Air Canada,ICN‐EWR,26h50m,2,"YVR, YUL",1112,20220408-0231,cheap
6:25 am – 4:00 pm +1,Air Canada,EWR‐ICN,20h35m,2,"YYZ, YVR",6:25 pm – 7:40 am +1,Air Canada,ICN‐EWR,26h15m,2,"YYZ, YUL",1118,20220408-0231,cheap
6:25 am – 4:00 pm +1,Air Canada,EWR‐ICN,20h35m,2,"YYZ, YVR",6:25 pm – 7:57 am +1,Air Canada,ICN‐LGA,26h32m,1,YYZ,1118,20220408-0231,cheap
6:25 am – 4:00 pm +1,Air Canada,EWR‐ICN,20h35m,2,"YYZ, YVR",6:25 pm – 8:02 am +1,Air Canada,ICN‐LGA,26h37m,2,"YYZ, YUL",1118,20220408-0231,cheap
6:25 am – 4:00 pm +1,Air Canada,EWR‐ICN,20h35m,2,"YYZ, YVR",6:25 pm – 8:02 am +1,Air Canada,ICN‐LGA,26h37m,2,"YYZ, YUL",1118,20220408-0231,cheap
7:09 am – 3:15 pm +1,American Airlines,EWR‐ICN,19h06m,1,DFW,5:25 pm – 11:00 pm,American Airlines,ICN‐LGA,18h35m,1,DFW,1176,20220408-0231,cheap
7:09 am – 3:15 pm +1,American Airlines,EWR‐ICN,19h06m,1,DFW,5:25 pm – 11:01 pm,American Airlines,ICN‐EWR,18h36m,1,DFW,1176,20220408-0231,cheap
7:05 am – 3:15 pm +1,American Airlines,LGA‐ICN,19h10m,1,DFW,5:25 pm – 11:00 pm,American Airlines,ICN‐LGA,18h35m,1,DFW,1176,20220408-0231,cheap
8:30 pm – 5:10 pm +2,Air Canada,LGA‐ICN,31h40m,1,YYZ,6:25 pm – 10:01 pm,Air Canada,ICN‐LGA,16h36m,1,YYZ,1016,20220408-0228,best
1:55 pm – 5:20 pm +1,Asiana Airlines,JFK‐ICN,14h25m,0,,10:20 am – 11:35 am,Asiana Airlines,ICN‐JFK,14h15m,0,,1395,20220408-0228,best
7:50 pm – 4:15 pm +3,Air Canada,LGA‐ICN,55h25m,2,"YUL, YVR",5:50 pm – 8:02 am +1,Air Canada,ICN‐LGA,27h12m,2,"YVR, YUL",928,20220408-0228,best
1:50 pm – 5:20 pm +1,Korean Air,JFK‐ICN,14h30m,0,,10:45 am – 2:06 pm,Korean Air,ICN‐LGA,16h21m,1,DTW,1355,20220408-0228,best
6:25 am – 4:00 pm +1,Air Canada,EWR‐ICN,20h35m,2,"YYZ, YVR",6:25 pm – 10:33 pm,Air Canada,ICN‐EWR,17h08m,1,YYZ,939,20220408-0228,best
1:50 pm – 5:20 pm +1,Delta,JFK‐ICN,14h30m,0,,10:45 am – 2:06 pm,Delta,ICN‐LGA,16h21m,1,DTW,1394,20220408-0228,best
1:50 pm – 5:20 pm +1,Korean Air,JFK‐ICN,14h30m,0,,10:00 am – 11:05 am,Korean Air,ICN‐JFK,14h05m,0,,1575,20220408-0228,best
9:30 am – 4:30 pm +1,Delta,LGA‐ICN,18h00m,1,DTW,10:45 am – 2:06 pm,Delta,ICN‐LGA,16h21m,1,DTW,1232,20220408-0228,best
1:50 pm – 5:20 pm +1,Korean Air,JFK‐ICN,14h30m,0,,6:40 pm – 11:58 pm,Korean Air,ICN‐LGA,18h18m,1,ATL,1355,20220408-0228,best
1:50 pm – 5:20 pm +1,Delta,JFK‐ICN,14h30m,0,,10:00 am – 11:05 am,Delta,ICN‐JFK,14h05m,0,,1625,20220408-0228,best
1:50 pm – 5:20 pm +1,Delta,JFK‐ICN,14h30m,0,,6:40 pm – 11:58 pm,Delta,ICN‐LGA,18h18m,1,ATL,1394,20220408-0228,best
1:50 pm – 5:20 pm +1,Delta,JFK‐ICN,14h30m,0,,10:45 am – 4:10 pm,Delta,ICN‐LGA,18h25m,1,DTW,1394,20220408-0228,best
1:50 pm – 5:20 pm +1,Korean Air,JFK‐ICN,14h30m,0,,6:25 pm – 10:01 pm,Air Canada,ICN‐LGA,16h36m,1,YYZ,1489,20220408-0228,best
6:59 am – 3:00 pm +1,Delta,LGA‐ICN,19h01m,1,ATL,10:45 am – 2:06 pm,Delta,ICN‐LGA,16h21m,1,DTW,1232,20220408-0228,best
1:55 pm – 5:20 pm +1,Asiana Airlines,JFK‐ICN,14h25m,0,,6:25 pm – 10:33 pm,Air Canada,ICN‐EWR,17h08m,1,YYZ,1486,20220408-0228,best
1:55 pm – 5:20 pm +1,Asiana Airlines,JFK‐ICN,14h25m,0,,6:25 pm – 10:01 pm,Air Canada,ICN‐LGA,16h36m,1,YYZ,1486,20220408-0228,best
1:50 pm – 5:20 pm +1,Korean Air,JFK‐ICN,14h30m,0,,6:25 pm – 10:33 pm,Air Canada,ICN‐EWR,17h08m,1,YYZ,1489,20220408-0228,best
1:55 pm – 5:20 pm +1,Asiana Airlines,JFK‐ICN,14h25m,0,,10:00 am – 11:05 am,Korean Air,ICN‐JFK,14h05m,0,,1770,20220408-0234,fast
1:55 pm – 5:20 pm +1,United Airlines,JFK‐ICN,14h25m,0,,10:00 am – 11:05 am,Korean Air,ICN‐JFK,14h05m,0,,6527,20220408-0234,fast
1:50 pm – 5:20 pm +1,Korean Air,JFK‐ICN,14h30m,0,,10:00 am – 11:05 am,Korean Air,ICN‐JFK,14h05m,0,,1575,20220408-0234,fast
1:50 pm – 5:20 pm +1,Delta,JFK‐ICN,14h30m,0,,10:00 am – 11:05 am,Delta,ICN‐JFK,14h05m,0,,1625,20220408-0234,fast
1:50 pm – 5:20 pm +1,Delta,JFK‐ICN,14h30m,0,,10:00 am – 11:05 am,Korean Air,ICN‐JFK,14h05m,0,,2016,20220408-0234,fast
1:55 pm – 5:20 pm +1,Asiana Airlines,JFK‐ICN,14h25m,0,,10:20 am – 11:35 am,Asiana Airlines,ICN‐JFK,14h15m,0,,1395,20220408-0234,fast
1:55 pm – 5:20 pm +1,United Airlines,JFK‐ICN,14h25m,0,,10:20 am – 11:35 am,United Airlines,ICN‐JFK,14h15m,0,,6537,20220408-0234,fast
1:50 pm – 5:20 pm +1,Korean Air,JFK‐ICN,14h30m,0,,10:20 am – 11:35 am,Asiana Airlines,ICN‐JFK,14h15m,0,,1914,20220408-0234,fast
1:50 pm – 5:20 pm +1,Delta,JFK‐ICN,14h30m,0,,10:20 am – 11:35 am,Asiana Airlines,ICN‐JFK,14h15m,0,,1972,20220408-0234,fast
1:55 pm – 5:20 pm +1,Asiana Airlines,JFK‐ICN,14h25m,0,,10:45 am – 2:06 pm,Korean Air,ICN‐LGA,16h21m,1,DTW,2173,20220408-0234,fast
1:50 pm – 5:20 pm +1,Korean Air,JFK‐ICN,14h30m,0,,10:45 am – 2:06 pm,Korean Air,ICN‐LGA,16h21m,1,DTW,1355,20220408-0234,fast
1:50 pm – 5:20 pm +1,Delta,JFK‐ICN,14h30m,0,,10:45 am – 2:06 pm,Delta,ICN‐LGA,16h21m,1,DTW,1394,20220408-0234,fast
1:50 pm – 5:20 pm +1,Korean Air,JFK‐ICN,14h30m,0,,10:45 am – 2:06 pm,"Korean Air, Delta",ICN‐LGA,16h21m,1,DTW,1645,20220408-0234,fast
1:55 pm – 5:20 pm +1,Asiana Airlines,JFK‐ICN,14h25m,0,,6:25 pm – 10:01 pm,Air Canada,ICN‐LGA,16h36m,1,YYZ,1486,20220408-0234,fast
1:50 pm – 5:20 pm +1,Korean Air,JFK‐ICN,14h30m,0,,6:25 pm – 10:01 pm,Air Canada,ICN‐LGA,16h36m,1,YYZ,1489,20220408-0234,fast
