Out Time,Out Airline,Out Cities,Out Duration,Out Stops,Out Stop Cities,Return Time,Return Airline,Return Cities,Return Duration,Return Stops,Return Stop Cities,Price,timestamp,sort
7:50 pm – 4:00 pm +2,Air Canada,LGA‐ICN,31h10m,2,"YUL, YVR",5:50 pm – 10:04 am +1,Air Canada,ICN‐EWR,29h14m,2,"YVR, YUL",928,20220408-0223,cheap
10:40 am – 5:10 pm +1,Air Canada,LGA‐ICN,17h30m,1,YYZ,5:50 pm – 10:04 am +1,Air Canada,ICN‐EWR,29h14m,2,"YVR, YUL",933,20220408-0223,cheap
10:40 am – 5:10 pm +1,Air Canada,LGA‐ICN,17h30m,1,YYZ,5:50 pm – 10:04 am +1,Air Canada,ICN‐EWR,29h14m,2,"YVR, YUL",933,20220408-0223,cheap
8:00 pm – 4:00 pm +2,Air Canada,EWR‐ICN,31h00m,2,"YUL, YVR",6:25 pm – 10:31 pm,Air Canada,ICN‐EWR,17h06m,1,YYZ,933,20220408-0223,cheap
10:40 am – 5:10 pm +1,Air Canada,LGA‐ICN,17h30m,1,YYZ,6:25 pm – 10:31 pm,Air Canada,ICN‐EWR,17h06m,1,YYZ,939,20220408-0223,cheap
9:05 am – 5:10 pm +1,Air Canada,EWR‐ICN,19h05m,1,YYZ,6:25 pm – 10:31 pm,Air Canada,ICN‐EWR,17h06m,1,YYZ,939,20220408-0223,cheap
9:05 am – 5:10 pm +1,Air Canada,LGA‐ICN,19h05m,1,YYZ,6:25 pm – 10:31 pm,Air Canada,ICN‐EWR,17h06m,1,YYZ,939,20220408-0223,cheap
6:25 am – 4:00 pm +1,Air Canada,EWR‐ICN,20h35m,2,"YYZ, YVR",6:25 pm – 10:31 pm,Air Canada,ICN‐EWR,17h06m,1,YYZ,939,20220408-0223,cheap
7:00 am – 5:10 pm +1,Air Canada,LGA‐ICN,21h10m,1,YYZ,6:25 pm – 10:31 pm,Air Canada,ICN‐EWR,17h06m,1,YYZ,939,20220408-0223,cheap
6:25 am – 5:10 pm +1,Air Canada,EWR‐ICN,21h45m,1,YYZ,6:25 pm – 10:31 pm,Air Canada,ICN‐EWR,17h06m,1,YYZ,939,20220408-0223,cheap
10:40 am – 5:10 pm +1,Air Canada,LGA‐ICN,17h30m,1,YYZ,6:25 pm – 7:58 am +1,Air Canada,ICN‐EWR,26h33m,1,YYZ,939,20220408-0223,cheap
9:05 am – 5:10 pm +1,Air Canada,EWR‐ICN,19h05m,1,YYZ,6:25 pm – 7:58 am +1,Air Canada,ICN‐EWR,26h33m,1,YYZ,939,20220408-0223,cheap
9:05 am – 5:10 pm +1,Air Canada,EWR‐ICN,19h05m,1,YYZ,6:25 pm – 10:13 am +1,Air Canada,ICN‐EWR,28h48m,1,YYZ,939,20220408-0223,cheap
6:25 am – 5:10 pm +1,Air Canada,EWR‐ICN,21h45m,1,YYZ,6:25 pm – 7:58 am +1,Air Canada,ICN‐EWR,26h33m,1,YYZ,939,20220408-0223,cheap
10:40 am – 5:10 pm +1,Air Canada,LGA‐ICN,17h30m,1,YYZ,6:25 pm – 10:01 pm,Air Canada,ICN‐LGA,16h36m,1,YYZ,1092,20220408-0223,cheap
10:40 am – 5:10 pm +1,Air Canada,LGA‐ICN,17h30m,1,YYZ,6:25 pm – 10:31 pm,Air Canada,ICN‐EWR,17h06m,1,YYZ,988,20220408-0220,best
10:40 am – 5:10 pm +1,Air Canada,LGA‐ICN,17h30m,1,YYZ,6:25 pm – 10:31 pm,Air Canada,ICN‐EWR,17h06m,1,YYZ,939,20220408-0220,best
7:50 pm – 4:00 pm +2,Air Canada,LGA‐ICN,31h10m,2,"YUL, YVR",5:50 pm – 10:04 am +1,Air Canada,ICN‐EWR,29h14m,2,"YVR, YUL",928,20220408-0220,best
9:05 am – 5:10 pm +1,Air Canada,EWR‐ICN,19h05m,1,YYZ,6:25 pm – 10:31 pm,Air Canada,ICN‐EWR,17h06m,1,YYZ,939,20220408-0220,best
9:05 am – 5:10 pm +1,Air Canada,LGA‐ICN,19h05m,1,YYZ,6:25 pm – 10:31 pm,Air Canada,ICN‐EWR,17h06m,1,YYZ,939,20220408-0220,best
10:40 am – 5:10 pm +1,Air Canada,LGA‐ICN,17h30m,1,YYZ,6:25 pm – 10:01 pm,Air Canada,ICN‐LGA,16h36m,1,YYZ,1092,20220408-0220,best
7:00 am – 5:10 pm +1,Air Canada,LGA‐ICN,21h10m,1,YYZ,6:25 pm – 10:31 pm,Air Canada,ICN‐EWR,17h06m,1,YYZ,939,20220408-0220,best
6:25 am – 4:00 pm +1,Air Canada,EWR‐ICN,20h35m,2,"YYZ, YVR",6:25 pm – 10:31 pm,Air Canada,ICN‐EWR,17h06m,1,YYZ,939,20220408-0220,best
6:25 am – 5:10 pm +1,Air Canada,EWR‐ICN,21h45m,1,YYZ,6:25 pm – 10:31 pm,Air Canada,ICN‐EWR,17h06m,1,YYZ,939,20220408-0220,best
1:55 pm – 5:20 pm +1,Asiana Airlines,JFK‐ICN,14h25m,0,,10:20 am – 11:35 am,Asiana Airlines,ICN‐JFK,14h15m,0,,1471,20220408-0220,best
9:05 am – 5:10 pm +1,Air Canada,LGA‐ICN,19h05m,1,YYZ,6:25 pm – 10:01 pm,Air Canada,ICN‐LGA,16h36m,1,YYZ,1092,20220408-0220,best
9:05 am – 5:10 pm +1,Air Canada,EWR‐ICN,19h05m,1,YYZ,6:25 pm – 10:01 pm,Air Canada,ICN‐LGA,16h36m,1,YYZ,1092,20220408-0220,best
1:50 pm – 5:20 pm +1,Korean Air,JFK‐ICN,14h30m,0,,10:45 am – 2:10 pm,Korean Air,ICN‐LGA,16h25m,1,DTW,1355,20220408-0220,best
9:56 am – 5:10 pm +1,"United Airlines, Air Canada",EWR‐ICN,18h14m,1,YYZ,6:25 pm – 10:31 pm,Air Canada,ICN‐EWR,17h06m,1,YYZ,1118,20220408-0220,best
1:50 pm – 5:20 pm +1,Korean Air,JFK‐ICN,14h30m,0,,6:40 pm – 11:58 pm,Korean Air,ICN‐LGA,18h18m,1,ATL,1355,20220408-0220,best
1:50 pm – 5:20 pm +1,Korean Air,JFK‐ICN,14h30m,0,,10:45 am – 4:07 pm,Korean Air,ICN‐LGA,18h22m,1,DTW,1355,20220408-0220,best
7:00 am – 5:10 pm +1,Air Canada,LGA‐ICN,21h10m,1,YYZ,6:25 pm – 10:01 pm,Air Canada,ICN‐LGA,16h36m,1,YYZ,1092,20220408-0220,best
12:50 am – 4:10 am +1,Korean Air,JFK‐ICN,14h20m,0,,10:00 am – 11:05 am,Korean Air,ICN‐JFK,14h05m,0,,1670,20220408-0225,fast
12:50 am – 4:10 am +1,Delta,JFK‐ICN,14h20m,0,,10:00 am – 11:05 am,Delta,ICN‐JFK,14h05m,0,,1725,20220408-0225,fast
1:55 pm – 5:20 pm +1,Asiana Airlines,JFK‐ICN,14h25m,0,,10:00 am – 11:05 am,Korean Air,ICN‐JFK,14h05m,0,,1906,20220408-0225,fast
1:55 pm – 5:20 pm +1,United Airlines,JFK‐ICN,14h25m,0,,10:00 am – 11:05 am,Korean Air,ICN‐JFK,14h05m,0,,6527,20220408-0225,fast
1:50 pm – 5:20 pm +1,Korean Air,JFK‐ICN,14h30m,0,,10:00 am – 11:05 am,Korean Air,ICN‐JFK,14h05m,0,,1670,20220408-0225,fast
1:50 pm – 5:20 pm +1,Delta,JFK‐ICN,14h30m,0,,10:00 am – 11:05 am,Delta,ICN‐JFK,14h05m,0,,1725,20220408-0225,fast
12:50 am – 4:10 am +1,Korean Air,JFK‐ICN,14h20m,0,,10:20 am – 11:35 am,Asiana Airlines,ICN‐JFK,14h15m,0,,1910,20220408-0225,fast
1:55 pm – 5:20 pm +1,Asiana Airlines,JFK‐ICN,14h25m,0,,10:20 am – 11:35 am,Asiana Airlines,ICN‐JFK,14h15m,0,,1471,20220408-0225,fast
1:55 pm – 5:20 pm +1,United Airlines,JFK‐ICN,14h25m,0,,10:20 am – 11:35 am,United Airlines,ICN‐JFK,14h15m,0,,6537,20220408-0225,fast
1:50 pm – 5:20 pm +1,Korean Air,JFK‐ICN,14h30m,0,,10:20 am – 11:35 am,Asiana Airlines,ICN‐JFK,14h15m,0,,1910,20220408-0225,fast
12:50 am – 4:10 am +1,Korean Air,JFK‐ICN,14h20m,0,,10:45 am – 2:10 pm,Korean Air,ICN‐LGA,16h25m,1,DTW,1355,20220408-0225,fast
12:50 am – 4:10 am +1,Korean Air,JFK‐ICN,14h20m,0,,10:45 am – 2:10 pm,"Korean Air, Delta",ICN‐LGA,16h25m,1,DTW,1645,20220408-0225,fast
12:50 am – 4:10 am +1,Delta,JFK‐ICN,14h20m,0,,10:45 am – 2:10 pm,Delta,ICN‐LGA,16h25m,1,DTW,5130,20220408-0225,fast
1:55 pm – 5:20 pm +1,Asiana Airlines,JFK‐ICN,14h25m,0,,10:45 am – 2:10 pm,Korean Air,ICN‐LGA,16h25m,1,DTW,2173,20220408-0225,fast
1:50 pm – 5:20 pm +1,Korean Air,JFK‐ICN,14h30m,0,,10:45 am – 2:10 pm,Korean Air,ICN‐LGA,16h25m,1,DTW,1355,20220408-0225,fast
