Out Time,Out Airline,Out Cities,Out Duration,Out Stops,Out Stop Cities,Return Time,Return Airline,Return Cities,Return Duration,Return Stops,Return Stop Cities,Price,timestamp,sort
1:25 am – 6:45 pm +1,EVA Air,JFK‐ICN,28h20m,1,TPE,12:00 pm – 10:05 pm,EVA Air,ICN‐JFK,23h05m,1,TPE,1270,20220407-2324,cheap
1:25 am – 11:00 am +1,"EVA Air, UNI AIR",JFK‐ICN,20h35m,1,TPE,12:00 pm – 10:05 pm,EVA Air,ICN‐JFK,23h05m,1,TPE,1303,20220407-2324,cheap
1:25 am – 11:00 am +1,EVA Air,JFK‐ICN,20h35m,1,TPE,12:00 pm – 10:05 pm,EVA Air,ICN‐JFK,23h05m,1,TPE,1303,20220407-2324,cheap
8:00 pm – 4:00 pm +2,Air Canada,EWR‐ICN,31h00m,2,"YUL, YVR",6:40 pm – 10:01 pm,Air Canada,ICN‐LGA,16h21m,1,YYZ,1336,20220407-2324,cheap
7:50 pm – 4:00 pm +2,Air Canada,LGA‐ICN,31h10m,2,"YUL, YVR",6:40 pm – 10:01 pm,Air Canada,ICN‐LGA,16h21m,1,YYZ,1336,20220407-2324,cheap
8:30 pm – 5:10 pm +2,Air Canada,LGA‐ICN,31h40m,1,YYZ,6:40 pm – 10:01 pm,Air Canada,ICN‐LGA,16h21m,1,YYZ,1342,20220407-2324,cheap
8:30 pm – 5:10 pm +2,Air Canada,LGA‐ICN,31h40m,1,YYZ,6:40 pm – 10:31 pm,Air Canada,ICN‐EWR,16h51m,1,YYZ,1344,20220407-2324,cheap
6:25 am – 4:00 pm +1,Air Canada,EWR‐ICN,20h35m,2,"YYZ, YVR",6:40 pm – 10:01 pm,Air Canada,ICN‐LGA,16h21m,1,YYZ,1380,20220407-2324,cheap
6:25 am – 4:00 pm +1,Air Canada,EWR‐ICN,20h35m,2,"YYZ, YVR",6:40 pm – 10:31 pm,Air Canada,ICN‐EWR,16h51m,1,YYZ,1382,20220407-2324,cheap
1:55 pm – 5:20 pm +1,Asiana Airlines,JFK‐ICN,14h25m,0,,4:55 pm – 11:10 am +1,Singapore Airlines,ICN‐JFK,31h15m,2,"SIN, FRA",1538,20220407-2324,cheap
1:55 pm – 5:20 pm +1,Asiana Airlines,JFK‐ICN,14h25m,0,,11:55 pm – 6:55 pm +1,Emirates,ICN‐JFK,32h00m,2,"DXB, MXP",1603,20220407-2324,cheap
8:00 pm – 4:00 pm +2,Air Canada,EWR‐ICN,31h00m,2,"YUL, YVR",6:40 pm – 10:31 pm,Air Canada,ICN‐EWR,16h51m,1,YYZ,1620,20220407-2324,cheap
7:50 pm – 4:00 pm +2,Air Canada,LGA‐ICN,31h10m,2,"YUL, YVR",6:40 pm – 10:31 pm,Air Canada,ICN‐EWR,16h51m,1,YYZ,1620,20220407-2324,cheap
10:30 pm – 7:10 am +2,Air France,JFK‐ICN,19h40m,1,CDG,11:40 pm – 1:30 pm +1,KLM,ICN‐JFK,26h50m,2,"AMS, DUB",1635,20220407-2324,cheap
9:30 pm – 7:10 am +2,Air France,JFK‐ICN,20h40m,1,CDG,11:40 pm – 1:30 pm +1,KLM,ICN‐JFK,26h50m,2,"AMS, DUB",1635,20220407-2324,cheap
1:25 am – 6:45 pm +1,EVA Air,JFK‐ICN,28h20m,1,TPE,12:00 pm – 10:05 pm,EVA Air,ICN‐JFK,23h05m,1,TPE,1343,20220407-2322,best
1:55 pm – 5:20 pm +1,Asiana Airlines,JFK‐ICN,14h25m,0,,10:20 am – 11:35 am,Asiana Airlines,ICN‐JFK,14h15m,0,,1701,20220407-2322,best
1:25 am – 6:45 pm +1,EVA Air,JFK‐ICN,28h20m,1,TPE,12:00 pm – 10:05 pm,EVA Air,ICN‐JFK,23h05m,1,TPE,1270,20220407-2322,best
12:50 am – 4:10 am +1,Korean Air,JFK‐ICN,14h20m,0,,10:00 am – 11:20 am,Korean Air,ICN‐JFK,14h20m,0,,1892,20220407-2322,best
1:50 pm – 5:20 pm +1,Korean Air,JFK‐ICN,14h30m,0,,10:00 am – 11:20 am,Korean Air,ICN‐JFK,14h20m,0,,2069,20220407-2322,best
12:50 am – 4:10 am +1,Delta,JFK‐ICN,14h20m,0,,10:00 am – 11:20 am,Delta,ICN‐JFK,14h20m,0,,1975,20220407-2322,best
12:50 am – 4:10 am +1,Korean Air,JFK‐ICN,14h20m,0,,6:40 pm – 11:23 pm,Korean Air,ICN‐EWR,17h43m,1,ATL,1722,20220407-2322,best
6:25 am – 4:00 pm +1,Air Canada,EWR‐ICN,20h35m,2,"YYZ, YVR",6:40 pm – 10:01 pm,Air Canada,ICN‐LGA,16h21m,1,YYZ,1380,20220407-2322,best
6:25 am – 4:00 pm +1,Air Canada,EWR‐ICN,20h35m,2,"YYZ, YVR",6:40 pm – 10:31 pm,Air Canada,ICN‐EWR,16h51m,1,YYZ,1382,20220407-2322,best
1:50 pm – 5:20 pm +1,Delta,JFK‐ICN,14h30m,0,,10:00 am – 11:20 am,Delta,ICN‐JFK,14h20m,0,,2150,20220407-2322,best
12:50 am – 4:10 am +1,Korean Air,JFK‐ICN,14h20m,0,,6:40 pm – 11:58 pm,Korean Air,ICN‐LGA,18h18m,1,ATL,1720,20220407-2322,best
12:50 am – 4:10 am +1,Korean Air,JFK‐ICN,14h20m,0,,6:40 pm – 11:59 pm,Korean Air,ICN‐JFK,18h19m,1,ATL,1722,20220407-2322,best
1:50 pm – 5:20 pm +1,Korean Air,JFK‐ICN,14h30m,0,,6:40 pm – 11:23 pm,Korean Air,ICN‐EWR,17h43m,1,ATL,1903,20220407-2322,best
8:05 am – 3:00 pm +1,Korean Air,JFK‐ICN,17h55m,1,ATL,10:00 am – 11:20 am,Korean Air,ICN‐JFK,14h20m,0,,1897,20220407-2322,best
12:50 am – 4:10 am +1,Korean Air,JFK‐ICN,14h20m,0,,7:20 pm – 11:55 pm,Korean Air,ICN‐JFK,17h35m,1,SEA,1807,20220407-2322,best
1:50 pm – 5:20 pm +1,Korean Air,JFK‐ICN,14h30m,0,,6:40 pm – 11:58 pm,Korean Air,ICN‐LGA,18h18m,1,ATL,1904,20220407-2322,best
1:50 pm – 5:20 pm +1,Korean Air,JFK‐ICN,14h30m,0,,6:40 pm – 11:59 pm,Korean Air,ICN‐JFK,18h19m,1,ATL,1904,20220407-2322,best
12:50 am – 4:10 am +1,Korean Air,JFK‐ICN,14h20m,0,,10:20 am – 11:35 am,Asiana Airlines,ICN‐JFK,14h15m,0,,2215,20220407-2327,fast
1:55 pm – 5:20 pm +1,Asiana Airlines,JFK‐ICN,14h25m,0,,10:20 am – 11:35 am,Asiana Airlines,ICN‐JFK,14h15m,0,,1701,20220407-2327,fast
12:50 am – 4:10 am +1,Korean Air,JFK‐ICN,14h20m,0,,10:00 am – 11:20 am,Korean Air,ICN‐JFK,14h20m,0,,1892,20220407-2327,fast
12:50 am – 4:10 am +1,Delta,JFK‐ICN,14h20m,0,,10:00 am – 11:20 am,Delta,ICN‐JFK,14h20m,0,,1975,20220407-2327,fast
1:55 pm – 5:20 pm +1,United Airlines,JFK‐ICN,14h25m,0,,10:20 am – 11:35 am,United Airlines,ICN‐JFK,14h15m,0,,6537,20220407-2327,fast
1:55 pm – 5:20 pm +1,Asiana Airlines,JFK‐ICN,14h25m,0,,10:00 am – 11:20 am,Korean Air,ICN‐JFK,14h20m,0,,2338,20220407-2327,fast
1:50 pm – 5:20 pm +1,Korean Air,JFK‐ICN,14h30m,0,,10:20 am – 11:35 am,Asiana Airlines,ICN‐JFK,14h15m,0,,2478,20220407-2327,fast
1:55 pm – 5:20 pm +1,United Airlines,JFK‐ICN,14h25m,0,,10:00 am – 11:20 am,Korean Air,ICN‐JFK,14h20m,0,,6527,20220407-2327,fast
1:50 pm – 5:20 pm +1,Korean Air,JFK‐ICN,14h30m,0,,10:00 am – 11:20 am,Korean Air,ICN‐JFK,14h20m,0,,2069,20220407-2327,fast
1:50 pm – 5:20 pm +1,Delta,JFK‐ICN,14h30m,0,,10:00 am – 11:20 am,Delta,ICN‐JFK,14h20m,0,,2150,20220407-2327,fast
12:50 am – 4:10 am +1,Korean Air,JFK‐ICN,14h20m,0,,7:20 pm – 11:55 pm,Korean Air,ICN‐JFK,17h35m,1,SEA,1807,20220407-2327,fast
12:50 am – 4:10 am +1,Korean Air,JFK‐ICN,14h20m,0,,6:40 pm – 11:23 pm,Korean Air,ICN‐EWR,17h43m,1,ATL,1722,20220407-2327,fast
1:55 pm – 5:20 pm +1,Asiana Airlines,JFK‐ICN,14h25m,0,,6:40 pm – 11:23 pm,Delta,ICN‐EWR,17h43m,1,ATL,1855,20220407-2327,fast
8:05 am – 3:00 pm +1,Korean Air,JFK‐ICN,17h55m,1,ATL,10:20 am – 11:35 am,Asiana Airlines,ICN‐JFK,14h15m,0,,2301,20220407-2327,fast
1:50 pm – 5:20 pm +1,Korean Air,JFK‐ICN,14h30m,0,,6:40 pm – 11:23 pm,Korean Air,ICN‐EWR,17h43m,1,ATL,1903,20220407-2327,fast
