Out Time,Out Airline,Out Cities,Out Duration,Out Stops,Out Stop Cities,Return Time,Return Airline,Return Cities,Return Duration,Return Stops,Return Stop Cities,Price,timestamp,sort
12:55 pm – 5:30 pm +1,Asiana Airlines,JFK‐ICN,15h35m,0,,4:50 pm – 12:44 am +1,United Airlines,ICN‐EWR,20h54m,1,SFO,1170,20220405-0949,cheap
6:55 pm – 6:10 pm +2,Turkish Airlines,JFK‐ICN,34h15m,1,IST,11:45 pm – 10:20 pm +1,Turkish Airlines,ICN‐EWR,35h35m,1,IST,1181,20220405-0949,cheap
12:55 pm – 5:30 pm +1,Asiana Airlines,JFK‐ICN,15h35m,0,,1:30 am – 2:55 pm,Qatar Airways,ICN‐JFK,26h25m,1,DOH,1285,20220405-0949,cheap
12:55 pm – 5:30 pm +1,Asiana Airlines,JFK‐ICN,15h35m,0,,10:45 am – 2:18 pm,Delta,ICN‐LGA,16h33m,1,DTW,1292,20220405-0949,cheap
6:44 am – 3:15 pm +1,American Airlines,LGA‐ICN,19h31m,1,DFW,5:25 pm – 10:00 pm,American Airlines,ICN‐EWR,17h35m,1,DFW,1330,20220405-0949,cheap
6:44 am – 3:15 pm +1,American Airlines,LGA‐ICN,19h31m,1,DFW,5:25 pm – 10:10 pm,American Airlines,ICN‐LGA,17h45m,1,DFW,1330,20220405-0949,cheap
6:34 am – 3:15 pm +1,American Airlines,EWR‐ICN,19h41m,1,DFW,5:25 pm – 10:00 pm,American Airlines,ICN‐EWR,17h35m,1,DFW,1330,20220405-0949,cheap
6:30 am – 3:15 pm +1,American Airlines,JFK‐ICN,19h45m,1,DFW,5:25 pm – 10:00 pm,American Airlines,ICN‐EWR,17h35m,1,DFW,1330,20220405-0949,cheap
6:34 am – 3:15 pm +1,American Airlines,EWR‐ICN,19h41m,1,DFW,5:25 pm – 10:10 pm,American Airlines,ICN‐LGA,17h45m,1,DFW,1330,20220405-0949,cheap
6:30 am – 3:15 pm +1,American Airlines,JFK‐ICN,19h45m,1,DFW,5:25 pm – 10:10 pm,American Airlines,ICN‐LGA,17h45m,1,DFW,1330,20220405-0949,cheap
5:55 am – 3:15 pm +1,American Airlines,LGA‐ICN,20h20m,1,DFW,5:25 pm – 10:00 pm,American Airlines,ICN‐EWR,17h35m,1,DFW,1330,20220405-0949,cheap
5:55 am – 3:15 pm +1,American Airlines,LGA‐ICN,20h20m,1,DFW,5:25 pm – 10:10 pm,American Airlines,ICN‐LGA,17h45m,1,DFW,1330,20220405-0949,cheap
6:44 am – 3:15 pm +1,American Airlines,LGA‐ICN,19h31m,1,DFW,5:25 pm – 11:28 pm,American Airlines,ICN‐EWR,19h03m,1,DFW,1330,20220405-0949,cheap
6:44 am – 3:15 pm +1,American Airlines,LGA‐ICN,19h31m,1,DFW,5:25 pm – 11:30 pm,American Airlines,ICN‐LGA,19h05m,1,DFW,1330,20220405-0949,cheap
6:34 am – 3:15 pm +1,American Airlines,EWR‐ICN,19h41m,1,DFW,5:25 pm – 11:28 pm,American Airlines,ICN‐EWR,19h03m,1,DFW,1330,20220405-0949,cheap
6:55 pm – 6:10 pm +2,Turkish Airlines,JFK‐ICN,34h15m,1,IST,11:45 pm – 10:20 pm +1,Turkish Airlines,ICN‐EWR,35h35m,1,IST,1257,20220405-0947,best
12:55 pm – 5:30 pm +1,Asiana Airlines,JFK‐ICN,15h35m,0,,10:20 am – 11:35 am,Asiana Airlines,ICN‐JFK,14h15m,0,,1521,20220405-0947,best
9:40 am – 4:30 pm +1,Korean Air,LGA‐ICN,17h50m,1,DTW,10:45 am – 2:18 pm,Korean Air,ICN‐LGA,16h33m,1,DTW,1360,20220405-0947,best
9:30 am – 4:30 pm +1,Korean Air,EWR‐ICN,18h00m,1,DTW,10:45 am – 2:18 pm,Korean Air,ICN‐LGA,16h33m,1,DTW,1360,20220405-0947,best
1:50 pm – 5:20 pm +1,Delta,JFK‐ICN,14h30m,0,,10:00 am – 11:20 am,Delta,ICN‐JFK,14h20m,0,,1900,20220405-0947,best
1:10 pm – 5:55 pm +1,Korean Air,JFK‐ICN,15h45m,0,,10:00 am – 11:20 am,Korean Air,ICN‐JFK,14h20m,0,,1857,20220405-0947,best
1:50 pm – 5:20 pm +1,Delta,JFK‐ICN,14h30m,0,,10:45 am – 2:18 pm,Delta,ICN‐LGA,16h33m,1,DTW,1735,20220405-0947,best
9:40 am – 4:30 pm +1,Korean Air,LGA‐ICN,17h50m,1,DTW,6:40 pm – 11:52 pm,Korean Air,ICN‐LGA,18h12m,1,ATL,1360,20220405-0947,best
9:30 am – 4:30 pm +1,Korean Air,EWR‐ICN,18h00m,1,DTW,6:40 pm – 11:52 pm,Korean Air,ICN‐LGA,18h12m,1,ATL,1360,20220405-0947,best
9:40 am – 4:30 pm +1,Korean Air,LGA‐ICN,17h50m,1,DTW,10:00 am – 11:20 am,Korean Air,ICN‐JFK,14h20m,0,,1702,20220405-0947,best
1:50 pm – 5:20 pm +1,Delta,JFK‐ICN,14h30m,0,,6:40 pm – 11:02 pm,Delta,ICN‐EWR,17h22m,1,ATL,1735,20220405-0947,best
1:10 pm – 5:55 pm +1,Korean Air,JFK‐ICN,15h45m,0,,10:45 am – 2:18 pm,Korean Air,ICN‐LGA,16h33m,1,DTW,1707,20220405-0947,best
9:30 am – 4:30 pm +1,Korean Air,EWR‐ICN,18h00m,1,DTW,10:00 am – 11:20 am,Korean Air,ICN‐JFK,14h20m,0,,1702,20220405-0947,best
6:44 am – 3:15 pm +1,American Airlines,LGA‐ICN,19h31m,1,DFW,5:25 pm – 10:00 pm,American Airlines,ICN‐EWR,17h35m,1,DFW,1330,20220405-0947,best
1:50 pm – 5:20 pm +1,Delta,JFK‐ICN,14h30m,0,,6:40 pm – 11:36 pm,Delta,ICN‐JFK,17h56m,1,ATL,1735,20220405-0947,best
6:34 am – 3:15 pm +1,American Airlines,EWR‐ICN,19h41m,1,DFW,5:25 pm – 10:00 pm,American Airlines,ICN‐EWR,17h35m,1,DFW,1330,20220405-0947,best
1:50 pm – 5:20 pm +1,Delta,JFK‐ICN,14h30m,0,,10:00 am – 11:20 am,Delta,ICN‐JFK,14h20m,0,,1900,20220405-0952,fast
12:55 pm – 5:30 pm +1,Asiana Airlines,JFK‐ICN,15h35m,0,,10:20 am – 11:35 am,Asiana Airlines,ICN‐JFK,14h15m,0,,1521,20220405-0952,fast
12:55 pm – 5:30 pm +1,Asiana Airlines,JFK‐ICN,15h35m,0,,10:00 am – 11:20 am,Korean Air,ICN‐JFK,14h20m,0,,1899,20220405-0952,fast
1:10 pm – 5:55 pm +1,Korean Air,JFK‐ICN,15h45m,0,,10:20 am – 11:35 am,Asiana Airlines,ICN‐JFK,14h15m,0,,2123,20220405-0952,fast
1:10 pm – 5:55 pm +1,Korean Air,JFK‐ICN,15h45m,0,,10:00 am – 11:20 am,Korean Air,ICN‐JFK,14h20m,0,,1857,20220405-0952,fast
1:50 pm – 5:20 pm +1,Delta,JFK‐ICN,14h30m,0,,10:45 am – 2:18 pm,Delta,ICN‐LGA,16h33m,1,DTW,1735,20220405-0952,fast
1:50 pm – 5:20 pm +1,Delta,JFK‐ICN,14h30m,0,,6:40 pm – 11:02 pm,Delta,ICN‐EWR,17h22m,1,ATL,1735,20220405-0952,fast
9:40 am – 4:30 pm +1,"Delta, Korean Air",LGA‐ICN,17h50m,1,DTW,10:20 am – 11:35 am,Asiana Airlines,ICN‐JFK,14h15m,0,,1977,20220405-0952,fast
12:55 pm – 5:30 pm +1,Asiana Airlines,JFK‐ICN,15h35m,0,,10:45 am – 2:18 pm,Delta,ICN‐LGA,16h33m,1,DTW,1292,20220405-0952,fast
9:40 am – 4:30 pm +1,Korean Air,LGA‐ICN,17h50m,1,DTW,10:00 am – 11:20 am,Korean Air,ICN‐JFK,14h20m,0,,1702,20220405-0952,fast
9:30 am – 4:30 pm +1,"Delta, Korean Air",EWR‐ICN,18h00m,1,DTW,10:20 am – 11:35 am,Asiana Airlines,ICN‐JFK,14h15m,0,,1977,20220405-0952,fast
1:10 pm – 5:55 pm +1,Korean Air,JFK‐ICN,15h45m,0,,10:45 am – 2:18 pm,Korean Air,ICN‐LGA,16h33m,1,DTW,1707,20220405-0952,fast
9:30 am – 4:30 pm +1,Korean Air,EWR‐ICN,18h00m,1,DTW,10:00 am – 11:20 am,Korean Air,ICN‐JFK,14h20m,0,,1702,20220405-0952,fast
1:50 pm – 5:20 pm +1,Delta,JFK‐ICN,14h30m,0,,6:40 pm – 11:36 pm,Delta,ICN‐JFK,17h56m,1,ATL,1735,20220405-0952,fast
1:10 pm – 5:55 pm +1,Korean Air,JFK‐ICN,15h45m,0,,9:30 am – 1:25 pm,Korean Air,ICN‐LGA,16h55m,1,BOS,2013,20220405-0952,fast
