Out Time,Out Airline,Out Cities,Out Duration,Out Stops,Out Stop Cities,Return Time,Return Airline,Return Cities,Return Duration,Return Stops,Return Stop Cities,Price,timestamp,sort
9:29 pm – 5:10 pm +2,Air Canada,EWR‐ICN,30h41m,2,"YQB, YYZ",5:50 pm – 8:34 am +1,Air Canada,ICN‐EWR,27h44m,2,"YVR, YUL",1201,20220405-1114,cheap
1:55 pm – 5:20 pm +1,Asiana Airlines,JFK‐ICN,14h25m,0,,4:50 pm – 12:49 am +1,United Airlines,ICN‐EWR,20h59m,1,SFO,1313,20220405-1114,cheap
10:40 am – 5:10 pm +1,Air Canada,LGA‐ICN,17h30m,1,YYZ,5:50 pm – 8:34 am +1,Air Canada,ICN‐EWR,27h44m,2,"YVR, YUL",1489,20220405-1114,cheap
10:40 am – 5:10 pm +1,Air Canada,LGA‐ICN,17h30m,1,YYZ,5:50 pm – 9:57 am +1,Air Canada,ICN‐EWR,29h07m,2,"YVR, YUL",1489,20220405-1114,cheap
10:40 am – 5:10 pm +1,Air Canada,LGA‐ICN,17h30m,1,YYZ,5:50 pm – 9:57 am +1,Air Canada,ICN‐EWR,29h07m,2,"YVR, YUL",1489,20220405-1114,cheap
9:05 am – 5:10 pm +1,Air Canada,EWR‐ICN,19h05m,1,YYZ,5:50 pm – 8:34 am +1,Air Canada,ICN‐EWR,27h44m,2,"YVR, YUL",1489,20220405-1114,cheap
9:05 am – 5:10 pm +1,Air Canada,LGA‐ICN,19h05m,1,YYZ,5:50 pm – 8:34 am +1,Air Canada,ICN‐EWR,27h44m,2,"YVR, YUL",1489,20220405-1114,cheap
8:01 am – 5:10 pm +1,Air Canada,EWR‐ICN,20h09m,1,YYZ,5:50 pm – 8:34 am +1,Air Canada,ICN‐EWR,27h44m,2,"YVR, YUL",1489,20220405-1114,cheap
9:05 am – 5:10 pm +1,Air Canada,LGA‐ICN,19h05m,1,YYZ,5:50 pm – 9:57 am +1,Air Canada,ICN‐EWR,29h07m,2,"YVR, YUL",1489,20220405-1114,cheap
9:05 am – 5:10 pm +1,Air Canada,EWR‐ICN,19h05m,1,YYZ,5:50 pm – 9:57 am +1,Air Canada,ICN‐EWR,29h07m,2,"YVR, YUL",1489,20220405-1114,cheap
9:05 am – 5:10 pm +1,Air Canada,EWR‐ICN,19h05m,1,YYZ,5:50 pm – 9:57 am +1,Air Canada,ICN‐EWR,29h07m,2,"YVR, YUL",1489,20220405-1114,cheap
9:05 am – 5:10 pm +1,Air Canada,LGA‐ICN,19h05m,1,YYZ,5:50 pm – 9:57 am +1,Air Canada,ICN‐EWR,29h07m,2,"YVR, YUL",1489,20220405-1114,cheap
10:40 am – 5:10 pm +1,Air Canada,LGA‐ICN,17h30m,1,YYZ,5:50 pm – 11:47 am +1,Air Canada,ICN‐EWR,30h57m,2,"YVR, YUL",1489,20220405-1114,cheap
10:40 am – 5:10 pm +1,Air Canada,LGA‐ICN,17h30m,1,YYZ,5:50 pm – 11:47 am +1,Air Canada,ICN‐EWR,30h57m,2,"YVR, YUL",1489,20220405-1114,cheap
10:40 am – 5:10 pm +1,Air Canada,LGA‐ICN,17h30m,1,YYZ,5:50 pm – 10:02 am +1,Air Canada,ICN‐LGA,29h12m,2,"YVR, YUL",1514,20220405-1114,cheap
1:55 pm – 5:20 pm +1,Asiana Airlines,JFK‐ICN,14h25m,0,,1:30 am – 2:55 pm,Qatar Airways,ICN‐JFK,26h25m,1,DOH,1663,20220405-1111,best
1:55 pm – 5:20 pm +1,Asiana Airlines,JFK‐ICN,14h25m,0,,10:20 am – 11:35 am,Asiana Airlines,ICN‐JFK,14h15m,0,,1815,20220405-1111,best
1:50 pm – 5:20 pm +1,Korean Air,JFK‐ICN,14h30m,0,,10:00 am – 11:20 am,Korean Air,ICN‐JFK,14h20m,0,,2049,20220405-1111,best
1:50 pm – 5:20 pm +1,Korean Air,JFK‐ICN,14h30m,0,,10:20 am – 11:35 am,Asiana Airlines,ICN‐JFK,14h15m,0,,2241,20220405-1111,best
1:50 pm – 5:20 pm +1,Korean Air,JFK‐ICN,14h30m,0,,9:30 am – 1:23 pm,Korean Air,ICN‐LGA,16h53m,1,BOS,2203,20220405-1111,best
1:50 pm – 5:20 pm +1,Korean Air,JFK‐ICN,14h30m,0,,2:30 pm – 9:30 pm,Korean Air,ICN‐JFK,20h00m,1,LAX,1989,20220405-1111,best
1:50 pm – 5:20 pm +1,Korean Air,JFK‐ICN,14h30m,0,,9:30 am – 1:58 pm,Korean Air,ICN‐JFK,17h28m,1,BOS,2203,20220405-1111,best
9:30 am – 5:45 pm +1,"Alaska Airlines, Asiana Airlines",JFK‐ICN,19h15m,1,SEA,10:20 am – 11:35 am,Asiana Airlines,ICN‐JFK,14h15m,0,,2052,20220405-1111,best
1:50 pm – 5:20 pm +1,Korean Air,JFK‐ICN,14h30m,0,,9:20 am – 2:39 pm,Korean Air,ICN‐JFK,18h19m,1,ATL,2203,20220405-1111,best
1:50 pm – 5:20 pm +1,Korean Air,JFK‐ICN,14h30m,0,,9:30 am – 2:49 pm,Korean Air,ICN‐EWR,18h19m,1,BOS,2203,20220405-1111,best
7:30 am – 3:15 pm +1,Korean Air,JFK‐ICN,18h45m,1,SEA,10:00 am – 11:20 am,Korean Air,ICN‐JFK,14h20m,0,,2173,20220405-1111,best
10:00 am – 4:25 pm +1,Korean Air,LGA‐ICN,17h25m,1,BOS,10:00 am – 11:20 am,Korean Air,ICN‐JFK,14h20m,0,,2292,20220405-1111,best
1:50 pm – 5:20 pm +1,Delta,JFK‐ICN,14h30m,0,,10:40 am – 3:11 pm,Delta,ICN‐LGA,17h31m,1,ORD,2285,20220405-1111,best
1:50 pm – 5:20 pm +1,Korean Air,JFK‐ICN,14h30m,0,,9:20 am – 2:59 pm,Korean Air,ICN‐LGA,18h39m,1,ATL,2203,20220405-1111,best
9:50 am – 4:25 pm +1,Korean Air,JFK‐ICN,17h35m,1,BOS,10:00 am – 11:20 am,Korean Air,ICN‐JFK,14h20m,0,,2293,20220405-1111,best
1:50 pm – 5:20 pm +1,Korean Air,JFK‐ICN,14h30m,0,,9:20 am – 3:14 pm,Korean Air,ICN‐EWR,18h54m,1,ATL,2203,20220405-1111,best
1:55 pm – 5:20 pm +1,Asiana Airlines,JFK‐ICN,14h25m,0,,10:20 am – 11:35 am,Asiana Airlines,ICN‐JFK,14h15m,0,,1815,20220405-1116,fast
1:50 pm – 5:20 pm +1,Korean Air,JFK‐ICN,14h30m,0,,10:20 am – 11:35 am,Asiana Airlines,ICN‐JFK,14h15m,0,,2241,20220405-1116,fast
1:55 pm – 5:20 pm +1,Asiana Airlines,JFK‐ICN,14h25m,0,,10:00 am – 11:20 am,Korean Air,ICN‐JFK,14h20m,0,,2271,20220405-1116,fast
1:50 pm – 5:20 pm +1,Korean Air,JFK‐ICN,14h30m,0,,10:00 am – 11:20 am,Korean Air,ICN‐JFK,14h20m,0,,2049,20220405-1116,fast
1:50 pm – 5:20 pm +1,Korean Air,JFK‐ICN,14h30m,0,,9:30 am – 1:23 pm,Korean Air,ICN‐LGA,16h53m,1,BOS,2203,20220405-1116,fast
10:00 am – 4:25 pm +1,Korean Air,LGA‐ICN,17h25m,1,BOS,10:00 am – 11:20 am,Korean Air,ICN‐JFK,14h20m,0,,2292,20220405-1116,fast
9:50 am – 4:25 pm +1,Korean Air,JFK‐ICN,17h35m,1,BOS,10:00 am – 11:20 am,Korean Air,ICN‐JFK,14h20m,0,,2293,20220405-1116,fast
1:50 pm – 5:20 pm +1,Korean Air,JFK‐ICN,14h30m,0,,9:30 am – 1:58 pm,Korean Air,ICN‐JFK,17h28m,1,BOS,2203,20220405-1116,fast
1:50 pm – 5:20 pm +1,Delta,JFK‐ICN,14h30m,0,,10:40 am – 3:11 pm,Delta,ICN‐LGA,17h31m,1,ORD,2285,20220405-1116,fast
1:50 pm – 5:20 pm +1,Delta,JFK‐ICN,14h30m,0,,9:30 am – 2:24 pm,Delta,ICN‐LGA,17h54m,1,BOS,2285,20220405-1116,fast
1:55 pm – 5:20 pm +1,United Airlines,JFK‐ICN,14h25m,0,,4:50 pm – 9:49 pm,United Airlines,ICN‐EWR,17h59m,1,SFO,4112,20220405-1116,fast
1:50 pm – 5:20 pm +1,Delta,JFK‐ICN,14h30m,0,,4:50 pm – 9:49 pm,United Airlines,ICN‐EWR,17h59m,1,SFO,1782,20220405-1116,fast
9:30 am – 4:50 pm +1,"Delta, Korean Air",JFK‐ICN,18h20m,1,IAD,10:20 am – 11:35 am,Asiana Airlines,ICN‐JFK,14h15m,0,,2647,20220405-1116,fast
9:30 am – 4:50 pm +1,Korean Air,JFK‐ICN,18h20m,1,IAD,10:00 am – 11:20 am,Korean Air,ICN‐JFK,14h20m,0,,2292,20220405-1116,fast
9:00 am – 4:20 pm +1,Korean Air,LGA‐ICN,18h20m,1,ATL,10:00 am – 11:20 am,Korean Air,ICN‐JFK,14h20m,0,,2507,20220405-1116,fast
