Out Time,Out Airline,Out Cities,Out Duration,Out Stops,Out Stop Cities,Return Time,Return Airline,Return Cities,Return Duration,Return Stops,Return Stop Cities,Price,timestamp,sort
11:50 pm – 6:10 pm +2,Turkish Airlines,EWR‐ICN,29h20m,1,IST,11:45 pm – 10:15 pm +1,Turkish Airlines,ICN‐JFK,35h30m,1,IST,1238,20220405-0927,cheap
6:00 am – 4:15 pm +1,Air Canada,EWR‐ICN,21h15m,2,"YUL, YVR",5:50 pm – 8:34 am +1,Air Canada,ICN‐EWR,27h44m,2,"YVR, YUL",1304,20220405-0927,cheap
6:40 am – 4:15 pm +1,Air Canada,LGA‐ICN,20h35m,2,"YUL, YVR",5:50 pm – 8:34 am +1,Air Canada,ICN‐EWR,27h44m,2,"YVR, YUL",1308,20220405-0927,cheap
6:44 am – 3:15 pm +1,American Airlines,LGA‐ICN,19h31m,1,DFW,5:25 pm – 11:30 pm,American Airlines,ICN‐LGA,19h05m,1,DFW,1330,20220405-0927,cheap
6:44 am – 3:15 pm +1,American Airlines,LGA‐ICN,19h31m,1,DFW,5:25 pm – 7:31 am +1,American Airlines,ICN‐LGA,27h06m,2,"DFW, CLT",1333,20220405-0927,cheap
6:44 am – 3:15 pm +1,American Airlines,LGA‐ICN,19h31m,1,DFW,5:25 pm – 7:49 am +1,American Airlines,ICN‐LGA,27h24m,2,"DFW, DTW",1334,20220405-0927,cheap
6:44 am – 3:15 pm +1,American Airlines,LGA‐ICN,19h31m,1,DFW,5:25 pm – 7:59 am +1,American Airlines,ICN‐LGA,27h34m,2,"DFW, ILM",1334,20220405-0927,cheap
6:44 am – 3:15 pm +1,American Airlines,LGA‐ICN,19h31m,1,DFW,5:25 pm – 7:59 am +1,American Airlines,ICN‐LGA,27h34m,2,"DFW, CLE",1334,20220405-0927,cheap
6:44 am – 3:15 pm +1,American Airlines,LGA‐ICN,19h31m,1,DFW,5:25 pm – 8:13 am +1,American Airlines,ICN‐LGA,27h48m,2,"DFW, DCA",1334,20220405-0927,cheap
10:00 pm – 3:15 pm +2,American Airlines,LGA‐ICN,28h15m,2,"DCA, DFW",5:25 pm – 11:30 pm,American Airlines,ICN‐LGA,19h05m,1,DFW,1334,20220405-0927,cheap
9:30 pm – 3:15 pm +2,American Airlines,JFK‐ICN,28h45m,2,"BWI, DFW",5:25 pm – 11:30 pm,American Airlines,ICN‐LGA,19h05m,1,DFW,1334,20220405-0927,cheap
9:29 pm – 3:15 pm +2,American Airlines,LGA‐ICN,28h46m,2,"PIT, DFW",5:25 pm – 11:30 pm,American Airlines,ICN‐LGA,19h05m,1,DFW,1334,20220405-0927,cheap
8:59 pm – 3:15 pm +2,American Airlines,LGA‐ICN,29h16m,2,"RIC, DFW",5:25 pm – 11:30 pm,American Airlines,ICN‐LGA,19h05m,1,DFW,1334,20220405-0927,cheap
8:55 pm – 3:15 pm +2,American Airlines,LGA‐ICN,29h20m,2,"CLE, DFW",5:25 pm – 11:30 pm,American Airlines,ICN‐LGA,19h05m,1,DFW,1334,20220405-0927,cheap
6:44 am – 3:15 pm +1,American Airlines,LGA‐ICN,19h31m,1,DFW,5:25 pm – 10:10 pm,American Airlines,ICN‐LGA,17h45m,1,DFW,1370,20220405-0927,cheap
11:50 pm – 6:10 pm +2,Turkish Airlines,EWR‐ICN,29h20m,1,IST,11:45 pm – 10:15 pm +1,Turkish Airlines,ICN‐JFK,35h30m,1,IST,1315,20220405-0925,best
12:55 pm – 5:30 pm +1,Asiana Airlines,JFK‐ICN,15h35m,0,,10:20 am – 11:35 am,Asiana Airlines,ICN‐JFK,14h15m,0,,1679,20220405-0925,best
1:50 pm – 5:20 pm +1,Delta,JFK‐ICN,14h30m,0,,10:00 am – 11:20 am,Delta,ICN‐JFK,14h20m,0,,2000,20220405-0925,best
1:10 pm – 5:55 pm +1,Korean Air,JFK‐ICN,15h45m,0,,10:00 am – 11:20 am,Korean Air,ICN‐JFK,14h20m,0,,1932,20220405-0925,best
6:44 am – 3:15 pm +1,American Airlines,LGA‐ICN,19h31m,1,DFW,5:25 pm – 10:10 pm,American Airlines,ICN‐LGA,17h45m,1,DFW,1370,20220405-0925,best
10:00 am – 4:25 pm +1,Korean Air,LGA‐ICN,17h25m,1,BOS,10:00 am – 11:20 am,Korean Air,ICN‐JFK,14h20m,0,,1840,20220405-0925,best
9:45 am – 4:25 pm +1,Korean Air,JFK‐ICN,17h40m,1,BOS,10:00 am – 11:20 am,Korean Air,ICN‐JFK,14h20m,0,,1840,20220405-0925,best
6:44 am – 3:15 pm +1,American Airlines,LGA‐ICN,19h31m,1,DFW,5:25 pm – 10:00 pm,American Airlines,ICN‐EWR,17h35m,1,DFW,1421,20220405-0925,best
8:00 am – 3:50 pm +1,Korean Air,EWR‐ICN,18h50m,1,ATL,10:00 am – 11:20 am,Korean Air,ICN‐JFK,14h20m,0,,1769,20220405-0925,best
7:30 am – 3:15 pm +1,Korean Air,JFK‐ICN,18h45m,1,SEA,10:00 am – 11:20 am,Korean Air,ICN‐JFK,14h20m,0,,1769,20220405-0925,best
6:44 am – 3:15 pm +1,American Airlines,LGA‐ICN,19h31m,1,DFW,5:25 pm – 11:30 pm,American Airlines,ICN‐LGA,19h05m,1,DFW,1330,20220405-0925,best
6:30 am – 3:15 pm +1,American Airlines,JFK‐ICN,19h45m,1,DFW,5:25 pm – 10:10 pm,American Airlines,ICN‐LGA,17h45m,1,DFW,1410,20220405-0925,best
7:35 am – 3:50 pm +1,Korean Air,LGA‐ICN,19h15m,1,ATL,10:00 am – 11:20 am,Korean Air,ICN‐JFK,14h20m,0,,1769,20220405-0925,best
7:35 am – 3:50 pm +1,Korean Air,LGA‐ICN,19h15m,1,ATL,10:00 am – 11:20 am,Korean Air,ICN‐JFK,14h20m,0,,1771,20220405-0925,best
6:30 am – 3:15 pm +1,American Airlines,JFK‐ICN,19h45m,1,DFW,5:25 pm – 10:00 pm,American Airlines,ICN‐EWR,17h35m,1,DFW,1461,20220405-0925,best
6:34 am – 3:15 pm +1,American Airlines,EWR‐ICN,19h41m,1,DFW,5:25 pm – 10:10 pm,American Airlines,ICN‐LGA,17h45m,1,DFW,1461,20220405-0925,best
1:50 pm – 5:20 pm +1,Delta,JFK‐ICN,14h30m,0,,10:20 am – 11:35 am,Asiana Airlines,ICN‐JFK,14h15m,0,,2346,20220405-0930,fast
1:50 pm – 5:20 pm +1,Delta,JFK‐ICN,14h30m,0,,10:00 am – 11:20 am,Delta,ICN‐JFK,14h20m,0,,2000,20220405-0930,fast
12:55 pm – 5:30 pm +1,Asiana Airlines,JFK‐ICN,15h35m,0,,10:20 am – 11:35 am,Asiana Airlines,ICN‐JFK,14h15m,0,,1679,20220405-0930,fast
12:55 pm – 5:30 pm +1,Asiana Airlines,JFK‐ICN,15h35m,0,,10:00 am – 11:20 am,Korean Air,ICN‐JFK,14h20m,0,,2264,20220405-0930,fast
1:10 pm – 5:55 pm +1,Korean Air,JFK‐ICN,15h45m,0,,10:20 am – 11:35 am,Asiana Airlines,ICN‐JFK,14h15m,0,,2287,20220405-0930,fast
1:10 pm – 5:55 pm +1,Korean Air,JFK‐ICN,15h45m,0,,10:00 am – 11:20 am,Korean Air,ICN‐JFK,14h20m,0,,1932,20220405-0930,fast
10:00 am – 4:25 pm +1,Korean Air,LGA‐ICN,17h25m,1,BOS,10:00 am – 11:20 am,Korean Air,ICN‐JFK,14h20m,0,,1840,20220405-0930,fast
9:45 am – 4:25 pm +1,Korean Air,JFK‐ICN,17h40m,1,BOS,10:00 am – 11:20 am,Korean Air,ICN‐JFK,14h20m,0,,1840,20220405-0930,fast
1:50 pm – 5:20 pm +1,Delta,JFK‐ICN,14h30m,0,,9:30 am – 2:30 pm,Korean Air,ICN‐JFK,18h00m,1,BOS,2916,20220405-0930,fast
1:10 pm – 5:55 pm +1,Korean Air,JFK‐ICN,15h45m,0,,9:30 am – 1:25 pm,Korean Air,ICN‐LGA,16h55m,1,BOS,1942,20220405-0930,fast
10:00 am – 5:40 pm +1,Korean Air,LGA‐ICN,18h40m,1,BOS,10:20 am – 11:35 am,Asiana Airlines,ICN‐JFK,14h15m,0,,2223,20220405-0930,fast
7:30 am – 3:15 pm +1,Korean Air,JFK‐ICN,18h45m,1,SEA,10:00 am – 11:20 am,Korean Air,ICN‐JFK,14h20m,0,,1769,20220405-0930,fast
8:00 am – 3:50 pm +1,Korean Air,EWR‐ICN,18h50m,1,ATL,10:20 am – 11:35 am,Asiana Airlines,ICN‐JFK,14h15m,0,,2126,20220405-0930,fast
8:00 am – 3:50 pm +1,Korean Air,EWR‐ICN,18h50m,1,ATL,10:00 am – 11:20 am,Korean Air,ICN‐JFK,14h20m,0,,1769,20220405-0930,fast
9:45 am – 5:40 pm +1,Korean Air,JFK‐ICN,18h55m,1,BOS,10:20 am – 11:35 am,Asiana Airlines,ICN‐JFK,14h15m,0,,2223,20220405-0930,fast
