Out Time,Out Airline,Out Cities,Out Duration,Out Stops,Out Stop Cities,Return Time,Return Airline,Return Cities,Return Duration,Return Stops,Return Stop Cities,Price,timestamp,sort
7:50 pm – 4:00 pm +2,Air Canada,LGA‐ICN,31h10m,2,"YUL, YVR",6:25 pm – 2:54 pm +1,Air Canada,ICN‐EWR,33h29m,2,"YYZ-YTZ, YUL",1065,20220408-0208,cheap
9:00 pm – 5:10 pm +2,Air Canada,EWR‐ICN,31h10m,1,YYZ,6:25 pm – 10:31 pm,Air Canada,ICN‐EWR,17h06m,1,YYZ,1076,20220408-0208,cheap
6:25 am – 4:00 pm +1,Air Canada,EWR‐ICN,20h35m,2,"YYZ, YVR",6:25 pm – 10:31 pm,Air Canada,ICN‐EWR,17h06m,1,YYZ,1114,20220408-0208,cheap
1:55 pm – 5:20 pm +1,Asiana Airlines,JFK‐ICN,14h25m,0,,4:40 pm – 12:45 am +1,United Airlines,ICN‐EWR,21h05m,1,SFO,1265,20220408-0208,cheap
1:55 pm – 5:20 pm +1,Asiana Airlines,JFK‐ICN,14h25m,0,,4:40 pm – 5:30 am +1,United Airlines,ICN‐JFK,25h50m,1,SFO,1265,20220408-0208,cheap
1:35 am – 11:10 am +1,China Airlines,JFK‐ICN,20h35m,1,TPE,4:40 pm – 12:45 am +1,United Airlines,ICN‐EWR,21h05m,1,SFO,1272,20220408-0208,cheap
9:00 pm – 5:10 pm +2,Air Canada,EWR‐ICN,31h10m,1,YYZ,6:25 pm – 10:01 pm,Air Canada,ICN‐LGA,16h36m,1,YYZ,1273,20220408-0208,cheap
8:30 pm – 5:10 pm +2,Air Canada,LGA‐ICN,31h40m,1,YYZ,6:25 pm – 10:01 pm,Air Canada,ICN‐LGA,16h36m,1,YYZ,1273,20220408-0208,cheap
8:30 pm – 2:45 pm +2,United Airlines,EWR‐ICN,29h15m,1,SFO,4:40 pm – 10:00 pm,United Airlines,ICN‐EWR,18h20m,1,SFO,1282,20220408-0208,cheap
9:59 pm – 2:45 pm +2,United Airlines,EWR‐ICN,27h46m,2,"IAD, SFO",4:40 pm – 10:00 pm,United Airlines,ICN‐EWR,18h20m,1,SFO,1285,20220408-0208,cheap
9:00 pm – 4:00 pm +2,Air Canada,EWR‐ICN,30h00m,2,"YYZ, YVR",6:25 pm – 10:01 pm,Air Canada,ICN‐LGA,16h36m,1,YYZ,1291,20220408-0208,cheap
9:00 pm – 4:00 pm +2,Air Canada,EWR‐ICN,30h00m,2,"YYZ, YVR",6:25 pm – 10:01 pm,Air Canada,ICN‐LGA,16h36m,1,YYZ,1291,20220408-0208,cheap
9:00 pm – 4:00 pm +2,Air Canada,EWR‐ICN,30h00m,2,"YYZ, YVR",6:25 pm – 10:01 pm,Air Canada,ICN‐LGA,16h36m,1,YYZ,1291,20220408-0208,cheap
9:00 pm – 4:00 pm +2,Air Canada,EWR‐ICN,30h00m,2,"YYZ, YVR",6:25 pm – 10:01 pm,Air Canada,ICN‐LGA,16h36m,1,YYZ,1291,20220408-0208,cheap
9:00 pm – 4:00 pm +2,Air Canada,EWR‐ICN,30h00m,2,"YYZ, YVR",6:25 pm – 10:01 pm,Air Canada,ICN‐LGA,16h36m,1,YYZ,1291,20220408-0208,cheap
9:00 pm – 5:10 pm +2,Air Canada,EWR‐ICN,31h10m,1,YYZ,6:25 pm – 10:31 pm,Air Canada,ICN‐EWR,17h06m,1,YYZ,1173,20220408-0205,best
1:55 pm – 5:20 pm +1,Asiana Airlines,JFK‐ICN,14h25m,0,,10:20 am – 11:35 am,Asiana Airlines,ICN‐JFK,14h15m,0,,1567,20220408-0205,best
7:50 pm – 4:00 pm +2,Air Canada,LGA‐ICN,31h10m,2,"YUL, YVR",6:25 pm – 2:54 pm +1,Air Canada,ICN‐EWR,33h29m,2,"YYZ-YTZ, YUL",1065,20220408-0205,best
1:55 pm – 5:20 pm +1,Asiana Airlines,JFK‐ICN,14h25m,0,,6:25 pm – 10:31 pm,Air Canada,ICN‐EWR,17h06m,1,YYZ,1491,20220408-0205,best
1:50 pm – 5:20 pm +1,Korean Air,JFK‐ICN,14h30m,0,,6:40 pm – 11:58 pm,Korean Air,ICN‐LGA,18h18m,1,ATL,1450,20220408-0205,best
1:50 pm – 5:20 pm +1,Korean Air,JFK‐ICN,14h30m,0,,10:45 am – 4:07 pm,Korean Air,ICN‐LGA,18h22m,1,DTW,1450,20220408-0205,best
6:25 am – 4:00 pm +1,Air Canada,EWR‐ICN,20h35m,2,"YYZ, YVR",6:25 pm – 10:31 pm,Air Canada,ICN‐EWR,17h06m,1,YYZ,1114,20220408-0205,best
1:50 pm – 5:20 pm +1,Delta,JFK‐ICN,14h30m,0,,6:40 pm – 11:58 pm,Delta,ICN‐LGA,18h18m,1,ATL,1494,20220408-0205,best
1:50 pm – 5:20 pm +1,Delta,JFK‐ICN,14h30m,0,,10:45 am – 4:07 pm,Delta,ICN‐LGA,18h22m,1,DTW,1494,20220408-0205,best
1:50 pm – 5:20 pm +1,Korean Air,JFK‐ICN,14h30m,0,,10:00 am – 11:05 am,Korean Air,ICN‐JFK,14h05m,0,,1765,20220408-0205,best
12:50 am – 4:10 am +1,Korean Air,JFK‐ICN,14h20m,0,,6:40 pm – 11:58 pm,Korean Air,ICN‐LGA,18h18m,1,ATL,1450,20220408-0205,best
12:50 am – 4:10 am +1,Korean Air,JFK‐ICN,14h20m,0,,10:45 am – 4:07 pm,Korean Air,ICN‐LGA,18h22m,1,DTW,1450,20220408-0205,best
9:30 am – 4:30 pm +1,Delta,LGA‐ICN,18h00m,1,DTW,6:40 pm – 11:58 pm,Delta,ICN‐LGA,18h18m,1,ATL,1332,20220408-0205,best
9:30 am – 4:30 pm +1,Delta,LGA‐ICN,18h00m,1,DTW,10:45 am – 4:07 pm,Delta,ICN‐LGA,18h22m,1,DTW,1332,20220408-0205,best
1:50 pm – 5:20 pm +1,Korean Air,JFK‐ICN,14h30m,0,,7:20 pm – 11:55 pm,Korean Air,ICN‐JFK,17h35m,1,SEA,1609,20220408-0205,best
1:50 pm – 5:20 pm +1,Delta,JFK‐ICN,14h30m,0,,10:00 am – 11:05 am,Delta,ICN‐JFK,14h05m,0,,1825,20220408-0205,best
1:50 pm – 5:20 pm +1,Korean Air,JFK‐ICN,14h30m,0,,6:40 pm – 11:23 pm,Korean Air,ICN‐EWR,17h43m,1,ATL,1609,20220408-0205,best
12:50 am – 4:10 am +1,Korean Air,JFK‐ICN,14h20m,0,,10:00 am – 11:05 am,Korean Air,ICN‐JFK,14h05m,0,,1765,20220408-0210,fast
12:50 am – 4:10 am +1,Delta,JFK‐ICN,14h20m,0,,10:00 am – 11:05 am,Delta,ICN‐JFK,14h05m,0,,1825,20220408-0210,fast
1:55 pm – 5:20 pm +1,Asiana Airlines,JFK‐ICN,14h25m,0,,10:00 am – 11:05 am,Korean Air,ICN‐JFK,14h05m,0,,1964,20220408-0210,fast
1:55 pm – 5:20 pm +1,United Airlines,JFK‐ICN,14h25m,0,,10:00 am – 11:05 am,Korean Air,ICN‐JFK,14h05m,0,,6527,20220408-0210,fast
1:50 pm – 5:20 pm +1,Korean Air,JFK‐ICN,14h30m,0,,10:00 am – 11:05 am,Korean Air,ICN‐JFK,14h05m,0,,1765,20220408-0210,fast
1:50 pm – 5:20 pm +1,Delta,JFK‐ICN,14h30m,0,,10:00 am – 11:05 am,Delta,ICN‐JFK,14h05m,0,,1825,20220408-0210,fast
12:50 am – 4:10 am +1,Korean Air,JFK‐ICN,14h20m,0,,10:20 am – 11:35 am,Asiana Airlines,ICN‐JFK,14h15m,0,,2012,20220408-0210,fast
12:50 am – 4:10 am +1,Delta,JFK‐ICN,14h20m,0,,10:20 am – 11:35 am,Asiana Airlines,ICN‐JFK,14h15m,0,,2111,20220408-0210,fast
1:55 pm – 5:20 pm +1,Asiana Airlines,JFK‐ICN,14h25m,0,,10:20 am – 11:35 am,Asiana Airlines,ICN‐JFK,14h15m,0,,1567,20220408-0210,fast
1:55 pm – 5:20 pm +1,United Airlines,JFK‐ICN,14h25m,0,,10:20 am – 11:35 am,United Airlines,ICN‐JFK,14h15m,0,,6537,20220408-0210,fast
1:50 pm – 5:20 pm +1,Korean Air,JFK‐ICN,14h30m,0,,10:20 am – 11:35 am,Asiana Airlines,ICN‐JFK,14h15m,0,,2013,20220408-0210,fast
12:50 am – 4:10 am +1,Korean Air,JFK‐ICN,14h20m,0,,6:25 pm – 10:01 pm,Air Canada,ICN‐LGA,16h36m,1,YYZ,1762,20220408-0210,fast
1:50 pm – 5:20 pm +1,Korean Air,JFK‐ICN,14h30m,0,,6:25 pm – 10:01 pm,Air Canada,ICN‐LGA,16h36m,1,YYZ,1762,20220408-0210,fast
12:50 am – 4:10 am +1,Korean Air,JFK‐ICN,14h20m,0,,6:25 pm – 10:31 pm,Air Canada,ICN‐EWR,17h06m,1,YYZ,1762,20220408-0210,fast
1:55 pm – 5:20 pm +1,Asiana Airlines,JFK‐ICN,14h25m,0,,6:25 pm – 10:31 pm,Air Canada,ICN‐EWR,17h06m,1,YYZ,1491,20220408-0210,fast
