Out Time,Out Airline,Out Cities,Out Duration,Out Stops,Out Stop Cities,Return Time,Return Airline,Return Cities,Return Duration,Return Stops,Return Stop Cities,Price,timestamp,sort
6:25 am – 4:00 pm +1,Air Canada,EWR‐ICN,20h35m,2,"YYZ, YVR",6:40 pm – 12:30 pm +1,Air Canada,ICN‐EWR,30h50m,2,"YYZ-YTZ, YUL",1123,20220408-0058,cheap
6:25 am – 4:00 pm +1,Air Canada,EWR‐ICN,20h35m,2,"YYZ, YVR",6:40 pm – 10:31 pm,Air Canada,ICN‐EWR,16h51m,1,YYZ,1129,20220408-0058,cheap
6:25 am – 4:00 pm +1,Air Canada,EWR‐ICN,20h35m,2,"YYZ, YVR",6:40 pm – 7:40 am +1,Air Canada,ICN‐EWR,26h00m,2,"YYZ, YUL",1129,20220408-0058,cheap
6:25 am – 4:00 pm +1,Air Canada,EWR‐ICN,20h35m,2,"YYZ, YVR",6:40 pm – 7:40 am +1,Air Canada,ICN‐EWR,26h00m,2,"YYZ, YUL",1129,20220408-0058,cheap
6:25 am – 4:00 pm +1,Air Canada,EWR‐ICN,20h35m,2,"YYZ, YVR",6:40 pm – 7:56 am +1,Air Canada,ICN‐EWR,26h16m,1,YYZ,1129,20220408-0058,cheap
9:00 pm – 5:10 pm +2,Air Canada,EWR‐ICN,31h10m,1,YYZ,6:40 pm – 10:31 pm,Air Canada,ICN‐EWR,16h51m,1,YYZ,1166,20220408-0058,cheap
8:30 pm – 5:10 pm +2,Air Canada,LGA‐ICN,31h40m,1,YYZ,6:40 pm – 10:31 pm,Air Canada,ICN‐EWR,16h51m,1,YYZ,1166,20220408-0058,cheap
6:25 am – 4:00 pm +1,Air Canada,EWR‐ICN,20h35m,2,"YYZ, YVR",6:40 pm – 10:01 pm,Air Canada,ICN‐LGA,16h21m,1,YYZ,1192,20220408-0058,cheap
1:25 am – 11:00 am +1,EVA Air,JFK‐ICN,20h35m,1,TPE,12:00 pm – 10:05 pm,EVA Air,ICN‐JFK,23h05m,1,TPE,1214,20220408-0058,cheap
1:25 am – 11:00 am +1,EVA Air,JFK‐ICN,20h35m,1,TPE,12:00 pm – 10:05 pm,"UNI AIR, EVA Air",ICN‐JFK,23h05m,1,TPE,1214,20220408-0058,cheap
9:30 am – 4:30 pm +1,Delta,LGA‐ICN,18h00m,1,DTW,6:40 pm – 11:58 pm,Delta,ICN‐LGA,18h18m,1,ATL,1232,20220408-0058,cheap
9:30 am – 4:30 pm +1,Delta,LGA‐ICN,18h00m,1,DTW,10:45 am – 4:07 pm,Delta,ICN‐LGA,18h22m,1,DTW,1232,20220408-0058,cheap
6:59 am – 3:00 pm +1,Delta,LGA‐ICN,19h01m,1,ATL,6:40 pm – 11:58 pm,Delta,ICN‐LGA,18h18m,1,ATL,1232,20220408-0058,cheap
6:59 am – 3:00 pm +1,Delta,LGA‐ICN,19h01m,1,ATL,10:45 am – 4:07 pm,Delta,ICN‐LGA,18h22m,1,DTW,1232,20220408-0058,cheap
6:00 am – 3:00 pm +1,Delta,LGA‐ICN,20h00m,1,ATL,6:40 pm – 11:58 pm,Delta,ICN‐LGA,18h18m,1,ATL,1232,20220408-0058,cheap
1:25 am – 11:00 am +1,EVA Air,JFK‐ICN,20h35m,1,TPE,12:00 pm – 10:05 pm,EVA Air,ICN‐JFK,23h05m,1,TPE,1283,20220408-0055,best
1:55 pm – 5:20 pm +1,Asiana Airlines,JFK‐ICN,14h25m,0,,10:20 am – 11:35 am,Asiana Airlines,ICN‐JFK,14h15m,0,,1495,20220408-0055,best
6:25 am – 4:00 pm +1,Air Canada,EWR‐ICN,20h35m,2,"YYZ, YVR",6:40 pm – 12:30 pm +1,Air Canada,ICN‐EWR,30h50m,2,"YYZ-YTZ, YUL",1123,20220408-0055,best
1:50 pm – 5:20 pm +1,Korean Air,JFK‐ICN,14h30m,0,,6:40 pm – 11:58 pm,Korean Air,ICN‐LGA,18h18m,1,ATL,1355,20220408-0055,best
1:50 pm – 5:20 pm +1,Korean Air,JFK‐ICN,14h30m,0,,10:45 am – 4:07 pm,Korean Air,ICN‐LGA,18h22m,1,DTW,1355,20220408-0055,best
1:50 pm – 5:20 pm +1,Delta,JFK‐ICN,14h30m,0,,6:40 pm – 11:58 pm,Delta,ICN‐LGA,18h18m,1,ATL,1394,20220408-0055,best
1:50 pm – 5:20 pm +1,Delta,JFK‐ICN,14h30m,0,,10:45 am – 4:07 pm,Delta,ICN‐LGA,18h22m,1,DTW,1394,20220408-0055,best
1:50 pm – 5:20 pm +1,Korean Air,JFK‐ICN,14h30m,0,,10:45 am – 2:10 pm,Korean Air,ICN‐LGA,16h25m,1,DTW,1511,20220408-0055,best
12:50 am – 4:10 am +1,Korean Air,JFK‐ICN,14h20m,0,,6:40 pm – 11:58 pm,Korean Air,ICN‐LGA,18h18m,1,ATL,1355,20220408-0055,best
12:50 am – 4:10 am +1,Korean Air,JFK‐ICN,14h20m,0,,10:45 am – 4:07 pm,Korean Air,ICN‐LGA,18h22m,1,DTW,1355,20220408-0055,best
1:50 pm – 5:20 pm +1,Korean Air,JFK‐ICN,14h30m,0,,7:20 pm – 11:55 pm,Korean Air,ICN‐JFK,17h35m,1,SEA,1514,20220408-0055,best
1:50 pm – 5:20 pm +1,Korean Air,JFK‐ICN,14h30m,0,,6:40 pm – 11:23 pm,Korean Air,ICN‐EWR,17h43m,1,ATL,1511,20220408-0055,best
9:30 am – 4:30 pm +1,Delta,LGA‐ICN,18h00m,1,DTW,6:40 pm – 11:58 pm,Delta,ICN‐LGA,18h18m,1,ATL,1232,20220408-0055,best
9:30 am – 4:30 pm +1,Delta,LGA‐ICN,18h00m,1,DTW,10:45 am – 4:07 pm,Delta,ICN‐LGA,18h22m,1,DTW,1232,20220408-0055,best
12:50 am – 4:10 am +1,Delta,JFK‐ICN,14h20m,0,,6:40 pm – 11:58 pm,Delta,ICN‐LGA,18h18m,1,ATL,1394,20220408-0055,best
1:50 pm – 5:20 pm +1,Korean Air,JFK‐ICN,14h30m,0,,10:45 am – 3:57 pm,Korean Air,ICN‐EWR,18h12m,1,DTW,1511,20220408-0055,best
12:50 am – 4:10 am +1,Delta,JFK‐ICN,14h20m,0,,10:45 am – 4:07 pm,Delta,ICN‐LGA,18h22m,1,DTW,1394,20220408-0055,best
12:50 am – 4:10 am +1,Korean Air,JFK‐ICN,14h20m,0,,10:20 am – 11:35 am,Asiana Airlines,ICN‐JFK,14h15m,0,,1964,20220408-0100,fast
1:55 pm – 5:20 pm +1,Asiana Airlines,JFK‐ICN,14h25m,0,,10:20 am – 11:35 am,Asiana Airlines,ICN‐JFK,14h15m,0,,1495,20220408-0100,fast
12:50 am – 4:10 am +1,Korean Air,JFK‐ICN,14h20m,0,,10:00 am – 11:20 am,Korean Air,ICN‐JFK,14h20m,0,,1884,20220408-0100,fast
12:50 am – 4:10 am +1,Delta,JFK‐ICN,14h20m,0,,10:00 am – 11:20 am,Delta,ICN‐JFK,14h20m,0,,1950,20220408-0100,fast
1:55 pm – 5:20 pm +1,United Airlines,JFK‐ICN,14h25m,0,,10:20 am – 11:35 am,United Airlines,ICN‐JFK,14h15m,0,,6537,20220408-0100,fast
1:50 pm – 5:20 pm +1,Korean Air,JFK‐ICN,14h30m,0,,10:20 am – 11:35 am,Asiana Airlines,ICN‐JFK,14h15m,0,,1964,20220408-0100,fast
1:55 pm – 5:20 pm +1,Asiana Airlines,JFK‐ICN,14h25m,0,,10:00 am – 11:20 am,Korean Air,ICN‐JFK,14h20m,0,,2223,20220408-0100,fast
1:55 pm – 5:20 pm +1,United Airlines,JFK‐ICN,14h25m,0,,10:00 am – 11:20 am,Korean Air,ICN‐JFK,14h20m,0,,6527,20220408-0100,fast
1:50 pm – 5:20 pm +1,Korean Air,JFK‐ICN,14h30m,0,,10:00 am – 11:20 am,Korean Air,ICN‐JFK,14h20m,0,,1884,20220408-0100,fast
1:50 pm – 5:20 pm +1,Delta,JFK‐ICN,14h30m,0,,10:00 am – 11:20 am,Delta,ICN‐JFK,14h20m,0,,1950,20220408-0100,fast
12:50 am – 4:10 am +1,Korean Air,JFK‐ICN,14h20m,0,,10:45 am – 2:10 pm,Korean Air,ICN‐LGA,16h25m,1,DTW,1511,20220408-0100,fast
12:50 am – 4:10 am +1,Delta,JFK‐ICN,14h20m,0,,10:45 am – 2:10 pm,Delta,ICN‐LGA,16h25m,1,DTW,5130,20220408-0100,fast
1:55 pm – 5:20 pm +1,Asiana Airlines,JFK‐ICN,14h25m,0,,10:45 am – 2:10 pm,Delta,ICN‐LGA,16h25m,1,DTW,1554,20220408-0100,fast
1:55 pm – 5:20 pm +1,Asiana Airlines,JFK‐ICN,14h25m,0,,10:45 am – 2:10 pm,Korean Air,ICN‐LGA,16h25m,1,DTW,1888,20220408-0100,fast
1:55 pm – 5:20 pm +1,Asiana Airlines,JFK‐ICN,14h25m,0,,10:45 am – 2:10 pm,"Korean Air, Delta",ICN‐LGA,16h25m,1,DTW,2189,20220408-0100,fast
