Out Time,Out Airline,Out Cities,Out Duration,Out Stops,Out Stop Cities,Return Time,Return Airline,Return Cities,Return Duration,Return Stops,Return Stop Cities,Price,timestamp,sort
6:15 pm – 4:00 pm +2,Air Canada,EWR‐ICN,32h45m,1,YVR,5:50 pm – 4:30 pm +1,Etihad Airways,ICN‐JFK,35h40m,1,AUH,1264,20220405-1728,cheap
6:25 am – 4:00 pm +1,Air Canada,EWR‐ICN,20h35m,2,"YYZ, YVR",5:45 pm – 7:56 am +1,Air Canada,ICN‐LGA,27h11m,2,"YVR, YYZ",1414,20220405-1728,cheap
6:25 am – 4:00 pm +1,Air Canada,EWR‐ICN,20h35m,2,"YYZ, YVR",5:45 pm – 7:56 am +1,Air Canada,ICN‐LGA,27h11m,2,"YVR, YYZ",1414,20220405-1728,cheap
6:25 am – 4:00 pm +1,Air Canada,EWR‐ICN,20h35m,2,"YYZ, YVR",5:45 pm – 7:56 am +1,Air Canada,ICN‐LGA,27h11m,2,"YVR, YYZ",1414,20220405-1728,cheap
6:25 am – 4:00 pm +1,Air Canada,EWR‐ICN,20h35m,2,"YYZ, YVR",5:45 pm – 7:56 am +1,Air Canada,ICN‐EWR,27h11m,2,"YVR, YYZ",1471,20220405-1728,cheap
6:25 am – 4:00 pm +1,Air Canada,EWR‐ICN,20h35m,2,"YYZ, YVR",5:45 pm – 7:40 am +1,Air Canada,ICN‐EWR,26h55m,2,"YVR, YUL",1566,20220405-1728,cheap
9:36 am – 4:30 pm +1,Korean Air,EWR‐ICN,17h54m,1,DTW,4:40 pm – 1:58 am +1,United Airlines,ICN‐EWR,22h18m,1,SFO,1625,20220405-1728,cheap
9:30 am – 4:30 pm +1,Korean Air,LGA‐ICN,18h00m,1,DTW,4:40 pm – 1:58 am +1,United Airlines,ICN‐EWR,22h18m,1,SFO,1625,20220405-1728,cheap
9:36 am – 4:30 pm +1,Korean Air,EWR‐ICN,17h54m,1,DTW,1:30 am – 2:55 pm,Qatar Airways,ICN‐JFK,26h25m,1,DOH,1647,20220405-1728,cheap
9:30 am – 4:30 pm +1,Korean Air,LGA‐ICN,18h00m,1,DTW,1:30 am – 2:55 pm,Qatar Airways,ICN‐JFK,26h25m,1,DOH,1647,20220405-1728,cheap
10:40 am – 5:10 pm +1,Air Canada,LGA‐ICN,17h30m,1,YYZ,5:45 pm – 10:06 am +1,Air Canada,ICN‐LGA,29h21m,2,"YVR, YUL",1691,20220405-1728,cheap
10:40 am – 5:10 pm +1,Air Canada,LGA‐ICN,17h30m,1,YYZ,5:45 pm – 10:06 am +1,Air Canada,ICN‐LGA,29h21m,2,"YVR, YUL",1691,20220405-1728,cheap
9:05 am – 5:10 pm +1,Air Canada,EWR‐ICN,19h05m,1,YYZ,5:45 pm – 10:06 am +1,Air Canada,ICN‐LGA,29h21m,2,"YVR, YUL",1691,20220405-1728,cheap
9:05 am – 5:10 pm +1,Air Canada,LGA‐ICN,19h05m,1,YYZ,5:45 pm – 10:06 am +1,Air Canada,ICN‐LGA,29h21m,2,"YVR, YUL",1691,20220405-1728,cheap
9:05 am – 5:10 pm +1,Air Canada,LGA‐ICN,19h05m,1,YYZ,5:45 pm – 10:06 am +1,Air Canada,ICN‐LGA,29h21m,2,"YVR, YUL",1691,20220405-1728,cheap
6:25 am – 4:00 pm +1,Air Canada,EWR‐ICN,20h35m,2,"YYZ, YVR",5:45 pm – 7:56 am +1,Air Canada,ICN‐LGA,27h11m,2,"YVR, YYZ",1451,20220405-1726,best
1:55 pm – 5:20 pm +1,Asiana Airlines,JFK‐ICN,14h25m,0,,10:20 am – 11:35 am,Asiana Airlines,ICN‐JFK,14h15m,0,,1915,20220405-1726,best
9:36 am – 4:30 pm +1,Korean Air,EWR‐ICN,17h54m,1,DTW,7:30 pm – 9:00 pm,Korean Air,ICN‐JFK,14h30m,0,,1697,20220405-1726,best
9:30 am – 4:30 pm +1,Korean Air,LGA‐ICN,18h00m,1,DTW,7:30 pm – 9:00 pm,Korean Air,ICN‐JFK,14h30m,0,,1695,20220405-1726,best
1:50 pm – 5:20 pm +1,Korean Air,JFK‐ICN,14h30m,0,,7:30 pm – 9:00 pm,Korean Air,ICN‐JFK,14h30m,0,,2135,20220405-1726,best
9:36 am – 4:30 pm +1,Korean Air,EWR‐ICN,17h54m,1,DTW,10:00 am – 11:20 am,Korean Air,ICN‐JFK,14h20m,0,,1935,20220405-1726,best
9:30 am – 4:30 pm +1,Korean Air,LGA‐ICN,18h00m,1,DTW,10:00 am – 11:20 am,Korean Air,ICN‐JFK,14h20m,0,,1934,20220405-1726,best
6:59 am – 4:30 pm +1,Korean Air,JFK‐ICN,20h31m,1,DTW,7:30 pm – 9:00 pm,Korean Air,ICN‐JFK,14h30m,0,,1697,20220405-1726,best
1:50 pm – 5:20 pm +1,Korean Air,JFK‐ICN,14h30m,0,,10:00 am – 11:20 am,Korean Air,ICN‐JFK,14h20m,0,,2386,20220405-1726,best
9:30 am – 4:25 pm +1,Korean Air,JFK‐ICN,17h55m,1,BOS,7:30 pm – 9:00 pm,Korean Air,ICN‐JFK,14h30m,0,,2029,20220405-1726,best
9:30 am – 4:50 pm +1,Korean Air,JFK‐ICN,18h20m,1,IAD,7:30 pm – 9:00 pm,Korean Air,ICN‐JFK,14h30m,0,,2029,20220405-1726,best
8:55 am – 4:15 pm +1,Korean Air,JFK‐ICN,18h20m,1,ORD,7:30 pm – 9:00 pm,Korean Air,ICN‐JFK,14h30m,0,,2029,20220405-1726,best
8:30 am – 4:20 pm +1,Korean Air,LGA‐ICN,18h50m,1,ATL,7:30 pm – 9:00 pm,Korean Air,ICN‐JFK,14h30m,0,,2029,20220405-1726,best
1:55 pm – 5:20 pm +1,Asiana Airlines,JFK‐ICN,14h25m,0,,7:30 pm – 9:00 pm,Korean Air,ICN‐JFK,14h30m,0,,2566,20220405-1726,best
9:36 am – 4:30 pm +1,Korean Air,EWR‐ICN,17h54m,1,DTW,10:20 am – 11:35 am,Asiana Airlines,ICN‐JFK,14h15m,0,,2180,20220405-1726,best
9:30 am – 4:30 pm +1,Korean Air,LGA‐ICN,18h00m,1,DTW,10:20 am – 11:35 am,Asiana Airlines,ICN‐JFK,14h15m,0,,2180,20220405-1726,best
1:55 pm – 5:20 pm +1,Asiana Airlines,JFK‐ICN,14h25m,0,,10:20 am – 11:35 am,Asiana Airlines,ICN‐JFK,14h15m,0,,1915,20220405-1730,fast
1:55 pm – 5:20 pm +1,Asiana Airlines,JFK‐ICN,14h25m,0,,10:00 am – 11:20 am,Korean Air,ICN‐JFK,14h20m,0,,2684,20220405-1730,fast
1:50 pm – 5:20 pm +1,Korean Air,JFK‐ICN,14h30m,0,,10:20 am – 11:35 am,Asiana Airlines,ICN‐JFK,14h15m,0,,2753,20220405-1730,fast
1:50 pm – 5:20 pm +1,Korean Air,JFK‐ICN,14h30m,0,,10:00 am – 11:20 am,Korean Air,ICN‐JFK,14h20m,0,,2386,20220405-1730,fast
1:55 pm – 5:20 pm +1,Asiana Airlines,JFK‐ICN,14h25m,0,,7:30 pm – 9:00 pm,Korean Air,ICN‐JFK,14h30m,0,,2566,20220405-1730,fast
1:50 pm – 5:20 pm +1,Korean Air,JFK‐ICN,14h30m,0,,7:30 pm – 9:00 pm,Korean Air,ICN‐JFK,14h30m,0,,2135,20220405-1730,fast
1:50 pm – 5:20 pm +1,Korean Air,JFK‐ICN,14h30m,0,,9:30 am – 1:20 pm,Korean Air,ICN‐LGA,16h50m,1,BOS,2603,20220405-1730,fast
10:40 am – 5:10 pm +1,Air Canada,LGA‐ICN,17h30m,1,YYZ,10:20 am – 11:35 am,United Airlines,ICN‐JFK,14h15m,0,,5972,20220405-1730,fast
1:50 pm – 5:20 pm +1,Korean Air,JFK‐ICN,14h30m,0,,9:30 am – 2:00 pm,Korean Air,ICN‐EWR,17h30m,1,BOS,2603,20220405-1730,fast
9:36 am – 4:30 pm +1,Korean Air,EWR‐ICN,17h54m,1,DTW,10:20 am – 11:35 am,Asiana Airlines,ICN‐JFK,14h15m,0,,2180,20220405-1730,fast
9:36 am – 4:30 pm +1,Korean Air,EWR‐ICN,17h54m,1,DTW,10:00 am – 11:20 am,Korean Air,ICN‐JFK,14h20m,0,,1935,20220405-1730,fast
9:30 am – 4:30 pm +1,Korean Air,LGA‐ICN,18h00m,1,DTW,10:20 am – 11:35 am,Asiana Airlines,ICN‐JFK,14h15m,0,,2180,20220405-1730,fast
9:30 am – 4:25 pm +1,Korean Air,JFK‐ICN,17h55m,1,BOS,10:00 am – 11:20 am,Korean Air,ICN‐JFK,14h20m,0,,2268,20220405-1730,fast
9:30 am – 4:30 pm +1,Korean Air,LGA‐ICN,18h00m,1,DTW,10:00 am – 11:20 am,Korean Air,ICN‐JFK,14h20m,0,,1934,20220405-1730,fast
9:36 am – 4:30 pm +1,Korean Air,EWR‐ICN,17h54m,1,DTW,7:30 pm – 9:00 pm,Korean Air,ICN‐JFK,14h30m,0,,1697,20220405-1730,fast
