Out Time,Out Airline,Out Cities,Out Duration,Out Stops,Out Stop Cities,Return Time,Return Airline,Return Cities,Return Duration,Return Stops,Return Stop Cities,Price,timestamp,sort
6:55 pm – 3:50 pm +2,Delta,LGA‐ICN,31h55m,1,ATL,10:45 am – 11:56 pm,Delta,ICN‐LGA,26h11m,1,DTW,1289,20220405-0920,cheap
9:25 am – 4:30 pm +1,Delta,LGA‐ICN,18h05m,1,DTW,10:45 am – 11:56 pm,Delta,ICN‐LGA,26h11m,1,DTW,1332,20220405-0920,cheap
6:00 am – 4:30 pm +1,Delta,LGA‐ICN,21h30m,1,DTW,10:45 am – 11:56 pm,Delta,ICN‐LGA,26h11m,1,DTW,1332,20220405-0920,cheap
12:55 pm – 5:30 pm +1,Asiana Airlines,JFK‐ICN,15h35m,0,,5:50 pm – 1:25 pm +1,Etihad Airways,ICN‐JFK,32h35m,2,"AUH, DUB",1496,20220405-0920,cheap
9:25 am – 4:30 pm +1,Delta,LGA‐ICN,18h05m,1,DTW,10:45 am – 3:43 pm,Delta,ICN‐EWR,17h58m,1,DTW,1499,20220405-0920,cheap
6:00 am – 4:30 pm +1,Delta,LGA‐ICN,21h30m,1,DTW,10:45 am – 3:43 pm,Delta,ICN‐EWR,17h58m,1,DTW,1499,20220405-0920,cheap
9:25 am – 4:30 pm +1,Delta,LGA‐ICN,18h05m,1,DTW,10:45 am – 7:34 pm,Delta,ICN‐LGA,21h49m,1,DTW,1499,20220405-0920,cheap
9:25 am – 4:30 pm +1,Delta,LGA‐ICN,18h05m,1,DTW,10:45 am – 10:40 pm,Delta,ICN‐JFK,24h55m,1,DTW,1499,20220405-0920,cheap
6:00 am – 4:30 pm +1,Delta,LGA‐ICN,21h30m,1,DTW,10:45 am – 7:34 pm,Delta,ICN‐LGA,21h49m,1,DTW,1499,20220405-0920,cheap
9:30 am – 4:30 pm +1,Delta,EWR‐ICN,18h00m,1,DTW,10:45 am – 11:56 pm,Delta,ICN‐LGA,26h11m,1,DTW,1499,20220405-0920,cheap
9:29 am – 4:30 pm +1,Delta,JFK‐ICN,18h01m,1,DTW,10:45 am – 11:56 pm,Delta,ICN‐LGA,26h11m,1,DTW,1499,20220405-0920,cheap
9:25 am – 4:30 pm +1,Delta,LGA‐ICN,18h05m,1,DTW,10:45 am – 12:22 am +1,Delta,ICN‐EWR,26h37m,1,DTW,1499,20220405-0920,cheap
6:00 am – 4:30 pm +1,Delta,LGA‐ICN,21h30m,1,DTW,10:45 am – 10:40 pm,Delta,ICN‐JFK,24h55m,1,DTW,1499,20220405-0920,cheap
6:00 am – 4:30 pm +1,Delta,EWR‐ICN,21h30m,1,DTW,10:45 am – 11:56 pm,Delta,ICN‐LGA,26h11m,1,DTW,1499,20220405-0920,cheap
6:00 am – 4:30 pm +1,Delta,LGA‐ICN,21h30m,1,DTW,10:45 am – 12:22 am +1,Delta,ICN‐EWR,26h37m,1,DTW,1499,20220405-0920,cheap
12:55 pm – 5:30 pm +1,Asiana Airlines,JFK‐ICN,15h35m,0,,1:30 am – 2:55 pm,Qatar Airways,ICN‐JFK,26h25m,1,DOH,1661,20220405-0917,best
12:55 pm – 5:30 pm +1,Asiana Airlines,JFK‐ICN,15h35m,0,,9:50 am – 11:05 am,Asiana Airlines,ICN‐JFK,14h15m,0,,1738,20220405-0917,best
6:55 pm – 3:50 pm +2,Delta,LGA‐ICN,31h55m,1,ATL,10:45 am – 11:56 pm,Delta,ICN‐LGA,26h11m,1,DTW,1289,20220405-0917,best
1:10 pm – 5:55 pm +1,Korean Air,JFK‐ICN,15h45m,0,,10:00 am – 11:20 am,Korean Air,ICN‐JFK,14h20m,0,,2003,20220405-0917,best
1:50 pm – 5:20 pm +1,Delta,JFK‐ICN,14h30m,0,,10:00 am – 11:20 am,Delta,ICN‐JFK,14h20m,0,,2100,20220405-0917,best
9:30 am – 4:30 pm +1,Korean Air,EWR‐ICN,18h00m,1,DTW,10:00 am – 11:20 am,Korean Air,ICN‐JFK,14h20m,0,,1771,20220405-0917,best
9:25 am – 4:30 pm +1,Korean Air,LGA‐ICN,18h05m,1,DTW,10:00 am – 11:20 am,Korean Air,ICN‐JFK,14h20m,0,,1770,20220405-0917,best
9:29 am – 4:30 pm +1,Delta,JFK‐ICN,18h01m,1,DTW,10:00 am – 11:20 am,Delta,ICN‐JFK,14h20m,0,,1830,20220405-0917,best
9:25 am – 4:30 pm +1,Delta,LGA‐ICN,18h05m,1,DTW,10:45 am – 3:43 pm,Delta,ICN‐EWR,17h58m,1,DTW,1499,20220405-0917,best
1:10 pm – 5:55 pm +1,Korean Air,JFK‐ICN,15h45m,0,,10:45 am – 3:43 pm,Korean Air,ICN‐EWR,17h58m,1,DTW,1870,20220405-0917,best
12:55 pm – 5:30 pm +1,Asiana Airlines,JFK‐ICN,15h35m,0,,10:00 am – 11:20 am,Korean Air,ICN‐JFK,14h20m,0,,2235,20220405-0917,best
9:30 am – 4:30 pm +1,Delta,EWR‐ICN,18h00m,1,DTW,10:45 am – 3:43 pm,Delta,ICN‐EWR,17h58m,1,DTW,1665,20220405-0917,best
9:29 am – 4:30 pm +1,Delta,JFK‐ICN,18h01m,1,DTW,10:45 am – 3:43 pm,Delta,ICN‐EWR,17h58m,1,DTW,1665,20220405-0917,best
9:30 am – 4:30 pm +1,Korean Air,EWR‐ICN,18h00m,1,DTW,10:45 am – 3:43 pm,Korean Air,ICN‐EWR,17h58m,1,DTW,1614,20220405-0917,best
9:25 am – 4:30 pm +1,Korean Air,LGA‐ICN,18h05m,1,DTW,10:45 am – 3:43 pm,Korean Air,ICN‐EWR,17h58m,1,DTW,1614,20220405-0917,best
6:00 am – 4:30 pm +1,Korean Air,EWR‐ICN,21h30m,1,DTW,10:00 am – 11:20 am,Korean Air,ICN‐JFK,14h20m,0,,1770,20220405-0917,best
6:00 am – 4:30 pm +1,Delta,LGA‐ICN,21h30m,1,DTW,10:45 am – 3:43 pm,Delta,ICN‐EWR,17h58m,1,DTW,1499,20220405-0917,best
1:50 pm – 5:20 pm +1,Delta,JFK‐ICN,14h30m,0,,10:00 am – 11:20 am,Delta,ICN‐JFK,14h20m,0,,2100,20220405-0922,fast
12:55 pm – 5:30 pm +1,Asiana Airlines,JFK‐ICN,15h35m,0,,9:50 am – 11:05 am,Asiana Airlines,ICN‐JFK,14h15m,0,,1738,20220405-0922,fast
12:55 pm – 5:30 pm +1,Asiana Airlines,JFK‐ICN,15h35m,0,,10:00 am – 11:20 am,Korean Air,ICN‐JFK,14h20m,0,,2235,20220405-0922,fast
1:10 pm – 5:55 pm +1,Korean Air,JFK‐ICN,15h45m,0,,9:50 am – 11:05 am,Asiana Airlines,ICN‐JFK,14h15m,0,,2479,20220405-0922,fast
1:10 pm – 5:55 pm +1,Korean Air,JFK‐ICN,15h45m,0,,10:00 am – 11:20 am,Korean Air,ICN‐JFK,14h20m,0,,2003,20220405-0922,fast
9:30 am – 4:30 pm +1,Korean Air,EWR‐ICN,18h00m,1,DTW,10:00 am – 11:20 am,Korean Air,ICN‐JFK,14h20m,0,,1771,20220405-0922,fast
9:25 am – 4:30 pm +1,"Delta, Korean Air",LGA‐ICN,18h05m,1,DTW,9:50 am – 11:05 am,Asiana Airlines,ICN‐JFK,14h15m,0,,2190,20220405-0922,fast
9:29 am – 4:30 pm +1,Delta,JFK‐ICN,18h01m,1,DTW,10:00 am – 11:20 am,Delta,ICN‐JFK,14h20m,0,,1830,20220405-0922,fast
9:25 am – 4:30 pm +1,Korean Air,LGA‐ICN,18h05m,1,DTW,10:00 am – 11:20 am,Korean Air,ICN‐JFK,14h20m,0,,1770,20220405-0922,fast
12:55 pm – 5:30 pm +1,United Airlines,JFK‐ICN,15h35m,0,,4:50 pm – 9:44 pm,United Airlines,ICN‐EWR,17h54m,1,SFO,6322,20220405-0922,fast
12:55 pm – 5:30 pm +1,Asiana Airlines,JFK‐ICN,15h35m,0,,10:45 am – 3:43 pm,Delta,ICN‐EWR,17h58m,1,DTW,1588,20220405-0922,fast
12:55 pm – 5:30 pm +1,Asiana Airlines,JFK‐ICN,15h35m,0,,10:45 am – 3:43 pm,Korean Air,ICN‐EWR,17h58m,1,DTW,1954,20220405-0922,fast
6:30 am – 2:55 pm +1,United Airlines,JFK‐ICN,19h25m,1,SFO,9:50 am – 11:05 am,Asiana Airlines,ICN‐JFK,14h15m,0,,2146,20220405-0922,fast
6:30 am – 2:55 pm +1,United Airlines,EWR‐ICN,19h25m,1,SFO,9:50 am – 11:05 am,United Airlines,ICN‐JFK,14h15m,0,,3109,20220405-0922,fast
1:10 pm – 5:55 pm +1,Korean Air,JFK‐ICN,15h45m,0,,10:45 am – 3:43 pm,Korean Air,ICN‐EWR,17h58m,1,DTW,1870,20220405-0922,fast
