Out Time,Out Airline,Out Cities,Out Duration,Out Stops,Out Stop Cities,Return Time,Return Airline,Return Cities,Return Duration,Return Stops,Return Stop Cities,Price,timestamp,sort
6:15 pm – 4:00 pm +2,Air Canada,EWR‐ICN,32h45m,1,YVR,5:50 pm – 4:30 pm +1,Etihad Airways,ICN‐JFK,35h40m,1,AUH,1301,20220405-1525,cheap
10:40 am – 5:10 pm +1,Air Canada,LGA‐ICN,17h30m,1,YYZ,5:45 pm – 10:06 am +1,Air Canada,ICN‐LGA,29h21m,2,"YVR, YUL",1525,20220405-1525,cheap
10:40 am – 5:10 pm +1,Air Canada,LGA‐ICN,17h30m,1,YYZ,5:45 pm – 10:06 am +1,Air Canada,ICN‐LGA,29h21m,2,"YVR, YUL",1525,20220405-1525,cheap
10:40 am – 5:10 pm +1,Air Canada,LGA‐ICN,17h30m,1,YYZ,5:45 pm – 10:06 am +1,Air Canada,ICN‐LGA,29h21m,2,"YVR, YUL",1525,20220405-1525,cheap
9:05 am – 5:10 pm +1,Air Canada,LGA‐ICN,19h05m,1,YYZ,5:45 pm – 10:06 am +1,Air Canada,ICN‐LGA,29h21m,2,"YVR, YUL",1525,20220405-1525,cheap
9:05 am – 5:10 pm +1,Air Canada,LGA‐ICN,19h05m,1,YYZ,5:45 pm – 10:06 am +1,Air Canada,ICN‐LGA,29h21m,2,"YVR, YUL",1525,20220405-1525,cheap
9:05 am – 5:10 pm +1,Air Canada,LGA‐ICN,19h05m,1,YYZ,5:45 pm – 10:06 am +1,Air Canada,ICN‐LGA,29h21m,2,"YVR, YUL",1525,20220405-1525,cheap
10:40 am – 5:10 pm +1,Air Canada,LGA‐ICN,17h30m,1,YYZ,5:45 pm – 9:31 am +1,Air Canada,ICN‐LGA,28h46m,2,"YVR, YYZ",1531,20220405-1525,cheap
9:05 am – 5:10 pm +1,Air Canada,LGA‐ICN,19h05m,1,YYZ,5:45 pm – 9:31 am +1,Air Canada,ICN‐LGA,28h46m,2,"YVR, YYZ",1531,20220405-1525,cheap
10:40 am – 5:10 pm +1,Air Canada,LGA‐ICN,17h30m,1,YYZ,5:45 pm – 9:31 am +1,Air Canada,ICN‐LGA,28h46m,2,"YVR, YYZ",1553,20220405-1525,cheap
10:40 am – 5:10 pm +1,Air Canada,LGA‐ICN,17h30m,1,YYZ,5:45 pm – 9:31 am +1,Air Canada,ICN‐LGA,28h46m,2,"YVR, YYZ",1553,20220405-1525,cheap
10:40 am – 5:10 pm +1,Air Canada,LGA‐ICN,17h30m,1,YYZ,5:45 pm – 9:31 am +1,Air Canada,ICN‐LGA,28h46m,2,"YVR, YYZ",1553,20220405-1525,cheap
9:05 am – 5:10 pm +1,Air Canada,LGA‐ICN,19h05m,1,YYZ,5:45 pm – 9:31 am +1,Air Canada,ICN‐LGA,28h46m,2,"YVR, YYZ",1553,20220405-1525,cheap
9:05 am – 5:10 pm +1,Air Canada,LGA‐ICN,19h05m,1,YYZ,5:45 pm – 9:31 am +1,Air Canada,ICN‐LGA,28h46m,2,"YVR, YYZ",1553,20220405-1525,cheap
9:05 am – 5:10 pm +1,Air Canada,LGA‐ICN,19h05m,1,YYZ,5:45 pm – 9:31 am +1,Air Canada,ICN‐LGA,28h46m,2,"YVR, YYZ",1553,20220405-1525,cheap
8:45 pm – 8:45 am +2,Lufthansa,EWR‐ICN,23h00m,1,MUC,10:15 am – 7:10 pm,Lufthansa,ICN‐EWR,21h55m,1,MUC,1836,20220405-1523,best
1:55 pm – 5:20 pm +1,Asiana Airlines,JFK‐ICN,14h25m,0,,10:20 am – 11:35 am,Asiana Airlines,ICN‐JFK,14h15m,0,,2092,20220405-1523,best
1:55 pm – 5:20 pm +1,Asiana Airlines,JFK‐ICN,14h25m,0,,10:00 am – 11:20 am,Korean Air,ICN‐JFK,14h20m,0,,2470,20220405-1523,best
1:50 pm – 5:20 pm +1,Korean Air,JFK‐ICN,14h30m,0,,10:00 am – 11:20 am,Korean Air,ICN‐JFK,14h20m,0,,2487,20220405-1523,best
1:50 pm – 5:20 pm +1,Korean Air,JFK‐ICN,14h30m,0,,10:45 am – 2:10 pm,Korean Air,ICN‐LGA,16h25m,1,DTW,2263,20220405-1523,best
1:50 pm – 5:20 pm +1,Korean Air,JFK‐ICN,14h30m,0,,9:30 am – 1:20 pm,Korean Air,ICN‐LGA,16h50m,1,BOS,2265,20220405-1523,best
1:50 pm – 5:20 pm +1,Korean Air,JFK‐ICN,14h30m,0,,9:30 am – 2:00 pm,Korean Air,ICN‐EWR,17h30m,1,BOS,2265,20220405-1523,best
1:50 pm – 5:20 pm +1,Korean Air,JFK‐ICN,14h30m,0,,6:40 pm – 11:23 pm,Korean Air,ICN‐EWR,17h43m,1,ATL,2264,20220405-1523,best
1:50 pm – 5:20 pm +1,Korean Air,JFK‐ICN,14h30m,0,,10:45 am – 3:57 pm,Korean Air,ICN‐EWR,18h12m,1,DTW,2265,20220405-1523,best
1:50 pm – 5:20 pm +1,Korean Air,JFK‐ICN,14h30m,0,,6:40 pm – 11:58 pm,Korean Air,ICN‐LGA,18h18m,1,ATL,2265,20220405-1523,best
1:50 pm – 5:20 pm +1,Korean Air,JFK‐ICN,14h30m,0,,6:40 pm – 11:59 pm,Korean Air,ICN‐JFK,18h19m,1,ATL,2265,20220405-1523,best
1:50 pm – 5:20 pm +1,Korean Air,JFK‐ICN,14h30m,0,,10:45 am – 4:07 pm,Korean Air,ICN‐LGA,18h22m,1,DTW,2263,20220405-1523,best
1:50 pm – 5:20 pm +1,Korean Air,JFK‐ICN,14h30m,0,,9:20 am – 2:47 pm,Korean Air,ICN‐LGA,18h27m,1,ATL,2265,20220405-1523,best
7:05 am – 3:15 pm +1,Korean Air,JFK‐ICN,19h10m,1,SEA,10:45 am – 2:10 pm,Korean Air,ICN‐LGA,16h25m,1,DTW,1945,20220405-1523,best
7:05 am – 3:15 pm +1,Korean Air,JFK‐ICN,19h10m,1,SEA,9:30 am – 1:20 pm,Korean Air,ICN‐LGA,16h50m,1,BOS,1945,20220405-1523,best
1:50 pm – 5:20 pm +1,Korean Air,JFK‐ICN,14h30m,0,,9:30 am – 3:41 pm,Korean Air,ICN‐JFK,19h11m,1,BOS,2265,20220405-1523,best
1:55 pm – 5:20 pm +1,Asiana Airlines,JFK‐ICN,14h25m,0,,10:20 am – 11:35 am,Asiana Airlines,ICN‐JFK,14h15m,0,,2092,20220405-1527,fast
1:55 pm – 5:20 pm +1,Asiana Airlines,JFK‐ICN,14h25m,0,,10:00 am – 11:20 am,Korean Air,ICN‐JFK,14h20m,0,,2470,20220405-1527,fast
1:50 pm – 5:20 pm +1,Korean Air,JFK‐ICN,14h30m,0,,10:20 am – 11:35 am,Asiana Airlines,ICN‐JFK,14h15m,0,,2823,20220405-1527,fast
1:50 pm – 5:20 pm +1,Korean Air,JFK‐ICN,14h30m,0,,10:00 am – 11:20 am,Korean Air,ICN‐JFK,14h20m,0,,2487,20220405-1527,fast
1:55 pm – 5:20 pm +1,Thai Airways,JFK‐ICN,14h25m,0,,10:45 am – 2:10 pm,Delta,ICN‐LGA,16h25m,1,DTW,1675,20220405-1527,fast
1:50 pm – 5:20 pm +1,Korean Air,JFK‐ICN,14h30m,0,,10:45 am – 2:10 pm,Korean Air,ICN‐LGA,16h25m,1,DTW,2263,20220405-1527,fast
1:50 pm – 5:20 pm +1,Korean Air,JFK‐ICN,14h30m,0,,9:30 am – 1:20 pm,Korean Air,ICN‐LGA,16h50m,1,BOS,2265,20220405-1527,fast
1:50 pm – 5:20 pm +1,Korean Air,JFK‐ICN,14h30m,0,,9:30 am – 2:00 pm,Korean Air,ICN‐EWR,17h30m,1,BOS,2265,20220405-1527,fast
1:50 pm – 5:20 pm +1,Korean Air,JFK‐ICN,14h30m,0,,10:40 am – 3:14 pm,Korean Air,ICN‐LGA,17h34m,1,ORD,2978,20220405-1527,fast
1:55 pm – 5:20 pm +1,Thai Airways,JFK‐ICN,14h25m,0,,6:40 pm – 11:23 pm,Delta,ICN‐EWR,17h43m,1,ATL,1675,20220405-1527,fast
1:55 pm – 5:20 pm +1,United Airlines,JFK‐ICN,14h25m,0,,4:40 pm – 9:25 pm,United Airlines,ICN‐EWR,17h45m,1,SFO,4731,20220405-1527,fast
1:50 pm – 5:20 pm +1,Korean Air,JFK‐ICN,14h30m,0,,6:40 pm – 11:23 pm,Korean Air,ICN‐EWR,17h43m,1,ATL,2264,20220405-1527,fast
9:30 am – 4:25 pm +1,"Delta, Korean Air",JFK‐ICN,17h55m,1,BOS,10:00 am – 11:20 am,Korean Air,ICN‐JFK,14h20m,0,,2596,20220405-1527,fast
1:55 pm – 5:20 pm +1,Thai Airways,JFK‐ICN,14h25m,0,,10:45 am – 3:57 pm,Delta,ICN‐EWR,18h12m,1,DTW,1675,20220405-1527,fast
9:30 am – 4:50 pm +1,Korean Air,JFK‐ICN,18h20m,1,IAD,10:00 am – 11:20 am,Korean Air,ICN‐JFK,14h20m,0,,2496,20220405-1527,fast
