Out Time,Out Airline,Out Cities,Out Duration,Out Stops,Out Stop Cities,Return Time,Return Airline,Return Cities,Return Duration,Return Stops,Return Stop Cities,Price,timestamp,sort
1:55 pm – 5:20 pm +1,Asiana Airlines,JFK‐ICN,14h25m,0,,1:30 am – 2:55 pm,Qatar Airways,ICN‐JFK,26h25m,1,DOH,1359,20220405-1347,cheap
1:55 pm – 5:20 pm +1,Asiana Airlines,JFK‐ICN,14h25m,0,,6:40 pm – 10:01 pm,Air Canada,ICN‐EWR,16h21m,1,YYZ,1381,20220405-1347,cheap
1:55 pm – 5:20 pm +1,Asiana Airlines,JFK‐ICN,14h25m,0,,6:40 pm – 10:02 pm,Air Canada,ICN‐LGA,16h22m,1,YYZ,1381,20220405-1347,cheap
1:55 pm – 5:20 pm +1,Asiana Airlines,JFK‐ICN,14h25m,0,,6:40 pm – 7:42 am +1,Air Canada,ICN‐EWR,26h02m,2,"YYZ, YUL",1381,20220405-1347,cheap
7:40 pm – 6:25 am +2,LOT,EWR‐ICN,21h45m,1,WAW,8:05 am – 8:05 pm,LOT,ICN‐JFK,25h00m,1,WAW,1418,20220405-1347,cheap
6:00 am – 4:15 pm +1,Air Canada,EWR‐ICN,21h15m,2,"YUL, YVR",6:40 pm – 10:02 pm,Air Canada,ICN‐LGA,16h22m,1,YYZ,1565,20220405-1347,cheap
6:25 am – 4:15 pm +1,Air Canada,EWR‐ICN,20h50m,2,"YYZ, YVR",6:40 pm – 10:02 pm,Air Canada,ICN‐LGA,16h22m,1,YYZ,1571,20220405-1347,cheap
6:25 am – 4:15 pm +1,Air Canada,EWR‐ICN,20h50m,2,"YYZ, YVR",6:40 pm – 10:02 pm,Air Canada,ICN‐LGA,16h22m,1,YYZ,1571,20220405-1347,cheap
1:55 pm – 5:20 pm +1,Asiana Airlines,JFK‐ICN,14h25m,0,,10:45 am – 5:42 pm,Delta,ICN‐LGA,19h57m,1,DTW,1604,20220405-1347,cheap
1:55 pm – 5:20 pm +1,Asiana Airlines,JFK‐ICN,14h25m,0,,12:50 am – 8:00 pm,Ethiopian Air,ICN‐JFK,32h10m,2,"ADD, LFW",1614,20220405-1347,cheap
6:00 am – 4:15 pm +1,Air Canada,EWR‐ICN,21h15m,2,"YUL, YVR",6:40 pm – 10:01 pm,Air Canada,ICN‐EWR,16h21m,1,YYZ,1621,20220405-1347,cheap
9:00 pm – 7:10 am +2,Air France,JFK‐ICN,21h10m,1,CDG,11:40 pm – 12:10 pm +1,KLM,ICN‐JFK,25h30m,1,AMS,1625,20220405-1347,cheap
9:00 pm – 7:10 am +2,Air France,JFK‐ICN,21h10m,1,CDG,11:40 pm – 12:55 pm +1,KLM,ICN‐JFK,26h15m,1,AMS,1625,20220405-1347,cheap
7:30 pm – 7:10 am +2,Air France,JFK‐ICN,22h40m,1,CDG,11:40 pm – 12:10 pm +1,KLM,ICN‐JFK,25h30m,1,AMS,1625,20220405-1347,cheap
6:25 am – 4:15 pm +1,Air Canada,EWR‐ICN,20h50m,2,"YYZ, YVR",6:40 pm – 10:01 pm,Air Canada,ICN‐EWR,16h21m,1,YYZ,1627,20220405-1347,cheap
7:40 pm – 6:25 am +2,LOT,EWR‐ICN,21h45m,1,WAW,8:05 am – 8:05 pm,LOT,ICN‐JFK,25h00m,1,WAW,1462,20220405-1344,best
1:50 pm – 5:20 pm +1,Korean Air,JFK‐ICN,14h30m,0,,10:00 am – 11:20 am,Korean Air,ICN‐JFK,14h20m,0,,2487,20220405-1344,best
1:50 pm – 5:20 pm +1,Korean Air,JFK‐ICN,14h30m,0,,10:45 am – 3:45 pm,Korean Air,ICN‐EWR,18h00m,1,DTW,2264,20220405-1344,best
6:25 am – 4:15 pm +1,Air Canada,EWR‐ICN,20h50m,2,"YYZ, YVR",6:40 pm – 10:02 pm,Air Canada,ICN‐LGA,16h22m,1,YYZ,1571,20220405-1344,best
6:25 am – 4:15 pm +1,Air Canada,EWR‐ICN,20h50m,2,"YYZ, YVR",6:40 pm – 10:02 pm,Air Canada,ICN‐LGA,16h22m,1,YYZ,1571,20220405-1344,best
1:50 pm – 5:20 pm +1,Korean Air,JFK‐ICN,14h30m,0,,10:20 am – 11:35 am,Asiana Airlines,ICN‐JFK,14h15m,0,,2746,20220405-1344,best
6:00 am – 4:15 pm +1,Air Canada,EWR‐ICN,21h15m,2,"YUL, YVR",6:40 pm – 10:02 pm,Air Canada,ICN‐LGA,16h22m,1,YYZ,1565,20220405-1344,best
6:25 am – 4:15 pm +1,Air Canada,EWR‐ICN,20h50m,2,"YYZ, YVR",6:40 pm – 10:01 pm,Air Canada,ICN‐EWR,16h21m,1,YYZ,1627,20220405-1344,best
6:25 am – 4:15 pm +1,Air Canada,EWR‐ICN,20h50m,2,"YYZ, YVR",6:40 pm – 10:01 pm,Air Canada,ICN‐EWR,16h21m,1,YYZ,1627,20220405-1344,best
6:00 am – 4:15 pm +1,Air Canada,EWR‐ICN,21h15m,2,"YUL, YVR",6:40 pm – 10:01 pm,Air Canada,ICN‐EWR,16h21m,1,YYZ,1621,20220405-1344,best
7:40 pm – 6:25 am +2,LOT,EWR‐ICN,21h45m,1,WAW,6:40 pm – 10:01 pm,Air Canada,ICN‐EWR,16h21m,1,YYZ,1805,20220405-1344,best
1:50 pm – 5:20 pm +1,Korean Air,JFK‐ICN,14h30m,0,,10:45 am – 5:42 pm,Korean Air,ICN‐LGA,19h57m,1,DTW,2263,20220405-1344,best
7:40 pm – 6:25 am +2,LOT,EWR‐ICN,21h45m,1,WAW,6:40 pm – 10:02 pm,Air Canada,ICN‐LGA,16h22m,1,YYZ,1805,20220405-1344,best
7:40 pm – 6:25 am +2,LOT,EWR‐ICN,21h45m,1,WAW,10:20 am – 11:35 am,Asiana Airlines,ICN‐JFK,14h15m,0,,2210,20220405-1344,best
1:50 pm – 5:20 pm +1,Korean Air,JFK‐ICN,14h30m,0,,9:20 am – 2:59 pm,Korean Air,ICN‐LGA,18h39m,1,ATL,2502,20220405-1344,best
1:55 pm – 5:20 pm +1,Asiana Airlines,JFK‐ICN,14h25m,0,,6:40 pm – 10:01 pm,Air Canada,ICN‐EWR,16h21m,1,YYZ,1381,20220405-1344,best
1:55 pm – 5:20 pm +1,Asiana Airlines,JFK‐ICN,14h25m,0,,10:20 am – 11:35 am,Asiana Airlines,ICN‐JFK,14h15m,0,,1844,20220405-1349,fast
1:55 pm – 5:20 pm +1,Asiana Airlines,JFK‐ICN,14h25m,0,,10:00 am – 11:20 am,Korean Air,ICN‐JFK,14h20m,0,,1902,20220405-1349,fast
1:50 pm – 5:20 pm +1,Korean Air,JFK‐ICN,14h30m,0,,10:20 am – 11:35 am,Asiana Airlines,ICN‐JFK,14h15m,0,,2746,20220405-1349,fast
1:50 pm – 5:20 pm +1,Korean Air,JFK‐ICN,14h30m,0,,10:00 am – 11:20 am,Korean Air,ICN‐JFK,14h20m,0,,2487,20220405-1349,fast
1:55 pm – 5:20 pm +1,Asiana Airlines,JFK‐ICN,14h25m,0,,6:40 pm – 10:01 pm,Air Canada,ICN‐EWR,16h21m,1,YYZ,1381,20220405-1349,fast
1:55 pm – 5:20 pm +1,Asiana Airlines,JFK‐ICN,14h25m,0,,6:40 pm – 10:02 pm,Air Canada,ICN‐LGA,16h22m,1,YYZ,1381,20220405-1349,fast
1:50 pm – 5:20 pm +1,Korean Air,JFK‐ICN,14h30m,0,,6:40 pm – 10:01 pm,Air Canada,ICN‐EWR,16h21m,1,YYZ,2351,20220405-1349,fast
1:50 pm – 5:20 pm +1,Korean Air,JFK‐ICN,14h30m,0,,6:40 pm – 10:02 pm,Air Canada,ICN‐LGA,16h22m,1,YYZ,2351,20220405-1349,fast
9:59 am – 4:30 pm +1,"Delta, Korean Air",LGA‐ICN,17h31m,1,DTW,10:20 am – 11:35 am,Asiana Airlines,ICN‐JFK,14h15m,0,,3001,20220405-1349,fast
9:59 am – 4:30 pm +1,"Delta, Korean Air",LGA‐ICN,17h31m,1,DTW,10:00 am – 11:20 am,Korean Air,ICN‐JFK,14h20m,0,,2706,20220405-1349,fast
9:30 am – 4:30 pm +1,"Delta, Korean Air",EWR‐ICN,18h00m,1,DTW,10:20 am – 11:35 am,Asiana Airlines,ICN‐JFK,14h15m,0,,3001,20220405-1349,fast
9:30 am – 4:30 pm +1,Korean Air,EWR‐ICN,18h00m,1,DTW,10:00 am – 11:20 am,Korean Air,ICN‐JFK,14h20m,0,,2743,20220405-1349,fast
1:55 pm – 5:20 pm +1,Asiana Airlines,JFK‐ICN,14h25m,0,,10:45 am – 3:45 pm,Korean Air,ICN‐EWR,18h00m,1,DTW,1919,20220405-1349,fast
1:50 pm – 5:20 pm +1,Korean Air,JFK‐ICN,14h30m,0,,10:45 am – 3:45 pm,Korean Air,ICN‐EWR,18h00m,1,DTW,2264,20220405-1349,fast
1:50 pm – 5:20 pm +1,Korean Air,JFK‐ICN,14h30m,0,,9:20 am – 2:59 pm,Korean Air,ICN‐LGA,18h39m,1,ATL,2502,20220405-1349,fast
