Out Time,Out Airline,Out Cities,Out Duration,Out Stops,Out Stop Cities,Return Time,Return Airline,Return Cities,Return Duration,Return Stops,Return Stop Cities,Price,timestamp,sort
4:45 pm – 11:00 am +3,Finnair,JFK‐ICN,53h15m,2,"ARN, HEL",9:45 pm – 5:00 pm +1,Finnair,ICN‐JFK,32h15m,2,"HEL, ARN",1033,20220405-0935,cheap
9:40 am – 4:30 pm +1,Delta,LGA‐ICN,17h50m,1,DTW,6:40 pm – 11:52 pm,Delta,ICN‐LGA,18h12m,1,ATL,1232,20220405-0935,cheap
6:00 am – 4:30 pm +1,Delta,LGA‐ICN,21h30m,1,DTW,6:40 pm – 11:52 pm,Delta,ICN‐LGA,18h12m,1,ATL,1232,20220405-0935,cheap
9:40 am – 4:30 pm +1,Delta,LGA‐ICN,17h50m,1,DTW,10:45 am – 7:54 pm,Delta,ICN‐LGA,22h09m,1,DTW,1232,20220405-0935,cheap
6:00 am – 4:30 pm +1,Delta,LGA‐ICN,21h30m,1,DTW,10:45 am – 7:54 pm,Delta,ICN‐LGA,22h09m,1,DTW,1232,20220405-0935,cheap
9:40 am – 4:30 pm +1,Delta,LGA‐ICN,17h50m,1,DTW,10:45 am – 11:55 pm,Delta,ICN‐LGA,26h10m,1,DTW,1232,20220405-0935,cheap
9:40 am – 4:30 pm +1,Delta,LGA‐ICN,17h50m,1,DTW,6:40 pm – 8:19 am +1,Delta,ICN‐LGA,26h39m,1,ATL,1232,20220405-0935,cheap
9:40 am – 4:30 pm +1,Delta,LGA‐ICN,17h50m,1,DTW,6:40 pm – 9:19 am +1,Delta,ICN‐LGA,27h39m,1,ATL,1232,20220405-0935,cheap
6:00 am – 4:30 pm +1,Delta,LGA‐ICN,21h30m,1,DTW,10:45 am – 11:55 pm,Delta,ICN‐LGA,26h10m,1,DTW,1232,20220405-0935,cheap
6:00 am – 4:30 pm +1,Delta,LGA‐ICN,21h30m,1,DTW,6:40 pm – 8:19 am +1,Delta,ICN‐LGA,26h39m,1,ATL,1232,20220405-0935,cheap
12:55 pm – 5:30 pm +1,Asiana Airlines,JFK‐ICN,15h35m,0,,6:40 pm – 11:52 pm,Delta,ICN‐LGA,18h12m,1,ATL,1292,20220405-0935,cheap
12:55 pm – 5:30 pm +1,Asiana Airlines,JFK‐ICN,15h35m,0,,10:45 am – 4:24 pm,Delta,ICN‐EWR,18h39m,1,DTW,1292,20220405-0935,cheap
12:55 pm – 5:30 pm +1,Asiana Airlines,JFK‐ICN,15h35m,0,,6:40 pm – 12:59 am +1,Delta,ICN‐EWR,19h19m,1,ATL,1292,20220405-0935,cheap
6:44 am – 3:15 pm +1,American Airlines,LGA‐ICN,19h31m,1,DFW,5:25 pm – 10:00 pm,American Airlines,ICN‐EWR,17h35m,1,DFW,1330,20220405-0935,cheap
6:44 am – 3:15 pm +1,American Airlines,LGA‐ICN,19h31m,1,DFW,5:25 pm – 10:10 pm,American Airlines,ICN‐LGA,17h45m,1,DFW,1330,20220405-0935,cheap
4:45 pm – 11:00 am +3,Finnair,JFK‐ICN,53h15m,2,"ARN, HEL",9:45 pm – 5:00 pm +1,Finnair,ICN‐JFK,32h15m,2,"HEL, ARN",1033,20220405-0932,best
12:55 pm – 5:30 pm +1,Asiana Airlines,JFK‐ICN,15h35m,0,,10:20 am – 11:35 am,Asiana Airlines,ICN‐JFK,14h15m,0,,1478,20220405-0932,best
9:40 am – 4:30 pm +1,Delta,LGA‐ICN,17h50m,1,DTW,6:40 pm – 11:52 pm,Delta,ICN‐LGA,18h12m,1,ATL,1232,20220405-0932,best
9:40 am – 4:30 pm +1,Delta,LGA‐ICN,17h50m,1,DTW,10:45 am – 2:18 pm,Delta,ICN‐LGA,16h33m,1,DTW,1399,20220405-0932,best
9:40 am – 4:30 pm +1,Korean Air,LGA‐ICN,17h50m,1,DTW,6:40 pm – 11:01 pm,Korean Air,ICN‐EWR,17h21m,1,ATL,1360,20220405-0932,best
9:40 am – 4:30 pm +1,Korean Air,LGA‐ICN,17h50m,1,DTW,6:40 pm – 11:36 pm,Korean Air,ICN‐JFK,17h56m,1,ATL,1360,20220405-0932,best
9:30 am – 4:30 pm +1,Korean Air,EWR‐ICN,18h00m,1,DTW,6:40 pm – 11:52 pm,Korean Air,ICN‐LGA,18h12m,1,ATL,1360,20220405-0932,best
9:40 am – 4:30 pm +1,Korean Air,LGA‐ICN,17h50m,1,DTW,10:45 am – 4:24 pm,Korean Air,ICN‐EWR,18h39m,1,DTW,1360,20220405-0932,best
6:44 am – 3:15 pm +1,American Airlines,LGA‐ICN,19h31m,1,DFW,5:25 pm – 10:10 pm,American Airlines,ICN‐LGA,17h45m,1,DFW,1330,20220405-0932,best
6:34 am – 3:15 pm +1,American Airlines,EWR‐ICN,19h41m,1,DFW,5:25 pm – 10:00 pm,American Airlines,ICN‐EWR,17h35m,1,DFW,1330,20220405-0932,best
6:30 am – 3:15 pm +1,American Airlines,JFK‐ICN,19h45m,1,DFW,5:25 pm – 10:10 pm,American Airlines,ICN‐LGA,17h45m,1,DFW,1330,20220405-0932,best
9:15 am – 4:30 pm +1,Delta,JFK‐ICN,18h15m,1,DTW,6:40 pm – 11:52 pm,Delta,ICN‐LGA,18h12m,1,ATL,1399,20220405-0932,best
6:00 am – 4:30 pm +1,Delta,LGA‐ICN,21h30m,1,DTW,6:40 pm – 11:52 pm,Delta,ICN‐LGA,18h12m,1,ATL,1232,20220405-0932,best
6:44 am – 3:15 pm +1,American Airlines,LGA‐ICN,19h31m,1,DFW,5:25 pm – 10:00 pm,American Airlines,ICN‐EWR,17h35m,1,DFW,1330,20220405-0932,best
9:40 am – 4:30 pm +1,Delta,LGA‐ICN,17h50m,1,DTW,10:45 am – 7:54 pm,Delta,ICN‐LGA,22h09m,1,DTW,1232,20220405-0932,best
6:30 am – 3:15 pm +1,American Airlines,JFK‐ICN,19h45m,1,DFW,5:25 pm – 10:00 pm,American Airlines,ICN‐EWR,17h35m,1,DFW,1330,20220405-0932,best
1:50 pm – 5:20 pm +1,Delta,JFK‐ICN,14h30m,0,,10:00 am – 11:20 am,Delta,ICN‐JFK,14h20m,0,,1900,20220405-0937,fast
12:55 pm – 5:30 pm +1,Asiana Airlines,JFK‐ICN,15h35m,0,,10:20 am – 11:35 am,Asiana Airlines,ICN‐JFK,14h15m,0,,1478,20220405-0937,fast
12:55 pm – 5:30 pm +1,Asiana Airlines,JFK‐ICN,15h35m,0,,10:00 am – 11:20 am,Korean Air,ICN‐JFK,14h20m,0,,2208,20220405-0937,fast
1:10 pm – 5:55 pm +1,Korean Air,JFK‐ICN,15h45m,0,,10:20 am – 11:35 am,Asiana Airlines,ICN‐JFK,14h15m,0,,2135,20220405-0937,fast
1:10 pm – 5:55 pm +1,Korean Air,JFK‐ICN,15h45m,0,,10:00 am – 11:20 am,Korean Air,ICN‐JFK,14h20m,0,,1857,20220405-0937,fast
1:50 pm – 5:20 pm +1,Delta,JFK‐ICN,14h30m,0,,10:45 am – 2:18 pm,Delta,ICN‐LGA,16h33m,1,DTW,1735,20220405-0937,fast
1:50 pm – 5:20 pm +1,Delta,JFK‐ICN,14h30m,0,,6:40 pm – 11:01 pm,Delta,ICN‐EWR,17h21m,1,ATL,1735,20220405-0937,fast
9:40 am – 4:30 pm +1,"Delta, Korean Air",LGA‐ICN,17h50m,1,DTW,10:20 am – 11:35 am,Asiana Airlines,ICN‐JFK,14h15m,0,,2334,20220405-0937,fast
12:55 pm – 5:30 pm +1,Asiana Airlines,JFK‐ICN,15h35m,0,,10:45 am – 2:18 pm,Korean Air,ICN‐LGA,16h33m,1,DTW,1737,20220405-0937,fast
9:40 am – 4:30 pm +1,Korean Air,LGA‐ICN,17h50m,1,DTW,10:00 am – 11:20 am,Korean Air,ICN‐JFK,14h20m,0,,1702,20220405-0937,fast
9:30 am – 4:30 pm +1,"Delta, Korean Air",EWR‐ICN,18h00m,1,DTW,10:20 am – 11:35 am,Asiana Airlines,ICN‐JFK,14h15m,0,,2074,20220405-0937,fast
1:10 pm – 5:55 pm +1,Korean Air,JFK‐ICN,15h45m,0,,10:45 am – 2:18 pm,Korean Air,ICN‐LGA,16h33m,1,DTW,1699,20220405-0937,fast
9:30 am – 4:30 pm +1,Korean Air,EWR‐ICN,18h00m,1,DTW,10:00 am – 11:20 am,Korean Air,ICN‐JFK,14h20m,0,,1702,20220405-0937,fast
1:50 pm – 5:20 pm +1,Delta,JFK‐ICN,14h30m,0,,6:40 pm – 11:36 pm,Delta,ICN‐JFK,17h56m,1,ATL,1735,20220405-0937,fast
9:15 am – 4:30 pm +1,Delta,JFK‐ICN,18h15m,1,DTW,10:00 am – 11:20 am,Delta,ICN‐JFK,14h20m,0,,1730,20220405-0937,fast
