Out Time,Out Airline,Out Cities,Out Duration,Out Stops,Out Stop Cities,Return Time,Return Airline,Return Cities,Return Duration,Return Stops,Return Stop Cities,Price,timestamp,sort
6:15 pm – 4:00 pm +2,Air Canada,EWR‐ICN,32h45m,1,YVR,5:50 pm – 4:30 pm +1,Etihad Airways,ICN‐JFK,35h40m,1,AUH,1301,20220405-1713,cheap
1:55 pm – 5:20 pm +1,Thai Airways,JFK‐ICN,14h25m,0,,10:45 am – 10:59 pm,Delta,ICN‐EWR,25h14m,1,DTW,1689,20220405-1713,cheap
1:55 pm – 5:20 pm +1,Thai Airways,JFK‐ICN,14h25m,0,,11:55 pm – 2:25 pm +1,Emirates,ICN‐JFK,27h30m,1,DXB,1697,20220405-1713,cheap
6:15 pm – 4:00 pm +2,Air Canada,EWR‐ICN,32h45m,1,YVR,10:20 am – 11:35 am,Asiana Airlines,ICN‐JFK,14h15m,0,,1743,20220405-1713,cheap
5:25 pm – 8:45 am +2,Lufthansa,JFK‐ICN,26h20m,1,MUC,10:15 am – 7:10 pm,Lufthansa,ICN‐EWR,21h55m,1,MUC,1797,20220405-1713,cheap
10:40 am – 5:10 pm +1,Air Canada,LGA‐ICN,17h30m,1,YYZ,5:45 pm – 10:06 am +1,Air Canada,ICN‐LGA,29h21m,2,"YVR, YUL",1806,20220405-1713,cheap
10:40 am – 5:10 pm +1,Air Canada,LGA‐ICN,17h30m,1,YYZ,5:45 pm – 10:06 am +1,Air Canada,ICN‐LGA,29h21m,2,"YVR, YUL",1806,20220405-1713,cheap
9:05 am – 5:10 pm +1,Air Canada,LGA‐ICN,19h05m,1,YYZ,5:45 pm – 10:06 am +1,Air Canada,ICN‐LGA,29h21m,2,"YVR, YUL",1806,20220405-1713,cheap
9:05 am – 5:10 pm +1,Air Canada,EWR‐ICN,19h05m,1,YYZ,5:45 pm – 10:06 am +1,Air Canada,ICN‐LGA,29h21m,2,"YVR, YUL",1806,20220405-1713,cheap
9:05 am – 5:10 pm +1,Air Canada,EWR‐ICN,19h05m,1,YYZ,5:45 pm – 10:06 am +1,Air Canada,ICN‐LGA,29h21m,2,"YVR, YUL",1806,20220405-1713,cheap
9:05 am – 5:10 pm +1,Air Canada,LGA‐ICN,19h05m,1,YYZ,5:45 pm – 10:06 am +1,Air Canada,ICN‐LGA,29h21m,2,"YVR, YUL",1806,20220405-1713,cheap
10:40 am – 5:10 pm +1,Air Canada,LGA‐ICN,17h30m,1,YYZ,5:45 pm – 9:31 am +1,Air Canada,ICN‐LGA,28h46m,2,"YVR, YYZ",1812,20220405-1713,cheap
9:05 am – 5:10 pm +1,Air Canada,LGA‐ICN,19h05m,1,YYZ,5:45 pm – 9:31 am +1,Air Canada,ICN‐LGA,28h46m,2,"YVR, YYZ",1812,20220405-1713,cheap
9:05 am – 5:10 pm +1,Air Canada,EWR‐ICN,19h05m,1,YYZ,5:45 pm – 9:31 am +1,Air Canada,ICN‐LGA,28h46m,2,"YVR, YYZ",1812,20220405-1713,cheap
7:00 pm – 8:45 am +2,Lufthansa,EWR‐ICN,24h45m,2,"LHR, MUC",10:15 am – 7:10 pm,Lufthansa,ICN‐EWR,21h55m,1,MUC,1837,20220405-1713,cheap
5:25 pm – 8:45 am +2,Lufthansa,JFK‐ICN,26h20m,1,MUC,10:15 am – 7:10 pm,Lufthansa,ICN‐EWR,21h55m,1,MUC,1836,20220405-1711,best
1:50 pm – 5:20 pm +1,Korean Air,JFK‐ICN,14h30m,0,,10:00 am – 11:20 am,Korean Air,ICN‐JFK,14h20m,0,,2235,20220405-1711,best
1:50 pm – 5:20 pm +1,Korean Air,JFK‐ICN,14h30m,0,,7:30 pm – 9:00 pm,Korean Air,ICN‐JFK,14h30m,0,,2235,20220405-1711,best
1:55 pm – 5:20 pm +1,Asiana Airlines,JFK‐ICN,14h25m,0,,7:30 pm – 9:00 pm,Korean Air,ICN‐JFK,14h30m,0,,2367,20220405-1711,best
10:00 am – 4:25 pm +1,Korean Air,LGA‐ICN,17h25m,1,BOS,10:00 am – 11:20 am,Korean Air,ICN‐JFK,14h20m,0,,2124,20220405-1711,best
10:00 am – 4:25 pm +1,Korean Air,LGA‐ICN,17h25m,1,BOS,7:30 pm – 9:00 pm,Korean Air,ICN‐JFK,14h30m,0,,2124,20220405-1711,best
9:30 am – 4:25 pm +1,Korean Air,JFK‐ICN,17h55m,1,BOS,10:00 am – 11:20 am,Korean Air,ICN‐JFK,14h20m,0,,2124,20220405-1711,best
9:30 am – 4:25 pm +1,Korean Air,JFK‐ICN,17h55m,1,BOS,7:30 pm – 9:00 pm,Korean Air,ICN‐JFK,14h30m,0,,2124,20220405-1711,best
9:30 am – 4:50 pm +1,Korean Air,JFK‐ICN,18h20m,1,IAD,10:00 am – 11:20 am,Korean Air,ICN‐JFK,14h20m,0,,2124,20220405-1711,best
8:55 am – 4:15 pm +1,Korean Air,JFK‐ICN,18h20m,1,ORD,10:00 am – 11:20 am,Korean Air,ICN‐JFK,14h20m,0,,2124,20220405-1711,best
9:00 am – 4:25 pm +1,Korean Air,LGA‐ICN,18h25m,1,BOS,10:00 am – 11:20 am,Korean Air,ICN‐JFK,14h20m,0,,2124,20220405-1711,best
9:30 am – 4:50 pm +1,Korean Air,JFK‐ICN,18h20m,1,IAD,7:30 pm – 9:00 pm,Korean Air,ICN‐JFK,14h30m,0,,2124,20220405-1711,best
8:55 am – 4:15 pm +1,Korean Air,JFK‐ICN,18h20m,1,ORD,7:30 pm – 9:00 pm,Korean Air,ICN‐JFK,14h30m,0,,2124,20220405-1711,best
8:45 am – 4:15 pm +1,Korean Air,LGA‐ICN,18h30m,1,ORD,10:00 am – 11:20 am,Korean Air,ICN‐JFK,14h20m,0,,2124,20220405-1711,best
9:00 am – 4:25 pm +1,Korean Air,LGA‐ICN,18h25m,1,BOS,7:30 pm – 9:00 pm,Korean Air,ICN‐JFK,14h30m,0,,2124,20220405-1711,best
8:40 am – 4:25 pm +1,Korean Air,EWR‐ICN,18h45m,1,BOS,10:00 am – 11:20 am,Korean Air,ICN‐JFK,14h20m,0,,2124,20220405-1711,best
1:55 pm – 5:20 pm +1,Thai Airways,JFK‐ICN,14h25m,0,,10:20 am – 11:35 am,Asiana Airlines,ICN‐JFK,14h15m,0,,1880,20220405-1715,fast
1:55 pm – 5:20 pm +1,Thai Airways,JFK‐ICN,14h25m,0,,10:00 am – 11:20 am,Korean Air,ICN‐JFK,14h20m,0,,1906,20220405-1715,fast
1:50 pm – 5:20 pm +1,Korean Air,JFK‐ICN,14h30m,0,,10:20 am – 11:35 am,Asiana Airlines,ICN‐JFK,14h15m,0,,2746,20220405-1715,fast
1:50 pm – 5:20 pm +1,Korean Air,JFK‐ICN,14h30m,0,,10:00 am – 11:20 am,Korean Air,ICN‐JFK,14h20m,0,,2235,20220405-1715,fast
1:55 pm – 5:20 pm +1,Asiana Airlines,JFK‐ICN,14h25m,0,,7:30 pm – 9:00 pm,Korean Air,ICN‐JFK,14h30m,0,,2367,20220405-1715,fast
1:50 pm – 5:20 pm +1,Korean Air,JFK‐ICN,14h30m,0,,7:30 pm – 9:00 pm,Korean Air,ICN‐JFK,14h30m,0,,2235,20220405-1715,fast
1:55 pm – 5:20 pm +1,Thai Airways,JFK‐ICN,14h25m,0,,10:45 am – 2:10 pm,"Korean Air, Delta",ICN‐LGA,16h25m,1,DTW,2328,20220405-1715,fast
1:50 pm – 5:20 pm +1,Korean Air,JFK‐ICN,14h30m,0,,10:45 am – 2:10 pm,Korean Air,ICN‐LGA,16h25m,1,DTW,2502,20220405-1715,fast
1:50 pm – 5:20 pm +1,Korean Air,JFK‐ICN,14h30m,0,,9:30 am – 1:20 pm,Korean Air,ICN‐LGA,16h50m,1,BOS,2597,20220405-1715,fast
10:00 am – 4:25 pm +1,Korean Air,LGA‐ICN,17h25m,1,BOS,10:00 am – 11:20 am,Korean Air,ICN‐JFK,14h20m,0,,2124,20220405-1715,fast
10:00 am – 4:25 pm +1,Korean Air,LGA‐ICN,17h25m,1,BOS,7:30 pm – 9:00 pm,Korean Air,ICN‐JFK,14h30m,0,,2124,20220405-1715,fast
1:50 pm – 5:20 pm +1,Korean Air,JFK‐ICN,14h30m,0,,9:30 am – 2:00 pm,Korean Air,ICN‐EWR,17h30m,1,BOS,2703,20220405-1715,fast
9:30 am – 4:25 pm +1,Korean Air,JFK‐ICN,17h55m,1,BOS,10:00 am – 11:20 am,Korean Air,ICN‐JFK,14h20m,0,,2124,20220405-1715,fast
9:30 am – 4:25 pm +1,Korean Air,JFK‐ICN,17h55m,1,BOS,7:30 pm – 9:00 pm,Korean Air,ICN‐JFK,14h30m,0,,2124,20220405-1715,fast
9:30 am – 4:50 pm +1,Korean Air,JFK‐ICN,18h20m,1,IAD,10:20 am – 11:35 am,Asiana Airlines,ICN‐JFK,14h15m,0,,2590,20220405-1715,fast
