Out Time,Out Airline,Out Cities,Out Duration,Out Stops,Out Stop Cities,Return Time,Return Airline,Return Cities,Return Duration,Return Stops,Return Stop Cities,Price,timestamp,sort
1:55 pm – 5:20 pm +1,Thai Airways,JFK‐ICN,14h25m,0,,4:40 pm – 5:17 am +1,United Airlines,ICN‐EWR,25h37m,2,"SFO, DEN",1537,20220405-1705,cheap
6:25 am – 4:00 pm +1,Air Canada,EWR‐ICN,20h35m,2,"YYZ, YVR",6:40 pm – 10:01 pm,Air Canada,ICN‐LGA,16h21m,1,YYZ,1550,20220405-1705,cheap
6:25 am – 4:00 pm +1,Air Canada,EWR‐ICN,20h35m,2,"YYZ, YVR",6:40 pm – 7:56 am +1,Air Canada,ICN‐LGA,26h16m,1,YYZ,1550,20220405-1705,cheap
6:25 am – 4:00 pm +1,Air Canada,EWR‐ICN,20h35m,2,"YYZ, YVR",6:40 pm – 9:31 am +1,Air Canada,ICN‐LGA,27h51m,1,YYZ,1550,20220405-1705,cheap
6:25 am – 4:00 pm +1,Air Canada,EWR‐ICN,20h35m,2,"YYZ, YVR",6:40 pm – 10:01 pm,Air Canada,ICN‐EWR,16h21m,1,YYZ,1589,20220405-1705,cheap
7:30 pm – 7:10 am +2,Air France,JFK‐ICN,22h40m,1,CDG,9:05 am – 6:40 pm,Air France,ICN‐JFK,22h35m,1,CDG,1636,20220405-1705,cheap
7:30 pm – 7:10 am +2,Air France,JFK‐ICN,22h40m,1,CDG,9:05 am – 8:30 pm,Air France,ICN‐JFK,24h25m,1,CDG,1636,20220405-1705,cheap
5:30 pm – 7:10 am +2,Air France,JFK‐ICN,24h40m,1,CDG,9:05 am – 6:40 pm,Air France,ICN‐JFK,22h35m,1,CDG,1636,20220405-1705,cheap
7:30 pm – 7:10 am +2,Air France,JFK‐ICN,22h40m,1,CDG,9:05 am – 9:50 pm,Air France,ICN‐JFK,25h45m,1,CDG,1636,20220405-1705,cheap
9:36 am – 4:30 pm +1,Korean Air,EWR‐ICN,17h54m,1,DTW,1:30 am – 2:55 pm,Qatar Airways,ICN‐JFK,26h25m,1,DOH,1647,20220405-1705,cheap
9:30 am – 4:30 pm +1,Korean Air,LGA‐ICN,18h00m,1,DTW,1:30 am – 2:55 pm,Qatar Airways,ICN‐JFK,26h25m,1,DOH,1647,20220405-1705,cheap
5:40 pm – 7:10 am +2,Air France,JFK‐ICN,24h30m,2,"NCE, CDG",9:05 am – 6:40 pm,Air France,ICN‐JFK,22h35m,1,CDG,1647,20220405-1705,cheap
5:40 pm – 7:10 am +2,Air France,JFK‐ICN,24h30m,2,"NCE, CDG",9:05 am – 6:40 pm,Air France,ICN‐JFK,22h35m,1,CDG,1647,20220405-1705,cheap
4:20 pm – 7:10 am +2,Air France,JFK‐ICN,25h50m,2,"AMS, CDG",9:05 am – 6:40 pm,Air France,ICN‐JFK,22h35m,1,CDG,1653,20220405-1705,cheap
4:20 pm – 7:10 am +2,Air France,JFK‐ICN,25h50m,2,"AMS, CDG",9:05 am – 6:40 pm,Air France,ICN‐JFK,22h35m,1,CDG,1653,20220405-1705,cheap
8:55 pm – 8:45 am +2,Lufthansa,EWR‐ICN,22h50m,1,MUC,10:15 am – 7:10 pm,Lufthansa,ICN‐EWR,21h55m,1,MUC,1836,20220405-1703,best
1:50 pm – 5:20 pm +1,Korean Air,JFK‐ICN,14h30m,0,,10:00 am – 11:20 am,Korean Air,ICN‐JFK,14h20m,0,,2386,20220405-1703,best
9:36 am – 4:30 pm +1,Korean Air,EWR‐ICN,17h54m,1,DTW,10:00 am – 11:20 am,Korean Air,ICN‐JFK,14h20m,0,,1968,20220405-1703,best
9:30 am – 4:30 pm +1,Korean Air,LGA‐ICN,18h00m,1,DTW,10:00 am – 11:20 am,Korean Air,ICN‐JFK,14h20m,0,,1968,20220405-1703,best
1:50 pm – 5:20 pm +1,Korean Air,JFK‐ICN,14h30m,0,,10:20 am – 11:35 am,Asiana Airlines,ICN‐JFK,14h15m,0,,2749,20220405-1703,best
6:59 am – 4:30 pm +1,Korean Air,JFK‐ICN,20h31m,1,DTW,10:00 am – 11:20 am,Korean Air,ICN‐JFK,14h20m,0,,2005,20220405-1703,best
6:25 am – 4:00 pm +1,Air Canada,EWR‐ICN,20h35m,2,"YYZ, YVR",6:40 pm – 10:01 pm,Air Canada,ICN‐LGA,16h21m,1,YYZ,1550,20220405-1703,best
1:50 pm – 5:20 pm +1,Delta,JFK‐ICN,14h30m,0,,7:20 pm – 11:55 pm,Delta,ICN‐JFK,17h35m,1,SEA,2400,20220405-1703,best
6:25 am – 4:00 pm +1,Air Canada,EWR‐ICN,20h35m,2,"YYZ, YVR",6:40 pm – 10:01 pm,Air Canada,ICN‐EWR,16h21m,1,YYZ,1589,20220405-1703,best
9:30 am – 4:30 pm +1,Delta,LGA‐ICN,18h00m,1,DTW,7:20 pm – 11:55 pm,Delta,ICN‐JFK,17h35m,1,SEA,1914,20220405-1703,best
9:36 am – 4:30 pm +1,Korean Air,EWR‐ICN,17h54m,1,DTW,7:20 pm – 11:55 pm,Korean Air,ICN‐JFK,17h35m,1,SEA,1930,20220405-1703,best
7:05 am – 3:15 pm +1,Delta,JFK‐ICN,19h10m,1,SEA,10:00 am – 11:20 am,Delta,ICN‐JFK,14h20m,0,,2255,20220405-1703,best
6:00 am – 4:30 pm +1,Delta,LGA‐ICN,21h30m,1,DTW,10:00 am – 11:20 am,Delta,ICN‐JFK,14h20m,0,,2004,20220405-1703,best
6:40 pm – 4:30 am +2,Asiana Airlines,EWR‐ICN,20h50m,1,SFO,10:20 am – 11:35 am,Asiana Airlines,ICN‐JFK,14h15m,0,,2264,20220405-1703,best
8:45 am – 4:20 pm +1,Korean Air,EWR‐ICN,18h35m,1,ATL,10:00 am – 11:20 am,Korean Air,ICN‐JFK,14h20m,0,,2472,20220405-1703,best
8:30 am – 4:20 pm +1,Korean Air,LGA‐ICN,18h50m,1,ATL,10:00 am – 11:20 am,Korean Air,ICN‐JFK,14h20m,0,,2472,20220405-1703,best
1:55 pm – 5:20 pm +1,Thai Airways,JFK‐ICN,14h25m,0,,10:20 am – 11:35 am,Asiana Airlines,ICN‐JFK,14h15m,0,,1953,20220405-1708,fast
1:55 pm – 5:20 pm +1,Thai Airways,JFK‐ICN,14h25m,0,,10:00 am – 11:20 am,Korean Air,ICN‐JFK,14h20m,0,,2004,20220405-1708,fast
1:50 pm – 5:20 pm +1,Korean Air,JFK‐ICN,14h30m,0,,10:20 am – 11:35 am,Asiana Airlines,ICN‐JFK,14h15m,0,,2749,20220405-1708,fast
1:50 pm – 5:20 pm +1,Korean Air,JFK‐ICN,14h30m,0,,10:00 am – 11:20 am,Korean Air,ICN‐JFK,14h20m,0,,2386,20220405-1708,fast
1:55 pm – 5:20 pm +1,Thai Airways,JFK‐ICN,14h25m,0,,6:40 pm – 10:01 pm,Air Canada,ICN‐EWR,16h21m,1,YYZ,2489,20220405-1708,fast
1:50 pm – 5:20 pm +1,Delta,JFK‐ICN,14h30m,0,,7:20 pm – 11:55 pm,Delta,ICN‐JFK,17h35m,1,SEA,2400,20220405-1708,fast
9:36 am – 4:30 pm +1,Korean Air,EWR‐ICN,17h54m,1,DTW,10:20 am – 11:35 am,Asiana Airlines,ICN‐JFK,14h15m,0,,2181,20220405-1708,fast
9:36 am – 4:30 pm +1,Korean Air,EWR‐ICN,17h54m,1,DTW,10:00 am – 11:20 am,Korean Air,ICN‐JFK,14h20m,0,,1968,20220405-1708,fast
9:30 am – 4:30 pm +1,Korean Air,LGA‐ICN,18h00m,1,DTW,10:20 am – 11:35 am,Asiana Airlines,ICN‐JFK,14h15m,0,,2181,20220405-1708,fast
9:30 am – 4:30 pm +1,Korean Air,LGA‐ICN,18h00m,1,DTW,10:00 am – 11:20 am,Korean Air,ICN‐JFK,14h20m,0,,1968,20220405-1708,fast
1:55 pm – 5:20 pm +1,Asiana Airlines,JFK‐ICN,14h25m,0,,9:20 am – 2:36 pm,Korean Air,ICN‐JFK,18h16m,1,ATL,3048,20220405-1708,fast
1:55 pm – 5:20 pm +1,Asiana Airlines,JFK‐ICN,14h25m,0,,8:40 pm – 1:58 am +1,Asiana Airlines,ICN‐EWR,18h18m,1,SFO,3669,20220405-1708,fast
1:50 pm – 5:20 pm +1,Korean Air,JFK‐ICN,14h30m,0,,9:20 am – 2:36 pm,Korean Air,ICN‐JFK,18h16m,1,ATL,2853,20220405-1708,fast
1:55 pm – 5:20 pm +1,United Airlines,JFK‐ICN,14h25m,0,,4:40 pm – 10:08 pm,United Airlines,ICN‐EWR,18h28m,1,SFO,4681,20220405-1708,fast
8:45 am – 4:20 pm +1,Korean Air,EWR‐ICN,18h35m,1,ATL,10:00 am – 11:20 am,Korean Air,ICN‐JFK,14h20m,0,,2472,20220405-1708,fast
