Out Time,Out Airline,Out Cities,Out Duration,Out Stops,Out Stop Cities,Return Time,Return Airline,Return Cities,Return Duration,Return Stops,Return Stop Cities,Price,timestamp,sort
4:45 pm – 11:00 am +3,Finnair,JFK‐ICN,53h15m,2,"ARN, HEL",9:45 pm – 5:00 pm +1,Finnair,ICN‐JFK,32h15m,2,"HEL, ARN",1009,20220405-1331,cheap
1:55 pm – 5:20 pm +1,Asiana Airlines,JFK‐ICN,14h25m,0,,1:30 am – 10:45 pm,Qatar Airways,ICN‐JFK,34h15m,1,DOH,1437,20220405-1331,cheap
1:55 pm – 5:20 pm +1,Asiana Airlines,JFK‐ICN,14h25m,0,,4:40 pm – 12:49 am +1,United Airlines,ICN‐EWR,21h09m,1,SFO,1490,20220405-1331,cheap
1:55 pm – 5:20 pm +1,Asiana Airlines,JFK‐ICN,14h25m,0,,4:40 pm – 12:34 am +1,United Airlines,ICN‐EWR,20h54m,2,"SFO, LAX",1494,20220405-1331,cheap
1:55 pm – 5:20 pm +1,Asiana Airlines,JFK‐ICN,14h25m,0,,11:55 pm – 6:55 pm +1,Emirates,ICN‐JFK,32h00m,2,"DXB, MXP",1580,20220405-1331,cheap
7:00 am – 4:15 pm +1,Air Canada,LGA‐ICN,20h15m,2,"YYZ, YVR",6:40 pm – 10:02 pm,Air Canada,ICN‐LGA,16h22m,1,YYZ,1599,20220405-1331,cheap
7:00 am – 4:15 pm +1,Air Canada,LGA‐ICN,20h15m,2,"YYZ, YVR",6:40 pm – 7:57 am +1,Air Canada,ICN‐LGA,26h17m,1,YYZ,1599,20220405-1331,cheap
7:00 am – 4:15 pm +1,Air Canada,LGA‐ICN,20h15m,2,"YYZ, YVR",6:40 pm – 9:32 am +1,Air Canada,ICN‐LGA,27h52m,1,YYZ,1599,20220405-1331,cheap
7:00 am – 4:15 pm +1,Air Canada,LGA‐ICN,20h15m,2,"YYZ, YVR",6:40 pm – 10:07 am +1,Air Canada,ICN‐LGA,28h27m,2,"YYZ, YUL",1599,20220405-1331,cheap
7:00 am – 4:15 pm +1,Air Canada,LGA‐ICN,20h15m,2,"YYZ, YVR",6:40 pm – 10:07 am +1,Air Canada,ICN‐LGA,28h27m,2,"YYZ, YUL",1599,20220405-1331,cheap
7:00 am – 4:15 pm +1,Air Canada,LGA‐ICN,20h15m,2,"YYZ, YVR",6:40 pm – 10:07 am +1,Air Canada,ICN‐LGA,28h27m,2,"YYZ, YUL",1599,20220405-1331,cheap
7:00 am – 4:15 pm +1,Air Canada,LGA‐ICN,20h15m,2,"YYZ, YVR",6:40 pm – 10:01 pm,Air Canada,ICN‐EWR,16h21m,1,YYZ,1620,20220405-1331,cheap
7:00 am – 4:15 pm +1,Air Canada,LGA‐ICN,20h15m,2,"YYZ, YVR",6:40 pm – 7:42 am +1,Air Canada,ICN‐EWR,26h02m,2,"YYZ, YUL",1620,20220405-1331,cheap
7:00 am – 4:15 pm +1,Air Canada,LGA‐ICN,20h15m,2,"YYZ, YVR",6:40 pm – 7:42 am +1,Air Canada,ICN‐EWR,26h02m,2,"YYZ, YUL",1620,20220405-1331,cheap
7:00 am – 4:15 pm +1,Air Canada,LGA‐ICN,20h15m,2,"YYZ, YVR",6:40 pm – 7:51 am +1,Air Canada,ICN‐EWR,26h11m,2,"YYZ, YQB",1620,20220405-1331,cheap
4:45 pm – 11:00 am +3,Finnair,JFK‐ICN,53h15m,2,"ARN, HEL",9:45 pm – 5:00 pm +1,Finnair,ICN‐JFK,32h15m,2,"HEL, ARN",1033,20220405-1329,best
7:00 am – 4:15 pm +1,Air Canada,LGA‐ICN,20h15m,2,"YYZ, YVR",6:40 pm – 10:02 pm,Air Canada,ICN‐LGA,16h22m,1,YYZ,1599,20220405-1329,best
7:00 am – 4:15 pm +1,Air Canada,LGA‐ICN,20h15m,2,"YYZ, YVR",6:40 pm – 10:01 pm,Air Canada,ICN‐EWR,16h21m,1,YYZ,1620,20220405-1329,best
1:50 pm – 5:20 pm +1,Korean Air,JFK‐ICN,14h30m,0,,10:00 am – 11:20 am,Korean Air,ICN‐JFK,14h20m,0,,2245,20220405-1329,best
1:50 pm – 5:20 pm +1,Korean Air,JFK‐ICN,14h30m,0,,10:20 am – 11:35 am,Asiana Airlines,ICN‐JFK,14h15m,0,,2429,20220405-1329,best
1:55 pm – 5:20 pm +1,Asiana Airlines,JFK‐ICN,14h25m,0,,1:30 am – 2:55 pm,Qatar Airways,ICN‐JFK,26h25m,1,DOH,1677,20220405-1329,best
1:50 pm – 5:20 pm +1,Korean Air,JFK‐ICN,14h30m,0,,2:30 pm – 9:34 pm,Korean Air,ICN‐JFK,20h04m,1,LAX,2179,20220405-1329,best
1:50 pm – 5:20 pm +1,Korean Air,JFK‐ICN,14h30m,0,,1:55 pm – 8:24 pm,Korean Air,ICN‐JFK,19h29m,1,SEA,2274,20220405-1329,best
1:50 pm – 5:20 pm +1,Korean Air,JFK‐ICN,14h30m,0,,2:30 pm – 11:14 pm,Korean Air,ICN‐JFK,21h44m,1,LAX,2179,20220405-1329,best
7:30 pm – 7:10 am +2,Air France,JFK‐ICN,22h40m,1,CDG,9:05 am – 6:40 pm,Air France,ICN‐JFK,22h35m,1,CDG,1636,20220405-1329,best
9:00 pm – 7:10 am +2,Air France,JFK‐ICN,21h10m,1,CDG,9:05 am – 6:40 pm,Air France,ICN‐JFK,22h35m,1,CDG,1636,20220405-1329,best
1:55 pm – 5:20 pm +1,Asiana Airlines,JFK‐ICN,14h25m,0,,10:20 am – 11:35 am,Asiana Airlines,ICN‐JFK,14h15m,0,,1852,20220405-1329,best
1:55 pm – 5:20 pm +1,Asiana Airlines,JFK‐ICN,14h25m,0,,2:40 pm – 8:53 pm,Asiana Airlines,ICN‐EWR,19h13m,1,LAX,2365,20220405-1329,best
1:50 pm – 5:20 pm +1,Korean Air,JFK‐ICN,14h30m,0,,1:55 pm – 11:48 pm,Korean Air,ICN‐JFK,22h53m,1,SEA,2179,20220405-1329,best
1:50 pm – 5:20 pm +1,Korean Air,JFK‐ICN,14h30m,0,,2:30 pm – 12:58 am +1,Korean Air,ICN‐JFK,23h28m,1,LAX,2179,20220405-1329,best
7:00 am – 4:15 pm +1,Air Canada,LGA‐ICN,20h15m,2,"YYZ, YVR",6:40 pm – 7:57 am +1,Air Canada,ICN‐LGA,26h17m,1,YYZ,1599,20220405-1329,best
1:55 pm – 5:20 pm +1,Asiana Airlines,JFK‐ICN,14h25m,0,,10:20 am – 11:35 am,Asiana Airlines,ICN‐JFK,14h15m,0,,1852,20220405-1334,fast
1:55 pm – 5:20 pm +1,Asiana Airlines,JFK‐ICN,14h25m,0,,10:00 am – 11:20 am,Korean Air,ICN‐JFK,14h20m,0,,1931,20220405-1334,fast
1:50 pm – 5:20 pm +1,Korean Air,JFK‐ICN,14h30m,0,,10:20 am – 11:35 am,Asiana Airlines,ICN‐JFK,14h15m,0,,2429,20220405-1334,fast
1:50 pm – 5:20 pm +1,Korean Air,JFK‐ICN,14h30m,0,,10:00 am – 11:20 am,Korean Air,ICN‐JFK,14h20m,0,,2245,20220405-1334,fast
9:59 am – 4:30 pm +1,"Delta, Korean Air",LGA‐ICN,17h31m,1,DTW,10:20 am – 11:35 am,Asiana Airlines,ICN‐JFK,14h15m,0,,2865,20220405-1334,fast
9:59 am – 4:30 pm +1,Korean Air,LGA‐ICN,17h31m,1,DTW,10:00 am – 11:20 am,Korean Air,ICN‐JFK,14h20m,0,,2506,20220405-1334,fast
9:30 am – 4:30 pm +1,"Delta, Korean Air",EWR‐ICN,18h00m,1,DTW,10:20 am – 11:35 am,Asiana Airlines,ICN‐JFK,14h15m,0,,2865,20220405-1334,fast
9:30 am – 4:30 pm +1,Korean Air,EWR‐ICN,18h00m,1,DTW,10:00 am – 11:20 am,Korean Air,ICN‐JFK,14h20m,0,,2506,20220405-1334,fast
9:15 am – 4:30 pm +1,Delta,JFK‐ICN,18h15m,1,DTW,10:00 am – 11:20 am,Delta,ICN‐JFK,14h20m,0,,2755,20220405-1334,fast
1:55 pm – 5:20 pm +1,Asiana Airlines,JFK‐ICN,14h25m,0,,9:20 am – 2:59 pm,Korean Air,ICN‐LGA,18h39m,1,ATL,2462,20220405-1334,fast
1:55 pm – 5:20 pm +1,Asiana Airlines,JFK‐ICN,14h25m,0,,9:20 am – 3:00 pm,Korean Air,ICN‐JFK,18h40m,1,ATL,3062,20220405-1334,fast
1:50 pm – 5:20 pm +1,Korean Air,JFK‐ICN,14h30m,0,,9:20 am – 2:59 pm,Korean Air,ICN‐LGA,18h39m,1,ATL,2504,20220405-1334,fast
1:50 pm – 5:20 pm +1,Korean Air,JFK‐ICN,14h30m,0,,9:20 am – 3:00 pm,Korean Air,ICN‐JFK,18h40m,1,ATL,2504,20220405-1334,fast
8:30 am – 4:20 pm +1,"Delta, Korean Air",JFK‐ICN,18h50m,1,ATL,10:00 am – 11:20 am,Korean Air,ICN‐JFK,14h20m,0,,3399,20220405-1334,fast
8:00 am – 3:50 pm +1,Korean Air,LGA‐ICN,18h50m,1,ATL,10:00 am – 11:20 am,Korean Air,ICN‐JFK,14h20m,0,,3400,20220405-1334,fast
