Out Time,Out Airline,Out Cities,Out Duration,Out Stops,Out Stop Cities,Return Time,Return Airline,Return Cities,Return Duration,Return Stops,Return Stop Cities,Price,timestamp,sort
7:00 am – 3:50 pm +1,"Delta, Korean Air",LGA‐ICN,19h50m,1,ATL,4:50 pm – 12:44 am +1,United Airlines,ICN‐EWR,20h54m,1,SFO,1423,20220405-0957,cheap
6:00 am – 3:50 pm +1,"Delta, Korean Air",LGA‐ICN,20h50m,1,ATL,4:50 pm – 12:44 am +1,United Airlines,ICN‐EWR,20h54m,1,SFO,1423,20220405-0957,cheap
8:15 pm – 2:55 pm +2,United Airlines,EWR‐ICN,29h40m,1,SFO,4:50 pm – 11:00 pm,United Airlines,ICN‐EWR,19h10m,2,"SFO, DEN",1448,20220405-0957,cheap
9:31 pm – 2:55 pm +2,United Airlines,EWR‐ICN,28h24m,2,"DEN, SFO",4:50 pm – 11:00 pm,United Airlines,ICN‐EWR,19h10m,2,"SFO, DEN",1454,20220405-0957,cheap
7:51 am – 6:15 pm +1,"ANA, Asiana Airlines",EWR‐ICN,21h24m,2,"ORD, NRT",4:50 pm – 9:44 pm,United Airlines,ICN‐EWR,17h54m,1,SFO,1464,20220405-0957,cheap
8:59 am – 6:15 pm +1,Multiple Airlines,LGA‐ICN,20h16m,2,"ORD, NRT",4:50 pm – 12:44 am +1,United Airlines,ICN‐EWR,20h54m,1,SFO,1468,20220405-0957,cheap
8:59 am – 6:15 pm +1,"ANA, Asiana Airlines",LGA‐ICN,20h16m,2,"ORD, NRT",4:50 pm – 9:44 pm,United Airlines,ICN‐EWR,17h54m,1,SFO,1483,20220405-0957,cheap
12:55 pm – 5:30 pm +1,Asiana Airlines,JFK‐ICN,15h35m,0,,1:30 am – 2:55 pm,Qatar Airways,ICN‐JFK,26h25m,1,DOH,1512,20220405-0957,cheap
6:00 am – 3:50 pm +1,"Delta, Korean Air",EWR‐ICN,20h50m,1,ATL,4:50 pm – 9:44 pm,United Airlines,ICN‐EWR,17h54m,1,SFO,1520,20220405-0957,cheap
9:40 am – 4:30 pm +1,Korean Air,LGA‐ICN,17h50m,1,DTW,1:55 pm – 8:24 pm,Korean Air,ICN‐JFK,19h29m,1,SEA,1554,20220405-0957,cheap
9:30 am – 4:30 pm +1,Korean Air,EWR‐ICN,18h00m,1,DTW,1:55 pm – 8:24 pm,Korean Air,ICN‐JFK,19h29m,1,SEA,1554,20220405-0957,cheap
7:00 am – 3:50 pm +1,Korean Air,EWR‐ICN,19h50m,1,ATL,1:55 pm – 8:24 pm,Korean Air,ICN‐JFK,19h29m,1,SEA,1554,20220405-0957,cheap
7:00 am – 3:50 pm +1,Korean Air,LGA‐ICN,19h50m,1,ATL,1:55 pm – 8:24 pm,Korean Air,ICN‐JFK,19h29m,1,SEA,1554,20220405-0957,cheap
9:40 am – 4:30 pm +1,Korean Air,LGA‐ICN,17h50m,1,DTW,1:55 pm – 11:48 pm,Korean Air,ICN‐JFK,22h53m,1,SEA,1554,20220405-0957,cheap
9:30 am – 4:30 pm +1,Korean Air,EWR‐ICN,18h00m,1,DTW,1:55 pm – 11:48 pm,Korean Air,ICN‐JFK,22h53m,1,SEA,1554,20220405-0957,cheap
12:55 pm – 5:30 pm +1,Asiana Airlines,JFK‐ICN,15h35m,0,,10:20 am – 11:35 am,Asiana Airlines,ICN‐JFK,14h15m,0,,1649,20220405-0954,best
12:55 pm – 5:30 pm +1,Asiana Airlines,JFK‐ICN,15h35m,0,,10:20 am – 11:35 am,Asiana Airlines,ICN‐JFK,14h15m,0,,1567,20220405-0954,best
1:50 pm – 5:20 pm +1,Delta,JFK‐ICN,14h30m,0,,10:00 am – 11:20 am,Delta,ICN‐JFK,14h20m,0,,2125,20220405-0954,best
1:10 pm – 5:55 pm +1,Korean Air,JFK‐ICN,15h45m,0,,10:00 am – 11:20 am,Korean Air,ICN‐JFK,14h20m,0,,2028,20220405-0954,best
9:40 am – 4:30 pm +1,Korean Air,LGA‐ICN,17h50m,1,DTW,10:00 am – 11:20 am,Korean Air,ICN‐JFK,14h20m,0,,1692,20220405-0954,best
9:30 am – 4:30 pm +1,Korean Air,EWR‐ICN,18h00m,1,DTW,10:00 am – 11:20 am,Korean Air,ICN‐JFK,14h20m,0,,1745,20220405-0954,best
12:55 pm – 5:30 pm +1,Asiana Airlines,JFK‐ICN,15h35m,0,,10:00 am – 11:20 am,Korean Air,ICN‐JFK,14h20m,0,,2139,20220405-0954,best
7:00 am – 3:50 pm +1,"Delta, Korean Air",LGA‐ICN,19h50m,1,ATL,10:00 am – 11:20 am,Korean Air,ICN‐JFK,14h20m,0,,1731,20220405-0954,best
9:15 am – 4:30 pm +1,Delta,JFK‐ICN,18h15m,1,DTW,10:00 am – 11:20 am,Delta,ICN‐JFK,14h20m,0,,1905,20220405-0954,best
7:00 am – 3:50 pm +1,"Delta, Korean Air",EWR‐ICN,19h50m,1,ATL,10:00 am – 11:20 am,Korean Air,ICN‐JFK,14h20m,0,,1814,20220405-0954,best
6:00 am – 4:30 pm +1,Korean Air,EWR‐ICN,21h30m,1,DTW,10:00 am – 11:20 am,Korean Air,ICN‐JFK,14h20m,0,,1674,20220405-0954,best
6:00 am – 4:30 pm +1,Delta,EWR‐ICN,21h30m,1,DTW,10:00 am – 11:20 am,Delta,ICN‐JFK,14h20m,0,,1730,20220405-0954,best
6:00 pm – 5:00 am +2,Asiana Airlines,EWR‐ICN,22h00m,1,LAX,10:20 am – 11:35 am,Asiana Airlines,ICN‐JFK,14h15m,0,,1748,20220405-0954,best
8:00 am – 3:50 pm +1,Korean Air,LGA‐ICN,18h50m,1,ATL,10:00 am – 11:20 am,Korean Air,ICN‐JFK,14h20m,0,,1935,20220405-0954,best
8:00 am – 3:50 pm +1,Korean Air,EWR‐ICN,18h50m,1,ATL,10:00 am – 11:20 am,Korean Air,ICN‐JFK,14h20m,0,,1935,20220405-0954,best
6:00 am – 3:50 pm +1,Korean Air,LGA‐ICN,20h50m,1,ATL,10:00 am – 11:20 am,Korean Air,ICN‐JFK,14h20m,0,,1840,20220405-0954,best
1:50 pm – 5:20 pm +1,Delta,JFK‐ICN,14h30m,0,,10:20 am – 11:35 am,Asiana Airlines,ICN‐JFK,14h15m,0,,2491,20220405-0959,fast
1:50 pm – 5:20 pm +1,Delta,JFK‐ICN,14h30m,0,,10:00 am – 11:20 am,Delta,ICN‐JFK,14h20m,0,,2125,20220405-0959,fast
12:55 pm – 5:30 pm +1,Asiana Airlines,JFK‐ICN,15h35m,0,,10:20 am – 11:35 am,Asiana Airlines,ICN‐JFK,14h15m,0,,1567,20220405-0959,fast
12:55 pm – 5:30 pm +1,Asiana Airlines,JFK‐ICN,15h35m,0,,10:00 am – 11:20 am,Korean Air,ICN‐JFK,14h20m,0,,2139,20220405-0959,fast
1:10 pm – 5:55 pm +1,Korean Air,JFK‐ICN,15h45m,0,,10:20 am – 11:35 am,Asiana Airlines,ICN‐JFK,14h15m,0,,2287,20220405-0959,fast
1:10 pm – 5:55 pm +1,Korean Air,JFK‐ICN,15h45m,0,,10:00 am – 11:20 am,Korean Air,ICN‐JFK,14h20m,0,,2028,20220405-0959,fast
1:50 pm – 5:20 pm +1,Delta,JFK‐ICN,14h30m,0,,6:40 pm – 9:57 pm,Air Canada,ICN‐LGA,16h17m,1,YYZ,2587,20220405-0959,fast
1:50 pm – 5:20 pm +1,Delta,JFK‐ICN,14h30m,0,,6:40 pm – 10:01 pm,Air Canada,ICN‐EWR,16h21m,1,YYZ,2587,20220405-0959,fast
9:40 am – 4:30 pm +1,Korean Air,LGA‐ICN,17h50m,1,DTW,10:20 am – 11:35 am,Asiana Airlines,ICN‐JFK,14h15m,0,,2169,20220405-0959,fast
9:40 am – 4:30 pm +1,Korean Air,LGA‐ICN,17h50m,1,DTW,10:00 am – 11:20 am,Korean Air,ICN‐JFK,14h20m,0,,1692,20220405-0959,fast
9:30 am – 4:30 pm +1,Korean Air,EWR‐ICN,18h00m,1,DTW,10:20 am – 11:35 am,Asiana Airlines,ICN‐JFK,14h15m,0,,2169,20220405-0959,fast
9:30 am – 4:30 pm +1,Korean Air,EWR‐ICN,18h00m,1,DTW,10:00 am – 11:20 am,Korean Air,ICN‐JFK,14h20m,0,,1745,20220405-0959,fast
9:15 am – 4:30 pm +1,Delta,JFK‐ICN,18h15m,1,DTW,10:00 am – 11:20 am,Delta,ICN‐JFK,14h20m,0,,1905,20220405-0959,fast
8:00 am – 3:50 pm +1,Korean Air,LGA‐ICN,18h50m,1,ATL,10:20 am – 11:35 am,Asiana Airlines,ICN‐JFK,14h15m,0,,2496,20220405-0959,fast
1:50 pm – 5:20 pm +1,Delta,JFK‐ICN,14h30m,0,,9:20 am – 2:59 pm,Korean Air,ICN‐LGA,18h39m,1,ATL,3074,20220405-0959,fast
