Out Time,Out Airline,Out Cities,Out Duration,Out Stops,Out Stop Cities,Return Time,Return Airline,Return Cities,Return Duration,Return Stops,Return Stop Cities,Price,timestamp,sort
5:30 pm – 6:25 am +2,LOT,JFK‐ICN,23h55m,2,"BUD, WAW",11:20 am – 5:50 pm +1,LOT,ICN‐EWR,43h30m,1,WAW,1373,20220405-1611,cheap
6:25 am – 4:00 pm +1,Air Canada,EWR‐ICN,20h35m,2,"YYZ, YVR",6:40 pm – 10:01 pm,Air Canada,ICN‐LGA,16h21m,1,YYZ,1600,20220405-1611,cheap
6:25 am – 4:00 pm +1,Air Canada,EWR‐ICN,20h35m,2,"YYZ, YVR",6:40 pm – 10:01 pm,Air Canada,ICN‐EWR,16h21m,1,YYZ,1600,20220405-1611,cheap
6:25 am – 4:00 pm +1,Air Canada,EWR‐ICN,20h35m,2,"YYZ, YVR",6:40 pm – 7:40 am +1,Air Canada,ICN‐EWR,26h00m,2,"YYZ, YUL",1600,20220405-1611,cheap
6:25 am – 4:00 pm +1,Air Canada,EWR‐ICN,20h35m,2,"YYZ, YVR",6:40 pm – 7:56 am +1,Air Canada,ICN‐LGA,26h16m,1,YYZ,1600,20220405-1611,cheap
6:25 am – 4:00 pm +1,Air Canada,EWR‐ICN,20h35m,2,"YYZ, YVR",4:40 pm – 9:25 pm,United Airlines,ICN‐EWR,17h45m,1,SFO,1623,20220405-1611,cheap
6:25 am – 4:00 pm +1,Air Canada,EWR‐ICN,20h35m,2,"YYZ, YVR",4:40 pm – 11:54 pm,United Airlines,ICN‐EWR,20h14m,2,"SFO, IAD",1627,20220405-1611,cheap
9:00 pm – 7:10 am +2,Air France,JFK‐ICN,21h10m,1,CDG,9:05 am – 6:40 pm,Air France,ICN‐JFK,22h35m,1,CDG,1636,20220405-1611,cheap
7:30 pm – 7:10 am +2,Air France,JFK‐ICN,22h40m,1,CDG,9:05 am – 6:40 pm,Air France,ICN‐JFK,22h35m,1,CDG,1636,20220405-1611,cheap
9:00 pm – 7:10 am +2,Air France,JFK‐ICN,21h10m,1,CDG,9:05 am – 8:30 pm,Air France,ICN‐JFK,24h25m,1,CDG,1636,20220405-1611,cheap
6:30 pm – 7:10 am +2,Air France,JFK‐ICN,23h40m,1,CDG,9:05 am – 6:40 pm,Air France,ICN‐JFK,22h35m,1,CDG,1636,20220405-1611,cheap
9:00 pm – 7:10 am +2,Air France,JFK‐ICN,21h10m,1,CDG,9:05 am – 9:50 pm,Air France,ICN‐JFK,25h45m,1,CDG,1636,20220405-1611,cheap
7:30 pm – 7:10 am +2,Air France,JFK‐ICN,22h40m,1,CDG,9:05 am – 8:30 pm,Air France,ICN‐JFK,24h25m,1,CDG,1636,20220405-1611,cheap
5:30 pm – 7:10 am +2,Air France,JFK‐ICN,24h40m,1,CDG,9:05 am – 6:40 pm,Air France,ICN‐JFK,22h35m,1,CDG,1636,20220405-1611,cheap
6:30 pm – 7:10 am +2,Air France,JFK‐ICN,23h40m,1,CDG,9:05 am – 8:30 pm,Air France,ICN‐JFK,24h25m,1,CDG,1636,20220405-1611,cheap
5:30 pm – 6:25 am +2,LOT,JFK‐ICN,23h55m,2,"BUD, WAW",11:20 am – 5:50 pm +1,LOT,ICN‐EWR,43h30m,1,WAW,1385,20220405-1609,best
1:55 pm – 5:20 pm +1,Asiana Airlines,JFK‐ICN,14h25m,0,,10:20 am – 11:35 am,Asiana Airlines,ICN‐JFK,14h15m,0,,1997,20220405-1609,best
1:50 pm – 5:20 pm +1,Korean Air,JFK‐ICN,14h30m,0,,10:00 am – 11:20 am,Korean Air,ICN‐JFK,14h20m,0,,2146,20220405-1609,best
1:50 pm – 5:20 pm +1,Korean Air,JFK‐ICN,14h30m,0,,10:20 am – 11:35 am,Asiana Airlines,ICN‐JFK,14h15m,0,,2395,20220405-1609,best
1:55 pm – 5:20 pm +1,Asiana Airlines,JFK‐ICN,14h25m,0,,10:00 am – 11:20 am,Korean Air,ICN‐JFK,14h20m,0,,2491,20220405-1609,best
1:50 pm – 5:20 pm +1,Korean Air,JFK‐ICN,14h30m,0,,7:20 pm – 11:55 pm,Korean Air,ICN‐JFK,17h35m,1,SEA,2084,20220405-1609,best
9:30 am – 4:30 pm +1,Korean Air,LGA‐ICN,18h00m,1,DTW,10:00 am – 11:20 am,Korean Air,ICN‐JFK,14h20m,0,,2173,20220405-1609,best
7:05 am – 3:15 pm +1,Korean Air,JFK‐ICN,19h10m,1,SEA,10:00 am – 11:20 am,Korean Air,ICN‐JFK,14h20m,0,,2078,20220405-1609,best
9:36 am – 4:30 pm +1,Korean Air,EWR‐ICN,17h54m,1,DTW,10:00 am – 11:20 am,Korean Air,ICN‐JFK,14h20m,0,,2268,20220405-1609,best
1:50 pm – 5:20 pm +1,Korean Air,JFK‐ICN,14h30m,0,,2:30 pm – 9:15 pm,Korean Air,ICN‐JFK,19h45m,1,LAX,2179,20220405-1609,best
6:25 am – 4:00 pm +1,Air Canada,EWR‐ICN,20h35m,2,"YYZ, YVR",6:40 pm – 10:01 pm,Air Canada,ICN‐LGA,16h21m,1,YYZ,1600,20220405-1609,best
6:25 am – 4:00 pm +1,Air Canada,EWR‐ICN,20h35m,2,"YYZ, YVR",6:40 pm – 10:01 pm,Air Canada,ICN‐EWR,16h21m,1,YYZ,1600,20220405-1609,best
1:55 pm – 5:20 pm +1,Asiana Airlines,JFK‐ICN,14h25m,0,,2:40 pm – 8:59 pm,Asiana Airlines,ICN‐EWR,19h19m,1,LAX,2270,20220405-1609,best
7:00 am – 3:50 pm +1,Korean Air,EWR‐ICN,19h50m,1,ATL,10:00 am – 11:20 am,Korean Air,ICN‐JFK,14h20m,0,,2203,20220405-1609,best
6:59 am – 3:50 pm +1,Korean Air,LGA‐ICN,19h51m,1,ATL,10:00 am – 11:20 am,Korean Air,ICN‐JFK,14h20m,0,,2203,20220405-1609,best
1:50 pm – 5:20 pm +1,Korean Air,JFK‐ICN,14h30m,0,,9:20 am – 2:36 pm,Korean Air,ICN‐JFK,18h16m,1,ATL,2408,20220405-1609,best
1:55 pm – 5:20 pm +1,Asiana Airlines,JFK‐ICN,14h25m,0,,10:20 am – 11:35 am,Asiana Airlines,ICN‐JFK,14h15m,0,,1997,20220405-1614,fast
1:50 pm – 5:20 pm +1,Korean Air,JFK‐ICN,14h30m,0,,10:20 am – 11:35 am,Asiana Airlines,ICN‐JFK,14h15m,0,,2395,20220405-1614,fast
1:55 pm – 5:20 pm +1,Asiana Airlines,JFK‐ICN,14h25m,0,,10:00 am – 11:20 am,Korean Air,ICN‐JFK,14h20m,0,,2491,20220405-1614,fast
1:50 pm – 5:20 pm +1,Korean Air,JFK‐ICN,14h30m,0,,10:00 am – 11:20 am,Korean Air,ICN‐JFK,14h20m,0,,2146,20220405-1614,fast
1:55 pm – 5:20 pm +1,Thai Airways,JFK‐ICN,14h25m,0,,6:40 pm – 10:01 pm,Air Canada,ICN‐EWR,16h21m,1,YYZ,2798,20220405-1614,fast
1:50 pm – 5:20 pm +1,Delta,JFK‐ICN,14h30m,0,,6:40 pm – 10:01 pm,Air Canada,ICN‐EWR,16h21m,1,YYZ,2859,20220405-1614,fast
1:50 pm – 5:20 pm +1,Korean Air,JFK‐ICN,14h30m,0,,7:20 pm – 11:55 pm,Korean Air,ICN‐JFK,17h35m,1,SEA,2084,20220405-1614,fast
9:36 am – 4:30 pm +1,Korean Air,EWR‐ICN,17h54m,1,DTW,10:20 am – 11:35 am,Asiana Airlines,ICN‐JFK,14h15m,0,,2637,20220405-1614,fast
1:55 pm – 5:20 pm +1,Asiana Airlines,JFK‐ICN,14h25m,0,,4:40 pm – 9:25 pm,United Airlines,ICN‐EWR,17h45m,1,SFO,1947,20220405-1614,fast
9:36 am – 4:30 pm +1,Korean Air,EWR‐ICN,17h54m,1,DTW,10:00 am – 11:20 am,Korean Air,ICN‐JFK,14h20m,0,,2268,20220405-1614,fast
1:50 pm – 5:20 pm +1,Delta,JFK‐ICN,14h30m,0,,4:40 pm – 9:25 pm,United Airlines,ICN‐EWR,17h45m,1,SFO,2075,20220405-1614,fast
9:30 am – 4:30 pm +1,Korean Air,LGA‐ICN,18h00m,1,DTW,10:00 am – 11:20 am,Korean Air,ICN‐JFK,14h20m,0,,2173,20220405-1614,fast
1:50 pm – 5:20 pm +1,Korean Air,JFK‐ICN,14h30m,0,,9:20 am – 2:36 pm,Korean Air,ICN‐JFK,18h16m,1,ATL,2408,20220405-1614,fast
8:45 am – 4:20 pm +1,Korean Air,EWR‐ICN,18h35m,1,ATL,10:00 am – 11:20 am,Korean Air,ICN‐JFK,14h20m,0,,2402,20220405-1614,fast
1:50 pm – 5:20 pm +1,Korean Air,JFK‐ICN,14h30m,0,,9:20 am – 2:47 pm,Korean Air,ICN‐LGA,18h27m,1,ATL,2409,20220405-1614,fast
