Out Time,Out Airline,Out Cities,Out Duration,Out Stops,Out Stop Cities,Return Time,Return Airline,Return Cities,Return Duration,Return Stops,Return Stop Cities,Price,timestamp,sort
6:15 pm – 4:00 pm +2,Air Canada,EWR‐ICN,32h45m,1,YVR,5:50 pm – 4:30 pm +1,Etihad Airways,ICN‐JFK,35h40m,1,AUH,1264,20220405-1540,cheap
6:25 am – 4:00 pm +1,Air Canada,EWR‐ICN,20h35m,2,"YYZ, YVR",5:45 pm – 7:56 am +1,Air Canada,ICN‐LGA,27h11m,2,"YVR, YYZ",1377,20220405-1540,cheap
6:25 am – 4:00 pm +1,Air Canada,EWR‐ICN,20h35m,2,"YYZ, YVR",5:45 pm – 7:56 am +1,Air Canada,ICN‐LGA,27h11m,2,"YVR, YYZ",1377,20220405-1540,cheap
6:25 am – 4:00 pm +1,Air Canada,EWR‐ICN,20h35m,2,"YYZ, YVR",5:45 pm – 7:56 am +1,Air Canada,ICN‐EWR,27h11m,2,"YVR, YYZ",1433,20220405-1540,cheap
6:25 am – 4:00 pm +1,Air Canada,EWR‐ICN,20h35m,2,"YYZ, YVR",5:45 pm – 7:56 am +1,Air Canada,ICN‐EWR,27h11m,2,"YVR, YYZ",1433,20220405-1540,cheap
10:40 am – 5:10 pm +1,Air Canada,LGA‐ICN,17h30m,1,YYZ,5:45 pm – 9:31 am +1,Air Canada,ICN‐LGA,28h46m,2,"YVR, YYZ",1494,20220405-1540,cheap
9:05 am – 5:10 pm +1,Air Canada,LGA‐ICN,19h05m,1,YYZ,5:45 pm – 9:31 am +1,Air Canada,ICN‐LGA,28h46m,2,"YVR, YYZ",1494,20220405-1540,cheap
10:40 am – 5:10 pm +1,Air Canada,LGA‐ICN,17h30m,1,YYZ,5:45 pm – 7:56 am +1,Air Canada,ICN‐LGA,27h11m,2,"YVR, YYZ",1516,20220405-1540,cheap
10:40 am – 5:10 pm +1,Air Canada,LGA‐ICN,17h30m,1,YYZ,5:45 pm – 7:56 am +1,Air Canada,ICN‐LGA,27h11m,2,"YVR, YYZ",1516,20220405-1540,cheap
10:40 am – 5:10 pm +1,Air Canada,LGA‐ICN,17h30m,1,YYZ,5:45 pm – 9:31 am +1,Air Canada,ICN‐LGA,28h46m,2,"YVR, YYZ",1516,20220405-1540,cheap
10:40 am – 5:10 pm +1,Air Canada,LGA‐ICN,17h30m,1,YYZ,5:45 pm – 9:31 am +1,Air Canada,ICN‐LGA,28h46m,2,"YVR, YYZ",1516,20220405-1540,cheap
9:05 am – 5:10 pm +1,Air Canada,LGA‐ICN,19h05m,1,YYZ,5:45 pm – 7:56 am +1,Air Canada,ICN‐LGA,27h11m,2,"YVR, YYZ",1516,20220405-1540,cheap
9:05 am – 5:10 pm +1,Air Canada,LGA‐ICN,19h05m,1,YYZ,5:45 pm – 7:56 am +1,Air Canada,ICN‐LGA,27h11m,2,"YVR, YYZ",1516,20220405-1540,cheap
9:05 am – 5:10 pm +1,Air Canada,LGA‐ICN,19h05m,1,YYZ,5:45 pm – 9:31 am +1,Air Canada,ICN‐LGA,28h46m,2,"YVR, YYZ",1516,20220405-1540,cheap
9:05 am – 5:10 pm +1,Air Canada,LGA‐ICN,19h05m,1,YYZ,5:45 pm – 9:31 am +1,Air Canada,ICN‐LGA,28h46m,2,"YVR, YYZ",1516,20220405-1540,cheap
6:25 am – 4:00 pm +1,Air Canada,EWR‐ICN,20h35m,2,"YYZ, YVR",5:45 pm – 7:56 am +1,Air Canada,ICN‐LGA,27h11m,2,"YVR, YYZ",1451,20220405-1538,best
1:55 pm – 5:20 pm +1,Asiana Airlines,JFK‐ICN,14h25m,0,,10:20 am – 11:35 am,Asiana Airlines,ICN‐JFK,14h15m,0,,1997,20220405-1538,best
1:50 pm – 5:20 pm +1,Korean Air,JFK‐ICN,14h30m,0,,10:00 am – 11:20 am,Korean Air,ICN‐JFK,14h20m,0,,2146,20220405-1538,best
1:50 pm – 5:20 pm +1,Korean Air,JFK‐ICN,14h30m,0,,9:30 am – 1:20 pm,Korean Air,ICN‐LGA,16h50m,1,BOS,1973,20220405-1538,best
1:50 pm – 5:20 pm +1,Korean Air,JFK‐ICN,14h30m,0,,9:30 am – 2:00 pm,Korean Air,ICN‐EWR,17h30m,1,BOS,1974,20220405-1538,best
1:50 pm – 5:20 pm +1,Korean Air,JFK‐ICN,14h30m,0,,6:40 pm – 11:23 pm,Korean Air,ICN‐EWR,17h43m,1,ATL,1973,20220405-1538,best
1:50 pm – 5:20 pm +1,Korean Air,JFK‐ICN,14h30m,0,,6:40 pm – 11:58 pm,Korean Air,ICN‐LGA,18h18m,1,ATL,1973,20220405-1538,best
1:50 pm – 5:20 pm +1,Korean Air,JFK‐ICN,14h30m,0,,6:40 pm – 11:59 pm,Korean Air,ICN‐JFK,18h19m,1,ATL,1973,20220405-1538,best
1:50 pm – 5:20 pm +1,Korean Air,JFK‐ICN,14h30m,0,,10:20 am – 11:35 am,Asiana Airlines,ICN‐JFK,14h15m,0,,2469,20220405-1538,best
1:50 pm – 5:20 pm +1,Korean Air,JFK‐ICN,14h30m,0,,9:30 am – 3:41 pm,Korean Air,ICN‐JFK,19h11m,1,BOS,1974,20220405-1538,best
1:50 pm – 5:20 pm +1,Delta,JFK‐ICN,14h30m,0,,9:30 am – 2:22 pm,Delta,ICN‐LGA,17h52m,1,BOS,2160,20220405-1538,best
1:55 pm – 5:20 pm +1,Asiana Airlines,JFK‐ICN,14h25m,0,,10:00 am – 11:20 am,Korean Air,ICN‐JFK,14h20m,0,,2570,20220405-1538,best
1:50 pm – 5:20 pm +1,Korean Air,JFK‐ICN,14h30m,0,,9:30 am – 5:33 pm,Korean Air,ICN‐JFK,21h03m,1,BOS,1974,20220405-1538,best
1:50 pm – 5:20 pm +1,Delta,JFK‐ICN,14h30m,0,,9:30 am – 3:25 pm,Delta,ICN‐LGA,18h55m,1,BOS,2160,20220405-1538,best
1:50 pm – 5:20 pm +1,Delta,JFK‐ICN,14h30m,0,,6:40 pm – 12:45 am +1,Delta,ICN‐EWR,19h05m,1,ATL,2160,20220405-1538,best
9:30 am – 4:30 pm +1,Korean Air,LGA‐ICN,18h00m,1,DTW,10:00 am – 11:20 am,Korean Air,ICN‐JFK,14h20m,0,,2257,20220405-1538,best
1:55 pm – 5:20 pm +1,Asiana Airlines,JFK‐ICN,14h25m,0,,10:20 am – 11:35 am,Asiana Airlines,ICN‐JFK,14h15m,0,,1997,20220405-1543,fast
1:50 pm – 5:20 pm +1,Korean Air,JFK‐ICN,14h30m,0,,10:20 am – 11:35 am,Asiana Airlines,ICN‐JFK,14h15m,0,,2469,20220405-1543,fast
1:55 pm – 5:20 pm +1,Asiana Airlines,JFK‐ICN,14h25m,0,,10:00 am – 11:20 am,Korean Air,ICN‐JFK,14h20m,0,,2570,20220405-1543,fast
1:50 pm – 5:20 pm +1,Korean Air,JFK‐ICN,14h30m,0,,10:00 am – 11:20 am,Korean Air,ICN‐JFK,14h20m,0,,2146,20220405-1543,fast
1:50 pm – 5:20 pm +1,Korean Air,JFK‐ICN,14h30m,0,,9:30 am – 1:20 pm,Korean Air,ICN‐LGA,16h50m,1,BOS,1973,20220405-1543,fast
1:50 pm – 5:20 pm +1,Korean Air,JFK‐ICN,14h30m,0,,9:30 am – 2:00 pm,Korean Air,ICN‐EWR,17h30m,1,BOS,1974,20220405-1543,fast
1:50 pm – 5:20 pm +1,Korean Air,JFK‐ICN,14h30m,0,,10:40 am – 3:14 pm,Korean Air,ICN‐LGA,17h34m,1,ORD,2763,20220405-1543,fast
1:50 pm – 5:20 pm +1,Korean Air,JFK‐ICN,14h30m,0,,7:20 pm – 11:55 pm,"Korean Air, Delta",ICN‐JFK,17h35m,1,SEA,2350,20220405-1543,fast
1:55 pm – 5:20 pm +1,United Airlines,JFK‐ICN,14h25m,0,,4:40 pm – 9:25 pm,United Airlines,ICN‐EWR,17h45m,1,SFO,4481,20220405-1543,fast
1:50 pm – 5:20 pm +1,Korean Air,JFK‐ICN,14h30m,0,,6:40 pm – 11:23 pm,Korean Air,ICN‐EWR,17h43m,1,ATL,1973,20220405-1543,fast
9:36 am – 4:30 pm +1,"Delta, Korean Air",EWR‐ICN,17h54m,1,DTW,10:00 am – 11:20 am,Korean Air,ICN‐JFK,14h20m,0,,2356,20220405-1543,fast
9:30 am – 4:25 pm +1,Korean Air,JFK‐ICN,17h55m,1,BOS,10:00 am – 11:20 am,Korean Air,ICN‐JFK,14h20m,0,,2357,20220405-1543,fast
9:30 am – 4:30 pm +1,"Delta, Korean Air",LGA‐ICN,18h00m,1,DTW,10:20 am – 11:35 am,Asiana Airlines,ICN‐JFK,14h15m,0,,2711,20220405-1543,fast
9:30 am – 4:30 pm +1,Korean Air,LGA‐ICN,18h00m,1,DTW,10:00 am – 11:20 am,Korean Air,ICN‐JFK,14h20m,0,,2257,20220405-1543,fast
1:50 pm – 5:20 pm +1,Delta,JFK‐ICN,14h30m,0,,9:30 am – 2:22 pm,Delta,ICN‐LGA,17h52m,1,BOS,2160,20220405-1543,fast
