Out Time,Out Airline,Out Cities,Out Duration,Out Stops,Out Stop Cities,Return Time,Return Airline,Return Cities,Return Duration,Return Stops,Return Stop Cities,Price,timestamp,sort
7:50 pm – 4:00 pm +3,Air Canada,LGA‐ICN,55h10m,2,"YUL, YVR",5:45 pm – 10:06 am +1,Air Canada,ICN‐LGA,29h21m,2,"YVR, YUL",1288,20220405-1650,cheap
6:59 am – 3:15 pm +1,American Airlines,EWR‐ICN,19h16m,1,DFW,5:25 pm – 11:26 pm,American Airlines,ICN‐EWR,19h01m,1,DFW,1387,20220405-1650,cheap
6:59 am – 3:15 pm +1,American Airlines,EWR‐ICN,19h16m,1,DFW,5:25 pm – 11:30 pm,American Airlines,ICN‐LGA,19h05m,1,DFW,1387,20220405-1650,cheap
5:55 am – 3:15 pm +1,American Airlines,LGA‐ICN,20h20m,1,DFW,5:25 pm – 11:26 pm,American Airlines,ICN‐EWR,19h01m,1,DFW,1387,20220405-1650,cheap
5:55 am – 3:15 pm +1,American Airlines,LGA‐ICN,20h20m,1,DFW,5:25 pm – 11:30 pm,American Airlines,ICN‐LGA,19h05m,1,DFW,1387,20220405-1650,cheap
6:59 am – 3:15 pm +1,American Airlines,EWR‐ICN,19h16m,1,DFW,5:25 pm – 12:49 am +1,American Airlines,ICN‐EWR,20h24m,2,"DFW, CLT",1390,20220405-1650,cheap
5:55 am – 3:15 pm +1,American Airlines,LGA‐ICN,20h20m,1,DFW,5:25 pm – 12:49 am +1,American Airlines,ICN‐EWR,20h24m,2,"DFW, CLT",1390,20220405-1650,cheap
6:59 am – 3:15 pm +1,American Airlines,EWR‐ICN,19h16m,1,DFW,5:25 pm – 7:29 am +1,American Airlines,ICN‐LGA,27h04m,2,"DFW, CLT",1390,20220405-1650,cheap
6:59 am – 3:15 pm +1,American Airlines,EWR‐ICN,19h16m,1,DFW,5:25 pm – 7:29 am +1,American Airlines,ICN‐LGA,27h04m,2,"DFW, CLT",1390,20220405-1650,cheap
5:55 am – 3:15 pm +1,American Airlines,LGA‐ICN,20h20m,1,DFW,5:25 pm – 7:29 am +1,American Airlines,ICN‐LGA,27h04m,2,"DFW, CLT",1390,20220405-1650,cheap
5:55 am – 3:15 pm +1,American Airlines,LGA‐ICN,20h20m,1,DFW,5:25 pm – 7:29 am +1,American Airlines,ICN‐LGA,27h04m,2,"DFW, CLT",1390,20220405-1650,cheap
6:59 am – 3:15 pm +1,American Airlines,EWR‐ICN,19h16m,1,DFW,5:25 pm – 6:49 am +1,American Airlines,ICN‐LGA,26h24m,2,"DFW, PIT",1391,20220405-1650,cheap
6:59 am – 3:15 pm +1,American Airlines,EWR‐ICN,19h16m,1,DFW,5:25 pm – 7:13 am +1,American Airlines,ICN‐LGA,26h48m,2,"DFW, DCA",1391,20220405-1650,cheap
6:59 am – 3:15 pm +1,American Airlines,EWR‐ICN,19h16m,1,DFW,5:25 pm – 7:13 am +1,American Airlines,ICN‐LGA,26h48m,2,"DFW, DCA",1391,20220405-1650,cheap
6:59 am – 3:15 pm +1,American Airlines,EWR‐ICN,19h16m,1,DFW,5:25 pm – 7:19 am +1,American Airlines,ICN‐LGA,26h54m,2,"DFW, ORF",1391,20220405-1650,cheap
6:25 am – 4:00 pm +1,Air Canada,EWR‐ICN,20h35m,2,"YYZ, YVR",5:45 pm – 7:56 am +1,Air Canada,ICN‐LGA,27h11m,2,"YVR, YYZ",1544,20220405-1647,best
1:50 pm – 5:20 pm +1,Korean Air,JFK‐ICN,14h30m,0,,10:00 am – 11:20 am,Korean Air,ICN‐JFK,14h20m,0,,2150,20220405-1647,best
1:50 pm – 5:20 pm +1,Korean Air,JFK‐ICN,14h30m,0,,6:40 pm – 11:23 pm,Korean Air,ICN‐EWR,17h43m,1,ATL,1941,20220405-1647,best
1:50 pm – 5:20 pm +1,Korean Air,JFK‐ICN,14h30m,0,,10:20 am – 11:35 am,Asiana Airlines,ICN‐JFK,14h15m,0,,2399,20220405-1647,best
1:50 pm – 5:20 pm +1,Korean Air,JFK‐ICN,14h30m,0,,6:40 pm – 11:58 pm,Korean Air,ICN‐LGA,18h18m,1,ATL,1940,20220405-1647,best
1:50 pm – 5:20 pm +1,Korean Air,JFK‐ICN,14h30m,0,,6:40 pm – 11:59 pm,Korean Air,ICN‐JFK,18h19m,1,ATL,1941,20220405-1647,best
1:50 pm – 5:20 pm +1,Korean Air,JFK‐ICN,14h30m,0,,10:45 am – 4:07 pm,Korean Air,ICN‐LGA,18h22m,1,DTW,1940,20220405-1647,best
6:59 am – 3:15 pm +1,American Airlines,EWR‐ICN,19h16m,1,DFW,5:25 pm – 11:26 pm,American Airlines,ICN‐EWR,19h01m,1,DFW,1387,20220405-1647,best
6:59 am – 3:15 pm +1,American Airlines,EWR‐ICN,19h16m,1,DFW,5:25 pm – 11:30 pm,American Airlines,ICN‐LGA,19h05m,1,DFW,1387,20220405-1647,best
1:50 pm – 5:20 pm +1,Delta,JFK‐ICN,14h30m,0,,10:45 am – 2:10 pm,Delta,ICN‐LGA,16h25m,1,DTW,2260,20220405-1647,best
1:50 pm – 5:20 pm +1,Delta,JFK‐ICN,14h30m,0,,7:20 pm – 11:55 pm,Delta,ICN‐JFK,17h35m,1,SEA,2260,20220405-1647,best
6:25 am – 4:00 pm +1,Air Canada,EWR‐ICN,20h35m,2,"YYZ, YVR",6:40 pm – 10:01 pm,Air Canada,ICN‐LGA,16h21m,1,YYZ,1578,20220405-1647,best
6:25 am – 4:00 pm +1,Air Canada,EWR‐ICN,20h35m,2,"YYZ, YVR",6:40 pm – 10:01 pm,Air Canada,ICN‐EWR,16h21m,1,YYZ,1600,20220405-1647,best
5:55 am – 3:15 pm +1,American Airlines,LGA‐ICN,20h20m,1,DFW,5:25 pm – 11:26 pm,American Airlines,ICN‐EWR,19h01m,1,DFW,1387,20220405-1647,best
1:50 pm – 5:20 pm +1,Delta,JFK‐ICN,14h30m,0,,6:40 pm – 12:45 am +1,Delta,ICN‐EWR,19h05m,1,ATL,2160,20220405-1647,best
5:55 am – 3:15 pm +1,American Airlines,LGA‐ICN,20h20m,1,DFW,5:25 pm – 11:30 pm,American Airlines,ICN‐LGA,19h05m,1,DFW,1387,20220405-1647,best
1:55 pm – 5:20 pm +1,Asiana Airlines,JFK‐ICN,14h25m,0,,10:20 am – 11:35 am,Asiana Airlines,ICN‐JFK,14h15m,0,,1944,20220405-1652,fast
1:55 pm – 5:20 pm +1,Asiana Airlines,JFK‐ICN,14h25m,0,,10:00 am – 11:20 am,Korean Air,ICN‐JFK,14h20m,0,,2025,20220405-1652,fast
1:50 pm – 5:20 pm +1,Korean Air,JFK‐ICN,14h30m,0,,10:20 am – 11:35 am,Asiana Airlines,ICN‐JFK,14h15m,0,,2399,20220405-1652,fast
1:50 pm – 5:20 pm +1,Korean Air,JFK‐ICN,14h30m,0,,10:00 am – 11:20 am,Korean Air,ICN‐JFK,14h20m,0,,2150,20220405-1652,fast
1:55 pm – 5:20 pm +1,Asiana Airlines,JFK‐ICN,14h25m,0,,10:45 am – 2:10 pm,"Korean Air, Delta",ICN‐LGA,16h25m,1,DTW,2317,20220405-1652,fast
1:50 pm – 5:20 pm +1,Delta,JFK‐ICN,14h30m,0,,10:45 am – 2:10 pm,Delta,ICN‐LGA,16h25m,1,DTW,2260,20220405-1652,fast
1:50 pm – 5:20 pm +1,Delta,JFK‐ICN,14h30m,0,,7:20 pm – 11:55 pm,Delta,ICN‐JFK,17h35m,1,SEA,2260,20220405-1652,fast
1:55 pm – 5:20 pm +1,Asiana Airlines,JFK‐ICN,14h25m,0,,6:40 pm – 11:23 pm,Delta,ICN‐EWR,17h43m,1,ATL,1678,20220405-1652,fast
1:50 pm – 5:20 pm +1,Korean Air,JFK‐ICN,14h30m,0,,6:40 pm – 11:23 pm,Korean Air,ICN‐EWR,17h43m,1,ATL,1941,20220405-1652,fast
9:30 am – 4:50 pm +1,"Delta, Korean Air",JFK‐ICN,18h20m,1,IAD,10:20 am – 11:35 am,Asiana Airlines,ICN‐JFK,14h15m,0,,3159,20220405-1652,fast
1:55 pm – 5:20 pm +1,Asiana Airlines,JFK‐ICN,14h25m,0,,10:45 am – 3:57 pm,Korean Air,ICN‐EWR,18h12m,1,DTW,2015,20220405-1652,fast
9:30 am – 4:50 pm +1,"Delta, Korean Air",JFK‐ICN,18h20m,1,IAD,10:00 am – 11:20 am,Korean Air,ICN‐JFK,14h20m,0,,2496,20220405-1652,fast
1:55 pm – 5:20 pm +1,Asiana Airlines,JFK‐ICN,14h25m,0,,9:20 am – 2:36 pm,Korean Air,ICN‐JFK,18h16m,1,ATL,3048,20220405-1652,fast
1:50 pm – 5:20 pm +1,Delta,JFK‐ICN,14h30m,0,,10:45 am – 3:57 pm,Delta,ICN‐EWR,18h12m,1,DTW,2260,20220405-1652,fast
1:55 pm – 5:20 pm +1,Asiana Airlines,JFK‐ICN,14h25m,0,,8:40 pm – 1:58 am +1,Asiana Airlines,ICN‐EWR,18h18m,1,SFO,3389,20220405-1652,fast
